Date,Reservoir_Name,Inflow (cusecs/cumecs),Storage (TMC/MCM)
2010-01-01,Almatti,0.0,91.465073
2010-01-02,Almatti,0.0,71.335694
2010-01-03,Almatti,0.0,44.496522000000006
2010-01-04,Almatti,0.0,26.486025
2010-01-05,Almatti,0.0,22.954555000000003
2010-01-06,Almatti,0.0,18.010497
2010-01-07,Almatti,0.0,38.49302300000001
2010-01-08,Almatti,0.0,91.465073
2010-01-09,Almatti,0.0,107.003541
2010-01-10,Almatti,0.0,107.709835
2010-01-11,Almatti,0.0,109.828717
2010-01-12,Almatti,0.0,107.709835
2010-01-13,Almatti,0.0,106.87993955
2010-01-14,Almatti,0.0,106.0500441
2010-01-15,Almatti,0.0,105.22014865
2010-01-16,Almatti,0.0,104.3902532
2010-01-17,Almatti,0.0,103.56035775
2010-01-18,Almatti,0.0,102.7304623
2010-01-19,Almatti,0.0,101.90056685
2010-01-20,Almatti,0.0,101.0706714
2010-01-21,Almatti,0.0,100.24077595
2010-01-22,Almatti,0.0,99.4108805
2010-01-23,Almatti,0.0,98.58098505
2010-01-24,Almatti,0.0,97.7510896
2010-01-25,Almatti,0.0,96.92119415
2010-01-26,Almatti,0.0,96.0912987
2010-01-27,Almatti,0.0,95.26140325
2010-01-28,Almatti,0.0,94.4315078
2010-01-29,Almatti,0.0,93.60161235
2010-01-30,Almatti,0.0,92.7717169
2010-01-31,Almatti,0.0,91.94182145
2010-02-01,Almatti,0.0,91.111926
2010-02-02,Almatti,0.0,70.982547
2010-02-03,Almatti,0.0,44.496522000000006
2010-02-04,Almatti,0.0,26.486025
2010-02-05,Almatti,0.0,22.954555000000003
2010-02-06,Almatti,0.0,18.010497
2010-02-07,Almatti,0.0,38.84617000000001
2010-02-08,Almatti,0.0,91.465073
2010-02-09,Almatti,0.0,105.9441
2010-02-10,Almatti,0.0,107.709835
2010-02-11,Almatti,0.0,109.828717
2010-02-12,Almatti,0.0,107.356688
2010-02-13,Almatti,0.0,106.35956705882352
2010-02-14,Almatti,0.0,105.36244611764708
2010-02-15,Almatti,0.0,104.3653251764706
2010-02-16,Almatti,0.0,103.36820423529412
2010-02-17,Almatti,0.0,102.37108329411764
2010-02-18,Almatti,0.0,101.37396235294118
2010-02-19,Almatti,0.0,100.37684141176472
2010-02-20,Almatti,0.0,99.37972047058824
2010-02-21,Almatti,0.0,98.38259952941178
2010-02-22,Almatti,0.0,97.3854785882353
2010-02-23,Almatti,0.0,96.38835764705884
2010-02-24,Almatti,0.0,95.39123670588238
2010-02-25,Almatti,0.0,94.39411576470587
2010-02-26,Almatti,0.0,93.3969948235294
2010-02-27,Almatti,0.0,92.39987388235296
2010-02-28,Almatti,0.0,91.40275294117647
2010-03-01,Almatti,0.0,90.405632
2010-03-02,Almatti,0.0,70.982547
2010-03-03,Almatti,0.0,44.143375000000006
2010-03-04,Almatti,0.0,26.486025
2010-03-05,Almatti,0.0,22.601408000000003
2010-03-06,Almatti,0.0,18.010497
2010-03-07,Almatti,0.0,39.19931700000001
2010-03-08,Almatti,0.0,91.111926
2010-03-09,Almatti,0.0,107.003541
2010-03-10,Almatti,0.0,107.709835
2010-03-11,Almatti,0.0,109.828717
2010-03-12,Almatti,0.0,106.297247
2010-03-13,Almatti,0.0,105.46735155
2010-03-14,Almatti,0.0,104.6374561
2010-03-15,Almatti,0.0,103.80756065
2010-03-16,Almatti,0.0,102.9776652
2010-03-17,Almatti,0.0,102.14776975
2010-03-18,Almatti,0.0,101.3178743
2010-03-19,Almatti,0.0,100.48797885
2010-03-20,Almatti,0.0,99.6580834
2010-03-21,Almatti,0.0,98.82818795
2010-03-22,Almatti,0.0,97.9982925
2010-03-23,Almatti,0.0,97.16839705
2010-03-24,Almatti,0.0,96.3385016
2010-03-25,Almatti,0.0,95.50860615
2010-03-26,Almatti,0.0,94.6787107
2010-03-27,Almatti,0.0,93.84881525000002
2010-03-28,Almatti,0.0,93.0189198
2010-03-29,Almatti,0.0,92.18902435
2010-03-30,Almatti,0.0,91.35912890000002
2010-03-31,Almatti,0.0,90.52923345
2010-04-01,Almatti,0.0,89.69933800000001
2010-04-02,Almatti,0.0,67.09793
2010-04-03,Almatti,0.0,43.790228
2010-04-04,Almatti,0.0,26.486025
2010-04-05,Almatti,0.0,22.601408000000003
2010-04-06,Almatti,0.0,18.010497
2010-04-07,Almatti,0.0,39.55246400000001
2010-04-08,Almatti,0.0,93.230808
2010-04-09,Almatti,0.0,105.590953
2010-04-10,Almatti,0.0,107.709835
2010-04-11,Almatti,0.0,107.709835
2010-04-12,Almatti,0.0,105.237806
2010-04-13,Almatti,0.0,104.4014052105263
2010-04-14,Almatti,0.0,103.56500442105263
2010-04-15,Almatti,0.0,102.72860363157896
2010-04-16,Almatti,0.0,101.89220284210528
2010-04-17,Almatti,0.0,101.05580205263158
2010-04-18,Almatti,0.0,100.21940126315788
2010-04-19,Almatti,0.0,99.3830004736842
2010-04-20,Almatti,0.0,98.5465996842105
2010-04-21,Almatti,0.0,97.71019889473683
2010-04-22,Almatti,0.0,96.87379810526316
2010-04-23,Almatti,0.0,96.03739731578948
2010-04-24,Almatti,0.0,95.2009965263158
2010-04-25,Almatti,0.0,94.3645957368421
2010-04-26,Almatti,0.0,93.52819494736843
2010-04-27,Almatti,0.0,92.69179415789476
2010-04-28,Almatti,0.0,91.85539336842103
2010-04-29,Almatti,0.0,91.01899257894738
2010-04-30,Almatti,0.0,90.18259178947368
2010-05-01,Almatti,0.0,89.346191
2010-05-02,Almatti,0.0,69.569959
2010-05-03,Almatti,0.0,43.437081
2010-05-04,Almatti,0.0,26.132878
2010-05-05,Almatti,0.0,22.248261000000003
2010-05-06,Almatti,0.0,18.010497
2010-05-07,Almatti,0.0,39.905611
2010-05-08,Almatti,0.0,96.762278
2010-05-09,Almatti,0.0,106.297247
2010-05-10,Almatti,0.0,107.709835
2010-05-11,Almatti,0.0,107.709835
2010-05-12,Almatti,0.0,104.884659
2010-05-13,Almatti,0.0,104.0724209
2010-05-14,Almatti,0.0,103.2601828
2010-05-15,Almatti,0.0,102.4479447
2010-05-16,Almatti,0.0,101.6357066
2010-05-17,Almatti,0.0,100.8234685
2010-05-18,Almatti,0.0,100.0112304
2010-05-19,Almatti,0.0,99.1989923
2010-05-20,Almatti,0.0,98.3867542
2010-05-21,Almatti,0.0,97.5745161
2010-05-22,Almatti,0.0,96.762278
2010-05-23,Almatti,0.0,95.9500399
2010-05-24,Almatti,0.0,95.1378018
2010-05-25,Almatti,0.0,94.3255637
2010-05-26,Almatti,0.0,93.51332560000002
2010-05-27,Almatti,0.0,92.7010875
2010-05-28,Almatti,0.0,91.8888494
2010-05-29,Almatti,0.0,91.0766113
2010-05-30,Almatti,0.0,90.2643732
2010-05-31,Almatti,0.0,89.4521351
2010-06-01,Almatti,0.0,88.63989699999999
2010-06-02,Almatti,0.0,68.863665
2010-06-03,Almatti,0.0,43.437081
2010-06-04,Almatti,0.0,26.132878
2010-06-05,Almatti,0.0,22.248261000000003
2010-06-06,Almatti,0.0,18.010497
2010-06-07,Almatti,0.0,40.258758
2010-06-08,Almatti,0.0,97.115425
2010-06-09,Almatti,0.0,105.590953
2010-06-10,Almatti,0.0,107.709835
2010-06-11,Almatti,0.0,107.709835
2010-06-12,Almatti,8.693,104.178365
2010-06-13,Almatti,24.862,103.3233775263158
2010-06-14,Almatti,8.212,102.4683900526316
2010-06-15,Almatti,7.221,101.6134025789474
2010-06-16,Almatti,0.0,100.75841510526315
2010-06-17,Almatti,79.684,99.90342763157896
2010-06-18,Almatti,480.622,99.04844015789476
2010-06-19,Almatti,995.819,98.19345268421053
2010-06-20,Almatti,1270.549,97.33846521052634
2010-06-21,Almatti,892.094,96.48347773684212
2010-06-22,Almatti,648.711,95.62849026315791
2010-06-23,Almatti,287.105,94.7735027894737
2010-06-24,Almatti,247.489,93.91851531578948
2010-06-25,Almatti,247.518,93.06352784210527
2010-06-26,Almatti,246.64,92.20854036842108
2010-06-27,Almatti,131.05,91.35355289473684
2010-06-28,Almatti,363.425,90.49856542105265
2010-06-29,Almatti,595.801,89.64357794736843
2010-06-30,Almatti,828.176,88.7885904736842
2010-07-01,Almatti,1060.551,87.93360300000002
2010-07-02,Almatti,140.452,68.510518
2010-07-03,Almatti,140.083,43.083934
2010-07-04,Almatti,112.673,26.132878
2010-07-05,Almatti,140.14,21.895114
2010-07-06,Almatti,36.472,17.65735
2010-07-07,Almatti,61.504,40.258758
2010-07-08,Almatti,114.712,97.115425
2010-07-09,Almatti,253.096,102.765777
2010-07-10,Almatti,421.694,107.709835
2010-07-11,Almatti,373.301,107.709835
2010-07-12,Almatti,357.075,103.825218
2010-07-13,Almatti,356.452,103.0129799
2010-07-14,Almatti,190.402,102.20074180000002
2010-07-15,Almatti,134.618,101.3885037
2010-07-16,Almatti,41.201,100.5762656
2010-07-17,Almatti,102.507,99.7640275
2010-07-18,Almatti,102.337,98.9517894
2010-07-19,Almatti,102.592,98.1395513
2010-07-20,Almatti,194.65,97.3273132
2010-07-21,Almatti,322.076,96.5150751
2010-07-22,Almatti,232.425,95.702837
2010-07-23,Almatti,359.284,94.8905989
2010-07-24,Almatti,1293.967,94.0783608
2010-07-25,Almatti,1969.578,93.2661227
2010-07-26,Almatti,2336.281,92.4538846
2010-07-27,Almatti,3029.336,91.6416465
2010-07-28,Almatti,3688.241,90.8294084
2010-07-29,Almatti,4347.146,90.0171703
2010-07-30,Almatti,5006.05,89.2049322
2010-07-31,Almatti,5664.955,88.39269410000001
2010-08-01,Almatti,5480.301,87.580456
2010-08-02,Almatti,4963.207,67.09793
2010-08-03,Almatti,4264.574,42.730787
2010-08-04,Almatti,3882.523,26.132878
2010-08-05,Almatti,4124.547,21.895114
2010-08-06,Almatti,3201.191,17.65735
2010-08-07,Almatti,2967.011,40.611905
2010-08-08,Almatti,2090.689,98.174866
2010-08-09,Almatti,1614.768,104.178365
2010-08-10,Almatti,977.469,107.709835
2010-08-11,Almatti,757.532,107.709835
2010-08-12,Almatti,560.447,103.118924
2010-08-13,Almatti,845.145,102.28902855
2010-08-14,Almatti,819.291,101.45913310000002
2010-08-15,Almatti,598.873,100.62923765
2010-08-16,Almatti,596.778,99.7993422
2010-08-17,Almatti,535.103,98.96944675000002
2010-08-18,Almatti,456.921,98.1395513
2010-08-19,Almatti,455.76,97.30965585
2010-08-20,Almatti,621.951,96.47976040000002
2010-08-21,Almatti,782.508,95.64986495
2010-08-22,Almatti,673.488,94.8199695
2010-08-23,Almatti,859.643,93.99007405000002
2010-08-24,Almatti,667.796,93.1601786
2010-08-25,Almatti,527.656,92.33028315
2010-08-26,Almatti,445.537,91.50038770000002
2010-08-27,Almatti,497.216,90.67049225
2010-08-28,Almatti,461.954,89.8405968
2010-08-29,Almatti,426.692,89.01070135
2010-08-30,Almatti,391.431,88.1808059
2010-08-31,Almatti,356.169,87.35091045
2010-09-01,Almatti,758.24,86.521015
2010-09-02,Almatti,1142.5,66.391636
2010-09-03,Almatti,2547.95,42.730787
2010-09-04,Almatti,1953.608,26.132878
2010-09-05,Almatti,1214.028,21.541967
2010-09-06,Almatti,1165.04,17.65735
2010-09-07,Almatti,1343.295,41.318199
2010-09-08,Almatti,1653.081,99.587454
2010-09-09,Almatti,1856.198,105.9441
2010-09-10,Almatti,1845.607,107.709835
2010-09-11,Almatti,1383.023,107.709835
2010-09-12,Almatti,2083.384,102.765777
2010-09-13,Almatti,1958.62,101.87361615789476
2010-09-14,Almatti,680.85,100.98145531578947
2010-09-15,Almatti,628.266,100.08929447368422
2010-09-16,Almatti,425.829,99.19713363157896
2010-09-17,Almatti,310.069,98.3049727894737
2010-09-18,Almatti,340.878,97.41281194736844
2010-09-19,Almatti,366.873,96.52065110526316
2010-09-20,Almatti,691.866,95.62849026315791
2010-09-21,Almatti,621.611,94.73632942105264
2010-09-22,Almatti,483.907,93.8441685789474
2010-09-23,Almatti,310.296,92.9520077368421
2010-09-24,Almatti,304.972,92.05984689473684
2010-09-25,Almatti,440.355,91.1676860526316
2010-09-26,Almatti,586.357,90.27552521052633
2010-09-27,Almatti,664.965,89.38336436842108
2010-09-28,Almatti,660.972,88.4912035263158
2010-09-29,Almatti,656.979,87.59904268421054
2010-09-30,Almatti,652.986,86.70688184210526
2010-10-01,Almatti,648.994,85.814721
2010-10-02,Almatti,1618.987,65.33219500000001
2010-10-03,Almatti,1518.038,42.37764
2010-10-04,Almatti,690.11,25.779731
2010-10-05,Almatti,596.438,21.541967
2010-10-06,Almatti,1176.027,17.65735
2010-10-07,Almatti,1479.442,42.730787
2010-10-08,Almatti,1484.143,98.88116
2010-10-09,Almatti,668.532,105.9441
2010-10-10,Almatti,597.231,107.709835
2010-10-11,Almatti,416.201,107.709835
2010-10-12,Almatti,369.478,102.059483
2010-10-13,Almatti,367.383,101.2119302
2010-10-14,Almatti,360.87,100.3643774
2010-10-15,Almatti,360.36,99.5168246
2010-10-16,Almatti,322.982,98.6692718
2010-10-17,Almatti,229.961,97.821719
2010-10-18,Almatti,158.773,96.9741662
2010-10-19,Almatti,158.773,96.1266134
2010-10-20,Almatti,427.33,95.2790606
2010-10-21,Almatti,580.722,94.43150780000002
2010-10-22,Almatti,484.756,93.58395500000002
2010-10-23,Almatti,367.553,92.7364022
2010-10-24,Almatti,355.008,91.8888494
2010-10-25,Almatti,487.106,91.0412966
2010-10-26,Almatti,662.954,90.19374380000002
2010-10-27,Almatti,466.52,89.346191
2010-10-28,Almatti,433.63,88.4986382
2010-10-29,Almatti,400.74,87.65108540000001
2010-10-30,Almatti,367.85,86.80353260000001
2010-10-31,Almatti,334.96,85.95597980000001
2010-11-01,Almatti,335.243,85.108427
2010-11-02,Almatti,335.13,64.62590100000001
2010-11-03,Almatti,100.723,42.37764
2010-11-04,Almatti,19.709,25.779731
2010-11-05,Almatti,17.5,21.18882
2010-11-06,Almatti,17.953,17.65735
2010-11-07,Almatti,18.236,43.790228
2010-11-08,Almatti,15.801,99.587454
2010-11-09,Almatti,19.029,106.650394
2010-11-10,Almatti,12.856,107.709835
2010-11-11,Almatti,108.793,107.709835
2010-11-12,Almatti,158.15,101.706336
2010-11-13,Almatti,232.595,100.7955884736842
2010-11-14,Almatti,300.583,99.88484094736842
2010-11-15,Almatti,296.93,98.97409342105264
2010-11-16,Almatti,295.939,98.06334589473686
2010-11-17,Almatti,298.12,97.15259836842104
2010-11-18,Almatti,299.196,96.24185084210526
2010-11-19,Almatti,297.129,95.33110331578948
2010-11-20,Almatti,301.943,94.4203557894737
2010-11-21,Almatti,304.095,93.50960826315789
2010-11-22,Almatti,254.823,92.59886073684213
2010-11-23,Almatti,246.725,91.68811321052632
2010-11-24,Almatti,100.78,90.77736568421054
2010-11-25,Almatti,67.054,89.86661815789475
2010-11-26,Almatti,70.481,88.95587063157895
2010-11-27,Almatti,12.997,88.04512310526316
2010-11-28,Almatti,13.96,87.13437557894737
2010-11-29,Almatti,14.923,86.2236280526316
2010-11-30,Almatti,15.886,85.3128805263158
2010-12-01,Almatti,16.849,84.402133
2010-12-02,Almatti,0.0,63.566460000000006
2010-12-03,Almatti,0.0,42.024493
2010-12-04,Almatti,0.0,25.426584
2010-12-05,Almatti,0.0,21.18882
2010-12-06,Almatti,0.0,17.65735
2010-12-07,Almatti,0.0,44.849669000000006
2010-12-08,Almatti,0.0,100.293748
2010-12-09,Almatti,0.0,107.003541
2010-12-10,Almatti,0.0,107.709835
2010-12-11,Almatti,0.0,107.709835
2010-12-12,Almatti,0.0,101.000042
2010-12-13,Almatti,0.0,100.3996921
2010-12-14,Almatti,0.0,99.7993422
2010-12-15,Almatti,0.0,99.1989923
2010-12-16,Almatti,0.0,98.5986424
2010-12-17,Almatti,0.0,97.9982925
2010-12-18,Almatti,0.0,97.3979426
2010-12-19,Almatti,0.0,96.7975927
2010-12-20,Almatti,0.0,96.1972428
2010-12-21,Almatti,0.0,95.5968929
2010-12-22,Almatti,0.0,94.996543
2010-12-23,Almatti,0.0,94.3961931
2010-12-24,Almatti,0.0,93.7958432
2010-12-25,Almatti,0.0,93.1954933
2010-12-26,Almatti,0.0,92.5951434
2010-12-27,Almatti,0.0,91.9947935
2010-12-28,Almatti,0.0,91.3944436
2010-12-29,Almatti,0.0,90.7940937
2010-12-30,Almatti,0.0,90.1937438
2010-12-31,Almatti,0.0,89.5933939
2011-01-01,Almatti,0.0,88.99304400000001
2011-01-02,Almatti,0.0,62.50701900000001
2011-01-03,Almatti,0.0,38.49302300000001
2011-01-04,Almatti,0.0,21.895114
2011-01-05,Almatti,0.0,10.947557
2011-01-06,Almatti,0.0,9.534969000000002
2011-01-07,Almatti,0.0,50.146874
2011-01-08,Almatti,0.0,87.93360300000002
2011-01-09,Almatti,0.0,97.468572
2011-01-10,Almatti,0.0,106.650394
2011-01-11,Almatti,0.0,97.821719
2011-01-12,Almatti,0.0,68.157371
2011-01-13,Almatti,0.0,69.16383995
2011-01-14,Almatti,0.0,70.17030890000001
2011-01-15,Almatti,0.0,71.17677785
2011-01-16,Almatti,0.0,72.1832468
2011-01-17,Almatti,0.0,73.18971574999999
2011-01-18,Almatti,0.0,74.1961847
2011-01-19,Almatti,0.0,75.20265365000002
2011-01-20,Almatti,0.0,76.2091226
2011-01-21,Almatti,0.0,77.21559155000001
2011-01-22,Almatti,0.0,78.2220605
2011-01-23,Almatti,0.0,79.22852945000001
2011-01-24,Almatti,0.0,80.2349984
2011-01-25,Almatti,0.0,81.24146735000001
2011-01-26,Almatti,0.0,82.2479363
2011-01-27,Almatti,0.0,83.25440525
2011-01-28,Almatti,0.0,84.2608742
2011-01-29,Almatti,0.0,85.26734315
2011-01-30,Almatti,0.0,86.2738121
2011-01-31,Almatti,0.0,87.28028105
2011-02-01,Almatti,0.0,88.28675000000001
2011-02-02,Almatti,0.0,62.50701900000001
2011-02-03,Almatti,0.0,38.13987600000001
2011-02-04,Almatti,0.0,21.895114
2011-02-05,Almatti,0.0,10.947557
2011-02-06,Almatti,0.0,9.534969000000002
2011-02-07,Almatti,0.0,52.618903
2011-02-08,Almatti,0.0,87.93360300000002
2011-02-09,Almatti,0.0,98.88116
2011-02-10,Almatti,0.0,105.590953
2011-02-11,Almatti,0.0,95.702837
2011-02-12,Almatti,0.0,67.804224
2011-02-13,Almatti,0.0,68.96753176470588
2011-02-14,Almatti,0.0,70.13083952941177
2011-02-15,Almatti,0.0,71.29414729411764
2011-02-16,Almatti,0.0,72.45745505882353
2011-02-17,Almatti,0.0,73.6207628235294
2011-02-18,Almatti,0.0,74.78407058823528
2011-02-19,Almatti,0.0,75.94737835294116
2011-02-20,Almatti,0.0,77.11068611764706
2011-02-21,Almatti,0.0,78.27399388235294
2011-02-22,Almatti,0.0,79.43730164705883
2011-02-23,Almatti,0.0,80.60060941176471
2011-02-24,Almatti,0.0,81.7639171764706
2011-02-25,Almatti,0.0,82.92722494117648
2011-02-26,Almatti,0.0,84.09053270588237
2011-02-27,Almatti,0.0,85.25384047058824
2011-02-28,Almatti,0.0,86.41714823529414
2011-03-01,Almatti,0.0,87.580456
2011-03-02,Almatti,0.0,62.50701900000001
2011-03-03,Almatti,0.0,37.433582
2011-03-04,Almatti,0.0,21.895114
2011-03-05,Almatti,0.0,10.947557
2011-03-06,Almatti,0.0,9.888116000000002
2011-03-07,Almatti,0.0,54.384638
2011-03-08,Almatti,0.0,87.93360300000002
2011-03-09,Almatti,0.0,101.353189
2011-03-10,Almatti,0.0,105.237806
2011-03-11,Almatti,0.0,95.702837
2011-03-12,Almatti,0.0,67.451077
2011-03-13,Almatti,0.0,68.4398886
2011-03-14,Almatti,0.0,69.42870020000001
2011-03-15,Almatti,0.0,70.4175118
2011-03-16,Almatti,0.0,71.40632339999999
2011-03-17,Almatti,0.0,72.395135
2011-03-18,Almatti,0.0,73.3839466
2011-03-19,Almatti,0.0,74.37275819999999
2011-03-20,Almatti,0.0,75.3615698
2011-03-21,Almatti,0.0,76.3503814
2011-03-22,Almatti,0.0,77.33919300000001
2011-03-23,Almatti,0.0,78.3280046
2011-03-24,Almatti,0.0,79.3168162
2011-03-25,Almatti,0.0,80.30562780000001
2011-03-26,Almatti,0.0,81.2944394
2011-03-27,Almatti,0.0,82.283251
2011-03-28,Almatti,0.0,83.27206260000001
2011-03-29,Almatti,0.0,84.2608742
2011-03-30,Almatti,0.0,85.24968580000001
2011-03-31,Almatti,0.0,86.23849740000001
2011-04-01,Almatti,0.0,87.227309
2011-04-02,Almatti,0.0,62.50701900000001
2011-04-03,Almatti,0.0,37.080435
2011-04-04,Almatti,0.0,21.541967
2011-04-05,Almatti,0.0,10.947557
2011-04-06,Almatti,0.0,10.241263
2011-04-07,Almatti,0.0,56.15037300000001
2011-04-08,Almatti,0.0,91.465073
2011-04-09,Almatti,0.0,97.115425
2011-04-10,Almatti,0.0,104.178365
2011-04-11,Almatti,0.0,94.996543
2011-04-12,Almatti,0.0,66.03848900000001
2011-04-13,Almatti,0.0,67.13510336842106
2011-04-14,Almatti,0.0,68.23171773684211
2011-04-15,Almatti,0.0,69.32833210526317
2011-04-16,Almatti,0.0,70.42494647368422
2011-04-17,Almatti,0.0,71.52156084210527
2011-04-18,Almatti,0.0,72.61817521052632
2011-04-19,Almatti,0.0,73.71478957894738
2011-04-20,Almatti,0.0,74.81140394736843
2011-04-21,Almatti,0.0,75.90801831578948
2011-04-22,Almatti,0.0,77.00463268421053
2011-04-23,Almatti,0.0,78.10124705263159
2011-04-24,Almatti,0.0,79.19786142105264
2011-04-25,Almatti,0.0,80.29447578947371
2011-04-26,Almatti,0.0,81.39109015789474
2011-04-27,Almatti,0.0,82.48770452631578
2011-04-28,Almatti,0.0,83.58431889473684
2011-04-29,Almatti,0.0,84.6809332631579
2011-04-30,Almatti,0.0,85.77754763157895
2011-05-01,Almatti,0.0,86.874162
2011-05-02,Almatti,0.0,62.50701900000001
2011-05-03,Almatti,0.0,36.374141
2011-05-04,Almatti,0.0,21.541967
2011-05-05,Almatti,0.0,10.947557
2011-05-06,Almatti,0.0,10.241263
2011-05-07,Almatti,0.0,58.975549
2011-05-08,Almatti,0.0,93.230808
2011-05-09,Almatti,0.0,92.171367
2011-05-10,Almatti,0.0,103.472071
2011-05-11,Almatti,0.0,93.937102
2011-05-12,Almatti,0.0,66.03848900000001
2011-05-13,Almatti,0.0,67.04495795000001
2011-05-14,Almatti,0.0,68.05142690000001
2011-05-15,Almatti,0.0,69.05789585000001
2011-05-16,Almatti,0.0,70.0643648
2011-05-17,Almatti,0.0,71.07083375
2011-05-18,Almatti,0.0,72.0773027
2011-05-19,Almatti,0.0,73.08377165
2011-05-20,Almatti,0.0,74.0902406
2011-05-21,Almatti,0.0,75.09670955
2011-05-22,Almatti,0.0,76.1031785
2011-05-23,Almatti,0.0,77.10964745
2011-05-24,Almatti,0.0,78.11611640000001
2011-05-25,Almatti,0.0,79.12258535000001
2011-05-26,Almatti,0.0,80.1290543
2011-05-27,Almatti,0.0,81.13552325
2011-05-28,Almatti,11.332,82.1419922
2011-05-29,Almatti,22.665,83.14846115
2011-05-30,Almatti,33.997,84.1549301
2011-05-31,Almatti,45.33,85.16139905000001
2011-06-01,Almatti,56.662,86.167868
2011-06-02,Almatti,81.241,62.50701900000001
2011-06-03,Almatti,153.987,36.020994
2011-06-04,Almatti,125.076,21.541967
2011-06-05,Almatti,96.419,10.947557
2011-06-06,Almatti,67.422,10.241263
2011-06-07,Almatti,35.948,65.685342
2011-06-08,Almatti,4.474,94.290249
2011-06-09,Almatti,139.007,98.174866
2011-06-10,Almatti,201.021,102.41263
2011-06-11,Almatti,186.183,92.877661
2011-06-12,Almatti,83.167,64.979048
2011-06-13,Almatti,446.245,66.07566236842106
2011-06-14,Almatti,330.797,67.17227673684211
2011-06-15,Almatti,677.82,68.26889110526318
2011-06-16,Almatti,447.661,69.36550547368422
2011-06-17,Almatti,279.884,70.46211984210527
2011-06-18,Almatti,469.89,71.55873421052632
2011-06-19,Almatti,681.077,72.6553485789474
2011-06-20,Almatti,1440.648,73.75196294736843
2011-06-21,Almatti,985.143,74.84857731578948
2011-06-22,Almatti,569.735,75.94519168421054
2011-06-23,Almatti,396.549,77.04180605263159
2011-06-24,Almatti,332.496,78.13842042105264
2011-06-25,Almatti,484.473,79.2350347894737
2011-06-26,Almatti,567.101,80.33164915789474
2011-06-27,Almatti,331.845,81.4282635263158
2011-06-28,Almatti,427.647,82.52487789473685
2011-06-29,Almatti,523.448,83.6214922631579
2011-06-30,Almatti,619.25,84.71810663157896
2011-07-01,Almatti,715.051,85.814721
2011-07-02,Almatti,810.853,62.50701900000001
2011-07-03,Almatti,610.511,35.3147
2011-07-04,Almatti,557.7,20.835673
2011-07-05,Almatti,888.554,10.59441
2011-07-06,Almatti,1073.265,10.241263
2011-07-07,Almatti,813.996,65.685342
2011-07-08,Almatti,596.608,94.290249
2011-07-09,Almatti,1097.363,95.34969
2011-07-10,Almatti,303.387,101.353189
2011-07-11,Almatti,303.387,92.171367
2011-07-12,Almatti,303.16,63.919607000000006
2011-07-13,Almatti,639.508,64.99670535
2011-07-14,Almatti,662.756,66.0738037
2011-07-15,Almatti,856.585,67.15090205
2011-07-16,Almatti,872.272,68.2280004
2011-07-17,Almatti,921.034,69.30509875
2011-07-18,Almatti,1128.964,70.38219710000001
2011-07-19,Almatti,2533.99,71.45929545
2011-07-20,Almatti,2369.525,72.5363938
2011-07-21,Almatti,2369.525,73.61349215
2011-07-22,Almatti,4035.236,74.69059050000001
2011-07-23,Almatti,4126.189,75.76768885000001
2011-07-24,Almatti,3769.822,76.84478720000001
2011-07-25,Almatti,3587.603,77.92188555000001
2011-07-26,Almatti,3581.94,78.99898390000001
2011-07-27,Almatti,3156.422,80.07608225000001
2011-07-28,Almatti,2594.425,81.15318060000001
2011-07-29,Almatti,2032.428,82.23027895
2011-07-30,Almatti,1470.43,83.3073773
2011-07-31,Almatti,908.433,84.38447565
2011-08-01,Almatti,856.783,85.461574
2011-08-02,Almatti,1013.12,62.50701900000001
2011-08-03,Almatti,1412.473,34.961553
2011-08-04,Almatti,1739.221,20.129379
2011-08-05,Almatti,2034.849,10.59441
2011-08-06,Almatti,2276.646,10.241263
2011-08-07,Almatti,2457.987,65.685342
2011-08-08,Almatti,2562.901,94.290249
2011-08-09,Almatti,2510.77,95.34969
2011-08-10,Almatti,2252.01,100.293748
2011-08-11,Almatti,1934.607,91.465073
2011-08-12,Almatti,1494.96,63.566460000000006
2011-08-13,Almatti,815.072,64.64355835
2011-08-14,Almatti,1098.467,65.7206567
2011-08-15,Almatti,1574.558,66.79775505
2011-08-16,Almatti,2274.834,67.8748534
2011-08-17,Almatti,2139.224,68.95195175
2011-08-18,Almatti,1800.753,70.0290501
2011-08-19,Almatti,1509.401,71.10614845
2011-08-20,Almatti,1391.348,72.1832468
2011-08-21,Almatti,955.722,73.26034515
2011-08-22,Almatti,1069.669,74.3374435
2011-08-23,Almatti,829.684,75.41454185
2011-08-24,Almatti,701.182,76.49164020000002
2011-08-25,Almatti,424.215,77.56873855000002
2011-08-26,Almatti,436.278,78.64583690000002
2011-08-27,Almatti,140.253,79.72293525000002
2011-08-28,Almatti,988.943,80.80003360000002
2011-08-29,Almatti,1837.633,81.87713194999999
2011-08-30,Almatti,2686.323,82.9542303
2011-08-31,Almatti,3535.013,84.03132865
2011-09-01,Almatti,4383.703,85.108427
2011-09-02,Almatti,5055.69,57.562961
2011-09-03,Almatti,4768.953,34.255259
2011-09-04,Almatti,4038.804,18.716791
2011-09-05,Almatti,4446.934,10.59441
2011-09-06,Almatti,5723.741,10.947557
2011-09-07,Almatti,6700.842,65.685342
2011-09-08,Almatti,7559.041,94.290249
2011-09-09,Almatti,6877.228,95.34969
2011-09-10,Almatti,6558.578,99.234307
2011-09-11,Almatti,4587.329,90.758779
2011-09-12,Almatti,5215.199,62.86016600000001
2011-09-13,Almatti,1564.194,63.99395373684212
2011-09-14,Almatti,440.638,65.12774147368421
2011-09-15,Almatti,536.349,66.2615292105263
2011-09-16,Almatti,582.336,67.39531694736843
2011-09-17,Almatti,568.461,68.52910468421052
2011-09-18,Almatti,456.468,69.66289242105263
2011-09-19,Almatti,394.878,70.79668015789474
2011-09-20,Almatti,449.983,71.93046789473684
2011-09-21,Almatti,472.636,73.06425563157896
2011-09-22,Almatti,449.36,74.19804336842107
2011-09-23,Almatti,374.264,75.33183110526316
2011-09-24,Almatti,149.371,76.46561884210527
2011-09-25,Almatti,158.433,77.59940657894738
2011-09-26,Almatti,41.541,78.73319431578949
2011-09-27,Almatti,131.957,79.86698205263158
2011-09-28,Almatti,98.967,81.00076978947371
2011-09-29,Almatti,65.978,82.13455752631579
2011-09-30,Almatti,32.989,83.2683452631579
2011-10-01,Almatti,0.0,84.402133
2011-10-02,Almatti,0.0,56.15037300000001
2011-10-03,Almatti,302.905,33.548965
2011-10-04,Almatti,50.036,16.597909
2011-10-05,Almatti,130.937,10.59441
2011-10-06,Almatti,20.558,11.653851
2011-10-07,Almatti,0.0,65.685342
2011-10-08,Almatti,23.531,93.937102
2011-10-09,Almatti,0.0,95.34969
2011-10-10,Almatti,0.0,98.174866
2011-10-11,Almatti,141.782,89.69933800000001
2011-10-12,Almatti,296.93,62.15387200000001
2011-10-13,Almatti,253.776,63.2486277
2011-10-14,Almatti,240.382,64.34338340000001
2011-10-15,Almatti,240.382,65.4381391
2011-10-16,Almatti,240.382,66.5328948
2011-10-17,Almatti,490.788,67.6276505
2011-10-18,Almatti,444.433,68.72240620000001
2011-10-19,Almatti,398.078,69.8171619
2011-10-20,Almatti,240.07,70.91191760000001
2011-10-21,Almatti,346.655,72.0066733
2011-10-22,Almatti,289.455,73.101429
2011-10-23,Almatti,128.304,74.1961847
2011-10-24,Almatti,72.888,75.29094040000001
2011-10-25,Almatti,0.0,76.3856961
2011-10-26,Almatti,0.0,77.4804518
2011-10-27,Almatti,0.0,78.5752075
2011-10-28,Almatti,0.0,79.6699632
2011-10-29,Almatti,0.0,80.7647189
2011-10-30,Almatti,0.0,81.85947460000001
2011-10-31,Almatti,0.0,82.9542303
2011-11-01,Almatti,0.0,84.048986
2011-11-02,Almatti,0.0,55.444079
2011-11-03,Almatti,0.0,33.195818
2011-11-04,Almatti,0.0,16.244762
2011-11-05,Almatti,0.0,10.59441
2011-11-06,Almatti,0.0,12.360145
2011-11-07,Almatti,0.0,65.685342
2011-11-08,Almatti,0.0,94.996543
2011-11-09,Almatti,0.0,95.34969
2011-11-10,Almatti,0.0,97.821719
2011-11-11,Almatti,0.0,88.63989699999999
2011-11-12,Almatti,0.0,61.447578
2011-11-13,Almatti,0.0,62.61853910526316
2011-11-14,Almatti,0.0,63.78950021052632
2011-11-15,Almatti,0.0,64.96046131578947
2011-11-16,Almatti,0.0,66.13142242105263
2011-11-17,Almatti,0.0,67.3023835263158
2011-11-18,Almatti,0.0,68.47334463157895
2011-11-19,Almatti,0.0,69.64430573684211
2011-11-20,Almatti,0.0,70.81526684210527
2011-11-21,Almatti,0.0,71.98622794736843
2011-11-22,Almatti,0.0,73.1571890526316
2011-11-23,Almatti,0.0,74.32815015789474
2011-11-24,Almatti,0.0,75.4991112631579
2011-11-25,Almatti,0.0,76.67007236842107
2011-11-26,Almatti,0.0,77.8410334736842
2011-11-27,Almatti,0.0,79.01199457894738
2011-11-28,Almatti,0.0,80.18295568421054
2011-11-29,Almatti,0.0,81.3539167894737
2011-11-30,Almatti,0.0,82.52487789473685
2011-12-01,Almatti,0.0,83.695839
2011-12-02,Almatti,0.0,54.737785
2011-12-03,Almatti,0.0,32.489524
2011-12-04,Almatti,0.0,16.244762
2011-12-05,Almatti,0.0,10.59441
2011-12-06,Almatti,0.0,13.066439
2011-12-07,Almatti,0.0,65.685342
2011-12-08,Almatti,0.0,97.468572
2011-12-09,Almatti,0.0,95.34969
2011-12-10,Almatti,0.0,97.821719
2011-12-11,Almatti,0.0,87.580456
2011-12-12,Almatti,0.0,60.741284
2011-12-13,Almatti,0.0,59.98201795
2011-12-14,Almatti,0.0,59.222751900000006
2011-12-15,Almatti,0.0,58.463485850000005
2011-12-16,Almatti,0.0,57.7042198
2011-12-17,Almatti,0.0,56.94495375
2011-12-18,Almatti,0.0,56.1856877
2011-12-19,Almatti,0.0,55.42642165
2011-12-20,Almatti,0.0,54.66715560000001
2011-12-21,Almatti,0.0,53.90788955
2011-12-22,Almatti,0.0,53.1486235
2011-12-23,Almatti,0.0,52.389357450000006
2011-12-24,Almatti,0.0,51.630091400000005
2011-12-25,Almatti,0.0,50.87082535
2011-12-26,Almatti,0.0,50.1115593
2011-12-27,Almatti,0.0,49.35229325
2011-12-28,Almatti,0.0,48.5930272
2011-12-29,Almatti,0.0,47.83376115
2011-12-30,Almatti,0.0,47.07449510000001
2011-12-31,Almatti,0.0,46.315229050000006
2012-01-01,Almatti,0.0,45.555963000000006
2012-01-02,Almatti,0.0,24.72029
2012-01-03,Almatti,0.0,11.653851
2012-01-04,Almatti,0.0,4.944058000000001
2012-01-05,Almatti,0.0,1.059441
2012-01-06,Almatti,0.0,0.0
2012-01-07,Almatti,0.0,0.0
2012-01-08,Almatti,0.0,53.325197
2012-01-09,Almatti,0.0,107.356688
2012-01-10,Almatti,0.0,103.472071
2012-01-11,Almatti,0.0,96.409131
2012-01-12,Almatti,0.0,68.157371
2012-01-13,Almatti,0.0,66.9919859
2012-01-14,Almatti,0.0,65.82660080000001
2012-01-15,Almatti,0.0,64.6612157
2012-01-16,Almatti,0.0,63.495830600000005
2012-01-17,Almatti,0.0,62.3304455
2012-01-18,Almatti,0.0,61.1650604
2012-01-19,Almatti,0.0,59.9996753
2012-01-20,Almatti,0.0,58.8342902
2012-01-21,Almatti,0.0,57.6689051
2012-01-22,Almatti,0.0,56.50352000000001
2012-01-23,Almatti,0.0,55.3381349
2012-01-24,Almatti,0.0,54.172749800000005
2012-01-25,Almatti,0.0,53.0073647
2012-01-26,Almatti,0.0,51.8419796
2012-01-27,Almatti,0.0,50.67659450000001
2012-01-28,Almatti,0.0,49.5112094
2012-01-29,Almatti,0.0,48.3458243
2012-01-30,Almatti,0.0,47.1804392
2012-01-31,Almatti,0.0,46.0150541
2012-02-01,Almatti,0.0,44.849669000000006
2012-02-02,Almatti,0.0,24.013996
2012-02-03,Almatti,0.0,10.59441
2012-02-04,Almatti,0.0,4.590911
2012-02-05,Almatti,0.0,0.7062940000000001
2012-02-06,Almatti,0.0,0.0
2012-02-07,Almatti,0.0,0.0
2012-02-08,Almatti,0.0,60.388137
2012-02-09,Almatti,0.0,107.709835
2012-02-10,Almatti,0.0,103.118924
2012-02-11,Almatti,0.0,96.409131
2012-02-12,Almatti,0.0,67.451077
2012-02-13,Almatti,0.0,66.15620466666667
2012-02-14,Almatti,0.0,64.86133233333335
2012-02-15,Almatti,0.0,63.56646
2012-02-16,Almatti,0.0,62.27158766666667
2012-02-17,Almatti,0.0,60.97671533333333
2012-02-18,Almatti,0.0,59.681843
2012-02-19,Almatti,0.0,58.38697066666666
2012-02-20,Almatti,0.0,57.09209833333334
2012-02-21,Almatti,0.0,55.79722600000001
2012-02-22,Almatti,0.0,54.50235366666666
2012-02-23,Almatti,0.0,53.20748133333333
2012-02-24,Almatti,0.0,51.912609
2012-02-25,Almatti,0.0,50.617736666666666
2012-02-26,Almatti,0.0,49.32286433333333
2012-02-27,Almatti,0.0,48.027992000000005
2012-02-28,Almatti,0.0,46.73311966666667
2012-02-29,Almatti,0.0,45.43824733333334
2012-03-01,Almatti,0.0,44.143375000000006
2012-03-02,Almatti,0.0,23.307702000000003
2012-03-03,Almatti,0.0,9.888116000000002
2012-03-04,Almatti,0.0,4.590911
2012-03-05,Almatti,0.0,0.353147
2012-03-06,Almatti,0.0,0.0
2012-03-07,Almatti,0.0,0.0
2012-03-08,Almatti,0.0,66.744783
2012-03-09,Almatti,0.0,107.709835
2012-03-10,Almatti,0.0,102.41263
2012-03-11,Almatti,0.0,96.409131
2012-03-12,Almatti,0.0,66.744783
2012-03-13,Almatti,0.0,65.5793979
2012-03-14,Almatti,0.0,64.41401280000001
2012-03-15,Almatti,0.0,63.2486277
2012-03-16,Almatti,0.0,62.083242600000005
2012-03-17,Almatti,0.0,60.9178575
2012-03-18,Almatti,0.0,59.7524724
2012-03-19,Almatti,0.0,58.58708729999999
2012-03-20,Almatti,0.0,57.4217022
2012-03-21,Almatti,0.0,56.2563171
2012-03-22,Almatti,0.0,55.090932
2012-03-23,Almatti,0.0,53.9255469
2012-03-24,Almatti,0.0,52.760161800000006
2012-03-25,Almatti,0.0,51.5947767
2012-03-26,Almatti,0.0,50.4293916
2012-03-27,Almatti,0.0,49.2640065
2012-03-28,Almatti,0.0,48.098621400000006
2012-03-29,Almatti,0.0,46.9332363
2012-03-30,Almatti,0.0,45.7678512
2012-03-31,Almatti,0.0,44.6024661
2012-04-01,Almatti,0.0,43.437081
2012-04-02,Almatti,0.0,22.601408000000003
2012-04-03,Almatti,0.0,9.181822
2012-04-04,Almatti,0.0,4.237764
2012-04-05,Almatti,0.0,0.353147
2012-04-06,Almatti,0.0,0.0
2012-04-07,Almatti,0.0,0.0
2012-04-08,Almatti,0.0,72.395135
2012-04-09,Almatti,0.0,105.590953
2012-04-10,Almatti,0.0,103.825218
2012-04-11,Almatti,0.0,96.409131
2012-04-12,Almatti,0.0,66.03848900000001
2012-04-13,Almatti,0.0,64.81176784210527
2012-04-14,Almatti,0.0,63.58504668421053
2012-04-15,Almatti,0.0,62.3583255263158
2012-04-16,Almatti,0.0,61.13160436842106
2012-04-17,Almatti,0.0,59.90488321052632
2012-04-18,Almatti,0.0,58.67816205263159
2012-04-19,Almatti,0.0,57.451440894736855
2012-04-20,Almatti,0.0,56.2247197368421
2012-04-21,Almatti,0.0,54.99799857894737
2012-04-22,Almatti,0.0,53.77127742105263
2012-04-23,Almatti,0.0,52.5445562631579
2012-04-24,Almatti,0.0,51.31783510526317
2012-04-25,Almatti,0.0,50.09111394736843
2012-04-26,Almatti,0.0,48.86439278947369
2012-04-27,Almatti,0.0,47.63767163157896
2012-04-28,Almatti,0.0,46.41095047368422
2012-04-29,Almatti,0.0,45.18422931578947
2012-04-30,Almatti,0.0,43.957508157894736
2012-05-01,Almatti,0.0,42.730787
2012-05-02,Almatti,0.0,21.895114
2012-05-03,Almatti,0.0,8.475528
2012-05-04,Almatti,0.0,4.237764
2012-05-05,Almatti,0.0,0.0
2012-05-06,Almatti,0.0,0.0
2012-05-07,Almatti,0.0,0.0
2012-05-08,Almatti,0.0,77.69234000000002
2012-05-09,Almatti,0.0,105.237806
2012-05-10,Almatti,0.0,103.825218
2012-05-11,Almatti,0.0,96.409131
2012-05-12,Almatti,0.0,67.09793
2012-05-13,Almatti,0.0,65.84425815
2012-05-14,Almatti,0.0,64.5905863
2012-05-15,Almatti,0.0,63.33691445000001
2012-05-16,Almatti,0.0,62.083242600000005
2012-05-17,Almatti,0.0,60.82957075
2012-05-18,Almatti,0.0,59.5758989
2012-05-19,Almatti,0.0,58.32222705
2012-05-20,Almatti,0.0,57.068555200000006
2012-05-21,Almatti,0.0,55.81488335
2012-05-22,Almatti,0.0,54.5612115
2012-05-23,Almatti,0.0,53.30753965
2012-05-24,Almatti,0.0,52.0538678
2012-05-25,Almatti,0.0,50.80019595
2012-05-26,Almatti,0.0,49.546524100000006
2012-05-27,Almatti,0.0,48.29285225
2012-05-28,Almatti,0.0,47.039180400000006
2012-05-29,Almatti,0.0,45.78550855
2012-05-30,Almatti,0.0,44.5318367
2012-05-31,Almatti,0.0,43.27816485
2012-06-01,Almatti,0.0,42.024493
2012-06-02,Almatti,0.0,20.835673
2012-06-03,Almatti,0.0,7.769234000000001
2012-06-04,Almatti,0.0,3.884617
2012-06-05,Almatti,0.0,0.0
2012-06-06,Almatti,0.0,0.0
2012-06-07,Almatti,0.0,0.0
2012-06-08,Almatti,0.0,82.989545
2012-06-09,Almatti,0.0,105.590953
2012-06-10,Almatti,0.0,105.237806
2012-06-11,Almatti,0.0,96.409131
2012-06-12,Almatti,0.0,67.09793
2012-06-13,Almatti,0.0,65.74110205263158
2012-06-14,Almatti,0.0,64.38427410526316
2012-06-15,Almatti,0.0,63.02744615789474
2012-06-16,Almatti,0.0,61.67061821052632
2012-06-17,Almatti,0.0,60.31379026315789
2012-06-18,Almatti,0.0,58.95696231578948
2012-06-19,Almatti,0.0,57.60013436842105
2012-06-20,Almatti,0.0,56.24330642105264
2012-06-21,Almatti,0.0,54.88647847368422
2012-06-22,Almatti,0.0,53.52965052631578
2012-06-23,Almatti,0.0,52.17282257894737
2012-06-24,Almatti,0.0,50.81599463157894
2012-06-25,Almatti,0.0,49.45916668421053
2012-06-26,Almatti,0.0,48.10233873684211
2012-06-27,Almatti,0.0,46.74551078947368
2012-06-28,Almatti,71.379,45.38868284210527
2012-06-29,Almatti,142.758,44.03185489473684
2012-06-30,Almatti,214.137,42.67502694736842
2012-07-01,Almatti,285.516,41.318199
2012-07-02,Almatti,356.895,20.482526
2012-07-03,Almatti,428.273,7.062940000000001
2012-07-04,Almatti,499.652,3.884617
2012-07-05,Almatti,571.031,0.0
2012-07-06,Almatti,642.41,0.0
2012-07-07,Almatti,713.789,0.0
2012-07-08,Almatti,785.168,88.63989699999999
2012-07-09,Almatti,856.547,104.178365
2012-07-10,Almatti,927.926,105.237806
2012-07-11,Almatti,999.305,96.409131
2012-07-12,Almatti,1070.684,0.0
2012-07-13,Almatti,1142.062,2.0305952499999966
2012-07-14,Almatti,1213.441,4.061190499999997
2012-07-15,Almatti,1284.82,6.09178575
2012-07-16,Almatti,1356.199,8.122380999999997
2012-07-17,Almatti,1427.578,10.15297625
2012-07-18,Almatti,1498.957,12.1835715
2012-07-19,Almatti,1570.336,14.214166749999997
2012-07-20,Almatti,1641.715,16.244761999999998
2012-07-21,Almatti,1713.094,18.27535725
2012-07-22,Almatti,1784.473,20.3059525
2012-07-23,Almatti,1855.852,22.33654775
2012-07-24,Almatti,1927.23,24.367143
2012-07-25,Almatti,1998.609,26.39773825
2012-07-26,Almatti,2069.988,28.4283335
2012-07-27,Almatti,2141.367,30.45892875
2012-07-28,Almatti,2212.746,32.489524
2012-07-29,Almatti,2284.125,34.52011925
2012-07-30,Almatti,2355.504,36.5507145
2012-07-31,Almatti,2426.883,38.58130975
2012-08-01,Almatti,2498.262,40.611905
2012-08-02,Almatti,2569.641,19.423085000000004
2012-08-03,Almatti,2702.503,6.709793
2012-08-04,Almatti,2699.53,3.531470000000001
2012-08-05,Almatti,2548.516,0.0
2012-08-06,Almatti,2559.163,0.0
2012-08-07,Almatti,2702.277,1.4125880000000002
2012-08-08,Almatti,2170.062,92.524514
2012-08-09,Almatti,2151.939,104.531512
2012-08-10,Almatti,1708.384,105.237806
2012-08-11,Almatti,1602.734,91.111926
2012-08-12,Almatti,1888.337,0.0
2012-08-13,Almatti,1888.224,1.9952805499999968
2012-08-14,Almatti,1886.95,3.9905610999999968
2012-08-15,Almatti,1934.522,5.985841649999997
2012-08-16,Almatti,1652.26,7.981122199999997
2012-08-17,Almatti,1585.658,9.97640275
2012-08-18,Almatti,779.846,11.971683299999995
2012-08-19,Almatti,504.408,13.966963849999996
2012-08-20,Almatti,445.566,15.962244399999998
2012-08-21,Almatti,328.589,17.95752495
2012-08-22,Almatti,194.423,19.9528055
2012-08-23,Almatti,191.818,21.94808605
2012-08-24,Almatti,190.856,23.9433666
2012-08-25,Almatti,34.348,25.93864715
2012-08-26,Almatti,98.231,27.9339277
2012-08-27,Almatti,157.527,29.92920825
2012-08-28,Almatti,327.52,31.9244888
2012-08-29,Almatti,497.513,33.91976935
2012-08-30,Almatti,667.506,35.9150499
2012-08-31,Almatti,837.499,37.91033045
2012-09-01,Almatti,758.552,39.905611
2012-09-02,Almatti,679.604,18.716791
2012-09-03,Almatti,505.031,6.709793
2012-09-04,Almatti,857.774,3.178323
2012-09-05,Almatti,1294.929,0.0
2012-09-06,Almatti,2699.53,0.0
2012-09-07,Almatti,2601.469,2.4720290000000005
2012-09-08,Almatti,2754.55,92.524514
2012-09-09,Almatti,2697.803,105.590953
2012-09-10,Almatti,2378.87,105.237806
2012-09-11,Almatti,1441.809,91.111926
2012-09-12,Almatti,1500.368,0.0
2012-09-13,Almatti,1298.016,2.0631219473684195
2012-09-14,Almatti,1214.226,4.1262438947368425
2012-09-15,Almatti,1216.35,6.1893658421052615
2012-09-16,Almatti,806.889,8.252487789473685
2012-09-17,Almatti,581.699,10.315609736842104
2012-09-18,Almatti,356.509,12.378731684210528
2012-09-19,Almatti,375.51,14.441853631578947
2012-09-20,Almatti,371.998,16.50497557894737
2012-09-21,Almatti,368.487,18.568097526315796
2012-09-22,Almatti,368.147,20.63121947368421
2012-09-23,Almatti,367.553,22.694341421052638
2012-09-24,Almatti,171.487,24.757463368421057
2012-09-25,Almatti,134.307,26.82058531578948
2012-09-26,Almatti,136.799,28.8837072631579
2012-09-27,Almatti,87.499,30.94682921052632
2012-09-28,Almatti,65.624,33.00995115789474
2012-09-29,Almatti,43.75,35.07307310526316
2012-09-30,Almatti,21.875,37.13619505263159
2012-10-01,Almatti,0.0,39.19931700000001
2012-10-02,Almatti,0.0,18.010497
2012-10-03,Almatti,0.0,6.709793
2012-10-04,Almatti,602.951,3.178323
2012-10-05,Almatti,640.159,0.0
2012-10-06,Almatti,639.479,0.0
2012-10-07,Almatti,483.284,3.531470000000001
2012-10-08,Almatti,772.767,92.524514
2012-10-09,Almatti,1349.779,105.9441
2012-10-10,Almatti,1202.475,105.237806
2012-10-11,Almatti,1033.622,91.111926
2012-10-12,Almatti,582.817,0.0
2012-10-13,Almatti,413.114,1.92465115
2012-10-14,Almatti,424.3,3.8493023
2012-10-15,Almatti,418.721,5.7739534500000005
2012-10-16,Almatti,416.484,7.6986046
2012-10-17,Almatti,419.882,9.623255750000002
2012-10-18,Almatti,427.471,11.5479069
2012-10-19,Almatti,204.08,13.472558050000002
2012-10-20,Almatti,0.0,15.3972092
2012-10-21,Almatti,0.0,17.32186035
2012-10-22,Almatti,0.0,19.246511500000004
2012-10-23,Almatti,0.0,21.171162650000003
2012-10-24,Almatti,0.0,23.0958138
2012-10-25,Almatti,0.0,25.02046495
2012-10-26,Almatti,0.0,26.945116100000003
2012-10-27,Almatti,0.0,28.86976725
2012-10-28,Almatti,0.0,30.7944184
2012-10-29,Almatti,0.0,32.71906955
2012-10-30,Almatti,0.0,34.6437207
2012-10-31,Almatti,0.0,36.568371850000005
2012-11-01,Almatti,0.0,38.49302300000001
2012-11-02,Almatti,0.0,17.65735
2012-11-03,Almatti,0.0,6.3566460000000005
2012-11-04,Almatti,0.0,3.178323
2012-11-05,Almatti,0.0,0.0
2012-11-06,Almatti,0.0,0.0
2012-11-07,Almatti,0.0,4.237764
2012-11-08,Almatti,0.0,92.524514
2012-11-09,Almatti,0.0,106.650394
2012-11-10,Almatti,0.0,105.237806
2012-11-11,Almatti,0.0,91.111926
2012-11-12,Almatti,0.0,62.86016600000001
2012-11-13,Almatti,0.0,61.54051142105263
2012-11-14,Almatti,0.0,60.22085684210526
2012-11-15,Almatti,0.0,58.90120226315789
2012-11-16,Almatti,0.0,57.58154768421053
2012-11-17,Almatti,0.0,56.26189310526316
2012-11-18,Almatti,0.0,54.9422385263158
2012-11-19,Almatti,0.0,53.62258394736842
2012-11-20,Almatti,0.0,52.302929368421054
2012-11-21,Almatti,0.0,50.98327478947368
2012-11-22,Almatti,0.0,49.66362021052632
2012-11-23,Almatti,0.0,48.34396563157895
2012-11-24,Almatti,0.0,47.02431105263158
2012-11-25,Almatti,0.0,45.704656473684224
2012-11-26,Almatti,0.0,44.385001894736845
2012-11-27,Almatti,0.0,43.06534731578948
2012-11-28,Almatti,0.0,41.74569273684211
2012-11-29,Almatti,0.0,40.426038157894745
2012-11-30,Almatti,0.0,39.10638357894737
2012-12-01,Almatti,0.0,37.786729
2012-12-02,Almatti,0.0,17.65735
2012-12-03,Almatti,0.0,6.3566460000000005
2012-12-04,Almatti,0.0,3.178323
2012-12-05,Almatti,0.0,0.0
2012-12-06,Almatti,0.0,0.0
2012-12-07,Almatti,0.0,4.944058000000001
2012-12-08,Almatti,0.0,92.524514
2012-12-09,Almatti,0.0,107.709835
2012-12-10,Almatti,0.0,105.237806
2012-12-11,Almatti,0.0,91.111926
2012-12-12,Almatti,0.0,62.86016600000001
2012-12-13,Almatti,0.0,61.8360397
2012-12-14,Almatti,0.0,60.8119134
2012-12-15,Almatti,0.0,59.7877871
2012-12-16,Almatti,0.0,58.7636608
2012-12-17,Almatti,0.0,57.739534500000005
2012-12-18,Almatti,0.0,56.715408200000006
2012-12-19,Almatti,0.0,55.6912819
2012-12-20,Almatti,0.0,54.66715560000001
2012-12-21,Almatti,0.0,53.6430293
2012-12-22,Almatti,0.0,52.618903
2012-12-23,Almatti,0.0,51.5947767
2012-12-24,Almatti,0.0,50.5706504
2012-12-25,Almatti,0.0,49.546524100000006
2012-12-26,Almatti,0.0,48.52239780000001
2012-12-27,Almatti,0.0,47.4982715
2012-12-28,Almatti,0.0,46.4741452
2012-12-29,Almatti,0.0,45.4500189
2012-12-30,Almatti,0.0,44.425892600000005
2012-12-31,Almatti,0.0,43.401766300000006
2013-01-01,Almatti,0.0,42.37764
2013-01-02,Almatti,0.0,32.489524
2013-01-03,Almatti,0.0,23.660849
2013-01-04,Almatti,0.0,20.482526
2013-01-05,Almatti,0.0,19.069938000000004
2013-01-06,Almatti,0.0,16.951056
2013-01-07,Almatti,0.0,32.489524
2013-01-08,Almatti,0.0,77.33919300000001
2013-01-09,Almatti,0.0,109.828717
2013-01-10,Almatti,0.0,109.828717
2013-01-11,Almatti,0.0,0.0
2013-01-12,Almatti,0.0,85.108427
2013-01-13,Almatti,0.0,82.97188765
2013-01-14,Almatti,0.0,80.8353483
2013-01-15,Almatti,0.0,78.69880895
2013-01-16,Almatti,0.0,76.56226960000001
2013-01-17,Almatti,0.0,74.42573025
2013-01-18,Almatti,0.0,72.28919090000001
2013-01-19,Almatti,0.0,70.15265155
2013-01-20,Almatti,0.0,68.0161122
2013-01-21,Almatti,0.0,65.87957285
2013-01-22,Almatti,0.0,63.7430335
2013-01-23,Almatti,0.0,61.60649415
2013-01-24,Almatti,0.0,59.4699548
2013-01-25,Almatti,0.0,57.33341545
2013-01-26,Almatti,0.0,55.1968761
2013-01-27,Almatti,0.0,53.06033675
2013-01-28,Almatti,0.0,50.9237974
2013-01-29,Almatti,0.0,48.78725805
2013-01-30,Almatti,0.0,46.6507187
2013-01-31,Almatti,0.0,44.51417935
2013-02-01,Almatti,0.0,42.37764
2013-02-02,Almatti,0.0,32.136377
2013-02-03,Almatti,0.0,23.307702000000003
2013-02-04,Almatti,0.0,20.482526
2013-02-05,Almatti,0.0,19.069938000000004
2013-02-06,Almatti,0.0,16.951056
2013-02-07,Almatti,0.0,34.608406
2013-02-08,Almatti,0.0,0.0
2013-02-09,Almatti,0.0,109.828717
2013-02-10,Almatti,0.0,0.0
2013-02-11,Almatti,0.0,109.828717
2013-02-12,Almatti,0.0,84.402133
2013-02-13,Almatti,0.0,81.93010400000001
2013-02-14,Almatti,0.0,79.45807500000001
2013-02-15,Almatti,0.0,76.98604600000002
2013-02-16,Almatti,0.0,74.51401700000001
2013-02-17,Almatti,0.0,72.041988
2013-02-18,Almatti,0.0,69.569959
2013-02-19,Almatti,0.0,67.09793
2013-02-20,Almatti,0.0,64.62590100000001
2013-02-21,Almatti,0.0,62.15387200000001
2013-02-22,Almatti,0.0,59.681843
2013-02-23,Almatti,0.0,57.20981400000001
2013-02-24,Almatti,0.0,54.737785
2013-02-25,Almatti,0.0,52.265756
2013-02-26,Almatti,0.0,49.793727
2013-02-27,Almatti,0.0,47.321698000000005
2013-02-28,Almatti,0.0,44.849669000000006
2013-03-01,Almatti,0.0,42.37764
2013-03-02,Almatti,0.0,32.136377
2013-03-03,Almatti,0.0,23.307702000000003
2013-03-04,Almatti,0.0,20.482526
2013-03-05,Almatti,0.0,18.363644
2013-03-06,Almatti,0.0,16.951056
2013-03-07,Almatti,0.0,36.727288
2013-03-08,Almatti,0.0,77.33919300000001
2013-03-09,Almatti,0.0,109.828717
2013-03-10,Almatti,0.0,109.828717
2013-03-11,Almatti,0.0,0.0
2013-03-12,Almatti,0.0,83.695839
2013-03-13,Almatti,0.0,82.40685245
2013-03-14,Almatti,0.0,81.11786590000001
2013-03-15,Almatti,0.0,79.82887935000001
2013-03-16,Almatti,0.0,78.53989280000002
2013-03-17,Almatti,0.0,77.25090625
2013-03-18,Almatti,0.0,75.9619197
2013-03-19,Almatti,0.0,74.67293315
2013-03-20,Almatti,0.0,73.3839466
2013-03-21,Almatti,0.0,72.09496005000001
2013-03-22,Almatti,0.0,70.8059735
2013-03-23,Almatti,0.0,69.51698695
2013-03-24,Almatti,0.0,68.2280004
2013-03-25,Almatti,0.0,66.93901385000001
2013-03-26,Almatti,0.0,65.6500273
2013-03-27,Almatti,0.0,64.36104075
2013-03-28,Almatti,0.0,63.0720542
2013-03-29,Almatti,0.0,61.78306765
2013-03-30,Almatti,0.0,60.49408110000001
2013-03-31,Almatti,0.0,59.205094550000005
2013-04-01,Almatti,0.0,57.916108
2013-04-02,Almatti,0.0,31.076936000000003
2013-04-03,Almatti,0.0,23.307702000000003
2013-04-04,Almatti,0.0,20.482526
2013-04-05,Almatti,0.0,18.363644
2013-04-06,Almatti,0.0,16.951056
2013-04-07,Almatti,0.0,38.84617000000001
2013-04-08,Almatti,0.0,0.0
2013-04-09,Almatti,0.0,109.828717
2013-04-10,Almatti,0.0,109.828717
2013-04-11,Almatti,0.0,0.0
2013-04-12,Almatti,0.0,82.989545
2013-04-13,Almatti,0.0,81.61413036842106
2013-04-14,Almatti,0.0,80.23871573684211
2013-04-15,Almatti,0.0,78.86330110526316
2013-04-16,Almatti,0.0,77.48788647368421
2013-04-17,Almatti,0.0,76.11247184210528
2013-04-18,Almatti,0.0,74.73705721052633
2013-04-19,Almatti,0.0,73.3616425789474
2013-04-20,Almatti,0.0,71.98622794736843
2013-04-21,Almatti,0.0,70.61081331578947
2013-04-22,Almatti,0.0,69.23539868421054
2013-04-23,Almatti,0.0,67.85998405263159
2013-04-24,Almatti,0.0,66.48456942105265
2013-04-25,Almatti,0.0,65.10915478947369
2013-04-26,Almatti,0.0,63.73374015789476
2013-04-27,Almatti,0.0,62.3583255263158
2013-04-28,Almatti,0.0,60.98291089473685
2013-04-29,Almatti,0.0,59.60749626315789
2013-04-30,Almatti,0.0,58.23208163157896
2013-05-01,Almatti,0.0,56.85666700000001
2013-05-02,Almatti,0.0,30.723789
2013-05-03,Almatti,0.0,22.954555000000003
2013-05-04,Almatti,0.0,20.835673
2013-05-05,Almatti,0.0,18.363644
2013-05-06,Almatti,0.0,16.951056
2013-05-07,Almatti,0.0,38.84617000000001
2013-05-08,Almatti,0.0,106.650394
2013-05-09,Almatti,0.0,0.0
2013-05-10,Almatti,0.0,109.828717
2013-05-11,Almatti,0.0,109.828717
2013-05-12,Almatti,0.0,82.283251
2013-05-13,Almatti,0.0,80.97660710000001
2013-05-14,Almatti,0.0,79.6699632
2013-05-15,Almatti,0.0,78.3633193
2013-05-16,Almatti,0.0,77.0566754
2013-05-17,Almatti,0.0,75.7500315
2013-05-18,Almatti,0.0,74.44338760000001
2013-05-19,Almatti,0.0,73.13674370000001
2013-05-20,Almatti,0.0,71.83009980000001
2013-05-21,Almatti,0.0,70.5234559
2013-05-22,Almatti,0.0,69.216812
2013-05-23,Almatti,0.0,67.9101681
2013-05-24,Almatti,0.0,66.6035242
2013-05-25,Almatti,0.0,65.2968803
2013-05-26,Almatti,0.0,63.99023640000001
2013-05-27,Almatti,0.0,62.6835925
2013-05-28,Almatti,0.0,61.376948600000006
2013-05-29,Almatti,0.0,60.07030470000001
2013-05-30,Almatti,0.0,58.7636608
2013-05-31,Almatti,0.0,57.45701690000001
2013-06-01,Almatti,0.0,56.15037300000001
2013-06-02,Almatti,0.0,30.017495
2013-06-03,Almatti,0.0,22.954555000000003
2013-06-04,Almatti,0.0,20.835673
2013-06-05,Almatti,0.0,18.010497
2013-06-06,Almatti,0.0,16.951056
2013-06-07,Almatti,0.0,38.84617000000001
2013-06-08,Almatti,0.0,106.650394
2013-06-09,Almatti,0.0,109.828717
2013-06-10,Almatti,0.0,0.0
2013-06-11,Almatti,0.0,0.0
2013-06-12,Almatti,0.0,81.57695700000001
2013-06-13,Almatti,0.0,80.20154236842106
2013-06-14,Almatti,27.297,78.82612773684211
2013-06-15,Almatti,27.864,77.45071310526316
2013-06-16,Almatti,28.543,76.07529847368421
2013-06-17,Almatti,66.884,74.69988384210527
2013-06-18,Almatti,490.986,73.32446921052633
2013-06-19,Almatti,437.212,71.9490545789474
2013-06-20,Almatti,711.687,70.57363994736843
2013-06-21,Almatti,1333.384,69.19822531578949
2013-06-22,Almatti,529.298,67.82281068421052
2013-06-23,Almatti,858.765,66.44739605263158
2013-06-24,Almatti,579.08,65.07198142105266
2013-06-25,Almatti,254.144,63.69656678947369
2013-06-26,Almatti,174.488,62.32115215789475
2013-06-27,Almatti,176.131,60.9457375263158
2013-06-28,Almatti,345.218,59.57032289473685
2013-06-29,Almatti,514.305,58.1949082631579
2013-06-30,Almatti,683.392,56.81949363157896
2013-07-01,Almatti,852.479,55.444079
2013-07-02,Almatti,659.075,29.664348
2013-07-03,Almatti,678.302,22.954555000000003
2013-07-04,Almatti,698.095,20.835673
2013-07-05,Almatti,845.541,18.010497
2013-07-06,Almatti,1421.166,16.951056
2013-07-07,Almatti,1407.687,0.0
2013-07-08,Almatti,1225.865,106.650394
2013-07-09,Almatti,1338.254,109.828717
2013-07-10,Almatti,1398.767,109.828717
2013-07-11,Almatti,914.549,109.828717
2013-07-12,Almatti,740.854,80.87066300000001
2013-07-13,Almatti,915.37,79.56401910000001
2013-07-14,Almatti,1288.02,78.25737520000001
2013-07-15,Almatti,2456.741,76.9507313
2013-07-16,Almatti,2239.756,75.6440874
2013-07-17,Almatti,2022.771,74.3374435
2013-07-18,Almatti,1805.787,73.03079960000001
2013-07-19,Almatti,1588.802,71.72415570000001
2013-07-20,Almatti,2074.728,70.4175118
2013-07-21,Almatti,2560.655,69.1108679
2013-07-22,Almatti,3046.581,67.804224
2013-07-23,Almatti,3429.482,66.49758010000001
2013-07-24,Almatti,3434.352,65.19093620000001
2013-07-25,Almatti,4367.194,63.8842923
2013-07-26,Almatti,5516.575,62.5776484
2013-07-27,Almatti,5669.882,61.2710045
2013-07-28,Almatti,6979.593,59.9643606
2013-07-29,Almatti,6065.837,58.6577167
2013-07-30,Almatti,6721.258,57.3510728
2013-07-31,Almatti,7037.218,56.04442890000001
2013-08-01,Almatti,5820.5,54.737785
2013-08-02,Almatti,5910.575,28.958054
2013-08-03,Almatti,5583.459,22.954555000000003
2013-08-04,Almatti,6560.617,20.835673
2013-08-05,Almatti,5732.604,18.010497
2013-08-06,Almatti,5732.604,16.951056
2013-08-07,Almatti,5039.068,0.0
2013-08-08,Almatti,4590.019,106.650394
2013-08-09,Almatti,2647.427,109.47557
2013-08-10,Almatti,2107.793,109.828717
2013-08-11,Almatti,611.785,0.0
2013-08-12,Almatti,441.884,80.16436900000001
2013-08-13,Almatti,441.884,78.87538245
2013-08-14,Almatti,702.314,77.58639590000001
2013-08-15,Almatti,961.895,76.29740935
2013-08-16,Almatti,1136.497,75.0084228
2013-08-17,Almatti,1368.695,73.71943625
2013-08-18,Almatti,1368.695,72.43044970000001
2013-08-19,Almatti,926.499,71.14146315
2013-08-20,Almatti,808.446,69.8524766
2013-08-21,Almatti,1065.705,68.56349005
2013-08-22,Almatti,1274.541,67.27450350000001
2013-08-23,Almatti,1207.289,65.98551695
2013-08-24,Almatti,1207.289,64.6965304
2013-08-25,Almatti,1207.289,63.40754385000001
2013-08-26,Almatti,1042.117,62.1185573
2013-08-27,Almatti,754.219,60.82957075
2013-08-28,Almatti,584.318,59.5405842
2013-08-29,Almatti,324.709,58.25159765000001
2013-08-30,Almatti,102.932,56.9626111
2013-08-31,Almatti,74.615,55.67362455000001
2013-09-01,Almatti,74.615,54.384638
2013-09-02,Almatti,74.615,28.958054
2013-09-03,Almatti,74.615,22.601408000000003
2013-09-04,Almatti,74.615,20.482526
2013-09-05,Almatti,74.615,18.010497
2013-09-06,Almatti,73.511,16.597909
2013-09-07,Almatti,43.693,74.867164
2013-09-08,Almatti,0.0,109.122423
2013-09-09,Almatti,0.0,108.769276
2013-09-10,Almatti,0.0,109.828717
2013-09-11,Almatti,0.0,0.0
2013-09-12,Almatti,0.0,79.45807500000001
2013-09-13,Almatti,223.731,78.13842042105263
2013-09-14,Almatti,185.39,76.81876584210528
2013-09-15,Almatti,462.216,75.4991112631579
2013-09-16,Almatti,82.997,74.17945668421052
2013-09-17,Almatti,1234.983,72.85980210526317
2013-09-18,Almatti,1516.254,71.54014752631579
2013-09-19,Almatti,1705.665,70.22049294736843
2013-09-20,Almatti,853.583,68.90083836842106
2013-09-21,Almatti,442.734,67.5811837894737
2013-09-22,Almatti,920.864,66.2615292105263
2013-09-23,Almatti,806.124,64.94187463157895
2013-09-24,Almatti,466.322,63.62222005263157
2013-09-25,Almatti,442.734,62.30256547368422
2013-09-26,Almatti,442.734,60.98291089473683
2013-09-27,Almatti,442.734,59.66325631578948
2013-09-28,Almatti,432.115,58.34360173684211
2013-09-29,Almatti,421.496,57.02394715789474
2013-09-30,Almatti,410.877,55.70429257894737
2013-10-01,Almatti,400.259,54.384638
2013-10-02,Almatti,400.259,27.545466
2013-10-03,Almatti,400.259,22.601408000000003
2013-10-04,Almatti,400.259,20.482526
2013-10-05,Almatti,400.259,18.010497
2013-10-06,Almatti,400.259,16.597909
2013-10-07,Almatti,400.259,74.867164
2013-10-08,Almatti,423.28,109.828717
2013-10-09,Almatti,637.412,108.062982
2013-10-10,Almatti,442.734,0.0
2013-10-11,Almatti,386.1,0.0
2013-10-12,Almatti,329.467,78.75178100000001
2013-10-13,Almatti,17.981,77.18027685000001
2013-10-14,Almatti,17.981,75.6087727
2013-10-15,Almatti,75.323,74.03726855
2013-10-16,Almatti,17.981,72.46576440000001
2013-10-17,Almatti,0.0,70.89426025
2013-10-18,Almatti,0.0,69.3227561
2013-10-19,Almatti,0.0,67.75125195000001
2013-10-20,Almatti,0.0,66.1797478
2013-10-21,Almatti,0.0,64.60824365
2013-10-22,Almatti,0.0,63.0367395
2013-10-23,Almatti,0.0,61.46523535
2013-10-24,Almatti,0.0,59.89373120000001
2013-10-25,Almatti,0.0,58.32222705
2013-10-26,Almatti,0.0,56.750722900000014
2013-10-27,Almatti,17.896,55.17921875
2013-10-28,Almatti,74.615,53.60771460000001
2013-10-29,Almatti,74.615,52.036210450000006
2013-10-30,Almatti,74.615,50.46470630000002
2013-10-31,Almatti,21.351,48.89320215000001
2013-11-01,Almatti,74.615,47.321698000000005
2013-11-02,Almatti,74.615,26.839172
2013-11-03,Almatti,74.615,22.601408000000003
2013-11-04,Almatti,74.615,20.482526
2013-11-05,Almatti,74.615,18.010497
2013-11-06,Almatti,66.233,16.597909
2013-11-07,Almatti,52.868,74.867164
2013-11-08,Almatti,23.078,109.828717
2013-11-09,Almatti,0.0,107.356688
2013-11-10,Almatti,0.0,0.0
2013-11-11,Almatti,0.0,0.0
2013-11-12,Almatti,0.0,77.69234000000002
2013-11-13,Almatti,0.0,75.94519168421054
2013-11-14,Almatti,0.0,74.19804336842107
2013-11-15,Almatti,0.0,72.45089505263158
2013-11-16,Almatti,0.0,70.7037467368421
2013-11-17,Almatti,0.0,68.95659842105263
2013-11-18,Almatti,0.0,67.20945010526317
2013-11-19,Almatti,0.0,65.4623017894737
2013-11-20,Almatti,0.0,63.71515347368421
2013-11-21,Almatti,0.0,61.96800515789474
2013-11-22,Almatti,0.0,60.22085684210527
2013-11-23,Almatti,0.0,58.47370852631579
2013-11-24,Almatti,0.0,56.72656021052632
2013-11-25,Almatti,0.0,54.97941189473685
2013-11-26,Almatti,0.0,53.232263578947375
2013-11-27,Almatti,0.0,51.4851152631579
2013-11-28,Almatti,0.0,49.73796694736843
2013-11-29,Almatti,0.0,47.99081863157896
2013-11-30,Almatti,0.0,46.24367031578948
2013-12-01,Almatti,0.0,44.496522000000006
2013-12-02,Almatti,0.0,26.486025
2013-12-03,Almatti,0.0,22.601408000000003
2013-12-04,Almatti,0.0,18.716791
2013-12-05,Almatti,0.0,17.65735
2013-12-06,Almatti,0.0,16.597909
2013-12-07,Almatti,0.0,60.741284
2013-12-08,Almatti,0.0,109.828717
2013-12-09,Almatti,0.0,103.118924
2013-12-10,Almatti,0.0,109.828717
2013-12-11,Almatti,0.0,97.468572
2013-12-12,Almatti,0.0,77.33919300000001
2013-12-13,Almatti,0.0,76.47398285000001
2013-12-14,Almatti,0.0,75.6087727
2013-12-15,Almatti,0.0,74.74356255
2013-12-16,Almatti,0.0,73.87835240000001
2013-12-17,Almatti,0.0,73.01314225
2013-12-18,Almatti,0.0,72.1479321
2013-12-19,Almatti,0.0,71.28272195
2013-12-20,Almatti,0.0,70.4175118
2013-12-21,Almatti,0.0,69.55230165
2013-12-22,Almatti,0.0,68.68709150000001
2013-12-23,Almatti,0.0,67.82188135000001
2013-12-24,Almatti,0.0,66.9566712
2013-12-25,Almatti,0.0,66.09146105
2013-12-26,Almatti,0.0,65.2262509
2013-12-27,Almatti,0.0,64.36104075
2013-12-28,Almatti,0.0,63.495830600000005
2013-12-29,Almatti,0.0,62.63062045000001
2013-12-30,Almatti,0.0,61.765410300000006
2013-12-31,Almatti,0.0,60.90020015
2014-01-01,Almatti,0.0,60.03499
2014-01-02,Almatti,0.0,33.902112
2014-01-03,Almatti,0.0,15.185321
2014-01-04,Almatti,0.0,10.59441
2014-01-05,Almatti,0.0,8.122381
2014-01-06,Almatti,0.0,7.062940000000001
2014-01-07,Almatti,0.0,7.062940000000001
2014-01-08,Almatti,0.0,92.877661
2014-01-09,Almatti,0.0,109.828717
2014-01-10,Almatti,0.0,109.828717
2014-01-11,Almatti,0.0,96.409131
2014-01-12,Almatti,0.0,75.926605
2014-01-13,Almatti,0.0,75.1143669
2014-01-14,Almatti,0.0,74.3021288
2014-01-15,Almatti,0.0,73.4898907
2014-01-16,Almatti,0.0,72.6776526
2014-01-17,Almatti,0.0,71.86541450000001
2014-01-18,Almatti,0.0,71.0531764
2014-01-19,Almatti,0.0,70.24093830000001
2014-01-20,Almatti,0.0,69.42870020000001
2014-01-21,Almatti,0.0,68.6164621
2014-01-22,Almatti,0.0,67.804224
2014-01-23,Almatti,0.0,66.9919859
2014-01-24,Almatti,0.0,66.1797478
2014-01-25,Almatti,0.0,65.3675097
2014-01-26,Almatti,0.0,64.55527160000001
2014-01-27,Almatti,0.0,63.7430335
2014-01-28,Almatti,0.0,62.93079540000001
2014-01-29,Almatti,0.0,62.1185573
2014-01-30,Almatti,0.0,61.3063192
2014-01-31,Almatti,0.0,60.49408110000001
2014-02-01,Almatti,0.0,59.681843
2014-02-02,Almatti,0.0,33.902112
2014-02-03,Almatti,0.0,15.185321
2014-02-04,Almatti,0.0,10.241263
2014-02-05,Almatti,0.0,8.122381
2014-02-06,Almatti,0.0,19.423085000000004
2014-02-07,Almatti,0.0,7.062940000000001
2014-02-08,Almatti,0.0,90.052485
2014-02-09,Almatti,0.0,109.828717
2014-02-10,Almatti,0.0,109.828717
2014-02-11,Almatti,0.0,95.702837
2014-02-12,Almatti,0.0,75.573458
2014-02-13,Almatti,0.0,74.6178837647059
2014-02-14,Almatti,0.0,73.66230952941177
2014-02-15,Almatti,0.0,72.70673529411766
2014-02-16,Almatti,0.0,71.75116105882353
2014-02-17,Almatti,0.0,70.79558682352942
2014-02-18,Almatti,0.0,69.84001258823528
2014-02-19,Almatti,0.0,68.88443835294117
2014-02-20,Almatti,0.0,67.92886411764707
2014-02-21,Almatti,0.0,66.97328988235294
2014-02-22,Almatti,0.0,66.01771564705882
2014-02-23,Almatti,0.0,65.0621414117647
2014-02-24,Almatti,0.0,64.10656717647059
2014-02-25,Almatti,0.0,63.15099294117647
2014-02-26,Almatti,0.0,62.19541870588235
2014-02-27,Almatti,0.0,61.23984447058824
2014-02-28,Almatti,0.0,60.28427023529411
2014-03-01,Almatti,0.0,59.328696
2014-03-02,Almatti,0.0,33.902112
2014-03-03,Almatti,0.0,14.832174
2014-03-04,Almatti,0.0,10.241263
2014-03-05,Almatti,0.0,8.122381
2014-03-06,Almatti,0.0,19.423085000000004
2014-03-07,Almatti,0.0,7.062940000000001
2014-03-08,Almatti,0.0,91.465073
2014-03-09,Almatti,0.0,109.828717
2014-03-10,Almatti,0.0,109.828717
2014-03-11,Almatti,0.0,94.643396
2014-03-12,Almatti,0.0,75.220311
2014-03-13,Almatti,0.0,74.40807290000001
2014-03-14,Almatti,0.0,73.5958348
2014-03-15,Almatti,0.0,72.7835967
2014-03-16,Almatti,0.0,71.9713586
2014-03-17,Almatti,0.0,71.15912050000001
2014-03-18,Almatti,0.0,70.3468824
2014-03-19,Almatti,0.0,69.53464430000001
2014-03-20,Almatti,0.0,68.72240620000001
2014-03-21,Almatti,0.0,67.9101681
2014-03-22,Almatti,0.0,67.09793
2014-03-23,Almatti,0.0,66.2856919
2014-03-24,Almatti,0.0,65.4734538
2014-03-25,Almatti,0.0,64.6612157
2014-03-26,Almatti,0.0,63.848977600000005
2014-03-27,Almatti,0.0,63.0367395
2014-03-28,Almatti,0.0,62.2245014
2014-03-29,Almatti,0.0,61.412263300000006
2014-03-30,Almatti,0.0,60.600025200000005
2014-03-31,Almatti,0.0,59.7877871
2014-04-01,Almatti,0.0,58.975549
2014-04-02,Almatti,0.0,33.548965
2014-04-03,Almatti,0.0,14.479027
2014-04-04,Almatti,0.0,10.241263
2014-04-05,Almatti,0.0,8.122381
2014-04-06,Almatti,0.0,7.062940000000001
2014-04-07,Almatti,0.0,7.062940000000001
2014-04-08,Almatti,0.0,91.465073
2014-04-09,Almatti,0.0,109.828717
2014-04-10,Almatti,0.0,109.828717
2014-04-11,Almatti,0.0,93.937102
2014-04-12,Almatti,0.0,75.220311
2014-04-13,Almatti,0.0,74.34673684210526
2014-04-14,Almatti,0.0,73.47316268421052
2014-04-15,Almatti,0.0,72.59958852631578
2014-04-16,Almatti,0.0,71.72601436842105
2014-04-17,Almatti,0.0,70.85244021052631
2014-04-18,Almatti,0.0,69.97886605263157
2014-04-19,Almatti,0.0,69.10529189473684
2014-04-20,Almatti,0.0,68.2317177368421
2014-04-21,Almatti,0.0,67.35814357894738
2014-04-22,Almatti,0.0,66.48456942105263
2014-04-23,Almatti,0.0,65.61099526315789
2014-04-24,Almatti,0.0,64.73742110526317
2014-04-25,Almatti,0.0,63.86384694736842
2014-04-26,Almatti,0.0,62.990272789473686
2014-04-27,Almatti,0.0,62.11669863157895
2014-04-28,Almatti,0.0,61.24312447368421
2014-04-29,Almatti,0.0,60.36955031578948
2014-04-30,Almatti,0.0,59.49597615789474
2014-05-01,Almatti,0.0,58.622402
2014-05-02,Almatti,0.0,33.548965
2014-05-03,Almatti,0.0,14.479027
2014-05-04,Almatti,0.0,10.241263
2014-05-05,Almatti,0.0,8.122381
2014-05-06,Almatti,0.0,19.069938000000004
2014-05-07,Almatti,0.0,7.062940000000001
2014-05-08,Almatti,0.0,90.758779
2014-05-09,Almatti,0.0,109.828717
2014-05-10,Almatti,0.0,109.828717
2014-05-11,Almatti,0.0,93.230808
2014-05-12,Almatti,0.0,74.867164
2014-05-13,Almatti,0.0,74.03726855000001
2014-05-14,Almatti,0.0,73.2073731
2014-05-15,Almatti,0.0,72.37747765
2014-05-16,Almatti,0.0,71.5475822
2014-05-17,Almatti,0.0,70.71768675
2014-05-18,Almatti,0.0,69.8877913
2014-05-19,Almatti,0.0,69.05789585000001
2014-05-20,Almatti,0.0,68.2280004
2014-05-21,Almatti,0.0,67.39810495
2014-05-22,Almatti,0.0,66.56820950000001
2014-05-23,Almatti,0.0,65.73831405
2014-05-24,Almatti,0.0,64.9084186
2014-05-25,Almatti,0.0,64.07852315000001
2014-05-26,Almatti,0.0,63.2486277
2014-05-27,Almatti,0.0,62.418732250000005
2014-05-28,Almatti,0.0,61.5888368
2014-05-29,Almatti,0.0,60.75894135
2014-05-30,Almatti,0.0,59.929045900000006
2014-05-31,Almatti,0.0,59.09915045
2014-06-01,Almatti,0.0,58.269255
2014-06-02,Almatti,0.0,32.842671
2014-06-03,Almatti,0.0,14.125880000000002
2014-06-04,Almatti,0.0,10.241263
2014-06-05,Almatti,0.0,7.769234000000001
2014-06-06,Almatti,0.0,7.062940000000001
2014-06-07,Almatti,0.0,7.062940000000001
2014-06-08,Almatti,0.0,90.052485
2014-06-09,Almatti,0.0,109.828717
2014-06-10,Almatti,0.0,109.828717
2014-06-11,Almatti,0.0,0.0
2014-06-12,Almatti,0.0,73.807723
2014-06-13,Almatti,0.0,72.95273552631578
2014-06-14,Almatti,0.0,72.09774805263157
2014-06-15,Almatti,0.0,71.24276057894738
2014-06-16,Almatti,0.0,70.38777310526316
2014-06-17,Almatti,54.397,69.53278563157896
2014-06-18,Almatti,0.0,68.67779815789474
2014-06-19,Almatti,0.0,67.82281068421052
2014-06-20,Almatti,0.0,66.9678232105263
2014-06-21,Almatti,11.072,66.1128357368421
2014-06-22,Almatti,11.129,65.2578482631579
2014-06-23,Almatti,0.0,64.40286078947369
2014-06-24,Almatti,0.0,63.54787331578946
2014-06-25,Almatti,0.0,62.69288584210527
2014-06-26,Almatti,0.0,61.83789836842105
2014-06-27,Almatti,0.0,60.98291089473683
2014-06-28,Almatti,0.0,60.12792342105264
2014-06-29,Almatti,0.0,59.27293594736842
2014-06-30,Almatti,0.0,58.41794847368421
2014-07-01,Almatti,0.0,57.562961
2014-07-02,Almatti,0.0,32.489524
2014-07-03,Almatti,0.0,13.772733
2014-07-04,Almatti,0.0,10.241263
2014-07-05,Almatti,0.0,7.769234000000001
2014-07-06,Almatti,0.0,7.062940000000001
2014-07-07,Almatti,0.0,6.709793
2014-07-08,Almatti,0.0,88.28675000000001
2014-07-09,Almatti,0.0,109.828717
2014-07-10,Almatti,0.0,109.828717
2014-07-11,Almatti,0.0,91.81822
2014-07-12,Almatti,0.0,73.101429
2014-07-13,Almatti,0.0,72.27153355
2014-07-14,Almatti,0.0,71.4416381
2014-07-15,Almatti,0.0,70.61174265000001
2014-07-16,Almatti,43.834,69.7818472
2014-07-17,Almatti,1114.523,68.95195175
2014-07-18,Almatti,1595.031,68.12205630000001
2014-07-19,Almatti,1474.26,67.29216085
2014-07-20,Almatti,1944.943,66.4622654
2014-07-21,Almatti,2221.57,65.63236995000001
2014-07-22,Almatti,2016.329,64.8024745
2014-07-23,Almatti,1711.385,63.97257905000001
2014-07-24,Almatti,3112.673,63.142683600000005
2014-07-25,Almatti,3332.185,62.31278815
2014-07-26,Almatti,4396.983,61.48289270000001
2014-07-27,Almatti,4705.552,60.652997250000006
2014-07-28,Almatti,4114.551,59.8231018
2014-07-29,Almatti,3072.406,58.99320635000001
2014-07-30,Almatti,2296.44,58.163310900000006
2014-07-31,Almatti,2465.803,57.33341545
2014-08-01,Almatti,2928.132,56.50352000000001
2014-08-02,Almatti,3032.932,31.783230000000003
2014-08-03,Almatti,4981.16,13.419586
2014-08-04,Almatti,4503.115,10.241263
2014-08-05,Almatti,4242.203,7.769234000000001
2014-08-06,Almatti,3483.425,6.709793
2014-08-07,Almatti,2686.164,6.709793
2014-08-08,Almatti,2914.058,92.877661
2014-08-09,Almatti,3486.512,109.828717
2014-08-10,Almatti,4015.782,109.828717
2014-08-11,Almatti,2842.303,91.111926
2014-08-12,Almatti,2403.138,72.041988
2014-08-13,Almatti,1310.079,71.1944352
2014-08-14,Almatti,1200.634,70.3468824
2014-08-15,Almatti,950.03,69.4993296
2014-08-16,Almatti,288.181,68.65177680000001
2014-08-17,Almatti,553.396,67.804224
2014-08-18,Almatti,584.177,66.9566712
2014-08-19,Almatti,577.664,66.10911840000001
2014-08-20,Almatti,695.632,65.26156560000001
2014-08-21,Almatti,719.248,64.41401280000001
2014-08-22,Almatti,651.287,63.566460000000006
2014-08-23,Almatti,438.911,62.7189072
2014-08-24,Almatti,438.911,61.8713544
2014-08-25,Almatti,651.287,61.02380160000001
2014-08-26,Almatti,651.287,60.17624880000001
2014-08-27,Almatti,778.713,59.32869600000001
2014-08-28,Almatti,1076.04,58.4811432
2014-08-29,Almatti,1443.678,57.6335904
2014-08-30,Almatti,1443.678,56.78603760000001
2014-08-31,Almatti,1622.385,55.938484800000005
2014-09-01,Almatti,1747.857,55.090932
2014-09-02,Almatti,2008.004,31.430083000000003
2014-09-03,Almatti,2441.62,13.419586
2014-09-04,Almatti,2521.615,9.888116000000002
2014-09-05,Almatti,2533.508,7.769234000000001
2014-09-06,Almatti,1399.702,6.3566460000000005
2014-09-07,Almatti,1342.219,6.709793
2014-09-08,Almatti,2417.551,99.94060100000002
2014-09-09,Almatti,3111.625,109.828717
2014-09-10,Almatti,2822.567,109.828717
2014-09-11,Almatti,1203.466,90.405632
2014-09-12,Almatti,1411.595,70.982547
2014-09-13,Almatti,1619.724,70.09038615789473
2014-09-14,Almatti,1550.347,69.19822531578947
2014-09-15,Almatti,991.09,68.3060644736842
2014-09-16,Almatti,778.713,67.41390363157895
2014-09-17,Almatti,438.911,66.52174278947369
2014-09-18,Almatti,438.911,65.62958194736842
2014-09-19,Almatti,438.911,64.73742110526315
2014-09-20,Almatti,438.911,63.84526026315788
2014-09-21,Almatti,438.911,62.95309942105264
2014-09-22,Almatti,438.911,62.06093857894738
2014-09-23,Almatti,368.119,61.16877773684211
2014-09-24,Almatti,297.327,60.27661689473685
2014-09-25,Almatti,155.743,59.38445605263159
2014-09-26,Almatti,70.792,58.49229521052632
2014-09-27,Almatti,70.792,57.60013436842105
2014-09-28,Almatti,70.792,56.70797352631581
2014-09-29,Almatti,70.792,55.815812684210535
2014-09-30,Almatti,153.307,54.92365184210527
2014-10-01,Almatti,212.376,54.031491
2014-10-02,Almatti,212.376,31.076936000000003
2014-10-03,Almatti,240.693,13.066439
2014-10-04,Almatti,297.327,9.888116000000002
2014-10-05,Almatti,353.961,7.769234000000001
2014-10-06,Almatti,382.277,6.709793
2014-10-07,Almatti,400.259,6.709793
2014-10-08,Almatti,339.802,105.590953
2014-10-09,Almatti,254.852,109.828717
2014-10-10,Almatti,155.743,109.828717
2014-10-11,Almatti,155.743,89.69933800000001
2014-10-12,Almatti,155.743,70.276253
2014-10-13,Almatti,155.743,69.39338550000001
2014-10-14,Almatti,155.743,68.510518
2014-10-15,Almatti,155.743,67.6276505
2014-10-16,Almatti,40.776,66.744783
2014-10-17,Almatti,0.0,65.86191550000001
2014-10-18,Almatti,0.0,64.979048
2014-10-19,Almatti,0.0,64.0961805
2014-10-20,Almatti,0.0,63.21331300000001
2014-10-21,Almatti,0.0,62.3304455
2014-10-22,Almatti,0.0,61.447578
2014-10-23,Almatti,0.0,60.5647105
2014-10-24,Almatti,0.0,59.681843
2014-10-25,Almatti,0.0,58.798975500000005
2014-10-26,Almatti,0.0,57.916108
2014-10-27,Almatti,74.7,57.033240500000005
2014-10-28,Almatti,70.792,56.15037300000001
2014-10-29,Almatti,70.792,55.2675055
2014-10-30,Almatti,70.792,54.384638
2014-10-31,Almatti,70.792,53.5017705
2014-11-01,Almatti,70.792,52.618903
2014-11-02,Almatti,46.156,30.017495
2014-11-03,Almatti,0.0,13.066439
2014-11-04,Almatti,0.0,9.888116000000002
2014-11-05,Almatti,0.0,7.769234000000001
2014-11-06,Almatti,0.0,6.709793
2014-11-07,Almatti,0.0,6.709793
2014-11-08,Almatti,0.0,105.590953
2014-11-09,Almatti,0.0,109.828717
2014-11-10,Almatti,0.0,109.828717
2014-11-11,Almatti,0.0,88.99304400000001
2014-11-12,Almatti,0.0,69.216812
2014-11-13,Almatti,0.0,68.26889110526315
2014-11-14,Almatti,0.0,67.32097021052631
2014-11-15,Almatti,0.0,66.37304931578949
2014-11-16,Almatti,0.0,65.42512842105263
2014-11-17,Almatti,0.0,64.4772075263158
2014-11-18,Almatti,0.0,63.52928663157895
2014-11-19,Almatti,0.0,62.5813657368421
2014-11-20,Almatti,0.0,61.63344484210527
2014-11-21,Almatti,0.0,60.68552394736842
2014-11-22,Almatti,0.0,59.737603052631584
2014-11-23,Almatti,0.0,58.78968215789474
2014-11-24,Almatti,0.0,57.8417612631579
2014-11-25,Almatti,0.0,56.89384036842105
2014-11-26,Almatti,0.0,55.94591947368421
2014-11-27,Almatti,0.0,54.99799857894737
2014-11-28,Almatti,0.0,54.05007768421052
2014-11-29,Almatti,0.0,53.10215678947368
2014-11-30,Almatti,0.0,52.15423589473683
2014-12-01,Almatti,0.0,51.206315
2014-12-02,Almatti,0.0,29.311201
2014-12-03,Almatti,0.0,13.066439
2014-12-04,Almatti,0.0,9.888116000000002
2014-12-05,Almatti,0.0,7.769234000000001
2014-12-06,Almatti,0.0,6.709793
2014-12-07,Almatti,0.0,6.709793
2014-12-08,Almatti,0.0,105.590953
2014-12-09,Almatti,0.0,109.828717
2014-12-10,Almatti,0.0,109.828717
2014-12-11,Almatti,0.0,88.28675000000001
2014-12-12,Almatti,0.0,68.510518
2014-12-13,Almatti,0.0,67.7689093
2014-12-14,Almatti,0.0,67.0273006
2014-12-15,Almatti,0.0,66.2856919
2014-12-16,Almatti,0.0,65.5440832
2014-12-17,Almatti,0.0,64.8024745
2014-12-18,Almatti,0.0,64.0608658
2014-12-19,Almatti,0.0,63.3192571
2014-12-20,Almatti,0.0,62.5776484
2014-12-21,Almatti,0.0,61.8360397
2014-12-22,Almatti,0.0,61.094431
2014-12-23,Almatti,0.0,60.35282230000001
2014-12-24,Almatti,0.0,59.6112136
2014-12-25,Almatti,0.0,58.869604900000006
2014-12-26,Almatti,0.0,58.1279962
2014-12-27,Almatti,0.0,57.386387500000005
2014-12-28,Almatti,0.0,56.644778800000005
2014-12-29,Almatti,0.0,55.9031701
2014-12-30,Almatti,0.0,55.1615614
2014-12-31,Almatti,0.0,54.4199527
2015-01-01,Almatti,0.0,53.678344
2015-01-02,Almatti,0.0,36.374141
2015-01-03,Almatti,0.0,24.013996
2015-01-04,Almatti,0.0,10.59441
2015-01-05,Almatti,0.0,8.828675
2015-01-06,Almatti,0.0,6.3566460000000005
2015-01-07,Almatti,0.0,47.674845000000005
2015-01-08,Almatti,0.0,49.793727
2015-01-09,Almatti,0.0,52.97205
2015-01-10,Almatti,0.0,58.269255
2015-01-11,Almatti,0.0,42.37764
2015-01-12,Almatti,0.0,21.541967
2015-01-13,Almatti,0.0,23.0958138
2015-01-14,Almatti,0.0,24.6496606
2015-01-15,Almatti,0.0,26.2035074
2015-01-16,Almatti,0.0,27.7573542
2015-01-17,Almatti,0.0,29.311201
2015-01-18,Almatti,0.0,30.865047800000003
2015-01-19,Almatti,0.0,32.4188946
2015-01-20,Almatti,0.0,33.972741400000004
2015-01-21,Almatti,0.0,35.5265882
2015-01-22,Almatti,0.0,37.080435
2015-01-23,Almatti,0.0,38.6342818
2015-01-24,Almatti,0.0,40.1881286
2015-01-25,Almatti,0.0,41.7419754
2015-01-26,Almatti,0.0,43.2958222
2015-01-27,Almatti,0.0,44.849669000000006
2015-01-28,Almatti,0.0,46.40351580000001
2015-01-29,Almatti,0.0,47.9573626
2015-01-30,Almatti,0.0,49.5112094
2015-01-31,Almatti,0.0,51.0650562
2015-02-01,Almatti,0.0,52.618903
2015-02-02,Almatti,0.0,35.667847
2015-02-03,Almatti,0.0,23.660849
2015-02-04,Almatti,0.0,0.0
2015-02-05,Almatti,0.0,8.475528
2015-02-06,Almatti,0.0,6.3566460000000005
2015-02-07,Almatti,0.0,47.674845000000005
2015-02-08,Almatti,0.0,49.793727
2015-02-09,Almatti,0.0,52.265756
2015-02-10,Almatti,0.0,58.269255
2015-02-11,Almatti,0.0,41.671346
2015-02-12,Almatti,0.0,21.541967
2015-02-13,Almatti,0.0,23.328475352941176
2015-02-14,Almatti,0.0,25.11498370588236
2015-02-15,Almatti,0.0,26.90149205882353
2015-02-16,Almatti,0.0,28.688000411764705
2015-02-17,Almatti,0.0,30.474508764705885
2015-02-18,Almatti,0.0,32.261017117647064
2015-02-19,Almatti,0.0,34.04752547058824
2015-02-20,Almatti,0.0,35.83403382352941
2015-02-21,Almatti,1.019,37.620542176470586
2015-02-22,Almatti,0.0,39.40705052941176
2015-02-23,Almatti,0.0,41.19355888235294
2015-02-24,Almatti,0.0,42.98006723529412
2015-02-25,Almatti,0.0,44.76657558823528
2015-02-26,Almatti,0.0,46.55308394117647
2015-02-27,Almatti,0.0,48.33959229411765
2015-02-28,Almatti,0.0,50.12610064705883
2015-03-01,Almatti,0.0,51.912609
2015-03-02,Almatti,0.0,35.3147
2015-03-03,Almatti,0.0,23.307702000000003
2015-03-04,Almatti,0.0,10.241263
2015-03-05,Almatti,0.0,8.475528
2015-03-06,Almatti,0.0,6.3566460000000005
2015-03-07,Almatti,0.0,47.674845000000005
2015-03-08,Almatti,0.0,50.853168
2015-03-09,Almatti,0.0,51.559462
2015-03-10,Almatti,0.0,57.562961
2015-03-11,Almatti,0.0,40.965052
2015-03-12,Almatti,0.0,21.18882
2015-03-13,Almatti,0.0,22.6720374
2015-03-14,Almatti,0.0,24.1552548
2015-03-15,Almatti,0.0,25.6384722
2015-03-16,Almatti,0.0,27.121689600000003
2015-03-17,Almatti,0.0,28.604907
2015-03-18,Almatti,0.0,30.0881244
2015-03-19,Almatti,0.0,31.5713418
2015-03-20,Almatti,0.0,33.05455920000001
2015-03-21,Almatti,0.0,34.5377766
2015-03-22,Almatti,0.0,36.020994
2015-03-23,Almatti,0.0,37.5042114
2015-03-24,Almatti,0.0,38.9874288
2015-03-25,Almatti,0.0,40.4706462
2015-03-26,Almatti,0.0,41.9538636
2015-03-27,Almatti,0.0,43.437081
2015-03-28,Almatti,0.0,44.92029839999999
2015-03-29,Almatti,0.0,46.40351580000001
2015-03-30,Almatti,0.0,47.88673320000001
2015-03-31,Almatti,0.0,49.3699506
2015-04-01,Almatti,0.0,50.853168
2015-04-02,Almatti,0.0,34.608406
2015-04-03,Almatti,0.0,22.954555000000003
2015-04-04,Almatti,0.0,10.241263
2015-04-05,Almatti,0.0,8.475528
2015-04-06,Almatti,0.0,6.3566460000000005
2015-04-07,Almatti,0.0,48.734286
2015-04-08,Almatti,0.0,52.618903
2015-04-09,Almatti,0.0,50.500021
2015-04-10,Almatti,0.0,56.50352000000001
2015-04-11,Almatti,0.0,40.611905
2015-04-12,Almatti,0.0,20.835673
2015-04-13,Almatti,0.0,22.378367789473685
2015-04-14,Almatti,0.0,23.921062578947367
2015-04-15,Almatti,0.0,25.46375736842105
2015-04-16,Almatti,0.0,27.00645215789474
2015-04-17,Almatti,0.0,28.54914694736842
2015-04-18,Almatti,0.0,30.091841736842103
2015-04-19,Almatti,0.0,31.634536526315788
2015-04-20,Almatti,0.0,33.17723131578947
2015-04-21,Almatti,0.0,34.71992610526316
2015-04-22,Almatti,0.0,36.26262089473684
2015-04-23,Almatti,0.0,37.80531568421053
2015-04-24,Almatti,0.0,39.3480104736842
2015-04-25,Almatti,0.0,40.8907052631579
2015-04-26,Almatti,0.0,42.43340005263158
2015-04-27,Almatti,0.0,43.97609484210527
2015-04-28,Almatti,0.0,45.51878963157895
2015-04-29,Almatti,0.0,47.06148442105263
2015-04-30,Almatti,0.0,48.60417921052632
2015-05-01,Almatti,0.0,50.146874
2015-05-02,Almatti,0.0,33.902112
2015-05-03,Almatti,0.0,22.601408000000003
2015-05-04,Almatti,0.0,10.241263
2015-05-05,Almatti,0.0,8.475528
2015-05-06,Almatti,0.0,6.003499000000001
2015-05-07,Almatti,0.0,49.44058
2015-05-08,Almatti,0.0,53.678344
2015-05-09,Almatti,0.0,49.793727
2015-05-10,Almatti,0.0,55.79722600000001
2015-05-11,Almatti,0.0,39.905611
2015-05-12,Almatti,0.0,20.835673
2015-05-13,Almatti,0.0,22.26591835
2015-05-14,Almatti,0.0,23.6961637
2015-05-15,Almatti,0.0,25.126409050000003
2015-05-16,Almatti,0.0,26.556654400000003
2015-05-17,Almatti,0.0,27.98689975
2015-05-18,Almatti,0.0,29.4171451
2015-05-19,Almatti,0.0,30.84739045
2015-05-20,Almatti,0.0,32.277635800000006
2015-05-21,Almatti,0.0,33.707881150000006
2015-05-22,Almatti,0.0,35.1381265
2015-05-23,Almatti,0.0,36.568371850000005
2015-05-24,Almatti,0.0,37.998617200000005
2015-05-25,Almatti,0.0,39.42886255
2015-05-26,Almatti,0.0,40.859107900000005
2015-05-27,Almatti,0.0,42.28935325
2015-05-28,Almatti,0.0,43.719598600000005
2015-05-29,Almatti,0.0,45.149843950000005
2015-05-30,Almatti,0.0,46.5800893
2015-05-31,Almatti,0.0,48.01033465
2015-06-01,Almatti,0.0,49.44058
2015-06-02,Almatti,0.0,33.195818
2015-06-03,Almatti,0.0,22.248261000000003
2015-06-04,Almatti,0.0,9.888116000000002
2015-06-05,Almatti,0.0,8.475528
2015-06-06,Almatti,0.0,6.003499000000001
2015-06-07,Almatti,0.0,49.44058
2015-06-08,Almatti,0.0,54.031491
2015-06-09,Almatti,0.0,48.734286
2015-06-10,Almatti,0.0,55.79722600000001
2015-06-11,Almatti,0.0,38.84617000000001
2015-06-12,Almatti,0.0,20.835673
2015-06-13,Almatti,0.0,22.30402105263158
2015-06-14,Almatti,0.0,23.77236910526316
2015-06-15,Almatti,0.0,25.240717157894736
2015-06-16,Almatti,0.0,26.709065210526315
2015-06-17,Almatti,0.0,28.17741326315789
2015-06-18,Almatti,0.0,29.645761315789475
2015-06-19,Almatti,0.0,31.11410936842105
2015-06-20,Almatti,0.0,32.58245742105263
2015-06-21,Almatti,0.0,34.05080547368421
2015-06-22,Almatti,0.0,35.51915352631579
2015-06-23,Almatti,0.0,36.98750157894737
2015-06-24,Almatti,0.0,38.45584963157894
2015-06-25,Almatti,0.0,39.924197684210526
2015-06-26,Almatti,0.0,41.39254573684211
2015-06-27,Almatti,0.0,42.860893789473685
2015-06-28,Almatti,0.0,44.32924184210526
2015-06-29,Almatti,0.0,45.79758989473684
2015-06-30,Almatti,0.0,47.26593794736842
2015-07-01,Almatti,0.0,48.734286
2015-07-02,Almatti,0.0,32.842671
2015-07-03,Almatti,0.0,21.895114
2015-07-04,Almatti,0.0,9.888116000000002
2015-07-05,Almatti,0.0,8.122381
2015-07-06,Almatti,0.0,6.003499000000001
2015-07-07,Almatti,0.0,49.087433
2015-07-08,Almatti,0.0,54.031491
2015-07-09,Almatti,0.0,47.674845000000005
2015-07-10,Almatti,0.0,56.50352000000001
2015-07-11,Almatti,0.0,37.786729
2015-07-12,Almatti,0.0,20.835673
2015-07-13,Almatti,0.0,22.2129463
2015-07-14,Almatti,0.0,23.5902196
2015-07-15,Almatti,0.0,24.9674929
2015-07-16,Almatti,0.0,26.3447662
2015-07-17,Almatti,0.0,27.7220395
2015-07-18,Almatti,0.0,29.099312800000003
2015-07-19,Almatti,0.0,30.4765861
2015-07-20,Almatti,0.0,31.8538594
2015-07-21,Almatti,0.0,33.2311327
2015-07-22,Almatti,0.0,34.608406
2015-07-23,Almatti,0.0,35.9856793
2015-07-24,Almatti,0.0,37.36295260000001
2015-07-25,Almatti,0.0,38.7402259
2015-07-26,Almatti,0.0,40.1174992
2015-07-27,Almatti,0.0,41.4947725
2015-07-28,Almatti,0.0,42.8720458
2015-07-29,Almatti,0.0,44.2493191
2015-07-30,Almatti,0.0,45.62659240000001
2015-07-31,Almatti,0.0,47.0038657
2015-08-01,Almatti,0.0,48.381139000000005
2015-08-02,Almatti,0.0,32.842671
2015-08-03,Almatti,0.0,21.541967
2015-08-04,Almatti,0.0,9.888116000000002
2015-08-05,Almatti,0.0,8.122381
2015-08-06,Almatti,0.0,6.003499000000001
2015-08-07,Almatti,0.0,48.734286
2015-08-08,Almatti,0.0,55.090932
2015-08-09,Almatti,0.0,46.968551000000005
2015-08-10,Almatti,0.0,57.562961
2015-08-11,Almatti,0.0,36.727288
2015-08-12,Almatti,0.0,20.482526
2015-08-13,Almatti,0.0,21.87745665
2015-08-14,Almatti,0.0,23.2723873
2015-08-15,Almatti,0.0,24.66731795
2015-08-16,Almatti,0.0,26.0622486
2015-08-17,Almatti,0.0,27.45717925
2015-08-18,Almatti,0.0,28.8521099
2015-08-19,Almatti,0.0,30.247040550000005
2015-08-20,Almatti,0.0,31.641971200000004
2015-08-21,Almatti,0.0,33.03690185
2015-08-22,Almatti,0.0,34.4318325
2015-08-23,Almatti,0.0,35.82676315
2015-08-24,Almatti,0.0,37.2216938
2015-08-25,Almatti,0.0,38.61662445
2015-08-26,Almatti,0.0,40.0115551
2015-08-27,Almatti,0.0,41.40648575000001
2015-08-28,Almatti,0.0,42.80141640000001
2015-08-29,Almatti,0.0,44.19634705000001
2015-08-30,Almatti,0.0,45.5912777
2015-08-31,Almatti,0.0,46.986208350000005
2015-09-01,Almatti,0.0,48.381139000000005
2015-09-02,Almatti,0.0,32.489524
2015-09-03,Almatti,0.0,21.18882
2015-09-04,Almatti,0.0,9.888116000000002
2015-09-05,Almatti,0.0,7.769234000000001
2015-09-06,Almatti,0.0,6.003499000000001
2015-09-07,Almatti,0.0,48.381139000000005
2015-09-08,Almatti,0.0,57.562961
2015-09-09,Almatti,0.0,46.615404000000005
2015-09-10,Almatti,0.0,58.269255
2015-09-11,Almatti,0.0,35.667847
2015-09-12,Almatti,0.0,20.482526
2015-09-13,Almatti,0.0,21.95087405263158
2015-09-14,Almatti,0.0,23.41922210526316
2015-09-15,Almatti,0.0,24.887570157894736
2015-09-16,Almatti,0.0,26.355918210526315
2015-09-17,Almatti,0.0,27.82426626315789
2015-09-18,Almatti,0.0,29.29261431578948
2015-09-19,Almatti,0.0,30.76096236842105
2015-09-20,Almatti,0.0,32.22931042105263
2015-09-21,Almatti,0.0,33.69765847368421
2015-09-22,Almatti,0.0,35.16600652631579
2015-09-23,Almatti,0.0,36.63435457894737
2015-09-24,Almatti,0.0,38.10270263157896
2015-09-25,Almatti,0.0,39.571050684210526
2015-09-26,Almatti,0.0,41.03939873684211
2015-09-27,Almatti,0.0,42.50774678947369
2015-09-28,Almatti,0.0,43.97609484210527
2015-09-29,Almatti,0.0,45.44444289473684
2015-09-30,Almatti,0.0,46.91279094736842
2015-10-01,Almatti,0.0,48.381139000000005
2015-10-02,Almatti,0.0,32.136377
2015-10-03,Almatti,0.0,20.835673
2015-10-04,Almatti,0.0,9.888116000000002
2015-10-05,Almatti,0.0,7.769234000000001
2015-10-06,Almatti,0.0,6.003499000000001
2015-10-07,Almatti,28.317,48.027992000000005
2015-10-08,Almatti,56.634,59.681843
2015-10-09,Almatti,84.951,46.262257000000005
2015-10-10,Almatti,113.267,58.269255
2015-10-11,Almatti,141.584,34.608406
2015-10-12,Almatti,99.874,20.482526
2015-10-13,Almatti,66.573,21.8597993
2015-10-14,Almatti,49.93,23.2370726
2015-10-15,Almatti,33.286,24.6143459
2015-10-16,Almatti,16.643,25.9916192
2015-10-17,Almatti,0.0,27.3688925
2015-10-18,Almatti,0.0,28.746165800000004
2015-10-19,Almatti,0.0,30.1234391
2015-10-20,Almatti,0.0,31.5007124
2015-10-21,Almatti,0.0,32.8779857
2015-10-22,Almatti,0.0,34.255259
2015-10-23,Almatti,0.0,35.6325323
2015-10-24,Almatti,0.0,37.00980560000001
2015-10-25,Almatti,0.0,38.387078900000006
2015-10-26,Almatti,0.0,39.7643522
2015-10-27,Almatti,0.0,41.1416255
2015-10-28,Almatti,0.0,42.51889880000001
2015-10-29,Almatti,0.0,43.89617210000001
2015-10-30,Almatti,0.0,45.27344540000001
2015-10-31,Almatti,0.0,46.650718700000006
2015-11-01,Almatti,0.0,48.027992000000005
2015-11-02,Almatti,0.0,32.136377
2015-11-03,Almatti,0.0,20.129379
2015-11-04,Almatti,0.0,9.534969000000002
2015-11-05,Almatti,0.0,7.769234000000001
2015-11-06,Almatti,0.0,6.003499000000001
2015-11-07,Almatti,0.0,47.321698000000005
2015-11-08,Almatti,0.0,60.03499
2015-11-09,Almatti,0.0,46.615404000000005
2015-11-10,Almatti,0.0,58.269255
2015-11-11,Almatti,0.0,33.548965
2015-11-12,Almatti,0.0,20.129379
2015-11-13,Almatti,0.0,21.59772705263158
2015-11-14,Almatti,0.0,23.06607510526316
2015-11-15,Almatti,0.0,24.534423157894736
2015-11-16,Almatti,0.0,26.00277121052632
2015-11-17,Almatti,0.0,27.47111926315789
2015-11-18,Almatti,0.0,28.939467315789475
2015-11-19,Almatti,0.0,30.40781536842105
2015-11-20,Almatti,0.0,31.876163421052635
2015-11-21,Almatti,0.0,33.34451147368421
2015-11-22,Almatti,0.0,34.81285952631579
2015-11-23,Almatti,0.0,36.281207578947374
2015-11-24,Almatti,0.0,37.74955563157895
2015-11-25,Almatti,0.0,39.21790368421053
2015-11-26,Almatti,0.0,40.68625173684211
2015-11-27,Almatti,0.0,42.154599789473686
2015-11-28,Almatti,0.0,43.62294784210527
2015-11-29,Almatti,0.0,45.091295894736845
2015-11-30,Almatti,0.0,46.55964394736842
2015-12-01,Almatti,0.0,48.027992000000005
2015-12-02,Almatti,0.0,31.783230000000003
2015-12-03,Almatti,0.0,19.776232000000004
2015-12-04,Almatti,0.0,9.534969000000002
2015-12-05,Almatti,0.0,7.769234000000001
2015-12-06,Almatti,0.0,6.003499000000001
2015-12-07,Almatti,0.0,46.615404000000005
2015-12-08,Almatti,0.0,60.03499
2015-12-09,Almatti,0.0,46.968551000000005
2015-12-10,Almatti,0.0,58.269255
2015-12-11,Almatti,0.0,32.842671
2015-12-12,Almatti,0.0,20.129379
2015-12-13,Almatti,0.0,19.899833450000003
2015-12-14,Almatti,0.0,19.6702879
2015-12-15,Almatti,0.0,19.44074235
2015-12-16,Almatti,0.0,19.2111968
2015-12-17,Almatti,0.0,18.98165125
2015-12-18,Almatti,0.0,18.7521057
2015-12-19,Almatti,0.0,18.52256015
2015-12-20,Almatti,0.0,18.293014600000003
2015-12-21,Almatti,0.0,18.06346905
2015-12-22,Almatti,0.0,17.8339235
2015-12-23,Almatti,0.0,17.604377949999996
2015-12-24,Almatti,0.0,17.3748324
2015-12-25,Almatti,0.0,17.14528685
2015-12-26,Almatti,0.0,16.9157413
2015-12-27,Almatti,0.0,16.68619575
2015-12-28,Almatti,0.0,16.4566502
2015-12-29,Almatti,0.0,16.22710465
2015-12-30,Almatti,0.0,15.997559100000002
2015-12-31,Almatti,0.0,15.76801355
2016-01-01,Almatti,0.0,15.538468000000002
2016-01-02,Almatti,0.0,14.125880000000002
2016-01-03,Almatti,0.0,12.360145
2016-01-04,Almatti,0.0,8.475528
2016-01-05,Almatti,0.0,5.297205
2016-01-06,Almatti,0.0,1.4125880000000002
2016-01-07,Almatti,0.0,1.7657350000000005
2016-01-08,Almatti,0.0,109.828717
2016-01-09,Almatti,0.0,109.828717
2016-01-10,Almatti,0.0,109.828717
2016-01-11,Almatti,0.0,93.583955
2016-01-12,Almatti,0.0,69.923106
2016-01-13,Almatti,0.0,67.20387410000001
2016-01-14,Almatti,0.0,64.48464220000001
2016-01-15,Almatti,0.0,61.765410300000006
2016-01-16,Almatti,0.0,59.0461784
2016-01-17,Almatti,0.0,56.326946500000005
2016-01-18,Almatti,0.0,53.6077146
2016-01-19,Almatti,0.0,50.8884827
2016-01-20,Almatti,0.0,48.16925080000001
2016-01-21,Almatti,0.0,45.4500189
2016-01-22,Almatti,0.0,42.730787
2016-01-23,Almatti,0.0,40.0115551
2016-01-24,Almatti,0.0,37.2923232
2016-01-25,Almatti,0.0,34.5730913
2016-01-26,Almatti,0.0,31.8538594
2016-01-27,Almatti,0.0,29.134627499999997
2016-01-28,Almatti,0.0,26.415395599999997
2016-01-29,Almatti,0.0,23.6961637
2016-01-30,Almatti,0.0,20.9769318
2016-01-31,Almatti,0.0,18.2576999
2016-02-01,Almatti,0.0,15.538468000000002
2016-02-02,Almatti,0.0,14.125880000000002
2016-02-03,Almatti,0.0,12.360145
2016-02-04,Almatti,0.0,8.475528
2016-02-05,Almatti,0.0,5.297205
2016-02-06,Almatti,0.0,1.4125880000000002
2016-02-07,Almatti,0.0,1.7657350000000005
2016-02-08,Almatti,0.0,109.828717
2016-02-09,Almatti,0.0,109.828717
2016-02-10,Almatti,0.0,109.828717
2016-02-11,Almatti,0.0,92.524514
2016-02-12,Almatti,0.0,68.863665
2016-02-13,Almatti,0.0,65.90115405555555
2016-02-14,Almatti,0.0,62.93864311111111
2016-02-15,Almatti,0.0,59.976132166666666
2016-02-16,Almatti,0.0,57.01362122222222
2016-02-17,Almatti,0.0,54.051110277777774
2016-02-18,Almatti,0.0,51.08859933333334
2016-02-19,Almatti,0.0,48.12608838888889
2016-02-20,Almatti,0.0,45.16357744444445
2016-02-21,Almatti,0.0,42.2010665
2016-02-22,Almatti,0.0,39.23855555555556
2016-02-23,Almatti,0.0,36.276044611111104
2016-02-24,Almatti,0.0,33.31353366666667
2016-02-25,Almatti,0.0,30.351022722222226
2016-02-26,Almatti,0.0,27.38851177777778
2016-02-27,Almatti,0.0,24.426000833333333
2016-02-28,Almatti,0.0,21.46348988888889
2016-02-29,Almatti,0.0,18.500978944444444
2016-03-01,Almatti,0.0,15.538468000000002
2016-03-02,Almatti,0.0,14.125880000000002
2016-03-03,Almatti,0.0,12.360145
2016-03-04,Almatti,0.0,8.475528
2016-03-05,Almatti,0.0,4.944058000000001
2016-03-06,Almatti,0.0,1.059441
2016-03-07,Almatti,0.0,1.7657350000000005
2016-03-08,Almatti,0.0,109.122423
2016-03-09,Almatti,0.0,109.828717
2016-03-10,Almatti,0.0,109.828717
2016-03-11,Almatti,0.0,91.465073
2016-03-12,Almatti,0.0,67.804224
2016-03-13,Almatti,0.0,65.17327885
2016-03-14,Almatti,0.0,62.5423337
2016-03-15,Almatti,0.0,59.91138855
2016-03-16,Almatti,0.0,57.28044340000001
2016-03-17,Almatti,0.0,54.64949825000001
2016-03-18,Almatti,0.0,52.018553100000005
2016-03-19,Almatti,0.0,49.38760795
2016-03-20,Almatti,0.0,46.7566628
2016-03-21,Almatti,0.0,44.12571765
2016-03-22,Almatti,0.0,41.4947725
2016-03-23,Almatti,0.0,38.86382735
2016-03-24,Almatti,0.0,36.23288219999999
2016-03-25,Almatti,0.0,33.601937050000004
2016-03-26,Almatti,0.0,30.9709919
2016-03-27,Almatti,0.0,28.340046750000003
2016-03-28,Almatti,0.0,25.7091016
2016-03-29,Almatti,0.0,23.07815645
2016-03-30,Almatti,0.0,20.4472113
2016-03-31,Almatti,0.0,17.81626615
2016-04-01,Almatti,0.0,15.185321
2016-04-02,Almatti,0.0,14.125880000000002
2016-04-03,Almatti,0.0,12.006998
2016-04-04,Almatti,0.0,8.475528
2016-04-05,Almatti,0.0,4.944058000000001
2016-04-06,Almatti,0.0,1.059441
2016-04-07,Almatti,0.0,2.4720290000000005
2016-04-08,Almatti,0.0,107.003541
2016-04-09,Almatti,0.0,109.828717
2016-04-10,Almatti,0.0,109.828717
2016-04-11,Almatti,0.0,90.052485
2016-04-12,Almatti,0.0,67.451077
2016-04-13,Almatti,0.0,64.70024773684212
2016-04-14,Almatti,0.0,61.94941847368421
2016-04-15,Almatti,0.0,59.19858921052632
2016-04-16,Almatti,0.0,56.44775994736842
2016-04-17,Almatti,0.0,53.69693068421052
2016-04-18,Almatti,0.0,50.94610142105264
2016-04-19,Almatti,0.0,48.195272157894735
2016-04-20,Almatti,0.0,45.44444289473684
2016-04-21,Almatti,0.0,42.69361363157894
2016-04-22,Almatti,0.0,39.94278436842105
2016-04-23,Almatti,0.0,37.19195510526316
2016-04-24,Almatti,0.0,34.441125842105265
2016-04-25,Almatti,0.0,31.69029657894737
2016-04-26,Almatti,0.0,28.939467315789475
2016-04-27,Almatti,0.0,26.188638052631585
2016-04-28,Almatti,0.0,23.43780878947368
2016-04-29,Almatti,0.0,20.68697952631579
2016-04-30,Almatti,0.0,17.93615026315789
2016-05-01,Almatti,0.0,15.185321
2016-05-02,Almatti,0.0,13.772733
2016-05-03,Almatti,0.0,12.006998
2016-05-04,Almatti,0.0,8.475528
2016-05-05,Almatti,0.0,4.944058000000001
2016-05-06,Almatti,0.0,1.4125880000000002
2016-05-07,Almatti,0.0,4.590911
2016-05-08,Almatti,0.0,96.762278
2016-05-09,Almatti,0.0,109.828717
2016-05-10,Almatti,0.0,109.828717
2016-05-11,Almatti,0.0,89.346191
2016-05-12,Almatti,0.0,67.09793
2016-05-13,Almatti,0.0,64.50229955
2016-05-14,Almatti,0.0,61.9066691
2016-05-15,Almatti,0.0,59.31103865
2016-05-16,Almatti,0.0,56.715408200000006
2016-05-17,Almatti,0.0,54.11977775
2016-05-18,Almatti,0.0,51.5241473
2016-05-19,Almatti,0.0,48.92851685
2016-05-20,Almatti,0.0,46.3328864
2016-05-21,Almatti,0.0,43.73725595
2016-05-22,Almatti,0.0,41.1416255
2016-05-23,Almatti,0.0,38.54599505
2016-05-24,Almatti,0.0,35.95036459999999
2016-05-25,Almatti,0.0,33.35473415
2016-05-26,Almatti,0.0,30.7591037
2016-05-27,Almatti,0.0,28.16347325
2016-05-28,Almatti,0.0,25.5678428
2016-05-29,Almatti,0.0,22.97221235
2016-05-30,Almatti,0.0,20.3765819
2016-05-31,Almatti,0.0,17.780951449999996
2016-06-01,Almatti,0.0,15.185321
2016-06-02,Almatti,0.0,13.772733
2016-06-03,Almatti,0.0,12.006998
2016-06-04,Almatti,0.0,8.122381
2016-06-05,Almatti,7.702,4.944058000000001
2016-06-06,Almatti,7.674,1.4125880000000002
2016-06-07,Almatti,11.511,7.769234000000001
2016-06-08,Almatti,15.348,91.81822
2016-06-09,Almatti,15.348,109.828717
2016-06-10,Almatti,7.646,109.828717
2016-06-11,Almatti,7.646,88.28675000000001
2016-06-12,Almatti,0.0,66.744783
2016-06-13,Almatti,0.0,64.03112710526317
2016-06-14,Almatti,0.0,61.31747121052632
2016-06-15,Almatti,0.0,58.60381531578948
2016-06-16,Almatti,0.0,55.89015942105264
2016-06-17,Almatti,0.0,53.17650352631579
2016-06-18,Almatti,0.0,50.46284763157894
2016-06-19,Almatti,7.674,47.74919173684211
2016-06-20,Almatti,38.398,45.03553584210527
2016-06-21,Almatti,30.724,42.32187994736842
2016-06-22,Almatti,46.496,39.60822405263158
2016-06-23,Almatti,24.268,36.89456815789474
2016-06-24,Almatti,8.07,34.18091226315789
2016-06-25,Almatti,5.38,31.46725636842105
2016-06-26,Almatti,2.69,28.75360047368421
2016-06-27,Almatti,0.0,26.039944578947367
2016-06-28,Almatti,0.0,23.326288684210525
2016-06-29,Almatti,3.993,20.61263278947369
2016-06-30,Almatti,7.985,17.898976894736837
2016-07-01,Almatti,16.169,15.185321
2016-07-02,Almatti,8.099,13.772733
2016-07-03,Almatti,0.0,12.006998
2016-07-04,Almatti,195.415,8.122381
2016-07-05,Almatti,650.891,4.944058000000001
2016-07-06,Almatti,1090.34,1.4125880000000002
2016-07-07,Almatti,1225.907,12.006998
2016-07-08,Almatti,1361.474,91.81822
2016-07-09,Almatti,935.051,109.828717
2016-07-10,Almatti,508.627,109.828717
2016-07-11,Almatti,565.063,87.227309
2016-07-12,Almatti,2326.824,66.391636
2016-07-13,Almatti,3609.407,63.831320250000005
2016-07-14,Almatti,4042.421,61.2710045
2016-07-15,Almatti,4475.435,58.71068875000001
2016-07-16,Almatti,4908.449,56.15037300000001
2016-07-17,Almatti,5341.463,53.59005725
2016-07-18,Almatti,4525.967,51.0297415
2016-07-19,Almatti,2708.676,48.469425750000006
2016-07-20,Almatti,1298.979,45.90911
2016-07-21,Almatti,784.037,43.348794250000005
2016-07-22,Almatti,842.709,40.7884785
2016-07-23,Almatti,761.412,38.22816275
2016-07-24,Almatti,472.042,35.667846999999995
2016-07-25,Almatti,660.802,33.10753125
2016-07-26,Almatti,725.704,30.5472155
2016-07-27,Almatti,790.606,27.98689975
2016-07-28,Almatti,719.814,25.426584
2016-07-29,Almatti,578.23,22.86626825
2016-07-30,Almatti,436.646,20.3059525
2016-07-31,Almatti,436.646,17.74563675
2016-08-01,Almatti,436.646,15.185321
2016-08-02,Almatti,436.646,13.772733
2016-08-03,Almatti,581.883,12.006998
2016-08-04,Almatti,2896.587,8.122381
2016-08-05,Almatti,3452.758,4.944058000000001
2016-08-06,Almatti,3813.345,1.4125880000000002
2016-08-07,Almatti,4398.881,16.244762
2016-08-08,Almatti,4984.416,91.81822
2016-08-09,Almatti,5276.873,109.828717
2016-08-10,Almatti,5569.329,109.828717
2016-08-11,Almatti,6094.663,86.167868
2016-08-12,Almatti,5960.045,66.391636
2016-08-13,Almatti,5300.8,63.831320250000005
2016-08-14,Almatti,4206.822,61.2710045
2016-08-15,Almatti,3112.843,58.71068875000001
2016-08-16,Almatti,2018.864,56.15037300000001
2016-08-17,Almatti,924.885,53.59005725
2016-08-18,Almatti,578.23,51.0297415
2016-08-19,Almatti,507.438,48.469425750000006
2016-08-20,Almatti,649.022,45.90911
2016-08-21,Almatti,719.814,43.348794250000005
2016-08-22,Almatti,564.072,40.7884785
2016-08-23,Almatti,408.329,38.22816275
2016-08-24,Almatti,493.279,35.667846999999995
2016-08-25,Almatti,577.664,33.10753125
2016-08-26,Almatti,613.343,30.5472155
2016-08-27,Almatti,649.022,27.98689975
2016-08-28,Almatti,721.796,25.426584
2016-08-29,Almatti,573.275,22.86626825
2016-08-30,Almatti,424.753,20.3059525
2016-08-31,Almatti,424.753,17.74563675
2016-09-01,Almatti,424.753,15.185321
2016-09-02,Almatti,424.753,13.772733
2016-09-03,Almatti,195.953,12.006998
2016-09-04,Almatti,82.685,8.122381
2016-09-05,Almatti,68.527,3.884617
2016-09-06,Almatti,68.527,1.4125880000000002
2016-09-07,Almatti,57.908,19.423085000000004
2016-09-08,Almatti,47.289,92.877661
2016-09-09,Almatti,23.645,109.828717
2016-09-10,Almatti,0.0,109.828717
2016-09-11,Almatti,18.972,84.75528
2016-09-12,Almatti,0.0,66.03848900000001
2016-09-13,Almatti,0.0,63.36200647368423
2016-09-14,Almatti,0.0,60.68552394736843
2016-09-15,Almatti,0.0,58.00904142105264
2016-09-16,Almatti,0.0,55.33255889473685
2016-09-17,Almatti,0.0,52.656076368421054
2016-09-18,Almatti,0.0,49.97959384210527
2016-09-19,Almatti,322.274,47.30311131578948
2016-09-20,Almatti,1350.6,44.62662878947369
2016-09-21,Almatti,1594.776,41.95014626315789
2016-09-22,Almatti,1673.837,39.27366373684211
2016-09-23,Almatti,778.713,36.59718121052632
2016-09-24,Almatti,1389.14,33.92069868421052
2016-09-25,Almatti,1598.429,31.244216157894737
2016-09-26,Almatti,1805.539,28.56773363157895
2016-09-27,Almatti,2012.648,25.891251105263155
2016-09-28,Almatti,1413.832,23.21476857894737
2016-09-29,Almatti,841.421,20.538286052631577
2016-09-30,Almatti,269.01,17.861803526315793
2016-10-01,Almatti,198.218,15.185321
2016-10-02,Almatti,278.411,13.772733
2016-10-03,Almatti,283.168,11.653851
2016-10-04,Almatti,297.327,8.122381
2016-10-05,Almatti,311.485,3.178323
2016-10-06,Almatti,311.485,1.4125880000000002
2016-10-07,Almatti,252.96,21.18882
2016-10-08,Almatti,194.435,91.465073
2016-10-09,Almatti,135.91,109.828717
2016-10-10,Almatti,77.384,109.828717
2016-10-11,Almatti,18.859,83.695839
2016-10-12,Almatti,0.0,66.03848900000001
2016-10-13,Almatti,42.475,63.495830600000005
2016-10-14,Almatti,49.554,60.9531722
2016-10-15,Almatti,56.634,58.4105138
2016-10-16,Almatti,56.634,55.8678554
2016-10-17,Almatti,56.634,53.325197
2016-10-18,Almatti,56.634,50.78253860000001
2016-10-19,Almatti,42.475,48.23988020000001
2016-10-20,Almatti,21.238,45.6972218
2016-10-21,Almatti,0.0,43.1545634
2016-10-22,Almatti,0.0,40.611905
2016-10-23,Almatti,0.0,38.06924660000001
2016-10-24,Almatti,0.0,35.5265882
2016-10-25,Almatti,0.0,32.983929800000006
2016-10-26,Almatti,0.0,30.441271400000005
2016-10-27,Almatti,0.0,27.898613000000005
2016-10-28,Almatti,0.0,25.3559546
2016-10-29,Almatti,0.0,22.8132962
2016-10-30,Almatti,0.0,20.270637800000003
2016-10-31,Almatti,0.0,17.727979400000002
2016-11-01,Almatti,0.0,15.185321
2016-11-02,Almatti,0.0,13.419586
2016-11-03,Almatti,0.0,11.653851
2016-11-04,Almatti,0.0,7.769234000000001
2016-11-05,Almatti,0.0,2.4720290000000005
2016-11-06,Almatti,0.0,1.4125880000000002
2016-11-07,Almatti,0.0,22.954555000000003
2016-11-08,Almatti,0.0,89.346191
2016-11-09,Almatti,0.0,109.828717
2016-11-10,Almatti,0.0,109.828717
2016-11-11,Almatti,0.0,83.342692
2016-11-12,Almatti,0.0,65.685342
2016-11-13,Almatti,0.0,63.00885947368422
2016-11-14,Almatti,0.0,60.33237694736843
2016-11-15,Almatti,0.0,57.65589442105264
2016-11-16,Almatti,0.0,54.97941189473685
2016-11-17,Almatti,0.0,52.302929368421054
2016-11-18,Almatti,0.0,49.62644684210528
2016-11-19,Almatti,0.0,46.94996431578948
2016-11-20,Almatti,0.0,44.27348178947368
2016-11-21,Almatti,0.0,41.59699926315789
2016-11-22,Almatti,0.0,38.92051673684212
2016-11-23,Almatti,0.0,36.24403421052632
2016-11-24,Almatti,0.0,33.56755168421052
2016-11-25,Almatti,0.0,30.891069157894737
2016-11-26,Almatti,0.0,28.21458663157895
2016-11-27,Almatti,0.0,25.538104105263155
2016-11-28,Almatti,0.0,22.86162157894737
2016-11-29,Almatti,0.0,20.185139052631577
2016-11-30,Almatti,0.0,17.50865652631579
2016-12-01,Almatti,0.0,14.832174
2016-12-02,Almatti,0.0,13.419586
2016-12-03,Almatti,0.0,11.653851
2016-12-04,Almatti,0.0,7.769234000000001
2016-12-05,Almatti,0.0,2.4720290000000005
2016-12-06,Almatti,0.0,1.4125880000000002
2016-12-07,Almatti,0.0,30.017495
2016-12-08,Almatti,0.0,88.63989699999999
2016-12-09,Almatti,0.0,109.828717
2016-12-10,Almatti,0.0,109.828717
2016-12-11,Almatti,0.0,82.636398
2016-12-12,Almatti,0.0,65.685342
2016-12-13,Almatti,0.0,64.46698485
2016-12-14,Almatti,0.0,63.2486277
2016-12-15,Almatti,0.0,62.03027055
2016-12-16,Almatti,0.0,60.8119134
2016-12-17,Almatti,0.0,59.593556250000006
2016-12-18,Almatti,0.0,58.3751991
2016-12-19,Almatti,0.0,57.15684195000001
2016-12-20,Almatti,0.0,55.938484800000005
2016-12-21,Almatti,0.0,54.72012765000001
2016-12-22,Almatti,0.0,53.5017705
2016-12-23,Almatti,0.0,52.28341335
2016-12-24,Almatti,0.0,51.0650562
2016-12-25,Almatti,0.0,49.846699050000005
2016-12-26,Almatti,0.0,48.6283419
2016-12-27,Almatti,0.0,47.40998474999999
2016-12-28,Almatti,0.0,46.1916276
2016-12-29,Almatti,0.0,44.97327045000001
2016-12-30,Almatti,0.0,43.754913300000005
2016-12-31,Almatti,0.0,42.53655615
2017-01-01,Almatti,0.0,41.318199
2017-01-02,Almatti,0.0,24.367143
2017-01-03,Almatti,0.0,8.828675
2017-01-04,Almatti,0.0,0.353147
2017-01-05,Almatti,0.0,0.0
2017-01-06,Almatti,0.0,0.0
2017-01-07,Almatti,0.0,3.884617
2017-01-08,Almatti,0.0,109.828717
2017-01-09,Almatti,0.0,109.828717
2017-01-10,Almatti,0.0,109.828717
2017-01-11,Almatti,0.0,109.828717
2017-01-12,Almatti,0.0,86.521015
2017-01-13,Almatti,0.0,84.2608742
2017-01-14,Almatti,0.0,82.0007334
2017-01-15,Almatti,0.0,79.7405926
2017-01-16,Almatti,0.0,77.4804518
2017-01-17,Almatti,0.0,75.220311
2017-01-18,Almatti,0.0,72.9601702
2017-01-19,Almatti,0.0,70.70002939999999
2017-01-20,Almatti,0.0,68.4398886
2017-01-21,Almatti,0.0,66.1797478
2017-01-22,Almatti,0.0,63.919607000000006
2017-01-23,Almatti,0.0,61.6594662
2017-01-24,Almatti,0.0,59.3993254
2017-01-25,Almatti,0.0,57.13918460000001
2017-01-26,Almatti,0.0,54.8790438
2017-01-27,Almatti,0.0,52.618903
2017-01-28,Almatti,0.0,50.3587622
2017-01-29,Almatti,0.0,48.098621400000006
2017-01-30,Almatti,0.0,45.8384806
2017-01-31,Almatti,0.0,43.5783398
2017-02-01,Almatti,0.0,41.318199
2017-02-02,Almatti,0.0,24.367143
2017-02-03,Almatti,0.0,8.475528
2017-02-04,Almatti,0.0,0.353147
2017-02-05,Almatti,0.0,0.0
2017-02-06,Almatti,0.0,0.0
2017-02-07,Almatti,0.0,7.062940000000001
2017-02-08,Almatti,0.0,109.828717
2017-02-09,Almatti,0.0,109.828717
2017-02-10,Almatti,0.0,109.828717
2017-02-11,Almatti,0.0,109.828717
2017-02-12,Almatti,0.0,86.521015
2017-02-13,Almatti,0.0,83.84125247058826
2017-02-14,Almatti,0.0,81.16148994117648
2017-02-15,Almatti,0.0,78.48172741176472
2017-02-16,Almatti,0.0,75.80196488235295
2017-02-17,Almatti,0.0,73.12220235294119
2017-02-18,Almatti,0.0,70.44243982352941
2017-02-19,Almatti,0.0,67.76267729411765
2017-02-20,Almatti,0.0,65.08291476470589
2017-02-21,Almatti,0.0,62.40315223529412
2017-02-22,Almatti,0.0,59.723389705882354
2017-02-23,Almatti,0.0,57.04362717647059
2017-02-24,Almatti,0.0,54.36386464705883
2017-02-25,Almatti,0.0,51.68410211764705
2017-02-26,Almatti,0.0,49.0043395882353
2017-02-27,Almatti,0.0,46.32457705882353
2017-02-28,Almatti,0.0,43.64481452941177
2017-03-01,Almatti,0.0,40.965052
2017-03-02,Almatti,0.0,24.367143
2017-03-03,Almatti,0.0,8.475528
2017-03-04,Almatti,0.0,0.353147
2017-03-05,Almatti,0.0,0.0
2017-03-06,Almatti,0.0,0.0
2017-03-07,Almatti,0.0,10.59441
2017-03-08,Almatti,0.0,109.828717
2017-03-09,Almatti,0.0,109.828717
2017-03-10,Almatti,0.0,109.828717
2017-03-11,Almatti,0.0,109.828717
2017-03-12,Almatti,0.0,86.521015
2017-03-13,Almatti,0.0,84.2255595
2017-03-14,Almatti,0.0,81.93010400000001
2017-03-15,Almatti,0.0,79.6346485
2017-03-16,Almatti,0.0,77.33919300000001
2017-03-17,Almatti,0.0,75.0437375
2017-03-18,Almatti,0.0,72.748282
2017-03-19,Almatti,0.0,70.45282650000001
2017-03-20,Almatti,0.0,68.157371
2017-03-21,Almatti,0.0,65.86191550000001
2017-03-22,Almatti,0.0,63.566460000000006
2017-03-23,Almatti,0.0,61.2710045
2017-03-24,Almatti,0.0,58.975549
2017-03-25,Almatti,0.0,56.680093500000005
2017-03-26,Almatti,0.0,54.384638
2017-03-27,Almatti,0.0,52.08918250000001
2017-03-28,Almatti,0.0,49.793727
2017-03-29,Almatti,0.0,47.4982715
2017-03-30,Almatti,0.0,45.202816
2017-03-31,Almatti,0.0,42.9073605
2017-04-01,Almatti,0.0,40.611905
2017-04-02,Almatti,0.0,24.013996
2017-04-03,Almatti,0.0,8.475528
2017-04-04,Almatti,0.0,0.0
2017-04-05,Almatti,0.0,0.0
2017-04-06,Almatti,0.0,0.0
2017-04-07,Almatti,0.0,14.832174
2017-04-08,Almatti,0.0,109.828717
2017-04-09,Almatti,0.0,109.828717
2017-04-10,Almatti,0.0,109.828717
2017-04-11,Almatti,0.0,109.828717
2017-04-12,Almatti,0.0,86.167868
2017-04-13,Almatti,0.0,83.7701857368421
2017-04-14,Almatti,0.0,81.3725034736842
2017-04-15,Almatti,0.0,78.97482121052631
2017-04-16,Almatti,0.0,76.57713894736843
2017-04-17,Almatti,0.0,74.17945668421052
2017-04-18,Almatti,0.0,71.78177442105266
2017-04-19,Almatti,0.0,69.38409215789474
2017-04-20,Almatti,0.0,66.98640989473684
2017-04-21,Almatti,0.0,64.58872763157896
2017-04-22,Almatti,0.0,62.19104536842105
2017-04-23,Almatti,0.0,59.793363105263154
2017-04-24,Almatti,0.0,57.395680842105264
2017-04-25,Almatti,0.0,54.99799857894736
2017-04-26,Almatti,0.0,52.600316315789485
2017-04-27,Almatti,0.0,50.20263405263157
2017-04-28,Almatti,0.0,47.80495178947368
2017-04-29,Almatti,0.0,45.40726952631579
2017-04-30,Almatti,0.0,43.00958726315789
2017-05-01,Almatti,0.0,40.611905
2017-05-02,Almatti,0.0,24.013996
2017-05-03,Almatti,0.0,8.122381
2017-05-04,Almatti,0.0,0.0
2017-05-05,Almatti,0.0,0.0
2017-05-06,Almatti,0.0,0.0
2017-05-07,Almatti,0.0,18.010497
2017-05-08,Almatti,0.0,109.828717
2017-05-09,Almatti,0.0,109.828717
2017-05-10,Almatti,0.0,109.828717
2017-05-11,Almatti,0.0,109.828717
2017-05-12,Almatti,0.0,86.167868
2017-05-13,Almatti,0.0,83.87241250000001
2017-05-14,Almatti,0.0,81.57695700000001
2017-05-15,Almatti,0.0,79.2815015
2017-05-16,Almatti,0.0,76.98604600000002
2017-05-17,Almatti,0.0,74.69059050000001
2017-05-18,Almatti,0.0,72.395135
2017-05-19,Almatti,0.0,70.09967950000001
2017-05-20,Almatti,0.0,67.804224
2017-05-21,Almatti,0.0,65.5087685
2017-05-22,Almatti,0.0,63.21331300000001
2017-05-23,Almatti,0.0,60.9178575
2017-05-24,Almatti,0.0,58.622402
2017-05-25,Almatti,0.0,56.326946500000005
2017-05-26,Almatti,0.0,54.031491
2017-05-27,Almatti,0.0,51.73603550000001
2017-05-28,Almatti,0.0,49.44058
2017-05-29,Almatti,0.0,47.1451245
2017-05-30,Almatti,0.0,44.849669000000006
2017-05-31,Almatti,0.0,42.5542135
2017-06-01,Almatti,0.0,40.258758
2017-06-02,Almatti,0.0,22.954555000000003
2017-06-03,Almatti,0.0,8.122381
2017-06-04,Almatti,0.0,0.0
2017-06-05,Almatti,0.0,0.0
2017-06-06,Almatti,0.0,0.0
2017-06-07,Almatti,29.166,20.835673
2017-06-08,Almatti,58.333,109.828717
2017-06-09,Almatti,16.056,109.828717
2017-06-10,Almatti,5.239,109.828717
2017-06-11,Almatti,0.0,109.828717
2017-06-12,Almatti,0.0,85.814721
2017-06-13,Almatti,0.0,83.41703873684212
2017-06-14,Almatti,0.0,81.01935647368423
2017-06-15,Almatti,0.0,78.62167421052631
2017-06-16,Almatti,0.0,76.22399194736843
2017-06-17,Almatti,0.0,73.82630968421053
2017-06-18,Almatti,0.0,71.42862742105264
2017-06-19,Almatti,51.395,69.03094515789475
2017-06-20,Almatti,62.58,66.63326289473683
2017-06-21,Almatti,91.095,64.23558063157896
2017-06-22,Almatti,59.324,61.83789836842106
2017-06-23,Almatti,42.589,59.440216105263154
2017-06-24,Almatti,36.274,57.04253384210527
2017-06-25,Almatti,12.12,54.64485157894737
2017-06-26,Almatti,6.06,52.247169315789485
2017-06-27,Almatti,0.0,49.84948705263158
2017-06-28,Almatti,132.905,47.45180478947369
2017-06-29,Almatti,265.81,45.05412252631579
2017-06-30,Almatti,552.263,42.65644026315789
2017-07-01,Almatti,776.731,40.258758
2017-07-02,Almatti,1011.138,21.895114
2017-07-03,Almatti,1186.504,7.769234000000001
2017-07-04,Almatti,1297.619,0.0
2017-07-05,Almatti,1148.163,0.0
2017-07-06,Almatti,830.222,0.0
2017-07-07,Almatti,767.939,22.954555000000003
2017-07-08,Almatti,705.656,109.828717
2017-07-09,Almatti,676.164,109.828717
2017-07-10,Almatti,646.672,109.828717
2017-07-11,Almatti,310.381,109.828717
2017-07-12,Almatti,211.725,85.814721
2017-07-13,Almatti,211.725,83.51926550000002
2017-07-14,Almatti,249.962,81.22381000000001
2017-07-15,Almatti,288.199,78.92835450000001
2017-07-16,Almatti,326.437,76.632899
2017-07-17,Almatti,777.779,74.3374435
2017-07-18,Almatti,921.005,72.041988
2017-07-19,Almatti,1088.839,69.7465325
2017-07-20,Almatti,1897.342,67.451077
2017-07-21,Almatti,2352.167,65.15562150000001
2017-07-22,Almatti,3082.968,62.86016600000001
2017-07-23,Almatti,3685.381,60.5647105
2017-07-24,Almatti,4030.195,58.269255
2017-07-25,Almatti,4047.978,55.9737995
2017-07-26,Almatti,2450.257,53.678344
2017-07-27,Almatti,2522.804,51.3828885
2017-07-28,Almatti,2541.21,49.087433
2017-07-29,Almatti,1972.495,46.7919775
2017-07-30,Almatti,1057.125,44.49652199999999
2017-07-31,Almatti,1384.864,42.2010665
2017-08-01,Almatti,1010.119,39.905611
2017-08-02,Almatti,590.378,20.835673
2017-08-03,Almatti,594.682,6.709793
2017-08-04,Almatti,594.682,0.0
2017-08-05,Almatti,594.682,0.0
2017-08-06,Almatti,594.739,0.0
2017-08-07,Almatti,382.362,25.426584
2017-08-08,Almatti,169.986,109.828717
2017-08-09,Almatti,99.194,109.828717
2017-08-10,Almatti,28.402,109.828717
2017-08-11,Almatti,28.402,109.828717
2017-08-12,Almatti,169.986,85.814721
2017-08-13,Almatti,169.986,83.51926550000002
2017-08-14,Almatti,148.748,81.22381000000001
2017-08-15,Almatti,127.511,78.92835450000001
2017-08-16,Almatti,106.273,76.632899
2017-08-17,Almatti,85.035,74.3374435
2017-08-18,Almatti,85.035,72.041988
2017-08-19,Almatti,85.035,69.7465325
2017-08-20,Almatti,0.0,67.451077
2017-08-21,Almatti,0.0,65.15562150000001
2017-08-22,Almatti,0.0,62.86016600000001
2017-08-23,Almatti,14.527,60.5647105
2017-08-24,Almatti,14.527,58.269255
2017-08-25,Almatti,14.527,55.9737995
2017-08-26,Almatti,260.501,53.678344
2017-08-27,Almatti,506.475,51.3828885
2017-08-28,Almatti,588.764,49.087433
2017-08-29,Almatti,689.19,46.7919775
2017-08-30,Almatti,789.615,44.49652199999999
2017-08-31,Almatti,997.433,42.2010665
2017-09-01,Almatti,1610.634,39.905611
2017-09-02,Almatti,1501.727,19.776232000000004
2017-09-03,Almatti,926.81,5.650352000000001
2017-09-04,Almatti,538.671,0.0
2017-09-05,Almatti,538.671,0.0
2017-09-06,Almatti,371.121,0.0
2017-09-07,Almatti,270.836,27.192319
2017-09-08,Almatti,170.552,109.828717
2017-09-09,Almatti,241.344,109.828717
2017-09-10,Almatti,312.137,109.828717
2017-09-11,Almatti,312.137,109.122423
2017-09-12,Almatti,326.295,85.461574
2017-09-13,Almatti,340.453,83.0638917368421
2017-09-14,Almatti,297.978,80.6662094736842
2017-09-15,Almatti,716.813,78.26852721052632
2017-09-16,Almatti,1276.523,75.87084494736843
2017-09-17,Almatti,946.151,73.47316268421052
2017-09-18,Almatti,1040.531,71.07548042105262
2017-09-19,Almatti,710.187,68.67779815789474
2017-09-20,Almatti,710.187,66.28011589473684
2017-09-21,Almatti,1349.836,63.88243363157896
2017-09-22,Almatti,2826.644,61.48475136842105
2017-09-23,Almatti,3435.287,59.087069105263154
2017-09-24,Almatti,2505.956,56.689386842105264
2017-09-25,Almatti,1487.626,54.29170457894736
2017-09-26,Almatti,1072.529,51.894022315789485
2017-09-27,Almatti,657.432,49.49634005263157
2017-09-28,Almatti,384.543,47.09865778947368
2017-09-29,Almatti,475.836,44.70097552631579
2017-09-30,Almatti,1229.319,42.30329326315789
2017-10-01,Almatti,1531.63,39.905611
2017-10-02,Almatti,1035.887,18.716791
2017-10-03,Almatti,786.869,5.297205
2017-10-04,Almatti,993.355,0.0
2017-10-05,Almatti,619.318,0.0
2017-10-06,Almatti,511.969,0.0
2017-10-07,Almatti,398.701,29.311201
2017-10-08,Almatti,547.365,109.828717
2017-10-09,Almatti,696.028,109.828717
2017-10-10,Almatti,844.692,109.828717
2017-10-11,Almatti,993.355,108.416129
2017-10-12,Almatti,680.68,85.461574
2017-10-13,Almatti,1276.523,83.16611850000001
2017-10-14,Almatti,851.771,80.87066300000001
2017-10-15,Almatti,674.79,78.5752075
2017-10-16,Almatti,2218.993,76.27975200000002
2017-10-17,Almatti,2552.056,73.98429650000001
2017-10-18,Almatti,1878.851,71.688841
2017-10-19,Almatti,828.154,69.39338550000001
2017-10-20,Almatti,370.384,67.09793
2017-10-21,Almatti,394.312,64.8024745
2017-10-22,Almatti,427.018,62.50701900000001
2017-10-23,Almatti,397.484,60.2115635
2017-10-24,Almatti,370.384,57.916108
2017-10-25,Almatti,370.384,55.62065250000001
2017-10-26,Almatti,266.518,53.325197
2017-10-27,Almatti,143.85,51.02974150000001
2017-10-28,Almatti,143.85,48.734286
2017-10-29,Almatti,143.85,46.43883050000001
2017-10-30,Almatti,143.85,44.143375000000006
2017-10-31,Almatti,143.85,41.8479195
2017-11-01,Almatti,143.85,39.55246400000001
2017-11-02,Almatti,42.957,17.65735
2017-11-03,Almatti,12.176,5.297205
2017-11-04,Almatti,0.0,0.0
2017-11-05,Almatti,0.0,0.0
2017-11-06,Almatti,0.0,0.0
2017-11-07,Almatti,0.0,30.370642
2017-11-08,Almatti,0.0,109.828717
2017-11-09,Almatti,0.0,109.828717
2017-11-10,Almatti,0.0,109.828717
2017-11-11,Almatti,0.0,108.062982
2017-11-12,Almatti,0.0,85.108427
2017-11-13,Almatti,0.0,82.7107447368421
2017-11-14,Almatti,0.0,80.31306247368423
2017-11-15,Almatti,0.0,77.91538021052631
2017-11-16,Almatti,0.0,75.51769794736843
2017-11-17,Almatti,0.0,73.12001568421053
2017-11-18,Almatti,0.0,70.72233342105264
2017-11-19,Almatti,0.0,68.32465115789475
2017-11-20,Almatti,0.0,65.92696889473683
2017-11-21,Almatti,0.0,63.52928663157896
2017-11-22,Almatti,0.0,61.13160436842106
2017-11-23,Almatti,0.0,58.73392210526316
2017-11-24,Almatti,0.0,56.33623984210527
2017-11-25,Almatti,0.0,53.938557578947375
2017-11-26,Almatti,0.0,51.540875315789485
2017-11-27,Almatti,0.0,49.14319305263158
2017-11-28,Almatti,0.0,46.74551078947368
2017-11-29,Almatti,0.0,44.347828526315794
2017-11-30,Almatti,0.0,41.95014626315789
2017-12-01,Almatti,0.0,39.55246400000001
2017-12-02,Almatti,0.0,16.597909
2017-12-03,Almatti,0.0,4.944058000000001
2017-12-04,Almatti,0.0,0.0
2017-12-05,Almatti,0.0,0.0
2017-12-06,Almatti,0.0,0.0
2017-12-07,Almatti,0.0,31.076936000000003
2017-12-08,Almatti,0.0,109.828717
2017-12-09,Almatti,0.0,109.828717
2017-12-10,Almatti,0.0,109.828717
2017-12-11,Almatti,0.0,107.709835
2017-12-12,Almatti,0.0,84.75528
2017-12-13,Almatti,0.0,83.81944045
2017-12-14,Almatti,0.0,82.8836009
2017-12-15,Almatti,0.0,81.94776135000001
2017-12-16,Almatti,0.0,81.01192180000001
2017-12-17,Almatti,0.0,80.07608225000001
2017-12-18,Almatti,0.0,79.1402427
2017-12-19,Almatti,0.0,78.20440315
2017-12-20,Almatti,0.0,77.26856360000001
2017-12-21,Almatti,0.0,76.33272405000001
2017-12-22,Almatti,0.0,75.3968845
2017-12-23,Almatti,0.0,74.46104495
2017-12-24,Almatti,0.0,73.5252054
2017-12-25,Almatti,0.0,72.58936585
2017-12-26,Almatti,0.0,71.6535263
2017-12-27,Almatti,0.0,70.71768675
2017-12-28,Almatti,0.0,69.7818472
2017-12-29,Almatti,0.0,68.84600765
2017-12-30,Almatti,0.0,67.9101681
2017-12-31,Almatti,0.0,66.97432855000001
2018-01-01,Almatti,0.0,66.03848900000001
2018-01-02,Almatti,0.0,48.381139000000005
2018-01-03,Almatti,0.0,34.255259
2018-01-04,Almatti,0.0,13.772733
2018-01-05,Almatti,0.0,11.300704
2018-01-06,Almatti,0.0,9.534969000000002
2018-01-07,Almatti,0.0,20.835673
2018-01-08,Almatti,0.0,109.47557
2018-01-09,Almatti,0.0,109.122423
2018-01-10,Almatti,0.0,94.996543
2018-01-11,Almatti,0.0,60.03499
2018-01-12,Almatti,0.0,51.912609
2018-01-13,Almatti,0.0,52.618903
2018-01-14,Almatti,0.0,53.325197
2018-01-15,Almatti,0.0,54.031491
2018-01-16,Almatti,0.0,54.737785
2018-01-17,Almatti,0.0,55.444079
2018-01-18,Almatti,0.0,56.15037300000001
2018-01-19,Almatti,0.0,56.85666700000001
2018-01-20,Almatti,0.0,57.562961
2018-01-21,Almatti,0.0,58.269255
2018-01-22,Almatti,0.0,58.975549
2018-01-23,Almatti,0.0,59.681843
2018-01-24,Almatti,0.0,60.388137
2018-01-25,Almatti,0.0,61.094431
2018-01-26,Almatti,0.0,61.800725
2018-01-27,Almatti,0.0,62.50701900000001
2018-01-28,Almatti,0.0,63.21331300000001
2018-01-29,Almatti,0.0,63.919607000000006
2018-01-30,Almatti,0.0,64.62590100000001
2018-01-31,Almatti,0.0,65.33219500000001
2018-02-01,Almatti,0.0,66.03848900000001
2018-02-02,Almatti,0.0,47.321698000000005
2018-02-03,Almatti,0.0,34.255259
2018-02-04,Almatti,0.0,13.772733
2018-02-05,Almatti,0.0,11.300704
2018-02-06,Almatti,0.0,0.0
2018-02-07,Almatti,0.0,23.307702000000003
2018-02-08,Almatti,0.0,109.828717
2018-02-09,Almatti,0.0,109.828717
2018-02-10,Almatti,0.0,93.937102
2018-02-11,Almatti,0.0,58.975549
2018-02-12,Almatti,0.0,51.206315
2018-02-13,Almatti,0.0,52.05802247058824
2018-02-14,Almatti,0.0,52.90972994117647
2018-02-15,Almatti,0.0,53.76143741176472
2018-02-16,Almatti,0.0,54.61314488235294
2018-02-17,Almatti,0.0,55.46485235294118
2018-02-18,Almatti,0.0,56.31655982352942
2018-02-19,Almatti,0.0,57.168267294117655
2018-02-20,Almatti,0.0,58.01997476470589
2018-02-21,Almatti,0.0,58.87168223529412
2018-02-22,Almatti,0.0,59.723389705882354
2018-02-23,Almatti,0.0,60.57509717647059
2018-02-24,Almatti,0.0,61.42680464705883
2018-02-25,Almatti,0.0,62.27851211764707
2018-02-26,Almatti,0.0,63.1302195882353
2018-02-27,Almatti,0.0,63.98192705882352
2018-02-28,Almatti,0.0,64.83363452941177
2018-03-01,Almatti,0.0,65.685342
2018-03-02,Almatti,0.0,45.909110000000005
2018-03-03,Almatti,0.0,32.842671
2018-03-04,Almatti,0.0,13.419586
2018-03-05,Almatti,0.0,11.300704
2018-03-06,Almatti,0.0,0.0
2018-03-07,Almatti,0.0,25.073437
2018-03-08,Almatti,0.0,109.828717
2018-03-09,Almatti,0.0,109.828717
2018-03-10,Almatti,0.0,92.877661
2018-03-11,Almatti,0.0,58.622402
2018-03-12,Almatti,0.0,50.853168
2018-03-13,Almatti,0.0,48.3105096
2018-03-14,Almatti,0.0,45.7678512
2018-03-15,Almatti,0.0,43.2251928
2018-03-16,Almatti,0.0,40.6825344
2018-03-17,Almatti,0.0,38.13987600000001
2018-03-18,Almatti,0.0,35.5972176
2018-03-19,Almatti,0.0,33.05455920000001
2018-03-20,Almatti,0.0,30.511900800000003
2018-03-21,Almatti,0.0,27.9692424
2018-03-22,Almatti,0.0,25.426584
2018-03-23,Almatti,0.0,22.8839256
2018-03-24,Almatti,0.0,20.3412672
2018-03-25,Almatti,0.0,17.7986088
2018-03-26,Almatti,0.0,15.255950399999996
2018-03-27,Almatti,0.0,12.713292000000004
2018-03-28,Almatti,0.0,10.1706336
2018-03-29,Almatti,0.0,7.627975199999996
2018-03-30,Almatti,0.0,5.085316799999997
2018-03-31,Almatti,0.0,2.5426584
2018-04-01,Almatti,0.0,0.0
2018-04-02,Almatti,0.0,44.849669000000006
2018-04-03,Almatti,0.0,31.783230000000003
2018-04-04,Almatti,0.0,13.419586
2018-04-05,Almatti,0.0,11.300704
2018-04-06,Almatti,0.0,9.534969000000002
2018-04-07,Almatti,0.0,25.779731
2018-04-08,Almatti,0.0,109.828717
2018-04-09,Almatti,0.0,109.828717
2018-04-10,Almatti,0.0,91.81822
2018-04-11,Almatti,0.0,58.269255
2018-04-12,Almatti,0.0,50.500021
2018-04-13,Almatti,0.0,51.28066173684211
2018-04-14,Almatti,0.0,52.061302473684215
2018-04-15,Almatti,0.0,52.84194321052633
2018-04-16,Almatti,0.0,53.62258394736842
2018-04-17,Almatti,0.0,54.40322468421052
2018-04-18,Almatti,0.0,55.18386542105263
2018-04-19,Almatti,0.0,55.96450615789474
2018-04-20,Almatti,0.0,56.74514689473684
2018-04-21,Almatti,0.0,57.52578763157895
2018-04-22,Almatti,0.0,58.306428368421045
2018-04-23,Almatti,0.0,59.08706910526316
2018-04-24,Almatti,0.0,59.86770984210527
2018-04-25,Almatti,0.0,60.64835057894737
2018-04-26,Almatti,0.0,61.42899131578948
2018-04-27,Almatti,0.0,62.209632052631584
2018-04-28,Almatti,0.0,62.99027278947369
2018-04-29,Almatti,0.0,63.77091352631579
2018-04-30,Almatti,0.0,64.55155426315788
2018-05-01,Almatti,0.0,65.33219500000001
2018-05-02,Almatti,0.0,43.790228
2018-05-03,Almatti,0.0,30.723789
2018-05-04,Almatti,0.0,13.066439
2018-05-05,Almatti,0.0,10.947557
2018-05-06,Almatti,0.0,0.0
2018-05-07,Almatti,0.0,26.132878
2018-05-08,Almatti,0.0,109.828717
2018-05-09,Almatti,0.0,109.828717
2018-05-10,Almatti,0.0,90.758779
2018-05-11,Almatti,0.0,58.269255
2018-05-12,Almatti,0.0,50.146874
2018-05-13,Almatti,0.0,50.8884827
2018-05-14,Almatti,0.0,51.630091400000005
2018-05-15,Almatti,0.0,52.371700100000005
2018-05-16,Almatti,0.0,53.113308800000006
2018-05-17,Almatti,0.0,53.8549175
2018-05-18,Almatti,0.0,54.59652620000001
2018-05-19,Almatti,0.0,55.3381349
2018-05-20,Almatti,0.0,56.07974360000001
2018-05-21,Almatti,0.0,56.8213523
2018-05-22,Almatti,0.0,57.562961
2018-05-23,Almatti,0.0,58.3045697
2018-05-24,Almatti,0.0,59.04617840000001
2018-05-25,Almatti,0.0,59.7877871
2018-05-26,Almatti,0.0,60.5293958
2018-05-27,Almatti,0.0,61.2710045
2018-05-28,Almatti,0.0,62.0126132
2018-05-29,Almatti,0.0,62.7542219
2018-05-30,Almatti,0.0,63.495830600000005
2018-05-31,Almatti,0.0,64.2374393
2018-06-01,Almatti,0.0,64.979048
2018-06-02,Almatti,0.0,42.37764
2018-06-03,Almatti,0.0,29.311201
2018-06-04,Almatti,12.12,13.066439
2018-06-05,Almatti,0.0,10.947557
2018-06-06,Almatti,0.0,9.534969000000002
2018-06-07,Almatti,0.0,27.192319
2018-06-08,Almatti,0.0,109.828717
2018-06-09,Almatti,0.0,109.828717
2018-06-10,Almatti,0.0,90.052485
2018-06-11,Almatti,0.0,57.916108
2018-06-12,Almatti,0.0,50.146874
2018-06-13,Almatti,0.0,50.90892805263158
2018-06-14,Almatti,0.0,51.67098210526316
2018-06-15,Almatti,73.086,52.43303615789474
2018-06-16,Almatti,60.938,53.19509021052631
2018-06-17,Almatti,60.938,53.95714426315789
2018-06-18,Almatti,24.891,54.71919831578948
2018-06-19,Almatti,0.0,55.48125236842105
2018-06-20,Almatti,0.0,56.24330642105264
2018-06-21,Almatti,0.0,57.00536047368421
2018-06-22,Almatti,0.0,57.76741452631579
2018-06-23,Almatti,0.0,58.52946857894737
2018-06-24,Almatti,76.342,59.29152263157896
2018-06-25,Almatti,101.941,60.053576684210526
2018-06-26,Almatti,127.482,60.81563073684211
2018-06-27,Almatti,103.243,61.57768478947368
2018-06-28,Almatti,239.589,62.33973884210527
2018-06-29,Almatti,852.847,63.10179289473684
2018-06-30,Almatti,989.192,63.86384694736842
2018-07-01,Almatti,989.192,64.62590100000001
2018-07-02,Almatti,847.58,41.318199
2018-07-03,Almatti,555.548,28.251760000000004
2018-07-04,Almatti,228.121,13.066439
2018-07-05,Almatti,133.061,10.947557
2018-07-06,Almatti,333.657,0.0
2018-07-07,Almatti,929.869,30.017495
2018-07-08,Almatti,1511.638,109.828717
2018-07-09,Almatti,1614.57,109.828717
2018-07-10,Almatti,1497.876,89.346191
2018-07-11,Almatti,1938.741,57.562961
2018-07-12,Almatti,1797.129,49.44058
2018-07-13,Almatti,1743.383,50.146874
2018-07-14,Almatti,2573.605,50.853168
2018-07-15,Almatti,2850.572,51.559462
2018-07-16,Almatti,3156.394,52.265756
2018-07-17,Almatti,4001.057,52.97205
2018-07-18,Almatti,3552.83,53.678344
2018-07-19,Almatti,4589.963,54.384638
2018-07-20,Almatti,4866.42,55.090932
2018-07-21,Almatti,4924.951,55.79722600000001
2018-07-22,Almatti,4680.633,56.50352000000001
2018-07-23,Almatti,4844.106,57.20981400000001
2018-07-24,Almatti,4676.386,57.916108
2018-07-25,Almatti,4279.355,58.622402
2018-07-26,Almatti,4176.763,59.328696
2018-07-27,Almatti,3785.962,60.03499
2018-07-28,Almatti,2623.669,60.741284
2018-07-29,Almatti,1979.093,61.447578
2018-07-30,Almatti,1310.872,62.15387200000001
2018-07-31,Almatti,1197.18,62.86016600000001
2018-08-01,Almatti,485.974,63.566460000000006
2018-08-02,Almatti,674.111,38.13987600000001
2018-08-03,Almatti,365.287,26.839172
2018-08-04,Almatti,591.822,13.066439
2018-08-05,Almatti,778.204,10.947557
2018-08-06,Almatti,703.872,9.534969000000002
2018-08-07,Almatti,810.088,34.608406
2018-08-08,Almatti,1299.743,109.828717
2018-08-09,Almatti,874.991,109.828717
2018-08-10,Almatti,874.991,88.28675000000001
2018-08-11,Almatti,874.991,57.562961
2018-08-12,Almatti,874.991,48.734286
2018-08-13,Almatti,1016.575,49.42292265
2018-08-14,Almatti,1016.575,50.1115593
2018-08-15,Almatti,2693.952,50.80019595
2018-08-16,Almatti,2927.764,51.4888326
2018-08-17,Almatti,3602.356,52.17746925
2018-08-18,Almatti,3955.948,52.86610590000001
2018-08-19,Almatti,3590.973,53.55474255
2018-08-20,Almatti,3636.959,54.24337920000001
2018-08-21,Almatti,4363.484,54.932015850000006
2018-08-22,Almatti,4620.177,55.6206525
2018-08-23,Almatti,4121.97,56.309289150000005
2018-08-24,Almatti,3646.36,56.9979258
2018-08-25,Almatti,3537.171,57.68656245
2018-08-26,Almatti,3498.546,58.3751991
2018-08-27,Almatti,3568.744,59.06383575000001
2018-08-28,Almatti,2576.833,59.7524724
2018-08-29,Almatti,1814.968,60.44110905
2018-08-30,Almatti,3164.153,61.12974570000001
2018-08-31,Almatti,3511.091,61.81838235
2018-09-01,Almatti,2486.361,62.50701900000001
2018-09-02,Almatti,1579.004,39.19931700000001
2018-09-03,Almatti,804.17,25.779731
2018-09-04,Almatti,1158.159,12.713292
2018-09-05,Almatti,816.007,10.947557
2018-09-06,Almatti,874.991,9.534969000000002
2018-09-07,Almatti,662.614,39.55246400000001
2018-09-08,Almatti,591.822,109.828717
2018-09-09,Almatti,535.188,109.828717
2018-09-10,Almatti,535.188,87.580456
2018-09-11,Almatti,521.03,57.20981400000001
2018-09-12,Almatti,286.227,48.027992000000005
2018-09-13,Almatti,25.485,48.734286
2018-09-14,Almatti,0.0,49.44058
2018-09-15,Almatti,0.0,50.14687400000001
2018-09-16,Almatti,0.0,50.85316800000001
2018-09-17,Almatti,0.0,51.559462
2018-09-18,Almatti,0.0,52.265756
2018-09-19,Almatti,0.0,52.97205
2018-09-20,Almatti,0.0,53.678344
2018-09-21,Almatti,0.0,54.384638
2018-09-22,Almatti,0.0,55.090932
2018-09-23,Almatti,0.0,55.79722600000001
2018-09-24,Almatti,0.0,56.50352000000001
2018-09-25,Almatti,0.0,57.20981400000001
2018-09-26,Almatti,0.0,57.916108
2018-09-27,Almatti,0.0,58.622402
2018-09-28,Almatti,358.888,59.328696
2018-09-29,Almatti,358.888,60.03499
2018-09-30,Almatti,85.602,60.741284
2018-10-01,Almatti,0.0,61.447578
2018-10-02,Almatti,0.0,38.49302300000001
2018-10-03,Almatti,0.0,25.073437
2018-10-04,Almatti,0.0,12.713292
2018-10-05,Almatti,0.0,10.947557
2018-10-06,Almatti,98.628,9.534969000000002
2018-10-07,Almatti,150.108,44.143375000000006
2018-10-08,Almatti,0.0,109.828717
2018-10-09,Almatti,0.0,109.828717
2018-10-10,Almatti,0.0,86.521015
2018-10-11,Almatti,0.0,57.20981400000001
2018-10-12,Almatti,0.0,48.027992000000005
2018-10-13,Almatti,0.0,48.64599925000001
2018-10-14,Almatti,0.0,49.2640065
2018-10-15,Almatti,0.0,49.882013750000006
2018-10-16,Almatti,0.0,50.50002100000001
2018-10-17,Almatti,0.0,51.11802825
2018-10-18,Almatti,0.0,51.73603550000001
2018-10-19,Almatti,0.0,52.35404275
2018-10-20,Almatti,0.0,52.97205
2018-10-21,Almatti,0.0,53.59005725000001
2018-10-22,Almatti,0.0,54.2080645
2018-10-23,Almatti,0.0,54.82607175
2018-10-24,Almatti,0.0,55.444079
2018-10-25,Almatti,0.0,56.06208625
2018-10-26,Almatti,0.0,56.680093500000005
2018-10-27,Almatti,0.0,57.29810075
2018-10-28,Almatti,0.0,57.916108
2018-10-29,Almatti,0.0,58.53411525
2018-10-30,Almatti,0.0,59.1521225
2018-10-31,Almatti,0.0,59.77012975
2018-11-01,Almatti,0.0,60.388137
2018-11-02,Almatti,0.0,38.13987600000001
2018-11-03,Almatti,0.0,25.073437
2018-11-04,Almatti,0.0,12.713292
2018-11-05,Almatti,0.0,10.947557
2018-11-06,Almatti,0.0,9.534969000000002
2018-11-07,Almatti,0.0,49.793727
2018-11-08,Almatti,0.0,109.828717
2018-11-09,Almatti,0.0,109.828717
2018-11-10,Almatti,0.0,85.461574
2018-11-11,Almatti,0.0,56.85666700000001
2018-11-12,Almatti,0.0,48.027992000000005
2018-11-13,Almatti,0.0,48.604179210526326
2018-11-14,Almatti,0.0,49.18036642105263
2018-11-15,Almatti,0.0,49.75655363157895
2018-11-16,Almatti,0.0,50.33274084210528
2018-11-17,Almatti,0.0,50.90892805263158
2018-11-18,Almatti,0.0,51.4851152631579
2018-11-19,Almatti,0.0,52.061302473684215
2018-11-20,Almatti,0.0,52.63748968421053
2018-11-21,Almatti,0.0,53.21367689473685
2018-11-22,Almatti,0.0,53.78986410526316
2018-11-23,Almatti,0.0,54.36605131578948
2018-11-24,Almatti,0.0,54.9422385263158
2018-11-25,Almatti,0.0,55.51842573684211
2018-11-26,Almatti,0.0,56.094612947368425
2018-11-27,Almatti,0.0,56.670800157894746
2018-11-28,Almatti,0.0,57.24698736842105
2018-11-29,Almatti,0.0,57.82317457894737
2018-11-30,Almatti,0.0,58.39936178947368
2018-12-01,Almatti,0.0,58.975549
2018-12-02,Almatti,0.0,37.786729
2018-12-03,Almatti,0.0,24.72029
2018-12-04,Almatti,0.0,0.0
2018-12-05,Almatti,0.0,10.947557
2018-12-06,Almatti,0.0,9.534969000000002
2018-12-07,Almatti,0.0,55.444079
2018-12-08,Almatti,0.0,109.828717
2018-12-09,Almatti,0.0,109.828717
2018-12-10,Almatti,0.0,84.048986
2018-12-11,Almatti,0.0,56.85666700000001
2018-12-12,Almatti,0.0,47.674845000000005
2018-12-13,Almatti,0.0,47.53358620000001
2018-12-14,Almatti,0.0,47.392327400000006
2018-12-15,Almatti,0.0,47.2510686
2018-12-16,Almatti,0.0,47.10980980000001
2018-12-17,Almatti,0.0,46.968551000000005
2018-12-18,Almatti,0.0,46.8272922
2018-12-19,Almatti,0.0,46.68603340000001
2018-12-20,Almatti,0.0,46.5447746
2018-12-21,Almatti,0.0,46.40351580000001
2018-12-22,Almatti,0.0,46.262257000000005
2018-12-23,Almatti,0.0,46.1209982
2018-12-24,Almatti,0.0,45.97973940000001
2018-12-25,Almatti,0.0,45.8384806
2018-12-26,Almatti,0.0,45.6972218
2018-12-27,Almatti,0.0,45.555963000000006
2018-12-28,Almatti,0.0,45.4147042
2018-12-29,Almatti,0.0,45.27344540000001
2018-12-30,Almatti,0.0,45.1321866
2018-12-31,Almatti,0.0,44.9909278
2019-01-01,Almatti,0.0,44.849669000000006
2019-01-02,Almatti,0.0,38.49302300000001
2019-01-03,Almatti,0.0,33.548965
2019-01-04,Almatti,0.0,25.073437
2019-01-05,Almatti,0.0,18.363644
2019-01-06,Almatti,0.0,10.947557
2019-01-07,Almatti,0.0,8.828675
2019-01-08,Almatti,0.0,93.583955
2019-01-09,Almatti,0.0,109.828717
2019-01-10,Almatti,0.0,109.828717
2019-01-11,Almatti,0.0,109.828717
2019-01-12,Almatti,0.0,109.828717
2019-01-13,Almatti,0.0,106.5797646
2019-01-14,Almatti,0.0,103.3308122
2019-01-15,Almatti,0.0,100.0818598
2019-01-16,Almatti,0.0,96.8329074
2019-01-17,Almatti,0.0,93.583955
2019-01-18,Almatti,0.0,90.3350026
2019-01-19,Almatti,0.0,87.08605020000002
2019-01-20,Almatti,0.0,83.83709780000001
2019-01-21,Almatti,0.0,80.5881454
2019-01-22,Almatti,0.0,77.33919300000001
2019-01-23,Almatti,0.0,74.0902406
2019-01-24,Almatti,0.0,70.8412882
2019-01-25,Almatti,0.0,67.5923358
2019-01-26,Almatti,0.0,64.34338340000001
2019-01-27,Almatti,0.0,61.094431
2019-01-28,Almatti,0.0,57.8454786
2019-01-29,Almatti,0.0,54.59652620000001
2019-01-30,Almatti,0.0,51.347573800000006
2019-01-31,Almatti,0.0,48.098621400000006
2019-02-01,Almatti,0.0,44.849669000000006
2019-02-02,Almatti,0.0,38.13987600000001
2019-02-03,Almatti,0.0,32.489524
2019-02-04,Almatti,0.0,24.72029
2019-02-05,Almatti,0.0,18.010497
2019-02-06,Almatti,0.0,10.59441
2019-02-07,Almatti,0.0,8.828675
2019-02-08,Almatti,0.0,91.465073
2019-02-09,Almatti,0.0,109.828717
2019-02-10,Almatti,0.0,109.828717
2019-02-11,Almatti,0.0,109.828717
2019-02-12,Almatti,0.0,109.828717
2019-02-13,Almatti,0.0,105.96487335294118
2019-02-14,Almatti,0.0,102.10102970588235
2019-02-15,Almatti,0.0,98.23718605882354
2019-02-16,Almatti,0.0,94.37334241176472
2019-02-17,Almatti,0.0,90.5094987647059
2019-02-18,Almatti,0.0,86.64565511764707
2019-02-19,Almatti,0.0,82.78181147058827
2019-02-20,Almatti,0.0,78.91796782352942
2019-02-21,Almatti,0.0,75.05412417647058
2019-02-22,Almatti,0.0,71.19028052941175
2019-02-23,Almatti,0.0,67.32643688235294
2019-02-24,Almatti,0.0,63.46259323529412
2019-02-25,Almatti,0.0,59.5987495882353
2019-02-26,Almatti,0.0,55.73490594117648
2019-02-27,Almatti,0.0,51.87106229411766
2019-02-28,Almatti,0.0,48.00721864705883
2019-03-01,Almatti,0.0,44.143375000000006
2019-03-02,Almatti,0.0,38.13987600000001
2019-03-03,Almatti,0.0,32.136377
2019-03-04,Almatti,0.0,24.72029
2019-03-05,Almatti,0.0,17.304203
2019-03-06,Almatti,0.0,10.59441
2019-03-07,Almatti,0.0,0.0
2019-03-08,Almatti,0.0,90.052485
2019-03-09,Almatti,0.0,109.828717
2019-03-10,Almatti,0.0,109.828717
2019-03-11,Almatti,0.0,109.828717
2019-03-12,Almatti,0.0,109.828717
2019-03-13,Almatti,0.0,106.5091352
2019-03-14,Almatti,0.0,103.1895534
2019-03-15,Almatti,0.0,99.8699716
2019-03-16,Almatti,0.0,96.5503898
2019-03-17,Almatti,0.0,93.230808
2019-03-18,Almatti,0.0,89.9112262
2019-03-19,Almatti,0.0,86.5916444
2019-03-20,Almatti,0.0,83.27206260000001
2019-03-21,Almatti,0.0,79.9524808
2019-03-22,Almatti,0.0,76.632899
2019-03-23,Almatti,0.0,73.3133172
2019-03-24,Almatti,0.0,69.9937354
2019-03-25,Almatti,0.0,66.6741536
2019-03-26,Almatti,0.0,63.3545718
2019-03-27,Almatti,0.0,60.03499
2019-03-28,Almatti,0.0,56.715408200000006
2019-03-29,Almatti,0.0,53.3958264
2019-03-30,Almatti,0.0,50.0762446
2019-03-31,Almatti,0.0,46.75666280000001
2019-04-01,Almatti,0.0,43.437081
2019-04-02,Almatti,0.0,37.786729
2019-04-03,Almatti,0.0,32.136377
2019-04-04,Almatti,0.0,24.72029
2019-04-05,Almatti,0.0,16.951056
2019-04-06,Almatti,0.0,10.59441
2019-04-07,Almatti,0.0,0.0
2019-04-08,Almatti,0.0,87.580456
2019-04-09,Almatti,0.0,109.828717
2019-04-10,Almatti,0.0,109.828717
2019-04-11,Almatti,0.0,109.828717
2019-04-12,Almatti,0.0,109.47557
2019-04-13,Almatti,0.0,105.9998600526316
2019-04-14,Almatti,0.0,102.52415010526316
2019-04-15,Almatti,0.0,99.04844015789472
2019-04-16,Almatti,0.0,95.5727302105263
2019-04-17,Almatti,0.0,92.09702026315787
2019-04-18,Almatti,0.0,88.62131031578947
2019-04-19,Almatti,0.0,85.14560036842104
2019-04-20,Almatti,0.0,81.66989042105263
2019-04-21,Almatti,0.0,78.19418047368423
2019-04-22,Almatti,0.0,74.71847052631578
2019-04-23,Almatti,0.0,71.24276057894738
2019-04-24,Almatti,0.0,67.76705063157894
2019-04-25,Almatti,0.0,64.29134068421051
2019-04-26,Almatti,0.0,60.8156307368421
2019-04-27,Almatti,0.0,57.33992078947368
2019-04-28,Almatti,0.0,53.86421084210527
2019-04-29,Almatti,0.0,50.38850089473684
2019-04-30,Almatti,0.0,46.912790947368414
2019-05-01,Almatti,0.0,43.437081
2019-05-02,Almatti,0.0,37.786729
2019-05-03,Almatti,0.0,31.783230000000003
2019-05-04,Almatti,0.0,24.367143
2019-05-05,Almatti,0.0,16.597909
2019-05-06,Almatti,0.0,10.59441
2019-05-07,Almatti,0.0,17.304203
2019-05-08,Almatti,0.0,83.695839
2019-05-09,Almatti,0.0,106.650394
2019-05-10,Almatti,0.0,109.828717
2019-05-11,Almatti,0.0,109.828717
2019-05-12,Almatti,0.0,108.769276
2019-05-13,Almatti,0.0,105.50266625000002
2019-05-14,Almatti,0.0,102.2360565
2019-05-15,Almatti,0.0,98.96944675000002
2019-05-16,Almatti,0.0,95.702837
2019-05-17,Almatti,0.0,92.43622725000002
2019-05-18,Almatti,0.0,89.1696175
2019-05-19,Almatti,0.0,85.90300775000001
2019-05-20,Almatti,0.0,82.636398
2019-05-21,Almatti,0.0,79.36978825000001
2019-05-22,Almatti,0.0,76.1031785
2019-05-23,Almatti,0.0,72.83656875
2019-05-24,Almatti,0.0,69.569959
2019-05-25,Almatti,0.0,66.30334925
2019-05-26,Almatti,0.0,63.0367395
2019-05-27,Almatti,0.0,59.77012975
2019-05-28,Almatti,0.0,56.50352000000001
2019-05-29,Almatti,0.0,53.23691025000001
2019-05-30,Almatti,0.0,49.97030050000001
2019-05-31,Almatti,0.0,46.70369075
2019-06-01,Almatti,0.0,43.437081
2019-06-02,Almatti,0.0,37.786729
2019-06-03,Almatti,0.0,31.783230000000003
2019-06-04,Almatti,0.0,24.367143
2019-06-05,Almatti,0.0,16.244762
2019-06-06,Almatti,0.0,10.241263
2019-06-07,Almatti,0.0,20.129379
2019-06-08,Almatti,0.0,80.517516
2019-06-09,Almatti,0.0,96.762278
2019-06-10,Almatti,0.0,109.828717
2019-06-11,Almatti,0.0,109.828717
2019-06-12,Almatti,0.0,108.416129
2019-06-13,Almatti,0.0,104.97759242105262
2019-06-14,Almatti,0.0,101.53905584210528
2019-06-15,Almatti,0.0,98.10051926315788
2019-06-16,Almatti,0.0,94.66198268421051
2019-06-17,Almatti,0.0,91.22344610526316
2019-06-18,Almatti,0.0,87.7849095263158
2019-06-19,Almatti,0.0,84.34637294736842
2019-06-20,Almatti,0.0,80.90783636842104
2019-06-21,Almatti,0.0,77.4692997894737
2019-06-22,Almatti,0.0,74.03076321052633
2019-06-23,Almatti,0.0,70.59222663157895
2019-06-24,Almatti,0.0,67.15369005263159
2019-06-25,Almatti,0.0,63.71515347368421
2019-06-26,Almatti,0.0,60.27661689473683
2019-06-27,Almatti,0.0,56.83808031578947
2019-06-28,Almatti,0.0,53.399543736842105
2019-06-29,Almatti,0.0,49.961007157894734
2019-06-30,Almatti,0.0,46.52247057894737
2019-07-01,Almatti,0.0,43.083934
2019-07-02,Almatti,0.0,37.433582
2019-07-03,Almatti,477.847,31.430083000000003
2019-07-04,Almatti,1135.279,24.367143
2019-07-05,Almatti,1153.402,15.891615000000002
2019-07-06,Almatti,911.519,10.241263
2019-07-07,Almatti,1178.632,23.660849
2019-07-08,Almatti,1339.443,75.573458
2019-07-09,Almatti,1976.799,93.583955
2019-07-10,Almatti,2678.689,109.828717
2019-07-11,Almatti,2953.164,109.828717
2019-07-12,Almatti,3018.066,107.356688
2019-07-13,Almatti,3096.079,104.12539295
2019-07-14,Almatti,3229.112,100.89409790000002
2019-07-15,Almatti,3159.027,97.66280285
2019-07-16,Almatti,2344.861,94.4315078
2019-07-17,Almatti,1616.496,91.20021275
2019-07-18,Almatti,1309.343,87.9689177
2019-07-19,Almatti,1214.311,84.73762265
2019-07-20,Almatti,744.705,81.50632759999999
2019-07-21,Almatti,542.409,78.27503255
2019-07-22,Almatti,376.897,75.0437375
2019-07-23,Almatti,429.68,71.81244245
2019-07-24,Almatti,216.964,68.5811474
2019-07-25,Almatti,323.18,65.34985235
2019-07-26,Almatti,330.712,62.1185573
2019-07-27,Almatti,639.763,58.88726225
2019-07-28,Almatti,825.691,55.655967200000006
2019-07-29,Almatti,2603.508,52.42467215
2019-07-30,Almatti,2909.613,49.193377100000006
2019-07-31,Almatti,3393.774,45.96208205000001
2019-08-01,Almatti,4259.109,42.730787
2019-08-02,Almatti,5828.513,36.727288
2019-08-03,Almatti,6289.54,30.370642
2019-08-04,Almatti,6301.716,24.013996
2019-08-05,Almatti,6944.877,15.891615000000002
2019-08-06,Almatti,7909.801,10.241263
2019-08-07,Almatti,10275.476,27.898613000000005
2019-08-08,Almatti,10401.287,73.454576
2019-08-09,Almatti,9897.474,91.81822
2019-08-10,Almatti,14162.416,109.828717
2019-08-11,Almatti,16991.495,109.828717
2019-08-12,Almatti,17840.774,106.650394
2019-08-13,Almatti,17247.253,103.45441365
2019-08-14,Almatti,16671.402,100.2584333
2019-08-15,Almatti,15244.488,97.06245295
2019-08-16,Almatti,13867.609,93.8664726
2019-08-17,Almatti,12924.007,90.67049225
2019-08-18,Almatti,10936.702,87.4745119
2019-08-19,Almatti,8431.681,84.27853155
2019-08-20,Almatti,4648.55,81.08255120000001
2019-08-21,Almatti,1276.07,77.88657085
2019-08-22,Almatti,581.94,74.69059050000001
2019-08-23,Almatti,671.421,71.49461015000001
2019-08-24,Almatti,495.29,68.2986298
2019-08-25,Almatti,679.349,65.10264945
2019-08-26,Almatti,311.23,61.9066691
2019-08-27,Almatti,311.23,58.71068875000001
2019-08-28,Almatti,325.389,55.5147084
2019-08-29,Almatti,339.547,52.31872805
2019-08-30,Almatti,363.164,49.122747700000005
2019-08-31,Almatti,280.563,45.92676735
2019-09-01,Almatti,197.963,42.730787
2019-09-02,Almatti,410.339,36.020994
2019-09-03,Almatti,740.712,30.370642
2019-09-04,Almatti,1707.024,24.013996
2019-09-05,Almatti,1669.929,15.538468000000002
2019-09-06,Almatti,1753.379,10.241263
2019-09-07,Almatti,3020.671,33.195818
2019-09-08,Almatti,4413.181,73.101429
2019-09-09,Almatti,4863.135,86.874162
2019-09-10,Almatti,5106.745,109.828717
2019-09-11,Almatti,6336.659,109.828717
2019-09-12,Almatti,5949.907,105.590953
2019-09-13,Almatti,5843.634,102.2639365263158
2019-09-14,Almatti,4544.542,98.9369200526316
2019-09-15,Almatti,3203.258,95.6099035789474
2019-09-16,Almatti,1114.268,92.28288710526316
2019-09-17,Almatti,1783.706,88.95587063157895
2019-09-18,Almatti,1684.598,85.62885415789474
2019-09-19,Almatti,971.947,82.30183768421053
2019-09-20,Almatti,794.995,78.97482121052631
2019-09-21,Almatti,1160.736,75.64780473684212
2019-09-22,Almatti,901.155,72.3207882631579
2019-09-23,Almatti,812.665,68.9937717894737
2019-09-24,Almatti,476.403,65.66675531578947
2019-09-25,Almatti,641.575,62.33973884210527
2019-09-26,Almatti,1635.043,59.012722368421045
2019-09-27,Almatti,3490.674,55.68570589473684
2019-09-28,Almatti,2429.161,52.35868942105263
2019-09-29,Almatti,1106.651,49.03167294736843
2019-09-30,Almatti,1104.102,45.704656473684224
2019-10-01,Almatti,594.399,42.37764
2019-10-02,Almatti,594.399,36.020994
2019-10-03,Almatti,783.159,29.664348
2019-10-04,Almatti,452.815,24.013996
2019-10-05,Almatti,452.815,14.832174
2019-10-06,Almatti,494.129,9.888116000000002
2019-10-07,Almatti,934.173,40.965052
2019-10-08,Almatti,1543.013,75.926605
2019-10-09,Almatti,679.349,84.048986
2019-10-10,Almatti,617.959,0.0
2019-10-11,Almatti,877.567,109.828717
2019-10-12,Almatti,1198.482,104.531512
2019-10-13,Almatti,1564.251,101.4238184
2019-10-14,Almatti,747.735,98.3161248
2019-10-15,Almatti,877.567,95.2084312
2019-10-16,Almatti,877.567,92.1007376
2019-10-17,Almatti,618.27,88.99304400000001
2019-10-18,Almatti,452.815,85.88535040000001
2019-10-19,Almatti,452.815,82.7776568
2019-10-20,Almatti,735.983,79.6699632
2019-10-21,Almatti,877.567,76.56226960000001
2019-10-22,Almatti,4117.949,73.454576
2019-10-23,Almatti,5929.718,70.3468824
2019-10-24,Almatti,5765.14,67.2391888
2019-10-25,Almatti,4067.12,64.1314952
2019-10-26,Almatti,3053.547,61.023801600000006
2019-10-27,Almatti,1922.742,57.916108
2019-10-28,Almatti,1767.41,54.8084144
2019-10-29,Almatti,1612.078,51.7007208
2019-10-30,Almatti,898.154,48.5930272
2019-10-31,Almatti,716.36,45.4853336
2019-11-01,Almatti,716.36,42.37764
2019-11-02,Almatti,787.152,35.667847
2019-11-03,Almatti,716.36,29.664348
2019-11-04,Almatti,716.36,0.0
2019-11-05,Almatti,633.731,14.125880000000002
2019-11-06,Almatti,474.477,9.888116000000002
2019-11-07,Almatti,610.171,49.793727
2019-11-08,Almatti,924.007,81.22381
2019-11-09,Almatti,790.691,97.115425
2019-11-10,Almatti,633.816,109.828717
2019-11-11,Almatti,498.745,109.828717
2019-11-12,Almatti,350.591,103.472071
2019-11-13,Almatti,291.607,100.25657463157896
2019-11-14,Almatti,150.023,97.0410782631579
2019-11-15,Almatti,150.023,93.82558189473684
2019-11-16,Almatti,150.023,90.6100855263158
2019-11-17,Almatti,150.023,87.39458915789477
2019-11-18,Almatti,150.023,84.1790927894737
2019-11-19,Almatti,107.547,80.96359642105263
2019-11-20,Almatti,107.547,77.74810005263159
2019-11-21,Almatti,107.547,74.53260368421053
2019-11-22,Almatti,107.547,71.31710731578947
2019-11-23,Almatti,107.547,68.10161094736841
2019-11-24,Almatti,53.179,64.88611457894737
2019-11-25,Almatti,0.0,61.67061821052632
2019-11-26,Almatti,0.0,58.455121842105264
2019-11-27,Almatti,0.0,55.23962547368421
2019-11-28,Almatti,0.0,52.02412910526316
2019-11-29,Almatti,0.0,48.8086327368421
2019-11-30,Almatti,61.448,45.59313636842105
2019-12-01,Almatti,102.734,42.37764
2019-12-02,Almatti,0.0,35.667847
2019-12-03,Almatti,0.0,29.664348
2019-12-04,Almatti,0.0,23.660849
2019-12-05,Almatti,0.0,13.772733
2019-12-06,Almatti,0.0,9.888116000000002
2019-12-07,Almatti,0.0,58.975549
2019-12-08,Almatti,0.0,88.99304400000001
2019-12-09,Almatti,0.0,103.825218
2019-12-10,Almatti,0.0,109.828717
2019-12-11,Almatti,0.0,109.828717
2019-12-12,Almatti,0.0,102.41263
2019-12-13,Almatti,0.0,97.2919985
2019-12-14,Almatti,0.0,92.171367
2019-12-15,Almatti,0.0,87.0507355
2019-12-16,Almatti,0.0,81.930104
2019-12-17,Almatti,0.0,76.8094725
2019-12-18,Almatti,0.0,71.688841
2019-12-19,Almatti,0.0,66.56820950000001
2019-12-20,Almatti,0.0,61.447578
2019-12-21,Almatti,0.0,56.326946500000005
2019-12-22,Almatti,0.0,51.206315
2019-12-23,Almatti,0.0,46.0856835
2019-12-24,Almatti,0.0,40.965052
2019-12-25,Almatti,0.0,35.8444205
2019-12-26,Almatti,0.0,30.723789000000007
2019-12-27,Almatti,0.0,25.603157500000005
2019-12-28,Almatti,0.0,20.482526000000004
2019-12-29,Almatti,0.0,15.3618945
2019-12-30,Almatti,0.0,10.241263
2019-12-31,Almatti,0.0,5.1206315
2020-01-01,Almatti,0.0,0.0
2020-01-02,Almatti,0.0,67.09793
2020-01-03,Almatti,0.0,44.849669000000006
2020-01-04,Almatti,0.0,30.017495
2020-01-05,Almatti,0.0,22.601408000000003
2020-01-06,Almatti,0.0,16.244762
2020-01-07,Almatti,0.0,55.79722600000001
2020-01-08,Almatti,0.0,78.04548700000001
2020-01-09,Almatti,0.0,109.828717
2020-01-10,Almatti,0.0,109.828717
2020-01-11,Almatti,0.0,109.828717
2020-01-12,Almatti,0.0,105.590953
2020-01-13,Almatti,0.0,104.9199737
2020-01-14,Almatti,0.0,104.2489944
2020-01-15,Almatti,0.0,103.57801510000002
2020-01-16,Almatti,0.0,102.90703580000002
2020-01-17,Almatti,0.0,102.2360565
2020-01-18,Almatti,0.0,101.56507720000002
2020-01-19,Almatti,0.0,100.89409790000002
2020-01-20,Almatti,0.0,100.2231186
2020-01-21,Almatti,0.0,99.5521393
2020-01-22,Almatti,0.0,98.88116
2020-01-23,Almatti,0.0,98.2101807
2020-01-24,Almatti,0.0,97.5392014
2020-01-25,Almatti,0.0,96.8682221
2020-01-26,Almatti,0.0,96.1972428
2020-01-27,Almatti,0.0,95.5262635
2020-01-28,Almatti,0.0,94.8552842
2020-01-29,Almatti,0.0,94.1843049
2020-01-30,Almatti,0.0,93.51332560000002
2020-01-31,Almatti,0.0,92.8423463
2020-02-01,Almatti,0.0,92.171367
2020-02-02,Almatti,0.0,66.744783
2020-02-03,Almatti,0.0,43.437081
2020-02-04,Almatti,0.0,29.664348
2020-02-05,Almatti,0.0,22.248261000000003
2020-02-06,Almatti,0.0,15.891615000000002
2020-02-07,Almatti,0.0,56.50352000000001
2020-02-08,Almatti,0.0,78.39863400000002
2020-02-09,Almatti,0.0,109.828717
2020-02-10,Almatti,0.0,109.828717
2020-02-11,Almatti,0.0,109.828717
2020-02-12,Almatti,0.0,104.531512
2020-02-13,Almatti,0.0,103.58978666666668
2020-02-14,Almatti,0.0,102.64806133333336
2020-02-15,Almatti,0.0,101.706336
2020-02-16,Almatti,0.0,100.76461066666666
2020-02-17,Almatti,0.0,99.82288533333332
2020-02-18,Almatti,0.0,98.88116
2020-02-19,Almatti,0.0,97.93943466666666
2020-02-20,Almatti,0.0,96.99770933333332
2020-02-21,Almatti,0.0,96.055984
2020-02-22,Almatti,0.0,95.11425866666669
2020-02-23,Almatti,0.0,94.17253333333332
2020-02-24,Almatti,0.0,93.230808
2020-02-25,Almatti,0.0,92.28908266666669
2020-02-26,Almatti,0.0,91.34735733333332
2020-02-27,Almatti,0.0,90.405632
2020-02-28,Almatti,0.0,89.46390666666667
2020-02-29,Almatti,0.0,88.52218133333335
2020-03-01,Almatti,0.0,87.580456
2020-03-02,Almatti,0.0,66.744783
2020-03-03,Almatti,0.0,42.37764
2020-03-04,Almatti,0.0,29.664348
2020-03-05,Almatti,0.0,22.248261000000003
2020-03-06,Almatti,0.0,15.538468000000002
2020-03-07,Almatti,0.0,57.20981400000001
2020-03-08,Almatti,0.0,78.75178100000001
2020-03-09,Almatti,0.0,109.828717
2020-03-10,Almatti,0.0,109.828717
2020-03-11,Almatti,0.0,109.828717
2020-03-12,Almatti,0.0,103.825218
2020-03-13,Almatti,0.0,102.96000785
2020-03-14,Almatti,0.0,102.0947977
2020-03-15,Almatti,0.0,101.22958755
2020-03-16,Almatti,0.0,100.3643774
2020-03-17,Almatti,0.0,99.49916725
2020-03-18,Almatti,0.0,98.63395710000002
2020-03-19,Almatti,0.0,97.76874695
2020-03-20,Almatti,0.0,96.9035368
2020-03-21,Almatti,0.0,96.03832665
2020-03-22,Almatti,0.0,95.17311650000002
2020-03-23,Almatti,0.0,94.30790635
2020-03-24,Almatti,0.0,93.4426962
2020-03-25,Almatti,0.0,92.57748605
2020-03-26,Almatti,0.0,91.7122759
2020-03-27,Almatti,0.0,90.84706575
2020-03-28,Almatti,0.0,89.9818556
2020-03-29,Almatti,0.0,89.11664545000002
2020-03-30,Almatti,0.0,88.25143530000001
2020-03-31,Almatti,0.0,87.38622515
2020-04-01,Almatti,0.0,86.521015
2020-04-02,Almatti,0.0,66.391636
2020-04-03,Almatti,0.0,40.965052
2020-04-04,Almatti,0.0,29.664348
2020-04-05,Almatti,0.0,21.895114
2020-04-06,Almatti,0.0,14.832174
2020-04-07,Almatti,0.0,57.916108
2020-04-08,Almatti,0.0,78.75178100000001
2020-04-09,Almatti,0.0,109.828717
2020-04-10,Almatti,0.0,109.828717
2020-04-11,Almatti,0.0,109.828717
2020-04-12,Almatti,0.0,102.765777
2020-04-13,Almatti,0.0,101.85502947368424
2020-04-14,Almatti,0.0,100.94428194736842
2020-04-15,Almatti,0.0,100.03353442105264
2020-04-16,Almatti,0.0,99.12278689473683
2020-04-17,Almatti,0.0,98.21203936842107
2020-04-18,Almatti,0.0,97.30129184210529
2020-04-19,Almatti,0.0,96.39054431578948
2020-04-20,Almatti,0.0,95.4797967894737
2020-04-21,Almatti,0.0,94.56904926315792
2020-04-22,Almatti,0.0,93.6583017368421
2020-04-23,Almatti,0.0,92.74755421052632
2020-04-24,Almatti,0.0,91.83680668421052
2020-04-25,Almatti,0.0,90.92605915789474
2020-04-26,Almatti,0.0,90.01531163157895
2020-04-27,Almatti,0.0,89.10456410526317
2020-04-28,Almatti,0.0,88.19381657894739
2020-04-29,Almatti,0.0,87.28306905263159
2020-04-30,Almatti,0.0,86.37232152631579
2020-05-01,Almatti,0.0,85.461574
2020-05-02,Almatti,0.0,66.03848900000001
2020-05-03,Almatti,0.0,39.905611
2020-05-04,Almatti,0.0,29.311201
2020-05-05,Almatti,0.0,21.541967
2020-05-06,Almatti,0.0,15.185321
2020-05-07,Almatti,0.0,58.622402
2020-05-08,Almatti,0.0,78.75178100000001
2020-05-09,Almatti,0.0,109.828717
2020-05-10,Almatti,0.0,109.828717
2020-05-11,Almatti,0.0,0.0
2020-05-12,Almatti,0.0,101.706336
2020-05-13,Almatti,0.0,100.8234685
2020-05-14,Almatti,0.0,99.94060100000002
2020-05-15,Almatti,0.0,99.0577335
2020-05-16,Almatti,0.0,98.174866
2020-05-17,Almatti,0.0,97.2919985
2020-05-18,Almatti,0.0,96.409131
2020-05-19,Almatti,0.0,95.5262635
2020-05-20,Almatti,0.0,94.643396
2020-05-21,Almatti,0.0,93.7605285
2020-05-22,Almatti,0.0,92.877661
2020-05-23,Almatti,0.0,91.9947935
2020-05-24,Almatti,0.0,91.111926
2020-05-25,Almatti,0.0,90.2290585
2020-05-26,Almatti,0.0,89.346191
2020-05-27,Almatti,0.0,88.4633235
2020-05-28,Almatti,0.0,87.580456
2020-05-29,Almatti,0.0,86.69758850000001
2020-05-30,Almatti,0.0,85.814721
2020-05-31,Almatti,0.0,84.9318535
2020-06-01,Almatti,0.0,84.048986
2020-06-02,Almatti,0.0,65.33219500000001
2020-06-03,Almatti,0.0,38.49302300000001
2020-06-04,Almatti,0.0,29.311201
2020-06-05,Almatti,361.351,21.18882
2020-06-06,Almatti,397.852,15.538468000000002
2020-06-07,Almatti,384.883,61.094431
2020-06-08,Almatti,454.485,82.283251
2020-06-09,Almatti,372.876,109.828717
2020-06-10,Almatti,296.846,109.828717
2020-06-11,Almatti,413.199,109.828717
2020-06-12,Almatti,235.228,101.000042
2020-06-13,Almatti,102.818,100.10788115789474
2020-06-14,Almatti,15.008,99.21572031578948
2020-06-15,Almatti,15.008,98.3235594736842
2020-06-16,Almatti,15.008,97.43139863157894
2020-06-17,Almatti,280.79,96.5392377894737
2020-06-18,Almatti,435.853,95.64707694736842
2020-06-19,Almatti,1207.968,94.75491610526316
2020-06-20,Almatti,1623.858,93.86275526315792
2020-06-21,Almatti,1770.369,92.97059442105262
2020-06-22,Almatti,1518.661,92.07843357894738
2020-06-23,Almatti,849.76,91.1862727368421
2020-06-24,Almatti,580.948,90.29411189473684
2020-06-25,Almatti,594.371,89.40195105263157
2020-06-26,Almatti,464.283,88.50979021052632
2020-06-27,Almatti,820.197,87.61762936842106
2020-06-28,Almatti,339.717,86.72546852631578
2020-06-29,Almatti,349.232,85.83330768421052
2020-06-30,Almatti,285.66,84.94114684210527
2020-07-01,Almatti,349.232,84.048986
2020-07-02,Almatti,195.868,64.62590100000001
2020-07-03,Almatti,298.431,37.433582
2020-07-04,Almatti,298.12,29.311201
2020-07-05,Almatti,265.017,0.0
2020-07-06,Almatti,827.73,16.597909
2020-07-07,Almatti,241.401,61.800725
2020-07-08,Almatti,753.341,84.75528
2020-07-09,Almatti,1405.535,109.828717
2020-07-10,Almatti,2039.662,109.828717
2020-07-11,Almatti,2089.528,109.828717
2020-07-12,Almatti,1978.441,100.293748
2020-07-13,Almatti,1611.37,99.46385255
2020-07-14,Almatti,1175.489,98.63395710000002
2020-07-15,Almatti,783.187,97.80406165
2020-07-16,Almatti,699.596,96.9741662
2020-07-17,Almatti,856.075,96.14427075
2020-07-18,Almatti,1024.504,95.3143753
2020-07-19,Almatti,1348.193,94.48447985
2020-07-20,Almatti,1431.445,93.6545844
2020-07-21,Almatti,1473.41,92.82468895
2020-07-22,Almatti,1282.074,91.9947935
2020-07-23,Almatti,822.265,91.16489805
2020-07-24,Almatti,538.332,90.3350026
2020-07-25,Almatti,493.195,89.50510715
2020-07-26,Almatti,499.736,88.6752117
2020-07-27,Almatti,483.369,87.84531625
2020-07-28,Almatti,316.554,87.0154208
2020-07-29,Almatti,133.004,86.18552535
2020-07-30,Almatti,347.08,85.3556299
2020-07-31,Almatti,264.649,84.52573445
2020-08-01,Almatti,315.959,83.695839
2020-08-02,Almatti,185.192,63.566460000000006
2020-08-03,Almatti,233.642,36.374141
2020-08-04,Almatti,283.168,28.958054
2020-08-05,Almatti,108.85,20.835673
2020-08-06,Almatti,1628.36,18.010497
2020-08-07,Almatti,3578.513,63.919607000000006
2020-08-08,Almatti,4974.477,82.989545
2020-08-09,Almatti,4775.551,109.828717
2020-08-10,Almatti,5238.645,109.828717
2020-08-11,Almatti,4833.516,109.828717
2020-08-12,Almatti,4930.388,99.587454
2020-08-13,Almatti,3184.144,94.6080813
2020-08-14,Almatti,2886.393,89.6287086
2020-08-15,Almatti,3315.365,84.6493359
2020-08-16,Almatti,3388.79,79.6699632
2020-08-17,Almatti,3612.72,74.69059050000001
2020-08-18,Almatti,4727.073,69.7112178
2020-08-19,Almatti,5830.552,64.7318451
2020-08-20,Almatti,6844.607,59.7524724
2020-08-21,Almatti,7759.609,54.7730997
2020-08-22,Almatti,8099.807,49.793727
2020-08-23,Almatti,7352.554,44.8143543
2020-08-24,Almatti,3284.754,39.8349816
2020-08-25,Almatti,5422.138,34.8556089
2020-08-26,Almatti,4313.109,29.8762362
2020-08-27,Almatti,3117.826,24.89686350000001
2020-08-28,Almatti,2094.965,19.917490800000003
2020-08-29,Almatti,1072.104,14.9381181
2020-08-30,Almatti,762.346,9.9587454
2020-08-31,Almatti,762.346,4.9793727
2020-09-01,Almatti,762.346,0.0
2020-09-02,Almatti,1037.274,62.50701900000001
2020-09-03,Almatti,1385.317,35.667847
2020-09-04,Almatti,1385.317,28.958054
2020-09-05,Almatti,1184.749,20.482526
2020-09-06,Almatti,960.564,19.069938000000004
2020-09-07,Almatti,521.653,67.451077
2020-09-08,Almatti,514.574,80.16436900000001
2020-09-09,Almatti,1216.577,109.828717
2020-09-10,Almatti,1658.319,109.828717
2020-09-11,Almatti,1695.046,109.828717
2020-09-12,Almatti,1335.139,98.528013
2020-09-13,Almatti,1212.556,97.7287855789474
2020-09-14,Almatti,1385.317,96.92955815789476
2020-09-15,Almatti,1149.324,96.13033073684213
2020-09-16,Almatti,812.184,95.33110331578948
2020-09-17,Almatti,526.354,94.53187589473684
2020-09-18,Almatti,479.178,93.73264847368422
2020-09-19,Almatti,841.407,92.93342105263156
2020-09-20,Almatti,1314.525,92.13419363157897
2020-09-21,Almatti,1481.368,91.33496621052632
2020-09-22,Almatti,1478.054,90.53573878947368
2020-09-23,Almatti,1102.148,89.73651136842106
2020-09-24,Almatti,1102.148,88.93728394736843
2020-09-25,Almatti,1302.717,88.1380565263158
2020-09-26,Almatti,1528.515,87.33882910526316
2020-09-27,Almatti,1926.735,86.53960168421052
2020-09-28,Almatti,1703.541,85.7403742631579
2020-09-29,Almatti,1102.148,84.94114684210525
2020-09-30,Almatti,1102.148,84.14191942105263
2020-10-01,Almatti,1102.148,83.342692
2020-10-02,Almatti,1102.148,61.447578
2020-10-03,Almatti,861.455,34.961553
2020-10-04,Almatti,555.86,28.958054
2020-10-05,Almatti,479.178,20.482526
2020-10-06,Almatti,479.178,19.776232000000004
2020-10-07,Almatti,479.178,72.041988
2020-10-08,Almatti,479.178,80.16436900000001
2020-10-09,Almatti,439.761,109.828717
2020-10-10,Almatti,439.761,109.828717
2020-10-11,Almatti,364.24,109.828717
2020-10-12,Almatti,613.201,97.821719
2020-10-13,Almatti,1487.484,97.09776765
2020-10-14,Almatti,1971.221,96.37381630000002
2020-10-15,Almatti,2782.697,95.64986495
2020-10-16,Almatti,3064.591,94.92591360000002
2020-10-17,Almatti,4756.437,94.20196225
2020-10-18,Almatti,4725.261,93.4780109
2020-10-19,Almatti,3643.755,92.75405955
2020-10-20,Almatti,1956.779,92.0301082
2020-10-21,Almatti,1447.472,91.30615685
2020-10-22,Almatti,1676.216,90.5822055
2020-10-23,Almatti,2195.405,89.85825415000001
2020-10-24,Almatti,1174.809,89.1343028
2020-10-25,Almatti,697.897,88.41035145
2020-10-26,Almatti,616.713,87.68640010000001
2020-10-27,Almatti,840.897,86.96244875000001
2020-10-28,Almatti,852.705,86.23849740000001
2020-10-29,Almatti,864.513,85.51454605
2020-10-30,Almatti,864.513,84.7905947
2020-10-31,Almatti,805.501,84.06664335
2020-11-01,Almatti,445.651,83.342692
2020-11-02,Almatti,439.761,60.388137
2020-11-03,Almatti,439.761,34.961553
2020-11-04,Almatti,439.761,28.604907000000004
2020-11-05,Almatti,433.842,20.129379
2020-11-06,Almatti,405.554,21.18882
2020-11-07,Almatti,305.256,76.632899
2020-11-08,Almatti,177.801,88.63989699999999
2020-11-09,Almatti,29.591,109.828717
2020-11-10,Almatti,29.591,109.828717
2020-11-11,Almatti,29.591,109.828717
2020-11-12,Almatti,29.591,97.115425
2020-11-13,Almatti,29.591,96.39054431578948
2020-11-14,Almatti,29.591,95.66566363157897
2020-11-15,Almatti,0.0,94.94078294736843
2020-11-16,Almatti,0.0,94.2159022631579
2020-11-17,Almatti,0.0,93.4910215789474
2020-11-18,Almatti,0.0,92.76614089473684
2020-11-19,Almatti,0.0,92.04126021052632
2020-11-20,Almatti,0.0,91.3163795263158
2020-11-21,Almatti,0.0,90.59149884210528
2020-11-22,Almatti,0.0,89.86661815789475
2020-11-23,Almatti,0.0,89.14173747368419
2020-11-24,Almatti,0.0,88.4168567894737
2020-11-25,Almatti,0.0,87.69197610526317
2020-11-26,Almatti,0.0,86.96709542105263
2020-11-27,Almatti,0.0,86.24221473684212
2020-11-28,Almatti,0.0,85.51733405263158
2020-11-29,Almatti,0.0,84.79245336842108
2020-11-30,Almatti,0.0,84.06757268421052
2020-12-01,Almatti,0.0,83.342692
2020-12-02,Almatti,0.0,59.328696
2020-12-03,Almatti,0.0,0.0
2020-12-04,Almatti,0.0,28.604907000000004
2020-12-05,Almatti,0.0,20.129379
2020-12-06,Almatti,0.0,21.895114
2020-12-07,Almatti,0.0,79.811222
2020-12-08,Almatti,0.0,100.293748
2020-12-09,Almatti,0.0,109.828717
2020-12-10,Almatti,0.0,109.828717
2020-12-11,Almatti,0.0,109.828717
2020-12-12,Almatti,0.0,96.409131
2020-12-13,Almatti,0.0,95.8087811
2020-12-14,Almatti,0.0,95.2084312
2020-12-15,Almatti,0.0,94.6080813
2020-12-16,Almatti,0.0,94.0077314
2020-12-17,Almatti,0.0,93.4073815
2020-12-18,Almatti,0.0,92.80703160000002
2020-12-19,Almatti,0.0,92.20668170000002
2020-12-20,Almatti,0.0,91.6063318
2020-12-21,Almatti,0.0,91.0059819
2020-12-22,Almatti,0.0,90.405632
2020-12-23,Almatti,0.0,89.80528210000001
2020-12-24,Almatti,0.0,89.2049322
2020-12-25,Almatti,0.0,88.6045823
2020-12-26,Almatti,0.0,88.0042324
2020-12-27,Almatti,0.0,87.40388250000001
2020-12-28,Almatti,0.0,86.80353260000001
2020-12-29,Almatti,0.0,86.20318270000001
2020-12-30,Almatti,0.0,85.6028328
2020-12-31,Almatti,0.0,85.0024829
2021-01-01,Almatti,0.0,84.402133
2021-01-02,Almatti,0.0,65.685342
2021-01-03,Almatti,0.0,45.555963000000006
2021-01-04,Almatti,0.0,27.898613000000005
2021-01-05,Almatti,0.0,15.185321
2021-01-06,Almatti,0.0,11.653851
2021-01-07,Almatti,0.0,78.39863400000002
2021-01-08,Almatti,0.0,72.041988
2021-01-09,Almatti,0.0,109.828717
2021-01-10,Almatti,0.0,109.828717
2021-01-11,Almatti,0.0,102.41263
2021-01-12,Almatti,0.0,93.583955
2021-01-13,Almatti,0.0,93.07189185
2021-01-14,Almatti,0.0,92.5598287
2021-01-15,Almatti,0.0,92.04776555
2021-01-16,Almatti,0.0,91.5357024
2021-01-17,Almatti,0.0,91.02363925000002
2021-01-18,Almatti,0.0,90.5115761
2021-01-19,Almatti,0.0,89.99951295000001
2021-01-20,Almatti,0.0,89.4874498
2021-01-21,Almatti,0.0,88.97538665
2021-01-22,Almatti,0.0,88.4633235
2021-01-23,Almatti,0.0,87.95126035
2021-01-24,Almatti,0.0,87.43919720000001
2021-01-25,Almatti,0.0,86.92713405
2021-01-26,Almatti,0.0,86.4150709
2021-01-27,Almatti,0.0,85.90300775000001
2021-01-28,Almatti,0.0,85.39094460000001
2021-01-29,Almatti,0.0,84.87888145000001
2021-01-30,Almatti,0.0,84.36681829999999
2021-01-31,Almatti,0.0,83.85475515
2021-02-01,Almatti,0.0,83.342692
2021-02-02,Almatti,0.0,65.685342
2021-02-03,Almatti,0.0,43.083934
2021-02-04,Almatti,0.0,26.486025
2021-02-05,Almatti,0.0,14.832174
2021-02-06,Almatti,0.0,11.653851
2021-02-07,Almatti,0.0,78.04548700000001
2021-02-08,Almatti,220.05,78.39863400000002
2021-02-09,Almatti,0.0,109.828717
2021-02-10,Almatti,2.888,109.828717
2021-02-11,Almatti,12.205,101.353189
2021-02-12,Almatti,14.951,93.937102
2021-02-13,Almatti,0.0,93.2515813529412
2021-02-14,Almatti,0.0,92.56606070588236
2021-02-15,Almatti,0.0,91.88054005882354
2021-02-16,Almatti,20664.502,91.19501941176472
2021-02-17,Almatti,0.0,90.5094987647059
2021-02-18,Almatti,17.783,89.82397811764706
2021-02-19,Almatti,0.0,89.13845747058825
2021-02-20,Almatti,19.312,88.45293682352943
2021-02-21,Almatti,20.983,87.76741617647059
2021-02-22,Almatti,0.0,87.08189552941177
2021-02-23,Almatti,0.0,86.39637488235296
2021-02-24,Almatti,0.0,85.71085423529412
2021-02-25,Almatti,0.0,85.02533358823528
2021-02-26,Almatti,0.0,84.33981294117648
2021-02-27,Almatti,0.0,83.65429229411767
2021-02-28,Almatti,0.0,82.96877164705883
2021-03-01,Almatti,0.057,82.283251
2021-03-02,Almatti,0.0,65.33219500000001
2021-03-03,Almatti,9.571,42.37764
2021-03-04,Almatti,19.086,25.426584
2021-03-05,Almatti,0.0,14.479027
2021-03-06,Almatti,4.559,12.360145
2021-03-07,Almatti,8.269,78.04548700000001
2021-03-08,Almatti,0.0,87.580456
2021-03-09,Almatti,16.48,109.828717
2021-03-10,Almatti,3.851,109.828717
2021-03-11,Almatti,5.409,99.94060100000002
2021-03-12,Almatti,2.888,94.996543
2021-03-13,Almatti,0.0,94.30790635
2021-03-14,Almatti,0.0,93.6192697
2021-03-15,Almatti,0.0,92.93063305
2021-03-16,Almatti,0.0,92.2419964
2021-03-17,Almatti,13.847,91.55335975
2021-03-18,Almatti,0.0,90.8647231
2021-03-19,Almatti,0.0,90.17608645
2021-03-20,Almatti,16.169,89.4874498
2021-03-21,Almatti,2.152,88.79881315
2021-03-22,Almatti,1.841,88.11017650000001
2021-03-23,Almatti,1.841,87.42153985
2021-03-24,Almatti,1.841,86.73290320000001
2021-03-25,Almatti,2.152,86.04426655
2021-03-26,Almatti,1.841,85.3556299
2021-03-27,Almatti,0.0,84.66699325
2021-03-28,Almatti,0.0,83.97835660000001
2021-03-29,Almatti,0.0,83.28971994999999
2021-03-30,Almatti,0.0,82.6010833
2021-03-31,Almatti,0.0,81.91244665
2021-04-01,Almatti,0.0,81.22381
2021-04-02,Almatti,0.0,64.979048
2021-04-03,Almatti,0.51,40.965052
2021-04-04,Almatti,0.0,24.367143
2021-04-05,Almatti,6.739,14.479027
2021-04-06,Almatti,0.991,12.360145
2021-04-07,Almatti,0.0,78.04548700000001
2021-04-08,Almatti,3.228,95.34969
2021-04-09,Almatti,0.0,109.828717
2021-04-10,Almatti,0.0,109.828717
2021-04-11,Almatti,0.0,0.0
2021-04-12,Almatti,0.0,99.234307
2021-04-13,Almatti,0.0,98.2306260526316
2021-04-14,Almatti,0.0,97.22694510526316
2021-04-15,Almatti,0.0,96.22326415789476
2021-04-16,Almatti,0.0,95.21958321052632
2021-04-17,Almatti,0.0,94.2159022631579
2021-04-18,Almatti,0.0,93.21222131578948
2021-04-19,Almatti,0.0,92.20854036842108
2021-04-20,Almatti,0.0,91.20485942105265
2021-04-21,Almatti,0.0,90.2011784736842
2021-04-22,Almatti,0.0,89.1974975263158
2021-04-23,Almatti,0.0,88.19381657894739
2021-04-24,Almatti,90.671,87.19013563157895
2021-04-25,Almatti,0.0,86.18645468421053
2021-04-26,Almatti,0.0,85.18277373684212
2021-04-27,Almatti,0.0,84.1790927894737
2021-04-28,Almatti,0.0,83.17541184210526
2021-04-29,Almatti,5.012,82.17173089473684
2021-04-30,Almatti,0.0,81.16804994736843
2021-05-01,Almatti,0.0,80.16436900000001
2021-05-02,Almatti,0.0,63.919607000000006
2021-05-03,Almatti,0.0,39.905611
2021-05-04,Almatti,0.736,24.013996
2021-05-05,Almatti,0.0,14.125880000000002
2021-05-06,Almatti,0.0,12.360145
2021-05-07,Almatti,0.0,77.33919300000001
2021-05-08,Almatti,0.0,95.702837
2021-05-09,Almatti,0.0,109.828717
2021-05-10,Almatti,0.0,109.828717
2021-05-11,Almatti,0.0,97.821719
2021-05-12,Almatti,0.0,101.353189
2021-05-13,Almatti,0.0,100.27609065
2021-05-14,Almatti,0.0,99.1989923
2021-05-15,Almatti,0.0,98.12189395
2021-05-16,Almatti,0.0,97.0447956
2021-05-17,Almatti,0.0,95.96769725
2021-05-18,Almatti,0.0,94.8905989
2021-05-19,Almatti,0.0,93.81350055
2021-05-20,Almatti,0.0,92.7364022
2021-05-21,Almatti,0.0,91.65930385
2021-05-22,Almatti,0.0,90.5822055
2021-05-23,Almatti,271.021,89.50510715
2021-05-24,Almatti,225.799,88.4280088
2021-05-25,Almatti,174.347,87.35091045
2021-05-26,Almatti,111.88,86.2738121
2021-05-27,Almatti,66.261,85.19671375000001
2021-05-28,Almatti,53.151,84.11961540000001
2021-05-29,Almatti,26.193,83.04251705000001
2021-05-30,Almatti,39.304,81.96541870000001
2021-05-31,Almatti,26.193,80.88832035000001
2021-06-01,Almatti,12.771,79.811222
2021-06-02,Almatti,0.0,62.86016600000001
2021-06-03,Almatti,185.815,38.84617000000001
2021-06-04,Almatti,26.193,24.013996
2021-06-05,Almatti,0.0,14.125880000000002
2021-06-06,Almatti,36.925,12.360145
2021-06-07,Almatti,70.594,77.69234000000002
2021-06-08,Almatti,462.98,97.115425
2021-06-09,Almatti,329.92,109.828717
2021-06-10,Almatti,196.859,109.828717
2021-06-11,Almatti,83.167,97.468572
2021-06-12,Almatti,199.662,102.41263
2021-06-13,Almatti,90.755,101.22308221052631
2021-06-14,Almatti,49.13,100.03353442105264
2021-06-15,Almatti,89.141,98.84398663157894
2021-06-16,Almatti,159.282,97.65443884210526
2021-06-17,Almatti,390.319,96.46489105263156
2021-06-18,Almatti,1054.321,95.27534326315792
2021-06-19,Almatti,3346.853,94.0857954736842
2021-06-20,Almatti,4268.793,92.89624768421052
2021-06-21,Almatti,3996.753,91.70669989473684
2021-06-22,Almatti,4390.697,90.51715210526316
2021-06-23,Almatti,3318.649,89.32760431578947
2021-06-24,Almatti,1657.583,88.1380565263158
2021-06-25,Almatti,982.198,86.94850873684211
2021-06-26,Almatti,579.108,85.75896094736842
2021-06-27,Almatti,622.687,84.56941315789473
2021-06-28,Almatti,753.455,83.37986536842106
2021-06-29,Almatti,579.108,82.19031757894737
2021-06-30,Almatti,319.216,81.0007697894737
2021-07-01,Almatti,447.01,79.811222
2021-07-02,Almatti,228.743,61.447578
2021-07-03,Almatti,252.36,37.433582
2021-07-04,Almatti,295.939,24.013996
2021-07-05,Almatti,87.612,13.772733
2021-07-06,Almatti,160.443,11.653851
2021-07-07,Almatti,69.263,77.69234000000002
2021-07-08,Almatti,112.871,102.765777
2021-07-09,Almatti,114.513,109.828717
2021-07-10,Almatti,286.227,109.828717
2021-07-11,Almatti,166.305,97.468572
2021-07-12,Almatti,268.132,103.472071
2021-07-13,Almatti,174.828,102.28902855
2021-07-14,Almatti,700.191,101.1059861
2021-07-15,Almatti,1444.839,99.92294365
2021-07-16,Almatti,1289.351,98.73990120000002
2021-07-17,Almatti,1515.008,97.55685875000002
2021-07-18,Almatti,1479.47,96.37381630000002
2021-07-19,Almatti,1162.775,95.19077385
2021-07-20,Almatti,1115.57,94.0077314
2021-07-21,Almatti,1487.172,92.82468895
2021-07-22,Almatti,1895.445,91.6416465
2021-07-23,Almatti,2299.356,90.45860405
2021-07-24,Almatti,4494.45,89.2755616
2021-07-25,Almatti,6547.563,88.09251915
2021-07-26,Almatti,8353.045,86.9094767
2021-07-27,Almatti,10063.694,85.72643425000001
2021-07-28,Almatti,11685.57,84.54339180000001
2021-07-29,Almatti,11984.822,83.36034935
2021-07-30,Almatti,12337.424,82.1773069
2021-07-31,Almatti,11570.122,80.99426445
2021-08-01,Almatti,10964.481,79.811222
2021-08-02,Almatti,9788.313,60.388137
2021-08-03,Almatti,8751.321,36.374141
2021-08-04,Almatti,7093.625,23.660849
2021-08-05,Almatti,4936.759,13.772733
2021-08-06,Almatti,2865.693,12.006998
2021-08-07,Almatti,3082.175,78.04548700000001
2021-08-08,Almatti,2702.447,104.531512
2021-08-09,Almatti,2345.428,109.828717
2021-08-10,Almatti,1418.363,109.828717
2021-08-11,Almatti,1120.186,97.115425
2021-08-12,Almatti,682.379,104.178365
2021-08-13,Almatti,733.067,102.96000785
2021-08-14,Almatti,575.71,101.7416507
2021-08-15,Almatti,862.078,100.52329355000002
2021-08-16,Almatti,577.154,99.30493640000002
2021-08-17,Almatti,772.399,98.08657925
2021-08-18,Almatti,919.873,96.8682221
2021-08-19,Almatti,806.096,95.64986495
2021-08-20,Almatti,735.304,94.4315078
2021-08-21,Almatti,496.394,93.21315065
2021-08-22,Almatti,497.074,91.9947935
2021-08-23,Almatti,590.293,90.77643635
2021-08-24,Almatti,623.707,89.55807920000001
2021-08-25,Almatti,349.543,88.33972205
2021-08-26,Almatti,49.101,87.1213649
2021-08-27,Almatti,63.033,85.90300775000001
2021-08-28,Almatti,94.663,84.68465060000001
2021-08-29,Almatti,126.293,83.46629345000001
2021-08-30,Almatti,378.794,82.2479363
2021-08-31,Almatti,173.865,81.02957915000002
2021-09-01,Almatti,257.344,79.811222
2021-09-02,Almatti,146.285,59.328696
2021-09-03,Almatti,116.637,35.3147
2021-09-04,Almatti,88.264,23.660849
2021-09-05,Almatti,54.397,13.419586
2021-09-06,Almatti,60.626,0.0
2021-09-07,Almatti,153.789,78.39863400000002
2021-09-08,Almatti,231.519,105.237806
2021-09-09,Almatti,513.639,109.828717
2021-09-10,Almatti,983.869,109.828717
2021-09-11,Almatti,1405.139,97.115425
2021-09-12,Almatti,1260.355,105.237806
2021-09-13,Almatti,1515.404,103.89956473684212
2021-09-14,Almatti,1898.05,102.56132347368424
2021-09-15,Almatti,2594.106,101.22308221052631
2021-09-16,Almatti,2883.306,99.88484094736842
2021-09-17,Almatti,2970.211,98.5465996842105
2021-09-18,Almatti,2313.628,97.20835842105264
2021-09-19,Almatti,1265.848,95.87011715789474
2021-09-20,Almatti,238.371,94.53187589473684
2021-09-21,Almatti,81.581,93.19363463157896
2021-09-22,Almatti,309.928,91.85539336842103
2021-09-23,Almatti,314.232,90.51715210526316
2021-09-24,Almatti,181.964,89.17891084210527
2021-09-25,Almatti,189.043,87.84066957894737
2021-09-26,Almatti,248.622,86.50242831578947
2021-09-27,Almatti,340.227,85.16418705263156
2021-09-28,Almatti,467.568,83.82594578947368
2021-09-29,Almatti,504.04,82.48770452631578
2021-09-30,Almatti,428.689,81.14946326315788
2021-10-01,Almatti,293.532,79.811222
2021-10-02,Almatti,331.307,58.269255
2021-10-03,Almatti,378.483,34.255259
2021-10-04,Almatti,418.07,23.660849
2021-10-05,Almatti,404.931,12.713292
2021-10-06,Almatti,402.835,0.0
2021-10-07,Almatti,460.432,79.10492800000002
2021-10-08,Almatti,454.938,102.765777
2021-10-09,Almatti,361.889,109.828717
2021-10-10,Almatti,532.951,109.828717
2021-10-11,Almatti,694.697,96.762278
2021-10-12,Almatti,807.143,105.590953
2021-10-13,Almatti,498.15,104.28430910000002
2021-10-14,Almatti,469.238,102.97766520000002
2021-10-15,Almatti,605.669,101.6710213
2021-10-16,Almatti,452.73,100.3643774
2021-10-17,Almatti,387.629,99.0577335
2021-10-18,Almatti,395.898,97.7510896
2021-10-19,Almatti,358.208,96.44444570000002
2021-10-20,Almatti,318.734,95.1378018
2021-10-21,Almatti,222.995,93.8311579
2021-10-22,Almatti,166.361,92.524514
2021-10-23,Almatti,0.0,91.2178701
2021-10-24,Almatti,0.0,89.91122620000002
2021-10-25,Almatti,0.0,88.6045823
2021-10-26,Almatti,0.0,87.2979384
2021-10-27,Almatti,0.0,85.99129450000001
2021-10-28,Almatti,0.0,84.68465060000001
2021-10-29,Almatti,0.0,83.37800670000001
2021-10-30,Almatti,0.0,82.0713628
2021-10-31,Almatti,0.0,80.7647189
2021-11-01,Almatti,0.0,79.45807500000001
2021-11-02,Almatti,0.0,57.20981400000001
2021-11-03,Almatti,0.0,33.195818
2021-11-04,Almatti,0.0,23.307702000000003
2021-11-05,Almatti,0.0,11.653851
2021-11-06,Almatti,0.0,10.947557
2021-11-07,Almatti,0.0,78.75178100000001
2021-11-08,Almatti,0.0,104.178365
2021-11-09,Almatti,0.0,109.828717
2021-11-10,Almatti,0.0,109.828717
2021-11-11,Almatti,0.0,96.762278
2021-11-12,Almatti,0.0,106.297247
2021-11-13,Almatti,0.0,104.884659
2021-11-14,Almatti,0.0,103.472071
2021-11-15,Almatti,0.0,102.059483
2021-11-16,Almatti,0.0,100.646895
2021-11-17,Almatti,0.0,99.234307
2021-11-18,Almatti,0.0,97.821719
2021-11-19,Almatti,0.0,96.409131
2021-11-20,Almatti,114.966,94.996543
2021-11-21,Almatti,93.899,93.583955
2021-11-22,Almatti,192.555,92.171367
2021-11-23,Almatti,192.555,90.758779
2021-11-24,Almatti,242.052,89.346191
2021-11-25,Almatti,192.555,87.93360300000002
2021-11-26,Almatti,220.815,86.521015
2021-11-27,Almatti,65.582,85.108427
2021-11-28,Almatti,65.922,83.695839
2021-11-29,Almatti,65.582,82.283251
2021-11-30,Almatti,164.238,80.87066300000001
2021-12-01,Almatti,115.08,79.45807500000001
2021-12-02,Almatti,115.08,56.15037300000001
2021-12-03,Almatti,320.887,32.136377
2021-12-04,Almatti,1349.326,23.307702000000003
2021-12-05,Almatti,815.44,11.653851
2021-12-06,Almatti,336.291,10.947557
2021-12-07,Almatti,389.385,78.75178100000001
2021-12-08,Almatti,234.322,106.297247
2021-12-09,Almatti,310.183,109.828717
2021-12-10,Almatti,144.246,109.828717
2021-12-11,Almatti,258.731,96.409131
2021-12-12,Almatti,155.091,106.650394
2021-12-13,Almatti,262.724,106.4031911
2021-12-14,Almatti,125.076,106.1559882
2021-12-15,Almatti,103.215,105.9087853
2021-12-16,Almatti,100.525,105.6615824
2021-12-17,Almatti,99.732,105.4143795
2021-12-18,Almatti,103.47,105.16717660000002
2021-12-19,Almatti,105.565,104.9199737
2021-12-20,Almatti,15.942,104.6727708
2021-12-21,Almatti,48.224,104.4255679
2021-12-22,Almatti,24.126,104.178365
2021-12-23,Almatti,16.424,103.9311621
2021-12-24,Almatti,16.424,103.6839592
2021-12-25,Almatti,16.424,103.4367563
2021-12-26,Almatti,16.424,103.1895534
2021-12-27,Almatti,16.424,102.9423505
2021-12-28,Almatti,16.424,102.6951476
2021-12-29,Almatti,16.424,102.4479447
2021-12-30,Almatti,0.0,102.20074180000002
2021-12-31,Almatti,16.424,101.9535389
2022-01-01,Almatti,0.0,101.706336
2022-01-02,Almatti,0.0,81.22381
2022-01-03,Almatti,0.0,59.328696
2022-01-04,Almatti,0.0,34.961553
2022-01-05,Almatti,0.0,30.017495
2022-01-06,Almatti,0.0,34.961553
2022-01-07,Almatti,0.0,36.020994
2022-01-08,Almatti,0.0,94.643396
2022-01-09,Almatti,0.0,109.47557
2022-01-10,Almatti,0.0,108.416129
2022-01-11,Almatti,0.0,108.062982
2022-01-12,Almatti,0.0,108.062982
2022-01-13,Almatti,0.0,107.69217765
2022-01-14,Almatti,0.0,107.3213733
2022-01-15,Almatti,0.0,106.95056895000002
2022-01-16,Almatti,16.424,106.5797646
2022-01-17,Almatti,16.424,106.20896025000002
2022-01-18,Almatti,0.0,105.8381559
2022-01-19,Almatti,16.056,105.46735155
2022-01-20,Almatti,16.056,105.0965472
2022-01-21,Almatti,0.0,104.72574285
2022-01-22,Almatti,16.056,104.3549385
2022-01-23,Almatti,16.056,103.98413415000002
2022-01-24,Almatti,0.0,103.61332980000002
2022-01-25,Almatti,0.0,103.24252545000002
2022-01-26,Almatti,0.0,102.87172110000002
2022-01-27,Almatti,0.0,102.50091675
2022-01-28,Almatti,0.0,102.1301124
2022-01-29,Almatti,0.0,101.75930805
2022-01-30,Almatti,0.0,101.3885037
2022-01-31,Almatti,0.0,101.01769935
2022-02-01,Almatti,0.0,100.646895
2022-02-02,Almatti,0.0,80.16436900000001
2022-02-03,Almatti,0.0,58.269255
2022-02-04,Almatti,0.0,34.608406
2022-02-05,Almatti,0.0,29.664348
2022-02-06,Almatti,0.0,34.961553
2022-02-07,Almatti,0.0,36.374141
2022-02-08,Almatti,0.0,95.34969
2022-02-09,Almatti,0.0,109.47557
2022-02-10,Almatti,0.0,108.416129
2022-02-11,Almatti,0.0,108.062982
2022-02-12,Almatti,0.0,107.709835
2022-02-13,Almatti,0.0,107.23204788235292
2022-02-14,Almatti,0.0,106.75426076470588
2022-02-15,Almatti,0.0,106.27647364705882
2022-02-16,Almatti,0.0,105.79868652941175
2022-02-17,Almatti,0.0,105.3208994117647
2022-02-18,Almatti,0.0,104.84311229411765
2022-02-19,Almatti,0.0,104.36532517647058
2022-02-20,Almatti,0.0,103.88753805882352
2022-02-21,Almatti,0.0,103.40975094117648
2022-02-22,Almatti,0.0,102.9319638235294
2022-02-23,Almatti,0.0,102.45417670588236
2022-02-24,Almatti,0.0,101.97638958823528
2022-02-25,Almatti,0.0,101.49860247058824
2022-02-26,Almatti,0.0,101.02081535294116
2022-02-27,Almatti,0.0,100.54302823529412
2022-02-28,Almatti,0.0,100.06524111764706
2022-03-01,Almatti,0.0,99.587454
2022-03-02,Almatti,0.0,79.10492800000002
2022-03-03,Almatti,0.0,57.20981400000001
2022-03-04,Almatti,0.0,34.255259
2022-03-05,Almatti,0.0,29.664348
2022-03-06,Almatti,0.0,34.961553
2022-03-07,Almatti,0.0,36.727288
2022-03-08,Almatti,0.0,96.409131
2022-03-09,Almatti,0.0,109.47557
2022-03-10,Almatti,0.0,108.416129
2022-03-11,Almatti,0.0,108.062982
2022-03-12,Almatti,0.0,107.003541
2022-03-13,Almatti,0.0,106.59742195
2022-03-14,Almatti,0.0,106.1913029
2022-03-15,Almatti,0.0,105.78518385
2022-03-16,Almatti,0.0,105.3790648
2022-03-17,Almatti,0.0,104.97294575
2022-03-18,Almatti,0.0,104.5668267
2022-03-19,Almatti,0.0,104.16070765
2022-03-20,Almatti,0.0,103.7545886
2022-03-21,Almatti,0.0,103.34846955
2022-03-22,Almatti,0.0,102.9423505
2022-03-23,Almatti,0.0,102.53623145000002
2022-03-24,Almatti,0.0,102.1301124
2022-03-25,Almatti,0.0,101.72399335
2022-03-26,Almatti,0.0,101.3178743
2022-03-27,Almatti,0.0,100.91175525
2022-03-28,Almatti,0.0,100.5056362
2022-03-29,Almatti,0.0,100.09951715
2022-03-30,Almatti,0.0,99.6933981
2022-03-31,Almatti,0.0,99.28727905
2022-04-01,Almatti,0.0,98.88116
2022-04-02,Almatti,0.0,78.04548700000001
2022-04-03,Almatti,0.0,56.50352000000001
2022-04-04,Almatti,0.0,34.255259
2022-04-05,Almatti,0.0,29.311201
2022-04-06,Almatti,0.0,35.3147
2022-04-07,Almatti,0.0,36.727288
2022-04-08,Almatti,0.0,96.055984
2022-04-09,Almatti,0.0,109.47557
2022-04-10,Almatti,0.0,108.416129
2022-04-11,Almatti,0.0,108.062982
2022-04-12,Almatti,0.0,106.297247
2022-04-13,Almatti,0.0,105.8697532631579
2022-04-14,Almatti,0.0,105.44225952631578
2022-04-15,Almatti,0.0,105.01476578947369
2022-04-16,Almatti,0.0,104.58727205263158
2022-04-17,Almatti,0.0,104.15977831578948
2022-04-18,Almatti,0.0,103.73228457894736
2022-04-19,Almatti,0.0,103.30479084210528
2022-04-20,Almatti,0.0,102.87729710526315
2022-04-21,Almatti,0.0,102.44980336842109
2022-04-22,Almatti,0.0,102.02230963157892
2022-04-23,Almatti,0.0,101.59481589473684
2022-04-24,Almatti,0.0,101.16732215789474
2022-04-25,Almatti,0.0,100.73982842105264
2022-04-26,Almatti,0.0,100.31233468421053
2022-04-27,Almatti,0.0,99.88484094736842
2022-04-28,Almatti,0.0,99.45734721052632
2022-04-29,Almatti,0.0,99.0298534736842
2022-04-30,Almatti,0.0,98.6023597368421
2022-05-01,Almatti,0.0,98.174866
2022-05-02,Almatti,0.0,76.632899
2022-05-03,Almatti,0.0,56.15037300000001
2022-05-04,Almatti,0.0,33.902112
2022-05-05,Almatti,0.0,28.958054
2022-05-06,Almatti,0.0,35.3147
2022-05-07,Almatti,0.0,37.786729
2022-05-08,Almatti,0.0,98.174866
2022-05-09,Almatti,0.0,109.47557
2022-05-10,Almatti,0.0,108.416129
2022-05-11,Almatti,0.0,108.062982
2022-05-12,Almatti,0.0,105.590953
2022-05-13,Almatti,0.0,105.16717660000002
2022-05-14,Almatti,0.0,104.7434002
2022-05-15,Almatti,0.0,104.31962380000002
2022-05-16,Almatti,0.0,103.8958474
2022-05-17,Almatti,0.0,103.472071
2022-05-18,Almatti,0.0,103.0482946
2022-05-19,Almatti,0.0,102.6245182
2022-05-20,Almatti,0.0,102.20074180000002
2022-05-21,Almatti,53.717,101.7769654
2022-05-22,Almatti,795.052,101.353189
2022-05-23,Almatti,1216.86,100.9294126
2022-05-24,Almatti,682.323,100.5056362
2022-05-25,Almatti,229.366,100.0818598
2022-05-26,Almatti,253.294,99.6580834
2022-05-27,Almatti,278.864,99.234307
2022-05-28,Almatti,126.463,98.8105306
2022-05-29,Almatti,303.443,98.3867542
2022-05-30,Almatti,196.915,97.9629778
2022-05-31,Almatti,17.67,97.5392014
2022-06-01,Almatti,84.837,97.115425
2022-06-02,Almatti,17.67,75.926605
2022-06-03,Almatti,17.67,56.15037300000001
2022-06-04,Almatti,107.462,33.548965
2022-06-05,Almatti,62.552,28.604907000000004
2022-06-06,Almatti,57.625,35.667847
2022-06-07,Almatti,102.195,41.318199
2022-06-08,Almatti,102.847,100.646895
2022-06-09,Almatti,58.927,109.47557
2022-06-10,Almatti,105.14,108.416129
2022-06-11,Almatti,81.892,108.062982
2022-06-12,Almatti,58.927,105.237806
2022-06-13,Almatti,35.679,104.77313889473685
2022-06-14,Almatti,12.743,104.3084717894737
2022-06-15,Almatti,12.743,103.84380468421054
2022-06-16,Almatti,12.743,103.37913757894736
2022-06-17,Almatti,12.743,102.91447047368422
2022-06-18,Almatti,0.0,102.44980336842109
2022-06-19,Almatti,0.0,101.9851362631579
2022-06-20,Almatti,0.0,101.52046915789477
2022-06-21,Almatti,0.0,101.0558020526316
2022-06-22,Almatti,0.0,100.59113494736842
2022-06-23,Almatti,0.0,100.12646784210528
2022-06-24,Almatti,0.0,99.66180073684212
2022-06-25,Almatti,0.0,99.19713363157896
2022-06-26,Almatti,0.0,98.7324665263158
2022-06-27,Almatti,0.0,98.26779942105266
2022-06-28,Almatti,0.0,97.80313231578948
2022-06-29,Almatti,0.0,97.33846521052632
2022-06-30,Almatti,0.0,96.87379810526316
2022-07-01,Almatti,22.937,96.409131
2022-07-02,Almatti,104.517,74.867164
2022-07-03,Almatti,128.134,55.79722600000001
2022-07-04,Almatti,58.956,33.548965
2022-07-05,Almatti,359.171,28.251760000000004
2022-07-06,Almatti,1213.603,35.667847
2022-07-07,Almatti,1219.493,45.202816000000006
2022-07-08,Almatti,2129.625,102.41263
2022-07-09,Almatti,2219.758,109.47557
2022-07-10,Almatti,2127.983,108.416129
2022-07-11,Almatti,2319.433,108.062982
2022-07-12,Almatti,2969.078,105.237806
2022-07-13,Almatti,2953.589,104.7434002
2022-07-14,Almatti,3178.396,104.2489944
2022-07-15,Almatti,3427.16,103.7545886
2022-07-16,Almatti,3677.566,103.2601828
2022-07-17,Almatti,3783.442,102.765777
2022-07-18,Almatti,3761.468,102.2713712
2022-07-19,Almatti,3864.372,101.7769654
2022-07-20,Almatti,3651.656,101.2825596
2022-07-21,Almatti,3044.684,100.7881538
2022-07-22,Almatti,2363.324,100.293748
2022-07-23,Almatti,1385.005,99.7993422
2022-07-24,Almatti,730.631,99.30493640000002
2022-07-25,Almatti,1001.001,98.8105306
2022-07-26,Almatti,907.3,98.3161248
2022-07-27,Almatti,824.643,97.821719
2022-07-28,Almatti,768.916,97.3273132
2022-07-29,Almatti,768.916,96.8329074
2022-07-30,Almatti,768.916,96.3385016
2022-07-31,Almatti,620.79,95.84409580000002
2022-08-01,Almatti,773.843,95.34969
2022-08-02,Almatti,778.742,74.16087
2022-08-03,Almatti,830.193,55.79722600000001
2022-08-04,Almatti,419.882,33.195818
2022-08-05,Almatti,709.79,27.898613000000005
2022-08-06,Almatti,853.413,36.020994
2022-08-07,Almatti,754.502,51.559462
2022-08-08,Almatti,1048.884,105.237806
2022-08-09,Almatti,2250.963,109.47557
2022-08-10,Almatti,2893.585,108.416129
2022-08-11,Almatti,3718.851,108.062982
2022-08-12,Almatti,4390.442,105.237806
2022-08-13,Almatti,5275.315,104.69042815000002
2022-08-14,Almatti,5449.662,104.1430503
2022-08-15,Almatti,6047.119,103.59567245
2022-08-16,Almatti,6071.67,103.0482946
2022-08-17,Almatti,5774.739,102.50091675
2022-08-18,Almatti,5401.467,101.9535389
2022-08-19,Almatti,4391.008,101.40616105
2022-08-20,Almatti,3289.511,100.8587832
2022-08-21,Almatti,2574.398,100.31140535
2022-08-22,Almatti,1890.376,99.7640275
2022-08-23,Almatti,2089.33,99.21664965
2022-08-24,Almatti,1723.562,98.6692718
2022-08-25,Almatti,1574.785,98.12189395
2022-08-26,Almatti,1273.918,97.5745161
2022-08-27,Almatti,1216.237,97.02713825
2022-08-28,Almatti,1132.985,96.47976040000002
2022-08-29,Almatti,778.373,95.93238255
2022-08-30,Almatti,637.129,95.3850047
2022-08-31,Almatti,707.921,94.83762685
2022-09-01,Almatti,466.039,94.290249
2022-09-02,Almatti,720.692,73.807723
2022-09-03,Almatti,720.692,55.79722600000001
2022-09-04,Almatti,879.946,32.842671
2022-09-05,Almatti,850.44,27.545466
2022-09-06,Almatti,437.524,36.020994
2022-09-07,Almatti,975.544,58.269255
2022-09-08,Almatti,1110.049,105.237806
2022-09-09,Almatti,756.088,109.47557
2022-09-10,Almatti,838.66,108.416129
2022-09-11,Almatti,1266.386,108.062982
2022-09-12,Almatti,1486.38,105.237806
2022-09-13,Almatti,2670.392,104.60585873684212
2022-09-14,Almatti,3372.112,103.97391147368424
2022-09-15,Almatti,3706.42,103.34196421052631
2022-09-16,Almatti,3595.956,102.71001694736842
2022-09-17,Almatti,4077.626,102.07806968421052
2022-09-18,Almatti,3687.731,101.44612242105264
2022-09-19,Almatti,3632.343,100.81417515789477
2022-09-20,Almatti,3057.795,100.18222789473684
2022-09-21,Almatti,2052.065,99.55028063157896
2022-09-22,Almatti,1256.192,98.91833336842106
2022-09-23,Almatti,720.692,98.28638610526316
2022-09-24,Almatti,268.359,97.65443884210526
2022-09-25,Almatti,216.227,97.0224915789474
2022-09-26,Almatti,258.703,96.39054431578948
2022-09-27,Almatti,258.703,95.7585970526316
2022-09-28,Almatti,258.703,95.1266497894737
2022-09-29,Almatti,298.545,94.4947025263158
2022-09-30,Almatti,397.653,93.86275526315792
2022-10-01,Almatti,468.446,93.230808
2022-10-02,Almatti,437.524,73.807723
2022-10-03,Almatti,579.108,55.444079
2022-10-04,Almatti,579.108,32.489524
2022-10-05,Almatti,366.731,26.839172
2022-10-06,Almatti,395.048,36.374141
2022-10-07,Almatti,395.048,64.62590100000001
2022-10-08,Almatti,756.088,103.118924
2022-10-09,Almatti,1003.861,109.47557
2022-10-10,Almatti,1003.861,108.416129
2022-10-11,Almatti,1117.128,108.062982
2022-10-12,Almatti,579.108,104.884659
2022-10-13,Almatti,1483.463,104.2489944
2022-10-14,Almatti,2716.01,103.61332980000002
2022-10-15,Almatti,2247.961,102.97766520000002
2022-10-16,Almatti,2475.657,102.3420006
2022-10-17,Almatti,2334.752,101.706336
2022-10-18,Almatti,2122.376,101.0706714
2022-10-19,Almatti,1381.352,100.4350068
2022-10-20,Almatti,910.896,99.7993422
2022-10-21,Almatti,1734.633,99.1636776
2022-10-22,Almatti,1331.855,98.528013
2022-10-23,Almatti,1598.939,97.8923484
2022-10-24,Almatti,2667.73,97.2566838
2022-10-25,Almatti,1883.863,96.6210192
2022-10-26,Almatti,775.089,95.9853546
2022-10-27,Almatti,437.524,95.34969
2022-10-28,Almatti,352.573,94.7140254
2022-10-29,Almatti,352.573,94.0783608
2022-10-30,Almatti,451.682,93.4426962
2022-10-31,Almatti,2475.657,92.80703160000002
2022-11-01,Almatti,380.89,92.171367
2022-11-02,Almatti,380.89,73.807723
2022-11-03,Almatti,286.255,55.444079
2022-11-04,Almatti,158.829,32.489524
2022-11-05,Almatti,156.677,26.132878
2022-11-06,Almatti,156.677,36.727288
2022-11-07,Almatti,41.796,71.688841
2022-11-08,Almatti,41.796,99.587454
2022-11-09,Almatti,45.562,109.47557
2022-11-10,Almatti,41.796,108.416129
2022-11-11,Almatti,41.796,108.062982
2022-11-12,Almatti,0.0,104.884659
2022-11-13,Almatti,0.0,104.1597783157895
2022-11-14,Almatti,0.0,103.43489763157896
2022-11-15,Almatti,0.0,102.71001694736844
2022-11-16,Almatti,0.0,101.9851362631579
2022-11-17,Almatti,0.0,101.26025557894738
2022-11-18,Almatti,0.0,100.53537489473683
2022-11-19,Almatti,0.0,99.81049421052631
2022-11-20,Almatti,0.0,99.0856135263158
2022-11-21,Almatti,0.0,98.36073284210526
2022-11-22,Almatti,0.0,97.63585215789476
2022-11-23,Almatti,0.0,96.9109714736842
2022-11-24,Almatti,0.0,96.1860907894737
2022-11-25,Almatti,0.0,95.46121010526316
2022-11-26,Almatti,0.0,94.73632942105264
2022-11-27,Almatti,0.0,94.01144873684213
2022-11-28,Almatti,0.0,93.28656805263158
2022-11-29,Almatti,0.0,92.56168736842106
2022-11-30,Almatti,0.0,91.83680668421052
2022-12-01,Almatti,0.0,91.111926
2022-12-02,Almatti,0.0,73.454576
2022-12-03,Almatti,0.0,55.090932
2022-12-04,Almatti,0.0,32.136377
2022-12-05,Almatti,0.0,25.426584
2022-12-06,Almatti,0.0,36.727288
2022-12-07,Almatti,0.0,75.926605
2022-12-08,Almatti,0.0,95.34969
2022-12-09,Almatti,0.0,109.47557
2022-12-10,Almatti,0.0,108.416129
2022-12-11,Almatti,0.0,108.062982
2022-12-12,Almatti,0.0,104.531512
2022-12-13,Almatti,0.0,103.4014416
2022-12-14,Almatti,0.0,102.2713712
2022-12-15,Almatti,0.0,101.1413008
2022-12-16,Almatti,0.0,100.0112304
2022-12-17,Almatti,0.0,98.88116
2022-12-18,Almatti,0.0,97.7510896
2022-12-19,Almatti,0.0,96.6210192
2022-12-20,Almatti,0.0,95.4909488
2022-12-21,Almatti,0.0,94.3608784
2022-12-22,Almatti,0.0,93.230808
2022-12-23,Almatti,0.0,92.1007376
2022-12-24,Almatti,0.0,90.9706672
2022-12-25,Almatti,0.0,89.8405968
2022-12-26,Almatti,0.0,88.7105264
2022-12-27,Almatti,0.0,87.580456
2022-12-28,Almatti,0.0,86.4503856
2022-12-29,Almatti,0.0,85.3203152
2022-12-30,Almatti,0.0,84.1902448
2022-12-31,Almatti,0.0,83.0601744
2023-01-01,Almatti,0.0,81.930104
2023-01-02,Almatti,0.0,62.86016600000001
2023-01-03,Almatti,0.0,37.786729
2023-01-04,Almatti,0.0,19.423085000000004
2023-01-05,Almatti,0.0,14.479027
2023-01-06,Almatti,0.0,9.181822
2023-01-07,Almatti,0.0,7.062940000000001
2023-01-08,Almatti,0.0,90.758779
2023-01-09,Almatti,0.0,104.531512
2023-01-10,Almatti,0.0,91.111926
2023-01-11,Almatti,0.0,72.395135
2023-01-12,Almatti,0.0,46.968551000000005
2023-01-13,Almatti,0.0,48.71662865000001
2023-01-14,Almatti,0.0,50.4647063
2023-01-15,Almatti,0.0,52.21278395
2023-01-16,Almatti,0.0,53.9608616
2023-01-17,Almatti,0.0,55.70893925
2023-01-18,Almatti,0.0,57.457016900000006
2023-01-19,Almatti,0.0,59.205094550000005
2023-01-20,Almatti,0.0,60.9531722
2023-01-21,Almatti,0.0,62.70124985
2023-01-22,Almatti,0.0,64.4493275
2023-01-23,Almatti,0.0,66.19740515000001
2023-01-24,Almatti,0.0,67.94548280000001
2023-01-25,Almatti,0.0,69.69356045
2023-01-26,Almatti,0.0,71.4416381
2023-01-27,Almatti,0.0,73.18971574999999
2023-01-28,Almatti,0.0,74.9377934
2023-01-29,Almatti,0.0,76.68587105
2023-01-30,Almatti,0.0,78.4339487
2023-01-31,Almatti,0.0,80.18202635000002
2023-02-01,Almatti,0.0,81.930104
2023-02-02,Almatti,0.0,61.800725
2023-02-03,Almatti,0.0,36.374141
2023-02-04,Almatti,0.0,19.423085000000004
2023-02-05,Almatti,0.0,14.125880000000002
2023-02-06,Almatti,0.0,9.181822
2023-02-07,Almatti,0.0,7.062940000000001
2023-02-08,Almatti,0.0,92.877661
2023-02-09,Almatti,0.0,104.531512
2023-02-10,Almatti,0.0,91.465073
2023-02-11,Almatti,0.0,70.982547
2023-02-12,Almatti,0.0,45.909110000000005
2023-02-13,Almatti,0.0,48.027992000000005
2023-02-14,Almatti,0.0,50.146874
2023-02-15,Almatti,0.0,52.265756
2023-02-16,Almatti,0.0,54.384638
2023-02-17,Almatti,0.0,56.50352000000001
2023-02-18,Almatti,0.0,58.622402
2023-02-19,Almatti,0.0,60.741284
2023-02-20,Almatti,0.0,62.86016600000001
2023-02-21,Almatti,0.0,64.979048
2023-02-22,Almatti,0.0,67.09793
2023-02-23,Almatti,0.0,69.216812
2023-02-24,Almatti,0.0,71.335694
2023-02-25,Almatti,0.0,73.454576
2023-02-26,Almatti,0.0,75.573458
2023-02-27,Almatti,0.0,77.69234000000002
2023-02-28,Almatti,0.0,79.811222
2023-03-01,Almatti,0.0,81.930104
2023-03-02,Almatti,0.0,61.094431
2023-03-03,Almatti,0.0,35.3147
2023-03-04,Almatti,0.0,19.069938000000004
2023-03-05,Almatti,0.0,13.772733
2023-03-06,Almatti,0.0,9.181822
2023-03-07,Almatti,0.0,7.062940000000001
2023-03-08,Almatti,0.0,98.174866
2023-03-09,Almatti,0.0,104.884659
2023-03-10,Almatti,0.0,92.171367
2023-03-11,Almatti,0.0,69.923106
2023-03-12,Almatti,0.0,44.849669000000006
2023-03-13,Almatti,0.0,46.70369075
2023-03-14,Almatti,0.0,48.5577125
2023-03-15,Almatti,0.0,50.41173425
2023-03-16,Almatti,0.0,52.265756
2023-03-17,Almatti,0.0,54.11977775
2023-03-18,Almatti,0.0,55.9737995
2023-03-19,Almatti,0.0,57.82782125
2023-03-20,Almatti,0.0,59.681843
2023-03-21,Almatti,0.0,61.53586475
2023-03-22,Almatti,0.0,63.3898865
2023-03-23,Almatti,0.0,65.24390825
2023-03-24,Almatti,0.0,67.09793
2023-03-25,Almatti,0.0,68.95195175
2023-03-26,Almatti,0.0,70.8059735
2023-03-27,Almatti,0.0,72.65999525000001
2023-03-28,Almatti,0.0,74.514017
2023-03-29,Almatti,0.0,76.36803875000001
2023-03-30,Almatti,0.0,78.2220605
2023-03-31,Almatti,0.0,80.07608225000001
2023-04-01,Almatti,0.0,81.930104
2023-04-02,Almatti,0.0,60.03499
2023-04-03,Almatti,0.0,34.255259
2023-04-04,Almatti,0.0,19.069938000000004
2023-04-05,Almatti,0.0,0.0
2023-04-06,Almatti,0.0,8.828675
2023-04-07,Almatti,0.0,7.062940000000001
2023-04-08,Almatti,0.0,99.587454
2023-04-09,Almatti,0.0,103.825218
2023-04-10,Almatti,0.0,94.643396
2023-04-11,Almatti,0.0,68.510518
2023-04-12,Almatti,0.0,44.143375000000006
2023-04-13,Almatti,0.0,46.03921678947368
2023-04-14,Almatti,0.0,47.93505857894737
2023-04-15,Almatti,0.0,49.83090036842105
2023-04-16,Almatti,0.0,51.72674215789474
2023-04-17,Almatti,0.0,53.62258394736842
2023-04-18,Almatti,0.0,55.51842573684211
2023-04-19,Almatti,0.0,57.41426752631581
2023-04-20,Almatti,0.0,59.31010931578948
2023-04-21,Almatti,0.0,61.20595110526317
2023-04-22,Almatti,0.0,63.10179289473684
2023-04-23,Almatti,0.0,64.99763468421052
2023-04-24,Almatti,0.0,66.8934764736842
2023-04-25,Almatti,0.0,68.7893182631579
2023-04-26,Almatti,0.0,70.68516005263159
2023-04-27,Almatti,0.0,72.58100184210527
2023-04-28,Almatti,0.0,74.47684363157894
2023-04-29,Almatti,0.0,76.37268542105264
2023-04-30,Almatti,0.0,78.26852721052633
2023-05-01,Almatti,0.0,80.16436900000001
2023-05-02,Almatti,0.0,58.975549
2023-05-03,Almatti,0.0,33.902112
2023-05-04,Almatti,0.0,18.716791
2023-05-05,Almatti,0.0,12.713292
2023-05-06,Almatti,0.0,8.828675
2023-05-07,Almatti,0.0,7.062940000000001
2023-05-08,Almatti,0.0,103.118924
2023-05-09,Almatti,0.0,102.059483
2023-05-10,Almatti,0.0,94.996543
2023-05-11,Almatti,0.0,67.451077
2023-05-12,Almatti,0.0,43.083934
2023-05-13,Almatti,0.0,44.93795575
2023-05-14,Almatti,0.0,46.7919775
2023-05-15,Almatti,0.0,48.64599925
2023-05-16,Almatti,0.0,50.500021
2023-05-17,Almatti,0.0,52.35404275
2023-05-18,Almatti,0.0,54.2080645
2023-05-19,Almatti,0.0,56.06208625
2023-05-20,Almatti,0.0,57.916108
2023-05-21,Almatti,0.0,59.77012975
2023-05-22,Almatti,0.0,61.62415150000001
2023-05-23,Almatti,0.0,63.478173250000005
2023-05-24,Almatti,0.0,65.33219500000001
2023-05-25,Almatti,0.0,67.18621675
2023-05-26,Almatti,0.0,69.0402385
2023-05-27,Almatti,0.0,70.89426025
2023-05-28,Almatti,0.0,72.748282
2023-05-29,Almatti,0.0,74.60230375
2023-05-30,Almatti,0.0,76.4563255
2023-05-31,Almatti,0.0,78.31034724999999
2023-06-01,Almatti,0.0,80.16436900000001
2023-06-02,Almatti,0.0,57.916108
2023-06-03,Almatti,0.0,33.902112
2023-06-04,Almatti,0.0,17.65735
2023-06-05,Almatti,0.0,12.360145
2023-06-06,Almatti,0.0,8.828675
2023-06-07,Almatti,0.0,7.062940000000001
2023-06-08,Almatti,0.0,104.178365
2023-06-09,Almatti,0.0,101.000042
2023-06-10,Almatti,0.0,95.702837
2023-06-11,Almatti,0.0,66.391636
2023-06-12,Almatti,0.0,43.083934
2023-06-13,Almatti,0.0,44.979775789473685
2023-06-14,Almatti,0.0,46.87561757894737
2023-06-15,Almatti,0.0,48.771459368421056
2023-06-16,Almatti,0.0,50.667301157894734
2023-06-17,Almatti,0.0,52.56314294736842
2023-06-18,Almatti,0.0,54.45898473684211
2023-06-19,Almatti,0.0,56.3548265263158
2023-06-20,Almatti,0.0,58.25066831578948
2023-06-21,Almatti,0.0,60.14651010526317
2023-06-22,Almatti,0.0,62.042351894736846
2023-06-23,Almatti,0.0,63.938193684210525
2023-06-24,Almatti,0.0,65.8340354736842
2023-06-25,Almatti,0.0,67.72987726315789
2023-06-26,Almatti,0.0,69.62571905263158
2023-06-27,Almatti,0.0,71.52156084210527
2023-06-28,Almatti,0.0,73.41740263157895
2023-06-29,Almatti,0.0,75.31324442105264
2023-06-30,Almatti,0.0,77.20908621052632
2023-07-01,Almatti,0.0,79.10492800000002
2023-07-02,Almatti,0.0,56.85666700000001
2023-07-03,Almatti,0.0,33.548965
2023-07-04,Almatti,0.0,16.951056
2023-07-05,Almatti,0.0,12.360145
2023-07-06,Almatti,0.0,8.828675
2023-07-07,Almatti,0.0,7.062940000000001
2023-07-08,Almatti,0.0,103.825218
2023-07-09,Almatti,0.0,100.293748
2023-07-10,Almatti,0.0,96.762278
2023-07-11,Almatti,0.0,65.33219500000001
2023-07-12,Almatti,542.891,0.0
2023-07-13,Almatti,567.13,3.90227435
2023-07-14,Almatti,282.97,7.804548700000001
2023-07-15,Almatti,235.794,11.70682305
2023-07-16,Almatti,242.024,15.6090974
2023-07-17,Almatti,344.928,19.51137175
2023-07-18,Almatti,517.349,23.4136461
2023-07-19,Almatti,613.683,27.31592045
2023-07-20,Almatti,910.273,31.218194800000003
2023-07-21,Almatti,2004.266,35.120469150000005
2023-07-22,Almatti,2377.058,39.0227435
2023-07-23,Almatti,3051.678,42.92501785
2023-07-24,Almatti,3240.722,46.8272922
2023-07-25,Almatti,3292.202,50.72956655000001
2023-07-26,Almatti,3921.119,54.6318409
2023-07-27,Almatti,4580.165,58.53411525
2023-07-28,Almatti,4466.388,62.436389600000005
2023-07-29,Almatti,3991.203,66.33866395000001
2023-07-30,Almatti,3867.317,70.24093830000001
2023-07-31,Almatti,3879.012,74.14321265
2023-08-01,Almatti,3629.03,78.04548700000001
2023-08-02,Almatti,3001.869,55.79722600000001
2023-08-03,Almatti,2719.946,33.195818
2023-08-04,Almatti,2487.38,16.597909
2023-08-05,Almatti,2428.198,12.360145
2023-08-06,Almatti,2149.617,8.828675
2023-08-07,Almatti,1890.15,7.062940000000001
2023-08-08,Almatti,1656.082,103.472071
2023-08-09,Almatti,1365.212,99.587454
2023-08-10,Almatti,822.944,97.468572
2023-08-11,Almatti,474.817,64.272754
2023-08-12,Almatti,360.502,42.37764
2023-08-13,Almatti,387.743,44.108060300000005
2023-08-14,Almatti,118.393,45.8384806
2023-08-15,Almatti,135.723,47.5689009
2023-08-16,Almatti,141.896,49.2993212
2023-08-17,Almatti,60.966,51.02974150000001
2023-08-18,Almatti,25.513,52.760161800000006
2023-08-19,Almatti,25.513,54.4905821
2023-08-20,Almatti,25.513,56.2210024
2023-08-21,Almatti,25.513,57.9514227
2023-08-22,Almatti,25.513,59.68184300000001
2023-08-23,Almatti,0.0,61.412263300000006
2023-08-24,Almatti,0.0,63.14268360000002
2023-08-25,Almatti,0.0,64.8731039
2023-08-26,Almatti,0.0,66.6035242
2023-08-27,Almatti,0.0,68.3339445
2023-08-28,Almatti,0.0,70.0643648
2023-08-29,Almatti,0.0,71.79478510000001
2023-08-30,Almatti,0.0,73.52520540000002
2023-08-31,Almatti,0.0,75.2556257
2023-09-01,Almatti,163.303,76.98604600000002
2023-09-02,Almatti,105.622,54.737785
2023-09-03,Almatti,162.114,32.842671
2023-09-04,Almatti,144.019,16.597909
2023-09-05,Almatti,152.231,12.360145
2023-09-06,Almatti,22.2,8.475528
2023-09-07,Almatti,10.137,6.709793
2023-09-08,Almatti,6.853,104.531512
2023-09-09,Almatti,0.0,98.528013
2023-09-10,Almatti,0.0,97.821719
2023-09-11,Almatti,0.0,63.21331300000001
2023-09-12,Almatti,0.0,42.37764
2023-09-13,Almatti,370.752,44.143375000000006
2023-09-14,Almatti,171.402,45.909110000000005
2023-09-15,Almatti,117.968,47.674845000000005
2023-09-16,Almatti,11.468,49.44058
2023-09-17,Almatti,11.468,51.206315
2023-09-18,Almatti,11.468,52.97205
2023-09-19,Almatti,11.468,54.737785
2023-09-20,Almatti,11.468,56.50352000000001
2023-09-21,Almatti,64.874,58.269255
2023-09-22,Almatti,40.295,60.03499
2023-09-23,Almatti,212.829,61.800725
2023-09-24,Almatti,120.715,63.56646
2023-09-25,Almatti,133.571,65.33219500000001
2023-09-26,Almatti,50.715,67.09793
2023-09-27,Almatti,58.871,68.863665
2023-09-28,Almatti,63.911,70.6294
2023-09-29,Almatti,524.796,72.395135
2023-09-30,Almatti,425.631,74.16087
2023-10-01,Almatti,335.64,75.926605
2023-10-02,Almatti,422.686,53.678344
2023-10-03,Almatti,580.58,32.842671
2023-10-04,Almatti,1106.169,16.244762
2023-10-05,Almatti,486.767,12.360145
2023-10-06,Almatti,307.578,8.475528
2023-10-07,Almatti,307.125,6.709793
2023-10-08,Almatti,336.999,104.884659
2023-10-09,Almatti,123.631,97.468572
2023-10-10,Almatti,17.132,97.821719
2023-10-11,Almatti,67.139,61.800725
2023-10-12,Almatti,13.734,42.024493
2023-10-13,Almatti,13.734,43.66662655
2023-10-14,Almatti,0.0,45.3087601
2023-10-15,Almatti,0.0,46.95089365
2023-10-16,Almatti,0.0,48.5930272
2023-10-17,Almatti,0.0,50.235160750000006
2023-10-18,Almatti,0.0,51.8772943
2023-10-19,Almatti,0.0,53.51942785000001
2023-10-20,Almatti,0.0,55.1615614
2023-10-21,Almatti,0.0,56.80369495000001
2023-10-22,Almatti,0.0,58.445828500000005
2023-10-23,Almatti,0.0,60.08796205000001
2023-10-24,Almatti,0.0,61.73009560000001
2023-10-25,Almatti,0.0,63.37222915000001
2023-10-26,Almatti,0.0,65.0143627
2023-10-27,Almatti,0.0,66.65649625
2023-10-28,Almatti,0.0,68.2986298
2023-10-29,Almatti,0.0,69.94076335
2023-10-30,Almatti,0.0,71.58289690000001
2023-10-31,Almatti,0.0,73.22503045
2023-11-01,Almatti,0.0,74.867164
2023-11-02,Almatti,0.0,52.618903
2023-11-03,Almatti,0.0,32.842671
2023-11-04,Almatti,0.0,15.891615000000002
2023-11-05,Almatti,0.0,12.360145
2023-11-06,Almatti,0.0,8.475528
2023-11-07,Almatti,0.0,6.709793
2023-11-08,Almatti,0.0,105.237806
2023-11-09,Almatti,0.0,96.409131
2023-11-10,Almatti,0.0,0.0
2023-11-11,Almatti,0.0,60.741284
2023-11-12,Almatti,0.0,42.024493
2023-11-13,Almatti,0.0,43.69729457894737
2023-11-14,Almatti,0.0,45.37009615789474
2023-11-15,Almatti,0.0,47.042897736842114
2023-11-16,Almatti,0.0,48.71569931578947
2023-11-17,Almatti,0.0,50.38850089473684
2023-11-18,Almatti,0.0,52.061302473684215
2023-11-19,Almatti,0.0,53.73410405263158
2023-11-20,Almatti,0.0,55.40690563157895
2023-11-21,Almatti,0.0,57.07970721052632
2023-11-22,Almatti,0.0,58.75250878947368
2023-11-23,Almatti,0.0,60.42531036842106
2023-11-24,Almatti,0.0,62.09811194736842
2023-11-25,Almatti,0.0,63.77091352631579
2023-11-26,Almatti,0.0,65.44371510526315
2023-11-27,Almatti,0.0,67.11651668421052
2023-11-28,Almatti,0.0,68.7893182631579
2023-11-29,Almatti,0.0,70.46211984210527
2023-11-30,Almatti,0.0,72.13492142105264
2023-12-01,Almatti,0.0,73.807723
2023-12-02,Almatti,0.0,52.265756
2023-12-03,Almatti,0.0,32.489524
2023-12-04,Almatti,0.0,15.891615000000002
2023-12-05,Almatti,0.0,12.006998
2023-12-06,Almatti,0.0,8.475528
2023-12-07,Almatti,0.0,8.475528
2023-12-08,Almatti,0.0,105.237806
2023-12-09,Almatti,0.0,95.34969
2023-12-10,Almatti,0.0,0.0
2023-12-11,Almatti,0.0,59.681843
2023-12-12,Almatti,0.0,41.671346
2023-12-13,Almatti,0.0,41.4947725
2023-12-14,Almatti,0.0,41.318199
2023-12-15,Almatti,0.0,41.1416255
2023-12-16,Almatti,0.0,40.965052
2023-12-17,Almatti,0.0,40.7884785
2023-12-18,Almatti,0.0,40.611905
2023-12-19,Almatti,0.0,40.4353315
2023-12-20,Almatti,0.0,40.258758
2023-12-21,Almatti,0.0,40.0821845
2023-12-22,Almatti,0.0,39.905611
2023-12-23,Almatti,0.0,39.7290375
2023-12-24,Almatti,0.0,39.55246400000001
2023-12-25,Almatti,0.0,39.3758905
2023-12-26,Almatti,0.0,39.19931700000001
2023-12-27,Almatti,0.0,39.0227435
2023-12-28,Almatti,0.0,38.84617000000001
2023-12-29,Almatti,0.0,38.6695965
2023-12-30,Almatti,0.0,38.49302300000001
2023-12-31,Almatti,0.0,38.3164495
2024-01-01,Almatti,0.0,38.13987600000001
2024-01-02,Almatti,0.0,34.608406
2024-01-03,Almatti,0.0,31.076936000000003
2024-01-04,Almatti,0.0,21.18882
2024-01-05,Almatti,0.0,13.772733
2024-01-06,Almatti,0.0,14.675219777777777
2024-01-07,Almatti,0.0,15.577706555555556
2024-01-08,Almatti,0.0,16.480193333333336
2024-01-09,Almatti,0.0,17.382680111111114
2024-01-10,Almatti,0.0,18.28516688888889
2024-01-11,Almatti,0.0,19.18765366666667
2024-01-12,Almatti,0.0,20.090140444444444
2024-01-13,Almatti,0.0,20.99262722222222
2024-01-14,Almatti,0.0,21.895114
2024-01-15,Almatti,0.0,22.797600777777784
2024-01-16,Almatti,0.0,23.70008755555556
2024-01-17,Almatti,0.0,24.602574333333337
2024-01-18,Almatti,0.0,25.505061111111115
2024-01-19,Almatti,0.0,26.40754788888889
2024-01-20,Almatti,0.0,27.31003466666667
2024-01-21,Almatti,0.0,28.212521444444448
2024-01-22,Almatti,0.0,29.115008222222222
2024-01-23,Almatti,0.0,30.017495000000004
2024-01-24,Almatti,0.0,30.91998177777778
2024-01-25,Almatti,0.0,31.82246855555556
2024-01-26,Almatti,0.0,32.72495533333334
2024-01-27,Almatti,0.0,33.62744211111112
2024-01-28,Almatti,0.0,34.5299288888889
2024-01-29,Almatti,0.0,35.43241566666667
2024-01-30,Almatti,0.0,36.33490244444445
2024-01-31,Almatti,0.0,37.23738922222222
2024-02-01,Almatti,0.0,38.13987600000001
2024-02-02,Almatti,0.0,34.255259
2024-02-03,Almatti,0.0,31.076936000000003
2024-02-04,Almatti,0.0,21.18882
2024-02-05,Almatti,0.0,13.419586
2024-02-06,Almatti,0.0,14.4083976
2024-02-07,Almatti,0.0,15.3972092
2024-02-08,Almatti,0.0,16.3860208
2024-02-09,Almatti,0.0,17.3748324
2024-02-10,Almatti,0.0,18.363644
2024-02-11,Almatti,0.0,19.352455600000003
2024-02-12,Almatti,0.0,20.341267200000004
2024-02-13,Almatti,0.0,21.3300788
2024-02-14,Almatti,0.0,22.3188904
2024-02-15,Almatti,0.0,23.307702000000003
2024-02-16,Almatti,0.0,24.2965136
2024-02-17,Almatti,0.0,25.2853252
2024-02-18,Almatti,0.0,26.2741368
2024-02-19,Almatti,0.0,27.262948400000003
2024-02-20,Almatti,0.0,28.251760000000004
2024-02-21,Almatti,0.0,29.240571600000003
2024-02-22,Almatti,0.0,30.229383200000004
2024-02-23,Almatti,0.0,31.218194800000003
2024-02-24,Almatti,0.0,32.207006400000004
2024-02-25,Almatti,0.0,33.195818
2024-02-26,Almatti,0.0,34.1846296
2024-02-27,Almatti,0.0,35.1734412
2024-02-28,Almatti,0.0,36.162252800000005
2024-02-29,Almatti,0.0,37.1510644
2024-03-01,Almatti,0.0,38.13987600000001
2024-03-02,Almatti,0.0,34.255259
2024-03-03,Almatti,0.0,30.723789
2024-03-04,Almatti,0.0,20.835673
2024-03-05,Almatti,0.0,13.419586
2024-03-06,Almatti,0.0,14.322072777777777
2024-03-07,Almatti,0.0,15.224559555555556
2024-03-08,Almatti,0.0,16.127046333333332
2024-03-09,Almatti,0.0,17.02953311111111
2024-03-10,Almatti,0.0,17.932019888888888
2024-03-11,Almatti,0.0,18.834506666666663
2024-03-12,Almatti,0.0,19.736993444444444
2024-03-13,Almatti,0.0,20.639480222222225
2024-03-14,Almatti,0.0,21.541967
2024-03-15,Almatti,0.0,22.44445377777778
2024-03-16,Almatti,0.0,23.34694055555556
2024-03-17,Almatti,0.0,24.249427333333337
2024-03-18,Almatti,0.0,25.151914111111115
2024-03-19,Almatti,8.495,26.05440088888889
2024-03-20,Almatti,8.495,26.95688766666667
2024-03-21,Almatti,5.663,27.859374444444448
2024-03-22,Almatti,19.454,28.761861222222223
2024-03-23,Almatti,0.0,29.664348000000004
2024-03-24,Almatti,0.0,30.566834777777785
2024-03-25,Almatti,0.0,31.46932155555556
2024-03-26,Almatti,0.0,32.37180833333334
2024-03-27,Almatti,0.0,33.27429511111112
2024-03-28,Almatti,0.0,34.1767818888889
2024-03-29,Almatti,0.0,35.07926866666667
2024-03-30,Almatti,0.0,35.981755444444445
2024-03-31,Almatti,0.0,36.88424222222223
2024-04-01,Almatti,0.0,37.786729
2024-04-02,Almatti,0.0,34.255259
2024-04-03,Almatti,0.0,30.723789
2024-04-04,Almatti,0.0,19.776232000000004
2024-04-05,Almatti,0.0,13.066439
2024-04-06,Almatti,0.0,14.017219384615384
2024-04-07,Almatti,0.0,14.96799976923077
2024-04-08,Almatti,0.0,15.918780153846155
2024-04-09,Almatti,0.0,16.86956053846154
2024-04-10,Almatti,0.0,17.820340923076927
2024-04-11,Almatti,0.0,18.771121307692308
2024-04-12,Almatti,0.0,19.721901692307693
2024-04-13,Almatti,0.0,20.67268207692308
2024-04-14,Almatti,0.0,21.623462461538463
2024-04-15,Almatti,0.0,22.574242846153847
2024-04-16,Almatti,0.0,23.52502323076924
2024-04-17,Almatti,0.0,24.47580361538462
2024-04-18,Almatti,0.0,25.426584
2024-04-19,Almatti,0.0,26.37736438461539
2024-04-20,Almatti,0.0,27.32814476923077
2024-04-21,Almatti,0.0,28.27892515384616
2024-04-22,Almatti,0.0,29.22970553846154
2024-04-23,Almatti,0.0,30.18048592307693
2024-04-24,Almatti,0.0,31.13126630769231
2024-04-25,Almatti,0.0,32.08204669230769
2024-04-26,Almatti,0.0,33.032827076923084
2024-04-27,Almatti,0.0,33.98360746153847
2024-04-28,Almatti,0.0,34.934387846153854
2024-04-29,Almatti,0.0,35.88516823076923
2024-04-30,Almatti,0.0,36.835948615384616
2024-05-01,Almatti,0.0,37.786729
2024-05-02,Almatti,0.0,33.902112
2024-05-03,Almatti,0.0,30.370642
2024-05-04,Almatti,0.0,18.363644
2024-05-05,Almatti,0.0,13.066439
2024-05-06,Almatti,0.0,13.982005296296297
2024-05-07,Almatti,0.0,14.897571592592591
2024-05-08,Almatti,0.0,15.813137888888887
2024-05-09,Almatti,0.0,16.728704185185187
2024-05-10,Almatti,0.0,17.64427048148148
2024-05-11,Almatti,0.0,18.55983677777778
2024-05-12,Almatti,0.0,19.475403074074077
2024-05-13,Almatti,0.0,20.39096937037037
2024-05-14,Almatti,0.0,21.306535666666665
2024-05-15,Almatti,0.0,22.222101962962963
2024-05-16,Almatti,0.0,23.13766825925926
2024-05-17,Almatti,0.0,24.05323455555556
2024-05-18,Almatti,0.0,24.968800851851853
2024-05-19,Almatti,0.0,25.88436714814815
2024-05-20,Almatti,0.0,26.79993344444445
2024-05-21,Almatti,0.0,27.715499740740743
2024-05-22,Almatti,0.0,28.63106603703704
2024-05-23,Almatti,0.0,29.54663233333333
2024-05-24,Almatti,0.0,30.46219862962963
2024-05-25,Almatti,0.0,31.377764925925927
2024-05-26,Almatti,0.0,32.29333122222222
2024-05-27,Almatti,0.0,33.20889751851852
2024-05-28,Almatti,0.0,34.124463814814824
2024-05-29,Almatti,0.0,35.040030111111115
2024-05-30,Almatti,0.0,35.955596407407405
2024-05-31,Almatti,0.0,36.87116270370371
2024-06-01,Almatti,0.0,37.786729
2024-06-02,Almatti,0.0,33.902112
2024-06-03,Almatti,0.0,30.370642
2024-06-04,Almatti,0.0,17.304203
2024-06-05,Almatti,0.0,13.066439
2024-06-06,Almatti,0.0,14.017219384615384
2024-06-07,Almatti,50.064,14.96799976923077
2024-06-08,Almatti,73.001,15.918780153846155
2024-06-09,Almatti,190.119,16.86956053846154
2024-06-10,Almatti,109.841,17.820340923076927
2024-06-11,Almatti,601.761,18.771121307692308
2024-06-12,Almatti,212.093,19.721901692307693
2024-06-13,Almatti,131.787,20.67268207692308
2024-06-14,Almatti,258.306,21.623462461538463
2024-06-15,Almatti,377.605,22.574242846153847
2024-06-16,Almatti,215.038,23.52502323076924
2024-06-17,Almatti,127.851,24.47580361538462
2024-06-18,Almatti,328.107,25.426584
2024-06-19,Almatti,149.824,26.37736438461539
2024-06-20,Almatti,58.05,27.32814476923077
2024-06-21,Almatti,122.272,28.27892515384616
2024-06-22,Almatti,106.216,29.22970553846154
2024-06-23,Almatti,169.165,30.18048592307693
2024-06-24,Almatti,383.155,31.13126630769231
2024-06-25,Almatti,376.274,32.08204669230769
2024-06-26,Almatti,215.35,33.032827076923084
2024-06-27,Almatti,181.596,33.98360746153847
2024-06-28,Almatti,187.826,34.934387846153854
2024-06-29,Almatti,223.562,35.88516823076923
2024-06-30,Almatti,298.941,36.835948615384616
2024-07-01,Almatti,565.714,37.786729
2024-07-02,Almatti,701.153,33.902112
2024-07-03,Almatti,775.457,29.664348
2024-07-04,Almatti,979.31,16.951056
2024-07-05,Almatti,1526.306,12.713292
2024-07-06,Almatti,1757.712,13.641937814814815
2024-07-07,Almatti,1679.359,14.570583629629628
2024-07-08,Almatti,1716.086,15.499229444444444
2024-07-09,Almatti,2227.63,16.42787525925926
2024-07-10,Almatti,2396.879,17.356521074074077
2024-07-11,Almatti,1967.794,18.28516688888889
2024-07-12,Almatti,959.205,19.213812703703702
2024-07-13,Almatti,564.043,20.14245851851852
2024-07-14,Almatti,670.486,21.07110433333333
2024-07-15,Almatti,711.404,21.99975014814815
2024-07-16,Almatti,1746.668,22.928395962962963
2024-07-17,Almatti,2625.991,23.85704177777778
2024-07-18,Almatti,2046.912,24.7856875925926
2024-07-19,Almatti,1231.16,25.714333407407413
2024-07-20,Almatti,1854.187,26.642979222222223
2024-07-21,Almatti,2469.71,27.57162503703704
2024-07-22,Almatti,3267.934,28.50027085185185
2024-07-23,Almatti,3646.162,29.42891666666667
2024-07-24,Almatti,4525.372,30.357562481481487
2024-07-25,Almatti,4996.961,31.2862082962963
2024-07-26,Almatti,5779.412,32.21485411111112
2024-07-27,Almatti,6179.585,33.14349992592592
2024-07-28,Almatti,7215.954,34.072145740740744
2024-07-29,Almatti,7684.767,35.00079155555556
2024-07-30,Almatti,8567.913,35.92943737037036
2024-07-31,Almatti,9153.676,36.8580831851852
2024-08-01,Almatti,9666.918,37.786729
2024-08-02,Almatti,9656.158,33.902112
2024-08-03,Almatti,9059.012,28.958054
2024-08-04,Almatti,8874.132,16.951056
2024-08-05,Almatti,8597.221,12.713292
2024-08-06,Almatti,8570.377,13.628858296296295
2024-08-07,Almatti,8369.894,14.544424592592591
2024-08-08,Almatti,7870.922,15.459990888888887
2024-08-09,Almatti,7062.561,16.375557185185183
2024-08-10,Almatti,4707.732,17.29112348148148
2024-08-11,Almatti,2269.878,18.20668977777778
2024-08-12,Almatti,1552.613,19.122256074074077
2024-08-13,Almatti,1050.244,20.03782237037037
2024-08-14,Almatti,937.939,20.953388666666665
2024-08-15,Almatti,791.144,21.86895496296296
2024-08-16,Almatti,641.518,22.78452125925926
2024-08-17,Almatti,635.204,23.700087555555555
2024-08-18,Almatti,494.639,24.615653851851853
2024-08-19,Almatti,565.431,25.53122014814815
2024-08-20,Almatti,905.233,26.44678644444445
2024-08-21,Almatti,990.183,27.362352740740743
2024-08-22,Almatti,905.771,28.27791903703704
2024-08-23,Almatti,1268.397,29.19348533333333
2024-08-24,Almatti,814.761,30.10905162962963
2024-08-25,Almatti,816.601,31.024617925925927
2024-08-26,Almatti,1874.887,31.94018422222222
2024-08-27,Almatti,2797.166,32.85575051851852
2024-08-28,Almatti,3797.516,33.771316814814824
2024-08-29,Almatti,4343.323,34.686883111111115
2024-08-30,Almatti,4722.117,35.60244940740741
2024-08-31,Almatti,5056.653,36.5180157037037
2024-09-01,Almatti,4891.424,37.433582
2024-09-02,Almatti,3755.125,33.548965
2024-09-03,Almatti,1837.99,27.898613000000005
2024-09-04,Almatti,1283.376,16.597909
2024-09-05,Almatti,1155.95,12.713292
2024-09-06,Almatti,1821.396,13.664072384615386
2024-09-07,Almatti,2052.971,14.614852769230769
2024-09-08,Almatti,2610.927,15.565633153846155
2024-09-09,Almatti,2654.534,16.51641353846154
2024-09-10,Almatti,2175.47,17.467193923076923
2024-09-11,Almatti,1974.109,18.417974307692308
2024-09-12,Almatti,1152.212,19.368754692307693
2024-09-13,Almatti,1120.356,20.31953507692308
2024-09-14,Almatti,925.678,21.270315461538463
2024-09-15,Almatti,905.743,22.221095846153847
2024-09-16,Almatti,757.985,23.171876230769232
2024-09-17,Almatti,551.81,24.122656615384617
2024-09-18,Almatti,525.674,25.073437
2024-09-19,Almatti,493.959,26.02421738461539
2024-09-20,Almatti,479.801,26.97499776923077
2024-09-21,Almatti,459.129,27.92577815384616
2024-09-22,Almatti,457.147,28.87655853846154
2024-09-23,Almatti,376.189,29.82733892307693
2024-09-24,Almatti,424.809,30.77811930769231
2024-09-25,Almatti,497.81,31.728899692307696
2024-09-26,Almatti,1021.105,32.679680076923084
2024-09-27,Almatti,1559.579,33.63046046153847
2024-09-28,Almatti,1190.922,34.58124084615385
2024-09-29,Almatti,795.93,35.53202123076924
2024-09-30,Almatti,817.762,36.48280161538462
2024-10-01,Almatti,825.748,37.433582
2024-10-02,Almatti,836.848,33.548965
2024-10-03,Almatti,1340.321,27.192319
2024-10-04,Almatti,753.511,16.597909
2024-10-05,Almatti,760.845,12.360145
2024-10-06,Almatti,594.937,13.275711296296295
2024-10-07,Almatti,566.62,14.191277592592591
2024-10-08,Almatti,530.091,15.106843888888887
2024-10-09,Almatti,597.74,16.022410185185183
2024-10-10,Almatti,729.414,16.93797648148148
2024-10-11,Almatti,536.208,17.85354277777778
2024-10-12,Almatti,505.059,18.769109074074077
2024-10-13,Almatti,1007.372,19.68467537037037
2024-10-14,Almatti,790.635,20.600241666666665
2024-10-15,Almatti,616.344,21.51580796296296
2024-10-16,Almatti,660.349,22.43137425925926
2024-10-17,Almatti,1074.228,23.346940555555555
2024-10-18,Almatti,1360.823,24.262506851851853
2024-10-19,Almatti,1772.097,25.17807314814815
2024-10-20,Almatti,1659.226,26.09363944444445
2024-10-21,Almatti,1574.218,27.009205740740743
2024-10-22,Almatti,1078.674,27.92477203703704
2024-10-23,Almatti,922.704,28.84033833333333
2024-10-24,Almatti,1158.697,29.75590462962963
2024-10-25,Almatti,1209.186,30.671470925925927
2024-10-26,Almatti,1023.937,31.58703722222222
2024-10-27,Almatti,690.931,32.50260351851852
2024-10-28,Almatti,605.358,33.418169814814824
2024-10-29,Almatti,634.609,34.333736111111115
2024-10-30,Almatti,580.807,35.249302407407406
2024-10-31,Almatti,537.397,36.1648687037037
2024-11-01,Almatti,523.239,37.080435
2024-11-02,Almatti,495.403,33.548965
2024-11-03,Almatti,462.357,26.132878
2024-11-04,Almatti,253.266,0.0
2024-11-05,Almatti,194.055,11.653851
2024-11-06,Almatti,184.881,12.63179653846154
2024-11-07,Almatti,109.615,13.609742076923078
2024-11-08,Almatti,82.997,14.587687615384615
2024-11-09,Almatti,47.516,15.565633153846155
2024-11-10,Almatti,0.0,16.543578692307694
2024-11-11,Almatti,0.0,17.52152423076923
2024-11-12,Almatti,0.0,18.49946976923077
2024-11-13,Almatti,0.0,19.477415307692308
2024-11-14,Almatti,0.0,20.455360846153848
2024-11-15,Almatti,0.0,21.433306384615385
2024-11-16,Almatti,0.0,22.41125192307692
2024-11-17,Almatti,0.0,23.389197461538465
2024-11-18,Almatti,0.0,24.367143
2024-11-19,Almatti,0.0,25.345088538461543
2024-11-20,Almatti,0.0,26.32303407692308
2024-11-21,Almatti,0.0,27.30097961538462
2024-11-22,Almatti,0.0,28.27892515384616
2024-11-23,Almatti,0.0,29.256870692307693
2024-11-24,Almatti,0.0,30.23481623076924
2024-11-25,Almatti,0.0,31.212761769230774
2024-11-26,Almatti,0.0,32.190707307692314
2024-11-27,Almatti,0.0,33.16865284615385
2024-11-28,Almatti,0.0,34.14659838461539
2024-11-29,Almatti,0.0,35.12454392307693
2024-11-30,Almatti,0.0,36.10248946153847
2024-12-01,Almatti,0.0,37.080435
2024-12-02,Almatti,0.0,33.548965
2024-12-03,Almatti,0.0,25.426584
2024-12-04,Almatti,0.0,16.244762
2024-12-05,Almatti,0.0,10.947557
2024-12-06,Almatti,0.0,11.6759226875
2024-12-07,Almatti,0.0,12.404288375
2024-12-08,Almatti,0.0,13.1326540625
2024-12-09,Almatti,0.0,13.861019749999995
2024-12-10,Almatti,0.0,14.589385437499995
2024-12-11,Almatti,0.0,15.317751124999996
2024-12-12,Almatti,0.0,16.0461168125
2024-12-13,Almatti,0.0,16.7744825
2024-12-14,Almatti,0.0,17.5028481875
2024-12-15,Almatti,0.0,18.231213875
2024-12-16,Almatti,0.0,18.9595795625
2024-12-17,Almatti,0.0,19.68794525
2024-12-18,Almatti,0.0,20.4163109375
2024-12-19,Almatti,0.0,21.144676625
2024-12-20,Almatti,0.0,21.8730423125
2024-12-21,Almatti,0.0,22.601408
2024-12-22,Almatti,0.0,23.3297736875
2024-12-23,Almatti,0.0,24.058139375
2024-12-24,Almatti,0.0,24.7865050625
2024-12-25,Almatti,0.0,25.51487075
2024-12-26,Almatti,0.0,26.2432364375
2024-12-27,Almatti,0.0,26.971602125
2024-12-28,Almatti,0.0,27.6999678125
2024-12-29,Almatti,0.0,28.4283335
2024-12-30,Almatti,0.0,29.156699187500003
2024-12-31,Almatti,0.0,29.885064875
