Date,Reservoir_Name,Inflow (cusecs/cumecs),Storage (TMC/MCM)
2010-01-01,Krishnaraja Sagara,145.945,38.49302300000001
2010-01-02,Krishnaraja Sagara,110.237,33.548965
2010-01-03,Krishnaraja Sagara,99.081,25.779731
2010-01-04,Krishnaraja Sagara,90.133,17.304203
2010-01-05,Krishnaraja Sagara,67.734,9.888116000000002
2010-01-06,Krishnaraja Sagara,67.734,3.884617
2010-01-07,Krishnaraja Sagara,72.236,3.884617
2010-01-08,Krishnaraja Sagara,85.658,15.891615000000002
2010-01-09,Krishnaraja Sagara,54.736,27.192319
2010-01-10,Krishnaraja Sagara,60.372,34.961553
2010-01-11,Krishnaraja Sagara,64.846,40.965052
2010-01-12,Krishnaraja Sagara,44.656,40.965052
2010-01-13,Krishnaraja Sagara,63.09,40.841450550000005
2010-01-14,Krishnaraja Sagara,60.117,40.7178491
2010-01-15,Krishnaraja Sagara,52.216,40.59424765
2010-01-16,Krishnaraja Sagara,40.493,40.4706462
2010-01-17,Krishnaraja Sagara,44.429,40.34704475
2010-01-18,Krishnaraja Sagara,38.001,40.2234433
2010-01-19,Krishnaraja Sagara,38.596,40.09984185
2010-01-20,Krishnaraja Sagara,29.166,39.9762404
2010-01-21,Krishnaraja Sagara,36.529,39.852638950000006
2010-01-22,Krishnaraja Sagara,27.637,39.7290375
2010-01-23,Krishnaraja Sagara,25.938,39.60543605
2010-01-24,Krishnaraja Sagara,24.013,39.481834600000006
2010-01-25,Krishnaraja Sagara,25.344,39.35823315
2010-01-26,Krishnaraja Sagara,27.411,39.2346317
2010-01-27,Krishnaraja Sagara,21.039,39.11103025
2010-01-28,Krishnaraja Sagara,27.835,38.9874288
2010-01-29,Krishnaraja Sagara,28.827,38.86382735
2010-01-30,Krishnaraja Sagara,20.756,38.7402259
2010-01-31,Krishnaraja Sagara,16.084,38.61662445
2010-02-01,Krishnaraja Sagara,11.723,38.49302300000001
2010-02-02,Krishnaraja Sagara,8.438,33.195818
2010-02-03,Krishnaraja Sagara,8.665,25.426584
2010-02-04,Krishnaraja Sagara,6.258,16.951056
2010-02-05,Krishnaraja Sagara,7.051,9.534969000000002
2010-02-06,Krishnaraja Sagara,5.89,3.531470000000001
2010-02-07,Krishnaraja Sagara,6.57,3.884617
2010-02-08,Krishnaraja Sagara,6.541,18.010497
2010-02-09,Krishnaraja Sagara,6.286,28.251760000000004
2010-02-10,Krishnaraja Sagara,6.286,34.961553
2010-02-11,Krishnaraja Sagara,6.286,40.965052
2010-02-12,Krishnaraja Sagara,6.371,40.965052
2010-02-13,Krishnaraja Sagara,6.031,40.84041188235294
2010-02-14,Krishnaraja Sagara,5.607,40.71577176470587
2010-02-15,Krishnaraja Sagara,7.221,40.59113164705882
2010-02-16,Krishnaraja Sagara,5.72,40.46649152941176
2010-02-17,Krishnaraja Sagara,5.352,40.34185141176471
2010-02-18,Krishnaraja Sagara,10.421,40.21721129411765
2010-02-19,Krishnaraja Sagara,7.192,40.09257117647059
2010-02-20,Krishnaraja Sagara,6.881,39.96793105882353
2010-02-21,Krishnaraja Sagara,4.078,39.84329094117647
2010-02-22,Krishnaraja Sagara,5.324,39.718650823529416
2010-02-23,Krishnaraja Sagara,5.012,39.594010705882354
2010-02-24,Krishnaraja Sagara,9.146,39.4693705882353
2010-02-25,Krishnaraja Sagara,6.824,39.34473047058824
2010-02-26,Krishnaraja Sagara,6.513,39.22009035294118
2010-02-27,Krishnaraja Sagara,6.994,39.09545023529413
2010-02-28,Krishnaraja Sagara,8.438,38.97081011764707
2010-03-01,Krishnaraja Sagara,8.127,38.84617000000001
2010-03-02,Krishnaraja Sagara,8.523,32.842671
2010-03-03,Krishnaraja Sagara,10.336,25.073437
2010-03-04,Krishnaraja Sagara,10.109,16.244762
2010-03-05,Krishnaraja Sagara,10.449,9.181822
2010-03-06,Krishnaraja Sagara,12.063,3.178323
2010-03-07,Krishnaraja Sagara,12.12,3.884617
2010-03-08,Krishnaraja Sagara,8.807,19.069938000000004
2010-03-09,Krishnaraja Sagara,8.608,28.604907000000004
2010-03-10,Krishnaraja Sagara,11.695,34.961553
2010-03-11,Krishnaraja Sagara,8.382,40.965052
2010-03-12,Krishnaraja Sagara,8.382,40.965052
2010-03-13,Krishnaraja Sagara,11.695,40.859107900000005
2010-03-14,Krishnaraja Sagara,12.261,40.7531638
2010-03-15,Krishnaraja Sagara,10.364,40.6472197
2010-03-16,Krishnaraja Sagara,10.137,40.5412756
2010-03-17,Krishnaraja Sagara,10.194,40.4353315
2010-03-18,Krishnaraja Sagara,9.175,40.3293874
2010-03-19,Krishnaraja Sagara,9.005,40.2234433
2010-03-20,Krishnaraja Sagara,6.145,40.1174992
2010-03-21,Krishnaraja Sagara,8.042,40.0115551
2010-03-22,Krishnaraja Sagara,4.814,39.905611
2010-03-23,Krishnaraja Sagara,5.833,39.799666900000005
2010-03-24,Krishnaraja Sagara,4.757,39.6937228
2010-03-25,Krishnaraja Sagara,5.522,39.5877787
2010-03-26,Krishnaraja Sagara,4.304,39.481834600000006
2010-03-27,Krishnaraja Sagara,4.701,39.3758905
2010-03-28,Krishnaraja Sagara,4.587,39.26994640000001
2010-03-29,Krishnaraja Sagara,5.465,39.1640023
2010-03-30,Krishnaraja Sagara,3.936,39.058058200000005
2010-03-31,Krishnaraja Sagara,5.72,38.9521141
2010-04-01,Krishnaraja Sagara,5.805,38.84617000000001
2010-04-02,Krishnaraja Sagara,4.955,32.489524
2010-04-03,Krishnaraja Sagara,4.304,24.72029
2010-04-04,Krishnaraja Sagara,4.304,15.891615000000002
2010-04-05,Krishnaraja Sagara,4.389,8.828675
2010-04-06,Krishnaraja Sagara,4.701,3.178323
2010-04-07,Krishnaraja Sagara,3.908,3.531470000000001
2010-04-08,Krishnaraja Sagara,3.879,19.776232000000004
2010-04-09,Krishnaraja Sagara,7.136,28.604907000000004
2010-04-10,Krishnaraja Sagara,7.617,35.3147
2010-04-11,Krishnaraja Sagara,5.04,40.965052
2010-04-12,Krishnaraja Sagara,5.012,40.611905
2010-04-13,Krishnaraja Sagara,4.984,40.51897157894737
2010-04-14,Krishnaraja Sagara,9.968,40.42603815789474
2010-04-15,Krishnaraja Sagara,12.516,40.33310473684211
2010-04-16,Krishnaraja Sagara,17.585,40.24017131578948
2010-04-17,Krishnaraja Sagara,17.585,40.14723789473685
2010-04-18,Krishnaraja Sagara,17.188,40.0543044736842
2010-04-19,Krishnaraja Sagara,10.789,39.96137105263158
2010-04-20,Krishnaraja Sagara,21.039,39.86843763157895
2010-04-21,Krishnaraja Sagara,18.491,39.77550421052632
2010-04-22,Krishnaraja Sagara,25.995,39.68257078947369
2010-04-23,Krishnaraja Sagara,23.73,39.58963736842105
2010-04-24,Krishnaraja Sagara,22.455,39.49670394736842
2010-04-25,Krishnaraja Sagara,23.361,39.4037705263158
2010-04-26,Krishnaraja Sagara,20.954,39.310837105263154
2010-04-27,Krishnaraja Sagara,17.103,39.21790368421053
2010-04-28,Krishnaraja Sagara,13.111,39.1249702631579
2010-04-29,Krishnaraja Sagara,17.641,39.03203684210527
2010-04-30,Krishnaraja Sagara,17.585,38.93910342105264
2010-05-01,Krishnaraja Sagara,25.967,38.84617000000001
2010-05-02,Krishnaraja Sagara,21.804,32.489524
2010-05-03,Krishnaraja Sagara,19.68,24.367143
2010-05-04,Krishnaraja Sagara,24.183,15.538468000000002
2010-05-05,Krishnaraja Sagara,26.42,8.475528
2010-05-06,Krishnaraja Sagara,26.618,2.8251760000000004
2010-05-07,Krishnaraja Sagara,24.891,3.531470000000001
2010-05-08,Krishnaraja Sagara,25.032,20.835673
2010-05-09,Krishnaraja Sagara,35.991,28.604907000000004
2010-05-10,Krishnaraja Sagara,32.848,36.020994
2010-05-11,Krishnaraja Sagara,37.067,40.965052
2010-05-12,Krishnaraja Sagara,40.238,40.611905
2010-05-13,Krishnaraja Sagara,40.578,40.5412756
2010-05-14,Krishnaraja Sagara,38.851,40.4706462
2010-05-15,Krishnaraja Sagara,36.953,40.4000168
2010-05-16,Krishnaraja Sagara,36.953,40.3293874
2010-05-17,Krishnaraja Sagara,34.858,40.258758
2010-05-18,Krishnaraja Sagara,29.11,40.1881286
2010-05-19,Krishnaraja Sagara,26.561,40.1174992
2010-05-20,Krishnaraja Sagara,24.862,40.0468698
2010-05-21,Krishnaraja Sagara,26.165,39.9762404
2010-05-22,Krishnaraja Sagara,23.56,39.905611
2010-05-23,Krishnaraja Sagara,22.087,39.8349816
2010-05-24,Krishnaraja Sagara,33.924,39.7643522
2010-05-25,Krishnaraja Sagara,30.95,39.6937228
2010-05-26,Krishnaraja Sagara,32.225,39.62309340000001
2010-05-27,Krishnaraja Sagara,30.582,39.55246400000001
2010-05-28,Krishnaraja Sagara,30.554,39.481834600000006
2010-05-29,Krishnaraja Sagara,29.619,39.411205200000005
2010-05-30,Krishnaraja Sagara,27.552,39.3405758
2010-05-31,Krishnaraja Sagara,25.797,39.26994640000001
2010-06-01,Krishnaraja Sagara,24.126,39.19931700000001
2010-06-02,Krishnaraja Sagara,24.947,32.136377
2010-06-03,Krishnaraja Sagara,23.928,24.013996
2010-06-04,Krishnaraja Sagara,28.572,15.185321
2010-06-05,Krishnaraja Sagara,31.658,8.122381
2010-06-06,Krishnaraja Sagara,39.813,2.8251760000000004
2010-06-07,Krishnaraja Sagara,31.177,3.531470000000001
2010-06-08,Krishnaraja Sagara,33.046,22.248261000000003
2010-06-09,Krishnaraja Sagara,32.536,28.604907000000004
2010-06-10,Krishnaraja Sagara,29.846,36.374141
2010-06-11,Krishnaraja Sagara,31.233,40.965052
2010-06-12,Krishnaraja Sagara,24.975,40.611905
2010-06-13,Krishnaraja Sagara,23.276,40.53755826315789
2010-06-14,Krishnaraja Sagara,23.928,40.46321152631579
2010-06-15,Krishnaraja Sagara,25.372,40.38886478947368
2010-06-16,Krishnaraja Sagara,26.788,40.31451805263158
2010-06-17,Krishnaraja Sagara,48.139,40.24017131578948
2010-06-18,Krishnaraja Sagara,81.241,40.16582457894737
2010-06-19,Krishnaraja Sagara,90.529,40.09147784210526
2010-06-20,Krishnaraja Sagara,76.342,40.017131105263154
2010-06-21,Krishnaraja Sagara,85.574,39.94278436842105
2010-06-22,Krishnaraja Sagara,70.481,39.86843763157895
2010-06-23,Krishnaraja Sagara,88.377,39.79409089473685
2010-06-24,Krishnaraja Sagara,88.575,39.719744157894745
2010-06-25,Krishnaraja Sagara,83.053,39.64539742105264
2010-06-26,Krishnaraja Sagara,76.484,39.57105068421053
2010-06-27,Krishnaraja Sagara,78.07,39.49670394736842
2010-06-28,Krishnaraja Sagara,67.762,39.42235721052632
2010-06-29,Krishnaraja Sagara,89.056,39.34801047368421
2010-06-30,Krishnaraja Sagara,86.678,39.27366373684212
2010-07-01,Krishnaraja Sagara,88.603,39.19931700000001
2010-07-02,Krishnaraja Sagara,88.037,32.136377
2010-07-03,Krishnaraja Sagara,91.605,24.013996
2010-07-04,Krishnaraja Sagara,88.802,14.832174
2010-07-05,Krishnaraja Sagara,88.717,7.769234000000001
2010-07-06,Krishnaraja Sagara,97.976,2.4720290000000005
2010-07-07,Krishnaraja Sagara,115.08,3.531470000000001
2010-07-08,Krishnaraja Sagara,177.603,22.954555000000003
2010-07-09,Krishnaraja Sagara,204.136,28.604907000000004
2010-07-10,Krishnaraja Sagara,190.261,37.080435
2010-07-11,Krishnaraja Sagara,160.585,40.258758
2010-07-12,Krishnaraja Sagara,138.866,40.611905
2010-07-13,Krishnaraja Sagara,105.763,40.5412756
2010-07-14,Krishnaraja Sagara,74.134,40.4706462
2010-07-15,Krishnaraja Sagara,65.185,40.4000168
2010-07-16,Krishnaraja Sagara,65.214,40.3293874
2010-07-17,Krishnaraja Sagara,49.979,40.258758
2010-07-18,Krishnaraja Sagara,49.979,40.1881286
2010-07-19,Krishnaraja Sagara,50.008,40.1174992
2010-07-20,Krishnaraja Sagara,53.349,40.0468698
2010-07-21,Krishnaraja Sagara,58.503,39.9762404
2010-07-22,Krishnaraja Sagara,104.149,39.905611
2010-07-23,Krishnaraja Sagara,149.881,39.8349816
2010-07-24,Krishnaraja Sagara,144.586,39.7643522
2010-07-25,Krishnaraja Sagara,138.101,39.6937228
2010-07-26,Krishnaraja Sagara,128.615,39.62309340000001
2010-07-27,Krishnaraja Sagara,129.974,39.55246400000001
2010-07-28,Krishnaraja Sagara,193.291,39.481834600000006
2010-07-29,Krishnaraja Sagara,421.185,39.411205200000005
2010-07-30,Krishnaraja Sagara,779.534,39.3405758
2010-07-31,Krishnaraja Sagara,1023.654,39.26994640000001
2010-08-01,Krishnaraja Sagara,810.683,39.19931700000001
2010-08-02,Krishnaraja Sagara,656.356,32.136377
2010-08-03,Krishnaraja Sagara,414.191,24.013996
2010-08-04,Krishnaraja Sagara,267.084,14.479027
2010-08-05,Krishnaraja Sagara,322.104,7.416087
2010-08-06,Krishnaraja Sagara,463.943,2.4720290000000005
2010-08-07,Krishnaraja Sagara,311.23,3.531470000000001
2010-08-08,Krishnaraja Sagara,156.62,23.307702000000003
2010-08-09,Krishnaraja Sagara,124.113,28.604907000000004
2010-08-10,Krishnaraja Sagara,124.198,37.433582
2010-08-11,Krishnaraja Sagara,142.83,40.611905
2010-08-12,Krishnaraja Sagara,118.364,40.258758
2010-08-13,Krishnaraja Sagara,122.414,40.20578595
2010-08-14,Krishnaraja Sagara,125.642,40.152813900000005
2010-08-15,Krishnaraja Sagara,91.18,40.09984185
2010-08-16,Krishnaraja Sagara,82.006,40.0468698
2010-08-17,Krishnaraja Sagara,65.553,39.99389775
2010-08-18,Krishnaraja Sagara,108.397,39.9409257
2010-08-19,Krishnaraja Sagara,202.126,39.88795365
2010-08-20,Krishnaraja Sagara,201.984,39.8349816
2010-08-21,Krishnaraja Sagara,175.961,39.782009550000005
2010-08-22,Krishnaraja Sagara,189.157,39.7290375
2010-08-23,Krishnaraja Sagara,225.374,39.67606545
2010-08-24,Krishnaraja Sagara,179.84,39.62309340000001
2010-08-25,Krishnaraja Sagara,234.945,39.57012135
2010-08-26,Krishnaraja Sagara,334.28,39.5171493
2010-08-27,Krishnaraja Sagara,309.9,39.464177250000006
2010-08-28,Krishnaraja Sagara,323.548,39.411205200000005
2010-08-29,Krishnaraja Sagara,301.405,39.35823315
2010-08-30,Krishnaraja Sagara,266.008,39.3052611
2010-08-31,Krishnaraja Sagara,259.581,39.25228905000001
2010-09-01,Krishnaraja Sagara,507.41,39.19931700000001
2010-09-02,Krishnaraja Sagara,455.703,32.136377
2010-09-03,Krishnaraja Sagara,264.593,23.660849
2010-09-04,Krishnaraja Sagara,176.754,14.125880000000002
2010-09-05,Krishnaraja Sagara,154.78,7.416087
2010-09-06,Krishnaraja Sagara,162.086,2.118882
2010-09-07,Krishnaraja Sagara,162.086,3.884617
2010-09-08,Krishnaraja Sagara,165.767,23.307702000000003
2010-09-09,Krishnaraja Sagara,259.665,28.958054
2010-09-10,Krishnaraja Sagara,391.962,37.433582
2010-09-11,Krishnaraja Sagara,381.711,40.611905
2010-09-12,Krishnaraja Sagara,391.905,40.258758
2010-09-13,Krishnaraja Sagara,324.766,40.20299794736842
2010-09-14,Krishnaraja Sagara,205.014,40.14723789473685
2010-09-15,Krishnaraja Sagara,209.658,40.09147784210526
2010-09-16,Krishnaraja Sagara,174.347,40.03571778947368
2010-09-17,Krishnaraja Sagara,190.063,39.97995773684211
2010-09-18,Krishnaraja Sagara,182.247,39.924197684210526
2010-09-19,Krishnaraja Sagara,158.716,39.86843763157895
2010-09-20,Krishnaraja Sagara,135.128,39.81267757894737
2010-09-21,Krishnaraja Sagara,127.256,39.75691752631579
2010-09-22,Krishnaraja Sagara,178.255,39.70115747368421
2010-09-23,Krishnaraja Sagara,324.483,39.64539742105264
2010-09-24,Krishnaraja Sagara,300.102,39.58963736842105
2010-09-25,Krishnaraja Sagara,446.585,39.53387731578948
2010-09-26,Krishnaraja Sagara,346.343,39.4781172631579
2010-09-27,Krishnaraja Sagara,265.159,39.42235721052632
2010-09-28,Krishnaraja Sagara,241.713,39.366597157894745
2010-09-29,Krishnaraja Sagara,252.303,39.310837105263154
2010-09-30,Krishnaraja Sagara,168.4,39.255077052631584
2010-10-01,Krishnaraja Sagara,147.446,39.19931700000001
2010-10-02,Krishnaraja Sagara,133.316,32.136377
2010-10-03,Krishnaraja Sagara,187.854,23.660849
2010-10-04,Krishnaraja Sagara,318.253,14.125880000000002
2010-10-05,Krishnaraja Sagara,325.106,7.062940000000001
2010-10-06,Krishnaraja Sagara,301.688,2.118882
2010-10-07,Krishnaraja Sagara,326.691,4.237764
2010-10-08,Krishnaraja Sagara,277.194,23.307702000000003
2010-10-09,Krishnaraja Sagara,209.516,29.664348
2010-10-10,Krishnaraja Sagara,244.573,37.786729
2010-10-11,Krishnaraja Sagara,288.124,40.965052
2010-10-12,Krishnaraja Sagara,177.49,40.258758
2010-10-13,Krishnaraja Sagara,129.266,40.2234433
2010-10-14,Krishnaraja Sagara,153.987,40.1881286
2010-10-15,Krishnaraja Sagara,190.233,40.152813900000005
2010-10-16,Krishnaraja Sagara,252.246,40.1174992
2010-10-17,Krishnaraja Sagara,295.798,40.0821845
2010-10-18,Krishnaraja Sagara,260.628,40.0468698
2010-10-19,Krishnaraja Sagara,216.765,40.0115551
2010-10-20,Krishnaraja Sagara,180.18,39.9762404
2010-10-21,Krishnaraja Sagara,143.595,39.9409257
2010-10-22,Krishnaraja Sagara,152.741,39.905611
2010-10-23,Krishnaraja Sagara,157.3,39.8702963
2010-10-24,Krishnaraja Sagara,212.206,39.8349816
2010-10-25,Krishnaraja Sagara,221.353,39.799666900000005
2010-10-26,Krishnaraja Sagara,175.621,39.7643522
2010-10-27,Krishnaraja Sagara,171.034,39.7290375
2010-10-28,Krishnaraja Sagara,540.597,39.6937228
2010-10-29,Krishnaraja Sagara,595.985,39.6584081
2010-10-30,Krishnaraja Sagara,338.641,39.62309340000001
2010-10-31,Krishnaraja Sagara,301.036,39.5877787
2010-11-01,Krishnaraja Sagara,285.49,39.55246400000001
2010-11-02,Krishnaraja Sagara,247.772,31.783230000000003
2010-11-03,Krishnaraja Sagara,431.039,23.660849
2010-11-04,Krishnaraja Sagara,603.375,14.125880000000002
2010-11-05,Krishnaraja Sagara,479.064,7.062940000000001
2010-11-06,Krishnaraja Sagara,663.52,2.118882
2010-11-07,Krishnaraja Sagara,902.684,4.237764
2010-11-08,Krishnaraja Sagara,549.375,23.307702000000003
2010-11-09,Krishnaraja Sagara,522.304,30.370642
2010-11-10,Krishnaraja Sagara,516.698,38.13987600000001
2010-11-11,Krishnaraja Sagara,536.151,40.611905
2010-11-12,Krishnaraja Sagara,493.619,40.258758
2010-11-13,Krishnaraja Sagara,846.73,40.20299794736842
2010-11-14,Krishnaraja Sagara,534.537,40.14723789473685
2010-11-15,Krishnaraja Sagara,339.349,40.09147784210526
2010-11-16,Krishnaraja Sagara,335.441,40.03571778947368
2010-11-17,Krishnaraja Sagara,303.755,39.97995773684211
2010-11-18,Krishnaraja Sagara,336.093,39.924197684210526
2010-11-19,Krishnaraja Sagara,380.125,39.86843763157895
2010-11-20,Krishnaraja Sagara,448.511,39.81267757894737
2010-11-21,Krishnaraja Sagara,369.761,39.75691752631579
2010-11-22,Krishnaraja Sagara,336.744,39.70115747368421
2010-11-23,Krishnaraja Sagara,300.272,39.64539742105264
2010-11-24,Krishnaraja Sagara,358.718,39.58963736842105
2010-11-25,Krishnaraja Sagara,406.941,39.53387731578948
2010-11-26,Krishnaraja Sagara,344.984,39.4781172631579
2010-11-27,Krishnaraja Sagara,296.987,39.42235721052632
2010-11-28,Krishnaraja Sagara,283.027,39.366597157894745
2010-11-29,Krishnaraja Sagara,283.027,39.310837105263154
2010-11-30,Krishnaraja Sagara,283.027,39.255077052631584
2010-12-01,Krishnaraja Sagara,264.649,39.19931700000001
2010-12-02,Krishnaraja Sagara,188.873,31.783230000000003
2010-12-03,Krishnaraja Sagara,202.522,23.660849
2010-12-04,Krishnaraja Sagara,188.703,14.125880000000002
2010-12-05,Krishnaraja Sagara,188.534,7.062940000000001
2010-12-06,Krishnaraja Sagara,188.392,2.118882
2010-12-07,Krishnaraja Sagara,179.161,4.237764
2010-12-08,Krishnaraja Sagara,192.724,23.307702000000003
2010-12-09,Krishnaraja Sagara,192.583,31.076936000000003
2010-12-10,Krishnaraja Sagara,166.645,38.49302300000001
2010-12-11,Krishnaraja Sagara,145.35,40.611905
2010-12-12,Krishnaraja Sagara,131.617,40.258758
2010-12-13,Krishnaraja Sagara,131.588,40.152813900000005
2010-12-14,Krishnaraja Sagara,131.843,40.0468698
2010-12-15,Krishnaraja Sagara,149.994,39.9409257
2010-12-16,Krishnaraja Sagara,141.018,39.8349816
2010-12-17,Krishnaraja Sagara,132.041,39.7290375
2010-12-18,Krishnaraja Sagara,132.041,39.62309340000001
2010-12-19,Krishnaraja Sagara,136.516,39.5171493
2010-12-20,Krishnaraja Sagara,113.664,39.411205200000005
2010-12-21,Krishnaraja Sagara,105.169,39.3052611
2010-12-22,Krishnaraja Sagara,122.669,39.19931700000001
2010-12-23,Krishnaraja Sagara,103.583,39.0933729
2010-12-24,Krishnaraja Sagara,108.057,38.9874288
2010-12-25,Krishnaraja Sagara,103.555,38.8814847
2010-12-26,Krishnaraja Sagara,99.081,38.77554060000001
2010-12-27,Krishnaraja Sagara,80.703,38.6695965
2010-12-28,Krishnaraja Sagara,98.514,38.5636524
2010-12-29,Krishnaraja Sagara,96.645,38.4577083
2010-12-30,Krishnaraja Sagara,107.689,38.351764200000005
2010-12-31,Krishnaraja Sagara,103.3,38.2458201
2011-01-01,Krishnaraja Sagara,57.455,38.13987600000001
2011-01-02,Krishnaraja Sagara,87.329,32.842671
2011-01-03,Krishnaraja Sagara,78.608,26.132878
2011-01-04,Krishnaraja Sagara,65.44,19.069938000000004
2011-01-05,Krishnaraja Sagara,52.301,16.597909
2011-01-06,Krishnaraja Sagara,61.051,8.828675
2011-01-07,Krishnaraja Sagara,52.301,15.538468000000002
2011-01-08,Krishnaraja Sagara,56.69,31.430083000000003
2011-01-09,Krishnaraja Sagara,43.523,39.905611
2011-01-10,Krishnaraja Sagara,39.134,37.433582
2011-01-11,Krishnaraja Sagara,34.773,39.55246400000001
2011-01-12,Krishnaraja Sagara,47.912,37.080435
2011-01-13,Krishnaraja Sagara,43.325,37.13340705
2011-01-14,Krishnaraja Sagara,47.204,37.18637910000001
2011-01-15,Krishnaraja Sagara,33.527,37.239351150000005
2011-01-16,Krishnaraja Sagara,46.751,37.292323200000006
2011-01-17,Krishnaraja Sagara,59.55,37.34529525000001
2011-01-18,Krishnaraja Sagara,76.286,37.39826730000001
2011-01-19,Krishnaraja Sagara,62.439,37.45123935
2011-01-20,Krishnaraja Sagara,66.573,37.5042114
2011-01-21,Krishnaraja Sagara,66.46,37.55718345
2011-01-22,Krishnaraja Sagara,62.609,37.610155500000005
2011-01-23,Krishnaraja Sagara,62.155,37.663127550000006
2011-01-24,Krishnaraja Sagara,69.518,37.71609960000001
2011-01-25,Krishnaraja Sagara,48.393,37.76907165
2011-01-26,Krishnaraja Sagara,48.677,37.82204370000001
2011-01-27,Krishnaraja Sagara,53.066,37.87501575
2011-01-28,Krishnaraja Sagara,60.853,37.9279878
2011-01-29,Krishnaraja Sagara,47.629,37.98095985
2011-01-30,Krishnaraja Sagara,55.444,38.033931900000006
2011-01-31,Krishnaraja Sagara,64.477,38.08690395
2011-02-01,Krishnaraja Sagara,56.266,38.13987600000001
2011-02-02,Krishnaraja Sagara,24.692,32.489524
2011-02-03,Krishnaraja Sagara,14.158,25.779731
2011-02-04,Krishnaraja Sagara,19.907,19.069938000000004
2011-02-05,Krishnaraja Sagara,16.141,16.597909
2011-02-06,Krishnaraja Sagara,12.233,8.828675
2011-02-07,Krishnaraja Sagara,16.141,15.538468000000002
2011-02-08,Krishnaraja Sagara,10.93,31.783230000000003
2011-02-09,Krishnaraja Sagara,12.516,40.258758
2011-02-10,Krishnaraja Sagara,12.516,37.433582
2011-02-11,Krishnaraja Sagara,8.127,39.55246400000001
2011-02-12,Krishnaraja Sagara,7.702,36.727288
2011-02-13,Krishnaraja Sagara,8.608,36.81038141176471
2011-02-14,Krishnaraja Sagara,11.1,36.89347482352941
2011-02-15,Krishnaraja Sagara,14.272,36.97656823529413
2011-02-16,Krishnaraja Sagara,17.585,37.05966164705883
2011-02-17,Krishnaraja Sagara,9.345,37.14275505882353
2011-02-18,Krishnaraja Sagara,12.403,37.22584847058824
2011-02-19,Krishnaraja Sagara,8.353,37.30894188235296
2011-02-20,Krishnaraja Sagara,9.684,37.39203529411765
2011-02-21,Krishnaraja Sagara,7.476,37.47512870588236
2011-02-22,Krishnaraja Sagara,7.759,37.55822211764706
2011-02-23,Krishnaraja Sagara,14.781,37.64131552941177
2011-02-24,Krishnaraja Sagara,51.622,37.72440894117648
2011-02-25,Krishnaraja Sagara,45.222,37.80750235294118
2011-02-26,Krishnaraja Sagara,52.075,37.89059576470589
2011-02-27,Krishnaraja Sagara,44.571,37.97368917647059
2011-02-28,Krishnaraja Sagara,33.612,38.05678258823529
2011-03-01,Krishnaraja Sagara,17.981,38.13987600000001
2011-03-02,Krishnaraja Sagara,14.158,32.136377
2011-03-03,Krishnaraja Sagara,14.158,25.426584
2011-03-04,Krishnaraja Sagara,15.999,18.716791
2011-03-05,Krishnaraja Sagara,41.966,16.244762
2011-03-06,Krishnaraja Sagara,39.955,8.828675
2011-03-07,Krishnaraja Sagara,30.299,15.538468000000002
2011-03-08,Krishnaraja Sagara,26.901,31.783230000000003
2011-03-09,Krishnaraja Sagara,33.725,40.258758
2011-03-10,Krishnaraja Sagara,33.725,37.433582
2011-03-11,Krishnaraja Sagara,35.113,39.905611
2011-03-12,Krishnaraja Sagara,31.715,36.727288
2011-03-13,Krishnaraja Sagara,28.798,36.81557475
2011-03-14,Krishnaraja Sagara,16.395,36.9038615
2011-03-15,Krishnaraja Sagara,7.362,36.99214825000001
2011-03-16,Krishnaraja Sagara,7.419,37.080435
2011-03-17,Krishnaraja Sagara,7.646,37.16872175
2011-03-18,Krishnaraja Sagara,7.192,37.2570085
2011-03-19,Krishnaraja Sagara,29.11,37.34529525000001
2011-03-20,Krishnaraja Sagara,22.314,37.433582
2011-03-21,Krishnaraja Sagara,5.805,37.52186875
2011-03-22,Krishnaraja Sagara,18.151,37.6101555
2011-03-23,Krishnaraja Sagara,18.066,37.69844225
2011-03-24,Krishnaraja Sagara,11.525,37.786729
2011-03-25,Krishnaraja Sagara,25.542,37.87501575
2011-03-26,Krishnaraja Sagara,22.71,37.9633025
2011-03-27,Krishnaraja Sagara,31.828,38.05158925
2011-03-28,Krishnaraja Sagara,28.912,38.13987600000001
2011-03-29,Krishnaraja Sagara,33.414,38.22816275
2011-03-30,Krishnaraja Sagara,17.698,38.3164495
2011-03-31,Krishnaraja Sagara,17.358,38.40473625
2011-04-01,Krishnaraja Sagara,16.622,38.49302300000001
2011-04-02,Krishnaraja Sagara,17.896,32.136377
2011-04-03,Krishnaraja Sagara,9.345,25.073437
2011-04-04,Krishnaraja Sagara,5.493,18.363644
2011-04-05,Krishnaraja Sagara,5.352,16.244762
2011-04-06,Krishnaraja Sagara,4.248,8.828675
2011-04-07,Krishnaraja Sagara,4.87,15.538468000000002
2011-04-08,Krishnaraja Sagara,8.127,32.842671
2011-04-09,Krishnaraja Sagara,15.489,40.258758
2011-04-10,Krishnaraja Sagara,17.868,37.080435
2011-04-11,Krishnaraja Sagara,20.53,40.965052
2011-04-12,Krishnaraja Sagara,23.276,36.727288
2011-04-13,Krishnaraja Sagara,23.276,36.82022142105263
2011-04-14,Krishnaraja Sagara,31.46,36.913154842105264
2011-04-15,Krishnaraja Sagara,34.178,37.00608826315789
2011-04-16,Krishnaraja Sagara,36.925,37.09902168421053
2011-04-17,Krishnaraja Sagara,47.884,37.19195510526316
2011-04-18,Krishnaraja Sagara,53.377,37.2848885263158
2011-04-19,Krishnaraja Sagara,43.325,37.377821947368425
2011-04-20,Krishnaraja Sagara,26.703,37.47075536842107
2011-04-21,Krishnaraja Sagara,33.584,37.56368878947369
2011-04-22,Krishnaraja Sagara,78.919,37.65662221052632
2011-04-23,Krishnaraja Sagara,133.117,37.74955563157895
2011-04-24,Krishnaraja Sagara,101.544,37.84248905263159
2011-04-25,Krishnaraja Sagara,117.402,37.93542247368421
2011-04-26,Krishnaraja Sagara,79.344,38.02835589473685
2011-04-27,Krishnaraja Sagara,52.103,38.12128931578948
2011-04-28,Krishnaraja Sagara,52.103,38.21422273684211
2011-04-29,Krishnaraja Sagara,46.638,38.30715615789474
2011-04-30,Krishnaraja Sagara,43.919,38.40008957894738
2011-05-01,Krishnaraja Sagara,48.677,38.49302300000001
2011-05-02,Krishnaraja Sagara,51.395,32.136377
2011-05-03,Krishnaraja Sagara,59.805,25.073437
2011-05-04,Krishnaraja Sagara,53.632,18.010497
2011-05-05,Krishnaraja Sagara,50.489,15.891615000000002
2011-05-06,Krishnaraja Sagara,43.212,8.828675
2011-05-07,Krishnaraja Sagara,24.636,15.538468000000002
2011-05-08,Krishnaraja Sagara,15.688,33.902112
2011-05-09,Krishnaraja Sagara,8.58,40.258758
2011-05-10,Krishnaraja Sagara,8.835,37.080435
2011-05-11,Krishnaraja Sagara,7.532,40.965052
2011-05-12,Krishnaraja Sagara,8.722,36.374141
2011-05-13,Krishnaraja Sagara,5.295,36.4800851
2011-05-14,Krishnaraja Sagara,4.417,36.586029200000006
2011-05-15,Krishnaraja Sagara,12.997,36.6919733
2011-05-16,Krishnaraja Sagara,9.854,36.7979174
2011-05-17,Krishnaraja Sagara,17.84,36.903861500000005
2011-05-18,Krishnaraja Sagara,16.99,37.00980560000001
2011-05-19,Krishnaraja Sagara,18.038,37.11574970000001
2011-05-20,Krishnaraja Sagara,84.016,37.2216938
2011-05-21,Krishnaraja Sagara,60.825,37.327637900000006
2011-05-22,Krishnaraja Sagara,34.433,37.433582
2011-05-23,Krishnaraja Sagara,28.373,37.53952610000001
2011-05-24,Krishnaraja Sagara,23.871,37.645470200000005
2011-05-25,Krishnaraja Sagara,20.02,37.7514143
2011-05-26,Krishnaraja Sagara,34.688,37.8573584
2011-05-27,Krishnaraja Sagara,33.584,37.96330250000001
2011-05-28,Krishnaraja Sagara,56.662,38.06924660000001
2011-05-29,Krishnaraja Sagara,50.291,38.17519070000001
2011-05-30,Krishnaraja Sagara,46.355,38.2811348
2011-05-31,Krishnaraja Sagara,31.885,38.387078900000006
2011-06-01,Krishnaraja Sagara,36.982,38.49302300000001
2011-06-02,Krishnaraja Sagara,32.932,32.136377
2011-06-03,Krishnaraja Sagara,29.166,25.073437
2011-06-04,Krishnaraja Sagara,50.942,17.65735
2011-06-05,Krishnaraja Sagara,46.779,15.538468000000002
2011-06-06,Krishnaraja Sagara,46.808,9.181822
2011-06-07,Krishnaraja Sagara,72.038,15.538468000000002
2011-06-08,Krishnaraja Sagara,123.716,35.3147
2011-06-09,Krishnaraja Sagara,114.853,39.905611
2011-06-10,Krishnaraja Sagara,93.332,36.727288
2011-06-11,Krishnaraja Sagara,89.056,40.965052
2011-06-12,Krishnaraja Sagara,88.972,36.374141
2011-06-13,Krishnaraja Sagara,106.783,36.48566110526316
2011-06-14,Krishnaraja Sagara,159.452,36.59718121052632
2011-06-15,Krishnaraja Sagara,156.422,36.70870131578948
2011-06-16,Krishnaraja Sagara,204.759,36.82022142105263
2011-06-17,Krishnaraja Sagara,206.175,36.9317415263158
2011-06-18,Krishnaraja Sagara,188.562,37.04326163157895
2011-06-19,Krishnaraja Sagara,211.244,37.15478173684211
2011-06-20,Krishnaraja Sagara,384.401,37.266301842105264
2011-06-21,Krishnaraja Sagara,289.115,37.377821947368425
2011-06-22,Krishnaraja Sagara,186.976,37.48934205263159
2011-06-23,Krishnaraja Sagara,116.835,37.60086215789474
2011-06-24,Krishnaraja Sagara,84.866,37.7123822631579
2011-06-25,Krishnaraja Sagara,93.87,37.82390236842107
2011-06-26,Krishnaraja Sagara,115.023,37.93542247368421
2011-06-27,Krishnaraja Sagara,205.184,38.04694257894737
2011-06-28,Krishnaraja Sagara,325.162,38.15846268421053
2011-06-29,Krishnaraja Sagara,381.739,38.26998278947369
2011-06-30,Krishnaraja Sagara,357.047,38.38150289473685
2011-07-01,Krishnaraja Sagara,215.236,38.49302300000001
2011-07-02,Krishnaraja Sagara,154.695,31.783230000000003
2011-07-03,Krishnaraja Sagara,120.007,25.073437
2011-07-04,Krishnaraja Sagara,149.315,17.304203
2011-07-05,Krishnaraja Sagara,158.404,15.185321
2011-07-06,Krishnaraja Sagara,126.406,9.181822
2011-07-07,Krishnaraja Sagara,123.688,15.538468000000002
2011-07-08,Krishnaraja Sagara,155.714,36.374141
2011-07-09,Krishnaraja Sagara,174.432,39.55246400000001
2011-07-10,Krishnaraja Sagara,161.123,36.374141
2011-07-11,Krishnaraja Sagara,147.814,40.965052
2011-07-12,Krishnaraja Sagara,122.074,36.020994
2011-07-13,Krishnaraja Sagara,131.079,36.14459545
2011-07-14,Krishnaraja Sagara,122.555,36.2681969
2011-07-15,Krishnaraja Sagara,145.067,36.39179835
2011-07-16,Krishnaraja Sagara,281.498,36.5153998
2011-07-17,Krishnaraja Sagara,427.924,36.63900125000001
2011-07-18,Krishnaraja Sagara,558.267,36.7626027
2011-07-19,Krishnaraja Sagara,712.848,36.886204150000005
2011-07-20,Krishnaraja Sagara,749.32,37.00980560000001
2011-07-21,Krishnaraja Sagara,718.88,37.13340705
2011-07-22,Krishnaraja Sagara,549.857,37.257008500000005
2011-07-23,Krishnaraja Sagara,454.599,37.38060995
2011-07-24,Krishnaraja Sagara,421.864,37.5042114
2011-07-25,Krishnaraja Sagara,466.463,37.62781285
2011-07-26,Krishnaraja Sagara,593.408,37.7514143
2011-07-27,Krishnaraja Sagara,479.857,37.87501575
2011-07-28,Krishnaraja Sagara,310.919,37.998617200000005
2011-07-29,Krishnaraja Sagara,279.063,38.12221865
2011-07-30,Krishnaraja Sagara,298.629,38.24582010000001
2011-07-31,Krishnaraja Sagara,266.688,38.369421550000006
2011-08-01,Krishnaraja Sagara,243.185,38.49302300000001
2011-08-02,Krishnaraja Sagara,334.224,31.783230000000003
2011-08-03,Krishnaraja Sagara,276.174,25.073437
2011-08-04,Krishnaraja Sagara,504.635,16.951056
2011-08-05,Krishnaraja Sagara,639.479,14.832174
2011-08-06,Krishnaraja Sagara,709.139,9.534969000000002
2011-08-07,Krishnaraja Sagara,900.023,15.538468000000002
2011-08-08,Krishnaraja Sagara,854.376,37.433582
2011-08-09,Krishnaraja Sagara,767.981,39.19931700000001
2011-08-10,Krishnaraja Sagara,522.502,36.374141
2011-08-11,Krishnaraja Sagara,445.481,40.965052
2011-08-12,Krishnaraja Sagara,374.689,36.020994
2011-08-13,Krishnaraja Sagara,325.984,36.14459545
2011-08-14,Krishnaraja Sagara,390.036,36.2681969
2011-08-15,Krishnaraja Sagara,405.695,36.39179835
2011-08-16,Krishnaraja Sagara,430.331,36.5153998
2011-08-17,Krishnaraja Sagara,339.151,36.63900125000001
2011-08-18,Krishnaraja Sagara,179.076,36.7626027
2011-08-19,Krishnaraja Sagara,156.054,36.886204150000005
2011-08-20,Krishnaraja Sagara,146.257,37.00980560000001
2011-08-21,Krishnaraja Sagara,128.077,37.13340705
2011-08-22,Krishnaraja Sagara,201.673,37.257008500000005
2011-08-23,Krishnaraja Sagara,277.788,37.38060995
2011-08-24,Krishnaraja Sagara,256.89,37.5042114
2011-08-25,Krishnaraja Sagara,282.461,37.62781285
2011-08-26,Krishnaraja Sagara,321.481,37.7514143
2011-08-27,Krishnaraja Sagara,299.026,37.87501575
2011-08-28,Krishnaraja Sagara,298.771,37.998617200000005
2011-08-29,Krishnaraja Sagara,316.554,38.12221865
2011-08-30,Krishnaraja Sagara,280.139,38.24582010000001
2011-08-31,Krishnaraja Sagara,378.596,38.369421550000006
2011-09-01,Krishnaraja Sagara,513.441,38.49302300000001
2011-09-02,Krishnaraja Sagara,663.634,31.783230000000003
2011-09-03,Krishnaraja Sagara,939.638,25.073437
2011-09-04,Krishnaraja Sagara,1096.23,16.597909
2011-09-05,Krishnaraja Sagara,1302.886,14.479027
2011-09-06,Krishnaraja Sagara,1114.494,9.534969000000002
2011-09-07,Krishnaraja Sagara,878.332,15.538468000000002
2011-09-08,Krishnaraja Sagara,641.915,37.786729
2011-09-09,Krishnaraja Sagara,506.73,39.55246400000001
2011-09-10,Krishnaraja Sagara,427.046,36.020994
2011-09-11,Krishnaraja Sagara,399.324,40.965052
2011-09-12,Krishnaraja Sagara,426.423,35.667847
2011-09-13,Krishnaraja Sagara,453.749,35.81654047368422
2011-09-14,Krishnaraja Sagara,392.556,35.96523394736842
2011-09-15,Krishnaraja Sagara,365.401,36.11392742105263
2011-09-16,Krishnaraja Sagara,365.032,36.26262089473685
2011-09-17,Krishnaraja Sagara,436.702,36.41131436842106
2011-09-18,Krishnaraja Sagara,279.034,36.560007842105264
2011-09-19,Krishnaraja Sagara,225.317,36.70870131578948
2011-09-20,Krishnaraja Sagara,225.827,36.85739478947369
2011-09-21,Krishnaraja Sagara,221.296,37.00608826315789
2011-09-22,Krishnaraja Sagara,175.564,37.15478173684211
2011-09-23,Krishnaraja Sagara,157.866,37.30347521052632
2011-09-24,Krishnaraja Sagara,144.671,37.45216868421053
2011-09-25,Krishnaraja Sagara,135.694,37.60086215789474
2011-09-26,Krishnaraja Sagara,126.35,37.74955563157895
2011-09-27,Krishnaraja Sagara,102.79,37.89824910526316
2011-09-28,Krishnaraja Sagara,85.687,38.04694257894737
2011-09-29,Krishnaraja Sagara,63.854,38.19563605263159
2011-09-30,Krishnaraja Sagara,76.625,38.3443295263158
2011-10-01,Krishnaraja Sagara,75.549,38.49302300000001
2011-10-02,Krishnaraja Sagara,164.549,31.783230000000003
2011-10-03,Krishnaraja Sagara,203.995,25.073437
2011-10-04,Krishnaraja Sagara,172.988,16.597909
2011-10-05,Krishnaraja Sagara,133.74,14.125880000000002
2011-10-06,Krishnaraja Sagara,103.668,9.534969000000002
2011-10-07,Krishnaraja Sagara,101.289,15.538468000000002
2011-10-08,Krishnaraja Sagara,98.316,38.13987600000001
2011-10-09,Krishnaraja Sagara,102.535,39.55246400000001
2011-10-10,Krishnaraja Sagara,187.203,36.020994
2011-10-11,Krishnaraja Sagara,216.596,40.965052
2011-10-12,Krishnaraja Sagara,363.9,35.667847
2011-10-13,Krishnaraja Sagara,459.413,35.809105800000005
2011-10-14,Krishnaraja Sagara,348.326,35.9503646
2011-10-15,Krishnaraja Sagara,292.032,36.0916234
2011-10-16,Krishnaraja Sagara,310.636,36.232882200000006
2011-10-17,Krishnaraja Sagara,288.775,36.374141
2011-10-18,Krishnaraja Sagara,233.642,36.5153998
2011-10-19,Krishnaraja Sagara,180.265,36.6566586
2011-10-20,Krishnaraja Sagara,157.413,36.7979174
2011-10-21,Krishnaraja Sagara,192.271,36.939176200000006
2011-10-22,Krishnaraja Sagara,227.356,37.080435
2011-10-23,Krishnaraja Sagara,179.161,37.2216938
2011-10-24,Krishnaraja Sagara,209.828,37.36295260000001
2011-10-25,Krishnaraja Sagara,344.163,37.5042114
2011-10-26,Krishnaraja Sagara,372.31,37.645470200000005
2011-10-27,Krishnaraja Sagara,301.121,37.786729
2011-10-28,Krishnaraja Sagara,238.626,37.9279878
2011-10-29,Krishnaraja Sagara,184.881,38.06924660000001
2011-10-30,Krishnaraja Sagara,168.4,38.2105054
2011-10-31,Krishnaraja Sagara,177.377,38.351764200000005
2011-11-01,Krishnaraja Sagara,181.851,38.49302300000001
2011-11-02,Krishnaraja Sagara,180.492,31.430083000000003
2011-11-03,Krishnaraja Sagara,305.709,25.073437
2011-11-04,Krishnaraja Sagara,576.503,16.244762
2011-11-05,Krishnaraja Sagara,508.117,13.772733
2011-11-06,Krishnaraja Sagara,330.203,10.241263
2011-11-07,Krishnaraja Sagara,247.121,15.538468000000002
2011-11-08,Krishnaraja Sagara,188.392,38.84617000000001
2011-11-09,Krishnaraja Sagara,256.607,39.55246400000001
2011-11-10,Krishnaraja Sagara,242.109,36.020994
2011-11-11,Krishnaraja Sagara,139.036,40.965052
2011-11-12,Krishnaraja Sagara,129.889,35.667847
2011-11-13,Krishnaraja Sagara,129.861,35.81654047368422
2011-11-14,Krishnaraja Sagara,129.861,35.96523394736842
2011-11-15,Krishnaraja Sagara,130.116,36.11392742105263
2011-11-16,Krishnaraja Sagara,126.746,36.26262089473685
2011-11-17,Krishnaraja Sagara,117.798,36.41131436842106
2011-11-18,Krishnaraja Sagara,117.402,36.560007842105264
2011-11-19,Krishnaraja Sagara,111.738,36.70870131578948
2011-11-20,Krishnaraja Sagara,111.738,36.85739478947369
2011-11-21,Krishnaraja Sagara,94.692,37.00608826315789
2011-11-22,Krishnaraja Sagara,107.689,37.15478173684211
2011-11-23,Krishnaraja Sagara,124.141,37.30347521052632
2011-11-24,Krishnaraja Sagara,110.634,37.45216868421053
2011-11-25,Krishnaraja Sagara,110.889,37.60086215789474
2011-11-26,Krishnaraja Sagara,106.953,37.74955563157895
2011-11-27,Krishnaraja Sagara,132.523,37.89824910526316
2011-11-28,Krishnaraja Sagara,162.539,38.04694257894737
2011-11-29,Krishnaraja Sagara,196.859,38.19563605263159
2011-11-30,Krishnaraja Sagara,231.15,38.3443295263158
2011-12-01,Krishnaraja Sagara,187.854,38.49302300000001
2011-12-02,Krishnaraja Sagara,149.683,31.430083000000003
2011-12-03,Krishnaraja Sagara,145.379,25.073437
2011-12-04,Krishnaraja Sagara,145.096,16.244762
2011-12-05,Krishnaraja Sagara,144.246,13.419586
2011-12-06,Krishnaraja Sagara,139.942,10.59441
2011-12-07,Krishnaraja Sagara,135.638,15.538468000000002
2011-12-08,Krishnaraja Sagara,126.775,39.19931700000001
2011-12-09,Krishnaraja Sagara,135.524,39.55246400000001
2011-12-10,Krishnaraja Sagara,131.305,36.374141
2011-12-11,Krishnaraja Sagara,136.827,40.611905
2011-12-12,Krishnaraja Sagara,136.827,35.3147
2011-12-13,Krishnaraja Sagara,127.596,35.1734412
2011-12-14,Krishnaraja Sagara,139.857,35.0321824
2011-12-15,Krishnaraja Sagara,144.048,34.8909236
2011-12-16,Krishnaraja Sagara,139.857,34.7496648
2011-12-17,Krishnaraja Sagara,135.411,34.608406
2011-12-18,Krishnaraja Sagara,127.369,34.4671472
2011-12-19,Krishnaraja Sagara,127.341,34.325888400000004
2011-12-20,Krishnaraja Sagara,126.916,34.1846296
2011-12-21,Krishnaraja Sagara,114.343,34.0433708
2011-12-22,Krishnaraja Sagara,113.579,33.902112
2011-12-23,Krishnaraja Sagara,113.579,33.7608532
2011-12-24,Krishnaraja Sagara,140.735,33.6195944
2011-12-25,Krishnaraja Sagara,120.262,33.4783356
2011-12-26,Krishnaraja Sagara,116.411,33.3370768
2011-12-27,Krishnaraja Sagara,114.712,33.195818
2011-12-28,Krishnaraja Sagara,118.704,33.05455920000001
2011-12-29,Krishnaraja Sagara,118.081,32.913300400000004
2011-12-30,Krishnaraja Sagara,109.813,32.7720416
2011-12-31,Krishnaraja Sagara,82.6,32.630782800000006
2012-01-01,Krishnaraja Sagara,139.432,32.489524
2012-01-02,Krishnaraja Sagara,107.717,28.251760000000004
2012-01-03,Krishnaraja Sagara,144.104,20.482526
2012-01-04,Krishnaraja Sagara,84.299,12.713292
2012-01-05,Krishnaraja Sagara,80.307,6.709793
2012-01-06,Krishnaraja Sagara,72.293,0.0
2012-01-07,Krishnaraja Sagara,80.335,0.7062940000000001
2012-01-08,Krishnaraja Sagara,80.335,1.4125880000000002
2012-01-09,Krishnaraja Sagara,68.782,17.304203
2012-01-10,Krishnaraja Sagara,73.879,22.601408000000003
2012-01-11,Krishnaraja Sagara,69.773,20.129379
2012-01-12,Krishnaraja Sagara,61.249,14.125880000000002
2012-01-13,Krishnaraja Sagara,54.17,15.06171955
2012-01-14,Krishnaraja Sagara,81.298,15.997559100000002
2012-01-15,Krishnaraja Sagara,73.624,16.93339865
2012-01-16,Krishnaraja Sagara,60.938,17.8692382
2012-01-17,Krishnaraja Sagara,56.294,18.80507775
2012-01-18,Krishnaraja Sagara,57.115,19.740917300000003
2012-01-19,Krishnaraja Sagara,85.262,20.67675685
2012-01-20,Krishnaraja Sagara,92.879,21.6125964
2012-01-21,Krishnaraja Sagara,47.034,22.548435950000005
2012-01-22,Krishnaraja Sagara,38.794,23.484275500000003
2012-01-23,Krishnaraja Sagara,44.174,24.420115050000003
2012-01-24,Krishnaraja Sagara,46.156,25.3559546
2012-01-25,Krishnaraja Sagara,46.27,26.29179415
2012-01-26,Krishnaraja Sagara,46.1,27.2276337
2012-01-27,Krishnaraja Sagara,43.268,28.163473250000006
2012-01-28,Krishnaraja Sagara,47.402,29.099312800000003
2012-01-29,Krishnaraja Sagara,46.949,30.035152350000004
2012-01-30,Krishnaraja Sagara,50.517,30.9709919
2012-01-31,Krishnaraja Sagara,50.97,31.90683145
2012-02-01,Krishnaraja Sagara,48.082,32.842671
2012-02-02,Krishnaraja Sagara,43.778,28.251760000000004
2012-02-03,Krishnaraja Sagara,39.785,20.129379
2012-02-04,Krishnaraja Sagara,50.602,12.360145
2012-02-05,Krishnaraja Sagara,63.713,6.709793
2012-02-06,Krishnaraja Sagara,48.563,0.0
2012-02-07,Krishnaraja Sagara,49.3,0.353147
2012-02-08,Krishnaraja Sagara,58.446,1.4125880000000002
2012-02-09,Krishnaraja Sagara,53.292,18.010497
2012-02-10,Krishnaraja Sagara,30.072,22.248261000000003
2012-02-11,Krishnaraja Sagara,36.812,20.129379
2012-02-12,Krishnaraja Sagara,32.819,13.772733
2012-02-13,Krishnaraja Sagara,39.332,14.832174
2012-02-14,Krishnaraja Sagara,39.134,15.891615000000002
2012-02-15,Krishnaraja Sagara,45.958,16.951056
2012-02-16,Krishnaraja Sagara,38.794,18.010497
2012-02-17,Krishnaraja Sagara,21.408,19.069938000000004
2012-02-18,Krishnaraja Sagara,44.089,20.129379000000004
2012-02-19,Krishnaraja Sagara,37.01,21.188820000000003
2012-02-20,Krishnaraja Sagara,24.154,22.248261000000003
2012-02-21,Krishnaraja Sagara,18.179,23.307702000000003
2012-02-22,Krishnaraja Sagara,16.027,24.367143
2012-02-23,Krishnaraja Sagara,18.264,25.426584
2012-02-24,Krishnaraja Sagara,18.179,26.486025
2012-02-25,Krishnaraja Sagara,18.406,27.545466
2012-02-26,Krishnaraja Sagara,20.36,28.604907000000004
2012-02-27,Krishnaraja Sagara,13.875,29.664348000000004
2012-02-28,Krishnaraja Sagara,27.949,30.723789000000007
2012-02-29,Krishnaraja Sagara,25.513,31.783230000000003
2012-03-01,Krishnaraja Sagara,25.315,32.842671
2012-03-02,Krishnaraja Sagara,24.579,27.898613000000005
2012-03-03,Krishnaraja Sagara,24.806,19.776232000000004
2012-03-04,Krishnaraja Sagara,25.259,11.653851
2012-03-05,Krishnaraja Sagara,15.065,7.062940000000001
2012-03-06,Krishnaraja Sagara,14.866,0.0
2012-03-07,Krishnaraja Sagara,23.107,0.0
2012-03-08,Krishnaraja Sagara,20.388,1.7657350000000005
2012-03-09,Krishnaraja Sagara,18.576,18.716791
2012-03-10,Krishnaraja Sagara,35.651,22.248261000000003
2012-03-11,Krishnaraja Sagara,33.697,20.482526
2012-03-12,Krishnaraja Sagara,33.612,13.419586
2012-03-13,Krishnaraja Sagara,38.171,14.4083976
2012-03-14,Krishnaraja Sagara,20.275,15.3972092
2012-03-15,Krishnaraja Sagara,20.275,16.386020799999997
2012-03-16,Krishnaraja Sagara,17.443,17.3748324
2012-03-17,Krishnaraja Sagara,23.333,18.363644
2012-03-18,Krishnaraja Sagara,17.84,19.352455600000003
2012-03-19,Krishnaraja Sagara,20.558,20.3412672
2012-03-20,Krishnaraja Sagara,23.305,21.3300788
2012-03-21,Krishnaraja Sagara,20.558,22.3188904
2012-03-22,Krishnaraja Sagara,22.399,23.307702
2012-03-23,Krishnaraja Sagara,10.845,24.2965136
2012-03-24,Krishnaraja Sagara,12.006,25.2853252
2012-03-25,Krishnaraja Sagara,7.929,26.2741368
2012-03-26,Krishnaraja Sagara,9.798,27.262948400000003
2012-03-27,Krishnaraja Sagara,8.325,28.25176
2012-03-28,Krishnaraja Sagara,7.957,29.2405716
2012-03-29,Krishnaraja Sagara,13.989,30.2293832
2012-03-30,Krishnaraja Sagara,18.717,31.2181948
2012-03-31,Krishnaraja Sagara,11.978,32.207006400000004
2012-04-01,Krishnaraja Sagara,7.447,33.195818
2012-04-02,Krishnaraja Sagara,9.628,27.545466
2012-04-03,Krishnaraja Sagara,15.348,19.423085000000004
2012-04-04,Krishnaraja Sagara,15.744,11.300704
2012-04-05,Krishnaraja Sagara,13.677,7.062940000000001
2012-04-06,Krishnaraja Sagara,14.187,0.0
2012-04-07,Krishnaraja Sagara,8.325,0.0
2012-04-08,Krishnaraja Sagara,10.222,2.118882
2012-04-09,Krishnaraja Sagara,13.309,19.423085000000004
2012-04-10,Krishnaraja Sagara,18.066,22.248261000000003
2012-04-11,Krishnaraja Sagara,21.776,20.835673
2012-04-12,Krishnaraja Sagara,20.02,13.066439
2012-04-13,Krishnaraja Sagara,19.992,14.125880000000002
2012-04-14,Krishnaraja Sagara,24.069,15.185321
2012-04-15,Krishnaraja Sagara,22.512,16.244761999999998
2012-04-16,Krishnaraja Sagara,25.91,17.304203
2012-04-17,Krishnaraja Sagara,26.703,18.363644
2012-04-18,Krishnaraja Sagara,27.637,19.423085000000004
2012-04-19,Krishnaraja Sagara,27.382,20.482526
2012-04-20,Krishnaraja Sagara,27.241,21.541967
2012-04-21,Krishnaraja Sagara,30.752,22.601408
2012-04-22,Krishnaraja Sagara,27.099,23.660849
2012-04-23,Krishnaraja Sagara,25.23,24.72029
2012-04-24,Krishnaraja Sagara,25.202,25.779731
2012-04-25,Krishnaraja Sagara,27.071,26.839172
2012-04-26,Krishnaraja Sagara,48.988,27.898613000000005
2012-04-27,Krishnaraja Sagara,64.223,28.958054
2012-04-28,Krishnaraja Sagara,62.099,30.017495
2012-04-29,Krishnaraja Sagara,60.683,31.076936000000003
2012-04-30,Krishnaraja Sagara,51.367,32.136377
2012-05-01,Krishnaraja Sagara,46.128,33.195818
2012-05-02,Krishnaraja Sagara,38.652,27.192319
2012-05-03,Krishnaraja Sagara,42.39,19.069938000000004
2012-05-04,Krishnaraja Sagara,39.474,10.947557
2012-05-05,Krishnaraja Sagara,36.925,7.062940000000001
2012-05-06,Krishnaraja Sagara,35.141,0.0
2012-05-07,Krishnaraja Sagara,25.995,0.7062940000000001
2012-05-08,Krishnaraja Sagara,20.048,2.118882
2012-05-09,Krishnaraja Sagara,15.829,20.482526
2012-05-10,Krishnaraja Sagara,10.222,22.248261000000003
2012-05-11,Krishnaraja Sagara,12.318,20.835673
2012-05-12,Krishnaraja Sagara,22.937,13.066439
2012-05-13,Krishnaraja Sagara,25.542,14.072907949999998
2012-05-14,Krishnaraja Sagara,35.0,15.0793769
2012-05-15,Krishnaraja Sagara,36.302,16.085845850000002
2012-05-16,Krishnaraja Sagara,38.766,17.0923148
2012-05-17,Krishnaraja Sagara,24.381,18.09878375
2012-05-18,Krishnaraja Sagara,10.506,19.1052527
2012-05-19,Krishnaraja Sagara,18.066,20.11172165
2012-05-20,Krishnaraja Sagara,15.036,21.1181906
2012-05-21,Krishnaraja Sagara,8.495,22.12465955
2012-05-22,Krishnaraja Sagara,8.665,23.131128500000003
2012-05-23,Krishnaraja Sagara,9.316,24.13759745
2012-05-24,Krishnaraja Sagara,8.467,25.1440664
2012-05-25,Krishnaraja Sagara,6.116,26.15053535
2012-05-26,Krishnaraja Sagara,10.307,27.1570043
2012-05-27,Krishnaraja Sagara,10.392,28.16347325
2012-05-28,Krishnaraja Sagara,10.591,29.1699422
2012-05-29,Krishnaraja Sagara,8.693,30.17641115
2012-05-30,Krishnaraja Sagara,9.543,31.1828801
2012-05-31,Krishnaraja Sagara,9.996,32.189349050000004
2012-06-01,Krishnaraja Sagara,11.383,33.195818
2012-06-02,Krishnaraja Sagara,11.298,27.192319
2012-06-03,Krishnaraja Sagara,7.674,18.716791
2012-06-04,Krishnaraja Sagara,8.807,10.59441
2012-06-05,Krishnaraja Sagara,6.57,7.062940000000001
2012-06-06,Krishnaraja Sagara,7.674,0.0
2012-06-07,Krishnaraja Sagara,8.807,1.4125880000000002
2012-06-08,Krishnaraja Sagara,9.939,2.118882
2012-06-09,Krishnaraja Sagara,8.382,21.541967
2012-06-10,Krishnaraja Sagara,7.674,20.129379
2012-06-11,Krishnaraja Sagara,8.807,21.18882
2012-06-12,Krishnaraja Sagara,8.807,12.713292
2012-06-13,Krishnaraja Sagara,9.939,13.791319684210524
2012-06-14,Krishnaraja Sagara,8.807,14.869347368421051
2012-06-15,Krishnaraja Sagara,8.807,15.947375052631578
2012-06-16,Krishnaraja Sagara,7.504,17.025402736842103
2012-06-17,Krishnaraja Sagara,8.693,18.10343042105263
2012-06-18,Krishnaraja Sagara,12.091,19.18145810526316
2012-06-19,Krishnaraja Sagara,13.224,20.25948578947369
2012-06-20,Krishnaraja Sagara,14.357,21.33751347368421
2012-06-21,Krishnaraja Sagara,17.783,22.415541157894733
2012-06-22,Krishnaraja Sagara,24.579,23.49356884210526
2012-06-23,Krishnaraja Sagara,35.877,24.57159652631579
2012-06-24,Krishnaraja Sagara,36.953,25.64962421052632
2012-06-25,Krishnaraja Sagara,43.098,26.727651894736844
2012-06-26,Krishnaraja Sagara,48.932,27.80567957894737
2012-06-27,Krishnaraja Sagara,49.781,28.88370726315789
2012-06-28,Krishnaraja Sagara,50.404,29.961734947368424
2012-06-29,Krishnaraja Sagara,62.524,31.03976263157895
2012-06-30,Krishnaraja Sagara,64.421,32.11779031578947
2012-07-01,Krishnaraja Sagara,37.067,33.195818
2012-07-02,Krishnaraja Sagara,21.351,26.839172
2012-07-03,Krishnaraja Sagara,30.837,18.363644
2012-07-04,Krishnaraja Sagara,77.107,10.241263
2012-07-05,Krishnaraja Sagara,311.004,6.709793
2012-07-06,Krishnaraja Sagara,331.534,0.0
2012-07-07,Krishnaraja Sagara,261.364,1.7657350000000005
2012-07-08,Krishnaraja Sagara,118.619,2.8251760000000004
2012-07-09,Krishnaraja Sagara,77.305,22.248261000000003
2012-07-10,Krishnaraja Sagara,49.668,19.423085000000004
2012-07-11,Krishnaraja Sagara,50.404,21.18882
2012-07-12,Krishnaraja Sagara,43.098,12.360145
2012-07-13,Krishnaraja Sagara,48.648,13.419586
2012-07-14,Krishnaraja Sagara,55.303,14.479027
2012-07-15,Krishnaraja Sagara,56.096,15.538467999999996
2012-07-16,Krishnaraja Sagara,56.096,16.597909
2012-07-17,Krishnaraja Sagara,56.067,17.65735
2012-07-18,Krishnaraja Sagara,58.644,18.716791
2012-07-19,Krishnaraja Sagara,63.798,19.776232
2012-07-20,Krishnaraja Sagara,63.741,20.835673
2012-07-21,Krishnaraja Sagara,61.533,21.895114
2012-07-22,Krishnaraja Sagara,55.274,22.954555
2012-07-23,Krishnaraja Sagara,60.287,24.013996
2012-07-24,Krishnaraja Sagara,66.516,25.073437
2012-07-25,Krishnaraja Sagara,72.746,26.132878
2012-07-26,Krishnaraja Sagara,87.188,27.192319
2012-07-27,Krishnaraja Sagara,86.451,28.25176
2012-07-28,Krishnaraja Sagara,87.697,29.311201
2012-07-29,Krishnaraja Sagara,116.439,30.370642
2012-07-30,Krishnaraja Sagara,154.044,31.430083
2012-07-31,Krishnaraja Sagara,116.524,32.489524
2012-08-01,Krishnaraja Sagara,112.899,33.548965
2012-08-02,Krishnaraja Sagara,88.122,26.486025
2012-08-03,Krishnaraja Sagara,91.039,18.010497
2012-08-04,Krishnaraja Sagara,70.679,9.888116000000002
2012-08-05,Krishnaraja Sagara,51.197,6.3566460000000005
2012-08-06,Krishnaraja Sagara,52.641,0.0
2012-08-07,Krishnaraja Sagara,236.672,1.7657350000000005
2012-08-08,Krishnaraja Sagara,877.737,5.650352000000001
2012-08-09,Krishnaraja Sagara,823.482,22.248261000000003
2012-08-10,Krishnaraja Sagara,607.0,18.716791
2012-08-11,Krishnaraja Sagara,594.512,21.18882
2012-08-12,Krishnaraja Sagara,446.358,10.947557
2012-08-13,Krishnaraja Sagara,392.811,12.077627399999995
2012-08-14,Krishnaraja Sagara,431.889,13.2076978
2012-08-15,Krishnaraja Sagara,297.44,14.337768199999998
2012-08-16,Krishnaraja Sagara,188.647,15.467838599999997
2012-08-17,Krishnaraja Sagara,156.054,16.597909
2012-08-18,Krishnaraja Sagara,110.577,17.727979400000002
2012-08-19,Krishnaraja Sagara,90.217,18.858049800000003
2012-08-20,Krishnaraja Sagara,100.525,19.9881202
2012-08-21,Krishnaraja Sagara,94.89,21.1181906
2012-08-22,Krishnaraja Sagara,80.986,22.248261
2012-08-23,Krishnaraja Sagara,48.025,23.3783314
2012-08-24,Krishnaraja Sagara,75.408,24.5084018
2012-08-25,Krishnaraja Sagara,86.027,25.6384722
2012-08-26,Krishnaraja Sagara,85.602,26.768542600000004
2012-08-27,Krishnaraja Sagara,103.951,27.898613
2012-08-28,Krishnaraja Sagara,186.636,29.028683399999995
2012-08-29,Krishnaraja Sagara,192.186,30.1587538
2012-08-30,Krishnaraja Sagara,189.723,31.2888242
2012-08-31,Krishnaraja Sagara,344.814,32.4188946
2012-09-01,Krishnaraja Sagara,419.854,33.548965
2012-09-02,Krishnaraja Sagara,395.105,26.132878
2012-09-03,Krishnaraja Sagara,398.871,17.65735
2012-09-04,Krishnaraja Sagara,402.326,9.534969000000002
2012-09-05,Krishnaraja Sagara,474.024,6.003499000000001
2012-09-06,Krishnaraja Sagara,466.803,0.0
2012-09-07,Krishnaraja Sagara,365.287,1.7657350000000005
2012-09-08,Krishnaraja Sagara,301.235,7.769234000000001
2012-09-09,Krishnaraja Sagara,270.992,22.248261000000003
2012-09-10,Krishnaraja Sagara,255.22,18.716791
2012-09-11,Krishnaraja Sagara,240.778,21.18882
2012-09-12,Krishnaraja Sagara,249.755,9.888116000000002
2012-09-13,Krishnaraja Sagara,223.731,11.133423842105262
2012-09-14,Krishnaraja Sagara,217.445,12.378731684210528
2012-09-15,Krishnaraja Sagara,194.112,13.62403952631579
2012-09-16,Krishnaraja Sagara,184.144,14.869347368421051
2012-09-17,Krishnaraja Sagara,174.092,16.114655210526315
2012-09-18,Krishnaraja Sagara,167.409,17.359963052631578
2012-09-19,Krishnaraja Sagara,167.381,18.605270894736844
2012-09-20,Krishnaraja Sagara,156.422,19.850578736842103
2012-09-21,Krishnaraja Sagara,165.285,21.09588657894737
2012-09-22,Krishnaraja Sagara,131.957,22.341194421052634
2012-09-23,Krishnaraja Sagara,128.558,23.586502263157897
2012-09-24,Krishnaraja Sagara,105.112,24.83181010526316
2012-09-25,Krishnaraja Sagara,95.031,26.07711794736842
2012-09-26,Krishnaraja Sagara,99.166,27.322425789473684
2012-09-27,Krishnaraja Sagara,95.654,28.56773363157895
2012-09-28,Krishnaraja Sagara,121.621,29.81304147368421
2012-09-29,Krishnaraja Sagara,160.698,31.058349315789474
2012-09-30,Krishnaraja Sagara,148.607,32.30365715789474
2012-10-01,Krishnaraja Sagara,158.206,33.548965
2012-10-02,Krishnaraja Sagara,176.499,26.132878
2012-10-03,Krishnaraja Sagara,161.038,17.304203
2012-10-04,Krishnaraja Sagara,147.021,9.181822
2012-10-05,Krishnaraja Sagara,138.554,5.650352000000001
2012-10-06,Krishnaraja Sagara,359.709,0.0
2012-10-07,Krishnaraja Sagara,163.728,1.7657350000000005
2012-10-08,Krishnaraja Sagara,178.594,9.534969000000002
2012-10-09,Krishnaraja Sagara,156.366,22.248261000000003
2012-10-10,Krishnaraja Sagara,127.228,18.716791
2012-10-11,Krishnaraja Sagara,95.796,20.482526
2012-10-12,Krishnaraja Sagara,98.316,9.181822
2012-10-13,Krishnaraja Sagara,87.046,10.40017915
2012-10-14,Krishnaraja Sagara,133.061,11.6185363
2012-10-15,Krishnaraja Sagara,249.528,12.83689345
2012-10-16,Krishnaraja Sagara,205.184,14.0552506
2012-10-17,Krishnaraja Sagara,215.123,15.27360775
2012-10-18,Krishnaraja Sagara,177.575,16.4919649
2012-10-19,Krishnaraja Sagara,117.6,17.710322050000002
2012-10-20,Krishnaraja Sagara,102.309,18.9286792
2012-10-21,Krishnaraja Sagara,117.911,20.14703635
2012-10-22,Krishnaraja Sagara,107.491,21.3653935
2012-10-23,Krishnaraja Sagara,98.203,22.58375065
2012-10-24,Krishnaraja Sagara,82.402,23.8021078
2012-10-25,Krishnaraja Sagara,86.366,25.02046495
2012-10-26,Krishnaraja Sagara,74.134,26.2388221
2012-10-27,Krishnaraja Sagara,66.714,27.45717925
2012-10-28,Krishnaraja Sagara,40.267,28.6755364
2012-10-29,Krishnaraja Sagara,53.689,29.89389355
2012-10-30,Krishnaraja Sagara,43.013,31.1122507
2012-10-31,Krishnaraja Sagara,40.946,32.33060785
2012-11-01,Krishnaraja Sagara,102.507,33.548965
2012-11-02,Krishnaraja Sagara,154.667,26.132878
2012-11-03,Krishnaraja Sagara,181.03,17.304203
2012-11-04,Krishnaraja Sagara,161.293,8.828675
2012-11-05,Krishnaraja Sagara,139.659,5.297205
2012-11-06,Krishnaraja Sagara,135.581,0.0
2012-11-07,Krishnaraja Sagara,153.817,1.4125880000000002
2012-11-08,Krishnaraja Sagara,116.552,11.653851
2012-11-09,Krishnaraja Sagara,86.366,23.660849
2012-11-10,Krishnaraja Sagara,68.923,18.716791
2012-11-11,Krishnaraja Sagara,69.206,20.482526
2012-11-12,Krishnaraja Sagara,67.536,8.828675
2012-11-13,Krishnaraja Sagara,64.393,10.129742894736845
2012-11-14,Krishnaraja Sagara,70.226,11.430810789473686
2012-11-15,Krishnaraja Sagara,65.185,12.731878684210528
2012-11-16,Krishnaraja Sagara,39.304,14.032946578947367
2012-11-17,Krishnaraja Sagara,36.161,15.334014473684212
2012-11-18,Krishnaraja Sagara,38.398,16.63508236842105
2012-11-19,Krishnaraja Sagara,32.791,17.93615026315789
2012-11-20,Krishnaraja Sagara,31.007,19.237218157894738
2012-11-21,Krishnaraja Sagara,29.733,20.538286052631577
2012-11-22,Krishnaraja Sagara,24.296,21.839353947368423
2012-11-23,Krishnaraja Sagara,32.366,23.140421842105265
2012-11-24,Krishnaraja Sagara,32.338,24.441489736842104
2012-11-25,Krishnaraja Sagara,37.208,25.742557631578947
2012-11-26,Krishnaraja Sagara,51.084,27.04362552631579
2012-11-27,Krishnaraja Sagara,69.603,28.344693421052632
2012-11-28,Krishnaraja Sagara,71.5,29.645761315789475
2012-11-29,Krishnaraja Sagara,63.656,30.94682921052632
2012-11-30,Krishnaraja Sagara,53.207,32.24789710526316
2012-12-01,Krishnaraja Sagara,57.766,33.548965
2012-12-02,Krishnaraja Sagara,50.262,26.132878
2012-12-03,Krishnaraja Sagara,38.766,16.951056
2012-12-04,Krishnaraja Sagara,42.758,8.475528
2012-12-05,Krishnaraja Sagara,69.886,4.944058000000001
2012-12-06,Krishnaraja Sagara,78.721,0.0
2012-12-07,Krishnaraja Sagara,98.939,1.4125880000000002
2012-12-08,Krishnaraja Sagara,61.278,13.066439
2012-12-09,Krishnaraja Sagara,77.645,23.660849
2012-12-10,Krishnaraja Sagara,57.398,18.716791
2012-12-11,Krishnaraja Sagara,60.853,20.129379
2012-12-12,Krishnaraja Sagara,55.105,8.475528
2012-12-13,Krishnaraja Sagara,50.206,8.245982449999998
2012-12-14,Krishnaraja Sagara,51.508,8.016436899999997
2012-12-15,Krishnaraja Sagara,51.055,7.78689135
2012-12-16,Krishnaraja Sagara,54.057,7.5573458
2012-12-17,Krishnaraja Sagara,53.66,7.32780025
2012-12-18,Krishnaraja Sagara,56.351,7.0982546999999965
2012-12-19,Krishnaraja Sagara,60.117,6.868709150000001
2012-12-20,Krishnaraja Sagara,61.419,6.639163600000001
2012-12-21,Krishnaraja Sagara,60.003,6.40961805
2012-12-22,Krishnaraja Sagara,64.449,6.1800725
2012-12-23,Krishnaraja Sagara,67.394,5.950526949999997
2012-12-24,Krishnaraja Sagara,66.29,5.720981399999997
2012-12-25,Krishnaraja Sagara,66.233,5.49143585
2012-12-26,Krishnaraja Sagara,64.336,5.2618903
2012-12-27,Krishnaraja Sagara,68.414,5.03234475
2012-12-28,Krishnaraja Sagara,67.706,4.802799200000001
2012-12-29,Krishnaraja Sagara,66.63,4.573253650000001
2012-12-30,Krishnaraja Sagara,63.288,4.3437081
2012-12-31,Krishnaraja Sagara,53.179,4.114162549999997
2013-01-01,Krishnaraja Sagara,49.356,3.884617
2013-01-02,Krishnaraja Sagara,32.423,3.178323
2013-01-03,Krishnaraja Sagara,23.05,0.7062940000000001
2013-01-04,Krishnaraja Sagara,21.832,0.0
2013-01-05,Krishnaraja Sagara,18.661,0.0
2013-01-06,Krishnaraja Sagara,20.275,0.0
2013-01-07,Krishnaraja Sagara,18.661,8.475528
2013-01-08,Krishnaraja Sagara,20.275,40.965052
2013-01-09,Krishnaraja Sagara,20.275,39.55246400000001
2013-01-10,Krishnaraja Sagara,18.661,39.905611
2013-01-11,Krishnaraja Sagara,17.075,38.13987600000001
2013-01-12,Krishnaraja Sagara,19.227,33.548965
2013-01-13,Krishnaraja Sagara,16.339,32.0657476
2013-01-14,Krishnaraja Sagara,12.714,30.5825302
2013-01-15,Krishnaraja Sagara,11.383,29.0993128
2013-01-16,Krishnaraja Sagara,16.339,27.616095400000003
2013-01-17,Krishnaraja Sagara,10.137,26.132878
2013-01-18,Krishnaraja Sagara,13.167,24.6496606
2013-01-19,Krishnaraja Sagara,11.638,23.1664432
2013-01-20,Krishnaraja Sagara,10.137,21.6832258
2013-01-21,Krishnaraja Sagara,13.167,20.2000084
2013-01-22,Krishnaraja Sagara,11.638,18.716791
2013-01-23,Krishnaraja Sagara,10.137,17.2335736
2013-01-24,Krishnaraja Sagara,10.137,15.750356199999995
2013-01-25,Krishnaraja Sagara,11.638,14.267138799999998
2013-01-26,Krishnaraja Sagara,8.608,12.7839214
2013-01-27,Krishnaraja Sagara,10.137,11.300703999999996
2013-01-28,Krishnaraja Sagara,10.137,9.817486600000002
2013-01-29,Krishnaraja Sagara,8.608,8.3342692
2013-01-30,Krishnaraja Sagara,10.137,6.851051799999997
2013-01-31,Krishnaraja Sagara,10.137,5.3678344
2013-02-01,Krishnaraja Sagara,8.608,3.884617
2013-02-02,Krishnaraja Sagara,9.996,3.178323
2013-02-03,Krishnaraja Sagara,9.996,0.7062940000000001
2013-02-04,Krishnaraja Sagara,8.637,0.0
2013-02-05,Krishnaraja Sagara,10.137,0.0
2013-02-06,Krishnaraja Sagara,8.637,0.0
2013-02-07,Krishnaraja Sagara,10.109,8.475528
2013-02-08,Krishnaraja Sagara,10.109,39.905611
2013-02-09,Krishnaraja Sagara,8.608,39.19931700000001
2013-02-10,Krishnaraja Sagara,8.75,39.905611
2013-02-11,Krishnaraja Sagara,9.571,37.786729
2013-02-12,Krishnaraja Sagara,11.129,33.548965
2013-02-13,Krishnaraja Sagara,9.231,31.804003352941177
2013-02-14,Krishnaraja Sagara,10.251,30.05904170588235
2013-02-15,Krishnaraja Sagara,8.042,28.31408005882353
2013-02-16,Krishnaraja Sagara,97.127,26.569118411764705
2013-02-17,Krishnaraja Sagara,116.127,24.824156764705883
2013-02-18,Krishnaraja Sagara,101.035,23.07919511764706
2013-02-19,Krishnaraja Sagara,25.089,21.334233470588234
2013-02-20,Krishnaraja Sagara,12.629,19.58927182352941
2013-02-21,Krishnaraja Sagara,10.902,17.84431017647059
2013-02-22,Krishnaraja Sagara,12.091,16.099348529411763
2013-02-23,Krishnaraja Sagara,10.817,14.35438688235294
2013-02-24,Krishnaraja Sagara,9.458,12.609425235294117
2013-02-25,Krishnaraja Sagara,9.345,10.864463588235294
2013-02-26,Krishnaraja Sagara,8.07,9.11950194117647
2013-02-27,Krishnaraja Sagara,9.345,7.374540294117648
2013-02-28,Krishnaraja Sagara,8.07,5.629578647058822
2013-03-01,Krishnaraja Sagara,8.07,3.884617
2013-03-02,Krishnaraja Sagara,9.345,3.178323
2013-03-03,Krishnaraja Sagara,9.458,0.7062940000000001
2013-03-04,Krishnaraja Sagara,9.43,0.0
2013-03-05,Krishnaraja Sagara,10.675,0.0
2013-03-06,Krishnaraja Sagara,10.364,0.0
2013-03-07,Krishnaraja Sagara,9.968,8.828675
2013-03-08,Krishnaraja Sagara,11.1,40.258758
2013-03-09,Krishnaraja Sagara,11.185,39.19931700000001
2013-03-10,Krishnaraja Sagara,10.562,39.55246400000001
2013-03-11,Krishnaraja Sagara,10.534,37.433582
2013-03-12,Krishnaraja Sagara,9.288,33.195818
2013-03-13,Krishnaraja Sagara,10.477,31.73025795
2013-03-14,Krishnaraja Sagara,11.667,30.2646979
2013-03-15,Krishnaraja Sagara,10.449,28.79913785
2013-03-16,Krishnaraja Sagara,10.421,27.333577800000004
2013-03-17,Krishnaraja Sagara,10.506,25.86801775
2013-03-18,Krishnaraja Sagara,10.477,24.4024577
2013-03-19,Krishnaraja Sagara,10.449,22.93689765
2013-03-20,Krishnaraja Sagara,11.525,21.4713376
2013-03-21,Krishnaraja Sagara,12.601,20.00577755
2013-03-22,Krishnaraja Sagara,13.026,18.5402175
2013-03-23,Krishnaraja Sagara,12.912,17.07465745
2013-03-24,Krishnaraja Sagara,12.771,15.609097399999998
2013-03-25,Krishnaraja Sagara,10.024,14.143537349999995
2013-03-26,Krishnaraja Sagara,9.968,12.6779773
2013-03-27,Krishnaraja Sagara,11.1,11.21241725
2013-03-28,Krishnaraja Sagara,10.251,9.7468572
2013-03-29,Krishnaraja Sagara,11.327,8.281297149999997
2013-03-30,Krishnaraja Sagara,10.166,6.815737099999996
2013-03-31,Krishnaraja Sagara,9.005,5.350177049999997
2013-04-01,Krishnaraja Sagara,10.024,3.884617
2013-04-02,Krishnaraja Sagara,10.93,3.178323
2013-04-03,Krishnaraja Sagara,9.628,0.7062940000000001
2013-04-04,Krishnaraja Sagara,9.911,0.0
2013-04-05,Krishnaraja Sagara,9.769,0.0
2013-04-06,Krishnaraja Sagara,9.401,0.0
2013-04-07,Krishnaraja Sagara,10.222,9.534969000000002
2013-04-08,Krishnaraja Sagara,10.194,39.905611
2013-04-09,Krishnaraja Sagara,9.061,38.84617000000001
2013-04-10,Krishnaraja Sagara,9.033,39.55246400000001
2013-04-11,Krishnaraja Sagara,9.061,37.433582
2013-04-12,Krishnaraja Sagara,9.288,33.195818
2013-04-13,Krishnaraja Sagara,9.231,31.65312321052632
2013-04-14,Krishnaraja Sagara,8.127,30.11042842105263
2013-04-15,Krishnaraja Sagara,9.118,28.56773363157895
2013-04-16,Krishnaraja Sagara,8.92,27.025038842105264
2013-04-17,Krishnaraja Sagara,9.458,25.482344052631586
2013-04-18,Krishnaraja Sagara,9.033,23.9396492631579
2013-04-19,Krishnaraja Sagara,8.778,22.39695447368421
2013-04-20,Krishnaraja Sagara,9.146,20.85425968421053
2013-04-21,Krishnaraja Sagara,9.033,19.311564894736843
2013-04-22,Krishnaraja Sagara,8.92,17.76887010526316
2013-04-23,Krishnaraja Sagara,8.835,16.226175315789476
2013-04-24,Krishnaraja Sagara,8.58,14.683480526315792
2013-04-25,Krishnaraja Sagara,9.288,13.140785736842105
2013-04-26,Krishnaraja Sagara,10.789,11.59809094736842
2013-04-27,Krishnaraja Sagara,10.789,10.055396157894736
2013-04-28,Krishnaraja Sagara,10.817,8.512701368421055
2013-04-29,Krishnaraja Sagara,13.451,6.97000657894737
2013-04-30,Krishnaraja Sagara,10.052,5.427311789473685
2013-05-01,Krishnaraja Sagara,9.288,3.884617
2013-05-02,Krishnaraja Sagara,9.458,3.178323
2013-05-03,Krishnaraja Sagara,9.514,0.7062940000000001
2013-05-04,Krishnaraja Sagara,9.43,0.0
2013-05-05,Krishnaraja Sagara,9.798,0.0
2013-05-06,Krishnaraja Sagara,9.458,0.0
2013-05-07,Krishnaraja Sagara,10.591,12.006998
2013-05-08,Krishnaraja Sagara,6.116,38.84617000000001
2013-05-09,Krishnaraja Sagara,6.57,38.84617000000001
2013-05-10,Krishnaraja Sagara,7.617,39.55246400000001
2013-05-11,Krishnaraja Sagara,7.108,37.080435
2013-05-12,Krishnaraja Sagara,6.796,33.195818
2013-05-13,Krishnaraja Sagara,6.683,31.73025795
2013-05-14,Krishnaraja Sagara,45.25,30.2646979
2013-05-15,Krishnaraja Sagara,48.818,28.79913785
2013-05-16,Krishnaraja Sagara,31.658,27.333577800000004
2013-05-17,Krishnaraja Sagara,24.324,25.86801775
2013-05-18,Krishnaraja Sagara,9.146,24.4024577
2013-05-19,Krishnaraja Sagara,8.127,22.93689765
2013-05-20,Krishnaraja Sagara,68.187,21.4713376
2013-05-21,Krishnaraja Sagara,123.999,20.00577755
2013-05-22,Krishnaraja Sagara,94.323,18.5402175
2013-05-23,Krishnaraja Sagara,38.879,17.07465745
2013-05-24,Krishnaraja Sagara,15.914,15.609097399999998
2013-05-25,Krishnaraja Sagara,16.764,14.143537349999995
2013-05-26,Krishnaraja Sagara,16.679,12.6779773
2013-05-27,Krishnaraja Sagara,15.716,11.21241725
2013-05-28,Krishnaraja Sagara,7.447,9.7468572
2013-05-29,Krishnaraja Sagara,3.964,8.281297149999997
2013-05-30,Krishnaraja Sagara,4.644,6.815737099999996
2013-05-31,Krishnaraja Sagara,13.394,5.350177049999997
2013-06-01,Krishnaraja Sagara,10.534,3.884617
2013-06-02,Krishnaraja Sagara,10.704,3.178323
2013-06-03,Krishnaraja Sagara,11.327,0.7062940000000001
2013-06-04,Krishnaraja Sagara,11.157,0.0
2013-06-05,Krishnaraja Sagara,11.044,0.0
2013-06-06,Krishnaraja Sagara,10.874,0.0
2013-06-07,Krishnaraja Sagara,8.976,15.538468000000002
2013-06-08,Krishnaraja Sagara,6.881,39.19931700000001
2013-06-09,Krishnaraja Sagara,5.975,38.49302300000001
2013-06-10,Krishnaraja Sagara,6.598,39.19931700000001
2013-06-11,Krishnaraja Sagara,5.607,36.727288
2013-06-12,Krishnaraja Sagara,6.428,32.842671
2013-06-13,Krishnaraja Sagara,13.62,31.318562894736846
2013-06-14,Krishnaraja Sagara,50.461,29.794454789473686
2013-06-15,Krishnaraja Sagara,176.442,28.27034668421053
2013-06-16,Krishnaraja Sagara,113.72,26.74623857894737
2013-06-17,Krishnaraja Sagara,212.858,25.222130473684214
2013-06-18,Krishnaraja Sagara,333.516,23.698022368421054
2013-06-19,Krishnaraja Sagara,327.201,22.173914263157897
2013-06-20,Krishnaraja Sagara,355.49,20.64980615789474
2013-06-21,Krishnaraja Sagara,233.331,19.12569805263158
2013-06-22,Krishnaraja Sagara,210.111,17.601589947368424
2013-06-23,Krishnaraja Sagara,167.098,16.077481842105264
2013-06-24,Krishnaraja Sagara,112.446,14.553373736842104
2013-06-25,Krishnaraja Sagara,106.868,13.02926563157895
2013-06-26,Krishnaraja Sagara,219.059,11.50515752631579
2013-06-27,Krishnaraja Sagara,574.266,9.981049421052631
2013-06-28,Krishnaraja Sagara,675.838,8.45694131578947
2013-06-29,Krishnaraja Sagara,514.942,6.932833210526316
2013-06-30,Krishnaraja Sagara,279.431,5.408725105263154
2013-07-01,Krishnaraja Sagara,164.238,3.884617
2013-07-02,Krishnaraja Sagara,123.773,3.178323
2013-07-03,Krishnaraja Sagara,154.638,0.353147
2013-07-04,Krishnaraja Sagara,389.498,0.0
2013-07-05,Krishnaraja Sagara,922.223,0.0
2013-07-06,Krishnaraja Sagara,1252.992,0.0
2013-07-07,Krishnaraja Sagara,1088.669,18.716791
2013-07-08,Krishnaraja Sagara,814.364,39.55246400000001
2013-07-09,Krishnaraja Sagara,543.938,38.13987600000001
2013-07-10,Krishnaraja Sagara,403.968,38.84617000000001
2013-07-11,Krishnaraja Sagara,319.046,36.727288
2013-07-12,Krishnaraja Sagara,399.494,32.842671
2013-07-13,Krishnaraja Sagara,448.794,31.394768300000003
2013-07-14,Krishnaraja Sagara,571.406,29.94686560000001
2013-07-15,Krishnaraja Sagara,505.427,28.4989629
2013-07-16,Krishnaraja Sagara,273.881,27.0510602
2013-07-17,Krishnaraja Sagara,252.728,25.6031575
2013-07-18,Krishnaraja Sagara,326.833,24.1552548
2013-07-19,Krishnaraja Sagara,351.809,22.7073521
2013-07-20,Krishnaraja Sagara,678.726,21.2594494
2013-07-21,Krishnaraja Sagara,1240.476,19.8115467
2013-07-22,Krishnaraja Sagara,1119.337,18.363644
2013-07-23,Krishnaraja Sagara,1071.963,16.9157413
2013-07-24,Krishnaraja Sagara,804.736,15.467838599999997
2013-07-25,Krishnaraja Sagara,640.81,14.019935899999998
2013-07-26,Krishnaraja Sagara,822.888,12.5720332
2013-07-27,Krishnaraja Sagara,1417.23,11.124130499999996
2013-07-28,Krishnaraja Sagara,1619.242,9.676227799999998
2013-07-29,Krishnaraja Sagara,1513.394,8.228325099999998
2013-07-30,Krishnaraja Sagara,1350.799,6.780422399999996
2013-07-31,Krishnaraja Sagara,859.161,5.332519699999997
2013-08-01,Krishnaraja Sagara,719.021,3.884617
2013-08-02,Krishnaraja Sagara,1485.134,3.178323
2013-08-03,Krishnaraja Sagara,2497.121,0.353147
2013-08-04,Krishnaraja Sagara,2702.588,0.0
2013-08-05,Krishnaraja Sagara,2383.599,0.0
2013-08-06,Krishnaraja Sagara,1513.79,0.0
2013-08-07,Krishnaraja Sagara,951.729,20.835673
2013-08-08,Krishnaraja Sagara,788.228,40.611905
2013-08-09,Krishnaraja Sagara,655.762,38.13987600000001
2013-08-10,Krishnaraja Sagara,417.39,38.84617000000001
2013-08-11,Krishnaraja Sagara,304.887,36.374141
2013-08-12,Krishnaraja Sagara,299.677,32.842671
2013-08-13,Krishnaraja Sagara,371.404,31.394768300000003
2013-08-14,Krishnaraja Sagara,288.265,29.94686560000001
2013-08-15,Krishnaraja Sagara,145.435,28.4989629
2013-08-16,Krishnaraja Sagara,165.002,27.0510602
2013-08-17,Krishnaraja Sagara,157.81,25.6031575
2013-08-18,Krishnaraja Sagara,117.996,24.1552548
2013-08-19,Krishnaraja Sagara,90.557,22.7073521
2013-08-20,Krishnaraja Sagara,58.559,21.2594494
2013-08-21,Krishnaraja Sagara,67.253,19.8115467
2013-08-22,Krishnaraja Sagara,157.838,18.363644
2013-08-23,Krishnaraja Sagara,217.275,16.9157413
2013-08-24,Krishnaraja Sagara,189.836,15.467838599999997
2013-08-25,Krishnaraja Sagara,148.692,14.019935899999998
2013-08-26,Krishnaraja Sagara,116.665,12.5720332
2013-08-27,Krishnaraja Sagara,102.96,11.124130499999996
2013-08-28,Krishnaraja Sagara,70.934,9.676227799999998
2013-08-29,Krishnaraja Sagara,43.495,8.228325099999998
2013-08-30,Krishnaraja Sagara,20.643,6.780422399999996
2013-08-31,Krishnaraja Sagara,25.202,5.332519699999997
2013-09-01,Krishnaraja Sagara,20.02,3.884617
2013-09-02,Krishnaraja Sagara,20.983,3.178323
2013-09-03,Krishnaraja Sagara,42.305,0.353147
2013-09-04,Krishnaraja Sagara,82.629,0.0
2013-09-05,Krishnaraja Sagara,37.831,0.0
2013-09-06,Krishnaraja Sagara,51.423,0.0
2013-09-07,Krishnaraja Sagara,46.638,22.248261000000003
2013-09-08,Krishnaraja Sagara,50.999,40.965052
2013-09-09,Krishnaraja Sagara,147.446,38.13987600000001
2013-09-10,Krishnaraja Sagara,151.835,38.84617000000001
2013-09-11,Krishnaraja Sagara,90.444,36.020994
2013-09-12,Krishnaraja Sagara,42.249,32.489524
2013-09-13,Krishnaraja Sagara,164.974,30.98400257894737
2013-09-14,Krishnaraja Sagara,217.587,29.47848115789474
2013-09-15,Krishnaraja Sagara,140.168,27.972959736842107
2013-09-16,Krishnaraja Sagara,91.407,26.46743831578948
2013-09-17,Krishnaraja Sagara,64.166,24.961916894736845
2013-09-18,Krishnaraja Sagara,90.472,23.45639547368421
2013-09-19,Krishnaraja Sagara,147.446,21.95087405263158
2013-09-20,Krishnaraja Sagara,269.378,20.44535263157895
2013-09-21,Krishnaraja Sagara,370.299,18.93983121052632
2013-09-22,Krishnaraja Sagara,485.464,17.434309789473684
2013-09-23,Krishnaraja Sagara,377.124,15.928788368421053
2013-09-24,Krishnaraja Sagara,245.111,14.42326694736842
2013-09-25,Krishnaraja Sagara,145.435,12.91774552631579
2013-09-26,Krishnaraja Sagara,104.291,11.412224105263158
2013-09-27,Krishnaraja Sagara,108.85,9.906702684210524
2013-09-28,Krishnaraja Sagara,85.998,8.401181263157893
2013-09-29,Krishnaraja Sagara,58.559,6.895659842105262
2013-09-30,Krishnaraja Sagara,53.972,5.390138421052631
2013-10-01,Krishnaraja Sagara,72.265,3.884617
2013-10-02,Krishnaraja Sagara,86.083,2.8251760000000004
2013-10-03,Krishnaraja Sagara,85.375,0.353147
2013-10-04,Krishnaraja Sagara,80.901,0.0
2013-10-05,Krishnaraja Sagara,71.953,0.0
2013-10-06,Krishnaraja Sagara,58.134,0.0
2013-10-07,Krishnaraja Sagara,34.688,22.954555000000003
2013-10-08,Krishnaraja Sagara,61.561,40.965052
2013-10-09,Krishnaraja Sagara,92.908,38.49302300000001
2013-10-10,Krishnaraja Sagara,110.832,38.84617000000001
2013-10-11,Krishnaraja Sagara,115.306,35.667847
2013-10-12,Krishnaraja Sagara,75.011,32.489524
2013-10-13,Krishnaraja Sagara,52.556,31.059278650000003
2013-10-14,Krishnaraja Sagara,39.162,29.6290333
2013-10-15,Krishnaraja Sagara,43.551,28.19878795
2013-10-16,Krishnaraja Sagara,77.673,26.768542600000004
2013-10-17,Krishnaraja Sagara,72.973,25.338297250000004
2013-10-18,Krishnaraja Sagara,81.751,23.908051900000004
2013-10-19,Krishnaraja Sagara,116.807,22.477806550000004
2013-10-20,Krishnaraja Sagara,156.252,21.0475612
2013-10-21,Krishnaraja Sagara,341.331,19.61731585
2013-10-22,Krishnaraja Sagara,244.233,18.1870705
2013-10-23,Krishnaraja Sagara,124.254,16.75682515
2013-10-24,Krishnaraja Sagara,115.306,15.326579799999998
2013-10-25,Krishnaraja Sagara,115.306,13.896334449999998
2013-10-26,Krishnaraja Sagara,110.832,12.4660891
2013-10-27,Krishnaraja Sagara,92.908,11.035843750000002
2013-10-28,Krishnaraja Sagara,66.063,9.605598399999998
2013-10-29,Krishnaraja Sagara,70.339,8.175353049999996
2013-10-30,Krishnaraja Sagara,56.747,6.745107699999997
2013-10-31,Krishnaraja Sagara,43.551,5.314862349999997
2013-11-01,Krishnaraja Sagara,52.301,3.884617
2013-11-02,Krishnaraja Sagara,41.286,2.8251760000000004
2013-11-03,Krishnaraja Sagara,23.418,0.353147
2013-11-04,Krishnaraja Sagara,27.949,0.0
2013-11-05,Krishnaraja Sagara,37.208,0.0
2013-11-06,Krishnaraja Sagara,36.953,0.0
2013-11-07,Krishnaraja Sagara,36.642,27.545466
2013-11-08,Krishnaraja Sagara,22.908,40.965052
2013-11-09,Krishnaraja Sagara,27.212,38.13987600000001
2013-11-10,Krishnaraja Sagara,19.312,38.84617000000001
2013-11-11,Krishnaraja Sagara,15.15,35.667847
2013-11-12,Krishnaraja Sagara,19.425,32.489524
2013-11-13,Krishnaraja Sagara,60.626,30.98400257894737
2013-11-14,Krishnaraja Sagara,48.054,29.47848115789474
2013-11-15,Krishnaraja Sagara,65.525,27.972959736842107
2013-11-16,Krishnaraja Sagara,48.818,26.46743831578948
2013-11-17,Krishnaraja Sagara,48.592,24.961916894736845
2013-11-18,Krishnaraja Sagara,60.287,23.45639547368421
2013-11-19,Krishnaraja Sagara,84.894,21.95087405263158
2013-11-20,Krishnaraja Sagara,89.0,20.44535263157895
2013-11-21,Krishnaraja Sagara,73.199,18.93983121052632
2013-11-22,Krishnaraja Sagara,60.938,17.434309789473684
2013-11-23,Krishnaraja Sagara,64.931,15.928788368421053
2013-11-24,Krishnaraja Sagara,184.994,14.42326694736842
2013-11-25,Krishnaraja Sagara,331.534,12.91774552631579
2013-11-26,Krishnaraja Sagara,214.812,11.412224105263158
2013-11-27,Krishnaraja Sagara,136.855,9.906702684210524
2013-11-28,Krishnaraja Sagara,112.22,8.401181263157893
2013-11-29,Krishnaraja Sagara,99.902,6.895659842105262
2013-11-30,Krishnaraja Sagara,112.22,5.390138421052631
2013-12-01,Krishnaraja Sagara,99.505,3.884617
2013-12-02,Krishnaraja Sagara,91.718,2.4720290000000005
2013-12-03,Krishnaraja Sagara,95.853,0.353147
2013-12-04,Krishnaraja Sagara,91.605,0.0
2013-12-05,Krishnaraja Sagara,107.661,0.0
2013-12-06,Krishnaraja Sagara,91.605,0.0
2013-12-07,Krishnaraja Sagara,91.577,23.660849
2013-12-08,Krishnaraja Sagara,91.407,40.965052
2013-12-09,Krishnaraja Sagara,94.89,38.13987600000001
2013-12-10,Krishnaraja Sagara,94.89,38.49302300000001
2013-12-11,Krishnaraja Sagara,94.89,35.3147
2013-12-12,Krishnaraja Sagara,84.044,32.136377
2013-12-13,Krishnaraja Sagara,73.454,32.04809025
2013-12-14,Krishnaraja Sagara,100.836,31.959803500000003
2013-12-15,Krishnaraja Sagara,104.744,31.87151675
2013-12-16,Krishnaraja Sagara,89.056,31.783230000000003
2013-12-17,Krishnaraja Sagara,82.289,31.694943250000005
2013-12-18,Krishnaraja Sagara,91.209,31.606656500000003
2013-12-19,Krishnaraja Sagara,79.429,31.518369750000005
2013-12-20,Krishnaraja Sagara,78.523,31.430083000000003
2013-12-21,Krishnaraja Sagara,73.595,31.341796250000005
2013-12-22,Krishnaraja Sagara,67.309,31.253509500000003
2013-12-23,Krishnaraja Sagara,66.573,31.165222750000005
2013-12-24,Krishnaraja Sagara,62.637,31.076936000000003
2013-12-25,Krishnaraja Sagara,47.969,30.98864925
2013-12-26,Krishnaraja Sagara,44.684,30.9003625
2013-12-27,Krishnaraja Sagara,53.037,30.812075750000005
2013-12-28,Krishnaraja Sagara,56.181,30.723789
2013-12-29,Krishnaraja Sagara,56.096,30.63550225
2013-12-30,Krishnaraja Sagara,53.094,30.5472155
2013-12-31,Krishnaraja Sagara,53.377,30.45892875
2014-01-01,Krishnaraja Sagara,53.377,30.370642
2014-01-02,Krishnaraja Sagara,43.891,29.664348
2014-01-03,Krishnaraja Sagara,39.955,22.954555000000003
2014-01-04,Krishnaraja Sagara,43.806,15.538468000000002
2014-01-05,Krishnaraja Sagara,32.678,0.0
2014-01-06,Krishnaraja Sagara,17.698,3.531470000000001
2014-01-07,Krishnaraja Sagara,25.372,6.709793
2014-01-08,Krishnaraja Sagara,29.223,32.489524
2014-01-09,Krishnaraja Sagara,36.897,40.965052
2014-01-10,Krishnaraja Sagara,40.72,40.965052
2014-01-11,Krishnaraja Sagara,36.812,40.965052
2014-01-12,Krishnaraja Sagara,27.864,38.84617000000001
2014-01-13,Krishnaraja Sagara,34.773,38.40473625
2014-01-14,Krishnaraja Sagara,35.368,37.96330250000001
2014-01-15,Krishnaraja Sagara,30.497,37.52186875
2014-01-16,Krishnaraja Sagara,11.327,37.080435
2014-01-17,Krishnaraja Sagara,16.084,36.63900125000001
2014-01-18,Krishnaraja Sagara,20.87,36.1975675
2014-01-19,Krishnaraja Sagara,18.604,35.756133750000004
2014-01-20,Krishnaraja Sagara,29.138,35.3147
2014-01-21,Krishnaraja Sagara,25.57,34.87326625
2014-01-22,Krishnaraja Sagara,15.036,34.4318325
2014-01-23,Krishnaraja Sagara,24.777,33.990398750000004
2014-01-24,Krishnaraja Sagara,24.437,33.548965
2014-01-25,Krishnaraja Sagara,21.606,33.10753125
2014-01-26,Krishnaraja Sagara,24.494,32.66609750000001
2014-01-27,Krishnaraja Sagara,15.914,32.22466375
2014-01-28,Krishnaraja Sagara,14.045,31.783230000000003
2014-01-29,Krishnaraja Sagara,16.424,31.34179625
2014-01-30,Krishnaraja Sagara,9.43,30.9003625
2014-01-31,Krishnaraja Sagara,5.947,30.45892875
2014-02-01,Krishnaraja Sagara,9.43,30.017495
2014-02-02,Krishnaraja Sagara,5.918,29.664348
2014-02-03,Krishnaraja Sagara,9.43,22.954555000000003
2014-02-04,Krishnaraja Sagara,9.43,15.538468000000002
2014-02-05,Krishnaraja Sagara,9.43,8.475528
2014-02-06,Krishnaraja Sagara,5.918,3.178323
2014-02-07,Krishnaraja Sagara,20.105,6.709793
2014-02-08,Krishnaraja Sagara,16.112,34.255259
2014-02-09,Krishnaraja Sagara,11.893,40.965052
2014-02-10,Krishnaraja Sagara,12.403,0.0
2014-02-11,Krishnaraja Sagara,10.024,40.965052
2014-02-12,Krishnaraja Sagara,11.412,38.49302300000001
2014-02-13,Krishnaraja Sagara,7.844,37.99446252941176
2014-02-14,Krishnaraja Sagara,6.116,37.49590205882353
2014-02-15,Krishnaraja Sagara,6.683,36.997341588235294
2014-02-16,Krishnaraja Sagara,6.456,36.49878111764706
2014-02-17,Krishnaraja Sagara,5.777,36.00022064705883
2014-02-18,Krishnaraja Sagara,5.635,35.501660176470594
2014-02-19,Krishnaraja Sagara,7.136,35.00309970588235
2014-02-20,Krishnaraja Sagara,5.663,34.50453923529412
2014-02-21,Krishnaraja Sagara,5.522,34.005978764705894
2014-02-22,Krishnaraja Sagara,8.07,33.507418294117656
2014-02-23,Krishnaraja Sagara,5.04,33.00885782352941
2014-02-24,Krishnaraja Sagara,6.23,32.51029735294118
2014-02-25,Krishnaraja Sagara,6.201,32.01173688235294
2014-02-26,Krishnaraja Sagara,6.06,31.513176411764707
2014-02-27,Krishnaraja Sagara,7.476,31.01461594117647
2014-02-28,Krishnaraja Sagara,4.446,30.51605547058824
2014-03-01,Krishnaraja Sagara,4.729,30.017495
2014-03-02,Krishnaraja Sagara,4.729,29.664348
2014-03-03,Krishnaraja Sagara,5.012,22.954555000000003
2014-03-04,Krishnaraja Sagara,5.012,15.538468000000002
2014-03-05,Krishnaraja Sagara,5.012,8.475528
2014-03-06,Krishnaraja Sagara,5.012,3.178323
2014-03-07,Krishnaraja Sagara,5.012,6.709793
2014-03-08,Krishnaraja Sagara,7.957,36.374141
2014-03-09,Krishnaraja Sagara,5.012,40.965052
2014-03-10,Krishnaraja Sagara,5.012,40.965052
2014-03-11,Krishnaraja Sagara,5.012,40.965052
2014-03-12,Krishnaraja Sagara,6.796,38.49302300000001
2014-03-13,Krishnaraja Sagara,5.352,38.06924660000001
2014-03-14,Krishnaraja Sagara,5.04,37.645470200000005
2014-03-15,Krishnaraja Sagara,4.049,37.2216938
2014-03-16,Krishnaraja Sagara,4.644,36.7979174
2014-03-17,Krishnaraja Sagara,3.653,36.374141
2014-03-18,Krishnaraja Sagara,5.069,35.9503646
2014-03-19,Krishnaraja Sagara,3.823,35.5265882
2014-03-20,Krishnaraja Sagara,2.945,35.102811800000005
2014-03-21,Krishnaraja Sagara,4.219,34.679035400000004
2014-03-22,Krishnaraja Sagara,3.483,34.255259
2014-03-23,Krishnaraja Sagara,4.87,33.8314826
2014-03-24,Krishnaraja Sagara,4.049,33.4077062
2014-03-25,Krishnaraja Sagara,3.313,32.983929800000006
2014-03-26,Krishnaraja Sagara,4.842,32.560153400000004
2014-03-27,Krishnaraja Sagara,4.644,32.136377
2014-03-28,Krishnaraja Sagara,4.955,31.7126006
2014-03-29,Krishnaraja Sagara,4.786,31.2888242
2014-03-30,Krishnaraja Sagara,3.256,30.865047800000003
2014-03-31,Krishnaraja Sagara,3.256,30.4412714
2014-04-01,Krishnaraja Sagara,3.256,30.017495
2014-04-02,Krishnaraja Sagara,4.417,29.664348
2014-04-03,Krishnaraja Sagara,4.417,22.954555000000003
2014-04-04,Krishnaraja Sagara,4.417,15.538468000000002
2014-04-05,Krishnaraja Sagara,4.417,8.475528
2014-04-06,Krishnaraja Sagara,4.616,3.178323
2014-04-07,Krishnaraja Sagara,4.587,6.709793
2014-04-08,Krishnaraja Sagara,2.86,37.786729
2014-04-09,Krishnaraja Sagara,3.426,40.965052
2014-04-10,Krishnaraja Sagara,3.426,40.965052
2014-04-11,Krishnaraja Sagara,3.426,40.965052
2014-04-12,Krishnaraja Sagara,4.729,38.13987600000001
2014-04-13,Krishnaraja Sagara,5.465,37.7123822631579
2014-04-14,Krishnaraja Sagara,4.729,37.2848885263158
2014-04-15,Krishnaraja Sagara,5.21,36.85739478947369
2014-04-16,Krishnaraja Sagara,4.134,36.42990105263159
2014-04-17,Krishnaraja Sagara,2.917,36.00240731578948
2014-04-18,Krishnaraja Sagara,4.672,35.574913578947374
2014-04-19,Krishnaraja Sagara,4.587,35.147419842105265
2014-04-20,Krishnaraja Sagara,4.587,34.71992610526316
2014-04-21,Krishnaraja Sagara,4.276,34.29243236842105
2014-04-22,Krishnaraja Sagara,4.332,33.86493863157895
2014-04-23,Krishnaraja Sagara,3.993,33.43744489473685
2014-04-24,Krishnaraja Sagara,4.191,33.00995115789474
2014-04-25,Krishnaraja Sagara,4.417,32.58245742105263
2014-04-26,Krishnaraja Sagara,3.625,32.15496368421053
2014-04-27,Krishnaraja Sagara,4.814,31.72746994736842
2014-04-28,Krishnaraja Sagara,5.409,31.29997621052632
2014-04-29,Krishnaraja Sagara,4.955,30.87248247368421
2014-04-30,Krishnaraja Sagara,4.955,30.444988736842102
2014-05-01,Krishnaraja Sagara,4.955,30.017495
2014-05-02,Krishnaraja Sagara,5.097,29.664348
2014-05-03,Krishnaraja Sagara,5.097,22.954555000000003
2014-05-04,Krishnaraja Sagara,5.097,15.538468000000002
2014-05-05,Krishnaraja Sagara,5.097,8.122381
2014-05-06,Krishnaraja Sagara,5.324,3.178323
2014-05-07,Krishnaraja Sagara,5.352,6.709793
2014-05-08,Krishnaraja Sagara,6.966,40.611905
2014-05-09,Krishnaraja Sagara,16.622,40.965052
2014-05-10,Krishnaraja Sagara,18.604,40.965052
2014-05-11,Krishnaraja Sagara,21.832,40.965052
2014-05-12,Krishnaraja Sagara,41.144,37.786729
2014-05-13,Krishnaraja Sagara,40.408,37.39826730000001
2014-05-14,Krishnaraja Sagara,35.453,37.00980560000001
2014-05-15,Krishnaraja Sagara,33.64,36.6213439
2014-05-16,Krishnaraja Sagara,31.403,36.232882200000006
2014-05-17,Krishnaraja Sagara,25.457,35.8444205
2014-05-18,Krishnaraja Sagara,30.299,35.455958800000005
2014-05-19,Krishnaraja Sagara,22.002,35.067497100000004
2014-05-20,Krishnaraja Sagara,20.785,34.679035400000004
2014-05-21,Krishnaraja Sagara,18.151,34.2905737
2014-05-22,Krishnaraja Sagara,14.838,33.902112
2014-05-23,Krishnaraja Sagara,14.81,33.5136503
2014-05-24,Krishnaraja Sagara,14.611,33.1251886
2014-05-25,Krishnaraja Sagara,14.725,32.7367269
2014-05-26,Krishnaraja Sagara,13.507,32.3482652
2014-05-27,Krishnaraja Sagara,13.309,31.959803500000003
2014-05-28,Krishnaraja Sagara,13.026,31.571341800000003
2014-05-29,Krishnaraja Sagara,13.507,31.1828801
2014-05-30,Krishnaraja Sagara,10.591,30.7944184
2014-05-31,Krishnaraja Sagara,10.76,30.4059567
2014-06-01,Krishnaraja Sagara,9.458,30.017495
2014-06-02,Krishnaraja Sagara,10.109,29.664348
2014-06-03,Krishnaraja Sagara,17.273,22.601408000000003
2014-06-04,Krishnaraja Sagara,14.47,15.538468000000002
2014-06-05,Krishnaraja Sagara,12.771,8.122381
2014-06-06,Krishnaraja Sagara,13.875,3.178323
2014-06-07,Krishnaraja Sagara,16.084,7.062940000000001
2014-06-08,Krishnaraja Sagara,16.056,40.965052
2014-06-09,Krishnaraja Sagara,16.056,40.965052
2014-06-10,Krishnaraja Sagara,18.576,40.965052
2014-06-11,Krishnaraja Sagara,19.709,0.0
2014-06-12,Krishnaraja Sagara,18.576,37.433582
2014-06-13,Krishnaraja Sagara,18.576,37.04326163157895
2014-06-14,Krishnaraja Sagara,17.471,36.65294126315789
2014-06-15,Krishnaraja Sagara,18.604,36.26262089473685
2014-06-16,Krishnaraja Sagara,17.471,35.87230052631579
2014-06-17,Krishnaraja Sagara,17.5,35.48198015789474
2014-06-18,Krishnaraja Sagara,16.254,35.09165978947369
2014-06-19,Krishnaraja Sagara,15.121,34.70133942105263
2014-06-20,Krishnaraja Sagara,16.254,34.311019052631586
2014-06-21,Krishnaraja Sagara,119.016,33.92069868421052
2014-06-22,Krishnaraja Sagara,342.209,33.53037831578948
2014-06-23,Krishnaraja Sagara,342.181,33.14005794736842
2014-06-24,Krishnaraja Sagara,307.011,32.749737578947375
2014-06-25,Krishnaraja Sagara,196.434,32.35941721052632
2014-06-26,Krishnaraja Sagara,140.253,31.969096842105262
2014-06-27,Krishnaraja Sagara,83.62,31.57877647368421
2014-06-28,Krishnaraja Sagara,57.823,31.18845610526316
2014-06-29,Krishnaraja Sagara,55.897,30.798135736842102
2014-06-30,Krishnaraja Sagara,49.781,30.40781536842105
2014-07-01,Krishnaraja Sagara,49.724,30.017495
2014-07-02,Krishnaraja Sagara,58.304,29.311201
2014-07-03,Krishnaraja Sagara,56.889,22.601408000000003
2014-07-04,Krishnaraja Sagara,58.333,15.538468000000002
2014-07-05,Krishnaraja Sagara,64.194,8.122381
2014-07-06,Krishnaraja Sagara,84.073,3.178323
2014-07-07,Krishnaraja Sagara,64.761,7.062940000000001
2014-07-08,Krishnaraja Sagara,46.666,40.965052
2014-07-09,Krishnaraja Sagara,40.635,40.965052
2014-07-10,Krishnaraja Sagara,39.672,40.965052
2014-07-11,Krishnaraja Sagara,46.355,40.965052
2014-07-12,Krishnaraja Sagara,40.153,37.433582
2014-07-13,Krishnaraja Sagara,66.714,37.06277765000001
2014-07-14,Krishnaraja Sagara,172.45,36.6919733
2014-07-15,Krishnaraja Sagara,519.954,36.32116895
2014-07-16,Krishnaraja Sagara,696.0,35.9503646
2014-07-17,Krishnaraja Sagara,729.074,35.57956025000001
2014-07-18,Krishnaraja Sagara,778.883,35.2087559
2014-07-19,Krishnaraja Sagara,826.569,34.83795155000001
2014-07-20,Krishnaraja Sagara,742.213,34.4671472
2014-07-21,Krishnaraja Sagara,697.982,34.096342850000006
2014-07-22,Krishnaraja Sagara,740.967,33.7255385
2014-07-23,Krishnaraja Sagara,938.194,33.35473415
2014-07-24,Krishnaraja Sagara,853.158,32.983929800000006
2014-07-25,Krishnaraja Sagara,989.844,32.61312545
2014-07-26,Krishnaraja Sagara,916.305,32.242321100000005
2014-07-27,Krishnaraja Sagara,726.497,31.87151675
2014-07-28,Krishnaraja Sagara,508.033,31.5007124
2014-07-29,Krishnaraja Sagara,532.272,31.12990805
2014-07-30,Krishnaraja Sagara,355.32,30.7591037
2014-07-31,Krishnaraja Sagara,360.473,30.388299350000004
2014-08-01,Krishnaraja Sagara,395.785,30.017495
2014-08-02,Krishnaraja Sagara,854.914,28.958054
2014-08-03,Krishnaraja Sagara,1250.557,22.601408000000003
2014-08-04,Krishnaraja Sagara,980.244,15.185321
2014-08-05,Krishnaraja Sagara,1329.872,8.122381
2014-08-06,Krishnaraja Sagara,1332.506,3.178323
2014-08-07,Krishnaraja Sagara,1219.267,7.062940000000001
2014-08-08,Krishnaraja Sagara,1669.137,40.965052
2014-08-09,Krishnaraja Sagara,1384.156,40.965052
2014-08-10,Krishnaraja Sagara,822.463,40.965052
2014-08-11,Krishnaraja Sagara,456.326,40.965052
2014-08-12,Krishnaraja Sagara,429.453,37.080435
2014-08-13,Krishnaraja Sagara,321.538,36.727288
2014-08-14,Krishnaraja Sagara,347.419,36.374141
2014-08-15,Krishnaraja Sagara,490.873,36.020994
2014-08-16,Krishnaraja Sagara,337.225,35.667847
2014-08-17,Krishnaraja Sagara,209.035,35.3147
2014-08-18,Krishnaraja Sagara,130.427,34.961553
2014-08-19,Krishnaraja Sagara,194.48,34.608406
2014-08-20,Krishnaraja Sagara,166.56,34.255259
2014-08-21,Krishnaraja Sagara,134.533,33.902112
2014-08-22,Krishnaraja Sagara,102.535,33.548965
2014-08-23,Krishnaraja Sagara,79.655,33.195818
2014-08-24,Krishnaraja Sagara,103.696,32.842671
2014-08-25,Krishnaraja Sagara,129.38,32.489524
2014-08-26,Krishnaraja Sagara,89.085,32.136377
2014-08-27,Krishnaraja Sagara,75.294,31.783230000000003
2014-08-28,Krishnaraja Sagara,56.322,31.430083000000003
2014-08-29,Krishnaraja Sagara,53.972,31.076936000000003
2014-08-30,Krishnaraja Sagara,66.035,30.723789
2014-08-31,Krishnaraja Sagara,96.419,30.370642
2014-09-01,Krishnaraja Sagara,222.485,30.017495
2014-09-02,Krishnaraja Sagara,534.764,28.958054
2014-09-03,Krishnaraja Sagara,657.715,22.601408000000003
2014-09-04,Krishnaraja Sagara,546.034,15.185321
2014-09-05,Krishnaraja Sagara,493.704,8.122381
2014-09-06,Krishnaraja Sagara,493.704,3.178323
2014-09-07,Krishnaraja Sagara,428.519,7.416087
2014-09-08,Krishnaraja Sagara,285.066,40.965052
2014-09-09,Krishnaraja Sagara,363.305,40.965052
2014-09-10,Krishnaraja Sagara,441.545,40.965052
2014-09-11,Krishnaraja Sagara,363.305,40.965052
2014-09-12,Krishnaraja Sagara,206.826,36.727288
2014-09-13,Krishnaraja Sagara,180.746,36.39272768421052
2014-09-14,Krishnaraja Sagara,180.746,36.05816736842106
2014-09-15,Krishnaraja Sagara,180.746,35.723607052631586
2014-09-16,Krishnaraja Sagara,180.746,35.38904673684211
2014-09-17,Krishnaraja Sagara,171.6,35.05448642105264
2014-09-18,Krishnaraja Sagara,153.307,34.71992610526316
2014-09-19,Krishnaraja Sagara,135.015,34.38536578947369
2014-09-20,Krishnaraja Sagara,125.868,34.05080547368422
2014-09-21,Krishnaraja Sagara,125.868,33.71624515789474
2014-09-22,Krishnaraja Sagara,112.135,33.381684842105265
2014-09-23,Krishnaraja Sagara,121.281,33.047124526315784
2014-09-24,Krishnaraja Sagara,201.503,32.71256421052632
2014-09-25,Krishnaraja Sagara,445.566,32.37800389473685
2014-09-26,Krishnaraja Sagara,406.573,32.04344357894737
2014-09-27,Krishnaraja Sagara,560.872,31.708883263157897
2014-09-28,Krishnaraja Sagara,400.372,31.374322947368423
2014-09-29,Krishnaraja Sagara,228.687,31.03976263157895
2014-09-30,Krishnaraja Sagara,192.838,30.705202315789474
2014-10-01,Krishnaraja Sagara,323.237,30.370642
2014-10-02,Krishnaraja Sagara,301.773,28.604907000000004
2014-10-03,Krishnaraja Sagara,177.915,22.601408000000003
2014-10-04,Krishnaraja Sagara,177.915,15.185321
2014-10-05,Krishnaraja Sagara,168.768,8.122381
2014-10-06,Krishnaraja Sagara,147.984,3.178323
2014-10-07,Krishnaraja Sagara,168.4,7.416087
2014-10-08,Krishnaraja Sagara,218.691,40.965052
2014-10-09,Krishnaraja Sagara,147.587,40.965052
2014-10-10,Krishnaraja Sagara,216.001,40.965052
2014-10-11,Krishnaraja Sagara,332.213,40.965052
2014-10-12,Krishnaraja Sagara,358.293,36.374141
2014-10-13,Krishnaraja Sagara,358.293,36.0563087
2014-10-14,Krishnaraja Sagara,227.894,35.7384764
2014-10-15,Krishnaraja Sagara,149.655,35.4206441
2014-10-16,Krishnaraja Sagara,126.803,35.102811800000005
2014-10-17,Krishnaraja Sagara,56.351,34.7849795
2014-10-18,Krishnaraja Sagara,101.346,34.4671472
2014-10-19,Krishnaraja Sagara,119.639,34.1493149
2014-10-20,Krishnaraja Sagara,129.436,33.8314826
2014-10-21,Krishnaraja Sagara,125.529,33.5136503
2014-10-22,Krishnaraja Sagara,116.354,33.195818
2014-10-23,Krishnaraja Sagara,120.941,32.8779857
2014-10-24,Krishnaraja Sagara,84.356,32.560153400000004
2014-10-25,Krishnaraja Sagara,98.061,32.242321100000005
2014-10-26,Krishnaraja Sagara,150.504,31.9244888
2014-10-27,Krishnaraja Sagara,177.943,31.606656500000003
2014-10-28,Krishnaraja Sagara,216.992,31.2888242
2014-10-29,Krishnaraja Sagara,145.888,30.9709919
2014-10-30,Krishnaraja Sagara,121.055,30.6531596
2014-10-31,Krishnaraja Sagara,121.055,30.3353273
2014-11-01,Krishnaraja Sagara,94.975,30.017495
2014-11-02,Krishnaraja Sagara,67.536,28.251760000000004
2014-11-03,Krishnaraja Sagara,67.536,22.601408000000003
2014-11-04,Krishnaraja Sagara,67.536,15.185321
2014-11-05,Krishnaraja Sagara,67.536,8.122381
2014-11-06,Krishnaraja Sagara,64.449,3.178323
2014-11-07,Krishnaraja Sagara,56.804,7.416087
2014-11-08,Krishnaraja Sagara,52.245,40.965052
2014-11-09,Krishnaraja Sagara,47.657,40.965052
2014-11-10,Krishnaraja Sagara,43.098,40.965052
2014-11-11,Krishnaraja Sagara,45.93,40.965052
2014-11-12,Krishnaraja Sagara,47.657,36.374141
2014-11-13,Krishnaraja Sagara,53.717,36.03958068421052
2014-11-14,Krishnaraja Sagara,52.499,35.70502036842106
2014-11-15,Krishnaraja Sagara,52.16,35.370460052631586
2014-11-16,Krishnaraja Sagara,55.586,35.03589973684211
2014-11-17,Krishnaraja Sagara,51.084,34.70133942105263
2014-11-18,Krishnaraja Sagara,51.282,34.36677910526316
2014-11-19,Krishnaraja Sagara,51.537,34.03221878947369
2014-11-20,Krishnaraja Sagara,55.614,33.697658473684214
2014-11-21,Krishnaraja Sagara,50.262,33.36309815789474
2014-11-22,Krishnaraja Sagara,45.873,33.028537842105266
2014-11-23,Krishnaraja Sagara,51.055,32.693977526315784
2014-11-24,Krishnaraja Sagara,50.914,32.35941721052632
2014-11-25,Krishnaraja Sagara,50.631,32.02485689473685
2014-11-26,Krishnaraja Sagara,49.781,31.69029657894737
2014-11-27,Krishnaraja Sagara,49.753,31.355736263157898
2014-11-28,Krishnaraja Sagara,47.601,31.021175947368423
2014-11-29,Krishnaraja Sagara,47.601,30.68661563157895
2014-11-30,Krishnaraja Sagara,46.836,30.352055315789475
2014-12-01,Krishnaraja Sagara,46.185,30.017495
2014-12-02,Krishnaraja Sagara,46.666,27.898613000000005
2014-12-03,Krishnaraja Sagara,47.402,22.601408000000003
2014-12-04,Krishnaraja Sagara,47.969,14.832174
2014-12-05,Krishnaraja Sagara,51.423,8.122381
2014-12-06,Krishnaraja Sagara,59.437,3.178323
2014-12-07,Krishnaraja Sagara,56.181,7.416087
2014-12-08,Krishnaraja Sagara,56.464,40.965052
2014-12-09,Krishnaraja Sagara,59.947,40.965052
2014-12-10,Krishnaraja Sagara,63.77,40.965052
2014-12-11,Krishnaraja Sagara,135.609,40.965052
2014-12-12,Krishnaraja Sagara,179.359,36.374141
2014-12-13,Krishnaraja Sagara,163.303,36.32116895
2014-12-14,Krishnaraja Sagara,167.324,36.2681969
2014-12-15,Krishnaraja Sagara,163.501,36.215224850000006
2014-12-16,Krishnaraja Sagara,159.99,36.162252800000005
2014-12-17,Krishnaraja Sagara,147.956,36.10928075
2014-12-18,Krishnaraja Sagara,143.935,36.0563087
2014-12-19,Krishnaraja Sagara,107.831,36.00333665
2014-12-20,Krishnaraja Sagara,99.392,35.9503646
2014-12-21,Krishnaraja Sagara,101.827,35.89739255
2014-12-22,Krishnaraja Sagara,109.671,35.8444205
2014-12-23,Krishnaraja Sagara,101.657,35.791448450000004
2014-12-24,Krishnaraja Sagara,102.62,35.7384764
2014-12-25,Krishnaraja Sagara,98.599,35.68550435
2014-12-26,Krishnaraja Sagara,94.408,35.6325323
2014-12-27,Krishnaraja Sagara,109.784,35.57956025000001
2014-12-28,Krishnaraja Sagara,93.87,35.5265882
2014-12-29,Krishnaraja Sagara,82.091,35.47361615
2014-12-30,Krishnaraja Sagara,69.999,35.4206441
2014-12-31,Krishnaraja Sagara,77.645,35.36767205
2015-01-01,Krishnaraja Sagara,72.151,35.3147
2015-01-02,Krishnaraja Sagara,51.508,30.723789
2015-01-03,Krishnaraja Sagara,46.553,23.660849
2015-01-04,Krishnaraja Sagara,51.027,16.244762
2015-01-05,Krishnaraja Sagara,39.417,8.828675
2015-01-06,Krishnaraja Sagara,35.481,4.944058000000001
2015-01-07,Krishnaraja Sagara,35.481,24.72029
2015-01-08,Krishnaraja Sagara,39.417,24.013996
2015-01-09,Krishnaraja Sagara,35.481,21.541967
2015-01-10,Krishnaraja Sagara,39.417,21.541967
2015-01-11,Krishnaraja Sagara,27.666,21.895114
2015-01-12,Krishnaraja Sagara,52.641,27.192319
2015-01-13,Krishnaraja Sagara,28.572,27.59843805
2015-01-14,Krishnaraja Sagara,32.281,28.004557100000003
2015-01-15,Krishnaraja Sagara,21.464,28.41067615
2015-01-16,Krishnaraja Sagara,14.442,28.816795200000005
2015-01-17,Krishnaraja Sagara,16.254,29.22291425
2015-01-18,Krishnaraja Sagara,16.82,29.6290333
2015-01-19,Krishnaraja Sagara,14.442,30.035152350000004
2015-01-20,Krishnaraja Sagara,40.635,30.4412714
2015-01-21,Krishnaraja Sagara,40.918,30.84739045
2015-01-22,Krishnaraja Sagara,34.377,31.253509500000003
2015-01-23,Krishnaraja Sagara,23.871,31.65962855
2015-01-24,Krishnaraja Sagara,26.873,32.0657476
2015-01-25,Krishnaraja Sagara,33.782,32.47186665
2015-01-26,Krishnaraja Sagara,42.617,32.8779857
2015-01-27,Krishnaraja Sagara,25.655,33.284104750000004
2015-01-28,Krishnaraja Sagara,25.683,33.6902238
2015-01-29,Krishnaraja Sagara,17.5,34.096342850000006
2015-01-30,Krishnaraja Sagara,21.068,34.5024619
2015-01-31,Krishnaraja Sagara,17.5,34.90858095
2015-02-01,Krishnaraja Sagara,17.5,35.3147
2015-02-02,Krishnaraja Sagara,13.96,30.723789
2015-02-03,Krishnaraja Sagara,9.628,23.307702000000003
2015-02-04,Krishnaraja Sagara,9.628,0.0
2015-02-05,Krishnaraja Sagara,9.628,8.828675
2015-02-06,Krishnaraja Sagara,13.196,4.944058000000001
2015-02-07,Krishnaraja Sagara,13.196,25.073437
2015-02-08,Krishnaraja Sagara,9.628,23.660849
2015-02-09,Krishnaraja Sagara,9.628,21.18882
2015-02-10,Krishnaraja Sagara,9.628,21.895114
2015-02-11,Krishnaraja Sagara,10.364,22.248261000000003
2015-02-12,Krishnaraja Sagara,11.383,26.839172
2015-02-13,Krishnaraja Sagara,9.146,27.33773247058824
2015-02-14,Krishnaraja Sagara,10.137,27.83629294117647
2015-02-15,Krishnaraja Sagara,7.589,28.33485341176471
2015-02-16,Krishnaraja Sagara,7.362,28.833413882352943
2015-02-17,Krishnaraja Sagara,9.146,29.331974352941177
2015-02-18,Krishnaraja Sagara,6.173,29.830534823529412
2015-02-19,Krishnaraja Sagara,5.947,30.32909529411765
2015-02-20,Krishnaraja Sagara,8.523,30.827655764705884
2015-02-21,Krishnaraja Sagara,8.099,31.32621623529412
2015-02-22,Krishnaraja Sagara,8.552,31.824776705882357
2015-02-23,Krishnaraja Sagara,7.192,32.32333717647059
2015-02-24,Krishnaraja Sagara,7.051,32.821897647058826
2015-02-25,Krishnaraja Sagara,8.665,33.320458117647064
2015-02-26,Krishnaraja Sagara,6.201,33.819018588235295
2015-02-27,Krishnaraja Sagara,6.145,34.31757905882353
2015-02-28,Krishnaraja Sagara,8.58,34.816139529411764
2015-03-01,Krishnaraja Sagara,8.438,35.3147
2015-03-02,Krishnaraja Sagara,6.598,30.723789
2015-03-03,Krishnaraja Sagara,7.872,23.307702000000003
2015-03-04,Krishnaraja Sagara,5.182,15.538468000000002
2015-03-05,Krishnaraja Sagara,5.182,8.828675
2015-03-06,Krishnaraja Sagara,5.182,4.944058000000001
2015-03-07,Krishnaraja Sagara,8.127,25.426584
2015-03-08,Krishnaraja Sagara,8.127,23.660849
2015-03-09,Krishnaraja Sagara,8.127,20.835673
2015-03-10,Krishnaraja Sagara,8.127,22.248261000000003
2015-03-11,Krishnaraja Sagara,11.015,22.954555000000003
2015-03-12,Krishnaraja Sagara,7.985,26.839172
2015-03-13,Krishnaraja Sagara,10.987,27.28060575
2015-03-14,Krishnaraja Sagara,11.978,27.7220395
2015-03-15,Krishnaraja Sagara,10.76,28.163473250000003
2015-03-16,Krishnaraja Sagara,10.675,28.604907000000004
2015-03-17,Krishnaraja Sagara,9.543,29.04634075
2015-03-18,Krishnaraja Sagara,10.421,29.4877745
2015-03-19,Krishnaraja Sagara,7.532,29.92920825
2015-03-20,Krishnaraja Sagara,7.504,30.370642
2015-03-21,Krishnaraja Sagara,7.419,30.812075750000005
2015-03-22,Krishnaraja Sagara,9.146,31.253509500000003
2015-03-23,Krishnaraja Sagara,10.137,31.69494325
2015-03-24,Krishnaraja Sagara,8.07,32.136377
2015-03-25,Krishnaraja Sagara,7.532,32.577810750000005
2015-03-26,Krishnaraja Sagara,10.137,33.019244500000006
2015-03-27,Krishnaraja Sagara,7.589,33.46067825
2015-03-28,Krishnaraja Sagara,7.617,33.902112
2015-03-29,Krishnaraja Sagara,7.249,34.343545750000004
2015-03-30,Krishnaraja Sagara,7.985,34.7849795
2015-03-31,Krishnaraja Sagara,7.221,35.22641325000001
2015-04-01,Krishnaraja Sagara,6.088,35.667847
2015-04-02,Krishnaraja Sagara,6.315,30.723789
2015-04-03,Krishnaraja Sagara,6.881,23.307702000000003
2015-04-04,Krishnaraja Sagara,7.164,15.538468000000002
2015-04-05,Krishnaraja Sagara,6.003,8.828675
2015-04-06,Krishnaraja Sagara,6.003,4.944058000000001
2015-04-07,Krishnaraja Sagara,8.297,25.779731
2015-04-08,Krishnaraja Sagara,6.003,23.307702000000003
2015-04-09,Krishnaraja Sagara,6.003,20.835673
2015-04-10,Krishnaraja Sagara,8.297,22.248261000000003
2015-04-11,Krishnaraja Sagara,6.003,23.660849
2015-04-12,Krishnaraja Sagara,7.419,27.192319
2015-04-13,Krishnaraja Sagara,7.108,27.619812736842107
2015-04-14,Krishnaraja Sagara,6.938,28.047306473684213
2015-04-15,Krishnaraja Sagara,7.9,28.47480021052632
2015-04-16,Krishnaraja Sagara,7.334,28.902293947368424
2015-04-17,Krishnaraja Sagara,8.92,29.32978768421053
2015-04-18,Krishnaraja Sagara,8.184,29.75728142105263
2015-04-19,Krishnaraja Sagara,8.325,30.184775157894737
2015-04-20,Krishnaraja Sagara,7.221,30.612268894736843
2015-04-21,Krishnaraja Sagara,7.957,31.039762631578952
2015-04-22,Krishnaraja Sagara,6.654,31.467256368421054
2015-04-23,Krishnaraja Sagara,7.447,31.89475010526316
2015-04-24,Krishnaraja Sagara,6.909,32.322243842105266
2015-04-25,Krishnaraja Sagara,6.824,32.749737578947375
2015-04-26,Krishnaraja Sagara,7.532,33.17723131578948
2015-04-27,Krishnaraja Sagara,6.966,33.604725052631586
2015-04-28,Krishnaraja Sagara,7.759,34.03221878947369
2015-04-29,Krishnaraja Sagara,8.014,34.45971252631579
2015-04-30,Krishnaraja Sagara,7.73,34.88720626315789
2015-05-01,Krishnaraja Sagara,7.362,35.3147
2015-05-02,Krishnaraja Sagara,7.476,30.723789
2015-05-03,Krishnaraja Sagara,9.146,23.307702000000003
2015-05-04,Krishnaraja Sagara,9.146,15.538468000000002
2015-05-05,Krishnaraja Sagara,7.447,8.828675
2015-05-06,Krishnaraja Sagara,7.447,4.944058000000001
2015-05-07,Krishnaraja Sagara,9.146,25.779731
2015-05-08,Krishnaraja Sagara,9.146,22.954555000000003
2015-05-09,Krishnaraja Sagara,9.203,20.835673
2015-05-10,Krishnaraja Sagara,9.203,22.248261000000003
2015-05-11,Krishnaraja Sagara,7.079,24.72029
2015-05-12,Krishnaraja Sagara,8.24,27.192319
2015-05-13,Krishnaraja Sagara,7.9,27.616095400000003
2015-05-14,Krishnaraja Sagara,8.637,28.039871800000004
2015-05-15,Krishnaraja Sagara,8.325,28.463648200000005
2015-05-16,Krishnaraja Sagara,9.146,28.887424600000003
2015-05-17,Krishnaraja Sagara,10.336,29.311201
2015-05-18,Krishnaraja Sagara,33.187,29.7349774
2015-05-19,Krishnaraja Sagara,14.187,30.1587538
2015-05-20,Krishnaraja Sagara,17.5,30.5825302
2015-05-21,Krishnaraja Sagara,13.62,31.0063066
2015-05-22,Krishnaraja Sagara,18.406,31.430083000000003
2015-05-23,Krishnaraja Sagara,14.47,31.8538594
2015-05-24,Krishnaraja Sagara,12.828,32.277635800000006
2015-05-25,Krishnaraja Sagara,13.224,32.7014122
2015-05-26,Krishnaraja Sagara,11.751,33.1251886
2015-05-27,Krishnaraja Sagara,12.601,33.548965
2015-05-28,Krishnaraja Sagara,23.22,33.972741400000004
2015-05-29,Krishnaraja Sagara,17.67,34.3965178
2015-05-30,Krishnaraja Sagara,26.108,34.8202942
2015-05-31,Krishnaraja Sagara,23.305,35.2440706
2015-06-01,Krishnaraja Sagara,26.674,35.667847
2015-06-02,Krishnaraja Sagara,18.463,30.723789
2015-06-03,Krishnaraja Sagara,19.765,23.307702000000003
2015-06-04,Krishnaraja Sagara,22.37,15.185321
2015-06-05,Krishnaraja Sagara,24.692,8.828675
2015-06-06,Krishnaraja Sagara,19.284,4.944058000000001
2015-06-07,Krishnaraja Sagara,15.404,25.779731
2015-06-08,Krishnaraja Sagara,14.13,22.601408000000003
2015-06-09,Krishnaraja Sagara,14.102,21.18882
2015-06-10,Krishnaraja Sagara,12.828,22.954555000000003
2015-06-11,Krishnaraja Sagara,11.525,25.426584
2015-06-12,Krishnaraja Sagara,11.525,27.192319
2015-06-13,Krishnaraja Sagara,11.525,27.63839942105264
2015-06-14,Krishnaraja Sagara,12.828,28.084479842105267
2015-06-15,Krishnaraja Sagara,14.13,28.53056026315789
2015-06-16,Krishnaraja Sagara,11.525,28.97664068421053
2015-06-17,Krishnaraja Sagara,14.13,29.42272110526316
2015-06-18,Krishnaraja Sagara,15.319,29.868801526315792
2015-06-19,Krishnaraja Sagara,24.806,30.314881947368423
2015-06-20,Krishnaraja Sagara,30.271,30.76096236842105
2015-06-21,Krishnaraja Sagara,74.332,31.20704278947369
2015-06-22,Krishnaraja Sagara,381.4,31.65312321052632
2015-06-23,Krishnaraja Sagara,732.755,32.09920363157895
2015-06-24,Krishnaraja Sagara,831.468,32.54528405263158
2015-06-25,Krishnaraja Sagara,780.667,32.991364473684214
2015-06-26,Krishnaraja Sagara,799.894,33.43744489473685
2015-06-27,Krishnaraja Sagara,805.444,33.88352531578948
2015-06-28,Krishnaraja Sagara,1033.848,34.32960573684211
2015-06-29,Krishnaraja Sagara,942.583,34.77568615789474
2015-06-30,Krishnaraja Sagara,547.903,35.22176657894737
2015-07-01,Krishnaraja Sagara,260.77,35.667847
2015-07-02,Krishnaraja Sagara,140.791,30.723789
2015-07-03,Krishnaraja Sagara,141.075,22.954555000000003
2015-07-04,Krishnaraja Sagara,142.519,15.185321
2015-07-05,Krishnaraja Sagara,101.233,8.828675
2015-07-06,Krishnaraja Sagara,94.38,4.944058000000001
2015-07-07,Krishnaraja Sagara,69.036,26.132878
2015-07-08,Krishnaraja Sagara,59.494,22.601408000000003
2015-07-09,Krishnaraja Sagara,56.294,21.895114
2015-07-10,Krishnaraja Sagara,62.58,23.660849
2015-07-11,Krishnaraja Sagara,73.624,25.779731
2015-07-12,Krishnaraja Sagara,111.54,27.545466
2015-07-13,Krishnaraja Sagara,146.483,27.95158505
2015-07-14,Krishnaraja Sagara,130.965,28.357704100000003
2015-07-15,Krishnaraja Sagara,95.428,28.76382315
2015-07-16,Krishnaraja Sagara,74.813,29.169942200000005
2015-07-17,Krishnaraja Sagara,81.864,29.57606125
2015-07-18,Krishnaraja Sagara,72.406,29.9821803
2015-07-19,Krishnaraja Sagara,95.484,30.388299350000004
2015-07-20,Krishnaraja Sagara,445.566,30.7944184
2015-07-21,Krishnaraja Sagara,663.832,31.20053745
2015-07-22,Krishnaraja Sagara,460.602,31.606656500000003
2015-07-23,Krishnaraja Sagara,344.729,32.01277555
2015-07-24,Krishnaraja Sagara,275.042,32.4188946
2015-07-25,Krishnaraja Sagara,203.23,32.82501365
2015-07-26,Krishnaraja Sagara,167.381,33.2311327
2015-07-27,Krishnaraja Sagara,162.284,33.637251750000004
2015-07-28,Krishnaraja Sagara,144.104,34.0433708
2015-07-29,Krishnaraja Sagara,142.066,34.449489850000006
2015-07-30,Krishnaraja Sagara,151.552,34.8556089
2015-07-31,Krishnaraja Sagara,100.213,35.26172795
2015-08-01,Krishnaraja Sagara,58.446,35.667847
2015-08-02,Krishnaraja Sagara,45.93,30.723789
2015-08-03,Krishnaraja Sagara,34.858,22.954555000000003
2015-08-04,Krishnaraja Sagara,25.145,15.185321
2015-08-05,Krishnaraja Sagara,23.305,8.828675
2015-08-06,Krishnaraja Sagara,39.162,4.944058000000001
2015-08-07,Krishnaraja Sagara,75.379,26.132878
2015-08-08,Krishnaraja Sagara,178.708,22.954555000000003
2015-08-09,Krishnaraja Sagara,238.343,22.601408000000003
2015-08-10,Krishnaraja Sagara,203.541,24.367143
2015-08-11,Krishnaraja Sagara,152.373,26.132878
2015-08-12,Krishnaraja Sagara,157.612,27.545466
2015-08-13,Krishnaraja Sagara,264.253,27.9692424
2015-08-14,Krishnaraja Sagara,282.914,28.393018800000004
2015-08-15,Krishnaraja Sagara,366.788,28.816795200000005
2015-08-16,Krishnaraja Sagara,327.286,29.240571600000003
2015-08-17,Krishnaraja Sagara,282.999,29.664348
2015-08-18,Krishnaraja Sagara,345.635,30.0881244
2015-08-19,Krishnaraja Sagara,402.128,30.511900800000003
2015-08-20,Krishnaraja Sagara,425.602,30.9356772
2015-08-21,Krishnaraja Sagara,292.343,31.3594536
2015-08-22,Krishnaraja Sagara,235.964,31.783230000000003
2015-08-23,Krishnaraja Sagara,304.18,32.207006400000004
2015-08-24,Krishnaraja Sagara,291.522,32.630782800000006
2015-08-25,Krishnaraja Sagara,207.676,33.05455920000001
2015-08-26,Krishnaraja Sagara,264.564,33.4783356
2015-08-27,Krishnaraja Sagara,197.057,33.902112
2015-08-28,Krishnaraja Sagara,232.425,34.325888400000004
2015-08-29,Krishnaraja Sagara,205.297,34.7496648
2015-08-30,Krishnaraja Sagara,123.66,35.1734412
2015-08-31,Krishnaraja Sagara,95.768,35.5972176
2015-09-01,Krishnaraja Sagara,73.199,36.020994
2015-09-02,Krishnaraja Sagara,65.61,30.723789
2015-09-03,Krishnaraja Sagara,63.26,22.954555000000003
2015-09-04,Krishnaraja Sagara,70.792,15.185321
2015-09-05,Krishnaraja Sagara,80.731,8.828675
2015-09-06,Krishnaraja Sagara,150.957,4.944058000000001
2015-09-07,Krishnaraja Sagara,273.909,26.132878
2015-09-08,Krishnaraja Sagara,231.802,23.660849
2015-09-09,Krishnaraja Sagara,194.452,22.954555000000003
2015-09-10,Krishnaraja Sagara,267.056,24.72029
2015-09-11,Krishnaraja Sagara,196.944,26.486025
2015-09-12,Krishnaraja Sagara,135.213,27.545466
2015-09-13,Krishnaraja Sagara,120.092,27.99154642105264
2015-09-14,Krishnaraja Sagara,96.475,28.437626842105267
2015-09-15,Krishnaraja Sagara,80.675,28.88370726315789
2015-09-16,Krishnaraja Sagara,98.061,29.32978768421053
2015-09-17,Krishnaraja Sagara,96.419,29.77586810526316
2015-09-18,Krishnaraja Sagara,98.259,30.221948526315792
2015-09-19,Krishnaraja Sagara,143.51,30.668028947368423
2015-09-20,Krishnaraja Sagara,129.238,31.11410936842105
2015-09-21,Krishnaraja Sagara,113.664,31.56018978947369
2015-09-22,Krishnaraja Sagara,192.611,32.00627021052632
2015-09-23,Krishnaraja Sagara,181.766,32.45235063157895
2015-09-24,Krishnaraja Sagara,152.996,32.89843105263159
2015-09-25,Krishnaraja Sagara,192.781,33.344511473684214
2015-09-26,Krishnaraja Sagara,313.524,33.79059189473685
2015-09-27,Krishnaraja Sagara,357.557,34.23667231578948
2015-09-28,Krishnaraja Sagara,425.942,34.68275273684211
2015-09-29,Krishnaraja Sagara,367.553,35.12883315789474
2015-09-30,Krishnaraja Sagara,292.881,35.574913578947374
2015-10-01,Krishnaraja Sagara,359.624,36.020994
2015-10-02,Krishnaraja Sagara,297.61,30.723789
2015-10-03,Krishnaraja Sagara,204.419,22.954555000000003
2015-10-04,Krishnaraja Sagara,124.056,15.185321
2015-10-05,Krishnaraja Sagara,263.63,8.828675
2015-10-06,Krishnaraja Sagara,239.504,4.944058000000001
2015-10-07,Krishnaraja Sagara,260.94,26.132878
2015-10-08,Krishnaraja Sagara,174.432,24.013996
2015-10-09,Krishnaraja Sagara,121.706,23.660849
2015-10-10,Krishnaraja Sagara,135.496,25.073437
2015-10-11,Krishnaraja Sagara,117.572,26.486025
2015-10-12,Krishnaraja Sagara,152.175,27.545466
2015-10-13,Krishnaraja Sagara,153.392,27.9692424
2015-10-14,Krishnaraja Sagara,129.097,28.393018800000004
2015-10-15,Krishnaraja Sagara,98.175,28.816795200000005
2015-10-16,Krishnaraja Sagara,107.462,29.240571600000003
2015-10-17,Krishnaraja Sagara,85.12,29.664348
2015-10-18,Krishnaraja Sagara,91.265,30.0881244
2015-10-19,Krishnaraja Sagara,62.977,30.511900800000003
2015-10-20,Krishnaraja Sagara,58.191,30.9356772
2015-10-21,Krishnaraja Sagara,67.422,31.3594536
2015-10-22,Krishnaraja Sagara,57.88,31.783230000000003
2015-10-23,Krishnaraja Sagara,53.122,32.207006400000004
2015-10-24,Krishnaraja Sagara,50.517,32.630782800000006
2015-10-25,Krishnaraja Sagara,38.171,33.05455920000001
2015-10-26,Krishnaraja Sagara,36.953,33.4783356
2015-10-27,Krishnaraja Sagara,46.015,33.902112
2015-10-28,Krishnaraja Sagara,49.356,34.325888400000004
2015-10-29,Krishnaraja Sagara,121.904,34.7496648
2015-10-30,Krishnaraja Sagara,100.808,35.1734412
2015-10-31,Krishnaraja Sagara,101.827,35.5972176
2015-11-01,Krishnaraja Sagara,93.049,36.020994
2015-11-02,Krishnaraja Sagara,194.31,30.370642
2015-11-03,Krishnaraja Sagara,297.072,22.954555000000003
2015-11-04,Krishnaraja Sagara,341.756,15.185321
2015-11-05,Krishnaraja Sagara,339.802,8.828675
2015-11-06,Krishnaraja Sagara,309.843,4.944058000000001
2015-11-07,Krishnaraja Sagara,138.271,26.132878
2015-11-08,Krishnaraja Sagara,109.869,24.367143
2015-11-09,Krishnaraja Sagara,92.709,24.013996
2015-11-10,Krishnaraja Sagara,127.029,25.073437
2015-11-11,Krishnaraja Sagara,135.723,26.839172
2015-11-12,Krishnaraja Sagara,155.969,27.192319
2015-11-13,Krishnaraja Sagara,124.368,27.63839942105264
2015-11-14,Krishnaraja Sagara,92.681,28.084479842105267
2015-11-15,Krishnaraja Sagara,121.479,28.53056026315789
2015-11-16,Krishnaraja Sagara,138.271,28.97664068421053
2015-11-17,Krishnaraja Sagara,109.869,29.42272110526316
2015-11-18,Krishnaraja Sagara,74.077,29.868801526315792
2015-11-19,Krishnaraja Sagara,96.192,30.314881947368423
2015-11-20,Krishnaraja Sagara,103.895,30.76096236842105
2015-11-21,Krishnaraja Sagara,90.529,31.20704278947369
2015-11-22,Krishnaraja Sagara,80.193,31.65312321052632
2015-11-23,Krishnaraja Sagara,87.471,32.09920363157895
2015-11-24,Krishnaraja Sagara,100.808,32.54528405263158
2015-11-25,Krishnaraja Sagara,87.471,32.991364473684214
2015-11-26,Krishnaraja Sagara,64.959,33.43744489473685
2015-11-27,Krishnaraja Sagara,56.209,33.88352531578948
2015-11-28,Krishnaraja Sagara,57.37,34.32960573684211
2015-11-29,Krishnaraja Sagara,47.034,34.77568615789474
2015-11-30,Krishnaraja Sagara,54.142,35.22176657894737
2015-12-01,Krishnaraja Sagara,57.851,35.667847
2015-12-02,Krishnaraja Sagara,73.709,30.017495
2015-12-03,Krishnaraja Sagara,73.256,0.0
2015-12-04,Krishnaraja Sagara,68.414,15.185321
2015-12-05,Krishnaraja Sagara,71.698,8.828675
2015-12-06,Krishnaraja Sagara,55.558,4.944058000000001
2015-12-07,Krishnaraja Sagara,50.064,26.132878
2015-12-08,Krishnaraja Sagara,50.064,24.367143
2015-12-09,Krishnaraja Sagara,53.406,24.367143
2015-12-10,Krishnaraja Sagara,54.085,25.426584
2015-12-11,Krishnaraja Sagara,50.8,27.545466
2015-12-12,Krishnaraja Sagara,49.385,26.839172
2015-12-13,Krishnaraja Sagara,55.756,26.680255850000005
2015-12-14,Krishnaraja Sagara,48.932,26.5213397
2015-12-15,Krishnaraja Sagara,59.607,26.362423550000003
2015-12-16,Krishnaraja Sagara,50.715,26.2035074
2015-12-17,Krishnaraja Sagara,46.27,26.044591250000003
2015-12-18,Krishnaraja Sagara,36.953,25.8856751
2015-12-19,Krishnaraja Sagara,34.377,25.726758950000004
2015-12-20,Krishnaraja Sagara,33.301,25.5678428
2015-12-21,Krishnaraja Sagara,38.454,25.40892665
2015-12-22,Krishnaraja Sagara,32.026,25.250010500000005
2015-12-23,Krishnaraja Sagara,30.242,25.09109435
2015-12-24,Krishnaraja Sagara,16.424,24.932178200000003
2015-12-25,Krishnaraja Sagara,22.399,24.773262050000003
2015-12-26,Krishnaraja Sagara,25.429,24.614345900000004
2015-12-27,Krishnaraja Sagara,22.37,24.45542975
2015-12-28,Krishnaraja Sagara,28.204,24.296513600000004
2015-12-29,Krishnaraja Sagara,40.238,24.13759745
2015-12-30,Krishnaraja Sagara,35.396,23.9786813
2015-12-31,Krishnaraja Sagara,29.336,23.81976515000001
2016-01-01,Krishnaraja Sagara,19.907,23.660849
2016-01-02,Krishnaraja Sagara,17.443,18.363644
2016-01-03,Krishnaraja Sagara,15.178,13.419586
2016-01-04,Krishnaraja Sagara,12.573,7.769234000000001
2016-01-05,Krishnaraja Sagara,9.599,6.3566460000000005
2016-01-06,Krishnaraja Sagara,9.599,5.297205
2016-01-07,Krishnaraja Sagara,9.118,5.650352000000001
2016-01-08,Krishnaraja Sagara,10.619,17.304203
2016-01-09,Krishnaraja Sagara,22.342,13.419586
2016-01-10,Krishnaraja Sagara,18.293,11.300704
2016-01-11,Krishnaraja Sagara,14.357,5.650352000000001
2016-01-12,Krishnaraja Sagara,23.475,5.650352000000001
2016-01-13,Krishnaraja Sagara,22.427,6.5332195
2016-01-14,Krishnaraja Sagara,16.367,7.416087
2016-01-15,Krishnaraja Sagara,18.378,8.2989545
2016-01-16,Krishnaraja Sagara,18.236,9.181822
2016-01-17,Krishnaraja Sagara,23.333,10.0646895
2016-01-18,Krishnaraja Sagara,23.078,10.947557
2016-01-19,Krishnaraja Sagara,16.48,11.830424499999998
2016-01-20,Krishnaraja Sagara,11.015,12.713292
2016-01-21,Krishnaraja Sagara,17.613,13.5961595
2016-01-22,Krishnaraja Sagara,26.221,14.479027
2016-01-23,Krishnaraja Sagara,16.084,15.361894499999996
2016-01-24,Krishnaraja Sagara,10.874,16.244761999999998
2016-01-25,Krishnaraja Sagara,16.084,17.1276295
2016-01-26,Krishnaraja Sagara,10.874,18.010497
2016-01-27,Krishnaraja Sagara,8.269,18.8933645
2016-01-28,Krishnaraja Sagara,10.874,19.776232
2016-01-29,Krishnaraja Sagara,8.269,20.6590995
2016-01-30,Krishnaraja Sagara,8.269,21.541967
2016-01-31,Krishnaraja Sagara,8.269,22.424834500000003
2016-02-01,Krishnaraja Sagara,6.343,23.307702000000003
2016-02-02,Krishnaraja Sagara,7.504,18.363644
2016-02-03,Krishnaraja Sagara,8.438,13.419586
2016-02-04,Krishnaraja Sagara,8.722,7.769234000000001
2016-02-05,Krishnaraja Sagara,8.127,6.3566460000000005
2016-02-06,Krishnaraja Sagara,8.552,4.944058000000001
2016-02-07,Krishnaraja Sagara,6.541,7.416087
2016-02-08,Krishnaraja Sagara,8.495,16.951056
2016-02-09,Krishnaraja Sagara,10.817,13.419586
2016-02-10,Krishnaraja Sagara,8.976,11.300704
2016-02-11,Krishnaraja Sagara,9.854,6.3566460000000005
2016-02-12,Krishnaraja Sagara,10.109,5.650352000000001
2016-02-13,Krishnaraja Sagara,12.205,6.631315888888887
2016-02-14,Krishnaraja Sagara,12.176,7.612279777777776
2016-02-15,Krishnaraja Sagara,13.507,8.593243666666666
2016-02-16,Krishnaraja Sagara,12.063,9.574207555555557
2016-02-17,Krishnaraja Sagara,12.431,10.555171444444442
2016-02-18,Krishnaraja Sagara,10.675,11.536135333333332
2016-02-19,Krishnaraja Sagara,11.327,12.51709922222222
2016-02-20,Krishnaraja Sagara,9.175,13.49806311111111
2016-02-21,Krishnaraja Sagara,9.571,14.479027
2016-02-22,Krishnaraja Sagara,10.506,15.45999088888889
2016-02-23,Krishnaraja Sagara,8.353,16.44095477777778
2016-02-24,Krishnaraja Sagara,8.325,17.421918666666667
2016-02-25,Krishnaraja Sagara,10.477,18.40288255555556
2016-02-26,Krishnaraja Sagara,8.325,19.383846444444444
2016-02-27,Krishnaraja Sagara,8.325,20.36481033333333
2016-02-28,Krishnaraja Sagara,8.325,21.345774222222225
2016-02-29,Krishnaraja Sagara,10.477,22.326738111111112
2016-03-01,Krishnaraja Sagara,8.297,23.307702000000003
2016-03-02,Krishnaraja Sagara,8.297,18.010497
2016-03-03,Krishnaraja Sagara,7.532,13.419586
2016-03-04,Krishnaraja Sagara,8.24,7.769234000000001
2016-03-05,Krishnaraja Sagara,8.212,6.3566460000000005
2016-03-06,Krishnaraja Sagara,7.957,4.944058000000001
2016-03-07,Krishnaraja Sagara,8.438,8.475528
2016-03-08,Krishnaraja Sagara,8.665,16.951056
2016-03-09,Krishnaraja Sagara,8.495,13.419586
2016-03-10,Krishnaraja Sagara,8.863,11.300704
2016-03-11,Krishnaraja Sagara,9.26,6.709793
2016-03-12,Krishnaraja Sagara,9.883,5.650352000000001
2016-03-13,Krishnaraja Sagara,8.665,6.5332195
2016-03-14,Krishnaraja Sagara,9.26,7.416087
2016-03-15,Krishnaraja Sagara,7.589,8.2989545
2016-03-16,Krishnaraja Sagara,8.325,9.181822
2016-03-17,Krishnaraja Sagara,9.146,10.0646895
2016-03-18,Krishnaraja Sagara,8.297,10.947557
2016-03-19,Krishnaraja Sagara,9.911,11.830424499999998
2016-03-20,Krishnaraja Sagara,9.288,12.713292
2016-03-21,Krishnaraja Sagara,8.948,13.5961595
2016-03-22,Krishnaraja Sagara,8.807,14.479027
2016-03-23,Krishnaraja Sagara,8.382,15.361894499999996
2016-03-24,Krishnaraja Sagara,6.938,16.244761999999998
2016-03-25,Krishnaraja Sagara,6.909,17.1276295
2016-03-26,Krishnaraja Sagara,6.909,18.010497
2016-03-27,Krishnaraja Sagara,6.909,18.8933645
2016-03-28,Krishnaraja Sagara,5.295,19.776232
2016-03-29,Krishnaraja Sagara,5.295,20.6590995
2016-03-30,Krishnaraja Sagara,5.295,21.541967
2016-03-31,Krishnaraja Sagara,5.295,22.424834500000003
2016-04-01,Krishnaraja Sagara,5.295,23.307702000000003
2016-04-02,Krishnaraja Sagara,6.088,17.65735
2016-04-03,Krishnaraja Sagara,4.559,13.066439
2016-04-04,Krishnaraja Sagara,4.616,7.769234000000001
2016-04-05,Krishnaraja Sagara,4.955,6.3566460000000005
2016-04-06,Krishnaraja Sagara,4.927,4.944058000000001
2016-04-07,Krishnaraja Sagara,4.786,9.181822
2016-04-08,Krishnaraja Sagara,4.332,16.597909
2016-04-09,Krishnaraja Sagara,5.097,13.772733
2016-04-10,Krishnaraja Sagara,3.879,11.300704
2016-04-11,Krishnaraja Sagara,3.625,7.062940000000001
2016-04-12,Krishnaraja Sagara,4.474,5.650352000000001
2016-04-13,Krishnaraja Sagara,4.446,6.579686210526316
2016-04-14,Krishnaraja Sagara,4.446,7.509020421052631
2016-04-15,Krishnaraja Sagara,4.531,8.438354631578946
2016-04-16,Krishnaraja Sagara,4.587,9.367688842105265
2016-04-17,Krishnaraja Sagara,4.559,10.297023052631577
2016-04-18,Krishnaraja Sagara,4.559,11.226357263157896
2016-04-19,Krishnaraja Sagara,4.701,12.155691473684213
2016-04-20,Krishnaraja Sagara,4.672,13.085025684210528
2016-04-21,Krishnaraja Sagara,4.672,14.014359894736842
2016-04-22,Krishnaraja Sagara,4.644,14.94369410526316
2016-04-23,Krishnaraja Sagara,4.616,15.873028315789474
2016-04-24,Krishnaraja Sagara,4.616,16.80236252631579
2016-04-25,Krishnaraja Sagara,4.616,17.731696736842107
2016-04-26,Krishnaraja Sagara,4.587,18.661030947368424
2016-04-27,Krishnaraja Sagara,4.587,19.590365157894738
2016-04-28,Krishnaraja Sagara,3.087,20.51969936842105
2016-04-29,Krishnaraja Sagara,4.559,21.44903357894737
2016-04-30,Krishnaraja Sagara,4.531,22.37836778947369
2016-05-01,Krishnaraja Sagara,4.786,23.307702000000003
2016-05-02,Krishnaraja Sagara,3.285,17.304203
2016-05-03,Krishnaraja Sagara,3.228,13.066439
2016-05-04,Krishnaraja Sagara,3.2,7.769234000000001
2016-05-05,Krishnaraja Sagara,3.738,6.3566460000000005
2016-05-06,Krishnaraja Sagara,3.285,4.944058000000001
2016-05-07,Krishnaraja Sagara,3.256,9.534969000000002
2016-05-08,Krishnaraja Sagara,3.228,16.244762
2016-05-09,Krishnaraja Sagara,4.616,13.772733
2016-05-10,Krishnaraja Sagara,3.2,10.59441
2016-05-11,Krishnaraja Sagara,3.2,7.062940000000001
2016-05-12,Krishnaraja Sagara,3.2,6.003499000000001
2016-05-13,Krishnaraja Sagara,4.616,6.868709150000001
2016-05-14,Krishnaraja Sagara,3.2,7.7339193
2016-05-15,Krishnaraja Sagara,4.616,8.59912945
2016-05-16,Krishnaraja Sagara,3.2,9.4643396
2016-05-17,Krishnaraja Sagara,3.058,10.32954975
2016-05-18,Krishnaraja Sagara,4.446,11.1947599
2016-05-19,Krishnaraja Sagara,4.389,12.059970050000002
2016-05-20,Krishnaraja Sagara,4.304,12.9251802
2016-05-21,Krishnaraja Sagara,4.304,13.790390349999996
2016-05-22,Krishnaraja Sagara,4.304,14.6556005
2016-05-23,Krishnaraja Sagara,2.917,15.52081065
2016-05-24,Krishnaraja Sagara,2.917,16.386020799999997
2016-05-25,Krishnaraja Sagara,4.304,17.251230949999997
2016-05-26,Krishnaraja Sagara,2.917,18.116441100000003
2016-05-27,Krishnaraja Sagara,4.304,18.98165125
2016-05-28,Krishnaraja Sagara,3.511,19.8468614
2016-05-29,Krishnaraja Sagara,3.936,20.71207155
2016-05-30,Krishnaraja Sagara,4.701,21.5772817
2016-05-31,Krishnaraja Sagara,3.908,22.44249185
2016-06-01,Krishnaraja Sagara,4.984,23.307702000000003
2016-06-02,Krishnaraja Sagara,4.587,16.951056
2016-06-03,Krishnaraja Sagara,4.899,12.713292
2016-06-04,Krishnaraja Sagara,5.21,7.769234000000001
2016-06-05,Krishnaraja Sagara,5.21,6.3566460000000005
2016-06-06,Krishnaraja Sagara,3.908,4.944058000000001
2016-06-07,Krishnaraja Sagara,3.908,10.59441
2016-06-08,Krishnaraja Sagara,5.21,16.244762
2016-06-09,Krishnaraja Sagara,5.21,13.772733
2016-06-10,Krishnaraja Sagara,5.21,10.241263
2016-06-11,Krishnaraja Sagara,4.417,7.416087
2016-06-12,Krishnaraja Sagara,4.927,6.003499000000001
2016-06-13,Krishnaraja Sagara,4.106,6.895659842105262
2016-06-14,Krishnaraja Sagara,4.531,7.787820684210524
2016-06-15,Krishnaraja Sagara,6.343,8.679981526315789
2016-06-16,Krishnaraja Sagara,8.976,9.572142368421051
2016-06-17,Krishnaraja Sagara,8.297,10.464303210526316
2016-06-18,Krishnaraja Sagara,14.017,11.35646405263158
2016-06-19,Krishnaraja Sagara,19.227,12.248624894736842
2016-06-20,Krishnaraja Sagara,20.416,13.140785736842105
2016-06-21,Krishnaraja Sagara,20.303,14.032946578947367
2016-06-22,Krishnaraja Sagara,19.227,14.925107421052632
2016-06-23,Krishnaraja Sagara,21.039,15.817268263157892
2016-06-24,Krishnaraja Sagara,21.719,16.70942910526316
2016-06-25,Krishnaraja Sagara,23.248,17.601589947368424
2016-06-26,Krishnaraja Sagara,26.165,18.493750789473683
2016-06-27,Krishnaraja Sagara,39.445,19.38591163157895
2016-06-28,Krishnaraja Sagara,42.758,20.27807247368421
2016-06-29,Krishnaraja Sagara,60.202,21.170233315789478
2016-06-30,Krishnaraja Sagara,488.862,22.062394157894737
2016-07-01,Krishnaraja Sagara,663.605,22.954555000000003
2016-07-02,Krishnaraja Sagara,604.253,16.951056
2016-07-03,Krishnaraja Sagara,458.478,12.360145
2016-07-04,Krishnaraja Sagara,347.589,7.416087
2016-07-05,Krishnaraja Sagara,215.888,6.3566460000000005
2016-07-06,Krishnaraja Sagara,329.976,4.944058000000001
2016-07-07,Krishnaraja Sagara,323.463,11.300704
2016-07-08,Krishnaraja Sagara,260.09,16.597909
2016-07-09,Krishnaraja Sagara,236.361,13.419586
2016-07-10,Krishnaraja Sagara,219.342,9.888116000000002
2016-07-11,Krishnaraja Sagara,180.69,7.416087
2016-07-12,Krishnaraja Sagara,346.655,6.003499000000001
2016-07-13,Krishnaraja Sagara,554.302,6.8510518000000005
2016-07-14,Krishnaraja Sagara,559.569,7.6986046
2016-07-15,Krishnaraja Sagara,415.663,8.5461574
2016-07-16,Krishnaraja Sagara,338.669,9.3937102
2016-07-17,Krishnaraja Sagara,285.604,10.241263
2016-07-18,Krishnaraja Sagara,268.076,11.0888158
2016-07-19,Krishnaraja Sagara,215.746,11.936368599999998
2016-07-20,Krishnaraja Sagara,191.592,12.7839214
2016-07-21,Krishnaraja Sagara,242.052,13.6314742
2016-07-22,Krishnaraja Sagara,241.967,14.479027
2016-07-23,Krishnaraja Sagara,213.792,15.326579799999998
2016-07-24,Krishnaraja Sagara,270.454,16.174132599999997
2016-07-25,Krishnaraja Sagara,218.351,17.0216854
2016-07-26,Krishnaraja Sagara,218.889,17.8692382
2016-07-27,Krishnaraja Sagara,189.27,18.716791
2016-07-28,Krishnaraja Sagara,164.549,19.5643438
2016-07-29,Krishnaraja Sagara,205.637,20.4118966
2016-07-30,Krishnaraja Sagara,168.117,21.2594494
2016-07-31,Krishnaraja Sagara,126.435,22.1070022
2016-08-01,Krishnaraja Sagara,118.364,22.954555000000003
2016-08-02,Krishnaraja Sagara,123.15,16.597909
2016-08-03,Krishnaraja Sagara,122.952,12.006998
2016-08-04,Krishnaraja Sagara,116.637,7.416087
2016-08-05,Krishnaraja Sagara,143.623,6.3566460000000005
2016-08-06,Krishnaraja Sagara,212.801,4.944058000000001
2016-08-07,Krishnaraja Sagara,269.208,11.653851
2016-08-08,Krishnaraja Sagara,200.398,16.597909
2016-08-09,Krishnaraja Sagara,221.296,12.713292
2016-08-10,Krishnaraja Sagara,271.927,9.181822
2016-08-11,Krishnaraja Sagara,265.839,7.416087
2016-08-12,Krishnaraja Sagara,217.87,6.003499000000001
2016-08-13,Krishnaraja Sagara,208.044,6.833394450000001
2016-08-14,Krishnaraja Sagara,200.455,7.6632899
2016-08-15,Krishnaraja Sagara,185.645,8.493185350000001
2016-08-16,Krishnaraja Sagara,192.696,9.3230808
2016-08-17,Krishnaraja Sagara,218.663,10.15297625
2016-08-18,Krishnaraja Sagara,310.579,10.9828717
2016-08-19,Krishnaraja Sagara,340.029,11.81276715
2016-08-20,Krishnaraja Sagara,311.712,12.6426626
2016-08-21,Krishnaraja Sagara,246.3,13.472558049999996
2016-08-22,Krishnaraja Sagara,198.841,14.3024535
2016-08-23,Krishnaraja Sagara,167.154,15.13234895
2016-08-24,Krishnaraja Sagara,121.677,15.962244399999998
2016-08-25,Krishnaraja Sagara,118.223,16.792139849999998
2016-08-26,Krishnaraja Sagara,165.314,17.6220353
2016-08-27,Krishnaraja Sagara,160.019,18.45193075
2016-08-28,Krishnaraja Sagara,182.785,19.2818262
2016-08-29,Krishnaraja Sagara,192.838,20.11172165
2016-08-30,Krishnaraja Sagara,208.78,20.9416171
2016-08-31,Krishnaraja Sagara,243.666,21.77151255
2016-09-01,Krishnaraja Sagara,123.093,22.601408000000003
2016-09-02,Krishnaraja Sagara,102.026,16.244762
2016-09-03,Krishnaraja Sagara,100.072,11.653851
2016-09-04,Krishnaraja Sagara,98.401,7.062940000000001
2016-09-05,Krishnaraja Sagara,98.854,6.003499000000001
2016-09-06,Krishnaraja Sagara,73.227,4.944058000000001
2016-09-07,Krishnaraja Sagara,56.747,12.006998
2016-09-08,Krishnaraja Sagara,74.898,16.597909
2016-09-09,Krishnaraja Sagara,353.111,12.360145
2016-09-10,Krishnaraja Sagara,357.189,8.828675
2016-09-11,Krishnaraja Sagara,335.47,7.416087
2016-09-12,Krishnaraja Sagara,336.263,6.003499000000001
2016-09-13,Krishnaraja Sagara,278.836,6.858486473684212
2016-09-14,Krishnaraja Sagara,234.775,7.71347394736842
2016-09-15,Krishnaraja Sagara,228.092,8.56846142105263
2016-09-16,Krishnaraja Sagara,202.947,9.423448894736842
2016-09-17,Krishnaraja Sagara,196.151,10.278436368421056
2016-09-18,Krishnaraja Sagara,207.676,11.133423842105262
2016-09-19,Krishnaraja Sagara,197.793,11.988411315789474
2016-09-20,Krishnaraja Sagara,171.997,12.843398789473683
2016-09-21,Krishnaraja Sagara,170.496,13.698386263157897
2016-09-22,Krishnaraja Sagara,157.697,14.553373736842104
2016-09-23,Krishnaraja Sagara,116.156,15.408361210526316
2016-09-24,Krishnaraja Sagara,55.274,16.263348684210527
2016-09-25,Krishnaraja Sagara,37.152,17.118336157894735
2016-09-26,Krishnaraja Sagara,33.555,17.973323631578946
2016-09-27,Krishnaraja Sagara,86.735,18.82831110526316
2016-09-28,Krishnaraja Sagara,84.809,19.68329857894737
2016-09-29,Krishnaraja Sagara,103.526,20.53828605263158
2016-09-30,Krishnaraja Sagara,77.588,21.39327352631579
2016-10-01,Krishnaraja Sagara,39.106,22.248261000000003
2016-10-02,Krishnaraja Sagara,30.072,15.891615000000002
2016-10-03,Krishnaraja Sagara,30.101,11.653851
2016-10-04,Krishnaraja Sagara,24.834,7.062940000000001
2016-10-05,Krishnaraja Sagara,57.88,6.003499000000001
2016-10-06,Krishnaraja Sagara,119.554,4.944058000000001
2016-10-07,Krishnaraja Sagara,130.796,12.360145
2016-10-08,Krishnaraja Sagara,114.23,16.597909
2016-10-09,Krishnaraja Sagara,130.059,12.006998
2016-10-10,Krishnaraja Sagara,114.938,8.122381
2016-10-11,Krishnaraja Sagara,88.094,7.416087
2016-10-12,Krishnaraja Sagara,64.846,6.003499000000001
2016-10-13,Krishnaraja Sagara,36.642,6.79807975
2016-10-14,Krishnaraja Sagara,46.298,7.5926605
2016-10-15,Krishnaraja Sagara,28.713,8.38724125
2016-10-16,Krishnaraja Sagara,33.386,9.181822
2016-10-17,Krishnaraja Sagara,27.354,9.97640275
2016-10-18,Krishnaraja Sagara,31.913,10.7709835
2016-10-19,Krishnaraja Sagara,30.412,11.56556425
2016-10-20,Krishnaraja Sagara,31.941,12.360145
2016-10-21,Krishnaraja Sagara,27.439,13.154725749999995
2016-10-22,Krishnaraja Sagara,21.606,13.949306500000002
2016-10-23,Krishnaraja Sagara,18.717,14.74388725
2016-10-24,Krishnaraja Sagara,14.045,15.538467999999996
2016-10-25,Krishnaraja Sagara,19.652,16.333048749999996
2016-10-26,Krishnaraja Sagara,9.514,17.1276295
2016-10-27,Krishnaraja Sagara,7.759,17.92221025
2016-10-28,Krishnaraja Sagara,9.599,18.716791
2016-10-29,Krishnaraja Sagara,14.583,19.51137175
2016-10-30,Krishnaraja Sagara,41.088,20.3059525
2016-10-31,Krishnaraja Sagara,120.233,21.10053325
2016-11-01,Krishnaraja Sagara,190.402,21.895114
2016-11-02,Krishnaraja Sagara,240.268,15.538468000000002
2016-11-03,Krishnaraja Sagara,170.382,11.300704
2016-11-04,Krishnaraja Sagara,108.17,7.062940000000001
2016-11-05,Krishnaraja Sagara,40.125,6.003499000000001
2016-11-06,Krishnaraja Sagara,20.445,4.944058000000001
2016-11-07,Krishnaraja Sagara,21.974,12.713292
2016-11-08,Krishnaraja Sagara,22.399,16.597909
2016-11-09,Krishnaraja Sagara,22.427,11.300704
2016-11-10,Krishnaraja Sagara,17.613,7.769234000000001
2016-11-11,Krishnaraja Sagara,15.376,7.062940000000001
2016-11-12,Krishnaraja Sagara,8.184,6.003499000000001
2016-11-13,Krishnaraja Sagara,18.264,6.839899789473685
2016-11-14,Krishnaraja Sagara,11.61,7.6763005789473695
2016-11-15,Krishnaraja Sagara,39.615,8.51270136842105
2016-11-16,Krishnaraja Sagara,35.339,9.349102157894736
2016-11-17,Krishnaraja Sagara,31.998,10.18550294736842
2016-11-18,Krishnaraja Sagara,31.205,11.021903736842107
2016-11-19,Krishnaraja Sagara,28.543,11.85830452631579
2016-11-20,Krishnaraja Sagara,27.241,12.694705315789474
2016-11-21,Krishnaraja Sagara,25.91,13.531106105263158
2016-11-22,Krishnaraja Sagara,23.248,14.367506894736843
2016-11-23,Krishnaraja Sagara,21.917,15.203907684210524
2016-11-24,Krishnaraja Sagara,20.558,16.040308473684213
2016-11-25,Krishnaraja Sagara,22.172,16.876709263157892
2016-11-26,Krishnaraja Sagara,22.399,17.713110052631578
2016-11-27,Krishnaraja Sagara,21.039,18.549510842105267
2016-11-28,Krishnaraja Sagara,21.039,19.38591163157895
2016-11-29,Krishnaraja Sagara,19.652,20.22231242105263
2016-11-30,Krishnaraja Sagara,21.039,21.05871321052632
2016-12-01,Krishnaraja Sagara,16.792,21.895114
2016-12-02,Krishnaraja Sagara,15.574,15.538468000000002
2016-12-03,Krishnaraja Sagara,14.187,10.947557
2016-12-04,Krishnaraja Sagara,12.799,7.062940000000001
2016-12-05,Krishnaraja Sagara,12.799,6.003499000000001
2016-12-06,Krishnaraja Sagara,11.412,4.590911
2016-12-07,Krishnaraja Sagara,10.052,13.419586
2016-12-08,Krishnaraja Sagara,10.052,16.597909
2016-12-09,Krishnaraja Sagara,8.665,10.947557
2016-12-10,Krishnaraja Sagara,7.306,7.416087
2016-12-11,Krishnaraja Sagara,8.665,6.709793
2016-12-12,Krishnaraja Sagara,7.277,6.003499000000001
2016-12-13,Krishnaraja Sagara,7.306,6.003499000000001
2016-12-14,Krishnaraja Sagara,22.455,6.003499000000001
2016-12-15,Krishnaraja Sagara,16.933,6.003499000000001
2016-12-16,Krishnaraja Sagara,11.412,6.003499000000001
2016-12-17,Krishnaraja Sagara,14.187,6.003499000000001
2016-12-18,Krishnaraja Sagara,17.018,6.003499000000001
2016-12-19,Krishnaraja Sagara,18.944,6.003499000000001
2016-12-20,Krishnaraja Sagara,17.415,6.003499000000001
2016-12-21,Krishnaraja Sagara,18.831,6.003499000000001
2016-12-22,Krishnaraja Sagara,15.999,6.003499000000001
2016-12-23,Krishnaraja Sagara,15.999,6.003499000000001
2016-12-24,Krishnaraja Sagara,14.555,6.003499000000001
2016-12-25,Krishnaraja Sagara,15.999,6.003499000000001
2016-12-26,Krishnaraja Sagara,14.555,6.003499000000001
2016-12-27,Krishnaraja Sagara,13.139,6.003499000000001
2016-12-28,Krishnaraja Sagara,10.307,6.003499000000001
2016-12-29,Krishnaraja Sagara,8.891,6.003499000000001
2016-12-30,Krishnaraja Sagara,10.307,6.003499000000001
2016-12-31,Krishnaraja Sagara,8.891,6.003499000000001
2017-01-01,Krishnaraja Sagara,7.476,6.003499000000001
2017-01-02,Krishnaraja Sagara,7.617,6.003499000000001
2017-01-03,Krishnaraja Sagara,7.617,7.062940000000001
2017-01-04,Krishnaraja Sagara,7.617,5.297205
2017-01-05,Krishnaraja Sagara,9.033,3.178323
2017-01-06,Krishnaraja Sagara,7.617,2.118882
2017-01-07,Krishnaraja Sagara,9.033,3.531470000000001
2017-01-08,Krishnaraja Sagara,10.449,11.653851
2017-01-09,Krishnaraja Sagara,9.033,17.65735
2017-01-10,Krishnaraja Sagara,7.617,26.839172
2017-01-11,Krishnaraja Sagara,9.033,29.664348
2017-01-12,Krishnaraja Sagara,7.617,25.779731
2017-01-13,Krishnaraja Sagara,9.033,24.7909194
2017-01-14,Krishnaraja Sagara,6.173,23.8021078
2017-01-15,Krishnaraja Sagara,6.173,22.813296200000003
2017-01-16,Krishnaraja Sagara,7.617,21.8244846
2017-01-17,Krishnaraja Sagara,6.031,20.835673
2017-01-18,Krishnaraja Sagara,7.476,19.8468614
2017-01-19,Krishnaraja Sagara,6.031,18.858049800000003
2017-01-20,Krishnaraja Sagara,6.031,17.8692382
2017-01-21,Krishnaraja Sagara,7.476,16.8804266
2017-01-22,Krishnaraja Sagara,6.031,15.891615000000002
2017-01-23,Krishnaraja Sagara,6.031,14.9028034
2017-01-24,Krishnaraja Sagara,7.476,13.913991800000002
2017-01-25,Krishnaraja Sagara,6.031,12.9251802
2017-01-26,Krishnaraja Sagara,6.031,11.936368600000002
2017-01-27,Krishnaraja Sagara,7.476,10.947557
2017-01-28,Krishnaraja Sagara,6.031,9.9587454
2017-01-29,Krishnaraja Sagara,6.031,8.969933800000002
2017-01-30,Krishnaraja Sagara,4.616,7.981122200000003
2017-01-31,Krishnaraja Sagara,6.031,6.992310600000001
2017-02-01,Krishnaraja Sagara,6.031,6.003499000000001
2017-02-02,Krishnaraja Sagara,6.031,0.0
2017-02-03,Krishnaraja Sagara,4.587,7.062940000000001
2017-02-04,Krishnaraja Sagara,4.587,4.944058000000001
2017-02-05,Krishnaraja Sagara,5.918,3.178323
2017-02-06,Krishnaraja Sagara,5.777,2.118882
2017-02-07,Krishnaraja Sagara,5.777,3.884617
2017-02-08,Krishnaraja Sagara,4.389,11.653851
2017-02-09,Krishnaraja Sagara,4.389,17.65735
2017-02-10,Krishnaraja Sagara,4.389,26.839172
2017-02-11,Krishnaraja Sagara,5.239,29.311201
2017-02-12,Krishnaraja Sagara,4.389,25.426584
2017-02-13,Krishnaraja Sagara,4.389,24.28404958823529
2017-02-14,Krishnaraja Sagara,4.389,23.141515176470588
2017-02-15,Krishnaraja Sagara,3.002,21.998980764705884
2017-02-16,Krishnaraja Sagara,3.002,20.856446352941177
2017-02-17,Krishnaraja Sagara,3.002,19.713911941176477
2017-02-18,Krishnaraja Sagara,4.389,18.57137752941177
2017-02-19,Krishnaraja Sagara,2.973,17.42884311764706
2017-02-20,Krishnaraja Sagara,2.973,16.286308705882355
2017-02-21,Krishnaraja Sagara,2.973,15.143774294117648
2017-02-22,Krishnaraja Sagara,2.973,14.00123988235294
2017-02-23,Krishnaraja Sagara,2.973,12.858705470588234
2017-02-24,Krishnaraja Sagara,2.973,11.716171058823528
2017-02-25,Krishnaraja Sagara,4.361,10.573636647058825
2017-02-26,Krishnaraja Sagara,59.494,9.43110223529412
2017-02-27,Krishnaraja Sagara,250.491,8.288567823529414
2017-02-28,Krishnaraja Sagara,172.733,7.146033411764707
2017-03-01,Krishnaraja Sagara,32.338,6.003499000000001
2017-03-02,Krishnaraja Sagara,32.366,6.003499000000001
2017-03-03,Krishnaraja Sagara,10.789,7.062940000000001
2017-03-04,Krishnaraja Sagara,9.826,4.944058000000001
2017-03-05,Krishnaraja Sagara,9.741,3.178323
2017-03-06,Krishnaraja Sagara,9.656,2.118882
2017-03-07,Krishnaraja Sagara,9.571,3.884617
2017-03-08,Krishnaraja Sagara,9.911,11.653851
2017-03-09,Krishnaraja Sagara,9.996,18.010497
2017-03-10,Krishnaraja Sagara,9.146,26.839172
2017-03-11,Krishnaraja Sagara,9.09,28.958054
2017-03-12,Krishnaraja Sagara,9.033,25.426584
2017-03-13,Krishnaraja Sagara,8.976,24.45542975
2017-03-14,Krishnaraja Sagara,5.975,23.484275500000003
2017-03-15,Krishnaraja Sagara,5.89,22.51312125
2017-03-16,Krishnaraja Sagara,9.005,21.541967
2017-03-17,Krishnaraja Sagara,6.541,20.57081275
2017-03-18,Krishnaraja Sagara,6.4,19.5996585
2017-03-19,Krishnaraja Sagara,6.371,18.62850425
2017-03-20,Krishnaraja Sagara,6.315,17.65735
2017-03-21,Krishnaraja Sagara,6.116,16.68619575
2017-03-22,Krishnaraja Sagara,5.89,15.715041500000002
2017-03-23,Krishnaraja Sagara,7.277,14.74388725
2017-03-24,Krishnaraja Sagara,6.23,13.772733
2017-03-25,Krishnaraja Sagara,6.116,12.80157875
2017-03-26,Krishnaraja Sagara,7.391,11.8304245
2017-03-27,Krishnaraja Sagara,7.277,10.85927025
2017-03-28,Krishnaraja Sagara,7.051,9.888116000000002
2017-03-29,Krishnaraja Sagara,7.447,8.91696175
2017-03-30,Krishnaraja Sagara,7.306,7.945807500000001
2017-03-31,Krishnaraja Sagara,7.136,6.974653250000001
2017-04-01,Krishnaraja Sagara,6.428,6.003499000000001
2017-04-02,Krishnaraja Sagara,7.079,6.003499000000001
2017-04-03,Krishnaraja Sagara,5.862,7.062940000000001
2017-04-04,Krishnaraja Sagara,6.966,4.944058000000001
2017-04-05,Krishnaraja Sagara,6.768,3.178323
2017-04-06,Krishnaraja Sagara,7.532,2.118882
2017-04-07,Krishnaraja Sagara,7.306,4.237764
2017-04-08,Krishnaraja Sagara,7.249,11.653851
2017-04-09,Krishnaraja Sagara,7.164,18.363644
2017-04-10,Krishnaraja Sagara,7.108,27.192319
2017-04-11,Krishnaraja Sagara,9.514,28.958054
2017-04-12,Krishnaraja Sagara,8.24,25.073437
2017-04-13,Krishnaraja Sagara,8.353,24.06975605263158
2017-04-14,Krishnaraja Sagara,8.297,23.06607510526316
2017-04-15,Krishnaraja Sagara,7.334,22.062394157894737
2017-04-16,Krishnaraja Sagara,8.467,21.058713210526317
2017-04-17,Krishnaraja Sagara,9.571,20.05503226315789
2017-04-18,Krishnaraja Sagara,10.732,19.051351315789475
2017-04-19,Krishnaraja Sagara,12.318,18.047670368421056
2017-04-20,Krishnaraja Sagara,12.346,17.043989421052633
2017-04-21,Krishnaraja Sagara,11.129,16.04030847368421
2017-04-22,Krishnaraja Sagara,11.044,15.036627526315788
2017-04-23,Krishnaraja Sagara,10.959,14.032946578947367
2017-04-24,Krishnaraja Sagara,10.902,13.029265631578946
2017-04-25,Krishnaraja Sagara,10.817,12.025584684210529
2017-04-26,Krishnaraja Sagara,10.874,11.021903736842107
2017-04-27,Krishnaraja Sagara,9.741,10.018222789473686
2017-04-28,Krishnaraja Sagara,10.817,9.01454184210526
2017-04-29,Krishnaraja Sagara,10.732,8.010860894736842
2017-04-30,Krishnaraja Sagara,10.675,7.007179947368419
2017-05-01,Krishnaraja Sagara,10.817,6.003499000000001
2017-05-02,Krishnaraja Sagara,10.307,6.003499000000001
2017-05-03,Krishnaraja Sagara,10.477,7.062940000000001
2017-05-04,Krishnaraja Sagara,9.514,4.590911
2017-05-05,Krishnaraja Sagara,9.43,3.178323
2017-05-06,Krishnaraja Sagara,10.449,2.118882
2017-05-07,Krishnaraja Sagara,10.364,4.590911
2017-05-08,Krishnaraja Sagara,10.732,11.653851
2017-05-09,Krishnaraja Sagara,9.883,18.716791
2017-05-10,Krishnaraja Sagara,10.194,0.0
2017-05-11,Krishnaraja Sagara,6.909,28.604907000000004
2017-05-12,Krishnaraja Sagara,6.796,25.073437
2017-05-13,Krishnaraja Sagara,6.683,24.1199401
2017-05-14,Krishnaraja Sagara,5.522,23.1664432
2017-05-15,Krishnaraja Sagara,5.38,22.2129463
2017-05-16,Krishnaraja Sagara,5.409,21.2594494
2017-05-17,Krishnaraja Sagara,5.182,20.3059525
2017-05-18,Krishnaraja Sagara,6.06,19.352455600000003
2017-05-19,Krishnaraja Sagara,6.541,18.3989587
2017-05-20,Krishnaraja Sagara,6.315,17.4454618
2017-05-21,Krishnaraja Sagara,6.881,16.4919649
2017-05-22,Krishnaraja Sagara,6.485,15.538468000000002
2017-05-23,Krishnaraja Sagara,7.108,14.5849711
2017-05-24,Krishnaraja Sagara,8.722,13.6314742
2017-05-25,Krishnaraja Sagara,7.759,12.6779773
2017-05-26,Krishnaraja Sagara,7.73,11.7244804
2017-05-27,Krishnaraja Sagara,8.665,10.7709835
2017-05-28,Krishnaraja Sagara,10.591,9.817486600000002
2017-05-29,Krishnaraja Sagara,14.951,8.863989700000001
2017-05-30,Krishnaraja Sagara,15.942,7.910492800000001
2017-05-31,Krishnaraja Sagara,14.951,6.956995900000001
2017-06-01,Krishnaraja Sagara,14.951,6.003499000000001
2017-06-02,Krishnaraja Sagara,14.583,6.003499000000001
2017-06-03,Krishnaraja Sagara,14.64,7.062940000000001
2017-06-04,Krishnaraja Sagara,13.564,4.590911
2017-06-05,Krishnaraja Sagara,15.603,3.178323
2017-06-06,Krishnaraja Sagara,14.753,2.118882
2017-06-07,Krishnaraja Sagara,13.366,4.944058000000001
2017-06-08,Krishnaraja Sagara,13.337,12.006998
2017-06-09,Krishnaraja Sagara,12.403,19.423085000000004
2017-06-10,Krishnaraja Sagara,13.309,27.898613000000005
2017-06-11,Krishnaraja Sagara,12.346,28.604907000000004
2017-06-12,Krishnaraja Sagara,13.252,25.073437
2017-06-13,Krishnaraja Sagara,13.224,24.06975605263158
2017-06-14,Krishnaraja Sagara,17.018,23.06607510526316
2017-06-15,Krishnaraja Sagara,32.14,22.062394157894737
2017-06-16,Krishnaraja Sagara,42.9,21.058713210526317
2017-06-17,Krishnaraja Sagara,39.559,20.05503226315789
2017-06-18,Krishnaraja Sagara,35.736,19.051351315789475
2017-06-19,Krishnaraja Sagara,36.727,18.047670368421056
2017-06-20,Krishnaraja Sagara,36.784,17.043989421052633
2017-06-21,Krishnaraja Sagara,36.104,16.04030847368421
2017-06-22,Krishnaraja Sagara,34.178,15.036627526315788
2017-06-23,Krishnaraja Sagara,30.242,14.032946578947367
2017-06-24,Krishnaraja Sagara,28.26,13.029265631578946
2017-06-25,Krishnaraja Sagara,28.289,12.025584684210529
2017-06-26,Krishnaraja Sagara,28.232,11.021903736842107
2017-06-27,Krishnaraja Sagara,28.204,10.018222789473686
2017-06-28,Krishnaraja Sagara,77.758,9.01454184210526
2017-06-29,Krishnaraja Sagara,173.073,8.010860894736842
2017-06-30,Krishnaraja Sagara,221.381,7.007179947368419
2017-07-01,Krishnaraja Sagara,211.13,6.003499000000001
2017-07-02,Krishnaraja Sagara,185.957,6.003499000000001
2017-07-03,Krishnaraja Sagara,154.837,6.709793
2017-07-04,Krishnaraja Sagara,152.43,4.590911
2017-07-05,Krishnaraja Sagara,161.095,3.178323
2017-07-06,Krishnaraja Sagara,164.861,2.118882
2017-07-07,Krishnaraja Sagara,144.473,5.297205
2017-07-08,Krishnaraja Sagara,127.341,12.713292
2017-07-09,Krishnaraja Sagara,114.712,0.0
2017-07-10,Krishnaraja Sagara,116.722,28.251760000000004
2017-07-11,Krishnaraja Sagara,96.419,28.251760000000004
2017-07-12,Krishnaraja Sagara,75.974,25.073437
2017-07-13,Krishnaraja Sagara,41.484,24.1199401
2017-07-14,Krishnaraja Sagara,34.405,23.1664432
2017-07-15,Krishnaraja Sagara,47.997,22.2129463
2017-07-16,Krishnaraja Sagara,47.884,21.2594494
2017-07-17,Krishnaraja Sagara,50.574,20.3059525
2017-07-18,Krishnaraja Sagara,44.231,19.352455600000003
2017-07-19,Krishnaraja Sagara,60.06,18.3989587
2017-07-20,Krishnaraja Sagara,94.465,17.4454618
2017-07-21,Krishnaraja Sagara,426.82,16.4919649
2017-07-22,Krishnaraja Sagara,624.443,15.538468000000002
2017-07-23,Krishnaraja Sagara,502.936,14.5849711
2017-07-24,Krishnaraja Sagara,314.487,13.6314742
2017-07-25,Krishnaraja Sagara,209.148,12.6779773
2017-07-26,Krishnaraja Sagara,191.818,11.7244804
2017-07-27,Krishnaraja Sagara,174.913,10.7709835
2017-07-28,Krishnaraja Sagara,156.054,9.817486600000002
2017-07-29,Krishnaraja Sagara,137.082,8.863989700000001
2017-07-30,Krishnaraja Sagara,134.76,7.910492800000001
2017-07-31,Krishnaraja Sagara,144.558,6.956995900000001
2017-08-01,Krishnaraja Sagara,135.864,6.003499000000001
2017-08-02,Krishnaraja Sagara,135.213,6.003499000000001
2017-08-03,Krishnaraja Sagara,131.418,6.709793
2017-08-04,Krishnaraja Sagara,129.521,4.590911
2017-08-05,Krishnaraja Sagara,131.645,2.8251760000000004
2017-08-06,Krishnaraja Sagara,199.266,1.7657350000000005
2017-08-07,Krishnaraja Sagara,382.532,5.297205
2017-08-08,Krishnaraja Sagara,289.936,13.066439
2017-08-09,Krishnaraja Sagara,238.4,20.482526
2017-08-10,Krishnaraja Sagara,251.737,28.251760000000004
2017-08-11,Krishnaraja Sagara,244.686,28.251760000000004
2017-08-12,Krishnaraja Sagara,226.223,25.073437
2017-08-13,Krishnaraja Sagara,221.693,24.1199401
2017-08-14,Krishnaraja Sagara,206.968,23.1664432
2017-08-15,Krishnaraja Sagara,217.955,22.2129463
2017-08-16,Krishnaraja Sagara,217.926,21.2594494
2017-08-17,Krishnaraja Sagara,180.18,20.3059525
2017-08-18,Krishnaraja Sagara,105.282,19.352455600000003
2017-08-19,Krishnaraja Sagara,31.12,18.3989587
2017-08-20,Krishnaraja Sagara,41.852,17.4454618
2017-08-21,Krishnaraja Sagara,116.127,16.4919649
2017-08-22,Krishnaraja Sagara,307.096,15.538468000000002
2017-08-23,Krishnaraja Sagara,368.799,14.5849711
2017-08-24,Krishnaraja Sagara,369.591,13.6314742
2017-08-25,Krishnaraja Sagara,323.747,12.6779773
2017-08-26,Krishnaraja Sagara,292.626,11.7244804
2017-08-27,Krishnaraja Sagara,305.426,10.7709835
2017-08-28,Krishnaraja Sagara,341.614,9.817486600000002
2017-08-29,Krishnaraja Sagara,468.361,8.863989700000001
2017-08-30,Krishnaraja Sagara,783.81,7.910492800000001
2017-08-31,Krishnaraja Sagara,783.697,6.956995900000001
2017-09-01,Krishnaraja Sagara,563.335,6.003499000000001
2017-09-02,Krishnaraja Sagara,350.138,6.003499000000001
2017-09-03,Krishnaraja Sagara,346.4,6.709793
2017-09-04,Krishnaraja Sagara,346.343,4.590911
2017-09-05,Krishnaraja Sagara,238.23,2.8251760000000004
2017-09-06,Krishnaraja Sagara,449.728,1.7657350000000005
2017-09-07,Krishnaraja Sagara,363.277,5.650352000000001
2017-09-08,Krishnaraja Sagara,286.113,13.419586
2017-09-09,Krishnaraja Sagara,342.209,20.835673
2017-09-10,Krishnaraja Sagara,361.068,28.604907000000004
2017-09-11,Krishnaraja Sagara,283.876,28.251760000000004
2017-09-12,Krishnaraja Sagara,228.574,25.073437
2017-09-13,Krishnaraja Sagara,185.504,24.06975605263158
2017-09-14,Krishnaraja Sagara,152.798,23.06607510526316
2017-09-15,Krishnaraja Sagara,101.601,22.062394157894737
2017-09-16,Krishnaraja Sagara,113.013,21.058713210526317
2017-09-17,Krishnaraja Sagara,113.381,20.05503226315789
2017-09-18,Krishnaraja Sagara,157.47,19.051351315789475
2017-09-19,Krishnaraja Sagara,290.191,18.047670368421056
2017-09-20,Krishnaraja Sagara,429.283,17.043989421052633
2017-09-21,Krishnaraja Sagara,536.236,16.04030847368421
2017-09-22,Krishnaraja Sagara,396.946,15.036627526315788
2017-09-23,Krishnaraja Sagara,245.592,14.032946578947367
2017-09-24,Krishnaraja Sagara,186.608,13.029265631578946
2017-09-25,Krishnaraja Sagara,157.074,12.025584684210529
2017-09-26,Krishnaraja Sagara,290.304,11.021903736842107
2017-09-27,Krishnaraja Sagara,283.338,10.018222789473686
2017-09-28,Krishnaraja Sagara,278.411,9.01454184210526
2017-09-29,Krishnaraja Sagara,340.085,8.010860894736842
2017-09-30,Krishnaraja Sagara,256.154,7.007179947368419
2017-10-01,Krishnaraja Sagara,169.844,6.003499000000001
2017-10-02,Krishnaraja Sagara,106.641,6.003499000000001
2017-10-03,Krishnaraja Sagara,158.093,6.709793
2017-10-04,Krishnaraja Sagara,175.196,4.590911
2017-10-05,Krishnaraja Sagara,160.585,2.8251760000000004
2017-10-06,Krishnaraja Sagara,195.16,1.7657350000000005
2017-10-07,Krishnaraja Sagara,213.509,5.650352000000001
2017-10-08,Krishnaraja Sagara,167.069,13.419586
2017-10-09,Krishnaraja Sagara,151.92,21.541967
2017-10-10,Krishnaraja Sagara,145.18,28.604907000000004
2017-10-11,Krishnaraja Sagara,220.702,28.604907000000004
2017-10-12,Krishnaraja Sagara,165.795,25.073437
2017-10-13,Krishnaraja Sagara,146.143,24.1199401
2017-10-14,Krishnaraja Sagara,129.266,23.1664432
2017-10-15,Krishnaraja Sagara,140.112,22.2129463
2017-10-16,Krishnaraja Sagara,146.766,21.2594494
2017-10-17,Krishnaraja Sagara,129.38,20.3059525
2017-10-18,Krishnaraja Sagara,111.852,19.352455600000003
2017-10-19,Krishnaraja Sagara,69.065,18.3989587
2017-10-20,Krishnaraja Sagara,59.749,17.4454618
2017-10-21,Krishnaraja Sagara,59.749,16.4919649
2017-10-22,Krishnaraja Sagara,45.109,15.538468000000002
2017-10-23,Krishnaraja Sagara,45.109,14.5849711
2017-10-24,Krishnaraja Sagara,24.437,13.6314742
2017-10-25,Krishnaraja Sagara,45.873,12.6779773
2017-10-26,Krishnaraja Sagara,40.776,11.7244804
2017-10-27,Krishnaraja Sagara,39.7,10.7709835
2017-10-28,Krishnaraja Sagara,78.013,9.817486600000002
2017-10-29,Krishnaraja Sagara,56.775,8.863989700000001
2017-10-30,Krishnaraja Sagara,54.482,7.910492800000001
2017-10-31,Krishnaraja Sagara,59.918,6.956995900000001
2017-11-01,Krishnaraja Sagara,54.623,6.003499000000001
2017-11-02,Krishnaraja Sagara,50.744,6.003499000000001
2017-11-03,Krishnaraja Sagara,58.616,6.709793
2017-11-04,Krishnaraja Sagara,55.982,4.590911
2017-11-05,Krishnaraja Sagara,59.947,2.8251760000000004
2017-11-06,Krishnaraja Sagara,70.169,1.7657350000000005
2017-11-07,Krishnaraja Sagara,83.846,5.650352000000001
2017-11-08,Krishnaraja Sagara,68.753,13.419586
2017-11-09,Krishnaraja Sagara,65.469,21.895114
2017-11-10,Krishnaraja Sagara,76.201,28.958054
2017-11-11,Krishnaraja Sagara,83.025,28.604907000000004
2017-11-12,Krishnaraja Sagara,76.229,25.073437
2017-11-13,Krishnaraja Sagara,89.991,24.06975605263158
2017-11-14,Krishnaraja Sagara,83.733,23.06607510526316
2017-11-15,Krishnaraja Sagara,66.969,22.062394157894737
2017-11-16,Krishnaraja Sagara,53.321,21.058713210526317
2017-11-17,Krishnaraja Sagara,50.631,20.05503226315789
2017-11-18,Krishnaraja Sagara,33.725,19.051351315789475
2017-11-19,Krishnaraja Sagara,30.214,18.047670368421056
2017-11-20,Krishnaraja Sagara,23.22,17.043989421052633
2017-11-21,Krishnaraja Sagara,27.382,16.04030847368421
2017-11-22,Krishnaraja Sagara,33.555,15.036627526315788
2017-11-23,Krishnaraja Sagara,33.471,14.032946578947367
2017-11-24,Krishnaraja Sagara,22.597,13.029265631578946
2017-11-25,Krishnaraja Sagara,17.981,12.025584684210529
2017-11-26,Krishnaraja Sagara,15.121,11.021903736842107
2017-11-27,Krishnaraja Sagara,21.946,10.018222789473686
2017-11-28,Krishnaraja Sagara,20.586,9.01454184210526
2017-11-29,Krishnaraja Sagara,23.531,8.010860894736842
2017-11-30,Krishnaraja Sagara,25.315,7.007179947368419
2017-12-01,Krishnaraja Sagara,26.306,6.003499000000001
2017-12-02,Krishnaraja Sagara,45.477,6.003499000000001
2017-12-03,Krishnaraja Sagara,44.146,6.709793
2017-12-04,Krishnaraja Sagara,43.636,4.237764
2017-12-05,Krishnaraja Sagara,61.108,2.8251760000000004
2017-12-06,Krishnaraja Sagara,65.157,1.7657350000000005
2017-12-07,Krishnaraja Sagara,34.122,6.003499000000001
2017-12-08,Krishnaraja Sagara,37.237,13.419586
2017-12-09,Krishnaraja Sagara,27.949,21.895114
2017-12-10,Krishnaraja Sagara,24.834,29.311201
2017-12-11,Krishnaraja Sagara,24.834,28.604907000000004
2017-12-12,Krishnaraja Sagara,24.834,25.073437
2017-12-13,Krishnaraja Sagara,18.632,24.87920615
2017-12-14,Krishnaraja Sagara,21.747,24.6849753
2017-12-15,Krishnaraja Sagara,15.546,24.49074445
2017-12-16,Krishnaraja Sagara,18.632,24.2965136
2017-12-17,Krishnaraja Sagara,12.431,24.10228275
2017-12-18,Krishnaraja Sagara,9.345,23.9080519
2017-12-19,Krishnaraja Sagara,9.345,23.71382105
2017-12-20,Krishnaraja Sagara,9.033,23.5195902
2017-12-21,Krishnaraja Sagara,11.129,23.32535935
2017-12-22,Krishnaraja Sagara,10.845,23.131128500000003
2017-12-23,Krishnaraja Sagara,10.024,22.93689765
2017-12-24,Krishnaraja Sagara,11.298,22.7426668
2017-12-25,Krishnaraja Sagara,11.072,22.54843595
2017-12-26,Krishnaraja Sagara,10.959,22.3542051
2017-12-27,Krishnaraja Sagara,9.288,22.15997425
2017-12-28,Krishnaraja Sagara,10.336,21.9657434
2017-12-29,Krishnaraja Sagara,8.41,21.77151255
2017-12-30,Krishnaraja Sagara,8.467,21.5772817
2017-12-31,Krishnaraja Sagara,7.73,21.38305085
2018-01-01,Krishnaraja Sagara,8.24,21.18882
2018-01-02,Krishnaraja Sagara,6.541,16.597909
2018-01-03,Krishnaraja Sagara,7.476,11.300704
2018-01-04,Krishnaraja Sagara,7.476,6.3566460000000005
2018-01-05,Krishnaraja Sagara,4.672,3.531470000000001
2018-01-06,Krishnaraja Sagara,7.476,4.237764
2018-01-07,Krishnaraja Sagara,7.476,25.426584
2018-01-08,Krishnaraja Sagara,4.672,40.965052
2018-01-09,Krishnaraja Sagara,4.672,40.965052
2018-01-10,Krishnaraja Sagara,7.391,40.965052
2018-01-11,Krishnaraja Sagara,7.362,0.0
2018-01-12,Krishnaraja Sagara,4.616,34.608406
2018-01-13,Krishnaraja Sagara,7.362,33.91976935
2018-01-14,Krishnaraja Sagara,5.89,33.2311327
2018-01-15,Krishnaraja Sagara,4.559,32.542496050000004
2018-01-16,Krishnaraja Sagara,5.805,31.8538594
2018-01-17,Krishnaraja Sagara,4.446,31.16522275
2018-01-18,Krishnaraja Sagara,4.87,30.4765861
2018-01-19,Krishnaraja Sagara,5.295,29.78794945
2018-01-20,Krishnaraja Sagara,3.993,29.0993128
2018-01-21,Krishnaraja Sagara,4.842,28.41067615
2018-01-22,Krishnaraja Sagara,4.814,27.7220395
2018-01-23,Krishnaraja Sagara,5.324,27.03340285
2018-01-24,Krishnaraja Sagara,4.417,26.3447662
2018-01-25,Krishnaraja Sagara,5.324,25.65612955
2018-01-26,Krishnaraja Sagara,4.531,24.9674929
2018-01-27,Krishnaraja Sagara,4.531,24.27885625
2018-01-28,Krishnaraja Sagara,4.531,23.5902196
2018-01-29,Krishnaraja Sagara,4.531,22.90158295
2018-01-30,Krishnaraja Sagara,6.938,22.2129463
2018-01-31,Krishnaraja Sagara,6.938,21.52430965
2018-02-01,Krishnaraja Sagara,6.938,20.835673
2018-02-02,Krishnaraja Sagara,4.276,16.597909
2018-02-03,Krishnaraja Sagara,4.276,11.300704
2018-02-04,Krishnaraja Sagara,4.531,6.3566460000000005
2018-02-05,Krishnaraja Sagara,4.531,3.531470000000001
2018-02-06,Krishnaraja Sagara,5.55,4.590911
2018-02-07,Krishnaraja Sagara,5.154,25.779731
2018-02-08,Krishnaraja Sagara,4.417,40.965052
2018-02-09,Krishnaraja Sagara,3.794,40.965052
2018-02-10,Krishnaraja Sagara,5.182,40.965052
2018-02-11,Krishnaraja Sagara,4.899,40.965052
2018-02-12,Krishnaraja Sagara,3.596,34.255259
2018-02-13,Krishnaraja Sagara,4.078,33.465871588235295
2018-02-14,Krishnaraja Sagara,4.729,32.67648417647059
2018-02-15,Krishnaraja Sagara,3.54,31.887096764705884
2018-02-16,Krishnaraja Sagara,4.786,31.09770935294118
2018-02-17,Krishnaraja Sagara,5.437,30.30832194117647
2018-02-18,Krishnaraja Sagara,3.794,29.51893452941177
2018-02-19,Krishnaraja Sagara,3.936,28.72954711764706
2018-02-20,Krishnaraja Sagara,5.069,27.940159705882355
2018-02-21,Krishnaraja Sagara,4.672,27.150772294117647
2018-02-22,Krishnaraja Sagara,4.644,26.361384882352944
2018-02-23,Krishnaraja Sagara,4.644,25.57199747058824
2018-02-24,Krishnaraja Sagara,4.644,24.78261005882353
2018-02-25,Krishnaraja Sagara,6.598,23.993222647058825
2018-02-26,Krishnaraja Sagara,4.757,23.20383523529412
2018-02-27,Krishnaraja Sagara,4.729,22.41444782352941
2018-02-28,Krishnaraja Sagara,4.729,21.625060411764707
2018-03-01,Krishnaraja Sagara,4.729,20.835673
2018-03-02,Krishnaraja Sagara,4.729,16.597909
2018-03-03,Krishnaraja Sagara,3.71,11.300704
2018-03-04,Krishnaraja Sagara,3.71,6.3566460000000005
2018-03-05,Krishnaraja Sagara,4.899,3.531470000000001
2018-03-06,Krishnaraja Sagara,4.899,4.590911
2018-03-07,Krishnaraja Sagara,3.738,26.132878
2018-03-08,Krishnaraja Sagara,3.964,40.965052
2018-03-09,Krishnaraja Sagara,5.097,40.965052
2018-03-10,Krishnaraja Sagara,4.134,40.965052
2018-03-11,Krishnaraja Sagara,5.465,40.965052
2018-03-12,Krishnaraja Sagara,5.267,34.255259
2018-03-13,Krishnaraja Sagara,4.332,33.5842797
2018-03-14,Krishnaraja Sagara,5.21,32.913300400000004
2018-03-15,Krishnaraja Sagara,4.842,32.242321100000005
2018-03-16,Krishnaraja Sagara,4.616,31.571341800000003
2018-03-17,Krishnaraja Sagara,5.267,30.9003625
2018-03-18,Krishnaraja Sagara,5.522,30.2293832
2018-03-19,Krishnaraja Sagara,4.616,29.5584039
2018-03-20,Krishnaraja Sagara,4.899,28.8874246
2018-03-21,Krishnaraja Sagara,5.522,28.2164453
2018-03-22,Krishnaraja Sagara,4.587,27.545466
2018-03-23,Krishnaraja Sagara,4.786,26.8744867
2018-03-24,Krishnaraja Sagara,4.361,26.2035074
2018-03-25,Krishnaraja Sagara,4.332,25.5325281
2018-03-26,Krishnaraja Sagara,4.332,24.8615488
2018-03-27,Krishnaraja Sagara,4.304,24.1905695
2018-03-28,Krishnaraja Sagara,4.304,23.5195902
2018-03-29,Krishnaraja Sagara,4.304,22.8486109
2018-03-30,Krishnaraja Sagara,4.248,22.1776316
2018-03-31,Krishnaraja Sagara,4.219,21.5066523
2018-04-01,Krishnaraja Sagara,4.219,20.835673
2018-04-02,Krishnaraja Sagara,4.927,16.597909
2018-04-03,Krishnaraja Sagara,6.343,11.300704
2018-04-04,Krishnaraja Sagara,4.842,6.3566460000000005
2018-04-05,Krishnaraja Sagara,4.814,3.531470000000001
2018-04-06,Krishnaraja Sagara,3.908,4.944058000000001
2018-04-07,Krishnaraja Sagara,4.276,26.132878
2018-04-08,Krishnaraja Sagara,4.248,40.965052
2018-04-09,Krishnaraja Sagara,4.531,40.965052
2018-04-10,Krishnaraja Sagara,4.332,40.965052
2018-04-11,Krishnaraja Sagara,4.417,40.965052
2018-04-12,Krishnaraja Sagara,4.446,33.902112
2018-04-13,Krishnaraja Sagara,4.332,33.21440468421053
2018-04-14,Krishnaraja Sagara,2.605,32.52669736842105
2018-04-15,Krishnaraja Sagara,3.228,31.83899005263158
2018-04-16,Krishnaraja Sagara,4.729,31.151282736842106
2018-04-17,Krishnaraja Sagara,4.389,30.46357542105263
2018-04-18,Krishnaraja Sagara,4.672,29.77586810526316
2018-04-19,Krishnaraja Sagara,4.757,29.088160789473687
2018-04-20,Krishnaraja Sagara,3.596,28.40045347368421
2018-04-21,Krishnaraja Sagara,7.108,27.71274615789474
2018-04-22,Krishnaraja Sagara,4.757,27.025038842105264
2018-04-23,Krishnaraja Sagara,4.757,26.337331526315797
2018-04-24,Krishnaraja Sagara,4.757,25.64962421052632
2018-04-25,Krishnaraja Sagara,4.729,24.961916894736845
2018-04-26,Krishnaraja Sagara,4.729,24.27420957894737
2018-04-27,Krishnaraja Sagara,4.729,23.586502263157897
2018-04-28,Krishnaraja Sagara,4.729,22.89879494736842
2018-04-29,Krishnaraja Sagara,4.248,22.21108763157895
2018-04-30,Krishnaraja Sagara,3.653,21.523380315789478
2018-05-01,Krishnaraja Sagara,2.945,20.835673
2018-05-02,Krishnaraja Sagara,9.741,16.597909
2018-05-03,Krishnaraja Sagara,3.256,11.300704
2018-05-04,Krishnaraja Sagara,5.38,6.3566460000000005
2018-05-05,Krishnaraja Sagara,5.239,3.178323
2018-05-06,Krishnaraja Sagara,5.805,4.944058000000001
2018-05-07,Krishnaraja Sagara,5.72,26.132878
2018-05-08,Krishnaraja Sagara,5.578,40.965052
2018-05-09,Krishnaraja Sagara,7.617,40.965052
2018-05-10,Krishnaraja Sagara,6.598,40.965052
2018-05-11,Krishnaraja Sagara,8.042,40.965052
2018-05-12,Krishnaraja Sagara,7.391,33.902112
2018-05-13,Krishnaraja Sagara,9.345,33.248790050000004
2018-05-14,Krishnaraja Sagara,9.175,32.595468100000005
2018-05-15,Krishnaraja Sagara,6.909,31.94214615
2018-05-16,Krishnaraja Sagara,8.948,31.2888242
2018-05-17,Krishnaraja Sagara,9.713,30.63550225
2018-05-18,Krishnaraja Sagara,13.649,29.9821803
2018-05-19,Krishnaraja Sagara,15.574,29.32885835
2018-05-20,Krishnaraja Sagara,18.548,28.6755364
2018-05-21,Krishnaraja Sagara,28.657,28.02221445
2018-05-22,Krishnaraja Sagara,70.537,27.3688925
2018-05-23,Krishnaraja Sagara,80.533,26.71557055
2018-05-24,Krishnaraja Sagara,82.94,26.0622486
2018-05-25,Krishnaraja Sagara,78.013,25.40892665
2018-05-26,Krishnaraja Sagara,87.018,24.7556047
2018-05-27,Krishnaraja Sagara,95.428,24.10228275
2018-05-28,Krishnaraja Sagara,97.693,23.4489608
2018-05-29,Krishnaraja Sagara,92.596,22.79563885
2018-05-30,Krishnaraja Sagara,82.572,22.1423169
2018-05-31,Krishnaraja Sagara,59.267,21.48899495
2018-06-01,Krishnaraja Sagara,47.686,20.835673
2018-06-02,Krishnaraja Sagara,66.856,16.244762
2018-06-03,Krishnaraja Sagara,54.397,11.300704
2018-06-04,Krishnaraja Sagara,49.016,6.3566460000000005
2018-06-05,Krishnaraja Sagara,43.07,3.178323
2018-06-06,Krishnaraja Sagara,43.07,4.944058000000001
2018-06-07,Krishnaraja Sagara,49.554,26.132878
2018-06-08,Krishnaraja Sagara,44.288,40.965052
2018-06-09,Krishnaraja Sagara,44.316,40.965052
2018-06-10,Krishnaraja Sagara,57.681,40.965052
2018-06-11,Krishnaraja Sagara,240.07,40.965052
2018-06-12,Krishnaraja Sagara,506.39,33.548965
2018-06-13,Krishnaraja Sagara,647.635,32.879844368421054
2018-06-14,Krishnaraja Sagara,803.717,32.210723736842105
2018-06-15,Krishnaraja Sagara,795.59,31.54160310526316
2018-06-16,Krishnaraja Sagara,878.87,30.87248247368421
2018-06-17,Krishnaraja Sagara,663.294,30.203361842105263
2018-06-18,Krishnaraja Sagara,319.895,29.534241210526314
2018-06-19,Krishnaraja Sagara,219.541,28.86512057894737
2018-06-20,Krishnaraja Sagara,181.171,28.19599994736842
2018-06-21,Krishnaraja Sagara,183.89,27.52687931578948
2018-06-22,Krishnaraja Sagara,220.192,26.857758684210523
2018-06-23,Krishnaraja Sagara,232.368,26.18863805263158
2018-06-24,Krishnaraja Sagara,147.078,25.519517421052637
2018-06-25,Krishnaraja Sagara,161.831,24.85039678947368
2018-06-26,Krishnaraja Sagara,118.308,24.181276157894736
2018-06-27,Krishnaraja Sagara,121.366,23.51215552631579
2018-06-28,Krishnaraja Sagara,113.126,22.84303489473684
2018-06-29,Krishnaraja Sagara,287.926,22.173914263157897
2018-06-30,Krishnaraja Sagara,470.173,21.504793631578945
2018-07-01,Krishnaraja Sagara,338.613,20.835673
2018-07-02,Krishnaraja Sagara,215.293,15.891615000000002
2018-07-03,Krishnaraja Sagara,171.005,10.947557
2018-07-04,Krishnaraja Sagara,127.143,6.3566460000000005
2018-07-05,Krishnaraja Sagara,126.746,3.178323
2018-07-06,Krishnaraja Sagara,103.13,5.297205
2018-07-07,Krishnaraja Sagara,70.934,26.132878
2018-07-08,Krishnaraja Sagara,86.819,40.965052
2018-07-09,Krishnaraja Sagara,635.345,40.965052
2018-07-10,Krishnaraja Sagara,891.697,40.965052
2018-07-11,Krishnaraja Sagara,1010.855,40.965052
2018-07-12,Krishnaraja Sagara,1069.895,33.548965
2018-07-13,Krishnaraja Sagara,1125.227,32.913300400000004
2018-07-14,Krishnaraja Sagara,1188.203,32.277635800000006
2018-07-15,Krishnaraja Sagara,1236.144,31.6419712
2018-07-16,Krishnaraja Sagara,1862.597,31.0063066
2018-07-17,Krishnaraja Sagara,2037.794,30.370642
2018-07-18,Krishnaraja Sagara,2020.492,29.7349774
2018-07-19,Krishnaraja Sagara,1662.737,29.0993128
2018-07-20,Krishnaraja Sagara,1357.849,28.4636482
2018-07-21,Krishnaraja Sagara,1153.6,27.8279836
2018-07-22,Krishnaraja Sagara,892.943,27.192319
2018-07-23,Krishnaraja Sagara,1360.993,26.556654400000003
2018-07-24,Krishnaraja Sagara,1363.315,25.9209898
2018-07-25,Krishnaraja Sagara,1139.555,25.2853252
2018-07-26,Krishnaraja Sagara,1412.812,24.6496606
2018-07-27,Krishnaraja Sagara,1283.631,24.013996
2018-07-28,Krishnaraja Sagara,983.727,23.3783314
2018-07-29,Krishnaraja Sagara,649.73,22.7426668
2018-07-30,Krishnaraja Sagara,472.693,22.1070022
2018-07-31,Krishnaraja Sagara,266.773,21.4713376
2018-08-01,Krishnaraja Sagara,230.358,20.835673
2018-08-02,Krishnaraja Sagara,243.751,0.0
2018-08-03,Krishnaraja Sagara,268.33,10.947557
2018-08-04,Krishnaraja Sagara,229.48,6.3566460000000005
2018-08-05,Krishnaraja Sagara,173.441,3.178323
2018-08-06,Krishnaraja Sagara,191.365,4.944058000000001
2018-08-07,Krishnaraja Sagara,155.544,26.132878
2018-08-08,Krishnaraja Sagara,124.198,40.965052
2018-08-09,Krishnaraja Sagara,359.907,40.965052
2018-08-10,Krishnaraja Sagara,1350.968,40.965052
2018-08-11,Krishnaraja Sagara,1147.908,0.0
2018-08-12,Krishnaraja Sagara,896.851,33.548965
2018-08-13,Krishnaraja Sagara,779.506,32.913300400000004
2018-08-14,Krishnaraja Sagara,1627.199,32.277635800000006
2018-08-15,Krishnaraja Sagara,2828.74,31.6419712
2018-08-16,Krishnaraja Sagara,3487.078,31.0063066
2018-08-17,Krishnaraja Sagara,2837.66,30.370642
2018-08-18,Krishnaraja Sagara,3774.041,29.7349774
2018-08-19,Krishnaraja Sagara,3274.504,29.0993128
2018-08-20,Krishnaraja Sagara,2672.601,28.4636482
2018-08-21,Krishnaraja Sagara,2063.109,27.8279836
2018-08-22,Krishnaraja Sagara,805.274,27.192319
2018-08-23,Krishnaraja Sagara,732.189,26.556654400000003
2018-08-24,Krishnaraja Sagara,694.782,25.9209898
2018-08-25,Krishnaraja Sagara,599.468,25.2853252
2018-08-26,Krishnaraja Sagara,584.601,24.6496606
2018-08-27,Krishnaraja Sagara,287.756,24.013996
2018-08-28,Krishnaraja Sagara,253.266,23.3783314
2018-08-29,Krishnaraja Sagara,289.88,22.7426668
2018-08-30,Krishnaraja Sagara,279.77,22.1070022
2018-08-31,Krishnaraja Sagara,293.844,21.4713376
2018-09-01,Krishnaraja Sagara,324.369,20.835673
2018-09-02,Krishnaraja Sagara,201.361,15.185321
2018-09-03,Krishnaraja Sagara,201.361,10.59441
2018-09-04,Krishnaraja Sagara,154.893,6.003499000000001
2018-09-05,Krishnaraja Sagara,111.965,3.178323
2018-09-06,Krishnaraja Sagara,61.646,5.297205
2018-09-07,Krishnaraja Sagara,25.032,27.898613000000005
2018-09-08,Krishnaraja Sagara,37.463,40.965052
2018-09-09,Krishnaraja Sagara,34.971,40.965052
2018-09-10,Krishnaraja Sagara,33.046,40.965052
2018-09-11,Krishnaraja Sagara,35.962,40.965052
2018-09-12,Krishnaraja Sagara,30.865,33.195818
2018-09-13,Krishnaraja Sagara,71.019,32.54528405263158
2018-09-14,Krishnaraja Sagara,53.151,31.89475010526316
2018-09-15,Krishnaraja Sagara,30.271,31.244216157894737
2018-09-16,Krishnaraja Sagara,40.946,30.593682210526318
2018-09-17,Krishnaraja Sagara,30.327,29.94314826315789
2018-09-18,Krishnaraja Sagara,29.45,29.29261431578947
2018-09-19,Krishnaraja Sagara,29.166,28.642080368421052
2018-09-20,Krishnaraja Sagara,30.327,27.991546421052632
2018-09-21,Krishnaraja Sagara,28.94,27.341012473684213
2018-09-22,Krishnaraja Sagara,30.809,26.69047852631579
2018-09-23,Krishnaraja Sagara,30.554,26.03994457894737
2018-09-24,Krishnaraja Sagara,31.375,25.389410631578947
2018-09-25,Krishnaraja Sagara,31.658,24.738876684210528
2018-09-26,Krishnaraja Sagara,174.262,24.088342736842108
2018-09-27,Krishnaraja Sagara,274.022,23.437808789473685
2018-09-28,Krishnaraja Sagara,492.402,22.787274842105266
2018-09-29,Krishnaraja Sagara,438.77,22.13674089473684
2018-09-30,Krishnaraja Sagara,358.491,21.486206947368423
2018-10-01,Krishnaraja Sagara,238.371,20.835673
2018-10-02,Krishnaraja Sagara,254.937,14.832174
2018-10-03,Krishnaraja Sagara,214.019,10.241263
2018-10-04,Krishnaraja Sagara,163.077,5.650352000000001
2018-10-05,Krishnaraja Sagara,185.56,3.178323
2018-10-06,Krishnaraja Sagara,185.56,5.297205
2018-10-07,Krishnaraja Sagara,158.121,30.017495
2018-10-08,Krishnaraja Sagara,112.39,40.965052
2018-10-09,Krishnaraja Sagara,112.39,40.965052
2018-10-10,Krishnaraja Sagara,112.39,40.965052
2018-10-11,Krishnaraja Sagara,112.39,40.611905
2018-10-12,Krishnaraja Sagara,113.749,33.195818
2018-10-13,Krishnaraja Sagara,113.749,32.577810750000005
2018-10-14,Krishnaraja Sagara,113.749,31.959803500000003
2018-10-15,Krishnaraja Sagara,114.485,31.34179625
2018-10-16,Krishnaraja Sagara,115.221,30.723789
2018-10-17,Krishnaraja Sagara,100.072,30.10578175
2018-10-18,Krishnaraja Sagara,82.091,29.4877745
2018-10-19,Krishnaraja Sagara,300.102,28.86976725
2018-10-20,Krishnaraja Sagara,183.323,28.25176
2018-10-21,Krishnaraja Sagara,185.702,27.63375275
2018-10-22,Krishnaraja Sagara,112.39,27.0157455
2018-10-23,Krishnaraja Sagara,119.356,26.39773825
2018-10-24,Krishnaraja Sagara,126.293,25.779731
2018-10-25,Krishnaraja Sagara,126.293,25.16172375
2018-10-26,Krishnaraja Sagara,127.652,24.5437165
2018-10-27,Krishnaraja Sagara,127.652,23.92570925
2018-10-28,Krishnaraja Sagara,81.921,23.307702
2018-10-29,Krishnaraja Sagara,59.692,22.68969475
2018-10-30,Krishnaraja Sagara,45.987,22.071687500000003
2018-10-31,Krishnaraja Sagara,32.225,21.45368025
2018-11-01,Krishnaraja Sagara,28.062,20.835673
2018-11-02,Krishnaraja Sagara,26.929,14.479027
2018-11-03,Krishnaraja Sagara,25.853,9.888116000000002
2018-11-04,Krishnaraja Sagara,25.485,5.297205
2018-11-05,Krishnaraja Sagara,26.051,2.8251760000000004
2018-11-06,Krishnaraja Sagara,26.306,6.003499000000001
2018-11-07,Krishnaraja Sagara,25.315,32.842671
2018-11-08,Krishnaraja Sagara,25.004,40.965052
2018-11-09,Krishnaraja Sagara,25.74,40.965052
2018-11-10,Krishnaraja Sagara,26.023,40.965052
2018-11-11,Krishnaraja Sagara,25.145,40.258758
2018-11-12,Krishnaraja Sagara,24.862,33.548965
2018-11-13,Krishnaraja Sagara,25.683,32.879844368421054
2018-11-14,Krishnaraja Sagara,25.995,32.210723736842105
2018-11-15,Krishnaraja Sagara,25.23,31.54160310526316
2018-11-16,Krishnaraja Sagara,24.975,30.87248247368421
2018-11-17,Krishnaraja Sagara,25.74,30.203361842105263
2018-11-18,Krishnaraja Sagara,21.974,29.534241210526314
2018-11-19,Krishnaraja Sagara,21.323,28.86512057894737
2018-11-20,Krishnaraja Sagara,25.202,28.19599994736842
2018-11-21,Krishnaraja Sagara,22.229,27.52687931578948
2018-11-22,Krishnaraja Sagara,22.427,26.857758684210523
2018-11-23,Krishnaraja Sagara,29.903,26.18863805263158
2018-11-24,Krishnaraja Sagara,29.704,25.519517421052637
2018-11-25,Krishnaraja Sagara,31.545,24.85039678947368
2018-11-26,Krishnaraja Sagara,43.381,24.181276157894736
2018-11-27,Krishnaraja Sagara,42.447,23.51215552631579
2018-11-28,Krishnaraja Sagara,53.689,22.84303489473684
2018-11-29,Krishnaraja Sagara,45.845,22.173914263157897
2018-11-30,Krishnaraja Sagara,46.525,21.504793631578945
2018-12-01,Krishnaraja Sagara,50.291,20.835673
2018-12-02,Krishnaraja Sagara,42.957,14.125880000000002
2018-12-03,Krishnaraja Sagara,38.681,9.534969000000002
2018-12-04,Krishnaraja Sagara,39.729,4.944058000000001
2018-12-05,Krishnaraja Sagara,37.293,2.8251760000000004
2018-12-06,Krishnaraja Sagara,37.661,7.769234000000001
2018-12-07,Krishnaraja Sagara,31.885,35.667847
2018-12-08,Krishnaraja Sagara,35.623,40.965052
2018-12-09,Krishnaraja Sagara,36.274,40.965052
2018-12-10,Krishnaraja Sagara,36.727,40.965052
2018-12-11,Krishnaraja Sagara,34.178,40.965052
2018-12-12,Krishnaraja Sagara,38.851,33.195818
2018-12-13,Krishnaraja Sagara,38.851,33.14284595
2018-12-14,Krishnaraja Sagara,42.589,33.0898739
2018-12-15,Krishnaraja Sagara,39.757,33.03690185
2018-12-16,Krishnaraja Sagara,39.757,32.983929800000006
2018-12-17,Krishnaraja Sagara,36.019,32.930957750000005
2018-12-18,Krishnaraja Sagara,38.341,32.8779857
2018-12-19,Krishnaraja Sagara,36.869,32.82501365
2018-12-20,Krishnaraja Sagara,36.5,32.7720416
2018-12-21,Krishnaraja Sagara,32.763,32.71906955
2018-12-22,Krishnaraja Sagara,36.5,32.66609750000001
2018-12-23,Krishnaraja Sagara,33.527,32.61312545
2018-12-24,Krishnaraja Sagara,33.386,32.560153400000004
2018-12-25,Krishnaraja Sagara,29.733,32.50718135
2018-12-26,Krishnaraja Sagara,26.08,32.4542093
2018-12-27,Krishnaraja Sagara,29.733,32.40123725
2018-12-28,Krishnaraja Sagara,26.08,32.3482652
2018-12-29,Krishnaraja Sagara,17.613,32.29529315
2018-12-30,Krishnaraja Sagara,16.48,32.242321100000005
2018-12-31,Krishnaraja Sagara,12.828,32.189349050000004
2019-01-01,Krishnaraja Sagara,16.452,32.136377
2019-01-02,Krishnaraja Sagara,16.82,27.545466
2019-01-03,Krishnaraja Sagara,13.167,22.601408000000003
2019-01-04,Krishnaraja Sagara,13.167,15.891615000000002
2019-01-05,Krishnaraja Sagara,12.743,9.888116000000002
2019-01-06,Krishnaraja Sagara,12.601,6.709793
2019-01-07,Krishnaraja Sagara,8.92,6.3566460000000005
2019-01-08,Krishnaraja Sagara,12.573,0.0
2019-01-09,Krishnaraja Sagara,8.891,40.965052
2019-01-10,Krishnaraja Sagara,8.891,40.965052
2019-01-11,Krishnaraja Sagara,12.573,40.965052
2019-01-12,Krishnaraja Sagara,11.893,40.965052
2019-01-13,Krishnaraja Sagara,11.497,40.52361825
2019-01-14,Krishnaraja Sagara,7.362,40.0821845
2019-01-15,Krishnaraja Sagara,6.598,39.64075075
2019-01-16,Krishnaraja Sagara,6.456,39.19931700000001
2019-01-17,Krishnaraja Sagara,7.674,38.75788325
2019-01-18,Krishnaraja Sagara,7.504,38.3164495
2019-01-19,Krishnaraja Sagara,10.902,37.87501575
2019-01-20,Krishnaraja Sagara,8.438,37.433582
2019-01-21,Krishnaraja Sagara,8.297,36.99214825000001
2019-01-22,Krishnaraja Sagara,8.155,36.5507145
2019-01-23,Krishnaraja Sagara,7.815,36.10928075
2019-01-24,Krishnaraja Sagara,8.184,35.667847
2019-01-25,Krishnaraja Sagara,6.286,35.22641325000001
2019-01-26,Krishnaraja Sagara,6.145,34.7849795
2019-01-27,Krishnaraja Sagara,5.833,34.343545750000004
2019-01-28,Krishnaraja Sagara,5.72,33.902112
2019-01-29,Krishnaraja Sagara,5.012,33.46067825
2019-01-30,Krishnaraja Sagara,5.862,33.019244500000006
2019-01-31,Krishnaraja Sagara,5.833,32.577810750000005
2019-02-01,Krishnaraja Sagara,5.493,32.136377
2019-02-02,Krishnaraja Sagara,5.409,27.545466
2019-02-03,Krishnaraja Sagara,6.371,22.601408000000003
2019-02-04,Krishnaraja Sagara,6.57,15.538468000000002
2019-02-05,Krishnaraja Sagara,7.702,9.534969000000002
2019-02-06,Krishnaraja Sagara,8.07,6.709793
2019-02-07,Krishnaraja Sagara,4.814,6.3566460000000005
2019-02-08,Krishnaraja Sagara,4.814,8.122381
2019-02-09,Krishnaraja Sagara,8.07,40.965052
2019-02-10,Krishnaraja Sagara,8.07,0.0
2019-02-11,Krishnaraja Sagara,4.814,40.965052
2019-02-12,Krishnaraja Sagara,4.814,40.965052
2019-02-13,Krishnaraja Sagara,4.814,40.44571817647059
2019-02-14,Krishnaraja Sagara,8.07,39.92638435294118
2019-02-15,Krishnaraja Sagara,4.814,39.40705052941176
2019-02-16,Krishnaraja Sagara,4.814,38.88771670588236
2019-02-17,Krishnaraja Sagara,4.814,38.36838288235294
2019-02-18,Krishnaraja Sagara,4.219,37.84904905882353
2019-02-19,Krishnaraja Sagara,5.409,37.32971523529413
2019-02-20,Krishnaraja Sagara,5.267,36.8103814117647
2019-02-21,Krishnaraja Sagara,5.635,36.291047588235294
2019-02-22,Krishnaraja Sagara,3.823,35.771713764705886
2019-02-23,Krishnaraja Sagara,4.021,35.25237994117648
2019-02-24,Krishnaraja Sagara,4.899,34.73304611764706
2019-02-25,Krishnaraja Sagara,3.993,34.21371229411765
2019-02-26,Krishnaraja Sagara,3.823,33.69437847058824
2019-02-27,Krishnaraja Sagara,4.078,33.175044647058826
2019-02-28,Krishnaraja Sagara,2.917,32.65571082352941
2019-03-01,Krishnaraja Sagara,2.803,32.136377
2019-03-02,Krishnaraja Sagara,3.681,27.192319
2019-03-03,Krishnaraja Sagara,2.407,22.248261000000003
2019-03-04,Krishnaraja Sagara,1.926,15.185321
2019-03-05,Krishnaraja Sagara,3.908,9.181822
2019-03-06,Krishnaraja Sagara,4.361,6.709793
2019-03-07,Krishnaraja Sagara,2.01,6.3566460000000005
2019-03-08,Krishnaraja Sagara,3.766,8.122381
2019-03-09,Krishnaraja Sagara,3.766,40.965052
2019-03-10,Krishnaraja Sagara,3.2,0.0
2019-03-11,Krishnaraja Sagara,3.2,40.965052
2019-03-12,Krishnaraja Sagara,3.2,40.965052
2019-03-13,Krishnaraja Sagara,5.947,40.52361825
2019-03-14,Krishnaraja Sagara,5.947,40.0821845
2019-03-15,Krishnaraja Sagara,3.2,39.64075075
2019-03-16,Krishnaraja Sagara,3.2,39.19931700000001
2019-03-17,Krishnaraja Sagara,3.625,38.75788325
2019-03-18,Krishnaraja Sagara,3.653,38.3164495
2019-03-19,Krishnaraja Sagara,3.653,37.87501575
2019-03-20,Krishnaraja Sagara,3.653,37.433582
2019-03-21,Krishnaraja Sagara,2.18,36.99214825000001
2019-03-22,Krishnaraja Sagara,2.294,36.5507145
2019-03-23,Krishnaraja Sagara,3.455,36.10928075
2019-03-24,Krishnaraja Sagara,3.993,35.667847
2019-03-25,Krishnaraja Sagara,2.435,35.22641325000001
2019-03-26,Krishnaraja Sagara,3.936,34.7849795
2019-03-27,Krishnaraja Sagara,1.699,34.343545750000004
2019-03-28,Krishnaraja Sagara,1.642,33.902112
2019-03-29,Krishnaraja Sagara,1.614,33.46067825
2019-03-30,Krishnaraja Sagara,1.727,33.019244500000006
2019-03-31,Krishnaraja Sagara,1.982,32.577810750000005
2019-04-01,Krishnaraja Sagara,1.671,32.136377
2019-04-02,Krishnaraja Sagara,3.625,26.839172
2019-04-03,Krishnaraja Sagara,2.945,21.895114
2019-04-04,Krishnaraja Sagara,1.756,14.832174
2019-04-05,Krishnaraja Sagara,3.2,8.828675
2019-04-06,Krishnaraja Sagara,2.124,6.709793
2019-04-07,Krishnaraja Sagara,3.653,6.3566460000000005
2019-04-08,Krishnaraja Sagara,2.747,7.769234000000001
2019-04-09,Krishnaraja Sagara,2.294,40.965052
2019-04-10,Krishnaraja Sagara,2.888,40.965052
2019-04-11,Krishnaraja Sagara,2.888,40.965052
2019-04-12,Krishnaraja Sagara,2.86,40.965052
2019-04-13,Krishnaraja Sagara,2.86,40.50038489473685
2019-04-14,Krishnaraja Sagara,2.86,40.03571778947368
2019-04-15,Krishnaraja Sagara,4.955,39.571050684210526
2019-04-16,Krishnaraja Sagara,4.955,39.10638357894737
2019-04-17,Krishnaraja Sagara,2.86,38.64171647368421
2019-04-18,Krishnaraja Sagara,2.86,38.17704936842105
2019-04-19,Krishnaraja Sagara,5.125,37.7123822631579
2019-04-20,Krishnaraja Sagara,5.125,37.24771515789474
2019-04-21,Krishnaraja Sagara,3.341,36.78304805263158
2019-04-22,Krishnaraja Sagara,4.304,36.318380947368425
2019-04-23,Krishnaraja Sagara,4.304,35.853713842105265
2019-04-24,Krishnaraja Sagara,4.786,35.38904673684211
2019-04-25,Krishnaraja Sagara,3.058,34.924379631578944
2019-04-26,Krishnaraja Sagara,3.285,34.45971252631579
2019-04-27,Krishnaraja Sagara,4.361,33.99504542105263
2019-04-28,Krishnaraja Sagara,2.917,33.53037831578948
2019-04-29,Krishnaraja Sagara,3.087,33.06571121052632
2019-04-30,Krishnaraja Sagara,4.276,32.60104410526316
2019-05-01,Krishnaraja Sagara,4.163,32.136377
2019-05-02,Krishnaraja Sagara,4.332,26.839172
2019-05-03,Krishnaraja Sagara,3.455,21.541967
2019-05-04,Krishnaraja Sagara,4.276,14.479027
2019-05-05,Krishnaraja Sagara,4.417,8.828675
2019-05-06,Krishnaraja Sagara,3.03,6.709793
2019-05-07,Krishnaraja Sagara,3.766,6.709793
2019-05-08,Krishnaraja Sagara,4.644,7.769234000000001
2019-05-09,Krishnaraja Sagara,4.361,40.965052
2019-05-10,Krishnaraja Sagara,3.851,40.965052
2019-05-11,Krishnaraja Sagara,4.049,40.965052
2019-05-12,Krishnaraja Sagara,4.049,40.965052
2019-05-13,Krishnaraja Sagara,4.049,40.52361825
2019-05-14,Krishnaraja Sagara,5.578,40.0821845
2019-05-15,Krishnaraja Sagara,5.578,39.64075075
2019-05-16,Krishnaraja Sagara,4.219,39.19931700000001
2019-05-17,Krishnaraja Sagara,4.021,38.75788325
2019-05-18,Krishnaraja Sagara,4.021,38.3164495
2019-05-19,Krishnaraja Sagara,3.993,37.87501575
2019-05-20,Krishnaraja Sagara,3.993,37.433582
2019-05-21,Krishnaraja Sagara,5.522,36.99214825000001
2019-05-22,Krishnaraja Sagara,3.964,36.5507145
2019-05-23,Krishnaraja Sagara,3.936,36.10928075
2019-05-24,Krishnaraja Sagara,3.936,35.667847
2019-05-25,Krishnaraja Sagara,5.465,35.22641325000001
2019-05-26,Krishnaraja Sagara,5.465,34.7849795
2019-05-27,Krishnaraja Sagara,3.908,34.343545750000004
2019-05-28,Krishnaraja Sagara,3.879,33.902112
2019-05-29,Krishnaraja Sagara,5.409,33.46067825
2019-05-30,Krishnaraja Sagara,3.879,33.019244500000006
2019-05-31,Krishnaraja Sagara,3.851,32.577810750000005
2019-06-01,Krishnaraja Sagara,5.38,32.136377
2019-06-02,Krishnaraja Sagara,3.455,26.839172
2019-06-03,Krishnaraja Sagara,3.426,21.18882
2019-06-04,Krishnaraja Sagara,3.398,14.125880000000002
2019-06-05,Krishnaraja Sagara,3.398,8.475528
2019-06-06,Krishnaraja Sagara,3.37,6.709793
2019-06-07,Krishnaraja Sagara,3.37,6.709793
2019-06-08,Krishnaraja Sagara,4.814,8.475528
2019-06-09,Krishnaraja Sagara,3.313,40.965052
2019-06-10,Krishnaraja Sagara,3.313,40.965052
2019-06-11,Krishnaraja Sagara,3.285,40.965052
2019-06-12,Krishnaraja Sagara,3.285,40.965052
2019-06-13,Krishnaraja Sagara,3.256,40.50038489473685
2019-06-14,Krishnaraja Sagara,3.228,40.03571778947368
2019-06-15,Krishnaraja Sagara,3.2,39.571050684210526
2019-06-16,Krishnaraja Sagara,3.171,39.10638357894737
2019-06-17,Krishnaraja Sagara,3.143,38.64171647368421
2019-06-18,Krishnaraja Sagara,4.417,38.17704936842105
2019-06-19,Krishnaraja Sagara,5.833,37.7123822631579
2019-06-20,Krishnaraja Sagara,5.777,37.24771515789474
2019-06-21,Krishnaraja Sagara,4.332,36.78304805263158
2019-06-22,Krishnaraja Sagara,5.748,36.318380947368425
2019-06-23,Krishnaraja Sagara,5.748,35.853713842105265
2019-06-24,Krishnaraja Sagara,7.164,35.38904673684211
2019-06-25,Krishnaraja Sagara,7.164,34.924379631578944
2019-06-26,Krishnaraja Sagara,8.58,34.45971252631579
2019-06-27,Krishnaraja Sagara,8.58,33.99504542105263
2019-06-28,Krishnaraja Sagara,18.548,33.53037831578948
2019-06-29,Krishnaraja Sagara,27.071,33.06571121052632
2019-06-30,Krishnaraja Sagara,25.683,32.60104410526316
2019-07-01,Krishnaraja Sagara,21.832,32.136377
2019-07-02,Krishnaraja Sagara,18.944,26.839172
2019-07-03,Krishnaraja Sagara,18.661,20.835673
2019-07-04,Krishnaraja Sagara,18.746,13.772733
2019-07-05,Krishnaraja Sagara,40.805,8.122381
2019-07-06,Krishnaraja Sagara,62.92,6.709793
2019-07-07,Krishnaraja Sagara,131.702,7.062940000000001
2019-07-08,Krishnaraja Sagara,340.907,9.888116000000002
2019-07-09,Krishnaraja Sagara,209.743,40.965052
2019-07-10,Krishnaraja Sagara,226.11,40.965052
2019-07-11,Krishnaraja Sagara,189.666,40.965052
2019-07-12,Krishnaraja Sagara,241.996,40.965052
2019-07-13,Krishnaraja Sagara,173.497,40.52361825
2019-07-14,Krishnaraja Sagara,138.809,40.0821845
2019-07-15,Krishnaraja Sagara,102.167,39.64075075
2019-07-16,Krishnaraja Sagara,83.308,39.19931700000001
2019-07-17,Krishnaraja Sagara,73.001,38.75788325
2019-07-18,Krishnaraja Sagara,72.095,38.3164495
2019-07-19,Krishnaraja Sagara,55.19,37.87501575
2019-07-20,Krishnaraja Sagara,28.175,37.433582
2019-07-21,Krishnaraja Sagara,9.514,36.99214825000001
2019-07-22,Krishnaraja Sagara,18.151,36.5507145
2019-07-23,Krishnaraja Sagara,104.857,36.10928075
2019-07-24,Krishnaraja Sagara,199.549,35.667847
2019-07-25,Krishnaraja Sagara,256.721,35.22641325000001
2019-07-26,Krishnaraja Sagara,204.448,34.7849795
2019-07-27,Krishnaraja Sagara,143.51,34.343545750000004
2019-07-28,Krishnaraja Sagara,139.347,33.902112
2019-07-29,Krishnaraja Sagara,123.235,33.46067825
2019-07-30,Krishnaraja Sagara,90.614,33.019244500000006
2019-07-31,Krishnaraja Sagara,96.107,32.577810750000005
2019-08-01,Krishnaraja Sagara,184.371,32.136377
2019-08-02,Krishnaraja Sagara,184.399,26.839172
2019-08-03,Krishnaraja Sagara,144.529,20.482526
2019-08-04,Krishnaraja Sagara,135.411,13.419586
2019-08-05,Krishnaraja Sagara,160.103,7.769234000000001
2019-08-06,Krishnaraja Sagara,358.35,6.709793
2019-08-07,Krishnaraja Sagara,643.33,8.122381
2019-08-08,Krishnaraja Sagara,871.423,12.006998
2019-08-09,Krishnaraja Sagara,1448.463,40.965052
2019-08-10,Krishnaraja Sagara,3073.935,40.965052
2019-08-11,Krishnaraja Sagara,5315.667,40.965052
2019-08-12,Krishnaraja Sagara,5782.3,40.965052
2019-08-13,Krishnaraja Sagara,2557.521,40.52361825
2019-08-14,Krishnaraja Sagara,1099.94,40.0821845
2019-08-15,Krishnaraja Sagara,531.451,39.64075075
2019-08-16,Krishnaraja Sagara,523.862,39.19931700000001
2019-08-17,Krishnaraja Sagara,621.668,38.75788325
2019-08-18,Krishnaraja Sagara,665.134,38.3164495
2019-08-19,Krishnaraja Sagara,489.287,37.87501575
2019-08-20,Krishnaraja Sagara,241.911,37.433582
2019-08-21,Krishnaraja Sagara,241.911,36.99214825000001
2019-08-22,Krishnaraja Sagara,239.079,36.5507145
2019-08-23,Krishnaraja Sagara,239.079,36.10928075
2019-08-24,Krishnaraja Sagara,240.495,35.667847
2019-08-25,Krishnaraja Sagara,236.219,35.22641325000001
2019-08-26,Krishnaraja Sagara,229.508,34.7849795
2019-08-27,Krishnaraja Sagara,232.0,34.343545750000004
2019-08-28,Krishnaraja Sagara,250.321,33.902112
2019-08-29,Krishnaraja Sagara,250.321,33.46067825
2019-08-30,Krishnaraja Sagara,247.489,33.019244500000006
2019-08-31,Krishnaraja Sagara,247.489,32.577810750000005
2019-09-01,Krishnaraja Sagara,248.509,32.136377
2019-09-02,Krishnaraja Sagara,249.415,26.486025
2019-09-03,Krishnaraja Sagara,249.415,20.129379
2019-09-04,Krishnaraja Sagara,347.872,13.066439
2019-09-05,Krishnaraja Sagara,510.213,7.769234000000001
2019-09-06,Krishnaraja Sagara,1266.528,6.709793
2019-09-07,Krishnaraja Sagara,1579.344,8.828675
2019-09-08,Krishnaraja Sagara,1188.288,16.597909
2019-09-09,Krishnaraja Sagara,1292.607,40.965052
2019-09-10,Krishnaraja Sagara,1292.607,40.965052
2019-09-11,Krishnaraja Sagara,1172.317,40.965052
2019-09-12,Krishnaraja Sagara,582.591,40.965052
2019-09-13,Krishnaraja Sagara,408.725,38.80899663157894
2019-09-14,Krishnaraja Sagara,408.725,36.65294126315789
2019-09-15,Krishnaraja Sagara,408.725,34.49688589473684
2019-09-16,Krishnaraja Sagara,405.894,32.340830526315784
2019-09-17,Krishnaraja Sagara,262.469,30.184775157894737
2019-09-18,Krishnaraja Sagara,249.415,28.028719789473683
2019-09-19,Krishnaraja Sagara,249.415,25.87266442105263
2019-09-20,Krishnaraja Sagara,250.831,23.71660905263158
2019-09-21,Krishnaraja Sagara,252.246,21.56055368421053
2019-09-22,Krishnaraja Sagara,252.246,19.404498315789475
2019-09-23,Krishnaraja Sagara,250.831,17.248442947368417
2019-09-24,Krishnaraja Sagara,249.415,15.092387578947369
2019-09-25,Krishnaraja Sagara,334.394,12.936332210526311
2019-09-26,Krishnaraja Sagara,380.493,10.780276842105264
2019-09-27,Krishnaraja Sagara,324.823,8.624221473684209
2019-09-28,Krishnaraja Sagara,246.583,6.468166105263154
2019-09-29,Krishnaraja Sagara,246.583,4.312110736842104
2019-09-30,Krishnaraja Sagara,194.423,2.156055368421054
2019-10-01,Krishnaraja Sagara,194.423,0.0
2019-10-02,Krishnaraja Sagara,146.455,26.486025
2019-10-03,Krishnaraja Sagara,146.455,20.129379
2019-10-04,Krishnaraja Sagara,132.381,13.066439
2019-10-05,Krishnaraja Sagara,108.51,7.416087
2019-10-06,Krishnaraja Sagara,88.179,6.709793
2019-10-07,Krishnaraja Sagara,87.471,9.181822
2019-10-08,Krishnaraja Sagara,86.735,25.779731
2019-10-09,Krishnaraja Sagara,155.261,40.965052
2019-10-10,Krishnaraja Sagara,223.788,40.965052
2019-10-11,Krishnaraja Sagara,155.261,40.965052
2019-10-12,Krishnaraja Sagara,86.735,40.965052
2019-10-13,Krishnaraja Sagara,123.15,40.505960900000005
2019-10-14,Krishnaraja Sagara,130.909,40.0468698
2019-10-15,Krishnaraja Sagara,130.909,39.5877787
2019-10-16,Krishnaraja Sagara,233.699,39.128687600000006
2019-10-17,Krishnaraja Sagara,698.293,38.6695965
2019-10-18,Krishnaraja Sagara,466.69,38.2105054
2019-10-19,Krishnaraja Sagara,242.279,37.7514143
2019-10-20,Krishnaraja Sagara,242.279,37.292323200000006
2019-10-21,Krishnaraja Sagara,235.228,36.8332321
2019-10-22,Krishnaraja Sagara,213.141,36.374141
2019-10-23,Krishnaraja Sagara,549.8,35.9150499
2019-10-24,Krishnaraja Sagara,680.284,35.455958800000005
2019-10-25,Krishnaraja Sagara,295.373,34.9968677
2019-10-26,Krishnaraja Sagara,191.054,34.5377766
2019-10-27,Krishnaraja Sagara,293.986,34.0786855
2019-10-28,Krishnaraja Sagara,398.305,33.6195944
2019-10-29,Krishnaraja Sagara,398.305,33.1605033
2019-10-30,Krishnaraja Sagara,268.642,32.7014122
2019-10-31,Krishnaraja Sagara,228.29,32.242321100000005
2019-11-01,Krishnaraja Sagara,221.324,31.783230000000003
2019-11-02,Krishnaraja Sagara,219.965,26.486025
2019-11-03,Krishnaraja Sagara,219.965,20.129379
2019-11-04,Krishnaraja Sagara,221.381,13.066439
2019-11-05,Krishnaraja Sagara,222.797,7.416087
2019-11-06,Krishnaraja Sagara,222.797,6.709793
2019-11-07,Krishnaraja Sagara,170.637,9.888116000000002
2019-11-08,Krishnaraja Sagara,170.637,37.080435
2019-11-09,Krishnaraja Sagara,169.221,40.965052
2019-11-10,Krishnaraja Sagara,304.859,40.965052
2019-11-11,Krishnaraja Sagara,304.859,40.965052
2019-11-12,Krishnaraja Sagara,167.806,40.965052
2019-11-13,Krishnaraja Sagara,167.806,40.48179821052632
2019-11-14,Krishnaraja Sagara,169.221,39.99854442105264
2019-11-15,Krishnaraja Sagara,170.637,39.51529063157894
2019-11-16,Krishnaraja Sagara,170.637,39.03203684210526
2019-11-17,Krishnaraja Sagara,169.221,38.54878305263158
2019-11-18,Krishnaraja Sagara,167.806,38.0655292631579
2019-11-19,Krishnaraja Sagara,167.806,37.58227547368421
2019-11-20,Krishnaraja Sagara,130.173,37.09902168421053
2019-11-21,Krishnaraja Sagara,111.88,36.61576789473684
2019-11-22,Krishnaraja Sagara,102.734,36.13251410526316
2019-11-23,Krishnaraja Sagara,98.175,35.64926031578948
2019-11-24,Krishnaraja Sagara,89.0,35.16600652631579
2019-11-25,Krishnaraja Sagara,98.146,34.68275273684211
2019-11-26,Krishnaraja Sagara,79.854,34.199498947368426
2019-11-27,Krishnaraja Sagara,84.413,33.71624515789474
2019-11-28,Krishnaraja Sagara,97.58,33.232991368421054
2019-11-29,Krishnaraja Sagara,97.325,32.749737578947375
2019-11-30,Krishnaraja Sagara,92.851,32.266483789473696
2019-12-01,Krishnaraja Sagara,96.9,31.783230000000003
2019-12-02,Krishnaraja Sagara,106.301,26.486025
2019-12-03,Krishnaraja Sagara,123.858,20.129379
2019-12-04,Krishnaraja Sagara,140.706,13.066439
2019-12-05,Krishnaraja Sagara,131.758,7.416087
2019-12-06,Krishnaraja Sagara,113.805,6.709793
2019-12-07,Krishnaraja Sagara,91.407,10.59441
2019-12-08,Krishnaraja Sagara,95.909,40.965052
2019-12-09,Krishnaraja Sagara,95.909,40.965052
2019-12-10,Krishnaraja Sagara,86.791,40.965052
2019-12-11,Krishnaraja Sagara,82.119,40.965052
2019-12-12,Krishnaraja Sagara,82.119,40.965052
2019-12-13,Krishnaraja Sagara,82.119,40.94739465
2019-12-14,Krishnaraja Sagara,81.779,40.92973729999999
2019-12-15,Krishnaraja Sagara,93.955,40.912079950000006
2019-12-16,Krishnaraja Sagara,102.705,40.8944226
2019-12-17,Krishnaraja Sagara,89.566,40.87676525
2019-12-18,Krishnaraja Sagara,93.955,40.859107900000005
2019-12-19,Krishnaraja Sagara,98.231,40.841450550000005
2019-12-20,Krishnaraja Sagara,91.605,40.8237932
2019-12-21,Krishnaraja Sagara,91.662,40.80613585
2019-12-22,Krishnaraja Sagara,95.937,40.7884785
2019-12-23,Krishnaraja Sagara,100.242,40.77082115
2019-12-24,Krishnaraja Sagara,91.662,40.7531638
2019-12-25,Krishnaraja Sagara,86.338,40.73550645
2019-12-26,Krishnaraja Sagara,86.338,40.7178491
2019-12-27,Krishnaraja Sagara,86.338,40.70019175
2019-12-28,Krishnaraja Sagara,57.851,40.6825344
2019-12-29,Krishnaraja Sagara,56.464,40.66487705
2019-12-30,Krishnaraja Sagara,56.464,40.6472197
2019-12-31,Krishnaraja Sagara,52.188,40.62956235000001
2020-01-01,Krishnaraja Sagara,39.304,40.611905
2020-01-02,Krishnaraja Sagara,39.757,34.255259
2020-01-03,Krishnaraja Sagara,31.177,28.251760000000004
2020-01-04,Krishnaraja Sagara,22.597,0.0
2020-01-05,Krishnaraja Sagara,22.597,16.244762
2020-01-06,Krishnaraja Sagara,18.01,12.713292
2020-01-07,Krishnaraja Sagara,17.16,16.244762
2020-01-08,Krishnaraja Sagara,12.856,23.307702000000003
2020-01-09,Krishnaraja Sagara,12.856,40.965052
2020-01-10,Krishnaraja Sagara,12.856,40.965052
2020-01-11,Krishnaraja Sagara,17.132,40.965052
2020-01-12,Krishnaraja Sagara,17.132,39.905611
2020-01-13,Krishnaraja Sagara,12.856,39.9409257
2020-01-14,Krishnaraja Sagara,10.534,39.9762404
2020-01-15,Krishnaraja Sagara,8.07,40.0115551
2020-01-16,Krishnaraja Sagara,7.759,40.0468698
2020-01-17,Krishnaraja Sagara,12.176,40.0821845
2020-01-18,Krishnaraja Sagara,11.836,40.1174992
2020-01-19,Krishnaraja Sagara,9.288,40.152813900000005
2020-01-20,Krishnaraja Sagara,9.741,40.1881286
2020-01-21,Krishnaraja Sagara,9.401,40.22344329999999
2020-01-22,Krishnaraja Sagara,17.471,40.258758
2020-01-23,Krishnaraja Sagara,21.238,40.2940727
2020-01-24,Krishnaraja Sagara,18.349,40.3293874
2020-01-25,Krishnaraja Sagara,18.151,40.3647021
2020-01-26,Krishnaraja Sagara,15.036,40.4000168
2020-01-27,Krishnaraja Sagara,19.312,40.4353315
2020-01-28,Krishnaraja Sagara,15.688,40.4706462
2020-01-29,Krishnaraja Sagara,19.425,40.5059609
2020-01-30,Krishnaraja Sagara,16.056,40.5412756
2020-01-31,Krishnaraja Sagara,12.912,40.57659030000001
2020-02-01,Krishnaraja Sagara,16.565,40.611905
2020-02-02,Krishnaraja Sagara,14.838,34.255259
2020-02-03,Krishnaraja Sagara,13.479,28.251760000000004
2020-02-04,Krishnaraja Sagara,13.479,24.72029
2020-02-05,Krishnaraja Sagara,17.33,15.891615000000002
2020-02-06,Krishnaraja Sagara,17.33,12.713292
2020-02-07,Krishnaraja Sagara,13.479,16.597909
2020-02-08,Krishnaraja Sagara,13.479,23.307702000000003
2020-02-09,Krishnaraja Sagara,13.366,40.965052
2020-02-10,Krishnaraja Sagara,16.905,40.965052
2020-02-11,Krishnaraja Sagara,15.022,40.965052
2020-02-12,Krishnaraja Sagara,13.139,39.55246400000001
2020-02-13,Krishnaraja Sagara,13.139,39.61132183333334
2020-02-14,Krishnaraja Sagara,12.29,39.67017966666668
2020-02-15,Krishnaraja Sagara,17.273,39.7290375
2020-02-16,Krishnaraja Sagara,16.962,39.78789533333334
2020-02-17,Krishnaraja Sagara,17.443,39.84675316666667
2020-02-18,Krishnaraja Sagara,13.026,39.905611
2020-02-19,Krishnaraja Sagara,12.743,39.964468833333335
2020-02-20,Krishnaraja Sagara,12.431,40.02332666666667
2020-02-21,Krishnaraja Sagara,12.658,40.0821845
2020-02-22,Krishnaraja Sagara,13.762,40.14104233333334
2020-02-23,Krishnaraja Sagara,9.968,40.19990016666667
2020-02-24,Krishnaraja Sagara,6.145,40.258758
2020-02-25,Krishnaraja Sagara,6.428,40.317615833333335
2020-02-26,Krishnaraja Sagara,8.891,40.37647366666666
2020-02-27,Krishnaraja Sagara,6.145,40.4353315
2020-02-28,Krishnaraja Sagara,4.701,40.49418933333333
2020-02-29,Krishnaraja Sagara,7.023,40.553047166666666
2020-03-01,Krishnaraja Sagara,4.87,40.611905
2020-03-02,Krishnaraja Sagara,17.868,33.902112
2020-03-03,Krishnaraja Sagara,25.825,28.251760000000004
2020-03-04,Krishnaraja Sagara,19.369,21.895114
2020-03-05,Krishnaraja Sagara,5.805,15.891615000000002
2020-03-06,Krishnaraja Sagara,2.265,12.713292
2020-03-07,Krishnaraja Sagara,2.265,16.597909
2020-03-08,Krishnaraja Sagara,2.265,23.307702000000003
2020-03-09,Krishnaraja Sagara,4.587,40.965052
2020-03-10,Krishnaraja Sagara,4.559,40.965052
2020-03-11,Krishnaraja Sagara,4.559,40.965052
2020-03-12,Krishnaraja Sagara,4.559,39.55246400000001
2020-03-13,Krishnaraja Sagara,7.9,39.60543605000001
2020-03-14,Krishnaraja Sagara,4.361,39.6584081
2020-03-15,Krishnaraja Sagara,6.06,39.71138015
2020-03-16,Krishnaraja Sagara,8.92,39.7643522
2020-03-17,Krishnaraja Sagara,7.023,39.81732425
2020-03-18,Krishnaraja Sagara,5.578,39.8702963
2020-03-19,Krishnaraja Sagara,8.608,39.92326835000001
2020-03-20,Krishnaraja Sagara,7.391,39.9762404
2020-03-21,Krishnaraja Sagara,7.391,40.02921245
2020-03-22,Krishnaraja Sagara,4.049,40.0821845
2020-03-23,Krishnaraja Sagara,3.002,40.135156550000005
2020-03-24,Krishnaraja Sagara,3.002,40.1881286
2020-03-25,Krishnaraja Sagara,5.918,40.24110065
2020-03-26,Krishnaraja Sagara,5.182,40.2940727
2020-03-27,Krishnaraja Sagara,4.87,40.34704475
2020-03-28,Krishnaraja Sagara,3.256,40.4000168
2020-03-29,Krishnaraja Sagara,2.294,40.45298885
2020-03-30,Krishnaraja Sagara,4.644,40.505960900000005
2020-03-31,Krishnaraja Sagara,3.143,40.558932950000006
2020-04-01,Krishnaraja Sagara,2.549,40.611905
2020-04-02,Krishnaraja Sagara,4.502,33.902112
2020-04-03,Krishnaraja Sagara,3.653,28.251760000000004
2020-04-04,Krishnaraja Sagara,1.246,21.895114
2020-04-05,Krishnaraja Sagara,2.662,15.891615000000002
2020-04-06,Krishnaraja Sagara,2.662,12.713292
2020-04-07,Krishnaraja Sagara,2.633,16.597909
2020-04-08,Krishnaraja Sagara,2.917,23.307702000000003
2020-04-09,Krishnaraja Sagara,5.72,40.965052
2020-04-10,Krishnaraja Sagara,19.765,40.965052
2020-04-11,Krishnaraja Sagara,22.54,40.965052
2020-04-12,Krishnaraja Sagara,22.54,39.19931700000001
2020-04-13,Krishnaraja Sagara,14.102,39.27366373684212
2020-04-14,Krishnaraja Sagara,5.692,39.34801047368421
2020-04-15,Krishnaraja Sagara,5.692,39.42235721052632
2020-04-16,Krishnaraja Sagara,8.155,39.49670394736842
2020-04-17,Krishnaraja Sagara,5.04,39.57105068421053
2020-04-18,Krishnaraja Sagara,4.786,39.64539742105264
2020-04-19,Krishnaraja Sagara,3.625,39.719744157894745
2020-04-20,Krishnaraja Sagara,3.879,39.79409089473685
2020-04-21,Krishnaraja Sagara,3.143,39.86843763157895
2020-04-22,Krishnaraja Sagara,3.823,39.94278436842105
2020-04-23,Krishnaraja Sagara,3.03,40.017131105263154
2020-04-24,Krishnaraja Sagara,3.341,40.09147784210526
2020-04-25,Krishnaraja Sagara,3.058,40.16582457894737
2020-04-26,Krishnaraja Sagara,3.087,40.24017131578948
2020-04-27,Krishnaraja Sagara,3.37,40.31451805263158
2020-04-28,Krishnaraja Sagara,3.285,40.38886478947368
2020-04-29,Krishnaraja Sagara,6.116,40.46321152631579
2020-04-30,Krishnaraja Sagara,4.474,40.53755826315789
2020-05-01,Krishnaraja Sagara,5.267,40.611905
2020-05-02,Krishnaraja Sagara,18.123,33.902112
2020-05-03,Krishnaraja Sagara,6.994,28.251760000000004
2020-05-04,Krishnaraja Sagara,9.713,21.895114
2020-05-05,Krishnaraja Sagara,9.713,15.891615000000002
2020-05-06,Krishnaraja Sagara,7.362,12.713292
2020-05-07,Krishnaraja Sagara,5.04,16.951056
2020-05-08,Krishnaraja Sagara,5.04,24.72029
2020-05-09,Krishnaraja Sagara,5.012,40.965052
2020-05-10,Krishnaraja Sagara,2.662,40.965052
2020-05-11,Krishnaraja Sagara,2.662,40.965052
2020-05-12,Krishnaraja Sagara,3.511,39.19931700000001
2020-05-13,Krishnaraja Sagara,3.511,39.26994640000001
2020-05-14,Krishnaraja Sagara,3.37,39.3405758
2020-05-15,Krishnaraja Sagara,3.341,39.411205200000005
2020-05-16,Krishnaraja Sagara,3.341,39.481834600000006
2020-05-17,Krishnaraja Sagara,3.936,39.55246400000001
2020-05-18,Krishnaraja Sagara,29.931,39.62309340000001
2020-05-19,Krishnaraja Sagara,14.498,39.6937228
2020-05-20,Krishnaraja Sagara,14.47,39.7643522
2020-05-21,Krishnaraja Sagara,18.264,39.8349816
2020-05-22,Krishnaraja Sagara,18.859,39.905611
2020-05-23,Krishnaraja Sagara,15.121,39.9762404
2020-05-24,Krishnaraja Sagara,16.452,40.0468698
2020-05-25,Krishnaraja Sagara,20.388,40.1174992
2020-05-26,Krishnaraja Sagara,25.542,40.1881286
2020-05-27,Krishnaraja Sagara,12.912,40.258758
2020-05-28,Krishnaraja Sagara,13.111,40.3293874
2020-05-29,Krishnaraja Sagara,20.813,40.4000168
2020-05-30,Krishnaraja Sagara,20.077,40.4706462
2020-05-31,Krishnaraja Sagara,18.038,40.5412756
2020-06-01,Krishnaraja Sagara,26.193,40.611905
2020-06-02,Krishnaraja Sagara,25.797,33.902112
2020-06-03,Krishnaraja Sagara,23.701,28.251760000000004
2020-06-04,Krishnaraja Sagara,21.606,21.895114
2020-06-05,Krishnaraja Sagara,19.51,15.891615000000002
2020-06-06,Krishnaraja Sagara,19.51,12.713292
2020-06-07,Krishnaraja Sagara,23.701,17.304203
2020-06-08,Krishnaraja Sagara,36.302,27.545466
2020-06-09,Krishnaraja Sagara,47.94,40.965052
2020-06-10,Krishnaraja Sagara,44.486,40.965052
2020-06-11,Krishnaraja Sagara,55.02,40.965052
2020-06-12,Krishnaraja Sagara,50.942,38.84617000000001
2020-06-13,Krishnaraja Sagara,36.302,38.93910342105264
2020-06-14,Krishnaraja Sagara,38.426,39.03203684210527
2020-06-15,Krishnaraja Sagara,38.454,39.1249702631579
2020-06-16,Krishnaraja Sagara,36.359,39.21790368421053
2020-06-17,Krishnaraja Sagara,53.151,39.310837105263154
2020-06-18,Krishnaraja Sagara,85.687,39.4037705263158
2020-06-19,Krishnaraja Sagara,84.384,39.49670394736842
2020-06-20,Krishnaraja Sagara,170.043,39.58963736842105
2020-06-21,Krishnaraja Sagara,153.081,39.68257078947369
2020-06-22,Krishnaraja Sagara,90.076,39.77550421052632
2020-06-23,Krishnaraja Sagara,66.092,39.86843763157895
2020-06-24,Krishnaraja Sagara,95.739,39.96137105263158
2020-06-25,Krishnaraja Sagara,96.391,40.0543044736842
2020-06-26,Krishnaraja Sagara,74.643,40.14723789473685
2020-06-27,Krishnaraja Sagara,55.926,40.24017131578948
2020-06-28,Krishnaraja Sagara,55.954,40.33310473684211
2020-06-29,Krishnaraja Sagara,53.632,40.42603815789474
2020-06-30,Krishnaraja Sagara,51.31,40.51897157894737
2020-07-01,Krishnaraja Sagara,49.979,40.611905
2020-07-02,Krishnaraja Sagara,78.098,33.902112
2020-07-03,Krishnaraja Sagara,68.527,28.251760000000004
2020-07-04,Krishnaraja Sagara,63.741,21.541967
2020-07-05,Krishnaraja Sagara,96.022,15.891615000000002
2020-07-06,Krishnaraja Sagara,163.983,13.066439
2020-07-07,Krishnaraja Sagara,179.076,18.010497
2020-07-08,Krishnaraja Sagara,254.059,31.430083000000003
2020-07-09,Krishnaraja Sagara,350.902,40.965052
2020-07-10,Krishnaraja Sagara,388.62,40.965052
2020-07-11,Krishnaraja Sagara,294.354,40.965052
2020-07-12,Krishnaraja Sagara,238.003,38.84617000000001
2020-07-13,Krishnaraja Sagara,170.128,38.9167994
2020-07-14,Krishnaraja Sagara,145.039,38.9874288
2020-07-15,Krishnaraja Sagara,84.894,39.058058200000005
2020-07-16,Krishnaraja Sagara,78.806,39.128687600000006
2020-07-17,Krishnaraja Sagara,90.161,39.19931700000001
2020-07-18,Krishnaraja Sagara,243.157,39.26994640000001
2020-07-19,Krishnaraja Sagara,475.185,39.3405758
2020-07-20,Krishnaraja Sagara,413.992,39.411205200000005
2020-07-21,Krishnaraja Sagara,300.612,39.481834600000006
2020-07-22,Krishnaraja Sagara,195.188,39.55246400000001
2020-07-23,Krishnaraja Sagara,153.987,39.62309340000001
2020-07-24,Krishnaraja Sagara,122.895,39.6937228
2020-07-25,Krishnaraja Sagara,90.529,39.7643522
2020-07-26,Krishnaraja Sagara,79.231,39.8349816
2020-07-27,Krishnaraja Sagara,85.772,39.905611
2020-07-28,Krishnaraja Sagara,45.732,39.9762404
2020-07-29,Krishnaraja Sagara,65.695,40.0468698
2020-07-30,Krishnaraja Sagara,40.21,40.1174992
2020-07-31,Krishnaraja Sagara,44.995,40.1881286
2020-08-01,Krishnaraja Sagara,129.691,40.258758
2020-08-02,Krishnaraja Sagara,102.054,33.902112
2020-08-03,Krishnaraja Sagara,93.077,28.251760000000004
2020-08-04,Krishnaraja Sagara,143.17,21.541967
2020-08-05,Krishnaraja Sagara,580.156,15.891615000000002
2020-08-06,Krishnaraja Sagara,1049.649,13.066439
2020-08-07,Krishnaraja Sagara,1386.28,18.716791
2020-08-08,Krishnaraja Sagara,1920.364,35.3147
2020-08-09,Krishnaraja Sagara,2751.406,40.965052
2020-08-10,Krishnaraja Sagara,2207.298,40.965052
2020-08-11,Krishnaraja Sagara,1155.157,40.965052
2020-08-12,Krishnaraja Sagara,726.893,38.49302300000001
2020-08-13,Krishnaraja Sagara,510.468,38.58130975
2020-08-14,Krishnaraja Sagara,382.787,38.6695965
2020-08-15,Krishnaraja Sagara,257.117,38.75788325
2020-08-16,Krishnaraja Sagara,266.292,38.84617000000001
2020-08-17,Krishnaraja Sagara,247.999,38.93445675
2020-08-18,Krishnaraja Sagara,495.573,39.0227435
2020-08-19,Krishnaraja Sagara,877.964,39.11103025
2020-08-20,Krishnaraja Sagara,423.054,39.19931700000001
2020-08-21,Krishnaraja Sagara,556.398,39.28760375
2020-08-22,Krishnaraja Sagara,201.814,39.3758905
2020-08-23,Krishnaraja Sagara,119.469,39.46417725
2020-08-24,Krishnaraja Sagara,124.056,39.55246400000001
2020-08-25,Krishnaraja Sagara,154.327,39.64075075
2020-08-26,Krishnaraja Sagara,113.154,39.7290375
2020-08-27,Krishnaraja Sagara,81.128,39.81732425
2020-08-28,Krishnaraja Sagara,44.542,39.905611
2020-08-29,Krishnaraja Sagara,45.307,39.99389775
2020-08-30,Krishnaraja Sagara,49.611,40.0821845
2020-08-31,Krishnaraja Sagara,49.243,40.17047125
2020-09-01,Krishnaraja Sagara,79.061,40.258758
2020-09-02,Krishnaraja Sagara,191.932,33.902112
2020-09-03,Krishnaraja Sagara,255.531,28.251760000000004
2020-09-04,Krishnaraja Sagara,256.607,21.541967
2020-09-05,Krishnaraja Sagara,236.984,15.891615000000002
2020-09-06,Krishnaraja Sagara,169.759,13.066439
2020-09-07,Krishnaraja Sagara,119.469,19.776232000000004
2020-09-08,Krishnaraja Sagara,127.964,37.786729
2020-09-09,Krishnaraja Sagara,191.365,40.965052
2020-09-10,Krishnaraja Sagara,250.802,40.965052
2020-09-11,Krishnaraja Sagara,168.485,40.965052
2020-09-12,Krishnaraja Sagara,173.101,38.49302300000001
2020-09-13,Krishnaraja Sagara,177.66,38.58595642105264
2020-09-14,Krishnaraja Sagara,212.688,38.67888984210527
2020-09-15,Krishnaraja Sagara,281.356,38.7718232631579
2020-09-16,Krishnaraja Sagara,246.611,38.86475668421053
2020-09-17,Krishnaraja Sagara,199.945,38.957690105263154
2020-09-18,Krishnaraja Sagara,200.002,39.0506235263158
2020-09-19,Krishnaraja Sagara,212.291,39.14355694736842
2020-09-20,Krishnaraja Sagara,284.16,39.23649036842105
2020-09-21,Krishnaraja Sagara,776.618,39.32942378947369
2020-09-22,Krishnaraja Sagara,1083.912,39.42235721052632
2020-09-23,Krishnaraja Sagara,908.348,39.51529063157895
2020-09-24,Krishnaraja Sagara,752.209,39.60822405263158
2020-09-25,Krishnaraja Sagara,372.055,39.7011574736842
2020-09-26,Krishnaraja Sagara,350.732,39.79409089473685
2020-09-27,Krishnaraja Sagara,309.645,39.88702431578948
2020-09-28,Krishnaraja Sagara,287.671,39.97995773684211
2020-09-29,Krishnaraja Sagara,241.967,40.07289115789474
2020-09-30,Krishnaraja Sagara,205.382,40.16582457894737
2020-10-01,Krishnaraja Sagara,187.089,40.258758
2020-10-02,Krishnaraja Sagara,183.861,33.902112
2020-10-03,Krishnaraja Sagara,188.449,27.898613000000005
2020-10-04,Krishnaraja Sagara,174.715,21.541967
2020-10-05,Krishnaraja Sagara,174.715,15.891615000000002
2020-10-06,Krishnaraja Sagara,174.715,13.066439
2020-10-07,Krishnaraja Sagara,176.131,20.835673
2020-10-08,Krishnaraja Sagara,180.378,38.13987600000001
2020-10-09,Krishnaraja Sagara,229.706,40.965052
2020-10-10,Krishnaraja Sagara,307.946,40.965052
2020-10-11,Krishnaraja Sagara,334.026,40.965052
2020-10-12,Krishnaraja Sagara,247.518,38.49302300000001
2020-10-13,Krishnaraja Sagara,244.658,38.58130975
2020-10-14,Krishnaraja Sagara,243.95,38.6695965
2020-10-15,Krishnaraja Sagara,164.974,38.75788325
2020-10-16,Krishnaraja Sagara,86.735,38.84617000000001
2020-10-17,Krishnaraja Sagara,321.453,38.93445675
2020-10-18,Krishnaraja Sagara,347.533,39.0227435
2020-10-19,Krishnaraja Sagara,217.134,39.11103025
2020-10-20,Krishnaraja Sagara,191.054,39.19931700000001
2020-10-21,Krishnaraja Sagara,192.47,39.28760375
2020-10-22,Krishnaraja Sagara,193.885,39.3758905
2020-10-23,Krishnaraja Sagara,192.47,39.46417725
2020-10-24,Krishnaraja Sagara,191.054,39.55246400000001
2020-10-25,Krishnaraja Sagara,191.054,39.64075075
2020-10-26,Krishnaraja Sagara,164.974,39.7290375
2020-10-27,Krishnaraja Sagara,138.894,39.81732425
2020-10-28,Krishnaraja Sagara,156.082,39.905611
2020-10-29,Krishnaraja Sagara,164.124,39.99389775
2020-10-30,Krishnaraja Sagara,109.218,40.0821845
2020-10-31,Krishnaraja Sagara,132.098,40.17047125
2020-11-01,Krishnaraja Sagara,109.218,40.258758
2020-11-02,Krishnaraja Sagara,103.272,33.548965
2020-11-03,Krishnaraja Sagara,139.857,27.898613000000005
2020-11-04,Krishnaraja Sagara,167.296,21.541967
2020-11-05,Krishnaraja Sagara,149.003,15.891615000000002
2020-11-06,Krishnaraja Sagara,199.294,13.066439
2020-11-07,Krishnaraja Sagara,222.174,21.18882
2020-11-08,Krishnaraja Sagara,167.296,40.258758
2020-11-09,Krishnaraja Sagara,126.123,40.965052
2020-11-10,Krishnaraja Sagara,116.977,40.965052
2020-11-11,Krishnaraja Sagara,94.607,40.965052
2020-11-12,Krishnaraja Sagara,125.359,38.49302300000001
2020-11-13,Krishnaraja Sagara,111.936,38.58595642105264
2020-11-14,Krishnaraja Sagara,120.885,38.67888984210527
2020-11-15,Krishnaraja Sagara,107.094,38.7718232631579
2020-11-16,Krishnaraja Sagara,119.44,38.86475668421053
2020-11-17,Krishnaraja Sagara,132.891,38.957690105263154
2020-11-18,Krishnaraja Sagara,128.389,39.0506235263158
2020-11-19,Krishnaraja Sagara,106.018,39.14355694736842
2020-11-20,Krishnaraja Sagara,119.327,39.23649036842105
2020-11-21,Krishnaraja Sagara,97.014,39.32942378947369
2020-11-22,Krishnaraja Sagara,88.235,39.42235721052632
2020-11-23,Krishnaraja Sagara,74.105,39.51529063157895
2020-11-24,Krishnaraja Sagara,78.183,39.60822405263158
2020-11-25,Krishnaraja Sagara,82.714,39.7011574736842
2020-11-26,Krishnaraja Sagara,91.577,39.79409089473685
2020-11-27,Krishnaraja Sagara,82.997,39.88702431578948
2020-11-28,Krishnaraja Sagara,82.714,39.97995773684211
2020-11-29,Krishnaraja Sagara,90.416,40.07289115789474
2020-11-30,Krishnaraja Sagara,94.692,40.16582457894737
2020-12-01,Krishnaraja Sagara,94.805,40.258758
2020-12-02,Krishnaraja Sagara,99.137,33.548965
2020-12-03,Krishnaraja Sagara,94.946,27.898613000000005
2020-12-04,Krishnaraja Sagara,98.854,21.541967
2020-12-05,Krishnaraja Sagara,98.09,15.891615000000002
2020-12-06,Krishnaraja Sagara,100.157,13.066439
2020-12-07,Krishnaraja Sagara,105.084,21.895114
2020-12-08,Krishnaraja Sagara,113.466,40.965052
2020-12-09,Krishnaraja Sagara,101.827,40.965052
2020-12-10,Krishnaraja Sagara,101.827,40.965052
2020-12-11,Krishnaraja Sagara,100.412,40.965052
2020-12-12,Krishnaraja Sagara,98.996,38.49302300000001
2020-12-13,Krishnaraja Sagara,90.529,38.42239360000001
2020-12-14,Krishnaraja Sagara,85.687,38.351764200000005
2020-12-15,Krishnaraja Sagara,71.642,38.2811348
2020-12-16,Krishnaraja Sagara,68.414,38.2105054
2020-12-17,Krishnaraja Sagara,59.664,38.13987600000001
2020-12-18,Krishnaraja Sagara,51.452,38.06924660000001
2020-12-19,Krishnaraja Sagara,60.683,37.998617200000005
2020-12-20,Krishnaraja Sagara,65.185,37.9279878
2020-12-21,Krishnaraja Sagara,68.64,37.8573584
2020-12-22,Krishnaraja Sagara,64.506,37.786729
2020-12-23,Krishnaraja Sagara,66.488,37.71609960000001
2020-12-24,Krishnaraja Sagara,61.646,37.645470200000005
2020-12-25,Krishnaraja Sagara,73.964,37.5748408
2020-12-26,Krishnaraja Sagara,50.829,37.5042114
2020-12-27,Krishnaraja Sagara,39.983,37.433582
2020-12-28,Krishnaraja Sagara,31.772,37.36295260000001
2020-12-29,Krishnaraja Sagara,33.046,37.292323200000006
2020-12-30,Krishnaraja Sagara,30.497,37.2216938
2020-12-31,Krishnaraja Sagara,34.178,37.1510644
2021-01-01,Krishnaraja Sagara,26.136,37.080435
2021-01-02,Krishnaraja Sagara,21.153,32.842671
2021-01-03,Krishnaraja Sagara,25.145,26.132878
2021-01-04,Krishnaraja Sagara,21.124,0.0
2021-01-05,Krishnaraja Sagara,21.153,13.772733
2021-01-06,Krishnaraja Sagara,21.124,10.241263
2021-01-07,Krishnaraja Sagara,33.187,13.419586
2021-01-08,Krishnaraja Sagara,49.243,32.489524
2021-01-09,Krishnaraja Sagara,49.243,35.3147
2021-01-10,Krishnaraja Sagara,53.264,30.017495
2021-01-11,Krishnaraja Sagara,53.292,40.965052
2021-01-12,Krishnaraja Sagara,49.271,40.965052
2021-01-13,Krishnaraja Sagara,46.44,40.77082115
2021-01-14,Krishnaraja Sagara,34.405,40.57659030000001
2021-01-15,Krishnaraja Sagara,36.925,40.38235945
2021-01-16,Krishnaraja Sagara,28.685,40.1881286
2021-01-17,Krishnaraja Sagara,37.237,39.99389775
2021-01-18,Krishnaraja Sagara,29.563,39.799666900000005
2021-01-19,Krishnaraja Sagara,29.336,39.60543605
2021-01-20,Krishnaraja Sagara,25.967,39.411205200000005
2021-01-21,Krishnaraja Sagara,24.013,39.21697435
2021-01-22,Krishnaraja Sagara,35.962,39.0227435
2021-01-23,Krishnaraja Sagara,35.792,38.82851265
2021-01-24,Krishnaraja Sagara,31.517,38.6342818
2021-01-25,Krishnaraja Sagara,43.013,38.44005095
2021-01-26,Krishnaraja Sagara,25.513,38.2458201
2021-01-27,Krishnaraja Sagara,25.344,38.05158925
2021-01-28,Krishnaraja Sagara,20.898,37.8573584
2021-01-29,Krishnaraja Sagara,12.233,37.663127550000006
2021-01-30,Krishnaraja Sagara,12.884,37.4688967
2021-01-31,Krishnaraja Sagara,16.254,37.274665850000005
2021-02-01,Krishnaraja Sagara,12.488,37.080435
2021-02-02,Krishnaraja Sagara,12.516,32.842671
2021-02-03,Krishnaraja Sagara,12.516,26.132878
2021-02-04,Krishnaraja Sagara,12.516,18.716791
2021-02-05,Krishnaraja Sagara,8.75,13.772733
2021-02-06,Krishnaraja Sagara,8.807,10.241263
2021-02-07,Krishnaraja Sagara,8.523,13.066439
2021-02-08,Krishnaraja Sagara,8.523,32.842671
2021-02-09,Krishnaraja Sagara,8.523,34.608406
2021-02-10,Krishnaraja Sagara,12.176,30.370642
2021-02-11,Krishnaraja Sagara,10.052,40.965052
2021-02-12,Krishnaraja Sagara,9.175,40.965052
2021-02-13,Krishnaraja Sagara,12.516,40.73654511764706
2021-02-14,Krishnaraja Sagara,9.005,40.50803823529412
2021-02-15,Krishnaraja Sagara,8.467,40.27953135294118
2021-02-16,Krishnaraja Sagara,8.042,40.051024470588246
2021-02-17,Krishnaraja Sagara,9.175,39.8225175882353
2021-02-18,Krishnaraja Sagara,8.92,39.594010705882354
2021-02-19,Krishnaraja Sagara,17.075,39.365503823529416
2021-02-20,Krishnaraja Sagara,24.636,39.13699694117647
2021-02-21,Krishnaraja Sagara,27.835,38.90849005882353
2021-02-22,Krishnaraja Sagara,33.555,38.679983176470586
2021-02-23,Krishnaraja Sagara,20.7,38.45147629411765
2021-02-24,Krishnaraja Sagara,14.243,38.22296941176469
2021-02-25,Krishnaraja Sagara,19.369,37.99446252941176
2021-02-26,Krishnaraja Sagara,16.849,37.76595564705883
2021-02-27,Krishnaraja Sagara,16.622,37.53744876470589
2021-02-28,Krishnaraja Sagara,12.403,37.30894188235296
2021-03-01,Krishnaraja Sagara,8.608,37.080435
2021-03-02,Krishnaraja Sagara,10.279,32.842671
2021-03-03,Krishnaraja Sagara,11.1,26.132878
2021-03-04,Krishnaraja Sagara,7.985,18.716791
2021-03-05,Krishnaraja Sagara,8.325,13.772733
2021-03-06,Krishnaraja Sagara,11.1,9.888116000000002
2021-03-07,Krishnaraja Sagara,11.1,12.713292
2021-03-08,Krishnaraja Sagara,7.9,33.195818
2021-03-09,Krishnaraja Sagara,7.674,34.255259
2021-03-10,Krishnaraja Sagara,5.04,30.370642
2021-03-11,Krishnaraja Sagara,6.881,40.965052
2021-03-12,Krishnaraja Sagara,6.286,40.965052
2021-03-13,Krishnaraja Sagara,8.863,40.77082115
2021-03-14,Krishnaraja Sagara,5.465,40.57659030000001
2021-03-15,Krishnaraja Sagara,6.031,40.38235945
2021-03-16,Krishnaraja Sagara,4.531,40.1881286
2021-03-17,Krishnaraja Sagara,4.644,39.99389775
2021-03-18,Krishnaraja Sagara,3.625,39.799666900000005
2021-03-19,Krishnaraja Sagara,4.049,39.60543605
2021-03-20,Krishnaraja Sagara,4.587,39.411205200000005
2021-03-21,Krishnaraja Sagara,3.568,39.21697435
2021-03-22,Krishnaraja Sagara,6.343,39.0227435
2021-03-23,Krishnaraja Sagara,5.663,38.82851265
2021-03-24,Krishnaraja Sagara,3.228,38.6342818
2021-03-25,Krishnaraja Sagara,4.191,38.44005095
2021-03-26,Krishnaraja Sagara,5.777,38.2458201
2021-03-27,Krishnaraja Sagara,8.495,38.05158925
2021-03-28,Krishnaraja Sagara,5.777,37.8573584
2021-03-29,Krishnaraja Sagara,5.663,37.663127550000006
2021-03-30,Krishnaraja Sagara,7.447,37.4688967
2021-03-31,Krishnaraja Sagara,6.116,37.274665850000005
2021-04-01,Krishnaraja Sagara,6.258,37.080435
2021-04-02,Krishnaraja Sagara,4.955,32.842671
2021-04-03,Krishnaraja Sagara,4.955,26.132878
2021-04-04,Krishnaraja Sagara,2.35,18.716791
2021-04-05,Krishnaraja Sagara,2.322,13.419586
2021-04-06,Krishnaraja Sagara,2.294,9.888116000000002
2021-04-07,Krishnaraja Sagara,2.294,12.360145
2021-04-08,Krishnaraja Sagara,2.294,33.195818
2021-04-09,Krishnaraja Sagara,4.899,34.255259
2021-04-10,Krishnaraja Sagara,2.294,31.076936000000003
2021-04-11,Krishnaraja Sagara,2.379,0.0
2021-04-12,Krishnaraja Sagara,2.917,40.965052
2021-04-13,Krishnaraja Sagara,4.474,40.76059847368421
2021-04-14,Krishnaraja Sagara,3.879,40.556144947368416
2021-04-15,Krishnaraja Sagara,3.058,40.35169142105264
2021-04-16,Krishnaraja Sagara,2.294,40.14723789473685
2021-04-17,Krishnaraja Sagara,3.653,39.94278436842105
2021-04-18,Krishnaraja Sagara,5.465,39.73833084210526
2021-04-19,Krishnaraja Sagara,4.616,39.53387731578947
2021-04-20,Krishnaraja Sagara,4.276,39.32942378947369
2021-04-21,Krishnaraja Sagara,5.267,39.1249702631579
2021-04-22,Krishnaraja Sagara,5.295,38.9205167368421
2021-04-23,Krishnaraja Sagara,8.042,38.71606321052631
2021-04-24,Krishnaraja Sagara,40.606,38.51160968421053
2021-04-25,Krishnaraja Sagara,23.446,38.30715615789474
2021-04-26,Krishnaraja Sagara,9.741,38.10270263157896
2021-04-27,Krishnaraja Sagara,9.741,37.89824910526316
2021-04-28,Krishnaraja Sagara,11.921,37.693795578947366
2021-04-29,Krishnaraja Sagara,5.437,37.48934205263159
2021-04-30,Krishnaraja Sagara,5.437,37.2848885263158
2021-05-01,Krishnaraja Sagara,3.71,37.080435
2021-05-02,Krishnaraja Sagara,3.71,32.842671
2021-05-03,Krishnaraja Sagara,3.681,26.132878
2021-05-04,Krishnaraja Sagara,3.681,18.716791
2021-05-05,Krishnaraja Sagara,3.653,13.419586
2021-05-06,Krishnaraja Sagara,4.757,9.534969000000002
2021-05-07,Krishnaraja Sagara,6.57,12.006998
2021-05-08,Krishnaraja Sagara,7.872,33.548965
2021-05-09,Krishnaraja Sagara,5.239,34.255259
2021-05-10,Krishnaraja Sagara,6.23,31.783230000000003
2021-05-11,Krishnaraja Sagara,8.948,40.965052
2021-05-12,Krishnaraja Sagara,10.506,40.965052
2021-05-13,Krishnaraja Sagara,12.063,40.7531638
2021-05-14,Krishnaraja Sagara,14.668,40.5412756
2021-05-15,Krishnaraja Sagara,25.315,40.3293874
2021-05-16,Krishnaraja Sagara,27.892,40.1174992
2021-05-17,Krishnaraja Sagara,19.142,39.905611
2021-05-18,Krishnaraja Sagara,74.36,39.6937228
2021-05-19,Krishnaraja Sagara,80.25,39.481834600000006
2021-05-20,Krishnaraja Sagara,83.393,39.26994640000001
2021-05-21,Krishnaraja Sagara,32.394,39.058058200000005
2021-05-22,Krishnaraja Sagara,32.055,38.84617000000001
2021-05-23,Krishnaraja Sagara,23.22,38.6342818
2021-05-24,Krishnaraja Sagara,28.458,38.42239360000001
2021-05-25,Krishnaraja Sagara,26.816,38.2105054
2021-05-26,Krishnaraja Sagara,41.682,37.998617200000005
2021-05-27,Krishnaraja Sagara,33.244,37.786729
2021-05-28,Krishnaraja Sagara,32.593,37.5748408
2021-05-29,Krishnaraja Sagara,25.4,37.36295260000001
2021-05-30,Krishnaraja Sagara,31.318,37.1510644
2021-05-31,Krishnaraja Sagara,31.007,36.939176200000006
2021-06-01,Krishnaraja Sagara,25.712,36.727288
2021-06-02,Krishnaraja Sagara,21.351,32.489524
2021-06-03,Krishnaraja Sagara,22.115,26.132878
2021-06-04,Krishnaraja Sagara,21.153,18.716791
2021-06-05,Krishnaraja Sagara,19.51,13.419586
2021-06-06,Krishnaraja Sagara,14.838,9.181822
2021-06-07,Krishnaraja Sagara,16.679,12.006998
2021-06-08,Krishnaraja Sagara,22.71,34.255259
2021-06-09,Krishnaraja Sagara,13.932,33.902112
2021-06-10,Krishnaraja Sagara,18.746,32.136377
2021-06-11,Krishnaraja Sagara,22.738,40.965052
2021-06-12,Krishnaraja Sagara,21.492,40.965052
2021-06-13,Krishnaraja Sagara,17.217,40.74201178947368
2021-06-14,Krishnaraja Sagara,18.859,40.51897157894737
2021-06-15,Krishnaraja Sagara,34.49,40.29593136842104
2021-06-16,Krishnaraja Sagara,180.633,40.07289115789474
2021-06-17,Krishnaraja Sagara,196.349,39.84985094736842
2021-06-18,Krishnaraja Sagara,387.997,39.62681073684211
2021-06-19,Krishnaraja Sagara,469.72,39.40377052631579
2021-06-20,Krishnaraja Sagara,558.635,39.18073031578948
2021-06-21,Krishnaraja Sagara,558.238,38.957690105263154
2021-06-22,Krishnaraja Sagara,337.537,38.73464989473684
2021-06-23,Krishnaraja Sagara,273.173,38.511609684210526
2021-06-24,Krishnaraja Sagara,140.593,38.28856947368421
2021-06-25,Krishnaraja Sagara,174.715,38.0655292631579
2021-06-26,Krishnaraja Sagara,122.046,37.84248905263158
2021-06-27,Krishnaraja Sagara,88.915,37.61944884210527
2021-06-28,Krishnaraja Sagara,77.248,37.39640863157895
2021-06-29,Krishnaraja Sagara,76.201,37.17336842105263
2021-06-30,Krishnaraja Sagara,59.947,36.95032821052632
2021-07-01,Krishnaraja Sagara,40.465,36.727288
2021-07-02,Krishnaraja Sagara,36.557,32.489524
2021-07-03,Krishnaraja Sagara,40.153,26.132878
2021-07-04,Krishnaraja Sagara,32.876,18.716791
2021-07-05,Krishnaraja Sagara,44.259,13.066439
2021-07-06,Krishnaraja Sagara,41.569,8.828675
2021-07-07,Krishnaraja Sagara,40.578,11.653851
2021-07-08,Krishnaraja Sagara,51.452,35.667847
2021-07-09,Krishnaraja Sagara,50.744,33.902112
2021-07-10,Krishnaraja Sagara,50.772,32.489524
2021-07-11,Krishnaraja Sagara,50.319,40.965052
2021-07-12,Krishnaraja Sagara,45.817,40.965052
2021-07-13,Krishnaraja Sagara,79.712,40.77082115
2021-07-14,Krishnaraja Sagara,114.089,40.57659030000001
2021-07-15,Krishnaraja Sagara,171.005,40.38235945
2021-07-16,Krishnaraja Sagara,557.729,40.1881286
2021-07-17,Krishnaraja Sagara,598.278,39.99389775
2021-07-18,Krishnaraja Sagara,617.307,39.799666900000005
2021-07-19,Krishnaraja Sagara,365.74,39.60543605
2021-07-20,Krishnaraja Sagara,393.378,39.411205200000005
2021-07-21,Krishnaraja Sagara,385.562,39.21697435
2021-07-22,Krishnaraja Sagara,311.995,39.0227435
2021-07-23,Krishnaraja Sagara,588.877,38.82851265
2021-07-24,Krishnaraja Sagara,871.479,38.6342818
2021-07-25,Krishnaraja Sagara,1163.369,38.44005095
2021-07-26,Krishnaraja Sagara,950.2,38.2458201
2021-07-27,Krishnaraja Sagara,810.088,38.05158925
2021-07-28,Krishnaraja Sagara,630.022,37.8573584
2021-07-29,Krishnaraja Sagara,495.771,37.663127550000006
2021-07-30,Krishnaraja Sagara,366.76,37.4688967
2021-07-31,Krishnaraja Sagara,420.25,37.274665850000005
2021-08-01,Krishnaraja Sagara,336.461,37.080435
2021-08-02,Krishnaraja Sagara,273.994,32.489524
2021-08-03,Krishnaraja Sagara,211.782,26.132878
2021-08-04,Krishnaraja Sagara,178.028,18.363644
2021-08-05,Krishnaraja Sagara,245.96,12.713292
2021-08-06,Krishnaraja Sagara,422.374,8.828675
2021-08-07,Krishnaraja Sagara,607.51,0.0
2021-08-08,Krishnaraja Sagara,674.79,37.080435
2021-08-09,Krishnaraja Sagara,709.79,33.548965
2021-08-10,Krishnaraja Sagara,371.177,33.195818
2021-08-11,Krishnaraja Sagara,275.381,40.965052
2021-08-12,Krishnaraja Sagara,169.646,40.965052
2021-08-13,Krishnaraja Sagara,118.733,40.77082115
2021-08-14,Krishnaraja Sagara,110.322,40.57659030000001
2021-08-15,Krishnaraja Sagara,85.12,40.38235945
2021-08-16,Krishnaraja Sagara,104.489,40.1881286
2021-08-17,Krishnaraja Sagara,95.343,39.99389775
2021-08-18,Krishnaraja Sagara,120.516,39.799666900000005
2021-08-19,Krishnaraja Sagara,95.343,39.60543605
2021-08-20,Krishnaraja Sagara,128.219,39.411205200000005
2021-08-21,Krishnaraja Sagara,245.111,39.21697435
2021-08-22,Krishnaraja Sagara,178.849,39.0227435
2021-08-23,Krishnaraja Sagara,162.057,38.82851265
2021-08-24,Krishnaraja Sagara,153.676,38.6342818
2021-08-25,Krishnaraja Sagara,112.05,38.44005095
2021-08-26,Krishnaraja Sagara,76.484,38.2458201
2021-08-27,Krishnaraja Sagara,65.61,38.05158925
2021-08-28,Krishnaraja Sagara,114.91,37.8573584
2021-08-29,Krishnaraja Sagara,97.75,37.663127550000006
2021-08-30,Krishnaraja Sagara,108.623,37.4688967
2021-08-31,Krishnaraja Sagara,146.37,37.274665850000005
2021-09-01,Krishnaraja Sagara,160.557,37.080435
2021-09-02,Krishnaraja Sagara,154.27,32.489524
2021-09-03,Krishnaraja Sagara,162.001,25.779731
2021-09-04,Krishnaraja Sagara,230.131,18.363644
2021-09-05,Krishnaraja Sagara,255.758,12.360145
2021-09-06,Krishnaraja Sagara,213.452,8.475528
2021-09-07,Krishnaraja Sagara,289.483,10.947557
2021-09-08,Krishnaraja Sagara,273.116,38.84617000000001
2021-09-09,Krishnaraja Sagara,410.311,33.902112
2021-09-10,Krishnaraja Sagara,436.561,33.195818
2021-09-11,Krishnaraja Sagara,322.557,40.965052
2021-09-12,Krishnaraja Sagara,260.798,40.965052
2021-09-13,Krishnaraja Sagara,252.077,40.76059847368421
2021-09-14,Krishnaraja Sagara,397.908,40.556144947368416
2021-09-15,Krishnaraja Sagara,445.424,40.35169142105264
2021-09-16,Krishnaraja Sagara,392.925,40.14723789473685
2021-09-17,Krishnaraja Sagara,309.192,39.94278436842105
2021-09-18,Krishnaraja Sagara,231.717,39.73833084210526
2021-09-19,Krishnaraja Sagara,169.08,39.53387731578947
2021-09-20,Krishnaraja Sagara,144.331,39.32942378947369
2021-09-21,Krishnaraja Sagara,159.452,39.1249702631579
2021-09-22,Krishnaraja Sagara,142.49,38.9205167368421
2021-09-23,Krishnaraja Sagara,119.469,38.71606321052631
2021-09-24,Krishnaraja Sagara,135.496,38.51160968421053
2021-09-25,Krishnaraja Sagara,137.563,38.30715615789474
2021-09-26,Krishnaraja Sagara,137.592,38.10270263157896
2021-09-27,Krishnaraja Sagara,132.551,37.89824910526316
2021-09-28,Krishnaraja Sagara,131.532,37.693795578947366
2021-09-29,Krishnaraja Sagara,124.169,37.48934205263159
2021-09-30,Krishnaraja Sagara,132.551,37.2848885263158
2021-10-01,Krishnaraja Sagara,179.359,37.080435
2021-10-02,Krishnaraja Sagara,201.446,32.489524
2021-10-03,Krishnaraja Sagara,279.147,25.779731
2021-10-04,Krishnaraja Sagara,331.958,18.363644
2021-10-05,Krishnaraja Sagara,390.942,12.006998
2021-10-06,Krishnaraja Sagara,323.577,8.122381
2021-10-07,Krishnaraja Sagara,390.631,10.947557
2021-10-08,Krishnaraja Sagara,336.772,39.55246400000001
2021-10-09,Krishnaraja Sagara,255.05,34.255259
2021-10-10,Krishnaraja Sagara,210.338,33.548965
2021-10-11,Krishnaraja Sagara,277.25,40.965052
2021-10-12,Krishnaraja Sagara,311.768,40.965052
2021-10-13,Krishnaraja Sagara,328.759,40.77082115
2021-10-14,Krishnaraja Sagara,293.787,40.57659030000001
2021-10-15,Krishnaraja Sagara,295.288,40.38235945
2021-10-16,Krishnaraja Sagara,289.087,40.1881286
2021-10-17,Krishnaraja Sagara,341.529,39.99389775
2021-10-18,Krishnaraja Sagara,408.952,39.799666900000005
2021-10-19,Krishnaraja Sagara,390.348,39.60543605
2021-10-20,Krishnaraja Sagara,277.279,39.411205200000005
2021-10-21,Krishnaraja Sagara,247.376,39.21697435
2021-10-22,Krishnaraja Sagara,263.63,39.0227435
2021-10-23,Krishnaraja Sagara,298.488,38.82851265
2021-10-24,Krishnaraja Sagara,372.791,38.6342818
2021-10-25,Krishnaraja Sagara,463.972,38.44005095
2021-10-26,Krishnaraja Sagara,547.676,38.2458201
2021-10-27,Krishnaraja Sagara,395.983,38.05158925
2021-10-28,Krishnaraja Sagara,321.255,37.8573584
2021-10-29,Krishnaraja Sagara,248.254,37.663127550000006
2021-10-30,Krishnaraja Sagara,194.905,37.4688967
2021-10-31,Krishnaraja Sagara,182.559,37.274665850000005
2021-11-01,Krishnaraja Sagara,190.742,37.080435
2021-11-02,Krishnaraja Sagara,135.156,32.136377
2021-11-03,Krishnaraja Sagara,143.68,25.779731
2021-11-04,Krishnaraja Sagara,156.62,18.363644
2021-11-05,Krishnaraja Sagara,183.833,11.653851
2021-11-06,Krishnaraja Sagara,242.817,7.769234000000001
2021-11-07,Krishnaraja Sagara,301.801,10.59441
2021-11-08,Krishnaraja Sagara,301.801,39.905611
2021-11-09,Krishnaraja Sagara,298.969,34.255259
2021-11-10,Krishnaraja Sagara,296.138,33.902112
2021-11-11,Krishnaraja Sagara,183.833,40.965052
2021-11-12,Krishnaraja Sagara,184.569,40.965052
2021-11-13,Krishnaraja Sagara,185.305,40.76059847368421
2021-11-14,Krishnaraja Sagara,171.26,40.556144947368416
2021-11-15,Krishnaraja Sagara,225.714,40.35169142105264
2021-11-16,Krishnaraja Sagara,324.681,40.14723789473685
2021-11-17,Krishnaraja Sagara,354.187,39.94278436842105
2021-11-18,Krishnaraja Sagara,485.209,39.73833084210526
2021-11-19,Krishnaraja Sagara,528.902,39.53387731578947
2021-11-20,Krishnaraja Sagara,527.486,39.32942378947369
2021-11-21,Krishnaraja Sagara,336.036,39.1249702631579
2021-11-22,Krishnaraja Sagara,174.403,38.9205167368421
2021-11-23,Krishnaraja Sagara,121.083,38.71606321052631
2021-11-24,Krishnaraja Sagara,122.499,38.51160968421053
2021-11-25,Krishnaraja Sagara,185.73,38.30715615789474
2021-11-26,Krishnaraja Sagara,313.241,38.10270263157896
2021-11-27,Krishnaraja Sagara,410.198,37.89824910526316
2021-11-28,Krishnaraja Sagara,438.628,37.693795578947366
2021-11-29,Krishnaraja Sagara,204.334,37.48934205263159
2021-11-30,Krishnaraja Sagara,201.814,37.2848885263158
2021-12-01,Krishnaraja Sagara,153.109,37.080435
2021-12-02,Krishnaraja Sagara,153.506,31.783230000000003
2021-12-03,Krishnaraja Sagara,168.938,25.426584
2021-12-04,Krishnaraja Sagara,205.58,18.010497
2021-12-05,Krishnaraja Sagara,178.141,11.300704
2021-12-06,Krishnaraja Sagara,159.849,7.416087
2021-12-07,Krishnaraja Sagara,129.578,10.59441
2021-12-08,Krishnaraja Sagara,128.898,39.905611
2021-12-09,Krishnaraja Sagara,185.305,34.255259
2021-12-10,Krishnaraja Sagara,183.89,34.255259
2021-12-11,Krishnaraja Sagara,182.474,40.965052
2021-12-12,Krishnaraja Sagara,193.885,40.965052
2021-12-13,Krishnaraja Sagara,176.839,40.859107900000005
2021-12-14,Krishnaraja Sagara,151.325,40.7531638
2021-12-15,Krishnaraja Sagara,142.802,40.6472197
2021-12-16,Krishnaraja Sagara,139.97,40.5412756
2021-12-17,Krishnaraja Sagara,97.24,40.4353315
2021-12-18,Krishnaraja Sagara,52.839,40.3293874
2021-12-19,Krishnaraja Sagara,55.671,40.2234433
2021-12-20,Krishnaraja Sagara,86.508,40.1174992
2021-12-21,Krishnaraja Sagara,128.927,40.0115551
2021-12-22,Krishnaraja Sagara,80.533,39.905611
2021-12-23,Krishnaraja Sagara,80.533,39.799666900000005
2021-12-24,Krishnaraja Sagara,62.24,39.6937228
2021-12-25,Krishnaraja Sagara,77.135,39.5877787
2021-12-26,Krishnaraja Sagara,58.842,39.481834600000006
2021-12-27,Krishnaraja Sagara,77.192,39.3758905
2021-12-28,Krishnaraja Sagara,58.559,39.26994640000001
2021-12-29,Krishnaraja Sagara,49.611,39.1640023
2021-12-30,Krishnaraja Sagara,58.191,39.058058200000005
2021-12-31,Krishnaraja Sagara,37.265,38.9521141
2022-01-01,Krishnaraja Sagara,53.321,38.84617000000001
2022-01-02,Krishnaraja Sagara,40.72,33.548965
2022-01-03,Krishnaraja Sagara,40.72,26.839172
2022-01-04,Krishnaraja Sagara,49.696,19.423085000000004
2022-01-05,Krishnaraja Sagara,49.668,14.125880000000002
2022-01-06,Krishnaraja Sagara,40.72,18.716791
2022-01-07,Krishnaraja Sagara,58.644,20.835673
2022-01-08,Krishnaraja Sagara,49.668,40.965052
2022-01-09,Krishnaraja Sagara,48.252,39.905611
2022-01-10,Krishnaraja Sagara,37.888,39.19931700000001
2022-01-11,Krishnaraja Sagara,37.888,40.611905
2022-01-12,Krishnaraja Sagara,46.864,36.020994
2022-01-13,Krishnaraja Sagara,28.94,36.162252800000005
2022-01-14,Krishnaraja Sagara,40.097,36.3035116
2022-01-15,Krishnaraja Sagara,33.584,36.4447704
2022-01-16,Krishnaraja Sagara,26.25,36.586029200000006
2022-01-17,Krishnaraja Sagara,36.415,36.727288
2022-01-18,Krishnaraja Sagara,37.633,36.8685468
2022-01-19,Krishnaraja Sagara,31.46,37.00980560000001
2022-01-20,Krishnaraja Sagara,25.655,37.1510644
2022-01-21,Krishnaraja Sagara,34.603,37.292323200000006
2022-01-22,Krishnaraja Sagara,42.9,37.433582
2022-01-23,Krishnaraja Sagara,24.891,37.5748408
2022-01-24,Krishnaraja Sagara,24.862,37.71609960000001
2022-01-25,Krishnaraja Sagara,21.436,37.8573584
2022-01-26,Krishnaraja Sagara,25.74,37.998617200000005
2022-01-27,Krishnaraja Sagara,33.357,38.13987600000001
2022-01-28,Krishnaraja Sagara,33.074,38.2811348
2022-01-29,Krishnaraja Sagara,25.485,38.42239360000001
2022-01-30,Krishnaraja Sagara,25.768,38.5636524
2022-01-31,Krishnaraja Sagara,25.542,38.704911200000005
2022-02-01,Krishnaraja Sagara,28.968,38.84617000000001
2022-02-02,Krishnaraja Sagara,29.053,33.195818
2022-02-03,Krishnaraja Sagara,22.455,26.486025
2022-02-04,Krishnaraja Sagara,22.455,19.069938000000004
2022-02-05,Krishnaraja Sagara,26.448,14.125880000000002
2022-02-06,Krishnaraja Sagara,14.413,18.363644
2022-02-07,Krishnaraja Sagara,18.434,21.541967
2022-02-08,Krishnaraja Sagara,14.385,40.965052
2022-02-09,Krishnaraja Sagara,14.385,40.611905
2022-02-10,Krishnaraja Sagara,18.406,39.19931700000001
2022-02-11,Krishnaraja Sagara,14.045,40.611905
2022-02-12,Krishnaraja Sagara,9.684,35.667847
2022-02-13,Krishnaraja Sagara,10.364,35.854807176470594
2022-02-14,Krishnaraja Sagara,6.513,36.04176735294118
2022-02-15,Krishnaraja Sagara,9.911,36.22872752941176
2022-02-16,Krishnaraja Sagara,10.081,36.41568770588236
2022-02-17,Krishnaraja Sagara,9.713,36.60264788235296
2022-02-18,Krishnaraja Sagara,10.675,36.78960805882353
2022-02-19,Krishnaraja Sagara,11.667,36.97656823529413
2022-02-20,Krishnaraja Sagara,11.355,37.16352841176471
2022-02-21,Krishnaraja Sagara,11.78,37.350488588235294
2022-02-22,Krishnaraja Sagara,13.167,37.53744876470589
2022-02-23,Krishnaraja Sagara,10.081,37.72440894117648
2022-02-24,Krishnaraja Sagara,14.725,37.91136911764706
2022-02-25,Krishnaraja Sagara,9.09,38.09832929411765
2022-02-26,Krishnaraja Sagara,8.778,38.28528947058824
2022-02-27,Krishnaraja Sagara,15.772,38.47224964705882
2022-02-28,Krishnaraja Sagara,17.868,38.659209823529416
2022-03-01,Krishnaraja Sagara,10.222,38.84617000000001
2022-03-02,Krishnaraja Sagara,9.968,33.195818
2022-03-03,Krishnaraja Sagara,14.13,26.132878
2022-03-04,Krishnaraja Sagara,12.601,18.716791
2022-03-05,Krishnaraja Sagara,9.656,14.125880000000002
2022-03-06,Krishnaraja Sagara,8.92,18.363644
2022-03-07,Krishnaraja Sagara,8.92,22.248261000000003
2022-03-08,Krishnaraja Sagara,6.824,40.965052
2022-03-09,Krishnaraja Sagara,8.24,40.965052
2022-03-10,Krishnaraja Sagara,11.78,39.19931700000001
2022-03-11,Krishnaraja Sagara,18.491,0.0
2022-03-12,Krishnaraja Sagara,18.491,35.667847
2022-03-13,Krishnaraja Sagara,11.667,35.82676315
2022-03-14,Krishnaraja Sagara,18.491,35.9856793
2022-03-15,Krishnaraja Sagara,11.638,36.14459545
2022-03-16,Krishnaraja Sagara,10.477,36.3035116
2022-03-17,Krishnaraja Sagara,10.591,36.46242775
2022-03-18,Krishnaraja Sagara,11.723,36.6213439
2022-03-19,Krishnaraja Sagara,9.968,36.78026005
2022-03-20,Krishnaraja Sagara,7.306,36.939176200000006
2022-03-21,Krishnaraja Sagara,11.468,37.09809235
2022-03-22,Krishnaraja Sagara,5.692,37.257008500000005
2022-03-23,Krishnaraja Sagara,5.89,37.41592465000001
2022-03-24,Krishnaraja Sagara,7.674,37.5748408
2022-03-25,Krishnaraja Sagara,5.012,37.73375695
2022-03-26,Krishnaraja Sagara,11.213,37.8926731
2022-03-27,Krishnaraja Sagara,10.591,38.05158925
2022-03-28,Krishnaraja Sagara,7.192,38.2105054
2022-03-29,Krishnaraja Sagara,7.787,38.369421550000006
2022-03-30,Krishnaraja Sagara,12.459,38.52833770000001
2022-03-31,Krishnaraja Sagara,9.231,38.68725385
2022-04-01,Krishnaraja Sagara,13.734,38.84617000000001
2022-04-02,Krishnaraja Sagara,13.224,33.195818
2022-04-03,Krishnaraja Sagara,12.006,25.779731
2022-04-04,Krishnaraja Sagara,7.9,18.716791
2022-04-05,Krishnaraja Sagara,4.927,14.125880000000002
2022-04-06,Krishnaraja Sagara,4.927,18.363644
2022-04-07,Krishnaraja Sagara,5.21,24.013996
2022-04-08,Krishnaraja Sagara,7.504,40.965052
2022-04-09,Krishnaraja Sagara,15.631,40.965052
2022-04-10,Krishnaraja Sagara,12.714,39.55246400000001
2022-04-11,Krishnaraja Sagara,12.714,0.0
2022-04-12,Krishnaraja Sagara,12.601,35.3147
2022-04-13,Krishnaraja Sagara,12.488,35.500566842105265
2022-04-14,Krishnaraja Sagara,24.154,35.68643368421052
2022-04-15,Krishnaraja Sagara,23.616,35.87230052631579
2022-04-16,Krishnaraja Sagara,17.726,36.05816736842106
2022-04-17,Krishnaraja Sagara,18.264,36.24403421052632
2022-04-18,Krishnaraja Sagara,25.315,36.42990105263159
2022-04-19,Krishnaraja Sagara,41.937,36.61576789473685
2022-04-20,Krishnaraja Sagara,41.881,36.80163473684211
2022-04-21,Krishnaraja Sagara,32.876,36.98750157894737
2022-04-22,Krishnaraja Sagara,27.382,37.17336842105263
2022-04-23,Krishnaraja Sagara,16.82,37.35923526315789
2022-04-24,Krishnaraja Sagara,18.831,37.54510210526316
2022-04-25,Krishnaraja Sagara,18.717,37.73096894736842
2022-04-26,Krishnaraja Sagara,35.651,37.91683578947369
2022-04-27,Krishnaraja Sagara,28.175,38.10270263157896
2022-04-28,Krishnaraja Sagara,29.478,38.28856947368421
2022-04-29,Krishnaraja Sagara,12.884,38.47443631578948
2022-04-30,Krishnaraja Sagara,17.925,38.66030315789474
2022-05-01,Krishnaraja Sagara,43.268,38.84617000000001
2022-05-02,Krishnaraja Sagara,43.665,33.195818
2022-05-03,Krishnaraja Sagara,36.076,25.779731
2022-05-04,Krishnaraja Sagara,15.801,18.716791
2022-05-05,Krishnaraja Sagara,28.487,0.0
2022-05-06,Krishnaraja Sagara,43.693,18.363644
2022-05-07,Krishnaraja Sagara,38.624,26.132878
2022-05-08,Krishnaraja Sagara,36.104,39.905611
2022-05-09,Krishnaraja Sagara,43.721,40.965052
2022-05-10,Krishnaraja Sagara,23.446,39.55246400000001
2022-05-11,Krishnaraja Sagara,34.547,0.0
2022-05-12,Krishnaraja Sagara,41.031,34.961553
2022-05-13,Krishnaraja Sagara,38.483,35.155783850000006
2022-05-14,Krishnaraja Sagara,35.764,35.3500147
2022-05-15,Krishnaraja Sagara,33.159,35.54424555
2022-05-16,Krishnaraja Sagara,38.369,35.7384764
2022-05-17,Krishnaraja Sagara,79.995,35.93270725000001
2022-05-18,Krishnaraja Sagara,124.481,36.1269381
2022-05-19,Krishnaraja Sagara,449.813,36.32116895
2022-05-20,Krishnaraja Sagara,476.119,36.5153998
2022-05-21,Krishnaraja Sagara,353.621,36.70963065000001
2022-05-22,Krishnaraja Sagara,194.395,36.903861500000005
2022-05-23,Krishnaraja Sagara,103.979,37.09809235
2022-05-24,Krishnaraja Sagara,81.099,37.292323200000006
2022-05-25,Krishnaraja Sagara,81.326,37.48655405000001
2022-05-26,Krishnaraja Sagara,82.119,37.680784900000006
2022-05-27,Krishnaraja Sagara,105.565,37.87501575
2022-05-28,Krishnaraja Sagara,99.534,38.06924660000001
2022-05-29,Krishnaraja Sagara,95.173,38.26347745
2022-05-30,Krishnaraja Sagara,83.591,38.45770830000001
2022-05-31,Krishnaraja Sagara,112.984,38.65193915
2022-06-01,Krishnaraja Sagara,118.704,38.84617000000001
2022-06-02,Krishnaraja Sagara,74.756,33.195818
2022-06-03,Krishnaraja Sagara,68.98,25.779731
2022-06-04,Krishnaraja Sagara,88.688,18.716791
2022-06-05,Krishnaraja Sagara,113.522,14.125880000000002
2022-06-06,Krishnaraja Sagara,102.479,18.363644
2022-06-07,Krishnaraja Sagara,120.63,28.251760000000004
2022-06-08,Krishnaraja Sagara,96.164,39.55246400000001
2022-06-09,Krishnaraja Sagara,78.494,40.965052
2022-06-10,Krishnaraja Sagara,60.825,39.55246400000001
2022-06-11,Krishnaraja Sagara,43.127,0.0
2022-06-12,Krishnaraja Sagara,43.155,34.961553
2022-06-13,Krishnaraja Sagara,43.296,35.16600652631579
2022-06-14,Krishnaraja Sagara,43.296,35.370460052631586
2022-06-15,Krishnaraja Sagara,40.352,35.574913578947374
2022-06-16,Krishnaraja Sagara,46.241,35.779367105263155
2022-06-17,Krishnaraja Sagara,61.023,35.98382063157895
2022-06-18,Krishnaraja Sagara,72.548,36.18827415789474
2022-06-19,Krishnaraja Sagara,102.167,36.39272768421052
2022-06-20,Krishnaraja Sagara,85.97,36.59718121052632
2022-06-21,Krishnaraja Sagara,79.967,36.80163473684211
2022-06-22,Krishnaraja Sagara,67.904,37.00608826315789
2022-06-23,Krishnaraja Sagara,67.989,37.21054178947369
2022-06-24,Krishnaraja Sagara,56.124,37.41499531578948
2022-06-25,Krishnaraja Sagara,50.093,37.61944884210527
2022-06-26,Krishnaraja Sagara,56.124,37.82390236842107
2022-06-27,Krishnaraja Sagara,68.244,38.02835589473685
2022-06-28,Krishnaraja Sagara,80.392,38.23280942105264
2022-06-29,Krishnaraja Sagara,99.449,38.43726294736842
2022-06-30,Krishnaraja Sagara,112.956,38.64171647368421
2022-07-01,Krishnaraja Sagara,119.271,38.84617000000001
2022-07-02,Krishnaraja Sagara,212.999,33.195818
2022-07-03,Krishnaraja Sagara,248.31,25.426584
2022-07-04,Krishnaraja Sagara,636.166,18.716791
2022-07-05,Krishnaraja Sagara,755.918,14.125880000000002
2022-07-06,Krishnaraja Sagara,834.441,18.716791
2022-07-07,Krishnaraja Sagara,951.503,31.076936000000003
2022-07-08,Krishnaraja Sagara,1100.336,39.55246400000001
2022-07-09,Krishnaraja Sagara,971.381,40.965052
2022-07-10,Krishnaraja Sagara,855.622,0.0
2022-07-11,Krishnaraja Sagara,1429.066,0.0
2022-07-12,Krishnaraja Sagara,2046.798,34.608406
2022-07-13,Krishnaraja Sagara,1621.621,34.8202942
2022-07-14,Krishnaraja Sagara,1858.576,35.0321824
2022-07-15,Krishnaraja Sagara,2057.106,35.2440706
2022-07-16,Krishnaraja Sagara,2419.533,35.455958800000005
2022-07-17,Krishnaraja Sagara,2461.215,35.667847
2022-07-18,Krishnaraja Sagara,2196.991,35.879735200000006
2022-07-19,Krishnaraja Sagara,1858.52,36.0916234
2022-07-20,Krishnaraja Sagara,1689.808,36.3035116
2022-07-21,Krishnaraja Sagara,1077.739,36.5153998
2022-07-22,Krishnaraja Sagara,605.046,36.727288
2022-07-23,Krishnaraja Sagara,494.356,36.939176200000006
2022-07-24,Krishnaraja Sagara,489.598,37.1510644
2022-07-25,Krishnaraja Sagara,391.849,37.36295260000001
2022-07-26,Krishnaraja Sagara,376.331,37.5748408
2022-07-27,Krishnaraja Sagara,382.674,37.786729
2022-07-28,Krishnaraja Sagara,356.452,37.998617200000005
2022-07-29,Krishnaraja Sagara,369.252,38.2105054
2022-07-30,Krishnaraja Sagara,446.5,38.42239360000001
2022-07-31,Krishnaraja Sagara,481.16,38.6342818
2022-08-01,Krishnaraja Sagara,560.192,38.84617000000001
2022-08-02,Krishnaraja Sagara,673.205,32.842671
2022-08-03,Krishnaraja Sagara,1016.235,25.426584
2022-08-04,Krishnaraja Sagara,1917.39,18.363644
2022-08-05,Krishnaraja Sagara,1861.351,14.479027
2022-08-06,Krishnaraja Sagara,2116.005,18.716791
2022-08-07,Krishnaraja Sagara,2170.628,33.902112
2022-08-08,Krishnaraja Sagara,2515.499,38.84617000000001
2022-08-09,Krishnaraja Sagara,2478.064,40.258758
2022-08-10,Krishnaraja Sagara,2764.376,0.0
2022-08-11,Krishnaraja Sagara,2468.096,40.611905
2022-08-12,Krishnaraja Sagara,1846.542,34.255259
2022-08-13,Krishnaraja Sagara,2067.441,34.48480455
2022-08-14,Krishnaraja Sagara,1705.156,34.714350100000004
2022-08-15,Krishnaraja Sagara,765.065,34.94389565
2022-08-16,Krishnaraja Sagara,514.376,35.1734412
2022-08-17,Krishnaraja Sagara,536.378,35.40298675
2022-08-18,Krishnaraja Sagara,267.509,35.6325323
2022-08-19,Krishnaraja Sagara,322.331,35.862077850000006
2022-08-20,Krishnaraja Sagara,215.576,36.0916234
2022-08-21,Krishnaraja Sagara,199.747,36.32116895
2022-08-22,Krishnaraja Sagara,199.747,36.5507145
2022-08-23,Krishnaraja Sagara,211.499,36.78026005
2022-08-24,Krishnaraja Sagara,340.397,37.00980560000001
2022-08-25,Krishnaraja Sagara,670.6,37.239351150000005
2022-08-26,Krishnaraja Sagara,452.192,37.4688967
2022-08-27,Krishnaraja Sagara,650.183,37.69844225
2022-08-28,Krishnaraja Sagara,651.854,37.9279878
2022-08-29,Krishnaraja Sagara,770.7,38.15753335
2022-08-30,Krishnaraja Sagara,863.352,38.387078900000006
2022-08-31,Krishnaraja Sagara,726.525,38.61662445
2022-09-01,Krishnaraja Sagara,477.479,38.84617000000001
2022-09-02,Krishnaraja Sagara,759.288,32.842671
2022-09-03,Krishnaraja Sagara,1041.437,25.426584
2022-09-04,Krishnaraja Sagara,588.311,18.363644
2022-09-05,Krishnaraja Sagara,359.426,14.479027
2022-09-06,Krishnaraja Sagara,513.045,19.069938000000004
2022-09-07,Krishnaraja Sagara,907.555,36.374141
2022-09-08,Krishnaraja Sagara,685.069,37.786729
2022-09-09,Krishnaraja Sagara,594.71,40.611905
2022-09-10,Krishnaraja Sagara,579.787,0.0
2022-09-11,Krishnaraja Sagara,525.561,40.258758
2022-09-12,Krishnaraja Sagara,613.371,33.902112
2022-09-13,Krishnaraja Sagara,819.659,34.162325578947375
2022-09-14,Krishnaraja Sagara,860.237,34.42253915789474
2022-09-15,Krishnaraja Sagara,691.667,34.68275273684211
2022-09-16,Krishnaraja Sagara,556.738,34.94296631578948
2022-09-17,Krishnaraja Sagara,399.551,35.20317989473685
2022-09-18,Krishnaraja Sagara,492.911,35.463393473684214
2022-09-19,Krishnaraja Sagara,348.779,35.723607052631586
2022-09-20,Krishnaraja Sagara,287.303,35.98382063157895
2022-09-21,Krishnaraja Sagara,261.11,36.24403421052632
2022-09-22,Krishnaraja Sagara,226.082,36.50424778947369
2022-09-23,Krishnaraja Sagara,217.049,36.76446136842107
2022-09-24,Krishnaraja Sagara,189.61,37.024674947368425
2022-09-25,Krishnaraja Sagara,143.68,37.2848885263158
2022-09-26,Krishnaraja Sagara,124.991,37.54510210526316
2022-09-27,Krishnaraja Sagara,170.014,37.80531568421053
2022-09-28,Krishnaraja Sagara,178.453,38.0655292631579
2022-09-29,Krishnaraja Sagara,160.387,38.32574284210527
2022-09-30,Krishnaraja Sagara,151.24,38.58595642105264
2022-10-01,Krishnaraja Sagara,169.023,38.84617000000001
2022-10-02,Krishnaraja Sagara,160.84,32.842671
2022-10-03,Krishnaraja Sagara,172.138,25.426584
2022-10-04,Krishnaraja Sagara,200.059,18.363644
2022-10-05,Krishnaraja Sagara,164.238,14.479027
2022-10-06,Krishnaraja Sagara,155.29,19.069938000000004
2022-10-07,Krishnaraja Sagara,155.29,38.13987600000001
2022-10-08,Krishnaraja Sagara,137.365,37.786729
2022-10-09,Krishnaraja Sagara,110.492,40.258758
2022-10-10,Krishnaraja Sagara,226.96,0.0
2022-10-11,Krishnaraja Sagara,401.816,39.905611
2022-10-12,Krishnaraja Sagara,444.631,33.902112
2022-10-13,Krishnaraja Sagara,497.725,34.1493149
2022-10-14,Krishnaraja Sagara,560.447,34.3965178
2022-10-15,Krishnaraja Sagara,784.009,34.6437207
2022-10-16,Krishnaraja Sagara,1110.53,34.8909236
2022-10-17,Krishnaraja Sagara,1537.916,35.1381265
2022-10-18,Krishnaraja Sagara,1040.163,35.3853294
2022-10-19,Krishnaraja Sagara,741.788,35.6325323
2022-10-20,Krishnaraja Sagara,741.788,35.879735200000006
2022-10-21,Krishnaraja Sagara,959.658,36.1269381
2022-10-22,Krishnaraja Sagara,850.723,36.374141
2022-10-23,Krishnaraja Sagara,959.658,36.6213439
2022-10-24,Krishnaraja Sagara,414.983,36.8685468
2022-10-25,Krishnaraja Sagara,306.048,37.11574970000001
2022-10-26,Krishnaraja Sagara,321.934,37.36295260000001
2022-10-27,Krishnaraja Sagara,181.879,37.6101555
2022-10-28,Krishnaraja Sagara,179.047,37.8573584
2022-10-29,Krishnaraja Sagara,148.748,38.10456130000001
2022-10-30,Krishnaraja Sagara,135.043,38.351764200000005
2022-10-31,Krishnaraja Sagara,162.34,38.5989671
2022-11-01,Krishnaraja Sagara,162.199,38.84617000000001
2022-11-02,Krishnaraja Sagara,133.231,32.842671
2022-11-03,Krishnaraja Sagara,162.652,25.426584
2022-11-04,Krishnaraja Sagara,203.966,18.363644
2022-11-05,Krishnaraja Sagara,206.571,14.479027
2022-11-06,Krishnaraja Sagara,165.569,19.069938000000004
2022-11-07,Krishnaraja Sagara,142.547,38.13987600000001
2022-11-08,Krishnaraja Sagara,142.32,37.080435
2022-11-09,Krishnaraja Sagara,120.347,40.611905
2022-11-10,Krishnaraja Sagara,134.307,0.0
2022-11-11,Krishnaraja Sagara,124.991,39.905611
2022-11-12,Krishnaraja Sagara,151.438,33.902112
2022-11-13,Krishnaraja Sagara,167.834,34.162325578947375
2022-11-14,Krishnaraja Sagara,173.016,34.42253915789474
2022-11-15,Krishnaraja Sagara,142.179,34.68275273684211
2022-11-16,Krishnaraja Sagara,104.942,34.94296631578948
2022-11-17,Krishnaraja Sagara,113.154,35.20317989473685
2022-11-18,Krishnaraja Sagara,95.371,35.463393473684214
2022-11-19,Krishnaraja Sagara,103.866,35.723607052631586
2022-11-20,Krishnaraja Sagara,103.187,35.98382063157895
2022-11-21,Krishnaraja Sagara,84.214,36.24403421052632
2022-11-22,Krishnaraja Sagara,92.483,36.50424778947369
2022-11-23,Krishnaraja Sagara,127.171,36.76446136842107
2022-11-24,Krishnaraja Sagara,136.912,37.024674947368425
2022-11-25,Krishnaraja Sagara,129.493,37.2848885263158
2022-11-26,Krishnaraja Sagara,137.592,37.54510210526316
2022-11-27,Krishnaraja Sagara,153.704,37.80531568421053
2022-11-28,Krishnaraja Sagara,144.982,38.0655292631579
2022-11-29,Krishnaraja Sagara,144.841,38.32574284210527
2022-11-30,Krishnaraja Sagara,144.671,38.58595642105264
2022-12-01,Krishnaraja Sagara,126.944,38.84617000000001
2022-12-02,Krishnaraja Sagara,108.425,32.842671
2022-12-03,Krishnaraja Sagara,123.603,25.426584
2022-12-04,Krishnaraja Sagara,106.443,0.0
2022-12-05,Krishnaraja Sagara,105.282,0.0
2022-12-06,Krishnaraja Sagara,104.631,19.069938000000004
2022-12-07,Krishnaraja Sagara,104.149,38.13987600000001
2022-12-08,Krishnaraja Sagara,102.28,37.080435
2022-12-09,Krishnaraja Sagara,60.796,40.611905
2022-12-10,Krishnaraja Sagara,64.732,0.0
2022-12-11,Krishnaraja Sagara,89.141,39.55246400000001
2022-12-12,Krishnaraja Sagara,131.56,33.902112
2022-12-13,Krishnaraja Sagara,165.031,33.8667973
2022-12-14,Krishnaraja Sagara,163.643,33.8314826
2022-12-15,Krishnaraja Sagara,181.568,33.7961679
2022-12-16,Krishnaraja Sagara,199.974,33.7608532
2022-12-17,Krishnaraja Sagara,114.796,33.7255385
2022-12-18,Krishnaraja Sagara,107.689,33.6902238
2022-12-19,Krishnaraja Sagara,100.553,33.6549091
2022-12-20,Krishnaraja Sagara,100.128,33.6195944
2022-12-21,Krishnaraja Sagara,91.718,33.5842797
2022-12-22,Krishnaraja Sagara,66.545,33.548965
2022-12-23,Krishnaraja Sagara,63.939,33.5136503
2022-12-24,Krishnaraja Sagara,71.16,33.4783356
2022-12-25,Krishnaraja Sagara,62.92,33.4430209
2022-12-26,Krishnaraja Sagara,54.51,33.4077062
2022-12-27,Krishnaraja Sagara,63.147,33.3723915
2022-12-28,Krishnaraja Sagara,64.194,33.3370768
2022-12-29,Krishnaraja Sagara,55.982,33.3017621
2022-12-30,Krishnaraja Sagara,64.449,33.2664474
2022-12-31,Krishnaraja Sagara,56.209,33.2311327
2023-01-01,Krishnaraja Sagara,43.353,33.195818
2023-01-02,Krishnaraja Sagara,42.928,26.839172
2023-01-03,Krishnaraja Sagara,34.915,20.129379
2023-01-04,Krishnaraja Sagara,30.894,12.006998
2023-01-05,Krishnaraja Sagara,34.915,5.650352000000001
2023-01-06,Krishnaraja Sagara,26.873,2.4720290000000005
2023-01-07,Krishnaraja Sagara,22.88,1.4125880000000002
2023-01-08,Krishnaraja Sagara,26.901,26.839172
2023-01-09,Krishnaraja Sagara,18.859,0.0
2023-01-10,Krishnaraja Sagara,22.88,13.066439
2023-01-11,Krishnaraja Sagara,22.342,14.125880000000002
2023-01-12,Krishnaraja Sagara,18.236,12.360145
2023-01-13,Krishnaraja Sagara,22.37,13.401928649999997
2023-01-14,Krishnaraja Sagara,26.646,14.4437123
2023-01-15,Krishnaraja Sagara,25.712,15.48549595
2023-01-16,Krishnaraja Sagara,25.174,16.527279599999996
2023-01-17,Krishnaraja Sagara,20.643,17.569063249999996
2023-01-18,Krishnaraja Sagara,29.138,18.6108469
2023-01-19,Krishnaraja Sagara,25.967,19.65263055
2023-01-20,Krishnaraja Sagara,25.485,20.6944142
2023-01-21,Krishnaraja Sagara,21.492,21.73619785
2023-01-22,Krishnaraja Sagara,18.632,22.777981500000003
2023-01-23,Krishnaraja Sagara,19.312,23.81976515
2023-01-24,Krishnaraja Sagara,22.597,24.8615488
2023-01-25,Krishnaraja Sagara,14.923,25.90333245
2023-01-26,Krishnaraja Sagara,20.275,26.9451161
2023-01-27,Krishnaraja Sagara,20.162,27.98689975
2023-01-28,Krishnaraja Sagara,23.333,29.0286834
2023-01-29,Krishnaraja Sagara,16.339,30.07046705
2023-01-30,Krishnaraja Sagara,17.698,31.1122507
2023-01-31,Krishnaraja Sagara,17.556,32.15403435
2023-02-01,Krishnaraja Sagara,16.82,33.195818
2023-02-02,Krishnaraja Sagara,16.424,26.839172
2023-02-03,Krishnaraja Sagara,10.591,19.776232000000004
2023-02-04,Krishnaraja Sagara,10.562,11.653851
2023-02-05,Krishnaraja Sagara,10.675,5.297205
2023-02-06,Krishnaraja Sagara,10.562,2.4720290000000005
2023-02-07,Krishnaraja Sagara,10.562,1.7657350000000005
2023-02-08,Krishnaraja Sagara,10.562,26.839172
2023-02-09,Krishnaraja Sagara,10.534,14.479027
2023-02-10,Krishnaraja Sagara,10.506,13.066439
2023-02-11,Krishnaraja Sagara,5.833,14.125880000000002
2023-02-12,Krishnaraja Sagara,8.24,12.360145
2023-02-13,Krishnaraja Sagara,8.184,13.585772823529412
2023-02-14,Krishnaraja Sagara,17.415,14.811400647058823
2023-02-15,Krishnaraja Sagara,10.137,16.037028470588236
2023-02-16,Krishnaraja Sagara,9.911,17.262656294117644
2023-02-17,Krishnaraja Sagara,8.637,18.48828411764706
2023-02-18,Krishnaraja Sagara,6.683,19.713911941176477
2023-02-19,Krishnaraja Sagara,9.288,20.93953976470588
2023-02-20,Krishnaraja Sagara,4.191,22.165167588235292
2023-02-21,Krishnaraja Sagara,11.1,23.390795411764707
2023-02-22,Krishnaraja Sagara,8.495,24.61642323529412
2023-02-23,Krishnaraja Sagara,11.213,25.84205105882353
2023-02-24,Krishnaraja Sagara,6.088,27.06767888235294
2023-02-25,Krishnaraja Sagara,5.918,28.293306705882355
2023-02-26,Krishnaraja Sagara,7.079,29.51893452941177
2023-02-27,Krishnaraja Sagara,8.127,30.744562352941173
2023-02-28,Krishnaraja Sagara,7.391,31.970190176470588
2023-03-01,Krishnaraja Sagara,3.936,33.195818
2023-03-02,Krishnaraja Sagara,3.738,26.486025
2023-03-03,Krishnaraja Sagara,5.437,19.423085000000004
2023-03-04,Krishnaraja Sagara,9.798,11.300704
2023-03-05,Krishnaraja Sagara,7.108,5.297205
2023-03-06,Krishnaraja Sagara,9.373,2.4720290000000005
2023-03-07,Krishnaraja Sagara,9.316,1.7657350000000005
2023-03-08,Krishnaraja Sagara,15.15,26.839172
2023-03-09,Krishnaraja Sagara,14.696,14.125880000000002
2023-03-10,Krishnaraja Sagara,17.811,14.125880000000002
2023-03-11,Krishnaraja Sagara,23.276,14.125880000000002
2023-03-12,Krishnaraja Sagara,17.471,12.006998
2023-03-13,Krishnaraja Sagara,11.751,13.066439
2023-03-14,Krishnaraja Sagara,11.751,14.125880000000002
2023-03-15,Krishnaraja Sagara,6.116,15.185321
2023-03-16,Krishnaraja Sagara,6.116,16.244762
2023-03-17,Krishnaraja Sagara,6.485,17.304203
2023-03-18,Krishnaraja Sagara,10.307,18.363644
2023-03-19,Krishnaraja Sagara,9.968,19.423085000000004
2023-03-20,Krishnaraja Sagara,3.766,20.482526
2023-03-21,Krishnaraja Sagara,6.003,21.541967
2023-03-22,Krishnaraja Sagara,5.89,22.601408
2023-03-23,Krishnaraja Sagara,3.71,23.660849
2023-03-24,Krishnaraja Sagara,3.908,24.72029
2023-03-25,Krishnaraja Sagara,6.4,25.779731
2023-03-26,Krishnaraja Sagara,6.768,26.839172
2023-03-27,Krishnaraja Sagara,9.005,27.898613
2023-03-28,Krishnaraja Sagara,9.713,28.958054
2023-03-29,Krishnaraja Sagara,11.695,30.017495
2023-03-30,Krishnaraja Sagara,12.658,31.076936
2023-03-31,Krishnaraja Sagara,12.488,32.136377
2023-04-01,Krishnaraja Sagara,11.553,33.195818
2023-04-02,Krishnaraja Sagara,12.629,26.486025
2023-04-03,Krishnaraja Sagara,9.061,19.069938000000004
2023-04-04,Krishnaraja Sagara,10.93,11.300704
2023-04-05,Krishnaraja Sagara,10.959,5.297205
2023-04-06,Krishnaraja Sagara,11.1,2.4720290000000005
2023-04-07,Krishnaraja Sagara,8.184,1.7657350000000005
2023-04-08,Krishnaraja Sagara,12.544,26.839172
2023-04-09,Krishnaraja Sagara,7.221,13.772733
2023-04-10,Krishnaraja Sagara,11.695,14.832174
2023-04-11,Krishnaraja Sagara,12.063,14.125880000000002
2023-04-12,Krishnaraja Sagara,7.759,12.006998
2023-04-13,Krishnaraja Sagara,4.417,13.122199052631576
2023-04-14,Krishnaraja Sagara,4.417,14.23740010526316
2023-04-15,Krishnaraja Sagara,8.75,15.352601157894735
2023-04-16,Krishnaraja Sagara,4.417,16.467802210526315
2023-04-17,Krishnaraja Sagara,4.417,17.583003263157895
2023-04-18,Krishnaraja Sagara,8.608,18.698204315789475
2023-04-19,Krishnaraja Sagara,4.984,19.81340536842105
2023-04-20,Krishnaraja Sagara,5.663,20.92860642105263
2023-04-21,Krishnaraja Sagara,7.221,22.04380747368421
2023-04-22,Krishnaraja Sagara,4.219,23.159008526315787
2023-04-23,Krishnaraja Sagara,10.534,24.274209578947367
2023-04-24,Krishnaraja Sagara,6.824,25.389410631578947
2023-04-25,Krishnaraja Sagara,13.451,26.504611684210523
2023-04-26,Krishnaraja Sagara,12.573,27.619812736842103
2023-04-27,Krishnaraja Sagara,8.835,28.735013789473683
2023-04-28,Krishnaraja Sagara,8.693,29.85021484210526
2023-04-29,Krishnaraja Sagara,12.516,30.965415894736843
2023-04-30,Krishnaraja Sagara,8.778,32.08061694736842
2023-05-01,Krishnaraja Sagara,10.477,33.195818
2023-05-02,Krishnaraja Sagara,15.574,26.486025
2023-05-03,Krishnaraja Sagara,14.385,18.716791
2023-05-04,Krishnaraja Sagara,25.117,10.947557
2023-05-05,Krishnaraja Sagara,29.761,4.944058000000001
2023-05-06,Krishnaraja Sagara,27.779,2.8251760000000004
2023-05-07,Krishnaraja Sagara,26.165,1.7657350000000005
2023-05-08,Krishnaraja Sagara,22.738,26.839172
2023-05-09,Krishnaraja Sagara,19.227,13.772733
2023-05-10,Krishnaraja Sagara,22.484,15.185321
2023-05-11,Krishnaraja Sagara,29.336,14.125880000000002
2023-05-12,Krishnaraja Sagara,39.587,12.006998
2023-05-13,Krishnaraja Sagara,43.013,13.04878165
2023-05-14,Krishnaraja Sagara,25.938,14.090565300000002
2023-05-15,Krishnaraja Sagara,29.365,15.13234895
2023-05-16,Krishnaraja Sagara,23.078,16.1741326
2023-05-17,Krishnaraja Sagara,19.369,17.21591625
2023-05-18,Krishnaraja Sagara,17.811,18.2576999
2023-05-19,Krishnaraja Sagara,12.006,19.29948355
2023-05-20,Krishnaraja Sagara,14.385,20.341267200000004
2023-05-21,Krishnaraja Sagara,12.403,21.383050850000004
2023-05-22,Krishnaraja Sagara,16.509,22.424834500000003
2023-05-23,Krishnaraja Sagara,10.987,23.46661815000001
2023-05-24,Krishnaraja Sagara,16.509,24.508401800000005
2023-05-25,Krishnaraja Sagara,11.44,25.550185450000004
2023-05-26,Krishnaraja Sagara,12.686,26.591969100000007
2023-05-27,Krishnaraja Sagara,10.506,27.63375275
2023-05-28,Krishnaraja Sagara,11.695,28.6755364
2023-05-29,Krishnaraja Sagara,9.741,29.717320050000005
2023-05-30,Krishnaraja Sagara,19.199,30.7591037
2023-05-31,Krishnaraja Sagara,49.13,31.800887350000004
2023-06-01,Krishnaraja Sagara,71.896,32.842671
2023-06-02,Krishnaraja Sagara,61.419,26.486025
2023-06-03,Krishnaraja Sagara,26.731,18.363644
2023-06-04,Krishnaraja Sagara,20.898,10.59441
2023-06-05,Krishnaraja Sagara,47.374,4.944058000000001
2023-06-06,Krishnaraja Sagara,53.292,2.8251760000000004
2023-06-07,Krishnaraja Sagara,54.453,1.7657350000000005
2023-06-08,Krishnaraja Sagara,85.12,26.839172
2023-06-09,Krishnaraja Sagara,104.829,13.419586
2023-06-10,Krishnaraja Sagara,90.755,15.185321
2023-06-11,Krishnaraja Sagara,37.718,14.125880000000002
2023-06-12,Krishnaraja Sagara,22.257,12.006998
2023-06-13,Krishnaraja Sagara,16.112,13.103612368421055
2023-06-14,Krishnaraja Sagara,18.236,14.200226736842104
2023-06-15,Krishnaraja Sagara,16.141,15.296841105263155
2023-06-16,Krishnaraja Sagara,12.261,16.393455473684213
2023-06-17,Krishnaraja Sagara,7.589,17.490069842105267
2023-06-18,Krishnaraja Sagara,9.033,18.58668421052632
2023-06-19,Krishnaraja Sagara,8.184,19.68329857894737
2023-06-20,Krishnaraja Sagara,9.798,20.779912947368423
2023-06-21,Krishnaraja Sagara,9.968,21.87652731578948
2023-06-22,Krishnaraja Sagara,11.921,22.97314168421053
2023-06-23,Krishnaraja Sagara,14.64,24.06975605263158
2023-06-24,Krishnaraja Sagara,14.555,25.16637042105264
2023-06-25,Krishnaraja Sagara,15.631,26.26298478947369
2023-06-26,Krishnaraja Sagara,21.521,27.359599157894746
2023-06-27,Krishnaraja Sagara,18.859,28.456213526315796
2023-06-28,Krishnaraja Sagara,21.521,29.55282789473685
2023-06-29,Krishnaraja Sagara,18.887,30.649442263157898
2023-06-30,Krishnaraja Sagara,19.001,31.746056631578952
2023-07-01,Krishnaraja Sagara,16.452,32.842671
2023-07-02,Krishnaraja Sagara,18.802,26.132878
2023-07-03,Krishnaraja Sagara,24.324,18.010497
2023-07-04,Krishnaraja Sagara,32.593,10.59441
2023-07-05,Krishnaraja Sagara,35.368,4.944058000000001
2023-07-06,Krishnaraja Sagara,40.89,2.8251760000000004
2023-07-07,Krishnaraja Sagara,112.305,2.118882
2023-07-08,Krishnaraja Sagara,380.833,26.839172
2023-07-09,Krishnaraja Sagara,412.18,0.0
2023-07-10,Krishnaraja Sagara,312.307,15.538468000000002
2023-07-11,Krishnaraja Sagara,215.888,14.125880000000002
2023-07-12,Krishnaraja Sagara,140.905,12.006998
2023-07-13,Krishnaraja Sagara,84.526,13.04878165
2023-07-14,Krishnaraja Sagara,69.631,14.090565300000002
2023-07-15,Krishnaraja Sagara,54.708,15.13234895
2023-07-16,Krishnaraja Sagara,67.592,16.1741326
2023-07-17,Krishnaraja Sagara,59.918,17.21591625
2023-07-18,Krishnaraja Sagara,52.273,18.2576999
2023-07-19,Krishnaraja Sagara,48.45,19.29948355
2023-07-20,Krishnaraja Sagara,52.754,20.341267200000004
2023-07-21,Krishnaraja Sagara,77.192,21.383050850000004
2023-07-22,Krishnaraja Sagara,177.717,22.424834500000003
2023-07-23,Krishnaraja Sagara,269.491,23.46661815000001
2023-07-24,Krishnaraja Sagara,836.933,24.508401800000005
2023-07-25,Krishnaraja Sagara,1359.917,25.550185450000004
2023-07-26,Krishnaraja Sagara,1458.544,26.591969100000007
2023-07-27,Krishnaraja Sagara,1142.33,27.63375275
2023-07-28,Krishnaraja Sagara,950.483,28.6755364
2023-07-29,Krishnaraja Sagara,494.271,29.717320050000005
2023-07-30,Krishnaraja Sagara,303.415,30.7591037
2023-07-31,Krishnaraja Sagara,248.282,31.800887350000004
2023-08-01,Krishnaraja Sagara,180.633,32.842671
2023-08-02,Krishnaraja Sagara,145.209,26.132878
2023-08-03,Krishnaraja Sagara,116.58,17.65735
2023-08-04,Krishnaraja Sagara,114.032,10.241263
2023-08-05,Krishnaraja Sagara,149.23,4.944058000000001
2023-08-06,Krishnaraja Sagara,120.545,3.178323
2023-08-07,Krishnaraja Sagara,156.281,3.178323
2023-08-08,Krishnaraja Sagara,141.924,26.839172
2023-08-09,Krishnaraja Sagara,149.06,13.066439
2023-08-10,Krishnaraja Sagara,137.337,15.538468000000002
2023-08-11,Krishnaraja Sagara,154.497,14.125880000000002
2023-08-12,Krishnaraja Sagara,140.706,11.653851
2023-08-13,Krishnaraja Sagara,119.582,12.713292
2023-08-14,Krishnaraja Sagara,112.135,13.772733
2023-08-15,Krishnaraja Sagara,134.59,14.832174
2023-08-16,Krishnaraja Sagara,87.159,15.891615000000002
2023-08-17,Krishnaraja Sagara,86.848,16.951056
2023-08-18,Krishnaraja Sagara,62.835,18.010497
2023-08-19,Krishnaraja Sagara,66.516,19.069938000000004
2023-08-20,Krishnaraja Sagara,138.13,20.129379000000004
2023-08-21,Krishnaraja Sagara,141.103,21.188820000000003
2023-08-22,Krishnaraja Sagara,149.201,22.248261000000007
2023-08-23,Krishnaraja Sagara,135.666,23.307702000000003
2023-08-24,Krishnaraja Sagara,98.854,24.367143
2023-08-25,Krishnaraja Sagara,92.766,25.426584
2023-08-26,Krishnaraja Sagara,69.688,26.486025
2023-08-27,Krishnaraja Sagara,88.009,27.545466
2023-08-28,Krishnaraja Sagara,37.605,28.604907000000004
2023-08-29,Krishnaraja Sagara,53.547,29.664348000000004
2023-08-30,Krishnaraja Sagara,65.129,30.723789000000007
2023-08-31,Krishnaraja Sagara,45.59,31.783230000000007
2023-09-01,Krishnaraja Sagara,46.298,32.842671
2023-09-02,Krishnaraja Sagara,81.269,26.132878
2023-09-03,Krishnaraja Sagara,110.917,17.65735
2023-09-04,Krishnaraja Sagara,118.902,10.241263
2023-09-05,Krishnaraja Sagara,112.928,4.944058000000001
2023-09-06,Krishnaraja Sagara,68.867,3.531470000000001
2023-09-07,Krishnaraja Sagara,81.921,4.590911
2023-09-08,Krishnaraja Sagara,81.354,26.839172
2023-09-09,Krishnaraja Sagara,96.702,13.066439
2023-09-10,Krishnaraja Sagara,114.258,15.185321
2023-09-11,Krishnaraja Sagara,104.376,14.479027
2023-09-12,Krishnaraja Sagara,99.166,11.653851
2023-09-13,Krishnaraja Sagara,77.616,12.769052052631578
2023-09-14,Krishnaraja Sagara,84.526,13.884253105263156
2023-09-15,Krishnaraja Sagara,103.668,14.99945415789474
2023-09-16,Krishnaraja Sagara,84.328,16.114655210526315
2023-09-17,Krishnaraja Sagara,84.611,17.229856263157895
2023-09-18,Krishnaraja Sagara,118.251,18.345057315789475
2023-09-19,Krishnaraja Sagara,198.416,19.46025836842106
2023-09-20,Krishnaraja Sagara,170.354,20.575459421052635
2023-09-21,Krishnaraja Sagara,151.099,21.69066047368421
2023-09-22,Krishnaraja Sagara,165.512,22.80586152631579
2023-09-23,Krishnaraja Sagara,145.747,23.92106257894737
2023-09-24,Krishnaraja Sagara,174.319,25.036263631578954
2023-09-25,Krishnaraja Sagara,169.703,26.151464684210527
2023-09-26,Krishnaraja Sagara,202.012,27.26666573684211
2023-09-27,Krishnaraja Sagara,210.989,28.38186678947369
2023-09-28,Krishnaraja Sagara,146.766,29.497067842105267
2023-09-29,Krishnaraja Sagara,136.912,30.61226889473685
2023-09-30,Krishnaraja Sagara,117.6,31.727469947368427
2023-10-01,Krishnaraja Sagara,117.685,32.842671
2023-10-02,Krishnaraja Sagara,164.549,26.132878
2023-10-03,Krishnaraja Sagara,334.139,17.304203
2023-10-04,Krishnaraja Sagara,256.324,10.241263
2023-10-05,Krishnaraja Sagara,165.965,4.944058000000001
2023-10-06,Krishnaraja Sagara,114.57,3.531470000000001
2023-10-07,Krishnaraja Sagara,83.874,5.297205
2023-10-08,Krishnaraja Sagara,104.263,26.486025
2023-10-09,Krishnaraja Sagara,99.194,13.066439
2023-10-10,Krishnaraja Sagara,126.831,14.832174
2023-10-11,Krishnaraja Sagara,157.951,14.832174
2023-10-12,Krishnaraja Sagara,160.896,11.653851
2023-10-13,Krishnaraja Sagara,166.616,12.713292
2023-10-14,Krishnaraja Sagara,157.158,13.772733
2023-10-15,Krishnaraja Sagara,125.217,14.832174
2023-10-16,Krishnaraja Sagara,101.063,15.891615000000002
2023-10-17,Krishnaraja Sagara,90.671,16.951056
2023-10-18,Krishnaraja Sagara,117.317,18.010497
2023-10-19,Krishnaraja Sagara,119.44,19.069938000000004
2023-10-20,Krishnaraja Sagara,90.104,20.129379000000004
2023-10-21,Krishnaraja Sagara,76.201,21.188820000000003
2023-10-22,Krishnaraja Sagara,67.083,22.248261000000007
2023-10-23,Krishnaraja Sagara,66.969,23.307702000000003
2023-10-24,Krishnaraja Sagara,57.993,24.367143
2023-10-25,Krishnaraja Sagara,50.8,25.426584
2023-10-26,Krishnaraja Sagara,15.036,26.486025
2023-10-27,Krishnaraja Sagara,15.036,27.545466
2023-10-28,Krishnaraja Sagara,20.105,28.604907000000004
2023-10-29,Krishnaraja Sagara,25.174,29.664348000000004
2023-10-30,Krishnaraja Sagara,15.036,30.723789000000007
2023-10-31,Krishnaraja Sagara,15.036,31.783230000000007
2023-11-01,Krishnaraja Sagara,15.036,32.842671
2023-11-02,Krishnaraja Sagara,14.3,25.779731
2023-11-03,Krishnaraja Sagara,14.3,17.304203
2023-11-04,Krishnaraja Sagara,24.437,9.888116000000002
2023-11-05,Krishnaraja Sagara,19.369,4.944058000000001
2023-11-06,Krishnaraja Sagara,30.865,3.884617
2023-11-07,Krishnaraja Sagara,77.673,6.003499000000001
2023-11-08,Krishnaraja Sagara,96.589,26.486025
2023-11-09,Krishnaraja Sagara,116.949,13.066439
2023-11-10,Krishnaraja Sagara,161.038,14.832174
2023-11-11,Krishnaraja Sagara,161.038,15.185321
2023-11-12,Krishnaraja Sagara,132.495,11.653851
2023-11-13,Krishnaraja Sagara,105.933,12.750465368421054
2023-11-14,Krishnaraja Sagara,82.232,13.847079736842105
2023-11-15,Krishnaraja Sagara,62.58,14.94369410526316
2023-11-16,Krishnaraja Sagara,57.143,16.040308473684213
2023-11-17,Krishnaraja Sagara,47.742,17.136922842105268
2023-11-18,Krishnaraja Sagara,44.967,18.23353721052632
2023-11-19,Krishnaraja Sagara,42.985,19.33015157894737
2023-11-20,Krishnaraja Sagara,37.718,20.426765947368423
2023-11-21,Krishnaraja Sagara,39.559,21.52338031578948
2023-11-22,Krishnaraja Sagara,44.514,22.61999468421053
2023-11-23,Krishnaraja Sagara,41.059,23.71660905263158
2023-11-24,Krishnaraja Sagara,42.135,24.81322342105264
2023-11-25,Krishnaraja Sagara,52.556,25.90983778947369
2023-11-26,Krishnaraja Sagara,52.528,27.006452157894746
2023-11-27,Krishnaraja Sagara,38.879,28.103066526315796
2023-11-28,Krishnaraja Sagara,36.614,29.19968089473685
2023-11-29,Krishnaraja Sagara,46.921,30.296295263157894
2023-11-30,Krishnaraja Sagara,35.849,31.392909631578952
2023-12-01,Krishnaraja Sagara,34.971,32.489524
2023-12-02,Krishnaraja Sagara,30.129,25.779731
2023-12-03,Krishnaraja Sagara,25.91,17.304203
2023-12-04,Krishnaraja Sagara,24.551,9.888116000000002
2023-12-05,Krishnaraja Sagara,22.229,4.944058000000001
2023-12-06,Krishnaraja Sagara,26.873,3.884617
2023-12-07,Krishnaraja Sagara,19.85,6.3566460000000005
2023-12-08,Krishnaraja Sagara,24.522,26.132878
2023-12-09,Krishnaraja Sagara,24.494,12.713292
2023-12-10,Krishnaraja Sagara,33.839,15.185321
2023-12-11,Krishnaraja Sagara,33.272,15.538468000000002
2023-12-12,Krishnaraja Sagara,35.623,11.653851
2023-12-13,Krishnaraja Sagara,30.922,11.671508350000002
2023-12-14,Krishnaraja Sagara,28.6,11.689165700000002
2023-12-15,Krishnaraja Sagara,28.628,11.70682305
2023-12-16,Krishnaraja Sagara,28.628,11.7244804
2023-12-17,Krishnaraja Sagara,33.329,11.74213775
2023-12-18,Krishnaraja Sagara,28.657,11.759795100000002
2023-12-19,Krishnaraja Sagara,33.329,11.777452450000002
2023-12-20,Krishnaraja Sagara,34.093,11.7951098
2023-12-21,Krishnaraja Sagara,29.421,11.81276715
2023-12-22,Krishnaraja Sagara,32.253,11.8304245
2023-12-23,Krishnaraja Sagara,36.925,11.848081850000002
2023-12-24,Krishnaraja Sagara,32.253,11.865739200000002
2023-12-25,Krishnaraja Sagara,32.253,11.883396550000002
2023-12-26,Krishnaraja Sagara,27.581,11.9010539
2023-12-27,Krishnaraja Sagara,32.253,11.91871125
2023-12-28,Krishnaraja Sagara,22.88,11.936368600000002
2023-12-29,Krishnaraja Sagara,21.039,11.954025950000002
2023-12-30,Krishnaraja Sagara,18.717,11.971683300000002
2023-12-31,Krishnaraja Sagara,23.39,11.98934065
2024-01-01,Krishnaraja Sagara,25.712,12.006998
2024-01-02,Krishnaraja Sagara,16.594,8.828675
2024-01-03,Krishnaraja Sagara,25.938,7.769234000000001
2024-01-04,Krishnaraja Sagara,16.565,4.944058000000001
2024-01-05,Krishnaraja Sagara,25.91,2.8251760000000004
2024-01-06,Krishnaraja Sagara,25.91,3.1652434814814807
2024-01-07,Krishnaraja Sagara,30.582,3.505310962962961
2024-01-08,Krishnaraja Sagara,35.254,3.845378444444445
2024-01-09,Krishnaraja Sagara,40.238,4.185445925925925
2024-01-10,Krishnaraja Sagara,28.43,4.525513407407406
2024-01-11,Krishnaraja Sagara,21.238,4.865580888888887
2024-01-12,Krishnaraja Sagara,15.489,5.205648370370371
2024-01-13,Krishnaraja Sagara,24.607,5.545715851851851
2024-01-14,Krishnaraja Sagara,25.882,5.885783333333332
2024-01-15,Krishnaraja Sagara,15.603,6.225850814814816
2024-01-16,Krishnaraja Sagara,11.723,6.565918296296296
2024-01-17,Krishnaraja Sagara,11.355,6.905985777777777
2024-01-18,Krishnaraja Sagara,9.373,7.24605325925926
2024-01-19,Krishnaraja Sagara,11.893,7.58612074074074
2024-01-20,Krishnaraja Sagara,9.911,7.926188222222221
2024-01-21,Krishnaraja Sagara,14.102,8.266255703703704
2024-01-22,Krishnaraja Sagara,9.911,8.606323185185186
2024-01-23,Krishnaraja Sagara,13.875,8.946390666666666
2024-01-24,Krishnaraja Sagara,18.321,9.286458148148151
2024-01-25,Krishnaraja Sagara,14.102,9.626525629629633
2024-01-26,Krishnaraja Sagara,18.604,9.966593111111113
2024-01-27,Krishnaraja Sagara,15.744,10.306660592592593
2024-01-28,Krishnaraja Sagara,18.066,10.646728074074076
2024-01-29,Krishnaraja Sagara,20.728,10.986795555555556
2024-01-30,Krishnaraja Sagara,16.65,11.326863037037036
2024-01-31,Krishnaraja Sagara,12.573,11.66693051851852
2024-02-01,Krishnaraja Sagara,16.65,12.006998
2024-02-02,Krishnaraja Sagara,12.544,8.828675
2024-02-03,Krishnaraja Sagara,16.622,7.416087
2024-02-04,Krishnaraja Sagara,12.544,4.944058000000001
2024-02-05,Krishnaraja Sagara,12.544,2.8251760000000004
2024-02-06,Krishnaraja Sagara,16.622,3.19244888
2024-02-07,Krishnaraja Sagara,11.468,3.5597217600000004
2024-02-08,Krishnaraja Sagara,9.316,3.92699464
2024-02-09,Krishnaraja Sagara,9.288,4.29426752
2024-02-10,Krishnaraja Sagara,9.514,4.661540400000001
2024-02-11,Krishnaraja Sagara,13.819,5.0288132800000005
2024-02-12,Krishnaraja Sagara,13.762,5.39608616
2024-02-13,Krishnaraja Sagara,11.865,5.763359040000001
2024-02-14,Krishnaraja Sagara,11.865,6.130631920000001
2024-02-15,Krishnaraja Sagara,13.904,6.497904800000001
2024-02-16,Krishnaraja Sagara,9.798,6.86517768
2024-02-17,Krishnaraja Sagara,7.759,7.232450559999997
2024-02-18,Krishnaraja Sagara,10.052,7.599723440000001
2024-02-19,Krishnaraja Sagara,11.95,7.966996320000001
2024-02-20,Krishnaraja Sagara,13.932,8.3342692
2024-02-21,Krishnaraja Sagara,11.921,8.701542080000001
2024-02-22,Krishnaraja Sagara,11.893,9.06881496
2024-02-23,Krishnaraja Sagara,9.911,9.43608784
2024-02-24,Krishnaraja Sagara,9.911,9.80336072
2024-02-25,Krishnaraja Sagara,7.9,10.1706336
2024-02-26,Krishnaraja Sagara,7.9,10.53790648
2024-02-27,Krishnaraja Sagara,5.89,10.905179360000002
2024-02-28,Krishnaraja Sagara,7.872,11.27245224
2024-02-29,Krishnaraja Sagara,5.862,11.63972512
2024-03-01,Krishnaraja Sagara,7.815,12.006998
2024-03-02,Krishnaraja Sagara,7.9,8.828675
2024-03-03,Krishnaraja Sagara,8.325,7.416087
2024-03-04,Krishnaraja Sagara,6.485,4.944058000000001
2024-03-05,Krishnaraja Sagara,6.371,2.8251760000000004
2024-03-06,Krishnaraja Sagara,8.269,3.1652434814814807
2024-03-07,Krishnaraja Sagara,6.315,3.505310962962961
2024-03-08,Krishnaraja Sagara,6.315,3.845378444444445
2024-03-09,Krishnaraja Sagara,3.851,4.185445925925925
2024-03-10,Krishnaraja Sagara,3.738,4.525513407407406
2024-03-11,Krishnaraja Sagara,4.786,4.865580888888887
2024-03-12,Krishnaraja Sagara,4.729,5.205648370370371
2024-03-13,Krishnaraja Sagara,3.228,5.545715851851851
2024-03-14,Krishnaraja Sagara,5.069,5.885783333333332
2024-03-15,Krishnaraja Sagara,3.625,6.225850814814816
2024-03-16,Krishnaraja Sagara,3.653,6.565918296296296
2024-03-17,Krishnaraja Sagara,3.823,6.905985777777777
2024-03-18,Krishnaraja Sagara,3.794,7.24605325925926
2024-03-19,Krishnaraja Sagara,3.738,7.58612074074074
2024-03-20,Krishnaraja Sagara,2.152,7.926188222222221
2024-03-21,Krishnaraja Sagara,2.124,8.266255703703704
2024-03-22,Krishnaraja Sagara,3.115,8.606323185185186
2024-03-23,Krishnaraja Sagara,2.124,8.946390666666666
2024-03-24,Krishnaraja Sagara,2.067,9.286458148148151
2024-03-25,Krishnaraja Sagara,2.01,9.626525629629633
2024-03-26,Krishnaraja Sagara,1.954,9.966593111111113
2024-03-27,Krishnaraja Sagara,1.897,10.306660592592593
2024-03-28,Krishnaraja Sagara,1.841,10.646728074074076
2024-03-29,Krishnaraja Sagara,1.586,10.986795555555556
2024-03-30,Krishnaraja Sagara,1.841,11.326863037037036
2024-03-31,Krishnaraja Sagara,2.435,11.66693051851852
2024-04-01,Krishnaraja Sagara,2.379,12.006998
2024-04-02,Krishnaraja Sagara,1.472,8.828675
2024-04-03,Krishnaraja Sagara,1.416,7.416087
2024-04-04,Krishnaraja Sagara,1.416,4.944058000000001
2024-04-05,Krishnaraja Sagara,2.209,2.8251760000000004
2024-04-06,Krishnaraja Sagara,2.152,3.178323
2024-04-07,Krishnaraja Sagara,2.124,3.531470000000001
2024-04-08,Krishnaraja Sagara,2.067,3.884617
2024-04-09,Krishnaraja Sagara,2.01,4.237764
2024-04-10,Krishnaraja Sagara,1.982,4.590911
2024-04-11,Krishnaraja Sagara,2.69,4.944058000000001
2024-04-12,Krishnaraja Sagara,2.464,5.297205
2024-04-13,Krishnaraja Sagara,2.407,5.650352000000001
2024-04-14,Krishnaraja Sagara,2.379,6.003498999999997
2024-04-15,Krishnaraja Sagara,2.322,6.3566460000000005
2024-04-16,Krishnaraja Sagara,3.879,6.709793
2024-04-17,Krishnaraja Sagara,2.237,7.062940000000001
2024-04-18,Krishnaraja Sagara,2.435,7.416087
2024-04-19,Krishnaraja Sagara,2.917,7.769233999999996
2024-04-20,Krishnaraja Sagara,2.86,8.122380999999997
2024-04-21,Krishnaraja Sagara,2.803,8.475528
2024-04-22,Krishnaraja Sagara,2.747,8.828675
2024-04-23,Krishnaraja Sagara,1.161,9.181822
2024-04-24,Krishnaraja Sagara,2.662,9.534968999999997
2024-04-25,Krishnaraja Sagara,2.039,9.888115999999998
2024-04-26,Krishnaraja Sagara,2.322,10.241263
2024-04-27,Krishnaraja Sagara,2.209,10.59441
2024-04-28,Krishnaraja Sagara,2.124,10.947557
2024-04-29,Krishnaraja Sagara,2.549,11.300704
2024-04-30,Krishnaraja Sagara,2.52,11.653850999999998
2024-05-01,Krishnaraja Sagara,2.803,12.006998
2024-05-02,Krishnaraja Sagara,1.671,8.828675
2024-05-03,Krishnaraja Sagara,1.642,7.416087
2024-05-04,Krishnaraja Sagara,4.531,4.590911
2024-05-05,Krishnaraja Sagara,3.002,2.8251760000000004
2024-05-06,Krishnaraja Sagara,3.313,3.1652434814814807
2024-05-07,Krishnaraja Sagara,4.672,3.505310962962961
2024-05-08,Krishnaraja Sagara,3.2,3.845378444444445
2024-05-09,Krishnaraja Sagara,4.134,4.185445925925925
2024-05-10,Krishnaraja Sagara,4.276,4.525513407407406
2024-05-11,Krishnaraja Sagara,7.108,4.865580888888887
2024-05-12,Krishnaraja Sagara,4.248,5.205648370370371
2024-05-13,Krishnaraja Sagara,7.079,5.545715851851851
2024-05-14,Krishnaraja Sagara,22.71,5.885783333333332
2024-05-15,Krishnaraja Sagara,25.57,6.225850814814816
2024-05-16,Krishnaraja Sagara,50.149,6.565918296296296
2024-05-17,Krishnaraja Sagara,44.174,6.905985777777777
2024-05-18,Krishnaraja Sagara,32.649,7.24605325925926
2024-05-19,Krishnaraja Sagara,28.317,7.58612074074074
2024-05-20,Krishnaraja Sagara,40.097,7.926188222222221
2024-05-21,Krishnaraja Sagara,51.876,8.266255703703704
2024-05-22,Krishnaraja Sagara,41.229,8.606323185185186
2024-05-23,Krishnaraja Sagara,55.813,8.946390666666666
2024-05-24,Krishnaraja Sagara,71.047,9.286458148148151
2024-05-25,Krishnaraja Sagara,95.286,9.626525629629633
2024-05-26,Krishnaraja Sagara,96.419,9.966593111111113
2024-05-27,Krishnaraja Sagara,81.921,10.306660592592593
2024-05-28,Krishnaraja Sagara,66.941,10.646728074074076
2024-05-29,Krishnaraja Sagara,50.914,10.986795555555556
2024-05-30,Krishnaraja Sagara,42.9,11.326863037037036
2024-05-31,Krishnaraja Sagara,26.873,11.66693051851852
2024-06-01,Krishnaraja Sagara,34.915,12.006998
2024-06-02,Krishnaraja Sagara,34.886,8.828675
2024-06-03,Krishnaraja Sagara,41.541,7.416087
2024-06-04,Krishnaraja Sagara,44.911,4.590911
2024-06-05,Krishnaraja Sagara,28.345,2.4720290000000005
2024-06-06,Krishnaraja Sagara,41.626,2.838758576923074
2024-06-07,Krishnaraja Sagara,51.622,3.205488153846152
2024-06-08,Krishnaraja Sagara,40.295,3.572217730769229
2024-06-09,Krishnaraja Sagara,32.31,3.9389473076923065
2024-06-10,Krishnaraja Sagara,41.201,4.305676884615384
2024-06-11,Krishnaraja Sagara,49.809,4.672406461538461
2024-06-12,Krishnaraja Sagara,49.838,5.039136038461539
2024-06-13,Krishnaraja Sagara,66.969,5.405865615384613
2024-06-14,Krishnaraja Sagara,68.074,5.772595192307691
2024-06-15,Krishnaraja Sagara,68.697,6.139324769230767
2024-06-16,Krishnaraja Sagara,59.947,6.506054346153845
2024-06-17,Krishnaraja Sagara,60.032,6.872783923076923
2024-06-18,Krishnaraja Sagara,52.358,7.2395135
2024-06-19,Krishnaraja Sagara,34.235,7.606243076923078
2024-06-20,Krishnaraja Sagara,34.263,7.972972653846152
2024-06-21,Krishnaraja Sagara,37.888,8.339702230769229
2024-06-22,Krishnaraja Sagara,40.012,8.706431807692308
2024-06-23,Krishnaraja Sagara,34.377,9.073161384615386
2024-06-24,Krishnaraja Sagara,36.217,9.43989096153846
2024-06-25,Krishnaraja Sagara,43.495,9.80662053846154
2024-06-26,Krishnaraja Sagara,63.458,10.173350115384611
2024-06-27,Krishnaraja Sagara,109.19,10.54007969230769
2024-06-28,Krishnaraja Sagara,380.493,10.906809269230772
2024-06-29,Krishnaraja Sagara,527.939,11.273538846153846
2024-06-30,Krishnaraja Sagara,364.353,11.640268423076924
2024-07-01,Krishnaraja Sagara,265.301,12.006998
2024-07-02,Krishnaraja Sagara,248.82,8.475528
2024-07-03,Krishnaraja Sagara,400.259,7.416087
2024-07-04,Krishnaraja Sagara,316.837,4.590911
2024-07-05,Krishnaraja Sagara,274.277,2.4720290000000005
2024-07-06,Krishnaraja Sagara,175.14,2.8251760000000004
2024-07-07,Krishnaraja Sagara,312.25,3.178323
2024-07-08,Krishnaraja Sagara,238.569,3.531470000000001
2024-07-09,Krishnaraja Sagara,186.891,3.884617
2024-07-10,Krishnaraja Sagara,160.443,4.237764
2024-07-11,Krishnaraja Sagara,174.035,4.590911
2024-07-12,Krishnaraja Sagara,132.325,4.944058000000001
2024-07-13,Krishnaraja Sagara,96.447,5.297205
2024-07-14,Krishnaraja Sagara,82.062,5.650352000000001
2024-07-15,Krishnaraja Sagara,286.595,6.003499000000001
2024-07-16,Krishnaraja Sagara,734.341,6.3566460000000005
2024-07-17,Krishnaraja Sagara,1038.492,6.709793
2024-07-18,Krishnaraja Sagara,1041.267,7.062940000000001
2024-07-19,Krishnaraja Sagara,1263.413,7.416087
2024-07-20,Krishnaraja Sagara,1454.778,7.769234000000001
2024-07-21,Krishnaraja Sagara,1971.334,8.122381
2024-07-22,Krishnaraja Sagara,1699.464,8.475528
2024-07-23,Krishnaraja Sagara,1133.495,8.828675
2024-07-24,Krishnaraja Sagara,901.948,9.181822
2024-07-25,Krishnaraja Sagara,1190.582,9.534969000000002
2024-07-26,Krishnaraja Sagara,1895.671,9.888116000000002
2024-07-27,Krishnaraja Sagara,3160.132,10.241263
2024-07-28,Krishnaraja Sagara,3314.94,10.59441
2024-07-29,Krishnaraja Sagara,1614.4,10.947557
2024-07-30,Krishnaraja Sagara,1103.706,11.300704
2024-07-31,Krishnaraja Sagara,2704.315,11.653851
2024-08-01,Krishnaraja Sagara,3843.247,12.006998
2024-08-02,Krishnaraja Sagara,2800.819,8.475528
2024-08-03,Krishnaraja Sagara,2081.288,7.416087
2024-08-04,Krishnaraja Sagara,2175.753,4.590911
2024-08-05,Krishnaraja Sagara,963.594,2.4720290000000005
2024-08-06,Krishnaraja Sagara,464.396,2.8251760000000004
2024-08-07,Krishnaraja Sagara,388.904,3.178323
2024-08-08,Krishnaraja Sagara,362.626,3.531470000000001
2024-08-09,Krishnaraja Sagara,492.798,3.884617
2024-08-10,Krishnaraja Sagara,324.653,4.237764
2024-08-11,Krishnaraja Sagara,347.278,4.590911
2024-08-12,Krishnaraja Sagara,596.353,4.944058000000001
2024-08-13,Krishnaraja Sagara,401.816,5.297205
2024-08-14,Krishnaraja Sagara,434.664,5.650352000000001
2024-08-15,Krishnaraja Sagara,484.841,6.003499000000001
2024-08-16,Krishnaraja Sagara,593.549,6.3566460000000005
2024-08-17,Krishnaraja Sagara,470.768,6.709793
2024-08-18,Krishnaraja Sagara,371.715,7.062940000000001
2024-08-19,Krishnaraja Sagara,345.749,7.416087
2024-08-20,Krishnaraja Sagara,294.297,7.769234000000001
2024-08-21,Krishnaraja Sagara,247.687,8.122381
2024-08-22,Krishnaraja Sagara,229.989,8.475528
2024-08-23,Krishnaraja Sagara,168.06,8.828675
2024-08-24,Krishnaraja Sagara,132.919,9.181822
2024-08-25,Krishnaraja Sagara,132.948,9.534969000000002
2024-08-26,Krishnaraja Sagara,123.999,9.888116000000002
2024-08-27,Krishnaraja Sagara,132.948,10.241263
2024-08-28,Krishnaraja Sagara,159.877,10.59441
2024-08-29,Krishnaraja Sagara,205.297,10.947557
2024-08-30,Krishnaraja Sagara,413.992,11.300704
2024-08-31,Krishnaraja Sagara,529.242,11.653851
2024-09-01,Krishnaraja Sagara,430.982,12.006998
2024-09-02,Krishnaraja Sagara,318.508,8.475528
2024-09-03,Krishnaraja Sagara,318.508,7.062940000000001
2024-09-04,Krishnaraja Sagara,429.878,4.590911
2024-09-05,Krishnaraja Sagara,441.658,2.4720290000000005
2024-09-06,Krishnaraja Sagara,456.014,2.8251760000000004
2024-09-07,Krishnaraja Sagara,345.664,3.178323
2024-09-08,Krishnaraja Sagara,258.193,3.531470000000001
2024-09-09,Krishnaraja Sagara,258.193,3.884617
2024-09-10,Krishnaraja Sagara,256.352,4.237764
2024-09-11,Krishnaraja Sagara,373.329,4.590911
2024-09-12,Krishnaraja Sagara,325.927,4.944058000000001
2024-09-13,Krishnaraja Sagara,326.55,5.297205
2024-09-14,Krishnaraja Sagara,422.884,5.650352000000001
2024-09-15,Krishnaraja Sagara,422.884,6.003498999999997
2024-09-16,Krishnaraja Sagara,203.372,6.3566460000000005
2024-09-17,Krishnaraja Sagara,203.372,6.709793
2024-09-18,Krishnaraja Sagara,115.165,7.062940000000001
2024-09-19,Krishnaraja Sagara,117.373,7.416087
2024-09-20,Krishnaraja Sagara,117.345,7.769234000000001
2024-09-21,Krishnaraja Sagara,85.63,8.122381
2024-09-22,Krishnaraja Sagara,90.501,8.475528
2024-09-23,Krishnaraja Sagara,90.472,8.828675
2024-09-24,Krishnaraja Sagara,99.534,9.181822
2024-09-25,Krishnaraja Sagara,99.59,9.534969000000002
2024-09-26,Krishnaraja Sagara,117.883,9.888116000000002
2024-09-27,Krishnaraja Sagara,117.855,10.241263
2024-09-28,Krishnaraja Sagara,126.973,10.59441
2024-09-29,Krishnaraja Sagara,126.973,10.947557
2024-09-30,Krishnaraja Sagara,131.362,11.300703999999996
2024-10-01,Krishnaraja Sagara,139.857,11.653851
2024-10-02,Krishnaraja Sagara,136.827,8.475528
2024-10-03,Krishnaraja Sagara,155.12,6.709793
2024-10-04,Krishnaraja Sagara,155.148,4.237764
2024-10-05,Krishnaraja Sagara,159.735,2.4720290000000005
2024-10-06,Krishnaraja Sagara,159.764,2.799016962962961
2024-10-07,Krishnaraja Sagara,191.79,3.1260049259259253
2024-10-08,Krishnaraja Sagara,200.993,3.452992888888886
2024-10-09,Krishnaraja Sagara,182.7,3.779980851851851
2024-10-10,Krishnaraja Sagara,173.554,4.106968814814815
2024-10-11,Krishnaraja Sagara,173.554,4.433956777777776
2024-10-12,Krishnaraja Sagara,164.436,4.760944740740741
2024-10-13,Krishnaraja Sagara,173.582,5.087932703703701
2024-10-14,Krishnaraja Sagara,191.903,5.414920666666665
2024-10-15,Krishnaraja Sagara,270.086,5.74190862962963
2024-10-16,Krishnaraja Sagara,256.069,6.068896592592592
2024-10-17,Krishnaraja Sagara,242.024,6.395884555555556
2024-10-18,Krishnaraja Sagara,243.44,6.722872518518517
2024-10-19,Krishnaraja Sagara,244.856,7.049860481481481
2024-10-20,Krishnaraja Sagara,243.44,7.376848444444445
2024-10-21,Krishnaraja Sagara,118.11,7.703836407407405
2024-10-22,Krishnaraja Sagara,283.338,8.03082437037037
2024-10-23,Krishnaraja Sagara,365.939,8.357812333333332
2024-10-24,Krishnaraja Sagara,458.874,8.684800296296297
2024-10-25,Krishnaraja Sagara,489.853,9.01178825925926
2024-10-26,Krishnaraja Sagara,427.896,9.338776222222224
2024-10-27,Krishnaraja Sagara,242.024,9.665764185185182
2024-10-28,Krishnaraja Sagara,180.067,9.992752148148147
2024-10-29,Krishnaraja Sagara,149.683,10.319740111111113
2024-10-30,Krishnaraja Sagara,150.391,10.646728074074073
2024-10-31,Krishnaraja Sagara,179.416,10.973716037037036
2024-11-01,Krishnaraja Sagara,178.0,11.300704
2024-11-02,Krishnaraja Sagara,175.225,8.475528
2024-11-03,Krishnaraja Sagara,174.63,6.709793
2024-11-04,Krishnaraja Sagara,166.815,0.0
2024-11-05,Krishnaraja Sagara,221.721,2.4720290000000005
2024-11-06,Krishnaraja Sagara,222.457,2.8115934230769226
2024-11-07,Krishnaraja Sagara,214.727,3.151157846153845
2024-11-08,Krishnaraja Sagara,197.878,3.490722269230768
2024-11-09,Krishnaraja Sagara,166.899,3.8302866923076895
2024-11-10,Krishnaraja Sagara,168.315,4.1698511153846125
2024-11-11,Krishnaraja Sagara,169.731,4.509415538461538
2024-11-12,Krishnaraja Sagara,166.899,4.848979961538461
2024-11-13,Krishnaraja Sagara,164.068,5.188544384615384
2024-11-14,Krishnaraja Sagara,163.332,5.528108807692306
2024-11-15,Krishnaraja Sagara,148.522,5.867673230769229
2024-11-16,Krishnaraja Sagara,134.42,6.207237653846152
2024-11-17,Krishnaraja Sagara,127.341,6.546802076923074
2024-11-18,Krishnaraja Sagara,120.262,6.8863665
2024-11-19,Krishnaraja Sagara,121.677,7.225930923076922
2024-11-20,Krishnaraja Sagara,123.093,7.565495346153845
2024-11-21,Krishnaraja Sagara,124.509,7.905059769230768
2024-11-22,Krishnaraja Sagara,125.925,8.24462419230769
2024-11-23,Krishnaraja Sagara,125.189,8.584188615384614
2024-11-24,Krishnaraja Sagara,124.453,8.923753038461536
2024-11-25,Krishnaraja Sagara,125.868,9.26331746153846
2024-11-26,Krishnaraja Sagara,127.284,9.602881884615384
2024-11-27,Krishnaraja Sagara,112.163,9.942446307692308
2024-11-28,Krishnaraja Sagara,133.117,10.28201073076923
2024-11-29,Krishnaraja Sagara,134.307,10.621575153846155
2024-11-30,Krishnaraja Sagara,129.918,10.961139576923076
2024-12-01,Krishnaraja Sagara,139.602,11.300704
2024-12-02,Krishnaraja Sagara,141.613,8.475528
2024-12-03,Krishnaraja Sagara,125.359,6.3566460000000005
2024-12-04,Krishnaraja Sagara,92.256,4.237764
2024-12-05,Krishnaraja Sagara,84.639,2.118882
2024-12-06,Krishnaraja Sagara,86.819,2.0526669374999966
2024-12-07,Krishnaraja Sagara,101.289,1.9864518749999964
2024-12-08,Krishnaraja Sagara,102.111,1.9202368125
2024-12-09,Krishnaraja Sagara,102.932,1.85402175
2024-12-10,Krishnaraja Sagara,131.815,1.7878066874999965
2024-12-11,Krishnaraja Sagara,160.67,1.721591625
2024-12-12,Krishnaraja Sagara,159.254,1.6553765625
2024-12-13,Krishnaraja Sagara,157.838,1.5891615
2024-12-14,Krishnaraja Sagara,156.422,1.5229464375
2024-12-15,Krishnaraja Sagara,155.006,1.4567313749999964
2024-12-16,Krishnaraja Sagara,124.028,1.3905163125000002
2024-12-17,Krishnaraja Sagara,85.007,1.32430125
2024-12-18,Krishnaraja Sagara,78.381,1.2580861875
2024-12-19,Krishnaraja Sagara,76.229,1.1918711250000005
2024-12-20,Krishnaraja Sagara,86.65,1.1256560625
2024-12-21,Krishnaraja Sagara,87.471,1.059441
2024-12-22,Krishnaraja Sagara,88.292,0.9932259374999964
2024-12-23,Krishnaraja Sagara,86.876,0.927010875
2024-12-24,Krishnaraja Sagara,85.46,0.8607958125
2024-12-25,Krishnaraja Sagara,86.168,0.7945807500000001
2024-12-26,Krishnaraja Sagara,86.876,0.7283656874999965
2024-12-27,Krishnaraja Sagara,77.73,0.662150625
2024-12-28,Krishnaraja Sagara,50.404,0.5959355625000001
2024-12-29,Krishnaraja Sagara,45.845,0.5297205
2024-12-30,Krishnaraja Sagara,45.817,0.4635054374999965
2024-12-31,Krishnaraja Sagara,35.254,0.397290375
