Date,Reservoir_Name,Inflow (cusecs/cumecs),Storage (TMC/MCM)
2010-01-01,Mettur,97.345,55.091
2010-01-02,Mettur,95.606,38.846
2010-01-03,Mettur,98.27,36.727
2010-01-04,Mettur,80.697,34.255
2010-01-05,Mettur,78.317,34.962
2010-01-06,Mettur,77.154,38.14
2010-01-07,Mettur,70.556,42.024
2010-01-08,Mettur,59.28,43.79
2010-01-09,Mettur,57.005,49.087
2010-01-10,Mettur,50.65,36.374
2010-01-11,Mettur,51.581,30.017
2010-01-12,Mettur,41.811,92.171
2010-01-13,Mettur,46.802,90.3
2010-01-14,Mettur,38.18,88.428
2010-01-15,Mettur,39.311,86.556
2010-01-16,Mettur,37.848,84.685
2010-01-17,Mettur,47.2,82.813
2010-01-18,Mettur,49.896,80.941
2010-01-19,Mettur,42.618,79.07
2010-01-20,Mettur,47.233,77.198
2010-01-21,Mettur,36.512,75.326
2010-01-22,Mettur,51.152,73.455
2010-01-23,Mettur,50.21,71.583
2010-01-24,Mettur,55.98,69.711
2010-01-25,Mettur,48.225,67.839
2010-01-26,Mettur,50.65,65.968
2010-01-27,Mettur,59.027,64.096
2010-01-28,Mettur,41.727,62.224
2010-01-29,Mettur,55.398,60.353
2010-01-30,Mettur,48.926,58.481
2010-01-31,Mettur,43.84,56.609
2010-02-01,Mettur,53.033,54.738
2010-02-02,Mettur,48.225,39.199
2010-02-03,Mettur,34.954,36.727
2010-02-04,Mettur,43.681,34.255
2010-02-05,Mettur,40.116,34.962
2010-02-06,Mettur,41.378,38.493
2010-02-07,Mettur,42.2,42.024
2010-02-08,Mettur,26.379,45.203
2010-02-09,Mettur,25.489,48.734
2010-02-10,Mettur,30.767,36.021
2010-02-11,Mettur,25.078,31.077
2010-02-12,Mettur,31.075,93.231
2010-02-13,Mettur,42.163,90.925
2010-02-14,Mettur,38.97,88.619
2010-02-15,Mettur,29.99,86.313
2010-02-16,Mettur,26.4,84.007
2010-02-17,Mettur,25.725,81.702
2010-02-18,Mettur,45.917,79.396
2010-02-19,Mettur,34.021,77.09
2010-02-20,Mettur,36.406,74.784
2010-02-21,Mettur,57.8,72.478
2010-02-22,Mettur,56.608,70.172
2010-02-23,Mettur,54.08,67.866
2010-02-24,Mettur,41.131,65.561
2010-02-25,Mettur,58.123,63.255
2010-02-26,Mettur,52.143,60.949
2010-02-27,Mettur,48.92,58.643
2010-02-28,Mettur,48.92,56.337
2010-03-01,Mettur,46.883,54.031
2010-03-02,Mettur,42.796,39.199
2010-03-03,Mettur,31.769,36.727
2010-03-04,Mettur,43.125,34.255
2010-03-05,Mettur,44.805,34.962
2010-03-06,Mettur,47.02,38.493
2010-03-07,Mettur,48.06,42.024
2010-03-08,Mettur,50.888,46.615
2010-03-09,Mettur,49.107,48.381
2010-03-10,Mettur,45.465,35.668
2010-03-11,Mettur,36.11,32.136
2010-03-12,Mettur,28.328,93.584
2010-03-13,Mettur,30.487,91.571
2010-03-14,Mettur,40.57,89.558
2010-03-15,Mettur,39.949,87.545
2010-03-16,Mettur,38.97,85.532
2010-03-17,Mettur,44.717,83.519
2010-03-18,Mettur,48.068,81.506
2010-03-19,Mettur,48.487,79.493
2010-03-20,Mettur,58.171,77.48
2010-03-21,Mettur,35.83,75.467
2010-03-22,Mettur,33.638,73.455
2010-03-23,Mettur,67.476,71.442
2010-03-24,Mettur,45.408,69.429
2010-03-25,Mettur,61.744,67.416
2010-03-26,Mettur,57.979,65.403
2010-03-27,Mettur,62.985,63.39
2010-03-28,Mettur,57.8,61.377
2010-03-29,Mettur,33.91,59.364
2010-03-30,Mettur,66.397,57.351
2010-03-31,Mettur,60.923,55.338
2010-04-01,Mettur,57.027,53.325
2010-04-02,Mettur,59.64,39.199
2010-04-03,Mettur,99.261,36.727
2010-04-04,Mettur,63.38,34.255
2010-04-05,Mettur,71.375,35.315
2010-04-06,Mettur,62.15,38.846
2010-04-07,Mettur,75.009,42.024
2010-04-08,Mettur,59.16,47.675
2010-04-09,Mettur,48.233,48.028
2010-04-10,Mettur,65.914,36.021
2010-04-11,Mettur,61.5,34.962
2010-04-12,Mettur,48.957,93.584
2010-04-13,Mettur,47.429,91.409
2010-04-14,Mettur,44.68,89.235
2010-04-15,Mettur,70.402,87.06
2010-04-16,Mettur,103.51,84.885
2010-04-17,Mettur,91.047,82.711
2010-04-18,Mettur,80.15,80.536
2010-04-19,Mettur,44.565,78.361
2010-04-20,Mettur,51.553,76.187
2010-04-21,Mettur,93.474,74.012
2010-04-22,Mettur,80.572,71.837
2010-04-23,Mettur,71.416,69.663
2010-04-24,Mettur,100.2,67.488
2010-04-25,Mettur,76.08,65.314
2010-04-26,Mettur,110.447,63.139
2010-04-27,Mettur,140.421,60.964
2010-04-28,Mettur,109.92,58.79
2010-04-29,Mettur,82.783,56.615
2010-04-30,Mettur,95.132,54.44
2010-05-01,Mettur,95.794,52.266
2010-05-02,Mettur,80.15,39.199
2010-05-03,Mettur,96.239,36.727
2010-05-04,Mettur,111.948,34.255
2010-05-05,Mettur,102.645,35.315
2010-05-06,Mettur,72.453,38.846
2010-05-07,Mettur,80.265,42.024
2010-05-08,Mettur,64.88,48.028
2010-05-09,Mettur,68.16,48.028
2010-05-10,Mettur,88.537,37.434
2010-05-11,Mettur,108.452,38.846
2010-05-12,Mettur,79.072,93.584
2010-05-13,Mettur,91.773,91.483
2010-05-14,Mettur,63.291,89.381
2010-05-15,Mettur,61.254,87.28
2010-05-16,Mettur,50.65,85.179
2010-05-17,Mettur,59.941,83.078
2010-05-18,Mettur,60.167,80.977
2010-05-19,Mettur,56.826,78.875
2010-05-20,Mettur,72.562,76.774
2010-05-21,Mettur,125.404,74.673
2010-05-22,Mettur,143.273,72.572
2010-05-23,Mettur,121.2,70.47
2010-05-24,Mettur,89.826,68.369
2010-05-25,Mettur,81.275,66.268
2010-05-26,Mettur,104.29,64.167
2010-05-27,Mettur,67.2,62.066
2010-05-28,Mettur,86.105,59.964
2010-05-29,Mettur,66.325,57.863
2010-05-30,Mettur,64.33,55.762
2010-05-31,Mettur,156.034,53.661
2010-06-01,Mettur,77.869,51.559
2010-06-02,Mettur,112.832,38.846
2010-06-03,Mettur,106.229,36.374
2010-06-04,Mettur,103.877,34.255
2010-06-05,Mettur,220.305,35.315
2010-06-06,Mettur,175.8,39.199
2010-06-07,Mettur,176.622,42.024
2010-06-08,Mettur,192.281,48.381
2010-06-09,Mettur,154.676,47.675
2010-06-10,Mettur,129.055,39.199
2010-06-11,Mettur,117.072,41.671
2010-06-12,Mettur,102.681,93.584
2010-06-13,Mettur,87.86,91.316
2010-06-14,Mettur,85.082,89.049
2010-06-15,Mettur,78.93,86.781
2010-06-16,Mettur,78.914,84.514
2010-06-17,Mettur,68.822,82.246
2010-06-18,Mettur,52.569,79.978
2010-06-19,Mettur,39.01,77.711
2010-06-20,Mettur,44.39,75.443
2010-06-21,Mettur,38.101,73.176
2010-06-22,Mettur,35.952,70.908
2010-06-23,Mettur,39.443,68.641
2010-06-24,Mettur,26.485,66.373
2010-06-25,Mettur,24.147,64.105
2010-06-26,Mettur,28.534,61.838
2010-06-27,Mettur,26.38,59.57
2010-06-28,Mettur,28.707,57.303
2010-06-29,Mettur,29.676,55.035
2010-06-30,Mettur,32.847,52.768
2010-07-01,Mettur,25.111,50.5
2010-07-02,Mettur,28.381,38.846
2010-07-03,Mettur,22.744,36.374
2010-07-04,Mettur,32.55,34.255
2010-07-05,Mettur,29.27,35.668
2010-07-06,Mettur,40.027,39.552
2010-07-07,Mettur,43.291,41.671
2010-07-08,Mettur,37.873,48.381
2010-07-09,Mettur,54.539,47.675
2010-07-10,Mettur,63.786,40.259
2010-07-11,Mettur,70.31,45.556
2010-07-12,Mettur,201.546,93.584
2010-07-13,Mettur,195.583,91.394
2010-07-14,Mettur,159.491,89.205
2010-07-15,Mettur,111.245,87.015
2010-07-16,Mettur,110.545,84.826
2010-07-17,Mettur,86.149,82.636
2010-07-18,Mettur,77.89,80.447
2010-07-19,Mettur,60.258,78.257
2010-07-20,Mettur,43.282,76.068
2010-07-21,Mettur,57.494,73.878
2010-07-22,Mettur,43.846,71.689
2010-07-23,Mettur,36.421,69.499
2010-07-24,Mettur,51.57,67.31
2010-07-25,Mettur,77.89,65.12
2010-07-26,Mettur,116.655,62.931
2010-07-27,Mettur,142.634,60.741
2010-07-28,Mettur,155.867,58.552
2010-07-29,Mettur,143.43,56.362
2010-07-30,Mettur,233.607,54.173
2010-07-31,Mettur,471.615,51.983
2010-08-01,Mettur,595.8,49.794
2010-08-02,Mettur,534.822,38.846
2010-08-03,Mettur,433.284,36.374
2010-08-04,Mettur,292.46,33.902
2010-08-05,Mettur,193.774,35.315
2010-08-06,Mettur,166.235,40.259
2010-08-07,Mettur,186.3,41.671
2010-08-08,Mettur,214.4,48.734
2010-08-09,Mettur,213.385,47.675
2010-08-10,Mettur,189.645,40.965
2010-08-11,Mettur,213.66,50.5
2010-08-12,Mettur,198.318,93.584
2010-08-13,Mettur,199.755,91.341
2010-08-14,Mettur,168.998,89.099
2010-08-15,Mettur,121.1,86.856
2010-08-16,Mettur,103.074,84.614
2010-08-17,Mettur,104.225,82.371
2010-08-18,Mettur,100.337,80.129
2010-08-19,Mettur,116.933,77.886
2010-08-20,Mettur,140.053,75.644
2010-08-21,Mettur,250.778,73.402
2010-08-22,Mettur,273.6,71.159
2010-08-23,Mettur,337.823,68.917
2010-08-24,Mettur,366.602,66.674
2010-08-25,Mettur,422.987,64.432
2010-08-26,Mettur,444.033,62.189
2010-08-27,Mettur,392.947,59.947
2010-08-28,Mettur,310.35,57.704
2010-08-29,Mettur,277.1,55.462
2010-08-30,Mettur,220.264,53.219
2010-08-31,Mettur,274.317,50.977
2010-09-01,Mettur,286.709,48.734
2010-09-02,Mettur,277.208,38.493
2010-09-03,Mettur,315.018,36.374
2010-09-04,Mettur,344.98,33.902
2010-09-05,Mettur,320.6,35.315
2010-09-06,Mettur,309.423,40.965
2010-09-07,Mettur,230.946,41.671
2010-09-08,Mettur,195.891,48.734
2010-09-09,Mettur,190.898,46.262
2010-09-10,Mettur,191.91,40.612
2010-09-11,Mettur,208.2,54.031
2010-09-12,Mettur,227.0,93.584
2010-09-13,Mettur,301.408,91.186
2010-09-14,Mettur,443.332,88.789
2010-09-15,Mettur,364.82,86.391
2010-09-16,Mettur,326.723,83.993
2010-09-17,Mettur,276.335,81.595
2010-09-18,Mettur,238.737,79.198
2010-09-19,Mettur,214.4,76.8
2010-09-20,Mettur,201.238,74.402
2010-09-21,Mettur,194.327,72.005
2010-09-22,Mettur,192.165,69.607
2010-09-23,Mettur,241.485,67.209
2010-09-24,Mettur,277.669,64.812
2010-09-25,Mettur,482.325,62.414
2010-09-26,Mettur,313.1,60.016
2010-09-27,Mettur,311.898,57.619
2010-09-28,Mettur,349.845,55.221
2010-09-29,Mettur,255.207,52.823
2010-09-30,Mettur,238.546,50.426
2010-10-01,Mettur,257.406,48.028
2010-10-02,Mettur,239.9,38.493
2010-10-03,Mettur,205.2,36.374
2010-10-04,Mettur,440.662,33.902
2010-10-05,Mettur,643.696,35.668
2010-10-06,Mettur,442.894,41.318
2010-10-07,Mettur,313.059,41.671
2010-10-08,Mettur,325.898,49.087
2010-10-09,Mettur,309.825,45.203
2010-10-10,Mettur,256.5,40.259
2010-10-11,Mettur,285.786,57.563
2010-10-12,Mettur,239.623,93.584
2010-10-13,Mettur,196.862,91.288
2010-10-14,Mettur,213.899,88.993
2010-10-15,Mettur,235.0,86.698
2010-10-16,Mettur,285.727,84.402
2010-10-17,Mettur,261.6,82.107
2010-10-18,Mettur,243.074,79.811
2010-10-19,Mettur,210.778,77.516
2010-10-20,Mettur,169.389,75.22
2010-10-21,Mettur,163.155,72.925
2010-10-22,Mettur,139.077,70.629
2010-10-23,Mettur,153.87,68.334
2010-10-24,Mettur,146.0,66.038
2010-10-25,Mettur,157.976,63.743
2010-10-26,Mettur,162.181,61.448
2010-10-27,Mettur,160.603,59.152
2010-10-28,Mettur,153.369,56.857
2010-10-29,Mettur,971.517,54.561
2010-10-30,Mettur,816.572,52.266
2010-10-31,Mettur,403.6,49.97
2010-11-01,Mettur,332.8,47.675
2010-11-02,Mettur,394.761,38.493
2010-11-03,Mettur,988.246,36.021
2010-11-04,Mettur,1053.902,33.902
2010-11-05,Mettur,929.7,35.668
2010-11-06,Mettur,948.27,41.671
2010-11-07,Mettur,1472.0,41.671
2010-11-08,Mettur,1445.751,49.087
2010-11-09,Mettur,1067.852,44.143
2010-11-10,Mettur,850.577,39.906
2010-11-11,Mettur,708.322,60.035
2010-11-12,Mettur,982.791,93.584
2010-11-13,Mettur,895.016,91.13
2010-11-14,Mettur,1030.0,88.677
2010-11-15,Mettur,735.567,86.224
2010-11-16,Mettur,366.177,83.77
2010-11-17,Mettur,374.9,81.317
2010-11-18,Mettur,506.44,78.863
2010-11-19,Mettur,516.7,76.41
2010-11-20,Mettur,479.179,73.956
2010-11-21,Mettur,403.6,71.503
2010-11-22,Mettur,419.336,69.049
2010-11-23,Mettur,316.508,66.596
2010-11-24,Mettur,521.316,64.143
2010-11-25,Mettur,441.381,61.689
2010-11-26,Mettur,488.902,59.236
2010-11-27,Mettur,374.244,56.782
2010-11-28,Mettur,399.4,54.329
2010-11-29,Mettur,303.217,51.875
2010-11-30,Mettur,301.416,49.422
2010-12-01,Mettur,282.022,46.969
2010-12-02,Mettur,302.287,38.493
2010-12-03,Mettur,322.403,36.021
2010-12-04,Mettur,301.407,33.902
2010-12-05,Mettur,329.9,35.668
2010-12-06,Mettur,282.8,42.024
2010-12-07,Mettur,261.669,42.024
2010-12-08,Mettur,241.469,49.441
2010-12-09,Mettur,230.08,43.084
2010-12-10,Mettur,212.706,39.552
2010-12-11,Mettur,185.674,60.035
2010-12-12,Mettur,173.4,93.584
2010-12-13,Mettur,155.88,93.531
2010-12-14,Mettur,132.735,93.478
2010-12-15,Mettur,145.735,93.425
2010-12-16,Mettur,138.808,93.372
2010-12-17,Mettur,170.6,93.319
2010-12-18,Mettur,155.433,93.266
2010-12-19,Mettur,158.3,93.213
2010-12-20,Mettur,155.255,93.16
2010-12-21,Mettur,130.107,93.107
2010-12-22,Mettur,138.722,93.054
2010-12-23,Mettur,141.231,93.001
2010-12-24,Mettur,134.552,92.948
2010-12-25,Mettur,121.5,92.895
2010-12-26,Mettur,126.3,92.842
2010-12-27,Mettur,116.68,92.789
2010-12-28,Mettur,132.898,92.736
2010-12-29,Mettur,118.613,92.683
2010-12-30,Mettur,117.882,92.63
2010-12-31,Mettur,114.728,92.577
2011-01-01,Mettur,94.873,92.524
2011-01-02,Mettur,83.9,78.045
2011-01-03,Mettur,92.663,76.28
2011-01-04,Mettur,84.347,75.573
2011-01-05,Mettur,74.573,80.871
2011-01-06,Mettur,61.128,86.521
2011-01-07,Mettur,80.069,62.507
2011-01-08,Mettur,60.405,44.496
2011-01-09,Mettur,64.7,42.024
2011-01-10,Mettur,63.949,48.734
2011-01-11,Mettur,58.149,54.738
2011-01-12,Mettur,48.655,73.808
2011-01-13,Mettur,50.096,74.726
2011-01-14,Mettur,46.16,75.644
2011-01-15,Mettur,31.062,76.562
2011-01-16,Mettur,62.01,77.48
2011-01-17,Mettur,59.899,78.399
2011-01-18,Mettur,60.67,79.317
2011-01-19,Mettur,75.279,80.235
2011-01-20,Mettur,64.618,81.153
2011-01-21,Mettur,62.895,82.071
2011-01-22,Mettur,66.822,82.989
2011-01-23,Mettur,57.64,83.908
2011-01-24,Mettur,57.304,84.826
2011-01-25,Mettur,68.422,85.744
2011-01-26,Mettur,52.59,86.662
2011-01-27,Mettur,54.732,87.58
2011-01-28,Mettur,47.098,88.499
2011-01-29,Mettur,58.869,89.417
2011-01-30,Mettur,62.9,90.335
2011-01-31,Mettur,58.554,91.253
2011-02-01,Mettur,84.554,92.171
2011-02-02,Mettur,76.038,78.045
2011-02-03,Mettur,69.894,76.28
2011-02-04,Mettur,70.837,75.573
2011-02-05,Mettur,84.295,81.224
2011-02-06,Mettur,72.12,86.521
2011-02-07,Mettur,59.641,62.507
2011-02-08,Mettur,48.443,43.79
2011-02-09,Mettur,30.782,42.024
2011-02-10,Mettur,24.439,48.028
2011-02-11,Mettur,24.342,55.797
2011-02-12,Mettur,18.031,75.22
2011-02-13,Mettur,24.26,76.197
2011-02-14,Mettur,16.697,77.173
2011-02-15,Mettur,17.0,78.149
2011-02-16,Mettur,12.02,79.126
2011-02-17,Mettur,27.39,80.102
2011-02-18,Mettur,47.964,81.078
2011-02-19,Mettur,61.239,82.055
2011-02-20,Mettur,50.94,83.031
2011-02-21,Mettur,67.292,84.007
2011-02-22,Mettur,57.857,84.984
2011-02-23,Mettur,73.003,85.96
2011-02-24,Mettur,88.013,86.936
2011-02-25,Mettur,73.738,87.913
2011-02-26,Mettur,151.799,88.889
2011-02-27,Mettur,83.9,89.865
2011-02-28,Mettur,92.442,90.842
2011-03-01,Mettur,96.877,91.818
2011-03-02,Mettur,85.377,78.045
2011-03-03,Mettur,90.838,76.28
2011-03-04,Mettur,82.868,75.573
2011-03-05,Mettur,70.039,81.224
2011-03-06,Mettur,72.12,86.874
2011-03-07,Mettur,78.97,62.507
2011-03-08,Mettur,62.465,43.084
2011-03-09,Mettur,63.867,43.437
2011-03-10,Mettur,50.588,47.675
2011-03-11,Mettur,48.342,56.857
2011-03-12,Mettur,60.223,75.927
2011-03-13,Mettur,40.11,76.721
2011-03-14,Mettur,45.798,77.516
2011-03-15,Mettur,47.115,78.31
2011-03-16,Mettur,47.42,79.105
2011-03-17,Mettur,57.21,79.899
2011-03-18,Mettur,78.699,80.694
2011-03-19,Mettur,71.708,81.489
2011-03-20,Mettur,68.37,82.283
2011-03-21,Mettur,72.352,83.078
2011-03-22,Mettur,69.867,83.872
2011-03-23,Mettur,81.341,84.667
2011-03-24,Mettur,79.776,85.461
2011-03-25,Mettur,77.676,86.256
2011-03-26,Mettur,63.554,87.051
2011-03-27,Mettur,54.24,87.845
2011-03-28,Mettur,110.687,88.64
2011-03-29,Mettur,94.566,89.434
2011-03-30,Mettur,72.417,90.229
2011-03-31,Mettur,64.213,91.024
2011-04-01,Mettur,48.068,91.818
2011-04-02,Mettur,63.316,78.045
2011-04-03,Mettur,35.13,76.28
2011-04-04,Mettur,54.24,75.573
2011-04-05,Mettur,51.6,81.577
2011-04-06,Mettur,71.677,86.874
2011-04-07,Mettur,74.062,62.507
2011-04-08,Mettur,63.867,42.024
2011-04-09,Mettur,63.165,47.675
2011-04-10,Mettur,70.23,47.675
2011-04-11,Mettur,88.931,58.269
2011-04-12,Mettur,76.128,76.28
2011-04-13,Mettur,72.12,77.079
2011-04-14,Mettur,68.37,77.878
2011-04-15,Mettur,64.852,78.677
2011-04-16,Mettur,64.7,79.477
2011-04-17,Mettur,50.94,80.276
2011-04-18,Mettur,64.024,81.075
2011-04-19,Mettur,71.347,81.874
2011-04-20,Mettur,78.241,82.673
2011-04-21,Mettur,66.613,83.473
2011-04-22,Mettur,114.4,84.272
2011-04-23,Mettur,192.843,85.071
2011-04-24,Mettur,428.4,85.87
2011-04-25,Mettur,337.235,86.67
2011-04-26,Mettur,230.368,87.469
2011-04-27,Mettur,172.911,88.268
2011-04-28,Mettur,140.598,89.067
2011-04-29,Mettur,90.648,89.867
2011-04-30,Mettur,86.181,90.666
2011-05-01,Mettur,72.12,91.465
2011-05-02,Mettur,58.409,78.045
2011-05-03,Mettur,61.744,76.28
2011-05-04,Mettur,102.339,75.573
2011-05-05,Mettur,94.313,81.577
2011-05-06,Mettur,94.174,87.227
2011-05-07,Mettur,105.751,58.269
2011-05-08,Mettur,96.47,41.318
2011-05-09,Mettur,89.787,50.5
2011-05-10,Mettur,86.879,47.675
2011-05-11,Mettur,102.368,60.388
2011-05-12,Mettur,103.014,76.986
2011-05-13,Mettur,104.982,77.692
2011-05-14,Mettur,105.851,78.399
2011-05-15,Mettur,100.8,79.105
2011-05-16,Mettur,90.602,79.811
2011-05-17,Mettur,109.8,80.517
2011-05-18,Mettur,112.738,81.224
2011-05-19,Mettur,107.455,81.93
2011-05-20,Mettur,123.216,82.636
2011-05-21,Mettur,120.364,83.343
2011-05-22,Mettur,179.0,84.049
2011-05-23,Mettur,108.202,84.755
2011-05-24,Mettur,59.6,85.461
2011-05-25,Mettur,101.266,86.168
2011-05-26,Mettur,265.598,86.874
2011-05-27,Mettur,351.16,87.58
2011-05-28,Mettur,168.971,88.287
2011-05-29,Mettur,114.4,88.993
2011-05-30,Mettur,103.295,89.699
2011-05-31,Mettur,112.973,90.406
2011-06-01,Mettur,96.381,91.112
2011-06-02,Mettur,143.393,78.045
2011-06-03,Mettur,141.137,76.28
2011-06-04,Mettur,126.459,75.573
2011-06-05,Mettur,119.6,81.93
2011-06-06,Mettur,101.699,87.227
2011-06-07,Mettur,79.6,56.857
2011-06-08,Mettur,83.189,40.612
2011-06-09,Mettur,79.894,55.091
2011-06-10,Mettur,78.471,47.675
2011-06-11,Mettur,78.405,63.92
2011-06-12,Mettur,81.22,77.339
2011-06-13,Mettur,76.617,78.064
2011-06-14,Mettur,75.398,78.789
2011-06-15,Mettur,75.973,79.514
2011-06-16,Mettur,73.017,80.239
2011-06-17,Mettur,66.12,80.964
2011-06-18,Mettur,66.513,81.688
2011-06-19,Mettur,89.85,82.413
2011-06-20,Mettur,94.467,83.138
2011-06-21,Mettur,99.257,83.863
2011-06-22,Mettur,105.519,84.588
2011-06-23,Mettur,104.451,85.313
2011-06-24,Mettur,119.474,86.038
2011-06-25,Mettur,106.422,86.763
2011-06-26,Mettur,94.84,87.487
2011-06-27,Mettur,117.177,88.212
2011-06-28,Mettur,127.099,88.937
2011-06-29,Mettur,129.347,89.662
2011-06-30,Mettur,219.082,90.387
2011-07-01,Mettur,347.228,91.112
2011-07-02,Mettur,348.622,78.045
2011-07-03,Mettur,234.9,76.28
2011-07-04,Mettur,234.888,75.573
2011-07-05,Mettur,240.397,82.283
2011-07-06,Mettur,228.222,86.874
2011-07-07,Mettur,170.421,56.857
2011-07-08,Mettur,201.798,39.906
2011-07-09,Mettur,172.886,58.269
2011-07-10,Mettur,164.2,46.969
2011-07-11,Mettur,171.935,66.038
2011-07-12,Mettur,171.677,77.339
2011-07-13,Mettur,153.473,78.01
2011-07-14,Mettur,157.292,78.681
2011-07-15,Mettur,191.268,79.352
2011-07-16,Mettur,229.425,80.023
2011-07-17,Mettur,206.9,80.694
2011-07-18,Mettur,275.063,81.365
2011-07-19,Mettur,505.807,82.036
2011-07-20,Mettur,845.237,82.707
2011-07-21,Mettur,625.055,83.378
2011-07-22,Mettur,577.683,84.049
2011-07-23,Mettur,445.274,84.72
2011-07-24,Mettur,446.2,85.391
2011-07-25,Mettur,435.215,86.062
2011-07-26,Mettur,443.277,86.733
2011-07-27,Mettur,494.14,87.404
2011-07-28,Mettur,464.949,88.075
2011-07-29,Mettur,436.202,88.746
2011-07-30,Mettur,313.714,89.417
2011-07-31,Mettur,244.7,90.088
2011-08-01,Mettur,272.232,90.759
2011-08-02,Mettur,231.398,78.045
2011-08-03,Mettur,183.979,76.28
2011-08-04,Mettur,186.428,75.573
2011-08-05,Mettur,206.503,82.283
2011-08-06,Mettur,260.398,85.815
2011-08-07,Mettur,314.9,56.857
2011-08-08,Mettur,873.866,39.552
2011-08-09,Mettur,895.913,60.035
2011-08-10,Mettur,810.607,46.615
2011-08-11,Mettur,589.647,67.804
2011-08-12,Mettur,393.923,76.986
2011-08-13,Mettur,340.756,77.657
2011-08-14,Mettur,326.2,78.328
2011-08-15,Mettur,332.0,78.999
2011-08-16,Mettur,346.245,79.67
2011-08-17,Mettur,325.34,80.341
2011-08-18,Mettur,403.831,81.012
2011-08-19,Mettur,595.66,81.683
2011-08-20,Mettur,432.857,82.354
2011-08-21,Mettur,320.6,83.025
2011-08-22,Mettur,338.507,83.696
2011-08-23,Mettur,294.612,84.367
2011-08-24,Mettur,328.051,85.038
2011-08-25,Mettur,355.558,85.709
2011-08-26,Mettur,359.845,86.38
2011-08-27,Mettur,354.576,87.051
2011-08-28,Mettur,411.2,87.722
2011-08-29,Mettur,358.04,88.393
2011-08-30,Mettur,388.542,89.064
2011-08-31,Mettur,406.9,89.735
2011-09-01,Mettur,419.8,90.406
2011-09-02,Mettur,669.46,78.045
2011-09-03,Mettur,1754.236,76.28
2011-09-04,Mettur,1417.0,75.573
2011-09-05,Mettur,1803.697,82.283
2011-09-06,Mettur,1888.082,85.108
2011-09-07,Mettur,1149.214,53.678
2011-09-08,Mettur,1211.341,40.612
2011-09-09,Mettur,734.521,61.094
2011-09-10,Mettur,454.11,46.262
2011-09-11,Mettur,428.5,69.217
2011-09-12,Mettur,458.766,76.28
2011-09-13,Mettur,398.516,76.986
2011-09-14,Mettur,369.451,77.692
2011-09-15,Mettur,443.623,78.399
2011-09-16,Mettur,441.741,79.105
2011-09-17,Mettur,424.047,79.811
2011-09-18,Mettur,385.9,80.517
2011-09-19,Mettur,364.769,81.224
2011-09-20,Mettur,332.774,81.93
2011-09-21,Mettur,344.258,82.636
2011-09-22,Mettur,342.275,83.343
2011-09-23,Mettur,312.331,84.049
2011-09-24,Mettur,298.239,84.755
2011-09-25,Mettur,251.3,85.461
2011-09-26,Mettur,272.539,86.168
2011-09-27,Mettur,265.263,86.874
2011-09-28,Mettur,288.769,87.58
2011-09-29,Mettur,264.047,88.287
2011-09-30,Mettur,286.398,88.993
2011-10-01,Mettur,226.544,89.699
2011-10-02,Mettur,251.3,78.045
2011-10-03,Mettur,465.69,76.28
2011-10-04,Mettur,434.517,75.573
2011-10-05,Mettur,310.224,82.283
2011-10-06,Mettur,251.3,84.049
2011-10-07,Mettur,253.606,52.266
2011-10-08,Mettur,224.366,42.024
2011-10-09,Mettur,258.0,61.801
2011-10-10,Mettur,243.602,45.556
2011-10-11,Mettur,470.844,69.923
2011-10-12,Mettur,405.741,75.573
2011-10-13,Mettur,396.717,76.262
2011-10-14,Mettur,666.066,76.951
2011-10-15,Mettur,426.062,77.639
2011-10-16,Mettur,473.4,78.328
2011-10-17,Mettur,385.9,79.017
2011-10-18,Mettur,290.434,79.705
2011-10-19,Mettur,287.628,80.394
2011-10-20,Mettur,250.253,81.082
2011-10-21,Mettur,242.704,81.771
2011-10-22,Mettur,261.533,82.46
2011-10-23,Mettur,303.8,83.148
2011-10-24,Mettur,280.388,83.837
2011-10-25,Mettur,398.118,84.526
2011-10-26,Mettur,501.5,85.214
2011-10-27,Mettur,467.24,85.903
2011-10-28,Mettur,369.773,86.592
2011-10-29,Mettur,320.76,87.28
2011-10-30,Mettur,316.8,87.969
2011-10-31,Mettur,355.695,88.657
2011-11-01,Mettur,303.789,89.346
2011-11-02,Mettur,356.273,78.045
2011-11-03,Mettur,339.933,76.28
2011-11-04,Mettur,617.36,75.573
2011-11-05,Mettur,856.045,82.636
2011-11-06,Mettur,928.6,83.343
2011-11-07,Mettur,580.3,51.206
2011-11-08,Mettur,542.819,42.731
2011-11-09,Mettur,395.414,61.448
2011-11-10,Mettur,361.4,44.85
2011-11-11,Mettur,368.732,70.276
2011-11-12,Mettur,273.71,74.514
2011-11-13,Mettur,258.0,75.239
2011-11-14,Mettur,288.388,75.964
2011-11-15,Mettur,257.768,76.689
2011-11-16,Mettur,247.348,77.413
2011-11-17,Mettur,229.687,78.138
2011-11-18,Mettur,218.73,78.863
2011-11-19,Mettur,240.867,79.588
2011-11-20,Mettur,228.5,80.313
2011-11-21,Mettur,232.671,81.038
2011-11-22,Mettur,232.845,81.763
2011-11-23,Mettur,233.05,82.488
2011-11-24,Mettur,225.444,83.213
2011-11-25,Mettur,222.104,83.937
2011-11-26,Mettur,234.489,84.662
2011-11-27,Mettur,254.6,85.387
2011-11-28,Mettur,283.752,86.112
2011-11-29,Mettur,295.885,86.837
2011-11-30,Mettur,512.33,87.562
2011-12-01,Mettur,449.478,88.287
2011-12-02,Mettur,262.941,78.045
2011-12-03,Mettur,239.476,76.28
2011-12-04,Mettur,196.6,75.573
2011-12-05,Mettur,213.988,82.636
2011-12-06,Mettur,206.1,82.989
2011-12-07,Mettur,175.107,50.147
2011-12-08,Mettur,171.574,42.731
2011-12-09,Mettur,167.103,61.094
2011-12-10,Mettur,160.53,44.496
2011-12-11,Mettur,145.1,70.629
2011-12-12,Mettur,129.827,73.455
2011-12-13,Mettur,129.994,73.013
2011-12-14,Mettur,123.446,72.572
2011-12-15,Mettur,129.595,72.13
2011-12-16,Mettur,117.249,71.689
2011-12-17,Mettur,122.64,71.247
2011-12-18,Mettur,120.4,70.806
2011-12-19,Mettur,121.394,70.364
2011-12-20,Mettur,118.796,69.923
2011-12-21,Mettur,119.005,69.482
2011-12-22,Mettur,120.476,69.04
2011-12-23,Mettur,117.759,68.599
2011-12-24,Mettur,119.189,68.157
2011-12-25,Mettur,109.0,67.716
2011-12-26,Mettur,96.249,67.274
2011-12-27,Mettur,98.769,66.833
2011-12-28,Mettur,97.159,66.392
2011-12-29,Mettur,104.633,65.95
2011-12-30,Mettur,97.893,65.509
2011-12-31,Mettur,94.823,65.067
2012-01-01,Mettur,95.56,64.626
2012-01-02,Mettur,95.905,46.969
2012-01-03,Mettur,83.516,43.084
2012-01-04,Mettur,82.802,40.612
2012-01-05,Mettur,75.127,40.259
2012-01-06,Mettur,66.376,41.318
2012-01-07,Mettur,63.168,39.906
2012-01-08,Mettur,63.13,36.727
2012-01-09,Mettur,55.94,38.846
2012-01-10,Mettur,45.959,35.668
2012-01-11,Mettur,45.109,29.664
2012-01-12,Mettur,41.806,17.304
2012-01-13,Mettur,44.401,19.67
2012-01-14,Mettur,43.568,22.036
2012-01-15,Mettur,40.02,24.402
2012-01-16,Mettur,38.717,26.769
2012-01-17,Mettur,39.25,29.135
2012-01-18,Mettur,49.988,31.501
2012-01-19,Mettur,54.893,33.867
2012-01-20,Mettur,58.512,36.233
2012-01-21,Mettur,59.354,38.599
2012-01-22,Mettur,60.28,40.965
2012-01-23,Mettur,60.329,43.331
2012-01-24,Mettur,56.736,45.697
2012-01-25,Mettur,56.245,48.063
2012-01-26,Mettur,58.88,50.429
2012-01-27,Mettur,49.23,52.795
2012-01-28,Mettur,55.224,55.162
2012-01-29,Mettur,57.5,57.528
2012-01-30,Mettur,55.183,59.894
2012-01-31,Mettur,50.968,62.26
2012-02-01,Mettur,46.441,64.626
2012-02-02,Mettur,45.624,46.615
2012-02-03,Mettur,45.769,43.084
2012-02-04,Mettur,51.647,40.612
2012-02-05,Mettur,49.59,40.259
2012-02-06,Mettur,50.473,41.318
2012-02-07,Mettur,46.055,39.552
2012-02-08,Mettur,45.903,36.374
2012-02-09,Mettur,60.286,38.846
2012-02-10,Mettur,60.264,35.315
2012-02-11,Mettur,54.645,30.371
2012-02-12,Mettur,56.14,17.657
2012-02-13,Mettur,51.777,20.267
2012-02-14,Mettur,54.777,22.876
2012-02-15,Mettur,45.035,25.485
2012-02-16,Mettur,44.842,28.095
2012-02-17,Mettur,41.442,30.704
2012-02-18,Mettur,41.785,33.314
2012-02-19,Mettur,45.87,35.923
2012-02-20,Mettur,43.48,38.532
2012-02-21,Mettur,49.686,41.142
2012-02-22,Mettur,53.659,43.751
2012-02-23,Mettur,53.749,46.36
2012-02-24,Mettur,53.978,48.97
2012-02-25,Mettur,55.01,51.579
2012-02-26,Mettur,56.14,54.188
2012-02-27,Mettur,55.131,56.798
2012-02-28,Mettur,55.6,59.407
2012-02-29,Mettur,52.055,62.016
2012-03-01,Mettur,59.853,64.626
2012-03-02,Mettur,57.355,46.262
2012-03-03,Mettur,53.55,43.084
2012-03-04,Mettur,57.5,40.612
2012-03-05,Mettur,58.377,40.612
2012-03-06,Mettur,59.801,41.318
2012-03-07,Mettur,61.537,39.552
2012-03-08,Mettur,58.262,36.374
2012-03-09,Mettur,62.289,38.846
2012-03-10,Mettur,64.774,34.608
2012-03-11,Mettur,63.13,31.783
2012-03-12,Mettur,65.84,18.01
2012-03-13,Mettur,50.925,20.341
2012-03-14,Mettur,44.317,22.672
2012-03-15,Mettur,44.152,25.003
2012-03-16,Mettur,47.199,27.334
2012-03-17,Mettur,49.007,29.664
2012-03-18,Mettur,42.31,31.995
2012-03-19,Mettur,44.543,34.326
2012-03-20,Mettur,41.869,36.657
2012-03-21,Mettur,40.402,38.987
2012-03-22,Mettur,41.438,41.318
2012-03-23,Mettur,36.71,43.649
2012-03-24,Mettur,39.664,45.98
2012-03-25,Mettur,36.71,48.31
2012-03-26,Mettur,34.764,50.641
2012-03-27,Mettur,29.805,52.972
2012-03-28,Mettur,22.027,55.303
2012-03-29,Mettur,37.243,57.634
2012-03-30,Mettur,37.218,59.964
2012-03-31,Mettur,62.652,62.295
2012-04-01,Mettur,64.58,64.626
2012-04-02,Mettur,61.236,45.909
2012-04-03,Mettur,67.539,42.731
2012-04-04,Mettur,66.239,40.612
2012-04-05,Mettur,66.05,40.612
2012-04-06,Mettur,63.13,41.318
2012-04-07,Mettur,60.331,39.552
2012-04-08,Mettur,70.56,36.374
2012-04-09,Mettur,68.771,38.846
2012-04-10,Mettur,65.064,34.608
2012-04-11,Mettur,60.023,32.489
2012-04-12,Mettur,60.83,18.01
2012-04-13,Mettur,56.989,20.445
2012-04-14,Mettur,57.5,22.88
2012-04-15,Mettur,52.16,25.315
2012-04-16,Mettur,48.896,27.75
2012-04-17,Mettur,44.806,30.185
2012-04-18,Mettur,43.82,32.62
2012-04-19,Mettur,47.207,35.054
2012-04-20,Mettur,73.93,37.489
2012-04-21,Mettur,58.429,39.924
2012-04-22,Mettur,56.14,42.359
2012-04-23,Mettur,59.211,44.794
2012-04-24,Mettur,57.737,47.229
2012-04-25,Mettur,56.114,49.664
2012-04-26,Mettur,73.284,52.098
2012-04-27,Mettur,69.932,54.533
2012-04-28,Mettur,123.037,56.968
2012-04-29,Mettur,166.8,59.403
2012-04-30,Mettur,128.122,61.838
2012-05-01,Mettur,84.427,64.273
2012-05-02,Mettur,56.628,45.556
2012-05-03,Mettur,81.04,42.731
2012-05-04,Mettur,48.862,40.259
2012-05-05,Mettur,45.675,40.612
2012-05-06,Mettur,58.88,41.318
2012-05-07,Mettur,46.065,39.552
2012-05-08,Mettur,42.82,36.374
2012-05-09,Mettur,40.857,39.199
2012-05-10,Mettur,39.894,34.608
2012-05-11,Mettur,60.779,32.843
2012-05-12,Mettur,62.997,18.364
2012-05-13,Mettur,78.44,20.641
2012-05-14,Mettur,92.239,22.919
2012-05-15,Mettur,84.518,25.197
2012-05-16,Mettur,85.883,27.475
2012-05-17,Mettur,79.891,29.753
2012-05-18,Mettur,121.653,32.03
2012-05-19,Mettur,94.03,34.308
2012-05-20,Mettur,78.44,36.586
2012-05-21,Mettur,56.729,38.864
2012-05-22,Mettur,48.018,41.142
2012-05-23,Mettur,44.337,43.419
2012-05-24,Mettur,40.488,45.697
2012-05-25,Mettur,38.869,47.975
2012-05-26,Mettur,50.977,50.253
2012-05-27,Mettur,56.14,52.531
2012-05-28,Mettur,57.181,54.808
2012-05-29,Mettur,59.51,57.086
2012-05-30,Mettur,57.34,59.364
2012-05-31,Mettur,57.915,61.642
2012-06-01,Mettur,57.569,63.92
2012-06-02,Mettur,58.26,45.556
2012-06-03,Mettur,50.71,42.731
2012-06-04,Mettur,44.715,40.259
2012-06-05,Mettur,40.324,40.612
2012-06-06,Mettur,38.283,41.318
2012-06-07,Mettur,40.177,39.199
2012-06-08,Mettur,33.746,36.021
2012-06-09,Mettur,39.046,39.552
2012-06-10,Mettur,36.57,33.549
2012-06-11,Mettur,36.919,32.843
2012-06-12,Mettur,36.9,18.364
2012-06-13,Mettur,35.942,20.743
2012-06-14,Mettur,52.802,23.122
2012-06-15,Mettur,47.919,25.501
2012-06-16,Mettur,43.033,27.88
2012-06-17,Mettur,42.71,30.259
2012-06-18,Mettur,39.146,32.638
2012-06-19,Mettur,45.587,35.017
2012-06-20,Mettur,48.262,37.396
2012-06-21,Mettur,48.633,39.775
2012-06-22,Mettur,50.228,42.155
2012-06-23,Mettur,53.219,44.534
2012-06-24,Mettur,49.42,46.913
2012-06-25,Mettur,41.999,49.292
2012-06-26,Mettur,46.553,51.671
2012-06-27,Mettur,52.249,54.05
2012-06-28,Mettur,40.979,56.429
2012-06-29,Mettur,45.747,58.808
2012-06-30,Mettur,51.617,61.187
2012-07-01,Mettur,44.48,63.566
2012-07-02,Mettur,40.284,45.556
2012-07-03,Mettur,53.807,42.378
2012-07-04,Mettur,47.809,40.259
2012-07-05,Mettur,43.066,40.612
2012-07-06,Mettur,44.285,41.318
2012-07-07,Mettur,54.462,39.199
2012-07-08,Mettur,33.746,36.021
2012-07-09,Mettur,44.099,39.552
2012-07-10,Mettur,51.971,33.196
2012-07-11,Mettur,54.636,32.843
2012-07-12,Mettur,47.267,17.657
2012-07-13,Mettur,56.194,19.917
2012-07-14,Mettur,53.241,22.178
2012-07-15,Mettur,50.71,24.438
2012-07-16,Mettur,42.142,26.698
2012-07-17,Mettur,44.788,28.958
2012-07-18,Mettur,50.779,31.218
2012-07-19,Mettur,48.303,33.478
2012-07-20,Mettur,44.824,35.738
2012-07-21,Mettur,42.054,37.999
2012-07-22,Mettur,37.64,40.259
2012-07-23,Mettur,39.478,42.519
2012-07-24,Mettur,34.252,44.779
2012-07-25,Mettur,39.877,47.039
2012-07-26,Mettur,35.254,49.299
2012-07-27,Mettur,38.079,51.559
2012-07-28,Mettur,37.761,53.82
2012-07-29,Mettur,31.96,56.08
2012-07-30,Mettur,36.543,58.34
2012-07-31,Mettur,37.322,60.6
2012-08-01,Mettur,45.766,62.86
2012-08-02,Mettur,54.25,45.556
2012-08-03,Mettur,49.127,42.378
2012-08-04,Mettur,40.99,39.906
2012-08-05,Mettur,39.84,40.612
2012-08-06,Mettur,39.259,41.318
2012-08-07,Mettur,37.792,39.199
2012-08-08,Mettur,39.483,36.021
2012-08-09,Mettur,39.258,40.612
2012-08-10,Mettur,47.95,34.255
2012-08-11,Mettur,454.773,32.843
2012-08-12,Mettur,289.2,16.951
2012-08-13,Mettur,308.543,19.229
2012-08-14,Mettur,313.172,21.507
2012-08-15,Mettur,311.6,23.784
2012-08-16,Mettur,181.474,26.062
2012-08-17,Mettur,113.239,28.34
2012-08-18,Mettur,71.741,30.618
2012-08-19,Mettur,64.64,32.896
2012-08-20,Mettur,54.68,35.173
2012-08-21,Mettur,60.191,37.451
2012-08-22,Mettur,58.175,39.729
2012-08-23,Mettur,62.998,42.007
2012-08-24,Mettur,83.966,44.285
2012-08-25,Mettur,152.858,46.562
2012-08-26,Mettur,134.8,48.84
2012-08-27,Mettur,114.846,51.118
2012-08-28,Mettur,104.333,53.396
2012-08-29,Mettur,94.23,55.674
2012-08-30,Mettur,94.93,57.951
2012-08-31,Mettur,86.468,60.229
2012-09-01,Mettur,96.868,62.507
2012-09-02,Mettur,117.0,45.556
2012-09-03,Mettur,106.935,42.378
2012-09-04,Mettur,204.105,39.906
2012-09-05,Mettur,230.174,40.612
2012-09-06,Mettur,210.329,41.318
2012-09-07,Mettur,210.102,38.846
2012-09-08,Mettur,210.969,36.021
2012-09-09,Mettur,221.5,41.318
2012-09-10,Mettur,238.291,34.255
2012-09-11,Mettur,280.012,32.843
2012-09-12,Mettur,269.946,16.598
2012-09-13,Mettur,232.082,18.996
2012-09-14,Mettur,282.879,21.393
2012-09-15,Mettur,304.399,23.791
2012-09-16,Mettur,359.958,26.189
2012-09-17,Mettur,411.14,28.586
2012-09-18,Mettur,414.568,30.984
2012-09-19,Mettur,404.467,33.382
2012-09-20,Mettur,370.124,35.779
2012-09-21,Mettur,332.638,38.177
2012-09-22,Mettur,201.594,40.575
2012-09-23,Mettur,149.2,42.972
2012-09-24,Mettur,118.12,45.37
2012-09-25,Mettur,125.74,47.768
2012-09-26,Mettur,115.849,50.165
2012-09-27,Mettur,112.238,52.563
2012-09-28,Mettur,110.651,54.961
2012-09-29,Mettur,152.565,57.358
2012-09-30,Mettur,209.217,59.756
2012-10-01,Mettur,205.668,62.154
2012-10-02,Mettur,337.039,45.556
2012-10-03,Mettur,340.359,42.378
2012-10-04,Mettur,288.788,39.906
2012-10-05,Mettur,260.217,40.612
2012-10-06,Mettur,357.532,41.318
2012-10-07,Mettur,861.787,38.846
2012-10-08,Mettur,418.849,36.021
2012-10-09,Mettur,365.693,41.671
2012-10-10,Mettur,639.029,33.549
2012-10-11,Mettur,284.67,30.724
2012-10-12,Mettur,153.929,16.598
2012-10-13,Mettur,100.466,18.84
2012-10-14,Mettur,99.598,21.083
2012-10-15,Mettur,140.3,23.325
2012-10-16,Mettur,476.792,25.568
2012-10-17,Mettur,372.328,27.81
2012-10-18,Mettur,212.38,30.053
2012-10-19,Mettur,150.143,32.295
2012-10-20,Mettur,94.245,34.538
2012-10-21,Mettur,94.531,36.78
2012-10-22,Mettur,100.548,39.023
2012-10-23,Mettur,85.963,41.265
2012-10-24,Mettur,90.932,43.508
2012-10-25,Mettur,90.991,45.75
2012-10-26,Mettur,86.139,47.993
2012-10-27,Mettur,79.971,50.235
2012-10-28,Mettur,82.986,52.478
2012-10-29,Mettur,79.368,54.72
2012-10-30,Mettur,90.094,56.963
2012-10-31,Mettur,103.022,59.205
2012-11-01,Mettur,123.334,61.448
2012-11-02,Mettur,385.927,45.556
2012-11-03,Mettur,380.88,42.024
2012-11-04,Mettur,206.353,39.906
2012-11-05,Mettur,118.963,40.612
2012-11-06,Mettur,98.322,41.318
2012-11-07,Mettur,93.593,38.846
2012-11-08,Mettur,66.094,35.668
2012-11-09,Mettur,63.513,42.378
2012-11-10,Mettur,75.74,33.549
2012-11-11,Mettur,113.535,30.724
2012-11-12,Mettur,116.72,16.951
2012-11-13,Mettur,138.686,19.293
2012-11-14,Mettur,122.347,21.635
2012-11-15,Mettur,112.269,23.977
2012-11-16,Mettur,111.557,26.319
2012-11-17,Mettur,103.003,28.661
2012-11-18,Mettur,95.956,31.003
2012-11-19,Mettur,97.129,33.344
2012-11-20,Mettur,106.684,35.686
2012-11-21,Mettur,75.132,38.028
2012-11-22,Mettur,111.632,40.37
2012-11-23,Mettur,105.938,42.712
2012-11-24,Mettur,115.184,45.054
2012-11-25,Mettur,125.179,47.396
2012-11-26,Mettur,117.363,49.738
2012-11-27,Mettur,132.142,52.08
2012-11-28,Mettur,133.105,54.422
2012-11-29,Mettur,108.068,56.764
2012-11-30,Mettur,108.609,59.106
2012-12-01,Mettur,106.204,61.448
2012-12-02,Mettur,113.694,45.556
2012-12-03,Mettur,105.137,42.024
2012-12-04,Mettur,106.714,39.906
2012-12-05,Mettur,114.738,40.612
2012-12-06,Mettur,130.509,41.318
2012-12-07,Mettur,148.833,38.493
2012-12-08,Mettur,116.863,36.374
2012-12-09,Mettur,416.266,42.731
2012-12-10,Mettur,618.647,32.489
2012-12-11,Mettur,263.746,30.724
2012-12-12,Mettur,155.175,16.598
2012-12-13,Mettur,112.889,16.227
2012-12-14,Mettur,106.397,15.856
2012-12-15,Mettur,84.73,15.485
2012-12-16,Mettur,106.926,15.115
2012-12-17,Mettur,95.893,14.744
2012-12-18,Mettur,104.22,14.373
2012-12-19,Mettur,93.739,14.002
2012-12-20,Mettur,85.277,13.631
2012-12-21,Mettur,84.094,13.261
2012-12-22,Mettur,80.327,12.89
2012-12-23,Mettur,81.201,12.519
2012-12-24,Mettur,85.12,12.148
2012-12-25,Mettur,81.213,11.777
2012-12-26,Mettur,68.45,11.407
2012-12-27,Mettur,65.406,11.036
2012-12-28,Mettur,81.382,10.665
2012-12-29,Mettur,68.668,10.294
2012-12-30,Mettur,67.584,9.923
2012-12-31,Mettur,70.501,9.553
2013-01-01,Mettur,81.348,9.182
2013-01-02,Mettur,81.531,9.535
2013-01-03,Mettur,84.43,8.122
2013-01-04,Mettur,64.686,6.357
2013-01-05,Mettur,52.397,5.297
2013-01-06,Mettur,45.63,3.531
2013-01-07,Mettur,39.06,13.066
2013-01-08,Mettur,38.874,76.633
2013-01-09,Mettur,37.735,81.577
2013-01-10,Mettur,38.345,64.626
2013-01-11,Mettur,38.021,44.496
2013-01-12,Mettur,45.059,47.322
2013-01-13,Mettur,49.746,45.415
2013-01-14,Mettur,55.09,43.508
2013-01-15,Mettur,49.082,41.601
2013-01-16,Mettur,38.385,39.694
2013-01-17,Mettur,55.024,37.787
2013-01-18,Mettur,50.192,35.88
2013-01-19,Mettur,40.18,33.973
2013-01-20,Mettur,38.82,32.066
2013-01-21,Mettur,33.853,30.159
2013-01-22,Mettur,34.117,28.252
2013-01-23,Mettur,36.066,26.345
2013-01-24,Mettur,33.064,24.438
2013-01-25,Mettur,32.62,22.531
2013-01-26,Mettur,34.48,20.624
2013-01-27,Mettur,36.38,18.717
2013-01-28,Mettur,30.712,16.81
2013-01-29,Mettur,31.872,14.903
2013-01-30,Mettur,28.84,12.996
2013-01-31,Mettur,28.036,11.089
2013-02-01,Mettur,31.635,9.182
2013-02-02,Mettur,28.348,9.535
2013-02-03,Mettur,28.11,7.769
2013-02-04,Mettur,30.451,6.357
2013-02-05,Mettur,27.657,4.944
2013-02-06,Mettur,27.366,3.531
2013-02-07,Mettur,27.545,14.832
2013-02-08,Mettur,27.491,76.986
2013-02-09,Mettur,26.425,80.871
2013-02-10,Mettur,28.99,62.86
2013-02-11,Mettur,28.445,43.437
2013-02-12,Mettur,27.403,46.969
2013-02-13,Mettur,25.697,44.767
2013-02-14,Mettur,65.633,42.565
2013-02-15,Mettur,55.71,40.363
2013-02-16,Mettur,63.259,38.161
2013-02-17,Mettur,98.064,35.959
2013-02-18,Mettur,132.581,33.757
2013-02-19,Mettur,115.435,31.555
2013-02-20,Mettur,121.523,29.353
2013-02-21,Mettur,104.177,27.151
2013-02-22,Mettur,65.904,24.949
2013-02-23,Mettur,52.33,22.747
2013-02-24,Mettur,47.49,20.545
2013-02-25,Mettur,32.244,18.343
2013-02-26,Mettur,33.221,16.141
2013-02-27,Mettur,30.42,13.939
2013-02-28,Mettur,29.181,11.737
2013-03-01,Mettur,26.457,9.535
2013-03-02,Mettur,29.373,9.535
2013-03-03,Mettur,28.11,7.416
2013-03-04,Mettur,28.438,6.357
2013-03-05,Mettur,27.723,4.944
2013-03-06,Mettur,27.421,3.885
2013-03-07,Mettur,24.907,15.185
2013-03-08,Mettur,24.077,81.93
2013-03-09,Mettur,23.306,80.164
2013-03-10,Mettur,19.86,61.094
2013-03-11,Mettur,22.212,42.378
2013-03-12,Mettur,39.509,46.969
2013-03-13,Mettur,37.691,45.097
2013-03-14,Mettur,32.48,43.225
2013-03-15,Mettur,29.182,41.353
2013-03-16,Mettur,27.738,39.482
2013-03-17,Mettur,19.86,37.61
2013-03-18,Mettur,24.46,35.738
2013-03-19,Mettur,21.12,33.867
2013-03-20,Mettur,21.748,31.995
2013-03-21,Mettur,20.693,30.123
2013-03-22,Mettur,17.308,28.252
2013-03-23,Mettur,18.375,26.38
2013-03-24,Mettur,16.13,24.508
2013-03-25,Mettur,15.853,22.637
2013-03-26,Mettur,16.259,20.765
2013-03-27,Mettur,14.643,18.893
2013-03-28,Mettur,14.419,17.022
2013-03-29,Mettur,27.24,15.15
2013-03-30,Mettur,27.701,13.278
2013-03-31,Mettur,23.04,11.407
2013-04-01,Mettur,23.296,9.535
2013-04-02,Mettur,21.967,9.535
2013-04-03,Mettur,20.077,7.416
2013-04-04,Mettur,21.343,6.357
2013-04-05,Mettur,23.983,4.944
2013-04-06,Mettur,18.552,3.885
2013-04-07,Mettur,16.85,15.892
2013-04-08,Mettur,36.608,89.699
2013-04-09,Mettur,35.283,79.458
2013-04-10,Mettur,31.222,59.329
2013-04-11,Mettur,30.78,41.318
2013-04-12,Mettur,26.079,46.615
2013-04-13,Mettur,25.505,44.682
2013-04-14,Mettur,20.64,42.749
2013-04-15,Mettur,22.858,40.816
2013-04-16,Mettur,21.589,38.883
2013-04-17,Mettur,27.887,36.95
2013-04-18,Mettur,25.027,35.017
2013-04-19,Mettur,25.689,33.084
2013-04-20,Mettur,21.615,31.151
2013-04-21,Mettur,16.85,29.218
2013-04-22,Mettur,15.916,27.285
2013-04-23,Mettur,18.436,25.352
2013-04-24,Mettur,18.33,23.419
2013-04-25,Mettur,18.646,21.486
2013-04-26,Mettur,17.958,19.553
2013-04-27,Mettur,16.479,17.62
2013-04-28,Mettur,16.85,15.687
2013-04-29,Mettur,18.774,13.754
2013-04-30,Mettur,15.837,11.821
2013-05-01,Mettur,15.676,9.888
2013-05-02,Mettur,15.103,9.182
2013-05-03,Mettur,14.067,7.416
2013-05-04,Mettur,14.205,6.357
2013-05-05,Mettur,19.09,4.944
2013-05-06,Mettur,19.806,3.885
2013-05-07,Mettur,20.115,16.245
2013-05-08,Mettur,19.711,93.584
2013-05-09,Mettur,15.937,79.105
2013-05-10,Mettur,15.419,57.563
2013-05-11,Mettur,14.137,40.965
2013-05-12,Mettur,14.72,46.615
2013-05-13,Mettur,25.932,44.779
2013-05-14,Mettur,18.807,42.943
2013-05-15,Mettur,19.34,41.106
2013-05-16,Mettur,14.336,39.27
2013-05-17,Mettur,19.315,37.434
2013-05-18,Mettur,15.944,35.597
2013-05-19,Mettur,16.13,33.761
2013-05-20,Mettur,14.233,31.924
2013-05-21,Mettur,14.31,30.088
2013-05-22,Mettur,14.287,28.252
2013-05-23,Mettur,13.891,26.415
2013-05-24,Mettur,13.691,24.579
2013-05-25,Mettur,21.43,22.743
2013-05-26,Mettur,18.33,20.906
2013-05-27,Mettur,18.889,19.07
2013-05-28,Mettur,15.981,17.234
2013-05-29,Mettur,14.153,15.397
2013-05-30,Mettur,13.511,13.561
2013-05-31,Mettur,15.911,11.724
2013-06-01,Mettur,54.395,9.888
2013-06-02,Mettur,46.49,8.476
2013-06-03,Mettur,26.51,7.416
2013-06-04,Mettur,26.277,6.357
2013-06-05,Mettur,26.017,4.944
2013-06-06,Mettur,24.716,3.885
2013-06-07,Mettur,21.526,16.245
2013-06-08,Mettur,18.589,93.584
2013-06-09,Mettur,15.05,78.399
2013-06-10,Mettur,17.224,55.797
2013-06-11,Mettur,17.452,41.318
2013-06-12,Mettur,21.982,46.615
2013-06-13,Mettur,23.277,44.682
2013-06-14,Mettur,22.434,42.749
2013-06-15,Mettur,21.867,40.816
2013-06-16,Mettur,17.78,38.883
2013-06-17,Mettur,18.236,36.95
2013-06-18,Mettur,18.259,35.017
2013-06-19,Mettur,17.949,33.084
2013-06-20,Mettur,19.835,31.151
2013-06-21,Mettur,21.608,29.218
2013-06-22,Mettur,22.788,27.285
2013-06-23,Mettur,19.7,25.352
2013-06-24,Mettur,19.228,23.419
2013-06-25,Mettur,70.264,21.486
2013-06-26,Mettur,100.117,19.553
2013-06-27,Mettur,162.824,17.62
2013-06-28,Mettur,878.463,15.687
2013-06-29,Mettur,978.696,13.754
2013-06-30,Mettur,973.188,11.821
2013-07-01,Mettur,416.297,9.888
2013-07-02,Mettur,194.087,7.769
2013-07-03,Mettur,136.615,7.416
2013-07-04,Mettur,164.774,6.357
2013-07-05,Mettur,130.622,4.944
2013-07-06,Mettur,1240.474,3.885
2013-07-07,Mettur,770.6,19.776
2013-07-08,Mettur,604.439,93.584
2013-07-09,Mettur,997.115,77.692
2013-07-10,Mettur,674.422,54.031
2013-07-11,Mettur,415.102,42.024
2013-07-12,Mettur,294.761,46.615
2013-07-13,Mettur,390.172,44.761
2013-07-14,Mettur,512.165,42.907
2013-07-15,Mettur,522.538,41.053
2013-07-16,Mettur,558.484,39.199
2013-07-17,Mettur,440.269,37.345
2013-07-18,Mettur,387.353,35.491
2013-07-19,Mettur,542.465,33.637
2013-07-20,Mettur,484.74,31.783
2013-07-21,Mettur,834.605,29.929
2013-07-22,Mettur,905.891,28.075
2013-07-23,Mettur,573.088,26.221
2013-07-24,Mettur,905.891,24.367
2013-07-25,Mettur,644.263,22.513
2013-07-26,Mettur,1194.0,20.659
2013-07-27,Mettur,2063.0,18.805
2013-07-28,Mettur,2246.0,16.951
2013-07-29,Mettur,1887.0,15.097
2013-07-30,Mettur,1456.0,13.243
2013-07-31,Mettur,1300.0,11.389
2013-08-01,Mettur,561.704,9.535
2013-08-02,Mettur,1244.571,7.416
2013-08-03,Mettur,2657.0,7.416
2013-08-04,Mettur,3346.0,6.003
2013-08-05,Mettur,3414.0,4.944
2013-08-06,Mettur,2165.0,3.531
2013-08-07,Mettur,1462.0,21.895
2013-08-08,Mettur,986.103,93.584
2013-08-09,Mettur,716.2,77.692
2013-08-10,Mettur,727.962,52.266
2013-08-11,Mettur,520.7,42.378
2013-08-12,Mettur,381.96,46.262
2013-08-13,Mettur,398.039,44.426
2013-08-14,Mettur,421.395,42.589
2013-08-15,Mettur,420.0,40.753
2013-08-16,Mettur,345.993,38.917
2013-08-17,Mettur,350.827,37.08
2013-08-18,Mettur,360.6,35.244
2013-08-19,Mettur,325.558,33.408
2013-08-20,Mettur,324.612,31.571
2013-08-21,Mettur,334.439,29.735
2013-08-22,Mettur,306.088,27.899
2013-08-23,Mettur,336.706,26.062
2013-08-24,Mettur,277.978,24.226
2013-08-25,Mettur,269.6,22.389
2013-08-26,Mettur,302.607,20.553
2013-08-27,Mettur,280.015,18.717
2013-08-28,Mettur,296.503,16.88
2013-08-29,Mettur,250.735,15.044
2013-08-30,Mettur,257.856,13.208
2013-08-31,Mettur,251.441,11.371
2013-09-01,Mettur,380.5,9.535
2013-09-02,Mettur,342.389,7.416
2013-09-03,Mettur,306.35,7.063
2013-09-04,Mettur,422.086,6.003
2013-09-05,Mettur,505.698,4.591
2013-09-06,Mettur,353.561,3.531
2013-09-07,Mettur,393.58,24.014
2013-09-08,Mettur,311.9,93.584
2013-09-09,Mettur,416.1,78.045
2013-09-10,Mettur,658.422,50.5
2013-09-11,Mettur,476.471,42.378
2013-09-12,Mettur,336.13,46.262
2013-09-13,Mettur,482.455,44.329
2013-09-14,Mettur,689.335,42.396
2013-09-15,Mettur,451.2,40.463
2013-09-16,Mettur,357.219,38.53
2013-09-17,Mettur,266.566,36.597
2013-09-18,Mettur,234.569,34.664
2013-09-19,Mettur,206.89,32.731
2013-09-20,Mettur,206.065,30.798
2013-09-21,Mettur,217.846,28.865
2013-09-22,Mettur,209.9,26.932
2013-09-23,Mettur,192.296,24.999
2013-09-24,Mettur,570.049,23.066
2013-09-25,Mettur,361.815,21.133
2013-09-26,Mettur,232.588,19.2
2013-09-27,Mettur,209.115,17.267
2013-09-28,Mettur,209.597,15.334
2013-09-29,Mettur,201.5,13.401
2013-09-30,Mettur,185.137,11.468
2013-10-01,Mettur,173.468,9.535
2013-10-02,Mettur,183.9,7.416
2013-10-03,Mettur,286.36,7.063
2013-10-04,Mettur,209.649,6.003
2013-10-05,Mettur,181.827,4.591
2013-10-06,Mettur,190.6,3.531
2013-10-07,Mettur,163.241,26.486
2013-10-08,Mettur,141.137,93.584
2013-10-09,Mettur,169.401,78.752
2013-10-10,Mettur,208.129,49.441
2013-10-11,Mettur,214.862,42.731
2013-10-12,Mettur,203.702,45.556
2013-10-13,Mettur,190.6,43.755
2013-10-14,Mettur,164.69,41.954
2013-10-15,Mettur,190.92,40.153
2013-10-16,Mettur,190.6,38.352
2013-10-17,Mettur,184.507,36.551
2013-10-18,Mettur,304.228,34.75
2013-10-19,Mettur,307.755,32.949
2013-10-20,Mettur,244.9,31.148
2013-10-21,Mettur,491.764,29.346
2013-10-22,Mettur,440.287,27.545
2013-10-23,Mettur,349.866,25.744
2013-10-24,Mettur,290.989,23.943
2013-10-25,Mettur,381.465,22.142
2013-10-26,Mettur,296.909,20.341
2013-10-27,Mettur,266.5,18.54
2013-10-28,Mettur,216.73,16.739
2013-10-29,Mettur,189.535,14.938
2013-10-30,Mettur,193.589,13.137
2013-10-31,Mettur,167.851,11.336
2013-11-01,Mettur,168.904,9.535
2013-11-02,Mettur,209.9,7.416
2013-11-03,Mettur,196.0,7.063
2013-11-04,Mettur,190.67,6.003
2013-11-05,Mettur,201.658,4.591
2013-11-06,Mettur,234.286,3.531
2013-11-07,Mettur,234.471,28.252
2013-11-08,Mettur,207.299,93.584
2013-11-09,Mettur,195.412,80.164
2013-11-10,Mettur,196.0,48.734
2013-11-11,Mettur,172.159,42.378
2013-11-12,Mettur,167.505,44.85
2013-11-13,Mettur,190.504,42.991
2013-11-14,Mettur,185.456,41.132
2013-11-15,Mettur,201.5,39.274
2013-11-16,Mettur,189.619,37.415
2013-11-17,Mettur,227.1,35.556
2013-11-18,Mettur,286.236,33.698
2013-11-19,Mettur,299.421,31.839
2013-11-20,Mettur,310.794,29.98
2013-11-21,Mettur,277.139,28.122
2013-11-22,Mettur,212.714,26.263
2013-11-23,Mettur,170.754,24.404
2013-11-24,Mettur,196.0,22.546
2013-11-25,Mettur,529.674,20.687
2013-11-26,Mettur,418.607,18.828
2013-11-27,Mettur,277.165,16.97
2013-11-28,Mettur,172.663,15.111
2013-11-29,Mettur,167.8,13.252
2013-11-30,Mettur,137.416,11.394
2013-12-01,Mettur,128.9,9.535
2013-12-02,Mettur,127.518,7.416
2013-12-03,Mettur,120.34,7.063
2013-12-04,Mettur,125.243,6.003
2013-12-05,Mettur,122.66,4.591
2013-12-06,Mettur,96.603,3.531
2013-12-07,Mettur,99.107,29.311
2013-12-08,Mettur,100.4,93.231
2013-12-09,Mettur,82.567,80.871
2013-12-10,Mettur,88.823,48.381
2013-12-11,Mettur,83.703,42.024
2013-12-12,Mettur,77.674,44.143
2013-12-13,Mettur,73.617,43.437
2013-12-14,Mettur,72.945,42.731
2013-12-15,Mettur,74.35,42.024
2013-12-16,Mettur,75.385,41.318
2013-12-17,Mettur,73.21,40.612
2013-12-18,Mettur,70.854,39.906
2013-12-19,Mettur,74.525,39.199
2013-12-20,Mettur,77.99,38.493
2013-12-21,Mettur,69.082,37.787
2013-12-22,Mettur,64.59,37.08
2013-12-23,Mettur,68.022,36.374
2013-12-24,Mettur,70.418,35.668
2013-12-25,Mettur,64.59,34.962
2013-12-26,Mettur,61.599,34.255
2013-12-27,Mettur,65.62,33.549
2013-12-28,Mettur,65.52,32.843
2013-12-29,Mettur,60.01,32.136
2013-12-30,Mettur,61.32,31.43
2013-12-31,Mettur,65.749,30.724
2014-01-01,Mettur,69.585,30.017
2014-01-02,Mettur,61.576,18.717
2014-01-03,Mettur,65.585,17.304
2014-01-04,Mettur,56.318,16.598
2014-01-05,Mettur,51.46,8.829
2014-01-06,Mettur,58.547,11.654
2014-01-07,Mettur,46.541,15.538
2014-01-08,Mettur,45.206,44.496
2014-01-09,Mettur,49.236,70.276
2014-01-10,Mettur,38.556,54.738
2014-01-11,Mettur,36.411,66.392
2014-01-12,Mettur,30.34,70.982
2014-01-13,Mettur,32.334,68.899
2014-01-14,Mettur,32.36,66.815
2014-01-15,Mettur,30.028,64.732
2014-01-16,Mettur,34.529,62.648
2014-01-17,Mettur,32.135,60.565
2014-01-18,Mettur,29.871,58.481
2014-01-19,Mettur,34.46,56.398
2014-01-20,Mettur,32.246,54.314
2014-01-21,Mettur,37.195,52.23
2014-01-22,Mettur,38.687,50.147
2014-01-23,Mettur,38.178,48.063
2014-01-24,Mettur,37.405,45.98
2014-01-25,Mettur,39.608,43.896
2014-01-26,Mettur,34.46,41.813
2014-01-27,Mettur,47.995,39.729
2014-01-28,Mettur,39.536,37.645
2014-01-29,Mettur,37.217,35.562
2014-01-30,Mettur,33.341,33.478
2014-01-31,Mettur,33.967,31.395
2014-02-01,Mettur,34.511,29.311
2014-02-02,Mettur,26.52,19.07
2014-02-03,Mettur,29.665,17.304
2014-02-04,Mettur,24.369,16.598
2014-02-05,Mettur,24.451,8.829
2014-02-06,Mettur,23.956,12.007
2014-02-07,Mettur,23.283,15.892
2014-02-08,Mettur,22.401,45.203
2014-02-09,Mettur,17.56,69.217
2014-02-10,Mettur,18.418,54.385
2014-02-11,Mettur,19.276,67.098
2014-02-12,Mettur,17.56,71.689
2014-02-13,Mettur,17.231,69.154
2014-02-14,Mettur,17.557,66.62
2014-02-15,Mettur,16.819,64.086
2014-02-16,Mettur,15.49,61.551
2014-02-17,Mettur,12.507,59.017
2014-02-18,Mettur,12.693,56.483
2014-02-19,Mettur,13.492,53.948
2014-02-20,Mettur,36.221,51.414
2014-02-21,Mettur,27.048,48.88
2014-02-22,Mettur,37.944,46.345
2014-02-23,Mettur,41.25,43.811
2014-02-24,Mettur,41.551,41.277
2014-02-25,Mettur,42.044,38.742
2014-02-26,Mettur,40.768,36.208
2014-02-27,Mettur,40.07,33.674
2014-02-28,Mettur,35.362,31.139
2014-03-01,Mettur,30.37,28.605
2014-03-02,Mettur,29.35,19.07
2014-03-03,Mettur,29.079,17.304
2014-03-04,Mettur,39.685,16.245
2014-03-05,Mettur,32.431,8.476
2014-03-06,Mettur,28.424,12.36
2014-03-07,Mettur,23.54,16.245
2014-03-08,Mettur,29.207,46.262
2014-03-09,Mettur,31.34,68.864
2014-03-10,Mettur,26.897,54.031
2014-03-11,Mettur,22.473,67.804
2014-03-12,Mettur,23.16,72.042
2014-03-13,Mettur,22.077,69.835
2014-03-14,Mettur,22.06,67.628
2014-03-15,Mettur,21.6,65.42
2014-03-16,Mettur,22.18,63.213
2014-03-17,Mettur,21.929,61.006
2014-03-18,Mettur,14.845,58.799
2014-03-19,Mettur,24.056,56.592
2014-03-20,Mettur,24.683,54.385
2014-03-21,Mettur,39.831,52.177
2014-03-22,Mettur,49.154,49.97
2014-03-23,Mettur,57.07,47.763
2014-03-24,Mettur,54.266,45.556
2014-03-25,Mettur,51.845,43.349
2014-03-26,Mettur,45.965,41.142
2014-03-27,Mettur,50.628,38.934
2014-03-28,Mettur,40.674,36.727
2014-03-29,Mettur,44.36,34.52
2014-03-30,Mettur,44.92,32.313
2014-03-31,Mettur,42.45,30.106
2014-04-01,Mettur,40.599,27.899
2014-04-02,Mettur,38.256,19.07
2014-04-03,Mettur,26.383,17.304
2014-04-04,Mettur,25.08,16.245
2014-04-05,Mettur,26.451,8.476
2014-04-06,Mettur,23.01,12.713
2014-04-07,Mettur,20.34,16.245
2014-04-08,Mettur,20.447,49.441
2014-04-09,Mettur,19.747,69.217
2014-04-10,Mettur,17.487,53.325
2014-04-11,Mettur,18.879,68.51
2014-04-12,Mettur,17.587,71.336
2014-04-13,Mettur,47.47,69.012
2014-04-14,Mettur,33.4,66.689
2014-04-15,Mettur,37.994,64.366
2014-04-16,Mettur,33.283,62.042
2014-04-17,Mettur,50.844,59.719
2014-04-18,Mettur,48.78,57.396
2014-04-19,Mettur,50.123,55.072
2014-04-20,Mettur,52.83,52.749
2014-04-21,Mettur,59.626,50.426
2014-04-22,Mettur,73.279,48.102
2014-04-23,Mettur,71.123,45.779
2014-04-24,Mettur,64.59,43.456
2014-04-25,Mettur,57.069,41.132
2014-04-26,Mettur,51.608,38.809
2014-04-27,Mettur,60.01,36.486
2014-04-28,Mettur,67.49,34.162
2014-04-29,Mettur,55.548,31.839
2014-04-30,Mettur,65.273,29.516
2014-05-01,Mettur,53.84,27.192
2014-05-02,Mettur,29.678,18.717
2014-05-03,Mettur,37.9,17.304
2014-05-04,Mettur,37.76,15.892
2014-05-05,Mettur,39.677,8.476
2014-05-06,Mettur,55.82,13.42
2014-05-07,Mettur,51.335,16.245
2014-05-08,Mettur,50.448,52.972
2014-05-09,Mettur,62.943,68.864
2014-05-10,Mettur,55.175,52.266
2014-05-11,Mettur,92.48,68.864
2014-05-12,Mettur,71.141,70.982
2014-05-13,Mettur,49.562,68.758
2014-05-14,Mettur,41.25,66.533
2014-05-15,Mettur,36.682,64.308
2014-05-16,Mettur,39.317,62.083
2014-05-17,Mettur,33.593,59.858
2014-05-18,Mettur,31.34,57.634
2014-05-19,Mettur,23.945,55.409
2014-05-20,Mettur,26.085,53.184
2014-05-21,Mettur,70.428,50.959
2014-05-22,Mettur,56.57,48.734
2014-05-23,Mettur,71.522,46.509
2014-05-24,Mettur,57.638,44.285
2014-05-25,Mettur,54.22,42.06
2014-05-26,Mettur,55.776,39.835
2014-05-27,Mettur,50.705,37.61
2014-05-28,Mettur,56.312,35.385
2014-05-29,Mettur,73.504,33.16
2014-05-30,Mettur,113.883,30.936
2014-05-31,Mettur,71.384,28.711
2014-06-01,Mettur,80.96,26.486
2014-06-02,Mettur,79.65,18.717
2014-06-03,Mettur,121.355,17.304
2014-06-04,Mettur,123.444,15.538
2014-06-05,Mettur,138.246,8.476
2014-06-06,Mettur,82.701,13.773
2014-06-07,Mettur,61.894,16.245
2014-06-08,Mettur,50.04,55.797
2014-06-09,Mettur,38.427,69.217
2014-06-10,Mettur,32.204,51.206
2014-06-11,Mettur,31.743,0.0
2014-06-12,Mettur,33.021,69.923
2014-06-13,Mettur,20.859,67.6
2014-06-14,Mettur,20.369,65.276
2014-06-15,Mettur,19.88,62.953
2014-06-16,Mettur,23.872,60.63
2014-06-17,Mettur,20.118,58.306
2014-06-18,Mettur,23.607,55.983
2014-06-19,Mettur,19.713,53.66
2014-06-20,Mettur,17.475,51.336
2014-06-21,Mettur,22.725,49.013
2014-06-22,Mettur,11.06,46.69
2014-06-23,Mettur,25.702,44.366
2014-06-24,Mettur,54.392,42.043
2014-06-25,Mettur,121.167,39.72
2014-06-26,Mettur,148.727,37.396
2014-06-27,Mettur,161.315,35.073
2014-06-28,Mettur,140.266,32.75
2014-06-29,Mettur,115.6,30.426
2014-06-30,Mettur,154.305,28.103
2014-07-01,Mettur,191.881,25.78
2014-07-02,Mettur,120.275,18.717
2014-07-03,Mettur,72.097,17.304
2014-07-04,Mettur,72.437,15.538
2014-07-05,Mettur,61.215,8.476
2014-07-06,Mettur,62.01,14.126
2014-07-07,Mettur,64.194,16.245
2014-07-08,Mettur,73.419,57.563
2014-07-09,Mettur,66.021,69.57
2014-07-10,Mettur,48.643,50.5
2014-07-11,Mettur,48.322,69.57
2014-07-12,Mettur,38.086,69.217
2014-07-13,Mettur,43.7,67.01
2014-07-14,Mettur,32.826,64.802
2014-07-15,Mettur,34.594,62.595
2014-07-16,Mettur,37.779,60.388
2014-07-17,Mettur,37.741,58.181
2014-07-18,Mettur,556.742,55.974
2014-07-19,Mettur,505.956,53.767
2014-07-20,Mettur,595.7,51.559
2014-07-21,Mettur,419.96,49.352
2014-07-22,Mettur,730.682,47.145
2014-07-23,Mettur,803.922,44.938
2014-07-24,Mettur,832.658,42.731
2014-07-25,Mettur,971.125,40.524
2014-07-26,Mettur,1057.717,38.316
2014-07-27,Mettur,1049.0,36.109
2014-07-28,Mettur,1012.878,33.902
2014-07-29,Mettur,567.9,31.695
2014-07-30,Mettur,421.427,29.488
2014-07-31,Mettur,463.502,27.281
2014-08-01,Mettur,450.994,25.073
2014-08-02,Mettur,472.176,18.717
2014-08-03,Mettur,921.6,17.304
2014-08-04,Mettur,1166.277,15.185
2014-08-05,Mettur,1024.604,8.476
2014-08-06,Mettur,600.06,14.126
2014-08-07,Mettur,660.497,16.245
2014-08-08,Mettur,2288.929,61.094
2014-08-09,Mettur,2511.42,69.57
2014-08-10,Mettur,1608.0,50.147
2014-08-11,Mettur,827.69,69.217
2014-08-12,Mettur,401.583,68.51
2014-08-13,Mettur,339.381,66.321
2014-08-14,Mettur,470.638,64.131
2014-08-15,Mettur,591.0,61.942
2014-08-16,Mettur,567.728,59.752
2014-08-17,Mettur,612.2,57.563
2014-08-18,Mettur,360.13,55.373
2014-08-19,Mettur,215.399,53.184
2014-08-20,Mettur,284.456,50.994
2014-08-21,Mettur,231.117,48.805
2014-08-22,Mettur,194.864,46.615
2014-08-23,Mettur,191.124,44.426
2014-08-24,Mettur,347.1,42.236
2014-08-25,Mettur,265.965,40.047
2014-08-26,Mettur,186.529,37.857
2014-08-27,Mettur,187.269,35.668
2014-08-28,Mettur,161.621,33.478
2014-08-29,Mettur,212.1,31.289
2014-08-30,Mettur,235.303,29.099
2014-08-31,Mettur,221.3,26.91
2014-09-01,Mettur,238.585,24.72
2014-09-02,Mettur,215.176,18.717
2014-09-03,Mettur,699.84,17.304
2014-09-04,Mettur,525.983,14.832
2014-09-05,Mettur,759.978,8.829
2014-09-06,Mettur,675.465,14.479
2014-09-07,Mettur,722.9,16.245
2014-09-08,Mettur,475.416,68.864
2014-09-09,Mettur,342.617,68.864
2014-09-10,Mettur,551.606,50.147
2014-09-11,Mettur,570.439,68.864
2014-09-12,Mettur,452.406,67.804
2014-09-13,Mettur,310.716,65.518
2014-09-14,Mettur,243.2,63.232
2014-09-15,Mettur,182.221,60.946
2014-09-16,Mettur,197.401,58.66
2014-09-17,Mettur,183.157,56.373
2014-09-18,Mettur,186.648,54.087
2014-09-19,Mettur,178.516,51.801
2014-09-20,Mettur,160.214,49.515
2014-09-21,Mettur,252.9,47.229
2014-09-22,Mettur,245.697,44.943
2014-09-23,Mettur,234.196,42.656
2014-09-24,Mettur,450.151,40.37
2014-09-25,Mettur,757.875,38.084
2014-09-26,Mettur,761.758,35.798
2014-09-27,Mettur,943.306,33.512
2014-09-28,Mettur,790.4,31.226
2014-09-29,Mettur,605.305,28.939
2014-09-30,Mettur,628.162,26.653
2014-10-01,Mettur,440.441,24.367
2014-10-02,Mettur,570.455,18.717
2014-10-03,Mettur,416.9,17.304
2014-10-04,Mettur,241.185,14.479
2014-10-05,Mettur,185.7,8.829
2014-10-06,Mettur,215.2,14.479
2014-10-07,Mettur,403.975,16.245
2014-10-08,Mettur,495.132,76.633
2014-10-09,Mettur,623.623,68.157
2014-10-10,Mettur,485.452,50.5
2014-10-11,Mettur,512.951,68.51
2014-10-12,Mettur,643.4,66.745
2014-10-13,Mettur,624.383,64.591
2014-10-14,Mettur,614.509,62.436
2014-10-15,Mettur,380.59,60.282
2014-10-16,Mettur,262.035,58.128
2014-10-17,Mettur,248.672,55.974
2014-10-18,Mettur,234.606,53.82
2014-10-19,Mettur,233.7,51.665
2014-10-20,Mettur,364.471,49.511
2014-10-21,Mettur,371.242,47.357
2014-10-22,Mettur,296.385,45.203
2014-10-23,Mettur,282.9,43.049
2014-10-24,Mettur,301.357,40.894
2014-10-25,Mettur,272.42,38.74
2014-10-26,Mettur,325.1,36.586
2014-10-27,Mettur,550.033,34.432
2014-10-28,Mettur,671.39,32.278
2014-10-29,Mettur,531.168,30.123
2014-10-30,Mettur,429.17,27.969
2014-10-31,Mettur,356.747,25.815
2014-11-01,Mettur,274.405,23.661
2014-11-02,Mettur,256.2,18.717
2014-11-03,Mettur,193.785,17.304
2014-11-04,Mettur,188.6,14.479
2014-11-05,Mettur,187.091,9.182
2014-11-06,Mettur,191.4,14.479
2014-11-07,Mettur,155.899,16.245
2014-11-08,Mettur,164.285,79.458
2014-11-09,Mettur,182.9,67.804
2014-11-10,Mettur,170.316,50.853
2014-11-11,Mettur,157.029,67.804
2014-11-12,Mettur,170.509,65.685
2014-11-13,Mettur,188.591,63.455
2014-11-14,Mettur,191.344,61.224
2014-11-15,Mettur,198.446,58.994
2014-11-16,Mettur,215.2,56.764
2014-11-17,Mettur,195.702,54.533
2014-11-18,Mettur,189.446,52.303
2014-11-19,Mettur,192.455,50.072
2014-11-20,Mettur,171.761,47.842
2014-11-21,Mettur,189.513,45.612
2014-11-22,Mettur,165.17,43.381
2014-11-23,Mettur,174.4,41.151
2014-11-24,Mettur,163.628,38.92
2014-11-25,Mettur,160.23,36.69
2014-11-26,Mettur,163.832,34.46
2014-11-27,Mettur,144.002,32.229
2014-11-28,Mettur,156.254,29.999
2014-11-29,Mettur,164.719,27.768
2014-11-30,Mettur,168.9,25.538
2014-12-01,Mettur,162.893,23.308
2014-12-02,Mettur,157.599,18.717
2014-12-03,Mettur,148.106,17.304
2014-12-04,Mettur,156.909,14.479
2014-12-05,Mettur,156.396,9.182
2014-12-06,Mettur,141.785,14.479
2014-12-07,Mettur,132.2,16.245
2014-12-08,Mettur,138.997,80.517
2014-12-09,Mettur,135.153,67.451
2014-12-10,Mettur,122.896,50.5
2014-12-11,Mettur,108.087,67.098
2014-12-12,Mettur,122.247,64.626
2014-12-13,Mettur,238.787,64.379
2014-12-14,Mettur,173.9,64.131
2014-12-15,Mettur,133.273,63.884
2014-12-16,Mettur,113.349,63.637
2014-12-17,Mettur,145.699,63.39
2014-12-18,Mettur,97.902,63.143
2014-12-19,Mettur,81.761,62.895
2014-12-20,Mettur,92.902,62.648
2014-12-21,Mettur,86.66,62.401
2014-12-22,Mettur,63.958,62.154
2014-12-23,Mettur,63.66,61.907
2014-12-24,Mettur,82.491,61.659
2014-12-25,Mettur,78.87,61.412
2014-12-26,Mettur,71.786,61.165
2014-12-27,Mettur,60.718,60.918
2014-12-28,Mettur,54.9,60.671
2014-12-29,Mettur,53.068,60.423
2014-12-30,Mettur,56.336,60.176
2014-12-31,Mettur,54.853,59.929
2015-01-01,Mettur,57.192,59.682
2015-01-02,Mettur,54.755,40.965
2015-01-03,Mettur,54.762,37.787
2015-01-04,Mettur,58.02,35.315
2015-01-05,Mettur,52.429,30.724
2015-01-06,Mettur,42.192,34.255
2015-01-07,Mettur,41.798,42.378
2015-01-08,Mettur,40.506,60.035
2015-01-09,Mettur,42.217,53.678
2015-01-10,Mettur,33.758,33.196
2015-01-11,Mettur,34.65,26.486
2015-01-12,Mettur,29.534,55.091
2015-01-13,Mettur,27.213,55.32
2015-01-14,Mettur,29.323,55.55
2015-01-15,Mettur,27.0,55.78
2015-01-16,Mettur,26.532,56.009
2015-01-17,Mettur,21.176,56.239
2015-01-18,Mettur,35.83,56.468
2015-01-19,Mettur,40.622,56.698
2015-01-20,Mettur,48.168,56.927
2015-01-21,Mettur,46.824,57.157
2015-01-22,Mettur,47.403,57.386
2015-01-23,Mettur,47.853,57.616
2015-01-24,Mettur,44.402,57.845
2015-01-25,Mettur,48.97,58.075
2015-01-26,Mettur,47.55,58.305
2015-01-27,Mettur,47.574,58.534
2015-01-28,Mettur,47.415,58.764
2015-01-29,Mettur,47.129,58.993
2015-01-30,Mettur,41.237,59.223
2015-01-31,Mettur,41.299,59.452
2015-02-01,Mettur,30.14,59.682
2015-02-02,Mettur,25.96,40.259
2015-02-03,Mettur,23.41,37.434
2015-02-04,Mettur,21.205,0.0
2015-02-05,Mettur,19.284,30.724
2015-02-06,Mettur,15.602,34.255
2015-02-07,Mettur,19.146,43.79
2015-02-08,Mettur,16.4,60.388
2015-02-09,Mettur,18.365,52.619
2015-02-10,Mettur,15.691,33.196
2015-02-11,Mettur,15.11,27.192
2015-02-12,Mettur,15.023,55.797
2015-02-13,Mettur,16.159,56.026
2015-02-14,Mettur,16.132,56.254
2015-02-15,Mettur,14.93,56.483
2015-02-16,Mettur,14.713,56.711
2015-02-17,Mettur,14.22,56.94
2015-02-18,Mettur,13.502,57.168
2015-02-19,Mettur,14.117,57.397
2015-02-20,Mettur,13.852,57.625
2015-02-21,Mettur,14.184,57.854
2015-02-22,Mettur,14.22,58.082
2015-02-23,Mettur,12.461,58.311
2015-02-24,Mettur,15.002,58.539
2015-02-25,Mettur,19.524,58.768
2015-02-26,Mettur,25.651,58.996
2015-02-27,Mettur,26.032,59.225
2015-02-28,Mettur,25.84,59.453
2015-03-01,Mettur,25.0,59.682
2015-03-02,Mettur,29.237,39.906
2015-03-03,Mettur,48.431,37.434
2015-03-04,Mettur,49.374,34.962
2015-03-05,Mettur,47.704,30.724
2015-03-06,Mettur,29.286,34.608
2015-03-07,Mettur,31.69,44.85
2015-03-08,Mettur,25.02,60.035
2015-03-09,Mettur,19.168,51.559
2015-03-10,Mettur,41.222,32.843
2015-03-11,Mettur,29.133,27.545
2015-03-12,Mettur,22.936,56.503
2015-03-13,Mettur,23.079,56.609
2015-03-14,Mettur,18.786,56.715
2015-03-15,Mettur,14.93,56.821
2015-03-16,Mettur,13.742,56.927
2015-03-17,Mettur,14.217,57.033
2015-03-18,Mettur,14.078,57.139
2015-03-19,Mettur,13.688,57.245
2015-03-20,Mettur,13.054,57.351
2015-03-21,Mettur,12.638,57.457
2015-03-22,Mettur,33.49,57.563
2015-03-23,Mettur,34.966,57.669
2015-03-24,Mettur,28.885,57.775
2015-03-25,Mettur,26.28,57.881
2015-03-26,Mettur,29.17,57.987
2015-03-27,Mettur,26.343,58.093
2015-03-28,Mettur,23.342,58.199
2015-03-29,Mettur,30.14,58.305
2015-03-30,Mettur,40.467,58.41
2015-03-31,Mettur,33.814,58.516
2015-04-01,Mettur,34.289,58.622
2015-04-02,Mettur,35.83,39.552
2015-04-03,Mettur,34.65,37.434
2015-04-04,Mettur,65.545,34.962
2015-04-05,Mettur,58.02,30.371
2015-04-06,Mettur,64.807,34.962
2015-04-07,Mettur,60.496,45.203
2015-04-08,Mettur,49.971,60.035
2015-04-09,Mettur,44.33,50.5
2015-04-10,Mettur,30.093,32.489
2015-04-11,Mettur,26.568,28.605
2015-04-12,Mettur,22.21,57.21
2015-04-13,Mettur,22.438,57.266
2015-04-14,Mettur,23.13,57.321
2015-04-15,Mettur,22.299,57.377
2015-04-16,Mettur,23.599,57.433
2015-04-17,Mettur,49.149,57.489
2015-04-18,Mettur,60.493,57.544
2015-04-19,Mettur,53.38,57.6
2015-04-20,Mettur,65.222,57.656
2015-04-21,Mettur,64.191,57.712
2015-04-22,Mettur,61.193,57.767
2015-04-23,Mettur,65.904,57.823
2015-04-24,Mettur,73.593,57.879
2015-04-25,Mettur,106.433,57.935
2015-04-26,Mettur,101.3,57.99
2015-04-27,Mettur,79.639,58.046
2015-04-28,Mettur,87.674,58.102
2015-04-29,Mettur,79.247,58.158
2015-04-30,Mettur,72.057,58.213
2015-05-01,Mettur,77.213,58.269
2015-05-02,Mettur,71.914,39.199
2015-05-03,Mettur,80.78,37.434
2015-05-04,Mettur,78.87,34.608
2015-05-05,Mettur,64.1,30.371
2015-05-06,Mettur,59.155,35.315
2015-05-07,Mettur,48.314,45.556
2015-05-08,Mettur,35.796,60.388
2015-05-09,Mettur,45.81,49.441
2015-05-10,Mettur,38.27,32.136
2015-05-11,Mettur,39.574,30.017
2015-05-12,Mettur,37.263,57.916
2015-05-13,Mettur,49.026,57.898
2015-05-14,Mettur,73.941,57.881
2015-05-15,Mettur,64.1,57.863
2015-05-16,Mettur,78.648,57.845
2015-05-17,Mettur,80.78,57.828
2015-05-18,Mettur,158.543,57.81
2015-05-19,Mettur,319.696,57.792
2015-05-20,Mettur,236.658,57.775
2015-05-21,Mettur,142.939,57.757
2015-05-22,Mettur,135.576,57.739
2015-05-23,Mettur,91.57,57.722
2015-05-24,Mettur,69.72,57.704
2015-05-25,Mettur,59.195,57.687
2015-05-26,Mettur,50.48,57.669
2015-05-27,Mettur,62.505,57.651
2015-05-28,Mettur,64.457,57.634
2015-05-29,Mettur,63.13,57.616
2015-05-30,Mettur,106.239,57.598
2015-05-31,Mettur,119.8,57.581
2015-06-01,Mettur,135.827,57.563
2015-06-02,Mettur,135.379,39.199
2015-06-03,Mettur,209.712,37.08
2015-06-04,Mettur,158.198,34.608
2015-06-05,Mettur,132.992,30.371
2015-06-06,Mettur,205.578,35.668
2015-06-07,Mettur,163.2,45.909
2015-06-08,Mettur,93.355,60.388
2015-06-09,Mettur,78.007,48.381
2015-06-10,Mettur,64.185,31.783
2015-06-11,Mettur,54.307,33.549
2015-06-12,Mettur,50.668,58.269
2015-06-13,Mettur,48.958,58.195
2015-06-14,Mettur,31.18,58.121
2015-06-15,Mettur,30.337,58.046
2015-06-16,Mettur,39.55,57.972
2015-06-17,Mettur,37.886,57.897
2015-06-18,Mettur,31.114,57.823
2015-06-19,Mettur,43.006,57.749
2015-06-20,Mettur,40.771,57.674
2015-06-21,Mettur,41.51,57.6
2015-06-22,Mettur,51.461,57.526
2015-06-23,Mettur,59.141,57.451
2015-06-24,Mettur,46.597,57.377
2015-06-25,Mettur,55.629,57.303
2015-06-26,Mettur,380.8,57.228
2015-06-27,Mettur,459.906,57.154
2015-06-28,Mettur,465.7,57.08
2015-06-29,Mettur,404.19,57.005
2015-06-30,Mettur,155.991,56.931
2015-07-01,Mettur,572.8,56.857
2015-07-02,Mettur,362.457,39.199
2015-07-03,Mettur,242.522,37.08
2015-07-04,Mettur,180.864,34.962
2015-07-05,Mettur,180.5,30.371
2015-07-06,Mettur,135.423,36.021
2015-07-07,Mettur,106.147,46.262
2015-07-08,Mettur,108.521,60.388
2015-07-09,Mettur,106.722,47.322
2015-07-10,Mettur,113.117,32.489
2015-07-11,Mettur,93.215,36.727
2015-07-12,Mettur,146.7,58.622
2015-07-13,Mettur,160.275,58.499
2015-07-14,Mettur,145.185,58.375
2015-07-15,Mettur,194.71,58.252
2015-07-16,Mettur,157.779,58.128
2015-07-17,Mettur,162.313,58.004
2015-07-18,Mettur,149.4,57.881
2015-07-19,Mettur,285.2,57.757
2015-07-20,Mettur,405.121,57.634
2015-07-21,Mettur,704.786,57.51
2015-07-22,Mettur,677.102,57.386
2015-07-23,Mettur,483.327,57.263
2015-07-24,Mettur,371.53,57.139
2015-07-25,Mettur,425.535,57.016
2015-07-26,Mettur,384.8,56.892
2015-07-27,Mettur,384.604,56.768
2015-07-28,Mettur,424.817,56.645
2015-07-29,Mettur,355.408,56.521
2015-07-30,Mettur,369.791,56.398
2015-07-31,Mettur,347.593,56.274
2015-08-01,Mettur,286.12,56.15
2015-08-02,Mettur,174.7,39.199
2015-08-03,Mettur,136.101,36.727
2015-08-04,Mettur,136.193,34.608
2015-08-05,Mettur,110.335,30.371
2015-08-06,Mettur,87.629,36.374
2015-08-07,Mettur,83.491,46.615
2015-08-08,Mettur,90.639,60.388
2015-08-09,Mettur,88.3,46.262
2015-08-10,Mettur,80.093,33.196
2015-08-11,Mettur,76.257,38.14
2015-08-12,Mettur,74.252,58.975
2015-08-13,Mettur,88.371,58.799
2015-08-14,Mettur,81.95,58.622
2015-08-15,Mettur,257.1,58.446
2015-08-16,Mettur,303.3,58.269
2015-08-17,Mettur,351.767,58.093
2015-08-18,Mettur,390.937,57.916
2015-08-19,Mettur,390.163,57.739
2015-08-20,Mettur,456.314,57.563
2015-08-21,Mettur,529.758,57.386
2015-08-22,Mettur,460.397,57.21
2015-08-23,Mettur,461.2,57.033
2015-08-24,Mettur,667.716,56.857
2015-08-25,Mettur,636.918,56.68
2015-08-26,Mettur,543.768,56.503
2015-08-27,Mettur,450.354,56.327
2015-08-28,Mettur,356.828,56.15
2015-08-29,Mettur,257.189,55.974
2015-08-30,Mettur,236.9,55.797
2015-08-31,Mettur,243.92,55.621
2015-09-01,Mettur,228.34,55.444
2015-09-02,Mettur,171.431,39.199
2015-09-03,Mettur,150.656,36.727
2015-09-04,Mettur,140.327,34.255
2015-09-05,Mettur,134.353,30.371
2015-09-06,Mettur,163.2,36.374
2015-09-07,Mettur,109.594,46.615
2015-09-08,Mettur,204.439,60.388
2015-09-09,Mettur,241.305,45.203
2015-09-10,Mettur,164.494,33.549
2015-09-11,Mettur,133.518,38.846
2015-09-12,Mettur,137.217,59.329
2015-09-13,Mettur,133.5,59.068
2015-09-14,Mettur,91.989,58.808
2015-09-15,Mettur,82.254,58.548
2015-09-16,Mettur,70.466,58.288
2015-09-17,Mettur,84.01,58.028
2015-09-18,Mettur,80.117,57.767
2015-09-19,Mettur,129.689,57.507
2015-09-20,Mettur,125.8,57.247
2015-09-21,Mettur,207.932,56.987
2015-09-22,Mettur,288.384,56.727
2015-09-23,Mettur,282.749,56.466
2015-09-24,Mettur,365.805,56.206
2015-09-25,Mettur,345.0,55.946
2015-09-26,Mettur,865.991,55.686
2015-09-27,Mettur,621.5,55.425
2015-09-28,Mettur,552.542,55.165
2015-09-29,Mettur,554.049,54.905
2015-09-30,Mettur,399.279,54.645
2015-10-01,Mettur,297.655,54.385
2015-10-02,Mettur,236.9,39.199
2015-10-03,Mettur,277.955,36.727
2015-10-04,Mettur,236.9,34.255
2015-10-05,Mettur,207.114,30.371
2015-10-06,Mettur,443.771,36.374
2015-10-07,Mettur,625.132,46.615
2015-10-08,Mettur,416.305,60.035
2015-10-09,Mettur,225.125,44.496
2015-10-10,Mettur,150.264,32.843
2015-10-11,Mettur,125.8,39.552
2015-10-12,Mettur,147.323,59.682
2015-10-13,Mettur,257.624,59.382
2015-10-14,Mettur,298.73,59.081
2015-10-15,Mettur,229.294,58.781
2015-10-16,Mettur,147.812,58.481
2015-10-17,Mettur,128.476,58.181
2015-10-18,Mettur,88.3,57.881
2015-10-19,Mettur,105.974,57.581
2015-10-20,Mettur,123.044,57.28
2015-10-21,Mettur,120.135,56.98
2015-10-22,Mettur,130.9,56.68
2015-10-23,Mettur,147.492,56.38
2015-10-24,Mettur,136.1,56.08
2015-10-25,Mettur,128.4,55.78
2015-10-26,Mettur,109.095,55.479
2015-10-27,Mettur,118.376,55.179
2015-10-28,Mettur,106.595,54.879
2015-10-29,Mettur,122.125,54.579
2015-10-30,Mettur,145.594,54.279
2015-10-31,Mettur,163.882,53.978
2015-11-01,Mettur,177.6,53.678
2015-11-02,Mettur,148.983,39.199
2015-11-03,Mettur,402.016,36.727
2015-11-04,Mettur,407.835,33.902
2015-11-05,Mettur,868.799,30.371
2015-11-06,Mettur,1060.58,36.374
2015-11-07,Mettur,618.92,46.969
2015-11-08,Mettur,250.3,58.975
2015-11-09,Mettur,217.202,43.437
2015-11-10,Mettur,366.789,32.489
2015-11-11,Mettur,534.1,40.965
2015-11-12,Mettur,416.978,59.682
2015-11-13,Mettur,361.781,59.329
2015-11-14,Mettur,282.887,58.975
2015-11-15,Mettur,211.0,58.622
2015-11-16,Mettur,152.413,58.269
2015-11-17,Mettur,190.562,57.916
2015-11-18,Mettur,207.629,57.563
2015-11-19,Mettur,156.321,57.21
2015-11-20,Mettur,240.635,56.857
2015-11-21,Mettur,268.038,56.503
2015-11-22,Mettur,267.5,56.15
2015-11-23,Mettur,244.713,55.797
2015-11-24,Mettur,178.731,55.444
2015-11-25,Mettur,190.229,55.091
2015-11-26,Mettur,156.347,54.738
2015-11-27,Mettur,146.115,54.385
2015-11-28,Mettur,144.54,54.031
2015-11-29,Mettur,149.4,53.678
2015-11-30,Mettur,152.543,53.325
2015-12-01,Mettur,202.764,52.972
2015-12-02,Mettur,204.785,39.199
2015-12-03,Mettur,238.708,0.0
2015-12-04,Mettur,242.218,33.902
2015-12-05,Mettur,173.31,30.371
2015-12-06,Mettur,152.6,36.374
2015-12-07,Mettur,129.035,46.969
2015-12-08,Mettur,106.866,57.916
2015-12-09,Mettur,86.904,42.378
2015-12-10,Mettur,82.277,31.783
2015-12-11,Mettur,77.454,42.731
2015-12-12,Mettur,70.63,60.035
2015-12-13,Mettur,85.42,59.77
2015-12-14,Mettur,69.847,59.505
2015-12-15,Mettur,78.524,59.24
2015-12-16,Mettur,90.562,58.975
2015-12-17,Mettur,84.386,58.711
2015-12-18,Mettur,82.114,58.446
2015-12-19,Mettur,75.412,58.181
2015-12-20,Mettur,79.32,57.916
2015-12-21,Mettur,70.196,57.651
2015-12-22,Mettur,68.215,57.386
2015-12-23,Mettur,63.215,57.121
2015-12-24,Mettur,62.31,56.857
2015-12-25,Mettur,62.31,56.592
2015-12-26,Mettur,58.272,56.327
2015-12-27,Mettur,58.8,56.062
2015-12-28,Mettur,55.259,55.797
2015-12-29,Mettur,51.204,55.532
2015-12-30,Mettur,50.639,55.267
2015-12-31,Mettur,41.459,55.003
2016-01-01,Mettur,50.742,54.738
2016-01-02,Mettur,41.473,32.489
2016-01-03,Mettur,39.76,25.427
2016-01-04,Mettur,42.658,22.601
2016-01-05,Mettur,40.873,18.717
2016-01-06,Mettur,41.173,15.185
2016-01-07,Mettur,41.527,13.42
2016-01-08,Mettur,41.134,24.014
2016-01-09,Mettur,40.438,35.668
2016-01-10,Mettur,26.6,40.612
2016-01-11,Mettur,28.916,14.832
2016-01-12,Mettur,28.058,12.36
2016-01-13,Mettur,29.604,14.426
2016-01-14,Mettur,28.936,16.492
2016-01-15,Mettur,34.19,18.558
2016-01-16,Mettur,52.149,20.624
2016-01-17,Mettur,57.08,22.69
2016-01-18,Mettur,41.743,24.756
2016-01-19,Mettur,55.883,26.821
2016-01-20,Mettur,51.513,28.887
2016-01-21,Mettur,42.113,30.953
2016-01-22,Mettur,41.731,33.019
2016-01-23,Mettur,43.081,35.085
2016-01-24,Mettur,44.19,37.151
2016-01-25,Mettur,44.376,39.217
2016-01-26,Mettur,44.94,41.283
2016-01-27,Mettur,35.35,43.349
2016-01-28,Mettur,34.85,45.415
2016-01-29,Mettur,33.977,47.481
2016-01-30,Mettur,28.981,49.546
2016-01-31,Mettur,22.04,51.612
2016-02-01,Mettur,23.219,53.678
2016-02-02,Mettur,24.397,32.489
2016-02-03,Mettur,25.576,25.427
2016-02-04,Mettur,26.754,22.248
2016-02-05,Mettur,27.933,18.364
2016-02-06,Mettur,29.111,15.185
2016-02-07,Mettur,30.29,13.42
2016-02-08,Mettur,35.121,24.014
2016-02-09,Mettur,33.793,36.374
2016-02-10,Mettur,27.658,39.552
2016-02-11,Mettur,14.761,14.479
2016-02-12,Mettur,14.798,12.36
2016-02-13,Mettur,20.109,14.597
2016-02-14,Mettur,13.29,16.833
2016-02-15,Mettur,14.852,19.07
2016-02-16,Mettur,16.772,21.307
2016-02-17,Mettur,15.515,23.543
2016-02-18,Mettur,15.322,25.78
2016-02-19,Mettur,13.167,28.016
2016-02-20,Mettur,9.195,30.253
2016-02-21,Mettur,13.29,32.489
2016-02-22,Mettur,8.954,34.726
2016-02-23,Mettur,9.045,36.963
2016-02-24,Mettur,9.051,39.199
2016-02-25,Mettur,9.106,41.436
2016-02-26,Mettur,8.118,43.672
2016-02-27,Mettur,8.103,45.909
2016-02-28,Mettur,48.84,48.146
2016-02-29,Mettur,37.215,50.382
2016-03-01,Mettur,36.416,52.619
2016-03-02,Mettur,40.321,32.489
2016-03-03,Mettur,30.239,25.427
2016-03-04,Mettur,25.735,22.248
2016-03-05,Mettur,25.546,18.364
2016-03-06,Mettur,18.89,15.185
2016-03-07,Mettur,20.759,13.42
2016-03-08,Mettur,20.344,24.367
2016-03-09,Mettur,19.526,37.08
2016-03-10,Mettur,23.341,38.493
2016-03-11,Mettur,19.269,14.479
2016-03-12,Mettur,20.723,12.36
2016-03-13,Mettur,15.97,14.302
2016-03-14,Mettur,18.089,16.245
2016-03-15,Mettur,18.327,18.187
2016-03-16,Mettur,19.086,20.129
2016-03-17,Mettur,20.615,22.072
2016-03-18,Mettur,18.849,24.014
2016-03-19,Mettur,9.233,25.956
2016-03-20,Mettur,19.92,27.899
2016-03-21,Mettur,9.364,29.841
2016-03-22,Mettur,19.191,31.783
2016-03-23,Mettur,9.53,33.726
2016-03-24,Mettur,12.219,35.668
2016-03-25,Mettur,15.97,37.61
2016-03-26,Mettur,15.332,39.552
2016-03-27,Mettur,15.97,41.495
2016-03-28,Mettur,16.152,43.437
2016-03-29,Mettur,16.458,45.379
2016-03-30,Mettur,12.052,47.322
2016-03-31,Mettur,9.285,49.264
2016-04-01,Mettur,14.22,51.206
2016-04-02,Mettur,13.574,32.136
2016-04-03,Mettur,10.84,25.427
2016-04-04,Mettur,8.391,22.248
2016-04-05,Mettur,6.57,18.01
2016-04-06,Mettur,8.012,14.832
2016-04-07,Mettur,6.333,13.42
2016-04-08,Mettur,5.469,24.72
2016-04-09,Mettur,6.496,37.434
2016-04-10,Mettur,10.84,37.434
2016-04-11,Mettur,7.916,14.126
2016-04-12,Mettur,7.774,12.36
2016-04-13,Mettur,8.245,14.349
2016-04-14,Mettur,6.65,16.338
2016-04-15,Mettur,50.448,18.326
2016-04-16,Mettur,33.813,20.315
2016-04-17,Mettur,30.29,22.304
2016-04-18,Mettur,15.94,24.293
2016-04-19,Mettur,10.84,26.282
2016-04-20,Mettur,18.853,28.27
2016-04-21,Mettur,14.91,30.259
2016-04-22,Mettur,8.601,32.248
2016-04-23,Mettur,23.969,34.237
2016-04-24,Mettur,12.44,36.225
2016-04-25,Mettur,11.275,38.214
2016-04-26,Mettur,8.818,40.203
2016-04-27,Mettur,6.249,42.192
2016-04-28,Mettur,11.514,44.181
2016-04-29,Mettur,16.611,46.169
2016-04-30,Mettur,17.458,48.158
2016-05-01,Mettur,16.92,50.147
2016-05-02,Mettur,17.979,32.136
2016-05-03,Mettur,19.087,25.427
2016-05-04,Mettur,9.646,22.248
2016-05-05,Mettur,16.409,18.01
2016-05-06,Mettur,14.413,14.832
2016-05-07,Mettur,12.68,13.773
2016-05-08,Mettur,19.92,25.073
2016-05-09,Mettur,12.864,37.787
2016-05-10,Mettur,38.219,36.727
2016-05-11,Mettur,34.33,14.126
2016-05-12,Mettur,22.977,12.007
2016-05-13,Mettur,18.408,13.843
2016-05-14,Mettur,13.069,15.68
2016-05-15,Mettur,19.92,17.516
2016-05-16,Mettur,12.663,19.352
2016-05-17,Mettur,10.29,21.189
2016-05-18,Mettur,8.493,23.025
2016-05-19,Mettur,12.59,24.862
2016-05-20,Mettur,11.34,26.698
2016-05-21,Mettur,22.04,28.534
2016-05-22,Mettur,36.92,30.371
2016-05-23,Mettur,40.455,32.207
2016-05-24,Mettur,40.183,34.043
2016-05-25,Mettur,33.665,35.88
2016-05-26,Mettur,13.797,37.716
2016-05-27,Mettur,12.528,39.552
2016-05-28,Mettur,14.115,41.389
2016-05-29,Mettur,16.92,43.225
2016-05-30,Mettur,14.204,45.062
2016-05-31,Mettur,10.947,46.898
2016-06-01,Mettur,10.375,48.734
2016-06-02,Mettur,9.644,31.783
2016-06-03,Mettur,5.452,25.427
2016-06-04,Mettur,37.269,21.895
2016-06-05,Mettur,42.034,17.657
2016-06-06,Mettur,46.798,14.832
2016-06-07,Mettur,28.871,13.773
2016-06-08,Mettur,16.144,25.427
2016-06-09,Mettur,15.622,37.787
2016-06-10,Mettur,13.686,36.021
2016-06-11,Mettur,10.967,13.773
2016-06-12,Mettur,10.926,12.007
2016-06-13,Mettur,10.884,13.866
2016-06-14,Mettur,10.198,15.724
2016-06-15,Mettur,9.657,17.583
2016-06-16,Mettur,8.112,19.442
2016-06-17,Mettur,8.091,21.3
2016-06-18,Mettur,36.345,23.159
2016-06-19,Mettur,50.07,25.018
2016-06-20,Mettur,63.794,26.876
2016-06-21,Mettur,74.134,28.735
2016-06-22,Mettur,51.663,30.594
2016-06-23,Mettur,53.964,32.452
2016-06-24,Mettur,51.799,34.311
2016-06-25,Mettur,47.619,36.17
2016-06-26,Mettur,48.637,38.028
2016-06-27,Mettur,49.655,39.887
2016-06-28,Mettur,46.374,41.746
2016-06-29,Mettur,33.564,43.604
2016-06-30,Mettur,18.44,45.463
2016-07-01,Mettur,61.3,47.322
2016-07-02,Mettur,49.469,31.43
2016-07-03,Mettur,51.18,25.427
2016-07-04,Mettur,52.89,21.895
2016-07-05,Mettur,124.34,17.657
2016-07-06,Mettur,103.155,14.479
2016-07-07,Mettur,114.941,14.126
2016-07-08,Mettur,126.727,25.427
2016-07-09,Mettur,148.074,38.14
2016-07-10,Mettur,149.285,35.315
2016-07-11,Mettur,150.496,13.42
2016-07-12,Mettur,166.176,12.007
2016-07-13,Mettur,172.16,13.702
2016-07-14,Mettur,140.611,15.397
2016-07-15,Mettur,257.292,17.092
2016-07-16,Mettur,402.437,18.787
2016-07-17,Mettur,337.642,20.483
2016-07-18,Mettur,272.847,22.178
2016-07-19,Mettur,256.429,23.873
2016-07-20,Mettur,250.54,25.568
2016-07-21,Mettur,199.889,27.263
2016-07-22,Mettur,162.143,28.958
2016-07-23,Mettur,174.402,30.653
2016-07-24,Mettur,169.865,32.348
2016-07-25,Mettur,165.328,34.043
2016-07-26,Mettur,176.496,35.738
2016-07-27,Mettur,164.667,37.434
2016-07-28,Mettur,170.986,39.129
2016-07-29,Mettur,184.517,40.824
2016-07-30,Mettur,206.607,42.519
2016-07-31,Mettur,180.79,44.214
2016-08-01,Mettur,154.973,45.909
2016-08-02,Mettur,133.43,30.724
2016-08-03,Mettur,122.764,25.427
2016-08-04,Mettur,104.881,21.895
2016-08-05,Mettur,86.428,17.304
2016-08-06,Mettur,73.204,14.479
2016-08-07,Mettur,81.142,14.479
2016-08-08,Mettur,89.081,25.78
2016-08-09,Mettur,117.799,38.14
2016-08-10,Mettur,89.156,34.255
2016-08-11,Mettur,86.618,13.42
2016-08-12,Mettur,102.069,12.007
2016-08-13,Mettur,90.098,13.631
2016-08-14,Mettur,97.503,15.256
2016-08-15,Mettur,104.907,16.88
2016-08-16,Mettur,112.312,18.505
2016-08-17,Mettur,130.563,20.129
2016-08-18,Mettur,127.114,21.754
2016-08-19,Mettur,135.664,23.378
2016-08-20,Mettur,153.666,25.003
2016-08-21,Mettur,214.72,26.627
2016-08-22,Mettur,275.773,28.252
2016-08-23,Mettur,270.021,29.876
2016-08-24,Mettur,263.243,31.501
2016-08-25,Mettur,277.532,33.125
2016-08-26,Mettur,215.649,34.75
2016-08-27,Mettur,195.731,36.374
2016-08-28,Mettur,202.674,37.999
2016-08-29,Mettur,209.618,39.623
2016-08-30,Mettur,205.911,41.248
2016-08-31,Mettur,210.143,42.872
2016-09-01,Mettur,396.826,44.496
2016-09-02,Mettur,216.927,30.371
2016-09-03,Mettur,152.175,25.427
2016-09-04,Mettur,135.001,21.895
2016-09-05,Mettur,117.827,17.304
2016-09-06,Mettur,100.653,14.479
2016-09-07,Mettur,92.115,14.479
2016-09-08,Mettur,95.513,25.78
2016-09-09,Mettur,433.967,38.846
2016-09-10,Mettur,470.15,33.549
2016-09-11,Mettur,459.1,13.066
2016-09-12,Mettur,463.363,12.007
2016-09-13,Mettur,463.618,13.661
2016-09-14,Mettur,399.201,15.315
2016-09-15,Mettur,398.544,16.97
2016-09-16,Mettur,352.273,18.624
2016-09-17,Mettur,337.871,20.278
2016-09-18,Mettur,333.51,21.932
2016-09-19,Mettur,290.423,23.586
2016-09-20,Mettur,272.687,25.241
2016-09-21,Mettur,189.82,26.895
2016-09-22,Mettur,77.933,28.549
2016-09-23,Mettur,77.361,30.203
2016-09-24,Mettur,46.314,31.858
2016-09-25,Mettur,37.686,33.512
2016-09-26,Mettur,38.42,35.166
2016-09-27,Mettur,31.436,36.82
2016-09-28,Mettur,38.605,38.474
2016-09-29,Mettur,40.491,40.129
2016-09-30,Mettur,38.343,41.783
2016-10-01,Mettur,38.15,43.437
2016-10-02,Mettur,34.311,30.017
2016-10-03,Mettur,40.971,25.073
2016-10-04,Mettur,38.299,21.542
2016-10-05,Mettur,43.719,17.304
2016-10-06,Mettur,29.235,14.479
2016-10-07,Mettur,22.945,14.832
2016-10-08,Mettur,113.917,26.133
2016-10-09,Mettur,171.516,39.906
2016-10-10,Mettur,258.517,32.843
2016-10-11,Mettur,315.364,13.066
2016-10-12,Mettur,250.206,12.007
2016-10-13,Mettur,171.391,13.508
2016-10-14,Mettur,136.645,15.009
2016-10-15,Mettur,256.879,16.51
2016-10-16,Mettur,111.048,18.01
2016-10-17,Mettur,72.69,19.511
2016-10-18,Mettur,61.08,21.012
2016-10-19,Mettur,39.532,22.513
2016-10-20,Mettur,48.245,24.014
2016-10-21,Mettur,41.774,25.515
2016-10-22,Mettur,36.901,27.016
2016-10-23,Mettur,30.371,28.517
2016-10-24,Mettur,17.865,30.017
2016-10-25,Mettur,21.586,31.518
2016-10-26,Mettur,15.335,33.019
2016-10-27,Mettur,14.747,34.52
2016-10-28,Mettur,14.94,36.021
2016-10-29,Mettur,23.435,37.522
2016-10-30,Mettur,31.93,39.023
2016-10-31,Mettur,40.425,40.524
2016-11-01,Mettur,67.6,42.024
2016-11-02,Mettur,44.147,29.664
2016-11-03,Mettur,43.56,25.073
2016-11-04,Mettur,37.613,21.542
2016-11-05,Mettur,29.324,16.951
2016-11-06,Mettur,30.322,14.126
2016-11-07,Mettur,34.577,15.185
2016-11-08,Mettur,30.382,26.486
2016-11-09,Mettur,30.364,41.318
2016-11-10,Mettur,29.258,32.489
2016-11-11,Mettur,27.521,12.713
2016-11-12,Mettur,27.117,11.654
2016-11-13,Mettur,26.389,13.197
2016-11-14,Mettur,28.154,14.739
2016-11-15,Mettur,34.756,16.282
2016-11-16,Mettur,67.185,17.825
2016-11-17,Mettur,70.574,19.367
2016-11-18,Mettur,71.308,20.91
2016-11-19,Mettur,67.183,22.453
2016-11-20,Mettur,48.316,23.995
2016-11-21,Mettur,29.448,25.538
2016-11-22,Mettur,29.276,27.081
2016-11-23,Mettur,22.204,28.623
2016-11-24,Mettur,22.545,30.166
2016-11-25,Mettur,19.019,31.709
2016-11-26,Mettur,15.804,33.252
2016-11-27,Mettur,15.97,34.794
2016-11-28,Mettur,23.227,36.337
2016-11-29,Mettur,29.448,37.88
2016-11-30,Mettur,26.443,39.422
2016-12-01,Mettur,27.279,40.965
2016-12-02,Mettur,29.291,29.311
2016-12-03,Mettur,28.043,25.073
2016-12-04,Mettur,29.142,21.542
2016-12-05,Mettur,34.447,16.951
2016-12-06,Mettur,16.55,14.126
2016-12-07,Mettur,17.02,15.538
2016-12-08,Mettur,15.2,26.486
2016-12-09,Mettur,10.88,42.378
2016-12-10,Mettur,8.413,32.136
2016-12-11,Mettur,7.953,12.713
2016-12-12,Mettur,7.532,11.654
2016-12-13,Mettur,8.359,11.601
2016-12-14,Mettur,8.89,11.548
2016-12-15,Mettur,13.01,11.495
2016-12-16,Mettur,32.312,11.442
2016-12-17,Mettur,37.318,11.389
2016-12-18,Mettur,42.114,11.336
2016-12-19,Mettur,35.004,11.283
2016-12-20,Mettur,29.212,11.23
2016-12-21,Mettur,27.472,11.177
2016-12-22,Mettur,29.539,11.124
2016-12-23,Mettur,25.881,11.071
2016-12-24,Mettur,25.473,11.018
2016-12-25,Mettur,13.05,10.965
2016-12-26,Mettur,17.35,10.912
2016-12-27,Mettur,13.3,10.859
2016-12-28,Mettur,11.09,10.806
2016-12-29,Mettur,12.1,10.753
2016-12-30,Mettur,14.81,10.7
2016-12-31,Mettur,11.015,10.647
2017-01-01,Mettur,10.644,10.594
2017-01-02,Mettur,14.229,9.182
2017-01-03,Mettur,8.216,8.122
2017-01-04,Mettur,10.394,6.71
2017-01-05,Mettur,10.171,4.944
2017-01-06,Mettur,8.365,5.297
2017-01-07,Mettur,6.559,4.591
2017-01-08,Mettur,7.645,9.888
2017-01-09,Mettur,10.481,24.014
2017-01-10,Mettur,10.371,57.21
2017-01-11,Mettur,8.327,46.969
2017-01-12,Mettur,7.207,38.14
2017-01-13,Mettur,7.283,36.763
2017-01-14,Mettur,7.695,35.385
2017-01-15,Mettur,8.107,34.008
2017-01-16,Mettur,8.563,32.631
2017-01-17,Mettur,6.532,31.253
2017-01-18,Mettur,6.613,29.876
2017-01-19,Mettur,7.429,28.499
2017-01-20,Mettur,7.455,27.122
2017-01-21,Mettur,8.908,25.744
2017-01-22,Mettur,7.421,24.367
2017-01-23,Mettur,5.845,22.99
2017-01-24,Mettur,5.758,21.613
2017-01-25,Mettur,4.765,20.235
2017-01-26,Mettur,4.598,18.858
2017-01-27,Mettur,4.43,17.481
2017-01-28,Mettur,4.128,16.103
2017-01-29,Mettur,3.146,14.726
2017-01-30,Mettur,5.529,13.349
2017-01-31,Mettur,4.268,11.972
2017-02-01,Mettur,3.95,10.594
2017-02-02,Mettur,4.074,0.0
2017-02-03,Mettur,4.261,8.122
2017-02-04,Mettur,3.958,6.357
2017-02-05,Mettur,3.921,4.944
2017-02-06,Mettur,4.084,5.297
2017-02-07,Mettur,4.084,4.238
2017-02-08,Mettur,3.861,10.241
2017-02-09,Mettur,3.791,25.073
2017-02-10,Mettur,3.654,58.269
2017-02-11,Mettur,3.513,46.969
2017-02-12,Mettur,3.51,38.493
2017-02-13,Mettur,3.277,36.852
2017-02-14,Mettur,3.51,35.211
2017-02-15,Mettur,3.239,33.57
2017-02-16,Mettur,4.139,31.929
2017-02-17,Mettur,4.027,30.288
2017-02-18,Mettur,3.99,28.646
2017-02-19,Mettur,3.862,27.005
2017-02-20,Mettur,3.774,25.364
2017-02-21,Mettur,3.78,23.723
2017-02-22,Mettur,3.6,22.082
2017-02-23,Mettur,3.235,20.441
2017-02-24,Mettur,3.231,18.8
2017-02-25,Mettur,3.227,17.159
2017-02-26,Mettur,2.735,15.518
2017-02-27,Mettur,2.735,13.877
2017-02-28,Mettur,1.253,12.235
2017-03-01,Mettur,1.868,10.594
2017-03-02,Mettur,1.683,9.182
2017-03-03,Mettur,1.869,8.122
2017-03-04,Mettur,1.86,6.357
2017-03-05,Mettur,1.646,4.944
2017-03-06,Mettur,1.433,5.297
2017-03-07,Mettur,1.668,4.238
2017-03-08,Mettur,2.849,10.594
2017-03-09,Mettur,1.768,26.486
2017-03-10,Mettur,1.78,58.622
2017-03-11,Mettur,1.968,46.969
2017-03-12,Mettur,8.382,38.846
2017-03-13,Mettur,11.02,37.416
2017-03-14,Mettur,7.68,35.986
2017-03-15,Mettur,7.747,34.555
2017-03-16,Mettur,6.756,33.125
2017-03-17,Mettur,6.179,31.695
2017-03-18,Mettur,4.219,30.265
2017-03-19,Mettur,3.834,28.834
2017-03-20,Mettur,3.834,27.404
2017-03-21,Mettur,3.53,25.974
2017-03-22,Mettur,3.249,24.544
2017-03-23,Mettur,3.576,23.113
2017-03-24,Mettur,3.881,21.683
2017-03-25,Mettur,3.284,20.253
2017-03-26,Mettur,2.968,18.823
2017-03-27,Mettur,2.652,17.392
2017-03-28,Mettur,2.307,15.962
2017-03-29,Mettur,2.257,14.532
2017-03-30,Mettur,1.933,13.102
2017-03-31,Mettur,1.68,11.671
2017-04-01,Mettur,1.646,10.241
2017-04-02,Mettur,1.713,9.182
2017-04-03,Mettur,1.78,7.769
2017-04-04,Mettur,1.785,6.357
2017-04-05,Mettur,1.778,4.944
2017-04-06,Mettur,1.253,5.297
2017-04-07,Mettur,1.329,4.238
2017-04-08,Mettur,1.343,11.301
2017-04-09,Mettur,1.18,28.252
2017-04-10,Mettur,1.018,58.269
2017-04-11,Mettur,1.004,46.969
2017-04-12,Mettur,1.012,39.199
2017-04-13,Mettur,0.96,37.675
2017-04-14,Mettur,1.128,36.151
2017-04-15,Mettur,1.296,34.627
2017-04-16,Mettur,1.074,33.103
2017-04-17,Mettur,0.853,31.579
2017-04-18,Mettur,0.856,30.055
2017-04-19,Mettur,0.667,28.531
2017-04-20,Mettur,0.686,27.006
2017-04-21,Mettur,0.556,25.482
2017-04-22,Mettur,1.842,23.958
2017-04-23,Mettur,1.717,22.434
2017-04-24,Mettur,1.592,20.91
2017-04-25,Mettur,1.94,19.386
2017-04-26,Mettur,2.644,17.862
2017-04-27,Mettur,2.14,16.338
2017-04-28,Mettur,2.633,14.814
2017-04-29,Mettur,2.152,13.289
2017-04-30,Mettur,2.286,11.765
2017-05-01,Mettur,2.421,10.241
2017-05-02,Mettur,1.889,9.182
2017-05-03,Mettur,2.647,7.769
2017-05-04,Mettur,2.142,6.357
2017-05-05,Mettur,1.894,4.944
2017-05-06,Mettur,2.145,5.297
2017-05-07,Mettur,2.673,4.238
2017-05-08,Mettur,3.2,11.654
2017-05-09,Mettur,3.158,29.664
2017-05-10,Mettur,3.346,57.916
2017-05-11,Mettur,3.534,46.969
2017-05-12,Mettur,3.535,39.552
2017-05-13,Mettur,3.89,38.087
2017-05-14,Mettur,3.55,36.621
2017-05-15,Mettur,3.209,35.156
2017-05-16,Mettur,2.736,33.69
2017-05-17,Mettur,2.925,32.225
2017-05-18,Mettur,2.201,30.759
2017-05-19,Mettur,2.243,29.294
2017-05-20,Mettur,9.807,27.828
2017-05-21,Mettur,9.524,26.362
2017-05-22,Mettur,9.24,24.897
2017-05-23,Mettur,7.568,23.431
2017-05-24,Mettur,31.061,21.966
2017-05-25,Mettur,29.543,20.5
2017-05-26,Mettur,40.986,19.035
2017-05-27,Mettur,55.169,17.569
2017-05-28,Mettur,43.315,16.103
2017-05-29,Mettur,43.315,14.638
2017-05-30,Mettur,31.24,13.172
2017-05-31,Mettur,30.06,11.707
2017-06-01,Mettur,34.475,10.241
2017-06-02,Mettur,27.715,9.182
2017-06-03,Mettur,19.332,7.769
2017-06-04,Mettur,12.992,6.357
2017-06-05,Mettur,6.651,4.591
2017-06-06,Mettur,5.609,5.297
2017-06-07,Mettur,6.671,4.238
2017-06-08,Mettur,6.719,12.007
2017-06-09,Mettur,4.35,30.724
2017-06-10,Mettur,4.837,57.916
2017-06-11,Mettur,25.853,47.322
2017-06-12,Mettur,7.582,40.259
2017-06-13,Mettur,6.355,38.679
2017-06-14,Mettur,5.015,37.099
2017-06-15,Mettur,5.698,35.519
2017-06-16,Mettur,5.161,33.939
2017-06-17,Mettur,7.201,32.359
2017-06-18,Mettur,4.196,30.78
2017-06-19,Mettur,10.833,29.2
2017-06-20,Mettur,11.193,27.62
2017-06-21,Mettur,7.867,26.04
2017-06-22,Mettur,7.245,24.46
2017-06-23,Mettur,7.527,22.88
2017-06-24,Mettur,5.113,21.3
2017-06-25,Mettur,4.035,19.72
2017-06-26,Mettur,3.827,18.141
2017-06-27,Mettur,3.768,16.561
2017-06-28,Mettur,3.733,14.981
2017-06-29,Mettur,3.648,13.401
2017-06-30,Mettur,3.765,11.821
2017-07-01,Mettur,3.726,10.241
2017-07-02,Mettur,3.308,9.182
2017-07-03,Mettur,3.685,7.769
2017-07-04,Mettur,3.692,6.357
2017-07-05,Mettur,3.381,4.591
2017-07-06,Mettur,3.27,5.297
2017-07-07,Mettur,34.747,4.238
2017-07-08,Mettur,64.431,12.007
2017-07-09,Mettur,64.498,31.783
2017-07-10,Mettur,79.036,58.622
2017-07-11,Mettur,69.584,46.969
2017-07-12,Mettur,74.612,40.259
2017-07-13,Mettur,75.334,38.758
2017-07-14,Mettur,52.519,37.257
2017-07-15,Mettur,52.952,35.756
2017-07-16,Mettur,45.338,34.255
2017-07-17,Mettur,50.61,32.754
2017-07-18,Mettur,42.512,31.253
2017-07-19,Mettur,43.951,29.753
2017-07-20,Mettur,32.771,28.252
2017-07-21,Mettur,66.114,26.751
2017-07-22,Mettur,81.011,25.25
2017-07-23,Mettur,61.329,23.749
2017-07-24,Mettur,57.133,22.248
2017-07-25,Mettur,150.88,20.747
2017-07-26,Mettur,173.277,19.246
2017-07-27,Mettur,191.587,17.746
2017-07-28,Mettur,175.264,16.245
2017-07-29,Mettur,214.654,14.744
2017-07-30,Mettur,190.57,13.243
2017-07-31,Mettur,200.598,11.742
2017-08-01,Mettur,207.004,10.241
2017-08-02,Mettur,211.027,9.182
2017-08-03,Mettur,202.787,7.769
2017-08-04,Mettur,204.658,6.357
2017-08-05,Mettur,175.792,4.591
2017-08-06,Mettur,175.9,5.297
2017-08-07,Mettur,212.377,4.238
2017-08-08,Mettur,200.843,12.36
2017-08-09,Mettur,207.434,33.902
2017-08-10,Mettur,255.93,58.975
2017-08-11,Mettur,251.536,47.322
2017-08-12,Mettur,183.176,40.612
2017-08-13,Mettur,164.953,39.076
2017-08-14,Mettur,152.46,37.539
2017-08-15,Mettur,301.176,36.003
2017-08-16,Mettur,449.892,34.467
2017-08-17,Mettur,380.875,32.931
2017-08-18,Mettur,250.431,31.395
2017-08-19,Mettur,173.878,29.859
2017-08-20,Mettur,112.744,28.322
2017-08-21,Mettur,140.543,26.786
2017-08-22,Mettur,99.302,25.25
2017-08-23,Mettur,92.863,23.714
2017-08-24,Mettur,174.07,22.178
2017-08-25,Mettur,189.35,20.641
2017-08-26,Mettur,204.631,19.105
2017-08-27,Mettur,206.812,17.569
2017-08-28,Mettur,188.87,16.033
2017-08-29,Mettur,178.436,14.497
2017-08-30,Mettur,175.758,12.96
2017-08-31,Mettur,202.971,11.424
2017-09-01,Mettur,359.213,9.888
2017-09-02,Mettur,458.222,8.829
2017-09-03,Mettur,557.23,7.769
2017-09-04,Mettur,418.379,6.003
2017-09-05,Mettur,354.419,4.591
2017-09-06,Mettur,444.641,5.297
2017-09-07,Mettur,705.871,4.238
2017-09-08,Mettur,360.29,12.36
2017-09-09,Mettur,420.517,31.43
2017-09-10,Mettur,255.855,59.682
2017-09-11,Mettur,574.025,47.322
2017-09-12,Mettur,269.005,40.965
2017-09-13,Mettur,222.573,39.329
2017-09-14,Mettur,259.377,37.694
2017-09-15,Mettur,209.629,36.058
2017-09-16,Mettur,209.95,34.423
2017-09-17,Mettur,188.571,32.787
2017-09-18,Mettur,189.535,31.151
2017-09-19,Mettur,164.745,29.516
2017-09-20,Mettur,179.253,27.88
2017-09-21,Mettur,340.632,26.244
2017-09-22,Mettur,393.524,24.609
2017-09-23,Mettur,254.657,22.973
2017-09-24,Mettur,313.771,21.337
2017-09-25,Mettur,337.306,19.702
2017-09-26,Mettur,499.277,18.066
2017-09-27,Mettur,830.323,16.431
2017-09-28,Mettur,1333.0,14.795
2017-09-29,Mettur,975.448,13.159
2017-09-30,Mettur,540.499,11.524
2017-10-01,Mettur,480.738,9.888
2017-10-02,Mettur,387.417,8.829
2017-10-03,Mettur,358.6,7.769
2017-10-04,Mettur,307.737,6.003
2017-10-05,Mettur,323.57,4.591
2017-10-06,Mettur,756.45,5.297
2017-10-07,Mettur,668.627,4.591
2017-10-08,Mettur,663.292,12.36
2017-10-09,Mettur,696.485,33.902
2017-10-10,Mettur,406.635,60.035
2017-10-11,Mettur,500.284,47.322
2017-10-12,Mettur,611.413,40.965
2017-10-13,Mettur,500.719,39.411
2017-10-14,Mettur,646.601,37.857
2017-10-15,Mettur,721.139,36.303
2017-10-16,Mettur,534.212,34.75
2017-10-17,Mettur,306.95,33.196
2017-10-18,Mettur,245.115,31.642
2017-10-19,Mettur,183.28,30.088
2017-10-20,Mettur,147.272,28.534
2017-10-21,Mettur,128.798,26.98
2017-10-22,Mettur,148.581,25.427
2017-10-23,Mettur,117.101,23.873
2017-10-24,Mettur,78.525,22.319
2017-10-25,Mettur,94.481,20.765
2017-10-26,Mettur,86.011,19.211
2017-10-27,Mettur,77.541,17.657
2017-10-28,Mettur,72.766,16.103
2017-10-29,Mettur,117.73,14.55
2017-10-30,Mettur,162.694,12.996
2017-10-31,Mettur,132.972,11.442
2017-11-01,Mettur,104.781,9.888
2017-11-02,Mettur,100.115,8.829
2017-11-03,Mettur,102.862,7.416
2017-11-04,Mettur,103.504,6.003
2017-11-05,Mettur,99.04,4.591
2017-11-06,Mettur,94.575,5.297
2017-11-07,Mettur,116.66,4.591
2017-11-08,Mettur,121.441,12.713
2017-11-09,Mettur,124.473,33.902
2017-11-10,Mettur,138.191,60.388
2017-11-11,Mettur,97.797,47.322
2017-11-12,Mettur,87.542,41.318
2017-11-13,Mettur,77.287,39.664
2017-11-14,Mettur,68.725,38.01
2017-11-15,Mettur,76.455,36.356
2017-11-16,Mettur,77.097,34.701
2017-11-17,Mettur,68.619,33.047
2017-11-18,Mettur,78.451,31.393
2017-11-19,Mettur,70.46,29.739
2017-11-20,Mettur,62.469,28.084
2017-11-21,Mettur,53.349,26.43
2017-11-22,Mettur,60.625,24.776
2017-11-23,Mettur,59.503,23.122
2017-11-24,Mettur,68.556,21.468
2017-11-25,Mettur,68.458,19.813
2017-11-26,Mettur,74.858,18.159
2017-11-27,Mettur,81.259,16.505
2017-11-28,Mettur,74.132,14.851
2017-11-29,Mettur,81.344,13.197
2017-11-30,Mettur,81.64,11.542
2017-12-01,Mettur,83.127,9.888
2017-12-02,Mettur,122.445,8.829
2017-12-03,Mettur,161.764,7.416
2017-12-04,Mettur,201.082,6.003
2017-12-05,Mettur,173.821,4.591
2017-12-06,Mettur,99.516,5.297
2017-12-07,Mettur,77.608,4.944
2017-12-08,Mettur,94.614,12.713
2017-12-09,Mettur,68.535,31.43
2017-12-10,Mettur,69.82,61.448
2017-12-11,Mettur,71.105,47.322
2017-12-12,Mettur,48.686,41.318
2017-12-13,Mettur,66.423,40.63
2017-12-14,Mettur,51.851,39.941
2017-12-15,Mettur,58.006,39.252
2017-12-16,Mettur,45.793,38.564
2017-12-17,Mettur,45.911,37.875
2017-12-18,Mettur,46.029,37.186
2017-12-19,Mettur,35.879,36.498
2017-12-20,Mettur,45.519,35.809
2017-12-21,Mettur,29.733,35.12
2017-12-22,Mettur,39.334,34.432
2017-12-23,Mettur,37.148,33.743
2017-12-24,Mettur,40.908,33.055
2017-12-25,Mettur,44.669,32.366
2017-12-26,Mettur,48.429,31.677
2017-12-27,Mettur,43.022,30.989
2017-12-28,Mettur,55.397,30.3
2017-12-29,Mettur,46.473,29.611
2017-12-30,Mettur,66.469,28.923
2017-12-31,Mettur,57.515,28.234
2018-01-01,Mettur,48.562,27.545
2018-01-02,Mettur,50.414,14.126
2018-01-03,Mettur,48.651,12.713
2018-01-04,Mettur,43.081,10.948
2018-01-05,Mettur,48.442,9.535
2018-01-06,Mettur,42.564,10.948
2018-01-07,Mettur,39.259,23.308
2018-01-08,Mettur,35.954,93.584
2018-01-09,Mettur,31.913,93.584
2018-01-10,Mettur,27.061,70.276
2018-01-11,Mettur,24.454,62.507
2018-01-12,Mettur,24.914,69.57
2018-01-13,Mettur,27.925,67.433
2018-01-14,Mettur,26.899,65.297
2018-01-15,Mettur,25.873,63.16
2018-01-16,Mettur,24.847,61.024
2018-01-17,Mettur,16.409,58.887
2018-01-18,Mettur,18.137,56.751
2018-01-19,Mettur,21.733,54.614
2018-01-20,Mettur,16.109,52.478
2018-01-21,Mettur,13.423,50.341
2018-01-22,Mettur,10.736,48.205
2018-01-23,Mettur,21.211,46.068
2018-01-24,Mettur,21.373,43.931
2018-01-25,Mettur,30.323,41.795
2018-01-26,Mettur,26.622,39.658
2018-01-27,Mettur,22.921,37.522
2018-01-28,Mettur,20.876,35.385
2018-01-29,Mettur,18.832,33.249
2018-01-30,Mettur,14.733,31.112
2018-01-31,Mettur,18.013,28.976
2018-02-01,Mettur,11.596,26.839
2018-02-02,Mettur,9.97,14.126
2018-02-03,Mettur,10.232,12.713
2018-02-04,Mettur,10.144,10.594
2018-02-05,Mettur,10.057,9.535
2018-02-06,Mettur,9.751,10.948
2018-02-07,Mettur,9.446,25.073
2018-02-08,Mettur,9.14,93.584
2018-02-09,Mettur,7.712,93.584
2018-02-10,Mettur,6.423,69.57
2018-02-11,Mettur,6.362,62.154
2018-02-12,Mettur,6.301,69.923
2018-02-13,Mettur,8.209,67.326
2018-02-14,Mettur,6.87,64.73
2018-02-15,Mettur,6.266,62.133
2018-02-16,Mettur,5.61,59.536
2018-02-17,Mettur,5.464,56.94
2018-02-18,Mettur,5.586,54.343
2018-02-19,Mettur,5.709,51.746
2018-02-20,Mettur,33.644,49.15
2018-02-21,Mettur,19.692,46.553
2018-02-22,Mettur,14.981,43.956
2018-02-23,Mettur,18.281,41.36
2018-02-24,Mettur,18.507,38.763
2018-02-25,Mettur,19.871,36.166
2018-02-26,Mettur,21.235,33.57
2018-02-27,Mettur,26.693,30.973
2018-02-28,Mettur,24.913,28.376
2018-03-01,Mettur,19.719,25.78
2018-03-02,Mettur,9.758,14.126
2018-03-03,Mettur,10.719,12.713
2018-03-04,Mettur,9.67,10.594
2018-03-05,Mettur,8.622,9.535
2018-03-06,Mettur,6.178,11.301
2018-03-07,Mettur,5.808,25.78
2018-03-08,Mettur,5.163,92.878
2018-03-09,Mettur,4.249,93.584
2018-03-10,Mettur,4.525,68.157
2018-03-11,Mettur,4.247,62.86
2018-03-12,Mettur,3.969,69.923
2018-03-13,Mettur,4.071,67.681
2018-03-14,Mettur,4.284,65.438
2018-03-15,Mettur,3.883,63.196
2018-03-16,Mettur,3.936,60.953
2018-03-17,Mettur,6.894,58.711
2018-03-18,Mettur,50.149,56.468
2018-03-19,Mettur,57.555,54.226
2018-03-20,Mettur,55.384,51.983
2018-03-21,Mettur,34.583,49.741
2018-03-22,Mettur,29.483,47.498
2018-03-23,Mettur,24.526,45.256
2018-03-24,Mettur,19.214,43.013
2018-03-25,Mettur,17.024,40.771
2018-03-26,Mettur,14.835,38.528
2018-03-27,Mettur,9.742,36.286
2018-03-28,Mettur,12.006,34.043
2018-03-29,Mettur,12.397,31.801
2018-03-30,Mettur,12.788,29.558
2018-03-31,Mettur,13.179,27.316
2018-04-01,Mettur,15.349,25.073
2018-04-02,Mettur,17.52,14.126
2018-04-03,Mettur,6.496,12.713
2018-04-04,Mettur,5.517,10.594
2018-04-05,Mettur,6.4,9.535
2018-04-06,Mettur,7.386,11.301
2018-04-07,Mettur,6.378,26.133
2018-04-08,Mettur,8.04,92.878
2018-04-09,Mettur,9.702,93.584
2018-04-10,Mettur,9.76,67.098
2018-04-11,Mettur,8.724,62.86
2018-04-12,Mettur,7.787,69.923
2018-04-13,Mettur,7.292,67.507
2018-04-14,Mettur,6.882,65.091
2018-04-15,Mettur,6.09,62.674
2018-04-16,Mettur,5.298,60.258
2018-04-17,Mettur,5.383,57.842
2018-04-18,Mettur,30.553,55.425
2018-04-19,Mettur,24.857,53.009
2018-04-20,Mettur,37.131,50.593
2018-04-21,Mettur,27.41,48.177
2018-04-22,Mettur,21.141,45.76
2018-04-23,Mettur,14.872,43.344
2018-04-24,Mettur,10.973,40.928
2018-04-25,Mettur,9.226,38.512
2018-04-26,Mettur,8.371,36.095
2018-04-27,Mettur,8.15,33.679
2018-04-28,Mettur,7.531,31.263
2018-04-29,Mettur,9.369,28.847
2018-04-30,Mettur,11.206,26.43
2018-05-01,Mettur,13.044,24.014
2018-05-02,Mettur,16.002,14.126
2018-05-03,Mettur,10.743,12.713
2018-05-04,Mettur,34.276,10.594
2018-05-05,Mettur,25.355,9.535
2018-05-06,Mettur,42.75,11.301
2018-05-07,Mettur,60.144,26.486
2018-05-08,Mettur,42.278,92.524
2018-05-09,Mettur,37.424,93.584
2018-05-10,Mettur,24.627,67.098
2018-05-11,Mettur,21.379,63.213
2018-05-12,Mettur,45.463,69.57
2018-05-13,Mettur,41.502,67.257
2018-05-14,Mettur,37.542,64.944
2018-05-15,Mettur,87.248,62.631
2018-05-16,Mettur,59.971,60.317
2018-05-17,Mettur,56.416,58.004
2018-05-18,Mettur,48.696,55.691
2018-05-19,Mettur,42.781,53.378
2018-05-20,Mettur,41.796,51.065
2018-05-21,Mettur,40.812,48.752
2018-05-22,Mettur,35.71,46.439
2018-05-23,Mettur,48.841,44.126
2018-05-24,Mettur,84.814,41.813
2018-05-25,Mettur,55.689,39.499
2018-05-26,Mettur,97.297,37.186
2018-05-27,Mettur,112.476,34.873
2018-05-28,Mettur,127.654,32.56
2018-05-29,Mettur,129.179,30.247
2018-05-30,Mettur,80.824,27.934
2018-05-31,Mettur,55.504,25.621
2018-06-01,Mettur,56.499,23.308
2018-06-02,Mettur,45.726,14.126
2018-06-03,Mettur,42.09,12.713
2018-06-04,Mettur,45.65,10.594
2018-06-05,Mettur,76.134,9.535
2018-06-06,Mettur,64.776,11.654
2018-06-07,Mettur,44.457,26.839
2018-06-08,Mettur,51.137,91.818
2018-06-09,Mettur,49.64,93.584
2018-06-10,Mettur,30.54,67.451
2018-06-11,Mettur,25.34,62.86
2018-06-12,Mettur,29.34,69.57
2018-06-13,Mettur,25.079,67.079
2018-06-14,Mettur,23.12,64.589
2018-06-15,Mettur,23.906,62.098
2018-06-16,Mettur,25.38,59.607
2018-06-17,Mettur,826.5,57.117
2018-06-18,Mettur,626.7,54.626
2018-06-19,Mettur,268.711,52.136
2018-06-20,Mettur,99.22,49.645
2018-06-21,Mettur,73.366,47.154
2018-06-22,Mettur,46.935,44.664
2018-06-23,Mettur,510.974,42.173
2018-06-24,Mettur,390.9,39.683
2018-06-25,Mettur,275.501,37.192
2018-06-26,Mettur,201.054,34.701
2018-06-27,Mettur,78.888,32.211
2018-06-28,Mettur,59.884,29.72
2018-06-29,Mettur,42.941,27.229
2018-06-30,Mettur,382.369,24.739
2018-07-01,Mettur,539.0,22.248
2018-07-02,Mettur,291.9,13.773
2018-07-03,Mettur,204.6,12.713
2018-07-04,Mettur,160.2,10.594
2018-07-05,Mettur,155.2,9.535
2018-07-06,Mettur,160.3,11.654
2018-07-07,Mettur,89.73,27.192
2018-07-08,Mettur,58.8,91.112
2018-07-09,Mettur,160.5,93.231
2018-07-10,Mettur,881.8,67.804
2018-07-11,Mettur,967.2,64.273
2018-07-12,Mettur,1043.3,69.217
2018-07-13,Mettur,1259.5,66.868
2018-07-14,Mettur,1251.8,64.52
2018-07-15,Mettur,1234.0,62.171
2018-07-16,Mettur,2726.8,59.823
2018-07-17,Mettur,3067.6,57.475
2018-07-18,Mettur,3160.5,55.126
2018-07-19,Mettur,2064.9,52.778
2018-07-20,Mettur,2203.1,50.429
2018-07-21,Mettur,1968.3,48.081
2018-07-22,Mettur,1810.0,45.732
2018-07-23,Mettur,2162.9,43.384
2018-07-24,Mettur,2310.9,41.036
2018-07-25,Mettur,2014.673,38.687
2018-07-26,Mettur,1664.903,36.339
2018-07-27,Mettur,2210.234,33.99
2018-07-28,Mettur,1846.693,31.642
2018-07-29,Mettur,720.2,29.294
2018-07-30,Mettur,21.865,26.945
2018-07-31,Mettur,638.8,24.597
2018-08-01,Mettur,444.144,22.248
2018-08-02,Mettur,432.198,14.126
2018-08-03,Mettur,446.538,12.713
2018-08-04,Mettur,491.923,10.594
2018-08-05,Mettur,382.7,9.535
2018-08-06,Mettur,387.529,11.654
2018-08-07,Mettur,360.798,27.545
2018-08-08,Mettur,304.646,90.406
2018-08-09,Mettur,262.912,92.878
2018-08-10,Mettur,1755.912,68.51
2018-08-11,Mettur,3895.796,62.86
2018-08-12,Mettur,3576.0,68.864
2018-08-13,Mettur,3111.659,66.515
2018-08-14,Mettur,2560.77,64.167
2018-08-15,Mettur,3699.0,61.818
2018-08-16,Mettur,4643.0,59.47
2018-08-17,Mettur,4907.0,57.121
2018-08-18,Mettur,5250.7,54.773
2018-08-19,Mettur,4981.65,52.425
2018-08-20,Mettur,4712.6,50.076
2018-08-21,Mettur,2787.0,47.728
2018-08-22,Mettur,1739.796,45.379
2018-08-23,Mettur,692.591,43.031
2018-08-24,Mettur,433.99,40.682
2018-08-25,Mettur,679.884,38.334
2018-08-26,Mettur,696.9,35.986
2018-08-27,Mettur,860.424,33.637
2018-08-28,Mettur,444.391,31.289
2018-08-29,Mettur,396.699,28.94
2018-08-30,Mettur,427.284,26.592
2018-08-31,Mettur,586.679,24.244
2018-09-01,Mettur,696.688,21.895
2018-09-02,Mettur,618.2,13.773
2018-09-03,Mettur,400.59,12.713
2018-09-04,Mettur,301.804,10.241
2018-09-05,Mettur,259.614,9.535
2018-09-06,Mettur,253.395,12.007
2018-09-07,Mettur,279.573,27.545
2018-09-08,Mettur,276.355,88.993
2018-09-09,Mettur,214.3,91.818
2018-09-10,Mettur,232.923,68.864
2018-09-11,Mettur,219.592,64.626
2018-09-12,Mettur,294.124,68.51
2018-09-13,Mettur,237.1,66.038
2018-09-14,Mettur,256.788,63.566
2018-09-15,Mettur,258.656,61.094
2018-09-16,Mettur,240.4,58.622
2018-09-17,Mettur,267.025,56.15
2018-09-18,Mettur,315.305,53.678
2018-09-19,Mettur,279.662,51.206
2018-09-20,Mettur,222.284,48.734
2018-09-21,Mettur,214.3,46.262
2018-09-22,Mettur,241.501,43.79
2018-09-23,Mettur,192.5,41.318
2018-09-24,Mettur,186.395,38.846
2018-09-25,Mettur,1066.71,36.374
2018-09-26,Mettur,566.153,33.902
2018-09-27,Mettur,769.38,31.43
2018-09-28,Mettur,653.701,28.958
2018-09-29,Mettur,382.518,26.486
2018-09-30,Mettur,469.1,24.014
2018-10-01,Mettur,354.205,21.542
2018-10-02,Mettur,275.0,13.773
2018-10-03,Mettur,185.82,12.713
2018-10-04,Mettur,215.161,10.241
2018-10-05,Mettur,205.559,9.888
2018-10-06,Mettur,221.457,12.007
2018-10-07,Mettur,257.5,28.605
2018-10-08,Mettur,230.138,88.64
2018-10-09,Mettur,222.375,90.759
2018-10-10,Mettur,298.758,69.217
2018-10-11,Mettur,417.888,64.979
2018-10-12,Mettur,309.797,68.51
2018-10-13,Mettur,212.013,66.18
2018-10-14,Mettur,180.5,63.849
2018-10-15,Mettur,183.21,61.518
2018-10-16,Mettur,349.741,59.187
2018-10-17,Mettur,333.491,56.857
2018-10-18,Mettur,785.4,54.526
2018-10-19,Mettur,675.7,52.195
2018-10-20,Mettur,675.716,49.864
2018-10-21,Mettur,428.5,47.534
2018-10-22,Mettur,428.535,45.203
2018-10-23,Mettur,268.357,42.872
2018-10-24,Mettur,152.0,40.541
2018-10-25,Mettur,151.966,38.21
2018-10-26,Mettur,134.6,35.88
2018-10-27,Mettur,138.6,33.549
2018-10-28,Mettur,121.9,31.218
2018-10-29,Mettur,140.4,28.887
2018-10-30,Mettur,152.5,26.557
2018-10-31,Mettur,160.3,24.226
2018-11-01,Mettur,174.908,21.895
2018-11-02,Mettur,178.677,13.773
2018-11-03,Mettur,177.068,12.36
2018-11-04,Mettur,183.5,10.241
2018-11-05,Mettur,205.931,9.888
2018-11-06,Mettur,192.5,12.007
2018-11-07,Mettur,172.962,31.43
2018-11-08,Mettur,150.332,92.171
2018-11-09,Mettur,146.048,89.699
2018-11-10,Mettur,145.296,69.57
2018-11-11,Mettur,149.3,64.979
2018-11-12,Mettur,140.235,67.804
2018-11-13,Mettur,140.146,65.351
2018-11-14,Mettur,148.985,62.897
2018-11-15,Mettur,154.876,60.444
2018-11-16,Mettur,140.096,57.99
2018-11-17,Mettur,145.277,55.537
2018-11-18,Mettur,168.8,53.084
2018-11-19,Mettur,154.581,50.63
2018-11-20,Mettur,138.102,48.177
2018-11-21,Mettur,168.8,45.723
2018-11-22,Mettur,141.534,43.27
2018-11-23,Mettur,141.3,40.816
2018-11-24,Mettur,174.815,38.363
2018-11-25,Mettur,189.4,35.909
2018-11-26,Mettur,180.271,33.456
2018-11-27,Mettur,176.969,31.003
2018-11-28,Mettur,186.5,28.549
2018-11-29,Mettur,146.567,26.096
2018-11-30,Mettur,140.468,23.642
2018-12-01,Mettur,137.526,21.189
2018-12-02,Mettur,139.0,13.773
2018-12-03,Mettur,137.693,12.36
2018-12-04,Mettur,125.242,10.241
2018-12-05,Mettur,119.613,9.535
2018-12-06,Mettur,95.314,12.007
2018-12-07,Mettur,98.28,34.255
2018-12-08,Mettur,95.278,93.584
2018-12-09,Mettur,89.96,88.287
2018-12-10,Mettur,78.689,69.923
2018-12-11,Mettur,74.737,64.626
2018-12-12,Mettur,72.643,67.098
2018-12-13,Mettur,66.994,66.127
2018-12-14,Mettur,71.278,65.156
2018-12-15,Mettur,70.111,64.184
2018-12-16,Mettur,74.7,63.213
2018-12-17,Mettur,71.773,62.242
2018-12-18,Mettur,65.118,61.271
2018-12-19,Mettur,65.06,60.3
2018-12-20,Mettur,56.346,59.329
2018-12-21,Mettur,48.056,58.357
2018-12-22,Mettur,51.427,57.386
2018-12-23,Mettur,58.72,56.415
2018-12-24,Mettur,58.037,55.444
2018-12-25,Mettur,57.03,54.473
2018-12-26,Mettur,50.506,53.502
2018-12-27,Mettur,48.537,52.531
2018-12-28,Mettur,47.376,51.559
2018-12-29,Mettur,42.347,50.588
2018-12-30,Mettur,32.39,49.617
2018-12-31,Mettur,37.164,48.646
2019-01-01,Mettur,41.696,47.675
2019-01-02,Mettur,38.066,33.549
2019-01-03,Mettur,34.976,30.724
2019-01-04,Mettur,23.032,26.839
2019-01-05,Mettur,20.337,19.776
2019-01-06,Mettur,20.0,15.538
2019-01-07,Mettur,23.699,13.773
2019-01-08,Mettur,23.728,17.304
2019-01-09,Mettur,20.501,89.346
2019-01-10,Mettur,17.009,93.231
2019-01-11,Mettur,18.373,93.584
2019-01-12,Mettur,40.173,93.584
2019-01-13,Mettur,40.0,91.253
2019-01-14,Mettur,39.042,88.922
2019-01-15,Mettur,39.0,86.592
2019-01-16,Mettur,26.986,84.261
2019-01-17,Mettur,26.244,81.93
2019-01-18,Mettur,20.663,79.599
2019-01-19,Mettur,23.463,77.268
2019-01-20,Mettur,23.0,74.938
2019-01-21,Mettur,17.022,72.607
2019-01-22,Mettur,17.781,70.276
2019-01-23,Mettur,57.444,67.945
2019-01-24,Mettur,54.174,65.615
2019-01-25,Mettur,46.814,63.284
2019-01-26,Mettur,46.0,60.953
2019-01-27,Mettur,46.0,58.622
2019-01-28,Mettur,46.087,56.292
2019-01-29,Mettur,32.641,53.961
2019-01-30,Mettur,23.984,51.63
2019-01-31,Mettur,16.963,49.299
2019-02-01,Mettur,17.965,46.969
2019-02-02,Mettur,16.233,33.196
2019-02-03,Mettur,16.0,30.724
2019-02-04,Mettur,0.079,26.133
2019-02-05,Mettur,25.636,19.423
2019-02-06,Mettur,43.529,15.538
2019-02-07,Mettur,40.962,13.773
2019-02-08,Mettur,36.745,18.01
2019-02-09,Mettur,31.331,88.993
2019-02-10,Mettur,31.0,0.0
2019-02-11,Mettur,14.225,93.584
2019-02-12,Mettur,11.54,93.584
2019-02-13,Mettur,8.36,90.8
2019-02-14,Mettur,8.579,88.017
2019-02-15,Mettur,8.823,85.233
2019-02-16,Mettur,13.896,82.449
2019-02-17,Mettur,13.9,79.666
2019-02-18,Mettur,13.768,76.882
2019-02-19,Mettur,36.234,74.098
2019-02-20,Mettur,44.817,71.315
2019-02-21,Mettur,46.776,68.531
2019-02-22,Mettur,25.875,65.748
2019-02-23,Mettur,19.427,62.964
2019-02-24,Mettur,19.4,60.18
2019-02-25,Mettur,7.796,57.397
2019-02-26,Mettur,7.75,54.613
2019-02-27,Mettur,7.685,51.829
2019-02-28,Mettur,13.313,49.046
2019-03-01,Mettur,29.187,46.262
2019-03-02,Mettur,24.516,33.196
2019-03-03,Mettur,23.19,30.371
2019-03-04,Mettur,22.317,25.78
2019-03-05,Mettur,19.19,19.423
2019-03-06,Mettur,19.412,15.538
2019-03-07,Mettur,9.962,13.773
2019-03-08,Mettur,9.186,18.364
2019-03-09,Mettur,11.473,88.287
2019-03-10,Mettur,21.97,92.878
2019-03-11,Mettur,20.959,93.584
2019-03-12,Mettur,13.308,93.584
2019-03-13,Mettur,15.192,91.182
2019-03-14,Mettur,18.423,88.781
2019-03-15,Mettur,18.172,86.38
2019-03-16,Mettur,15.101,83.978
2019-03-17,Mettur,18.43,81.577
2019-03-18,Mettur,17.256,79.175
2019-03-19,Mettur,15.222,76.774
2019-03-20,Mettur,15.041,74.373
2019-03-21,Mettur,20.218,71.971
2019-03-22,Mettur,14.871,69.57
2019-03-23,Mettur,13.493,67.168
2019-03-24,Mettur,16.19,64.767
2019-03-25,Mettur,10.007,62.366
2019-03-26,Mettur,10.087,59.964
2019-03-27,Mettur,9.316,57.563
2019-03-28,Mettur,11.646,55.162
2019-03-29,Mettur,8.312,52.76
2019-03-30,Mettur,14.505,50.359
2019-03-31,Mettur,12.02,47.957
2019-04-01,Mettur,21.998,45.556
2019-04-02,Mettur,22.649,33.196
2019-04-03,Mettur,19.251,30.371
2019-04-04,Mettur,23.423,25.073
2019-04-05,Mettur,13.392,19.423
2019-04-06,Mettur,11.136,15.538
2019-04-07,Mettur,11.0,13.773
2019-04-08,Mettur,9.194,19.07
2019-04-09,Mettur,8.523,87.58
2019-04-10,Mettur,9.022,91.465
2019-04-11,Mettur,21.099,93.584
2019-04-12,Mettur,43.21,93.584
2019-04-13,Mettur,35.078,91.019
2019-04-14,Mettur,35.0,88.454
2019-04-15,Mettur,8.931,85.889
2019-04-16,Mettur,20.908,83.324
2019-04-17,Mettur,20.0,80.759
2019-04-18,Mettur,21.654,78.194
2019-04-19,Mettur,21.0,75.629
2019-04-20,Mettur,15.791,73.064
2019-04-21,Mettur,15.0,70.499
2019-04-22,Mettur,21.179,67.934
2019-04-23,Mettur,30.764,65.369
2019-04-24,Mettur,36.285,62.804
2019-04-25,Mettur,20.746,60.239
2019-04-26,Mettur,22.796,57.674
2019-04-27,Mettur,22.503,55.109
2019-04-28,Mettur,22.5,52.545
2019-04-29,Mettur,16.629,49.98
2019-04-30,Mettur,18.334,47.415
2019-05-01,Mettur,24.006,44.85
2019-05-02,Mettur,35.617,33.196
2019-05-03,Mettur,39.453,30.371
2019-05-04,Mettur,60.484,24.72
2019-05-05,Mettur,60.0,19.07
2019-05-06,Mettur,34.189,15.538
2019-05-07,Mettur,24.414,13.42
2019-05-08,Mettur,21.858,19.423
2019-05-09,Mettur,33.21,86.874
2019-05-10,Mettur,31.677,91.465
2019-05-11,Mettur,33.882,93.584
2019-05-12,Mettur,33.0,93.584
2019-05-13,Mettur,29.805,91.112
2019-05-14,Mettur,24.229,88.64
2019-05-15,Mettur,21.514,86.168
2019-05-16,Mettur,22.367,83.696
2019-05-17,Mettur,24.465,81.224
2019-05-18,Mettur,24.0,78.752
2019-05-19,Mettur,24.0,76.28
2019-05-20,Mettur,30.969,73.808
2019-05-21,Mettur,22.409,71.336
2019-05-22,Mettur,15.258,68.864
2019-05-23,Mettur,14.509,66.392
2019-05-24,Mettur,9.886,63.92
2019-05-25,Mettur,15.304,61.448
2019-05-26,Mettur,15.0,58.975
2019-05-27,Mettur,8.973,56.503
2019-05-28,Mettur,10.692,54.031
2019-05-29,Mettur,8.024,51.559
2019-05-30,Mettur,40.477,49.087
2019-05-31,Mettur,44.401,46.615
2019-06-01,Mettur,50.413,44.143
2019-06-02,Mettur,31.79,33.196
2019-06-03,Mettur,43.6,30.017
2019-06-04,Mettur,46.918,24.014
2019-06-05,Mettur,41.18,19.07
2019-06-06,Mettur,41.999,15.185
2019-06-07,Mettur,34.315,13.42
2019-06-08,Mettur,30.556,19.776
2019-06-09,Mettur,33.155,88.287
2019-06-10,Mettur,31.063,90.759
2019-06-11,Mettur,26.047,93.584
2019-06-12,Mettur,27.459,93.584
2019-06-13,Mettur,21.69,90.926
2019-06-14,Mettur,15.791,88.268
2019-06-15,Mettur,21.189,85.61
2019-06-16,Mettur,16.53,82.952
2019-06-17,Mettur,17.869,80.294
2019-06-18,Mettur,21.606,77.637
2019-06-19,Mettur,15.188,74.979
2019-06-20,Mettur,20.553,72.321
2019-06-21,Mettur,13.475,69.663
2019-06-22,Mettur,10.927,67.005
2019-06-23,Mettur,9.412,64.347
2019-06-24,Mettur,9.228,61.689
2019-06-25,Mettur,9.835,59.031
2019-06-26,Mettur,6.738,56.373
2019-06-27,Mettur,10.072,53.715
2019-06-28,Mettur,9.027,51.058
2019-06-29,Mettur,7.815,48.4
2019-06-30,Mettur,7.212,45.742
2019-07-01,Mettur,9.192,43.084
2019-07-02,Mettur,8.99,32.843
2019-07-03,Mettur,8.183,30.017
2019-07-04,Mettur,8.767,23.661
2019-07-05,Mettur,9.546,19.07
2019-07-06,Mettur,7.504,15.185
2019-07-07,Mettur,6.0,13.42
2019-07-08,Mettur,6.687,20.129
2019-07-09,Mettur,7.231,92.524
2019-07-10,Mettur,6.798,89.699
2019-07-11,Mettur,6.532,93.584
2019-07-12,Mettur,7.067,93.584
2019-07-13,Mettur,6.569,91.059
2019-07-14,Mettur,6.0,88.534
2019-07-15,Mettur,11.859,86.009
2019-07-16,Mettur,13.188,83.484
2019-07-17,Mettur,10.298,80.959
2019-07-18,Mettur,7.732,78.434
2019-07-19,Mettur,10.885,75.909
2019-07-20,Mettur,14.038,73.384
2019-07-21,Mettur,9.0,70.859
2019-07-22,Mettur,9.368,68.334
2019-07-23,Mettur,206.144,65.809
2019-07-24,Mettur,210.366,63.284
2019-07-25,Mettur,216.496,60.759
2019-07-26,Mettur,208.462,58.234
2019-07-27,Mettur,256.325,55.709
2019-07-28,Mettur,254.756,53.184
2019-07-29,Mettur,253.187,50.659
2019-07-30,Mettur,278.5,48.134
2019-07-31,Mettur,308.727,45.609
2019-08-01,Mettur,253.74,43.084
2019-08-02,Mettur,215.305,32.843
2019-08-03,Mettur,174.189,30.017
2019-08-04,Mettur,149.9,22.955
2019-08-05,Mettur,122.814,19.07
2019-08-06,Mettur,132.159,15.185
2019-08-07,Mettur,147.778,13.42
2019-08-08,Mettur,153.541,20.483
2019-08-09,Mettur,167.319,93.584
2019-08-10,Mettur,2460.145,88.64
2019-08-11,Mettur,3271.276,92.524
2019-08-12,Mettur,6691.7,93.584
2019-08-13,Mettur,6341.6,91.059
2019-08-14,Mettur,1173.755,88.534
2019-08-15,Mettur,1460.0,86.009
2019-08-16,Mettur,521.779,83.484
2019-08-17,Mettur,766.138,80.959
2019-08-18,Mettur,865.776,78.434
2019-08-19,Mettur,964.568,75.909
2019-08-20,Mettur,730.102,73.384
2019-08-21,Mettur,421.563,70.859
2019-08-22,Mettur,473.599,68.334
2019-08-23,Mettur,595.362,65.809
2019-08-24,Mettur,337.474,63.284
2019-08-25,Mettur,332.197,60.759
2019-08-26,Mettur,323.019,58.234
2019-08-27,Mettur,363.971,55.709
2019-08-28,Mettur,295.475,53.184
2019-08-29,Mettur,321.364,50.659
2019-08-30,Mettur,460.73,48.134
2019-08-31,Mettur,388.072,45.609
2019-09-01,Mettur,344.25,43.084
2019-09-02,Mettur,325.92,32.843
2019-09-03,Mettur,331.214,30.017
2019-09-04,Mettur,313.48,22.601
2019-09-05,Mettur,823.846,18.717
2019-09-06,Mettur,1942.691,15.185
2019-09-07,Mettur,2338.429,13.42
2019-09-08,Mettur,2087.713,20.836
2019-09-09,Mettur,2089.712,93.584
2019-09-10,Mettur,2171.763,88.64
2019-09-11,Mettur,2087.518,92.171
2019-09-12,Mettur,1198.516,93.584
2019-09-13,Mettur,646.288,88.658
2019-09-14,Mettur,622.505,83.733
2019-09-15,Mettur,561.987,78.807
2019-09-16,Mettur,491.025,73.882
2019-09-17,Mettur,495.465,68.957
2019-09-18,Mettur,412.143,64.031
2019-09-19,Mettur,369.994,59.106
2019-09-20,Mettur,311.403,54.18
2019-09-21,Mettur,262.694,49.255
2019-09-22,Mettur,278.874,44.329
2019-09-23,Mettur,207.726,39.404
2019-09-24,Mettur,732.683,34.478
2019-09-25,Mettur,1176.484,29.553
2019-09-26,Mettur,764.907,24.627
2019-09-27,Mettur,814.313,19.702
2019-09-28,Mettur,452.44,14.776
2019-09-29,Mettur,320.563,9.851
2019-09-30,Mettur,251.673,4.925
2019-10-01,Mettur,215.698,0.0
2019-10-02,Mettur,208.912,32.843
2019-10-03,Mettur,314.721,29.664
2019-10-04,Mettur,656.076,22.248
2019-10-05,Mettur,406.264,18.717
2019-10-06,Mettur,329.386,15.185
2019-10-07,Mettur,301.016,13.066
2019-10-08,Mettur,496.134,22.601
2019-10-09,Mettur,659.276,93.584
2019-10-10,Mettur,417.889,88.287
2019-10-11,Mettur,416.081,92.171
2019-10-12,Mettur,305.908,93.584
2019-10-13,Mettur,241.989,90.865
2019-10-14,Mettur,236.08,88.145
2019-10-15,Mettur,211.259,85.426
2019-10-16,Mettur,231.307,82.707
2019-10-17,Mettur,765.649,79.988
2019-10-18,Mettur,836.741,77.268
2019-10-19,Mettur,526.083,74.549
2019-10-20,Mettur,459.365,71.83
2019-10-21,Mettur,431.127,69.111
2019-10-22,Mettur,541.057,66.392
2019-10-23,Mettur,852.1,63.672
2019-10-24,Mettur,1557.514,60.953
2019-10-25,Mettur,820.557,58.234
2019-10-26,Mettur,518.204,55.515
2019-10-27,Mettur,496.85,52.795
2019-10-28,Mettur,805.113,50.076
2019-10-29,Mettur,676.026,47.357
2019-10-30,Mettur,626.159,44.638
2019-10-31,Mettur,421.393,41.919
2019-11-01,Mettur,312.93,39.199
2019-11-02,Mettur,311.113,32.843
2019-11-03,Mettur,392.198,29.664
2019-11-04,Mettur,234.411,21.895
2019-11-05,Mettur,289.485,18.717
2019-11-06,Mettur,223.442,15.185
2019-11-07,Mettur,185.147,13.066
2019-11-08,Mettur,220.998,30.371
2019-11-09,Mettur,298.136,93.584
2019-11-10,Mettur,611.311,87.58
2019-11-11,Mettur,638.413,92.878
2019-11-12,Mettur,527.889,93.584
2019-11-13,Mettur,314.648,90.684
2019-11-14,Mettur,228.577,87.785
2019-11-15,Mettur,199.223,84.885
2019-11-16,Mettur,192.234,81.986
2019-11-17,Mettur,202.389,79.086
2019-11-18,Mettur,201.546,76.187
2019-11-19,Mettur,193.678,73.287
2019-11-20,Mettur,177.941,70.388
2019-11-21,Mettur,198.57,67.488
2019-11-22,Mettur,212.108,64.589
2019-11-23,Mettur,205.155,61.689
2019-11-24,Mettur,202.649,58.79
2019-11-25,Mettur,204.121,55.89
2019-11-26,Mettur,180.521,52.991
2019-11-27,Mettur,185.656,50.091
2019-11-28,Mettur,186.647,47.192
2019-11-29,Mettur,189.965,44.292
2019-11-30,Mettur,200.131,41.393
2019-12-01,Mettur,199.526,38.493
2019-12-02,Mettur,203.262,32.843
2019-12-03,Mettur,233.552,29.664
2019-12-04,Mettur,239.536,21.895
2019-12-05,Mettur,215.368,18.364
2019-12-06,Mettur,194.69,15.185
2019-12-07,Mettur,174.812,13.066
2019-12-08,Mettur,167.6,44.496
2019-12-09,Mettur,172.718,93.584
2019-12-10,Mettur,157.632,86.874
2019-12-11,Mettur,207.605,93.584
2019-12-12,Mettur,201.975,93.584
2019-12-13,Mettur,160.012,93.478
2019-12-14,Mettur,154.448,93.372
2019-12-15,Mettur,151.285,93.266
2019-12-16,Mettur,149.388,93.16
2019-12-17,Mettur,152.03,93.054
2019-12-18,Mettur,141.073,92.948
2019-12-19,Mettur,136.886,92.842
2019-12-20,Mettur,140.617,92.736
2019-12-21,Mettur,139.521,92.63
2019-12-22,Mettur,136.316,92.524
2019-12-23,Mettur,134.302,92.418
2019-12-24,Mettur,112.704,92.313
2019-12-25,Mettur,118.096,92.207
2019-12-26,Mettur,105.691,92.101
2019-12-27,Mettur,95.914,91.995
2019-12-28,Mettur,88.934,91.889
2019-12-29,Mettur,89.637,91.783
2019-12-30,Mettur,83.778,91.677
2019-12-31,Mettur,82.752,91.571
2020-01-01,Mettur,79.469,91.465
2020-01-02,Mettur,69.06,74.514
2020-01-03,Mettur,68.29,71.689
2020-01-04,Mettur,64.855,68.51
2020-01-05,Mettur,64.14,64.979
2020-01-06,Mettur,63.425,66.392
2020-01-07,Mettur,63.693,52.972
2020-01-08,Mettur,59.426,27.899
2020-01-09,Mettur,61.236,52.266
2020-01-10,Mettur,59.936,60.741
2020-01-11,Mettur,57.518,64.626
2020-01-12,Mettur,53.543,66.392
2020-01-13,Mettur,49.568,63.072
2020-01-14,Mettur,49.667,59.752
2020-01-15,Mettur,51.004,56.433
2020-01-16,Mettur,52.34,53.113
2020-01-17,Mettur,45.526,49.794
2020-01-18,Mettur,20.054,46.474
2020-01-19,Mettur,28.612,43.155
2020-01-20,Mettur,37.171,39.835
2020-01-21,Mettur,57.978,36.515
2020-01-22,Mettur,54.127,33.196
2020-01-23,Mettur,50.277,29.876
2020-01-24,Mettur,46.426,26.557
2020-01-25,Mettur,42.576,23.237
2020-01-26,Mettur,38.725,19.917
2020-01-27,Mettur,34.875,16.598
2020-01-28,Mettur,31.024,13.278
2020-01-29,Mettur,27.174,9.959
2020-01-30,Mettur,23.323,6.639
2020-01-31,Mettur,19.473,3.32
2020-02-01,Mettur,15.622,0.0
2020-02-02,Mettur,16.74,74.514
2020-02-03,Mettur,14.462,71.689
2020-02-04,Mettur,14.462,68.51
2020-02-05,Mettur,15.707,64.979
2020-02-06,Mettur,31.496,66.392
2020-02-07,Mettur,26.562,51.913
2020-02-08,Mettur,17.971,27.899
2020-02-09,Mettur,0.0,51.559
2020-02-10,Mettur,8.694,61.094
2020-02-11,Mettur,23.386,63.566
2020-02-12,Mettur,22.244,66.745
2020-02-13,Mettur,21.19,68.02
2020-02-14,Mettur,22.934,69.295
2020-02-15,Mettur,18.489,70.57
2020-02-16,Mettur,29.0,71.846
2020-02-17,Mettur,25.17,73.121
2020-02-18,Mettur,16.082,74.396
2020-02-19,Mettur,9.968,75.671
2020-02-20,Mettur,8.842,76.947
2020-02-21,Mettur,8.519,78.222
2020-02-22,Mettur,8.691,79.497
2020-02-23,Mettur,8.0,80.772
2020-02-24,Mettur,6.639,82.048
2020-02-25,Mettur,6.086,83.323
2020-02-26,Mettur,6.248,84.598
2020-02-27,Mettur,6.136,85.873
2020-02-28,Mettur,6.181,87.149
2020-02-29,Mettur,19.41,88.424
2020-03-01,Mettur,90.0,89.699
2020-03-02,Mettur,55.398,74.514
2020-03-03,Mettur,43.815,71.689
2020-03-04,Mettur,18.873,68.157
2020-03-05,Mettur,34.458,64.979
2020-03-06,Mettur,32.174,66.745
2020-03-07,Mettur,24.284,50.5
2020-03-08,Mettur,11.0,27.899
2020-03-09,Mettur,18.25,52.266
2020-03-10,Mettur,16.44,61.801
2020-03-11,Mettur,16.417,62.507
2020-03-12,Mettur,11.953,67.451
2020-03-13,Mettur,19.137,68.528
2020-03-14,Mettur,19.439,69.605
2020-03-15,Mettur,14.0,70.682
2020-03-16,Mettur,12.34,71.759
2020-03-17,Mettur,11.307,72.837
2020-03-18,Mettur,11.409,73.914
2020-03-19,Mettur,10.546,74.991
2020-03-20,Mettur,8.45,76.068
2020-03-21,Mettur,8.707,77.145
2020-03-22,Mettur,7.0,78.222
2020-03-23,Mettur,8.664,79.299
2020-03-24,Mettur,25.104,80.376
2020-03-25,Mettur,24.652,81.453
2020-03-26,Mettur,24.2,82.53
2020-03-27,Mettur,23.748,83.607
2020-03-28,Mettur,23.297,84.685
2020-03-29,Mettur,22.845,85.762
2020-03-30,Mettur,22.393,86.839
2020-03-31,Mettur,21.941,87.916
2020-04-01,Mettur,21.489,88.993
2020-04-02,Mettur,21.037,74.161
2020-04-03,Mettur,20.585,71.689
2020-04-04,Mettur,20.134,68.157
2020-04-05,Mettur,19.682,64.979
2020-04-06,Mettur,19.23,66.745
2020-04-07,Mettur,18.778,49.441
2020-04-08,Mettur,18.326,27.899
2020-04-09,Mettur,17.874,52.972
2020-04-10,Mettur,17.423,62.154
2020-04-11,Mettur,16.971,61.448
2020-04-12,Mettur,16.519,67.804
2020-04-13,Mettur,16.067,68.864
2020-04-14,Mettur,15.615,69.923
2020-04-15,Mettur,15.163,70.982
2020-04-16,Mettur,14.711,72.042
2020-04-17,Mettur,14.26,73.101
2020-04-18,Mettur,13.808,74.161
2020-04-19,Mettur,13.356,75.22
2020-04-20,Mettur,12.904,76.28
2020-04-21,Mettur,10.37,77.339
2020-04-22,Mettur,12.51,78.399
2020-04-23,Mettur,20.164,79.458
2020-04-24,Mettur,15.508,80.517
2020-04-25,Mettur,40.951,81.577
2020-04-26,Mettur,32.0,82.636
2020-04-27,Mettur,58.812,83.696
2020-04-28,Mettur,46.161,84.755
2020-04-29,Mettur,40.539,85.815
2020-04-30,Mettur,41.577,86.874
2020-05-01,Mettur,0.0,87.934
2020-05-02,Mettur,84.06,74.161
2020-05-03,Mettur,55.0,71.689
2020-05-04,Mettur,40.21,67.804
2020-05-05,Mettur,40.86,64.979
2020-05-06,Mettur,41.1,66.745
2020-05-07,Mettur,19.0,48.028
2020-05-08,Mettur,20.18,27.899
2020-05-09,Mettur,15.94,53.678
2020-05-10,Mettur,11.0,62.507
2020-05-11,Mettur,24.7,60.388
2020-05-12,Mettur,26.15,68.157
2020-05-13,Mettur,25.42,69.111
2020-05-14,Mettur,16.18,70.064
2020-05-15,Mettur,14.63,71.018
2020-05-16,Mettur,16.21,71.971
2020-05-17,Mettur,18.0,72.925
2020-05-18,Mettur,14.87,73.878
2020-05-19,Mettur,21.59,74.832
2020-05-20,Mettur,136.2,75.785
2020-05-21,Mettur,87.83,76.739
2020-05-22,Mettur,63.26,77.692
2020-05-23,Mettur,86.86,78.646
2020-05-24,Mettur,60.0,79.599
2020-05-25,Mettur,63.0,80.553
2020-05-26,Mettur,61.21,81.506
2020-05-27,Mettur,51.2,82.46
2020-05-28,Mettur,49.63,83.413
2020-05-29,Mettur,72.74,84.367
2020-05-30,Mettur,73.17,85.32
2020-05-31,Mettur,155.0,86.274
2020-06-01,Mettur,127.906,87.227
2020-06-02,Mettur,112.736,74.161
2020-06-03,Mettur,83.468,71.336
2020-06-04,Mettur,71.165,67.804
2020-06-05,Mettur,54.809,64.979
2020-06-06,Mettur,46.55,67.098
2020-06-07,Mettur,50.0,46.969
2020-06-08,Mettur,45.256,27.899
2020-06-09,Mettur,42.478,54.031
2020-06-10,Mettur,31.934,62.86
2020-06-11,Mettur,192.007,59.329
2020-06-12,Mettur,45.287,68.51
2020-06-13,Mettur,90.207,69.458
2020-06-14,Mettur,80.0,70.406
2020-06-15,Mettur,77.074,71.354
2020-06-16,Mettur,78.464,72.302
2020-06-17,Mettur,81.496,73.25
2020-06-18,Mettur,81.206,74.198
2020-06-19,Mettur,69.351,75.146
2020-06-20,Mettur,58.335,76.094
2020-06-21,Mettur,60.0,77.042
2020-06-22,Mettur,77.226,77.99
2020-06-23,Mettur,82.311,78.938
2020-06-24,Mettur,71.563,79.885
2020-06-25,Mettur,61.591,80.833
2020-06-26,Mettur,54.329,81.781
2020-06-27,Mettur,60.76,82.729
2020-06-28,Mettur,65.0,83.677
2020-06-29,Mettur,61.66,84.625
2020-06-30,Mettur,62.112,85.573
2020-07-01,Mettur,90.134,86.521
2020-07-02,Mettur,77.713,73.808
2020-07-03,Mettur,70.424,71.336
2020-07-04,Mettur,65.153,67.451
2020-07-05,Mettur,68.0,64.979
2020-07-06,Mettur,85.699,67.098
2020-07-07,Mettur,70.179,45.556
2020-07-08,Mettur,65.358,28.958
2020-07-09,Mettur,56.274,54.385
2020-07-10,Mettur,72.025,63.213
2020-07-11,Mettur,64.681,58.975
2020-07-12,Mettur,70.0,68.864
2020-07-13,Mettur,65.571,69.693
2020-07-14,Mettur,69.209,70.523
2020-07-15,Mettur,66.294,71.353
2020-07-16,Mettur,110.908,72.183
2020-07-17,Mettur,134.844,73.013
2020-07-18,Mettur,141.304,73.843
2020-07-19,Mettur,155.0,74.673
2020-07-20,Mettur,154.462,75.503
2020-07-21,Mettur,203.416,76.333
2020-07-22,Mettur,198.075,77.163
2020-07-23,Mettur,178.433,77.992
2020-07-24,Mettur,176.486,78.822
2020-07-25,Mettur,180.533,79.652
2020-07-26,Mettur,190.0,80.482
2020-07-27,Mettur,217.08,81.312
2020-07-28,Mettur,209.78,82.142
2020-07-29,Mettur,247.191,82.972
2020-07-30,Mettur,121.351,83.802
2020-07-31,Mettur,156.084,84.632
2020-08-01,Mettur,100.0,85.461
2020-08-02,Mettur,85.0,73.808
2020-08-03,Mettur,106.653,70.982
2020-08-04,Mettur,93.193,67.098
2020-08-05,Mettur,94.582,64.979
2020-08-06,Mettur,131.693,67.098
2020-08-07,Mettur,1171.115,44.496
2020-08-08,Mettur,1446.354,32.843
2020-08-09,Mettur,3150.0,54.385
2020-08-10,Mettur,3788.4,62.507
2020-08-11,Mettur,1637.751,58.975
2020-08-12,Mettur,450.0,69.57
2020-08-13,Mettur,730.6,70.329
2020-08-14,Mettur,757.209,71.088
2020-08-15,Mettur,435.0,71.848
2020-08-16,Mettur,420.0,72.607
2020-08-17,Mettur,450.996,73.366
2020-08-18,Mettur,293.244,74.125
2020-08-19,Mettur,685.471,74.885
2020-08-20,Mettur,1214.018,75.644
2020-08-21,Mettur,349.665,76.403
2020-08-22,Mettur,255.0,77.163
2020-08-23,Mettur,235.0,77.922
2020-08-24,Mettur,279.683,78.681
2020-08-25,Mettur,214.187,79.44
2020-08-26,Mettur,177.741,80.2
2020-08-27,Mettur,173.977,80.959
2020-08-28,Mettur,139.79,81.718
2020-08-29,Mettur,165.839,82.477
2020-08-30,Mettur,160.0,83.237
2020-08-31,Mettur,141.155,83.996
2020-09-01,Mettur,191.401,84.755
2020-09-02,Mettur,484.228,73.808
2020-09-03,Mettur,663.355,70.982
2020-09-04,Mettur,597.74,67.098
2020-09-05,Mettur,380.81,64.979
2020-09-06,Mettur,285.0,67.098
2020-09-07,Mettur,218.719,43.084
2020-09-08,Mettur,258.352,37.787
2020-09-09,Mettur,265.752,54.385
2020-09-10,Mettur,295.421,61.801
2020-09-11,Mettur,323.504,58.975
2020-09-12,Mettur,257.019,69.923
2020-09-13,Mettur,230.0,70.667
2020-09-14,Mettur,261.633,71.41
2020-09-15,Mettur,392.389,72.153
2020-09-16,Mettur,449.557,72.897
2020-09-17,Mettur,418.715,73.64
2020-09-18,Mettur,362.458,74.384
2020-09-19,Mettur,379.991,75.127
2020-09-20,Mettur,350.0,75.871
2020-09-21,Mettur,594.699,76.614
2020-09-22,Mettur,2014.765,77.358
2020-09-23,Mettur,1830.032,78.101
2020-09-24,Mettur,1061.623,78.845
2020-09-25,Mettur,958.115,79.588
2020-09-26,Mettur,372.41,80.332
2020-09-27,Mettur,200.0,81.075
2020-09-28,Mettur,229.564,81.819
2020-09-29,Mettur,234.897,82.562
2020-09-30,Mettur,242.22,83.305
2020-10-01,Mettur,398.66,84.049
2020-10-02,Mettur,342.916,73.455
2020-10-03,Mettur,287.172,70.982
2020-10-04,Mettur,283.924,67.098
2020-10-05,Mettur,280.676,64.979
2020-10-06,Mettur,277.428,67.098
2020-10-07,Mettur,213.357,41.671
2020-10-08,Mettur,407.152,49.087
2020-10-09,Mettur,569.826,54.738
2020-10-10,Mettur,641.276,62.154
2020-10-11,Mettur,320.638,58.975
2020-10-12,Mettur,0.0,0.0
2020-10-13,Mettur,510.531,4.149
2020-10-14,Mettur,458.617,8.299
2020-10-15,Mettur,0.0,12.448
2020-10-16,Mettur,339.673,16.598
2020-10-17,Mettur,259.851,20.747
2020-10-18,Mettur,353.049,24.897
2020-10-19,Mettur,446.247,29.046
2020-10-20,Mettur,539.924,33.196
2020-10-21,Mettur,422.738,37.345
2020-10-22,Mettur,526.17,41.495
2020-10-23,Mettur,554.405,45.644
2020-10-24,Mettur,586.611,49.794
2020-10-25,Mettur,512.417,53.943
2020-10-26,Mettur,438.222,58.093
2020-10-27,Mettur,391.562,62.242
2020-10-28,Mettur,298.179,66.392
2020-10-29,Mettur,249.85,70.541
2020-10-30,Mettur,244.9,74.691
2020-10-31,Mettur,239.95,78.84
2020-11-01,Mettur,235.0,82.989
2020-11-02,Mettur,176.588,73.455
2020-11-03,Mettur,194.345,70.629
2020-11-04,Mettur,231.852,66.745
2020-11-05,Mettur,223.108,64.979
2020-11-06,Mettur,219.797,67.098
2020-11-07,Mettur,492.633,0.0
2020-11-08,Mettur,455.0,58.622
2020-11-09,Mettur,303.074,54.738
2020-11-10,Mettur,246.392,62.86
2020-11-11,Mettur,251.261,58.269
2020-11-12,Mettur,211.988,70.982
2020-11-13,Mettur,211.138,71.577
2020-11-14,Mettur,205.0,72.172
2020-11-15,Mettur,240.0,72.767
2020-11-16,Mettur,289.6,73.362
2020-11-17,Mettur,311.564,73.956
2020-11-18,Mettur,380.946,74.551
2020-11-19,Mettur,337.251,75.146
2020-11-20,Mettur,271.899,75.741
2020-11-21,Mettur,241.139,76.335
2020-11-22,Mettur,225.0,76.93
2020-11-23,Mettur,212.582,77.525
2020-11-24,Mettur,194.274,78.12
2020-11-25,Mettur,197.651,78.715
2020-11-26,Mettur,202.731,79.309
2020-11-27,Mettur,212.158,79.904
2020-11-28,Mettur,245.539,80.499
2020-11-29,Mettur,220.0,81.094
2020-11-30,Mettur,190.0,81.688
2020-12-01,Mettur,187.677,82.283
2020-12-02,Mettur,181.853,73.101
2020-12-03,Mettur,176.06,70.629
2020-12-04,Mettur,169.813,66.745
2020-12-05,Mettur,201.116,64.979
2020-12-06,Mettur,214.42,67.098
2020-12-07,Mettur,227.723,0.0
2020-12-08,Mettur,233.16,61.448
2020-12-09,Mettur,243.439,55.091
2020-12-10,Mettur,251.706,63.566
2020-12-11,Mettur,262.468,57.916
2020-12-12,Mettur,178.532,71.689
2020-12-13,Mettur,154.454,71.689
2020-12-14,Mettur,130.377,71.689
2020-12-15,Mettur,124.587,71.689
2020-12-16,Mettur,106.093,71.689
2020-12-17,Mettur,110.64,71.689
2020-12-18,Mettur,90.391,71.689
2020-12-19,Mettur,82.858,71.689
2020-12-20,Mettur,85.206,71.689
2020-12-21,Mettur,87.555,71.689
2020-12-22,Mettur,69.239,71.689
2020-12-23,Mettur,58.29,71.689
2020-12-24,Mettur,74.41,71.689
2020-12-25,Mettur,69.036,71.689
2020-12-26,Mettur,63.663,71.689
2020-12-27,Mettur,60.018,71.689
2020-12-28,Mettur,56.372,71.689
2020-12-29,Mettur,58.936,71.689
2020-12-30,Mettur,63.293,71.689
2020-12-31,Mettur,57.44,71.689
2021-01-01,Mettur,80.396,71.689
2021-01-02,Mettur,81.244,72.748
2021-01-03,Mettur,80.0,68.864
2021-01-04,Mettur,72.281,64.273
2021-01-05,Mettur,61.61,62.154
2021-01-06,Mettur,58.391,61.448
2021-01-07,Mettur,57.857,76.633
2021-01-08,Mettur,57.807,44.496
2021-01-09,Mettur,101.912,31.783
2021-01-10,Mettur,100.0,34.962
2021-01-11,Mettur,75.251,79.811
2021-01-12,Mettur,57.558,93.584
2021-01-13,Mettur,62.336,92.489
2021-01-14,Mettur,60.0,91.394
2021-01-15,Mettur,72.785,90.3
2021-01-16,Mettur,63.442,89.205
2021-01-17,Mettur,45.0,88.11
2021-01-18,Mettur,43.181,87.015
2021-01-19,Mettur,40.659,85.921
2021-01-20,Mettur,52.553,84.826
2021-01-21,Mettur,48.216,83.731
2021-01-22,Mettur,63.932,82.636
2021-01-23,Mettur,59.437,81.542
2021-01-24,Mettur,60.0,80.447
2021-01-25,Mettur,48.608,79.352
2021-01-26,Mettur,45.0,78.257
2021-01-27,Mettur,49.882,77.163
2021-01-28,Mettur,46.99,76.068
2021-01-29,Mettur,51.819,74.973
2021-01-30,Mettur,49.853,73.878
2021-01-31,Mettur,45.0,72.784
2021-02-01,Mettur,44.192,71.689
2021-02-02,Mettur,38.93,72.395
2021-02-03,Mettur,36.885,68.864
2021-02-04,Mettur,202.261,63.92
2021-02-05,Mettur,23.119,62.154
2021-02-06,Mettur,32.174,61.448
2021-02-07,Mettur,25.864,45.203
2021-02-08,Mettur,19.553,43.79
2021-02-09,Mettur,17.157,31.43
2021-02-10,Mettur,17.085,35.315
2021-02-11,Mettur,13.464,80.871
2021-02-12,Mettur,0.859,93.584
2021-02-13,Mettur,10.151,92.296
2021-02-14,Mettur,10.256,91.008
2021-02-15,Mettur,10.361,89.72
2021-02-16,Mettur,9.868,88.432
2021-02-17,Mettur,28.598,87.144
2021-02-18,Mettur,7.001,85.856
2021-02-19,Mettur,7.28,84.568
2021-02-20,Mettur,6.646,83.28
2021-02-21,Mettur,6.878,81.992
2021-02-22,Mettur,7.11,80.704
2021-02-23,Mettur,59.169,79.416
2021-02-24,Mettur,230.102,78.129
2021-02-25,Mettur,32.048,76.841
2021-02-26,Mettur,56.804,75.553
2021-02-27,Mettur,41.235,74.265
2021-02-28,Mettur,37.736,72.977
2021-03-01,Mettur,34.238,71.689
2021-03-02,Mettur,29.838,72.395
2021-03-03,Mettur,27.446,68.51
2021-03-04,Mettur,22.188,63.92
2021-03-05,Mettur,20.137,62.154
2021-03-06,Mettur,16.82,61.094
2021-03-07,Mettur,15.684,44.143
2021-03-08,Mettur,14.548,43.084
2021-03-09,Mettur,14.455,31.43
2021-03-10,Mettur,13.951,36.021
2021-03-11,Mettur,12.325,81.577
2021-03-12,Mettur,8.471,93.584
2021-03-13,Mettur,7.45,92.471
2021-03-14,Mettur,42.042,91.359
2021-03-15,Mettur,76.633,90.247
2021-03-16,Mettur,5.891,89.134
2021-03-17,Mettur,0.0,88.022
2021-03-18,Mettur,5.513,86.909
2021-03-19,Mettur,10.133,85.797
2021-03-20,Mettur,9.361,84.685
2021-03-21,Mettur,18.112,83.572
2021-03-22,Mettur,26.862,82.46
2021-03-23,Mettur,27.481,81.347
2021-03-24,Mettur,24.546,80.235
2021-03-25,Mettur,21.612,79.123
2021-03-26,Mettur,16.627,78.01
2021-03-27,Mettur,15.328,76.898
2021-03-28,Mettur,17.28,75.785
2021-03-29,Mettur,19.231,74.673
2021-03-30,Mettur,14.44,73.56
2021-03-31,Mettur,182.521,72.448
2021-04-01,Mettur,32.01,71.336
2021-04-02,Mettur,42.0,72.395
2021-04-03,Mettur,27.21,68.51
2021-04-04,Mettur,19.0,63.566
2021-04-05,Mettur,17.26,62.154
2021-04-06,Mettur,12.0,61.094
2021-04-07,Mettur,11.45,42.731
2021-04-08,Mettur,15.42,42.378
2021-04-09,Mettur,14.07,32.136
2021-04-10,Mettur,11.16,36.727
2021-04-11,Mettur,9.0,0.0
2021-04-12,Mettur,8.163,93.584
2021-04-13,Mettur,7.278,92.413
2021-04-14,Mettur,7.0,91.242
2021-04-15,Mettur,8.38,90.071
2021-04-16,Mettur,11.11,88.9
2021-04-17,Mettur,9.843,87.729
2021-04-18,Mettur,50.0,86.558
2021-04-19,Mettur,54.09,85.387
2021-04-20,Mettur,42.67,84.216
2021-04-21,Mettur,40.58,83.045
2021-04-22,Mettur,42.67,81.874
2021-04-23,Mettur,48.08,80.703
2021-04-24,Mettur,46.81,79.532
2021-04-25,Mettur,75.0,78.361
2021-04-26,Mettur,90.28,77.19
2021-04-27,Mettur,77.56,76.019
2021-04-28,Mettur,51.17,74.849
2021-04-29,Mettur,40.58,73.678
2021-04-30,Mettur,41.32,72.507
2021-05-01,Mettur,23.67,71.336
2021-05-02,Mettur,27.0,72.395
2021-05-03,Mettur,27.82,68.157
2021-05-04,Mettur,2.769,63.566
2021-05-05,Mettur,38.85,62.154
2021-05-06,Mettur,32.01,60.741
2021-05-07,Mettur,27.77,42.731
2021-05-08,Mettur,29.84,41.318
2021-05-09,Mettur,19.0,33.549
2021-05-10,Mettur,10.65,37.08
2021-05-11,Mettur,11.84,83.696
2021-05-12,Mettur,10.59,93.584
2021-05-13,Mettur,13.68,92.471
2021-05-14,Mettur,38.0,91.359
2021-05-15,Mettur,62.2,90.247
2021-05-16,Mettur,70.0,89.134
2021-05-17,Mettur,62.2,88.022
2021-05-18,Mettur,51.88,86.909
2021-05-19,Mettur,73.75,85.797
2021-05-20,Mettur,61.52,84.685
2021-05-21,Mettur,56.9,83.572
2021-05-22,Mettur,68.75,82.46
2021-05-23,Mettur,53.87,81.347
2021-05-24,Mettur,57.4,80.235
2021-05-25,Mettur,51.88,79.123
2021-05-26,Mettur,48.0,78.01
2021-05-27,Mettur,46.81,76.898
2021-05-28,Mettur,72.87,75.785
2021-05-29,Mettur,63.17,74.673
2021-05-30,Mettur,45.0,73.56
2021-05-31,Mettur,36.8,72.448
2021-06-01,Mettur,24.36,71.336
2021-06-02,Mettur,24.467,72.042
2021-06-03,Mettur,24.129,68.157
2021-06-04,Mettur,17.055,63.213
2021-06-05,Mettur,14.209,62.154
2021-06-06,Mettur,15.0,60.741
2021-06-07,Mettur,58.23,40.259
2021-06-08,Mettur,73.205,40.259
2021-06-09,Mettur,57.609,34.962
2021-06-10,Mettur,51.664,37.787
2021-06-11,Mettur,46.862,84.755
2021-06-12,Mettur,47.946,93.584
2021-06-13,Mettur,45.0,92.413
2021-06-14,Mettur,47.2,91.242
2021-06-15,Mettur,41.858,90.071
2021-06-16,Mettur,48.215,88.9
2021-06-17,Mettur,47.969,87.729
2021-06-18,Mettur,46.286,86.558
2021-06-19,Mettur,51.312,85.387
2021-06-20,Mettur,48.0,84.216
2021-06-21,Mettur,49.471,83.045
2021-06-22,Mettur,85.82,81.874
2021-06-23,Mettur,231.228,80.703
2021-06-24,Mettur,216.647,79.532
2021-06-25,Mettur,226.527,78.361
2021-06-26,Mettur,121.616,77.19
2021-06-27,Mettur,205.0,76.019
2021-06-28,Mettur,232.722,74.849
2021-06-29,Mettur,196.362,73.678
2021-06-30,Mettur,182.16,72.507
2021-07-01,Mettur,78.764,71.336
2021-07-02,Mettur,43.557,72.042
2021-07-03,Mettur,39.524,68.157
2021-07-04,Mettur,55.0,63.213
2021-07-05,Mettur,60.459,62.154
2021-07-06,Mettur,97.033,60.741
2021-07-07,Mettur,149.096,39.199
2021-07-08,Mettur,177.378,39.199
2021-07-09,Mettur,110.184,36.021
2021-07-10,Mettur,92.781,38.493
2021-07-11,Mettur,80.0,87.58
2021-07-12,Mettur,81.493,93.584
2021-07-13,Mettur,87.705,92.471
2021-07-14,Mettur,78.361,91.359
2021-07-15,Mettur,83.335,90.247
2021-07-16,Mettur,73.42,89.134
2021-07-17,Mettur,123.33,88.022
2021-07-18,Mettur,310.0,86.909
2021-07-19,Mettur,490.4,85.797
2021-07-20,Mettur,448.7,84.685
2021-07-21,Mettur,390.0,83.572
2021-07-22,Mettur,286.238,82.46
2021-07-23,Mettur,227.621,81.347
2021-07-24,Mettur,244.152,80.235
2021-07-25,Mettur,900.0,79.123
2021-07-26,Mettur,991.738,78.01
2021-07-27,Mettur,917.514,76.898
2021-07-28,Mettur,927.279,75.785
2021-07-29,Mettur,759.892,74.673
2021-07-30,Mettur,636.367,73.56
2021-07-31,Mettur,498.522,72.448
2021-08-01,Mettur,265.0,71.336
2021-08-02,Mettur,225.33,71.689
2021-08-03,Mettur,226.372,67.804
2021-08-04,Mettur,167.564,63.213
2021-08-05,Mettur,106.528,62.154
2021-08-06,Mettur,98.584,60.741
2021-08-07,Mettur,96.86,38.493
2021-08-08,Mettur,125.0,38.14
2021-08-09,Mettur,202.215,36.727
2021-08-10,Mettur,382.515,39.552
2021-08-11,Mettur,297.322,89.699
2021-08-12,Mettur,296.877,93.584
2021-08-13,Mettur,257.728,92.471
2021-08-14,Mettur,182.778,91.359
2021-08-15,Mettur,165.0,90.247
2021-08-16,Mettur,171.266,89.134
2021-08-17,Mettur,152.243,88.022
2021-08-18,Mettur,124.15,86.909
2021-08-19,Mettur,179.774,85.797
2021-08-20,Mettur,200.0,84.685
2021-08-21,Mettur,203.503,83.572
2021-08-22,Mettur,305.0,82.46
2021-08-23,Mettur,366.55,81.347
2021-08-24,Mettur,263.401,80.235
2021-08-25,Mettur,204.218,79.123
2021-08-26,Mettur,195.704,78.01
2021-08-27,Mettur,318.715,76.898
2021-08-28,Mettur,367.601,75.785
2021-08-29,Mettur,445.0,74.673
2021-08-30,Mettur,421.242,73.56
2021-08-31,Mettur,416.161,72.448
2021-09-01,Mettur,417.362,71.336
2021-09-02,Mettur,406.366,71.689
2021-09-03,Mettur,415.706,67.804
2021-09-04,Mettur,579.817,62.86
2021-09-05,Mettur,620.0,62.154
2021-09-06,Mettur,512.847,60.741
2021-09-07,Mettur,443.805,37.787
2021-09-08,Mettur,372.649,37.08
2021-09-09,Mettur,337.365,37.434
2021-09-10,Mettur,325.0,40.965
2021-09-11,Mettur,325.816,91.818
2021-09-12,Mettur,320.0,93.584
2021-09-13,Mettur,311.487,92.413
2021-09-14,Mettur,329.435,91.242
2021-09-15,Mettur,322.954,90.071
2021-09-16,Mettur,533.692,88.9
2021-09-17,Mettur,486.162,87.729
2021-09-18,Mettur,407.032,86.558
2021-09-19,Mettur,360.0,85.387
2021-09-20,Mettur,329.157,84.216
2021-09-21,Mettur,344.509,83.045
2021-09-22,Mettur,307.415,81.874
2021-09-23,Mettur,259.175,80.703
2021-09-24,Mettur,257.821,79.532
2021-09-25,Mettur,243.825,78.361
2021-09-26,Mettur,145.0,77.19
2021-09-27,Mettur,287.565,76.019
2021-09-28,Mettur,327.306,74.849
2021-09-29,Mettur,308.857,73.678
2021-09-30,Mettur,285.589,72.507
2021-10-01,Mettur,278.343,71.336
2021-10-02,Mettur,375.0,71.689
2021-10-03,Mettur,400.0,67.451
2021-10-04,Mettur,370.338,62.86
2021-10-05,Mettur,335.751,62.154
2021-10-06,Mettur,348.896,60.741
2021-10-07,Mettur,418.967,37.08
2021-10-08,Mettur,494.134,36.374
2021-10-09,Mettur,409.53,37.787
2021-10-10,Mettur,425.0,42.378
2021-10-11,Mettur,454.507,91.818
2021-10-12,Mettur,708.465,93.584
2021-10-13,Mettur,713.846,92.489
2021-10-14,Mettur,510.0,91.394
2021-10-15,Mettur,360.0,90.3
2021-10-16,Mettur,410.552,89.205
2021-10-17,Mettur,400.0,88.11
2021-10-18,Mettur,449.658,87.015
2021-10-19,Mettur,425.0,85.921
2021-10-20,Mettur,277.791,84.826
2021-10-21,Mettur,295.926,83.731
2021-10-22,Mettur,1077.212,82.636
2021-10-23,Mettur,758.793,81.542
2021-10-24,Mettur,620.0,80.447
2021-10-25,Mettur,609.513,79.352
2021-10-26,Mettur,1161.526,78.257
2021-10-27,Mettur,935.915,77.163
2021-10-28,Mettur,941.347,76.068
2021-10-29,Mettur,544.109,74.973
2021-10-30,Mettur,417.214,73.878
2021-10-31,Mettur,360.0,72.784
2021-11-01,Mettur,274.281,71.689
2021-11-02,Mettur,360.986,71.336
2021-11-03,Mettur,358.316,0.0
2021-11-04,Mettur,335.0,62.507
2021-11-05,Mettur,323.92,62.154
2021-11-06,Mettur,855.755,60.741
2021-11-07,Mettur,810.0,36.374
2021-11-08,Mettur,662.389,36.374
2021-11-09,Mettur,617.489,38.14
2021-11-10,Mettur,537.181,43.437
2021-11-11,Mettur,552.164,91.818
2021-11-12,Mettur,414.299,93.584
2021-11-13,Mettur,620.676,92.431
2021-11-14,Mettur,960.0,91.279
2021-11-15,Mettur,1277.843,90.127
2021-11-16,Mettur,1139.434,88.974
2021-11-17,Mettur,1265.2,87.822
2021-11-18,Mettur,1191.461,86.67
2021-11-19,Mettur,1550.0,85.517
2021-11-20,Mettur,1769.679,84.365
2021-11-21,Mettur,1620.0,83.213
2021-11-22,Mettur,1029.229,82.06
2021-11-23,Mettur,848.434,80.908
2021-11-24,Mettur,716.241,79.755
2021-11-25,Mettur,725.457,78.603
2021-11-26,Mettur,613.721,77.451
2021-11-27,Mettur,606.62,76.298
2021-11-28,Mettur,630.0,75.146
2021-11-29,Mettur,569.419,73.994
2021-11-30,Mettur,450.608,72.841
2021-12-01,Mettur,321.55,71.689
2021-12-02,Mettur,322.214,71.336
2021-12-03,Mettur,371.336,67.098
2021-12-04,Mettur,439.611,62.507
2021-12-05,Mettur,545.0,62.154
2021-12-06,Mettur,623.775,60.741
2021-12-07,Mettur,508.015,35.668
2021-12-08,Mettur,457.371,35.668
2021-12-09,Mettur,383.976,38.14
2021-12-10,Mettur,392.097,44.85
2021-12-11,Mettur,386.696,91.818
2021-12-12,Mettur,415.0,93.584
2021-12-13,Mettur,365.456,93.248
2021-12-14,Mettur,222.305,92.913
2021-12-15,Mettur,316.842,92.577
2021-12-16,Mettur,211.133,92.242
2021-12-17,Mettur,233.62,91.906
2021-12-18,Mettur,226.6,91.571
2021-12-19,Mettur,240.0,91.235
2021-12-20,Mettur,171.095,90.9
2021-12-21,Mettur,159.519,90.564
2021-12-22,Mettur,134.348,90.229
2021-12-23,Mettur,153.657,89.893
2021-12-24,Mettur,146.544,89.558
2021-12-25,Mettur,210.0,89.223
2021-12-26,Mettur,145.0,88.887
2021-12-27,Mettur,140.297,88.552
2021-12-28,Mettur,135.692,88.216
2021-12-29,Mettur,127.309,87.881
2021-12-30,Mettur,138.184,87.545
2021-12-31,Mettur,134.774,87.21
2022-01-01,Mettur,134.433,86.874
2022-01-02,Mettur,110.0,76.28
2022-01-03,Mettur,130.527,73.808
2022-01-04,Mettur,117.805,71.689
2022-01-05,Mettur,124.398,72.042
2022-01-06,Mettur,98.673,87.58
2022-01-07,Mettur,93.794,70.276
2022-01-08,Mettur,77.689,92.524
2022-01-09,Mettur,80.0,92.524
2022-01-10,Mettur,81.661,91.465
2022-01-11,Mettur,75.435,92.524
2022-01-12,Mettur,74.508,92.171
2022-01-13,Mettur,73.885,91.924
2022-01-14,Mettur,65.0,91.677
2022-01-15,Mettur,66.01,91.43
2022-01-16,Mettur,55.0,91.182
2022-01-17,Mettur,49.17,90.935
2022-01-18,Mettur,44.142,90.688
2022-01-19,Mettur,42.918,90.441
2022-01-20,Mettur,41.695,90.194
2022-01-21,Mettur,47.603,89.946
2022-01-22,Mettur,42.213,89.699
2022-01-23,Mettur,40.0,89.452
2022-01-24,Mettur,52.384,89.205
2022-01-25,Mettur,57.758,88.958
2022-01-26,Mettur,43.0,88.71
2022-01-27,Mettur,49.904,88.463
2022-01-28,Mettur,46.756,88.216
2022-01-29,Mettur,45.329,87.969
2022-01-30,Mettur,45.0,87.722
2022-01-31,Mettur,44.389,87.474
2022-02-01,Mettur,51.863,87.227
2022-02-02,Mettur,56.139,76.28
2022-02-03,Mettur,46.179,73.455
2022-02-04,Mettur,47.194,71.689
2022-02-05,Mettur,56.803,72.042
2022-02-06,Mettur,47.0,86.874
2022-02-07,Mettur,43.715,69.57
2022-02-08,Mettur,32.547,92.524
2022-02-09,Mettur,33.434,92.524
2022-02-10,Mettur,23.855,91.465
2022-02-11,Mettur,24.069,92.524
2022-02-12,Mettur,30.641,91.465
2022-02-13,Mettur,20.0,91.216
2022-02-14,Mettur,24.193,90.966
2022-02-15,Mettur,16.563,90.717
2022-02-16,Mettur,17.217,90.468
2022-02-17,Mettur,23.413,90.219
2022-02-18,Mettur,18.301,89.969
2022-02-19,Mettur,27.578,89.72
2022-02-20,Mettur,28.0,89.471
2022-02-21,Mettur,29.184,89.221
2022-02-22,Mettur,40.4,88.972
2022-02-23,Mettur,72.691,88.723
2022-02-24,Mettur,57.892,88.474
2022-02-25,Mettur,71.369,88.224
2022-02-26,Mettur,34.009,87.975
2022-02-27,Mettur,43.0,87.726
2022-02-28,Mettur,47.663,87.477
2022-03-01,Mettur,38.917,87.227
2022-03-02,Mettur,49.816,76.28
2022-03-03,Mettur,46.327,73.455
2022-03-04,Mettur,49.694,71.689
2022-03-05,Mettur,48.861,72.395
2022-03-06,Mettur,50.0,86.168
2022-03-07,Mettur,49.718,68.864
2022-03-08,Mettur,49.27,92.524
2022-03-09,Mettur,44.627,92.524
2022-03-10,Mettur,46.851,91.465
2022-03-11,Mettur,45.771,92.524
2022-03-12,Mettur,46.609,91.112
2022-03-13,Mettur,41.0,90.935
2022-03-14,Mettur,36.727,90.759
2022-03-15,Mettur,25.178,90.582
2022-03-16,Mettur,29.217,90.406
2022-03-17,Mettur,54.419,90.229
2022-03-18,Mettur,56.683,90.052
2022-03-19,Mettur,57.01,89.876
2022-03-20,Mettur,54.0,89.699
2022-03-21,Mettur,56.238,89.523
2022-03-22,Mettur,91.119,89.346
2022-03-23,Mettur,61.31,89.17
2022-03-24,Mettur,82.02,88.993
2022-03-25,Mettur,74.38,88.816
2022-03-26,Mettur,78.37,88.64
2022-03-27,Mettur,80.0,88.463
2022-03-28,Mettur,74.94,88.287
2022-03-29,Mettur,78.46,88.11
2022-03-30,Mettur,73.11,87.934
2022-03-31,Mettur,71.21,87.757
2022-04-01,Mettur,71.44,87.58
2022-04-02,Mettur,77.39,76.28
2022-04-03,Mettur,70.0,73.455
2022-04-04,Mettur,56.339,71.689
2022-04-05,Mettur,62.35,72.395
2022-04-06,Mettur,52.587,85.815
2022-04-07,Mettur,31.077,67.804
2022-04-08,Mettur,19.786,92.524
2022-04-09,Mettur,52.208,92.524
2022-04-10,Mettur,38.0,91.465
2022-04-11,Mettur,52.651,92.524
2022-04-12,Mettur,64.4,91.465
2022-04-13,Mettur,55.89,91.279
2022-04-14,Mettur,49.0,91.093
2022-04-15,Mettur,67.585,90.907
2022-04-16,Mettur,86.17,90.722
2022-04-17,Mettur,85.0,90.536
2022-04-18,Mettur,90.31,90.35
2022-04-19,Mettur,120.07,90.164
2022-04-20,Mettur,106.63,89.978
2022-04-21,Mettur,114.96,89.792
2022-04-22,Mettur,102.83,89.606
2022-04-23,Mettur,60.58,89.42
2022-04-24,Mettur,70.0,89.235
2022-04-25,Mettur,62.67,89.049
2022-04-26,Mettur,70.42,88.863
2022-04-27,Mettur,64.02,88.677
2022-04-28,Mettur,53.03,88.491
2022-04-29,Mettur,52.4,88.305
2022-04-30,Mettur,51.11,88.119
2022-05-01,Mettur,50.0,87.934
2022-05-02,Mettur,105.16,76.28
2022-05-03,Mettur,195.0,73.101
2022-05-04,Mettur,151.81,71.689
2022-05-05,Mettur,119.44,72.748
2022-05-06,Mettur,147.73,85.461
2022-05-07,Mettur,151.25,67.098
2022-05-08,Mettur,105.0,92.524
2022-05-09,Mettur,104.66,92.524
2022-05-10,Mettur,103.61,91.465
2022-05-11,Mettur,130.31,92.524
2022-05-12,Mettur,159.4,91.818
2022-05-13,Mettur,132.24,91.624
2022-05-14,Mettur,128.39,91.43
2022-05-15,Mettur,210.0,91.235
2022-05-16,Mettur,155.0,91.041
2022-05-17,Mettur,142.69,90.847
2022-05-18,Mettur,815.19,90.653
2022-05-19,Mettur,617.4,90.459
2022-05-20,Mettur,1273.58,90.264
2022-05-21,Mettur,763.5,90.07
2022-05-22,Mettur,430.0,89.876
2022-05-23,Mettur,304.41,89.682
2022-05-24,Mettur,252.81,89.487
2022-05-25,Mettur,267.47,89.293
2022-05-26,Mettur,178.16,89.099
2022-05-27,Mettur,163.5,88.905
2022-05-28,Mettur,125.8,88.71
2022-05-29,Mettur,100.0,88.516
2022-05-30,Mettur,111.4,88.322
2022-05-31,Mettur,90.76,88.128
2022-06-01,Mettur,85.2,87.934
2022-06-02,Mettur,140.4,76.28
2022-06-03,Mettur,119.9,73.101
2022-06-04,Mettur,126.8,71.689
2022-06-05,Mettur,117.3,73.101
2022-06-06,Mettur,207.9,85.108
2022-06-07,Mettur,569.5,66.038
2022-06-08,Mettur,368.6,92.524
2022-06-09,Mettur,235.5,92.524
2022-06-10,Mettur,218.8,91.465
2022-06-11,Mettur,171.1,92.524
2022-06-12,Mettur,137.6,92.524
2022-06-13,Mettur,111.4,92.283
2022-06-14,Mettur,93.29,92.041
2022-06-15,Mettur,90.12,91.8
2022-06-16,Mettur,129.2,91.558
2022-06-17,Mettur,149.9,91.316
2022-06-18,Mettur,348.4,91.075
2022-06-19,Mettur,299.3,90.833
2022-06-20,Mettur,192.0,90.591
2022-06-21,Mettur,271.9,90.35
2022-06-22,Mettur,178.3,90.108
2022-06-23,Mettur,138.9,89.867
2022-06-24,Mettur,182.6,89.625
2022-06-25,Mettur,129.2,89.383
2022-06-26,Mettur,124.8,89.142
2022-06-27,Mettur,101.3,88.9
2022-06-28,Mettur,154.9,88.658
2022-06-29,Mettur,106.0,88.417
2022-06-30,Mettur,88.94,88.175
2022-07-01,Mettur,87.64,87.934
2022-07-02,Mettur,75.52,76.28
2022-07-03,Mettur,93.92,73.101
2022-07-04,Mettur,89.24,71.689
2022-07-05,Mettur,82.77,73.455
2022-07-06,Mettur,85.46,85.461
2022-07-07,Mettur,84.09,65.332
2022-07-08,Mettur,108.2,92.524
2022-07-09,Mettur,114.6,92.524
2022-07-10,Mettur,165.0,91.465
2022-07-11,Mettur,597.7,92.524
2022-07-12,Mettur,2657.0,92.878
2022-07-13,Mettur,2723.0,92.63
2022-07-14,Mettur,2086.0,92.383
2022-07-15,Mettur,3072.0,92.136
2022-07-16,Mettur,3171.0,91.889
2022-07-17,Mettur,3215.0,91.642
2022-07-18,Mettur,3208.0,91.394
2022-07-19,Mettur,2684.0,91.147
2022-07-20,Mettur,2223.0,90.9
2022-07-21,Mettur,1325.0,90.653
2022-07-22,Mettur,1129.0,90.406
2022-07-23,Mettur,880.2,90.158
2022-07-24,Mettur,926.3,89.911
2022-07-25,Mettur,648.2,89.664
2022-07-26,Mettur,548.2,89.417
2022-07-27,Mettur,460.6,89.17
2022-07-28,Mettur,565.6,88.922
2022-07-29,Mettur,588.7,88.675
2022-07-30,Mettur,521.8,88.428
2022-07-31,Mettur,786.1,88.181
2022-08-01,Mettur,1253.0,87.934
2022-08-02,Mettur,1524.0,76.28
2022-08-03,Mettur,3539.0,72.748
2022-08-04,Mettur,4804.0,71.689
2022-08-05,Mettur,4879.0,73.808
2022-08-06,Mettur,4167.0,86.168
2022-08-07,Mettur,3821.0,64.273
2022-08-08,Mettur,4159.0,92.524
2022-08-09,Mettur,3855.0,92.524
2022-08-10,Mettur,3867.0,91.465
2022-08-11,Mettur,4159.0,92.524
2022-08-12,Mettur,2499.0,92.878
2022-08-13,Mettur,2212.0,92.63
2022-08-14,Mettur,2522.0,92.383
2022-08-15,Mettur,1912.0,92.136
2022-08-16,Mettur,1023.0,91.889
2022-08-17,Mettur,522.8,91.642
2022-08-18,Mettur,551.5,91.394
2022-08-19,Mettur,398.8,91.147
2022-08-20,Mettur,381.8,90.9
2022-08-21,Mettur,325.6,90.653
2022-08-22,Mettur,307.9,90.406
2022-08-23,Mettur,417.2,90.158
2022-08-24,Mettur,349.6,89.911
2022-08-25,Mettur,557.0,89.664
2022-08-26,Mettur,1379.0,89.417
2022-08-27,Mettur,1951.0,89.17
2022-08-28,Mettur,3173.0,88.922
2022-08-29,Mettur,3208.0,88.675
2022-08-30,Mettur,3913.0,88.428
2022-08-31,Mettur,3556.0,88.181
2022-09-01,Mettur,1924.0,87.934
2022-09-02,Mettur,1456.0,76.28
2022-09-03,Mettur,1510.0,72.748
2022-09-04,Mettur,1600.0,71.689
2022-09-05,Mettur,1632.0,74.161
2022-09-06,Mettur,3220.0,86.168
2022-09-07,Mettur,3330.0,63.566
2022-09-08,Mettur,2933.0,92.524
2022-09-09,Mettur,1826.0,92.524
2022-09-10,Mettur,1632.0,91.465
2022-09-11,Mettur,1435.0,92.524
2022-09-12,Mettur,1018.0,92.878
2022-09-13,Mettur,1093.0,92.636
2022-09-14,Mettur,1619.0,92.394
2022-09-15,Mettur,1478.0,92.153
2022-09-16,Mettur,1084.0,91.911
2022-09-17,Mettur,914.0,91.669
2022-09-18,Mettur,758.1,91.428
2022-09-19,Mettur,759.4,91.186
2022-09-20,Mettur,666.1,90.945
2022-09-21,Mettur,503.4,90.703
2022-09-22,Mettur,453.8,90.461
2022-09-23,Mettur,393.7,90.22
2022-09-24,Mettur,312.9,89.978
2022-09-25,Mettur,277.5,89.736
2022-09-26,Mettur,301.2,89.495
2022-09-27,Mettur,350.5,89.253
2022-09-28,Mettur,346.0,89.012
2022-09-29,Mettur,317.0,88.77
2022-09-30,Mettur,287.3,88.528
2022-10-01,Mettur,294.8,88.287
2022-10-02,Mettur,375.0,75.927
2022-10-03,Mettur,469.6,72.748
2022-10-04,Mettur,476.1,71.336
2022-10-05,Mettur,489.7,74.161
2022-10-06,Mettur,431.4,85.815
2022-10-07,Mettur,438.2,62.507
2022-10-08,Mettur,412.1,92.524
2022-10-09,Mettur,329.4,92.524
2022-10-10,Mettur,319.8,91.465
2022-10-11,Mettur,938.3,0.0
2022-10-12,Mettur,696.8,92.878
2022-10-13,Mettur,1360.0,92.613
2022-10-14,Mettur,1366.0,92.348
2022-10-15,Mettur,2252.0,92.083
2022-10-16,Mettur,4754.0,91.818
2022-10-17,Mettur,4587.0,91.553
2022-10-18,Mettur,2997.0,91.288
2022-10-19,Mettur,2020.0,91.024
2022-10-20,Mettur,2076.0,90.759
2022-10-21,Mettur,3065.0,90.494
2022-10-22,Mettur,2213.0,90.229
2022-10-23,Mettur,2159.0,89.964
2022-10-24,Mettur,1600.0,89.699
2022-10-25,Mettur,902.3,89.434
2022-10-26,Mettur,619.6,89.17
2022-10-27,Mettur,584.1,88.905
2022-10-28,Mettur,479.3,88.64
2022-10-29,Mettur,427.4,88.375
2022-10-30,Mettur,427.5,88.11
2022-10-31,Mettur,440.3,87.845
2022-11-01,Mettur,536.4,87.58
2022-11-02,Mettur,559.6,75.927
2022-11-03,Mettur,759.1,72.395
2022-11-04,Mettur,588.9,71.336
2022-11-05,Mettur,505.2,74.161
2022-11-06,Mettur,471.5,85.108
2022-11-07,Mettur,403.6,62.154
2022-11-08,Mettur,405.0,92.524
2022-11-09,Mettur,419.1,92.524
2022-11-10,Mettur,382.4,92.524
2022-11-11,Mettur,375.5,92.524
2022-11-12,Mettur,447.6,92.878
2022-11-13,Mettur,570.2,92.562
2022-11-14,Mettur,667.9,92.246
2022-11-15,Mettur,566.4,91.93
2022-11-16,Mettur,444.5,91.614
2022-11-17,Mettur,375.7,91.298
2022-11-18,Mettur,389.9,90.982
2022-11-19,Mettur,335.1,90.666
2022-11-20,Mettur,345.0,90.35
2022-11-21,Mettur,321.4,90.034
2022-11-22,Mettur,327.1,89.718
2022-11-23,Mettur,330.3,89.402
2022-11-24,Mettur,360.55,89.086
2022-11-25,Mettur,390.8,88.77
2022-11-26,Mettur,511.4,88.454
2022-11-27,Mettur,385.3,88.138
2022-11-28,Mettur,361.9,87.822
2022-11-29,Mettur,359.4,87.506
2022-11-30,Mettur,318.7,87.19
2022-12-01,Mettur,367.6,86.874
2022-12-02,Mettur,300.7,75.927
2022-12-03,Mettur,297.3,72.395
2022-12-04,Mettur,295.6,71.336
2022-12-05,Mettur,257.4,74.514
2022-12-06,Mettur,248.5,84.402
2022-12-07,Mettur,271.1,65.332
2022-12-08,Mettur,372.3,92.524
2022-12-09,Mettur,319.7,92.524
2022-12-10,Mettur,249.0,92.524
2022-12-11,Mettur,284.7,92.524
2022-12-12,Mettur,367.5,92.878
2022-12-13,Mettur,498.6,92.807
2022-12-14,Mettur,484.5,92.736
2022-12-15,Mettur,428.1,92.666
2022-12-16,Mettur,325.3,92.595
2022-12-17,Mettur,307.5,92.524
2022-12-18,Mettur,288.3,92.454
2022-12-19,Mettur,213.6,92.383
2022-12-20,Mettur,236.8,92.313
2022-12-21,Mettur,214.2,92.242
2022-12-22,Mettur,195.8,92.171
2022-12-23,Mettur,158.5,92.101
2022-12-24,Mettur,198.4,92.03
2022-12-25,Mettur,170.8,91.959
2022-12-26,Mettur,147.3,91.889
2022-12-27,Mettur,150.4,91.818
2022-12-28,Mettur,148.1,91.748
2022-12-29,Mettur,152.4,91.677
2022-12-30,Mettur,137.8,91.606
2022-12-31,Mettur,159.7,91.536
2023-01-01,Mettur,157.1,91.465
2023-01-02,Mettur,141.1,69.57
2023-01-03,Mettur,139.4,69.57
2023-01-04,Mettur,112.2,68.51
2023-01-05,Mettur,114.4,66.392
2023-01-06,Mettur,112.8,69.923
2023-01-07,Mettur,104.6,52.266
2023-01-08,Mettur,83.94,27.545
2023-01-09,Mettur,76.13,17.304
2023-01-10,Mettur,71.26,10.594
2023-01-11,Mettur,73.18,19.423
2023-01-12,Mettur,60.54,29.664
2023-01-13,Mettur,73.39,32.719
2023-01-14,Mettur,61.79,35.774
2023-01-15,Mettur,48.29,38.828
2023-01-16,Mettur,59.66,41.883
2023-01-17,Mettur,47.21,44.938
2023-01-18,Mettur,58.09,47.993
2023-01-19,Mettur,39.95,51.047
2023-01-20,Mettur,44.27,54.102
2023-01-21,Mettur,41.35,57.157
2023-01-22,Mettur,46.78,60.212
2023-01-23,Mettur,54.67,63.266
2023-01-24,Mettur,69.88,66.321
2023-01-25,Mettur,67.7,69.376
2023-01-26,Mettur,79.91,72.43
2023-01-27,Mettur,82.03,75.485
2023-01-28,Mettur,86.6,78.54
2023-01-29,Mettur,88.07,81.595
2023-01-30,Mettur,63.77,84.649
2023-01-31,Mettur,68.7,87.704
2023-02-01,Mettur,111.8,90.759
2023-02-02,Mettur,87.23,69.57
2023-02-03,Mettur,63.23,69.57
2023-02-04,Mettur,93.72,68.51
2023-02-05,Mettur,88.07,66.392
2023-02-06,Mettur,72.16,69.57
2023-02-07,Mettur,54.99,51.206
2023-02-08,Mettur,60.9,26.486
2023-02-09,Mettur,47.98,16.951
2023-02-10,Mettur,45.78,10.241
2023-02-11,Mettur,43.42,19.423
2023-02-12,Mettur,48.29,30.017
2023-02-13,Mettur,44.25,33.549
2023-02-14,Mettur,30.53,37.08
2023-02-15,Mettur,29.68,40.612
2023-02-16,Mettur,28.95,44.143
2023-02-17,Mettur,24.545,47.675
2023-02-18,Mettur,53.18,51.206
2023-02-19,Mettur,38.23,54.738
2023-02-20,Mettur,10.27,58.269
2023-02-21,Mettur,38.42,61.801
2023-02-22,Mettur,48.64,65.332
2023-02-23,Mettur,37.87,68.864
2023-02-24,Mettur,42.31,72.395
2023-02-25,Mettur,34.89,75.927
2023-02-26,Mettur,38.23,79.458
2023-02-27,Mettur,45.56,82.989
2023-02-28,Mettur,56.69,86.521
2023-03-01,Mettur,38.73,90.052
2023-03-02,Mettur,52.35,69.923
2023-03-03,Mettur,41.97,69.57
2023-03-04,Mettur,61.32,68.51
2023-03-05,Mettur,45.29,66.392
2023-03-06,Mettur,51.02,69.57
2023-03-07,Mettur,38.35,50.147
2023-03-08,Mettur,39.32,25.78
2023-03-09,Mettur,38.35,16.598
2023-03-10,Mettur,45.16,9.888
2023-03-11,Mettur,36.83,19.776
2023-03-12,Mettur,36.89,30.017
2023-03-13,Mettur,45.52,32.984
2023-03-14,Mettur,37.97,35.95
2023-03-15,Mettur,41.08,38.917
2023-03-16,Mettur,41.64,41.883
2023-03-17,Mettur,55.22,44.85
2023-03-18,Mettur,52.91,47.816
2023-03-19,Mettur,56.23,50.782
2023-03-20,Mettur,47.36,53.749
2023-03-21,Mettur,69.0,56.715
2023-03-22,Mettur,43.05,59.682
2023-03-23,Mettur,41.21,62.648
2023-03-24,Mettur,56.23,65.615
2023-03-25,Mettur,38.15,68.581
2023-03-26,Mettur,36.89,71.548
2023-03-27,Mettur,28.96,74.514
2023-03-28,Mettur,30.03,77.48
2023-03-29,Mettur,59.85,80.447
2023-03-30,Mettur,51.63,83.413
2023-03-31,Mettur,62.51,86.38
2023-04-01,Mettur,77.57,89.346
2023-04-02,Mettur,70.28,69.923
2023-04-03,Mettur,64.61,69.57
2023-04-04,Mettur,45.29,68.51
2023-04-05,Mettur,73.08,67.098
2023-04-06,Mettur,60.91,69.923
2023-04-07,Mettur,77.93,49.087
2023-04-08,Mettur,56.01,24.72
2023-04-09,Mettur,42.39,16.598
2023-04-10,Mettur,40.97,9.535
2023-04-11,Mettur,42.98,19.776
2023-04-12,Mettur,39.12,30.371
2023-04-13,Mettur,28.53,33.456
2023-04-14,Mettur,20.79,36.541
2023-04-15,Mettur,27.35,39.627
2023-04-16,Mettur,24.9,42.712
2023-04-17,Mettur,24.53,45.798
2023-04-18,Mettur,19.59,48.883
2023-04-19,Mettur,10.39,51.968
2023-04-20,Mettur,11.15,55.054
2023-04-21,Mettur,8.14,58.139
2023-04-22,Mettur,7.616,61.224
2023-04-23,Mettur,6.509,64.31
2023-04-24,Mettur,8.11,67.395
2023-04-25,Mettur,8.07,70.481
2023-04-26,Mettur,13.2,73.566
2023-04-27,Mettur,12.74,76.651
2023-04-28,Mettur,10.22,79.737
2023-04-29,Mettur,23.0,82.822
2023-04-30,Mettur,30.59,85.908
2023-05-01,Mettur,25.83,88.993
2023-05-02,Mettur,106.38,69.923
2023-05-03,Mettur,104.31,69.57
2023-05-04,Mettur,216.76,68.51
2023-05-05,Mettur,168.7,67.451
2023-05-06,Mettur,98.79,69.923
2023-05-07,Mettur,168.7,48.028
2023-05-08,Mettur,92.5,24.014
2023-05-09,Mettur,124.27,16.598
2023-05-10,Mettur,128.4,9.182
2023-05-11,Mettur,176.944,20.129
2023-05-12,Mettur,149.41,30.371
2023-05-13,Mettur,115.8,33.249
2023-05-14,Mettur,101.1,36.127
2023-05-15,Mettur,85.62,39.005
2023-05-16,Mettur,60.56,41.883
2023-05-17,Mettur,53.59,44.761
2023-05-18,Mettur,33.55,47.639
2023-05-19,Mettur,42.67,50.518
2023-05-20,Mettur,35.46,53.396
2023-05-21,Mettur,25.99,56.274
2023-05-22,Mettur,32.2,59.152
2023-05-23,Mettur,28.32,62.03
2023-05-24,Mettur,42.13,64.908
2023-05-25,Mettur,93.9,67.787
2023-05-26,Mettur,65.04,70.665
2023-05-27,Mettur,78.12,73.543
2023-05-28,Mettur,68.44,76.421
2023-05-29,Mettur,60.06,79.299
2023-05-30,Mettur,57.06,82.177
2023-05-31,Mettur,45.7,85.055
2023-06-01,Mettur,40.37,87.934
2023-06-02,Mettur,66.86,69.923
2023-06-03,Mettur,82.32,69.57
2023-06-04,Mettur,65.0,68.51
2023-06-05,Mettur,49.45,67.804
2023-06-06,Mettur,40.75,69.57
2023-06-07,Mettur,35.29,47.322
2023-06-08,Mettur,33.94,23.308
2023-06-09,Mettur,43.82,16.245
2023-06-10,Mettur,31.62,8.829
2023-06-11,Mettur,28.0,20.129
2023-06-12,Mettur,22.4,30.371
2023-06-13,Mettur,23.84,33.363
2023-06-14,Mettur,19.4,36.356
2023-06-15,Mettur,23.57,39.348
2023-06-16,Mettur,25.05,42.34
2023-06-17,Mettur,24.83,45.333
2023-06-18,Mettur,24.0,48.325
2023-06-19,Mettur,34.44,51.318
2023-06-20,Mettur,25.42,54.31
2023-06-21,Mettur,19.15,57.303
2023-06-22,Mettur,8.43,60.295
2023-06-23,Mettur,14.29,63.288
2023-06-24,Mettur,22.35,66.28
2023-06-25,Mettur,22.0,69.273
2023-06-26,Mettur,34.01,72.265
2023-06-27,Mettur,32.69,75.257
2023-06-28,Mettur,30.8,78.25
2023-06-29,Mettur,22.0,81.242
2023-06-30,Mettur,23.27,84.235
2023-07-01,Mettur,19.47,87.227
2023-07-02,Mettur,17.0,69.923
2023-07-03,Mettur,13.78,69.57
2023-07-04,Mettur,11.6,68.51
2023-07-05,Mettur,7.97,68.157
2023-07-06,Mettur,23.89,69.57
2023-07-07,Mettur,26.34,46.262
2023-07-08,Mettur,12.14,22.955
2023-07-09,Mettur,8.0,0.0
2023-07-10,Mettur,9.937,8.476
2023-07-11,Mettur,11.74,20.129
2023-07-12,Mettur,10.89,30.724
2023-07-13,Mettur,24.97,33.514
2023-07-14,Mettur,13.86,36.303
2023-07-15,Mettur,11.27,39.093
2023-07-16,Mettur,34.0,41.883
2023-07-17,Mettur,53.34,44.673
2023-07-18,Mettur,40.19,47.463
2023-07-19,Mettur,31.92,50.253
2023-07-20,Mettur,26.49,53.043
2023-07-21,Mettur,22.46,55.832
2023-07-22,Mettur,20.41,58.622
2023-07-23,Mettur,20.0,61.412
2023-07-24,Mettur,23.44,64.202
2023-07-25,Mettur,26.66,66.992
2023-07-26,Mettur,203.4,69.782
2023-07-27,Mettur,416.2,72.572
2023-07-28,Mettur,535.9,75.361
2023-07-29,Mettur,513.0,78.151
2023-07-30,Mettur,370.0,80.941
2023-07-31,Mettur,156.5,83.731
2023-08-01,Mettur,103.9,86.521
2023-08-02,Mettur,108.5,69.923
2023-08-03,Mettur,101.8,69.57
2023-08-04,Mettur,118.5,68.51
2023-08-05,Mettur,131.3,68.51
2023-08-06,Mettur,199.0,69.57
2023-08-07,Mettur,187.3,45.556
2023-08-08,Mettur,203.7,22.248
2023-08-09,Mettur,208.0,15.892
2023-08-10,Mettur,207.5,8.122
2023-08-11,Mettur,187.1,20.836
2023-08-12,Mettur,134.2,31.077
2023-08-13,Mettur,134.0,33.796
2023-08-14,Mettur,97.56,36.515
2023-08-15,Mettur,88.0,39.235
2023-08-16,Mettur,127.5,41.954
2023-08-17,Mettur,355.5,44.673
2023-08-18,Mettur,417.8,47.392
2023-08-19,Mettur,428.1,50.112
2023-08-20,Mettur,424.0,52.831
2023-08-21,Mettur,463.4,55.55
2023-08-22,Mettur,416.3,58.269
2023-08-23,Mettur,322.4,60.988
2023-08-24,Mettur,226.6,63.708
2023-08-25,Mettur,269.4,66.427
2023-08-26,Mettur,215.8,69.146
2023-08-27,Mettur,104.0,71.865
2023-08-28,Mettur,153.8,74.585
2023-08-29,Mettur,110.8,77.304
2023-08-30,Mettur,87.35,80.023
2023-08-31,Mettur,84.29,82.742
2023-09-01,Mettur,247.7,85.461
2023-09-02,Mettur,304.1,69.923
2023-09-03,Mettur,287.0,69.57
2023-09-04,Mettur,229.8,68.51
2023-09-05,Mettur,158.6,68.51
2023-09-06,Mettur,127.6,69.57
2023-09-07,Mettur,179.3,44.496
2023-09-08,Mettur,206.0,22.248
2023-09-09,Mettur,206.0,15.538
2023-09-10,Mettur,90.0,8.122
2023-09-11,Mettur,60.09,21.542
2023-09-12,Mettur,53.93,31.077
2023-09-13,Mettur,71.37,33.883
2023-09-14,Mettur,95.35,36.69
2023-09-15,Mettur,94.75,39.497
2023-09-16,Mettur,93.99,42.303
2023-09-17,Mettur,100.0,45.11
2023-09-18,Mettur,103.8,47.916
2023-09-19,Mettur,108.0,50.723
2023-09-20,Mettur,123.9,53.53
2023-09-21,Mettur,154.6,56.336
2023-09-22,Mettur,156.3,59.143
2023-09-23,Mettur,126.5,61.949
2023-09-24,Mettur,218.0,64.756
2023-09-25,Mettur,178.6,67.563
2023-09-26,Mettur,191.8,70.369
2023-09-27,Mettur,180.5,73.176
2023-09-28,Mettur,156.0,75.982
2023-09-29,Mettur,148.7,78.789
2023-09-30,Mettur,114.0,81.595
2023-10-01,Mettur,108.0,84.402
2023-10-02,Mettur,90.0,69.923
2023-10-03,Mettur,88.27,69.57
2023-10-04,Mettur,81.02,68.51
2023-10-05,Mettur,54.79,68.864
2023-10-06,Mettur,49.87,69.57
2023-10-07,Mettur,49.0,43.437
2023-10-08,Mettur,49.0,21.895
2023-10-09,Mettur,57.811,15.538
2023-10-10,Mettur,119.4,7.769
2023-10-11,Mettur,228.6,22.601
2023-10-12,Mettur,323.5,31.43
2023-10-13,Mettur,362.9,34.043
2023-10-14,Mettur,299.0,36.657
2023-10-15,Mettur,221.0,39.27
2023-10-16,Mettur,163.1,41.883
2023-10-17,Mettur,165.9,44.496
2023-10-18,Mettur,188.0,47.11
2023-10-19,Mettur,196.1,49.723
2023-10-20,Mettur,131.0,52.336
2023-10-21,Mettur,109.7,54.95
2023-10-22,Mettur,109.0,57.563
2023-10-23,Mettur,118.9,60.176
2023-10-24,Mettur,122.0,62.789
2023-10-25,Mettur,134.0,65.403
2023-10-26,Mettur,143.0,68.016
2023-10-27,Mettur,124.2,70.629
2023-10-28,Mettur,118.6,73.243
2023-10-29,Mettur,102.0,75.856
2023-10-30,Mettur,102.0,78.469
2023-10-31,Mettur,89.84,81.082
2023-11-01,Mettur,83.79,83.696
2023-11-02,Mettur,68.06,69.923
2023-11-03,Mettur,62.76,69.57
2023-11-04,Mettur,58.41,68.51
2023-11-05,Mettur,54.0,69.217
2023-11-06,Mettur,67.24,69.217
2023-11-07,Mettur,129.5,42.378
2023-11-08,Mettur,260.2,21.542
2023-11-09,Mettur,266.2,15.185
2023-11-10,Mettur,211.0,8.122
2023-11-11,Mettur,214.8,23.308
2023-11-12,Mettur,119.43,31.783
2023-11-13,Mettur,94.12,34.46
2023-11-14,Mettur,89.47,37.136
2023-11-15,Mettur,80.35,39.813
2023-11-16,Mettur,96.81,42.489
2023-11-17,Mettur,97.74,45.166
2023-11-18,Mettur,87.3,47.842
2023-11-19,Mettur,106.0,50.519
2023-11-20,Mettur,107.5,53.195
2023-11-21,Mettur,102.5,55.872
2023-11-22,Mettur,138.4,58.548
2023-11-23,Mettur,103.8,61.224
2023-11-24,Mettur,100.1,63.901
2023-11-25,Mettur,117.4,66.577
2023-11-26,Mettur,120.0,69.254
2023-11-27,Mettur,130.0,71.93
2023-11-28,Mettur,116.3,74.607
2023-11-29,Mettur,118.0,77.283
2023-11-30,Mettur,84.24,79.96
2023-12-01,Mettur,79.72,82.636
2023-12-02,Mettur,69.43,69.923
2023-12-03,Mettur,53.0,69.57
2023-12-04,Mettur,66.12,68.51
2023-12-05,Mettur,77.49,69.57
2023-12-06,Mettur,82.61,69.217
2023-12-07,Mettur,69.02,41.318
2023-12-08,Mettur,72.23,21.542
2023-12-09,Mettur,92.38,14.832
2023-12-10,Mettur,62.0,8.829
2023-12-11,Mettur,78.11,24.014
2023-12-12,Mettur,66.58,31.783
2023-12-13,Mettur,71.63,31.889
2023-12-14,Mettur,73.23,31.995
2023-12-15,Mettur,77.07,32.101
2023-12-16,Mettur,64.03,32.207
2023-12-17,Mettur,58.0,32.313
2023-12-18,Mettur,34.72,32.419
2023-12-19,Mettur,52.18,32.525
2023-12-20,Mettur,45.16,32.631
2023-12-21,Mettur,51.69,32.737
2023-12-22,Mettur,48.21,32.843
2023-12-23,Mettur,48.51,32.949
2023-12-24,Mettur,48.0,33.055
2023-12-25,Mettur,45.0,33.16
2023-12-26,Mettur,39.28,33.266
2023-12-27,Mettur,39.11,33.372
2023-12-28,Mettur,28.96,33.478
2023-12-29,Mettur,28.5,33.584
2023-12-30,Mettur,29.41,33.69
2023-12-31,Mettur,32.0,33.796
2024-01-01,Mettur,31.38,33.902
2024-01-02,Mettur,29.91,33.196
2024-01-03,Mettur,31.57,27.545
2024-01-04,Mettur,24.91,0.0
2024-01-05,Mettur,28.52,0.0
2024-01-06,Mettur,29.29,1.256
2024-01-07,Mettur,28.0,2.511
2024-01-08,Mettur,31.85,3.767
2024-01-09,Mettur,31.85,5.023
2024-01-10,Mettur,33.59,6.278
2024-01-11,Mettur,32.0,7.534
2024-01-12,Mettur,28.0,8.789
2024-01-13,Mettur,25.33,10.045
2024-01-14,Mettur,20.0,11.301
2024-01-15,Mettur,23.0,12.556
2024-01-16,Mettur,17.89,13.812
2024-01-17,Mettur,18.15,15.068
2024-01-18,Mettur,14.7,16.323
2024-01-19,Mettur,17.08,17.579
2024-01-20,Mettur,48.7,18.834
2024-01-21,Mettur,48.0,20.09
2024-01-22,Mettur,48.0,21.346
2024-01-23,Mettur,37.59,22.601
2024-01-24,Mettur,31.86,23.857
2024-01-25,Mettur,30.73,25.113
2024-01-26,Mettur,27.0,26.368
2024-01-27,Mettur,29.68,27.624
2024-01-28,Mettur,23.0,28.88
2024-01-29,Mettur,19.07,30.135
2024-01-30,Mettur,18.77,31.391
2024-01-31,Mettur,16.55,32.646
2024-02-01,Mettur,11.63,33.902
2024-02-02,Mettur,12.16,33.196
2024-02-03,Mettur,15.53,27.545
2024-02-04,Mettur,13.0,0.0
2024-02-05,Mettur,8.128,19.776
2024-02-06,Mettur,7.873,20.341
2024-02-07,Mettur,5.936,20.906
2024-02-08,Mettur,6.815,21.471
2024-02-09,Mettur,7.665,22.036
2024-02-10,Mettur,5.327,22.601
2024-02-11,Mettur,5.0,23.166
2024-02-12,Mettur,5.335,23.731
2024-02-13,Mettur,11.862,24.296
2024-02-14,Mettur,15.64,24.862
2024-02-15,Mettur,12.114,25.427
2024-02-16,Mettur,8.772,25.992
2024-02-17,Mettur,6.131,26.557
2024-02-18,Mettur,6.0,27.122
2024-02-19,Mettur,6.528,27.687
2024-02-20,Mettur,5.879,28.252
2024-02-21,Mettur,5.7,28.817
2024-02-22,Mettur,4.506,29.382
2024-02-23,Mettur,4.787,29.947
2024-02-24,Mettur,4.947,30.512
2024-02-25,Mettur,5.0,31.077
2024-02-26,Mettur,4.987,31.642
2024-02-27,Mettur,5.475,32.207
2024-02-28,Mettur,5.119,32.772
2024-02-29,Mettur,4.699,33.337
2024-03-01,Mettur,4.665,33.902
2024-03-02,Mettur,4.814,33.196
2024-03-03,Mettur,5.0,27.545
2024-03-04,Mettur,4.426,0.0
2024-03-05,Mettur,4.368,19.776
2024-03-06,Mettur,4.465,20.299
2024-03-07,Mettur,4.972,20.823
2024-03-08,Mettur,4.524,21.346
2024-03-09,Mettur,4.547,21.869
2024-03-10,Mettur,5.0,22.392
2024-03-11,Mettur,4.846,22.915
2024-03-12,Mettur,4.795,23.438
2024-03-13,Mettur,63.55,23.962
2024-03-14,Mettur,51.15,24.485
2024-03-15,Mettur,19.144,25.008
2024-03-16,Mettur,22.736,25.531
2024-03-17,Mettur,13.0,26.054
2024-03-18,Mettur,6.957,26.578
2024-03-19,Mettur,5.639,27.101
2024-03-20,Mettur,5.727,27.624
2024-03-21,Mettur,5.042,28.147
2024-03-22,Mettur,4.525,28.67
2024-03-23,Mettur,4.669,29.193
2024-03-24,Mettur,4.5,29.717
2024-03-25,Mettur,4.248,30.24
2024-03-26,Mettur,3.842,30.763
2024-03-27,Mettur,3.799,31.286
2024-03-28,Mettur,3.476,31.809
2024-03-29,Mettur,3.5,32.333
2024-03-30,Mettur,3.17,32.856
2024-03-31,Mettur,11.0,33.379
2024-04-01,Mettur,7.486,33.902
2024-04-02,Mettur,6.427,32.843
2024-04-03,Mettur,5.115,27.545
2024-04-04,Mettur,4.348,24.014
2024-04-05,Mettur,3.928,19.423
2024-04-06,Mettur,3.579,19.98
2024-04-07,Mettur,3.0,20.537
2024-04-08,Mettur,3.156,21.094
2024-04-09,Mettur,3.224,21.651
2024-04-10,Mettur,3.286,22.207
2024-04-11,Mettur,3.0,22.764
2024-04-12,Mettur,3.671,23.321
2024-04-13,Mettur,5.241,23.878
2024-04-14,Mettur,4.5,24.435
2024-04-15,Mettur,3.759,24.992
2024-04-16,Mettur,3.717,25.549
2024-04-17,Mettur,3.347,26.106
2024-04-18,Mettur,3.395,26.663
2024-04-19,Mettur,3.0,27.219
2024-04-20,Mettur,3.109,27.776
2024-04-21,Mettur,3.5,28.333
2024-04-22,Mettur,8.223,28.89
2024-04-23,Mettur,11.852,29.447
2024-04-24,Mettur,7.225,30.004
2024-04-25,Mettur,5.583,30.561
2024-04-26,Mettur,5.054,31.118
2024-04-27,Mettur,4.421,31.675
2024-04-28,Mettur,4.5,32.231
2024-04-29,Mettur,4.357,32.788
2024-04-30,Mettur,3.604,33.345
2024-05-01,Mettur,3.674,33.902
2024-05-02,Mettur,3.739,32.136
2024-05-03,Mettur,3.678,27.192
2024-05-04,Mettur,3.321,23.661
2024-05-05,Mettur,3.5,19.423
2024-05-06,Mettur,3.652,19.959
2024-05-07,Mettur,5.289,20.496
2024-05-08,Mettur,3.39,21.032
2024-05-09,Mettur,12.794,21.568
2024-05-10,Mettur,22.538,22.104
2024-05-11,Mettur,24.388,22.641
2024-05-12,Mettur,25.0,23.177
2024-05-13,Mettur,29.99,23.713
2024-05-14,Mettur,41.31,24.249
2024-05-15,Mettur,32.18,24.786
2024-05-16,Mettur,21.262,25.322
2024-05-17,Mettur,62.62,25.858
2024-05-18,Mettur,43.61,26.394
2024-05-19,Mettur,25.0,26.931
2024-05-20,Mettur,18.481,27.467
2024-05-21,Mettur,23.573,28.003
2024-05-22,Mettur,41.59,28.539
2024-05-23,Mettur,57.0,29.076
2024-05-24,Mettur,52.98,29.612
2024-05-25,Mettur,52.42,30.148
2024-05-26,Mettur,47.0,30.685
2024-05-27,Mettur,76.09,31.221
2024-05-28,Mettur,55.51,31.757
2024-05-29,Mettur,38.81,32.293
2024-05-30,Mettur,28.97,32.83
2024-05-31,Mettur,17.712,33.366
2024-06-01,Mettur,18.13,33.902
2024-06-02,Mettur,17.0,31.783
2024-06-03,Mettur,43.52,27.192
2024-06-04,Mettur,42.87,23.661
2024-06-05,Mettur,44.42,19.423
2024-06-06,Mettur,54.2,19.98
2024-06-07,Mettur,43.97,20.537
2024-06-08,Mettur,57.28,21.094
2024-06-09,Mettur,46.0,21.651
2024-06-10,Mettur,44.39,22.207
2024-06-11,Mettur,44.98,22.764
2024-06-12,Mettur,33.38,23.321
2024-06-13,Mettur,26.16,23.878
2024-06-14,Mettur,15.134,24.435
2024-06-15,Mettur,11.285,24.992
2024-06-16,Mettur,10.0,25.549
2024-06-17,Mettur,9.5,26.106
2024-06-18,Mettur,12.074,26.663
2024-06-19,Mettur,12.615,27.219
2024-06-20,Mettur,20.243,27.776
2024-06-21,Mettur,19.514,28.333
2024-06-22,Mettur,19.755,28.89
2024-06-23,Mettur,19.0,29.447
2024-06-24,Mettur,7.082,30.004
2024-06-25,Mettur,5.66,30.561
2024-06-26,Mettur,5.102,31.118
2024-06-27,Mettur,1.976,31.675
2024-06-28,Mettur,2.714,32.231
2024-06-29,Mettur,24.75,32.788
2024-06-30,Mettur,54.0,33.345
2024-07-01,Mettur,39.34,33.902
2024-07-02,Mettur,43.43,31.077
2024-07-03,Mettur,70.71,27.192
2024-07-04,Mettur,44.3,23.308
2024-07-05,Mettur,59.79,0.0
2024-07-06,Mettur,88.21,1.243
2024-07-07,Mettur,60.0,2.485
2024-07-08,Mettur,110.65,3.728
2024-07-09,Mettur,131.07,4.97
2024-07-10,Mettur,121.4,6.213
2024-07-11,Mettur,97.31,7.455
2024-07-12,Mettur,114.53,8.698
2024-07-13,Mettur,116.29,9.94
2024-07-14,Mettur,100.0,11.183
2024-07-15,Mettur,126.48,12.426
2024-07-16,Mettur,534.15,13.668
2024-07-17,Mettur,585.0,14.911
2024-07-18,Mettur,941.66,16.153
2024-07-19,Mettur,1236.57,17.396
2024-07-20,Mettur,1782.44,18.638
2024-07-21,Mettur,1450.0,19.881
2024-07-22,Mettur,2117.6,21.123
2024-07-23,Mettur,1811.6,22.366
2024-07-24,Mettur,913.6,23.609
2024-07-25,Mettur,809.5,24.851
2024-07-26,Mettur,1930.3,26.094
2024-07-27,Mettur,3271.2,27.336
2024-07-28,Mettur,4360.0,28.579
2024-07-29,Mettur,3082.6,29.821
2024-07-30,Mettur,1575.8,31.064
2024-07-31,Mettur,3017.9,32.306
2024-08-01,Mettur,4946.9,33.549
2024-08-02,Mettur,4320.1,30.724
2024-08-03,Mettur,2629.6,26.839
2024-08-04,Mettur,2220.0,22.955
2024-08-05,Mettur,1441.2,0.0
2024-08-06,Mettur,692.4,1.243
2024-08-07,Mettur,301.0,2.485
2024-08-08,Mettur,212.0,3.728
2024-08-09,Mettur,259.0,4.97
2024-08-10,Mettur,581.6,6.213
2024-08-11,Mettur,672.0,7.455
2024-08-12,Mettur,933.9,8.698
2024-08-13,Mettur,1065.5,9.94
2024-08-14,Mettur,546.3,11.183
2024-08-15,Mettur,390.0,12.426
2024-08-16,Mettur,461.3,13.668
2024-08-17,Mettur,830.5,14.911
2024-08-18,Mettur,475.0,16.153
2024-08-19,Mettur,400.1,17.396
2024-08-20,Mettur,342.9,18.638
2024-08-21,Mettur,303.6,19.881
2024-08-22,Mettur,259.3,21.123
2024-08-23,Mettur,225.6,22.366
2024-08-24,Mettur,214.0,23.609
2024-08-25,Mettur,155.0,24.851
2024-08-26,Mettur,145.7,26.094
2024-08-27,Mettur,156.2,27.336
2024-08-28,Mettur,126.6,28.579
2024-08-29,Mettur,138.8,29.821
2024-08-30,Mettur,183.4,31.064
2024-08-31,Mettur,393.0,32.306
2024-09-01,Mettur,700.0,33.549
2024-09-02,Mettur,482.9,30.371
2024-09-03,Mettur,443.5,26.839
2024-09-04,Mettur,466.3,22.955
2024-09-05,Mettur,559.9,18.717
2024-09-06,Mettur,562.5,19.287
2024-09-07,Mettur,535.0,19.858
2024-09-08,Mettur,350.0,20.428
2024-09-09,Mettur,345.5,20.999
2024-09-10,Mettur,348.6,21.569
2024-09-11,Mettur,248.3,22.14
2024-09-12,Mettur,275.2,22.71
2024-09-13,Mettur,429.9,23.281
2024-09-14,Mettur,409.0,23.851
2024-09-15,Mettur,485.0,24.421
2024-09-16,Mettur,510.2,24.992
2024-09-17,Mettur,210.0,25.562
2024-09-18,Mettur,145.4,26.133
2024-09-19,Mettur,122.6,26.703
2024-09-20,Mettur,96.43,27.274
2024-09-21,Mettur,120.6,27.844
2024-09-22,Mettur,105.0,28.415
2024-09-23,Mettur,103.3,28.985
2024-09-24,Mettur,135.0,29.556
2024-09-25,Mettur,144.9,30.126
2024-09-26,Mettur,137.4,30.697
2024-09-27,Mettur,122.7,31.267
2024-09-28,Mettur,130.6,31.838
2024-09-29,Mettur,118.0,32.408
2024-09-30,Mettur,359.2,32.978
2024-10-01,Mettur,384.3,33.549
2024-10-02,Mettur,230.0,29.664
2024-10-03,Mettur,175.2,26.839
2024-10-04,Mettur,226.805,22.601
2024-10-05,Mettur,253.0,0.0
2024-10-06,Mettur,525.0,1.243
2024-10-07,Mettur,350.5,2.485
2024-10-08,Mettur,286.9,3.728
2024-10-09,Mettur,228.6,4.97
2024-10-10,Mettur,184.0,6.213
2024-10-11,Mettur,145.0,7.455
2024-10-12,Mettur,180.0,8.698
2024-10-13,Mettur,465.0,9.94
2024-10-14,Mettur,466.6,11.183
2024-10-15,Mettur,381.8,12.426
2024-10-16,Mettur,510.9,13.668
2024-10-17,Mettur,486.6,14.911
2024-10-18,Mettur,521.8,16.153
2024-10-19,Mettur,459.7,17.396
2024-10-20,Mettur,131.0,18.638
2024-10-21,Mettur,489.0,19.881
2024-10-22,Mettur,536.3,21.123
2024-10-23,Mettur,900.2,22.366
2024-10-24,Mettur,821.1,23.609
2024-10-25,Mettur,939.7,24.851
2024-10-26,Mettur,874.7,26.094
2024-10-27,Mettur,685.0,27.336
2024-10-28,Mettur,474.0,28.579
2024-10-29,Mettur,358.1,29.821
2024-10-30,Mettur,234.2,31.064
2024-10-31,Mettur,210.0,32.306
2024-11-01,Mettur,177.9,33.549
2024-11-02,Mettur,196.6,29.664
2024-11-03,Mettur,390.0,26.839
2024-11-04,Mettur,330.0,0.0
2024-11-05,Mettur,315.8,0.0
2024-11-06,Mettur,318.1,1.29
2024-11-07,Mettur,274.9,2.581
2024-11-08,Mettur,267.7,3.871
2024-11-09,Mettur,221.2,5.161
2024-11-10,Mettur,180.0,6.452
2024-11-11,Mettur,146.5,7.742
2024-11-12,Mettur,183.6,9.032
2024-11-13,Mettur,163.1,10.323
2024-11-14,Mettur,165.1,11.613
2024-11-15,Mettur,205.0,12.903
2024-11-16,Mettur,209.7,14.194
2024-11-17,Mettur,305.0,15.484
2024-11-18,Mettur,276.1,16.774
2024-11-19,Mettur,309.3,18.065
2024-11-20,Mettur,250.5,19.355
2024-11-21,Mettur,231.8,20.645
2024-11-22,Mettur,217.2,21.936
2024-11-23,Mettur,208.4,23.226
2024-11-24,Mettur,200.0,24.517
2024-11-25,Mettur,152.4,25.807
2024-11-26,Mettur,142.4,27.097
2024-11-27,Mettur,134.9,28.388
2024-11-28,Mettur,119.2,29.678
2024-11-29,Mettur,138.4,30.968
2024-11-30,Mettur,142.5,32.259
2024-12-01,Mettur,138.0,33.549
2024-12-02,Mettur,151.5,29.311
2024-12-03,Mettur,638.9,26.486
2024-12-04,Mettur,783.6,22.248
2024-12-05,Mettur,437.0,0.0
2024-12-06,Mettur,295.0,0.0
2024-12-07,Mettur,224.0,0.0
2024-12-08,Mettur,185.0,0.0
2024-12-09,Mettur,214.0,0.0
2024-12-10,Mettur,171.0,0.0
2024-12-11,Mettur,125.0,0.0
2024-12-12,Mettur,161.0,0.0
2024-12-13,Mettur,193.0,0.0
2024-12-14,Mettur,214.0,0.0
2024-12-15,Mettur,210.0,0.0
2024-12-16,Mettur,217.0,0.0
2024-12-17,Mettur,209.0,0.0
2024-12-18,Mettur,142.0,0.0
2024-12-19,Mettur,120.0,0.0
2024-12-20,Mettur,104.0,0.0
2024-12-21,Mettur,88.1,0.0
2024-12-22,Mettur,74.1,0.0
2024-12-23,Mettur,86.2,0.0
2024-12-24,Mettur,74.14,0.0
2024-12-25,Mettur,60.0,0.0
2024-12-26,Mettur,82.5,0.0
2024-12-27,Mettur,80.2,0.0
2024-12-28,Mettur,82.9,0.0
2024-12-29,Mettur,83.0,0.0
2024-12-30,Mettur,83.9,0.0
2024-12-31,Mettur,106.0,0.0
