Date,Reservoir_Name,Inflow (cusecs/cumecs),Storage (TMC/MCM)
2010-01-01,Nagarjuna Sagar,203.26,120.07
2010-01-02,Nagarjuna Sagar,239.728,84.402
2010-01-03,Nagarjuna Sagar,283.067,69.923
2010-01-04,Nagarjuna Sagar,250.733,53.325
2010-01-05,Nagarjuna Sagar,249.936,53.678
2010-01-06,Nagarjuna Sagar,245.485,61.094
2010-01-07,Nagarjuna Sagar,245.54,61.448
2010-01-08,Nagarjuna Sagar,242.24,60.035
2010-01-09,Nagarjuna Sagar,240.349,180.458
2010-01-10,Nagarjuna Sagar,291.488,180.458
2010-01-11,Nagarjuna Sagar,251.81,180.458
2010-01-12,Nagarjuna Sagar,246.888,180.458
2010-01-13,Nagarjuna Sagar,241.45,177.403
2010-01-14,Nagarjuna Sagar,270.718,174.349
2010-01-15,Nagarjuna Sagar,259.951,171.294
2010-01-16,Nagarjuna Sagar,422.464,168.239
2010-01-17,Nagarjuna Sagar,415.249,165.184
2010-01-18,Nagarjuna Sagar,351.48,162.13
2010-01-19,Nagarjuna Sagar,259.806,159.075
2010-01-20,Nagarjuna Sagar,249.003,156.02
2010-01-21,Nagarjuna Sagar,231.661,152.965
2010-01-22,Nagarjuna Sagar,202.052,149.911
2010-01-23,Nagarjuna Sagar,161.77,146.856
2010-01-24,Nagarjuna Sagar,203.598,143.801
2010-01-25,Nagarjuna Sagar,184.08,140.747
2010-01-26,Nagarjuna Sagar,200.21,137.692
2010-01-27,Nagarjuna Sagar,245.884,134.637
2010-01-28,Nagarjuna Sagar,303.738,131.582
2010-01-29,Nagarjuna Sagar,253.462,128.528
2010-01-30,Nagarjuna Sagar,269.865,125.473
2010-01-31,Nagarjuna Sagar,235.686,122.418
2010-02-01,Nagarjuna Sagar,293.966,119.364
2010-02-02,Nagarjuna Sagar,280.325,82.636
2010-02-03,Nagarjuna Sagar,266.684,68.864
2010-02-04,Nagarjuna Sagar,283.909,52.619
2010-02-05,Nagarjuna Sagar,291.488,53.678
2010-02-06,Nagarjuna Sagar,274.796,61.448
2010-02-07,Nagarjuna Sagar,295.757,61.448
2010-02-08,Nagarjuna Sagar,291.01,60.741
2010-02-09,Nagarjuna Sagar,284.493,180.458
2010-02-10,Nagarjuna Sagar,285.705,180.458
2010-02-11,Nagarjuna Sagar,283.521,180.458
2010-02-12,Nagarjuna Sagar,295.757,180.458
2010-02-13,Nagarjuna Sagar,247.483,176.802
2010-02-14,Nagarjuna Sagar,228.305,173.146
2010-02-15,Nagarjuna Sagar,254.54,169.49
2010-02-16,Nagarjuna Sagar,277.386,165.834
2010-02-17,Nagarjuna Sagar,272.803,162.177
2010-02-18,Nagarjuna Sagar,292.239,158.521
2010-02-19,Nagarjuna Sagar,280.894,154.865
2010-02-20,Nagarjuna Sagar,274.052,151.209
2010-02-21,Nagarjuna Sagar,254.779,147.553
2010-02-22,Nagarjuna Sagar,265.48,143.897
2010-02-23,Nagarjuna Sagar,264.988,140.241
2010-02-24,Nagarjuna Sagar,274.529,136.585
2010-02-25,Nagarjuna Sagar,297.085,132.929
2010-02-26,Nagarjuna Sagar,306.883,129.272
2010-02-27,Nagarjuna Sagar,283.067,125.616
2010-02-28,Nagarjuna Sagar,274.796,121.96
2010-03-01,Nagarjuna Sagar,281.083,118.304
2010-03-02,Nagarjuna Sagar,266.322,81.93
2010-03-03,Nagarjuna Sagar,282.234,67.451
2010-03-04,Nagarjuna Sagar,280.862,51.913
2010-03-05,Nagarjuna Sagar,274.723,54.031
2010-03-06,Nagarjuna Sagar,303.234,61.448
2010-03-07,Nagarjuna Sagar,300.062,61.448
2010-03-08,Nagarjuna Sagar,314.079,62.507
2010-03-09,Nagarjuna Sagar,299.745,180.458
2010-03-10,Nagarjuna Sagar,306.652,180.458
2010-03-11,Nagarjuna Sagar,297.772,180.458
2010-03-12,Nagarjuna Sagar,286.443,180.458
2010-03-13,Nagarjuna Sagar,303.592,177.35
2010-03-14,Nagarjuna Sagar,304.407,174.243
2010-03-15,Nagarjuna Sagar,283.634,171.135
2010-03-16,Nagarjuna Sagar,295.757,168.027
2010-03-17,Nagarjuna Sagar,310.224,164.919
2010-03-18,Nagarjuna Sagar,296.795,161.812
2010-03-19,Nagarjuna Sagar,276.672,158.704
2010-03-20,Nagarjuna Sagar,279.821,155.596
2010-03-21,Nagarjuna Sagar,313.213,152.489
2010-03-22,Nagarjuna Sagar,311.835,149.381
2010-03-23,Nagarjuna Sagar,272.962,146.273
2010-03-24,Nagarjuna Sagar,309.826,143.166
2010-03-25,Nagarjuna Sagar,273.547,140.058
2010-03-26,Nagarjuna Sagar,312.461,136.95
2010-03-27,Nagarjuna Sagar,309.147,133.843
2010-03-28,Nagarjuna Sagar,283.067,130.735
2010-03-29,Nagarjuna Sagar,308.256,127.627
2010-03-30,Nagarjuna Sagar,303.812,124.52
2010-03-31,Nagarjuna Sagar,299.473,121.412
2010-04-01,Nagarjuna Sagar,329.04,118.304
2010-04-02,Nagarjuna Sagar,331.292,81.224
2010-04-03,Nagarjuna Sagar,299.952,67.451
2010-04-04,Nagarjuna Sagar,266.678,52.266
2010-04-05,Nagarjuna Sagar,283.714,54.031
2010-04-06,Nagarjuna Sagar,273.246,62.154
2010-04-07,Nagarjuna Sagar,287.532,61.094
2010-04-08,Nagarjuna Sagar,288.73,67.098
2010-04-09,Nagarjuna Sagar,236.99,180.458
2010-04-10,Nagarjuna Sagar,248.196,180.458
2010-04-11,Nagarjuna Sagar,250.887,180.458
2010-04-12,Nagarjuna Sagar,261.258,180.458
2010-04-13,Nagarjuna Sagar,238.423,177.001
2010-04-14,Nagarjuna Sagar,231.977,173.544
2010-04-15,Nagarjuna Sagar,231.566,170.087
2010-04-16,Nagarjuna Sagar,191.362,166.629
2010-04-17,Nagarjuna Sagar,126.757,163.172
2010-04-18,Nagarjuna Sagar,62.153,159.715
2010-04-19,Nagarjuna Sagar,58.707,156.258
2010-04-20,Nagarjuna Sagar,55.262,152.801
2010-04-21,Nagarjuna Sagar,51.817,149.344
2010-04-22,Nagarjuna Sagar,48.372,145.887
2010-04-23,Nagarjuna Sagar,44.927,142.43
2010-04-24,Nagarjuna Sagar,42.36,138.973
2010-04-25,Nagarjuna Sagar,39.237,135.515
2010-04-26,Nagarjuna Sagar,38.031,132.058
2010-04-27,Nagarjuna Sagar,36.826,128.601
2010-04-28,Nagarjuna Sagar,35.62,125.144
2010-04-29,Nagarjuna Sagar,34.415,121.687
2010-04-30,Nagarjuna Sagar,33.209,118.23
2010-05-01,Nagarjuna Sagar,28.266,114.773
2010-05-02,Nagarjuna Sagar,23.323,70.629
2010-05-03,Nagarjuna Sagar,24.404,68.51
2010-05-04,Nagarjuna Sagar,22.958,51.559
2010-05-05,Nagarjuna Sagar,22.584,54.031
2010-05-06,Nagarjuna Sagar,20.692,62.154
2010-05-07,Nagarjuna Sagar,22.813,61.094
2010-05-08,Nagarjuna Sagar,22.456,69.217
2010-05-09,Nagarjuna Sagar,20.733,180.458
2010-05-10,Nagarjuna Sagar,16.795,180.458
2010-05-11,Nagarjuna Sagar,17.618,180.458
2010-05-12,Nagarjuna Sagar,16.129,180.458
2010-05-13,Nagarjuna Sagar,16.758,177.121
2010-05-14,Nagarjuna Sagar,15.976,173.783
2010-05-15,Nagarjuna Sagar,15.706,170.446
2010-05-16,Nagarjuna Sagar,17.566,167.109
2010-05-17,Nagarjuna Sagar,15.632,163.772
2010-05-18,Nagarjuna Sagar,15.781,160.435
2010-05-19,Nagarjuna Sagar,18.079,157.097
2010-05-20,Nagarjuna Sagar,20.882,153.76
2010-05-21,Nagarjuna Sagar,110.283,150.423
2010-05-22,Nagarjuna Sagar,199.683,147.086
2010-05-23,Nagarjuna Sagar,104.922,143.748
2010-05-24,Nagarjuna Sagar,85.962,140.411
2010-05-25,Nagarjuna Sagar,67.002,137.074
2010-05-26,Nagarjuna Sagar,48.042,133.737
2010-05-27,Nagarjuna Sagar,29.082,130.399
2010-05-28,Nagarjuna Sagar,24.173,127.062
2010-05-29,Nagarjuna Sagar,24.011,123.725
2010-05-30,Nagarjuna Sagar,23.323,120.388
2010-05-31,Nagarjuna Sagar,25.03,117.05
2010-06-01,Nagarjuna Sagar,26.736,113.713
2010-06-02,Nagarjuna Sagar,25.839,79.811
2010-06-03,Nagarjuna Sagar,19.731,69.217
2010-06-04,Nagarjuna Sagar,18.714,50.853
2010-06-05,Nagarjuna Sagar,18.615,54.385
2010-06-06,Nagarjuna Sagar,14.271,62.154
2010-06-07,Nagarjuna Sagar,14.033,61.094
2010-06-08,Nagarjuna Sagar,13.796,72.042
2010-06-09,Nagarjuna Sagar,14.15,180.458
2010-06-10,Nagarjuna Sagar,17.319,180.458
2010-06-11,Nagarjuna Sagar,15.58,180.458
2010-06-12,Nagarjuna Sagar,16.048,180.458
2010-06-13,Nagarjuna Sagar,15.752,176.908
2010-06-14,Nagarjuna Sagar,20.622,173.358
2010-06-15,Nagarjuna Sagar,25.492,169.808
2010-06-16,Nagarjuna Sagar,30.362,166.258
2010-06-17,Nagarjuna Sagar,26.441,162.708
2010-06-18,Nagarjuna Sagar,22.119,159.158
2010-06-19,Nagarjuna Sagar,17.512,155.608
2010-06-20,Nagarjuna Sagar,18.953,152.058
2010-06-21,Nagarjuna Sagar,23.092,148.507
2010-06-22,Nagarjuna Sagar,24.581,144.957
2010-06-23,Nagarjuna Sagar,24.463,141.407
2010-06-24,Nagarjuna Sagar,27.93,137.857
2010-06-25,Nagarjuna Sagar,25.331,134.307
2010-06-26,Nagarjuna Sagar,24.887,130.757
2010-06-27,Nagarjuna Sagar,28.371,127.207
2010-06-28,Nagarjuna Sagar,29.313,123.657
2010-06-29,Nagarjuna Sagar,27.035,120.107
2010-06-30,Nagarjuna Sagar,25.8,116.557
2010-07-01,Nagarjuna Sagar,25.253,113.007
2010-07-02,Nagarjuna Sagar,25.702,79.458
2010-07-03,Nagarjuna Sagar,18.793,68.864
2010-07-04,Nagarjuna Sagar,21.564,50.5
2010-07-05,Nagarjuna Sagar,24.002,55.091
2010-07-06,Nagarjuna Sagar,53.771,62.507
2010-07-07,Nagarjuna Sagar,135.064,61.094
2010-07-08,Nagarjuna Sagar,216.357,74.514
2010-07-09,Nagarjuna Sagar,410.404,180.458
2010-07-10,Nagarjuna Sagar,257.945,180.458
2010-07-11,Nagarjuna Sagar,105.485,180.458
2010-07-12,Nagarjuna Sagar,117.429,180.458
2010-07-13,Nagarjuna Sagar,144.545,177.032
2010-07-14,Nagarjuna Sagar,130.326,173.607
2010-07-15,Nagarjuna Sagar,105.898,170.181
2010-07-16,Nagarjuna Sagar,81.47,166.756
2010-07-17,Nagarjuna Sagar,171.256,163.33
2010-07-18,Nagarjuna Sagar,380.658,159.905
2010-07-19,Nagarjuna Sagar,171.692,156.479
2010-07-20,Nagarjuna Sagar,107.418,153.054
2010-07-21,Nagarjuna Sagar,65.735,149.628
2010-07-22,Nagarjuna Sagar,87.116,146.203
2010-07-23,Nagarjuna Sagar,69.336,142.777
2010-07-24,Nagarjuna Sagar,84.786,139.352
2010-07-25,Nagarjuna Sagar,182.482,135.926
2010-07-26,Nagarjuna Sagar,186.303,132.501
2010-07-27,Nagarjuna Sagar,129.448,129.075
2010-07-28,Nagarjuna Sagar,101.028,125.65
2010-07-29,Nagarjuna Sagar,130.429,122.224
2010-07-30,Nagarjuna Sagar,108.82,118.799
2010-07-31,Nagarjuna Sagar,115.808,115.373
2010-08-01,Nagarjuna Sagar,78.024,111.947
2010-08-02,Nagarjuna Sagar,63.394,77.339
2010-08-03,Nagarjuna Sagar,48.764,67.098
2010-08-04,Nagarjuna Sagar,40.798,50.5
2010-08-05,Nagarjuna Sagar,35.219,56.503
2010-08-06,Nagarjuna Sagar,140.231,62.507
2010-08-07,Nagarjuna Sagar,242.959,61.094
2010-08-08,Nagarjuna Sagar,234.453,78.045
2010-08-09,Nagarjuna Sagar,542.201,180.458
2010-08-10,Nagarjuna Sagar,485.171,180.458
2010-08-11,Nagarjuna Sagar,428.142,180.458
2010-08-12,Nagarjuna Sagar,371.112,180.458
2010-08-13,Nagarjuna Sagar,314.083,176.962
2010-08-14,Nagarjuna Sagar,257.053,173.466
2010-08-15,Nagarjuna Sagar,200.024,169.969
2010-08-16,Nagarjuna Sagar,182.199,166.473
2010-08-17,Nagarjuna Sagar,182.195,162.977
2010-08-18,Nagarjuna Sagar,149.985,159.481
2010-08-19,Nagarjuna Sagar,121.968,155.985
2010-08-20,Nagarjuna Sagar,93.952,152.489
2010-08-21,Nagarjuna Sagar,89.684,148.993
2010-08-22,Nagarjuna Sagar,85.416,145.496
2010-08-23,Nagarjuna Sagar,99.765,142.0
2010-08-24,Nagarjuna Sagar,93.041,138.504
2010-08-25,Nagarjuna Sagar,621.606,135.008
2010-08-26,Nagarjuna Sagar,736.155,131.512
2010-08-27,Nagarjuna Sagar,743.771,128.016
2010-08-28,Nagarjuna Sagar,727.027,124.52
2010-08-29,Nagarjuna Sagar,534.573,121.023
2010-08-30,Nagarjuna Sagar,733.178,117.527
2010-08-31,Nagarjuna Sagar,578.656,114.031
2010-09-01,Nagarjuna Sagar,424.133,110.535
2010-09-02,Nagarjuna Sagar,836.425,76.633
2010-09-03,Nagarjuna Sagar,1248.717,67.451
2010-09-04,Nagarjuna Sagar,1299.269,50.147
2010-09-05,Nagarjuna Sagar,4697.065,56.503
2010-09-06,Nagarjuna Sagar,6005.742,62.507
2010-09-07,Nagarjuna Sagar,4169.458,61.094
2010-09-08,Nagarjuna Sagar,4337.102,81.93
2010-09-09,Nagarjuna Sagar,5099.482,180.458
2010-09-10,Nagarjuna Sagar,2368.287,180.458
2010-09-11,Nagarjuna Sagar,2791.079,180.458
2010-09-12,Nagarjuna Sagar,3366.651,180.458
2010-09-13,Nagarjuna Sagar,3320.832,176.741
2010-09-14,Nagarjuna Sagar,3855.266,173.023
2010-09-15,Nagarjuna Sagar,5490.654,169.306
2010-09-16,Nagarjuna Sagar,2835.909,165.589
2010-09-17,Nagarjuna Sagar,2124.981,161.871
2010-09-18,Nagarjuna Sagar,2532.512,158.154
2010-09-19,Nagarjuna Sagar,2207.058,154.437
2010-09-20,Nagarjuna Sagar,2307.61,150.719
2010-09-21,Nagarjuna Sagar,1753.003,147.002
2010-09-22,Nagarjuna Sagar,1539.34,143.285
2010-09-23,Nagarjuna Sagar,1545.803,139.567
2010-09-24,Nagarjuna Sagar,1659.755,135.85
2010-09-25,Nagarjuna Sagar,1431.511,132.133
2010-09-26,Nagarjuna Sagar,1201.206,128.415
2010-09-27,Nagarjuna Sagar,2777.105,124.698
2010-09-28,Nagarjuna Sagar,4353.004,120.981
2010-09-29,Nagarjuna Sagar,3362.21,117.263
2010-09-30,Nagarjuna Sagar,2297.096,113.546
2010-10-01,Nagarjuna Sagar,2095.418,109.829
2010-10-02,Nagarjuna Sagar,2046.189,76.633
2010-10-03,Nagarjuna Sagar,1459.016,67.451
2010-10-04,Nagarjuna Sagar,4728.832,49.441
2010-10-05,Nagarjuna Sagar,2371.919,57.916
2010-10-06,Nagarjuna Sagar,2205.322,62.507
2010-10-07,Nagarjuna Sagar,2556.794,61.094
2010-10-08,Nagarjuna Sagar,6020.967,86.168
2010-10-09,Nagarjuna Sagar,5680.33,180.458
2010-10-10,Nagarjuna Sagar,4612.575,180.458
2010-10-11,Nagarjuna Sagar,2505.173,180.458
2010-10-12,Nagarjuna Sagar,1333.838,180.458
2010-10-13,Nagarjuna Sagar,1208.472,176.926
2010-10-14,Nagarjuna Sagar,734.226,173.395
2010-10-15,Nagarjuna Sagar,703.14,169.864
2010-10-16,Nagarjuna Sagar,586.859,166.332
2010-10-17,Nagarjuna Sagar,470.578,162.801
2010-10-18,Nagarjuna Sagar,516.459,159.269
2010-10-19,Nagarjuna Sagar,636.229,155.738
2010-10-20,Nagarjuna Sagar,786.636,152.206
2010-10-21,Nagarjuna Sagar,485.108,148.675
2010-10-22,Nagarjuna Sagar,400.121,145.143
2010-10-23,Nagarjuna Sagar,315.134,141.612
2010-10-24,Nagarjuna Sagar,304.675,138.08
2010-10-25,Nagarjuna Sagar,714.802,134.549
2010-10-26,Nagarjuna Sagar,502.851,131.017
2010-10-27,Nagarjuna Sagar,798.009,127.486
2010-10-28,Nagarjuna Sagar,1093.168,123.954
2010-10-29,Nagarjuna Sagar,742.596,120.423
2010-10-30,Nagarjuna Sagar,294.036,116.892
2010-10-31,Nagarjuna Sagar,297.206,113.36
2010-11-01,Nagarjuna Sagar,491.807,109.829
2010-11-02,Nagarjuna Sagar,755.742,76.28
2010-11-03,Nagarjuna Sagar,532.898,66.745
2010-11-04,Nagarjuna Sagar,601.167,48.734
2010-11-05,Nagarjuna Sagar,581.465,58.269
2010-11-06,Nagarjuna Sagar,545.472,62.507
2010-11-07,Nagarjuna Sagar,406.556,61.094
2010-11-08,Nagarjuna Sagar,532.827,90.759
2010-11-09,Nagarjuna Sagar,604.268,180.458
2010-11-10,Nagarjuna Sagar,1093.796,180.458
2010-11-11,Nagarjuna Sagar,1884.805,180.458
2010-11-12,Nagarjuna Sagar,1799.59,180.458
2010-11-13,Nagarjuna Sagar,1884.805,176.741
2010-11-14,Nagarjuna Sagar,1744.054,173.023
2010-11-15,Nagarjuna Sagar,1830.546,169.306
2010-11-16,Nagarjuna Sagar,1721.855,165.589
2010-11-17,Nagarjuna Sagar,1232.955,161.871
2010-11-18,Nagarjuna Sagar,1080.089,158.154
2010-11-19,Nagarjuna Sagar,695.654,154.437
2010-11-20,Nagarjuna Sagar,404.652,150.719
2010-11-21,Nagarjuna Sagar,316.068,147.002
2010-11-22,Nagarjuna Sagar,285.149,143.285
2010-11-23,Nagarjuna Sagar,254.231,139.567
2010-11-24,Nagarjuna Sagar,216.461,135.85
2010-11-25,Nagarjuna Sagar,223.81,132.133
2010-11-26,Nagarjuna Sagar,222.59,128.415
2010-11-27,Nagarjuna Sagar,196.342,124.698
2010-11-28,Nagarjuna Sagar,241.03,120.981
2010-11-29,Nagarjuna Sagar,235.427,117.263
2010-11-30,Nagarjuna Sagar,184.899,113.546
2010-12-01,Nagarjuna Sagar,153.447,109.829
2010-12-02,Nagarjuna Sagar,151.163,75.927
2010-12-03,Nagarjuna Sagar,178.884,66.038
2010-12-04,Nagarjuna Sagar,169.988,49.441
2010-12-05,Nagarjuna Sagar,191.144,58.975
2010-12-06,Nagarjuna Sagar,167.647,62.507
2010-12-07,Nagarjuna Sagar,182.025,61.094
2010-12-08,Nagarjuna Sagar,566.593,95.703
2010-12-09,Nagarjuna Sagar,972.713,180.458
2010-12-10,Nagarjuna Sagar,568.311,180.458
2010-12-11,Nagarjuna Sagar,287.738,180.458
2010-12-12,Nagarjuna Sagar,224.77,180.458
2010-12-13,Nagarjuna Sagar,170.669,180.458
2010-12-14,Nagarjuna Sagar,131.409,180.458
2010-12-15,Nagarjuna Sagar,142.782,180.458
2010-12-16,Nagarjuna Sagar,105.702,180.458
2010-12-17,Nagarjuna Sagar,109.774,180.458
2010-12-18,Nagarjuna Sagar,99.553,180.458
2010-12-19,Nagarjuna Sagar,111.953,180.458
2010-12-20,Nagarjuna Sagar,98.208,180.458
2010-12-21,Nagarjuna Sagar,94.728,180.458
2010-12-22,Nagarjuna Sagar,96.766,180.458
2010-12-23,Nagarjuna Sagar,90.933,180.458
2010-12-24,Nagarjuna Sagar,84.233,180.458
2010-12-25,Nagarjuna Sagar,91.197,180.458
2010-12-26,Nagarjuna Sagar,93.17,180.458
2010-12-27,Nagarjuna Sagar,120.839,180.458
2010-12-28,Nagarjuna Sagar,131.963,180.458
2010-12-29,Nagarjuna Sagar,135.664,180.458
2010-12-30,Nagarjuna Sagar,148.633,180.458
2010-12-31,Nagarjuna Sagar,122.041,180.458
2011-01-01,Nagarjuna Sagar,152.77,180.458
2011-01-02,Nagarjuna Sagar,163.11,179.045
2011-01-03,Nagarjuna Sagar,188.172,147.968
2011-01-04,Nagarjuna Sagar,176.128,151.147
2011-01-05,Nagarjuna Sagar,137.681,136.315
2011-01-06,Nagarjuna Sagar,182.541,139.14
2011-01-07,Nagarjuna Sagar,182.325,147.615
2011-01-08,Nagarjuna Sagar,181.223,134.196
2011-01-09,Nagarjuna Sagar,168.525,160.329
2011-01-10,Nagarjuna Sagar,197.049,180.458
2011-01-11,Nagarjuna Sagar,185.788,168.451
2011-01-12,Nagarjuna Sagar,220.388,102.413
2011-01-13,Nagarjuna Sagar,228.971,106.315
2011-01-14,Nagarjuna Sagar,218.437,110.217
2011-01-15,Nagarjuna Sagar,247.703,114.119
2011-01-16,Nagarjuna Sagar,261.353,118.022
2011-01-17,Nagarjuna Sagar,239.439,121.924
2011-01-18,Nagarjuna Sagar,225.429,125.826
2011-01-19,Nagarjuna Sagar,258.898,129.728
2011-01-20,Nagarjuna Sagar,282.599,133.631
2011-01-21,Nagarjuna Sagar,291.852,137.533
2011-01-22,Nagarjuna Sagar,227.732,141.435
2011-01-23,Nagarjuna Sagar,254.48,145.338
2011-01-24,Nagarjuna Sagar,257.871,149.24
2011-01-25,Nagarjuna Sagar,297.909,153.142
2011-01-26,Nagarjuna Sagar,268.325,157.044
2011-01-27,Nagarjuna Sagar,252.727,160.947
2011-01-28,Nagarjuna Sagar,247.564,164.849
2011-01-29,Nagarjuna Sagar,257.574,168.751
2011-01-30,Nagarjuna Sagar,257.904,172.653
2011-01-31,Nagarjuna Sagar,229.978,176.556
2011-02-01,Nagarjuna Sagar,281.434,180.458
2011-02-02,Nagarjuna Sagar,227.912,179.045
2011-02-03,Nagarjuna Sagar,246.399,147.968
2011-02-04,Nagarjuna Sagar,234.633,152.913
2011-02-05,Nagarjuna Sagar,251.557,135.961
2011-02-06,Nagarjuna Sagar,215.308,139.14
2011-02-07,Nagarjuna Sagar,260.781,147.262
2011-02-08,Nagarjuna Sagar,254.359,134.196
2011-02-09,Nagarjuna Sagar,226.33,166.332
2011-02-10,Nagarjuna Sagar,192.097,180.458
2011-02-11,Nagarjuna Sagar,209.101,166.685
2011-02-12,Nagarjuna Sagar,221.195,100.647
2011-02-13,Nagarjuna Sagar,231.201,105.342
2011-02-14,Nagarjuna Sagar,192.766,110.036
2011-02-15,Nagarjuna Sagar,253.638,114.731
2011-02-16,Nagarjuna Sagar,215.308,119.426
2011-02-17,Nagarjuna Sagar,204.122,124.121
2011-02-18,Nagarjuna Sagar,192.785,128.815
2011-02-19,Nagarjuna Sagar,175.383,133.51
2011-02-20,Nagarjuna Sagar,163.11,138.205
2011-02-21,Nagarjuna Sagar,173.361,142.9
2011-02-22,Nagarjuna Sagar,206.95,147.595
2011-02-23,Nagarjuna Sagar,286.245,152.289
2011-02-24,Nagarjuna Sagar,236.409,156.984
2011-02-25,Nagarjuna Sagar,186.572,161.679
2011-02-26,Nagarjuna Sagar,166.997,166.374
2011-02-27,Nagarjuna Sagar,174.036,171.068
2011-02-28,Nagarjuna Sagar,187.82,175.763
2011-03-01,Nagarjuna Sagar,173.56,180.458
2011-03-02,Nagarjuna Sagar,177.705,179.045
2011-03-03,Nagarjuna Sagar,162.144,148.675
2011-03-04,Nagarjuna Sagar,168.632,152.913
2011-03-05,Nagarjuna Sagar,173.396,135.608
2011-03-06,Nagarjuna Sagar,149.987,139.14
2011-03-07,Nagarjuna Sagar,151.336,147.615
2011-03-08,Nagarjuna Sagar,165.773,134.196
2011-03-09,Nagarjuna Sagar,180.21,175.867
2011-03-10,Nagarjuna Sagar,206.742,180.458
2011-03-11,Nagarjuna Sagar,187.219,164.919
2011-03-12,Nagarjuna Sagar,188.245,99.587
2011-03-13,Nagarjuna Sagar,224.77,103.631
2011-03-14,Nagarjuna Sagar,190.119,107.674
2011-03-15,Nagarjuna Sagar,223.049,111.718
2011-03-16,Nagarjuna Sagar,229.706,115.761
2011-03-17,Nagarjuna Sagar,225.844,119.805
2011-03-18,Nagarjuna Sagar,236.675,123.849
2011-03-19,Nagarjuna Sagar,256.43,127.892
2011-03-20,Nagarjuna Sagar,247.706,131.936
2011-03-21,Nagarjuna Sagar,225.382,135.979
2011-03-22,Nagarjuna Sagar,223.581,140.023
2011-03-23,Nagarjuna Sagar,253.874,144.066
2011-03-24,Nagarjuna Sagar,248.366,148.11
2011-03-25,Nagarjuna Sagar,239.811,152.153
2011-03-26,Nagarjuna Sagar,231.257,156.197
2011-03-27,Nagarjuna Sagar,257.904,160.24
2011-03-28,Nagarjuna Sagar,256.877,164.284
2011-03-29,Nagarjuna Sagar,255.849,168.327
2011-03-30,Nagarjuna Sagar,235.135,172.371
2011-03-31,Nagarjuna Sagar,237.662,176.414
2011-04-01,Nagarjuna Sagar,274.902,180.458
2011-04-02,Nagarjuna Sagar,255.224,179.045
2011-04-03,Nagarjuna Sagar,224.77,148.322
2011-04-04,Nagarjuna Sagar,227.973,151.5
2011-04-05,Nagarjuna Sagar,197.4,135.255
2011-04-06,Nagarjuna Sagar,198.224,139.493
2011-04-07,Nagarjuna Sagar,188.248,147.262
2011-04-08,Nagarjuna Sagar,166.711,134.549
2011-04-09,Nagarjuna Sagar,124.997,180.458
2011-04-10,Nagarjuna Sagar,163.11,180.458
2011-04-11,Nagarjuna Sagar,137.875,162.094
2011-04-12,Nagarjuna Sagar,129.566,98.175
2011-04-13,Nagarjuna Sagar,138.959,102.505
2011-04-14,Nagarjuna Sagar,155.165,106.836
2011-04-15,Nagarjuna Sagar,146.039,111.167
2011-04-16,Nagarjuna Sagar,132.61,115.498
2011-04-17,Nagarjuna Sagar,127.856,119.828
2011-04-18,Nagarjuna Sagar,147.386,124.159
2011-04-19,Nagarjuna Sagar,135.378,128.49
2011-04-20,Nagarjuna Sagar,114.808,132.82
2011-04-21,Nagarjuna Sagar,120.937,137.151
2011-04-22,Nagarjuna Sagar,127.856,141.482
2011-04-23,Nagarjuna Sagar,250.999,145.812
2011-04-24,Nagarjuna Sagar,251.08,150.143
2011-04-25,Nagarjuna Sagar,150.788,154.474
2011-04-26,Nagarjuna Sagar,117.898,158.804
2011-04-27,Nagarjuna Sagar,89.529,163.135
2011-04-28,Nagarjuna Sagar,61.159,167.466
2011-04-29,Nagarjuna Sagar,33.671,171.797
2011-04-30,Nagarjuna Sagar,68.593,176.127
2011-05-01,Nagarjuna Sagar,64.438,180.458
2011-05-02,Nagarjuna Sagar,31.182,179.045
2011-05-03,Nagarjuna Sagar,32.748,146.909
2011-05-04,Nagarjuna Sagar,35.703,151.5
2011-05-05,Nagarjuna Sagar,34.358,135.255
2011-05-06,Nagarjuna Sagar,43.954,139.493
2011-05-07,Nagarjuna Sagar,47.455,147.615
2011-05-08,Nagarjuna Sagar,42.709,133.489
2011-05-09,Nagarjuna Sagar,44.202,180.458
2011-05-10,Nagarjuna Sagar,45.778,180.458
2011-05-11,Nagarjuna Sagar,41.669,159.622
2011-05-12,Nagarjuna Sagar,41.032,96.762
2011-05-13,Nagarjuna Sagar,40.318,100.947
2011-05-14,Nagarjuna Sagar,33.226,105.132
2011-05-15,Nagarjuna Sagar,36.121,109.317
2011-05-16,Nagarjuna Sagar,34.458,113.501
2011-05-17,Nagarjuna Sagar,33.572,117.686
2011-05-18,Nagarjuna Sagar,35.598,121.871
2011-05-19,Nagarjuna Sagar,50.359,126.056
2011-05-20,Nagarjuna Sagar,50.851,130.24
2011-05-21,Nagarjuna Sagar,48.574,134.425
2011-05-22,Nagarjuna Sagar,42.709,138.61
2011-05-23,Nagarjuna Sagar,45.222,142.795
2011-05-24,Nagarjuna Sagar,43.765,146.98
2011-05-25,Nagarjuna Sagar,43.5,151.164
2011-05-26,Nagarjuna Sagar,47.381,155.349
2011-05-27,Nagarjuna Sagar,43.855,159.534
2011-05-28,Nagarjuna Sagar,44.784,163.719
2011-05-29,Nagarjuna Sagar,48.009,167.904
2011-05-30,Nagarjuna Sagar,36.431,172.088
2011-05-31,Nagarjuna Sagar,32.916,176.273
2011-06-01,Nagarjuna Sagar,35.96,180.458
2011-06-02,Nagarjuna Sagar,36.433,179.045
2011-06-03,Nagarjuna Sagar,35.499,145.85
2011-06-04,Nagarjuna Sagar,33.52,151.147
2011-06-05,Nagarjuna Sagar,36.469,135.961
2011-06-06,Nagarjuna Sagar,30.895,139.846
2011-06-07,Nagarjuna Sagar,30.952,146.556
2011-06-08,Nagarjuna Sagar,34.989,133.489
2011-06-09,Nagarjuna Sagar,33.736,180.458
2011-06-10,Nagarjuna Sagar,35.63,180.458
2011-06-11,Nagarjuna Sagar,32.871,156.444
2011-06-12,Nagarjuna Sagar,33.511,95.35
2011-06-13,Nagarjuna Sagar,32.425,99.829
2011-06-14,Nagarjuna Sagar,32.378,104.308
2011-06-15,Nagarjuna Sagar,32.039,108.788
2011-06-16,Nagarjuna Sagar,31.7,113.267
2011-06-17,Nagarjuna Sagar,31.361,117.747
2011-06-18,Nagarjuna Sagar,31.022,122.226
2011-06-19,Nagarjuna Sagar,30.683,126.705
2011-06-20,Nagarjuna Sagar,29.494,131.185
2011-06-21,Nagarjuna Sagar,28.306,135.664
2011-06-22,Nagarjuna Sagar,27.117,140.143
2011-06-23,Nagarjuna Sagar,25.928,144.623
2011-06-24,Nagarjuna Sagar,24.74,149.102
2011-06-25,Nagarjuna Sagar,24.09,153.582
2011-06-26,Nagarjuna Sagar,24.583,158.061
2011-06-27,Nagarjuna Sagar,22.952,162.54
2011-06-28,Nagarjuna Sagar,21.322,167.02
2011-06-29,Nagarjuna Sagar,21.546,171.499
2011-06-30,Nagarjuna Sagar,22.59,175.979
2011-07-01,Nagarjuna Sagar,28.876,180.458
2011-07-02,Nagarjuna Sagar,49.48,179.045
2011-07-03,Nagarjuna Sagar,101.533,145.143
2011-07-04,Nagarjuna Sagar,127.791,151.5
2011-07-05,Nagarjuna Sagar,132.112,136.668
2011-07-06,Nagarjuna Sagar,142.659,139.846
2011-07-07,Nagarjuna Sagar,145.084,146.203
2011-07-08,Nagarjuna Sagar,173.308,132.077
2011-07-09,Nagarjuna Sagar,165.763,180.458
2011-07-10,Nagarjuna Sagar,160.101,180.458
2011-07-11,Nagarjuna Sagar,155.685,152.206
2011-07-12,Nagarjuna Sagar,149.816,93.937
2011-07-13,Nagarjuna Sagar,171.116,98.263
2011-07-14,Nagarjuna Sagar,175.668,102.589
2011-07-15,Nagarjuna Sagar,186.862,106.915
2011-07-16,Nagarjuna Sagar,183.57,111.241
2011-07-17,Nagarjuna Sagar,229.622,115.567
2011-07-18,Nagarjuna Sagar,217.922,119.893
2011-07-19,Nagarjuna Sagar,223.37,124.219
2011-07-20,Nagarjuna Sagar,261.768,128.545
2011-07-21,Nagarjuna Sagar,283.794,132.871
2011-07-22,Nagarjuna Sagar,305.37,137.197
2011-07-23,Nagarjuna Sagar,312.021,141.524
2011-07-24,Nagarjuna Sagar,351.627,145.85
2011-07-25,Nagarjuna Sagar,473.013,150.176
2011-07-26,Nagarjuna Sagar,594.4,154.502
2011-07-27,Nagarjuna Sagar,715.786,158.828
2011-07-28,Nagarjuna Sagar,628.974,163.154
2011-07-29,Nagarjuna Sagar,542.161,167.48
2011-07-30,Nagarjuna Sagar,455.348,171.806
2011-07-31,Nagarjuna Sagar,368.536,176.132
2011-08-01,Nagarjuna Sagar,322.282,180.458
2011-08-02,Nagarjuna Sagar,317.444,179.045
2011-08-03,Nagarjuna Sagar,304.153,146.203
2011-08-04,Nagarjuna Sagar,320.647,151.147
2011-08-05,Nagarjuna Sagar,304.057,137.374
2011-08-06,Nagarjuna Sagar,320.052,140.552
2011-08-07,Nagarjuna Sagar,440.71,146.203
2011-08-08,Nagarjuna Sagar,539.925,129.958
2011-08-09,Nagarjuna Sagar,673.242,180.458
2011-08-10,Nagarjuna Sagar,631.836,180.458
2011-08-11,Nagarjuna Sagar,624.617,151.147
2011-08-12,Nagarjuna Sagar,649.159,92.878
2011-08-13,Nagarjuna Sagar,617.606,97.257
2011-08-14,Nagarjuna Sagar,499.682,101.636
2011-08-15,Nagarjuna Sagar,545.611,106.015
2011-08-16,Nagarjuna Sagar,694.823,110.394
2011-08-17,Nagarjuna Sagar,681.757,114.773
2011-08-18,Nagarjuna Sagar,692.351,119.152
2011-08-19,Nagarjuna Sagar,775.178,123.531
2011-08-20,Nagarjuna Sagar,751.184,127.91
2011-08-21,Nagarjuna Sagar,687.507,132.289
2011-08-22,Nagarjuna Sagar,702.977,136.668
2011-08-23,Nagarjuna Sagar,712.226,141.047
2011-08-24,Nagarjuna Sagar,519.5,145.426
2011-08-25,Nagarjuna Sagar,357.115,149.805
2011-08-26,Nagarjuna Sagar,736.056,154.184
2011-08-27,Nagarjuna Sagar,662.983,158.563
2011-08-28,Nagarjuna Sagar,516.119,162.942
2011-08-29,Nagarjuna Sagar,352.406,167.321
2011-08-30,Nagarjuna Sagar,342.309,171.7
2011-08-31,Nagarjuna Sagar,322.319,176.079
2011-09-01,Nagarjuna Sagar,312.87,180.458
2011-09-02,Nagarjuna Sagar,287.023,172.689
2011-09-03,Nagarjuna Sagar,255.953,147.615
2011-09-04,Nagarjuna Sagar,240.244,151.5
2011-09-05,Nagarjuna Sagar,646.649,137.727
2011-09-06,Nagarjuna Sagar,9474.291,140.552
2011-09-07,Nagarjuna Sagar,10048.907,146.203
2011-09-08,Nagarjuna Sagar,10623.522,130.664
2011-09-09,Nagarjuna Sagar,12951.176,180.458
2011-09-10,Nagarjuna Sagar,12843.958,180.458
2011-09-11,Nagarjuna Sagar,7461.326,149.381
2011-09-12,Nagarjuna Sagar,4013.442,91.818
2011-09-13,Nagarjuna Sagar,7752.99,96.483
2011-09-14,Nagarjuna Sagar,2531.473,101.149
2011-09-15,Nagarjuna Sagar,1914.818,105.814
2011-09-16,Nagarjuna Sagar,1298.163,110.479
2011-09-17,Nagarjuna Sagar,681.508,115.144
2011-09-18,Nagarjuna Sagar,639.703,119.81
2011-09-19,Nagarjuna Sagar,768.178,124.475
2011-09-20,Nagarjuna Sagar,670.865,129.14
2011-09-21,Nagarjuna Sagar,634.596,133.805
2011-09-22,Nagarjuna Sagar,624.787,138.471
2011-09-23,Nagarjuna Sagar,653.165,143.136
2011-09-24,Nagarjuna Sagar,615.55,147.801
2011-09-25,Nagarjuna Sagar,611.953,152.466
2011-09-26,Nagarjuna Sagar,554.999,157.132
2011-09-27,Nagarjuna Sagar,645.358,161.797
2011-09-28,Nagarjuna Sagar,657.014,166.462
2011-09-29,Nagarjuna Sagar,724.858,171.127
2011-09-30,Nagarjuna Sagar,551.808,175.793
2011-10-01,Nagarjuna Sagar,548.709,180.458
2011-10-02,Nagarjuna Sagar,545.611,171.982
2011-10-03,Nagarjuna Sagar,569.572,149.381
2011-10-04,Nagarjuna Sagar,557.0,151.147
2011-10-05,Nagarjuna Sagar,544.429,137.727
2011-10-06,Nagarjuna Sagar,532.858,140.552
2011-10-07,Nagarjuna Sagar,535.974,146.203
2011-10-08,Nagarjuna Sagar,539.09,131.724
2011-10-09,Nagarjuna Sagar,584.899,180.458
2011-10-10,Nagarjuna Sagar,546.553,180.458
2011-10-11,Nagarjuna Sagar,519.129,146.556
2011-10-12,Nagarjuna Sagar,663.314,90.759
2011-10-13,Nagarjuna Sagar,584.384,95.244
2011-10-14,Nagarjuna Sagar,681.561,99.729
2011-10-15,Nagarjuna Sagar,639.825,104.214
2011-10-16,Nagarjuna Sagar,593.84,108.699
2011-10-17,Nagarjuna Sagar,609.768,113.184
2011-10-18,Nagarjuna Sagar,545.114,117.668
2011-10-19,Nagarjuna Sagar,529.363,122.153
2011-10-20,Nagarjuna Sagar,508.306,126.638
2011-10-21,Nagarjuna Sagar,491.184,131.123
2011-10-22,Nagarjuna Sagar,504.469,135.608
2011-10-23,Nagarjuna Sagar,487.551,140.093
2011-10-24,Nagarjuna Sagar,516.252,144.578
2011-10-25,Nagarjuna Sagar,550.444,149.063
2011-10-26,Nagarjuna Sagar,537.09,153.548
2011-10-27,Nagarjuna Sagar,529.767,158.033
2011-10-28,Nagarjuna Sagar,559.327,162.518
2011-10-29,Nagarjuna Sagar,588.887,167.003
2011-10-30,Nagarjuna Sagar,635.029,171.488
2011-10-31,Nagarjuna Sagar,521.92,175.973
2011-11-01,Nagarjuna Sagar,490.51,180.458
2011-11-02,Nagarjuna Sagar,493.856,170.57
2011-11-03,Nagarjuna Sagar,376.237,154.325
2011-11-04,Nagarjuna Sagar,379.456,152.206
2011-11-05,Nagarjuna Sagar,382.676,138.08
2011-11-06,Nagarjuna Sagar,385.896,140.552
2011-11-07,Nagarjuna Sagar,396.529,146.203
2011-11-08,Nagarjuna Sagar,392.985,134.902
2011-11-09,Nagarjuna Sagar,389.44,180.458
2011-11-10,Nagarjuna Sagar,385.896,180.458
2011-11-11,Nagarjuna Sagar,478.399,145.143
2011-11-12,Nagarjuna Sagar,695.51,89.699
2011-11-13,Nagarjuna Sagar,702.23,94.476
2011-11-14,Nagarjuna Sagar,799.908,99.253
2011-11-15,Nagarjuna Sagar,659.134,104.03
2011-11-16,Nagarjuna Sagar,518.36,108.806
2011-11-17,Nagarjuna Sagar,377.585,113.583
2011-11-18,Nagarjuna Sagar,375.744,118.36
2011-11-19,Nagarjuna Sagar,373.904,123.137
2011-11-20,Nagarjuna Sagar,382.388,127.913
2011-11-21,Nagarjuna Sagar,347.763,132.69
2011-11-22,Nagarjuna Sagar,347.65,137.467
2011-11-23,Nagarjuna Sagar,369.854,142.244
2011-11-24,Nagarjuna Sagar,388.299,147.021
2011-11-25,Nagarjuna Sagar,357.98,151.797
2011-11-26,Nagarjuna Sagar,373.105,156.574
2011-11-27,Nagarjuna Sagar,368.536,161.351
2011-11-28,Nagarjuna Sagar,330.063,166.128
2011-11-29,Nagarjuna Sagar,309.601,170.904
2011-11-30,Nagarjuna Sagar,305.186,175.681
2011-12-01,Nagarjuna Sagar,238.044,180.458
2011-12-02,Nagarjuna Sagar,205.523,170.217
2011-12-03,Nagarjuna Sagar,191.354,151.147
2011-12-04,Nagarjuna Sagar,164.482,152.206
2011-12-05,Nagarjuna Sagar,164.803,138.08
2011-12-06,Nagarjuna Sagar,138.734,140.552
2011-12-07,Nagarjuna Sagar,126.444,146.203
2011-12-08,Nagarjuna Sagar,116.025,138.08
2011-12-09,Nagarjuna Sagar,111.448,180.458
2011-12-10,Nagarjuna Sagar,106.872,180.458
2011-12-11,Nagarjuna Sagar,115.619,143.024
2011-12-12,Nagarjuna Sagar,126.978,88.287
2011-12-13,Nagarjuna Sagar,137.541,87.121
2011-12-14,Nagarjuna Sagar,148.104,85.956
2011-12-15,Nagarjuna Sagar,158.667,84.791
2011-12-16,Nagarjuna Sagar,171.64,83.625
2011-12-17,Nagarjuna Sagar,170.913,82.46
2011-12-18,Nagarjuna Sagar,162.233,81.294
2011-12-19,Nagarjuna Sagar,165.648,80.129
2011-12-20,Nagarjuna Sagar,141.66,78.964
2011-12-21,Nagarjuna Sagar,141.937,77.798
2011-12-22,Nagarjuna Sagar,126.859,76.633
2011-12-23,Nagarjuna Sagar,110.693,75.467
2011-12-24,Nagarjuna Sagar,94.527,74.302
2011-12-25,Nagarjuna Sagar,78.28,73.137
2011-12-26,Nagarjuna Sagar,67.115,71.971
2011-12-27,Nagarjuna Sagar,78.748,70.806
2011-12-28,Nagarjuna Sagar,90.382,69.641
2011-12-29,Nagarjuna Sagar,101.145,68.475
2011-12-30,Nagarjuna Sagar,111.908,67.31
2011-12-31,Nagarjuna Sagar,122.67,66.144
2012-01-01,Nagarjuna Sagar,121.157,64.979
2012-01-02,Nagarjuna Sagar,131.737,54.031
2012-01-03,Nagarjuna Sagar,155.113,49.087
2012-01-04,Nagarjuna Sagar,139.782,43.084
2012-01-05,Nagarjuna Sagar,111.136,43.084
2012-01-06,Nagarjuna Sagar,123.271,42.731
2012-01-07,Nagarjuna Sagar,94.649,40.965
2012-01-08,Nagarjuna Sagar,66.026,41.671
2012-01-09,Nagarjuna Sagar,59.095,38.493
2012-01-10,Nagarjuna Sagar,56.233,78.399
2012-01-11,Nagarjuna Sagar,58.332,84.755
2012-01-12,Nagarjuna Sagar,81.301,79.105
2012-01-13,Nagarjuna Sagar,104.271,78.328
2012-01-14,Nagarjuna Sagar,104.643,77.551
2012-01-15,Nagarjuna Sagar,105.015,76.774
2012-01-16,Nagarjuna Sagar,98.719,75.997
2012-01-17,Nagarjuna Sagar,92.424,75.22
2012-01-18,Nagarjuna Sagar,87.849,74.443
2012-01-19,Nagarjuna Sagar,90.271,73.666
2012-01-20,Nagarjuna Sagar,87.731,72.889
2012-01-21,Nagarjuna Sagar,85.191,72.113
2012-01-22,Nagarjuna Sagar,82.651,71.336
2012-01-23,Nagarjuna Sagar,75.458,70.559
2012-01-24,Nagarjuna Sagar,68.265,69.782
2012-01-25,Nagarjuna Sagar,61.071,69.005
2012-01-26,Nagarjuna Sagar,53.878,68.228
2012-01-27,Nagarjuna Sagar,53.5,67.451
2012-01-28,Nagarjuna Sagar,53.123,66.674
2012-01-29,Nagarjuna Sagar,52.745,65.897
2012-01-30,Nagarjuna Sagar,51.301,65.12
2012-01-31,Nagarjuna Sagar,49.524,64.343
2012-02-01,Nagarjuna Sagar,49.324,63.566
2012-02-02,Nagarjuna Sagar,49.081,54.031
2012-02-03,Nagarjuna Sagar,49.85,50.147
2012-02-04,Nagarjuna Sagar,50.372,43.084
2012-02-05,Nagarjuna Sagar,55.025,43.084
2012-02-06,Nagarjuna Sagar,62.619,42.731
2012-02-07,Nagarjuna Sagar,66.08,40.612
2012-02-08,Nagarjuna Sagar,69.54,41.671
2012-02-09,Nagarjuna Sagar,67.44,38.493
2012-02-10,Nagarjuna Sagar,66.552,79.105
2012-02-11,Nagarjuna Sagar,63.831,84.755
2012-02-12,Nagarjuna Sagar,63.475,78.399
2012-02-13,Nagarjuna Sagar,61.832,77.516
2012-02-14,Nagarjuna Sagar,62.176,76.633
2012-02-15,Nagarjuna Sagar,61.479,75.75
2012-02-16,Nagarjuna Sagar,61.614,74.867
2012-02-17,Nagarjuna Sagar,60.079,73.984
2012-02-18,Nagarjuna Sagar,58.011,73.101
2012-02-19,Nagarjuna Sagar,60.985,72.218
2012-02-20,Nagarjuna Sagar,60.985,71.336
2012-02-21,Nagarjuna Sagar,56.776,70.453
2012-02-22,Nagarjuna Sagar,56.993,69.57
2012-02-23,Nagarjuna Sagar,56.07,68.687
2012-02-24,Nagarjuna Sagar,56.564,67.804
2012-02-25,Nagarjuna Sagar,56.614,66.921
2012-02-26,Nagarjuna Sagar,62.223,66.038
2012-02-27,Nagarjuna Sagar,59.853,65.156
2012-02-28,Nagarjuna Sagar,62.398,64.273
2012-02-29,Nagarjuna Sagar,64.942,63.39
2012-03-01,Nagarjuna Sagar,67.487,62.507
2012-03-02,Nagarjuna Sagar,64.733,54.031
2012-03-03,Nagarjuna Sagar,59.266,49.794
2012-03-04,Nagarjuna Sagar,60.985,43.084
2012-03-05,Nagarjuna Sagar,55.697,43.084
2012-03-06,Nagarjuna Sagar,56.914,42.731
2012-03-07,Nagarjuna Sagar,54.892,40.612
2012-03-08,Nagarjuna Sagar,54.573,41.671
2012-03-09,Nagarjuna Sagar,70.425,38.846
2012-03-10,Nagarjuna Sagar,60.593,79.105
2012-03-11,Nagarjuna Sagar,58.556,84.755
2012-03-12,Nagarjuna Sagar,48.811,76.986
2012-03-13,Nagarjuna Sagar,39.065,76.227
2012-03-14,Nagarjuna Sagar,29.319,75.467
2012-03-15,Nagarjuna Sagar,53.703,74.708
2012-03-16,Nagarjuna Sagar,78.087,73.949
2012-03-17,Nagarjuna Sagar,102.471,73.19
2012-03-18,Nagarjuna Sagar,126.854,72.43
2012-03-19,Nagarjuna Sagar,117.674,71.671
2012-03-20,Nagarjuna Sagar,108.494,70.912
2012-03-21,Nagarjuna Sagar,119.121,70.153
2012-03-22,Nagarjuna Sagar,123.337,69.393
2012-03-23,Nagarjuna Sagar,119.293,68.634
2012-03-24,Nagarjuna Sagar,132.107,67.875
2012-03-25,Nagarjuna Sagar,144.921,67.116
2012-03-26,Nagarjuna Sagar,147.075,66.356
2012-03-27,Nagarjuna Sagar,149.23,65.597
2012-03-28,Nagarjuna Sagar,151.385,64.838
2012-03-29,Nagarjuna Sagar,153.539,64.078
2012-03-30,Nagarjuna Sagar,155.694,63.319
2012-03-31,Nagarjuna Sagar,157.849,62.56
2012-04-01,Nagarjuna Sagar,160.003,61.801
2012-04-02,Nagarjuna Sagar,144.989,53.325
2012-04-03,Nagarjuna Sagar,129.974,49.441
2012-04-04,Nagarjuna Sagar,114.96,43.084
2012-04-05,Nagarjuna Sagar,99.945,43.084
2012-04-06,Nagarjuna Sagar,79.721,42.731
2012-04-07,Nagarjuna Sagar,32.588,40.259
2012-04-08,Nagarjuna Sagar,30.611,41.671
2012-04-09,Nagarjuna Sagar,24.894,38.846
2012-04-10,Nagarjuna Sagar,23.332,79.105
2012-04-11,Nagarjuna Sagar,21.77,84.755
2012-04-12,Nagarjuna Sagar,20.209,75.927
2012-04-13,Nagarjuna Sagar,19.804,75.146
2012-04-14,Nagarjuna Sagar,15.348,74.365
2012-04-15,Nagarjuna Sagar,14.314,73.585
2012-04-16,Nagarjuna Sagar,13.102,72.804
2012-04-17,Nagarjuna Sagar,18.457,72.023
2012-04-18,Nagarjuna Sagar,17.032,71.243
2012-04-19,Nagarjuna Sagar,16.688,70.462
2012-04-20,Nagarjuna Sagar,16.405,69.681
2012-04-21,Nagarjuna Sagar,14.418,68.901
2012-04-22,Nagarjuna Sagar,12.844,68.12
2012-04-23,Nagarjuna Sagar,13.875,67.339
2012-04-24,Nagarjuna Sagar,13.496,66.559
2012-04-25,Nagarjuna Sagar,13.507,65.778
2012-04-26,Nagarjuna Sagar,13.618,64.998
2012-04-27,Nagarjuna Sagar,12.999,64.217
2012-04-28,Nagarjuna Sagar,12.713,63.436
2012-04-29,Nagarjuna Sagar,11.919,62.656
2012-04-30,Nagarjuna Sagar,10.2,61.875
2012-05-01,Nagarjuna Sagar,9.674,61.094
2012-05-02,Nagarjuna Sagar,9.228,52.972
2012-05-03,Nagarjuna Sagar,13.524,49.087
2012-05-04,Nagarjuna Sagar,9.868,43.084
2012-05-05,Nagarjuna Sagar,9.663,43.084
2012-05-06,Nagarjuna Sagar,11.035,42.731
2012-05-07,Nagarjuna Sagar,11.378,40.259
2012-05-08,Nagarjuna Sagar,10.729,41.671
2012-05-09,Nagarjuna Sagar,11.027,39.552
2012-05-10,Nagarjuna Sagar,9.153,78.752
2012-05-11,Nagarjuna Sagar,10.204,84.755
2012-05-12,Nagarjuna Sagar,9.598,74.867
2012-05-13,Nagarjuna Sagar,9.786,74.143
2012-05-14,Nagarjuna Sagar,8.168,73.419
2012-05-15,Nagarjuna Sagar,7.703,72.695
2012-05-16,Nagarjuna Sagar,10.14,71.971
2012-05-17,Nagarjuna Sagar,9.809,71.247
2012-05-18,Nagarjuna Sagar,14.253,70.523
2012-05-19,Nagarjuna Sagar,13.807,69.799
2012-05-20,Nagarjuna Sagar,13.323,69.075
2012-05-21,Nagarjuna Sagar,13.485,68.352
2012-05-22,Nagarjuna Sagar,13.266,67.628
2012-05-23,Nagarjuna Sagar,13.25,66.904
2012-05-24,Nagarjuna Sagar,13.173,66.18
2012-05-25,Nagarjuna Sagar,13.152,65.456
2012-05-26,Nagarjuna Sagar,10.768,64.732
2012-05-27,Nagarjuna Sagar,11.035,64.008
2012-05-28,Nagarjuna Sagar,10.375,63.284
2012-05-29,Nagarjuna Sagar,10.673,62.56
2012-05-30,Nagarjuna Sagar,10.058,61.836
2012-05-31,Nagarjuna Sagar,10.258,61.112
2012-06-01,Nagarjuna Sagar,12.009,60.388
2012-06-02,Nagarjuna Sagar,13.759,53.325
2012-06-03,Nagarjuna Sagar,15.509,49.087
2012-06-04,Nagarjuna Sagar,21.642,43.084
2012-06-05,Nagarjuna Sagar,27.775,43.084
2012-06-06,Nagarjuna Sagar,33.908,42.731
2012-06-07,Nagarjuna Sagar,40.041,40.259
2012-06-08,Nagarjuna Sagar,46.174,41.671
2012-06-09,Nagarjuna Sagar,52.307,39.906
2012-06-10,Nagarjuna Sagar,58.44,78.752
2012-06-11,Nagarjuna Sagar,57.623,84.755
2012-06-12,Nagarjuna Sagar,56.806,73.455
2012-06-13,Nagarjuna Sagar,55.989,72.73
2012-06-14,Nagarjuna Sagar,55.172,72.005
2012-06-15,Nagarjuna Sagar,54.355,71.28
2012-06-16,Nagarjuna Sagar,51.651,70.555
2012-06-17,Nagarjuna Sagar,45.132,69.83
2012-06-18,Nagarjuna Sagar,40.149,69.105
2012-06-19,Nagarjuna Sagar,37.653,68.38
2012-06-20,Nagarjuna Sagar,35.651,67.655
2012-06-21,Nagarjuna Sagar,33.401,66.931
2012-06-22,Nagarjuna Sagar,33.074,66.206
2012-06-23,Nagarjuna Sagar,31.95,65.481
2012-06-24,Nagarjuna Sagar,29.217,64.756
2012-06-25,Nagarjuna Sagar,27.845,64.031
2012-06-26,Nagarjuna Sagar,26.472,63.306
2012-06-27,Nagarjuna Sagar,23.264,62.581
2012-06-28,Nagarjuna Sagar,20.055,61.856
2012-06-29,Nagarjuna Sagar,19.332,61.132
2012-06-30,Nagarjuna Sagar,18.234,60.407
2012-07-01,Nagarjuna Sagar,25.192,59.682
2012-07-02,Nagarjuna Sagar,37.396,53.325
2012-07-03,Nagarjuna Sagar,50.318,48.734
2012-07-04,Nagarjuna Sagar,50.908,43.084
2012-07-05,Nagarjuna Sagar,64.688,43.084
2012-07-06,Nagarjuna Sagar,78.467,42.378
2012-07-07,Nagarjuna Sagar,82.543,40.259
2012-07-08,Nagarjuna Sagar,73.466,41.671
2012-07-09,Nagarjuna Sagar,80.379,40.259
2012-07-10,Nagarjuna Sagar,87.292,80.164
2012-07-11,Nagarjuna Sagar,87.488,84.755
2012-07-12,Nagarjuna Sagar,83.982,72.042
2012-07-13,Nagarjuna Sagar,80.477,71.389
2012-07-14,Nagarjuna Sagar,76.972,70.735
2012-07-15,Nagarjuna Sagar,73.466,70.082
2012-07-16,Nagarjuna Sagar,78.384,69.429
2012-07-17,Nagarjuna Sagar,74.166,68.775
2012-07-18,Nagarjuna Sagar,98.78,68.122
2012-07-19,Nagarjuna Sagar,87.256,67.469
2012-07-20,Nagarjuna Sagar,75.733,66.815
2012-07-21,Nagarjuna Sagar,48.875,66.162
2012-07-22,Nagarjuna Sagar,42.073,65.509
2012-07-23,Nagarjuna Sagar,31.115,64.855
2012-07-24,Nagarjuna Sagar,31.366,64.202
2012-07-25,Nagarjuna Sagar,33.069,63.549
2012-07-26,Nagarjuna Sagar,32.118,62.895
2012-07-27,Nagarjuna Sagar,30.42,62.242
2012-07-28,Nagarjuna Sagar,28.178,61.589
2012-07-29,Nagarjuna Sagar,28.388,60.935
2012-07-30,Nagarjuna Sagar,26.645,60.282
2012-07-31,Nagarjuna Sagar,25.52,59.629
2012-08-01,Nagarjuna Sagar,29.821,58.975
2012-08-02,Nagarjuna Sagar,29.494,52.972
2012-08-03,Nagarjuna Sagar,29.947,48.381
2012-08-04,Nagarjuna Sagar,28.166,43.084
2012-08-05,Nagarjuna Sagar,30.058,43.084
2012-08-06,Nagarjuna Sagar,27.168,42.024
2012-08-07,Nagarjuna Sagar,29.945,39.906
2012-08-08,Nagarjuna Sagar,34.164,41.318
2012-08-09,Nagarjuna Sagar,33.125,40.965
2012-08-10,Nagarjuna Sagar,30.359,81.224
2012-08-11,Nagarjuna Sagar,30.806,87.934
2012-08-12,Nagarjuna Sagar,33.54,70.629
2012-08-13,Nagarjuna Sagar,31.103,70.011
2012-08-14,Nagarjuna Sagar,31.6,69.393
2012-08-15,Nagarjuna Sagar,30.058,68.775
2012-08-16,Nagarjuna Sagar,25.603,68.157
2012-08-17,Nagarjuna Sagar,26.029,67.539
2012-08-18,Nagarjuna Sagar,27.23,66.921
2012-08-19,Nagarjuna Sagar,25.974,66.303
2012-08-20,Nagarjuna Sagar,25.192,65.685
2012-08-21,Nagarjuna Sagar,26.989,65.067
2012-08-22,Nagarjuna Sagar,22.259,64.449
2012-08-23,Nagarjuna Sagar,17.528,63.831
2012-08-24,Nagarjuna Sagar,16.623,63.213
2012-08-25,Nagarjuna Sagar,17.645,62.595
2012-08-26,Nagarjuna Sagar,18.699,61.977
2012-08-27,Nagarjuna Sagar,17.511,61.359
2012-08-28,Nagarjuna Sagar,18.308,60.741
2012-08-29,Nagarjuna Sagar,19.955,60.123
2012-08-30,Nagarjuna Sagar,40.438,59.505
2012-08-31,Nagarjuna Sagar,35.864,58.887
2012-09-01,Nagarjuna Sagar,30.549,58.269
2012-09-02,Nagarjuna Sagar,30.058,52.972
2012-09-03,Nagarjuna Sagar,54.107,48.028
2012-09-04,Nagarjuna Sagar,73.956,43.084
2012-09-05,Nagarjuna Sagar,93.805,43.084
2012-09-06,Nagarjuna Sagar,113.654,41.671
2012-09-07,Nagarjuna Sagar,98.814,39.906
2012-09-08,Nagarjuna Sagar,88.242,41.318
2012-09-09,Nagarjuna Sagar,87.3,42.024
2012-09-10,Nagarjuna Sagar,80.195,81.93
2012-09-11,Nagarjuna Sagar,83.079,87.934
2012-09-12,Nagarjuna Sagar,87.952,70.276
2012-09-13,Nagarjuna Sagar,82.458,69.607
2012-09-14,Nagarjuna Sagar,71.94,68.938
2012-09-15,Nagarjuna Sagar,69.489,68.269
2012-09-16,Nagarjuna Sagar,54.952,67.6
2012-09-17,Nagarjuna Sagar,44.839,66.931
2012-09-18,Nagarjuna Sagar,40.222,66.261
2012-09-19,Nagarjuna Sagar,37.213,65.592
2012-09-20,Nagarjuna Sagar,44.385,64.923
2012-09-21,Nagarjuna Sagar,62.369,64.254
2012-09-22,Nagarjuna Sagar,80.436,63.585
2012-09-23,Nagarjuna Sagar,60.826,62.916
2012-09-24,Nagarjuna Sagar,48.799,62.247
2012-09-25,Nagarjuna Sagar,46.868,61.578
2012-09-26,Nagarjuna Sagar,44.937,60.909
2012-09-27,Nagarjuna Sagar,43.006,60.239
2012-09-28,Nagarjuna Sagar,41.075,59.57
2012-09-29,Nagarjuna Sagar,39.144,58.901
2012-09-30,Nagarjuna Sagar,37.213,58.232
2012-10-01,Nagarjuna Sagar,45.513,57.563
2012-10-02,Nagarjuna Sagar,53.813,53.325
2012-10-03,Nagarjuna Sagar,77.922,48.028
2012-10-04,Nagarjuna Sagar,102.03,43.084
2012-10-05,Nagarjuna Sagar,126.139,43.084
2012-10-06,Nagarjuna Sagar,150.247,41.318
2012-10-07,Nagarjuna Sagar,174.355,39.552
2012-10-08,Nagarjuna Sagar,157.692,41.318
2012-10-09,Nagarjuna Sagar,141.028,42.378
2012-10-10,Nagarjuna Sagar,131.159,82.636
2012-10-11,Nagarjuna Sagar,121.29,87.934
2012-10-12,Nagarjuna Sagar,111.421,68.864
2012-10-13,Nagarjuna Sagar,101.552,68.246
2012-10-14,Nagarjuna Sagar,91.682,67.628
2012-10-15,Nagarjuna Sagar,70.334,67.01
2012-10-16,Nagarjuna Sagar,76.042,66.392
2012-10-17,Nagarjuna Sagar,96.525,65.774
2012-10-18,Nagarjuna Sagar,117.008,65.156
2012-10-19,Nagarjuna Sagar,137.491,64.538
2012-10-20,Nagarjuna Sagar,157.974,63.92
2012-10-21,Nagarjuna Sagar,178.458,63.302
2012-10-22,Nagarjuna Sagar,195.326,62.684
2012-10-23,Nagarjuna Sagar,212.195,62.066
2012-10-24,Nagarjuna Sagar,229.063,61.448
2012-10-25,Nagarjuna Sagar,255.659,60.83
2012-10-26,Nagarjuna Sagar,282.255,60.212
2012-10-27,Nagarjuna Sagar,299.184,59.594
2012-10-28,Nagarjuna Sagar,291.224,58.975
2012-10-29,Nagarjuna Sagar,304.418,58.357
2012-10-30,Nagarjuna Sagar,293.254,57.739
2012-10-31,Nagarjuna Sagar,321.871,57.121
2012-11-01,Nagarjuna Sagar,343.757,56.503
2012-11-02,Nagarjuna Sagar,351.196,53.678
2012-11-03,Nagarjuna Sagar,333.478,48.734
2012-11-04,Nagarjuna Sagar,275.626,43.084
2012-11-05,Nagarjuna Sagar,285.902,43.084
2012-11-06,Nagarjuna Sagar,259.146,40.612
2012-11-07,Nagarjuna Sagar,232.39,39.552
2012-11-08,Nagarjuna Sagar,205.634,41.318
2012-11-09,Nagarjuna Sagar,178.878,42.731
2012-11-10,Nagarjuna Sagar,152.122,84.755
2012-11-11,Nagarjuna Sagar,125.366,87.934
2012-11-12,Nagarjuna Sagar,127.986,68.51
2012-11-13,Nagarjuna Sagar,130.607,67.823
2012-11-14,Nagarjuna Sagar,138.144,67.135
2012-11-15,Nagarjuna Sagar,145.681,66.447
2012-11-16,Nagarjuna Sagar,153.218,65.76
2012-11-17,Nagarjuna Sagar,160.754,65.072
2012-11-18,Nagarjuna Sagar,168.291,64.384
2012-11-19,Nagarjuna Sagar,181.103,63.697
2012-11-20,Nagarjuna Sagar,193.914,63.009
2012-11-21,Nagarjuna Sagar,206.725,62.321
2012-11-22,Nagarjuna Sagar,219.536,61.633
2012-11-23,Nagarjuna Sagar,232.348,60.946
2012-11-24,Nagarjuna Sagar,245.159,60.258
2012-11-25,Nagarjuna Sagar,257.97,59.57
2012-11-26,Nagarjuna Sagar,279.5,58.883
2012-11-27,Nagarjuna Sagar,315.811,58.195
2012-11-28,Nagarjuna Sagar,312.69,57.507
2012-11-29,Nagarjuna Sagar,366.009,56.819
2012-11-30,Nagarjuna Sagar,358.315,56.132
2012-12-01,Nagarjuna Sagar,321.081,55.444
2012-12-02,Nagarjuna Sagar,285.634,53.678
2012-12-03,Nagarjuna Sagar,254.274,48.734
2012-12-04,Nagarjuna Sagar,257.762,43.084
2012-12-05,Nagarjuna Sagar,243.015,43.084
2012-12-06,Nagarjuna Sagar,250.98,40.612
2012-12-07,Nagarjuna Sagar,252.701,39.552
2012-12-08,Nagarjuna Sagar,245.869,41.318
2012-12-09,Nagarjuna Sagar,227.182,43.084
2012-12-10,Nagarjuna Sagar,230.021,87.227
2012-12-11,Nagarjuna Sagar,209.356,87.934
2012-12-12,Nagarjuna Sagar,198.61,66.745
2012-12-13,Nagarjuna Sagar,134.071,64.043
2012-12-14,Nagarjuna Sagar,118.453,61.342
2012-12-15,Nagarjuna Sagar,95.322,58.64
2012-12-16,Nagarjuna Sagar,81.8,55.938
2012-12-17,Nagarjuna Sagar,79.775,53.237
2012-12-18,Nagarjuna Sagar,61.486,50.535
2012-12-19,Nagarjuna Sagar,43.198,47.834
2012-12-20,Nagarjuna Sagar,40.181,45.132
2012-12-21,Nagarjuna Sagar,37.164,42.431
2012-12-22,Nagarjuna Sagar,41.93,39.729
2012-12-23,Nagarjuna Sagar,69.016,37.027
2012-12-24,Nagarjuna Sagar,88.659,34.326
2012-12-25,Nagarjuna Sagar,118.181,31.624
2012-12-26,Nagarjuna Sagar,127.802,28.923
2012-12-27,Nagarjuna Sagar,130.796,26.221
2012-12-28,Nagarjuna Sagar,140.312,23.52
2012-12-29,Nagarjuna Sagar,140.269,20.818
2012-12-30,Nagarjuna Sagar,157.636,18.116
2012-12-31,Nagarjuna Sagar,189.68,15.415
2013-01-01,Nagarjuna Sagar,192.784,12.713
2013-01-02,Nagarjuna Sagar,195.887,2.472
2013-01-03,Nagarjuna Sagar,198.991,1.413
2013-01-04,Nagarjuna Sagar,206.166,12.36
2013-01-05,Nagarjuna Sagar,190.724,15.538
2013-01-06,Nagarjuna Sagar,175.282,16.951
2013-01-07,Nagarjuna Sagar,203.294,17.304
2013-01-08,Nagarjuna Sagar,183.96,54.385
2013-01-09,Nagarjuna Sagar,189.26,179.045
2013-01-10,Nagarjuna Sagar,186.117,179.045
2013-01-11,Nagarjuna Sagar,194.312,0.0
2013-01-12,Nagarjuna Sagar,173.787,139.14
2013-01-13,Nagarjuna Sagar,170.102,132.801
2013-01-14,Nagarjuna Sagar,162.54,126.462
2013-01-15,Nagarjuna Sagar,101.114,120.123
2013-01-16,Nagarjuna Sagar,78.388,113.784
2013-01-17,Nagarjuna Sagar,55.663,107.445
2013-01-18,Nagarjuna Sagar,42.506,101.106
2013-01-19,Nagarjuna Sagar,42.05,94.767
2013-01-20,Nagarjuna Sagar,35.018,88.428
2013-01-21,Nagarjuna Sagar,32.344,82.089
2013-01-22,Nagarjuna Sagar,30.379,75.75
2013-01-23,Nagarjuna Sagar,30.03,69.411
2013-01-24,Nagarjuna Sagar,30.893,63.072
2013-01-25,Nagarjuna Sagar,29.631,56.733
2013-01-26,Nagarjuna Sagar,28.209,50.394
2013-01-27,Nagarjuna Sagar,28.913,44.055
2013-01-28,Nagarjuna Sagar,27.328,37.716
2013-01-29,Nagarjuna Sagar,21.946,31.377
2013-01-30,Nagarjuna Sagar,21.745,25.038
2013-01-31,Nagarjuna Sagar,20.627,18.699
2013-02-01,Nagarjuna Sagar,43.795,12.36
2013-02-02,Nagarjuna Sagar,86.269,2.472
2013-02-03,Nagarjuna Sagar,78.822,1.413
2013-02-04,Nagarjuna Sagar,88.409,13.42
2013-02-05,Nagarjuna Sagar,87.041,18.01
2013-02-06,Nagarjuna Sagar,90.823,16.951
2013-02-07,Nagarjuna Sagar,88.946,17.657
2013-02-08,Nagarjuna Sagar,84.387,80.517
2013-02-09,Nagarjuna Sagar,79.446,177.986
2013-02-10,Nagarjuna Sagar,74.504,0.0
2013-02-11,Nagarjuna Sagar,70.883,179.045
2013-02-12,Nagarjuna Sagar,67.261,139.493
2013-02-13,Nagarjuna Sagar,63.64,131.911
2013-02-14,Nagarjuna Sagar,57.092,124.328
2013-02-15,Nagarjuna Sagar,56.832,116.746
2013-02-16,Nagarjuna Sagar,60.881,109.164
2013-02-17,Nagarjuna Sagar,70.36,101.582
2013-02-18,Nagarjuna Sagar,99.579,93.999
2013-02-19,Nagarjuna Sagar,118.635,86.417
2013-02-20,Nagarjuna Sagar,116.926,78.835
2013-02-21,Nagarjuna Sagar,97.502,71.253
2013-02-22,Nagarjuna Sagar,93.464,63.67
2013-02-23,Nagarjuna Sagar,88.923,56.088
2013-02-24,Nagarjuna Sagar,67.692,48.506
2013-02-25,Nagarjuna Sagar,54.266,40.923
2013-02-26,Nagarjuna Sagar,46.857,33.341
2013-02-27,Nagarjuna Sagar,31.501,25.759
2013-02-28,Nagarjuna Sagar,29.865,18.177
2013-03-01,Nagarjuna Sagar,27.411,10.594
2013-03-02,Nagarjuna Sagar,26.67,2.472
2013-03-03,Nagarjuna Sagar,24.238,1.766
2013-03-04,Nagarjuna Sagar,23.048,13.773
2013-03-05,Nagarjuna Sagar,21.463,14.832
2013-03-06,Nagarjuna Sagar,22.782,16.951
2013-03-07,Nagarjuna Sagar,22.192,17.657
2013-03-08,Nagarjuna Sagar,21.67,99.234
2013-03-09,Nagarjuna Sagar,21.177,177.28
2013-03-10,Nagarjuna Sagar,21.252,176.573
2013-03-11,Nagarjuna Sagar,18.963,0.0
2013-03-12,Nagarjuna Sagar,18.761,139.493
2013-03-13,Nagarjuna Sagar,18.563,133.013
2013-03-14,Nagarjuna Sagar,18.434,126.532
2013-03-15,Nagarjuna Sagar,23.711,120.052
2013-03-16,Nagarjuna Sagar,25.423,113.572
2013-03-17,Nagarjuna Sagar,24.238,107.092
2013-03-18,Nagarjuna Sagar,33.473,100.611
2013-03-19,Nagarjuna Sagar,29.524,94.131
2013-03-20,Nagarjuna Sagar,31.294,87.651
2013-03-21,Nagarjuna Sagar,30.508,81.171
2013-03-22,Nagarjuna Sagar,23.338,74.691
2013-03-23,Nagarjuna Sagar,22.775,68.21
2013-03-24,Nagarjuna Sagar,21.252,61.73
2013-03-25,Nagarjuna Sagar,20.687,55.25
2013-03-26,Nagarjuna Sagar,17.711,48.77
2013-03-27,Nagarjuna Sagar,17.626,42.289
2013-03-28,Nagarjuna Sagar,17.74,35.809
2013-03-29,Nagarjuna Sagar,21.252,29.329
2013-03-30,Nagarjuna Sagar,16.808,22.849
2013-03-31,Nagarjuna Sagar,13.883,16.368
2013-04-01,Nagarjuna Sagar,16.239,9.888
2013-04-02,Nagarjuna Sagar,15.904,2.472
2013-04-03,Nagarjuna Sagar,14.555,2.119
2013-04-04,Nagarjuna Sagar,13.816,14.479
2013-04-05,Nagarjuna Sagar,12.063,14.832
2013-04-06,Nagarjuna Sagar,11.719,16.951
2013-04-07,Nagarjuna Sagar,17.041,18.364
2013-04-08,Nagarjuna Sagar,61.149,115.479
2013-04-09,Nagarjuna Sagar,94.076,175.867
2013-04-10,Nagarjuna Sagar,123.816,175.514
2013-04-11,Nagarjuna Sagar,120.162,0.0
2013-04-12,Nagarjuna Sagar,97.2,139.493
2013-04-13,Nagarjuna Sagar,115.571,132.616
2013-04-14,Nagarjuna Sagar,124.195,125.739
2013-04-15,Nagarjuna Sagar,131.403,118.862
2013-04-16,Nagarjuna Sagar,125.348,111.985
2013-04-17,Nagarjuna Sagar,127.701,105.108
2013-04-18,Nagarjuna Sagar,135.745,98.231
2013-04-19,Nagarjuna Sagar,133.216,91.353
2013-04-20,Nagarjuna Sagar,141.716,84.476
2013-04-21,Nagarjuna Sagar,165.033,77.599
2013-04-22,Nagarjuna Sagar,147.384,70.722
2013-04-23,Nagarjuna Sagar,135.789,63.845
2013-04-24,Nagarjuna Sagar,124.195,56.968
2013-04-25,Nagarjuna Sagar,108.953,50.091
2013-04-26,Nagarjuna Sagar,93.711,43.214
2013-04-27,Nagarjuna Sagar,78.469,36.337
2013-04-28,Nagarjuna Sagar,53.19,29.46
2013-04-29,Nagarjuna Sagar,43.631,22.583
2013-04-30,Nagarjuna Sagar,34.476,15.706
2013-05-01,Nagarjuna Sagar,28.41,8.829
2013-05-02,Nagarjuna Sagar,23.195,1.766
2013-05-03,Nagarjuna Sagar,23.835,2.119
2013-05-04,Nagarjuna Sagar,23.318,14.832
2013-05-05,Nagarjuna Sagar,21.252,14.832
2013-05-06,Nagarjuna Sagar,19.006,16.951
2013-05-07,Nagarjuna Sagar,18.905,19.07
2013-05-08,Nagarjuna Sagar,17.289,134.549
2013-05-09,Nagarjuna Sagar,16.328,175.867
2013-05-10,Nagarjuna Sagar,16.067,176.573
2013-05-11,Nagarjuna Sagar,16.099,175.161
2013-05-12,Nagarjuna Sagar,17.531,139.14
2013-05-13,Nagarjuna Sagar,16.068,132.624
2013-05-14,Nagarjuna Sagar,14.906,126.109
2013-05-15,Nagarjuna Sagar,14.525,119.593
2013-05-16,Nagarjuna Sagar,14.74,113.078
2013-05-17,Nagarjuna Sagar,13.791,106.562
2013-05-18,Nagarjuna Sagar,18.833,100.046
2013-05-19,Nagarjuna Sagar,21.252,93.531
2013-05-20,Nagarjuna Sagar,21.155,87.015
2013-05-21,Nagarjuna Sagar,20.885,80.5
2013-05-22,Nagarjuna Sagar,20.771,73.984
2013-05-23,Nagarjuna Sagar,20.119,67.469
2013-05-24,Nagarjuna Sagar,19.836,60.953
2013-05-25,Nagarjuna Sagar,20.136,54.438
2013-05-26,Nagarjuna Sagar,18.542,47.922
2013-05-27,Nagarjuna Sagar,18.379,41.406
2013-05-28,Nagarjuna Sagar,13.782,34.891
2013-05-29,Nagarjuna Sagar,13.317,28.375
2013-05-30,Nagarjuna Sagar,13.175,21.86
2013-05-31,Nagarjuna Sagar,13.733,15.344
2013-06-01,Nagarjuna Sagar,13.569,8.829
2013-06-02,Nagarjuna Sagar,10.745,2.119
2013-06-03,Nagarjuna Sagar,13.337,1.766
2013-06-04,Nagarjuna Sagar,13.433,15.538
2013-06-05,Nagarjuna Sagar,13.078,14.832
2013-06-06,Nagarjuna Sagar,15.673,16.951
2013-06-07,Nagarjuna Sagar,15.845,18.717
2013-06-08,Nagarjuna Sagar,15.981,153.972
2013-06-09,Nagarjuna Sagar,15.833,174.454
2013-06-10,Nagarjuna Sagar,34.203,0.0
2013-06-11,Nagarjuna Sagar,33.416,0.0
2013-06-12,Nagarjuna Sagar,33.132,136.315
2013-06-13,Nagarjuna Sagar,33.079,129.605
2013-06-14,Nagarjuna Sagar,34.327,122.895
2013-06-15,Nagarjuna Sagar,35.069,116.185
2013-06-16,Nagarjuna Sagar,29.62,109.475
2013-06-17,Nagarjuna Sagar,32.005,102.766
2013-06-18,Nagarjuna Sagar,31.96,96.056
2013-06-19,Nagarjuna Sagar,31.836,89.346
2013-06-20,Nagarjuna Sagar,30.779,82.636
2013-06-21,Nagarjuna Sagar,32.312,75.927
2013-06-22,Nagarjuna Sagar,30.619,69.217
2013-06-23,Nagarjuna Sagar,23.851,62.507
2013-06-24,Nagarjuna Sagar,24.591,55.797
2013-06-25,Nagarjuna Sagar,26.98,49.087
2013-06-26,Nagarjuna Sagar,26.447,42.378
2013-06-27,Nagarjuna Sagar,26.449,35.668
2013-06-28,Nagarjuna Sagar,22.683,28.958
2013-06-29,Nagarjuna Sagar,23.05,22.248
2013-06-30,Nagarjuna Sagar,18.412,15.538
2013-07-01,Nagarjuna Sagar,18.009,8.829
2013-07-02,Nagarjuna Sagar,13.622,2.119
2013-07-03,Nagarjuna Sagar,13.826,3.178
2013-07-04,Nagarjuna Sagar,13.326,15.892
2013-07-05,Nagarjuna Sagar,12.956,14.832
2013-07-06,Nagarjuna Sagar,12.859,16.951
2013-07-07,Nagarjuna Sagar,14.593,19.423
2013-07-08,Nagarjuna Sagar,11.931,167.392
2013-07-09,Nagarjuna Sagar,13.065,174.454
2013-07-10,Nagarjuna Sagar,12.777,0.0
2013-07-11,Nagarjuna Sagar,13.501,175.161
2013-07-12,Nagarjuna Sagar,17.208,132.43
2013-07-13,Nagarjuna Sagar,17.672,126.232
2013-07-14,Nagarjuna Sagar,17.597,120.035
2013-07-15,Nagarjuna Sagar,18.621,113.837
2013-07-16,Nagarjuna Sagar,19.344,107.639
2013-07-17,Nagarjuna Sagar,23.172,101.441
2013-07-18,Nagarjuna Sagar,22.898,95.244
2013-07-19,Nagarjuna Sagar,27.163,89.046
2013-07-20,Nagarjuna Sagar,29.258,82.848
2013-07-21,Nagarjuna Sagar,29.37,76.65
2013-07-22,Nagarjuna Sagar,32.165,70.453
2013-07-23,Nagarjuna Sagar,34.646,64.255
2013-07-24,Nagarjuna Sagar,33.988,58.057
2013-07-25,Nagarjuna Sagar,35.234,51.86
2013-07-26,Nagarjuna Sagar,33.58,45.662
2013-07-27,Nagarjuna Sagar,34.029,39.464
2013-07-28,Nagarjuna Sagar,38.155,33.266
2013-07-29,Nagarjuna Sagar,31.154,27.069
2013-07-30,Nagarjuna Sagar,28.141,20.871
2013-07-31,Nagarjuna Sagar,29.271,14.673
2013-08-01,Nagarjuna Sagar,30.116,8.476
2013-08-02,Nagarjuna Sagar,92.564,2.119
2013-08-03,Nagarjuna Sagar,154.975,1.413
2013-08-04,Nagarjuna Sagar,214.381,15.892
2013-08-05,Nagarjuna Sagar,237.353,15.538
2013-08-06,Nagarjuna Sagar,380.425,18.01
2013-08-07,Nagarjuna Sagar,876.495,19.776
2013-08-08,Nagarjuna Sagar,6326.623,176.926
2013-08-09,Nagarjuna Sagar,3624.062,174.101
2013-08-10,Nagarjuna Sagar,921.501,176.573
2013-08-11,Nagarjuna Sagar,904.596,0.0
2013-08-12,Nagarjuna Sagar,770.789,130.311
2013-08-13,Nagarjuna Sagar,651.173,124.219
2013-08-14,Nagarjuna Sagar,593.717,118.128
2013-08-15,Nagarjuna Sagar,536.261,112.036
2013-08-16,Nagarjuna Sagar,2087.738,105.944
2013-08-17,Nagarjuna Sagar,3767.936,99.852
2013-08-18,Nagarjuna Sagar,2744.33,93.76
2013-08-19,Nagarjuna Sagar,2278.629,87.669
2013-08-20,Nagarjuna Sagar,2723.997,81.577
2013-08-21,Nagarjuna Sagar,2264.003,75.485
2013-08-22,Nagarjuna Sagar,1345.156,69.393
2013-08-23,Nagarjuna Sagar,1082.046,63.302
2013-08-24,Nagarjuna Sagar,1030.055,57.21
2013-08-25,Nagarjuna Sagar,1372.052,51.118
2013-08-26,Nagarjuna Sagar,1244.655,45.026
2013-08-27,Nagarjuna Sagar,765.953,38.934
2013-08-28,Nagarjuna Sagar,870.15,32.843
2013-08-29,Nagarjuna Sagar,1044.633,26.751
2013-08-30,Nagarjuna Sagar,995.05,20.659
2013-08-31,Nagarjuna Sagar,998.812,14.567
2013-09-01,Nagarjuna Sagar,1125.855,8.476
2013-09-02,Nagarjuna Sagar,666.348,1.766
2013-09-03,Nagarjuna Sagar,657.324,1.766
2013-09-04,Nagarjuna Sagar,513.322,15.892
2013-09-05,Nagarjuna Sagar,621.224,14.832
2013-09-06,Nagarjuna Sagar,725.432,18.01
2013-09-07,Nagarjuna Sagar,657.343,20.129
2013-09-08,Nagarjuna Sagar,756.285,176.926
2013-09-09,Nagarjuna Sagar,1159.496,171.276
2013-09-10,Nagarjuna Sagar,628.585,177.28
2013-09-11,Nagarjuna Sagar,387.198,0.0
2013-09-12,Nagarjuna Sagar,323.802,128.545
2013-09-13,Nagarjuna Sagar,313.664,122.207
2013-09-14,Nagarjuna Sagar,275.285,115.869
2013-09-15,Nagarjuna Sagar,281.717,109.531
2013-09-16,Nagarjuna Sagar,305.125,103.193
2013-09-17,Nagarjuna Sagar,1159.02,96.855
2013-09-18,Nagarjuna Sagar,2068.122,90.517
2013-09-19,Nagarjuna Sagar,5137.094,84.179
2013-09-20,Nagarjuna Sagar,6102.558,77.841
2013-09-21,Nagarjuna Sagar,4808.38,71.503
2013-09-22,Nagarjuna Sagar,4884.867,65.165
2013-09-23,Nagarjuna Sagar,5160.277,58.827
2013-09-24,Nagarjuna Sagar,4958.015,52.489
2013-09-25,Nagarjuna Sagar,4704.104,46.151
2013-09-26,Nagarjuna Sagar,2146.214,39.813
2013-09-27,Nagarjuna Sagar,1394.763,33.475
2013-09-28,Nagarjuna Sagar,693.527,27.137
2013-09-29,Nagarjuna Sagar,875.014,20.798
2013-09-30,Nagarjuna Sagar,425.642,14.46
2013-10-01,Nagarjuna Sagar,406.827,8.122
2013-10-02,Nagarjuna Sagar,432.542,1.413
2013-10-03,Nagarjuna Sagar,438.581,1.766
2013-10-04,Nagarjuna Sagar,626.566,15.892
2013-10-05,Nagarjuna Sagar,570.447,14.832
2013-10-06,Nagarjuna Sagar,713.392,18.01
2013-10-07,Nagarjuna Sagar,440.251,20.129
2013-10-08,Nagarjuna Sagar,424.096,179.045
2013-10-09,Nagarjuna Sagar,710.894,168.804
2013-10-10,Nagarjuna Sagar,628.585,176.573
2013-10-11,Nagarjuna Sagar,742.269,0.0
2013-10-12,Nagarjuna Sagar,1012.423,126.78
2013-10-13,Nagarjuna Sagar,656.515,120.829
2013-10-14,Nagarjuna Sagar,404.657,114.879
2013-10-15,Nagarjuna Sagar,363.546,108.928
2013-10-16,Nagarjuna Sagar,322.435,102.978
2013-10-17,Nagarjuna Sagar,257.575,97.027
2013-10-18,Nagarjuna Sagar,224.997,91.077
2013-10-19,Nagarjuna Sagar,221.37,85.126
2013-10-20,Nagarjuna Sagar,315.453,79.175
2013-10-21,Nagarjuna Sagar,337.281,73.225
2013-10-22,Nagarjuna Sagar,359.109,67.274
2013-10-23,Nagarjuna Sagar,380.937,61.324
2013-10-24,Nagarjuna Sagar,1039.935,55.373
2013-10-25,Nagarjuna Sagar,3942.072,49.423
2013-10-26,Nagarjuna Sagar,13433.904,43.472
2013-10-27,Nagarjuna Sagar,8004.153,37.522
2013-10-28,Nagarjuna Sagar,4092.401,31.571
2013-10-29,Nagarjuna Sagar,2934.159,25.621
2013-10-30,Nagarjuna Sagar,1615.196,19.67
2013-10-31,Nagarjuna Sagar,970.736,13.72
2013-11-01,Nagarjuna Sagar,326.275,7.769
2013-11-02,Nagarjuna Sagar,302.494,1.413
2013-11-03,Nagarjuna Sagar,318.934,2.472
2013-11-04,Nagarjuna Sagar,287.013,15.892
2013-11-05,Nagarjuna Sagar,255.092,14.832
2013-11-06,Nagarjuna Sagar,223.171,18.01
2013-11-07,Nagarjuna Sagar,206.227,20.129
2013-11-08,Nagarjuna Sagar,189.282,179.045
2013-11-09,Nagarjuna Sagar,172.338,168.451
2013-11-10,Nagarjuna Sagar,217.237,0.0
2013-11-11,Nagarjuna Sagar,514.551,0.0
2013-11-12,Nagarjuna Sagar,641.963,125.367
2013-11-13,Nagarjuna Sagar,448.869,119.141
2013-11-14,Nagarjuna Sagar,326.838,112.914
2013-11-15,Nagarjuna Sagar,291.632,106.687
2013-11-16,Nagarjuna Sagar,269.912,100.461
2013-11-17,Nagarjuna Sagar,305.126,94.234
2013-11-18,Nagarjuna Sagar,253.969,88.008
2013-11-19,Nagarjuna Sagar,230.04,81.781
2013-11-20,Nagarjuna Sagar,238.201,75.555
2013-11-21,Nagarjuna Sagar,255.767,69.328
2013-11-22,Nagarjuna Sagar,250.397,63.102
2013-11-23,Nagarjuna Sagar,243.998,56.875
2013-11-24,Nagarjuna Sagar,333.057,50.649
2013-11-25,Nagarjuna Sagar,331.618,44.422
2013-11-26,Nagarjuna Sagar,260.487,38.196
2013-11-27,Nagarjuna Sagar,232.869,31.969
2013-11-28,Nagarjuna Sagar,217.271,25.743
2013-11-29,Nagarjuna Sagar,200.884,19.516
2013-11-30,Nagarjuna Sagar,176.963,13.289
2013-12-01,Nagarjuna Sagar,192.231,7.063
2013-12-02,Nagarjuna Sagar,162.79,1.413
2013-12-03,Nagarjuna Sagar,159.882,2.472
2013-12-04,Nagarjuna Sagar,149.255,14.832
2013-12-05,Nagarjuna Sagar,153.168,14.832
2013-12-06,Nagarjuna Sagar,139.121,18.364
2013-12-07,Nagarjuna Sagar,311.675,20.129
2013-12-08,Nagarjuna Sagar,294.976,179.045
2013-12-09,Nagarjuna Sagar,309.937,168.804
2013-12-10,Nagarjuna Sagar,301.728,176.573
2013-12-11,Nagarjuna Sagar,236.21,161.035
2013-12-12,Nagarjuna Sagar,179.657,124.308
2013-12-13,Nagarjuna Sagar,160.017,123.019
2013-12-14,Nagarjuna Sagar,162.035,121.73
2013-12-15,Nagarjuna Sagar,126.602,120.441
2013-12-16,Nagarjuna Sagar,128.801,119.152
2013-12-17,Nagarjuna Sagar,111.187,117.863
2013-12-18,Nagarjuna Sagar,101.356,116.574
2013-12-19,Nagarjuna Sagar,91.332,115.285
2013-12-20,Nagarjuna Sagar,76.159,113.996
2013-12-21,Nagarjuna Sagar,81.792,112.707
2013-12-22,Nagarjuna Sagar,60.765,111.418
2013-12-23,Nagarjuna Sagar,72.391,110.129
2013-12-24,Nagarjuna Sagar,68.076,108.84
2013-12-25,Nagarjuna Sagar,65.315,107.551
2013-12-26,Nagarjuna Sagar,106.812,106.262
2013-12-27,Nagarjuna Sagar,137.507,104.973
2013-12-28,Nagarjuna Sagar,182.831,103.684
2013-12-29,Nagarjuna Sagar,205.929,102.395
2013-12-30,Nagarjuna Sagar,209.52,101.106
2013-12-31,Nagarjuna Sagar,232.629,99.817
2014-01-01,Nagarjuna Sagar,201.797,98.528
2014-01-02,Nagarjuna Sagar,192.706,54.031
2014-01-03,Nagarjuna Sagar,158.064,32.136
2014-01-04,Nagarjuna Sagar,153.348,11.301
2014-01-05,Nagarjuna Sagar,156.448,14.126
2014-01-06,Nagarjuna Sagar,160.925,14.479
2014-01-07,Nagarjuna Sagar,163.499,9.182
2014-01-08,Nagarjuna Sagar,171.082,3.178
2014-01-09,Nagarjuna Sagar,232.801,84.402
2014-01-10,Nagarjuna Sagar,257.736,179.399
2014-01-11,Nagarjuna Sagar,258.194,164.919
2014-01-12,Nagarjuna Sagar,231.81,110.888
2014-01-13,Nagarjuna Sagar,297.111,110.182
2014-01-14,Nagarjuna Sagar,298.34,109.475
2014-01-15,Nagarjuna Sagar,301.732,108.769
2014-01-16,Nagarjuna Sagar,253.611,108.063
2014-01-17,Nagarjuna Sagar,249.367,107.357
2014-01-18,Nagarjuna Sagar,249.064,106.65
2014-01-19,Nagarjuna Sagar,225.923,105.944
2014-01-20,Nagarjuna Sagar,235.549,105.238
2014-01-21,Nagarjuna Sagar,240.757,104.531
2014-01-22,Nagarjuna Sagar,243.546,103.825
2014-01-23,Nagarjuna Sagar,240.155,103.119
2014-01-24,Nagarjuna Sagar,241.673,102.413
2014-01-25,Nagarjuna Sagar,225.339,101.706
2014-01-26,Nagarjuna Sagar,225.923,101.0
2014-01-27,Nagarjuna Sagar,232.211,100.294
2014-01-28,Nagarjuna Sagar,237.301,99.587
2014-01-29,Nagarjuna Sagar,216.717,98.881
2014-01-30,Nagarjuna Sagar,197.843,98.175
2014-01-31,Nagarjuna Sagar,165.014,97.468
2014-02-01,Nagarjuna Sagar,154.608,96.762
2014-02-02,Nagarjuna Sagar,149.272,53.325
2014-02-03,Nagarjuna Sagar,136.899,31.077
2014-02-04,Nagarjuna Sagar,138.24,11.654
2014-02-05,Nagarjuna Sagar,171.522,13.773
2014-02-06,Nagarjuna Sagar,181.808,14.126
2014-02-07,Nagarjuna Sagar,191.737,8.829
2014-02-08,Nagarjuna Sagar,199.089,4.238
2014-02-09,Nagarjuna Sagar,181.621,94.29
2014-02-10,Nagarjuna Sagar,183.611,179.045
2014-02-11,Nagarjuna Sagar,167.585,163.154
2014-02-12,Nagarjuna Sagar,178.496,108.769
2014-02-13,Nagarjuna Sagar,192.991,107.98
2014-02-14,Nagarjuna Sagar,231.303,107.19
2014-02-15,Nagarjuna Sagar,239.226,106.401
2014-02-16,Nagarjuna Sagar,259.268,105.612
2014-02-17,Nagarjuna Sagar,250.26,104.822
2014-02-18,Nagarjuna Sagar,266.752,104.033
2014-02-19,Nagarjuna Sagar,240.751,103.243
2014-02-20,Nagarjuna Sagar,218.995,102.454
2014-02-21,Nagarjuna Sagar,190.91,101.665
2014-02-22,Nagarjuna Sagar,180.6,100.875
2014-02-23,Nagarjuna Sagar,142.27,100.086
2014-02-24,Nagarjuna Sagar,133.264,99.297
2014-02-25,Nagarjuna Sagar,119.652,98.507
2014-02-26,Nagarjuna Sagar,96.146,97.718
2014-02-27,Nagarjuna Sagar,139.455,96.928
2014-02-28,Nagarjuna Sagar,141.518,96.139
2014-03-01,Nagarjuna Sagar,153.014,95.35
2014-03-02,Nagarjuna Sagar,161.329,51.559
2014-03-03,Nagarjuna Sagar,170.935,29.311
2014-03-04,Nagarjuna Sagar,173.382,12.007
2014-03-05,Nagarjuna Sagar,225.882,13.773
2014-03-06,Nagarjuna Sagar,296.453,14.479
2014-03-07,Nagarjuna Sagar,303.68,8.476
2014-03-08,Nagarjuna Sagar,289.698,5.297
2014-03-09,Nagarjuna Sagar,281.717,104.885
2014-03-10,Nagarjuna Sagar,266.726,177.28
2014-03-11,Nagarjuna Sagar,229.959,162.801
2014-03-12,Nagarjuna Sagar,236.409,107.003
2014-03-13,Nagarjuna Sagar,269.394,106.35
2014-03-14,Nagarjuna Sagar,247.928,105.697
2014-03-15,Nagarjuna Sagar,250.76,105.043
2014-03-16,Nagarjuna Sagar,256.139,104.39
2014-03-17,Nagarjuna Sagar,262.416,103.737
2014-03-18,Nagarjuna Sagar,275.097,103.084
2014-03-19,Nagarjuna Sagar,288.389,102.43
2014-03-20,Nagarjuna Sagar,282.976,101.777
2014-03-21,Nagarjuna Sagar,283.599,101.124
2014-03-22,Nagarjuna Sagar,272.6,100.47
2014-03-23,Nagarjuna Sagar,259.268,99.817
2014-03-24,Nagarjuna Sagar,268.634,99.164
2014-03-25,Nagarjuna Sagar,279.728,98.51
2014-03-26,Nagarjuna Sagar,267.214,97.857
2014-03-27,Nagarjuna Sagar,268.112,97.204
2014-03-28,Nagarjuna Sagar,267.076,96.55
2014-03-29,Nagarjuna Sagar,285.92,95.897
2014-03-30,Nagarjuna Sagar,256.139,95.244
2014-03-31,Nagarjuna Sagar,243.818,94.59
2014-04-01,Nagarjuna Sagar,261.296,93.937
2014-04-02,Nagarjuna Sagar,238.326,50.5
2014-04-03,Nagarjuna Sagar,272.806,27.545
2014-04-04,Nagarjuna Sagar,259.397,12.36
2014-04-05,Nagarjuna Sagar,256.998,13.773
2014-04-06,Nagarjuna Sagar,223.008,14.479
2014-04-07,Nagarjuna Sagar,215.945,8.122
2014-04-08,Nagarjuna Sagar,189.229,6.357
2014-04-09,Nagarjuna Sagar,171.86,115.126
2014-04-10,Nagarjuna Sagar,155.464,176.573
2014-04-11,Nagarjuna Sagar,142.051,159.975
2014-04-12,Nagarjuna Sagar,118.57,104.531
2014-04-13,Nagarjuna Sagar,101.923,103.918
2014-04-14,Nagarjuna Sagar,94.306,103.305
2014-04-15,Nagarjuna Sagar,92.999,102.691
2014-04-16,Nagarjuna Sagar,91.693,102.078
2014-04-17,Nagarjuna Sagar,89.585,101.465
2014-04-18,Nagarjuna Sagar,87.853,100.851
2014-04-19,Nagarjuna Sagar,75.579,100.238
2014-04-20,Nagarjuna Sagar,72.221,99.625
2014-04-21,Nagarjuna Sagar,66.931,99.011
2014-04-22,Nagarjuna Sagar,61.641,98.398
2014-04-23,Nagarjuna Sagar,56.351,97.784
2014-04-24,Nagarjuna Sagar,52.92,97.171
2014-04-25,Nagarjuna Sagar,39.89,96.558
2014-04-26,Nagarjuna Sagar,35.538,95.944
2014-04-27,Nagarjuna Sagar,37.236,95.331
2014-04-28,Nagarjuna Sagar,42.845,94.718
2014-04-29,Nagarjuna Sagar,40.264,94.104
2014-04-30,Nagarjuna Sagar,37.276,93.491
2014-05-01,Nagarjuna Sagar,38.461,92.878
2014-05-02,Nagarjuna Sagar,36.711,49.794
2014-05-03,Nagarjuna Sagar,35.552,25.427
2014-05-04,Nagarjuna Sagar,34.393,13.066
2014-05-05,Nagarjuna Sagar,28.943,13.42
2014-05-06,Nagarjuna Sagar,24.879,14.479
2014-05-07,Nagarjuna Sagar,26.419,7.416
2014-05-08,Nagarjuna Sagar,27.372,7.416
2014-05-09,Nagarjuna Sagar,26.645,125.014
2014-05-10,Nagarjuna Sagar,41.976,175.161
2014-05-11,Nagarjuna Sagar,52.09,157.15
2014-05-12,Nagarjuna Sagar,47.436,102.766
2014-05-13,Nagarjuna Sagar,53.327,102.201
2014-05-14,Nagarjuna Sagar,48.031,101.636
2014-05-15,Nagarjuna Sagar,48.052,101.071
2014-05-16,Nagarjuna Sagar,38.851,100.506
2014-05-17,Nagarjuna Sagar,38.098,99.941
2014-05-18,Nagarjuna Sagar,37.236,99.375
2014-05-19,Nagarjuna Sagar,25.134,98.81
2014-05-20,Nagarjuna Sagar,23.549,98.245
2014-05-21,Nagarjuna Sagar,22.453,97.68
2014-05-22,Nagarjuna Sagar,19.702,97.115
2014-05-23,Nagarjuna Sagar,19.883,96.55
2014-05-24,Nagarjuna Sagar,19.269,95.985
2014-05-25,Nagarjuna Sagar,18.427,95.42
2014-05-26,Nagarjuna Sagar,17.217,94.855
2014-05-27,Nagarjuna Sagar,40.799,94.29
2014-05-28,Nagarjuna Sagar,64.381,93.725
2014-05-29,Nagarjuna Sagar,59.54,93.16
2014-05-30,Nagarjuna Sagar,51.833,92.595
2014-05-31,Nagarjuna Sagar,44.125,92.03
2014-06-01,Nagarjuna Sagar,81.8921856,91.465
2014-06-02,Nagarjuna Sagar,203.0031392,49.087
2014-06-03,Nagarjuna Sagar,165.370112,23.308
2014-06-04,Nagarjuna Sagar,119.2986784,14.126
2014-06-05,Nagarjuna Sagar,66.261312,13.42
2014-06-06,Nagarjuna Sagar,64.9587392,14.126
2014-06-07,Nagarjuna Sagar,9.9391968,7.063
2014-06-08,Nagarjuna Sagar,5.4934592,10.241
2014-06-09,Nagarjuna Sagar,67.7621024,131.724
2014-06-10,Nagarjuna Sagar,122.9515456,174.454
2014-06-11,Nagarjuna Sagar,61.4191392,0.0
2014-06-12,Nagarjuna Sagar,57.5680544,102.059
2014-06-13,Nagarjuna Sagar,6.4845472,101.502
2014-06-14,Nagarjuna Sagar,6.4845472,100.944
2014-06-15,Nagarjuna Sagar,6.5978144,100.387
2014-06-16,Nagarjuna Sagar,6.8243488,99.829
2014-06-17,Nagarjuna Sagar,5.4934592,99.271
2014-06-18,Nagarjuna Sagar,5.4934592,98.714
2014-06-19,Nagarjuna Sagar,18.9439392,98.156
2014-06-20,Nagarjuna Sagar,45.023711999999996,97.599
2014-06-21,Nagarjuna Sagar,12.7991936,97.041
2014-06-22,Nagarjuna Sagar,16.3387936,96.483
2014-06-23,Nagarjuna Sagar,15.4609728,95.926
2014-06-24,Nagarjuna Sagar,11.1001856,95.368
2014-06-25,Nagarjuna Sagar,28.7981856,94.811
2014-06-26,Nagarjuna Sagar,28.7981856,94.253
2014-06-27,Nagarjuna Sagar,1.0194048,93.695
2014-06-28,Nagarjuna Sagar,6.9942496,93.138
2014-06-29,Nagarjuna Sagar,0.141584,92.58
2014-06-30,Nagarjuna Sagar,25.5417536,92.023
2014-07-01,Nagarjuna Sagar,69.092992,91.465
2014-07-02,Nagarjuna Sagar,66.8842816,48.381
2014-07-03,Nagarjuna Sagar,68.6399232,21.895
2014-07-04,Nagarjuna Sagar,47.0908384,15.892
2014-07-05,Nagarjuna Sagar,23.219776,13.42
2014-07-06,Nagarjuna Sagar,31.4882816,14.126
2014-07-07,Nagarjuna Sagar,43.8060896,6.357
2014-07-08,Nagarjuna Sagar,25.3152192,13.773
2014-07-09,Nagarjuna Sagar,21.4358176,136.668
2014-07-10,Nagarjuna Sagar,36.528672,174.101
2014-07-11,Nagarjuna Sagar,14.2433504,151.5
2014-07-12,Nagarjuna Sagar,9.5993952,101.0
2014-07-13,Nagarjuna Sagar,9.5993952,100.453
2014-07-14,Nagarjuna Sagar,10.052464,99.905
2014-07-15,Nagarjuna Sagar,17.1599808,99.358
2014-07-16,Nagarjuna Sagar,8.8348416,98.81
2014-07-17,Nagarjuna Sagar,9.7126624,98.263
2014-07-18,Nagarjuna Sagar,11.043552,97.716
2014-07-19,Nagarjuna Sagar,8.8348416,97.168
2014-07-20,Nagarjuna Sagar,7.3057343999999995,96.621
2014-07-21,Nagarjuna Sagar,15.8007744,96.074
2014-07-22,Nagarjuna Sagar,21.6057184,95.526
2014-07-23,Nagarjuna Sagar,30.808678399999998,94.979
2014-07-24,Nagarjuna Sagar,23.7011616,94.431
2014-07-25,Nagarjuna Sagar,9.8825632,93.884
2014-07-26,Nagarjuna Sagar,10.2506816,93.337
2014-07-27,Nagarjuna Sagar,2.8599968,92.789
2014-07-28,Nagarjuna Sagar,7.220784,92.242
2014-07-29,Nagarjuna Sagar,528.674656,91.695
2014-07-30,Nagarjuna Sagar,227.7520224,91.147
2014-07-31,Nagarjuna Sagar,284.442256,90.6
2014-08-01,Nagarjuna Sagar,341.2457568,90.052
2014-08-02,Nagarjuna Sagar,401.1357888,47.675
2014-08-03,Nagarjuna Sagar,1169.1157216,20.483
2014-08-04,Nagarjuna Sagar,460.6293856,16.245
2014-08-05,Nagarjuna Sagar,965.5179296,13.42
2014-08-06,Nagarjuna Sagar,1500.0541632,14.126
2014-08-07,Nagarjuna Sagar,1793.16136,6.003
2014-08-08,Nagarjuna Sagar,1645.8007327999999,17.304
2014-08-09,Nagarjuna Sagar,1890.1747168,141.965
2014-08-10,Nagarjuna Sagar,1493.569616,172.689
2014-08-11,Nagarjuna Sagar,1591.4324768,148.322
2014-08-12,Nagarjuna Sagar,1657.665472,99.941
2014-08-13,Nagarjuna Sagar,2038.243264,99.393
2014-08-14,Nagarjuna Sagar,1659.3078464,98.846
2014-08-15,Nagarjuna Sagar,1702.2361152,98.298
2014-08-16,Nagarjuna Sagar,1902.9172768,97.751
2014-08-17,Nagarjuna Sagar,1784.3831519999999,97.204
2014-08-18,Nagarjuna Sagar,1900.7368832,96.656
2014-08-19,Nagarjuna Sagar,1699.149584,96.109
2014-08-20,Nagarjuna Sagar,1952.160192,95.561
2014-08-21,Nagarjuna Sagar,1903.6818304,95.014
2014-08-22,Nagarjuna Sagar,1847.812784,94.467
2014-08-23,Nagarjuna Sagar,1888.1642239999999,93.919
2014-08-24,Nagarjuna Sagar,1862.5941536,93.372
2014-08-25,Nagarjuna Sagar,1483.4888352,92.825
2014-08-26,Nagarjuna Sagar,954.0496256,92.277
2014-08-27,Nagarjuna Sagar,843.1610368,91.73
2014-08-28,Nagarjuna Sagar,765.1482528,91.182
2014-08-29,Nagarjuna Sagar,1628.6124352,90.635
2014-08-30,Nagarjuna Sagar,1843.990016,90.088
2014-08-31,Nagarjuna Sagar,1597.4073216,89.54
2014-09-01,Nagarjuna Sagar,3853.633312,88.993
2014-09-02,Nagarjuna Sagar,4243.6405984,46.969
2014-09-03,Nagarjuna Sagar,4447.295024,19.07
2014-09-04,Nagarjuna Sagar,4335.018912,16.951
2014-09-05,Nagarjuna Sagar,3223.018176,13.42
2014-09-06,Nagarjuna Sagar,2611.092128,13.773
2014-09-07,Nagarjuna Sagar,2593.0543264,5.297
2014-09-08,Nagarjuna Sagar,2636.0675456,19.423
2014-09-09,Nagarjuna Sagar,3902.196624,146.556
2014-09-10,Nagarjuna Sagar,4308.684288,169.157
2014-09-11,Nagarjuna Sagar,4276.2898688,146.556
2014-09-12,Nagarjuna Sagar,2081.4547008,99.941
2014-09-13,Nagarjuna Sagar,2059.764032,99.327
2014-09-14,Nagarjuna Sagar,2964.2309408,98.714
2014-09-15,Nagarjuna Sagar,3581.0274784,98.1
2014-09-16,Nagarjuna Sagar,2817.1251647999998,97.487
2014-09-17,Nagarjuna Sagar,2219.0177152,96.874
2014-09-18,Nagarjuna Sagar,2141.316416,96.26
2014-09-19,Nagarjuna Sagar,2240.5101664,95.647
2014-09-20,Nagarjuna Sagar,1577.5855616,95.034
2014-09-21,Nagarjuna Sagar,1629.1504544,94.42
2014-09-22,Nagarjuna Sagar,1945.3358432,93.807
2014-09-23,Nagarjuna Sagar,1655.3151776,93.194
2014-09-24,Nagarjuna Sagar,1167.6715648,92.58
2014-09-25,Nagarjuna Sagar,853.5816192,91.967
2014-09-26,Nagarjuna Sagar,951.7559648,91.353
2014-09-27,Nagarjuna Sagar,1064.2586112,90.74
2014-09-28,Nagarjuna Sagar,858.3671584,90.127
2014-09-29,Nagarjuna Sagar,1735.3667712,89.513
2014-09-30,Nagarjuna Sagar,1548.504208,88.9
2014-10-01,Nagarjuna Sagar,1171.9474016,88.287
2014-10-02,Nagarjuna Sagar,655.3640192,45.556
2014-10-03,Nagarjuna Sagar,865.927744,18.01
2014-10-04,Nagarjuna Sagar,783.1577376,15.892
2014-10-05,Nagarjuna Sagar,1039.792896,13.42
2014-10-06,Nagarjuna Sagar,1148.8692096,13.773
2014-10-07,Nagarjuna Sagar,745.5530272,5.297
2014-10-08,Nagarjuna Sagar,80.0799104,23.308
2014-10-09,Nagarjuna Sagar,279.8266176,155.031
2014-10-10,Nagarjuna Sagar,817.3077984,167.392
2014-10-11,Nagarjuna Sagar,1037.5841856,143.731
2014-10-12,Nagarjuna Sagar,1098.3237216,97.822
2014-10-13,Nagarjuna Sagar,2048.72048,97.327
2014-10-14,Nagarjuna Sagar,2473.9821824,96.833
2014-10-15,Nagarjuna Sagar,1622.8641248,96.338
2014-10-16,Nagarjuna Sagar,1533.8361055999999,95.844
2014-10-17,Nagarjuna Sagar,1725.0877728,95.35
2014-10-18,Nagarjuna Sagar,1404.9663487999999,94.855
2014-10-19,Nagarjuna Sagar,985.42464,94.361
2014-10-20,Nagarjuna Sagar,1226.5988256,93.866
2014-10-21,Nagarjuna Sagar,951.5577472,93.372
2014-10-22,Nagarjuna Sagar,627.358704,92.878
2014-10-23,Nagarjuna Sagar,860.6041855999999,92.383
2014-10-24,Nagarjuna Sagar,586.7524128,91.889
2014-10-25,Nagarjuna Sagar,452.2759296,91.394
2014-10-26,Nagarjuna Sagar,95.65415039999999,90.9
2014-10-27,Nagarjuna Sagar,333.288736,90.406
2014-10-28,Nagarjuna Sagar,297.3830336,89.911
2014-10-29,Nagarjuna Sagar,402.74984639999997,89.417
2014-10-30,Nagarjuna Sagar,239.02210879999998,88.922
2014-10-31,Nagarjuna Sagar,807.0004832,88.428
2014-11-01,Nagarjuna Sagar,186.18296,87.934
2014-11-02,Nagarjuna Sagar,483.8208448,44.143
2014-11-03,Nagarjuna Sagar,100.8927584,16.598
2014-11-04,Nagarjuna Sagar,10.788700799999999,15.538
2014-11-05,Nagarjuna Sagar,53.0656832,13.42
2014-11-06,Nagarjuna Sagar,37.7179776,14.126
2014-11-07,Nagarjuna Sagar,88.348416,5.297
2014-11-08,Nagarjuna Sagar,310.06896,25.427
2014-11-09,Nagarjuna Sagar,100.949392,163.86
2014-11-10,Nagarjuna Sagar,272.6058336,166.332
2014-11-11,Nagarjuna Sagar,127.1990656,141.965
2014-11-12,Nagarjuna Sagar,192.3277056,97.822
2014-11-13,Nagarjuna Sagar,163.69942079999998,97.283
2014-11-14,Nagarjuna Sagar,319.8665728,96.744
2014-11-15,Nagarjuna Sagar,210.6203584,96.205
2014-11-16,Nagarjuna Sagar,208.0718464,95.666
2014-11-17,Nagarjuna Sagar,351.977824,95.127
2014-11-18,Nagarjuna Sagar,374.0366112,94.588
2014-11-19,Nagarjuna Sagar,127.142432,94.049
2014-11-20,Nagarjuna Sagar,46.6094528,93.51
2014-11-21,Nagarjuna Sagar,211.2150112,92.971
2014-11-22,Nagarjuna Sagar,310.6636128,92.431
2014-11-23,Nagarjuna Sagar,24.2958144,91.892
2014-11-24,Nagarjuna Sagar,239.135376,91.353
2014-11-25,Nagarjuna Sagar,188.6465216,90.814
2014-11-26,Nagarjuna Sagar,300.2713472,90.275
2014-11-27,Nagarjuna Sagar,111.8796768,89.736
2014-11-28,Nagarjuna Sagar,82.82664,89.197
2014-11-29,Nagarjuna Sagar,208.9496672,88.658
2014-11-30,Nagarjuna Sagar,8.070288,88.119
2014-12-01,Nagarjuna Sagar,200.8793792,87.58
2014-12-02,Nagarjuna Sagar,200.8793792,43.437
2014-12-03,Nagarjuna Sagar,147.1340928,15.185
2014-12-04,Nagarjuna Sagar,197.6229472,14.832
2014-12-05,Nagarjuna Sagar,341.995585664,13.42
2014-12-06,Nagarjuna Sagar,26.051455999999998,14.126
2014-12-07,Nagarjuna Sagar,41.9938144,4.944
2014-12-08,Nagarjuna Sagar,166.4744672,27.899
2014-12-09,Nagarjuna Sagar,154.6946784,172.689
2014-12-10,Nagarjuna Sagar,452.3891968,166.332
2014-12-11,Nagarjuna Sagar,451.85117759999997,139.493
2014-12-12,Nagarjuna Sagar,487.7851968,97.822
2014-12-13,Nagarjuna Sagar,268.3512344,97.009
2014-12-14,Nagarjuna Sagar,117.68886831999998,96.197
2014-12-15,Nagarjuna Sagar,197.394430624,95.385
2014-12-16,Nagarjuna Sagar,346.823033728,94.573
2014-12-17,Nagarjuna Sagar,495.7705344,93.76
2014-12-18,Nagarjuna Sagar,346.058480128,92.948
2014-12-19,Nagarjuna Sagar,421.141041664,92.136
2014-12-20,Nagarjuna Sagar,269.38564710400004,91.324
2014-12-21,Nagarjuna Sagar,145.0952832,90.511
2014-12-22,Nagarjuna Sagar,288.008473792,89.699
2014-12-23,Nagarjuna Sagar,514.821794272,88.887
2014-12-24,Nagarjuna Sagar,197.541111648,88.075
2014-12-25,Nagarjuna Sagar,248.83586217599998,87.263
2014-12-26,Nagarjuna Sagar,540.14296,86.45
2014-12-27,Nagarjuna Sagar,395.4370328,85.638
2014-12-28,Nagarjuna Sagar,110.440900192,84.826
2014-12-29,Nagarjuna Sagar,328.020112192,84.014
2014-12-30,Nagarjuna Sagar,194.719908864,83.201
2014-12-31,Nagarjuna Sagar,333.704143456,82.389
2015-01-01,Nagarjuna Sagar,29.849022048,81.577
2015-01-02,Nagarjuna Sagar,44.293704896,49.441
2015-01-03,Nagarjuna Sagar,17.288539072,28.958
2015-01-04,Nagarjuna Sagar,106.105598112,16.951
2015-01-05,Nagarjuna Sagar,107.568444,6.71
2015-01-06,Nagarjuna Sagar,104.9066648,7.769
2015-01-07,Nagarjuna Sagar,146.81014860800002,4.591
2015-01-08,Nagarjuna Sagar,151.89697855999998,1.413
2015-01-09,Nagarjuna Sagar,263.550687296,0.0
2015-01-10,Nagarjuna Sagar,92.081136576,1.413
2015-01-11,Nagarjuna Sagar,154.882135616,0.0
2015-01-12,Nagarjuna Sagar,118.69666323199999,0.0
2015-01-13,Nagarjuna Sagar,178.92762950399998,3.973
2015-01-14,Nagarjuna Sagar,264.574905952,7.946
2015-01-15,Nagarjuna Sagar,97.802262848,11.919
2015-01-16,Nagarjuna Sagar,293.1071968,15.892
2015-01-17,Nagarjuna Sagar,180.411146656,19.865
2015-01-18,Nagarjuna Sagar,137.0603912,23.837
2015-01-19,Nagarjuna Sagar,137.0603912,27.81
2015-01-20,Nagarjuna Sagar,207.56384300800002,31.783
2015-01-21,Nagarjuna Sagar,259.94652499200004,35.756
2015-01-22,Nagarjuna Sagar,87.976333248,39.729
2015-01-23,Nagarjuna Sagar,257.031027264,43.702
2015-01-24,Nagarjuna Sagar,175.70885884799998,47.675
2015-01-25,Nagarjuna Sagar,97.646520448,51.648
2015-01-26,Nagarjuna Sagar,104.750356064,55.621
2015-01-27,Nagarjuna Sagar,139.82042969600002,59.594
2015-01-28,Nagarjuna Sagar,219.546380096,63.566
2015-01-29,Nagarjuna Sagar,137.840235872,67.539
2015-01-30,Nagarjuna Sagar,157.347396224,71.512
2015-01-31,Nagarjuna Sagar,123.25765020800002,75.485
2015-02-01,Nagarjuna Sagar,40.436956736,79.458
2015-02-02,Nagarjuna Sagar,49.957064896,48.381
2015-02-03,Nagarjuna Sagar,69.416086688,28.252
2015-02-04,Nagarjuna Sagar,274.3048416,0.0
2015-02-05,Nagarjuna Sagar,219.846255008,6.71
2015-02-06,Nagarjuna Sagar,110.141874784,7.416
2015-02-07,Nagarjuna Sagar,10.143644096000001,4.591
2015-02-08,Nagarjuna Sagar,3.704120608,1.059
2015-02-09,Nagarjuna Sagar,64.5481456,0.0
2015-02-10,Nagarjuna Sagar,59.510303712,1.413
2015-02-11,Nagarjuna Sagar,183.268878112,0.0
2015-02-12,Nagarjuna Sagar,65.53045539200001,0.0
2015-02-13,Nagarjuna Sagar,127.00339651200001,4.612
2015-02-14,Nagarjuna Sagar,328.444014688,9.223
2015-02-15,Nagarjuna Sagar,122.812510112,13.835
2015-02-16,Nagarjuna Sagar,220.689529312,18.447
2015-02-17,Nagarjuna Sagar,256.566914912,23.058
2015-02-18,Nagarjuna Sagar,164.18618659199998,27.67
2015-02-19,Nagarjuna Sagar,374.0082944,32.282
2015-02-20,Nagarjuna Sagar,137.290323616,36.893
2015-02-21,Nagarjuna Sagar,218.803347264,41.505
2015-02-22,Nagarjuna Sagar,37.909965504,46.117
2015-02-23,Nagarjuna Sagar,101.480615168,50.728
2015-02-24,Nagarjuna Sagar,105.09582102399999,55.34
2015-02-25,Nagarjuna Sagar,19.9208688,59.952
2015-02-26,Nagarjuna Sagar,92.293229408,64.564
2015-02-27,Nagarjuna Sagar,105.860657792,69.175
2015-02-28,Nagarjuna Sagar,135.378939616,73.787
2015-03-01,Nagarjuna Sagar,86.82100780799999,78.399
2015-03-02,Nagarjuna Sagar,37.495407552,47.675
2015-03-03,Nagarjuna Sagar,97.47208896,27.192
2015-03-04,Nagarjuna Sagar,96.59483449599999,16.245
2015-03-05,Nagarjuna Sagar,115.761060576,6.71
2015-03-06,Nagarjuna Sagar,1.563653696,7.416
2015-03-07,Nagarjuna Sagar,129.04163977599998,4.238
2015-03-08,Nagarjuna Sagar,22.789643807999997,1.059
2015-03-09,Nagarjuna Sagar,125.551594176,0.0
2015-03-10,Nagarjuna Sagar,198.64376784,1.413
2015-03-11,Nagarjuna Sagar,136.91597552,0.0
2015-03-12,Nagarjuna Sagar,88.555978144,0.0
2015-03-13,Nagarjuna Sagar,87.60906435199999,3.849
2015-03-14,Nagarjuna Sagar,151.23011792,7.699
2015-03-15,Nagarjuna Sagar,64.471973408,11.548
2015-03-16,Nagarjuna Sagar,246.47055987200002,15.397
2015-03-17,Nagarjuna Sagar,205.98886259199998,19.246
2015-03-18,Nagarjuna Sagar,128.773196512,23.096
2015-03-19,Nagarjuna Sagar,223.076635552,26.945
2015-03-20,Nagarjuna Sagar,135.76178275200002,30.794
2015-03-21,Nagarjuna Sagar,130.800113056,34.644
2015-03-22,Nagarjuna Sagar,417.925102688,38.493
2015-03-23,Nagarjuna Sagar,591.431197664,42.342
2015-03-24,Nagarjuna Sagar,794.868433408,46.192
2015-03-25,Nagarjuna Sagar,875.008658592,50.041
2015-03-26,Nagarjuna Sagar,655.935169056,53.89
2015-03-27,Nagarjuna Sagar,784.43624112,57.739
2015-03-28,Nagarjuna Sagar,836.451654208,61.589
2015-03-29,Nagarjuna Sagar,666.262022848,65.438
2015-03-30,Nagarjuna Sagar,243.89316473600002,69.287
2015-03-31,Nagarjuna Sagar,324.341193536,73.137
2015-04-01,Nagarjuna Sagar,92.906854464,76.986
2015-04-02,Nagarjuna Sagar,90.924678464,47.675
2015-04-03,Nagarjuna Sagar,102.2378064,26.486
2015-04-04,Nagarjuna Sagar,87.48192192,15.185
2015-04-05,Nagarjuna Sagar,45.181719744,6.71
2015-04-06,Nagarjuna Sagar,119.235815104,7.416
2015-04-07,Nagarjuna Sagar,117.36888848000001,4.238
2015-04-08,Nagarjuna Sagar,145.48888671999998,1.059
2015-04-09,Nagarjuna Sagar,107.573257856,0.0
2015-04-10,Nagarjuna Sagar,138.154552352,1.413
2015-04-11,Nagarjuna Sagar,75.487208608,0.353
2015-04-12,Nagarjuna Sagar,48.183300544,0.0
2015-04-13,Nagarjuna Sagar,34.935002496,3.996
2015-04-14,Nagarjuna Sagar,142.10163110399998,7.992
2015-04-15,Nagarjuna Sagar,22.5684896,11.988
2015-04-16,Nagarjuna Sagar,23.608282496,15.985
2015-04-17,Nagarjuna Sagar,52.402503744,19.981
2015-04-18,Nagarjuna Sagar,125.436911136,23.977
2015-04-19,Nagarjuna Sagar,35.300572384000006,27.973
2015-04-20,Nagarjuna Sagar,27.371868384,31.969
2015-04-21,Nagarjuna Sagar,62.4810192,35.965
2015-04-22,Nagarjuna Sagar,57.244959711999996,39.961
2015-04-23,Nagarjuna Sagar,40.31745984,43.957
2015-04-24,Nagarjuna Sagar,96.25446656,47.954
2015-04-25,Nagarjuna Sagar,104.86277376,51.95
2015-04-26,Nagarjuna Sagar,46.4112352,55.946
2015-04-27,Nagarjuna Sagar,41.7955968,59.942
2015-04-28,Nagarjuna Sagar,103.61683455999999,63.938
2015-04-29,Nagarjuna Sagar,52.3577632,67.934
2015-04-30,Nagarjuna Sagar,111.82870655999999,71.93
2015-05-01,Nagarjuna Sagar,8.58565376,75.927
2015-05-02,Nagarjuna Sagar,48.13856,47.675
2015-05-03,Nagarjuna Sagar,43.8060896,26.133
2015-05-04,Nagarjuna Sagar,35.8490688,14.126
2015-05-05,Nagarjuna Sagar,48.4783616,6.71
2015-05-06,Nagarjuna Sagar,141.057590688,7.416
2015-05-07,Nagarjuna Sagar,146.771354592,3.885
2015-05-08,Nagarjuna Sagar,84.358295712,1.059
2015-05-09,Nagarjuna Sagar,95.062046112,0.0
2015-05-10,Nagarjuna Sagar,26.8726432,1.413
2015-05-11,Nagarjuna Sagar,83.480474912,0.706
2015-05-12,Nagarjuna Sagar,25.5417536,0.0
2015-05-13,Nagarjuna Sagar,25.1170016,3.743
2015-05-14,Nagarjuna Sagar,25.5417536,7.487
2015-05-15,Nagarjuna Sagar,25.1170016,11.23
2015-05-16,Nagarjuna Sagar,25.1170016,14.973
2015-05-17,Nagarjuna Sagar,25.5417536,18.717
2015-05-18,Nagarjuna Sagar,25.9948224,22.46
2015-05-19,Nagarjuna Sagar,28.203532799999998,26.203
2015-05-20,Nagarjuna Sagar,33.2439232,29.947
2015-05-21,Nagarjuna Sagar,30.865312,33.69
2015-05-22,Nagarjuna Sagar,20.4164128,37.434
2015-05-23,Nagarjuna Sagar,15.9140416,41.177
2015-05-24,Nagarjuna Sagar,42.8433184,44.92
2015-05-25,Nagarjuna Sagar,17.6696832,48.664
2015-05-26,Nagarjuna Sagar,38.3409472,52.407
2015-05-27,Nagarjuna Sagar,78.03855228799999,56.15
2015-05-28,Nagarjuna Sagar,21.379184,59.894
2015-05-29,Nagarjuna Sagar,20.8694816,63.637
2015-05-30,Nagarjuna Sagar,15.4609728,67.38
2015-05-31,Nagarjuna Sagar,42.090374688000004,71.124
2015-06-01,Nagarjuna Sagar,30.9502624,74.867
2015-06-02,Nagarjuna Sagar,35.2827328,47.322
2015-06-03,Nagarjuna Sagar,18.2926528,25.78
2015-06-04,Nagarjuna Sagar,38.7373824,13.42
2015-06-05,Nagarjuna Sagar,15.7724576,6.71
2015-06-06,Nagarjuna Sagar,39.3037184,7.063
2015-06-07,Nagarjuna Sagar,36.528672,3.885
2015-06-08,Nagarjuna Sagar,37.4064928,0.706
2015-06-09,Nagarjuna Sagar,23.2764096,0.0
2015-06-10,Nagarjuna Sagar,43.466288,1.413
2015-06-11,Nagarjuna Sagar,7.362368,1.059
2015-06-12,Nagarjuna Sagar,49.271232,0.0
2015-06-13,Nagarjuna Sagar,47.0625216,3.885
2015-06-14,Nagarjuna Sagar,10.901968,7.769
2015-06-15,Nagarjuna Sagar,45.30688,11.654
2015-06-16,Nagarjuna Sagar,44.0609408,15.538
2015-06-17,Nagarjuna Sagar,12.6859264,19.423
2015-06-18,Nagarjuna Sagar,13.1106784,23.308
2015-06-19,Nagarjuna Sagar,75.1527872,27.192
2015-06-20,Nagarjuna Sagar,38.6241152,31.077
2015-06-21,Nagarjuna Sagar,39.4736192,34.962
2015-06-22,Nagarjuna Sagar,40.4080736,38.846
2015-06-23,Nagarjuna Sagar,4.4740544,42.731
2015-06-24,Nagarjuna Sagar,9.1180096,46.615
2015-06-25,Nagarjuna Sagar,48.3650944,50.5
2015-06-26,Nagarjuna Sagar,33.0457056,54.385
2015-06-27,Nagarjuna Sagar,35.254416,58.269
2015-06-28,Nagarjuna Sagar,8.693257599999999,62.154
2015-06-29,Nagarjuna Sagar,49.7243008,66.038
2015-06-30,Nagarjuna Sagar,119.8366976,69.923
2015-07-01,Nagarjuna Sagar,7.3906848,73.808
2015-07-02,Nagarjuna Sagar,9.5993952,46.262
2015-07-03,Nagarjuna Sagar,9.3728608,25.073
2015-07-04,Nagarjuna Sagar,7.8437536,12.713
2015-07-05,Nagarjuna Sagar,6.937616,7.063
2015-07-06,Nagarjuna Sagar,7.3906848,7.063
2015-07-07,Nagarjuna Sagar,8.2685056,3.531
2015-07-08,Nagarjuna Sagar,8.7498912,0.706
2015-07-09,Nagarjuna Sagar,6.9942496,0.0
2015-07-10,Nagarjuna Sagar,27.7221472,1.413
2015-07-11,Nagarjuna Sagar,24.6639328,1.413
2015-07-12,Nagarjuna Sagar,24.2391808,0.0
2015-07-13,Nagarjuna Sagar,31.6015488,3.637
2015-07-14,Nagarjuna Sagar,22.4552224,7.275
2015-07-15,Nagarjuna Sagar,21.577401599999998,10.912
2015-07-16,Nagarjuna Sagar,32.4793696,14.55
2015-07-17,Nagarjuna Sagar,24.2391808,18.187
2015-07-18,Nagarjuna Sagar,37.7746112,21.824
2015-07-19,Nagarjuna Sagar,13.0823616,25.462
2015-07-20,Nagarjuna Sagar,36.528672,29.099
2015-07-21,Nagarjuna Sagar,21.94552,32.737
2015-07-22,Nagarjuna Sagar,34.773030399999996,36.374
2015-07-23,Nagarjuna Sagar,23.0498752,40.012
2015-07-24,Nagarjuna Sagar,34.3199616,43.649
2015-07-25,Nagarjuna Sagar,21.94552,47.286
2015-07-26,Nagarjuna Sagar,36.5569888,50.924
2015-07-27,Nagarjuna Sagar,21.94552,54.561
2015-07-28,Nagarjuna Sagar,11.468304,58.199
2015-07-29,Nagarjuna Sagar,51.253408,61.836
2015-07-30,Nagarjuna Sagar,16.423744,65.473
2015-07-31,Nagarjuna Sagar,34.3199616,69.111
2015-08-01,Nagarjuna Sagar,21.520768,72.748
2015-08-02,Nagarjuna Sagar,34.773030399999996,45.203
2015-08-03,Nagarjuna Sagar,7.645536,25.073
2015-08-04,Nagarjuna Sagar,46.6094528,12.36
2015-08-05,Nagarjuna Sagar,8.778208,7.416
2015-08-06,Nagarjuna Sagar,46.1847008,7.063
2015-08-07,Nagarjuna Sagar,28.9680864,3.531
2015-08-08,Nagarjuna Sagar,39.1904512,0.706
2015-08-09,Nagarjuna Sagar,10.9869184,0.0
2015-08-10,Nagarjuna Sagar,46.1847008,1.059
2015-08-11,Nagarjuna Sagar,10.9869184,0.353
2015-08-12,Nagarjuna Sagar,10.1090976,0.0
2015-08-13,Nagarjuna Sagar,46.1847008,0.0
2015-08-14,Nagarjuna Sagar,13.0540448,0.0
2015-08-15,Nagarjuna Sagar,45.731632,0.0
2015-08-16,Nagarjuna Sagar,9.2312768,0.0
2015-08-17,Nagarjuna Sagar,23.1914592,0.0
2015-08-18,Nagarjuna Sagar,21.9172032,0.0
2015-08-19,Nagarjuna Sagar,19.0005728,0.0
2015-08-20,Nagarjuna Sagar,34.3482784,0.0
2015-08-21,Nagarjuna Sagar,26.702742399999998,0.0
2015-08-22,Nagarjuna Sagar,31.743132799999998,0.0
2015-08-23,Nagarjuna Sagar,31.3183808,0.0
2015-08-24,Nagarjuna Sagar,21.6057184,0.0
2015-08-25,Nagarjuna Sagar,33.8102592,0.0
2015-08-26,Nagarjuna Sagar,34.2350112,0.0
2015-08-27,Nagarjuna Sagar,87.1591104,0.0
2015-08-28,Nagarjuna Sagar,110.7470048,0.0
2015-08-29,Nagarjuna Sagar,63.6561664,0.0
2015-08-30,Nagarjuna Sagar,141.9804352,0.0
2015-08-31,Nagarjuna Sagar,88.94306879999999,0.0
2015-09-01,Nagarjuna Sagar,75.7757568,0.0
2015-09-02,Nagarjuna Sagar,77.1066464,44.143
2015-09-03,Nagarjuna Sagar,138.2143008,24.014
2015-09-04,Nagarjuna Sagar,81.3541664,12.007
2015-09-05,Nagarjuna Sagar,80.73119679999999,7.416
2015-09-06,Nagarjuna Sagar,35.537584,7.063
2015-09-07,Nagarjuna Sagar,32.1112512,3.178
2015-09-08,Nagarjuna Sagar,205.7781856,0.706
2015-09-09,Nagarjuna Sagar,38.22768,0.353
2015-09-10,Nagarjuna Sagar,38.22768,1.059
2015-09-11,Nagarjuna Sagar,38.22768,0.0
2015-09-12,Nagarjuna Sagar,38.22768,0.0
2015-09-13,Nagarjuna Sagar,38.22768,0.0
2015-09-14,Nagarjuna Sagar,0.0,0.0
2015-09-15,Nagarjuna Sagar,85.0636672,0.0
2015-09-16,Nagarjuna Sagar,40.0399552,0.0
2015-09-17,Nagarjuna Sagar,95.710784,0.0
2015-09-18,Nagarjuna Sagar,95.710784,0.0
2015-09-19,Nagarjuna Sagar,207.4771936,0.0
2015-09-20,Nagarjuna Sagar,96.0789024,0.0
2015-09-21,Nagarjuna Sagar,210.9884768,0.0
2015-09-22,Nagarjuna Sagar,432.0860512,0.0
2015-09-23,Nagarjuna Sagar,107.037504,0.0
2015-09-24,Nagarjuna Sagar,56.8601344,0.0
2015-09-25,Nagarjuna Sagar,112.9273984,0.0
2015-09-26,Nagarjuna Sagar,70.1407136,0.0
2015-09-27,Nagarjuna Sagar,0.0,0.0
2015-09-28,Nagarjuna Sagar,38.22768,0.0
2015-09-29,Nagarjuna Sagar,28.0053152,0.0
2015-09-30,Nagarjuna Sagar,18.6607712,0.0
2015-10-01,Nagarjuna Sagar,28.6566016,0.0
2015-10-02,Nagarjuna Sagar,24.9471008,43.084
2015-10-03,Nagarjuna Sagar,25.48512,22.955
2015-10-04,Nagarjuna Sagar,0.0,11.654
2015-10-05,Nagarjuna Sagar,25.48512,7.769
2015-10-06,Nagarjuna Sagar,25.48512,7.063
2015-10-07,Nagarjuna Sagar,25.48512,3.178
2015-10-08,Nagarjuna Sagar,0.0,0.353
2015-10-09,Nagarjuna Sagar,19.538592,0.353
2015-10-10,Nagarjuna Sagar,0.0,1.059
2015-10-11,Nagarjuna Sagar,25.48512,0.0
2015-10-12,Nagarjuna Sagar,25.48512,0.0
2015-10-13,Nagarjuna Sagar,25.48512,0.0
2015-10-14,Nagarjuna Sagar,0.0,0.0
2015-10-15,Nagarjuna Sagar,25.48512,0.0
2015-10-16,Nagarjuna Sagar,0.0,0.0
2015-10-17,Nagarjuna Sagar,0.0,0.0
2015-10-18,Nagarjuna Sagar,0.0,0.0
2015-10-19,Nagarjuna Sagar,68.526656,0.0
2015-10-20,Nagarjuna Sagar,47.260739199999996,0.0
2015-10-21,Nagarjuna Sagar,0.0,0.0
2015-10-22,Nagarjuna Sagar,0.0,0.0
2015-10-23,Nagarjuna Sagar,0.0,0.0
2015-10-24,Nagarjuna Sagar,0.0,0.0
2015-10-25,Nagarjuna Sagar,0.0,0.0
2015-10-26,Nagarjuna Sagar,0.0,0.0
2015-10-27,Nagarjuna Sagar,13.9318656,0.0
2015-10-28,Nagarjuna Sagar,418.40903679999997,0.0
2015-10-29,Nagarjuna Sagar,311.3148992,0.0
2015-10-30,Nagarjuna Sagar,34.5748128,0.0
2015-10-31,Nagarjuna Sagar,174.2615872,0.0
2015-11-01,Nagarjuna Sagar,280.5062208,0.0
2015-11-02,Nagarjuna Sagar,388.789664,42.024
2015-11-03,Nagarjuna Sagar,348.29663999999997,21.895
2015-11-04,Nagarjuna Sagar,544.7019648,10.948
2015-11-05,Nagarjuna Sagar,266.0080192,7.769
2015-11-06,Nagarjuna Sagar,288.4632416,7.063
2015-11-07,Nagarjuna Sagar,463.4610656,2.825
2015-11-08,Nagarjuna Sagar,135.8073728,0.353
2015-11-09,Nagarjuna Sagar,74.5015008,0.353
2015-11-10,Nagarjuna Sagar,109.6709664,1.059
2015-11-11,Nagarjuna Sagar,147.3323104,0.0
2015-11-12,Nagarjuna Sagar,124.70718719999999,0.0
2015-11-13,Nagarjuna Sagar,323.6043904,3.364
2015-11-14,Nagarjuna Sagar,329.3527008,6.728
2015-11-15,Nagarjuna Sagar,130.5121312,10.093
2015-11-16,Nagarjuna Sagar,171.2600064,13.457
2015-11-17,Nagarjuna Sagar,63.6561664,16.821
2015-11-18,Nagarjuna Sagar,61.6456736,20.185
2015-11-19,Nagarjuna Sagar,214.9811456,23.549
2015-11-20,Nagarjuna Sagar,497.5828096,26.913
2015-11-21,Nagarjuna Sagar,245.4500224,30.278
2015-11-22,Nagarjuna Sagar,116.15551359999999,33.642
2015-11-23,Nagarjuna Sagar,215.774016,37.006
2015-11-24,Nagarjuna Sagar,213.9051072,40.37
2015-11-25,Nagarjuna Sagar,152.4293344,43.734
2015-11-26,Nagarjuna Sagar,215.9439168,47.099
2015-11-27,Nagarjuna Sagar,79.2587232,50.463
2015-11-28,Nagarjuna Sagar,25.8532384,53.827
2015-11-29,Nagarjuna Sagar,25.48512,57.191
2015-11-30,Nagarjuna Sagar,5.4368256,60.555
2015-12-01,Nagarjuna Sagar,0.0,63.92
2015-12-02,Nagarjuna Sagar,0.0,41.671
2015-12-03,Nagarjuna Sagar,0.0,20.836
2015-12-04,Nagarjuna Sagar,0.0,10.241
2015-12-05,Nagarjuna Sagar,8.7498912,7.769
2015-12-06,Nagarjuna Sagar,12.74256,6.71
2015-12-07,Nagarjuna Sagar,12.74256,2.825
2015-12-08,Nagarjuna Sagar,12.74256,0.353
2015-12-09,Nagarjuna Sagar,0.0,0.353
2015-12-10,Nagarjuna Sagar,0.0,1.059
2015-12-11,Nagarjuna Sagar,12.74256,0.0
2015-12-12,Nagarjuna Sagar,0.0,0.0
2015-12-13,Nagarjuna Sagar,19.9067104,0.0
2015-12-14,Nagarjuna Sagar,0.0,0.0
2015-12-15,Nagarjuna Sagar,25.48512,0.0
2015-12-16,Nagarjuna Sagar,0.0,0.0
2015-12-17,Nagarjuna Sagar,25.48512,0.0
2015-12-18,Nagarjuna Sagar,0.0,0.0
2015-12-19,Nagarjuna Sagar,190.57206399999998,0.0
2015-12-20,Nagarjuna Sagar,163.8976384,0.0
2015-12-21,Nagarjuna Sagar,26.8443264,0.0
2015-12-22,Nagarjuna Sagar,180.3496992,0.0
2015-12-23,Nagarjuna Sagar,322.2735008,0.0
2015-12-24,Nagarjuna Sagar,107.0941376,0.0
2015-12-25,Nagarjuna Sagar,124.452336,0.0
2015-12-26,Nagarjuna Sagar,3.5396,0.0
2015-12-27,Nagarjuna Sagar,70.933584,0.0
2015-12-28,Nagarjuna Sagar,15.3760224,0.0
2015-12-29,Nagarjuna Sagar,74.5581344,0.0
2015-12-30,Nagarjuna Sagar,59.040528,0.0
2015-12-31,Nagarjuna Sagar,113.0123488,0.0
2016-01-01,Nagarjuna Sagar,0.0,0.0
2016-01-02,Nagarjuna Sagar,59.946665599999996,0.0
2016-01-03,Nagarjuna Sagar,8.919792,0.0
2016-01-04,Nagarjuna Sagar,0.0,0.0
2016-01-05,Nagarjuna Sagar,6.1164287999999996,0.0
2016-01-06,Nagarjuna Sagar,0.0,0.0
2016-01-07,Nagarjuna Sagar,12.74256,0.0
2016-01-08,Nagarjuna Sagar,0.0,0.0
2016-01-09,Nagarjuna Sagar,15.007904,6.003
2016-01-10,Nagarjuna Sagar,0.0,36.374
2016-01-11,Nagarjuna Sagar,0.0,54.031
2016-01-12,Nagarjuna Sagar,11.32672,30.017
2016-01-13,Nagarjuna Sagar,0.0,28.517
2016-01-14,Nagarjuna Sagar,11.32672,27.016
2016-01-15,Nagarjuna Sagar,11.32672,25.515
2016-01-16,Nagarjuna Sagar,11.32672,24.014
2016-01-17,Nagarjuna Sagar,0.0,22.513
2016-01-18,Nagarjuna Sagar,0.0,21.012
2016-01-19,Nagarjuna Sagar,0.0,19.511
2016-01-20,Nagarjuna Sagar,0.0,18.01
2016-01-21,Nagarjuna Sagar,22.65344,16.51
2016-01-22,Nagarjuna Sagar,0.0,15.009
2016-01-23,Nagarjuna Sagar,22.65344,13.508
2016-01-24,Nagarjuna Sagar,0.0,12.007
2016-01-25,Nagarjuna Sagar,22.65344,10.506
2016-01-26,Nagarjuna Sagar,0.0,9.005
2016-01-27,Nagarjuna Sagar,22.65344,7.504
2016-01-28,Nagarjuna Sagar,0.0,6.003
2016-01-29,Nagarjuna Sagar,22.65344,4.503
2016-01-30,Nagarjuna Sagar,0.0,3.002
2016-01-31,Nagarjuna Sagar,0.0,1.501
2016-02-01,Nagarjuna Sagar,18.1793856,0.0
2016-02-02,Nagarjuna Sagar,0.0,0.0
2016-02-03,Nagarjuna Sagar,19.340374399999998,0.0
2016-02-04,Nagarjuna Sagar,512.9871488,0.0
2016-02-05,Nagarjuna Sagar,287.2173024,0.0
2016-02-06,Nagarjuna Sagar,334.0816064,0.0
2016-02-07,Nagarjuna Sagar,328.9845824,0.0
2016-02-08,Nagarjuna Sagar,245.506656,0.0
2016-02-09,Nagarjuna Sagar,297.8644192,5.65
2016-02-10,Nagarjuna Sagar,256.125456,39.199
2016-02-11,Nagarjuna Sagar,279.7416672,52.972
2016-02-12,Nagarjuna Sagar,154.32656,30.017
2016-02-13,Nagarjuna Sagar,104.630576,28.35
2016-02-14,Nagarjuna Sagar,0.0,26.682
2016-02-15,Nagarjuna Sagar,23.1065088,25.015
2016-02-16,Nagarjuna Sagar,0.0,23.347
2016-02-17,Nagarjuna Sagar,25.0037344,21.679
2016-02-18,Nagarjuna Sagar,22.65344,20.012
2016-02-19,Nagarjuna Sagar,0.0,18.344
2016-02-20,Nagarjuna Sagar,0.0,16.676
2016-02-21,Nagarjuna Sagar,0.0,15.009
2016-02-22,Nagarjuna Sagar,0.0,13.341
2016-02-23,Nagarjuna Sagar,0.0,11.673
2016-02-24,Nagarjuna Sagar,33.98016,10.006
2016-02-25,Nagarjuna Sagar,0.0,8.338
2016-02-26,Nagarjuna Sagar,35.2260992,6.671
2016-02-27,Nagarjuna Sagar,0.0,5.003
2016-02-28,Nagarjuna Sagar,33.98016,3.335
2016-02-29,Nagarjuna Sagar,0.0,1.668
2016-03-01,Nagarjuna Sagar,33.98016,0.0
2016-03-02,Nagarjuna Sagar,0.0,0.0
2016-03-03,Nagarjuna Sagar,0.0,0.0
2016-03-04,Nagarjuna Sagar,0.0,0.0
2016-03-05,Nagarjuna Sagar,197.0282944,0.0
2016-03-06,Nagarjuna Sagar,391.47976,0.0
2016-03-07,Nagarjuna Sagar,365.7681056,0.0
2016-03-08,Nagarjuna Sagar,303.2162944,0.0
2016-03-09,Nagarjuna Sagar,243.1563616,4.944
2016-03-10,Nagarjuna Sagar,78.0694176,39.906
2016-03-11,Nagarjuna Sagar,148.4366656,51.559
2016-03-12,Nagarjuna Sagar,6.5411808,30.017
2016-03-13,Nagarjuna Sagar,6.4279136,28.517
2016-03-14,Nagarjuna Sagar,0.0,27.016
2016-03-15,Nagarjuna Sagar,68.2718048,25.515
2016-03-16,Nagarjuna Sagar,48.704896,24.014
2016-03-17,Nagarjuna Sagar,13.1389952,22.513
2016-03-18,Nagarjuna Sagar,21.7473024,21.012
2016-03-19,Nagarjuna Sagar,0.0,19.511
2016-03-20,Nagarjuna Sagar,88.9997024,18.01
2016-03-21,Nagarjuna Sagar,309.1061888,16.51
2016-03-22,Nagarjuna Sagar,421.1274496,15.009
2016-03-23,Nagarjuna Sagar,311.060048,13.508
2016-03-24,Nagarjuna Sagar,162.0853632,12.007
2016-03-25,Nagarjuna Sagar,42.333616,10.506
2016-03-26,Nagarjuna Sagar,40.634608,9.005
2016-03-27,Nagarjuna Sagar,38.7090656,7.504
2016-03-28,Nagarjuna Sagar,40.181539199999996,6.003
2016-03-29,Nagarjuna Sagar,0.0,4.503
2016-03-30,Nagarjuna Sagar,0.0,3.002
2016-03-31,Nagarjuna Sagar,64.5056704,1.501
2016-04-01,Nagarjuna Sagar,64.2225024,0.0
2016-04-02,Nagarjuna Sagar,194.394832,0.0
2016-04-03,Nagarjuna Sagar,205.1835328,0.0
2016-04-04,Nagarjuna Sagar,57.0017184,0.0
2016-04-05,Nagarjuna Sagar,0.9061376,0.0
2016-04-06,Nagarjuna Sagar,58.3609248,0.0
2016-04-07,Nagarjuna Sagar,145.5200352,0.0
2016-04-08,Nagarjuna Sagar,168.17347519999998,0.0
2016-04-09,Nagarjuna Sagar,154.9212128,4.591
2016-04-10,Nagarjuna Sagar,173.298816,41.671
2016-04-11,Nagarjuna Sagar,172.9873312,50.5
2016-04-12,Nagarjuna Sagar,172.166144,30.017
2016-04-13,Nagarjuna Sagar,171.4299072,28.438
2016-04-14,Nagarjuna Sagar,117.65630399999999,26.858
2016-04-15,Nagarjuna Sagar,130.9935168,25.278
2016-04-16,Nagarjuna Sagar,131.4465856,23.698
2016-04-17,Nagarjuna Sagar,134.3915328,22.118
2016-04-18,Nagarjuna Sagar,131.9279712,20.538
2016-04-19,Nagarjuna Sagar,131.9279712,18.958
2016-04-20,Nagarjuna Sagar,22.65344,17.379
2016-04-21,Nagarjuna Sagar,22.65344,15.799
2016-04-22,Nagarjuna Sagar,0.0,14.219
2016-04-23,Nagarjuna Sagar,22.65344,12.639
2016-04-24,Nagarjuna Sagar,0.0,11.059
2016-04-25,Nagarjuna Sagar,19.6518592,9.479
2016-04-26,Nagarjuna Sagar,0.0,7.899
2016-04-27,Nagarjuna Sagar,0.0,6.319
2016-04-28,Nagarjuna Sagar,0.0,4.74
2016-04-29,Nagarjuna Sagar,41.3991616,3.16
2016-04-30,Nagarjuna Sagar,0.0,1.58
2016-05-01,Nagarjuna Sagar,0.0,0.0
2016-05-02,Nagarjuna Sagar,41.8239136,0.0
2016-05-03,Nagarjuna Sagar,0.0,0.0
2016-05-04,Nagarjuna Sagar,39.3320352,0.0
2016-05-05,Nagarjuna Sagar,0.0,0.0
2016-05-06,Nagarjuna Sagar,22.65344,0.0
2016-05-07,Nagarjuna Sagar,3.571881152,0.0
2016-05-08,Nagarjuna Sagar,35.1694656,0.0
2016-05-09,Nagarjuna Sagar,36.4154048,4.238
2016-05-10,Nagarjuna Sagar,130.9935168,41.671
2016-05-11,Nagarjuna Sagar,76.8234784,49.087
2016-05-12,Nagarjuna Sagar,131.9279712,29.664
2016-05-13,Nagarjuna Sagar,131.9279712,28.181
2016-05-14,Nagarjuna Sagar,131.9279712,26.698
2016-05-15,Nagarjuna Sagar,126.2646112,25.215
2016-05-16,Nagarjuna Sagar,65.9498272,23.731
2016-05-17,Nagarjuna Sagar,65.9498272,22.248
2016-05-18,Nagarjuna Sagar,40.0965888,20.765
2016-05-19,Nagarjuna Sagar,0.0,19.282
2016-05-20,Nagarjuna Sagar,36.8967904,17.799
2016-05-21,Nagarjuna Sagar,0.0,16.315
2016-05-22,Nagarjuna Sagar,11.32672,14.832
2016-05-23,Nagarjuna Sagar,0.0,13.349
2016-05-24,Nagarjuna Sagar,0.0,11.866
2016-05-25,Nagarjuna Sagar,0.0,10.383
2016-05-26,Nagarjuna Sagar,0.0,8.899
2016-05-27,Nagarjuna Sagar,11.32672,7.416
2016-05-28,Nagarjuna Sagar,3.57641184,5.933
2016-05-29,Nagarjuna Sagar,11.32672,4.45
2016-05-30,Nagarjuna Sagar,11.32672,2.966
2016-05-31,Nagarjuna Sagar,0.0,1.483
2016-06-01,Nagarjuna Sagar,0.0,0.0
2016-06-02,Nagarjuna Sagar,22.65344,0.0
2016-06-03,Nagarjuna Sagar,0.0,0.0
2016-06-04,Nagarjuna Sagar,22.65344,0.0
2016-06-05,Nagarjuna Sagar,22.65344,0.0
2016-06-06,Nagarjuna Sagar,16.28216,0.0
2016-06-07,Nagarjuna Sagar,1.6423744,0.0
2016-06-08,Nagarjuna Sagar,7.928704,0.0
2016-06-09,Nagarjuna Sagar,18.8023552,4.238
2016-06-10,Nagarjuna Sagar,16.0839424,43.437
2016-06-11,Nagarjuna Sagar,14.9795872,48.381
2016-06-12,Nagarjuna Sagar,0.0,28.958
2016-06-13,Nagarjuna Sagar,0.0,27.434
2016-06-14,Nagarjuna Sagar,17.981168,25.91
2016-06-15,Nagarjuna Sagar,0.0,24.386
2016-06-16,Nagarjuna Sagar,0.0,22.862
2016-06-17,Nagarjuna Sagar,0.0,21.337
2016-06-18,Nagarjuna Sagar,22.65344,19.813
2016-06-19,Nagarjuna Sagar,0.0,18.289
2016-06-20,Nagarjuna Sagar,22.65344,16.765
2016-06-21,Nagarjuna Sagar,22.65344,15.241
2016-06-22,Nagarjuna Sagar,0.0,13.717
2016-06-23,Nagarjuna Sagar,22.65344,12.193
2016-06-24,Nagarjuna Sagar,0.0,10.669
2016-06-25,Nagarjuna Sagar,11.32672,9.145
2016-06-26,Nagarjuna Sagar,0.0,7.621
2016-06-27,Nagarjuna Sagar,0.0,6.096
2016-06-28,Nagarjuna Sagar,6.8526656,4.572
2016-06-29,Nagarjuna Sagar,0.0,3.048
2016-06-30,Nagarjuna Sagar,11.32672,1.524
2016-07-01,Nagarjuna Sagar,11.32672,0.0
2016-07-02,Nagarjuna Sagar,0.0,0.0
2016-07-03,Nagarjuna Sagar,11.32672,0.0
2016-07-04,Nagarjuna Sagar,11.32672,0.0
2016-07-05,Nagarjuna Sagar,0.0,0.0
2016-07-06,Nagarjuna Sagar,22.65344,0.0
2016-07-07,Nagarjuna Sagar,0.0,0.0
2016-07-08,Nagarjuna Sagar,13.6770144,0.0
2016-07-09,Nagarjuna Sagar,0.0,4.238
2016-07-10,Nagarjuna Sagar,11.32672,44.143
2016-07-11,Nagarjuna Sagar,0.0,46.969
2016-07-12,Nagarjuna Sagar,11.32672,28.605
2016-07-13,Nagarjuna Sagar,11.32672,27.175
2016-07-14,Nagarjuna Sagar,0.0,25.744
2016-07-15,Nagarjuna Sagar,14.0451328,24.314
2016-07-16,Nagarjuna Sagar,11.32672,22.884
2016-07-17,Nagarjuna Sagar,11.32672,21.454
2016-07-18,Nagarjuna Sagar,0.0,20.023
2016-07-19,Nagarjuna Sagar,8.5233568,18.593
2016-07-20,Nagarjuna Sagar,9.061376,17.163
2016-07-21,Nagarjuna Sagar,0.0,15.733
2016-07-22,Nagarjuna Sagar,11.32672,14.302
2016-07-23,Nagarjuna Sagar,0.0,12.872
2016-07-24,Nagarjuna Sagar,11.32672,11.442
2016-07-25,Nagarjuna Sagar,0.0,10.012
2016-07-26,Nagarjuna Sagar,11.32672,8.581
2016-07-27,Nagarjuna Sagar,11.32672,7.151
2016-07-28,Nagarjuna Sagar,0.0,5.721
2016-07-29,Nagarjuna Sagar,11.32672,4.291
2016-07-30,Nagarjuna Sagar,110.7753216,2.86
2016-07-31,Nagarjuna Sagar,181.9637568,1.43
2016-08-01,Nagarjuna Sagar,288.9446272,0.0
2016-08-02,Nagarjuna Sagar,183.634448,0.0
2016-08-03,Nagarjuna Sagar,270.3121728,0.0
2016-08-04,Nagarjuna Sagar,347.0790176,0.0
2016-08-05,Nagarjuna Sagar,352.8839616,0.0
2016-08-06,Nagarjuna Sagar,408.3848896,0.0
2016-08-07,Nagarjuna Sagar,343.5960512,0.0
2016-08-08,Nagarjuna Sagar,311.0034144,0.0
2016-08-09,Nagarjuna Sagar,311.9945024,4.591
2016-08-10,Nagarjuna Sagar,354.2998016,46.262
2016-08-11,Nagarjuna Sagar,926.3274784,46.262
2016-08-12,Nagarjuna Sagar,1843.4519968,27.899
2016-08-13,Nagarjuna Sagar,1818.3349951999999,26.504
2016-08-14,Nagarjuna Sagar,1755.1318976,25.109
2016-08-15,Nagarjuna Sagar,1337.6006816,23.714
2016-08-16,Nagarjuna Sagar,370.4403776,22.319
2016-08-17,Nagarjuna Sagar,600.2312095999999,20.924
2016-08-18,Nagarjuna Sagar,583.042912,19.529
2016-08-19,Nagarjuna Sagar,607.820112,18.134
2016-08-20,Nagarjuna Sagar,628.9727616,16.739
2016-08-21,Nagarjuna Sagar,632.3141439999999,15.344
2016-08-22,Nagarjuna Sagar,566.3076832,13.949
2016-08-23,Nagarjuna Sagar,550.2520576,12.554
2016-08-24,Nagarjuna Sagar,465.0184896,11.159
2016-08-25,Nagarjuna Sagar,185.2768224,9.765
2016-08-26,Nagarjuna Sagar,36.8401568,8.37
2016-08-27,Nagarjuna Sagar,96.8151392,6.975
2016-08-28,Nagarjuna Sagar,30.8936288,5.58
2016-08-29,Nagarjuna Sagar,87.923664,4.185
2016-08-30,Nagarjuna Sagar,43.1264864,2.79
2016-08-31,Nagarjuna Sagar,210.393824,1.395
2016-09-01,Nagarjuna Sagar,165.1435776,0.0
2016-09-02,Nagarjuna Sagar,0.0,0.0
2016-09-03,Nagarjuna Sagar,0.0,0.0
2016-09-04,Nagarjuna Sagar,21.1243328,0.0
2016-09-05,Nagarjuna Sagar,132.522624,0.0
2016-09-06,Nagarjuna Sagar,85.091984,0.0
2016-09-07,Nagarjuna Sagar,107.6321568,0.0
2016-09-08,Nagarjuna Sagar,164.3223904,0.0
2016-09-09,Nagarjuna Sagar,164.2940736,4.944
2016-09-10,Nagarjuna Sagar,160.4429888,49.087
2016-09-11,Nagarjuna Sagar,0.0,44.85
2016-09-12,Nagarjuna Sagar,279.3169152,27.192
2016-09-13,Nagarjuna Sagar,165.3134784,25.761
2016-09-14,Nagarjuna Sagar,193.120576,24.33
2016-09-15,Nagarjuna Sagar,127.567184,22.899
2016-09-16,Nagarjuna Sagar,42.3902496,21.468
2016-09-17,Nagarjuna Sagar,25.48512,20.036
2016-09-18,Nagarjuna Sagar,0.0,18.605
2016-09-19,Nagarjuna Sagar,38.22768,17.174
2016-09-20,Nagarjuna Sagar,67.1957664,15.743
2016-09-21,Nagarjuna Sagar,95.4559328,14.312
2016-09-22,Nagarjuna Sagar,163.0481344,12.881
2016-09-23,Nagarjuna Sagar,268.160096,11.449
2016-09-24,Nagarjuna Sagar,95.710784,10.018
2016-09-25,Nagarjuna Sagar,325.6432,8.587
2016-09-26,Nagarjuna Sagar,1552.7800448,7.156
2016-09-27,Nagarjuna Sagar,1940.0122847999999,5.725
2016-09-28,Nagarjuna Sagar,1848.7189216,4.294
2016-09-29,Nagarjuna Sagar,1884.199872,2.862
2016-09-30,Nagarjuna Sagar,1349.2105695999999,1.431
2016-10-01,Nagarjuna Sagar,662.8113376,0.0
2016-10-02,Nagarjuna Sagar,860.2360672,0.0
2016-10-03,Nagarjuna Sagar,413.2553792,0.0
2016-10-04,Nagarjuna Sagar,545.0984,0.0
2016-10-05,Nagarjuna Sagar,144.2457792,0.0
2016-10-06,Nagarjuna Sagar,606.6308064,0.0
2016-10-07,Nagarjuna Sagar,351.0716864,0.0
2016-10-08,Nagarjuna Sagar,837.5826271999999,0.0
2016-10-09,Nagarjuna Sagar,1014.590944,5.297
2016-10-10,Nagarjuna Sagar,966.8205024,52.266
2016-10-11,Nagarjuna Sagar,771.8593344,43.79
2016-10-12,Nagarjuna Sagar,776.7015072,26.839
2016-10-13,Nagarjuna Sagar,370.7801792,25.497
2016-10-14,Nagarjuna Sagar,165.3134784,24.155
2016-10-15,Nagarjuna Sagar,165.3134784,22.813
2016-10-16,Nagarjuna Sagar,0.0,21.471
2016-10-17,Nagarjuna Sagar,0.0,20.129
2016-10-18,Nagarjuna Sagar,244.3456672,18.787
2016-10-19,Nagarjuna Sagar,368.42988479999997,17.445
2016-10-20,Nagarjuna Sagar,89.2262368,16.103
2016-10-21,Nagarjuna Sagar,326.9740896,14.762
2016-10-22,Nagarjuna Sagar,166.1629824,13.42
2016-10-23,Nagarjuna Sagar,28.3168,12.078
2016-10-24,Nagarjuna Sagar,28.3168,10.736
2016-10-25,Nagarjuna Sagar,0.0,9.394
2016-10-26,Nagarjuna Sagar,28.3168,8.052
2016-10-27,Nagarjuna Sagar,47.572224,6.71
2016-10-28,Nagarjuna Sagar,0.0,5.368
2016-10-29,Nagarjuna Sagar,142.716672,4.026
2016-10-30,Nagarjuna Sagar,0.0,2.684
2016-10-31,Nagarjuna Sagar,9.91088,1.342
2016-11-01,Nagarjuna Sagar,0.0,0.0
2016-11-02,Nagarjuna Sagar,0.0,0.0
2016-11-03,Nagarjuna Sagar,0.0,0.0
2016-11-04,Nagarjuna Sagar,0.0,0.0
2016-11-05,Nagarjuna Sagar,0.0,0.0
2016-11-06,Nagarjuna Sagar,0.0,0.0
2016-11-07,Nagarjuna Sagar,0.0,0.0
2016-11-08,Nagarjuna Sagar,94.8046464,0.0
2016-11-09,Nagarjuna Sagar,1.2459392,5.297
2016-11-10,Nagarjuna Sagar,21.0110656,54.385
2016-11-11,Nagarjuna Sagar,73.8502144,42.731
2016-11-12,Nagarjuna Sagar,25.8249216,26.486
2016-11-13,Nagarjuna Sagar,36.5569888,25.092
2016-11-14,Nagarjuna Sagar,0.141584,23.698
2016-11-15,Nagarjuna Sagar,166.7293184,22.304
2016-11-16,Nagarjuna Sagar,35.5942176,20.91
2016-11-17,Nagarjuna Sagar,4.744763008,19.516
2016-11-18,Nagarjuna Sagar,0.0,18.122
2016-11-19,Nagarjuna Sagar,48.9031136,16.728
2016-11-20,Nagarjuna Sagar,0.0,15.334
2016-11-21,Nagarjuna Sagar,0.0,13.94
2016-11-22,Nagarjuna Sagar,0.0,12.546
2016-11-23,Nagarjuna Sagar,54.1134048,11.152
2016-11-24,Nagarjuna Sagar,0.0,9.758
2016-11-25,Nagarjuna Sagar,20.6995808,8.364
2016-11-26,Nagarjuna Sagar,0.0,6.97
2016-11-27,Nagarjuna Sagar,0.0,5.576
2016-11-28,Nagarjuna Sagar,0.0,4.182
2016-11-29,Nagarjuna Sagar,0.0,2.788
2016-11-30,Nagarjuna Sagar,0.0,1.394
2016-12-01,Nagarjuna Sagar,41.200944,0.0
2016-12-02,Nagarjuna Sagar,0.0,0.0
2016-12-03,Nagarjuna Sagar,38.22768,0.0
2016-12-04,Nagarjuna Sagar,38.22768,0.0
2016-12-05,Nagarjuna Sagar,0.0,0.0
2016-12-06,Nagarjuna Sagar,0.8211872,0.0
2016-12-07,Nagarjuna Sagar,49.865884799999996,0.0
2016-12-08,Nagarjuna Sagar,0.0,0.0
2016-12-09,Nagarjuna Sagar,2.0954432,6.003
2016-12-10,Nagarjuna Sagar,0.0,56.857
2016-12-11,Nagarjuna Sagar,37.4914432,41.671
2016-12-12,Nagarjuna Sagar,0.0,25.78
2016-12-13,Nagarjuna Sagar,0.0,25.303
2016-12-14,Nagarjuna Sagar,12.74256,24.826
2016-12-15,Nagarjuna Sagar,12.74256,24.349
2016-12-16,Nagarjuna Sagar,12.74256,23.873
2016-12-17,Nagarjuna Sagar,6.088112,23.396
2016-12-18,Nagarjuna Sagar,18.972255999999998,22.919
2016-12-19,Nagarjuna Sagar,0.0,22.442
2016-12-20,Nagarjuna Sagar,25.48512,21.966
2016-12-21,Nagarjuna Sagar,125.443424,21.489
2016-12-22,Nagarjuna Sagar,127.9636192,21.012
2016-12-23,Nagarjuna Sagar,195.1593856,20.535
2016-12-24,Nagarjuna Sagar,153.6469568,20.059
2016-12-25,Nagarjuna Sagar,223.561136,19.582
2016-12-26,Nagarjuna Sagar,121.1392704,19.105
2016-12-27,Nagarjuna Sagar,241.8821056,18.628
2016-12-28,Nagarjuna Sagar,295.1176896,18.152
2016-12-29,Nagarjuna Sagar,4.278668479999999,17.675
2016-12-30,Nagarjuna Sagar,4.247803168,17.198
2016-12-31,Nagarjuna Sagar,486.0012384,16.721
2017-01-01,Nagarjuna Sagar,252.6141728,16.245
2017-01-02,Nagarjuna Sagar,4.16540128,7.416
2017-01-03,Nagarjuna Sagar,151.01349439999998,3.178
2017-01-04,Nagarjuna Sagar,351.553072,0.0
2017-01-05,Nagarjuna Sagar,491.6645984,0.0
2017-01-06,Nagarjuna Sagar,443.4977216,0.0
2017-01-07,Nagarjuna Sagar,376.8116576,0.0
2017-01-08,Nagarjuna Sagar,590.3769632,0.0
2017-01-09,Nagarjuna Sagar,73.62368,0.0
2017-01-10,Nagarjuna Sagar,180.8877184,14.479
2017-01-11,Nagarjuna Sagar,89.8775232,142.318
2017-01-12,Nagarjuna Sagar,153.61864,110.535
2017-01-13,Nagarjuna Sagar,80.6745632,105.785
2017-01-14,Nagarjuna Sagar,107.1507712,101.035
2017-01-15,Nagarjuna Sagar,1.0194048,96.285
2017-01-16,Nagarjuna Sagar,56.407065599999996,91.536
2017-01-17,Nagarjuna Sagar,215.3775808,86.786
2017-01-18,Nagarjuna Sagar,197.4247296,82.036
2017-01-19,Nagarjuna Sagar,339.4051648,77.286
2017-01-20,Nagarjuna Sagar,4.023250944,72.536
2017-01-21,Nagarjuna Sagar,357.358016,67.787
2017-01-22,Nagarjuna Sagar,286.4527488,63.037
2017-01-23,Nagarjuna Sagar,234.3498368,58.287
2017-01-24,Nagarjuna Sagar,208.553232,53.537
2017-01-25,Nagarjuna Sagar,62.863296,48.787
2017-01-26,Nagarjuna Sagar,64.0242848,44.037
2017-01-27,Nagarjuna Sagar,22.370272,39.288
2017-01-28,Nagarjuna Sagar,54.0284544,34.538
2017-01-29,Nagarjuna Sagar,61.5040896,29.788
2017-01-30,Nagarjuna Sagar,123.319664,25.038
2017-01-31,Nagarjuna Sagar,178.59405759999999,20.288
2017-02-01,Nagarjuna Sagar,269.8874208,15.538
2017-02-02,Nagarjuna Sagar,270.5103904,7.769
2017-02-03,Nagarjuna Sagar,221.4090592,2.472
2017-02-04,Nagarjuna Sagar,157.4980416,0.0
2017-02-05,Nagarjuna Sagar,174.289904,0.0
2017-02-06,Nagarjuna Sagar,199.208688,0.0
2017-02-07,Nagarjuna Sagar,186.06969279999998,0.0
2017-02-08,Nagarjuna Sagar,197.934432,0.0
2017-02-09,Nagarjuna Sagar,28.3168,0.0
2017-02-10,Nagarjuna Sagar,42.2486656,13.773
2017-02-11,Nagarjuna Sagar,162.9915008,142.318
2017-02-12,Nagarjuna Sagar,102.1670144,109.122
2017-02-13,Nagarjuna Sagar,40.181539199999996,103.534
2017-02-14,Nagarjuna Sagar,216.1421344,97.946
2017-02-15,Nagarjuna Sagar,250.5753632,92.358
2017-02-16,Nagarjuna Sagar,3.8156887999999998,86.77
2017-02-17,Nagarjuna Sagar,699.0568416,81.182
2017-02-18,Nagarjuna Sagar,667.5402432,75.594
2017-02-19,Nagarjuna Sagar,784.092192,70.006
2017-02-20,Nagarjuna Sagar,844.0671744,64.418
2017-02-21,Nagarjuna Sagar,946.3191392,58.83
2017-02-22,Nagarjuna Sagar,612.8605024,53.242
2017-02-23,Nagarjuna Sagar,500.7542912,47.654
2017-02-24,Nagarjuna Sagar,368.4582016,42.066
2017-02-25,Nagarjuna Sagar,602.2133856,36.478
2017-02-26,Nagarjuna Sagar,168.5132768,30.89
2017-02-27,Nagarjuna Sagar,60.682902399999996,25.302
2017-02-28,Nagarjuna Sagar,71.9529888,19.714
2017-03-01,Nagarjuna Sagar,27.5522464,14.126
2017-03-02,Nagarjuna Sagar,76.0872416,8.476
2017-03-03,Nagarjuna Sagar,293.6168992,2.472
2017-03-04,Nagarjuna Sagar,84.8937664,0.0
2017-03-05,Nagarjuna Sagar,16.9051296,0.0
2017-03-06,Nagarjuna Sagar,12.74256,0.0
2017-03-07,Nagarjuna Sagar,407.054,0.0
2017-03-08,Nagarjuna Sagar,126.0663936,0.0
2017-03-09,Nagarjuna Sagar,182.7283104,0.0
2017-03-10,Nagarjuna Sagar,52.2728128,13.42
2017-03-11,Nagarjuna Sagar,0.0,142.671
2017-03-12,Nagarjuna Sagar,27.042544,107.71
2017-03-13,Nagarjuna Sagar,0.0,103.013
2017-03-14,Nagarjuna Sagar,31.2334304,98.316
2017-03-15,Nagarjuna Sagar,22.511855999999998,93.619
2017-03-16,Nagarjuna Sagar,19.5669088,88.922
2017-03-17,Nagarjuna Sagar,99.2220672,84.225
2017-03-18,Nagarjuna Sagar,178.2825728,79.529
2017-03-19,Nagarjuna Sagar,118.1376896,74.832
2017-03-20,Nagarjuna Sagar,176.130496,70.135
2017-03-21,Nagarjuna Sagar,151.2966624,65.438
2017-03-22,Nagarjuna Sagar,3.7284730559999995,60.741
2017-03-23,Nagarjuna Sagar,63.6278496,56.044
2017-03-24,Nagarjuna Sagar,163.3596192,51.348
2017-03-25,Nagarjuna Sagar,158.6873472,46.651
2017-03-26,Nagarjuna Sagar,0.0,41.954
2017-03-27,Nagarjuna Sagar,44.5423264,37.257
2017-03-28,Nagarjuna Sagar,3.670989952,32.56
2017-03-29,Nagarjuna Sagar,165.0586272,27.863
2017-03-30,Nagarjuna Sagar,51.7914272,23.166
2017-03-31,Nagarjuna Sagar,161.9154624,18.47
2017-04-01,Nagarjuna Sagar,45.9015328,13.773
2017-04-02,Nagarjuna Sagar,154.1283424,8.476
2017-04-03,Nagarjuna Sagar,121.8188736,2.472
2017-04-04,Nagarjuna Sagar,0.0,0.0
2017-04-05,Nagarjuna Sagar,0.0,0.0
2017-04-06,Nagarjuna Sagar,94.9179136,0.0
2017-04-07,Nagarjuna Sagar,0.0,0.0
2017-04-08,Nagarjuna Sagar,32.3944192,0.0
2017-04-09,Nagarjuna Sagar,31.5165984,0.0
2017-04-10,Nagarjuna Sagar,0.0,13.42
2017-04-11,Nagarjuna Sagar,27.9486816,142.318
2017-04-12,Nagarjuna Sagar,22.1437376,105.944
2017-04-13,Nagarjuna Sagar,0.0,101.111
2017-04-14,Nagarjuna Sagar,13.6770144,96.279
2017-04-15,Nagarjuna Sagar,0.0,91.446
2017-04-16,Nagarjuna Sagar,0.0,86.614
2017-04-17,Nagarjuna Sagar,0.0,81.781
2017-04-18,Nagarjuna Sagar,130.2855968,76.949
2017-04-19,Nagarjuna Sagar,130.2855968,72.116
2017-04-20,Nagarjuna Sagar,163.0481344,67.284
2017-04-21,Nagarjuna Sagar,195.527504,62.451
2017-04-22,Nagarjuna Sagar,341.3873408,57.619
2017-04-23,Nagarjuna Sagar,305.11352,52.786
2017-04-24,Nagarjuna Sagar,294.919472,47.954
2017-04-25,Nagarjuna Sagar,275.2109792,43.121
2017-04-26,Nagarjuna Sagar,242.73160959999998,38.289
2017-04-27,Nagarjuna Sagar,118.4208576,33.456
2017-04-28,Nagarjuna Sagar,26.2496736,28.623
2017-04-29,Nagarjuna Sagar,0.0,23.791
2017-04-30,Nagarjuna Sagar,0.0,18.958
2017-05-01,Nagarjuna Sagar,0.0,14.126
2017-05-02,Nagarjuna Sagar,9.3728608,8.829
2017-05-03,Nagarjuna Sagar,0.0,2.472
2017-05-04,Nagarjuna Sagar,0.0,0.0
2017-05-05,Nagarjuna Sagar,0.0,0.0
2017-05-06,Nagarjuna Sagar,0.0,0.0
2017-05-07,Nagarjuna Sagar,0.0,0.0
2017-05-08,Nagarjuna Sagar,0.0,0.0
2017-05-09,Nagarjuna Sagar,313.891728,0.0
2017-05-10,Nagarjuna Sagar,272.6624672,13.42
2017-05-11,Nagarjuna Sagar,384.5704608,142.318
2017-05-12,Nagarjuna Sagar,151.919632,104.885
2017-05-13,Nagarjuna Sagar,0.0,100.347
2017-05-14,Nagarjuna Sagar,21.662352,95.809
2017-05-15,Nagarjuna Sagar,0.0,91.271
2017-05-16,Nagarjuna Sagar,16.452060799999998,86.733
2017-05-17,Nagarjuna Sagar,0.0,82.195
2017-05-18,Nagarjuna Sagar,13.5637472,77.657
2017-05-19,Nagarjuna Sagar,21.3508672,73.119
2017-05-20,Nagarjuna Sagar,0.0,68.581
2017-05-21,Nagarjuna Sagar,11.32672,64.043
2017-05-22,Nagarjuna Sagar,11.32672,59.505
2017-05-23,Nagarjuna Sagar,0.0,54.967
2017-05-24,Nagarjuna Sagar,0.0,50.429
2017-05-25,Nagarjuna Sagar,0.0,45.891
2017-05-26,Nagarjuna Sagar,11.1001856,41.353
2017-05-27,Nagarjuna Sagar,0.0,36.816
2017-05-28,Nagarjuna Sagar,0.0,32.278
2017-05-29,Nagarjuna Sagar,11.32672,27.74
2017-05-30,Nagarjuna Sagar,0.0,23.202
2017-05-31,Nagarjuna Sagar,0.0,18.664
2017-06-01,Nagarjuna Sagar,20.4447296,14.126
2017-06-02,Nagarjuna Sagar,0.0,9.535
2017-06-03,Nagarjuna Sagar,11.32672,2.472
2017-06-04,Nagarjuna Sagar,0.0,0.0
2017-06-05,Nagarjuna Sagar,11.32672,0.0
2017-06-06,Nagarjuna Sagar,0.0,0.0
2017-06-07,Nagarjuna Sagar,4.0209856,0.0
2017-06-08,Nagarjuna Sagar,8.778208,0.0
2017-06-09,Nagarjuna Sagar,11.32672,0.0
2017-06-10,Nagarjuna Sagar,0.0,13.42
2017-06-11,Nagarjuna Sagar,7.5322688,140.906
2017-06-12,Nagarjuna Sagar,11.32672,103.119
2017-06-13,Nagarjuna Sagar,0.0,98.454
2017-06-14,Nagarjuna Sagar,10.8453344,93.788
2017-06-15,Nagarjuna Sagar,9.6843456,89.123
2017-06-16,Nagarjuna Sagar,9.1746432,84.458
2017-06-17,Nagarjuna Sagar,0.0,79.793
2017-06-18,Nagarjuna Sagar,11.32672,75.127
2017-06-19,Nagarjuna Sagar,11.32672,70.462
2017-06-20,Nagarjuna Sagar,0.0,65.797
2017-06-21,Nagarjuna Sagar,8.9764256,61.132
2017-06-22,Nagarjuna Sagar,0.0,56.466
2017-06-23,Nagarjuna Sagar,12.516025599999999,51.801
2017-06-24,Nagarjuna Sagar,11.32672,47.136
2017-06-25,Nagarjuna Sagar,0.0,42.471
2017-06-26,Nagarjuna Sagar,11.32672,37.805
2017-06-27,Nagarjuna Sagar,11.32672,33.14
2017-06-28,Nagarjuna Sagar,0.0,28.475
2017-06-29,Nagarjuna Sagar,11.32672,23.81
2017-06-30,Nagarjuna Sagar,9.5710784,19.144
2017-07-01,Nagarjuna Sagar,0.0,14.479
2017-07-02,Nagarjuna Sagar,11.32672,9.535
2017-07-03,Nagarjuna Sagar,11.32672,3.531
2017-07-04,Nagarjuna Sagar,0.0,0.0
2017-07-05,Nagarjuna Sagar,11.32672,0.0
2017-07-06,Nagarjuna Sagar,11.32672,0.0
2017-07-07,Nagarjuna Sagar,0.0,0.0
2017-07-08,Nagarjuna Sagar,11.32672,0.0
2017-07-09,Nagarjuna Sagar,11.32672,0.0
2017-07-10,Nagarjuna Sagar,0.0,13.42
2017-07-11,Nagarjuna Sagar,12.4877088,140.906
2017-07-12,Nagarjuna Sagar,11.32672,102.766
2017-07-13,Nagarjuna Sagar,0.0,98.387
2017-07-14,Nagarjuna Sagar,11.32672,94.008
2017-07-15,Nagarjuna Sagar,12.374441599999999,89.629
2017-07-16,Nagarjuna Sagar,14.101766399999999,85.25
2017-07-17,Nagarjuna Sagar,120.0065984,80.871
2017-07-18,Nagarjuna Sagar,175.4792096,76.492
2017-07-19,Nagarjuna Sagar,70.1407136,72.113
2017-07-20,Nagarjuna Sagar,19.963344,67.734
2017-07-21,Nagarjuna Sagar,0.0,63.355
2017-07-22,Nagarjuna Sagar,20.4730464,58.975
2017-07-23,Nagarjuna Sagar,0.0,54.596
2017-07-24,Nagarjuna Sagar,22.65344,50.217
2017-07-25,Nagarjuna Sagar,0.0,45.838
2017-07-26,Nagarjuna Sagar,18.0094848,41.459
2017-07-27,Nagarjuna Sagar,0.0,37.08
2017-07-28,Nagarjuna Sagar,12.459392,32.701
2017-07-29,Nagarjuna Sagar,0.0,28.322
2017-07-30,Nagarjuna Sagar,11.32672,23.943
2017-07-31,Nagarjuna Sagar,0.0,19.564
2017-08-01,Nagarjuna Sagar,11.32672,15.185
2017-08-02,Nagarjuna Sagar,11.32672,9.182
2017-08-03,Nagarjuna Sagar,0.0,3.885
2017-08-04,Nagarjuna Sagar,20.0766112,0.0
2017-08-05,Nagarjuna Sagar,0.0,0.0
2017-08-06,Nagarjuna Sagar,19.8783936,0.0
2017-08-07,Nagarjuna Sagar,18.9156224,0.0
2017-08-08,Nagarjuna Sagar,0.0,0.0
2017-08-09,Nagarjuna Sagar,14.16972672,0.0
2017-08-10,Nagarjuna Sagar,17.5280992,14.832
2017-08-11,Nagarjuna Sagar,13.1106784,139.846
2017-08-12,Nagarjuna Sagar,22.7667072,101.0
2017-08-13,Nagarjuna Sagar,24.4373984,96.656
2017-08-14,Nagarjuna Sagar,22.3985888,92.313
2017-08-15,Nagarjuna Sagar,18.7740384,87.969
2017-08-16,Nagarjuna Sagar,18.1510688,83.625
2017-08-17,Nagarjuna Sagar,0.0,79.281
2017-08-18,Nagarjuna Sagar,24.06928,74.938
2017-08-19,Nagarjuna Sagar,24.494032,70.594
2017-08-20,Nagarjuna Sagar,19.963344,66.25
2017-08-21,Nagarjuna Sagar,0.0,61.907
2017-08-22,Nagarjuna Sagar,14.4132512,57.563
2017-08-23,Nagarjuna Sagar,17.2166144,53.219
2017-08-24,Nagarjuna Sagar,0.0,48.875
2017-08-25,Nagarjuna Sagar,21.6340352,44.532
2017-08-26,Nagarjuna Sagar,21.6906688,40.188
2017-08-27,Nagarjuna Sagar,21.209283199999998,35.844
2017-08-28,Nagarjuna Sagar,0.0,31.501
2017-08-29,Nagarjuna Sagar,23.219776,27.157
2017-08-30,Nagarjuna Sagar,25.683337599999998,22.813
2017-08-31,Nagarjuna Sagar,25.400169599999998,18.47
2017-09-01,Nagarjuna Sagar,24.9471008,14.126
2017-09-02,Nagarjuna Sagar,26.702742399999998,8.122
2017-09-03,Nagarjuna Sagar,26.9292768,4.591
2017-09-04,Nagarjuna Sagar,25.1170016,0.0
2017-09-05,Nagarjuna Sagar,21.2942336,0.0
2017-09-06,Nagarjuna Sagar,22.5684896,0.0
2017-09-07,Nagarjuna Sagar,18.40592,0.0
2017-09-08,Nagarjuna Sagar,20.4164128,0.0
2017-09-09,Nagarjuna Sagar,23.078192,0.0
2017-09-10,Nagarjuna Sagar,21.0676992,18.01
2017-09-11,Nagarjuna Sagar,23.3330432,139.14
2017-09-12,Nagarjuna Sagar,21.94552,99.587
2017-09-13,Nagarjuna Sagar,283.42285119999997,95.089
2017-09-14,Nagarjuna Sagar,183.0114784,90.591
2017-09-15,Nagarjuna Sagar,74.6714016,86.093
2017-09-16,Nagarjuna Sagar,19.1421568,81.595
2017-09-17,Nagarjuna Sagar,17.9245344,77.097
2017-09-18,Nagarjuna Sagar,17.2449312,72.6
2017-09-19,Nagarjuna Sagar,15.4892896,68.102
2017-09-20,Nagarjuna Sagar,69.4327936,63.604
2017-09-21,Nagarjuna Sagar,906.7605695999999,59.106
2017-09-22,Nagarjuna Sagar,1292.520336,54.608
2017-09-23,Nagarjuna Sagar,1213.658048,50.11
2017-09-24,Nagarjuna Sagar,1384.125184,45.612
2017-09-25,Nagarjuna Sagar,998.2804672,41.114
2017-09-26,Nagarjuna Sagar,1051.7709024,36.616
2017-09-27,Nagarjuna Sagar,974.9757408,32.118
2017-09-28,Nagarjuna Sagar,959.3448672,27.62
2017-09-29,Nagarjuna Sagar,1033.6198336,23.122
2017-09-30,Nagarjuna Sagar,1022.0382624,18.624
2017-10-01,Nagarjuna Sagar,319.413504,14.126
2017-10-02,Nagarjuna Sagar,14.2433504,6.71
2017-10-03,Nagarjuna Sagar,30.9219456,4.591
2017-10-04,Nagarjuna Sagar,227.04410239999999,0.0
2017-10-05,Nagarjuna Sagar,281.5539424,0.0
2017-10-06,Nagarjuna Sagar,182.784944,0.0
2017-10-07,Nagarjuna Sagar,46.326284799999996,0.0
2017-10-08,Nagarjuna Sagar,511.2031904,0.0
2017-10-09,Nagarjuna Sagar,992.8153248,0.0
2017-10-10,Nagarjuna Sagar,1490.0866495999999,22.248
2017-10-11,Nagarjuna Sagar,1825.72568,137.374
2017-10-12,Nagarjuna Sagar,1798.0601664,97.822
2017-10-13,Nagarjuna Sagar,2675.0597792,93.584
2017-10-14,Nagarjuna Sagar,3220.894416,89.346
2017-10-15,Nagarjuna Sagar,4920.9501376,85.108
2017-10-16,Nagarjuna Sagar,4182.1648256,80.871
2017-10-17,Nagarjuna Sagar,3561.6021536,76.633
2017-10-18,Nagarjuna Sagar,5196.4726015999995,72.395
2017-10-19,Nagarjuna Sagar,4119.3581632,68.157
2017-10-20,Nagarjuna Sagar,2279.3041824,63.92
2017-10-21,Nagarjuna Sagar,1211.25112,59.682
2017-10-22,Nagarjuna Sagar,799.8363328,55.444
2017-10-23,Nagarjuna Sagar,553.876608,51.206
2017-10-24,Nagarjuna Sagar,556.000368,46.969
2017-10-25,Nagarjuna Sagar,556.6516544,42.731
2017-10-26,Nagarjuna Sagar,624.38544,38.493
2017-10-27,Nagarjuna Sagar,389.5542176,34.255
2017-10-28,Nagarjuna Sagar,389.4126336,30.017
2017-10-29,Nagarjuna Sagar,468.8412576,25.78
2017-10-30,Nagarjuna Sagar,143.1697408,21.542
2017-10-31,Nagarjuna Sagar,665.6713344,17.304
2017-11-01,Nagarjuna Sagar,456.4951328,13.066
2017-11-02,Nagarjuna Sagar,251.5664512,6.003
2017-11-03,Nagarjuna Sagar,548.0433472,3.885
2017-11-04,Nagarjuna Sagar,240.7211168,0.0
2017-11-05,Nagarjuna Sagar,300.0448128,0.0
2017-11-06,Nagarjuna Sagar,0.0,0.0
2017-11-07,Nagarjuna Sagar,398.16252479999997,0.0
2017-11-08,Nagarjuna Sagar,122.3568928,0.0
2017-11-09,Nagarjuna Sagar,140.59291199999998,0.0
2017-11-10,Nagarjuna Sagar,0.0,27.899
2017-11-11,Nagarjuna Sagar,282.318496,137.021
2017-11-12,Nagarjuna Sagar,191.3932512,96.409
2017-11-13,Nagarjuna Sagar,60.4846848,91.985
2017-11-14,Nagarjuna Sagar,49.979152,87.562
2017-11-15,Nagarjuna Sagar,91.2933632,83.138
2017-11-16,Nagarjuna Sagar,83.33634239999999,78.715
2017-11-17,Nagarjuna Sagar,154.2416096,74.291
2017-11-18,Nagarjuna Sagar,67.4789344,69.867
2017-11-19,Nagarjuna Sagar,258.81555199999997,65.444
2017-11-20,Nagarjuna Sagar,75.88902399999999,61.02
2017-11-21,Nagarjuna Sagar,28.288483199999998,56.596
2017-11-22,Nagarjuna Sagar,0.0,52.173
2017-11-23,Nagarjuna Sagar,87.5555456,47.749
2017-11-24,Nagarjuna Sagar,49.4411328,43.326
2017-11-25,Nagarjuna Sagar,110.010768,38.902
2017-11-26,Nagarjuna Sagar,19.82176,34.478
2017-11-27,Nagarjuna Sagar,18.1510688,30.055
2017-11-28,Nagarjuna Sagar,65.44012479999999,25.631
2017-11-29,Nagarjuna Sagar,107.0091872,21.207
2017-11-30,Nagarjuna Sagar,0.0,16.784
2017-12-01,Nagarjuna Sagar,151.4382464,12.36
2017-12-02,Nagarjuna Sagar,140.0548928,5.297
2017-12-03,Nagarjuna Sagar,161.2924928,3.885
2017-12-04,Nagarjuna Sagar,20.954432,0.0
2017-12-05,Nagarjuna Sagar,307.7186656,0.0
2017-12-06,Nagarjuna Sagar,25.2585856,0.0
2017-12-07,Nagarjuna Sagar,103.8943392,0.0
2017-12-08,Nagarjuna Sagar,128.6715392,0.0
2017-12-09,Nagarjuna Sagar,0.0,0.0
2017-12-10,Nagarjuna Sagar,24.748883199999998,32.843
2017-12-11,Nagarjuna Sagar,110.4638368,136.315
2017-12-12,Nagarjuna Sagar,119.780064,93.937
2017-12-13,Nagarjuna Sagar,265.6682176,92.313
2017-12-14,Nagarjuna Sagar,192.3560224,90.688
2017-12-15,Nagarjuna Sagar,119.9499648,89.064
2017-12-16,Nagarjuna Sagar,62.0704256,87.439
2017-12-17,Nagarjuna Sagar,186.04137599999999,85.815
2017-12-18,Nagarjuna Sagar,34.5181792,84.19
2017-12-19,Nagarjuna Sagar,137.2515296,82.566
2017-12-20,Nagarjuna Sagar,57.5680544,80.941
2017-12-21,Nagarjuna Sagar,180.7178176,79.317
2017-12-22,Nagarjuna Sagar,212.2910496,77.692
2017-12-23,Nagarjuna Sagar,110.9735392,76.068
2017-12-24,Nagarjuna Sagar,246.2995264,74.443
2017-12-25,Nagarjuna Sagar,211.8379808,72.819
2017-12-26,Nagarjuna Sagar,125.9814432,71.194
2017-12-27,Nagarjuna Sagar,204.9286816,69.57
2017-12-28,Nagarjuna Sagar,67.535568,67.945
2017-12-29,Nagarjuna Sagar,94.3232608,66.321
2017-12-30,Nagarjuna Sagar,76.7668448,64.696
2017-12-31,Nagarjuna Sagar,156.5635872,63.072
2018-01-01,Nagarjuna Sagar,143.7643936,61.448
2018-01-02,Nagarjuna Sagar,33.0457056,33.902
2018-01-03,Nagarjuna Sagar,70.1973472,23.661
2018-01-04,Nagarjuna Sagar,69.2062592,13.773
2018-01-05,Nagarjuna Sagar,0.0,4.591
2018-01-06,Nagarjuna Sagar,56.067264,3.178
2018-01-07,Nagarjuna Sagar,157.299824,2.119
2018-01-08,Nagarjuna Sagar,0.0,5.65
2018-01-09,Nagarjuna Sagar,29.9874912,161.388
2018-01-10,Nagarjuna Sagar,0.0,157.857
2018-01-11,Nagarjuna Sagar,84.0159456,124.308
2018-01-12,Nagarjuna Sagar,130.7386656,83.343
2018-01-13,Nagarjuna Sagar,203.031456,82.142
2018-01-14,Nagarjuna Sagar,112.5309632,80.941
2018-01-15,Nagarjuna Sagar,48.0536096,79.741
2018-01-16,Nagarjuna Sagar,113.4937344,78.54
2018-01-17,Nagarjuna Sagar,72.1228896,77.339
2018-01-18,Nagarjuna Sagar,95.1161312,76.138
2018-01-19,Nagarjuna Sagar,240.6928,74.938
2018-01-20,Nagarjuna Sagar,281.2707744,73.737
2018-01-21,Nagarjuna Sagar,328.3616128,72.536
2018-01-22,Nagarjuna Sagar,109.4727488,71.336
2018-01-23,Nagarjuna Sagar,331.2216096,70.135
2018-01-24,Nagarjuna Sagar,468.1050208,68.934
2018-01-25,Nagarjuna Sagar,556.283536,67.734
2018-01-26,Nagarjuna Sagar,336.9132864,66.533
2018-01-27,Nagarjuna Sagar,322.0186496,65.332
2018-01-28,Nagarjuna Sagar,303.1596608,64.131
2018-01-29,Nagarjuna Sagar,286.8775008,62.931
2018-01-30,Nagarjuna Sagar,224.3540064,61.73
2018-01-31,Nagarjuna Sagar,176.838416,60.529
2018-02-01,Nagarjuna Sagar,204.70214719999998,59.329
2018-02-02,Nagarjuna Sagar,121.4224384,30.724
2018-02-03,Nagarjuna Sagar,336.9416032,23.308
2018-02-04,Nagarjuna Sagar,530.656832,12.713
2018-02-05,Nagarjuna Sagar,312.6741056,4.591
2018-02-06,Nagarjuna Sagar,315.0810336,0.0
2018-02-07,Nagarjuna Sagar,384.1457088,2.119
2018-02-08,Nagarjuna Sagar,852.8736992,6.357
2018-02-09,Nagarjuna Sagar,389.1294656,168.804
2018-02-10,Nagarjuna Sagar,588.2248864,158.563
2018-02-11,Nagarjuna Sagar,519.5849632,122.895
2018-02-12,Nagarjuna Sagar,216.7367872,82.636
2018-02-13,Nagarjuna Sagar,266.4327712,81.161
2018-02-14,Nagarjuna Sagar,316.97825919999997,79.687
2018-02-15,Nagarjuna Sagar,248.9329888,78.212
2018-02-16,Nagarjuna Sagar,49.497766399999996,76.737
2018-02-17,Nagarjuna Sagar,184.3140512,75.262
2018-02-18,Nagarjuna Sagar,235.595776,73.787
2018-02-19,Nagarjuna Sagar,155.176064,72.312
2018-02-20,Nagarjuna Sagar,207.278976,70.837
2018-02-21,Nagarjuna Sagar,157.1299232,69.362
2018-02-22,Nagarjuna Sagar,88.2917824,67.887
2018-02-23,Nagarjuna Sagar,385.3350144,66.412
2018-02-24,Nagarjuna Sagar,421.5805184,64.937
2018-02-25,Nagarjuna Sagar,656.8648096,63.463
2018-02-26,Nagarjuna Sagar,527.0889152,61.988
2018-02-27,Nagarjuna Sagar,508.6263616,60.513
2018-02-28,Nagarjuna Sagar,388.4215456,59.038
2018-03-01,Nagarjuna Sagar,332.1843808,57.563
2018-03-02,Nagarjuna Sagar,98.0893952,31.43
2018-03-03,Nagarjuna Sagar,7.6738528,21.895
2018-03-04,Nagarjuna Sagar,118.3359072,11.654
2018-03-05,Nagarjuna Sagar,61.447456,4.591
2018-03-06,Nagarjuna Sagar,248.2250688,0.0
2018-03-07,Nagarjuna Sagar,235.5674592,1.766
2018-03-08,Nagarjuna Sagar,518.622192,7.063
2018-03-09,Nagarjuna Sagar,428.2632832,172.689
2018-03-10,Nagarjuna Sagar,567.6952064,157.15
2018-03-11,Nagarjuna Sagar,586.6391456,121.836
2018-03-12,Nagarjuna Sagar,555.1225472,80.517
2018-03-13,Nagarjuna Sagar,438.4573312,76.492
2018-03-14,Nagarjuna Sagar,618.3256448,72.466
2018-03-15,Nagarjuna Sagar,754.3312352,68.44
2018-03-16,Nagarjuna Sagar,856.0168639999999,64.414
2018-03-17,Nagarjuna Sagar,447.8585088,60.388
2018-03-18,Nagarjuna Sagar,289.5109632,56.362
2018-03-19,Nagarjuna Sagar,216.3686688,52.336
2018-03-20,Nagarjuna Sagar,385.10848,48.31
2018-03-21,Nagarjuna Sagar,484.0190624,44.285
2018-03-22,Nagarjuna Sagar,224.80707519999999,40.259
2018-03-23,Nagarjuna Sagar,101.99711359999999,36.233
2018-03-24,Nagarjuna Sagar,75.3510048,32.207
2018-03-25,Nagarjuna Sagar,65.0436896,28.181
2018-03-26,Nagarjuna Sagar,18.6324544,24.155
2018-03-27,Nagarjuna Sagar,281.3840416,20.129
2018-03-28,Nagarjuna Sagar,329.9473536,16.103
2018-03-29,Nagarjuna Sagar,383.6360064,12.078
2018-03-30,Nagarjuna Sagar,129.7192608,8.052
2018-03-31,Nagarjuna Sagar,256.4935744,4.026
2018-04-01,Nagarjuna Sagar,141.9238016,0.0
2018-04-02,Nagarjuna Sagar,102.6484,31.783
2018-04-03,Nagarjuna Sagar,125.3867904,21.189
2018-04-04,Nagarjuna Sagar,86.2529728,9.888
2018-04-05,Nagarjuna Sagar,40.2948064,4.591
2018-04-06,Nagarjuna Sagar,86.3379232,3.178
2018-04-07,Nagarjuna Sagar,103.2713696,1.766
2018-04-08,Nagarjuna Sagar,141.725584,8.122
2018-04-09,Nagarjuna Sagar,22.9082912,171.629
2018-04-10,Nagarjuna Sagar,70.5654656,156.444
2018-04-11,Nagarjuna Sagar,83.8460448,120.07
2018-04-12,Nagarjuna Sagar,111.001856,79.105
2018-04-13,Nagarjuna Sagar,0.0,77.822
2018-04-14,Nagarjuna Sagar,55.5292448,76.54
2018-04-15,Nagarjuna Sagar,63.288047999999996,75.257
2018-04-16,Nagarjuna Sagar,5.0120736,73.975
2018-04-17,Nagarjuna Sagar,6.6544479999999995,72.692
2018-04-18,Nagarjuna Sagar,63.6278496,71.41
2018-04-19,Nagarjuna Sagar,56.0389472,70.127
2018-04-20,Nagarjuna Sagar,70.1123968,68.845
2018-04-21,Nagarjuna Sagar,19.397008,67.563
2018-04-22,Nagarjuna Sagar,97.89117759999999,66.28
2018-04-23,Nagarjuna Sagar,39.0205504,64.998
2018-04-24,Nagarjuna Sagar,37.6896608,63.715
2018-04-25,Nagarjuna Sagar,39.0205504,62.433
2018-04-26,Nagarjuna Sagar,39.8983712,61.15
2018-04-27,Nagarjuna Sagar,40.1249056,59.868
2018-04-28,Nagarjuna Sagar,0.0,58.585
2018-04-29,Nagarjuna Sagar,0.0,57.303
2018-04-30,Nagarjuna Sagar,41.342528,56.02
2018-05-01,Nagarjuna Sagar,0.0,54.738
2018-05-02,Nagarjuna Sagar,29.3645216,32.489
2018-05-03,Nagarjuna Sagar,0.0,20.129
2018-05-04,Nagarjuna Sagar,35.9340192,8.829
2018-05-05,Nagarjuna Sagar,70.1973472,4.591
2018-05-06,Nagarjuna Sagar,56.0106304,0.0
2018-05-07,Nagarjuna Sagar,31.6298656,1.766
2018-05-08,Nagarjuna Sagar,50.6021216,8.476
2018-05-09,Nagarjuna Sagar,92.0012832,173.748
2018-05-10,Nagarjuna Sagar,47.572224,156.091
2018-05-11,Nagarjuna Sagar,48.8181632,118.304
2018-05-12,Nagarjuna Sagar,118.02442239999999,78.399
2018-05-13,Nagarjuna Sagar,0.0,77.145
2018-05-14,Nagarjuna Sagar,43.5512384,75.891
2018-05-15,Nagarjuna Sagar,0.0,74.638
2018-05-16,Nagarjuna Sagar,0.0,73.384
2018-05-17,Nagarjuna Sagar,29.8175904,72.13
2018-05-18,Nagarjuna Sagar,57.3698368,70.877
2018-05-19,Nagarjuna Sagar,14.2150336,69.623
2018-05-20,Nagarjuna Sagar,40.493024,68.369
2018-05-21,Nagarjuna Sagar,57.5963712,67.116
2018-05-22,Nagarjuna Sagar,0.0,65.862
2018-05-23,Nagarjuna Sagar,48.4500448,64.608
2018-05-24,Nagarjuna Sagar,34.7163968,63.355
2018-05-25,Nagarjuna Sagar,31.9696672,62.101
2018-05-26,Nagarjuna Sagar,22.1437376,60.847
2018-05-27,Nagarjuna Sagar,61.249238399999996,59.594
2018-05-28,Nagarjuna Sagar,3.825316512,58.34
2018-05-29,Nagarjuna Sagar,58.4175584,57.086
2018-05-30,Nagarjuna Sagar,39.5302528,55.832
2018-05-31,Nagarjuna Sagar,46.892620799999996,54.579
2018-06-01,Nagarjuna Sagar,0.0,53.325
2018-06-02,Nagarjuna Sagar,25.9665056,30.017
2018-06-03,Nagarjuna Sagar,35.8773856,19.423
2018-06-04,Nagarjuna Sagar,39.8983712,7.769
2018-06-05,Nagarjuna Sagar,0.8211872,4.591
2018-06-06,Nagarjuna Sagar,17.1599808,2.825
2018-06-07,Nagarjuna Sagar,41.2292608,1.766
2018-06-08,Nagarjuna Sagar,37.9161952,9.182
2018-06-09,Nagarjuna Sagar,0.0,172.336
2018-06-10,Nagarjuna Sagar,38.5674816,155.031
2018-06-11,Nagarjuna Sagar,41.5407456,117.598
2018-06-12,Nagarjuna Sagar,14.4982016,78.399
2018-06-13,Nagarjuna Sagar,0.0,77.005
2018-06-14,Nagarjuna Sagar,64.8171552,75.611
2018-06-15,Nagarjuna Sagar,66.969232,74.217
2018-06-16,Nagarjuna Sagar,10.2223648,72.823
2018-06-17,Nagarjuna Sagar,13.167311999999999,71.429
2018-06-18,Nagarjuna Sagar,13.1389952,70.035
2018-06-19,Nagarjuna Sagar,37.4348096,68.641
2018-06-20,Nagarjuna Sagar,5.5500928,67.247
2018-06-21,Nagarjuna Sagar,70.9902176,65.853
2018-06-22,Nagarjuna Sagar,28.4867008,64.459
2018-06-23,Nagarjuna Sagar,19.1421568,63.065
2018-06-24,Nagarjuna Sagar,19.0288896,61.671
2018-06-25,Nagarjuna Sagar,21.7756192,60.277
2018-06-26,Nagarjuna Sagar,0.0,58.883
2018-06-27,Nagarjuna Sagar,22.0021536,57.489
2018-06-28,Nagarjuna Sagar,14.2716672,56.095
2018-06-29,Nagarjuna Sagar,14.611468799999999,54.701
2018-06-30,Nagarjuna Sagar,0.0,53.307
2018-07-01,Nagarjuna Sagar,55.5292448,51.913
2018-07-02,Nagarjuna Sagar,84.2141632,29.311
2018-07-03,Nagarjuna Sagar,0.0,18.717
2018-07-04,Nagarjuna Sagar,52.0462784,7.063
2018-07-05,Nagarjuna Sagar,54.5947904,4.591
2018-07-06,Nagarjuna Sagar,0.0,0.0
2018-07-07,Nagarjuna Sagar,28.4017504,1.766
2018-07-08,Nagarjuna Sagar,8.8631584,10.241
2018-07-09,Nagarjuna Sagar,30.6104608,171.629
2018-07-10,Nagarjuna Sagar,18.3492864,154.325
2018-07-11,Nagarjuna Sagar,67.6488352,116.538
2018-07-12,Nagarjuna Sagar,44.1175744,78.045
2018-07-13,Nagarjuna Sagar,40.549657599999996,76.686
2018-07-14,Nagarjuna Sagar,54.5664736,75.326
2018-07-15,Nagarjuna Sagar,40.4363904,73.967
2018-07-16,Nagarjuna Sagar,65.411808,72.607
2018-07-17,Nagarjuna Sagar,38.22768,71.247
2018-07-18,Nagarjuna Sagar,0.0,69.888
2018-07-19,Nagarjuna Sagar,67.30903359999999,68.528
2018-07-20,Nagarjuna Sagar,52.2728128,67.168
2018-07-21,Nagarjuna Sagar,40.0399552,65.809
2018-07-22,Nagarjuna Sagar,45.165296,64.449
2018-07-23,Nagarjuna Sagar,0.0,63.09
2018-07-24,Nagarjuna Sagar,94.9462304,61.73
2018-07-25,Nagarjuna Sagar,111.1151232,60.37
2018-07-26,Nagarjuna Sagar,50.2340032,59.011
2018-07-27,Nagarjuna Sagar,98.7123648,57.651
2018-07-28,Nagarjuna Sagar,183.209696,56.292
2018-07-29,Nagarjuna Sagar,555.8021504,54.932
2018-07-30,Nagarjuna Sagar,313.8634112,53.572
2018-07-31,Nagarjuna Sagar,256.833376,52.213
2018-08-01,Nagarjuna Sagar,151.4099296,50.853
2018-08-02,Nagarjuna Sagar,216.8500544,30.371
2018-08-03,Nagarjuna Sagar,278.21256,18.717
2018-08-04,Nagarjuna Sagar,423.8741792,7.063
2018-08-05,Nagarjuna Sagar,241.7405216,4.591
2018-08-06,Nagarjuna Sagar,192.271072,2.825
2018-08-07,Nagarjuna Sagar,434.77614719999997,1.766
2018-08-08,Nagarjuna Sagar,594.511216,12.007
2018-08-09,Nagarjuna Sagar,743.2027328,172.336
2018-08-10,Nagarjuna Sagar,673.656672,153.619
2018-08-11,Nagarjuna Sagar,1077.5675072,115.126
2018-08-12,Nagarjuna Sagar,698.4621888,77.339
2018-08-13,Nagarjuna Sagar,618.8919807999999,75.944
2018-08-14,Nagarjuna Sagar,925.5912416,74.549
2018-08-15,Nagarjuna Sagar,1068.1946464,73.154
2018-08-16,Nagarjuna Sagar,959.656352,71.759
2018-08-17,Nagarjuna Sagar,1851.0975328,70.364
2018-08-18,Nagarjuna Sagar,1836.7125984,68.97
2018-08-19,Nagarjuna Sagar,4161.7484128,67.575
2018-08-20,Nagarjuna Sagar,5006.3252896,66.18
2018-08-21,Nagarjuna Sagar,4288.2395584,64.785
2018-08-22,Nagarjuna Sagar,2396.5640512,63.39
2018-08-23,Nagarjuna Sagar,3427.0690368,61.995
2018-08-24,Nagarjuna Sagar,5612.7012448,60.6
2018-08-25,Nagarjuna Sagar,4617.05424,59.205
2018-08-26,Nagarjuna Sagar,3089.3062464,57.81
2018-08-27,Nagarjuna Sagar,1764.6746592,56.415
2018-08-28,Nagarjuna Sagar,1823.6868703999999,55.02
2018-08-29,Nagarjuna Sagar,2922.5202944,53.625
2018-08-30,Nagarjuna Sagar,0.0,52.23
2018-08-31,Nagarjuna Sagar,2077.6602496,50.835
2018-09-01,Nagarjuna Sagar,2588.8917568,49.441
2018-09-02,Nagarjuna Sagar,3465.551568,30.371
2018-09-03,Nagarjuna Sagar,2964.6556928,18.717
2018-09-04,Nagarjuna Sagar,698.9152576,6.71
2018-09-05,Nagarjuna Sagar,1051.827536,4.944
2018-09-06,Nagarjuna Sagar,20.8411648,2.825
2018-09-07,Nagarjuna Sagar,419.4001248,1.766
2018-09-08,Nagarjuna Sagar,734.0564064,13.773
2018-09-09,Nagarjuna Sagar,1253.6696864,174.101
2018-09-10,Nagarjuna Sagar,720.3510752,153.972
2018-09-11,Nagarjuna Sagar,621.1573248,114.066
2018-09-12,Nagarjuna Sagar,636.7315648,76.986
2018-09-13,Nagarjuna Sagar,563.362736,75.462
2018-09-14,Nagarjuna Sagar,0.0,73.938
2018-09-15,Nagarjuna Sagar,0.0,72.414
2018-09-16,Nagarjuna Sagar,363.3611776,70.89
2018-09-17,Nagarjuna Sagar,208.6664992,69.365
2018-09-18,Nagarjuna Sagar,0.0,67.841
2018-09-19,Nagarjuna Sagar,60.031616,66.317
2018-09-20,Nagarjuna Sagar,271.84128,64.793
2018-09-21,Nagarjuna Sagar,321.0275616,63.269
2018-09-22,Nagarjuna Sagar,64.279136,61.745
2018-09-23,Nagarjuna Sagar,419.3151744,60.221
2018-09-24,Nagarjuna Sagar,261.6755488,58.697
2018-09-25,Nagarjuna Sagar,500.782608,57.173
2018-09-26,Nagarjuna Sagar,324.085776,55.648
2018-09-27,Nagarjuna Sagar,351.6097056,54.124
2018-09-28,Nagarjuna Sagar,394.6229248,52.6
2018-09-29,Nagarjuna Sagar,380.7476928,51.076
2018-09-30,Nagarjuna Sagar,473.740064,49.552
2018-10-01,Nagarjuna Sagar,603.572592,48.028
2018-10-02,Nagarjuna Sagar,903.447504,30.724
2018-10-03,Nagarjuna Sagar,170.750304,18.717
2018-10-04,Nagarjuna Sagar,682.8029984,6.357
2018-10-05,Nagarjuna Sagar,373.498592,4.944
2018-10-06,Nagarjuna Sagar,339.0370464,2.825
2018-10-07,Nagarjuna Sagar,378.6805664,1.766
2018-10-08,Nagarjuna Sagar,355.9138592,14.832
2018-10-09,Nagarjuna Sagar,562.7680832,174.454
2018-10-10,Nagarjuna Sagar,965.5745632,155.385
2018-10-11,Nagarjuna Sagar,613.4551552,113.36
2018-10-12,Nagarjuna Sagar,339.6883328,76.986
2018-10-13,Nagarjuna Sagar,937.4559808,75.467
2018-10-14,Nagarjuna Sagar,1120.3258752,73.949
2018-10-15,Nagarjuna Sagar,944.4502304,72.43
2018-10-16,Nagarjuna Sagar,445.848016,70.912
2018-10-17,Nagarjuna Sagar,582.61816,69.393
2018-10-18,Nagarjuna Sagar,189.297808,67.875
2018-10-19,Nagarjuna Sagar,0.0,66.356
2018-10-20,Nagarjuna Sagar,106.6977024,64.838
2018-10-21,Nagarjuna Sagar,122.5267936,63.319
2018-10-22,Nagarjuna Sagar,14.0734496,61.801
2018-10-23,Nagarjuna Sagar,247.06408,60.282
2018-10-24,Nagarjuna Sagar,434.9177312,58.764
2018-10-25,Nagarjuna Sagar,348.9479264,57.245
2018-10-26,Nagarjuna Sagar,373.5269088,55.727
2018-10-27,Nagarjuna Sagar,144.3307296,54.208
2018-10-28,Nagarjuna Sagar,178.7356416,52.689
2018-10-29,Nagarjuna Sagar,222.7682656,51.171
2018-10-30,Nagarjuna Sagar,372.8756224,49.652
2018-10-31,Nagarjuna Sagar,360.2180128,48.134
2018-11-01,Nagarjuna Sagar,174.9128736,46.615
2018-11-02,Nagarjuna Sagar,356.5368288,31.43
2018-11-03,Nagarjuna Sagar,129.124608,19.07
2018-11-04,Nagarjuna Sagar,56.0389472,6.003
2018-11-05,Nagarjuna Sagar,181.2841536,4.944
2018-11-06,Nagarjuna Sagar,161.0942752,2.825
2018-11-07,Nagarjuna Sagar,141.0742976,1.766
2018-11-08,Nagarjuna Sagar,53.4621184,16.598
2018-11-09,Nagarjuna Sagar,82.2036704,174.101
2018-11-10,Nagarjuna Sagar,82.0904032,156.091
2018-11-11,Nagarjuna Sagar,46.0148,111.947
2018-11-12,Nagarjuna Sagar,77.5597152,76.986
2018-11-13,Nagarjuna Sagar,166.0497152,75.332
2018-11-14,Nagarjuna Sagar,101.94048,73.678
2018-11-15,Nagarjuna Sagar,29.73264,72.023
2018-11-16,Nagarjuna Sagar,244.657152,70.369
2018-11-17,Nagarjuna Sagar,132.1545056,68.715
2018-11-18,Nagarjuna Sagar,55.7557792,67.061
2018-11-19,Nagarjuna Sagar,84.7804992,65.406
2018-11-20,Nagarjuna Sagar,79.711792,63.752
2018-11-21,Nagarjuna Sagar,174.3748544,62.098
2018-11-22,Nagarjuna Sagar,0.0,60.444
2018-11-23,Nagarjuna Sagar,68.1585376,58.79
2018-11-24,Nagarjuna Sagar,101.4874112,57.135
2018-11-25,Nagarjuna Sagar,170.38218559999999,55.481
2018-11-26,Nagarjuna Sagar,87.0458432,53.827
2018-11-27,Nagarjuna Sagar,21.0676992,52.173
2018-11-28,Nagarjuna Sagar,105.2535456,50.519
2018-11-29,Nagarjuna Sagar,129.2378752,48.864
2018-11-30,Nagarjuna Sagar,146.3412224,47.21
2018-12-01,Nagarjuna Sagar,155.8556672,45.556
2018-12-02,Nagarjuna Sagar,145.1802336,30.724
2018-12-03,Nagarjuna Sagar,0.0,19.423
2018-12-04,Nagarjuna Sagar,138.2709344,0.0
2018-12-05,Nagarjuna Sagar,157.2148736,4.944
2018-12-06,Nagarjuna Sagar,355.77227519999997,2.825
2018-12-07,Nagarjuna Sagar,134.787968,1.766
2018-12-08,Nagarjuna Sagar,0.0,18.01
2018-12-09,Nagarjuna Sagar,143.53785919999999,174.101
2018-12-10,Nagarjuna Sagar,102.4218656,155.738
2018-12-11,Nagarjuna Sagar,73.198928,109.475
2018-12-12,Nagarjuna Sagar,0.0,75.927
2018-12-13,Nagarjuna Sagar,294.8628384,75.591
2018-12-14,Nagarjuna Sagar,334.0249728,75.256
2018-12-15,Nagarjuna Sagar,108.878096,74.92
2018-12-16,Nagarjuna Sagar,0.0,74.585
2018-12-17,Nagarjuna Sagar,35.112832,74.249
2018-12-18,Nagarjuna Sagar,34.0651104,73.914
2018-12-19,Nagarjuna Sagar,49.1013312,73.578
2018-12-20,Nagarjuna Sagar,391.338176,73.243
2018-12-21,Nagarjuna Sagar,216.340352,72.907
2018-12-22,Nagarjuna Sagar,267.8202944,72.572
2018-12-23,Nagarjuna Sagar,391.56471039999997,72.236
2018-12-24,Nagarjuna Sagar,232.90568,71.901
2018-12-25,Nagarjuna Sagar,257.399712,71.565
2018-12-26,Nagarjuna Sagar,188.873056,71.23
2018-12-27,Nagarjuna Sagar,528.6180224,70.894
2018-12-28,Nagarjuna Sagar,0.0,70.559
2018-12-29,Nagarjuna Sagar,174.6863392,70.223
2018-12-30,Nagarjuna Sagar,261.1092128,69.888
2018-12-31,Nagarjuna Sagar,332.9772512,69.552
2019-01-01,Nagarjuna Sagar,328.8429984,69.217
2019-01-02,Nagarjuna Sagar,115.8723456,46.969
2019-01-03,Nagarjuna Sagar,186.83424639999998,31.783
2019-01-04,Nagarjuna Sagar,388.4781792,8.829
2019-01-05,Nagarjuna Sagar,162.4534816,2.119
2019-01-06,Nagarjuna Sagar,214.6696608,0.0
2019-01-07,Nagarjuna Sagar,90.4438592,0.0
2019-01-08,Nagarjuna Sagar,345.23842559999997,0.0
2019-01-09,Nagarjuna Sagar,111.9646272,174.101
2019-01-10,Nagarjuna Sagar,125.5283744,179.045
2019-01-11,Nagarjuna Sagar,164.6338752,180.458
2019-01-12,Nagarjuna Sagar,164.520608,162.801
2019-01-13,Nagarjuna Sagar,231.8296416,158.051
2019-01-14,Nagarjuna Sagar,10.5055328,153.301
2019-01-15,Nagarjuna Sagar,175.3659424,148.551
2019-01-16,Nagarjuna Sagar,136.7418272,143.801
2019-01-17,Nagarjuna Sagar,45.958166399999996,139.052
2019-01-18,Nagarjuna Sagar,42.192032,134.302
2019-01-19,Nagarjuna Sagar,131.1917344,129.552
2019-01-20,Nagarjuna Sagar,50.687072,124.802
2019-01-21,Nagarjuna Sagar,87.640496,120.052
2019-01-22,Nagarjuna Sagar,26.2213568,115.302
2019-01-23,Nagarjuna Sagar,149.7109216,110.553
2019-01-24,Nagarjuna Sagar,140.7628128,105.803
2019-01-25,Nagarjuna Sagar,27.5239296,101.053
2019-01-26,Nagarjuna Sagar,97.409792,96.303
2019-01-27,Nagarjuna Sagar,39.9550048,91.553
2019-01-28,Nagarjuna Sagar,115.39095999999999,86.803
2019-01-29,Nagarjuna Sagar,85.9698048,82.054
2019-01-30,Nagarjuna Sagar,195.4991872,77.304
2019-01-31,Nagarjuna Sagar,54.8496416,72.554
2019-02-01,Nagarjuna Sagar,60.4280512,67.804
2019-02-02,Nagarjuna Sagar,42.3902496,46.262
2019-02-03,Nagarjuna Sagar,42.5884672,31.43
2019-02-04,Nagarjuna Sagar,73.8218976,8.829
2019-02-05,Nagarjuna Sagar,13.2239456,2.119
2019-02-06,Nagarjuna Sagar,67.2524,0.0
2019-02-07,Nagarjuna Sagar,43.9476736,0.0
2019-02-08,Nagarjuna Sagar,74.048432,0.0
2019-02-09,Nagarjuna Sagar,54.2833056,173.748
2019-02-10,Nagarjuna Sagar,0.0,180.105
2019-02-11,Nagarjuna Sagar,80.9294144,179.752
2019-02-12,Nagarjuna Sagar,62.2403264,164.213
2019-02-13,Nagarjuna Sagar,123.319664,158.501
2019-02-14,Nagarjuna Sagar,71.216752,152.788
2019-02-15,Nagarjuna Sagar,1.5007904,147.075
2019-02-16,Nagarjuna Sagar,0.1982176,141.363
2019-02-17,Nagarjuna Sagar,94.9179136,135.65
2019-02-18,Nagarjuna Sagar,65.7799264,129.937
2019-02-19,Nagarjuna Sagar,46.439552,124.225
2019-02-20,Nagarjuna Sagar,0.0,118.512
2019-02-21,Nagarjuna Sagar,116.3254144,112.799
2019-02-22,Nagarjuna Sagar,62.721712,107.087
2019-02-23,Nagarjuna Sagar,10.8170176,101.374
2019-02-24,Nagarjuna Sagar,47.1191552,95.661
2019-02-25,Nagarjuna Sagar,0.0,89.949
2019-02-26,Nagarjuna Sagar,103.83770559999999,84.236
2019-02-27,Nagarjuna Sagar,62.183692799999996,78.523
2019-02-28,Nagarjuna Sagar,28.1468992,72.811
2019-03-01,Nagarjuna Sagar,33.8102592,67.098
2019-03-02,Nagarjuna Sagar,0.0,45.909
2019-03-03,Nagarjuna Sagar,3.7944512,30.724
2019-03-04,Nagarjuna Sagar,40.0116384,8.829
2019-03-05,Nagarjuna Sagar,122.10204159999999,2.119
2019-03-06,Nagarjuna Sagar,100.949392,0.0
2019-03-07,Nagarjuna Sagar,49.8942016,0.0
2019-03-08,Nagarjuna Sagar,43.353020799999996,0.0
2019-03-09,Nagarjuna Sagar,16.5370112,170.923
2019-03-10,Nagarjuna Sagar,115.9006624,180.458
2019-03-11,Nagarjuna Sagar,68.6965568,179.752
2019-03-12,Nagarjuna Sagar,32.4510528,164.919
2019-03-13,Nagarjuna Sagar,56.6902336,159.993
2019-03-14,Nagarjuna Sagar,22.2570048,155.067
2019-03-15,Nagarjuna Sagar,43.4379712,150.14
2019-03-16,Nagarjuna Sagar,87.498912,145.214
2019-03-17,Nagarjuna Sagar,0.0,140.288
2019-03-18,Nagarjuna Sagar,2.1520768,135.361
2019-03-19,Nagarjuna Sagar,0.0,130.435
2019-03-20,Nagarjuna Sagar,36.7268896,125.508
2019-03-21,Nagarjuna Sagar,0.0,120.582
2019-03-22,Nagarjuna Sagar,0.0,115.656
2019-03-23,Nagarjuna Sagar,13.0540448,110.729
2019-03-24,Nagarjuna Sagar,33.4987744,105.803
2019-03-25,Nagarjuna Sagar,0.0,100.876
2019-03-26,Nagarjuna Sagar,30.8369952,95.95
2019-03-27,Nagarjuna Sagar,0.3681184,91.024
2019-03-28,Nagarjuna Sagar,20.3314624,86.097
2019-03-29,Nagarjuna Sagar,0.0,81.171
2019-03-30,Nagarjuna Sagar,20.1898784,76.244
2019-03-31,Nagarjuna Sagar,14.441568,71.318
2019-04-01,Nagarjuna Sagar,0.0,66.392
2019-04-02,Nagarjuna Sagar,81.3541664,45.556
2019-04-03,Nagarjuna Sagar,126.6327296,30.371
2019-04-04,Nagarjuna Sagar,52.4710304,8.476
2019-04-05,Nagarjuna Sagar,33.4421408,2.119
2019-04-06,Nagarjuna Sagar,101.515728,0.0
2019-04-07,Nagarjuna Sagar,32.5076864,0.0
2019-04-08,Nagarjuna Sagar,42.0787648,0.0
2019-04-09,Nagarjuna Sagar,241.28745279999998,167.745
2019-04-10,Nagarjuna Sagar,453.6068192,179.045
2019-04-11,Nagarjuna Sagar,460.997504,180.458
2019-04-12,Nagarjuna Sagar,0.0,160.329
2019-04-13,Nagarjuna Sagar,424.6953664,155.31
2019-04-14,Nagarjuna Sagar,491.9194496,150.292
2019-04-15,Nagarjuna Sagar,439.8448544,145.273
2019-04-16,Nagarjuna Sagar,92.9074208,140.255
2019-04-17,Nagarjuna Sagar,35.2827328,135.237
2019-04-18,Nagarjuna Sagar,100.9777088,130.218
2019-04-19,Nagarjuna Sagar,79.9666432,125.2
2019-04-20,Nagarjuna Sagar,50.5171712,120.181
2019-04-21,Nagarjuna Sagar,30.3556096,115.163
2019-04-22,Nagarjuna Sagar,67.0258656,110.145
2019-04-23,Nagarjuna Sagar,79.0605056,105.126
2019-04-24,Nagarjuna Sagar,62.9482464,100.108
2019-04-25,Nagarjuna Sagar,56.9734016,95.089
2019-04-26,Nagarjuna Sagar,30.1857088,90.071
2019-04-27,Nagarjuna Sagar,87.78208,85.053
2019-04-28,Nagarjuna Sagar,27.7787808,80.034
2019-04-29,Nagarjuna Sagar,70.7636832,75.016
2019-04-30,Nagarjuna Sagar,81.83555199999999,69.997
2019-05-01,Nagarjuna Sagar,0.0,64.979
2019-05-02,Nagarjuna Sagar,32.0263008,44.496
2019-05-03,Nagarjuna Sagar,30.6954112,30.017
2019-05-04,Nagarjuna Sagar,30.6954112,8.122
2019-05-05,Nagarjuna Sagar,0.0,2.119
2019-05-06,Nagarjuna Sagar,30.298976,0.0
2019-05-07,Nagarjuna Sagar,28.4300672,0.0
2019-05-08,Nagarjuna Sagar,0.0,0.0
2019-05-09,Nagarjuna Sagar,46.0997504,167.038
2019-05-10,Nagarjuna Sagar,0.0,178.692
2019-05-11,Nagarjuna Sagar,46.524502399999996,179.399
2019-05-12,Nagarjuna Sagar,46.524502399999996,159.622
2019-05-13,Nagarjuna Sagar,45.6466816,154.855
2019-05-14,Nagarjuna Sagar,45.6466816,150.087
2019-05-15,Nagarjuna Sagar,44.7688608,145.32
2019-05-16,Nagarjuna Sagar,0.0,140.552
2019-05-17,Nagarjuna Sagar,34.3482784,135.785
2019-05-18,Nagarjuna Sagar,0.0,131.017
2019-05-19,Nagarjuna Sagar,32.0263008,126.25
2019-05-20,Nagarjuna Sagar,34.2350112,121.482
2019-05-21,Nagarjuna Sagar,0.0,116.715
2019-05-22,Nagarjuna Sagar,33.3571904,111.947
2019-05-23,Nagarjuna Sagar,33.7819424,107.18
2019-05-24,Nagarjuna Sagar,0.0,102.413
2019-05-25,Nagarjuna Sagar,5.2102912,97.645
2019-05-26,Nagarjuna Sagar,2.0954432,92.878
2019-05-27,Nagarjuna Sagar,5.6916768,88.11
2019-05-28,Nagarjuna Sagar,3.2847488,83.343
2019-05-29,Nagarjuna Sagar,0.0,78.575
2019-05-30,Nagarjuna Sagar,0.0,73.808
2019-05-31,Nagarjuna Sagar,65.6666592,69.04
2019-06-01,Nagarjuna Sagar,0.0,64.273
2019-06-02,Nagarjuna Sagar,6.2580127999999995,43.79
2019-06-03,Nagarjuna Sagar,3.8794016,30.017
2019-06-04,Nagarjuna Sagar,0.0,7.416
2019-06-05,Nagarjuna Sagar,0.0,2.119
2019-06-06,Nagarjuna Sagar,0.0,0.0
2019-06-07,Nagarjuna Sagar,32.989072,0.0
2019-06-08,Nagarjuna Sagar,35.537584,0.0
2019-06-09,Nagarjuna Sagar,37.944511999999996,167.038
2019-06-10,Nagarjuna Sagar,0.0,179.045
2019-06-11,Nagarjuna Sagar,40.549657599999996,179.752
2019-06-12,Nagarjuna Sagar,0.0,158.21
2019-06-13,Nagarjuna Sagar,40.4363904,153.191
2019-06-14,Nagarjuna Sagar,0.0,148.173
2019-06-15,Nagarjuna Sagar,39.615203199999996,143.155
2019-06-16,Nagarjuna Sagar,0.0,138.136
2019-06-17,Nagarjuna Sagar,0.0,133.118
2019-06-18,Nagarjuna Sagar,15.715824,128.099
2019-06-19,Nagarjuna Sagar,0.0,123.081
2019-06-20,Nagarjuna Sagar,35.4526336,118.063
2019-06-21,Nagarjuna Sagar,0.0,113.044
2019-06-22,Nagarjuna Sagar,37.095008,108.026
2019-06-23,Nagarjuna Sagar,33.7819424,103.007
2019-06-24,Nagarjuna Sagar,0.0,97.989
2019-06-25,Nagarjuna Sagar,34.6031296,92.971
2019-06-26,Nagarjuna Sagar,35.4526336,87.952
2019-06-27,Nagarjuna Sagar,0.0,82.934
2019-06-28,Nagarjuna Sagar,26.3629408,77.915
2019-06-29,Nagarjuna Sagar,25.3718528,72.897
2019-06-30,Nagarjuna Sagar,0.0,67.879
2019-07-01,Nagarjuna Sagar,23.644528,62.86
2019-07-02,Nagarjuna Sagar,22.4552224,43.084
2019-07-03,Nagarjuna Sagar,0.0,29.311
2019-07-04,Nagarjuna Sagar,19.9350272,6.71
2019-07-05,Nagarjuna Sagar,18.9156224,2.119
2019-07-06,Nagarjuna Sagar,0.0,0.0
2019-07-07,Nagarjuna Sagar,18.2926528,0.0
2019-07-08,Nagarjuna Sagar,0.0,1.413
2019-07-09,Nagarjuna Sagar,30.2423424,168.451
2019-07-10,Nagarjuna Sagar,0.0,179.045
2019-07-11,Nagarjuna Sagar,31.2617472,179.045
2019-07-12,Nagarjuna Sagar,0.0,157.857
2019-07-13,Nagarjuna Sagar,32.536003199999996,153.054
2019-07-14,Nagarjuna Sagar,0.0,148.251
2019-07-15,Nagarjuna Sagar,33.3571904,143.448
2019-07-16,Nagarjuna Sagar,0.0,138.645
2019-07-17,Nagarjuna Sagar,27.9486816,133.843
2019-07-18,Nagarjuna Sagar,0.0,129.04
2019-07-19,Nagarjuna Sagar,33.3571904,124.237
2019-07-20,Nagarjuna Sagar,72.6892256,119.434
2019-07-21,Nagarjuna Sagar,18.2077024,114.631
2019-07-22,Nagarjuna Sagar,20.3597792,109.829
2019-07-23,Nagarjuna Sagar,75.3793216,105.026
2019-07-24,Nagarjuna Sagar,19.9350272,100.223
2019-07-25,Nagarjuna Sagar,21.209283199999998,95.42
2019-07-26,Nagarjuna Sagar,21.209283199999998,90.617
2019-07-27,Nagarjuna Sagar,19.9350272,85.815
2019-07-28,Nagarjuna Sagar,17.8679008,81.012
2019-07-29,Nagarjuna Sagar,17.8679008,76.209
2019-07-30,Nagarjuna Sagar,0.0,71.406
2019-07-31,Nagarjuna Sagar,27.0991776,66.603
2019-08-01,Nagarjuna Sagar,0.0,61.801
2019-08-02,Nagarjuna Sagar,23.7011616,42.731
2019-08-03,Nagarjuna Sagar,25.400169599999998,28.252
2019-08-04,Nagarjuna Sagar,0.0,6.003
2019-08-05,Nagarjuna Sagar,25.8532384,1.766
2019-08-06,Nagarjuna Sagar,613.6533727999999,0.0
2019-08-07,Nagarjuna Sagar,1573.1115072,0.0
2019-08-08,Nagarjuna Sagar,1722.5392608,6.003
2019-08-09,Nagarjuna Sagar,1816.1262848,172.336
2019-08-10,Nagarjuna Sagar,2899.5553696,179.045
2019-08-11,Nagarjuna Sagar,8341.6478944,179.045
2019-08-12,Nagarjuna Sagar,17267.3581056,157.503
2019-08-13,Nagarjuna Sagar,21536.2856064,152.665
2019-08-14,Nagarjuna Sagar,22720.5224992,147.827
2019-08-15,Nagarjuna Sagar,20831.0840192,142.989
2019-08-16,Nagarjuna Sagar,21640.7462816,138.151
2019-08-17,Nagarjuna Sagar,20259.566044799998,133.313
2019-08-18,Nagarjuna Sagar,17574.5953856,128.475
2019-08-19,Nagarjuna Sagar,12612.2744032,123.637
2019-08-20,Nagarjuna Sagar,5120.2720928,118.799
2019-08-21,Nagarjuna Sagar,2014.4005184,113.96
2019-08-22,Nagarjuna Sagar,2414.0355168,109.122
2019-08-23,Nagarjuna Sagar,1900.4537152,104.284
2019-08-24,Nagarjuna Sagar,1535.2519456,99.446
2019-08-25,Nagarjuna Sagar,694.9509055999999,94.608
2019-08-26,Nagarjuna Sagar,6.5411808,89.77
2019-08-27,Nagarjuna Sagar,383.9191744,84.932
2019-08-28,Nagarjuna Sagar,571.3763904,80.094
2019-08-29,Nagarjuna Sagar,452.8988992,75.256
2019-08-30,Nagarjuna Sagar,459.6382976,70.417
2019-08-31,Nagarjuna Sagar,65.5250752,65.579
2019-09-01,Nagarjuna Sagar,427.7818976,60.741
2019-09-02,Nagarjuna Sagar,384.9385792,42.024
2019-09-03,Nagarjuna Sagar,0.0,27.192
2019-09-04,Nagarjuna Sagar,0.0,6.003
2019-09-05,Nagarjuna Sagar,178.9338592,1.766
2019-09-06,Nagarjuna Sagar,847.521824,0.0
2019-09-07,Nagarjuna Sagar,1308.7458624,0.0
2019-09-08,Nagarjuna Sagar,2527.3876672,10.594
2019-09-09,Nagarjuna Sagar,1963.8833472,174.101
2019-09-10,Nagarjuna Sagar,3539.6283168,180.458
2019-09-11,Nagarjuna Sagar,9445.4367584,180.458
2019-09-12,Nagarjuna Sagar,7956.596048,156.797
2019-09-13,Nagarjuna Sagar,3854.1430144,151.686
2019-09-14,Nagarjuna Sagar,7324.989824,146.574
2019-09-15,Nagarjuna Sagar,6152.1646015999995,141.463
2019-09-16,Nagarjuna Sagar,3470.9883936,136.352
2019-09-17,Nagarjuna Sagar,1782.7124608,131.24
2019-09-18,Nagarjuna Sagar,1389.4204256,126.129
2019-09-19,Nagarjuna Sagar,2115.689712,121.018
2019-09-20,Nagarjuna Sagar,3844.6568864,115.906
2019-09-21,Nagarjuna Sagar,4132.270624,110.795
2019-09-22,Nagarjuna Sagar,3177.85288,105.684
2019-09-23,Nagarjuna Sagar,1986.6783712,100.572
2019-09-24,Nagarjuna Sagar,2050.1929536,95.461
2019-09-25,Nagarjuna Sagar,2067.4662015999997,90.35
2019-09-26,Nagarjuna Sagar,2018.0817024,85.238
2019-09-27,Nagarjuna Sagar,5344.8526335999995,80.127
2019-09-28,Nagarjuna Sagar,6672.6273856,75.016
2019-09-29,Nagarjuna Sagar,5879.0207488,69.904
2019-09-30,Nagarjuna Sagar,2583.2850304,64.793
2019-10-01,Nagarjuna Sagar,2861.0162047999997,59.682
2019-10-02,Nagarjuna Sagar,2417.6317504,41.318
2019-10-03,Nagarjuna Sagar,2018.3082368,26.486
2019-10-04,Nagarjuna Sagar,1153.2866304,6.71
2019-10-05,Nagarjuna Sagar,455.8721632,1.766
2019-10-06,Nagarjuna Sagar,514.4596224,0.0
2019-10-07,Nagarjuna Sagar,243.2129952,0.0
2019-10-08,Nagarjuna Sagar,685.3798272,19.776
2019-10-09,Nagarjuna Sagar,1775.4916768,179.045
2019-10-10,Nagarjuna Sagar,2420.7465984,0.0
2019-10-11,Nagarjuna Sagar,2234.1388864,180.458
2019-10-12,Nagarjuna Sagar,1982.6857024,156.444
2019-10-13,Nagarjuna Sagar,1927.4679424,151.571
2019-10-14,Nagarjuna Sagar,4102.5096672,146.697
2019-10-15,Nagarjuna Sagar,2517.9864896,141.824
2019-10-16,Nagarjuna Sagar,1929.223584,136.95
2019-10-17,Nagarjuna Sagar,1982.600752,132.077
2019-10-18,Nagarjuna Sagar,1926.7600224,127.203
2019-10-19,Nagarjuna Sagar,715.5938528,122.33
2019-10-20,Nagarjuna Sagar,94.011776,117.457
2019-10-21,Nagarjuna Sagar,224.0142048,112.583
2019-10-22,Nagarjuna Sagar,1834.9852736,107.71
2019-10-23,Nagarjuna Sagar,2819.4754592,102.836
2019-10-24,Nagarjuna Sagar,10484.6916352,97.963
2019-10-25,Nagarjuna Sagar,15759.431872,93.089
2019-10-26,Nagarjuna Sagar,13070.2420096,88.216
2019-10-27,Nagarjuna Sagar,5690.4874944,83.343
2019-10-28,Nagarjuna Sagar,4870.8860352,78.469
2019-10-29,Nagarjuna Sagar,3510.0372608,73.596
2019-10-30,Nagarjuna Sagar,4162.3996992,68.722
2019-10-31,Nagarjuna Sagar,4166.7604863999995,63.849
2019-11-01,Nagarjuna Sagar,2084.0881632,58.975
2019-11-02,Nagarjuna Sagar,2225.1624608,40.612
2019-11-03,Nagarjuna Sagar,2080.2370784,25.427
2019-11-04,Nagarjuna Sagar,2131.1506848,0.0
2019-11-05,Nagarjuna Sagar,1981.751248,1.766
2019-11-06,Nagarjuna Sagar,1541.1984736,0.0
2019-11-07,Nagarjuna Sagar,1051.2045664,0.0
2019-11-08,Nagarjuna Sagar,403.1462816,44.85
2019-11-09,Nagarjuna Sagar,1363.1990688,178.692
2019-11-10,Nagarjuna Sagar,1759.7192192,180.458
2019-11-11,Nagarjuna Sagar,1360.905408,179.045
2019-11-12,Nagarjuna Sagar,873.6582304,155.385
2019-11-13,Nagarjuna Sagar,428.00843199999997,150.292
2019-11-14,Nagarjuna Sagar,398.2474752,145.199
2019-11-15,Nagarjuna Sagar,703.3326784,140.106
2019-11-16,Nagarjuna Sagar,428.433184,135.014
2019-11-17,Nagarjuna Sagar,486.1428224,129.921
2019-11-18,Nagarjuna Sagar,541.275632,124.828
2019-11-19,Nagarjuna Sagar,468.8978912,119.735
2019-11-20,Nagarjuna Sagar,370.6385952,114.643
2019-11-21,Nagarjuna Sagar,509.41923199999997,109.55
2019-11-22,Nagarjuna Sagar,187.6271168,104.457
2019-11-23,Nagarjuna Sagar,199.7467072,99.364
2019-11-24,Nagarjuna Sagar,314.882816,94.272
2019-11-25,Nagarjuna Sagar,539.5199904,89.179
2019-11-26,Nagarjuna Sagar,0.0,84.086
2019-11-27,Nagarjuna Sagar,0.0,78.993
2019-11-28,Nagarjuna Sagar,11.468304,73.901
2019-11-29,Nagarjuna Sagar,196.3203744,68.808
2019-11-30,Nagarjuna Sagar,157.5263584,63.715
2019-12-01,Nagarjuna Sagar,169.8724832,58.622
2019-12-02,Nagarjuna Sagar,0.0,39.906
2019-12-03,Nagarjuna Sagar,190.54374719999998,24.367
2019-12-04,Nagarjuna Sagar,288.548192,7.769
2019-12-05,Nagarjuna Sagar,152.8257696,1.766
2019-12-06,Nagarjuna Sagar,9.5144448,0.0
2019-12-07,Nagarjuna Sagar,166.4744672,0.0
2019-12-08,Nagarjuna Sagar,284.3573056,97.115
2019-12-09,Nagarjuna Sagar,13.4787968,177.986
2019-12-10,Nagarjuna Sagar,203.4845248,179.399
2019-12-11,Nagarjuna Sagar,126.94421439999999,177.28
2019-12-12,Nagarjuna Sagar,167.8336736,154.325
2019-12-13,Nagarjuna Sagar,103.214736,146.609
2019-12-14,Nagarjuna Sagar,125.160256,138.893
2019-12-15,Nagarjuna Sagar,179.7550464,131.176
2019-12-16,Nagarjuna Sagar,0.0,123.46
2019-12-17,Nagarjuna Sagar,458.165824,115.744
2019-12-18,Nagarjuna Sagar,190.713648,108.028
2019-12-19,Nagarjuna Sagar,280.2230528,100.311
2019-12-20,Nagarjuna Sagar,95.3992992,92.595
2019-12-21,Nagarjuna Sagar,328.616464,84.879
2019-12-22,Nagarjuna Sagar,316.15707199999997,77.163
2019-12-23,Nagarjuna Sagar,145.3218176,69.446
2019-12-24,Nagarjuna Sagar,365.2584032,61.73
2019-12-25,Nagarjuna Sagar,254.7379328,54.014
2019-12-26,Nagarjuna Sagar,280.7893888,46.298
2019-12-27,Nagarjuna Sagar,193.686912,38.581
2019-12-28,Nagarjuna Sagar,392.3858976,30.865
2019-12-29,Nagarjuna Sagar,201.2474976,23.149
2019-12-30,Nagarjuna Sagar,203.5411584,15.433
2019-12-31,Nagarjuna Sagar,292.8240288,7.716
2020-01-01,Nagarjuna Sagar,431.2365472,0.0
2020-01-02,Nagarjuna Sagar,173.865152,86.168
2020-01-03,Nagarjuna Sagar,586.6391456,83.696
2020-01-04,Nagarjuna Sagar,314.8544992,70.982
2020-01-05,Nagarjuna Sagar,337.4229888,61.801
2020-01-06,Nagarjuna Sagar,548.213248,39.199
2020-01-07,Nagarjuna Sagar,699.0851584,37.434
2020-01-08,Nagarjuna Sagar,494.6378624,75.22
2020-01-09,Nagarjuna Sagar,408.7813248,174.808
2020-01-10,Nagarjuna Sagar,284.9802752,179.752
2020-01-11,Nagarjuna Sagar,193.97008,179.752
2020-01-12,Nagarjuna Sagar,308.1151008,179.045
2020-01-13,Nagarjuna Sagar,175.8756448,170.093
2020-01-14,Nagarjuna Sagar,0.0,161.141
2020-01-15,Nagarjuna Sagar,197.4530464,152.189
2020-01-16,Nagarjuna Sagar,253.4636768,143.236
2020-01-17,Nagarjuna Sagar,181.2558368,134.284
2020-01-18,Nagarjuna Sagar,258.9854528,125.332
2020-01-19,Nagarjuna Sagar,365.5982048,116.379
2020-01-20,Nagarjuna Sagar,260.1747584,107.427
2020-01-21,Nagarjuna Sagar,287.1040352,98.475
2020-01-22,Nagarjuna Sagar,177.2348512,89.523
2020-01-23,Nagarjuna Sagar,274.7012768,80.57
2020-01-24,Nagarjuna Sagar,284.3856224,71.618
2020-01-25,Nagarjuna Sagar,222.6833152,62.666
2020-01-26,Nagarjuna Sagar,416.9082464,53.714
2020-01-27,Nagarjuna Sagar,255.6157536,44.761
2020-01-28,Nagarjuna Sagar,265.328416,35.809
2020-01-29,Nagarjuna Sagar,374.4613632,26.857
2020-01-30,Nagarjuna Sagar,421.1557664,17.905
2020-01-31,Nagarjuna Sagar,603.0912064,8.952
2020-02-01,Nagarjuna Sagar,369.6475072,0.0
2020-02-02,Nagarjuna Sagar,230.7252864,85.108
2020-02-03,Nagarjuna Sagar,83.9026784,82.989
2020-02-04,Nagarjuna Sagar,617.5327744,70.629
2020-02-05,Nagarjuna Sagar,202.5783872,61.801
2020-02-06,Nagarjuna Sagar,285.60324479999997,39.199
2020-02-07,Nagarjuna Sagar,245.5916064,37.434
2020-02-08,Nagarjuna Sagar,637.6093856,78.045
2020-02-09,Nagarjuna Sagar,640.2994816,174.454
2020-02-10,Nagarjuna Sagar,185.5883072,179.045
2020-02-11,Nagarjuna Sagar,219.5401504,179.045
2020-02-12,Nagarjuna Sagar,185.616624,178.692
2020-02-13,Nagarjuna Sagar,390.9417408,175.494
2020-02-14,Nagarjuna Sagar,157.9511104,172.296
2020-02-15,Nagarjuna Sagar,292.8523456,169.098
2020-02-16,Nagarjuna Sagar,241.1741856,165.9
2020-02-17,Nagarjuna Sagar,106.44285119999999,162.703
2020-02-18,Nagarjuna Sagar,442.874752,159.505
2020-02-19,Nagarjuna Sagar,276.8816704,156.307
2020-02-20,Nagarjuna Sagar,884.6734656,153.109
2020-02-21,Nagarjuna Sagar,708.2881184,149.911
2020-02-22,Nagarjuna Sagar,514.4313056,146.713
2020-02-23,Nagarjuna Sagar,641.6303712,143.515
2020-02-24,Nagarjuna Sagar,987.3218656,140.317
2020-02-25,Nagarjuna Sagar,1429.8284992,137.119
2020-02-26,Nagarjuna Sagar,1294.9838976,133.921
2020-02-27,Nagarjuna Sagar,939.4947903999999,130.723
2020-02-28,Nagarjuna Sagar,1107.4983648,127.525
2020-02-29,Nagarjuna Sagar,1313.1349664,124.327
2020-03-01,Nagarjuna Sagar,1196.8945024,121.129
2020-03-02,Nagarjuna Sagar,191.563152,83.696
2020-03-03,Nagarjuna Sagar,709.7889088,84.049
2020-03-04,Nagarjuna Sagar,1133.4931872,69.923
2020-03-05,Nagarjuna Sagar,1647.3864736,61.801
2020-03-06,Nagarjuna Sagar,896.3116704,39.199
2020-03-07,Nagarjuna Sagar,150.8435936,37.434
2020-03-08,Nagarjuna Sagar,216.1138176,80.871
2020-03-09,Nagarjuna Sagar,0.0,174.101
2020-03-10,Nagarjuna Sagar,35.820752,179.045
2020-03-11,Nagarjuna Sagar,1.274256,179.045
2020-03-12,Nagarjuna Sagar,75.6624896,177.986
2020-03-13,Nagarjuna Sagar,150.4188416,175.055
2020-03-14,Nagarjuna Sagar,47.5155904,172.124
2020-03-15,Nagarjuna Sagar,116.8068,169.193
2020-03-16,Nagarjuna Sagar,62.580128,166.261
2020-03-17,Nagarjuna Sagar,39.360352,163.33
2020-03-18,Nagarjuna Sagar,47.827075199999996,160.399
2020-03-19,Nagarjuna Sagar,0.0,157.468
2020-03-20,Nagarjuna Sagar,103.9509728,154.537
2020-03-21,Nagarjuna Sagar,64.0526016,151.606
2020-03-22,Nagarjuna Sagar,65.553392,148.675
2020-03-23,Nagarjuna Sagar,35.7641184,145.744
2020-03-24,Nagarjuna Sagar,11.185136,142.813
2020-03-25,Nagarjuna Sagar,40.8328256,139.881
2020-03-26,Nagarjuna Sagar,13.7902816,136.95
2020-03-27,Nagarjuna Sagar,0.0,134.019
2020-03-28,Nagarjuna Sagar,44.032624,131.088
2020-03-29,Nagarjuna Sagar,81.2125824,128.157
2020-03-30,Nagarjuna Sagar,83.1664416,125.226
2020-03-31,Nagarjuna Sagar,83.676144,122.295
2020-04-01,Nagarjuna Sagar,13.818598399999999,119.364
2020-04-02,Nagarjuna Sagar,61.8438912,84.049
2020-04-03,Nagarjuna Sagar,18.6607712,84.049
2020-04-04,Nagarjuna Sagar,0.0,69.217
2020-04-05,Nagarjuna Sagar,53.2639008,61.448
2020-04-06,Nagarjuna Sagar,61.2775552,39.199
2020-04-07,Nagarjuna Sagar,60.3714176,37.434
2020-04-08,Nagarjuna Sagar,31.2051136,84.049
2020-04-09,Nagarjuna Sagar,258.107632,173.395
2020-04-10,Nagarjuna Sagar,0.0,179.045
2020-04-11,Nagarjuna Sagar,133.5986624,179.045
2020-04-12,Nagarjuna Sagar,258.0793152,177.633
2020-04-13,Nagarjuna Sagar,327.7952768,174.51
2020-04-14,Nagarjuna Sagar,118.1093728,171.388
2020-04-15,Nagarjuna Sagar,0.0,168.265
2020-04-16,Nagarjuna Sagar,100.6945408,165.143
2020-04-17,Nagarjuna Sagar,292.4275936,162.02
2020-04-18,Nagarjuna Sagar,78.012784,158.897
2020-04-19,Nagarjuna Sagar,71.2450688,155.775
2020-04-20,Nagarjuna Sagar,0.0,152.652
2020-04-21,Nagarjuna Sagar,0.0,149.53
2020-04-22,Nagarjuna Sagar,0.0,146.407
2020-04-23,Nagarjuna Sagar,0.0,143.285
2020-04-24,Nagarjuna Sagar,0.0,140.162
2020-04-25,Nagarjuna Sagar,49.695984,137.039
2020-04-26,Nagarjuna Sagar,0.0,133.917
2020-04-27,Nagarjuna Sagar,40.5213408,130.794
2020-04-28,Nagarjuna Sagar,50.4888544,127.672
2020-04-29,Nagarjuna Sagar,0.0,124.549
2020-04-30,Nagarjuna Sagar,34.8579808,121.427
2020-05-01,Nagarjuna Sagar,34.8579808,118.304
2020-05-02,Nagarjuna Sagar,0.0,82.636
2020-05-03,Nagarjuna Sagar,33.8102592,90.052
2020-05-04,Nagarjuna Sagar,0.0,68.51
2020-05-05,Nagarjuna Sagar,0.0,60.741
2020-05-06,Nagarjuna Sagar,75.6341728,38.846
2020-05-07,Nagarjuna Sagar,34.68808,37.434
2020-05-08,Nagarjuna Sagar,57.879539199999996,86.874
2020-05-09,Nagarjuna Sagar,73.4254624,173.748
2020-05-10,Nagarjuna Sagar,19.963344,177.633
2020-05-11,Nagarjuna Sagar,18.4342368,0.0
2020-05-12,Nagarjuna Sagar,23.7577952,177.28
2020-05-13,Nagarjuna Sagar,22.5401728,174.296
2020-05-14,Nagarjuna Sagar,90.8686112,171.311
2020-05-15,Nagarjuna Sagar,22.65344,168.327
2020-05-16,Nagarjuna Sagar,20.7278976,165.343
2020-05-17,Nagarjuna Sagar,28.6849184,162.359
2020-05-18,Nagarjuna Sagar,22.228688,159.375
2020-05-19,Nagarjuna Sagar,53.1506336,156.391
2020-05-20,Nagarjuna Sagar,0.0,153.407
2020-05-21,Nagarjuna Sagar,0.0,150.423
2020-05-22,Nagarjuna Sagar,105.1119616,147.439
2020-05-23,Nagarjuna Sagar,82.9965408,144.455
2020-05-24,Nagarjuna Sagar,16.9617632,141.471
2020-05-25,Nagarjuna Sagar,112.6442304,138.486
2020-05-26,Nagarjuna Sagar,44.9953952,135.502
2020-05-27,Nagarjuna Sagar,0.0,132.518
2020-05-28,Nagarjuna Sagar,47.43064,129.534
2020-05-29,Nagarjuna Sagar,0.0,126.55
2020-05-30,Nagarjuna Sagar,10.137414399999999,123.566
2020-05-31,Nagarjuna Sagar,11.4116704,120.582
2020-06-01,Nagarjuna Sagar,0.0,117.598
2020-06-02,Nagarjuna Sagar,36.6985728,80.871
2020-06-03,Nagarjuna Sagar,33.27224,91.465
2020-06-04,Nagarjuna Sagar,31.3183808,67.804
2020-06-05,Nagarjuna Sagar,0.0,60.388
2020-06-06,Nagarjuna Sagar,32.3094688,38.846
2020-06-07,Nagarjuna Sagar,0.0,37.08
2020-06-08,Nagarjuna Sagar,33.7819424,90.052
2020-06-09,Nagarjuna Sagar,0.0,174.101
2020-06-10,Nagarjuna Sagar,31.3183808,179.752
2020-06-11,Nagarjuna Sagar,0.0,178.692
2020-06-12,Nagarjuna Sagar,99.1937504,177.28
2020-06-13,Nagarjuna Sagar,77.6163488,174.12
2020-06-14,Nagarjuna Sagar,5.6916768,170.96
2020-06-15,Nagarjuna Sagar,46.8076704,167.8
2020-06-16,Nagarjuna Sagar,56.2371648,164.641
2020-06-17,Nagarjuna Sagar,47.8837088,161.481
2020-06-18,Nagarjuna Sagar,49.865884799999996,158.321
2020-06-19,Nagarjuna Sagar,0.0,155.161
2020-06-20,Nagarjuna Sagar,41.200944,152.002
2020-06-21,Nagarjuna Sagar,38.1144128,148.842
2020-06-22,Nagarjuna Sagar,38.3975808,145.682
2020-06-23,Nagarjuna Sagar,39.1055008,142.523
2020-06-24,Nagarjuna Sagar,76.030608,139.363
2020-06-25,Nagarjuna Sagar,68.9797248,136.203
2020-06-26,Nagarjuna Sagar,69.4894272,133.043
2020-06-27,Nagarjuna Sagar,12.176224,129.884
2020-06-28,Nagarjuna Sagar,54.368256,126.724
2020-06-29,Nagarjuna Sagar,80.278128,123.564
2020-06-30,Nagarjuna Sagar,33.9518432,120.404
2020-07-01,Nagarjuna Sagar,23.8993792,117.245
2020-07-02,Nagarjuna Sagar,0.0,79.458
2020-07-03,Nagarjuna Sagar,33.555408,90.759
2020-07-04,Nagarjuna Sagar,22.4835392,67.098
2020-07-05,Nagarjuna Sagar,40.209856,0.0
2020-07-06,Nagarjuna Sagar,0.0,38.493
2020-07-07,Nagarjuna Sagar,28.6282848,37.08
2020-07-08,Nagarjuna Sagar,0.0,92.524
2020-07-09,Nagarjuna Sagar,36.245504,174.454
2020-07-10,Nagarjuna Sagar,0.0,179.045
2020-07-11,Nagarjuna Sagar,47.2324224,179.045
2020-07-12,Nagarjuna Sagar,34.0367936,176.22
2020-07-13,Nagarjuna Sagar,0.0,173.236
2020-07-14,Nagarjuna Sagar,5.5500928,170.252
2020-07-15,Nagarjuna Sagar,22.7100736,167.268
2020-07-16,Nagarjuna Sagar,23.2764096,164.284
2020-07-17,Nagarjuna Sagar,17.9528512,161.3
2020-07-18,Nagarjuna Sagar,74.5581344,158.316
2020-07-19,Nagarjuna Sagar,0.0,155.332
2020-07-20,Nagarjuna Sagar,609.6890208,152.347
2020-07-21,Nagarjuna Sagar,874.0263487999999,149.363
2020-07-22,Nagarjuna Sagar,1152.5503936,146.379
2020-07-23,Nagarjuna Sagar,970.0203008,143.395
2020-07-24,Nagarjuna Sagar,1109.735392,140.411
2020-07-25,Nagarjuna Sagar,1149.1806944,137.427
2020-07-26,Nagarjuna Sagar,1089.4888799999999,134.443
2020-07-27,Nagarjuna Sagar,882.493072,131.459
2020-07-28,Nagarjuna Sagar,1150.1434656,128.475
2020-07-29,Nagarjuna Sagar,1168.0963168,125.491
2020-07-30,Nagarjuna Sagar,1043.6722976,122.507
2020-07-31,Nagarjuna Sagar,1119.2498368,119.522
2020-08-01,Nagarjuna Sagar,1059.8411904,116.538
2020-08-02,Nagarjuna Sagar,1007.1719424,78.752
2020-08-03,Nagarjuna Sagar,1084.4768064,90.406
2020-08-04,Nagarjuna Sagar,1092.8585792,66.038
2020-08-05,Nagarjuna Sagar,951.161312,59.329
2020-08-06,Nagarjuna Sagar,1129.84032,38.493
2020-08-07,Nagarjuna Sagar,966.1125824,36.727
2020-08-08,Nagarjuna Sagar,1101.6367872,95.35
2020-08-09,Nagarjuna Sagar,1017.5925248,174.454
2020-08-10,Nagarjuna Sagar,1211.6475552,178.339
2020-08-11,Nagarjuna Sagar,1134.0028896,179.045
2020-08-12,Nagarjuna Sagar,997.6574975999999,175.514
2020-08-13,Nagarjuna Sagar,1003.3208576,166.738
2020-08-14,Nagarjuna Sagar,1094.8124384,157.963
2020-08-15,Nagarjuna Sagar,1145.2163424,149.187
2020-08-16,Nagarjuna Sagar,1204.0869696,140.411
2020-08-17,Nagarjuna Sagar,1139.2414976,131.635
2020-08-18,Nagarjuna Sagar,1110.3583616,122.86
2020-08-19,Nagarjuna Sagar,1353.5147232,114.084
2020-08-20,Nagarjuna Sagar,2651.301984,105.308
2020-08-21,Nagarjuna Sagar,7114.6526336,96.533
2020-08-22,Nagarjuna Sagar,10235.8719136,87.757
2020-08-23,Nagarjuna Sagar,10583.9420192,78.981
2020-08-24,Nagarjuna Sagar,6937.474416,70.206
2020-08-25,Nagarjuna Sagar,2578.24464,61.43
2020-08-26,Nagarjuna Sagar,1130.2933888,52.654
2020-08-27,Nagarjuna Sagar,4305.7959744,43.878
2020-08-28,Nagarjuna Sagar,5681.4261184,35.103
2020-08-29,Nagarjuna Sagar,1974.8136319999999,26.327
2020-08-30,Nagarjuna Sagar,308.65312,17.551
2020-08-31,Nagarjuna Sagar,0.0,8.776
2020-09-01,Nagarjuna Sagar,135.92064,0.0
2020-09-02,Nagarjuna Sagar,353.96,78.399
2020-09-03,Nagarjuna Sagar,433.3319904,89.346
2020-09-04,Nagarjuna Sagar,425.601504,65.685
2020-09-05,Nagarjuna Sagar,600.740912,58.622
2020-09-06,Nagarjuna Sagar,771.6328,38.493
2020-09-07,Nagarjuna Sagar,698.6320896,36.727
2020-09-08,Nagarjuna Sagar,749.6306464,97.822
2020-09-09,Nagarjuna Sagar,479.9414432,174.101
2020-09-10,Nagarjuna Sagar,480.6210464,177.633
2020-09-11,Nagarjuna Sagar,1818.4482624,178.692
2020-09-12,Nagarjuna Sagar,4924.1216192,174.454
2020-09-13,Nagarjuna Sagar,4032.2556864,171.239
2020-09-14,Nagarjuna Sagar,3095.2810912,168.023
2020-09-15,Nagarjuna Sagar,5828.1920928,164.808
2020-09-16,Nagarjuna Sagar,4035.6253856,161.592
2020-09-17,Nagarjuna Sagar,7774.7738752,158.377
2020-09-18,Nagarjuna Sagar,9444.275769599999,155.161
2020-09-19,Nagarjuna Sagar,4864.7129728,151.946
2020-09-20,Nagarjuna Sagar,8893.4007424,148.731
2020-09-21,Nagarjuna Sagar,6944.7518336,145.515
2020-09-22,Nagarjuna Sagar,6807.8401056,142.3
2020-09-23,Nagarjuna Sagar,8212.1834848,139.084
2020-09-24,Nagarjuna Sagar,7686.1989248,135.869
2020-09-25,Nagarjuna Sagar,3787.8533856,132.653
2020-09-26,Nagarjuna Sagar,2986.1764608,129.438
2020-09-27,Nagarjuna Sagar,7163.3292128,126.222
2020-09-28,Nagarjuna Sagar,15510.159081599999,123.007
2020-09-29,Nagarjuna Sagar,12508.3517472,119.791
2020-09-30,Nagarjuna Sagar,5248.1790783999995,116.576
2020-10-01,Nagarjuna Sagar,3741.1306656,113.36
2020-10-02,Nagarjuna Sagar,5890.2908351999995,76.633
2020-10-03,Nagarjuna Sagar,4502.4844672,88.287
2020-10-04,Nagarjuna Sagar,3457.8493984,64.626
2020-10-05,Nagarjuna Sagar,822.8012576,57.563
2020-10-06,Nagarjuna Sagar,1891.9869919999999,38.493
2020-10-07,Nagarjuna Sagar,1170.4182944,36.727
2020-10-08,Nagarjuna Sagar,897.4443424,100.647
2020-10-09,Nagarjuna Sagar,885.7211872,174.101
2020-10-10,Nagarjuna Sagar,703.106144,177.28
2020-10-11,Nagarjuna Sagar,452.9555328,178.692
2020-10-12,Nagarjuna Sagar,1385.4843904,174.101
2020-10-13,Nagarjuna Sagar,3352.3976352,170.994
2020-10-14,Nagarjuna Sagar,8759.2923776,167.886
2020-10-15,Nagarjuna Sagar,8335.5880992,164.778
2020-10-16,Nagarjuna Sagar,13315.3522304,161.671
2020-10-17,Nagarjuna Sagar,14472.6315296,158.563
2020-10-18,Nagarjuna Sagar,14865.6687136,155.455
2020-10-19,Nagarjuna Sagar,13235.4988544,152.347
2020-10-20,Nagarjuna Sagar,12410.403936,149.24
2020-10-21,Nagarjuna Sagar,10580.147568,146.132
2020-10-22,Nagarjuna Sagar,9697.371328,143.024
2020-10-23,Nagarjuna Sagar,9829.893952,139.917
2020-10-24,Nagarjuna Sagar,8863.186716799999,136.809
2020-10-25,Nagarjuna Sagar,5124.6611968,133.701
2020-10-26,Nagarjuna Sagar,3325.4683584,130.594
2020-10-27,Nagarjuna Sagar,2404.7759232,127.486
2020-10-28,Nagarjuna Sagar,2319.7688896,124.378
2020-10-29,Nagarjuna Sagar,3820.5876064,121.271
2020-10-30,Nagarjuna Sagar,2377.6767456,118.163
2020-10-31,Nagarjuna Sagar,2243.5117472,115.055
2020-11-01,Nagarjuna Sagar,2159.2126336,111.947
2020-11-02,Nagarjuna Sagar,1023.1992511999999,75.573
2020-11-03,Nagarjuna Sagar,1167.9830496,86.874
2020-11-04,Nagarjuna Sagar,1058.6518848,63.92
2020-11-05,Nagarjuna Sagar,759.2017248,56.857
2020-11-06,Nagarjuna Sagar,558.690464,38.14
2020-11-07,Nagarjuna Sagar,638.9402752,36.727
2020-11-08,Nagarjuna Sagar,335.55408,103.472
2020-11-09,Nagarjuna Sagar,339.8016,177.633
2020-11-10,Nagarjuna Sagar,460.85591999999997,176.926
2020-11-11,Nagarjuna Sagar,414.982704,178.692
2020-11-12,Nagarjuna Sagar,542.97464,178.339
2020-11-13,Nagarjuna Sagar,393.7734208,174.808
2020-11-14,Nagarjuna Sagar,467.5953184,171.276
2020-11-15,Nagarjuna Sagar,348.2683232,167.745
2020-11-16,Nagarjuna Sagar,537.9625664,164.213
2020-11-17,Nagarjuna Sagar,403.089648,160.682
2020-11-18,Nagarjuna Sagar,385.9296672,157.15
2020-11-19,Nagarjuna Sagar,517.2629856,153.619
2020-11-20,Nagarjuna Sagar,346.739216,150.087
2020-11-21,Nagarjuna Sagar,441.600496,146.556
2020-11-22,Nagarjuna Sagar,432.5674368,143.024
2020-11-23,Nagarjuna Sagar,446.01791679999997,139.493
2020-11-24,Nagarjuna Sagar,362.9930592,135.961
2020-11-25,Nagarjuna Sagar,440.9492096,132.43
2020-11-26,Nagarjuna Sagar,462.4699776,128.899
2020-11-27,Nagarjuna Sagar,420.7593312,125.367
2020-11-28,Nagarjuna Sagar,351.1849536,121.836
2020-11-29,Nagarjuna Sagar,495.827168,118.304
2020-11-30,Nagarjuna Sagar,71.6131872,114.773
2020-12-01,Nagarjuna Sagar,0.0,111.241
2020-12-02,Nagarjuna Sagar,83.2797088,74.867
2020-12-03,Nagarjuna Sagar,30.7803616,0.0
2020-12-04,Nagarjuna Sagar,150.8435936,63.92
2020-12-05,Nagarjuna Sagar,142.3202368,56.15
2020-12-06,Nagarjuna Sagar,159.9049696,38.14
2020-12-07,Nagarjuna Sagar,52.5842976,36.727
2020-12-08,Nagarjuna Sagar,148.6065664,105.944
2020-12-09,Nagarjuna Sagar,0.0,178.692
2020-12-10,Nagarjuna Sagar,322.86815359999997,178.339
2020-12-11,Nagarjuna Sagar,346.031296,179.045
2020-12-12,Nagarjuna Sagar,200.3130432,173.395
2020-12-13,Nagarjuna Sagar,0.0,171.876
2020-12-14,Nagarjuna Sagar,0.0,170.358
2020-12-15,Nagarjuna Sagar,0.0,168.839
2020-12-16,Nagarjuna Sagar,44.457376,167.321
2020-12-17,Nagarjuna Sagar,135.4392544,165.802
2020-12-18,Nagarjuna Sagar,155.317648,164.284
2020-12-19,Nagarjuna Sagar,55.500928,162.765
2020-12-20,Nagarjuna Sagar,53.6886528,161.247
2020-12-21,Nagarjuna Sagar,103.8943392,159.728
2020-12-22,Nagarjuna Sagar,19.7651264,158.21
2020-12-23,Nagarjuna Sagar,83.0531744,156.691
2020-12-24,Nagarjuna Sagar,109.44443199999999,155.173
2020-12-25,Nagarjuna Sagar,52.244496,153.654
2020-12-26,Nagarjuna Sagar,55.642511999999996,152.136
2020-12-27,Nagarjuna Sagar,155.5724992,150.617
2020-12-28,Nagarjuna Sagar,44.59896,149.099
2020-12-29,Nagarjuna Sagar,182.8982112,147.58
2020-12-30,Nagarjuna Sagar,99.250384,146.061
2020-12-31,Nagarjuna Sagar,183.917616,144.543
2021-01-01,Nagarjuna Sagar,289.964032,143.024
2021-01-02,Nagarjuna Sagar,288.2933408,104.885
2021-01-03,Nagarjuna Sagar,165.8514976,80.871
2021-01-04,Nagarjuna Sagar,209.969072,70.629
2021-01-05,Nagarjuna Sagar,214.4714432,52.619
2021-01-06,Nagarjuna Sagar,202.181952,42.731
2021-01-07,Nagarjuna Sagar,318.7905344,44.496
2021-01-08,Nagarjuna Sagar,235.3975584,152.206
2021-01-09,Nagarjuna Sagar,221.4656928,174.101
2021-01-10,Nagarjuna Sagar,214.2732256,180.105
2021-01-11,Nagarjuna Sagar,154.468144,180.458
2021-01-12,Nagarjuna Sagar,278.9771136,175.514
2021-01-13,Nagarjuna Sagar,180.1797984,173.836
2021-01-14,Nagarjuna Sagar,348.5514912,172.159
2021-01-15,Nagarjuna Sagar,127.2556992,170.482
2021-01-16,Nagarjuna Sagar,214.9811456,168.804
2021-01-17,Nagarjuna Sagar,315.7889536,167.127
2021-01-18,Nagarjuna Sagar,272.7757344,165.449
2021-01-19,Nagarjuna Sagar,396.718368,163.772
2021-01-20,Nagarjuna Sagar,353.0538624,162.094
2021-01-21,Nagarjuna Sagar,352.260992,160.417
2021-01-22,Nagarjuna Sagar,400.116384,158.739
2021-01-23,Nagarjuna Sagar,199.2936384,157.062
2021-01-24,Nagarjuna Sagar,287.1606688,155.385
2021-01-25,Nagarjuna Sagar,309.785792,153.707
2021-01-26,Nagarjuna Sagar,316.92162559999997,152.03
2021-01-27,Nagarjuna Sagar,298.459072,150.352
2021-01-28,Nagarjuna Sagar,344.2473376,148.675
2021-01-29,Nagarjuna Sagar,373.4419584,146.997
2021-01-30,Nagarjuna Sagar,333.7701216,145.32
2021-01-31,Nagarjuna Sagar,249.8674432,143.642
2021-02-01,Nagarjuna Sagar,484.4438144,141.965
2021-02-02,Nagarjuna Sagar,356.2536608,104.178
2021-02-03,Nagarjuna Sagar,269.8874208,80.517
2021-02-04,Nagarjuna Sagar,228.3183584,69.923
2021-02-05,Nagarjuna Sagar,205.013632,52.266
2021-02-06,Nagarjuna Sagar,445.5365312,42.378
2021-02-07,Nagarjuna Sagar,346.739216,44.496
2021-02-08,Nagarjuna Sagar,339.4901152,174.101
2021-02-09,Nagarjuna Sagar,338.4707104,174.101
2021-02-10,Nagarjuna Sagar,412.8023104,179.045
2021-02-11,Nagarjuna Sagar,438.0325792,180.458
2021-02-12,Nagarjuna Sagar,362.9930592,175.867
2021-02-13,Nagarjuna Sagar,332.1277472,173.769
2021-02-14,Nagarjuna Sagar,387.9967936,171.671
2021-02-15,Nagarjuna Sagar,342.5200128,169.573
2021-02-16,Nagarjuna Sagar,360.8126656,167.475
2021-02-17,Nagarjuna Sagar,378.3407648,165.377
2021-02-18,Nagarjuna Sagar,357.0465312,163.278
2021-02-19,Nagarjuna Sagar,389.9506528,161.18
2021-02-20,Nagarjuna Sagar,475.6089728,159.082
2021-02-21,Nagarjuna Sagar,329.2677504,156.984
2021-02-22,Nagarjuna Sagar,336.9982368,154.886
2021-02-23,Nagarjuna Sagar,391.3098592,152.788
2021-02-24,Nagarjuna Sagar,459.8081984,150.69
2021-02-25,Nagarjuna Sagar,584.0906336,148.592
2021-02-26,Nagarjuna Sagar,759.2017248,146.494
2021-02-27,Nagarjuna Sagar,707.636832,144.395
2021-02-28,Nagarjuna Sagar,459.6382976,142.297
2021-03-01,Nagarjuna Sagar,373.1021568,140.199
2021-03-02,Nagarjuna Sagar,436.24862079999997,102.766
2021-03-03,Nagarjuna Sagar,421.495568,79.811
2021-03-04,Nagarjuna Sagar,222.9381664,70.629
2021-03-05,Nagarjuna Sagar,358.1508864,52.266
2021-03-06,Nagarjuna Sagar,385.9863008,42.378
2021-03-07,Nagarjuna Sagar,467.8218528,44.143
2021-03-08,Nagarjuna Sagar,0.0,173.395
2021-03-09,Nagarjuna Sagar,477.33629759999997,174.101
2021-03-10,Nagarjuna Sagar,609.377536,179.045
2021-03-11,Nagarjuna Sagar,624.3571232,179.399
2021-03-12,Nagarjuna Sagar,548.4680992,175.867
2021-03-13,Nagarjuna Sagar,255.3609024,174.013
2021-03-14,Nagarjuna Sagar,413.3403296,172.159
2021-03-15,Nagarjuna Sagar,300.9792672,170.305
2021-03-16,Nagarjuna Sagar,616.2302016,168.451
2021-03-17,Nagarjuna Sagar,970.1618847999999,166.597
2021-03-18,Nagarjuna Sagar,825.1232352,164.743
2021-03-19,Nagarjuna Sagar,790.4068384,162.889
2021-03-20,Nagarjuna Sagar,842.6230176,161.035
2021-03-21,Nagarjuna Sagar,508.54141119999997,159.181
2021-03-22,Nagarjuna Sagar,211.3282784,157.327
2021-03-23,Nagarjuna Sagar,673.7416224,155.473
2021-03-24,Nagarjuna Sagar,599.4383392,153.619
2021-03-25,Nagarjuna Sagar,695.5172416,151.765
2021-03-26,Nagarjuna Sagar,651.0598656,149.911
2021-03-27,Nagarjuna Sagar,1051.3461504,148.057
2021-03-28,Nagarjuna Sagar,605.2716,146.203
2021-03-29,Nagarjuna Sagar,327.34220799999997,144.349
2021-03-30,Nagarjuna Sagar,336.9982368,142.495
2021-03-31,Nagarjuna Sagar,320.4612256,140.641
2021-04-01,Nagarjuna Sagar,273.5969216,138.787
2021-04-02,Nagarjuna Sagar,373.61185919999997,101.706
2021-04-03,Nagarjuna Sagar,799.5814816,78.399
2021-04-04,Nagarjuna Sagar,626.9622688,70.629
2021-04-05,Nagarjuna Sagar,350.0239648,51.559
2021-04-06,Nagarjuna Sagar,410.9617184,42.378
2021-04-07,Nagarjuna Sagar,188.731472,42.378
2021-04-08,Nagarjuna Sagar,429.59417279999997,175.514
2021-04-09,Nagarjuna Sagar,100.7794912,174.454
2021-04-10,Nagarjuna Sagar,111.3982912,180.105
2021-04-11,Nagarjuna Sagar,113.3238336,0.0
2021-04-12,Nagarjuna Sagar,116.0139296,176.22
2021-04-13,Nagarjuna Sagar,73.5387296,174.176
2021-04-14,Nagarjuna Sagar,57.9928064,172.131
2021-04-15,Nagarjuna Sagar,64.279136,170.087
2021-04-16,Nagarjuna Sagar,105.8765152,168.042
2021-04-17,Nagarjuna Sagar,199.63344,165.998
2021-04-18,Nagarjuna Sagar,85.9131712,163.953
2021-04-19,Nagarjuna Sagar,58.5025088,161.908
2021-04-20,Nagarjuna Sagar,88.94306879999999,159.864
2021-04-21,Nagarjuna Sagar,142.1786528,157.819
2021-04-22,Nagarjuna Sagar,126.5194624,155.775
2021-04-23,Nagarjuna Sagar,112.2477952,153.73
2021-04-24,Nagarjuna Sagar,60.739536,151.686
2021-04-25,Nagarjuna Sagar,80.0515936,149.641
2021-04-26,Nagarjuna Sagar,50.3189536,147.597
2021-04-27,Nagarjuna Sagar,42.1070816,145.552
2021-04-28,Nagarjuna Sagar,126.6327296,143.508
2021-04-29,Nagarjuna Sagar,109.01968,141.463
2021-04-30,Nagarjuna Sagar,99.958304,139.419
2021-05-01,Nagarjuna Sagar,130.2006464,137.374
2021-05-02,Nagarjuna Sagar,0.0,100.294
2021-05-03,Nagarjuna Sagar,133.88183039999998,77.339
2021-05-04,Nagarjuna Sagar,61.6739904,69.57
2021-05-05,Nagarjuna Sagar,77.6163488,51.206
2021-05-06,Nagarjuna Sagar,38.9922336,42.378
2021-05-07,Nagarjuna Sagar,56.775183999999996,42.378
2021-05-08,Nagarjuna Sagar,43.4946048,179.752
2021-05-09,Nagarjuna Sagar,76.738528,174.454
2021-05-10,Nagarjuna Sagar,108.0852256,180.105
2021-05-11,Nagarjuna Sagar,36.528672,179.045
2021-05-12,Nagarjuna Sagar,175.847328,175.514
2021-05-13,Nagarjuna Sagar,0.0,173.519
2021-05-14,Nagarjuna Sagar,80.3064448,171.523
2021-05-15,Nagarjuna Sagar,0.0,169.528
2021-05-16,Nagarjuna Sagar,148.1251808,167.533
2021-05-17,Nagarjuna Sagar,59.0688448,165.538
2021-05-18,Nagarjuna Sagar,80.0232768,163.542
2021-05-19,Nagarjuna Sagar,147.8420128,161.547
2021-05-20,Nagarjuna Sagar,0.0,159.552
2021-05-21,Nagarjuna Sagar,21.9172032,157.556
2021-05-22,Nagarjuna Sagar,24.918784,155.561
2021-05-23,Nagarjuna Sagar,127.9636192,153.566
2021-05-24,Nagarjuna Sagar,18.0094848,151.571
2021-05-25,Nagarjuna Sagar,190.51543039999999,149.575
2021-05-26,Nagarjuna Sagar,0.0,147.58
2021-05-27,Nagarjuna Sagar,0.0,145.585
2021-05-28,Nagarjuna Sagar,92.9357376,143.589
2021-05-29,Nagarjuna Sagar,155.7707168,141.594
2021-05-30,Nagarjuna Sagar,56.0389472,139.599
2021-05-31,Nagarjuna Sagar,54.934592,137.604
2021-06-01,Nagarjuna Sagar,50.8569728,135.608
2021-06-02,Nagarjuna Sagar,25.48512,99.587
2021-06-03,Nagarjuna Sagar,90.3872256,76.633
2021-06-04,Nagarjuna Sagar,1.4724736,68.864
2021-06-05,Nagarjuna Sagar,178.962176,50.853
2021-06-06,Nagarjuna Sagar,143.4529088,42.731
2021-06-07,Nagarjuna Sagar,171.4865408,41.318
2021-06-08,Nagarjuna Sagar,28.7981856,176.573
2021-06-09,Nagarjuna Sagar,103.073152,174.101
2021-06-10,Nagarjuna Sagar,23.5595776,179.399
2021-06-11,Nagarjuna Sagar,44.4290592,179.045
2021-06-12,Nagarjuna Sagar,19.0572064,174.454
2021-06-13,Nagarjuna Sagar,55.8124128,172.354
2021-06-14,Nagarjuna Sagar,0.0,170.254
2021-06-15,Nagarjuna Sagar,50.7153888,168.154
2021-06-16,Nagarjuna Sagar,40.2381728,166.053
2021-06-17,Nagarjuna Sagar,51.4516256,163.953
2021-06-18,Nagarjuna Sagar,35.112832,161.853
2021-06-19,Nagarjuna Sagar,108.5666112,159.752
2021-06-20,Nagarjuna Sagar,51.5082592,157.652
2021-06-21,Nagarjuna Sagar,67.6488352,155.552
2021-06-22,Nagarjuna Sagar,266.6593056,153.452
2021-06-23,Nagarjuna Sagar,216.481936,151.351
2021-06-24,Nagarjuna Sagar,287.6420544,149.251
2021-06-25,Nagarjuna Sagar,31.6298656,147.151
2021-06-26,Nagarjuna Sagar,181.510688,145.05
2021-06-27,Nagarjuna Sagar,370.5819616,142.95
2021-06-28,Nagarjuna Sagar,45.1936128,140.85
2021-06-29,Nagarjuna Sagar,399.125296,138.749
2021-06-30,Nagarjuna Sagar,742.6647136,136.649
2021-07-01,Nagarjuna Sagar,779.6464544,134.549
2021-07-02,Nagarjuna Sagar,901.2671104,98.528
2021-07-03,Nagarjuna Sagar,781.1755616,75.927
2021-07-04,Nagarjuna Sagar,574.8027232,67.804
2021-07-05,Nagarjuna Sagar,687.5035872,50.5
2021-07-06,Nagarjuna Sagar,482.9147072,42.731
2021-07-07,Nagarjuna Sagar,429.70744,39.906
2021-07-08,Nagarjuna Sagar,431.12327999999997,179.045
2021-07-09,Nagarjuna Sagar,308.936288,174.101
2021-07-10,Nagarjuna Sagar,0.0,180.105
2021-07-11,Nagarjuna Sagar,73.9351648,179.752
2021-07-12,Nagarjuna Sagar,154.72299519999999,174.101
2021-07-13,Nagarjuna Sagar,224.07083839999999,172.053
2021-07-14,Nagarjuna Sagar,141.1875648,170.005
2021-07-15,Nagarjuna Sagar,243.7793312,167.957
2021-07-16,Nagarjuna Sagar,219.9932192,165.908
2021-07-17,Nagarjuna Sagar,211.0734272,163.86
2021-07-18,Nagarjuna Sagar,154.75131199999998,161.812
2021-07-19,Nagarjuna Sagar,213.62193919999999,159.764
2021-07-20,Nagarjuna Sagar,978.0056384,157.715
2021-07-21,Nagarjuna Sagar,892.3190016,155.667
2021-07-22,Nagarjuna Sagar,816.9679968,153.619
2021-07-23,Nagarjuna Sagar,496.110336,151.571
2021-07-24,Nagarjuna Sagar,674.64776,149.522
2021-07-25,Nagarjuna Sagar,827.2469952,147.474
2021-07-26,Nagarjuna Sagar,754.4445024,145.426
2021-07-27,Nagarjuna Sagar,513.7233856,143.378
2021-07-28,Nagarjuna Sagar,1023.2558848,141.329
2021-07-29,Nagarjuna Sagar,2165.5839136,139.281
2021-07-30,Nagarjuna Sagar,7470.962928,137.233
2021-07-31,Nagarjuna Sagar,11299.365971199999,135.185
2021-08-01,Nagarjuna Sagar,11730.404300799999,133.136
2021-08-02,Nagarjuna Sagar,11929.443088,97.115
2021-08-03,Nagarjuna Sagar,9743.1879104,74.514
2021-08-04,Nagarjuna Sagar,3781.8219072,67.098
2021-08-05,Nagarjuna Sagar,3659.8331328,50.147
2021-08-06,Nagarjuna Sagar,5237.5036448,42.731
2021-08-07,Nagarjuna Sagar,3212.1728416,38.493
2021-08-08,Nagarjuna Sagar,1887.7961056,180.458
2021-08-09,Nagarjuna Sagar,1843.3670464,174.101
2021-08-10,Nagarjuna Sagar,2092.0168672,179.752
2021-08-11,Nagarjuna Sagar,2602.4838208,180.458
2021-08-12,Nagarjuna Sagar,2599.0008543999998,174.101
2021-08-13,Nagarjuna Sagar,1771.8954432,171.965
2021-08-14,Nagarjuna Sagar,1690.371376,169.828
2021-08-15,Nagarjuna Sagar,1717.2440192,167.692
2021-08-16,Nagarjuna Sagar,1623.9118464,165.555
2021-08-17,Nagarjuna Sagar,1657.382304,163.419
2021-08-18,Nagarjuna Sagar,897.4726592,161.282
2021-08-19,Nagarjuna Sagar,1072.3288992,159.146
2021-08-20,Nagarjuna Sagar,948.6128,157.009
2021-08-21,Nagarjuna Sagar,1166.5955264,154.872
2021-08-22,Nagarjuna Sagar,968.0947583999999,152.736
2021-08-23,Nagarjuna Sagar,708.7411872,150.599
2021-08-24,Nagarjuna Sagar,916.6431328,148.463
2021-08-25,Nagarjuna Sagar,1238.1237632,146.326
2021-08-26,Nagarjuna Sagar,1288.980736,144.19
2021-08-27,Nagarjuna Sagar,1259.5878976,142.053
2021-08-28,Nagarjuna Sagar,659.5549056,139.917
2021-08-29,Nagarjuna Sagar,718.7653344,137.78
2021-08-30,Nagarjuna Sagar,434.379712,135.644
2021-08-31,Nagarjuna Sagar,989.9836448,133.507
2021-09-01,Nagarjuna Sagar,869.7788288,131.371
2021-09-02,Nagarjuna Sagar,439.5333696,95.703
2021-09-03,Nagarjuna Sagar,796.8630688,73.808
2021-09-04,Nagarjuna Sagar,667.8800448,66.038
2021-09-05,Nagarjuna Sagar,534.6495007999999,49.794
2021-09-06,Nagarjuna Sagar,285.99968,0.0
2021-09-07,Nagarjuna Sagar,463.6026496,36.727
2021-09-08,Nagarjuna Sagar,551.8661152,180.105
2021-09-09,Nagarjuna Sagar,537.8492992,174.101
2021-09-10,Nagarjuna Sagar,705.371488,179.045
2021-09-11,Nagarjuna Sagar,446.9523712,180.458
2021-09-12,Nagarjuna Sagar,429.7357568,173.395
2021-09-13,Nagarjuna Sagar,1091.1595712,171.109
2021-09-14,Nagarjuna Sagar,980.610784,168.823
2021-09-15,Nagarjuna Sagar,1379.4812288,166.537
2021-09-16,Nagarjuna Sagar,2012.050224,164.25
2021-09-17,Nagarjuna Sagar,3605.1817088,161.964
2021-09-18,Nagarjuna Sagar,4804.8795744,159.678
2021-09-19,Nagarjuna Sagar,1694.4206784,157.392
2021-09-20,Nagarjuna Sagar,1737.5754815999999,155.106
2021-09-21,Nagarjuna Sagar,2022.6123903999999,152.82
2021-09-22,Nagarjuna Sagar,1725.8523264,150.533
2021-09-23,Nagarjuna Sagar,1772.6599968,148.247
2021-09-24,Nagarjuna Sagar,2175.0983584,145.961
2021-09-25,Nagarjuna Sagar,2276.3592352,143.675
2021-09-26,Nagarjuna Sagar,1986.140352,141.389
2021-09-27,Nagarjuna Sagar,1933.6693215999999,139.103
2021-09-28,Nagarjuna Sagar,1495.9765439999999,136.816
2021-09-29,Nagarjuna Sagar,2121.4380224,134.53
2021-09-30,Nagarjuna Sagar,1994.8336096,132.244
2021-10-01,Nagarjuna Sagar,2332.4264992,129.958
2021-10-02,Nagarjuna Sagar,2136.3892928,95.35
2021-10-03,Nagarjuna Sagar,1974.4171968,73.808
2021-10-04,Nagarjuna Sagar,2079.019456,64.979
2021-10-05,Nagarjuna Sagar,1821.3648928,49.441
2021-10-06,Nagarjuna Sagar,2043.198704,0.0
2021-10-07,Nagarjuna Sagar,2017.2321984,34.962
2021-10-08,Nagarjuna Sagar,2168.7553952,179.045
2021-10-09,Nagarjuna Sagar,2011.2573536,174.101
2021-10-10,Nagarjuna Sagar,1824.0833056,179.045
2021-10-11,Nagarjuna Sagar,2657.6166304,179.752
2021-10-12,Nagarjuna Sagar,4747.5663712,170.217
2021-10-13,Nagarjuna Sagar,4467.7114368,168.133
2021-10-14,Nagarjuna Sagar,2708.643504,166.05
2021-10-15,Nagarjuna Sagar,2120.7301024,163.966
2021-10-16,Nagarjuna Sagar,2665.9984031999998,161.882
2021-10-17,Nagarjuna Sagar,2756.6121632,159.799
2021-10-18,Nagarjuna Sagar,1767.0815872,157.715
2021-10-19,Nagarjuna Sagar,2012.8714112,155.632
2021-10-20,Nagarjuna Sagar,2208.4555488,153.548
2021-10-21,Nagarjuna Sagar,1907.9293504,151.465
2021-10-22,Nagarjuna Sagar,1999.9023167999999,149.381
2021-10-23,Nagarjuna Sagar,1733.1863776,147.297
2021-10-24,Nagarjuna Sagar,1487.198336,145.214
2021-10-25,Nagarjuna Sagar,1737.8586496,143.13
2021-10-26,Nagarjuna Sagar,1622.977392,141.047
2021-10-27,Nagarjuna Sagar,1722.5958944,138.963
2021-10-28,Nagarjuna Sagar,1915.6032032,136.88
2021-10-29,Nagarjuna Sagar,1976.1445216,134.796
2021-10-30,Nagarjuna Sagar,2059.9339328,132.713
2021-10-31,Nagarjuna Sagar,1759.1812,130.629
2021-11-01,Nagarjuna Sagar,1610.2065152,128.545
2021-11-02,Nagarjuna Sagar,1868.3141472,94.996
2021-11-03,Nagarjuna Sagar,1489.2371456,73.455
2021-11-04,Nagarjuna Sagar,1484.1967551999999,64.273
2021-11-05,Nagarjuna Sagar,1165.2929536,49.087
2021-11-06,Nagarjuna Sagar,1471.1710272,42.378
2021-11-07,Nagarjuna Sagar,1573.2530912,34.608
2021-11-08,Nagarjuna Sagar,1632.605104,179.399
2021-11-09,Nagarjuna Sagar,1622.7791743999999,174.101
2021-11-10,Nagarjuna Sagar,1447.6397663999999,180.105
2021-11-11,Nagarjuna Sagar,1560.114096,179.399
2021-11-12,Nagarjuna Sagar,1088.922544,172.336
2021-11-13,Nagarjuna Sagar,836.8747072,169.956
2021-11-14,Nagarjuna Sagar,801.5353408,167.577
2021-11-15,Nagarjuna Sagar,106.1313664,165.198
2021-11-16,Nagarjuna Sagar,152.769136,162.819
2021-11-17,Nagarjuna Sagar,241.25913599999998,160.44
2021-11-18,Nagarjuna Sagar,322.386768,158.061
2021-11-19,Nagarjuna Sagar,737.0579872,155.682
2021-11-20,Nagarjuna Sagar,80.0515936,153.303
2021-11-21,Nagarjuna Sagar,272.5775168,150.924
2021-11-22,Nagarjuna Sagar,123.2063968,148.545
2021-11-23,Nagarjuna Sagar,212.5459008,146.166
2021-11-24,Nagarjuna Sagar,131.3333184,143.786
2021-11-25,Nagarjuna Sagar,378.79383359999997,141.407
2021-11-26,Nagarjuna Sagar,179.0471264,139.028
2021-11-27,Nagarjuna Sagar,428.99952,136.649
2021-11-28,Nagarjuna Sagar,140.4230112,134.27
2021-11-29,Nagarjuna Sagar,143.2263744,131.891
2021-11-30,Nagarjuna Sagar,517.9709056,129.512
2021-12-01,Nagarjuna Sagar,17.1882976,127.133
2021-12-02,Nagarjuna Sagar,597.0314112,93.937
2021-12-03,Nagarjuna Sagar,363.8142464,73.101
2021-12-04,Nagarjuna Sagar,554.7544288,63.566
2021-12-05,Nagarjuna Sagar,350.9301024,49.087
2021-12-06,Nagarjuna Sagar,56.350432,42.378
2021-12-07,Nagarjuna Sagar,372.5358208,35.315
2021-12-08,Nagarjuna Sagar,327.7386432,179.045
2021-12-09,Nagarjuna Sagar,129.8042112,173.748
2021-12-10,Nagarjuna Sagar,140.1964768,179.399
2021-12-11,Nagarjuna Sagar,132.239456,178.339
2021-12-12,Nagarjuna Sagar,0.0,171.276
2021-12-13,Nagarjuna Sagar,0.0,170.305
2021-12-14,Nagarjuna Sagar,110.6903712,169.334
2021-12-15,Nagarjuna Sagar,256.0688224,168.363
2021-12-16,Nagarjuna Sagar,265.6965344,167.392
2021-12-17,Nagarjuna Sagar,0.0,166.42
2021-12-18,Nagarjuna Sagar,135.6941056,165.449
2021-12-19,Nagarjuna Sagar,60.8244864,164.478
2021-12-20,Nagarjuna Sagar,84.24248,163.507
2021-12-21,Nagarjuna Sagar,0.0,162.536
2021-12-22,Nagarjuna Sagar,215.349264,161.565
2021-12-23,Nagarjuna Sagar,157.582992,160.593
2021-12-24,Nagarjuna Sagar,535.1592032,159.622
2021-12-25,Nagarjuna Sagar,311.7113344,158.651
2021-12-26,Nagarjuna Sagar,0.0,157.68
2021-12-27,Nagarjuna Sagar,57.0017184,156.709
2021-12-28,Nagarjuna Sagar,343.4544672,155.738
2021-12-29,Nagarjuna Sagar,321.5938976,154.767
2021-12-30,Nagarjuna Sagar,212.6308512,153.795
2021-12-31,Nagarjuna Sagar,248.8480384,152.824
2022-01-01,Nagarjuna Sagar,518.2257568,151.853
2022-01-02,Nagarjuna Sagar,315.73232,148.322
2022-01-03,Nagarjuna Sagar,109.2745312,129.252
2022-01-04,Nagarjuna Sagar,390.06392,75.22
2022-01-05,Nagarjuna Sagar,366.4477088,54.031
2022-01-06,Nagarjuna Sagar,54.3116224,47.675
2022-01-07,Nagarjuna Sagar,510.6651712,40.259
2022-01-08,Nagarjuna Sagar,535.329104,93.231
2022-01-09,Nagarjuna Sagar,436.9848576,179.752
2022-01-10,Nagarjuna Sagar,409.9706304,179.399
2022-01-11,Nagarjuna Sagar,266.5460384,179.045
2022-01-12,Nagarjuna Sagar,366.4760256,171.629
2022-01-13,Nagarjuna Sagar,477.6760992,170.587
2022-01-14,Nagarjuna Sagar,515.932096,169.546
2022-01-15,Nagarjuna Sagar,237.8328032,168.504
2022-01-16,Nagarjuna Sagar,409.1494432,167.462
2022-01-17,Nagarjuna Sagar,370.7235456,166.42
2022-01-18,Nagarjuna Sagar,588.9611232,165.379
2022-01-19,Nagarjuna Sagar,656.100256,164.337
2022-01-20,Nagarjuna Sagar,722.8429536,163.295
2022-01-21,Nagarjuna Sagar,978.3737568,162.253
2022-01-22,Nagarjuna Sagar,707.353664,161.211
2022-01-23,Nagarjuna Sagar,387.4021408,160.17
2022-01-24,Nagarjuna Sagar,409.744096,159.128
2022-01-25,Nagarjuna Sagar,563.1928352,158.086
2022-01-26,Nagarjuna Sagar,880.227728,157.044
2022-01-27,Nagarjuna Sagar,515.4507104,156.003
2022-01-28,Nagarjuna Sagar,496.0820192,154.961
2022-01-29,Nagarjuna Sagar,482.4899552,153.919
2022-01-30,Nagarjuna Sagar,896.7364224,152.877
2022-01-31,Nagarjuna Sagar,595.077552,151.835
2022-02-01,Nagarjuna Sagar,1031.4111232,150.794
2022-02-02,Nagarjuna Sagar,1165.377904,150.087
2022-02-03,Nagarjuna Sagar,1181.7166976,127.839
2022-02-04,Nagarjuna Sagar,995.2222528,74.514
2022-02-05,Nagarjuna Sagar,979.2798944,54.031
2022-02-06,Nagarjuna Sagar,818.2705696,47.675
2022-02-07,Nagarjuna Sagar,353.676832,39.552
2022-02-08,Nagarjuna Sagar,519.1035776,95.703
2022-02-09,Nagarjuna Sagar,278.637312,177.986
2022-02-10,Nagarjuna Sagar,149.1162688,180.458
2022-02-11,Nagarjuna Sagar,194.4231488,179.399
2022-02-12,Nagarjuna Sagar,241.5989376,172.336
2022-02-13,Nagarjuna Sagar,207.3639264,170.985
2022-02-14,Nagarjuna Sagar,130.14401279999998,169.635
2022-02-15,Nagarjuna Sagar,296.335312,168.285
2022-02-16,Nagarjuna Sagar,207.3356096,166.935
2022-02-17,Nagarjuna Sagar,296.5618464,165.584
2022-02-18,Nagarjuna Sagar,187.881968,164.234
2022-02-19,Nagarjuna Sagar,532.0160384,162.884
2022-02-20,Nagarjuna Sagar,83.5628768,161.533
2022-02-21,Nagarjuna Sagar,160.7544736,160.183
2022-02-22,Nagarjuna Sagar,259.2119872,158.833
2022-02-23,Nagarjuna Sagar,217.5296576,157.483
2022-02-24,Nagarjuna Sagar,209.6009536,156.132
2022-02-25,Nagarjuna Sagar,248.5082368,154.782
2022-02-26,Nagarjuna Sagar,176.38534719999998,153.432
2022-02-27,Nagarjuna Sagar,163.812688,152.082
2022-02-28,Nagarjuna Sagar,115.3626432,150.731
2022-03-01,Nagarjuna Sagar,119.6951136,149.381
2022-03-02,Nagarjuna Sagar,234.4064704,151.853
2022-03-03,Nagarjuna Sagar,142.7733056,126.073
2022-03-04,Nagarjuna Sagar,246.2995264,73.455
2022-03-05,Nagarjuna Sagar,187.1174144,54.031
2022-03-06,Nagarjuna Sagar,212.91401919999998,47.675
2022-03-07,Nagarjuna Sagar,129.690944,39.199
2022-03-08,Nagarjuna Sagar,192.01622079999999,99.941
2022-03-09,Nagarjuna Sagar,191.4498848,177.28
2022-03-10,Nagarjuna Sagar,230.3854848,179.399
2022-03-11,Nagarjuna Sagar,199.52017279999998,179.752
2022-03-12,Nagarjuna Sagar,202.7199712,172.336
2022-03-13,Nagarjuna Sagar,202.889872,171.153
2022-03-14,Nagarjuna Sagar,140.9043968,169.969
2022-03-15,Nagarjuna Sagar,109.1895808,168.786
2022-03-16,Nagarjuna Sagar,170.0707008,167.603
2022-03-17,Nagarjuna Sagar,38.4542144,166.42
2022-03-18,Nagarjuna Sagar,101.99711359999999,165.237
2022-03-19,Nagarjuna Sagar,217.1332224,164.054
2022-03-20,Nagarjuna Sagar,115.4759104,162.871
2022-03-21,Nagarjuna Sagar,31.9130336,161.688
2022-03-22,Nagarjuna Sagar,226.7043008,160.505
2022-03-23,Nagarjuna Sagar,80.5896128,159.322
2022-03-24,Nagarjuna Sagar,161.8588288,158.139
2022-03-25,Nagarjuna Sagar,194.961168,156.956
2022-03-26,Nagarjuna Sagar,54.085088,155.773
2022-03-27,Nagarjuna Sagar,136.6851936,154.59
2022-03-28,Nagarjuna Sagar,216.0005504,153.407
2022-03-29,Nagarjuna Sagar,167.06912,152.224
2022-03-30,Nagarjuna Sagar,95.65415039999999,151.041
2022-03-31,Nagarjuna Sagar,242.9298272,149.858
2022-04-01,Nagarjuna Sagar,134.2782656,148.675
2022-04-02,Nagarjuna Sagar,127.34064959999999,153.619
2022-04-03,Nagarjuna Sagar,185.3617728,124.308
2022-04-04,Nagarjuna Sagar,52.9240992,72.395
2022-04-05,Nagarjuna Sagar,159.282,53.678
2022-04-06,Nagarjuna Sagar,100.3264224,47.675
2022-04-07,Nagarjuna Sagar,114.65472319999999,38.493
2022-04-08,Nagarjuna Sagar,122.13035839999999,104.531
2022-04-09,Nagarjuna Sagar,89.1696032,177.633
2022-04-10,Nagarjuna Sagar,169.64594879999999,179.399
2022-04-11,Nagarjuna Sagar,153.3071552,180.105
2022-04-12,Nagarjuna Sagar,147.0208256,171.276
2022-04-13,Nagarjuna Sagar,175.4508928,170.068
2022-04-14,Nagarjuna Sagar,46.1280672,168.86
2022-04-15,Nagarjuna Sagar,136.6568768,167.652
2022-04-16,Nagarjuna Sagar,162.396848,166.444
2022-04-17,Nagarjuna Sagar,61.1926048,165.235
2022-04-18,Nagarjuna Sagar,154.2132928,164.027
2022-04-19,Nagarjuna Sagar,211.1583776,162.819
2022-04-20,Nagarjuna Sagar,56.067264,161.611
2022-04-21,Nagarjuna Sagar,67.7337856,160.403
2022-04-22,Nagarjuna Sagar,149.2861696,159.195
2022-04-23,Nagarjuna Sagar,80.1648608,157.987
2022-04-24,Nagarjuna Sagar,126.6893632,156.779
2022-04-25,Nagarjuna Sagar,86.0547552,155.57
2022-04-26,Nagarjuna Sagar,6.9092991999999995,154.362
2022-04-27,Nagarjuna Sagar,70.6220992,153.154
2022-04-28,Nagarjuna Sagar,73.9917984,151.946
2022-04-29,Nagarjuna Sagar,93.41712319999999,150.738
2022-04-30,Nagarjuna Sagar,0.0,149.53
2022-05-01,Nagarjuna Sagar,72.0096224,148.322
2022-05-02,Nagarjuna Sagar,107.20740479999999,154.678
2022-05-03,Nagarjuna Sagar,58.4175584,122.542
2022-05-04,Nagarjuna Sagar,0.0,70.982
2022-05-05,Nagarjuna Sagar,76.3704096,53.678
2022-05-06,Nagarjuna Sagar,51.1401408,47.322
2022-05-07,Nagarjuna Sagar,64.562304,37.434
2022-05-08,Nagarjuna Sagar,129.832528,109.829
2022-05-09,Nagarjuna Sagar,98.7406816,178.339
2022-05-10,Nagarjuna Sagar,83.0531744,180.458
2022-05-11,Nagarjuna Sagar,13.4221632,180.105
2022-05-12,Nagarjuna Sagar,0.0,169.864
2022-05-13,Nagarjuna Sagar,0.0,168.751
2022-05-14,Nagarjuna Sagar,88.2917824,167.639
2022-05-15,Nagarjuna Sagar,69.234576,166.526
2022-05-16,Nagarjuna Sagar,0.0,165.414
2022-05-17,Nagarjuna Sagar,199.3785888,164.301
2022-05-18,Nagarjuna Sagar,74.5298176,163.189
2022-05-19,Nagarjuna Sagar,173.3554496,162.077
2022-05-20,Nagarjuna Sagar,125.6699584,160.964
2022-05-21,Nagarjuna Sagar,8.8348416,159.852
2022-05-22,Nagarjuna Sagar,70.08408,158.739
2022-05-23,Nagarjuna Sagar,0.0,157.627
2022-05-24,Nagarjuna Sagar,80.6462464,156.515
2022-05-25,Nagarjuna Sagar,0.0,155.402
2022-05-26,Nagarjuna Sagar,136.9400448,154.29
2022-05-27,Nagarjuna Sagar,34.5748128,153.177
2022-05-28,Nagarjuna Sagar,175.5075264,152.065
2022-05-29,Nagarjuna Sagar,82.9399072,150.953
2022-05-30,Nagarjuna Sagar,133.2871776,149.84
2022-05-31,Nagarjuna Sagar,82.0337696,148.728
2022-06-01,Nagarjuna Sagar,50.6304384,147.615
2022-06-02,Nagarjuna Sagar,134.5048,156.444
2022-06-03,Nagarjuna Sagar,120.771152,120.776
2022-06-04,Nagarjuna Sagar,234.1233024,69.57
2022-06-05,Nagarjuna Sagar,92.5109856,53.678
2022-06-06,Nagarjuna Sagar,143.4812256,47.322
2022-06-07,Nagarjuna Sagar,71.5565536,36.727
2022-06-08,Nagarjuna Sagar,68.3001216,120.776
2022-06-09,Nagarjuna Sagar,93.8135584,177.633
2022-06-10,Nagarjuna Sagar,75.3793216,179.045
2022-06-11,Nagarjuna Sagar,99.5052352,180.105
2022-06-12,Nagarjuna Sagar,64.7322048,168.804
2022-06-13,Nagarjuna Sagar,188.4199872,167.67
2022-06-14,Nagarjuna Sagar,62.8916128,166.537
2022-06-15,Nagarjuna Sagar,161.688928,165.403
2022-06-16,Nagarjuna Sagar,146.9358752,164.269
2022-06-17,Nagarjuna Sagar,174.7996064,163.135
2022-06-18,Nagarjuna Sagar,112.8990816,162.001
2022-06-19,Nagarjuna Sagar,0.0,160.868
2022-06-20,Nagarjuna Sagar,0.0,159.734
2022-06-21,Nagarjuna Sagar,63.6278496,158.6
2022-06-22,Nagarjuna Sagar,135.2693536,157.466
2022-06-23,Nagarjuna Sagar,251.3682336,156.332
2022-06-24,Nagarjuna Sagar,0.0,155.199
2022-06-25,Nagarjuna Sagar,213.1405536,154.065
2022-06-26,Nagarjuna Sagar,208.6098656,152.931
2022-06-27,Nagarjuna Sagar,191.5348352,151.797
2022-06-28,Nagarjuna Sagar,154.2132928,150.664
2022-06-29,Nagarjuna Sagar,211.4698624,149.53
2022-06-30,Nagarjuna Sagar,72.15120639999999,148.396
2022-07-01,Nagarjuna Sagar,117.3448192,147.262
2022-07-02,Nagarjuna Sagar,82.2886208,156.444
2022-07-03,Nagarjuna Sagar,116.6935328,119.01
2022-07-04,Nagarjuna Sagar,95.6824672,68.51
2022-07-05,Nagarjuna Sagar,77.1349632,53.678
2022-07-06,Nagarjuna Sagar,123.99926719999999,47.322
2022-07-07,Nagarjuna Sagar,0.0,35.668
2022-07-08,Nagarjuna Sagar,0.0,127.133
2022-07-09,Nagarjuna Sagar,0.0,178.339
2022-07-10,Nagarjuna Sagar,0.0,180.458
2022-07-11,Nagarjuna Sagar,5.5784096,180.458
2022-07-12,Nagarjuna Sagar,13.025727999999999,168.451
2022-07-13,Nagarjuna Sagar,36.1605536,167.321
2022-07-14,Nagarjuna Sagar,31.091846399999998,166.191
2022-07-15,Nagarjuna Sagar,106.754336,165.061
2022-07-16,Nagarjuna Sagar,608.5563488,163.931
2022-07-17,Nagarjuna Sagar,477.0814464,162.801
2022-07-18,Nagarjuna Sagar,584.883504,161.671
2022-07-19,Nagarjuna Sagar,747.6767872,160.54
2022-07-20,Nagarjuna Sagar,831.522832,159.41
2022-07-21,Nagarjuna Sagar,918.3987744,158.28
2022-07-22,Nagarjuna Sagar,0.0,157.15
2022-07-23,Nagarjuna Sagar,1462.3928192,156.02
2022-07-24,Nagarjuna Sagar,2166.093616,154.89
2022-07-25,Nagarjuna Sagar,2404.4078048,153.76
2022-07-26,Nagarjuna Sagar,1633.0015392,152.63
2022-07-27,Nagarjuna Sagar,1791.0375999999999,151.5
2022-07-28,Nagarjuna Sagar,1694.9020639999999,150.37
2022-07-29,Nagarjuna Sagar,1611.3108703999999,149.24
2022-07-30,Nagarjuna Sagar,1267.7148192,148.11
2022-07-31,Nagarjuna Sagar,908.827696,146.98
2022-08-01,Nagarjuna Sagar,1112.7652896,145.85
2022-08-02,Nagarjuna Sagar,1253.2166176,156.444
2022-08-03,Nagarjuna Sagar,1753.2629888,116.892
2022-08-04,Nagarjuna Sagar,1800.3538272,67.098
2022-08-05,Nagarjuna Sagar,1998.9395456,53.325
2022-08-06,Nagarjuna Sagar,3874.1913088,46.969
2022-08-07,Nagarjuna Sagar,2779.29392,34.608
2022-08-08,Nagarjuna Sagar,2955.0846143999997,135.255
2022-08-09,Nagarjuna Sagar,2424.8242176,178.339
2022-08-10,Nagarjuna Sagar,4963.1421696,180.458
2022-08-11,Nagarjuna Sagar,8298.2948736,180.105
2022-08-12,Nagarjuna Sagar,8824.4776512,167.392
2022-08-13,Nagarjuna Sagar,10786.6336736,166.297
2022-08-14,Nagarjuna Sagar,10376.7479936,165.202
2022-08-15,Nagarjuna Sagar,8802.786982399999,164.107
2022-08-16,Nagarjuna Sagar,10627.7481088,163.013
2022-08-17,Nagarjuna Sagar,10852.4702336,161.918
2022-08-18,Nagarjuna Sagar,8066.6917664,160.823
2022-08-19,Nagarjuna Sagar,5996.5637856,159.728
2022-08-20,Nagarjuna Sagar,7152.6537792,158.633
2022-08-21,Nagarjuna Sagar,5799.4505407999995,157.539
2022-08-22,Nagarjuna Sagar,4620.169088,156.444
2022-08-23,Nagarjuna Sagar,3306.552736,155.349
2022-08-24,Nagarjuna Sagar,1898.358272,154.254
2022-08-25,Nagarjuna Sagar,3249.4660672,153.16
2022-08-26,Nagarjuna Sagar,2224.7660256,152.065
2022-08-27,Nagarjuna Sagar,1941.0316896,150.97
2022-08-28,Nagarjuna Sagar,3711.6528768,149.875
2022-08-29,Nagarjuna Sagar,6242.8066784,148.781
2022-08-30,Nagarjuna Sagar,9657.6711744,147.686
2022-08-31,Nagarjuna Sagar,2706.8312288,146.591
2022-09-01,Nagarjuna Sagar,3297.5196768,145.496
2022-09-02,Nagarjuna Sagar,5076.3244192,155.385
2022-09-03,Nagarjuna Sagar,4653.8094464,114.773
2022-09-04,Nagarjuna Sagar,3241.9621152,66.392
2022-09-05,Nagarjuna Sagar,4569.5103328,53.325
2022-09-06,Nagarjuna Sagar,4484.4466655999995,46.969
2022-09-07,Nagarjuna Sagar,3883.8473376,33.902
2022-09-08,Nagarjuna Sagar,5051.1507839999995,139.493
2022-09-09,Nagarjuna Sagar,10413.786368,175.514
2022-09-10,Nagarjuna Sagar,11049.8383296,179.752
2022-09-11,Nagarjuna Sagar,10636.214832,177.986
2022-09-12,Nagarjuna Sagar,5714.3019232,165.979
2022-09-13,Nagarjuna Sagar,7095.1706752,164.901
2022-09-14,Nagarjuna Sagar,7750.30816,163.823
2022-09-15,Nagarjuna Sagar,7867.3414944,162.745
2022-09-16,Nagarjuna Sagar,8941.7658368,161.667
2022-09-17,Nagarjuna Sagar,8988.8000416,160.589
2022-09-18,Nagarjuna Sagar,8237.8385056,159.511
2022-09-19,Nagarjuna Sagar,4502.3995168,158.433
2022-09-20,Nagarjuna Sagar,5352.299952,157.355
2022-09-21,Nagarjuna Sagar,6895.0558496,156.277
2022-09-22,Nagarjuna Sagar,6406.1662976,155.199
2022-09-23,Nagarjuna Sagar,3795.0741696,154.121
2022-09-24,Nagarjuna Sagar,1722.6808448,153.043
2022-09-25,Nagarjuna Sagar,2158.2215456,151.965
2022-09-26,Nagarjuna Sagar,1931.2907104,150.887
2022-09-27,Nagarjuna Sagar,2078.5663872,149.809
2022-09-28,Nagarjuna Sagar,1910.959248,148.731
2022-09-29,Nagarjuna Sagar,1634.1342112,147.652
2022-09-30,Nagarjuna Sagar,1641.4399455999999,146.574
2022-10-01,Nagarjuna Sagar,1435.9732448,145.496
2022-10-02,Nagarjuna Sagar,2668.8867168,153.972
2022-10-03,Nagarjuna Sagar,2207.3511936,112.654
2022-10-04,Nagarjuna Sagar,2689.2181792,64.979
2022-10-05,Nagarjuna Sagar,5489.2966304,53.325
2022-10-06,Nagarjuna Sagar,2762.870176,46.615
2022-10-07,Nagarjuna Sagar,2083.2103424,33.549
2022-10-08,Nagarjuna Sagar,4750.992704,152.913
2022-10-09,Nagarjuna Sagar,4626.4554176,175.161
2022-10-10,Nagarjuna Sagar,3976.8397088,179.752
2022-10-11,Nagarjuna Sagar,3917.6575967999997,175.514
2022-10-12,Nagarjuna Sagar,3560.8942336,165.979
2022-10-13,Nagarjuna Sagar,3880.4776384,164.902
2022-10-14,Nagarjuna Sagar,6903.352672,163.825
2022-10-15,Nagarjuna Sagar,10848.4775648,162.748
2022-10-16,Nagarjuna Sagar,11215.8314112,161.671
2022-10-17,Nagarjuna Sagar,9143.0133344,160.593
2022-10-18,Nagarjuna Sagar,5789.1149088,159.516
2022-10-19,Nagarjuna Sagar,8502.1475168,158.439
2022-10-20,Nagarjuna Sagar,6143.612928,157.362
2022-10-21,Nagarjuna Sagar,3391.9562048,156.285
2022-10-22,Nagarjuna Sagar,6195.8291072,155.208
2022-10-23,Nagarjuna Sagar,8075.8664096,154.131
2022-10-24,Nagarjuna Sagar,6453.2005024,153.054
2022-10-25,Nagarjuna Sagar,7185.9826528,151.977
2022-10-26,Nagarjuna Sagar,7066.9105088,150.9
2022-10-27,Nagarjuna Sagar,1921.3515135999999,149.822
2022-10-28,Nagarjuna Sagar,2392.2598976,148.745
2022-10-29,Nagarjuna Sagar,2193.419328,147.668
2022-10-30,Nagarjuna Sagar,2002.2242944,146.591
2022-10-31,Nagarjuna Sagar,1428.2710752,145.514
2022-11-01,Nagarjuna Sagar,1621.0801664,144.437
2022-11-02,Nagarjuna Sagar,1614.4257184,152.559
2022-11-03,Nagarjuna Sagar,1614.0292832,110.535
2022-11-04,Nagarjuna Sagar,1559.406176,64.273
2022-11-05,Nagarjuna Sagar,1835.5232928,52.972
2022-11-06,Nagarjuna Sagar,1553.1198464,46.262
2022-11-07,Nagarjuna Sagar,1482.5826976,33.549
2022-11-08,Nagarjuna Sagar,1703.7652224,174.101
2022-11-09,Nagarjuna Sagar,835.6004512,174.454
2022-11-10,Nagarjuna Sagar,673.6849888,179.399
2022-11-11,Nagarjuna Sagar,662.754704,174.101
2022-11-12,Nagarjuna Sagar,804.8200896,165.626
2022-11-13,Nagarjuna Sagar,712.5356384,164.492
2022-11-14,Nagarjuna Sagar,803.2626656,163.358
2022-11-15,Nagarjuna Sagar,803.2626656,162.224
2022-11-16,Nagarjuna Sagar,808.1331552,161.091
2022-11-17,Nagarjuna Sagar,743.9106528,159.957
2022-11-18,Nagarjuna Sagar,682.1800288,158.823
2022-11-19,Nagarjuna Sagar,750.2819327999999,157.689
2022-11-20,Nagarjuna Sagar,637.9491872,156.555
2022-11-21,Nagarjuna Sagar,481.6121344,155.422
2022-11-22,Nagarjuna Sagar,671.7311296,154.288
2022-11-23,Nagarjuna Sagar,641.1489856,153.154
2022-11-24,Nagarjuna Sagar,613.2286208,152.02
2022-11-25,Nagarjuna Sagar,474.98600319999997,150.887
2022-11-26,Nagarjuna Sagar,560.3328384,149.753
2022-11-27,Nagarjuna Sagar,460.7709696,148.619
2022-11-28,Nagarjuna Sagar,236.04884479999998,147.485
2022-11-29,Nagarjuna Sagar,554.7827456,146.351
2022-11-30,Nagarjuna Sagar,540.6809792,145.218
2022-12-01,Nagarjuna Sagar,211.3282784,144.084
2022-12-02,Nagarjuna Sagar,766.3375584,151.147
2022-12-03,Nagarjuna Sagar,840.5275743999999,109.122
2022-12-04,Nagarjuna Sagar,184.1441504,63.213
2022-12-05,Nagarjuna Sagar,0.0,52.619
2022-12-06,Nagarjuna Sagar,157.1865568,46.262
2022-12-07,Nagarjuna Sagar,878.0190176,33.549
2022-12-08,Nagarjuna Sagar,275.9755328,174.101
2022-12-09,Nagarjuna Sagar,83.33634239999999,175.514
2022-12-10,Nagarjuna Sagar,394.8494592,179.399
2022-12-11,Nagarjuna Sagar,320.5744928,174.101
2022-12-12,Nagarjuna Sagar,18.9156224,164.213
2022-12-13,Nagarjuna Sagar,204.9569984,163.613
2022-12-14,Nagarjuna Sagar,213.7635232,163.013
2022-12-15,Nagarjuna Sagar,222.5417312,162.412
2022-12-16,Nagarjuna Sagar,432.1710016,161.812
2022-12-17,Nagarjuna Sagar,412.0943904,161.211
2022-12-18,Nagarjuna Sagar,689.8821984,160.611
2022-12-19,Nagarjuna Sagar,201.3607648,160.011
2022-12-20,Nagarjuna Sagar,346.4843648,159.41
2022-12-21,Nagarjuna Sagar,95.5975168,158.81
2022-12-22,Nagarjuna Sagar,280.36463679999997,158.21
2022-12-23,Nagarjuna Sagar,407.1389504,157.609
2022-12-24,Nagarjuna Sagar,311.6547008,157.009
2022-12-25,Nagarjuna Sagar,581.5987552,156.409
2022-12-26,Nagarjuna Sagar,496.3651872,155.808
2022-12-27,Nagarjuna Sagar,331.731312,155.208
2022-12-28,Nagarjuna Sagar,295.6840256,154.608
2022-12-29,Nagarjuna Sagar,462.0735424,154.007
2022-12-30,Nagarjuna Sagar,596.4650752,153.407
2022-12-31,Nagarjuna Sagar,407.7902368,152.807
2023-01-01,Nagarjuna Sagar,270.283856,152.206
2023-01-02,Nagarjuna Sagar,191.5065184,117.245
2023-01-03,Nagarjuna Sagar,40.6062912,74.161
2023-01-04,Nagarjuna Sagar,436.8999072,34.962
2023-01-05,Nagarjuna Sagar,660.3194592,21.542
2023-01-06,Nagarjuna Sagar,313.26875839999997,18.717
2023-01-07,Nagarjuna Sagar,588.9328064,16.951
2023-01-08,Nagarjuna Sagar,547.0239424,8.476
2023-01-09,Nagarjuna Sagar,234.6613216,23.308
2023-01-10,Nagarjuna Sagar,266.7159392,26.839
2023-01-11,Nagarjuna Sagar,332.2410144,26.839
2023-01-12,Nagarjuna Sagar,396.4352,25.073
2023-01-13,Nagarjuna Sagar,432.680704,31.377
2023-01-14,Nagarjuna Sagar,396.3785664,37.681
2023-01-15,Nagarjuna Sagar,165.6815968,43.984
2023-01-16,Nagarjuna Sagar,199.7467072,50.288
2023-01-17,Nagarjuna Sagar,144.1608288,56.592
2023-01-18,Nagarjuna Sagar,191.1667168,62.895
2023-01-19,Nagarjuna Sagar,183.09642879999998,69.199
2023-01-20,Nagarjuna Sagar,416.0304256,75.503
2023-01-21,Nagarjuna Sagar,364.2106816,81.806
2023-01-22,Nagarjuna Sagar,538.0758336,88.11
2023-01-23,Nagarjuna Sagar,215.0944128,94.414
2023-01-24,Nagarjuna Sagar,280.5345376,100.717
2023-01-25,Nagarjuna Sagar,318.5356832,107.021
2023-01-26,Nagarjuna Sagar,302.1119392,113.325
2023-01-27,Nagarjuna Sagar,286.1129472,119.628
2023-01-28,Nagarjuna Sagar,228.3183584,125.932
2023-01-29,Nagarjuna Sagar,376.6417568,132.236
2023-01-30,Nagarjuna Sagar,326.5776544,138.539
2023-01-31,Nagarjuna Sagar,500.782608,144.843
2023-02-01,Nagarjuna Sagar,367.9201824,151.147
2023-02-02,Nagarjuna Sagar,198.359184,115.479
2023-02-03,Nagarjuna Sagar,185.2768224,72.042
2023-02-04,Nagarjuna Sagar,318.6489504,34.608
2023-02-05,Nagarjuna Sagar,215.6607488,21.542
2023-02-06,Nagarjuna Sagar,148.0685472,18.717
2023-02-07,Nagarjuna Sagar,328.2766624,16.951
2023-02-08,Nagarjuna Sagar,213.1122368,8.476
2023-02-09,Nagarjuna Sagar,267.310592,24.014
2023-02-10,Nagarjuna Sagar,195.0744352,26.839
2023-02-11,Nagarjuna Sagar,209.7142208,26.839
2023-02-12,Nagarjuna Sagar,307.8319328,24.014
2023-02-13,Nagarjuna Sagar,291.7196736,31.389
2023-02-14,Nagarjuna Sagar,248.904672,38.763
2023-02-15,Nagarjuna Sagar,371.8279008,46.138
2023-02-16,Nagarjuna Sagar,368.9962208,53.512
2023-02-17,Nagarjuna Sagar,309.1628224,60.887
2023-02-18,Nagarjuna Sagar,424.2422976,68.261
2023-02-19,Nagarjuna Sagar,325.3033984,75.636
2023-02-20,Nagarjuna Sagar,32.5926368,83.01
2023-02-21,Nagarjuna Sagar,489.7673728,90.385
2023-02-22,Nagarjuna Sagar,492.17430079999997,97.759
2023-02-23,Nagarjuna Sagar,333.713488,105.134
2023-02-24,Nagarjuna Sagar,409.4892448,112.508
2023-02-25,Nagarjuna Sagar,423.1662592,119.883
2023-02-26,Nagarjuna Sagar,429.2260544,127.257
2023-02-27,Nagarjuna Sagar,249.1028896,134.632
2023-02-28,Nagarjuna Sagar,274.1349408,142.007
2023-03-01,Nagarjuna Sagar,269.6042528,149.381
2023-03-02,Nagarjuna Sagar,231.6880576,114.066
2023-03-03,Nagarjuna Sagar,301.8854048,69.923
2023-03-04,Nagarjuna Sagar,5.65061744,34.255
2023-03-05,Nagarjuna Sagar,275.18266239999997,21.542
2023-03-06,Nagarjuna Sagar,124.7921376,18.717
2023-03-07,Nagarjuna Sagar,407.7902368,16.951
2023-03-08,Nagarjuna Sagar,154.7796288,8.476
2023-03-09,Nagarjuna Sagar,96.6735552,24.014
2023-03-10,Nagarjuna Sagar,125.2452064,27.192
2023-03-11,Nagarjuna Sagar,214.8678784,26.839
2023-03-12,Nagarjuna Sagar,40.0,23.308
2023-03-13,Nagarjuna Sagar,121.8188736,29.558
2023-03-14,Nagarjuna Sagar,129.9174784,35.809
2023-03-15,Nagarjuna Sagar,48.68,42.06
2023-03-16,Nagarjuna Sagar,322.5566688,48.31
2023-03-17,Nagarjuna Sagar,210.1389728,54.561
2023-03-18,Nagarjuna Sagar,5.093909151999999,60.812
2023-03-19,Nagarjuna Sagar,156.7901216,67.063
2023-03-20,Nagarjuna Sagar,194.961168,73.313
2023-03-21,Nagarjuna Sagar,164.4922912,79.564
2023-03-22,Nagarjuna Sagar,100.0715712,85.815
2023-03-23,Nagarjuna Sagar,119.0438272,92.065
2023-03-24,Nagarjuna Sagar,186.2112768,98.316
2023-03-25,Nagarjuna Sagar,273.1438528,104.567
2023-03-26,Nagarjuna Sagar,265.611584,110.817
2023-03-27,Nagarjuna Sagar,167.1257536,117.068
2023-03-28,Nagarjuna Sagar,268.8963328,123.319
2023-03-29,Nagarjuna Sagar,291.9745248,129.57
2023-03-30,Nagarjuna Sagar,267.6787104,135.82
2023-03-31,Nagarjuna Sagar,213.9617408,142.071
2023-04-01,Nagarjuna Sagar,213.367088,148.322
2023-04-02,Nagarjuna Sagar,114.9945248,112.654
2023-04-03,Nagarjuna Sagar,145.8598368,67.804
2023-04-04,Nagarjuna Sagar,85.7715872,33.902
2023-04-05,Nagarjuna Sagar,182.2752416,0.0
2023-04-06,Nagarjuna Sagar,179.7833632,18.717
2023-04-07,Nagarjuna Sagar,182.0487072,16.598
2023-04-08,Nagarjuna Sagar,215.85896639999999,8.476
2023-04-09,Nagarjuna Sagar,187.8253344,25.073
2023-04-10,Nagarjuna Sagar,137.0816288,27.192
2023-04-11,Nagarjuna Sagar,0.0,26.486
2023-04-12,Nagarjuna Sagar,47.260739199999996,22.248
2023-04-13,Nagarjuna Sagar,162.0853632,28.828
2023-04-14,Nagarjuna Sagar,116.89175039999999,35.408
2023-04-15,Nagarjuna Sagar,90.6987104,41.987
2023-04-16,Nagarjuna Sagar,206.17462079999999,48.567
2023-04-17,Nagarjuna Sagar,190.288896,55.147
2023-04-18,Nagarjuna Sagar,164.8887264,61.726
2023-04-19,Nagarjuna Sagar,0.0,68.306
2023-04-20,Nagarjuna Sagar,0.0,74.886
2023-04-21,Nagarjuna Sagar,100.241472,81.465
2023-04-22,Nagarjuna Sagar,87.0458432,88.045
2023-04-23,Nagarjuna Sagar,107.462256,94.625
2023-04-24,Nagarjuna Sagar,105.48008,101.204
2023-04-25,Nagarjuna Sagar,105.48008,107.784
2023-04-26,Nagarjuna Sagar,0.0,114.364
2023-04-27,Nagarjuna Sagar,0.0,120.943
2023-04-28,Nagarjuna Sagar,5.1253408,127.523
2023-04-29,Nagarjuna Sagar,46.0997504,134.103
2023-04-30,Nagarjuna Sagar,37.5763936,140.682
2023-05-01,Nagarjuna Sagar,80.36307839999999,147.262
2023-05-02,Nagarjuna Sagar,50.2906368,110.888
2023-05-03,Nagarjuna Sagar,91.3499968,66.392
2023-05-04,Nagarjuna Sagar,90.6420768,33.902
2023-05-05,Nagarjuna Sagar,157.9511104,21.189
2023-05-06,Nagarjuna Sagar,146.7942912,18.717
2023-05-07,Nagarjuna Sagar,87.78208,16.598
2023-05-08,Nagarjuna Sagar,91.3783136,8.476
2023-05-09,Nagarjuna Sagar,182.218608,25.073
2023-05-10,Nagarjuna Sagar,157.016656,27.192
2023-05-11,Nagarjuna Sagar,113.8901696,26.486
2023-05-12,Nagarjuna Sagar,107.4905728,22.248
2023-05-13,Nagarjuna Sagar,148.01191359999999,28.481
2023-05-14,Nagarjuna Sagar,125.6133248,34.714
2023-05-15,Nagarjuna Sagar,87.8387136,40.947
2023-05-16,Nagarjuna Sagar,74.2183328,47.18
2023-05-17,Nagarjuna Sagar,83.7327776,53.413
2023-05-18,Nagarjuna Sagar,40.3231232,59.646
2023-05-19,Nagarjuna Sagar,84.8937664,65.88
2023-05-20,Nagarjuna Sagar,0.0,72.113
2023-05-21,Nagarjuna Sagar,104.3190912,78.346
2023-05-22,Nagarjuna Sagar,55.6141952,84.579
2023-05-23,Nagarjuna Sagar,89.1129696,90.812
2023-05-24,Nagarjuna Sagar,11.185136,97.045
2023-05-25,Nagarjuna Sagar,15.9423584,103.278
2023-05-26,Nagarjuna Sagar,0.0,109.511
2023-05-27,Nagarjuna Sagar,205.6932352,115.744
2023-05-28,Nagarjuna Sagar,128.13352,121.977
2023-05-29,Nagarjuna Sagar,163.7843712,128.21
2023-05-30,Nagarjuna Sagar,135.071136,134.443
2023-05-31,Nagarjuna Sagar,152.8257696,140.676
2023-06-01,Nagarjuna Sagar,97.0416736,146.909
2023-06-02,Nagarjuna Sagar,169.0796128,109.122
2023-06-03,Nagarjuna Sagar,155.317648,64.626
2023-06-04,Nagarjuna Sagar,4.252900192,33.549
2023-06-05,Nagarjuna Sagar,168.2867424,21.189
2023-06-06,Nagarjuna Sagar,141.1309312,18.717
2023-06-07,Nagarjuna Sagar,142.29192,16.598
2023-06-08,Nagarjuna Sagar,172.5625792,8.476
2023-06-09,Nagarjuna Sagar,164.7754592,25.073
2023-06-10,Nagarjuna Sagar,128.1052032,27.192
2023-06-11,Nagarjuna Sagar,89.7925728,26.486
2023-06-12,Nagarjuna Sagar,168.5699104,22.248
2023-06-13,Nagarjuna Sagar,89.481088,28.791
2023-06-14,Nagarjuna Sagar,120.5163008,35.333
2023-06-15,Nagarjuna Sagar,108.6232448,41.876
2023-06-16,Nagarjuna Sagar,162.1419968,48.418
2023-06-17,Nagarjuna Sagar,176.9516832,54.961
2023-06-18,Nagarjuna Sagar,95.3709824,61.503
2023-06-19,Nagarjuna Sagar,138.469152,68.046
2023-06-20,Nagarjuna Sagar,147.672112,74.588
2023-06-21,Nagarjuna Sagar,86.4228736,81.131
2023-06-22,Nagarjuna Sagar,141.4990496,87.673
2023-06-23,Nagarjuna Sagar,144.698848,94.216
2023-06-24,Nagarjuna Sagar,33.7253088,100.758
2023-06-25,Nagarjuna Sagar,27.8070976,107.301
2023-06-26,Nagarjuna Sagar,0.0,113.843
2023-06-27,Nagarjuna Sagar,30.6387776,120.386
2023-06-28,Nagarjuna Sagar,45.6183648,126.928
2023-06-29,Nagarjuna Sagar,30.1290752,133.471
2023-06-30,Nagarjuna Sagar,0.0,140.013
2023-07-01,Nagarjuna Sagar,113.15393279999999,146.556
2023-07-02,Nagarjuna Sagar,133.9667808,107.71
2023-07-03,Nagarjuna Sagar,149.0030016,63.566
2023-07-04,Nagarjuna Sagar,97.6080096,33.549
2023-07-05,Nagarjuna Sagar,161.3208096,21.189
2023-07-06,Nagarjuna Sagar,94.6913792,18.717
2023-07-07,Nagarjuna Sagar,55.1044928,16.598
2023-07-08,Nagarjuna Sagar,10.194048,8.829
2023-07-09,Nagarjuna Sagar,60.0882496,25.427
2023-07-10,Nagarjuna Sagar,61.7589408,27.545
2023-07-11,Nagarjuna Sagar,84.0159456,26.486
2023-07-12,Nagarjuna Sagar,118.505808,0.0
2023-07-13,Nagarjuna Sagar,132.239456,7.292
2023-07-14,Nagarjuna Sagar,161.3208096,14.585
2023-07-15,Nagarjuna Sagar,183.6627648,21.877
2023-07-16,Nagarjuna Sagar,74.5015008,29.17
2023-07-17,Nagarjuna Sagar,109.6143328,36.462
2023-07-18,Nagarjuna Sagar,99.3070176,43.755
2023-07-19,Nagarjuna Sagar,6.7677152,51.047
2023-07-20,Nagarjuna Sagar,129.7758944,58.34
2023-07-21,Nagarjuna Sagar,64.3357696,65.632
2023-07-22,Nagarjuna Sagar,189.01463999999999,72.925
2023-07-23,Nagarjuna Sagar,76.4836768,80.217
2023-07-24,Nagarjuna Sagar,75.9456576,87.51
2023-07-25,Nagarjuna Sagar,145.9447872,94.802
2023-07-26,Nagarjuna Sagar,108.1135424,102.095
2023-07-27,Nagarjuna Sagar,141.6123168,109.387
2023-07-28,Nagarjuna Sagar,178.39584,116.68
2023-07-29,Nagarjuna Sagar,94.719696,123.972
2023-07-30,Nagarjuna Sagar,199.1803712,131.265
2023-07-31,Nagarjuna Sagar,133.655296,138.557
2023-08-01,Nagarjuna Sagar,63.6561664,145.85
2023-08-02,Nagarjuna Sagar,125.4151072,105.591
2023-08-03,Nagarjuna Sagar,113.7202688,61.448
2023-08-04,Nagarjuna Sagar,75.2660544,33.196
2023-08-05,Nagarjuna Sagar,158.57408,21.189
2023-08-06,Nagarjuna Sagar,164.2657568,18.717
2023-08-07,Nagarjuna Sagar,232.3676608,16.245
2023-08-08,Nagarjuna Sagar,206.96749119999998,8.829
2023-08-09,Nagarjuna Sagar,182.4734592,25.427
2023-08-10,Nagarjuna Sagar,386.6375872,27.899
2023-08-11,Nagarjuna Sagar,476.713328,26.486
2023-08-12,Nagarjuna Sagar,540.9641472,21.895
2023-08-13,Nagarjuna Sagar,453.3236512,28.022
2023-08-14,Nagarjuna Sagar,404.7320224,34.149
2023-08-15,Nagarjuna Sagar,227.80865599999998,40.276
2023-08-16,Nagarjuna Sagar,618.9769312,46.403
2023-08-17,Nagarjuna Sagar,432.2842688,52.531
2023-08-18,Nagarjuna Sagar,260.0331744,58.658
2023-08-19,Nagarjuna Sagar,566.4209504,64.785
2023-08-20,Nagarjuna Sagar,333.2321024,70.912
2023-08-21,Nagarjuna Sagar,197.7078976,77.039
2023-08-22,Nagarjuna Sagar,288.2933408,83.166
2023-08-23,Nagarjuna Sagar,270.5103904,89.293
2023-08-24,Nagarjuna Sagar,175.4792096,95.42
2023-08-25,Nagarjuna Sagar,74.190016,101.547
2023-08-26,Nagarjuna Sagar,350.5053504,107.674
2023-08-27,Nagarjuna Sagar,64.8171552,113.802
2023-08-28,Nagarjuna Sagar,210.1672896,119.929
2023-08-29,Nagarjuna Sagar,210.1672896,126.056
2023-08-30,Nagarjuna Sagar,161.2075424,132.183
2023-08-31,Nagarjuna Sagar,452.5307808,138.31
2023-09-01,Nagarjuna Sagar,261.9304,144.437
2023-09-02,Nagarjuna Sagar,352.8839616,103.472
2023-09-03,Nagarjuna Sagar,78.3242688,59.682
2023-09-04,Nagarjuna Sagar,323.4911232,32.843
2023-09-05,Nagarjuna Sagar,74.8696192,21.189
2023-09-06,Nagarjuna Sagar,130.7386656,18.717
2023-09-07,Nagarjuna Sagar,204.73046399999998,16.245
2023-09-08,Nagarjuna Sagar,113.6070016,9.182
2023-09-09,Nagarjuna Sagar,65.44012479999999,25.427
2023-09-10,Nagarjuna Sagar,130.1723296,28.252
2023-09-11,Nagarjuna Sagar,84.3557472,26.486
2023-09-12,Nagarjuna Sagar,207.1657088,21.895
2023-09-13,Nagarjuna Sagar,238.9654752,28.27
2023-09-14,Nagarjuna Sagar,144.698848,34.646
2023-09-15,Nagarjuna Sagar,169.334464,41.021
2023-09-16,Nagarjuna Sagar,134.4198496,47.396
2023-09-17,Nagarjuna Sagar,151.4665632,53.771
2023-09-18,Nagarjuna Sagar,110.2373024,60.146
2023-09-19,Nagarjuna Sagar,189.2411744,66.522
2023-09-20,Nagarjuna Sagar,193.0073088,72.897
2023-09-21,Nagarjuna Sagar,94.719696,79.272
2023-09-22,Nagarjuna Sagar,156.98833919999998,85.647
2023-09-23,Nagarjuna Sagar,176.1021792,92.023
2023-09-24,Nagarjuna Sagar,94.1250432,98.398
2023-09-25,Nagarjuna Sagar,56.8035008,104.773
2023-09-26,Nagarjuna Sagar,186.9758304,111.148
2023-09-27,Nagarjuna Sagar,198.076016,117.523
2023-09-28,Nagarjuna Sagar,232.1411264,123.899
2023-09-29,Nagarjuna Sagar,222.3151968,130.274
2023-09-30,Nagarjuna Sagar,148.5499328,136.649
2023-10-01,Nagarjuna Sagar,199.7467072,143.024
2023-10-02,Nagarjuna Sagar,32.4510528,101.353
2023-10-03,Nagarjuna Sagar,92.171184,58.269
2023-10-04,Nagarjuna Sagar,170.8069376,32.489
2023-10-05,Nagarjuna Sagar,190.005728,21.189
2023-10-06,Nagarjuna Sagar,165.3417952,18.717
2023-10-07,Nagarjuna Sagar,229.6775648,16.245
2023-10-08,Nagarjuna Sagar,344.4172384,9.888
2023-10-09,Nagarjuna Sagar,469.80402879999997,25.78
2023-10-10,Nagarjuna Sagar,542.8896896,28.605
2023-10-11,Nagarjuna Sagar,541.4738496,26.133
2023-10-12,Nagarjuna Sagar,712.7055392,21.895
2023-10-13,Nagarjuna Sagar,650.9749151999999,27.881
2023-10-14,Nagarjuna Sagar,486.99232639999997,33.867
2023-10-15,Nagarjuna Sagar,293.3903648,39.853
2023-10-16,Nagarjuna Sagar,67.7904192,45.838
2023-10-17,Nagarjuna Sagar,113.97512,51.824
2023-10-18,Nagarjuna Sagar,314.0899456,57.81
2023-10-19,Nagarjuna Sagar,0.0,63.796
2023-10-20,Nagarjuna Sagar,92.8224704,69.782
2023-10-21,Nagarjuna Sagar,157.299824,75.768
2023-10-22,Nagarjuna Sagar,34.9429312,81.753
2023-10-23,Nagarjuna Sagar,94.9745472,87.739
2023-10-24,Nagarjuna Sagar,44.7688608,93.725
2023-10-25,Nagarjuna Sagar,47.5155904,99.711
2023-10-26,Nagarjuna Sagar,110.8885888,105.697
2023-10-27,Nagarjuna Sagar,69.0646752,111.683
2023-10-28,Nagarjuna Sagar,42.418566399999996,117.668
2023-10-29,Nagarjuna Sagar,62.3819104,123.654
2023-10-30,Nagarjuna Sagar,47.713808,129.64
2023-10-31,Nagarjuna Sagar,179.5851456,135.626
2023-11-01,Nagarjuna Sagar,130.1723296,141.612
2023-11-02,Nagarjuna Sagar,55.7557792,99.234
2023-11-03,Nagarjuna Sagar,72.0945728,57.21
2023-11-04,Nagarjuna Sagar,66.0347776,31.43
2023-11-05,Nagarjuna Sagar,107.7737408,20.836
2023-11-06,Nagarjuna Sagar,44.0043072,18.364
2023-11-07,Nagarjuna Sagar,41.1443104,15.892
2023-11-08,Nagarjuna Sagar,123.0931296,10.948
2023-11-09,Nagarjuna Sagar,103.35632,26.133
2023-11-10,Nagarjuna Sagar,2.8883136,0.0
2023-11-11,Nagarjuna Sagar,58.7007264,26.133
2023-11-12,Nagarjuna Sagar,3.4829664,21.895
2023-11-13,Nagarjuna Sagar,19.255424,28.14
2023-11-14,Nagarjuna Sagar,29.1379872,34.385
2023-11-15,Nagarjuna Sagar,39.8417376,40.63
2023-11-16,Nagarjuna Sagar,47.260739199999996,46.876
2023-11-17,Nagarjuna Sagar,118.4774912,53.121
2023-11-18,Nagarjuna Sagar,242.5900256,59.366
2023-11-19,Nagarjuna Sagar,245.1102208,65.611
2023-11-20,Nagarjuna Sagar,163.4162528,71.856
2023-11-21,Nagarjuna Sagar,94.2383104,78.101
2023-11-22,Nagarjuna Sagar,113.0972992,84.346
2023-11-23,Nagarjuna Sagar,220.2763872,90.591
2023-11-24,Nagarjuna Sagar,229.4227136,96.837
2023-11-25,Nagarjuna Sagar,176.0738624,103.082
2023-11-26,Nagarjuna Sagar,149.0596352,109.327
2023-11-27,Nagarjuna Sagar,79.6551584,115.572
2023-11-28,Nagarjuna Sagar,37.4914432,121.817
2023-11-29,Nagarjuna Sagar,128.2184704,128.062
2023-11-30,Nagarjuna Sagar,58.615776,134.307
2023-12-01,Nagarjuna Sagar,112.9273984,140.552
2023-12-02,Nagarjuna Sagar,0.0,97.822
2023-12-03,Nagarjuna Sagar,0.0,55.444
2023-12-04,Nagarjuna Sagar,0.0,30.724
2023-12-05,Nagarjuna Sagar,18.2360192,20.836
2023-12-06,Nagarjuna Sagar,48.1668768,18.364
2023-12-07,Nagarjuna Sagar,137.8461824,15.892
2023-12-08,Nagarjuna Sagar,123.6594656,12.007
2023-12-09,Nagarjuna Sagar,98.5141472,26.486
2023-12-10,Nagarjuna Sagar,160.7544736,0.0
2023-12-11,Nagarjuna Sagar,47.3740064,26.133
2023-12-12,Nagarjuna Sagar,150.0224064,21.895
2023-12-13,Nagarjuna Sagar,173.6103008,21.948
2023-12-14,Nagarjuna Sagar,213.8767904,22.001
2023-12-15,Nagarjuna Sagar,193.0639424,22.054
2023-12-16,Nagarjuna Sagar,225.7132128,22.107
2023-12-17,Nagarjuna Sagar,252.7840736,22.16
2023-12-18,Nagarjuna Sagar,102.5351328,22.213
2023-12-19,Nagarjuna Sagar,169.9574336,22.266
2023-12-20,Nagarjuna Sagar,73.7086304,22.319
2023-12-21,Nagarjuna Sagar,282.318496,22.372
2023-12-22,Nagarjuna Sagar,200.8510624,22.425
2023-12-23,Nagarjuna Sagar,311.8529184,22.478
2023-12-24,Nagarjuna Sagar,195.78235519999998,22.531
2023-12-25,Nagarjuna Sagar,129.2378752,22.584
2023-12-26,Nagarjuna Sagar,182.6999936,22.637
2023-12-27,Nagarjuna Sagar,222.003712,22.69
2023-12-28,Nagarjuna Sagar,2605.2305504,22.743
2023-12-29,Nagarjuna Sagar,177.0083168,22.796
2023-12-30,Nagarjuna Sagar,235.9072608,22.849
2023-12-31,Nagarjuna Sagar,72.6892256,22.902
2024-01-01,Nagarjuna Sagar,68.6399232,22.955
2024-01-02,Nagarjuna Sagar,68.8664576,17.304
2024-01-03,Nagarjuna Sagar,186.749296,10.948
2024-01-04,Nagarjuna Sagar,170.5237696,6.003
2024-01-05,Nagarjuna Sagar,190.855232,0.0
2024-01-06,Nagarjuna Sagar,112.6159136,0.85
2024-01-07,Nagarjuna Sagar,238.5407232,1.7
2024-01-08,Nagarjuna Sagar,90.472176,2.551
2024-01-09,Nagarjuna Sagar,197.8777984,3.401
2024-01-10,Nagarjuna Sagar,301.31906879999997,4.251
2024-01-11,Nagarjuna Sagar,267.9052448,5.101
2024-01-12,Nagarjuna Sagar,148.6065664,5.951
2024-01-13,Nagarjuna Sagar,92.7658368,6.801
2024-01-14,Nagarjuna Sagar,125.6982752,7.652
2024-01-15,Nagarjuna Sagar,170.2122848,8.502
2024-01-16,Nagarjuna Sagar,132.0695552,9.352
2024-01-17,Nagarjuna Sagar,137.4497472,10.202
2024-01-18,Nagarjuna Sagar,130.7103488,11.052
2024-01-19,Nagarjuna Sagar,197.1698784,11.902
2024-01-20,Nagarjuna Sagar,199.067104,12.753
2024-01-21,Nagarjuna Sagar,154.468144,13.603
2024-01-22,Nagarjuna Sagar,161.6039776,14.453
2024-01-23,Nagarjuna Sagar,185.899792,15.303
2024-01-24,Nagarjuna Sagar,140.7911296,16.153
2024-01-25,Nagarjuna Sagar,196.6884928,17.003
2024-01-26,Nagarjuna Sagar,166.644368,17.854
2024-01-27,Nagarjuna Sagar,97.52305919999999,18.704
2024-01-28,Nagarjuna Sagar,223.985888,19.554
2024-01-29,Nagarjuna Sagar,95.65415039999999,20.404
2024-01-30,Nagarjuna Sagar,177.4330688,21.254
2024-01-31,Nagarjuna Sagar,106.5561184,22.104
2024-02-01,Nagarjuna Sagar,165.3984288,22.955
2024-02-02,Nagarjuna Sagar,92.9357376,16.951
2024-02-03,Nagarjuna Sagar,189.2411744,10.241
2024-02-04,Nagarjuna Sagar,179.9249472,6.003
2024-02-05,Nagarjuna Sagar,92.7092032,0.0
2024-02-06,Nagarjuna Sagar,101.3458272,0.918
2024-02-07,Nagarjuna Sagar,147.24736,1.836
2024-02-08,Nagarjuna Sagar,97.6080096,2.755
2024-02-09,Nagarjuna Sagar,145.6616192,3.673
2024-02-10,Nagarjuna Sagar,28.6566016,4.591
2024-02-11,Nagarjuna Sagar,128.64322239999998,5.509
2024-02-12,Nagarjuna Sagar,48.4500448,6.427
2024-02-13,Nagarjuna Sagar,192.9506752,7.345
2024-02-14,Nagarjuna Sagar,92.7658368,8.264
2024-02-15,Nagarjuna Sagar,19.4819584,9.182
2024-02-16,Nagarjuna Sagar,52.8957824,10.1
2024-02-17,Nagarjuna Sagar,11.9213728,11.018
2024-02-18,Nagarjuna Sagar,90.330592,11.936
2024-02-19,Nagarjuna Sagar,0.0,12.855
2024-02-20,Nagarjuna Sagar,45.30688,13.773
2024-02-21,Nagarjuna Sagar,99.0804832,14.691
2024-02-22,Nagarjuna Sagar,0.0,15.609
2024-02-23,Nagarjuna Sagar,119.52521279999999,16.527
2024-02-24,Nagarjuna Sagar,192.412656,17.445
2024-02-25,Nagarjuna Sagar,86.5361408,18.364
2024-02-26,Nagarjuna Sagar,61.5607232,19.282
2024-02-27,Nagarjuna Sagar,0.0,20.2
2024-02-28,Nagarjuna Sagar,38.9356,21.118
2024-02-29,Nagarjuna Sagar,0.0,22.036
2024-03-01,Nagarjuna Sagar,41.8239136,22.955
2024-03-02,Nagarjuna Sagar,0.0,16.245
2024-03-03,Nagarjuna Sagar,77.3331808,9.888
2024-03-04,Nagarjuna Sagar,40.5779744,4.944
2024-03-05,Nagarjuna Sagar,12.2894912,0.0
2024-03-06,Nagarjuna Sagar,0.0,0.85
2024-03-07,Nagarjuna Sagar,58.2193408,1.7
2024-03-08,Nagarjuna Sagar,84.24248,2.551
2024-03-09,Nagarjuna Sagar,101.2891936,3.401
2024-03-10,Nagarjuna Sagar,47.3173728,4.251
2024-03-11,Nagarjuna Sagar,24.2958144,5.101
2024-03-12,Nagarjuna Sagar,80.844464,5.951
2024-03-13,Nagarjuna Sagar,73.906848,6.801
2024-03-14,Nagarjuna Sagar,68.4983392,7.652
2024-03-15,Nagarjuna Sagar,108.9630464,8.502
2024-03-16,Nagarjuna Sagar,63.0898304,9.352
2024-03-17,Nagarjuna Sagar,97.7495936,10.202
2024-03-18,Nagarjuna Sagar,49.695984,11.052
2024-03-19,Nagarjuna Sagar,72.774176,11.902
2024-03-20,Nagarjuna Sagar,41.5973792,12.753
2024-03-21,Nagarjuna Sagar,0.0,13.603
2024-03-22,Nagarjuna Sagar,20.4730464,14.453
2024-03-23,Nagarjuna Sagar,34.6314464,15.303
2024-03-24,Nagarjuna Sagar,36.6985728,16.153
2024-03-25,Nagarjuna Sagar,40.209856,17.003
2024-03-26,Nagarjuna Sagar,21.1243328,17.854
2024-03-27,Nagarjuna Sagar,10.788700799999999,18.704
2024-03-28,Nagarjuna Sagar,83.5062432,19.554
2024-03-29,Nagarjuna Sagar,144.6422144,20.404
2024-03-30,Nagarjuna Sagar,62.155376,21.254
2024-03-31,Nagarjuna Sagar,0.0,22.104
2024-04-01,Nagarjuna Sagar,91.3499968,22.955
2024-04-02,Nagarjuna Sagar,65.978144,15.892
2024-04-03,Nagarjuna Sagar,0.0,9.535
2024-04-04,Nagarjuna Sagar,34.2350112,3.885
2024-04-05,Nagarjuna Sagar,97.49474239999999,0.0
2024-04-06,Nagarjuna Sagar,0.0,0.883
2024-04-07,Nagarjuna Sagar,125.47174079999999,1.766
2024-04-08,Nagarjuna Sagar,53.7736032,2.649
2024-04-09,Nagarjuna Sagar,109.9824512,3.531
2024-04-10,Nagarjuna Sagar,0.0,4.414
2024-04-11,Nagarjuna Sagar,0.0,5.297
2024-04-12,Nagarjuna Sagar,0.0,6.18
2024-04-13,Nagarjuna Sagar,90.896928,7.063
2024-04-14,Nagarjuna Sagar,40.181539199999996,7.946
2024-04-15,Nagarjuna Sagar,19.4819584,8.829
2024-04-16,Nagarjuna Sagar,21.4924512,9.712
2024-04-17,Nagarjuna Sagar,28.6849184,10.594
2024-04-18,Nagarjuna Sagar,26.617791999999998,11.477
2024-04-19,Nagarjuna Sagar,26.5894752,12.36
2024-04-20,Nagarjuna Sagar,26.5611584,13.243
2024-04-21,Nagarjuna Sagar,31.743132799999998,14.126
2024-04-22,Nagarjuna Sagar,0.0,15.009
2024-04-23,Nagarjuna Sagar,35.0845152,15.892
2024-04-24,Nagarjuna Sagar,0.0,16.774
2024-04-25,Nagarjuna Sagar,0.0,17.657
2024-04-26,Nagarjuna Sagar,0.0,18.54
2024-04-27,Nagarjuna Sagar,0.0,19.423
2024-04-28,Nagarjuna Sagar,0.0,20.306
2024-04-29,Nagarjuna Sagar,0.0,21.189
2024-04-30,Nagarjuna Sagar,0.0,22.072
2024-05-01,Nagarjuna Sagar,0.0,22.955
2024-05-02,Nagarjuna Sagar,0.0,15.538
2024-05-03,Nagarjuna Sagar,0.0,9.182
2024-05-04,Nagarjuna Sagar,0.0,3.178
2024-05-05,Nagarjuna Sagar,0.0,0.0
2024-05-06,Nagarjuna Sagar,0.0,0.837
2024-05-07,Nagarjuna Sagar,0.0,1.674
2024-05-08,Nagarjuna Sagar,0.0,2.511
2024-05-09,Nagarjuna Sagar,0.0,3.348
2024-05-10,Nagarjuna Sagar,0.0,4.185
2024-05-11,Nagarjuna Sagar,0.0,5.023
2024-05-12,Nagarjuna Sagar,0.0,5.86
2024-05-13,Nagarjuna Sagar,0.0,6.697
2024-05-14,Nagarjuna Sagar,0.0,7.534
2024-05-15,Nagarjuna Sagar,0.0,8.371
2024-05-16,Nagarjuna Sagar,0.0,9.208
2024-05-17,Nagarjuna Sagar,0.0,10.045
2024-05-18,Nagarjuna Sagar,0.0,10.882
2024-05-19,Nagarjuna Sagar,0.0,11.719
2024-05-20,Nagarjuna Sagar,0.0,12.556
2024-05-21,Nagarjuna Sagar,0.0,13.393
2024-05-22,Nagarjuna Sagar,0.0,14.231
2024-05-23,Nagarjuna Sagar,0.0,15.068
2024-05-24,Nagarjuna Sagar,0.0,15.905
2024-05-25,Nagarjuna Sagar,0.0,16.742
2024-05-26,Nagarjuna Sagar,0.0,17.579
2024-05-27,Nagarjuna Sagar,0.0,18.416
2024-05-28,Nagarjuna Sagar,0.0,19.253
2024-05-29,Nagarjuna Sagar,0.0,20.09
2024-05-30,Nagarjuna Sagar,0.0,20.927
2024-05-31,Nagarjuna Sagar,0.0,21.764
2024-06-01,Nagarjuna Sagar,0.0,22.601
2024-06-02,Nagarjuna Sagar,0.0,15.185
2024-06-03,Nagarjuna Sagar,0.0,8.829
2024-06-04,Nagarjuna Sagar,0.0,2.472
2024-06-05,Nagarjuna Sagar,0.0,0.0
2024-06-06,Nagarjuna Sagar,0.0,0.883
2024-06-07,Nagarjuna Sagar,0.0,1.766
2024-06-08,Nagarjuna Sagar,75.52090559999999,2.649
2024-06-09,Nagarjuna Sagar,0.0,3.531
2024-06-10,Nagarjuna Sagar,0.0,4.414
2024-06-11,Nagarjuna Sagar,0.0,5.297
2024-06-12,Nagarjuna Sagar,0.0,6.18
2024-06-13,Nagarjuna Sagar,0.0,7.063
2024-06-14,Nagarjuna Sagar,0.0,7.946
2024-06-15,Nagarjuna Sagar,0.0,8.829
2024-06-16,Nagarjuna Sagar,0.0,9.712
2024-06-17,Nagarjuna Sagar,0.0,10.594
2024-06-18,Nagarjuna Sagar,0.0,11.477
2024-06-19,Nagarjuna Sagar,0.0,12.36
2024-06-20,Nagarjuna Sagar,0.0,13.243
2024-06-21,Nagarjuna Sagar,0.0,14.126
2024-06-22,Nagarjuna Sagar,0.0,15.009
2024-06-23,Nagarjuna Sagar,0.0,15.892
2024-06-24,Nagarjuna Sagar,0.0,16.774
2024-06-25,Nagarjuna Sagar,0.0,17.657
2024-06-26,Nagarjuna Sagar,0.0,18.54
2024-06-27,Nagarjuna Sagar,0.0,19.423
2024-06-28,Nagarjuna Sagar,0.0,20.306
2024-06-29,Nagarjuna Sagar,0.0,21.189
2024-06-30,Nagarjuna Sagar,0.0,22.072
2024-07-01,Nagarjuna Sagar,0.0,22.955
2024-07-02,Nagarjuna Sagar,0.0,14.832
2024-07-03,Nagarjuna Sagar,0.0,8.476
2024-07-04,Nagarjuna Sagar,0.0,2.119
2024-07-05,Nagarjuna Sagar,0.0,0.0
2024-07-06,Nagarjuna Sagar,0.0,0.85
2024-07-07,Nagarjuna Sagar,0.0,1.7
2024-07-08,Nagarjuna Sagar,0.0,2.551
2024-07-09,Nagarjuna Sagar,0.0,3.401
2024-07-10,Nagarjuna Sagar,0.0,4.251
2024-07-11,Nagarjuna Sagar,0.0,5.101
2024-07-12,Nagarjuna Sagar,0.0,5.951
2024-07-13,Nagarjuna Sagar,0.0,6.801
2024-07-14,Nagarjuna Sagar,0.0,7.652
2024-07-15,Nagarjuna Sagar,0.0,8.502
2024-07-16,Nagarjuna Sagar,0.0,9.352
2024-07-17,Nagarjuna Sagar,545.7780032,10.202
2024-07-18,Nagarjuna Sagar,675.3839968,11.052
2024-07-19,Nagarjuna Sagar,239.6167616,11.902
2024-07-20,Nagarjuna Sagar,132.9190592,12.753
2024-07-21,Nagarjuna Sagar,66.261312,13.603
2024-07-22,Nagarjuna Sagar,62.4102272,14.453
2024-07-23,Nagarjuna Sagar,52.3577632,15.303
2024-07-24,Nagarjuna Sagar,304.9436192,16.153
2024-07-25,Nagarjuna Sagar,368.1467168,17.003
2024-07-26,Nagarjuna Sagar,837.8657952,17.854
2024-07-27,Nagarjuna Sagar,1045.9376416,18.704
2024-07-28,Nagarjuna Sagar,1545.8424287999999,19.554
2024-07-29,Nagarjuna Sagar,1626.6302592,20.404
2024-07-30,Nagarjuna Sagar,2311.6136512,21.254
2024-07-31,Nagarjuna Sagar,4804.3132384,22.104
2024-08-01,Nagarjuna Sagar,5915.8609056,22.955
2024-08-02,Nagarjuna Sagar,9529.9624064,14.126
2024-08-03,Nagarjuna Sagar,11081.921264,8.122
2024-08-04,Nagarjuna Sagar,11219.5125952,2.119
2024-08-05,Nagarjuna Sagar,8961.984032,0.0
2024-08-06,Nagarjuna Sagar,8725.1989504,0.837
2024-08-07,Nagarjuna Sagar,8992.2263744,1.674
2024-08-08,Nagarjuna Sagar,9044.6124544,2.511
2024-08-09,Nagarjuna Sagar,9468.005248,3.348
2024-08-10,Nagarjuna Sagar,9375.2110944,4.185
2024-08-11,Nagarjuna Sagar,8703.678182399999,5.023
2024-08-12,Nagarjuna Sagar,4785.5392,5.86
2024-08-13,Nagarjuna Sagar,2744.0961376,6.697
2024-08-14,Nagarjuna Sagar,1910.0531104,7.534
2024-08-15,Nagarjuna Sagar,1739.4443904,8.371
2024-08-16,Nagarjuna Sagar,2188.5205216,9.208
2024-08-17,Nagarjuna Sagar,2087.5711296,10.045
2024-08-18,Nagarjuna Sagar,2007.2080512,10.882
2024-08-19,Nagarjuna Sagar,1974.6154144,11.719
2024-08-20,Nagarjuna Sagar,978.9400928,12.556
2024-08-21,Nagarjuna Sagar,919.0783776,13.393
2024-08-22,Nagarjuna Sagar,1202.3596448,14.231
2024-08-23,Nagarjuna Sagar,1219.6328928,15.068
2024-08-24,Nagarjuna Sagar,1655.7965632,15.905
2024-08-25,Nagarjuna Sagar,1951.6221728,16.742
2024-08-26,Nagarjuna Sagar,1397.292496,17.579
2024-08-27,Nagarjuna Sagar,1655.5700288,18.416
2024-08-28,Nagarjuna Sagar,2044.8693951999999,19.253
2024-08-29,Nagarjuna Sagar,4352.8018624,20.09
2024-08-30,Nagarjuna Sagar,8574.9500096,20.927
2024-08-31,Nagarjuna Sagar,8364.499552,21.764
2024-09-01,Nagarjuna Sagar,10801.2451424,22.601
2024-09-02,Nagarjuna Sagar,14211.2674656,14.126
2024-09-03,Nagarjuna Sagar,13571.0246176,8.122
2024-09-04,Nagarjuna Sagar,9035.2395936,1.766
2024-09-05,Nagarjuna Sagar,3884.215456,0.0
2024-09-06,Nagarjuna Sagar,2189.879728,0.869
2024-09-07,Nagarjuna Sagar,4238.883376,1.739
2024-09-08,Nagarjuna Sagar,6826.3876096,2.608
2024-09-09,Nagarjuna Sagar,7186.4074048,3.477
2024-09-10,Nagarjuna Sagar,5474.5435775999995,4.346
2024-09-11,Nagarjuna Sagar,5.760486624,5.216
2024-09-12,Nagarjuna Sagar,1869.2486016,6.085
2024-09-13,Nagarjuna Sagar,2176.1177632,6.954
2024-09-14,Nagarjuna Sagar,2008.8221088,7.824
2024-09-15,Nagarjuna Sagar,2194.5803167999998,8.693
2024-09-16,Nagarjuna Sagar,2116.2843648,9.562
2024-09-17,Nagarjuna Sagar,1942.9289152,10.431
2024-09-18,Nagarjuna Sagar,2004.7161727999999,11.301
2024-09-19,Nagarjuna Sagar,2005.8488448,12.17
2024-09-20,Nagarjuna Sagar,1242.7110848,13.039
2024-09-21,Nagarjuna Sagar,1124.8565632,13.909
2024-09-22,Nagarjuna Sagar,901.9183968,14.778
2024-09-23,Nagarjuna Sagar,1253.7829536,15.647
2024-09-24,Nagarjuna Sagar,1340.7155296,16.516
2024-09-25,Nagarjuna Sagar,1063.9754432,17.386
2024-09-26,Nagarjuna Sagar,1152.776928,18.255
2024-09-27,Nagarjuna Sagar,1399.699424,19.124
2024-09-28,Nagarjuna Sagar,1068.392864,19.994
2024-09-29,Nagarjuna Sagar,1362.6610496,20.863
2024-09-30,Nagarjuna Sagar,1368.6075776,21.732
2024-10-01,Nagarjuna Sagar,1008.219664,22.601
2024-10-02,Nagarjuna Sagar,1422.4378144,13.42
2024-10-03,Nagarjuna Sagar,1243.7021728,7.416
2024-10-04,Nagarjuna Sagar,1080.6540384,1.059
2024-10-05,Nagarjuna Sagar,1562.945776,0.0
2024-10-06,Nagarjuna Sagar,1824.3381568,0.824
2024-10-07,Nagarjuna Sagar,1627.8478816,1.648
2024-10-08,Nagarjuna Sagar,1547.0600512,2.472
2024-10-09,Nagarjuna Sagar,1452.9916416,3.296
2024-10-10,Nagarjuna Sagar,1636.8526239999999,4.12
2024-10-11,Nagarjuna Sagar,2041.7262304,4.944
2024-10-12,Nagarjuna Sagar,829.7388736,5.768
2024-10-13,Nagarjuna Sagar,810.7949344,6.592
2024-10-14,Nagarjuna Sagar,1278.5601536,7.416
2024-10-15,Nagarjuna Sagar,1548.504208,8.24
2024-10-16,Nagarjuna Sagar,2107.3645728,9.064
2024-10-17,Nagarjuna Sagar,2320.420176,9.888
2024-10-18,Nagarjuna Sagar,2214.5436608,10.712
2024-10-19,Nagarjuna Sagar,2699.157376,11.536
2024-10-20,Nagarjuna Sagar,4154.4709952,12.36
2024-10-21,Nagarjuna Sagar,5801.545984,13.184
2024-10-22,Nagarjuna Sagar,5480.2069376,14.008
2024-10-23,Nagarjuna Sagar,3018.2310784,14.832
2024-10-24,Nagarjuna Sagar,1958.4748384,15.656
2024-10-25,Nagarjuna Sagar,4713.9260128,16.48
2024-10-26,Nagarjuna Sagar,4055.248928,17.304
2024-10-27,Nagarjuna Sagar,2200.0171424,18.128
2024-10-28,Nagarjuna Sagar,2023.4335776,18.952
2024-10-29,Nagarjuna Sagar,2083.9465792,19.776
2024-10-30,Nagarjuna Sagar,2057.5553216,20.6
2024-10-31,Nagarjuna Sagar,1518.8282016,21.424
2024-11-01,Nagarjuna Sagar,1008.8709504,22.248
2024-11-02,Nagarjuna Sagar,594.086464,13.42
2024-11-03,Nagarjuna Sagar,774.3512128,7.416
2024-11-04,Nagarjuna Sagar,1066.3823712,0.0
2024-11-05,Nagarjuna Sagar,686.5124992,0.0
2024-11-06,Nagarjuna Sagar,235.99221119999999,0.842
2024-11-07,Nagarjuna Sagar,492.11766719999997,1.684
2024-11-08,Nagarjuna Sagar,996.7796768,2.526
2024-11-09,Nagarjuna Sagar,1378.4051904,3.368
2024-11-10,Nagarjuna Sagar,608.6129824,4.211
2024-11-11,Nagarjuna Sagar,373.2720576,5.053
2024-11-12,Nagarjuna Sagar,498.17746239999997,5.895
2024-11-13,Nagarjuna Sagar,0.0,6.737
2024-11-14,Nagarjuna Sagar,152.9673536,7.579
2024-11-15,Nagarjuna Sagar,0.0,8.421
2024-11-16,Nagarjuna Sagar,89.481088,9.263
2024-11-17,Nagarjuna Sagar,198.72730239999999,10.105
2024-11-18,Nagarjuna Sagar,235.02944,10.948
2024-11-19,Nagarjuna Sagar,233.1322144,11.79
2024-11-20,Nagarjuna Sagar,332.1277472,12.632
2024-11-21,Nagarjuna Sagar,729.8372032,13.474
2024-11-22,Nagarjuna Sagar,966.0559488,14.316
2024-11-23,Nagarjuna Sagar,971.3511904,15.158
2024-11-24,Nagarjuna Sagar,796.8913856,16.0
2024-11-25,Nagarjuna Sagar,1238.718416,16.842
2024-11-26,Nagarjuna Sagar,1039.7645792,17.684
2024-11-27,Nagarjuna Sagar,1230.1384256,18.527
2024-11-28,Nagarjuna Sagar,589.3575584,19.369
2024-11-29,Nagarjuna Sagar,580.6076672,20.211
2024-11-30,Nagarjuna Sagar,1322.111392,21.053
2024-12-01,Nagarjuna Sagar,643.216112,21.895
2024-12-02,Nagarjuna Sagar,390.488672,13.42
2024-12-03,Nagarjuna Sagar,450.1804864,7.063
2024-12-04,Nagarjuna Sagar,426.6775424,0.353
2024-12-05,Nagarjuna Sagar,0.0,0.0
2024-12-06,Nagarjuna Sagar,0.0,0.0
2024-12-07,Nagarjuna Sagar,0.0,0.0
2024-12-08,Nagarjuna Sagar,152.769136,0.0
2024-12-09,Nagarjuna Sagar,140.0832096,0.0
2024-12-10,Nagarjuna Sagar,186.2962272,0.0
2024-12-11,Nagarjuna Sagar,120.62956799999999,0.0
2024-12-12,Nagarjuna Sagar,283.0830496,0.0
2024-12-13,Nagarjuna Sagar,189.5526592,0.0
2024-12-14,Nagarjuna Sagar,260.0614912,0.0
2024-12-15,Nagarjuna Sagar,72.349424,0.0
2024-12-16,Nagarjuna Sagar,3.9077184,0.0
2024-12-17,Nagarjuna Sagar,441.175744,0.0
2024-12-18,Nagarjuna Sagar,300.724416,0.0
2024-12-19,Nagarjuna Sagar,524.0873344,0.0
2024-12-20,Nagarjuna Sagar,406.1195456,0.0
2024-12-21,Nagarjuna Sagar,440.5527744,0.0
2024-12-22,Nagarjuna Sagar,295.6557088,0.0
2024-12-23,Nagarjuna Sagar,275.5790976,0.0
2024-12-24,Nagarjuna Sagar,284.6404736,0.0
2024-12-25,Nagarjuna Sagar,496.3085536,0.0
2024-12-26,Nagarjuna Sagar,203.3429408,0.0
2024-12-27,Nagarjuna Sagar,456.1270144,0.0
2024-12-28,Nagarjuna Sagar,199.46353919999999,0.0
2024-12-29,Nagarjuna Sagar,239.75834559999998,0.0
2024-12-30,Nagarjuna Sagar,205.5233344,0.0
2024-12-31,Nagarjuna Sagar,399.69163199999997,0.0
