Date,Reservoir_Name,Inflow (cusecs/cumecs),Storage (TMC/MCM)
2010-01-01,Sardar Sarovar,670.989,50.853
2010-01-02,Sardar Sarovar,717.84,51.559
2010-01-03,Sardar Sarovar,767.575,49.794
2010-01-04,Sardar Sarovar,674.092,45.556
2010-01-05,Sardar Sarovar,913.472,36.727
2010-01-06,Sardar Sarovar,984.69,25.073
2010-01-07,Sardar Sarovar,1428.176,13.773
2010-01-08,Sardar Sarovar,1025.147,24.014
2010-01-09,Sardar Sarovar,1003.105,44.85
2010-01-10,Sardar Sarovar,1349.684,49.087
2010-01-11,Sardar Sarovar,1071.563,51.913
2010-01-12,Sardar Sarovar,963.559,50.853
2010-01-13,Sardar Sarovar,804.965,50.835
2010-01-14,Sardar Sarovar,880.528,50.818
2010-01-15,Sardar Sarovar,757.604,50.8
2010-01-16,Sardar Sarovar,1042.023,50.782
2010-01-17,Sardar Sarovar,1235.59,50.765
2010-01-18,Sardar Sarovar,1097.76,50.747
2010-01-19,Sardar Sarovar,1661.749,50.73
2010-01-20,Sardar Sarovar,1415.494,50.712
2010-01-21,Sardar Sarovar,1169.239,50.694
2010-01-22,Sardar Sarovar,1179.347,50.677
2010-01-23,Sardar Sarovar,861.424,50.659
2010-01-24,Sardar Sarovar,418.418,50.641
2010-01-25,Sardar Sarovar,1047.832,50.624
2010-01-26,Sardar Sarovar,1180.453,50.606
2010-01-27,Sardar Sarovar,1013.319,50.588
2010-01-28,Sardar Sarovar,1031.738,50.571
2010-01-29,Sardar Sarovar,1049.792,50.553
2010-01-30,Sardar Sarovar,889.868,50.535
2010-01-31,Sardar Sarovar,1012.573,50.518
2010-02-01,Sardar Sarovar,969.981,50.5
2010-02-02,Sardar Sarovar,1079.487,51.559
2010-02-03,Sardar Sarovar,887.5,50.147
2010-02-04,Sardar Sarovar,883.511,45.556
2010-02-05,Sardar Sarovar,718.135,36.727
2010-02-06,Sardar Sarovar,692.921,24.367
2010-02-07,Sardar Sarovar,657.975,13.773
2010-02-08,Sardar Sarovar,749.752,24.367
2010-02-09,Sardar Sarovar,734.417,44.143
2010-02-10,Sardar Sarovar,678.993,49.087
2010-02-11,Sardar Sarovar,813.902,51.913
2010-02-12,Sardar Sarovar,674.279,50.147
2010-02-13,Sardar Sarovar,474.434,50.147
2010-02-14,Sardar Sarovar,556.99,50.147
2010-02-15,Sardar Sarovar,443.992,50.147
2010-02-16,Sardar Sarovar,673.78,50.147
2010-02-17,Sardar Sarovar,706.715,50.147
2010-02-18,Sardar Sarovar,772.979,50.147
2010-02-19,Sardar Sarovar,1025.351,50.147
2010-02-20,Sardar Sarovar,1044.268,50.147
2010-02-21,Sardar Sarovar,1105.412,50.147
2010-02-22,Sardar Sarovar,990.188,50.147
2010-02-23,Sardar Sarovar,1030.236,50.147
2010-02-24,Sardar Sarovar,1043.861,50.147
2010-02-25,Sardar Sarovar,1075.27,50.147
2010-02-26,Sardar Sarovar,1237.926,50.147
2010-02-27,Sardar Sarovar,1280.606,50.147
2010-02-28,Sardar Sarovar,1444.602,50.147
2010-03-01,Sardar Sarovar,830.159,50.147
2010-03-02,Sardar Sarovar,701.081,52.266
2010-03-03,Sardar Sarovar,782.381,49.441
2010-03-04,Sardar Sarovar,998.275,45.909
2010-03-05,Sardar Sarovar,1016.904,36.021
2010-03-06,Sardar Sarovar,1029.0,24.014
2010-03-07,Sardar Sarovar,1053.329,15.892
2010-03-08,Sardar Sarovar,1019.73,24.72
2010-03-09,Sardar Sarovar,1019.701,43.437
2010-03-10,Sardar Sarovar,1158.095,49.087
2010-03-11,Sardar Sarovar,1052.093,52.266
2010-03-12,Sardar Sarovar,1002.991,49.441
2010-03-13,Sardar Sarovar,1158.552,49.458
2010-03-14,Sardar Sarovar,1126.588,49.476
2010-03-15,Sardar Sarovar,771.371,49.494
2010-03-16,Sardar Sarovar,656.252,49.511
2010-03-17,Sardar Sarovar,1089.27,49.529
2010-03-18,Sardar Sarovar,1029.0,49.546
2010-03-19,Sardar Sarovar,1125.068,49.564
2010-03-20,Sardar Sarovar,1251.422,49.582
2010-03-21,Sardar Sarovar,1191.388,49.599
2010-03-22,Sardar Sarovar,1043.43,49.617
2010-03-23,Sardar Sarovar,998.275,49.635
2010-03-24,Sardar Sarovar,920.251,49.652
2010-03-25,Sardar Sarovar,1226.45,49.67
2010-03-26,Sardar Sarovar,1107.099,49.688
2010-03-27,Sardar Sarovar,1167.075,49.705
2010-03-28,Sardar Sarovar,1053.329,49.723
2010-03-29,Sardar Sarovar,876.967,49.741
2010-03-30,Sardar Sarovar,999.942,49.758
2010-03-31,Sardar Sarovar,889.385,49.776
2010-04-01,Sardar Sarovar,789.81,49.794
2010-04-02,Sardar Sarovar,839.297,52.266
2010-04-03,Sardar Sarovar,1101.128,49.087
2010-04-04,Sardar Sarovar,1126.588,46.615
2010-04-05,Sardar Sarovar,1099.261,35.668
2010-04-06,Sardar Sarovar,1131.282,23.308
2010-04-07,Sardar Sarovar,1246.238,16.598
2010-04-08,Sardar Sarovar,1013.091,25.427
2010-04-09,Sardar Sarovar,1274.29,42.731
2010-04-10,Sardar Sarovar,1255.562,49.441
2010-04-11,Sardar Sarovar,1180.453,52.972
2010-04-12,Sardar Sarovar,1034.145,48.734
2010-04-13,Sardar Sarovar,1124.778,48.79
2010-04-14,Sardar Sarovar,1280.606,48.846
2010-04-15,Sardar Sarovar,1414.081,48.902
2010-04-16,Sardar Sarovar,1378.14,48.957
2010-04-17,Sardar Sarovar,1200.362,49.013
2010-04-18,Sardar Sarovar,923.873,49.069
2010-04-19,Sardar Sarovar,999.777,49.125
2010-04-20,Sardar Sarovar,958.447,49.18
2010-04-21,Sardar Sarovar,885.004,49.236
2010-04-22,Sardar Sarovar,1037.801,49.292
2010-04-23,Sardar Sarovar,744.375,49.348
2010-04-24,Sardar Sarovar,565.113,49.403
2010-04-25,Sardar Sarovar,699.112,49.459
2010-04-26,Sardar Sarovar,605.962,49.515
2010-04-27,Sardar Sarovar,713.306,49.571
2010-04-28,Sardar Sarovar,735.269,49.626
2010-04-29,Sardar Sarovar,710.381,49.682
2010-04-30,Sardar Sarovar,871.092,49.738
2010-05-01,Sardar Sarovar,663.575,49.794
2010-05-02,Sardar Sarovar,412.018,51.913
2010-05-03,Sardar Sarovar,334.406,48.028
2010-05-04,Sardar Sarovar,316.241,47.322
2010-05-05,Sardar Sarovar,254.773,34.608
2010-05-06,Sardar Sarovar,596.449,22.955
2010-05-07,Sardar Sarovar,685.55,16.245
2010-05-08,Sardar Sarovar,521.74,26.133
2010-05-09,Sardar Sarovar,478.254,42.731
2010-05-10,Sardar Sarovar,897.55,49.087
2010-05-11,Sardar Sarovar,642.471,53.325
2010-05-12,Sardar Sarovar,569.532,48.381
2010-05-13,Sardar Sarovar,702.459,48.452
2010-05-14,Sardar Sarovar,590.019,48.522
2010-05-15,Sardar Sarovar,504.347,48.593
2010-05-16,Sardar Sarovar,579.532,48.664
2010-05-17,Sardar Sarovar,483.663,48.734
2010-05-18,Sardar Sarovar,632.46,48.805
2010-05-19,Sardar Sarovar,635.614,48.875
2010-05-20,Sardar Sarovar,578.005,48.946
2010-05-21,Sardar Sarovar,674.188,49.017
2010-05-22,Sardar Sarovar,1005.452,49.087
2010-05-23,Sardar Sarovar,374.724,49.158
2010-05-24,Sardar Sarovar,226.468,49.229
2010-05-25,Sardar Sarovar,148.944,49.299
2010-05-26,Sardar Sarovar,484.612,49.37
2010-05-27,Sardar Sarovar,579.532,49.441
2010-05-28,Sardar Sarovar,467.088,49.511
2010-05-29,Sardar Sarovar,403.003,49.582
2010-05-30,Sardar Sarovar,602.532,49.652
2010-05-31,Sardar Sarovar,390.486,49.723
2010-06-01,Sardar Sarovar,475.016,49.794
2010-06-02,Sardar Sarovar,550.724,51.206
2010-06-03,Sardar Sarovar,642.592,47.322
2010-06-04,Sardar Sarovar,697.367,47.675
2010-06-05,Sardar Sarovar,481.471,33.902
2010-06-06,Sardar Sarovar,203.778,22.248
2010-06-07,Sardar Sarovar,293.909,16.951
2010-06-08,Sardar Sarovar,338.633,26.839
2010-06-09,Sardar Sarovar,377.388,43.437
2010-06-10,Sardar Sarovar,486.883,48.028
2010-06-11,Sardar Sarovar,675.262,54.738
2010-06-12,Sardar Sarovar,611.198,48.734
2010-06-13,Sardar Sarovar,590.994,48.809
2010-06-14,Sardar Sarovar,437.0,48.883
2010-06-15,Sardar Sarovar,303.512,48.957
2010-06-16,Sardar Sarovar,274.561,49.032
2010-06-17,Sardar Sarovar,254.029,49.106
2010-06-18,Sardar Sarovar,307.968,49.18
2010-06-19,Sardar Sarovar,859.234,49.255
2010-06-20,Sardar Sarovar,502.609,49.329
2010-06-21,Sardar Sarovar,288.351,49.403
2010-06-22,Sardar Sarovar,209.047,49.478
2010-06-23,Sardar Sarovar,84.857,49.552
2010-06-24,Sardar Sarovar,208.069,49.626
2010-06-25,Sardar Sarovar,281.161,49.701
2010-06-26,Sardar Sarovar,650.628,49.775
2010-06-27,Sardar Sarovar,661.324,49.849
2010-06-28,Sardar Sarovar,208.105,49.924
2010-06-29,Sardar Sarovar,478.63,49.998
2010-06-30,Sardar Sarovar,569.303,50.072
2010-07-01,Sardar Sarovar,708.052,50.147
2010-07-02,Sardar Sarovar,832.324,50.853
2010-07-03,Sardar Sarovar,705.243,46.615
2010-07-04,Sardar Sarovar,661.324,48.028
2010-07-05,Sardar Sarovar,640.379,33.196
2010-07-06,Sardar Sarovar,661.333,21.895
2010-07-07,Sardar Sarovar,896.674,16.245
2010-07-08,Sardar Sarovar,1070.731,27.899
2010-07-09,Sardar Sarovar,936.138,44.85
2010-07-10,Sardar Sarovar,1180.857,46.969
2010-07-11,Sardar Sarovar,865.414,54.385
2010-07-12,Sardar Sarovar,727.234,49.087
2010-07-13,Sardar Sarovar,695.842,49.176
2010-07-14,Sardar Sarovar,1545.998,49.264
2010-07-15,Sardar Sarovar,1475.999,49.352
2010-07-16,Sardar Sarovar,1807.526,49.441
2010-07-17,Sardar Sarovar,1712.008,49.529
2010-07-18,Sardar Sarovar,1310.567,49.617
2010-07-19,Sardar Sarovar,1145.027,49.705
2010-07-20,Sardar Sarovar,258.851,49.794
2010-07-21,Sardar Sarovar,785.515,49.882
2010-07-22,Sardar Sarovar,1133.004,49.97
2010-07-23,Sardar Sarovar,991.016,50.059
2010-07-24,Sardar Sarovar,1034.196,50.147
2010-07-25,Sardar Sarovar,575.829,50.235
2010-07-26,Sardar Sarovar,426.088,50.323
2010-07-27,Sardar Sarovar,1018.207,50.412
2010-07-28,Sardar Sarovar,1148.408,50.5
2010-07-29,Sardar Sarovar,1176.177,50.588
2010-07-30,Sardar Sarovar,1295.163,50.677
2010-07-31,Sardar Sarovar,1450.938,50.765
2010-08-01,Sardar Sarovar,363.13,50.853
2010-08-02,Sardar Sarovar,608.162,50.147
2010-08-03,Sardar Sarovar,609.687,46.262
2010-08-04,Sardar Sarovar,630.208,48.028
2010-08-05,Sardar Sarovar,595.171,33.196
2010-08-06,Sardar Sarovar,608.821,21.542
2010-08-07,Sardar Sarovar,1085.051,15.538
2010-08-08,Sardar Sarovar,1397.973,31.43
2010-08-09,Sardar Sarovar,613.493,44.496
2010-08-10,Sardar Sarovar,654.124,45.909
2010-08-11,Sardar Sarovar,758.129,54.031
2010-08-12,Sardar Sarovar,1054.131,49.794
2010-08-13,Sardar Sarovar,1124.961,49.847
2010-08-14,Sardar Sarovar,1263.434,49.9
2010-08-15,Sardar Sarovar,1401.907,49.953
2010-08-16,Sardar Sarovar,1357.748,50.006
2010-08-17,Sardar Sarovar,1313.59,50.059
2010-08-18,Sardar Sarovar,716.721,50.112
2010-08-19,Sardar Sarovar,1176.436,50.164
2010-08-20,Sardar Sarovar,1076.614,50.217
2010-08-21,Sardar Sarovar,1407.806,50.27
2010-08-22,Sardar Sarovar,1004.889,50.323
2010-08-23,Sardar Sarovar,879.769,50.376
2010-08-24,Sardar Sarovar,1096.212,50.429
2010-08-25,Sardar Sarovar,764.654,50.482
2010-08-26,Sardar Sarovar,659.512,50.535
2010-08-27,Sardar Sarovar,1118.675,50.588
2010-08-28,Sardar Sarovar,927.285,50.641
2010-08-29,Sardar Sarovar,856.443,50.694
2010-08-30,Sardar Sarovar,1171.019,50.747
2010-08-31,Sardar Sarovar,1112.81,50.8
2010-09-01,Sardar Sarovar,1232.232,50.853
2010-09-02,Sardar Sarovar,957.403,50.147
2010-09-03,Sardar Sarovar,675.908,45.909
2010-09-04,Sardar Sarovar,1112.893,48.028
2010-09-05,Sardar Sarovar,985.781,33.196
2010-09-06,Sardar Sarovar,1512.214,21.189
2010-09-07,Sardar Sarovar,1860.332,14.479
2010-09-08,Sardar Sarovar,2215.475,34.255
2010-09-09,Sardar Sarovar,10257.83,47.675
2010-09-10,Sardar Sarovar,2494.896,45.909
2010-09-11,Sardar Sarovar,2417.159,53.325
2010-09-12,Sardar Sarovar,2403.133,50.147
2010-09-13,Sardar Sarovar,2552.097,50.128
2010-09-14,Sardar Sarovar,2522.396,50.11
2010-09-15,Sardar Sarovar,2334.032,50.091
2010-09-16,Sardar Sarovar,2302.923,50.072
2010-09-17,Sardar Sarovar,2463.279,50.054
2010-09-18,Sardar Sarovar,1855.876,50.035
2010-09-19,Sardar Sarovar,1735.127,50.017
2010-09-20,Sardar Sarovar,1997.588,49.998
2010-09-21,Sardar Sarovar,2473.32,49.98
2010-09-22,Sardar Sarovar,2066.8,49.961
2010-09-23,Sardar Sarovar,2071.154,49.942
2010-09-24,Sardar Sarovar,2098.243,49.924
2010-09-25,Sardar Sarovar,1723.524,49.905
2010-09-26,Sardar Sarovar,2103.424,49.887
2010-09-27,Sardar Sarovar,1862.195,49.868
2010-09-28,Sardar Sarovar,1496.069,49.849
2010-09-29,Sardar Sarovar,1291.849,49.831
2010-09-30,Sardar Sarovar,1212.847,49.812
2010-10-01,Sardar Sarovar,1817.422,49.794
2010-10-02,Sardar Sarovar,1431.378,49.794
2010-10-03,Sardar Sarovar,1556.787,45.203
2010-10-04,Sardar Sarovar,1672.371,48.028
2010-10-05,Sardar Sarovar,996.452,32.843
2010-10-06,Sardar Sarovar,1052.798,20.836
2010-10-07,Sardar Sarovar,1050.398,13.773
2010-10-08,Sardar Sarovar,1074.578,34.608
2010-10-09,Sardar Sarovar,1270.347,55.444
2010-10-10,Sardar Sarovar,1122.942,45.203
2010-10-11,Sardar Sarovar,792.713,52.619
2010-10-12,Sardar Sarovar,1127.082,49.794
2010-10-13,Sardar Sarovar,805.912,49.811
2010-10-14,Sardar Sarovar,1219.311,49.829
2010-10-15,Sardar Sarovar,1502.016,49.847
2010-10-16,Sardar Sarovar,1141.33,49.864
2010-10-17,Sardar Sarovar,892.584,49.882
2010-10-18,Sardar Sarovar,828.028,49.9
2010-10-19,Sardar Sarovar,718.786,49.917
2010-10-20,Sardar Sarovar,643.913,49.935
2010-10-21,Sardar Sarovar,597.032,49.953
2010-10-22,Sardar Sarovar,540.226,49.97
2010-10-23,Sardar Sarovar,548.656,49.988
2010-10-24,Sardar Sarovar,560.847,50.006
2010-10-25,Sardar Sarovar,453.599,50.023
2010-10-26,Sardar Sarovar,510.007,50.041
2010-10-27,Sardar Sarovar,386.268,50.059
2010-10-28,Sardar Sarovar,476.755,50.076
2010-10-29,Sardar Sarovar,435.189,50.094
2010-10-30,Sardar Sarovar,469.337,50.112
2010-10-31,Sardar Sarovar,495.518,50.129
2010-11-01,Sardar Sarovar,444.691,50.147
2010-11-02,Sardar Sarovar,799.972,49.794
2010-11-03,Sardar Sarovar,870.12,44.85
2010-11-04,Sardar Sarovar,1010.98,48.381
2010-11-05,Sardar Sarovar,1112.879,32.843
2010-11-06,Sardar Sarovar,1031.99,20.129
2010-11-07,Sardar Sarovar,560.847,12.713
2010-11-08,Sardar Sarovar,463.835,35.315
2010-11-09,Sardar Sarovar,723.899,55.444
2010-11-10,Sardar Sarovar,839.316,45.556
2010-11-11,Sardar Sarovar,832.058,52.619
2010-11-12,Sardar Sarovar,759.923,50.147
2010-11-13,Sardar Sarovar,745.73,50.147
2010-11-14,Sardar Sarovar,829.76,50.147
2010-11-15,Sardar Sarovar,738.492,50.147
2010-11-16,Sardar Sarovar,737.507,50.147
2010-11-17,Sardar Sarovar,637.499,50.147
2010-11-18,Sardar Sarovar,525.518,50.147
2010-11-19,Sardar Sarovar,769.192,50.147
2010-11-20,Sardar Sarovar,670.488,50.147
2010-11-21,Sardar Sarovar,447.164,50.147
2010-11-22,Sardar Sarovar,532.291,50.147
2010-11-23,Sardar Sarovar,578.427,50.147
2010-11-24,Sardar Sarovar,591.367,50.147
2010-11-25,Sardar Sarovar,492.082,50.147
2010-11-26,Sardar Sarovar,609.141,50.147
2010-11-27,Sardar Sarovar,809.962,50.147
2010-11-28,Sardar Sarovar,590.994,50.147
2010-11-29,Sardar Sarovar,626.137,50.147
2010-11-30,Sardar Sarovar,766.588,50.147
2010-12-01,Sardar Sarovar,659.534,50.147
2010-12-02,Sardar Sarovar,488.588,49.794
2010-12-03,Sardar Sarovar,618.298,44.496
2010-12-04,Sardar Sarovar,714.197,48.734
2010-12-05,Sardar Sarovar,803.431,33.196
2010-12-06,Sardar Sarovar,695.528,19.423
2010-12-07,Sardar Sarovar,721.229,13.066
2010-12-08,Sardar Sarovar,741.222,36.374
2010-12-09,Sardar Sarovar,666.459,55.444
2010-12-10,Sardar Sarovar,805.965,44.85
2010-12-11,Sardar Sarovar,1024.781,52.619
2010-12-12,Sardar Sarovar,1163.542,50.5
2010-12-13,Sardar Sarovar,919.072,50.465
2010-12-14,Sardar Sarovar,893.755,50.429
2010-12-15,Sardar Sarovar,916.944,50.394
2010-12-16,Sardar Sarovar,976.151,50.359
2010-12-17,Sardar Sarovar,1102.87,50.323
2010-12-18,Sardar Sarovar,923.586,50.288
2010-12-19,Sardar Sarovar,910.904,50.253
2010-12-20,Sardar Sarovar,654.78,50.217
2010-12-21,Sardar Sarovar,651.521,50.182
2010-12-22,Sardar Sarovar,777.739,50.147
2010-12-23,Sardar Sarovar,687.419,50.112
2010-12-24,Sardar Sarovar,821.46,50.076
2010-12-25,Sardar Sarovar,1024.171,50.041
2010-12-26,Sardar Sarovar,999.862,50.006
2010-12-27,Sardar Sarovar,836.792,49.97
2010-12-28,Sardar Sarovar,838.356,49.935
2010-12-29,Sardar Sarovar,756.687,49.9
2010-12-30,Sardar Sarovar,730.789,49.864
2010-12-31,Sardar Sarovar,600.381,49.829
2011-01-01,Sardar Sarovar,661.175,49.794
2011-01-02,Sardar Sarovar,718.391,40.259
2011-01-03,Sardar Sarovar,717.898,39.906
2011-01-04,Sardar Sarovar,852.767,36.021
2011-01-05,Sardar Sarovar,837.171,29.311
2011-01-06,Sardar Sarovar,837.373,19.776
2011-01-07,Sardar Sarovar,799.674,8.122
2011-01-08,Sardar Sarovar,949.866,30.724
2011-01-09,Sardar Sarovar,1112.879,55.444
2011-01-10,Sardar Sarovar,885.676,55.444
2011-01-11,Sardar Sarovar,906.165,52.619
2011-01-12,Sardar Sarovar,786.979,48.381
2011-01-13,Sardar Sarovar,907.668,48.399
2011-01-14,Sardar Sarovar,879.708,48.416
2011-01-15,Sardar Sarovar,855.306,48.434
2011-01-16,Sardar Sarovar,1014.518,48.452
2011-01-17,Sardar Sarovar,762.074,48.469
2011-01-18,Sardar Sarovar,793.569,48.487
2011-01-19,Sardar Sarovar,942.862,48.505
2011-01-20,Sardar Sarovar,906.128,48.522
2011-01-21,Sardar Sarovar,805.225,48.54
2011-01-22,Sardar Sarovar,721.09,48.558
2011-01-23,Sardar Sarovar,1073.063,48.575
2011-01-24,Sardar Sarovar,711.091,48.593
2011-01-25,Sardar Sarovar,679.088,48.611
2011-01-26,Sardar Sarovar,1033.865,48.628
2011-01-27,Sardar Sarovar,694.962,48.646
2011-01-28,Sardar Sarovar,755.793,48.664
2011-01-29,Sardar Sarovar,759.709,48.681
2011-01-30,Sardar Sarovar,865.414,48.699
2011-01-31,Sardar Sarovar,772.926,48.717
2011-02-01,Sardar Sarovar,776.763,48.734
2011-02-02,Sardar Sarovar,786.858,40.612
2011-02-03,Sardar Sarovar,917.119,40.612
2011-02-04,Sardar Sarovar,915.49,36.374
2011-02-05,Sardar Sarovar,792.21,29.311
2011-02-06,Sardar Sarovar,1102.87,19.776
2011-02-07,Sardar Sarovar,786.306,9.535
2011-02-08,Sardar Sarovar,738.411,30.724
2011-02-09,Sardar Sarovar,887.342,55.444
2011-02-10,Sardar Sarovar,953.445,55.091
2011-02-11,Sardar Sarovar,703.491,52.972
2011-02-12,Sardar Sarovar,778.654,48.028
2011-02-13,Sardar Sarovar,938.68,47.986
2011-02-14,Sardar Sarovar,708.401,47.945
2011-02-15,Sardar Sarovar,624.492,47.903
2011-02-16,Sardar Sarovar,820.938,47.862
2011-02-17,Sardar Sarovar,892.567,47.82
2011-02-18,Sardar Sarovar,742.56,47.779
2011-02-19,Sardar Sarovar,730.921,47.737
2011-02-20,Sardar Sarovar,966.818,47.696
2011-02-21,Sardar Sarovar,765.316,47.654
2011-02-22,Sardar Sarovar,900.822,47.612
2011-02-23,Sardar Sarovar,769.624,47.571
2011-02-24,Sardar Sarovar,793.368,47.529
2011-02-25,Sardar Sarovar,778.448,47.488
2011-02-26,Sardar Sarovar,751.584,47.446
2011-02-27,Sardar Sarovar,1014.518,47.405
2011-02-28,Sardar Sarovar,761.79,47.363
2011-03-01,Sardar Sarovar,909.613,47.322
2011-03-02,Sardar Sarovar,990.364,40.965
2011-03-03,Sardar Sarovar,922.622,41.318
2011-03-04,Sardar Sarovar,923.502,36.727
2011-03-05,Sardar Sarovar,904.234,29.664
2011-03-06,Sardar Sarovar,1082.954,19.776
2011-03-07,Sardar Sarovar,907.739,10.948
2011-03-08,Sardar Sarovar,903.79,31.077
2011-03-09,Sardar Sarovar,807.188,55.444
2011-03-10,Sardar Sarovar,926.591,54.031
2011-03-11,Sardar Sarovar,866.11,52.972
2011-03-12,Sardar Sarovar,835.23,48.028
2011-03-13,Sardar Sarovar,1024.171,47.993
2011-03-14,Sardar Sarovar,843.521,47.957
2011-03-15,Sardar Sarovar,804.806,47.922
2011-03-16,Sardar Sarovar,960.755,47.887
2011-03-17,Sardar Sarovar,1051.474,47.851
2011-03-18,Sardar Sarovar,859.902,47.816
2011-03-19,Sardar Sarovar,908.303,47.781
2011-03-20,Sardar Sarovar,985.781,47.745
2011-03-21,Sardar Sarovar,648.715,47.71
2011-03-22,Sardar Sarovar,708.579,47.675
2011-03-23,Sardar Sarovar,659.707,47.639
2011-03-24,Sardar Sarovar,804.55,47.604
2011-03-25,Sardar Sarovar,757.787,47.569
2011-03-26,Sardar Sarovar,627.719,47.534
2011-03-27,Sardar Sarovar,920.118,47.498
2011-03-28,Sardar Sarovar,636.897,47.463
2011-03-29,Sardar Sarovar,655.857,47.428
2011-03-30,Sardar Sarovar,653.83,47.392
2011-03-31,Sardar Sarovar,938.978,47.357
2011-04-01,Sardar Sarovar,658.551,47.322
2011-04-02,Sardar Sarovar,852.098,40.965
2011-04-03,Sardar Sarovar,516.911,42.378
2011-04-04,Sardar Sarovar,651.819,38.14
2011-04-05,Sardar Sarovar,422.854,29.664
2011-04-06,Sardar Sarovar,402.396,20.129
2011-04-07,Sardar Sarovar,414.756,12.007
2011-04-08,Sardar Sarovar,600.095,31.43
2011-04-09,Sardar Sarovar,555.825,55.444
2011-04-10,Sardar Sarovar,531.376,51.913
2011-04-11,Sardar Sarovar,412.495,52.619
2011-04-12,Sardar Sarovar,560.847,48.028
2011-04-13,Sardar Sarovar,410.95,48.009
2011-04-14,Sardar Sarovar,546.025,47.991
2011-04-15,Sardar Sarovar,593.745,47.972
2011-04-16,Sardar Sarovar,910.904,47.954
2011-04-17,Sardar Sarovar,751.909,47.935
2011-04-18,Sardar Sarovar,446.818,47.916
2011-04-19,Sardar Sarovar,463.449,47.898
2011-04-20,Sardar Sarovar,435.295,47.879
2011-04-21,Sardar Sarovar,568.132,47.861
2011-04-22,Sardar Sarovar,583.396,47.842
2011-04-23,Sardar Sarovar,595.086,47.823
2011-04-24,Sardar Sarovar,957.403,47.805
2011-04-25,Sardar Sarovar,707.854,47.786
2011-04-26,Sardar Sarovar,662.764,47.768
2011-04-27,Sardar Sarovar,635.454,47.749
2011-04-28,Sardar Sarovar,719.605,47.731
2011-04-29,Sardar Sarovar,759.795,47.712
2011-04-30,Sardar Sarovar,1069.059,47.693
2011-05-01,Sardar Sarovar,735.073,47.675
2011-05-02,Sardar Sarovar,603.926,41.318
2011-05-03,Sardar Sarovar,657.33,42.731
2011-05-04,Sardar Sarovar,639.644,38.493
2011-05-05,Sardar Sarovar,751.777,29.664
2011-05-06,Sardar Sarovar,624.818,20.836
2011-05-07,Sardar Sarovar,456.205,12.713
2011-05-08,Sardar Sarovar,856.443,32.489
2011-05-09,Sardar Sarovar,687.023,55.444
2011-05-10,Sardar Sarovar,742.493,50.147
2011-05-11,Sardar Sarovar,740.989,52.619
2011-05-12,Sardar Sarovar,619.304,48.381
2011-05-13,Sardar Sarovar,692.729,48.346
2011-05-14,Sardar Sarovar,697.385,48.31
2011-05-15,Sardar Sarovar,1024.171,48.275
2011-05-16,Sardar Sarovar,886.308,48.24
2011-05-17,Sardar Sarovar,838.609,48.205
2011-05-18,Sardar Sarovar,853.88,48.169
2011-05-19,Sardar Sarovar,753.808,48.134
2011-05-20,Sardar Sarovar,643.793,48.099
2011-05-21,Sardar Sarovar,776.317,48.063
2011-05-22,Sardar Sarovar,575.829,48.028
2011-05-23,Sardar Sarovar,232.806,47.993
2011-05-24,Sardar Sarovar,247.227,47.957
2011-05-25,Sardar Sarovar,878.494,47.922
2011-05-26,Sardar Sarovar,858.102,47.887
2011-05-27,Sardar Sarovar,795.09,47.851
2011-05-28,Sardar Sarovar,1157.262,47.816
2011-05-29,Sardar Sarovar,892.584,47.781
2011-05-30,Sardar Sarovar,625.92,47.745
2011-05-31,Sardar Sarovar,724.847,47.71
2011-06-01,Sardar Sarovar,801.375,47.675
2011-06-02,Sardar Sarovar,954.884,40.965
2011-06-03,Sardar Sarovar,1255.089,42.378
2011-06-04,Sardar Sarovar,988.864,38.14
2011-06-05,Sardar Sarovar,1392.142,29.311
2011-06-06,Sardar Sarovar,652.441,21.542
2011-06-07,Sardar Sarovar,831.4,13.42
2011-06-08,Sardar Sarovar,781.582,33.902
2011-06-09,Sardar Sarovar,822.562,55.444
2011-06-10,Sardar Sarovar,768.409,49.087
2011-06-11,Sardar Sarovar,883.943,52.266
2011-06-12,Sardar Sarovar,1121.721,48.028
2011-06-13,Sardar Sarovar,919.963,48.009
2011-06-14,Sardar Sarovar,910.579,47.991
2011-06-15,Sardar Sarovar,694.434,47.972
2011-06-16,Sardar Sarovar,1278.097,47.954
2011-06-17,Sardar Sarovar,1058.743,47.935
2011-06-18,Sardar Sarovar,1186.742,47.916
2011-06-19,Sardar Sarovar,977.879,47.898
2011-06-20,Sardar Sarovar,932.631,47.879
2011-06-21,Sardar Sarovar,880.62,47.861
2011-06-22,Sardar Sarovar,1098.056,47.842
2011-06-23,Sardar Sarovar,1136.446,47.823
2011-06-24,Sardar Sarovar,1162.162,47.805
2011-06-25,Sardar Sarovar,1436.845,47.786
2011-06-26,Sardar Sarovar,1733.928,47.768
2011-06-27,Sardar Sarovar,1552.524,47.749
2011-06-28,Sardar Sarovar,1726.185,47.731
2011-06-29,Sardar Sarovar,1327.488,47.712
2011-06-30,Sardar Sarovar,1453.414,47.693
2011-07-01,Sardar Sarovar,1657.458,47.675
2011-07-02,Sardar Sarovar,1634.716,40.259
2011-07-03,Sardar Sarovar,1359.768,42.378
2011-07-04,Sardar Sarovar,1190.358,37.08
2011-07-05,Sardar Sarovar,1645.838,29.311
2011-07-06,Sardar Sarovar,1481.097,20.836
2011-07-07,Sardar Sarovar,1478.31,14.832
2011-07-08,Sardar Sarovar,1443.919,34.962
2011-07-09,Sardar Sarovar,1224.826,55.444
2011-07-10,Sardar Sarovar,988.7,48.381
2011-07-11,Sardar Sarovar,1181.243,51.913
2011-07-12,Sardar Sarovar,1153.808,48.381
2011-07-13,Sardar Sarovar,1215.973,48.328
2011-07-14,Sardar Sarovar,1642.837,48.275
2011-07-15,Sardar Sarovar,916.781,48.222
2011-07-16,Sardar Sarovar,833.544,48.169
2011-07-17,Sardar Sarovar,988.7,48.116
2011-07-18,Sardar Sarovar,1328.204,48.063
2011-07-19,Sardar Sarovar,1468.121,48.01
2011-07-20,Sardar Sarovar,1688.256,47.957
2011-07-21,Sardar Sarovar,1082.274,47.904
2011-07-22,Sardar Sarovar,1319.683,47.851
2011-07-23,Sardar Sarovar,1476.205,47.798
2011-07-24,Sardar Sarovar,1566.197,47.745
2011-07-25,Sardar Sarovar,1461.23,47.692
2011-07-26,Sardar Sarovar,1479.297,47.639
2011-07-27,Sardar Sarovar,2108.965,47.587
2011-07-28,Sardar Sarovar,3400.492,47.534
2011-07-29,Sardar Sarovar,1665.789,47.481
2011-07-30,Sardar Sarovar,1486.073,47.428
2011-07-31,Sardar Sarovar,1441.152,47.375
2011-08-01,Sardar Sarovar,1448.639,47.322
2011-08-02,Sardar Sarovar,1726.829,40.259
2011-08-03,Sardar Sarovar,1900.625,42.024
2011-08-04,Sardar Sarovar,1919.631,36.374
2011-08-05,Sardar Sarovar,2299.166,29.311
2011-08-06,Sardar Sarovar,1994.179,20.129
2011-08-07,Sardar Sarovar,1720.827,16.951
2011-08-08,Sardar Sarovar,1775.845,34.962
2011-08-09,Sardar Sarovar,2055.073,55.444
2011-08-10,Sardar Sarovar,2676.223,49.087
2011-08-11,Sardar Sarovar,2545.196,51.559
2011-08-12,Sardar Sarovar,2631.505,48.734
2011-08-13,Sardar Sarovar,2907.535,48.664
2011-08-14,Sardar Sarovar,2654.94,48.593
2011-08-15,Sardar Sarovar,2342.994,48.522
2011-08-16,Sardar Sarovar,2483.55,48.452
2011-08-17,Sardar Sarovar,2613.168,48.381
2011-08-18,Sardar Sarovar,2606.008,48.31
2011-08-19,Sardar Sarovar,3394.159,48.24
2011-08-20,Sardar Sarovar,4182.31,48.169
2011-08-21,Sardar Sarovar,4970.461,48.099
2011-08-22,Sardar Sarovar,3235.806,48.028
2011-08-23,Sardar Sarovar,3352.197,47.957
2011-08-24,Sardar Sarovar,3468.587,47.887
2011-08-25,Sardar Sarovar,3584.977,47.816
2011-08-26,Sardar Sarovar,3436.343,47.745
2011-08-27,Sardar Sarovar,17698.742,47.675
2011-08-28,Sardar Sarovar,7280.658,47.604
2011-08-29,Sardar Sarovar,5185.617,47.534
2011-08-30,Sardar Sarovar,8318.036,47.463
2011-08-31,Sardar Sarovar,7366.287,47.392
2011-09-01,Sardar Sarovar,5064.589,47.322
2011-09-02,Sardar Sarovar,4407.943,39.552
2011-09-03,Sardar Sarovar,13058.978,42.024
2011-09-04,Sardar Sarovar,8263.097,35.668
2011-09-05,Sardar Sarovar,3933.782,28.958
2011-09-06,Sardar Sarovar,3871.154,20.129
2011-09-07,Sardar Sarovar,3846.221,19.07
2011-09-08,Sardar Sarovar,9296.361,36.374
2011-09-09,Sardar Sarovar,4670.501,55.444
2011-09-10,Sardar Sarovar,9480.483,49.794
2011-09-11,Sardar Sarovar,9379.884,51.206
2011-09-12,Sardar Sarovar,4935.736,48.381
2011-09-13,Sardar Sarovar,4112.736,48.307
2011-09-14,Sardar Sarovar,4742.75,48.232
2011-09-15,Sardar Sarovar,6391.138,48.158
2011-09-16,Sardar Sarovar,3961.022,48.084
2011-09-17,Sardar Sarovar,4832.59,48.009
2011-09-18,Sardar Sarovar,5216.4,47.935
2011-09-19,Sardar Sarovar,4024.391,47.861
2011-09-20,Sardar Sarovar,3646.877,47.786
2011-09-21,Sardar Sarovar,3385.814,47.712
2011-09-22,Sardar Sarovar,3801.087,47.638
2011-09-23,Sardar Sarovar,3914.794,47.563
2011-09-24,Sardar Sarovar,2507.67,47.489
2011-09-25,Sardar Sarovar,2372.136,47.415
2011-09-26,Sardar Sarovar,2543.246,47.34
2011-09-27,Sardar Sarovar,2551.997,47.266
2011-09-28,Sardar Sarovar,2510.513,47.192
2011-09-29,Sardar Sarovar,2509.802,47.117
2011-09-30,Sardar Sarovar,2510.35,47.043
2011-10-01,Sardar Sarovar,2543.692,46.969
2011-10-02,Sardar Sarovar,1840.003,39.552
2011-10-03,Sardar Sarovar,1614.846,41.671
2011-10-04,Sardar Sarovar,1672.152,35.315
2011-10-05,Sardar Sarovar,1728.027,28.605
2011-10-06,Sardar Sarovar,1760.251,20.129
2011-10-07,Sardar Sarovar,1653.572,20.836
2011-10-08,Sardar Sarovar,2498.067,39.906
2011-10-09,Sardar Sarovar,1578.887,55.444
2011-10-10,Sardar Sarovar,1422.035,49.087
2011-10-11,Sardar Sarovar,1377.054,51.206
2011-10-12,Sardar Sarovar,1406.223,48.028
2011-10-13,Sardar Sarovar,1465.882,47.975
2011-10-14,Sardar Sarovar,1179.569,47.922
2011-10-15,Sardar Sarovar,1383.368,47.869
2011-10-16,Sardar Sarovar,1367.845,47.816
2011-10-17,Sardar Sarovar,1131.616,47.763
2011-10-18,Sardar Sarovar,1073.79,47.71
2011-10-19,Sardar Sarovar,1008.699,47.657
2011-10-20,Sardar Sarovar,977.014,47.604
2011-10-21,Sardar Sarovar,1039.017,47.551
2011-10-22,Sardar Sarovar,946.262,47.498
2011-10-23,Sardar Sarovar,1133.073,47.445
2011-10-24,Sardar Sarovar,974.081,47.392
2011-10-25,Sardar Sarovar,1038.571,47.339
2011-10-26,Sardar Sarovar,1630.032,47.286
2011-10-27,Sardar Sarovar,1393.81,47.233
2011-10-28,Sardar Sarovar,950.448,47.18
2011-10-29,Sardar Sarovar,931.062,47.127
2011-10-30,Sardar Sarovar,1144.446,47.074
2011-10-31,Sardar Sarovar,1036.019,47.021
2011-11-01,Sardar Sarovar,990.576,46.969
2011-11-02,Sardar Sarovar,813.643,39.552
2011-11-03,Sardar Sarovar,757.865,41.671
2011-11-04,Sardar Sarovar,755.338,35.315
2011-11-05,Sardar Sarovar,807.581,28.252
2011-11-06,Sardar Sarovar,701.394,20.129
2011-11-07,Sardar Sarovar,903.23,21.189
2011-11-08,Sardar Sarovar,751.445,42.378
2011-11-09,Sardar Sarovar,743.156,55.444
2011-11-10,Sardar Sarovar,1260.347,49.441
2011-11-11,Sardar Sarovar,969.131,51.559
2011-11-12,Sardar Sarovar,759.767,48.028
2011-11-13,Sardar Sarovar,913.78,47.972
2011-11-14,Sardar Sarovar,755.807,47.916
2011-11-15,Sardar Sarovar,770.571,47.861
2011-11-16,Sardar Sarovar,669.136,47.805
2011-11-17,Sardar Sarovar,654.622,47.749
2011-11-18,Sardar Sarovar,616.368,47.693
2011-11-19,Sardar Sarovar,544.752,47.638
2011-11-20,Sardar Sarovar,607.143,47.582
2011-11-21,Sardar Sarovar,543.447,47.526
2011-11-22,Sardar Sarovar,578.465,47.47
2011-11-23,Sardar Sarovar,763.113,47.415
2011-11-24,Sardar Sarovar,734.822,47.359
2011-11-25,Sardar Sarovar,716.153,47.303
2011-11-26,Sardar Sarovar,593.547,47.247
2011-11-27,Sardar Sarovar,579.782,47.192
2011-11-28,Sardar Sarovar,483.425,47.136
2011-11-29,Sardar Sarovar,476.735,47.08
2011-11-30,Sardar Sarovar,471.103,47.024
2011-12-01,Sardar Sarovar,455.468,46.969
2011-12-02,Sardar Sarovar,496.022,39.552
2011-12-03,Sardar Sarovar,459.442,41.671
2011-12-04,Sardar Sarovar,634.944,34.608
2011-12-05,Sardar Sarovar,488.748,28.252
2011-12-06,Sardar Sarovar,672.639,20.129
2011-12-07,Sardar Sarovar,456.509,21.542
2011-12-08,Sardar Sarovar,447.562,44.496
2011-12-09,Sardar Sarovar,519.697,55.444
2011-12-10,Sardar Sarovar,519.69,48.734
2011-12-11,Sardar Sarovar,644.295,52.619
2011-12-12,Sardar Sarovar,576.827,48.028
2011-12-13,Sardar Sarovar,449.504,48.081
2011-12-14,Sardar Sarovar,450.588,48.134
2011-12-15,Sardar Sarovar,447.317,48.187
2011-12-16,Sardar Sarovar,470.056,48.24
2011-12-17,Sardar Sarovar,472.174,48.293
2011-12-18,Sardar Sarovar,579.782,48.346
2011-12-19,Sardar Sarovar,454.846,48.399
2011-12-20,Sardar Sarovar,446.771,48.452
2011-12-21,Sardar Sarovar,574.893,48.505
2011-12-22,Sardar Sarovar,592.125,48.558
2011-12-23,Sardar Sarovar,539.739,48.611
2011-12-24,Sardar Sarovar,579.925,48.664
2011-12-25,Sardar Sarovar,588.864,48.717
2011-12-26,Sardar Sarovar,435.559,48.77
2011-12-27,Sardar Sarovar,446.11,48.823
2011-12-28,Sardar Sarovar,569.553,48.875
2011-12-29,Sardar Sarovar,531.048,48.928
2011-12-30,Sardar Sarovar,443.674,48.981
2011-12-31,Sardar Sarovar,513.703,49.034
2012-01-01,Sardar Sarovar,462.072,49.087
2012-01-02,Sardar Sarovar,307.254,39.906
2012-01-03,Sardar Sarovar,332.386,30.017
2012-01-04,Sardar Sarovar,474.134,19.776
2012-01-05,Sardar Sarovar,541.484,21.895
2012-01-06,Sardar Sarovar,536.845,17.304
2012-01-07,Sardar Sarovar,501.501,8.829
2012-01-08,Sardar Sarovar,625.626,32.136
2012-01-09,Sardar Sarovar,467.647,55.444
2012-01-10,Sardar Sarovar,570.762,52.266
2012-01-11,Sardar Sarovar,493.828,51.559
2012-01-12,Sardar Sarovar,488.159,50.853
2012-01-13,Sardar Sarovar,461.929,50.765
2012-01-14,Sardar Sarovar,572.232,50.677
2012-01-15,Sardar Sarovar,740.36,50.588
2012-01-16,Sardar Sarovar,492.808,50.5
2012-01-17,Sardar Sarovar,405.611,50.412
2012-01-18,Sardar Sarovar,409.723,50.323
2012-01-19,Sardar Sarovar,460.624,50.235
2012-01-20,Sardar Sarovar,510.921,50.147
2012-01-21,Sardar Sarovar,574.505,50.059
2012-01-22,Sardar Sarovar,760.117,49.97
2012-01-23,Sardar Sarovar,618.97,49.882
2012-01-24,Sardar Sarovar,613.098,49.794
2012-01-25,Sardar Sarovar,515.031,49.705
2012-01-26,Sardar Sarovar,682.174,49.617
2012-01-27,Sardar Sarovar,483.747,49.529
2012-01-28,Sardar Sarovar,495.408,49.441
2012-01-29,Sardar Sarovar,570.762,49.352
2012-01-30,Sardar Sarovar,367.955,49.264
2012-01-31,Sardar Sarovar,400.497,49.176
2012-02-01,Sardar Sarovar,479.651,49.087
2012-02-02,Sardar Sarovar,479.246,39.199
2012-02-03,Sardar Sarovar,506.413,30.017
2012-02-04,Sardar Sarovar,520.068,19.776
2012-02-05,Sardar Sarovar,740.36,22.248
2012-02-06,Sardar Sarovar,495.481,16.598
2012-02-07,Sardar Sarovar,501.339,8.476
2012-02-08,Sardar Sarovar,482.344,31.077
2012-02-09,Sardar Sarovar,481.197,55.444
2012-02-10,Sardar Sarovar,512.118,51.206
2012-02-11,Sardar Sarovar,482.18,51.206
2012-02-12,Sardar Sarovar,682.174,50.147
2012-02-13,Sardar Sarovar,482.19,50.049
2012-02-14,Sardar Sarovar,525.9,49.951
2012-02-15,Sardar Sarovar,495.863,49.853
2012-02-16,Sardar Sarovar,487.074,49.754
2012-02-17,Sardar Sarovar,423.085,49.656
2012-02-18,Sardar Sarovar,443.882,49.558
2012-02-19,Sardar Sarovar,682.174,49.46
2012-02-20,Sardar Sarovar,780.05,49.362
2012-02-21,Sardar Sarovar,722.953,49.264
2012-02-22,Sardar Sarovar,437.388,49.166
2012-02-23,Sardar Sarovar,517.741,49.068
2012-02-24,Sardar Sarovar,491.272,48.97
2012-02-25,Sardar Sarovar,450.512,48.872
2012-02-26,Sardar Sarovar,607.143,48.773
2012-02-27,Sardar Sarovar,425.322,48.675
2012-02-28,Sardar Sarovar,424.306,48.577
2012-02-29,Sardar Sarovar,456.556,48.479
2012-03-01,Sardar Sarovar,495.996,48.381
2012-03-02,Sardar Sarovar,554.678,38.493
2012-03-03,Sardar Sarovar,595.285,28.605
2012-03-04,Sardar Sarovar,1032.417,19.776
2012-03-05,Sardar Sarovar,618.174,22.955
2012-03-06,Sardar Sarovar,1031.45,15.892
2012-03-07,Sardar Sarovar,1133.228,8.476
2012-03-08,Sardar Sarovar,988.7,30.017
2012-03-09,Sardar Sarovar,833.947,55.444
2012-03-10,Sardar Sarovar,677.634,50.853
2012-03-11,Sardar Sarovar,934.972,50.5
2012-03-12,Sardar Sarovar,603.247,49.441
2012-03-13,Sardar Sarovar,593.534,49.352
2012-03-14,Sardar Sarovar,516.586,49.264
2012-03-15,Sardar Sarovar,525.675,49.176
2012-03-16,Sardar Sarovar,566.605,49.087
2012-03-17,Sardar Sarovar,533.444,48.999
2012-03-18,Sardar Sarovar,644.295,48.911
2012-03-19,Sardar Sarovar,534.802,48.823
2012-03-20,Sardar Sarovar,507.28,48.734
2012-03-21,Sardar Sarovar,532.541,48.646
2012-03-22,Sardar Sarovar,690.372,48.558
2012-03-23,Sardar Sarovar,739.895,48.469
2012-03-24,Sardar Sarovar,693.71,48.381
2012-03-25,Sardar Sarovar,663.15,48.293
2012-03-26,Sardar Sarovar,511.967,48.205
2012-03-27,Sardar Sarovar,478.931,48.116
2012-03-28,Sardar Sarovar,522.766,48.028
2012-03-29,Sardar Sarovar,482.973,47.94
2012-03-30,Sardar Sarovar,492.509,47.851
2012-03-31,Sardar Sarovar,496.411,47.763
2012-04-01,Sardar Sarovar,457.907,47.675
2012-04-02,Sardar Sarovar,594.06,37.787
2012-04-03,Sardar Sarovar,735.198,28.605
2012-04-04,Sardar Sarovar,674.088,19.776
2012-04-05,Sardar Sarovar,634.944,23.661
2012-04-06,Sardar Sarovar,967.083,15.538
2012-04-07,Sardar Sarovar,734.433,9.888
2012-04-08,Sardar Sarovar,903.23,28.605
2012-04-09,Sardar Sarovar,696.746,55.444
2012-04-10,Sardar Sarovar,614.685,50.853
2012-04-11,Sardar Sarovar,501.789,50.147
2012-04-12,Sardar Sarovar,590.03,48.734
2012-04-13,Sardar Sarovar,476.1,48.697
2012-04-14,Sardar Sarovar,535.151,48.66
2012-04-15,Sardar Sarovar,988.7,48.623
2012-04-16,Sardar Sarovar,973.292,48.586
2012-04-17,Sardar Sarovar,942.633,48.548
2012-04-18,Sardar Sarovar,864.337,48.511
2012-04-19,Sardar Sarovar,884.376,48.474
2012-04-20,Sardar Sarovar,929.387,48.437
2012-04-21,Sardar Sarovar,637.002,48.4
2012-04-22,Sardar Sarovar,790.075,48.363
2012-04-23,Sardar Sarovar,655.477,48.325
2012-04-24,Sardar Sarovar,805.964,48.288
2012-04-25,Sardar Sarovar,601.006,48.251
2012-04-26,Sardar Sarovar,837.53,48.214
2012-04-27,Sardar Sarovar,628.855,48.177
2012-04-28,Sardar Sarovar,647.665,48.139
2012-04-29,Sardar Sarovar,740.36,48.102
2012-04-30,Sardar Sarovar,478.344,48.065
2012-05-01,Sardar Sarovar,721.286,48.028
2012-05-02,Sardar Sarovar,734.469,37.08
2012-05-03,Sardar Sarovar,1336.244,28.605
2012-05-04,Sardar Sarovar,899.728,19.423
2012-05-05,Sardar Sarovar,845.913,24.014
2012-05-06,Sardar Sarovar,720.795,14.832
2012-05-07,Sardar Sarovar,304.625,10.594
2012-05-08,Sardar Sarovar,266.553,27.545
2012-05-09,Sardar Sarovar,880.758,55.444
2012-05-10,Sardar Sarovar,1090.154,50.5
2012-05-11,Sardar Sarovar,811.272,49.441
2012-05-12,Sardar Sarovar,1097.069,48.381
2012-05-13,Sardar Sarovar,1099.168,48.363
2012-05-14,Sardar Sarovar,801.469,48.346
2012-05-15,Sardar Sarovar,867.561,48.328
2012-05-16,Sardar Sarovar,970.972,48.31
2012-05-17,Sardar Sarovar,994.852,48.293
2012-05-18,Sardar Sarovar,949.729,48.275
2012-05-19,Sardar Sarovar,605.292,48.257
2012-05-20,Sardar Sarovar,740.36,48.24
2012-05-21,Sardar Sarovar,584.276,48.222
2012-05-22,Sardar Sarovar,563.628,48.205
2012-05-23,Sardar Sarovar,678.81,48.187
2012-05-24,Sardar Sarovar,683.074,48.169
2012-05-25,Sardar Sarovar,774.75,48.152
2012-05-26,Sardar Sarovar,766.659,48.134
2012-05-27,Sardar Sarovar,820.423,48.116
2012-05-28,Sardar Sarovar,755.299,48.099
2012-05-29,Sardar Sarovar,942.889,48.081
2012-05-30,Sardar Sarovar,766.393,48.063
2012-05-31,Sardar Sarovar,802.372,48.046
2012-06-01,Sardar Sarovar,659.97,48.028
2012-06-02,Sardar Sarovar,704.407,36.727
2012-06-03,Sardar Sarovar,693.063,28.605
2012-06-04,Sardar Sarovar,689.757,19.07
2012-06-05,Sardar Sarovar,593.502,24.014
2012-06-06,Sardar Sarovar,652.113,14.479
2012-06-07,Sardar Sarovar,626.267,11.301
2012-06-08,Sardar Sarovar,611.196,26.486
2012-06-09,Sardar Sarovar,672.049,55.444
2012-06-10,Sardar Sarovar,885.814,50.853
2012-06-11,Sardar Sarovar,657.273,49.441
2012-06-12,Sardar Sarovar,674.435,48.734
2012-06-13,Sardar Sarovar,698.354,48.716
2012-06-14,Sardar Sarovar,667.634,48.697
2012-06-15,Sardar Sarovar,664.037,48.678
2012-06-16,Sardar Sarovar,619.106,48.66
2012-06-17,Sardar Sarovar,588.15,48.641
2012-06-18,Sardar Sarovar,465.338,48.623
2012-06-19,Sardar Sarovar,486.213,48.604
2012-06-20,Sardar Sarovar,750.292,48.586
2012-06-21,Sardar Sarovar,613.076,48.567
2012-06-22,Sardar Sarovar,566.268,48.548
2012-06-23,Sardar Sarovar,786.466,48.53
2012-06-24,Sardar Sarovar,660.05,48.511
2012-06-25,Sardar Sarovar,557.112,48.493
2012-06-26,Sardar Sarovar,481.362,48.474
2012-06-27,Sardar Sarovar,436.868,48.455
2012-06-28,Sardar Sarovar,432.323,48.437
2012-06-29,Sardar Sarovar,552.105,48.418
2012-06-30,Sardar Sarovar,269.741,48.4
2012-07-01,Sardar Sarovar,214.213,48.381
2012-07-02,Sardar Sarovar,264.671,36.374
2012-07-03,Sardar Sarovar,429.646,28.252
2012-07-04,Sardar Sarovar,728.513,19.776
2012-07-05,Sardar Sarovar,419.499,24.014
2012-07-06,Sardar Sarovar,318.367,14.479
2012-07-07,Sardar Sarovar,728.513,11.654
2012-07-08,Sardar Sarovar,224.769,24.367
2012-07-09,Sardar Sarovar,417.005,55.444
2012-07-10,Sardar Sarovar,815.199,51.559
2012-07-11,Sardar Sarovar,423.416,49.441
2012-07-12,Sardar Sarovar,531.798,48.734
2012-07-13,Sardar Sarovar,554.374,48.734
2012-07-14,Sardar Sarovar,486.922,48.734
2012-07-15,Sardar Sarovar,298.177,48.734
2012-07-16,Sardar Sarovar,326.241,48.734
2012-07-17,Sardar Sarovar,476.506,48.734
2012-07-18,Sardar Sarovar,469.494,48.734
2012-07-19,Sardar Sarovar,644.083,48.734
2012-07-20,Sardar Sarovar,560.76,48.734
2012-07-21,Sardar Sarovar,964.885,48.734
2012-07-22,Sardar Sarovar,760.967,48.734
2012-07-23,Sardar Sarovar,736.876,48.734
2012-07-24,Sardar Sarovar,1152.566,48.734
2012-07-25,Sardar Sarovar,883.95,48.734
2012-07-26,Sardar Sarovar,735.185,48.734
2012-07-27,Sardar Sarovar,618.449,48.734
2012-07-28,Sardar Sarovar,2535.153,48.734
2012-07-29,Sardar Sarovar,5613.679,48.734
2012-07-30,Sardar Sarovar,1003.734,48.734
2012-07-31,Sardar Sarovar,1373.428,48.734
2012-08-01,Sardar Sarovar,486.316,48.734
2012-08-02,Sardar Sarovar,812.803,36.021
2012-08-03,Sardar Sarovar,608.158,29.311
2012-08-04,Sardar Sarovar,817.74,19.07
2012-08-05,Sardar Sarovar,1057.174,23.308
2012-08-06,Sardar Sarovar,1008.949,14.479
2012-08-07,Sardar Sarovar,23146.197,12.007
2012-08-08,Sardar Sarovar,32442.234,55.444
2012-08-09,Sardar Sarovar,5390.378,55.444
2012-08-10,Sardar Sarovar,7458.705,52.619
2012-08-11,Sardar Sarovar,3161.419,50.853
2012-08-12,Sardar Sarovar,6419.208,48.734
2012-08-13,Sardar Sarovar,9229.989,48.734
2012-08-14,Sardar Sarovar,5289.955,48.734
2012-08-15,Sardar Sarovar,6020.92,48.734
2012-08-16,Sardar Sarovar,3211.526,48.734
2012-08-17,Sardar Sarovar,3304.423,48.734
2012-08-18,Sardar Sarovar,3020.977,48.734
2012-08-19,Sardar Sarovar,3168.858,48.734
2012-08-20,Sardar Sarovar,3184.101,48.734
2012-08-21,Sardar Sarovar,3951.132,48.734
2012-08-22,Sardar Sarovar,11080.042,48.734
2012-08-23,Sardar Sarovar,11944.934,48.734
2012-08-24,Sardar Sarovar,2010.117,48.734
2012-08-25,Sardar Sarovar,1905.748,48.734
2012-08-26,Sardar Sarovar,1808.179,48.734
2012-08-27,Sardar Sarovar,4712.684,48.734
2012-08-28,Sardar Sarovar,1108.703,48.734
2012-08-29,Sardar Sarovar,1776.261,48.734
2012-08-30,Sardar Sarovar,2178.719,48.734
2012-08-31,Sardar Sarovar,1368.06,48.734
2012-09-01,Sardar Sarovar,4467.311,48.734
2012-09-02,Sardar Sarovar,3047.895,36.021
2012-09-03,Sardar Sarovar,1416.842,30.017
2012-09-04,Sardar Sarovar,2258.592,18.717
2012-09-05,Sardar Sarovar,2100.24,22.955
2012-09-06,Sardar Sarovar,33479.3,14.479
2012-09-07,Sardar Sarovar,11552.933,12.36
2012-09-08,Sardar Sarovar,5392.106,55.444
2012-09-09,Sardar Sarovar,3153.644,55.444
2012-09-10,Sardar Sarovar,4580.893,52.972
2012-09-11,Sardar Sarovar,10560.459,51.559
2012-09-12,Sardar Sarovar,4775.3,48.381
2012-09-13,Sardar Sarovar,4275.547,48.418
2012-09-14,Sardar Sarovar,3637.624,48.455
2012-09-15,Sardar Sarovar,3872.924,48.493
2012-09-16,Sardar Sarovar,3017.964,48.53
2012-09-17,Sardar Sarovar,2005.793,48.567
2012-09-18,Sardar Sarovar,1737.967,48.604
2012-09-19,Sardar Sarovar,2568.648,48.641
2012-09-20,Sardar Sarovar,2695.197,48.678
2012-09-21,Sardar Sarovar,2059.701,48.716
2012-09-22,Sardar Sarovar,2177.597,48.753
2012-09-23,Sardar Sarovar,1919.25,48.79
2012-09-24,Sardar Sarovar,1771.727,48.827
2012-09-25,Sardar Sarovar,2217.365,48.864
2012-09-26,Sardar Sarovar,2159.442,48.902
2012-09-27,Sardar Sarovar,2123.384,48.939
2012-09-28,Sardar Sarovar,1761.779,48.976
2012-09-29,Sardar Sarovar,1413.688,49.013
2012-09-30,Sardar Sarovar,1293.285,49.05
2012-10-01,Sardar Sarovar,1714.216,49.087
2012-10-02,Sardar Sarovar,1513.675,36.374
2012-10-03,Sardar Sarovar,1457.179,30.017
2012-10-04,Sardar Sarovar,1589.853,18.364
2012-10-05,Sardar Sarovar,1460.977,23.308
2012-10-06,Sardar Sarovar,1491.676,14.479
2012-10-07,Sardar Sarovar,1491.032,12.36
2012-10-08,Sardar Sarovar,1376.441,55.444
2012-10-09,Sardar Sarovar,1247.558,55.444
2012-10-10,Sardar Sarovar,1423.75,52.619
2012-10-11,Sardar Sarovar,1058.352,51.913
2012-10-12,Sardar Sarovar,1111.128,48.381
2012-10-13,Sardar Sarovar,1148.032,48.434
2012-10-14,Sardar Sarovar,1076.955,48.487
2012-10-15,Sardar Sarovar,1061.21,48.54
2012-10-16,Sardar Sarovar,1340.321,48.593
2012-10-17,Sardar Sarovar,1347.215,48.646
2012-10-18,Sardar Sarovar,1593.049,48.699
2012-10-19,Sardar Sarovar,1560.187,48.752
2012-10-20,Sardar Sarovar,1644.214,48.805
2012-10-21,Sardar Sarovar,1379.791,48.858
2012-10-22,Sardar Sarovar,916.44,48.911
2012-10-23,Sardar Sarovar,1189.264,48.964
2012-10-24,Sardar Sarovar,1057.174,49.017
2012-10-25,Sardar Sarovar,951.319,49.07
2012-10-26,Sardar Sarovar,939.173,49.123
2012-10-27,Sardar Sarovar,1336.27,49.176
2012-10-28,Sardar Sarovar,1057.17,49.229
2012-10-29,Sardar Sarovar,1250.14,49.282
2012-10-30,Sardar Sarovar,940.139,49.335
2012-10-31,Sardar Sarovar,982.959,49.388
2012-11-01,Sardar Sarovar,641.403,49.441
2012-11-02,Sardar Sarovar,871.785,35.668
2012-11-03,Sardar Sarovar,483.834,29.311
2012-11-04,Sardar Sarovar,701.41,16.598
2012-11-05,Sardar Sarovar,551.274,24.367
2012-11-06,Sardar Sarovar,744.774,14.832
2012-11-07,Sardar Sarovar,1036.307,13.42
2012-11-08,Sardar Sarovar,739.714,55.444
2012-11-09,Sardar Sarovar,732.487,55.444
2012-11-10,Sardar Sarovar,710.163,52.266
2012-11-11,Sardar Sarovar,1293.285,52.619
2012-11-12,Sardar Sarovar,774.347,48.381
2012-11-13,Sardar Sarovar,1157.516,48.437
2012-11-14,Sardar Sarovar,726.501,48.493
2012-11-15,Sardar Sarovar,525.639,48.548
2012-11-16,Sardar Sarovar,551.396,48.604
2012-11-17,Sardar Sarovar,572.261,48.66
2012-11-18,Sardar Sarovar,752.345,48.716
2012-11-19,Sardar Sarovar,574.587,48.771
2012-11-20,Sardar Sarovar,623.088,48.827
2012-11-21,Sardar Sarovar,594.106,48.883
2012-11-22,Sardar Sarovar,601.46,48.939
2012-11-23,Sardar Sarovar,1010.997,48.994
2012-11-24,Sardar Sarovar,958.118,49.05
2012-11-25,Sardar Sarovar,804.688,49.106
2012-11-26,Sardar Sarovar,857.244,49.162
2012-11-27,Sardar Sarovar,1021.293,49.217
2012-11-28,Sardar Sarovar,1008.366,49.273
2012-11-29,Sardar Sarovar,767.162,49.329
2012-11-30,Sardar Sarovar,775.509,49.385
2012-12-01,Sardar Sarovar,746.53,49.441
2012-12-02,Sardar Sarovar,778.342,35.668
2012-12-03,Sardar Sarovar,619.304,28.605
2012-12-04,Sardar Sarovar,623.973,17.304
2012-12-05,Sardar Sarovar,679.962,24.72
2012-12-06,Sardar Sarovar,673.903,14.479
2012-12-07,Sardar Sarovar,741.075,14.479
2012-12-08,Sardar Sarovar,663.026,55.444
2012-12-09,Sardar Sarovar,760.967,55.444
2012-12-10,Sardar Sarovar,674.416,51.913
2012-12-11,Sardar Sarovar,742.202,54.385
2012-12-12,Sardar Sarovar,771.035,48.381
2012-12-13,Sardar Sarovar,585.121,48.381
2012-12-14,Sardar Sarovar,724.59,48.381
2012-12-15,Sardar Sarovar,586.335,48.381
2012-12-16,Sardar Sarovar,572.618,48.381
2012-12-17,Sardar Sarovar,443.421,48.381
2012-12-18,Sardar Sarovar,435.839,48.381
2012-12-19,Sardar Sarovar,592.475,48.381
2012-12-20,Sardar Sarovar,836.355,48.381
2012-12-21,Sardar Sarovar,675.869,48.381
2012-12-22,Sardar Sarovar,599.499,48.381
2012-12-23,Sardar Sarovar,611.75,48.381
2012-12-24,Sardar Sarovar,604.98,48.381
2012-12-25,Sardar Sarovar,778.342,48.381
2012-12-26,Sardar Sarovar,635.102,48.381
2012-12-27,Sardar Sarovar,612.902,48.381
2012-12-28,Sardar Sarovar,726.446,48.381
2012-12-29,Sardar Sarovar,665.309,48.381
2012-12-30,Sardar Sarovar,743.762,48.381
2012-12-31,Sardar Sarovar,616.845,48.381
2013-01-01,Sardar Sarovar,532.676,48.381
2013-01-02,Sardar Sarovar,461.086,33.549
2013-01-03,Sardar Sarovar,692.715,28.605
2013-01-04,Sardar Sarovar,654.804,29.311
2013-01-05,Sardar Sarovar,607.783,31.077
2013-01-06,Sardar Sarovar,603.847,21.189
2013-01-07,Sardar Sarovar,475.54,15.892
2013-01-08,Sardar Sarovar,605.123,55.444
2013-01-09,Sardar Sarovar,643.598,55.444
2013-01-10,Sardar Sarovar,601.325,55.444
2013-01-11,Sardar Sarovar,624.44,51.559
2013-01-12,Sardar Sarovar,578.089,0.0
2013-01-13,Sardar Sarovar,718.235,2.419
2013-01-14,Sardar Sarovar,541.32,4.838
2013-01-15,Sardar Sarovar,557.234,7.257
2013-01-16,Sardar Sarovar,632.89,9.676
2013-01-17,Sardar Sarovar,647.254,12.095
2013-01-18,Sardar Sarovar,469.838,14.514
2013-01-19,Sardar Sarovar,651.933,16.933
2013-01-20,Sardar Sarovar,534.52,19.352
2013-01-21,Sardar Sarovar,513.432,21.771
2013-01-22,Sardar Sarovar,501.28,24.191
2013-01-23,Sardar Sarovar,464.036,26.61
2013-01-24,Sardar Sarovar,460.85,29.029
2013-01-25,Sardar Sarovar,564.92,31.448
2013-01-26,Sardar Sarovar,635.718,33.867
2013-01-27,Sardar Sarovar,643.784,36.286
2013-01-28,Sardar Sarovar,512.794,38.705
2013-01-29,Sardar Sarovar,534.755,41.124
2013-01-30,Sardar Sarovar,599.415,43.543
2013-01-31,Sardar Sarovar,467.713,45.962
2013-02-01,Sardar Sarovar,460.224,48.381
2013-02-02,Sardar Sarovar,610.755,33.196
2013-02-03,Sardar Sarovar,534.52,29.311
2013-02-04,Sardar Sarovar,522.901,29.311
2013-02-05,Sardar Sarovar,506.478,30.371
2013-02-06,Sardar Sarovar,536.864,21.895
2013-02-07,Sardar Sarovar,492.281,14.126
2013-02-08,Sardar Sarovar,411.482,55.444
2013-02-09,Sardar Sarovar,433.345,55.444
2013-02-10,Sardar Sarovar,635.718,55.444
2013-02-11,Sardar Sarovar,435.64,52.266
2013-02-12,Sardar Sarovar,596.07,0.0
2013-02-13,Sardar Sarovar,397.826,2.825
2013-02-14,Sardar Sarovar,406.491,5.65
2013-02-15,Sardar Sarovar,364.264,8.476
2013-02-16,Sardar Sarovar,389.565,11.301
2013-02-17,Sardar Sarovar,46.27,14.126
2013-02-18,Sardar Sarovar,432.567,16.951
2013-02-19,Sardar Sarovar,595.069,19.776
2013-02-20,Sardar Sarovar,453.645,22.601
2013-02-21,Sardar Sarovar,244.614,25.427
2013-02-22,Sardar Sarovar,292.439,28.252
2013-02-23,Sardar Sarovar,535.817,31.077
2013-02-24,Sardar Sarovar,81.577,33.902
2013-02-25,Sardar Sarovar,561.303,36.727
2013-02-26,Sardar Sarovar,613.25,39.552
2013-02-27,Sardar Sarovar,648.654,42.378
2013-02-28,Sardar Sarovar,854.408,45.203
2013-03-01,Sardar Sarovar,691.47,48.028
2013-03-02,Sardar Sarovar,591.146,32.489
2013-03-03,Sardar Sarovar,701.41,29.664
2013-03-04,Sardar Sarovar,823.823,30.371
2013-03-05,Sardar Sarovar,931.838,29.664
2013-03-06,Sardar Sarovar,836.816,22.955
2013-03-07,Sardar Sarovar,903.84,12.713
2013-03-08,Sardar Sarovar,646.366,55.444
2013-03-09,Sardar Sarovar,796.433,55.444
2013-03-10,Sardar Sarovar,831.381,55.091
2013-03-11,Sardar Sarovar,689.0,52.619
2013-03-12,Sardar Sarovar,663.203,49.441
2013-03-13,Sardar Sarovar,1245.991,49.37
2013-03-14,Sardar Sarovar,1045.754,49.299
2013-03-15,Sardar Sarovar,438.998,49.229
2013-03-16,Sardar Sarovar,566.046,49.158
2013-03-17,Sardar Sarovar,257.625,49.087
2013-03-18,Sardar Sarovar,692.181,49.017
2013-03-19,Sardar Sarovar,624.955,48.946
2013-03-20,Sardar Sarovar,859.88,48.875
2013-03-21,Sardar Sarovar,777.007,48.805
2013-03-22,Sardar Sarovar,761.14,48.734
2013-03-23,Sardar Sarovar,821.606,48.664
2013-03-24,Sardar Sarovar,787.094,48.593
2013-03-25,Sardar Sarovar,854.688,48.522
2013-03-26,Sardar Sarovar,651.159,48.452
2013-03-27,Sardar Sarovar,904.248,48.381
2013-03-28,Sardar Sarovar,444.076,48.31
2013-03-29,Sardar Sarovar,726.7,48.24
2013-03-30,Sardar Sarovar,762.6,48.169
2013-03-31,Sardar Sarovar,913.536,48.099
2013-04-01,Sardar Sarovar,948.742,48.028
2013-04-02,Sardar Sarovar,1219.828,32.136
2013-04-03,Sardar Sarovar,663.806,30.017
2013-04-04,Sardar Sarovar,961.069,30.017
2013-04-05,Sardar Sarovar,1182.307,29.311
2013-04-06,Sardar Sarovar,1176.782,22.601
2013-04-07,Sardar Sarovar,1188.317,14.126
2013-04-08,Sardar Sarovar,840.54,55.444
2013-04-09,Sardar Sarovar,1173.177,55.444
2013-04-10,Sardar Sarovar,828.165,53.325
2013-04-11,Sardar Sarovar,830.389,53.678
2013-04-12,Sardar Sarovar,832.135,49.794
2013-04-13,Sardar Sarovar,1558.763,49.701
2013-04-14,Sardar Sarovar,876.64,49.608
2013-04-15,Sardar Sarovar,570.24,49.515
2013-04-16,Sardar Sarovar,841.863,49.422
2013-04-17,Sardar Sarovar,866.499,49.329
2013-04-18,Sardar Sarovar,1259.355,49.236
2013-04-19,Sardar Sarovar,760.967,49.143
2013-04-20,Sardar Sarovar,965.245,49.05
2013-04-21,Sardar Sarovar,885.814,48.957
2013-04-22,Sardar Sarovar,328.754,48.864
2013-04-23,Sardar Sarovar,905.968,48.771
2013-04-24,Sardar Sarovar,1178.004,48.678
2013-04-25,Sardar Sarovar,1377.013,48.586
2013-04-26,Sardar Sarovar,868.772,48.493
2013-04-27,Sardar Sarovar,820.518,48.4
2013-04-28,Sardar Sarovar,760.967,48.307
2013-04-29,Sardar Sarovar,691.237,48.214
2013-04-30,Sardar Sarovar,844.553,48.121
2013-05-01,Sardar Sarovar,428.269,48.028
2013-05-02,Sardar Sarovar,690.275,32.136
2013-05-03,Sardar Sarovar,933.748,30.724
2013-05-04,Sardar Sarovar,445.736,30.371
2013-05-05,Sardar Sarovar,969.99,28.605
2013-05-06,Sardar Sarovar,913.972,21.895
2013-05-07,Sardar Sarovar,1181.741,34.608
2013-05-08,Sardar Sarovar,843.855,55.444
2013-05-09,Sardar Sarovar,645.799,55.444
2013-05-10,Sardar Sarovar,664.485,51.206
2013-05-11,Sardar Sarovar,590.428,55.444
2013-05-12,Sardar Sarovar,360.105,0.0
2013-05-13,Sardar Sarovar,260.281,2.384
2013-05-14,Sardar Sarovar,892.303,4.767
2013-05-15,Sardar Sarovar,922.432,7.151
2013-05-16,Sardar Sarovar,832.473,9.535
2013-05-17,Sardar Sarovar,1318.975,11.919
2013-05-18,Sardar Sarovar,1481.364,14.302
2013-05-19,Sardar Sarovar,960.478,16.686
2013-05-20,Sardar Sarovar,639.09,19.07
2013-05-21,Sardar Sarovar,894.659,21.454
2013-05-22,Sardar Sarovar,960.633,23.837
2013-05-23,Sardar Sarovar,766.454,26.221
2013-05-24,Sardar Sarovar,822.174,28.605
2013-05-25,Sardar Sarovar,787.094,30.989
2013-05-26,Sardar Sarovar,895.012,33.372
2013-05-27,Sardar Sarovar,692.562,35.756
2013-05-28,Sardar Sarovar,974.202,38.14
2013-05-29,Sardar Sarovar,644.55,40.524
2013-05-30,Sardar Sarovar,289.028,42.907
2013-05-31,Sardar Sarovar,636.2,45.291
2013-06-01,Sardar Sarovar,959.293,47.675
2013-06-02,Sardar Sarovar,862.873,31.783
2013-06-03,Sardar Sarovar,252.247,32.136
2013-06-04,Sardar Sarovar,329.999,31.43
2013-06-05,Sardar Sarovar,229.025,27.899
2013-06-06,Sardar Sarovar,227.017,21.542
2013-06-07,Sardar Sarovar,215.067,37.434
2013-06-08,Sardar Sarovar,1262.036,55.444
2013-06-09,Sardar Sarovar,767.944,55.444
2013-06-10,Sardar Sarovar,665.646,48.734
2013-06-11,Sardar Sarovar,449.533,54.385
2013-06-12,Sardar Sarovar,586.711,49.794
2013-06-13,Sardar Sarovar,437.797,49.645
2013-06-14,Sardar Sarovar,420.288,49.496
2013-06-15,Sardar Sarovar,426.315,49.348
2013-06-16,Sardar Sarovar,1412.905,49.199
2013-06-17,Sardar Sarovar,1594.026,49.05
2013-06-18,Sardar Sarovar,1452.837,48.902
2013-06-19,Sardar Sarovar,1883.7,48.753
2013-06-20,Sardar Sarovar,1753.183,48.604
2013-06-21,Sardar Sarovar,1424.182,48.455
2013-06-22,Sardar Sarovar,864.417,48.307
2013-06-23,Sardar Sarovar,1445.396,48.158
2013-06-24,Sardar Sarovar,1243.458,48.009
2013-06-25,Sardar Sarovar,1585.087,47.861
2013-06-26,Sardar Sarovar,1173.299,47.712
2013-06-27,Sardar Sarovar,1495.852,47.563
2013-06-28,Sardar Sarovar,970.486,47.415
2013-06-29,Sardar Sarovar,1176.521,47.266
2013-06-30,Sardar Sarovar,1445.396,47.117
2013-07-01,Sardar Sarovar,1167.343,46.969
2013-07-02,Sardar Sarovar,1482.039,31.43
2013-07-03,Sardar Sarovar,1732.513,32.843
2013-07-04,Sardar Sarovar,12539.262,32.136
2013-07-05,Sardar Sarovar,2394.355,27.545
2013-07-06,Sardar Sarovar,2209.126,20.836
2013-07-07,Sardar Sarovar,1980.2,38.846
2013-07-08,Sardar Sarovar,2037.517,55.444
2013-07-09,Sardar Sarovar,2031.484,55.444
2013-07-10,Sardar Sarovar,1874.476,52.972
2013-07-11,Sardar Sarovar,1522.278,54.385
2013-07-12,Sardar Sarovar,1999.466,49.441
2013-07-13,Sardar Sarovar,3676.444,49.282
2013-07-14,Sardar Sarovar,1798.376,49.123
2013-07-15,Sardar Sarovar,1672.033,48.964
2013-07-16,Sardar Sarovar,2360.917,48.805
2013-07-17,Sardar Sarovar,2488.424,48.646
2013-07-18,Sardar Sarovar,7692.912,48.487
2013-07-19,Sardar Sarovar,3641.373,48.328
2013-07-20,Sardar Sarovar,11119.807,48.169
2013-07-21,Sardar Sarovar,10483.881,48.01
2013-07-22,Sardar Sarovar,5100.832,47.851
2013-07-23,Sardar Sarovar,5193.156,47.692
2013-07-24,Sardar Sarovar,3571.366,47.534
2013-07-25,Sardar Sarovar,8718.255,47.375
2013-07-26,Sardar Sarovar,7771.497,47.216
2013-07-27,Sardar Sarovar,8197.328,47.057
2013-07-28,Sardar Sarovar,8888.432,46.898
2013-07-29,Sardar Sarovar,8824.597,46.739
2013-07-30,Sardar Sarovar,5157.657,46.58
2013-07-31,Sardar Sarovar,6715.929,46.421
2013-08-01,Sardar Sarovar,7703.844,46.262
2013-08-02,Sardar Sarovar,29310.729,31.43
2013-08-03,Sardar Sarovar,11241.178,33.196
2013-08-04,Sardar Sarovar,5307.956,32.489
2013-08-05,Sardar Sarovar,6230.383,26.839
2013-08-06,Sardar Sarovar,3814.965,20.129
2013-08-07,Sardar Sarovar,3848.815,39.552
2013-08-08,Sardar Sarovar,3901.377,55.444
2013-08-09,Sardar Sarovar,3709.942,55.444
2013-08-10,Sardar Sarovar,5949.56,54.738
2013-08-11,Sardar Sarovar,5418.873,54.385
2013-08-12,Sardar Sarovar,7784.495,49.441
2013-08-13,Sardar Sarovar,10344.891,49.264
2013-08-14,Sardar Sarovar,9162.179,49.087
2013-08-15,Sardar Sarovar,5418.873,48.911
2013-08-16,Sardar Sarovar,5180.925,48.734
2013-08-17,Sardar Sarovar,3896.498,48.558
2013-08-18,Sardar Sarovar,3741.859,48.381
2013-08-19,Sardar Sarovar,3139.18,48.205
2013-08-20,Sardar Sarovar,7899.123,48.028
2013-08-21,Sardar Sarovar,17841.27,47.851
2013-08-22,Sardar Sarovar,22174.832,47.675
2013-08-23,Sardar Sarovar,23495.504,47.498
2013-08-24,Sardar Sarovar,46398.29,47.322
2013-08-25,Sardar Sarovar,28781.62,47.145
2013-08-26,Sardar Sarovar,14878.071,46.969
2013-08-27,Sardar Sarovar,11193.858,46.792
2013-08-28,Sardar Sarovar,6939.521,46.615
2013-08-29,Sardar Sarovar,5868.321,46.439
2013-08-30,Sardar Sarovar,3948.994,46.262
2013-08-31,Sardar Sarovar,2255.066,46.086
2013-09-01,Sardar Sarovar,2246.532,45.909
2013-09-02,Sardar Sarovar,2222.166,30.724
2013-09-03,Sardar Sarovar,2274.541,33.196
2013-09-04,Sardar Sarovar,2212.625,32.489
2013-09-05,Sardar Sarovar,2211.814,26.839
2013-09-06,Sardar Sarovar,2067.623,20.129
2013-09-07,Sardar Sarovar,2322.36,39.906
2013-09-08,Sardar Sarovar,2118.01,55.444
2013-09-09,Sardar Sarovar,2118.01,55.444
2013-09-10,Sardar Sarovar,1845.574,55.444
2013-09-11,Sardar Sarovar,1818.772,55.091
2013-09-12,Sardar Sarovar,1669.15,50.147
2013-09-13,Sardar Sarovar,1556.834,49.887
2013-09-14,Sardar Sarovar,1601.164,49.626
2013-09-15,Sardar Sarovar,1306.759,49.366
2013-09-16,Sardar Sarovar,992.753,49.106
2013-09-17,Sardar Sarovar,1030.786,48.846
2013-09-18,Sardar Sarovar,1196.811,48.586
2013-09-19,Sardar Sarovar,1313.4,48.325
2013-09-20,Sardar Sarovar,1344.672,48.065
2013-09-21,Sardar Sarovar,420.694,47.805
2013-09-22,Sardar Sarovar,2220.579,47.545
2013-09-23,Sardar Sarovar,5901.304,47.284
2013-09-24,Sardar Sarovar,2524.965,47.024
2013-09-25,Sardar Sarovar,1890.479,46.764
2013-09-26,Sardar Sarovar,1533.663,46.504
2013-09-27,Sardar Sarovar,1192.335,46.244
2013-09-28,Sardar Sarovar,1679.963,45.983
2013-09-29,Sardar Sarovar,1478.185,45.723
2013-09-30,Sardar Sarovar,1363.772,45.463
2013-10-01,Sardar Sarovar,960.332,45.203
2013-10-02,Sardar Sarovar,862.873,30.724
2013-10-03,Sardar Sarovar,734.672,33.196
2013-10-04,Sardar Sarovar,607.793,33.196
2013-10-05,Sardar Sarovar,678.319,26.486
2013-10-06,Sardar Sarovar,1412.905,21.189
2013-10-07,Sardar Sarovar,1693.134,40.259
2013-10-08,Sardar Sarovar,1379.268,55.444
2013-10-09,Sardar Sarovar,1546.655,55.444
2013-10-10,Sardar Sarovar,1863.14,55.444
2013-10-11,Sardar Sarovar,1606.345,51.559
2013-10-12,Sardar Sarovar,3434.047,49.441
2013-10-13,Sardar Sarovar,3229.585,49.211
2013-10-14,Sardar Sarovar,3415.386,48.981
2013-10-15,Sardar Sarovar,3665.315,48.752
2013-10-16,Sardar Sarovar,2919.649,48.522
2013-10-17,Sardar Sarovar,2065.147,48.293
2013-10-18,Sardar Sarovar,999.123,48.063
2013-10-19,Sardar Sarovar,849.692,47.834
2013-10-20,Sardar Sarovar,871.719,47.604
2013-10-21,Sardar Sarovar,844.451,47.375
2013-10-22,Sardar Sarovar,868.269,47.145
2013-10-23,Sardar Sarovar,652.686,46.916
2013-10-24,Sardar Sarovar,882.558,46.686
2013-10-25,Sardar Sarovar,1014.826,46.456
2013-10-26,Sardar Sarovar,850.27,46.227
2013-10-27,Sardar Sarovar,889.534,45.997
2013-10-28,Sardar Sarovar,872.436,45.768
2013-10-29,Sardar Sarovar,817.559,45.538
2013-10-30,Sardar Sarovar,399.34,45.309
2013-10-31,Sardar Sarovar,363.24,45.079
2013-11-01,Sardar Sarovar,798.904,44.85
2013-11-02,Sardar Sarovar,434.923,30.724
2013-11-03,Sardar Sarovar,645.798,33.196
2013-11-04,Sardar Sarovar,785.598,33.196
2013-11-05,Sardar Sarovar,823.24,26.486
2013-11-06,Sardar Sarovar,571.019,21.542
2013-11-07,Sardar Sarovar,843.223,40.259
2013-11-08,Sardar Sarovar,637.011,55.444
2013-11-09,Sardar Sarovar,472.255,55.444
2013-11-10,Sardar Sarovar,653.681,55.444
2013-11-11,Sardar Sarovar,948.716,50.853
2013-11-12,Sardar Sarovar,835.97,48.381
2013-11-13,Sardar Sarovar,939.108,48.177
2013-11-14,Sardar Sarovar,1322.655,47.972
2013-11-15,Sardar Sarovar,1085.211,47.768
2013-11-16,Sardar Sarovar,829.642,47.563
2013-11-17,Sardar Sarovar,1046.737,47.359
2013-11-18,Sardar Sarovar,1040.618,47.154
2013-11-19,Sardar Sarovar,801.021,46.95
2013-11-20,Sardar Sarovar,571.47,46.745
2013-11-21,Sardar Sarovar,637.663,46.541
2013-11-22,Sardar Sarovar,788.115,46.337
2013-11-23,Sardar Sarovar,947.024,46.132
2013-11-24,Sardar Sarovar,1008.812,45.928
2013-11-25,Sardar Sarovar,784.861,45.723
2013-11-26,Sardar Sarovar,526.293,45.519
2013-11-27,Sardar Sarovar,562.487,45.314
2013-11-28,Sardar Sarovar,724.065,45.11
2013-11-29,Sardar Sarovar,896.285,44.905
2013-11-30,Sardar Sarovar,746.883,44.701
2013-12-01,Sardar Sarovar,793.388,44.496
2013-12-02,Sardar Sarovar,607.776,30.724
2013-12-03,Sardar Sarovar,750.682,33.549
2013-12-04,Sardar Sarovar,654.026,33.196
2013-12-05,Sardar Sarovar,832.31,26.839
2013-12-06,Sardar Sarovar,675.84,21.542
2013-12-07,Sardar Sarovar,662.663,39.906
2013-12-08,Sardar Sarovar,845.278,55.444
2013-12-09,Sardar Sarovar,563.147,55.091
2013-12-10,Sardar Sarovar,775.595,55.444
2013-12-11,Sardar Sarovar,853.362,52.266
2013-12-12,Sardar Sarovar,832.252,48.028
2013-12-13,Sardar Sarovar,795.757,47.798
2013-12-14,Sardar Sarovar,684.728,47.569
2013-12-15,Sardar Sarovar,767.944,47.339
2013-12-16,Sardar Sarovar,557.048,47.11
2013-12-17,Sardar Sarovar,593.692,46.88
2013-12-18,Sardar Sarovar,602.173,46.651
2013-12-19,Sardar Sarovar,655.554,46.421
2013-12-20,Sardar Sarovar,604.314,46.192
2013-12-21,Sardar Sarovar,436.459,45.962
2013-12-22,Sardar Sarovar,569.192,45.732
2013-12-23,Sardar Sarovar,451.54,45.503
2013-12-24,Sardar Sarovar,396.701,45.273
2013-12-25,Sardar Sarovar,454.886,45.044
2013-12-26,Sardar Sarovar,634.993,44.814
2013-12-27,Sardar Sarovar,571.284,44.585
2013-12-28,Sardar Sarovar,405.988,44.355
2013-12-29,Sardar Sarovar,614.689,44.126
2013-12-30,Sardar Sarovar,554.787,43.896
2013-12-31,Sardar Sarovar,291.275,43.667
2014-01-01,Sardar Sarovar,550.15,43.437
2014-01-02,Sardar Sarovar,472.202,51.206
2014-01-03,Sardar Sarovar,573.558,33.196
2014-01-04,Sardar Sarovar,1068.44,15.892
2014-01-05,Sardar Sarovar,599.363,0.0
2014-01-06,Sardar Sarovar,430.933,16.598
2014-01-07,Sardar Sarovar,873.386,16.951
2014-01-08,Sardar Sarovar,725.275,47.675
2014-01-09,Sardar Sarovar,751.815,49.794
2014-01-10,Sardar Sarovar,665.992,52.972
2014-01-11,Sardar Sarovar,422.705,36.374
2014-01-12,Sardar Sarovar,297.675,42.024
2014-01-13,Sardar Sarovar,675.517,39.923
2014-01-14,Sardar Sarovar,759.528,37.822
2014-01-15,Sardar Sarovar,1347.263,35.721
2014-01-16,Sardar Sarovar,708.614,33.62
2014-01-17,Sardar Sarovar,564.038,31.518
2014-01-18,Sardar Sarovar,301.453,29.417
2014-01-19,Sardar Sarovar,584.193,27.316
2014-01-20,Sardar Sarovar,520.694,25.215
2014-01-21,Sardar Sarovar,740.047,23.113
2014-01-22,Sardar Sarovar,264.987,21.012
2014-01-23,Sardar Sarovar,669.262,18.911
2014-01-24,Sardar Sarovar,657.603,16.81
2014-01-25,Sardar Sarovar,563.977,14.709
2014-01-26,Sardar Sarovar,569.192,12.607
2014-01-27,Sardar Sarovar,558.614,10.506
2014-01-28,Sardar Sarovar,825.847,8.405
2014-01-29,Sardar Sarovar,887.897,6.304
2014-01-30,Sardar Sarovar,874.174,4.202
2014-01-31,Sardar Sarovar,927.973,2.101
2014-02-01,Sardar Sarovar,849.569,0.0
2014-02-02,Sardar Sarovar,645.798,51.913
2014-02-03,Sardar Sarovar,576.268,32.136
2014-02-04,Sardar Sarovar,1034.307,17.304
2014-02-05,Sardar Sarovar,1213.976,26.133
2014-02-06,Sardar Sarovar,1821.939,0.0
2014-02-07,Sardar Sarovar,1116.252,16.951
2014-02-08,Sardar Sarovar,546.816,45.909
2014-02-09,Sardar Sarovar,525.12,49.794
2014-02-10,Sardar Sarovar,639.856,54.738
2014-02-11,Sardar Sarovar,522.349,0.0
2014-02-12,Sardar Sarovar,451.247,43.437
2014-02-13,Sardar Sarovar,445.663,43.437
2014-02-14,Sardar Sarovar,267.369,43.437
2014-02-15,Sardar Sarovar,256.063,43.437
2014-02-16,Sardar Sarovar,482.484,43.437
2014-02-17,Sardar Sarovar,541.059,43.437
2014-02-18,Sardar Sarovar,1038.027,43.437
2014-02-19,Sardar Sarovar,831.853,43.437
2014-02-20,Sardar Sarovar,491.372,43.437
2014-02-21,Sardar Sarovar,558.681,43.437
2014-02-22,Sardar Sarovar,231.005,43.437
2014-02-23,Sardar Sarovar,496.533,43.437
2014-02-24,Sardar Sarovar,600.973,43.437
2014-02-25,Sardar Sarovar,601.838,43.437
2014-02-26,Sardar Sarovar,864.622,43.437
2014-02-27,Sardar Sarovar,866.73,43.437
2014-02-28,Sardar Sarovar,861.992,43.437
2014-03-01,Sardar Sarovar,890.149,43.437
2014-03-02,Sardar Sarovar,1008.812,51.559
2014-03-03,Sardar Sarovar,874.586,31.783
2014-03-04,Sardar Sarovar,863.394,18.01
2014-03-05,Sardar Sarovar,489.992,27.192
2014-03-06,Sardar Sarovar,559.311,13.773
2014-03-07,Sardar Sarovar,480.195,17.304
2014-03-08,Sardar Sarovar,793.267,43.437
2014-03-09,Sardar Sarovar,718.066,50.147
2014-03-10,Sardar Sarovar,617.191,53.678
2014-03-11,Sardar Sarovar,315.273,36.374
2014-03-12,Sardar Sarovar,685.562,44.85
2014-03-13,Sardar Sarovar,488.281,44.814
2014-03-14,Sardar Sarovar,918.065,44.779
2014-03-15,Sardar Sarovar,1030.95,44.744
2014-03-16,Sardar Sarovar,776.384,44.708
2014-03-17,Sardar Sarovar,845.278,44.673
2014-03-18,Sardar Sarovar,622.658,44.638
2014-03-19,Sardar Sarovar,563.885,44.602
2014-03-20,Sardar Sarovar,1029.02,44.567
2014-03-21,Sardar Sarovar,883.652,44.532
2014-03-22,Sardar Sarovar,848.75,44.496
2014-03-23,Sardar Sarovar,827.829,44.461
2014-03-24,Sardar Sarovar,624.206,44.426
2014-03-25,Sardar Sarovar,560.831,44.391
2014-03-26,Sardar Sarovar,489.928,44.355
2014-03-27,Sardar Sarovar,1205.112,44.32
2014-03-28,Sardar Sarovar,986.744,44.285
2014-03-29,Sardar Sarovar,1091.487,44.249
2014-03-30,Sardar Sarovar,1056.299,44.214
2014-03-31,Sardar Sarovar,1068.856,44.179
2014-04-01,Sardar Sarovar,1492.847,44.143
2014-04-02,Sardar Sarovar,1128.656,51.206
2014-04-03,Sardar Sarovar,924.817,31.783
2014-04-04,Sardar Sarovar,678.562,18.717
2014-04-05,Sardar Sarovar,473.911,27.899
2014-04-06,Sardar Sarovar,767.944,13.066
2014-04-07,Sardar Sarovar,795.911,17.304
2014-04-08,Sardar Sarovar,855.254,45.203
2014-04-09,Sardar Sarovar,1375.716,50.147
2014-04-10,Sardar Sarovar,1120.141,52.266
2014-04-11,Sardar Sarovar,975.935,43.437
2014-04-12,Sardar Sarovar,1270.64,44.85
2014-04-13,Sardar Sarovar,1065.911,44.905
2014-04-14,Sardar Sarovar,810.528,44.961
2014-04-15,Sardar Sarovar,1075.698,45.017
2014-04-16,Sardar Sarovar,1289.856,45.073
2014-04-17,Sardar Sarovar,947.132,45.128
2014-04-18,Sardar Sarovar,793.388,45.184
2014-04-19,Sardar Sarovar,640.263,45.24
2014-04-20,Sardar Sarovar,591.764,45.296
2014-04-21,Sardar Sarovar,390.341,45.351
2014-04-22,Sardar Sarovar,836.602,45.407
2014-04-23,Sardar Sarovar,520.484,45.463
2014-04-24,Sardar Sarovar,1623.696,45.519
2014-04-25,Sardar Sarovar,1283.552,45.575
2014-04-26,Sardar Sarovar,1105.199,45.63
2014-04-27,Sardar Sarovar,1124.259,45.686
2014-04-28,Sardar Sarovar,947.621,45.742
2014-04-29,Sardar Sarovar,1064.168,45.798
2014-04-30,Sardar Sarovar,1048.536,45.853
2014-05-01,Sardar Sarovar,1446.697,45.909
2014-05-02,Sardar Sarovar,1017.745,51.913
2014-05-03,Sardar Sarovar,884.223,30.724
2014-05-04,Sardar Sarovar,677.537,18.364
2014-05-05,Sardar Sarovar,443.024,26.839
2014-05-06,Sardar Sarovar,575.19,13.42
2014-05-07,Sardar Sarovar,1074.718,17.304
2014-05-08,Sardar Sarovar,1067.845,46.969
2014-05-09,Sardar Sarovar,260.983,51.559
2014-05-10,Sardar Sarovar,307.809,49.794
2014-05-11,Sardar Sarovar,376.08,43.437
2014-05-12,Sardar Sarovar,214.023,44.143
2014-05-13,Sardar Sarovar,251.893,44.249
2014-05-14,Sardar Sarovar,303.438,44.355
2014-05-15,Sardar Sarovar,686.986,44.461
2014-05-16,Sardar Sarovar,392.132,44.567
2014-05-17,Sardar Sarovar,737.174,44.673
2014-05-18,Sardar Sarovar,315.107,44.779
2014-05-19,Sardar Sarovar,674.026,44.885
2014-05-20,Sardar Sarovar,525.408,44.991
2014-05-21,Sardar Sarovar,370.099,45.097
2014-05-22,Sardar Sarovar,391.609,45.203
2014-05-23,Sardar Sarovar,360.326,45.309
2014-05-24,Sardar Sarovar,308.902,45.415
2014-05-25,Sardar Sarovar,369.782,45.521
2014-05-26,Sardar Sarovar,234.673,45.627
2014-05-27,Sardar Sarovar,295.499,45.732
2014-05-28,Sardar Sarovar,230.667,45.838
2014-05-29,Sardar Sarovar,440.862,45.944
2014-05-30,Sardar Sarovar,345.2,46.05
2014-05-31,Sardar Sarovar,220.522,46.156
2014-06-01,Sardar Sarovar,76.125,46.262
2014-06-02,Sardar Sarovar,92.444,52.266
2014-06-03,Sardar Sarovar,217.889,29.311
2014-06-04,Sardar Sarovar,383.727,17.304
2014-06-05,Sardar Sarovar,452.219,26.486
2014-06-06,Sardar Sarovar,207.248,13.42
2014-06-07,Sardar Sarovar,674.1,16.951
2014-06-08,Sardar Sarovar,182.759,49.441
2014-06-09,Sardar Sarovar,441.289,51.913
2014-06-10,Sardar Sarovar,299.831,46.615
2014-06-11,Sardar Sarovar,1053.495,0.0
2014-06-12,Sardar Sarovar,245.97,43.437
2014-06-13,Sardar Sarovar,246.761,43.53
2014-06-14,Sardar Sarovar,294.402,43.623
2014-06-15,Sardar Sarovar,148.211,43.716
2014-06-16,Sardar Sarovar,263.122,43.809
2014-06-17,Sardar Sarovar,667.31,43.902
2014-06-18,Sardar Sarovar,214.225,43.995
2014-06-19,Sardar Sarovar,528.318,44.088
2014-06-20,Sardar Sarovar,663.63,44.181
2014-06-21,Sardar Sarovar,766.134,44.273
2014-06-22,Sardar Sarovar,238.924,44.366
2014-06-23,Sardar Sarovar,221.794,44.459
2014-06-24,Sardar Sarovar,231.507,44.552
2014-06-25,Sardar Sarovar,778.133,44.645
2014-06-26,Sardar Sarovar,437.15,44.738
2014-06-27,Sardar Sarovar,827.161,44.831
2014-06-28,Sardar Sarovar,768.055,44.924
2014-06-29,Sardar Sarovar,257.692,45.017
2014-06-30,Sardar Sarovar,260.807,45.11
2014-07-01,Sardar Sarovar,932.197,45.203
2014-07-02,Sardar Sarovar,343.561,52.972
2014-07-03,Sardar Sarovar,438.876,27.899
2014-07-04,Sardar Sarovar,320.318,16.951
2014-07-05,Sardar Sarovar,188.587,25.78
2014-07-06,Sardar Sarovar,78.771,13.42
2014-07-07,Sardar Sarovar,93.167,16.245
2014-07-08,Sardar Sarovar,191.272,50.5
2014-07-09,Sardar Sarovar,221.599,51.206
2014-07-10,Sardar Sarovar,91.052,43.437
2014-07-11,Sardar Sarovar,3.172,43.437
2014-07-12,Sardar Sarovar,65.985,42.024
2014-07-13,Sardar Sarovar,65.983,42.254
2014-07-14,Sardar Sarovar,485.641,42.484
2014-07-15,Sardar Sarovar,481.084,42.713
2014-07-16,Sardar Sarovar,235.787,42.943
2014-07-17,Sardar Sarovar,205.601,43.172
2014-07-18,Sardar Sarovar,202.898,43.402
2014-07-19,Sardar Sarovar,172.907,43.631
2014-07-20,Sardar Sarovar,92.675,43.861
2014-07-21,Sardar Sarovar,177.975,44.09
2014-07-22,Sardar Sarovar,94.905,44.32
2014-07-23,Sardar Sarovar,827.957,44.549
2014-07-24,Sardar Sarovar,2355.008,44.779
2014-07-25,Sardar Sarovar,631.32,45.009
2014-07-26,Sardar Sarovar,1449.719,45.238
2014-07-27,Sardar Sarovar,969.332,45.468
2014-07-28,Sardar Sarovar,2541.482,45.697
2014-07-29,Sardar Sarovar,1348.006,45.927
2014-07-30,Sardar Sarovar,852.566,46.156
2014-07-31,Sardar Sarovar,1121.02,46.386
2014-08-01,Sardar Sarovar,775.004,46.615
2014-08-02,Sardar Sarovar,698.506,53.325
2014-08-03,Sardar Sarovar,674.862,26.839
2014-08-04,Sardar Sarovar,467.606,16.951
2014-08-05,Sardar Sarovar,831.42,25.78
2014-08-06,Sardar Sarovar,775.728,13.42
2014-08-07,Sardar Sarovar,478.452,15.538
2014-08-08,Sardar Sarovar,555.467,51.206
2014-08-09,Sardar Sarovar,720.396,50.853
2014-08-10,Sardar Sarovar,674.862,41.671
2014-08-11,Sardar Sarovar,428.238,43.084
2014-08-12,Sardar Sarovar,1101.203,40.612
2014-08-13,Sardar Sarovar,1600.778,40.965
2014-08-14,Sardar Sarovar,1092.462,41.318
2014-08-15,Sardar Sarovar,1191.229,41.671
2014-08-16,Sardar Sarovar,784.301,42.024
2014-08-17,Sardar Sarovar,644.531,42.378
2014-08-18,Sardar Sarovar,753.659,42.731
2014-08-19,Sardar Sarovar,1170.144,43.084
2014-08-20,Sardar Sarovar,1140.946,43.437
2014-08-21,Sardar Sarovar,1424.501,43.79
2014-08-22,Sardar Sarovar,1050.389,44.143
2014-08-23,Sardar Sarovar,971.682,44.496
2014-08-24,Sardar Sarovar,1446.637,44.85
2014-08-25,Sardar Sarovar,1461.77,45.203
2014-08-26,Sardar Sarovar,1774.295,45.556
2014-08-27,Sardar Sarovar,1407.455,45.909
2014-08-28,Sardar Sarovar,1149.509,46.262
2014-08-29,Sardar Sarovar,1091.993,46.615
2014-08-30,Sardar Sarovar,825.735,46.969
2014-08-31,Sardar Sarovar,1252.797,47.322
2014-09-01,Sardar Sarovar,590.315,47.675
2014-09-02,Sardar Sarovar,1025.863,51.913
2014-09-03,Sardar Sarovar,636.174,26.133
2014-09-04,Sardar Sarovar,1477.098,17.304
2014-09-05,Sardar Sarovar,1185.374,25.427
2014-09-06,Sardar Sarovar,694.611,13.773
2014-09-07,Sardar Sarovar,637.061,14.479
2014-09-08,Sardar Sarovar,10407.916,49.794
2014-09-09,Sardar Sarovar,2252.671,55.444
2014-09-10,Sardar Sarovar,2183.078,0.0
2014-09-11,Sardar Sarovar,2304.267,42.024
2014-09-12,Sardar Sarovar,2423.054,39.552
2014-09-13,Sardar Sarovar,2022.474,40.036
2014-09-14,Sardar Sarovar,2030.344,40.519
2014-09-15,Sardar Sarovar,2000.236,41.002
2014-09-16,Sardar Sarovar,2144.817,41.485
2014-09-17,Sardar Sarovar,3706.983,41.969
2014-09-18,Sardar Sarovar,3899.215,42.452
2014-09-19,Sardar Sarovar,5047.995,42.935
2014-09-20,Sardar Sarovar,3289.938,43.418
2014-09-21,Sardar Sarovar,1091.993,43.902
2014-09-22,Sardar Sarovar,1910.83,44.385
2014-09-23,Sardar Sarovar,2017.588,44.868
2014-09-24,Sardar Sarovar,1664.781,45.351
2014-09-25,Sardar Sarovar,1513.125,45.835
2014-09-26,Sardar Sarovar,1464.597,46.318
2014-09-27,Sardar Sarovar,1178.264,46.801
2014-09-28,Sardar Sarovar,1548.686,47.284
2014-09-29,Sardar Sarovar,1100.053,47.768
2014-09-30,Sardar Sarovar,1977.059,48.251
2014-10-01,Sardar Sarovar,1965.272,48.734
2014-10-02,Sardar Sarovar,1053.495,50.147
2014-10-03,Sardar Sarovar,853.868,26.133
2014-10-04,Sardar Sarovar,582.419,19.07
2014-10-05,Sardar Sarovar,323.472,25.073
2014-10-06,Sardar Sarovar,190.921,14.126
2014-10-07,Sardar Sarovar,229.863,14.126
2014-10-08,Sardar Sarovar,206.744,47.322
2014-10-09,Sardar Sarovar,446.944,55.444
2014-10-10,Sardar Sarovar,659.532,39.552
2014-10-11,Sardar Sarovar,1033.875,40.259
2014-10-12,Sardar Sarovar,390.705,39.199
2014-10-13,Sardar Sarovar,220.2,39.676
2014-10-14,Sardar Sarovar,196.657,40.153
2014-10-15,Sardar Sarovar,612.679,40.63
2014-10-16,Sardar Sarovar,965.493,41.106
2014-10-17,Sardar Sarovar,685.558,41.583
2014-10-18,Sardar Sarovar,371.457,42.06
2014-10-19,Sardar Sarovar,390.705,42.537
2014-10-20,Sardar Sarovar,214.966,43.013
2014-10-21,Sardar Sarovar,227.658,43.49
2014-10-22,Sardar Sarovar,490.427,43.967
2014-10-23,Sardar Sarovar,420.546,44.444
2014-10-24,Sardar Sarovar,310.503,44.92
2014-10-25,Sardar Sarovar,314.163,45.397
2014-10-26,Sardar Sarovar,220.86,45.874
2014-10-27,Sardar Sarovar,223.057,46.351
2014-10-28,Sardar Sarovar,412.719,46.827
2014-10-29,Sardar Sarovar,360.607,47.304
2014-10-30,Sardar Sarovar,444.295,47.781
2014-10-31,Sardar Sarovar,755.139,48.257
2014-11-01,Sardar Sarovar,830.678,48.734
2014-11-02,Sardar Sarovar,933.042,49.794
2014-11-03,Sardar Sarovar,1173.174,25.073
2014-11-04,Sardar Sarovar,1015.661,19.776
2014-11-05,Sardar Sarovar,1047.475,24.014
2014-11-06,Sardar Sarovar,1015.661,14.126
2014-11-07,Sardar Sarovar,940.924,13.773
2014-11-08,Sardar Sarovar,637.061,46.969
2014-11-09,Sardar Sarovar,593.343,55.444
2014-11-10,Sardar Sarovar,330.77,39.552
2014-11-11,Sardar Sarovar,474.836,38.846
2014-11-12,Sardar Sarovar,491.085,39.906
2014-11-13,Sardar Sarovar,465.208,40.37
2014-11-14,Sardar Sarovar,597.093,40.835
2014-11-15,Sardar Sarovar,570.035,41.3
2014-11-16,Sardar Sarovar,414.493,41.764
2014-11-17,Sardar Sarovar,214.573,42.229
2014-11-18,Sardar Sarovar,308.261,42.694
2014-11-19,Sardar Sarovar,414.37,43.158
2014-11-20,Sardar Sarovar,445.998,43.623
2014-11-21,Sardar Sarovar,490.056,44.088
2014-11-22,Sardar Sarovar,597.582,44.552
2014-11-23,Sardar Sarovar,476.997,45.017
2014-11-24,Sardar Sarovar,402.251,45.482
2014-11-25,Sardar Sarovar,413.019,45.946
2014-11-26,Sardar Sarovar,465.019,46.411
2014-11-27,Sardar Sarovar,759.802,46.876
2014-11-28,Sardar Sarovar,754.146,47.34
2014-11-29,Sardar Sarovar,754.992,47.805
2014-11-30,Sardar Sarovar,557.674,48.27
2014-12-01,Sardar Sarovar,679.677,48.734
2014-12-02,Sardar Sarovar,785.301,49.794
2014-12-03,Sardar Sarovar,689.356,23.661
2014-12-04,Sardar Sarovar,901.968,20.483
2014-12-05,Sardar Sarovar,627.023,22.955
2014-12-06,Sardar Sarovar,303.158,15.185
2014-12-07,Sardar Sarovar,451.474,13.773
2014-12-08,Sardar Sarovar,423.021,46.615
2014-12-09,Sardar Sarovar,472.51,55.444
2014-12-10,Sardar Sarovar,626.965,40.259
2014-12-11,Sardar Sarovar,625.962,38.846
2014-12-12,Sardar Sarovar,495.944,40.612
2014-12-13,Sardar Sarovar,374.927,40.577
2014-12-14,Sardar Sarovar,390.705,40.541
2014-12-15,Sardar Sarovar,402.131,40.506
2014-12-16,Sardar Sarovar,514.948,40.471
2014-12-17,Sardar Sarovar,476.711,40.435
2014-12-18,Sardar Sarovar,436.974,40.4
2014-12-19,Sardar Sarovar,437.614,40.365
2014-12-20,Sardar Sarovar,573.297,40.329
2014-12-21,Sardar Sarovar,334.246,40.294
2014-12-22,Sardar Sarovar,309.731,40.259
2014-12-23,Sardar Sarovar,586.94,40.223
2014-12-24,Sardar Sarovar,813.013,40.188
2014-12-25,Sardar Sarovar,690.273,40.153
2014-12-26,Sardar Sarovar,488.248,40.117
2014-12-27,Sardar Sarovar,512.192,40.082
2014-12-28,Sardar Sarovar,396.585,40.047
2014-12-29,Sardar Sarovar,307.554,40.012
2014-12-30,Sardar Sarovar,589.452,39.976
2014-12-31,Sardar Sarovar,544.59,39.941
2015-01-01,Sardar Sarovar,435.241,39.906
2015-01-02,Sardar Sarovar,464.024,40.965
2015-01-03,Sardar Sarovar,874.712,40.965
2015-01-04,Sardar Sarovar,753.659,39.552
2015-01-05,Sardar Sarovar,316.866,43.084
2015-01-06,Sardar Sarovar,990.603,33.902
2015-01-07,Sardar Sarovar,602.346,24.72
2015-01-08,Sardar Sarovar,684.544,52.972
2015-01-09,Sardar Sarovar,1144.917,49.087
2015-01-10,Sardar Sarovar,895.726,48.381
2015-01-11,Sardar Sarovar,1053.495,43.084
2015-01-12,Sardar Sarovar,637.061,32.843
2015-01-13,Sardar Sarovar,721.63,33.196
2015-01-14,Sardar Sarovar,665.24,33.549
2015-01-15,Sardar Sarovar,1511.718,33.902
2015-01-16,Sardar Sarovar,708.868,34.255
2015-01-17,Sardar Sarovar,665.126,34.608
2015-01-18,Sardar Sarovar,942.048,34.962
2015-01-19,Sardar Sarovar,955.265,35.315
2015-01-20,Sardar Sarovar,667.013,35.668
2015-01-21,Sardar Sarovar,765.404,36.021
2015-01-22,Sardar Sarovar,654.711,36.374
2015-01-23,Sardar Sarovar,690.581,36.727
2015-01-24,Sardar Sarovar,733.907,37.08
2015-01-25,Sardar Sarovar,1326.547,37.434
2015-01-26,Sardar Sarovar,1315.889,37.787
2015-01-27,Sardar Sarovar,1070.276,38.14
2015-01-28,Sardar Sarovar,730.152,38.493
2015-01-29,Sardar Sarovar,830.37,38.846
2015-01-30,Sardar Sarovar,626.016,39.199
2015-01-31,Sardar Sarovar,722.861,39.552
2015-02-01,Sardar Sarovar,836.738,39.906
2015-02-02,Sardar Sarovar,584.825,39.906
2015-02-03,Sardar Sarovar,1085.252,40.259
2015-02-04,Sardar Sarovar,950.066,0.0
2015-02-05,Sardar Sarovar,685.426,44.143
2015-02-06,Sardar Sarovar,670.777,32.136
2015-02-07,Sardar Sarovar,820.043,24.72
2015-02-08,Sardar Sarovar,674.862,52.266
2015-02-09,Sardar Sarovar,395.442,50.5
2015-02-10,Sardar Sarovar,589.798,47.322
2015-02-11,Sardar Sarovar,359.912,43.437
2015-02-12,Sardar Sarovar,237.442,31.783
2015-02-13,Sardar Sarovar,459.79,32.261
2015-02-14,Sardar Sarovar,850.579,32.739
2015-02-15,Sardar Sarovar,607.587,33.217
2015-02-16,Sardar Sarovar,582.426,33.694
2015-02-17,Sardar Sarovar,600.331,34.172
2015-02-18,Sardar Sarovar,586.027,34.65
2015-02-19,Sardar Sarovar,1125.45,35.128
2015-02-20,Sardar Sarovar,1079.34,35.605
2015-02-21,Sardar Sarovar,964.698,36.083
2015-02-22,Sardar Sarovar,667.209,36.561
2015-02-23,Sardar Sarovar,819.443,37.039
2015-02-24,Sardar Sarovar,1049.726,37.517
2015-02-25,Sardar Sarovar,970.153,37.994
2015-02-26,Sardar Sarovar,851.3,38.472
2015-02-27,Sardar Sarovar,919.273,38.95
2015-02-28,Sardar Sarovar,775.023,39.428
2015-03-01,Sardar Sarovar,503.198,39.906
2015-03-02,Sardar Sarovar,330.182,39.199
2015-03-03,Sardar Sarovar,683.532,38.846
2015-03-04,Sardar Sarovar,860.406,39.906
2015-03-05,Sardar Sarovar,700.116,44.496
2015-03-06,Sardar Sarovar,705.866,30.724
2015-03-07,Sardar Sarovar,520.063,24.72
2015-03-08,Sardar Sarovar,1015.661,52.266
2015-03-09,Sardar Sarovar,1495.122,50.5
2015-03-10,Sardar Sarovar,775.184,46.615
2015-03-11,Sardar Sarovar,876.824,42.731
2015-03-12,Sardar Sarovar,740.8,31.077
2015-03-13,Sardar Sarovar,665.029,31.536
2015-03-14,Sardar Sarovar,665.029,31.995
2015-03-15,Sardar Sarovar,543.794,32.454
2015-03-16,Sardar Sarovar,865.408,32.913
2015-03-17,Sardar Sarovar,875.123,33.372
2015-03-18,Sardar Sarovar,932.62,33.831
2015-03-19,Sardar Sarovar,820.71,34.291
2015-03-20,Sardar Sarovar,850.128,34.75
2015-03-21,Sardar Sarovar,854.435,35.209
2015-03-22,Sardar Sarovar,1171.039,35.668
2015-03-23,Sardar Sarovar,920.267,36.127
2015-03-24,Sardar Sarovar,1589.876,36.586
2015-03-25,Sardar Sarovar,1080.205,37.045
2015-03-26,Sardar Sarovar,1140.065,37.504
2015-03-27,Sardar Sarovar,1025.902,37.963
2015-03-28,Sardar Sarovar,300.32,38.422
2015-03-29,Sardar Sarovar,516.562,38.881
2015-03-30,Sardar Sarovar,310.448,39.341
2015-03-31,Sardar Sarovar,450.261,39.8
2015-04-01,Sardar Sarovar,1210.551,40.259
2015-04-02,Sardar Sarovar,778.133,39.552
2015-04-03,Sardar Sarovar,644.531,38.493
2015-04-04,Sardar Sarovar,835.263,39.552
2015-04-05,Sardar Sarovar,819.779,44.85
2015-04-06,Sardar Sarovar,1405.392,30.724
2015-04-07,Sardar Sarovar,925.325,24.72
2015-04-08,Sardar Sarovar,735.714,52.619
2015-04-09,Sardar Sarovar,1025.091,50.5
2015-04-10,Sardar Sarovar,825.952,45.909
2015-04-11,Sardar Sarovar,798.102,42.731
2015-04-12,Sardar Sarovar,234.344,30.017
2015-04-13,Sardar Sarovar,227.591,30.575
2015-04-14,Sardar Sarovar,607.587,31.133
2015-04-15,Sardar Sarovar,404.641,31.69
2015-04-16,Sardar Sarovar,713.177,32.248
2015-04-17,Sardar Sarovar,775.747,32.805
2015-04-18,Sardar Sarovar,949.502,33.363
2015-04-19,Sardar Sarovar,622.238,33.921
2015-04-20,Sardar Sarovar,315.788,34.478
2015-04-21,Sardar Sarovar,847.371,35.036
2015-04-22,Sardar Sarovar,849.078,35.593
2015-04-23,Sardar Sarovar,513.711,36.151
2015-04-24,Sardar Sarovar,581.925,36.709
2015-04-25,Sardar Sarovar,876.092,37.266
2015-04-26,Sardar Sarovar,390.705,37.824
2015-04-27,Sardar Sarovar,338.487,38.381
2015-04-28,Sardar Sarovar,555.01,38.939
2015-04-29,Sardar Sarovar,237.442,39.497
2015-04-30,Sardar Sarovar,1049.212,40.054
2015-05-01,Sardar Sarovar,826.066,40.612
2015-05-02,Sardar Sarovar,783.583,40.259
2015-05-03,Sardar Sarovar,629.634,38.493
2015-05-04,Sardar Sarovar,361.935,39.906
2015-05-05,Sardar Sarovar,933.935,44.85
2015-05-06,Sardar Sarovar,1124.079,30.724
2015-05-07,Sardar Sarovar,776.373,25.073
2015-05-08,Sardar Sarovar,475.08,52.619
2015-05-09,Sardar Sarovar,384.289,50.5
2015-05-10,Sardar Sarovar,509.853,43.79
2015-05-11,Sardar Sarovar,465.169,43.084
2015-05-12,Sardar Sarovar,915.167,29.311
2015-05-13,Sardar Sarovar,1246.752,29.859
2015-05-14,Sardar Sarovar,890.268,30.406
2015-05-15,Sardar Sarovar,1338.509,30.953
2015-05-16,Sardar Sarovar,1570.787,31.501
2015-05-17,Sardar Sarovar,802.99,32.048
2015-05-18,Sardar Sarovar,1025.858,32.595
2015-05-19,Sardar Sarovar,826.041,33.143
2015-05-20,Sardar Sarovar,245.071,33.69
2015-05-21,Sardar Sarovar,735.629,34.238
2015-05-22,Sardar Sarovar,445.426,34.785
2015-05-23,Sardar Sarovar,871.08,35.332
2015-05-24,Sardar Sarovar,600.331,35.88
2015-05-25,Sardar Sarovar,400.091,36.427
2015-05-26,Sardar Sarovar,816.853,36.974
2015-05-27,Sardar Sarovar,749.579,37.522
2015-05-28,Sardar Sarovar,973.157,38.069
2015-05-29,Sardar Sarovar,870.635,38.617
2015-05-30,Sardar Sarovar,384.665,39.164
2015-05-31,Sardar Sarovar,212.087,39.711
2015-06-01,Sardar Sarovar,215.84,40.259
2015-06-02,Sardar Sarovar,210.579,40.965
2015-06-03,Sardar Sarovar,204.93,38.493
2015-06-04,Sardar Sarovar,261.12,40.259
2015-06-05,Sardar Sarovar,365.323,46.262
2015-06-06,Sardar Sarovar,227.838,30.724
2015-06-07,Sardar Sarovar,221.2,25.073
2015-06-08,Sardar Sarovar,214.562,55.444
2015-06-09,Sardar Sarovar,511.702,51.206
2015-06-10,Sardar Sarovar,215.468,45.203
2015-06-11,Sardar Sarovar,240.007,0.0
2015-06-12,Sardar Sarovar,325.896,28.958
2015-06-13,Sardar Sarovar,235.748,29.571
2015-06-14,Sardar Sarovar,337.545,30.185
2015-06-15,Sardar Sarovar,439.341,30.798
2015-06-16,Sardar Sarovar,380.938,31.411
2015-06-17,Sardar Sarovar,335.216,32.025
2015-06-18,Sardar Sarovar,389.844,32.638
2015-06-19,Sardar Sarovar,286.679,33.252
2015-06-20,Sardar Sarovar,690.578,33.865
2015-06-21,Sardar Sarovar,529.96,34.478
2015-06-22,Sardar Sarovar,369.341,35.092
2015-06-23,Sardar Sarovar,1255.119,35.705
2015-06-24,Sardar Sarovar,375.61,36.318
2015-06-25,Sardar Sarovar,204.011,36.932
2015-06-26,Sardar Sarovar,689.752,37.545
2015-06-27,Sardar Sarovar,270.778,38.158
2015-06-28,Sardar Sarovar,392.87,38.772
2015-06-29,Sardar Sarovar,514.962,39.385
2015-06-30,Sardar Sarovar,355.183,39.999
2015-07-01,Sardar Sarovar,685.634,40.612
2015-07-02,Sardar Sarovar,493.099,41.318
2015-07-03,Sardar Sarovar,434.01,38.493
2015-07-04,Sardar Sarovar,745.978,40.612
2015-07-05,Sardar Sarovar,681.084,47.675
2015-07-06,Sardar Sarovar,616.191,30.724
2015-07-07,Sardar Sarovar,302.317,25.427
2015-07-08,Sardar Sarovar,814.467,55.444
2015-07-09,Sardar Sarovar,397.245,52.972
2015-07-10,Sardar Sarovar,215.827,45.556
2015-07-11,Sardar Sarovar,193.048,0.0
2015-07-12,Sardar Sarovar,351.787,28.958
2015-07-13,Sardar Sarovar,510.526,29.576
2015-07-14,Sardar Sarovar,1155.106,30.194
2015-07-15,Sardar Sarovar,1208.889,30.812
2015-07-16,Sardar Sarovar,1277.381,31.43
2015-07-17,Sardar Sarovar,1249.674,32.048
2015-07-18,Sardar Sarovar,1180.324,32.666
2015-07-19,Sardar Sarovar,1110.973,33.284
2015-07-20,Sardar Sarovar,1041.622,33.902
2015-07-21,Sardar Sarovar,1125.538,34.52
2015-07-22,Sardar Sarovar,1206.14,35.138
2015-07-23,Sardar Sarovar,1359.94,35.756
2015-07-24,Sardar Sarovar,772.03,36.374
2015-07-25,Sardar Sarovar,930.113,36.992
2015-07-26,Sardar Sarovar,963.493,37.61
2015-07-27,Sardar Sarovar,996.872,38.228
2015-07-28,Sardar Sarovar,1025.053,38.846
2015-07-29,Sardar Sarovar,759.153,39.464
2015-07-30,Sardar Sarovar,534.295,40.082
2015-07-31,Sardar Sarovar,909.854,40.7
2015-08-01,Sardar Sarovar,823.922,41.318
2015-08-02,Sardar Sarovar,965.339,41.671
2015-08-03,Sardar Sarovar,1106.757,38.493
2015-08-04,Sardar Sarovar,835.869,40.259
2015-08-05,Sardar Sarovar,990.589,47.322
2015-08-06,Sardar Sarovar,1145.308,30.724
2015-08-07,Sardar Sarovar,1300.028,25.427
2015-08-08,Sardar Sarovar,709.176,55.444
2015-08-09,Sardar Sarovar,960.628,52.972
2015-08-10,Sardar Sarovar,1212.08,0.0
2015-08-11,Sardar Sarovar,1306.32,0.0
2015-08-12,Sardar Sarovar,2102.721,29.311
2015-08-13,Sardar Sarovar,2299.703,29.929
2015-08-14,Sardar Sarovar,2259.315,30.547
2015-08-15,Sardar Sarovar,2276.567,31.165
2015-08-16,Sardar Sarovar,2293.819,31.783
2015-08-17,Sardar Sarovar,2311.07,32.401
2015-08-18,Sardar Sarovar,2230.4,33.019
2015-08-19,Sardar Sarovar,2235.434,33.637
2015-08-20,Sardar Sarovar,2223.714,34.255
2015-08-21,Sardar Sarovar,2215.246,34.873
2015-08-22,Sardar Sarovar,2223.999,35.491
2015-08-23,Sardar Sarovar,1891.655,36.109
2015-08-24,Sardar Sarovar,1559.31,36.727
2015-08-25,Sardar Sarovar,1690.619,37.345
2015-08-26,Sardar Sarovar,1285.358,37.963
2015-08-27,Sardar Sarovar,1287.242,38.581
2015-08-28,Sardar Sarovar,690.502,39.199
2015-08-29,Sardar Sarovar,1125.832,39.817
2015-08-30,Sardar Sarovar,1173.037,40.435
2015-08-31,Sardar Sarovar,1220.242,41.053
2015-09-01,Sardar Sarovar,920.207,41.671
2015-09-02,Sardar Sarovar,730.438,42.024
2015-09-03,Sardar Sarovar,920.91,38.14
2015-09-04,Sardar Sarovar,1135.25,39.906
2015-09-05,Sardar Sarovar,1240.286,46.969
2015-09-06,Sardar Sarovar,1159.574,31.43
2015-09-07,Sardar Sarovar,1078.863,25.427
2015-09-08,Sardar Sarovar,860.668,55.444
2015-09-09,Sardar Sarovar,419.249,52.266
2015-09-10,Sardar Sarovar,790.763,45.909
2015-09-11,Sardar Sarovar,242.422,40.965
2015-09-12,Sardar Sarovar,635.298,29.311
2015-09-13,Sardar Sarovar,460.23,30.017
2015-09-14,Sardar Sarovar,285.162,30.724
2015-09-15,Sardar Sarovar,280.826,31.43
2015-09-16,Sardar Sarovar,656.699,32.136
2015-09-17,Sardar Sarovar,1103.835,32.843
2015-09-18,Sardar Sarovar,1550.971,33.549
2015-09-19,Sardar Sarovar,865.371,34.255
2015-09-20,Sardar Sarovar,555.481,34.962
2015-09-21,Sardar Sarovar,245.59,35.668
2015-09-22,Sardar Sarovar,210.176,36.374
2015-09-23,Sardar Sarovar,470.759,37.08
2015-09-24,Sardar Sarovar,738.92,37.787
2015-09-25,Sardar Sarovar,537.138,38.493
2015-09-26,Sardar Sarovar,335.356,39.199
2015-09-27,Sardar Sarovar,502.319,39.906
2015-09-28,Sardar Sarovar,669.282,40.612
2015-09-29,Sardar Sarovar,527.872,41.318
2015-09-30,Sardar Sarovar,476.619,42.024
2015-10-01,Sardar Sarovar,209.711,42.731
2015-10-02,Sardar Sarovar,332.719,40.965
2015-10-03,Sardar Sarovar,455.727,39.199
2015-10-04,Sardar Sarovar,577.585,39.906
2015-10-05,Sardar Sarovar,699.444,46.262
2015-10-06,Sardar Sarovar,630.48,30.724
2015-10-07,Sardar Sarovar,580.786,25.427
2015-10-08,Sardar Sarovar,701.525,54.738
2015-10-09,Sardar Sarovar,345.676,50.853
2015-10-10,Sardar Sarovar,220.248,45.556
2015-10-11,Sardar Sarovar,355.284,40.965
2015-10-12,Sardar Sarovar,490.321,29.311
2015-10-13,Sardar Sarovar,550.072,30.017
2015-10-14,Sardar Sarovar,1196.889,30.724
2015-10-15,Sardar Sarovar,1263.326,31.43
2015-10-16,Sardar Sarovar,1192.075,32.136
2015-10-17,Sardar Sarovar,434.235,32.843
2015-10-18,Sardar Sarovar,599.215,33.549
2015-10-19,Sardar Sarovar,764.194,34.255
2015-10-20,Sardar Sarovar,665.521,34.962
2015-10-21,Sardar Sarovar,585.282,35.668
2015-10-22,Sardar Sarovar,539.812,36.374
2015-10-23,Sardar Sarovar,494.342,37.08
2015-10-24,Sardar Sarovar,483.101,37.787
2015-10-25,Sardar Sarovar,471.86,38.493
2015-10-26,Sardar Sarovar,460.619,39.199
2015-10-27,Sardar Sarovar,280.874,39.906
2015-10-28,Sardar Sarovar,225.407,40.612
2015-10-29,Sardar Sarovar,199.333,41.318
2015-10-30,Sardar Sarovar,300.647,42.024
2015-10-31,Sardar Sarovar,777.408,42.731
2015-11-01,Sardar Sarovar,591.335,43.437
2015-11-02,Sardar Sarovar,405.263,40.259
2015-11-03,Sardar Sarovar,665.362,39.199
2015-11-04,Sardar Sarovar,772.027,39.906
2015-11-05,Sardar Sarovar,878.692,45.556
2015-11-06,Sardar Sarovar,237.415,31.077
2015-11-07,Sardar Sarovar,212.074,24.72
2015-11-08,Sardar Sarovar,242.757,52.972
2015-11-09,Sardar Sarovar,273.439,50.147
2015-11-10,Sardar Sarovar,382.689,44.496
2015-11-11,Sardar Sarovar,299.767,0.0
2015-11-12,Sardar Sarovar,216.844,29.664
2015-11-13,Sardar Sarovar,242.073,30.408
2015-11-14,Sardar Sarovar,251.849,31.151
2015-11-15,Sardar Sarovar,290.294,31.895
2015-11-16,Sardar Sarovar,328.738,32.638
2015-11-17,Sardar Sarovar,420.677,33.382
2015-11-18,Sardar Sarovar,318.866,34.125
2015-11-19,Sardar Sarovar,588.429,34.869
2015-11-20,Sardar Sarovar,426.47,35.612
2015-11-21,Sardar Sarovar,673.962,36.356
2015-11-22,Sardar Sarovar,778.21,37.099
2015-11-23,Sardar Sarovar,882.457,37.842
2015-11-24,Sardar Sarovar,516.531,38.586
2015-11-25,Sardar Sarovar,698.192,39.329
2015-11-26,Sardar Sarovar,879.854,40.073
2015-11-27,Sardar Sarovar,552.055,40.816
2015-11-28,Sardar Sarovar,224.256,41.56
2015-11-29,Sardar Sarovar,605.487,42.303
2015-11-30,Sardar Sarovar,241.601,43.047
2015-12-01,Sardar Sarovar,281.083,43.79
2015-12-02,Sardar Sarovar,499.147,39.199
2015-12-03,Sardar Sarovar,454.352,39.199
2015-12-04,Sardar Sarovar,530.382,40.259
2015-12-05,Sardar Sarovar,530.005,44.85
2015-12-06,Sardar Sarovar,583.561,0.0
2015-12-07,Sardar Sarovar,637.118,24.014
2015-12-08,Sardar Sarovar,515.265,53.325
2015-12-09,Sardar Sarovar,685.814,49.441
2015-12-10,Sardar Sarovar,640.426,43.437
2015-12-11,Sardar Sarovar,595.496,40.965
2015-12-12,Sardar Sarovar,544.783,30.724
2015-12-13,Sardar Sarovar,448.894,30.265
2015-12-14,Sardar Sarovar,353.005,29.806
2015-12-15,Sardar Sarovar,339.031,29.346
2015-12-16,Sardar Sarovar,383.802,28.887
2015-12-17,Sardar Sarovar,453.97,28.428
2015-12-18,Sardar Sarovar,468.277,27.969
2015-12-19,Sardar Sarovar,475.857,27.51
2015-12-20,Sardar Sarovar,448.71,27.051
2015-12-21,Sardar Sarovar,421.563,26.592
2015-12-22,Sardar Sarovar,418.273,26.133
2015-12-23,Sardar Sarovar,434.746,25.674
2015-12-24,Sardar Sarovar,446.635,25.215
2015-12-25,Sardar Sarovar,458.524,24.756
2015-12-26,Sardar Sarovar,470.412,24.296
2015-12-27,Sardar Sarovar,411.727,23.837
2015-12-28,Sardar Sarovar,353.042,23.378
2015-12-29,Sardar Sarovar,395.9,22.919
2015-12-30,Sardar Sarovar,555.727,22.46
2015-12-31,Sardar Sarovar,653.938,22.001
2016-01-01,Sardar Sarovar,530.112,21.542
2016-01-02,Sardar Sarovar,550.76,14.479
2016-01-03,Sardar Sarovar,465.598,11.654
2016-01-04,Sardar Sarovar,380.436,11.301
2016-01-05,Sardar Sarovar,340.733,28.958
2016-01-06,Sardar Sarovar,525.337,43.084
2016-01-07,Sardar Sarovar,400.245,18.717
2016-01-08,Sardar Sarovar,359.557,43.437
2016-01-09,Sardar Sarovar,316.585,62.86
2016-01-10,Sardar Sarovar,328.916,55.091
2016-01-11,Sardar Sarovar,341.247,48.381
2016-01-12,Sardar Sarovar,243.9,45.556
2016-01-13,Sardar Sarovar,253.37,44.408
2016-01-14,Sardar Sarovar,319.064,43.26
2016-01-15,Sardar Sarovar,340.733,42.113
2016-01-16,Sardar Sarovar,334.881,40.965
2016-01-17,Sardar Sarovar,311.441,39.817
2016-01-18,Sardar Sarovar,288.001,38.67
2016-01-19,Sardar Sarovar,215.541,37.522
2016-01-20,Sardar Sarovar,280.221,36.374
2016-01-21,Sardar Sarovar,613.861,35.226
2016-01-22,Sardar Sarovar,342.772,34.079
2016-01-23,Sardar Sarovar,525.287,32.931
2016-01-24,Sardar Sarovar,623.368,31.783
2016-01-25,Sardar Sarovar,721.449,30.635
2016-01-26,Sardar Sarovar,696.905,29.488
2016-01-27,Sardar Sarovar,672.361,28.34
2016-01-28,Sardar Sarovar,620.444,27.192
2016-01-29,Sardar Sarovar,449.724,26.045
2016-01-30,Sardar Sarovar,515.196,24.897
2016-01-31,Sardar Sarovar,402.854,23.749
2016-02-01,Sardar Sarovar,290.511,22.601
2016-02-02,Sardar Sarovar,423.342,14.126
2016-02-03,Sardar Sarovar,381.024,11.301
2016-02-04,Sardar Sarovar,345.096,11.301
2016-02-05,Sardar Sarovar,331.877,30.017
2016-02-06,Sardar Sarovar,403.399,43.437
2016-02-07,Sardar Sarovar,371.448,18.717
2016-02-08,Sardar Sarovar,339.498,44.496
2016-02-09,Sardar Sarovar,354.999,61.094
2016-02-10,Sardar Sarovar,353.415,54.738
2016-02-11,Sardar Sarovar,345.805,48.381
2016-02-12,Sardar Sarovar,356.075,44.85
2016-02-13,Sardar Sarovar,971.567,43.653
2016-02-14,Sardar Sarovar,963.053,42.456
2016-02-15,Sardar Sarovar,954.54,41.259
2016-02-16,Sardar Sarovar,519.144,40.063
2016-02-17,Sardar Sarovar,252.672,38.866
2016-02-18,Sardar Sarovar,417.335,37.669
2016-02-19,Sardar Sarovar,562.516,36.472
2016-02-20,Sardar Sarovar,554.47,35.275
2016-02-21,Sardar Sarovar,510.583,34.079
2016-02-22,Sardar Sarovar,466.695,32.882
2016-02-23,Sardar Sarovar,673.589,31.685
2016-02-24,Sardar Sarovar,530.661,30.488
2016-02-25,Sardar Sarovar,394.324,29.292
2016-02-26,Sardar Sarovar,253.949,28.095
2016-02-27,Sardar Sarovar,221.522,26.898
2016-02-28,Sardar Sarovar,332.833,25.701
2016-02-29,Sardar Sarovar,444.144,24.504
2016-03-01,Sardar Sarovar,400.62,23.308
2016-03-02,Sardar Sarovar,295.045,14.126
2016-03-03,Sardar Sarovar,414.855,10.594
2016-03-04,Sardar Sarovar,430.586,11.654
2016-03-05,Sardar Sarovar,328.165,30.724
2016-03-06,Sardar Sarovar,636.38,44.143
2016-03-07,Sardar Sarovar,944.595,18.717
2016-03-08,Sardar Sarovar,943.958,45.909
2016-03-09,Sardar Sarovar,940.803,59.329
2016-03-10,Sardar Sarovar,854.227,54.031
2016-03-11,Sardar Sarovar,834.976,0.0
2016-03-12,Sardar Sarovar,567.984,43.79
2016-03-13,Sardar Sarovar,396.85,42.748
2016-03-14,Sardar Sarovar,225.716,41.707
2016-03-15,Sardar Sarovar,328.846,40.665
2016-03-16,Sardar Sarovar,202.409,39.623
2016-03-17,Sardar Sarovar,234.871,38.581
2016-03-18,Sardar Sarovar,343.535,37.539
2016-03-19,Sardar Sarovar,345.974,36.498
2016-03-20,Sardar Sarovar,344.292,35.456
2016-03-21,Sardar Sarovar,342.61,34.414
2016-03-22,Sardar Sarovar,554.35,33.372
2016-03-23,Sardar Sarovar,420.76,32.331
2016-03-24,Sardar Sarovar,362.222,31.289
2016-03-25,Sardar Sarovar,303.684,30.247
2016-03-26,Sardar Sarovar,245.146,29.205
2016-03-27,Sardar Sarovar,299.991,28.163
2016-03-28,Sardar Sarovar,354.835,27.122
2016-03-29,Sardar Sarovar,255.503,26.08
2016-03-30,Sardar Sarovar,538.134,25.038
2016-03-31,Sardar Sarovar,535.086,23.996
2016-04-01,Sardar Sarovar,545.173,22.955
2016-04-02,Sardar Sarovar,672.659,0.0
2016-04-03,Sardar Sarovar,467.705,10.241
2016-04-04,Sardar Sarovar,262.75,12.007
2016-04-05,Sardar Sarovar,681.1,31.783
2016-04-06,Sardar Sarovar,428.623,44.143
2016-04-07,Sardar Sarovar,422.539,18.717
2016-04-08,Sardar Sarovar,558.975,46.969
2016-04-09,Sardar Sarovar,342.147,58.269
2016-04-10,Sardar Sarovar,334.877,55.797
2016-04-11,Sardar Sarovar,327.606,45.909
2016-04-12,Sardar Sarovar,622.762,44.496
2016-04-13,Sardar Sarovar,485.067,43.511
2016-04-14,Sardar Sarovar,508.228,42.526
2016-04-15,Sardar Sarovar,531.389,41.541
2016-04-16,Sardar Sarovar,554.551,40.556
2016-04-17,Sardar Sarovar,559.224,39.571
2016-04-18,Sardar Sarovar,563.898,38.586
2016-04-19,Sardar Sarovar,555.035,37.601
2016-04-20,Sardar Sarovar,381.867,36.616
2016-04-21,Sardar Sarovar,208.7,35.631
2016-04-22,Sardar Sarovar,191.702,34.646
2016-04-23,Sardar Sarovar,555.079,33.66
2016-04-24,Sardar Sarovar,554.796,32.675
2016-04-25,Sardar Sarovar,554.513,31.69
2016-04-26,Sardar Sarovar,553.038,30.705
2016-04-27,Sardar Sarovar,553.544,29.72
2016-04-28,Sardar Sarovar,554.58,28.735
2016-04-29,Sardar Sarovar,554.164,27.75
2016-04-30,Sardar Sarovar,554.612,26.765
2016-05-01,Sardar Sarovar,554.706,25.78
2016-05-02,Sardar Sarovar,554.801,13.773
2016-05-03,Sardar Sarovar,555.129,9.888
2016-05-04,Sardar Sarovar,555.416,12.007
2016-05-05,Sardar Sarovar,557.074,32.843
2016-05-06,Sardar Sarovar,554.177,44.143
2016-05-07,Sardar Sarovar,554.217,18.717
2016-05-08,Sardar Sarovar,562.152,48.734
2016-05-09,Sardar Sarovar,570.086,57.563
2016-05-10,Sardar Sarovar,568.542,58.269
2016-05-11,Sardar Sarovar,567.396,45.909
2016-05-12,Sardar Sarovar,569.43,44.496
2016-05-13,Sardar Sarovar,568.864,43.331
2016-05-14,Sardar Sarovar,568.179,42.166
2016-05-15,Sardar Sarovar,573.079,41.0
2016-05-16,Sardar Sarovar,577.979,39.835
2016-05-17,Sardar Sarovar,579.355,38.67
2016-05-18,Sardar Sarovar,577.772,37.504
2016-05-19,Sardar Sarovar,577.787,36.339
2016-05-20,Sardar Sarovar,578.743,35.173
2016-05-21,Sardar Sarovar,582.099,34.008
2016-05-22,Sardar Sarovar,585.455,32.843
2016-05-23,Sardar Sarovar,588.811,31.677
2016-05-24,Sardar Sarovar,537.021,30.512
2016-05-25,Sardar Sarovar,578.281,29.346
2016-05-26,Sardar Sarovar,361.924,28.181
2016-05-27,Sardar Sarovar,199.863,27.016
2016-05-28,Sardar Sarovar,166.45,25.85
2016-05-29,Sardar Sarovar,152.695,24.685
2016-05-30,Sardar Sarovar,138.94,23.52
2016-05-31,Sardar Sarovar,706.825,22.354
2016-06-01,Sardar Sarovar,743.107,21.189
2016-06-02,Sardar Sarovar,846.07,13.42
2016-06-03,Sardar Sarovar,354.154,9.535
2016-06-04,Sardar Sarovar,539.355,12.36
2016-06-05,Sardar Sarovar,706.0,33.902
2016-06-06,Sardar Sarovar,590.59,44.143
2016-06-07,Sardar Sarovar,178.394,18.717
2016-06-08,Sardar Sarovar,120.507,57.21
2016-06-09,Sardar Sarovar,122.516,56.857
2016-06-10,Sardar Sarovar,295.206,59.329
2016-06-11,Sardar Sarovar,174.32,45.909
2016-06-12,Sardar Sarovar,245.0,45.203
2016-06-13,Sardar Sarovar,346.268,43.92
2016-06-14,Sardar Sarovar,199.318,42.638
2016-06-15,Sardar Sarovar,160.419,41.355
2016-06-16,Sardar Sarovar,173.704,40.073
2016-06-17,Sardar Sarovar,429.085,38.79
2016-06-18,Sardar Sarovar,156.302,37.508
2016-06-19,Sardar Sarovar,205.0,36.225
2016-06-20,Sardar Sarovar,222.576,34.943
2016-06-21,Sardar Sarovar,325.93,33.66
2016-06-22,Sardar Sarovar,457.397,32.378
2016-06-23,Sardar Sarovar,151.633,31.095
2016-06-24,Sardar Sarovar,244.955,29.813
2016-06-25,Sardar Sarovar,160.629,28.531
2016-06-26,Sardar Sarovar,141.0,27.248
2016-06-27,Sardar Sarovar,174.299,25.966
2016-06-28,Sardar Sarovar,129.99,24.683
2016-06-29,Sardar Sarovar,106.304,23.401
2016-06-30,Sardar Sarovar,459.959,22.118
2016-07-01,Sardar Sarovar,669.896,20.836
2016-07-02,Sardar Sarovar,179.855,13.066
2016-07-03,Sardar Sarovar,185.0,9.888
2016-07-04,Sardar Sarovar,192.666,13.066
2016-07-05,Sardar Sarovar,434.949,34.608
2016-07-06,Sardar Sarovar,305.21,43.79
2016-07-07,Sardar Sarovar,175.0,18.364
2016-07-08,Sardar Sarovar,527.416,68.51
2016-07-09,Sardar Sarovar,930.226,56.15
2016-07-10,Sardar Sarovar,298.0,58.269
2016-07-11,Sardar Sarovar,434.634,46.615
2016-07-12,Sardar Sarovar,1491.492,46.262
2016-07-13,Sardar Sarovar,2468.038,44.973
2016-07-14,Sardar Sarovar,2257.519,43.684
2016-07-15,Sardar Sarovar,2213.342,42.395
2016-07-16,Sardar Sarovar,2173.848,41.106
2016-07-17,Sardar Sarovar,2152.0,39.817
2016-07-18,Sardar Sarovar,2142.8,38.528
2016-07-19,Sardar Sarovar,2137.687,37.239
2016-07-20,Sardar Sarovar,2139.902,35.95
2016-07-21,Sardar Sarovar,2133.219,34.661
2016-07-22,Sardar Sarovar,2121.245,33.372
2016-07-23,Sardar Sarovar,2114.433,32.083
2016-07-24,Sardar Sarovar,2109.0,30.794
2016-07-25,Sardar Sarovar,2111.547,29.505
2016-07-26,Sardar Sarovar,2111.37,28.216
2016-07-27,Sardar Sarovar,2195.002,26.927
2016-07-28,Sardar Sarovar,2785.984,25.638
2016-07-29,Sardar Sarovar,2299.618,24.349
2016-07-30,Sardar Sarovar,2243.35,23.06
2016-07-31,Sardar Sarovar,2241.0,21.771
2016-08-01,Sardar Sarovar,2235.194,20.483
2016-08-02,Sardar Sarovar,2251.606,13.066
2016-08-03,Sardar Sarovar,2270.531,10.594
2016-08-04,Sardar Sarovar,2367.104,13.42
2016-08-05,Sardar Sarovar,5034.252,35.668
2016-08-06,Sardar Sarovar,5539.685,43.084
2016-08-07,Sardar Sarovar,10000.0,18.01
2016-08-08,Sardar Sarovar,10000.0,77.339
2016-08-09,Sardar Sarovar,10200.0,0.0
2016-08-10,Sardar Sarovar,9820.0,56.15
2016-08-11,Sardar Sarovar,7200.0,47.675
2016-08-12,Sardar Sarovar,5387.234,0.0
2016-08-13,Sardar Sarovar,5393.173,1.024
2016-08-14,Sardar Sarovar,5050.0,2.048
2016-08-15,Sardar Sarovar,2187.0,3.072
2016-08-16,Sardar Sarovar,2191.032,4.097
2016-08-17,Sardar Sarovar,2163.134,5.121
2016-08-18,Sardar Sarovar,2167.153,6.145
2016-08-19,Sardar Sarovar,2075.433,7.169
2016-08-20,Sardar Sarovar,2205.799,8.193
2016-08-21,Sardar Sarovar,3298.0,9.217
2016-08-22,Sardar Sarovar,3300.25,10.241
2016-08-23,Sardar Sarovar,4997.119,11.265
2016-08-24,Sardar Sarovar,4359.231,12.29
2016-08-25,Sardar Sarovar,4356.343,13.314
2016-08-26,Sardar Sarovar,3316.368,14.338
2016-08-27,Sardar Sarovar,3393.858,15.362
2016-08-28,Sardar Sarovar,4465.0,16.386
2016-08-29,Sardar Sarovar,4500.047,17.41
2016-08-30,Sardar Sarovar,3949.104,18.434
2016-08-31,Sardar Sarovar,3090.255,19.458
2016-09-01,Sardar Sarovar,2619.354,20.483
2016-09-02,Sardar Sarovar,2229.67,13.066
2016-09-03,Sardar Sarovar,2186.985,10.948
2016-09-04,Sardar Sarovar,2205.0,14.479
2016-09-05,Sardar Sarovar,2187.0,36.727
2016-09-06,Sardar Sarovar,2180.172,42.024
2016-09-07,Sardar Sarovar,2164.077,17.304
2016-09-08,Sardar Sarovar,2166.257,79.105
2016-09-09,Sardar Sarovar,1843.088,56.15
2016-09-10,Sardar Sarovar,1291.029,54.738
2016-09-11,Sardar Sarovar,1060.0,49.087
2016-09-12,Sardar Sarovar,720.084,47.322
2016-09-13,Sardar Sarovar,650.0,45.816
2016-09-14,Sardar Sarovar,903.865,44.311
2016-09-15,Sardar Sarovar,705.094,42.805
2016-09-16,Sardar Sarovar,819.455,41.3
2016-09-17,Sardar Sarovar,728.505,39.794
2016-09-18,Sardar Sarovar,670.0,38.289
2016-09-19,Sardar Sarovar,361.124,36.783
2016-09-20,Sardar Sarovar,381.176,35.277
2016-09-21,Sardar Sarovar,318.614,33.772
2016-09-22,Sardar Sarovar,222.334,32.266
2016-09-23,Sardar Sarovar,170.209,30.761
2016-09-24,Sardar Sarovar,196.778,29.255
2016-09-25,Sardar Sarovar,193.0,27.75
2016-09-26,Sardar Sarovar,137.498,26.244
2016-09-27,Sardar Sarovar,304.904,24.739
2016-09-28,Sardar Sarovar,448.182,23.233
2016-09-29,Sardar Sarovar,824.057,21.728
2016-09-30,Sardar Sarovar,1567.466,20.222
2016-10-01,Sardar Sarovar,1165.508,18.717
2016-10-02,Sardar Sarovar,1450.0,13.066
2016-10-03,Sardar Sarovar,2241.038,11.654
2016-10-04,Sardar Sarovar,2915.06,15.185
2016-10-05,Sardar Sarovar,2567.067,37.434
2016-10-06,Sardar Sarovar,2255.028,41.318
2016-10-07,Sardar Sarovar,1448.044,16.951
2016-10-08,Sardar Sarovar,1435.089,80.871
2016-10-09,Sardar Sarovar,1680.0,55.091
2016-10-10,Sardar Sarovar,1544.438,54.738
2016-10-11,Sardar Sarovar,1790.0,50.147
2016-10-12,Sardar Sarovar,1165.0,47.322
2016-10-13,Sardar Sarovar,921.392,45.874
2016-10-14,Sardar Sarovar,696.247,44.426
2016-10-15,Sardar Sarovar,1693.498,42.978
2016-10-16,Sardar Sarovar,1450.0,41.53
2016-10-17,Sardar Sarovar,545.705,40.082
2016-10-18,Sardar Sarovar,666.212,38.634
2016-10-19,Sardar Sarovar,905.302,37.186
2016-10-20,Sardar Sarovar,707.77,35.738
2016-10-21,Sardar Sarovar,373.129,34.291
2016-10-22,Sardar Sarovar,730.118,32.843
2016-10-23,Sardar Sarovar,540.0,31.395
2016-10-24,Sardar Sarovar,738.945,29.947
2016-10-25,Sardar Sarovar,473.483,28.499
2016-10-26,Sardar Sarovar,510.18,27.051
2016-10-27,Sardar Sarovar,366.012,25.603
2016-10-28,Sardar Sarovar,856.191,24.155
2016-10-29,Sardar Sarovar,809.792,22.707
2016-10-30,Sardar Sarovar,308.0,21.259
2016-10-31,Sardar Sarovar,396.812,19.812
2016-11-01,Sardar Sarovar,146.918,18.364
2016-11-02,Sardar Sarovar,257.233,12.713
2016-11-03,Sardar Sarovar,377.334,12.36
2016-11-04,Sardar Sarovar,429.133,15.185
2016-11-05,Sardar Sarovar,521.833,38.493
2016-11-06,Sardar Sarovar,950.0,40.259
2016-11-07,Sardar Sarovar,915.187,17.304
2016-11-08,Sardar Sarovar,703.794,78.752
2016-11-09,Sardar Sarovar,871.119,52.972
2016-11-10,Sardar Sarovar,914.264,54.031
2016-11-11,Sardar Sarovar,853.705,50.5
2016-11-12,Sardar Sarovar,1175.305,46.969
2016-11-13,Sardar Sarovar,910.0,45.426
2016-11-14,Sardar Sarovar,870.0,43.883
2016-11-15,Sardar Sarovar,856.22,42.34
2016-11-16,Sardar Sarovar,390.766,40.798
2016-11-17,Sardar Sarovar,494.722,39.255
2016-11-18,Sardar Sarovar,458.754,37.712
2016-11-19,Sardar Sarovar,812.732,36.17
2016-11-20,Sardar Sarovar,790.0,34.627
2016-11-21,Sardar Sarovar,466.952,33.084
2016-11-22,Sardar Sarovar,575.865,31.542
2016-11-23,Sardar Sarovar,538.979,29.999
2016-11-24,Sardar Sarovar,441.861,28.456
2016-11-25,Sardar Sarovar,305.604,26.913
2016-11-26,Sardar Sarovar,643.199,25.371
2016-11-27,Sardar Sarovar,870.0,23.828
2016-11-28,Sardar Sarovar,723.916,22.285
2016-11-29,Sardar Sarovar,872.893,20.743
2016-11-30,Sardar Sarovar,501.026,19.2
2016-12-01,Sardar Sarovar,531.686,17.657
2016-12-02,Sardar Sarovar,549.691,12.36
2016-12-03,Sardar Sarovar,987.265,12.713
2016-12-04,Sardar Sarovar,652.0,15.538
2016-12-05,Sardar Sarovar,869.827,39.199
2016-12-06,Sardar Sarovar,1125.741,39.199
2016-12-07,Sardar Sarovar,618.852,16.951
2016-12-08,Sardar Sarovar,705.203,75.573
2016-12-09,Sardar Sarovar,616.283,50.5
2016-12-10,Sardar Sarovar,447.497,54.031
2016-12-11,Sardar Sarovar,413.0,51.559
2016-12-12,Sardar Sarovar,334.0,46.262
2016-12-13,Sardar Sarovar,430.297,45.785
2016-12-14,Sardar Sarovar,521.324,45.309
2016-12-15,Sardar Sarovar,303.018,44.832
2016-12-16,Sardar Sarovar,427.157,44.355
2016-12-17,Sardar Sarovar,387.787,43.878
2016-12-18,Sardar Sarovar,457.0,43.402
2016-12-19,Sardar Sarovar,382.913,42.925
2016-12-20,Sardar Sarovar,398.678,42.448
2016-12-21,Sardar Sarovar,471.749,41.971
2016-12-22,Sardar Sarovar,512.77,41.495
2016-12-23,Sardar Sarovar,521.346,41.018
2016-12-24,Sardar Sarovar,434.04,40.541
2016-12-25,Sardar Sarovar,441.0,40.064
2016-12-26,Sardar Sarovar,494.93,39.588
2016-12-27,Sardar Sarovar,363.288,39.111
2016-12-28,Sardar Sarovar,510.249,38.634
2016-12-29,Sardar Sarovar,654.378,38.157
2016-12-30,Sardar Sarovar,501.863,37.681
2016-12-31,Sardar Sarovar,457.07,37.204
2017-01-01,Sardar Sarovar,642.0,36.727
2017-01-02,Sardar Sarovar,607.27,43.437
2017-01-03,Sardar Sarovar,449.368,0.0
2017-01-04,Sardar Sarovar,807.575,38.14
2017-01-05,Sardar Sarovar,950.22,34.608
2017-01-06,Sardar Sarovar,523.809,39.906
2017-01-07,Sardar Sarovar,533.197,17.657
2017-01-08,Sardar Sarovar,450.0,49.087
2017-01-09,Sardar Sarovar,594.462,73.808
2017-01-10,Sardar Sarovar,436.877,118.657
2017-01-11,Sardar Sarovar,606.634,102.413
2017-01-12,Sardar Sarovar,638.316,68.864
2017-01-13,Sardar Sarovar,676.929,67.239
2017-01-14,Sardar Sarovar,789.467,65.615
2017-01-15,Sardar Sarovar,532.0,63.99
2017-01-16,Sardar Sarovar,421.803,62.366
2017-01-17,Sardar Sarovar,690.071,60.741
2017-01-18,Sardar Sarovar,446.579,59.117
2017-01-19,Sardar Sarovar,311.549,57.492
2017-01-20,Sardar Sarovar,567.219,55.868
2017-01-21,Sardar Sarovar,708.848,54.243
2017-01-22,Sardar Sarovar,708.0,52.619
2017-01-23,Sardar Sarovar,580.023,50.994
2017-01-24,Sardar Sarovar,576.095,49.37
2017-01-25,Sardar Sarovar,413.642,47.745
2017-01-26,Sardar Sarovar,574.0,46.121
2017-01-27,Sardar Sarovar,492.121,44.496
2017-01-28,Sardar Sarovar,466.8,42.872
2017-01-29,Sardar Sarovar,770.0,41.248
2017-01-30,Sardar Sarovar,572.7,39.623
2017-01-31,Sardar Sarovar,593.624,37.999
2017-02-01,Sardar Sarovar,497.054,36.374
2017-02-02,Sardar Sarovar,880.687,43.79
2017-02-03,Sardar Sarovar,566.054,0.0
2017-02-04,Sardar Sarovar,601.43,37.787
2017-02-05,Sardar Sarovar,778.0,34.608
2017-02-06,Sardar Sarovar,395.5,40.612
2017-02-07,Sardar Sarovar,494.686,17.657
2017-02-08,Sardar Sarovar,650.824,50.5
2017-02-09,Sardar Sarovar,444.532,75.573
2017-02-10,Sardar Sarovar,490.236,118.304
2017-02-11,Sardar Sarovar,301.0,101.353
2017-02-12,Sardar Sarovar,301.0,67.451
2017-02-13,Sardar Sarovar,467.948,65.665
2017-02-14,Sardar Sarovar,530.604,63.878
2017-02-15,Sardar Sarovar,1061.109,62.091
2017-02-16,Sardar Sarovar,835.421,60.305
2017-02-17,Sardar Sarovar,649.523,58.518
2017-02-18,Sardar Sarovar,574.198,56.732
2017-02-19,Sardar Sarovar,585.0,54.945
2017-02-20,Sardar Sarovar,628.895,53.159
2017-02-21,Sardar Sarovar,424.298,51.372
2017-02-22,Sardar Sarovar,449.223,49.586
2017-02-23,Sardar Sarovar,945.702,47.799
2017-02-24,Sardar Sarovar,945.0,46.013
2017-02-25,Sardar Sarovar,945.467,44.226
2017-02-26,Sardar Sarovar,441.994,42.44
2017-02-27,Sardar Sarovar,441.7,40.653
2017-02-28,Sardar Sarovar,740.852,38.867
2017-03-01,Sardar Sarovar,742.962,37.08
2017-03-02,Sardar Sarovar,448.075,0.0
2017-03-03,Sardar Sarovar,397.435,40.259
2017-03-04,Sardar Sarovar,579.521,38.14
2017-03-05,Sardar Sarovar,570.0,34.962
2017-03-06,Sardar Sarovar,369.012,40.259
2017-03-07,Sardar Sarovar,423.981,18.717
2017-03-08,Sardar Sarovar,727.231,51.559
2017-03-09,Sardar Sarovar,551.991,76.633
2017-03-10,Sardar Sarovar,391.117,117.598
2017-03-11,Sardar Sarovar,357.287,100.294
2017-03-12,Sardar Sarovar,742.0,66.038
2017-03-13,Sardar Sarovar,636.0,64.573
2017-03-14,Sardar Sarovar,580.977,63.107
2017-03-15,Sardar Sarovar,356.056,61.642
2017-03-16,Sardar Sarovar,429.444,60.176
2017-03-17,Sardar Sarovar,680.439,58.711
2017-03-18,Sardar Sarovar,552.452,57.245
2017-03-19,Sardar Sarovar,586.0,55.78
2017-03-20,Sardar Sarovar,445.113,54.314
2017-03-21,Sardar Sarovar,1003.51,52.848
2017-03-22,Sardar Sarovar,991.908,51.383
2017-03-23,Sardar Sarovar,552.513,49.917
2017-03-24,Sardar Sarovar,318.012,48.452
2017-03-25,Sardar Sarovar,337.341,46.986
2017-03-26,Sardar Sarovar,637.0,45.521
2017-03-27,Sardar Sarovar,836.888,44.055
2017-03-28,Sardar Sarovar,580.474,42.589
2017-03-29,Sardar Sarovar,594.236,41.124
2017-03-30,Sardar Sarovar,669.723,39.658
2017-03-31,Sardar Sarovar,418.564,38.193
2017-04-01,Sardar Sarovar,275.025,36.727
2017-04-02,Sardar Sarovar,640.0,43.79
2017-04-03,Sardar Sarovar,589.112,40.259
2017-04-04,Sardar Sarovar,679.852,38.493
2017-04-05,Sardar Sarovar,669.8,35.668
2017-04-06,Sardar Sarovar,245.591,40.259
2017-04-07,Sardar Sarovar,472.041,20.483
2017-04-08,Sardar Sarovar,644.257,51.913
2017-04-09,Sardar Sarovar,1500.0,77.339
2017-04-10,Sardar Sarovar,419.067,117.245
2017-04-11,Sardar Sarovar,1561.34,99.941
2017-04-12,Sardar Sarovar,992.957,64.626
2017-04-13,Sardar Sarovar,986.526,63.176
2017-04-14,Sardar Sarovar,244.0,61.726
2017-04-15,Sardar Sarovar,438.44,60.277
2017-04-16,Sardar Sarovar,588.0,58.827
2017-04-17,Sardar Sarovar,420.421,57.377
2017-04-18,Sardar Sarovar,390.94,55.927
2017-04-19,Sardar Sarovar,317.693,54.478
2017-04-20,Sardar Sarovar,324.425,53.028
2017-04-21,Sardar Sarovar,271.652,51.578
2017-04-22,Sardar Sarovar,202.484,50.128
2017-04-23,Sardar Sarovar,168.0,48.678
2017-04-24,Sardar Sarovar,304.477,47.229
2017-04-25,Sardar Sarovar,524.746,45.779
2017-04-26,Sardar Sarovar,596.864,44.329
2017-04-27,Sardar Sarovar,501.604,42.879
2017-04-28,Sardar Sarovar,741.46,41.43
2017-04-29,Sardar Sarovar,472.593,39.98
2017-04-30,Sardar Sarovar,456.0,38.53
2017-05-01,Sardar Sarovar,227.604,37.08
2017-05-02,Sardar Sarovar,621.006,0.0
2017-05-03,Sardar Sarovar,715.919,39.906
2017-05-04,Sardar Sarovar,238.755,39.199
2017-05-05,Sardar Sarovar,366.529,35.315
2017-05-06,Sardar Sarovar,653.612,39.552
2017-05-07,Sardar Sarovar,371.0,20.836
2017-05-08,Sardar Sarovar,337.444,52.619
2017-05-09,Sardar Sarovar,463.144,78.045
2017-05-10,Sardar Sarovar,891.0,116.538
2017-05-11,Sardar Sarovar,598.609,99.587
2017-05-12,Sardar Sarovar,471.29,63.566
2017-05-13,Sardar Sarovar,795.327,62.295
2017-05-14,Sardar Sarovar,981.0,61.024
2017-05-15,Sardar Sarovar,399.96,59.752
2017-05-16,Sardar Sarovar,220.724,58.481
2017-05-17,Sardar Sarovar,880.991,57.21
2017-05-18,Sardar Sarovar,446.175,55.938
2017-05-19,Sardar Sarovar,519.793,54.667
2017-05-20,Sardar Sarovar,596.854,53.396
2017-05-21,Sardar Sarovar,1510.0,52.124
2017-05-22,Sardar Sarovar,1064.487,50.853
2017-05-23,Sardar Sarovar,1753.697,49.582
2017-05-24,Sardar Sarovar,1098.569,48.31
2017-05-25,Sardar Sarovar,491.951,47.039
2017-05-26,Sardar Sarovar,479.74,45.768
2017-05-27,Sardar Sarovar,455.538,44.496
2017-05-28,Sardar Sarovar,352.0,43.225
2017-05-29,Sardar Sarovar,578.898,41.954
2017-05-30,Sardar Sarovar,900.717,40.682
2017-05-31,Sardar Sarovar,1063.49,39.411
2017-06-01,Sardar Sarovar,1007.344,38.14
2017-06-02,Sardar Sarovar,1208.3,0.0
2017-06-03,Sardar Sarovar,970.264,39.906
2017-06-04,Sardar Sarovar,867.0,39.906
2017-06-05,Sardar Sarovar,468.86,34.608
2017-06-06,Sardar Sarovar,352.476,38.846
2017-06-07,Sardar Sarovar,399.395,20.836
2017-06-08,Sardar Sarovar,765.837,53.325
2017-06-09,Sardar Sarovar,999.299,78.752
2017-06-10,Sardar Sarovar,920.996,115.832
2017-06-11,Sardar Sarovar,1617.0,98.881
2017-06-12,Sardar Sarovar,858.368,62.154
2017-06-13,Sardar Sarovar,783.672,60.927
2017-06-14,Sardar Sarovar,475.147,59.7
2017-06-15,Sardar Sarovar,990.925,58.474
2017-06-16,Sardar Sarovar,705.691,57.247
2017-06-17,Sardar Sarovar,605.716,56.02
2017-06-18,Sardar Sarovar,653.0,54.793
2017-06-19,Sardar Sarovar,695.482,53.567
2017-06-20,Sardar Sarovar,536.746,52.34
2017-06-21,Sardar Sarovar,679.002,51.113
2017-06-22,Sardar Sarovar,474.733,49.887
2017-06-23,Sardar Sarovar,1655.241,48.66
2017-06-24,Sardar Sarovar,1613.139,47.433
2017-06-25,Sardar Sarovar,725.0,46.206
2017-06-26,Sardar Sarovar,176.0,44.98
2017-06-27,Sardar Sarovar,379.814,43.753
2017-06-28,Sardar Sarovar,754.329,42.526
2017-06-29,Sardar Sarovar,585.129,41.3
2017-06-30,Sardar Sarovar,703.863,40.073
2017-07-01,Sardar Sarovar,558.322,38.846
2017-07-02,Sardar Sarovar,1315.0,47.675
2017-07-03,Sardar Sarovar,713.755,38.846
2017-07-04,Sardar Sarovar,249.181,39.906
2017-07-05,Sardar Sarovar,278.354,34.255
2017-07-06,Sardar Sarovar,974.762,37.787
2017-07-07,Sardar Sarovar,1082.654,21.189
2017-07-08,Sardar Sarovar,900.258,53.678
2017-07-09,Sardar Sarovar,305.0,79.458
2017-07-10,Sardar Sarovar,305.805,115.126
2017-07-11,Sardar Sarovar,309.55,98.528
2017-07-12,Sardar Sarovar,671.169,61.448
2017-07-13,Sardar Sarovar,797.446,60.335
2017-07-14,Sardar Sarovar,522.832,59.223
2017-07-15,Sardar Sarovar,695.114,58.11
2017-07-16,Sardar Sarovar,215.0,56.998
2017-07-17,Sardar Sarovar,337.885,55.885
2017-07-18,Sardar Sarovar,520.806,54.773
2017-07-19,Sardar Sarovar,205.394,53.661
2017-07-20,Sardar Sarovar,159.32,52.548
2017-07-21,Sardar Sarovar,109.378,51.436
2017-07-22,Sardar Sarovar,113.555,50.323
2017-07-23,Sardar Sarovar,210.0,49.211
2017-07-24,Sardar Sarovar,413.684,48.099
2017-07-25,Sardar Sarovar,459.111,46.986
2017-07-26,Sardar Sarovar,326.046,45.874
2017-07-27,Sardar Sarovar,412.065,44.761
2017-07-28,Sardar Sarovar,263.888,43.649
2017-07-29,Sardar Sarovar,327.947,42.537
2017-07-30,Sardar Sarovar,225.0,41.424
2017-07-31,Sardar Sarovar,273.359,40.312
2017-08-01,Sardar Sarovar,315.991,39.199
2017-08-02,Sardar Sarovar,185.19,47.675
2017-08-03,Sardar Sarovar,165.841,37.787
2017-08-04,Sardar Sarovar,178.174,39.906
2017-08-05,Sardar Sarovar,179.75,34.255
2017-08-06,Sardar Sarovar,172.0,36.727
2017-08-07,Sardar Sarovar,241.224,12.713
2017-08-08,Sardar Sarovar,237.42,56.15
2017-08-09,Sardar Sarovar,175.414,80.164
2017-08-10,Sardar Sarovar,106.545,114.773
2017-08-11,Sardar Sarovar,92.451,97.115
2017-08-12,Sardar Sarovar,87.238,60.741
2017-08-13,Sardar Sarovar,71.0,59.646
2017-08-14,Sardar Sarovar,231.6,58.552
2017-08-15,Sardar Sarovar,337.0,57.457
2017-08-16,Sardar Sarovar,259.631,56.362
2017-08-17,Sardar Sarovar,111.119,55.267
2017-08-18,Sardar Sarovar,99.043,54.173
2017-08-19,Sardar Sarovar,96.251,53.078
2017-08-20,Sardar Sarovar,470.0,51.983
2017-08-21,Sardar Sarovar,325.996,50.888
2017-08-22,Sardar Sarovar,489.135,49.794
2017-08-23,Sardar Sarovar,342.975,48.699
2017-08-24,Sardar Sarovar,179.887,47.604
2017-08-25,Sardar Sarovar,196.0,46.509
2017-08-26,Sardar Sarovar,650.401,45.415
2017-08-27,Sardar Sarovar,392.0,44.32
2017-08-28,Sardar Sarovar,309.161,43.225
2017-08-29,Sardar Sarovar,514.359,42.13
2017-08-30,Sardar Sarovar,983.733,41.036
2017-08-31,Sardar Sarovar,976.406,39.941
2017-09-01,Sardar Sarovar,421.989,38.846
2017-09-02,Sardar Sarovar,237.0,47.675
2017-09-03,Sardar Sarovar,202.0,37.787
2017-09-04,Sardar Sarovar,175.277,40.612
2017-09-05,Sardar Sarovar,159.31,34.608
2017-09-06,Sardar Sarovar,264.804,37.08
2017-09-07,Sardar Sarovar,430.868,22.955
2017-09-08,Sardar Sarovar,380.583,56.15
2017-09-09,Sardar Sarovar,416.228,80.871
2017-09-10,Sardar Sarovar,179.0,114.42
2017-09-11,Sardar Sarovar,172.857,96.056
2017-09-12,Sardar Sarovar,2105.316,60.035
2017-09-13,Sardar Sarovar,2492.539,58.938
2017-09-14,Sardar Sarovar,2397.102,57.842
2017-09-15,Sardar Sarovar,2620.516,56.745
2017-09-16,Sardar Sarovar,1362.507,55.648
2017-09-17,Sardar Sarovar,245.0,54.552
2017-09-18,Sardar Sarovar,190.429,53.455
2017-09-19,Sardar Sarovar,544.935,52.359
2017-09-20,Sardar Sarovar,394.963,51.262
2017-09-21,Sardar Sarovar,429.942,50.165
2017-09-22,Sardar Sarovar,648.919,49.069
2017-09-23,Sardar Sarovar,537.354,47.972
2017-09-24,Sardar Sarovar,278.0,46.876
2017-09-25,Sardar Sarovar,233.57,45.779
2017-09-26,Sardar Sarovar,177.681,44.682
2017-09-27,Sardar Sarovar,173.063,43.586
2017-09-28,Sardar Sarovar,167.31,42.489
2017-09-29,Sardar Sarovar,169.809,41.393
2017-09-30,Sardar Sarovar,165.0,40.296
2017-10-01,Sardar Sarovar,161.0,39.199
2017-10-02,Sardar Sarovar,164.0,47.675
2017-10-03,Sardar Sarovar,128.748,37.787
2017-10-04,Sardar Sarovar,109.493,42.024
2017-10-05,Sardar Sarovar,103.757,34.962
2017-10-06,Sardar Sarovar,143.449,38.14
2017-10-07,Sardar Sarovar,178.483,23.661
2017-10-08,Sardar Sarovar,215.0,56.503
2017-10-09,Sardar Sarovar,202.333,81.577
2017-10-10,Sardar Sarovar,299.246,114.066
2017-10-11,Sardar Sarovar,296.557,95.35
2017-10-12,Sardar Sarovar,376.388,58.975
2017-10-13,Sardar Sarovar,275.5,57.987
2017-10-14,Sardar Sarovar,228.9,56.998
2017-10-15,Sardar Sarovar,247.0,56.009
2017-10-16,Sardar Sarovar,182.841,55.02
2017-10-17,Sardar Sarovar,269.287,54.031
2017-10-18,Sardar Sarovar,328.846,53.043
2017-10-19,Sardar Sarovar,327.55,52.054
2017-10-20,Sardar Sarovar,300.217,51.065
2017-10-21,Sardar Sarovar,228.815,50.076
2017-10-22,Sardar Sarovar,222.15,49.087
2017-10-23,Sardar Sarovar,170.43,48.099
2017-10-24,Sardar Sarovar,207.621,47.11
2017-10-25,Sardar Sarovar,270.179,46.121
2017-10-26,Sardar Sarovar,384.172,45.132
2017-10-27,Sardar Sarovar,276.712,44.143
2017-10-28,Sardar Sarovar,256.185,43.155
2017-10-29,Sardar Sarovar,310.65,42.166
2017-10-30,Sardar Sarovar,329.231,41.177
2017-10-31,Sardar Sarovar,336.548,40.188
2017-11-01,Sardar Sarovar,303.553,39.199
2017-11-02,Sardar Sarovar,295.156,48.028
2017-11-03,Sardar Sarovar,425.153,37.787
2017-11-04,Sardar Sarovar,430.0,42.378
2017-11-05,Sardar Sarovar,419.0,36.374
2017-11-06,Sardar Sarovar,384.503,38.493
2017-11-07,Sardar Sarovar,153.795,23.661
2017-11-08,Sardar Sarovar,188.531,56.503
2017-11-09,Sardar Sarovar,296.035,81.93
2017-11-10,Sardar Sarovar,207.384,113.713
2017-11-11,Sardar Sarovar,223.476,93.937
2017-11-12,Sardar Sarovar,145.0,57.563
2017-11-13,Sardar Sarovar,134.118,56.559
2017-11-14,Sardar Sarovar,206.952,55.556
2017-11-15,Sardar Sarovar,228.317,54.552
2017-11-16,Sardar Sarovar,284.74,53.548
2017-11-17,Sardar Sarovar,182.4,52.545
2017-11-18,Sardar Sarovar,141.642,51.541
2017-11-19,Sardar Sarovar,342.0,50.537
2017-11-20,Sardar Sarovar,112.922,49.533
2017-11-21,Sardar Sarovar,101.942,48.53
2017-11-22,Sardar Sarovar,95.559,47.526
2017-11-23,Sardar Sarovar,84.989,46.522
2017-11-24,Sardar Sarovar,207.256,45.519
2017-11-25,Sardar Sarovar,264.475,44.515
2017-11-26,Sardar Sarovar,199.0,43.511
2017-11-27,Sardar Sarovar,228.107,42.508
2017-11-28,Sardar Sarovar,195.688,41.504
2017-11-29,Sardar Sarovar,322.817,40.5
2017-11-30,Sardar Sarovar,246.569,39.497
2017-12-01,Sardar Sarovar,203.091,38.493
2017-12-02,Sardar Sarovar,194.177,47.675
2017-12-03,Sardar Sarovar,185.264,37.08
2017-12-04,Sardar Sarovar,176.35,43.084
2017-12-05,Sardar Sarovar,166.19,37.434
2017-12-06,Sardar Sarovar,127.88,39.552
2017-12-07,Sardar Sarovar,106.064,24.014
2017-12-08,Sardar Sarovar,244.368,56.503
2017-12-09,Sardar Sarovar,149.026,82.989
2017-12-10,Sardar Sarovar,164.509,113.713
2017-12-11,Sardar Sarovar,179.991,93.231
2017-12-12,Sardar Sarovar,120.703,56.503
2017-12-13,Sardar Sarovar,5.74,55.356
2017-12-14,Sardar Sarovar,174.948,54.208
2017-12-15,Sardar Sarovar,239.637,53.06
2017-12-16,Sardar Sarovar,126.554,51.913
2017-12-17,Sardar Sarovar,103.451,50.765
2017-12-18,Sardar Sarovar,80.348,49.617
2017-12-19,Sardar Sarovar,333.346,48.469
2017-12-20,Sardar Sarovar,279.338,47.322
2017-12-21,Sardar Sarovar,140.188,46.174
2017-12-22,Sardar Sarovar,114.089,45.026
2017-12-23,Sardar Sarovar,102.304,43.878
2017-12-24,Sardar Sarovar,108.353,42.731
2017-12-25,Sardar Sarovar,114.402,41.583
2017-12-26,Sardar Sarovar,120.451,40.435
2017-12-27,Sardar Sarovar,148.327,39.288
2017-12-28,Sardar Sarovar,140.294,38.14
2017-12-29,Sardar Sarovar,119.645,36.992
2017-12-30,Sardar Sarovar,116.764,35.844
2017-12-31,Sardar Sarovar,112.106,34.697
2018-01-01,Sardar Sarovar,107.448,33.549
2018-01-02,Sardar Sarovar,193.295,7.063
2018-01-03,Sardar Sarovar,142.807,0.0
2018-01-04,Sardar Sarovar,117.197,0.0
2018-01-05,Sardar Sarovar,239.81,0.0
2018-01-06,Sardar Sarovar,167.925,0.0
2018-01-07,Sardar Sarovar,291.0,0.0
2018-01-08,Sardar Sarovar,194.048,3.178
2018-01-09,Sardar Sarovar,117.533,56.503
2018-01-10,Sardar Sarovar,79.612,94.996
2018-01-11,Sardar Sarovar,160.667,0.0
2018-01-12,Sardar Sarovar,180.152,81.93
2018-01-13,Sardar Sarovar,199.128,79.458
2018-01-14,Sardar Sarovar,146.0,76.986
2018-01-15,Sardar Sarovar,323.413,74.514
2018-01-16,Sardar Sarovar,328.434,72.042
2018-01-17,Sardar Sarovar,333.494,69.57
2018-01-18,Sardar Sarovar,193.126,67.098
2018-01-19,Sardar Sarovar,136.029,64.626
2018-01-20,Sardar Sarovar,172.457,62.154
2018-01-21,Sardar Sarovar,130.15,59.682
2018-01-22,Sardar Sarovar,108.955,57.21
2018-01-23,Sardar Sarovar,381.332,54.738
2018-01-24,Sardar Sarovar,204.71,52.266
2018-01-25,Sardar Sarovar,323.09,49.794
2018-01-26,Sardar Sarovar,122.08,47.322
2018-01-27,Sardar Sarovar,122.085,44.85
2018-01-28,Sardar Sarovar,107.0,42.378
2018-01-29,Sardar Sarovar,106.672,39.906
2018-01-30,Sardar Sarovar,85.22,37.434
2018-01-31,Sardar Sarovar,106.482,34.962
2018-02-01,Sardar Sarovar,348.273,32.489
2018-02-02,Sardar Sarovar,199.549,6.357
2018-02-03,Sardar Sarovar,209.145,0.0
2018-02-04,Sardar Sarovar,170.651,0.0
2018-02-05,Sardar Sarovar,132.157,0.0
2018-02-06,Sardar Sarovar,173.013,0.0
2018-02-07,Sardar Sarovar,239.348,0.0
2018-02-08,Sardar Sarovar,343.073,2.825
2018-02-09,Sardar Sarovar,409.945,59.682
2018-02-10,Sardar Sarovar,269.069,94.643
2018-02-11,Sardar Sarovar,287.738,94.643
2018-02-12,Sardar Sarovar,306.406,80.871
2018-02-13,Sardar Sarovar,306.055,77.962
2018-02-14,Sardar Sarovar,286.99,75.054
2018-02-15,Sardar Sarovar,267.925,72.146
2018-02-16,Sardar Sarovar,148.093,69.238
2018-02-17,Sardar Sarovar,112.967,66.329
2018-02-18,Sardar Sarovar,118.118,63.421
2018-02-19,Sardar Sarovar,123.268,60.513
2018-02-20,Sardar Sarovar,83.768,57.604
2018-02-21,Sardar Sarovar,81.729,54.696
2018-02-22,Sardar Sarovar,75.607,51.788
2018-02-23,Sardar Sarovar,188.069,48.88
2018-02-24,Sardar Sarovar,127.891,45.971
2018-02-25,Sardar Sarovar,102.75,43.063
2018-02-26,Sardar Sarovar,77.608,40.155
2018-02-27,Sardar Sarovar,38.009,37.247
2018-02-28,Sardar Sarovar,32.888,34.338
2018-03-01,Sardar Sarovar,40.584,31.43
2018-03-02,Sardar Sarovar,280.0,6.003
2018-03-03,Sardar Sarovar,89.341,0.0
2018-03-04,Sardar Sarovar,40.0,0.0
2018-03-05,Sardar Sarovar,91.25,0.0
2018-03-06,Sardar Sarovar,111.748,0.0
2018-03-07,Sardar Sarovar,96.615,0.0
2018-03-08,Sardar Sarovar,71.536,2.825
2018-03-09,Sardar Sarovar,48.448,62.86
2018-03-10,Sardar Sarovar,81.661,93.937
2018-03-11,Sardar Sarovar,133.0,96.762
2018-03-12,Sardar Sarovar,143.027,79.811
2018-03-13,Sardar Sarovar,117.167,77.357
2018-03-14,Sardar Sarovar,144.025,74.902
2018-03-15,Sardar Sarovar,146.441,72.448
2018-03-16,Sardar Sarovar,124.97,69.994
2018-03-17,Sardar Sarovar,347.785,67.539
2018-03-18,Sardar Sarovar,353.0,65.085
2018-03-19,Sardar Sarovar,342.645,62.631
2018-03-20,Sardar Sarovar,316.184,60.176
2018-03-21,Sardar Sarovar,109.296,57.722
2018-03-22,Sardar Sarovar,98.607,55.267
2018-03-23,Sardar Sarovar,120.329,52.813
2018-03-24,Sardar Sarovar,118.905,50.359
2018-03-25,Sardar Sarovar,115.0,47.904
2018-03-26,Sardar Sarovar,100.733,45.45
2018-03-27,Sardar Sarovar,120.647,42.996
2018-03-28,Sardar Sarovar,166.052,40.541
2018-03-29,Sardar Sarovar,101.0,38.087
2018-03-30,Sardar Sarovar,93.0,35.632
2018-03-31,Sardar Sarovar,82.755,33.178
2018-04-01,Sardar Sarovar,83.837,30.724
2018-04-02,Sardar Sarovar,84.919,5.65
2018-04-03,Sardar Sarovar,217.336,0.0
2018-04-04,Sardar Sarovar,206.227,0.0
2018-04-05,Sardar Sarovar,76.183,0.0
2018-04-06,Sardar Sarovar,50.419,0.0
2018-04-07,Sardar Sarovar,32.178,0.0
2018-04-08,Sardar Sarovar,40.143,2.472
2018-04-09,Sardar Sarovar,48.108,66.392
2018-04-10,Sardar Sarovar,34.704,93.937
2018-04-11,Sardar Sarovar,50.487,98.881
2018-04-12,Sardar Sarovar,42.672,78.399
2018-04-13,Sardar Sarovar,32.086,75.834
2018-04-14,Sardar Sarovar,89.917,73.269
2018-04-15,Sardar Sarovar,147.747,70.704
2018-04-16,Sardar Sarovar,205.578,68.139
2018-04-17,Sardar Sarovar,255.136,65.574
2018-04-18,Sardar Sarovar,82.676,63.009
2018-04-19,Sardar Sarovar,91.376,60.444
2018-04-20,Sardar Sarovar,100.077,57.879
2018-04-21,Sardar Sarovar,47.784,55.314
2018-04-22,Sardar Sarovar,61.472,52.749
2018-04-23,Sardar Sarovar,75.16,50.184
2018-04-24,Sardar Sarovar,99.131,47.619
2018-04-25,Sardar Sarovar,123.986,45.054
2018-04-26,Sardar Sarovar,122.564,42.489
2018-04-27,Sardar Sarovar,142.658,39.924
2018-04-28,Sardar Sarovar,138.555,37.359
2018-04-29,Sardar Sarovar,175.512,34.794
2018-04-30,Sardar Sarovar,212.47,32.229
2018-05-01,Sardar Sarovar,249.427,29.664
2018-05-02,Sardar Sarovar,117.596,4.944
2018-05-03,Sardar Sarovar,166.79,0.0
2018-05-04,Sardar Sarovar,185.869,0.0
2018-05-05,Sardar Sarovar,156.153,0.0
2018-05-06,Sardar Sarovar,145.735,0.0
2018-05-07,Sardar Sarovar,135.317,0.0
2018-05-08,Sardar Sarovar,161.542,2.119
2018-05-09,Sardar Sarovar,185.021,68.864
2018-05-10,Sardar Sarovar,272.579,92.171
2018-05-11,Sardar Sarovar,619.767,101.353
2018-05-12,Sardar Sarovar,124.31,77.339
2018-05-13,Sardar Sarovar,150.314,74.902
2018-05-14,Sardar Sarovar,176.319,72.466
2018-05-15,Sardar Sarovar,219.422,70.029
2018-05-16,Sardar Sarovar,262.525,67.592
2018-05-17,Sardar Sarovar,279.207,65.156
2018-05-18,Sardar Sarovar,130.116,62.719
2018-05-19,Sardar Sarovar,269.715,60.282
2018-05-20,Sardar Sarovar,284.476,57.845
2018-05-21,Sardar Sarovar,299.238,55.409
2018-05-22,Sardar Sarovar,208.515,52.972
2018-05-23,Sardar Sarovar,307.122,50.535
2018-05-24,Sardar Sarovar,549.694,48.099
2018-05-25,Sardar Sarovar,349.19,45.662
2018-05-26,Sardar Sarovar,165.969,43.225
2018-05-27,Sardar Sarovar,294.481,40.788
2018-05-28,Sardar Sarovar,422.993,38.352
2018-05-29,Sardar Sarovar,163.228,35.915
2018-05-30,Sardar Sarovar,436.407,33.478
2018-05-31,Sardar Sarovar,580.47,31.042
2018-06-01,Sardar Sarovar,196.254,28.605
2018-06-02,Sardar Sarovar,63.114,4.591
2018-06-03,Sardar Sarovar,55.0,0.0
2018-06-04,Sardar Sarovar,55.164,0.0
2018-06-05,Sardar Sarovar,77.111,0.0
2018-06-06,Sardar Sarovar,135.265,0.0
2018-06-07,Sardar Sarovar,127.648,0.0
2018-06-08,Sardar Sarovar,130.547,1.766
2018-06-09,Sardar Sarovar,104.996,71.336
2018-06-10,Sardar Sarovar,93.0,92.171
2018-06-11,Sardar Sarovar,64.589,103.119
2018-06-12,Sardar Sarovar,130.248,76.28
2018-06-13,Sardar Sarovar,289.592,73.715
2018-06-14,Sardar Sarovar,264.566,71.15
2018-06-15,Sardar Sarovar,119.012,68.585
2018-06-16,Sardar Sarovar,125.0,66.02
2018-06-17,Sardar Sarovar,95.0,63.455
2018-06-18,Sardar Sarovar,167.049,60.89
2018-06-19,Sardar Sarovar,411.214,58.325
2018-06-20,Sardar Sarovar,396.006,55.76
2018-06-21,Sardar Sarovar,1088.471,53.195
2018-06-22,Sardar Sarovar,276.805,50.63
2018-06-23,Sardar Sarovar,197.697,48.065
2018-06-24,Sardar Sarovar,658.0,45.5
2018-06-25,Sardar Sarovar,228.61,42.935
2018-06-26,Sardar Sarovar,233.362,40.37
2018-06-27,Sardar Sarovar,269.525,37.805
2018-06-28,Sardar Sarovar,198.432,35.24
2018-06-29,Sardar Sarovar,297.009,32.675
2018-06-30,Sardar Sarovar,293.079,30.11
2018-07-01,Sardar Sarovar,1070.0,27.545
2018-07-02,Sardar Sarovar,233.22,4.238
2018-07-03,Sardar Sarovar,274.812,0.0
2018-07-04,Sardar Sarovar,167.133,0.0
2018-07-05,Sardar Sarovar,101.416,0.0
2018-07-06,Sardar Sarovar,164.471,0.0
2018-07-07,Sardar Sarovar,446.368,0.0
2018-07-08,Sardar Sarovar,164.0,1.413
2018-07-09,Sardar Sarovar,164.225,71.689
2018-07-10,Sardar Sarovar,82.694,93.231
2018-07-11,Sardar Sarovar,53.463,103.825
2018-07-12,Sardar Sarovar,788.553,75.927
2018-07-13,Sardar Sarovar,550.798,73.472
2018-07-14,Sardar Sarovar,537.743,71.018
2018-07-15,Sardar Sarovar,1600.0,68.563
2018-07-16,Sardar Sarovar,272.571,66.109
2018-07-17,Sardar Sarovar,129.579,63.655
2018-07-18,Sardar Sarovar,76.361,61.2
2018-07-19,Sardar Sarovar,71.29,58.746
2018-07-20,Sardar Sarovar,49.155,56.292
2018-07-21,Sardar Sarovar,54.935,53.837
2018-07-22,Sardar Sarovar,52.0,51.383
2018-07-23,Sardar Sarovar,72.456,48.928
2018-07-24,Sardar Sarovar,295.221,46.474
2018-07-25,Sardar Sarovar,116.17,44.02
2018-07-26,Sardar Sarovar,76.191,41.565
2018-07-27,Sardar Sarovar,49.119,39.111
2018-07-28,Sardar Sarovar,38.221,36.657
2018-07-29,Sardar Sarovar,30.0,34.202
2018-07-30,Sardar Sarovar,104.023,31.748
2018-07-31,Sardar Sarovar,57.044,29.294
2018-08-01,Sardar Sarovar,38.001,26.839
2018-08-02,Sardar Sarovar,46.244,3.885
2018-08-03,Sardar Sarovar,56.002,0.0
2018-08-04,Sardar Sarovar,92.441,0.0
2018-08-05,Sardar Sarovar,101.3,0.0
2018-08-06,Sardar Sarovar,96.359,0.0
2018-08-07,Sardar Sarovar,44.388,0.0
2018-08-08,Sardar Sarovar,29.873,1.059
2018-08-09,Sardar Sarovar,127.868,71.689
2018-08-10,Sardar Sarovar,127.6,94.29
2018-08-11,Sardar Sarovar,153.161,103.825
2018-08-12,Sardar Sarovar,186.0,75.22
2018-08-13,Sardar Sarovar,149.464,72.748
2018-08-14,Sardar Sarovar,240.96,70.276
2018-08-15,Sardar Sarovar,128.0,67.804
2018-08-16,Sardar Sarovar,190.842,65.332
2018-08-17,Sardar Sarovar,4856.073,62.86
2018-08-18,Sardar Sarovar,651.311,60.388
2018-08-19,Sardar Sarovar,374.0,57.916
2018-08-20,Sardar Sarovar,283.625,55.444
2018-08-21,Sardar Sarovar,374.37,52.972
2018-08-22,Sardar Sarovar,2680.0,50.5
2018-08-23,Sardar Sarovar,1056.5,48.028
2018-08-24,Sardar Sarovar,705.9,45.556
2018-08-25,Sardar Sarovar,466.3,43.084
2018-08-26,Sardar Sarovar,315.0,40.612
2018-08-27,Sardar Sarovar,1708.3,38.14
2018-08-28,Sardar Sarovar,1495.2,35.668
2018-08-29,Sardar Sarovar,1485.6,33.196
2018-08-30,Sardar Sarovar,785.8,30.724
2018-08-31,Sardar Sarovar,1339.1,28.252
2018-09-01,Sardar Sarovar,1635.818,25.78
2018-09-02,Sardar Sarovar,1290.0,3.531
2018-09-03,Sardar Sarovar,1338.6,0.0
2018-09-04,Sardar Sarovar,1167.395,0.0
2018-09-05,Sardar Sarovar,1369.926,0.0
2018-09-06,Sardar Sarovar,427.049,0.0
2018-09-07,Sardar Sarovar,169.869,0.0
2018-09-08,Sardar Sarovar,123.329,1.413
2018-09-09,Sardar Sarovar,1456.0,71.689
2018-09-10,Sardar Sarovar,1522.448,94.996
2018-09-11,Sardar Sarovar,1749.87,103.825
2018-09-12,Sardar Sarovar,1065.958,74.514
2018-09-13,Sardar Sarovar,825.0,71.912
2018-09-14,Sardar Sarovar,645.808,69.31
2018-09-15,Sardar Sarovar,868.546,66.708
2018-09-16,Sardar Sarovar,984.0,64.105
2018-09-17,Sardar Sarovar,1245.138,61.503
2018-09-18,Sardar Sarovar,1342.856,58.901
2018-09-19,Sardar Sarovar,716.844,56.299
2018-09-20,Sardar Sarovar,1068.503,53.697
2018-09-21,Sardar Sarovar,306.0,51.095
2018-09-22,Sardar Sarovar,231.005,48.493
2018-09-23,Sardar Sarovar,2850.0,45.89
2018-09-24,Sardar Sarovar,1010.649,43.288
2018-09-25,Sardar Sarovar,920.331,40.686
2018-09-26,Sardar Sarovar,599.041,38.084
2018-09-27,Sardar Sarovar,1172.251,35.482
2018-09-28,Sardar Sarovar,1301.353,32.88
2018-09-29,Sardar Sarovar,1216.103,30.278
2018-09-30,Sardar Sarovar,1764.0,27.676
2018-10-01,Sardar Sarovar,932.705,25.073
2018-10-02,Sardar Sarovar,442.0,3.178
2018-10-03,Sardar Sarovar,440.287,0.0
2018-10-04,Sardar Sarovar,234.511,0.0
2018-10-05,Sardar Sarovar,1170.164,0.0
2018-10-06,Sardar Sarovar,1309.139,0.0
2018-10-07,Sardar Sarovar,1310.0,0.0
2018-10-08,Sardar Sarovar,915.734,1.059
2018-10-09,Sardar Sarovar,954.205,73.808
2018-10-10,Sardar Sarovar,943.823,95.703
2018-10-11,Sardar Sarovar,292.481,103.825
2018-10-12,Sardar Sarovar,312.3,73.808
2018-10-13,Sardar Sarovar,238.836,71.3
2018-10-14,Sardar Sarovar,238.0,68.793
2018-10-15,Sardar Sarovar,688.721,66.286
2018-10-16,Sardar Sarovar,450.021,63.778
2018-10-17,Sardar Sarovar,819.412,61.271
2018-10-18,Sardar Sarovar,660.063,58.764
2018-10-19,Sardar Sarovar,560.0,56.256
2018-10-20,Sardar Sarovar,443.776,53.749
2018-10-21,Sardar Sarovar,635.0,51.242
2018-10-22,Sardar Sarovar,228.096,48.734
2018-10-23,Sardar Sarovar,228.18,46.227
2018-10-24,Sardar Sarovar,455.681,43.72
2018-10-25,Sardar Sarovar,635.607,41.212
2018-10-26,Sardar Sarovar,477.338,38.705
2018-10-27,Sardar Sarovar,224.952,36.198
2018-10-28,Sardar Sarovar,467.0,33.69
2018-10-29,Sardar Sarovar,275.935,31.183
2018-10-30,Sardar Sarovar,416.715,28.676
2018-10-31,Sardar Sarovar,477.306,26.168
2018-11-01,Sardar Sarovar,861.775,23.661
2018-11-02,Sardar Sarovar,1521.174,3.178
2018-11-03,Sardar Sarovar,1679.49,0.0
2018-11-04,Sardar Sarovar,1237.628,0.0
2018-11-05,Sardar Sarovar,795.767,0.0
2018-11-06,Sardar Sarovar,569.955,0.0
2018-11-07,Sardar Sarovar,352.331,0.0
2018-11-08,Sardar Sarovar,134.707,1.059
2018-11-09,Sardar Sarovar,118.366,76.633
2018-11-10,Sardar Sarovar,201.378,96.056
2018-11-11,Sardar Sarovar,318.593,103.472
2018-11-12,Sardar Sarovar,435.808,72.748
2018-11-13,Sardar Sarovar,669.764,70.109
2018-11-14,Sardar Sarovar,296.785,67.47
2018-11-15,Sardar Sarovar,255.572,64.83
2018-11-16,Sardar Sarovar,131.441,62.191
2018-11-17,Sardar Sarovar,188.007,59.552
2018-11-18,Sardar Sarovar,425.652,56.912
2018-11-19,Sardar Sarovar,663.297,54.273
2018-11-20,Sardar Sarovar,633.576,51.634
2018-11-21,Sardar Sarovar,612.716,48.994
2018-11-22,Sardar Sarovar,591.857,46.355
2018-11-23,Sardar Sarovar,515.677,43.716
2018-11-24,Sardar Sarovar,439.496,41.077
2018-11-25,Sardar Sarovar,375.544,38.437
2018-11-26,Sardar Sarovar,311.593,35.798
2018-11-27,Sardar Sarovar,359.99,33.159
2018-11-28,Sardar Sarovar,238.784,30.519
2018-11-29,Sardar Sarovar,238.784,27.88
2018-11-30,Sardar Sarovar,439.999,25.241
2018-12-01,Sardar Sarovar,429.494,22.601
2018-12-02,Sardar Sarovar,352.088,2.825
2018-12-03,Sardar Sarovar,274.681,0.0
2018-12-04,Sardar Sarovar,545.398,0.0
2018-12-05,Sardar Sarovar,511.203,0.0
2018-12-06,Sardar Sarovar,595.148,0.0
2018-12-07,Sardar Sarovar,662.342,0.0
2018-12-08,Sardar Sarovar,447.638,1.059
2018-12-09,Sardar Sarovar,483.494,79.458
2018-12-10,Sardar Sarovar,519.349,95.703
2018-12-11,Sardar Sarovar,585.64,103.119
2018-12-12,Sardar Sarovar,656.099,72.042
2018-12-13,Sardar Sarovar,519.216,71.706
2018-12-14,Sardar Sarovar,430.695,71.371
2018-12-15,Sardar Sarovar,339.815,71.035
2018-12-16,Sardar Sarovar,385.011,70.7
2018-12-17,Sardar Sarovar,430.206,70.364
2018-12-18,Sardar Sarovar,526.407,70.029
2018-12-19,Sardar Sarovar,776.773,69.693
2018-12-20,Sardar Sarovar,798.414,69.358
2018-12-21,Sardar Sarovar,1068.013,69.023
2018-12-22,Sardar Sarovar,1004.282,68.687
2018-12-23,Sardar Sarovar,799.089,68.352
2018-12-24,Sardar Sarovar,593.895,68.016
2018-12-25,Sardar Sarovar,615.543,67.681
2018-12-26,Sardar Sarovar,637.191,67.345
2018-12-27,Sardar Sarovar,796.682,67.01
2018-12-28,Sardar Sarovar,792.844,66.674
2018-12-29,Sardar Sarovar,901.741,66.339
2018-12-30,Sardar Sarovar,867.098,66.003
2018-12-31,Sardar Sarovar,832.455,65.668
2019-01-01,Sardar Sarovar,651.884,65.332
2019-01-02,Sardar Sarovar,739.51,38.846
2019-01-03,Sardar Sarovar,640.478,21.542
2019-01-04,Sardar Sarovar,713.662,36.021
2019-01-05,Sardar Sarovar,554.043,40.259
2019-01-06,Sardar Sarovar,719.0,43.084
2019-01-07,Sardar Sarovar,466.622,42.378
2019-01-08,Sardar Sarovar,430.353,57.563
2019-01-09,Sardar Sarovar,547.301,160.329
2019-01-10,Sardar Sarovar,670.73,198.822
2019-01-11,Sardar Sarovar,503.863,202.353
2019-01-12,Sardar Sarovar,393.134,188.933
2019-01-13,Sardar Sarovar,390.0,182.736
2019-01-14,Sardar Sarovar,399.753,176.538
2019-01-15,Sardar Sarovar,519.392,170.34
2019-01-16,Sardar Sarovar,525.329,164.143
2019-01-17,Sardar Sarovar,294.769,157.945
2019-01-18,Sardar Sarovar,370.987,151.747
2019-01-19,Sardar Sarovar,275.808,145.549
2019-01-20,Sardar Sarovar,458.0,139.352
2019-01-21,Sardar Sarovar,335.096,133.154
2019-01-22,Sardar Sarovar,261.302,126.956
2019-01-23,Sardar Sarovar,182.782,120.759
2019-01-24,Sardar Sarovar,109.201,114.561
2019-01-25,Sardar Sarovar,130.388,108.363
2019-01-26,Sardar Sarovar,108.0,102.165
2019-01-27,Sardar Sarovar,503.0,95.968
2019-01-28,Sardar Sarovar,254.092,89.77
2019-01-29,Sardar Sarovar,135.023,83.572
2019-01-30,Sardar Sarovar,218.155,77.374
2019-01-31,Sardar Sarovar,328.701,71.177
2019-02-01,Sardar Sarovar,292.004,64.979
2019-02-02,Sardar Sarovar,502.788,37.787
2019-02-03,Sardar Sarovar,501.246,20.836
2019-02-04,Sardar Sarovar,499.703,37.434
2019-02-05,Sardar Sarovar,587.907,40.259
2019-02-06,Sardar Sarovar,225.839,44.143
2019-02-07,Sardar Sarovar,377.578,42.378
2019-02-08,Sardar Sarovar,168.192,58.269
2019-02-09,Sardar Sarovar,283.229,160.329
2019-02-10,Sardar Sarovar,371.004,199.175
2019-02-11,Sardar Sarovar,458.779,202.0
2019-02-12,Sardar Sarovar,516.131,187.874
2019-02-13,Sardar Sarovar,581.286,180.645
2019-02-14,Sardar Sarovar,500.253,173.416
2019-02-15,Sardar Sarovar,167.303,166.187
2019-02-16,Sardar Sarovar,114.556,158.958
2019-02-17,Sardar Sarovar,94.102,151.728
2019-02-18,Sardar Sarovar,73.649,144.499
2019-02-19,Sardar Sarovar,144.225,137.27
2019-02-20,Sardar Sarovar,295.048,130.041
2019-02-21,Sardar Sarovar,218.207,122.812
2019-02-22,Sardar Sarovar,224.417,115.583
2019-02-23,Sardar Sarovar,881.219,108.354
2019-02-24,Sardar Sarovar,555.814,101.125
2019-02-25,Sardar Sarovar,230.41,93.895
2019-02-26,Sardar Sarovar,287.391,86.666
2019-02-27,Sardar Sarovar,313.579,79.437
2019-02-28,Sardar Sarovar,303.858,72.208
2019-03-01,Sardar Sarovar,294.137,64.979
2019-03-02,Sardar Sarovar,664.943,37.434
2019-03-03,Sardar Sarovar,787.0,20.483
2019-03-04,Sardar Sarovar,775.0,39.199
2019-03-05,Sardar Sarovar,775.096,40.259
2019-03-06,Sardar Sarovar,604.65,44.496
2019-03-07,Sardar Sarovar,400.39,42.378
2019-03-08,Sardar Sarovar,250.976,60.035
2019-03-09,Sardar Sarovar,294.734,162.801
2019-03-10,Sardar Sarovar,311.0,197.762
2019-03-11,Sardar Sarovar,263.47,201.294
2019-03-12,Sardar Sarovar,222.627,185.755
2019-03-13,Sardar Sarovar,258.103,179.716
2019-03-14,Sardar Sarovar,298.288,173.678
2019-03-15,Sardar Sarovar,219.042,167.639
2019-03-16,Sardar Sarovar,621.347,161.6
2019-03-17,Sardar Sarovar,830.0,155.561
2019-03-18,Sardar Sarovar,508.5,149.522
2019-03-19,Sardar Sarovar,398.112,143.483
2019-03-20,Sardar Sarovar,773.267,137.445
2019-03-21,Sardar Sarovar,740.0,131.406
2019-03-22,Sardar Sarovar,730.441,125.367
2019-03-23,Sardar Sarovar,862.444,119.328
2019-03-24,Sardar Sarovar,920.0,113.289
2019-03-25,Sardar Sarovar,752.287,107.251
2019-03-26,Sardar Sarovar,1267.485,101.212
2019-03-27,Sardar Sarovar,1624.935,95.173
2019-03-28,Sardar Sarovar,1304.22,89.134
2019-03-29,Sardar Sarovar,837.556,83.095
2019-03-30,Sardar Sarovar,1439.1,77.057
2019-03-31,Sardar Sarovar,840.0,71.018
2019-04-01,Sardar Sarovar,1403.858,64.979
2019-04-02,Sardar Sarovar,1555.968,37.434
2019-04-03,Sardar Sarovar,715.121,20.836
2019-04-04,Sardar Sarovar,269.096,39.906
2019-04-05,Sardar Sarovar,364.439,40.612
2019-04-06,Sardar Sarovar,373.501,44.85
2019-04-07,Sardar Sarovar,333.0,43.084
2019-04-08,Sardar Sarovar,306.105,56.15
2019-04-09,Sardar Sarovar,313.293,167.745
2019-04-10,Sardar Sarovar,173.279,199.881
2019-04-11,Sardar Sarovar,336.005,200.587
2019-04-12,Sardar Sarovar,231.565,184.343
2019-04-13,Sardar Sarovar,213.077,178.042
2019-04-14,Sardar Sarovar,309.0,171.741
2019-04-15,Sardar Sarovar,434.069,165.44
2019-04-16,Sardar Sarovar,751.699,159.139
2019-04-17,Sardar Sarovar,227.0,152.838
2019-04-18,Sardar Sarovar,189.28,146.537
2019-04-19,Sardar Sarovar,397.0,140.236
2019-04-20,Sardar Sarovar,313.039,133.936
2019-04-21,Sardar Sarovar,433.0,127.635
2019-04-22,Sardar Sarovar,724.914,121.334
2019-04-23,Sardar Sarovar,702.346,115.033
2019-04-24,Sardar Sarovar,656.781,108.732
2019-04-25,Sardar Sarovar,634.791,102.431
2019-04-26,Sardar Sarovar,838.513,96.13
2019-04-27,Sardar Sarovar,434.856,89.829
2019-04-28,Sardar Sarovar,378.0,83.528
2019-04-29,Sardar Sarovar,197.824,77.228
2019-04-30,Sardar Sarovar,134.49,70.927
2019-05-01,Sardar Sarovar,622.215,64.626
2019-05-02,Sardar Sarovar,237.892,37.434
2019-05-03,Sardar Sarovar,443.572,21.542
2019-05-04,Sardar Sarovar,320.892,39.906
2019-05-05,Sardar Sarovar,425.0,40.612
2019-05-06,Sardar Sarovar,169.73,44.85
2019-05-07,Sardar Sarovar,132.955,44.143
2019-05-08,Sardar Sarovar,294.026,82.636
2019-05-09,Sardar Sarovar,143.594,169.864
2019-05-10,Sardar Sarovar,321.058,199.528
2019-05-11,Sardar Sarovar,656.311,200.587
2019-05-12,Sardar Sarovar,574.0,182.93
2019-05-13,Sardar Sarovar,258.496,176.997
2019-05-14,Sardar Sarovar,157.066,171.064
2019-05-15,Sardar Sarovar,130.69,165.131
2019-05-16,Sardar Sarovar,156.617,159.199
2019-05-17,Sardar Sarovar,142.642,153.266
2019-05-18,Sardar Sarovar,301.0,147.333
2019-05-19,Sardar Sarovar,320.0,141.4
2019-05-20,Sardar Sarovar,517.065,135.467
2019-05-21,Sardar Sarovar,1440.354,129.534
2019-05-22,Sardar Sarovar,615.024,123.601
2019-05-23,Sardar Sarovar,621.698,117.668
2019-05-24,Sardar Sarovar,875.225,111.736
2019-05-25,Sardar Sarovar,188.876,105.803
2019-05-26,Sardar Sarovar,372.0,99.87
2019-05-27,Sardar Sarovar,224.074,93.937
2019-05-28,Sardar Sarovar,656.103,88.004
2019-05-29,Sardar Sarovar,701.908,82.071
2019-05-30,Sardar Sarovar,203.189,76.138
2019-05-31,Sardar Sarovar,142.745,70.206
2019-06-01,Sardar Sarovar,890.238,64.273
2019-06-02,Sardar Sarovar,241.0,37.08
2019-06-03,Sardar Sarovar,369.647,22.248
2019-06-04,Sardar Sarovar,341.475,39.906
2019-06-05,Sardar Sarovar,142.0,40.965
2019-06-06,Sardar Sarovar,156.248,44.85
2019-06-07,Sardar Sarovar,183.824,44.85
2019-06-08,Sardar Sarovar,109.478,90.759
2019-06-09,Sardar Sarovar,142.0,170.923
2019-06-10,Sardar Sarovar,118.242,199.528
2019-06-11,Sardar Sarovar,122.602,201.647
2019-06-12,Sardar Sarovar,158.968,181.871
2019-06-13,Sardar Sarovar,346.211,175.681
2019-06-14,Sardar Sarovar,145.449,169.492
2019-06-15,Sardar Sarovar,104.045,163.302
2019-06-16,Sardar Sarovar,142.0,157.113
2019-06-17,Sardar Sarovar,103.946,150.924
2019-06-18,Sardar Sarovar,206.794,144.734
2019-06-19,Sardar Sarovar,139.834,138.545
2019-06-20,Sardar Sarovar,459.709,132.356
2019-06-21,Sardar Sarovar,777.679,126.166
2019-06-22,Sardar Sarovar,243.241,119.977
2019-06-23,Sardar Sarovar,179.0,113.788
2019-06-24,Sardar Sarovar,131.046,107.598
2019-06-25,Sardar Sarovar,190.09,101.409
2019-06-26,Sardar Sarovar,122.42,95.219
2019-06-27,Sardar Sarovar,101.659,89.03
2019-06-28,Sardar Sarovar,118.349,82.841
2019-06-29,Sardar Sarovar,130.902,76.651
2019-06-30,Sardar Sarovar,89.0,70.462
2019-07-01,Sardar Sarovar,195.871,64.273
2019-07-02,Sardar Sarovar,288.441,36.374
2019-07-03,Sardar Sarovar,417.974,22.955
2019-07-04,Sardar Sarovar,198.786,39.906
2019-07-05,Sardar Sarovar,214.666,40.965
2019-07-06,Sardar Sarovar,354.763,44.85
2019-07-07,Sardar Sarovar,1920.0,46.969
2019-07-08,Sardar Sarovar,228.3,96.056
2019-07-09,Sardar Sarovar,203.251,172.689
2019-07-10,Sardar Sarovar,176.783,199.528
2019-07-11,Sardar Sarovar,132.691,201.294
2019-07-12,Sardar Sarovar,322.995,180.811
2019-07-13,Sardar Sarovar,533.016,174.949
2019-07-14,Sardar Sarovar,228.0,169.087
2019-07-15,Sardar Sarovar,174.254,163.224
2019-07-16,Sardar Sarovar,195.961,157.362
2019-07-17,Sardar Sarovar,314.788,151.5
2019-07-18,Sardar Sarovar,1211.318,145.638
2019-07-19,Sardar Sarovar,2468.73,139.775
2019-07-20,Sardar Sarovar,2244.618,133.913
2019-07-21,Sardar Sarovar,1895.0,128.051
2019-07-22,Sardar Sarovar,633.022,122.189
2019-07-23,Sardar Sarovar,2233.219,116.327
2019-07-24,Sardar Sarovar,1510.942,110.464
2019-07-25,Sardar Sarovar,148.544,104.602
2019-07-26,Sardar Sarovar,99.022,98.74
2019-07-27,Sardar Sarovar,103.39,92.878
2019-07-28,Sardar Sarovar,119.0,87.015
2019-07-29,Sardar Sarovar,298.086,81.153
2019-07-30,Sardar Sarovar,786.433,75.291
2019-07-31,Sardar Sarovar,310.37,69.429
2019-08-01,Sardar Sarovar,326.925,63.566
2019-08-02,Sardar Sarovar,323.372,36.021
2019-08-03,Sardar Sarovar,206.204,23.308
2019-08-04,Sardar Sarovar,521.0,39.906
2019-08-05,Sardar Sarovar,614.285,40.965
2019-08-06,Sardar Sarovar,313.762,44.85
2019-08-07,Sardar Sarovar,162.055,49.441
2019-08-08,Sardar Sarovar,190.273,101.353
2019-08-09,Sardar Sarovar,1900.601,174.454
2019-08-10,Sardar Sarovar,2486.378,200.234
2019-08-11,Sardar Sarovar,2318.0,201.294
2019-08-12,Sardar Sarovar,2420.0,178.692
2019-08-13,Sardar Sarovar,2207.533,172.883
2019-08-14,Sardar Sarovar,2757.75,167.074
2019-08-15,Sardar Sarovar,2669.0,161.264
2019-08-16,Sardar Sarovar,2579.556,155.455
2019-08-17,Sardar Sarovar,4358.534,149.646
2019-08-18,Sardar Sarovar,6950.0,143.837
2019-08-19,Sardar Sarovar,7700.0,138.027
2019-08-20,Sardar Sarovar,7525.0,132.218
2019-08-21,Sardar Sarovar,5240.0,126.409
2019-08-22,Sardar Sarovar,4183.8,120.6
2019-08-23,Sardar Sarovar,2662.054,114.79
2019-08-24,Sardar Sarovar,2955.887,108.981
2019-08-25,Sardar Sarovar,8750.0,103.172
2019-08-26,Sardar Sarovar,10980.0,97.363
2019-08-27,Sardar Sarovar,11355.0,91.553
2019-08-28,Sardar Sarovar,4947.754,85.744
2019-08-29,Sardar Sarovar,8800.0,79.935
2019-08-30,Sardar Sarovar,5540.0,74.125
2019-08-31,Sardar Sarovar,3907.282,68.316
2019-09-01,Sardar Sarovar,3248.0,62.507
2019-09-02,Sardar Sarovar,6810.0,34.962
2019-09-03,Sardar Sarovar,3219.86,23.308
2019-09-04,Sardar Sarovar,4203.233,39.552
2019-09-05,Sardar Sarovar,13990.0,40.612
2019-09-06,Sardar Sarovar,6580.0,44.496
2019-09-07,Sardar Sarovar,6766.0,41.318
2019-09-08,Sardar Sarovar,8010.0,123.248
2019-09-09,Sardar Sarovar,17870.0,159.622
2019-09-10,Sardar Sarovar,18170.0,201.294
2019-09-11,Sardar Sarovar,20510.0,201.294
2019-09-12,Sardar Sarovar,20120.0,177.633
2019-09-13,Sardar Sarovar,21150.0,171.536
2019-09-14,Sardar Sarovar,17870.0,165.44
2019-09-15,Sardar Sarovar,17520.0,159.343
2019-09-16,Sardar Sarovar,10200.0,153.247
2019-09-17,Sardar Sarovar,4631.351,147.151
2019-09-18,Sardar Sarovar,11660.0,141.054
2019-09-19,Sardar Sarovar,6945.0,134.958
2019-09-20,Sardar Sarovar,6533.974,128.861
2019-09-21,Sardar Sarovar,6901.277,122.765
2019-09-22,Sardar Sarovar,5792.0,116.669
2019-09-23,Sardar Sarovar,3666.849,110.572
2019-09-24,Sardar Sarovar,3273.466,104.476
2019-09-25,Sardar Sarovar,4709.897,98.379
2019-09-26,Sardar Sarovar,6096.924,92.283
2019-09-27,Sardar Sarovar,4752.977,86.186
2019-09-28,Sardar Sarovar,4947.754,80.09
2019-09-29,Sardar Sarovar,4910.0,73.994
2019-09-30,Sardar Sarovar,4888.482,67.897
2019-10-01,Sardar Sarovar,4783.968,61.801
2019-10-02,Sardar Sarovar,7605.0,35.315
2019-10-03,Sardar Sarovar,5454.634,23.308
2019-10-04,Sardar Sarovar,4720.199,39.552
2019-10-05,Sardar Sarovar,2986.868,40.612
2019-10-06,Sardar Sarovar,2960.0,43.79
2019-10-07,Sardar Sarovar,2400.135,62.154
2019-10-08,Sardar Sarovar,2290.0,121.836
2019-10-09,Sardar Sarovar,2218.661,178.339
2019-10-10,Sardar Sarovar,2255.222,201.647
2019-10-11,Sardar Sarovar,1622.024,201.294
2019-10-12,Sardar Sarovar,1267.043,176.573
2019-10-13,Sardar Sarovar,432.0,170.835
2019-10-14,Sardar Sarovar,1564.504,165.096
2019-10-15,Sardar Sarovar,1511.603,159.357
2019-10-16,Sardar Sarovar,1161.414,153.619
2019-10-17,Sardar Sarovar,810.686,147.88
2019-10-18,Sardar Sarovar,978.023,142.142
2019-10-19,Sardar Sarovar,624.466,136.403
2019-10-20,Sardar Sarovar,826.0,130.664
2019-10-21,Sardar Sarovar,536.203,124.926
2019-10-22,Sardar Sarovar,253.639,119.187
2019-10-23,Sardar Sarovar,625.104,113.448
2019-10-24,Sardar Sarovar,540.656,107.71
2019-10-25,Sardar Sarovar,327.302,101.971
2019-10-26,Sardar Sarovar,324.259,96.232
2019-10-27,Sardar Sarovar,170.0,90.494
2019-10-28,Sardar Sarovar,328.021,84.755
2019-10-29,Sardar Sarovar,913.774,79.017
2019-10-30,Sardar Sarovar,707.912,73.278
2019-10-31,Sardar Sarovar,815.124,67.539
2019-11-01,Sardar Sarovar,855.682,61.801
2019-11-02,Sardar Sarovar,644.612,33.902
2019-11-03,Sardar Sarovar,635.0,22.955
2019-11-04,Sardar Sarovar,626.364,39.552
2019-11-05,Sardar Sarovar,1065.791,40.259
2019-11-06,Sardar Sarovar,577.046,43.084
2019-11-07,Sardar Sarovar,588.794,50.147
2019-11-08,Sardar Sarovar,371.457,127.133
2019-11-09,Sardar Sarovar,334.885,182.93
2019-11-10,Sardar Sarovar,510.0,202.0
2019-11-11,Sardar Sarovar,431.379,202.353
2019-11-12,Sardar Sarovar,461.0,175.514
2019-11-13,Sardar Sarovar,514.049,169.51
2019-11-14,Sardar Sarovar,530.698,163.507
2019-11-15,Sardar Sarovar,206.588,157.503
2019-11-16,Sardar Sarovar,193.907,151.5
2019-11-17,Sardar Sarovar,199.0,145.496
2019-11-18,Sardar Sarovar,265.214,139.493
2019-11-19,Sardar Sarovar,383.032,133.489
2019-11-20,Sardar Sarovar,396.339,127.486
2019-11-21,Sardar Sarovar,440.561,121.482
2019-11-22,Sardar Sarovar,536.37,115.479
2019-11-23,Sardar Sarovar,807.166,109.475
2019-11-24,Sardar Sarovar,795.0,103.472
2019-11-25,Sardar Sarovar,380.579,97.468
2019-11-26,Sardar Sarovar,340.968,91.465
2019-11-27,Sardar Sarovar,305.583,85.461
2019-11-28,Sardar Sarovar,280.14,79.458
2019-11-29,Sardar Sarovar,394.714,73.455
2019-11-30,Sardar Sarovar,368.547,67.451
2019-12-01,Sardar Sarovar,306.0,61.448
2019-12-02,Sardar Sarovar,337.163,33.902
2019-12-03,Sardar Sarovar,264.62,22.955
2019-12-04,Sardar Sarovar,244.648,39.199
2019-12-05,Sardar Sarovar,385.291,40.612
2019-12-06,Sardar Sarovar,353.903,43.084
2019-12-07,Sardar Sarovar,434.563,49.794
2019-12-08,Sardar Sarovar,433.0,128.192
2019-12-09,Sardar Sarovar,402.779,185.755
2019-12-10,Sardar Sarovar,486.281,200.234
2019-12-11,Sardar Sarovar,310.942,201.647
2019-12-12,Sardar Sarovar,384.971,174.808
2019-12-13,Sardar Sarovar,284.359,173.324
2019-12-14,Sardar Sarovar,269.22,171.841
2019-12-15,Sardar Sarovar,279.0,170.358
2019-12-16,Sardar Sarovar,200.705,168.875
2019-12-17,Sardar Sarovar,254.232,167.392
2019-12-18,Sardar Sarovar,199.849,165.908
2019-12-19,Sardar Sarovar,373.817,164.425
2019-12-20,Sardar Sarovar,248.053,162.942
2019-12-21,Sardar Sarovar,363.66,161.459
2019-12-22,Sardar Sarovar,246.0,159.975
2019-12-23,Sardar Sarovar,242.5,158.492
2019-12-24,Sardar Sarovar,338.58,157.009
2019-12-25,Sardar Sarovar,242.0,155.526
2019-12-26,Sardar Sarovar,298.064,154.043
2019-12-27,Sardar Sarovar,317.644,152.559
2019-12-28,Sardar Sarovar,316.774,151.076
2019-12-29,Sardar Sarovar,380.0,149.593
2019-12-30,Sardar Sarovar,312.392,148.11
2019-12-31,Sardar Sarovar,388.459,146.626
2020-01-01,Sardar Sarovar,378.648,145.143
2020-01-02,Sardar Sarovar,432.157,110.535
2020-01-03,Sardar Sarovar,550.266,68.864
2020-01-04,Sardar Sarovar,450.471,56.15
2020-01-05,Sardar Sarovar,260.2,48.734
2020-01-06,Sardar Sarovar,455.722,55.797
2020-01-07,Sardar Sarovar,407.976,55.797
2020-01-08,Sardar Sarovar,472.978,41.671
2020-01-09,Sardar Sarovar,413.29,140.906
2020-01-10,Sardar Sarovar,421.132,162.447
2020-01-11,Sardar Sarovar,402.219,0.0
2020-01-12,Sardar Sarovar,557.0,157.503
2020-01-13,Sardar Sarovar,439.055,156.832
2020-01-14,Sardar Sarovar,407.815,156.161
2020-01-15,Sardar Sarovar,307.759,155.49
2020-01-16,Sardar Sarovar,361.107,154.819
2020-01-17,Sardar Sarovar,303.345,154.149
2020-01-18,Sardar Sarovar,258.222,153.478
2020-01-19,Sardar Sarovar,372.0,152.807
2020-01-20,Sardar Sarovar,301.946,152.136
2020-01-21,Sardar Sarovar,258.089,151.465
2020-01-22,Sardar Sarovar,358.147,150.794
2020-01-23,Sardar Sarovar,361.228,150.123
2020-01-24,Sardar Sarovar,506.373,149.452
2020-01-25,Sardar Sarovar,437.875,148.781
2020-01-26,Sardar Sarovar,430.0,148.11
2020-01-27,Sardar Sarovar,300.935,147.439
2020-01-28,Sardar Sarovar,406.333,146.768
2020-01-29,Sardar Sarovar,303.503,146.097
2020-01-30,Sardar Sarovar,356.821,145.426
2020-01-31,Sardar Sarovar,400.06,144.755
2020-02-01,Sardar Sarovar,437.439,144.084
2020-02-02,Sardar Sarovar,511.0,109.829
2020-02-03,Sardar Sarovar,347.888,69.57
2020-02-04,Sardar Sarovar,411.547,56.15
2020-02-05,Sardar Sarovar,346.403,48.381
2020-02-06,Sardar Sarovar,393.807,58.622
2020-02-07,Sardar Sarovar,319.851,55.797
2020-02-08,Sardar Sarovar,235.704,40.965
2020-02-09,Sardar Sarovar,280.0,144.084
2020-02-10,Sardar Sarovar,340.349,163.154
2020-02-11,Sardar Sarovar,275.992,169.157
2020-02-12,Sardar Sarovar,307.572,157.503
2020-02-13,Sardar Sarovar,215.297,156.719
2020-02-14,Sardar Sarovar,236.827,155.934
2020-02-15,Sardar Sarovar,239.445,155.149
2020-02-16,Sardar Sarovar,308.0,154.364
2020-02-17,Sardar Sarovar,248.934,153.58
2020-02-18,Sardar Sarovar,301.545,152.795
2020-02-19,Sardar Sarovar,233.156,152.01
2020-02-20,Sardar Sarovar,211.68,151.225
2020-02-21,Sardar Sarovar,1075.0,150.44
2020-02-22,Sardar Sarovar,501.99,149.656
2020-02-23,Sardar Sarovar,518.0,148.871
2020-02-24,Sardar Sarovar,354.747,148.086
2020-02-25,Sardar Sarovar,217.598,147.301
2020-02-26,Sardar Sarovar,191.041,146.517
2020-02-27,Sardar Sarovar,449.987,145.732
2020-02-28,Sardar Sarovar,1193.275,144.947
2020-02-29,Sardar Sarovar,562.095,144.162
2020-03-01,Sardar Sarovar,594.0,143.378
2020-03-02,Sardar Sarovar,226.196,109.122
2020-03-03,Sardar Sarovar,617.971,68.51
2020-03-04,Sardar Sarovar,789.985,0.0
2020-03-05,Sardar Sarovar,398.1,0.0
2020-03-06,Sardar Sarovar,293.869,62.507
2020-03-07,Sardar Sarovar,320.151,53.678
2020-03-08,Sardar Sarovar,336.0,40.259
2020-03-09,Sardar Sarovar,502.095,161.388
2020-03-10,Sardar Sarovar,427.0,162.447
2020-03-11,Sardar Sarovar,415.825,0.0
2020-03-12,Sardar Sarovar,414.812,157.857
2020-03-13,Sardar Sarovar,427.493,157.08
2020-03-14,Sardar Sarovar,433.859,156.303
2020-03-15,Sardar Sarovar,502.0,155.526
2020-03-16,Sardar Sarovar,514.294,154.749
2020-03-17,Sardar Sarovar,425.201,153.972
2020-03-18,Sardar Sarovar,433.243,153.195
2020-03-19,Sardar Sarovar,403.542,152.418
2020-03-20,Sardar Sarovar,474.48,151.641
2020-03-21,Sardar Sarovar,329.122,150.864
2020-03-22,Sardar Sarovar,425.0,150.087
2020-03-23,Sardar Sarovar,481.117,149.31
2020-03-24,Sardar Sarovar,774.608,148.533
2020-03-25,Sardar Sarovar,666.0,147.757
2020-03-26,Sardar Sarovar,487.0,146.98
2020-03-27,Sardar Sarovar,485.0,146.203
2020-03-28,Sardar Sarovar,371.0,145.426
2020-03-29,Sardar Sarovar,190.0,144.649
2020-03-30,Sardar Sarovar,461.0,143.872
2020-03-31,Sardar Sarovar,671.0,143.095
2020-04-01,Sardar Sarovar,655.0,142.318
2020-04-02,Sardar Sarovar,593.4,107.71
2020-04-03,Sardar Sarovar,486.0,68.51
2020-04-04,Sardar Sarovar,554.0,0.0
2020-04-05,Sardar Sarovar,431.0,0.0
2020-04-06,Sardar Sarovar,514.0,66.038
2020-04-07,Sardar Sarovar,556.0,52.619
2020-04-08,Sardar Sarovar,723.0,39.552
2020-04-09,Sardar Sarovar,639.0,166.685
2020-04-10,Sardar Sarovar,436.0,163.507
2020-04-11,Sardar Sarovar,576.0,0.0
2020-04-12,Sardar Sarovar,339.0,157.503
2020-04-13,Sardar Sarovar,358.0,156.63
2020-04-14,Sardar Sarovar,560.0,155.756
2020-04-15,Sardar Sarovar,225.0,154.883
2020-04-16,Sardar Sarovar,195.0,154.009
2020-04-17,Sardar Sarovar,486.0,153.136
2020-04-18,Sardar Sarovar,518.0,152.262
2020-04-19,Sardar Sarovar,435.0,151.388
2020-04-20,Sardar Sarovar,488.245,150.515
2020-04-21,Sardar Sarovar,840.215,149.641
2020-04-22,Sardar Sarovar,1589.666,148.768
2020-04-23,Sardar Sarovar,556.609,147.894
2020-04-24,Sardar Sarovar,253.119,147.021
2020-04-25,Sardar Sarovar,445.997,146.147
2020-04-26,Sardar Sarovar,322.0,145.273
2020-04-27,Sardar Sarovar,228.987,144.4
2020-04-28,Sardar Sarovar,487.899,143.526
2020-04-29,Sardar Sarovar,427.68,142.653
2020-04-30,Sardar Sarovar,242.808,141.779
2020-05-01,Sardar Sarovar,259.787,140.906
2020-05-02,Sardar Sarovar,182.372,106.65
2020-05-03,Sardar Sarovar,187.0,0.0
2020-05-04,Sardar Sarovar,219.438,0.0
2020-05-05,Sardar Sarovar,187.392,48.028
2020-05-06,Sardar Sarovar,909.781,68.864
2020-05-07,Sardar Sarovar,180.0,52.972
2020-05-08,Sardar Sarovar,754.601,39.906
2020-05-09,Sardar Sarovar,190.972,166.685
2020-05-10,Sardar Sarovar,698.0,163.507
2020-05-11,Sardar Sarovar,147.6,168.451
2020-05-12,Sardar Sarovar,725.783,157.503
2020-05-13,Sardar Sarovar,554.812,156.621
2020-05-14,Sardar Sarovar,543.149,155.738
2020-05-15,Sardar Sarovar,196.188,154.855
2020-05-16,Sardar Sarovar,245.93,153.972
2020-05-17,Sardar Sarovar,291.0,153.089
2020-05-18,Sardar Sarovar,428.066,152.206
2020-05-19,Sardar Sarovar,600.172,151.323
2020-05-20,Sardar Sarovar,235.933,150.44
2020-05-21,Sardar Sarovar,488.514,149.558
2020-05-22,Sardar Sarovar,211.865,148.675
2020-05-23,Sardar Sarovar,197.787,147.792
2020-05-24,Sardar Sarovar,538.0,146.909
2020-05-25,Sardar Sarovar,325.0,146.026
2020-05-26,Sardar Sarovar,521.218,145.143
2020-05-27,Sardar Sarovar,197.18,144.26
2020-05-28,Sardar Sarovar,425.863,143.378
2020-05-29,Sardar Sarovar,465.197,142.495
2020-05-30,Sardar Sarovar,225.266,141.612
2020-05-31,Sardar Sarovar,1549.0,140.729
2020-06-01,Sardar Sarovar,1500.409,139.846
2020-06-02,Sardar Sarovar,1307.332,104.531
2020-06-03,Sardar Sarovar,1645.98,69.57
2020-06-04,Sardar Sarovar,1440.429,0.0
2020-06-05,Sardar Sarovar,1178.824,48.028
2020-06-06,Sardar Sarovar,1589.431,71.689
2020-06-07,Sardar Sarovar,1597.0,54.031
2020-06-08,Sardar Sarovar,1527.944,39.906
2020-06-09,Sardar Sarovar,1671.033,169.864
2020-06-10,Sardar Sarovar,1668.544,163.154
2020-06-11,Sardar Sarovar,1807.082,167.392
2020-06-12,Sardar Sarovar,1435.614,158.563
2020-06-13,Sardar Sarovar,778.97,157.541
2020-06-14,Sardar Sarovar,456.0,156.518
2020-06-15,Sardar Sarovar,753.605,155.496
2020-06-16,Sardar Sarovar,278.069,154.474
2020-06-17,Sardar Sarovar,916.218,153.452
2020-06-18,Sardar Sarovar,830.571,152.429
2020-06-19,Sardar Sarovar,1302.208,151.407
2020-06-20,Sardar Sarovar,1195.271,150.385
2020-06-21,Sardar Sarovar,488.0,149.362
2020-06-22,Sardar Sarovar,750.41,148.34
2020-06-23,Sardar Sarovar,1482.788,147.318
2020-06-24,Sardar Sarovar,1389.475,146.296
2020-06-25,Sardar Sarovar,1503.427,145.273
2020-06-26,Sardar Sarovar,1513.836,144.251
2020-06-27,Sardar Sarovar,1537.578,143.229
2020-06-28,Sardar Sarovar,1012.0,142.207
2020-06-29,Sardar Sarovar,1367.097,141.184
2020-06-30,Sardar Sarovar,848.606,140.162
2020-07-01,Sardar Sarovar,1623.939,139.14
2020-07-02,Sardar Sarovar,515.397,105.591
2020-07-03,Sardar Sarovar,469.555,70.276
2020-07-04,Sardar Sarovar,1274.16,54.031
2020-07-05,Sardar Sarovar,1625.0,0.0
2020-07-06,Sardar Sarovar,544.379,74.514
2020-07-07,Sardar Sarovar,941.817,53.678
2020-07-08,Sardar Sarovar,450.396,39.906
2020-07-09,Sardar Sarovar,743.101,174.101
2020-07-10,Sardar Sarovar,494.616,162.801
2020-07-11,Sardar Sarovar,154.251,166.332
2020-07-12,Sardar Sarovar,123.0,158.21
2020-07-13,Sardar Sarovar,84.293,157.239
2020-07-14,Sardar Sarovar,201.628,156.267
2020-07-15,Sardar Sarovar,1000.591,155.296
2020-07-16,Sardar Sarovar,195.372,154.325
2020-07-17,Sardar Sarovar,269.716,153.354
2020-07-18,Sardar Sarovar,151.426,152.383
2020-07-19,Sardar Sarovar,154.0,151.412
2020-07-20,Sardar Sarovar,121.239,150.44
2020-07-21,Sardar Sarovar,85.363,149.469
2020-07-22,Sardar Sarovar,79.793,148.498
2020-07-23,Sardar Sarovar,94.229,147.527
2020-07-24,Sardar Sarovar,184.258,146.556
2020-07-25,Sardar Sarovar,401.3,145.585
2020-07-26,Sardar Sarovar,317.0,144.614
2020-07-27,Sardar Sarovar,280.878,143.642
2020-07-28,Sardar Sarovar,495.212,142.671
2020-07-29,Sardar Sarovar,159.218,141.7
2020-07-30,Sardar Sarovar,128.448,140.729
2020-07-31,Sardar Sarovar,143.041,139.758
2020-08-01,Sardar Sarovar,104.0,138.787
2020-08-02,Sardar Sarovar,125.0,101.0
2020-08-03,Sardar Sarovar,102.537,68.864
2020-08-04,Sardar Sarovar,818.285,54.031
2020-08-05,Sardar Sarovar,293.046,0.0
2020-08-06,Sardar Sarovar,195.31,76.986
2020-08-07,Sardar Sarovar,422.932,54.385
2020-08-08,Sardar Sarovar,157.029,40.259
2020-08-09,Sardar Sarovar,127.0,177.633
2020-08-10,Sardar Sarovar,270.802,163.154
2020-08-11,Sardar Sarovar,262.0,165.626
2020-08-12,Sardar Sarovar,136.949,157.857
2020-08-13,Sardar Sarovar,140.39,156.885
2020-08-14,Sardar Sarovar,145.306,155.914
2020-08-15,Sardar Sarovar,398.0,154.943
2020-08-16,Sardar Sarovar,270.0,153.972
2020-08-17,Sardar Sarovar,177.192,153.001
2020-08-18,Sardar Sarovar,321.799,152.03
2020-08-19,Sardar Sarovar,137.981,151.058
2020-08-20,Sardar Sarovar,453.195,150.087
2020-08-21,Sardar Sarovar,207.236,149.116
2020-08-22,Sardar Sarovar,4220.603,148.145
2020-08-23,Sardar Sarovar,4510.0,147.174
2020-08-24,Sardar Sarovar,4140.794,146.203
2020-08-25,Sardar Sarovar,2504.332,145.232
2020-08-26,Sardar Sarovar,2472.175,144.26
2020-08-27,Sardar Sarovar,2465.939,143.289
2020-08-28,Sardar Sarovar,2438.487,142.318
2020-08-29,Sardar Sarovar,9720.0,141.347
2020-08-30,Sardar Sarovar,28500.0,140.376
2020-08-31,Sardar Sarovar,28650.0,139.405
2020-09-01,Sardar Sarovar,28650.0,138.433
2020-09-02,Sardar Sarovar,7900.0,98.881
2020-09-03,Sardar Sarovar,9950.0,67.098
2020-09-04,Sardar Sarovar,2628.331,0.0
2020-09-05,Sardar Sarovar,2513.891,0.0
2020-09-06,Sardar Sarovar,2485.0,80.164
2020-09-07,Sardar Sarovar,2452.805,54.031
2020-09-08,Sardar Sarovar,2477.788,40.259
2020-09-09,Sardar Sarovar,2285.407,181.871
2020-09-10,Sardar Sarovar,2245.105,163.154
2020-09-11,Sardar Sarovar,2539.735,164.566
2020-09-12,Sardar Sarovar,2369.27,157.503
2020-09-13,Sardar Sarovar,2310.0,156.463
2020-09-14,Sardar Sarovar,2306.164,155.422
2020-09-15,Sardar Sarovar,2246.875,154.381
2020-09-16,Sardar Sarovar,2442.679,153.34
2020-09-17,Sardar Sarovar,2397.627,152.299
2020-09-18,Sardar Sarovar,2355.669,151.258
2020-09-19,Sardar Sarovar,2277.278,150.217
2020-09-20,Sardar Sarovar,2607.0,149.177
2020-09-21,Sardar Sarovar,2658.594,148.136
2020-09-22,Sardar Sarovar,2673.316,147.095
2020-09-23,Sardar Sarovar,2975.976,146.054
2020-09-24,Sardar Sarovar,3144.996,145.013
2020-09-25,Sardar Sarovar,2525.776,143.972
2020-09-26,Sardar Sarovar,2741.431,142.931
2020-09-27,Sardar Sarovar,2588.0,141.891
2020-09-28,Sardar Sarovar,2548.001,140.85
2020-09-29,Sardar Sarovar,2513.678,139.809
2020-09-30,Sardar Sarovar,2233.289,138.768
2020-10-01,Sardar Sarovar,2240.121,137.727
2020-10-02,Sardar Sarovar,1885.0,97.468
2020-10-03,Sardar Sarovar,781.73,66.038
2020-10-04,Sardar Sarovar,490.0,0.0
2020-10-05,Sardar Sarovar,359.345,0.0
2020-10-06,Sardar Sarovar,439.501,84.049
2020-10-07,Sardar Sarovar,553.931,54.031
2020-10-08,Sardar Sarovar,450.46,40.259
2020-10-09,Sardar Sarovar,834.768,182.93
2020-10-10,Sardar Sarovar,1337.201,162.801
2020-10-11,Sardar Sarovar,340.0,163.507
2020-10-12,Sardar Sarovar,122.583,157.15
2020-10-13,Sardar Sarovar,170.207,156.126
2020-10-14,Sardar Sarovar,402.181,155.102
2020-10-15,Sardar Sarovar,1303.459,154.078
2020-10-16,Sardar Sarovar,481.864,153.054
2020-10-17,Sardar Sarovar,933.341,152.03
2020-10-18,Sardar Sarovar,930.0,151.006
2020-10-19,Sardar Sarovar,457.97,149.981
2020-10-20,Sardar Sarovar,629.172,148.957
2020-10-21,Sardar Sarovar,399.304,147.933
2020-10-22,Sardar Sarovar,606.287,146.909
2020-10-23,Sardar Sarovar,487.525,145.885
2020-10-24,Sardar Sarovar,588.662,144.861
2020-10-25,Sardar Sarovar,395.0,143.837
2020-10-26,Sardar Sarovar,420.364,142.813
2020-10-27,Sardar Sarovar,486.48,141.788
2020-10-28,Sardar Sarovar,426.998,140.764
2020-10-29,Sardar Sarovar,299.958,139.74
2020-10-30,Sardar Sarovar,565.0,138.716
2020-10-31,Sardar Sarovar,405.359,137.692
2020-11-01,Sardar Sarovar,750.0,136.668
2020-11-02,Sardar Sarovar,359.941,95.35
2020-11-03,Sardar Sarovar,298.44,65.332
2020-11-04,Sardar Sarovar,199.149,0.0
2020-11-05,Sardar Sarovar,155.55,0.0
2020-11-06,Sardar Sarovar,106.203,88.287
2020-11-07,Sardar Sarovar,144.638,187.521
2020-11-08,Sardar Sarovar,101.5,40.259
2020-11-09,Sardar Sarovar,87.645,188.58
2020-11-10,Sardar Sarovar,196.559,163.86
2020-11-11,Sardar Sarovar,374.444,163.507
2020-11-12,Sardar Sarovar,561.496,157.503
2020-11-13,Sardar Sarovar,512.806,156.407
2020-11-14,Sardar Sarovar,562.0,155.31
2020-11-15,Sardar Sarovar,442.0,154.214
2020-11-16,Sardar Sarovar,463.354,153.117
2020-11-17,Sardar Sarovar,472.71,152.02
2020-11-18,Sardar Sarovar,502.758,150.924
2020-11-19,Sardar Sarovar,470.294,149.827
2020-11-20,Sardar Sarovar,573.945,148.731
2020-11-21,Sardar Sarovar,487.729,147.634
2020-11-22,Sardar Sarovar,505.0,146.537
2020-11-23,Sardar Sarovar,462.726,145.441
2020-11-24,Sardar Sarovar,490.182,144.344
2020-11-25,Sardar Sarovar,517.594,143.247
2020-11-26,Sardar Sarovar,481.989,142.151
2020-11-27,Sardar Sarovar,410.623,141.054
2020-11-28,Sardar Sarovar,415.659,139.958
2020-11-29,Sardar Sarovar,441.0,138.861
2020-11-30,Sardar Sarovar,436.0,137.764
2020-12-01,Sardar Sarovar,543.325,136.668
2020-12-02,Sardar Sarovar,667.623,93.231
2020-12-03,Sardar Sarovar,536.552,64.979
2020-12-04,Sardar Sarovar,629.998,0.0
2020-12-05,Sardar Sarovar,585.589,51.913
2020-12-06,Sardar Sarovar,608.0,94.996
2020-12-07,Sardar Sarovar,529.55,52.972
2020-12-08,Sardar Sarovar,520.159,40.965
2020-12-09,Sardar Sarovar,595.612,190.346
2020-12-10,Sardar Sarovar,568.74,164.213
2020-12-11,Sardar Sarovar,833.016,162.447
2020-12-12,Sardar Sarovar,865.805,157.15
2020-12-13,Sardar Sarovar,437.0,156.868
2020-12-14,Sardar Sarovar,635.818,156.585
2020-12-15,Sardar Sarovar,871.213,156.303
2020-12-16,Sardar Sarovar,570.594,156.02
2020-12-17,Sardar Sarovar,607.525,155.738
2020-12-18,Sardar Sarovar,793.561,155.455
2020-12-19,Sardar Sarovar,601.5,155.173
2020-12-20,Sardar Sarovar,520.0,154.89
2020-12-21,Sardar Sarovar,525.322,154.608
2020-12-22,Sardar Sarovar,523.707,154.325
2020-12-23,Sardar Sarovar,187.234,154.043
2020-12-24,Sardar Sarovar,579.929,153.76
2020-12-25,Sardar Sarovar,653.0,153.478
2020-12-26,Sardar Sarovar,603.636,153.195
2020-12-27,Sardar Sarovar,594.0,152.913
2020-12-28,Sardar Sarovar,635.757,152.63
2020-12-29,Sardar Sarovar,594.223,152.347
2020-12-30,Sardar Sarovar,672.861,152.065
2020-12-31,Sardar Sarovar,650.533,151.782
2021-01-01,Sardar Sarovar,594.323,151.5
2021-01-02,Sardar Sarovar,545.269,146.909
2021-01-03,Sardar Sarovar,634.0,121.482
2021-01-04,Sardar Sarovar,609.189,76.986
2021-01-05,Sardar Sarovar,649.793,63.566
2021-01-06,Sardar Sarovar,629.097,64.626
2021-01-07,Sardar Sarovar,639.169,12.007
2021-01-08,Sardar Sarovar,591.32,24.72
2021-01-09,Sardar Sarovar,413.8,26.133
2021-01-10,Sardar Sarovar,661.0,86.168
2021-01-11,Sardar Sarovar,714.002,0.0
2021-01-12,Sardar Sarovar,695.519,0.0
2021-01-13,Sardar Sarovar,540.644,7.575
2021-01-14,Sardar Sarovar,638.786,15.15
2021-01-15,Sardar Sarovar,539.115,22.725
2021-01-16,Sardar Sarovar,530.13,30.3
2021-01-17,Sardar Sarovar,720.0,37.875
2021-01-18,Sardar Sarovar,656.827,45.45
2021-01-19,Sardar Sarovar,578.407,53.025
2021-01-20,Sardar Sarovar,524.52,60.6
2021-01-21,Sardar Sarovar,578.752,68.175
2021-01-22,Sardar Sarovar,572.891,75.75
2021-01-23,Sardar Sarovar,576.989,83.325
2021-01-24,Sardar Sarovar,805.0,90.9
2021-01-25,Sardar Sarovar,591.26,98.475
2021-01-26,Sardar Sarovar,567.0,106.05
2021-01-27,Sardar Sarovar,596.83,113.625
2021-01-28,Sardar Sarovar,499.409,121.2
2021-01-29,Sardar Sarovar,590.283,128.775
2021-01-30,Sardar Sarovar,713.137,136.35
2021-01-31,Sardar Sarovar,549.0,143.925
2021-02-01,Sardar Sarovar,646.86,151.5
2021-02-02,Sardar Sarovar,584.828,146.909
2021-02-03,Sardar Sarovar,625.307,120.776
2021-02-04,Sardar Sarovar,573.115,0.0
2021-02-05,Sardar Sarovar,556.381,0.0
2021-02-06,Sardar Sarovar,534.028,62.154
2021-02-07,Sardar Sarovar,662.0,10.594
2021-02-08,Sardar Sarovar,504.4,24.72
2021-02-09,Sardar Sarovar,607.647,26.839
2021-02-10,Sardar Sarovar,592.41,90.406
2021-02-11,Sardar Sarovar,584.727,122.895
2021-02-12,Sardar Sarovar,518.837,105.238
2021-02-13,Sardar Sarovar,519.645,107.959
2021-02-14,Sardar Sarovar,546.0,110.68
2021-02-15,Sardar Sarovar,524.12,113.402
2021-02-16,Sardar Sarovar,432.447,116.123
2021-02-17,Sardar Sarovar,428.039,118.844
2021-02-18,Sardar Sarovar,437.544,121.566
2021-02-19,Sardar Sarovar,441.983,124.287
2021-02-20,Sardar Sarovar,486.854,127.008
2021-02-21,Sardar Sarovar,449.0,129.729
2021-02-22,Sardar Sarovar,386.039,132.451
2021-02-23,Sardar Sarovar,344.029,135.172
2021-02-24,Sardar Sarovar,428.347,137.893
2021-02-25,Sardar Sarovar,324.814,140.615
2021-02-26,Sardar Sarovar,429.592,143.336
2021-02-27,Sardar Sarovar,518.697,146.057
2021-02-28,Sardar Sarovar,680.0,148.779
2021-03-01,Sardar Sarovar,504.408,151.5
2021-03-02,Sardar Sarovar,519.058,146.556
2021-03-03,Sardar Sarovar,504.11,119.364
2021-03-04,Sardar Sarovar,446.312,0.0
2021-03-05,Sardar Sarovar,365.561,0.0
2021-03-06,Sardar Sarovar,413.675,60.388
2021-03-07,Sardar Sarovar,437.0,10.241
2021-03-08,Sardar Sarovar,386.732,24.72
2021-03-09,Sardar Sarovar,372.789,27.545
2021-03-10,Sardar Sarovar,404.41,94.996
2021-03-11,Sardar Sarovar,429.0,0.0
2021-03-12,Sardar Sarovar,385.086,0.0
2021-03-13,Sardar Sarovar,387.61,7.557
2021-03-14,Sardar Sarovar,394.0,15.115
2021-03-15,Sardar Sarovar,403.469,22.672
2021-03-16,Sardar Sarovar,116.335,30.229
2021-03-17,Sardar Sarovar,230.546,37.787
2021-03-18,Sardar Sarovar,407.759,45.344
2021-03-19,Sardar Sarovar,407.29,52.901
2021-03-20,Sardar Sarovar,430.395,60.459
2021-03-21,Sardar Sarovar,605.0,68.016
2021-03-22,Sardar Sarovar,463.105,75.573
2021-03-23,Sardar Sarovar,399.076,83.131
2021-03-24,Sardar Sarovar,439.357,90.688
2021-03-25,Sardar Sarovar,285.892,98.245
2021-03-26,Sardar Sarovar,260.829,105.803
2021-03-27,Sardar Sarovar,449.004,113.36
2021-03-28,Sardar Sarovar,565.0,120.917
2021-03-29,Sardar Sarovar,421.0,128.475
2021-03-30,Sardar Sarovar,365.543,136.032
2021-03-31,Sardar Sarovar,394.034,143.589
2021-04-01,Sardar Sarovar,612.349,151.147
2021-04-02,Sardar Sarovar,850.0,146.203
2021-04-03,Sardar Sarovar,933.293,119.364
2021-04-04,Sardar Sarovar,731.0,0.0
2021-04-05,Sardar Sarovar,558.752,0.0
2021-04-06,Sardar Sarovar,521.004,0.0
2021-04-07,Sardar Sarovar,664.762,9.888
2021-04-08,Sardar Sarovar,856.087,25.427
2021-04-09,Sardar Sarovar,682.357,29.311
2021-04-10,Sardar Sarovar,802.0,97.468
2021-04-11,Sardar Sarovar,589.0,0.0
2021-04-12,Sardar Sarovar,563.0,0.0
2021-04-13,Sardar Sarovar,475.0,7.918
2021-04-14,Sardar Sarovar,484.0,15.836
2021-04-15,Sardar Sarovar,426.0,23.754
2021-04-16,Sardar Sarovar,440.0,31.672
2021-04-17,Sardar Sarovar,462.0,39.59
2021-04-18,Sardar Sarovar,676.0,47.508
2021-04-19,Sardar Sarovar,881.0,55.425
2021-04-20,Sardar Sarovar,769.0,63.343
2021-04-21,Sardar Sarovar,184.0,71.261
2021-04-22,Sardar Sarovar,727.0,79.179
2021-04-23,Sardar Sarovar,552.0,87.097
2021-04-24,Sardar Sarovar,758.0,95.015
2021-04-25,Sardar Sarovar,925.0,102.933
2021-04-26,Sardar Sarovar,629.0,110.851
2021-04-27,Sardar Sarovar,574.0,118.769
2021-04-28,Sardar Sarovar,645.0,126.687
2021-04-29,Sardar Sarovar,802.0,134.605
2021-04-30,Sardar Sarovar,639.0,142.523
2021-05-01,Sardar Sarovar,689.0,150.44
2021-05-02,Sardar Sarovar,775.0,145.496
2021-05-03,Sardar Sarovar,569.0,117.245
2021-05-04,Sardar Sarovar,862.0,0.0
2021-05-05,Sardar Sarovar,996.0,64.273
2021-05-06,Sardar Sarovar,875.0,0.0
2021-05-07,Sardar Sarovar,932.0,9.535
2021-05-08,Sardar Sarovar,932.0,25.073
2021-05-09,Sardar Sarovar,727.0,30.371
2021-05-10,Sardar Sarovar,650.0,99.234
2021-05-11,Sardar Sarovar,185.0,121.482
2021-05-12,Sardar Sarovar,601.0,0.0
2021-05-13,Sardar Sarovar,1352.0,7.504
2021-05-14,Sardar Sarovar,875.0,15.009
2021-05-15,Sardar Sarovar,1299.0,22.513
2021-05-16,Sardar Sarovar,1510.0,30.017
2021-05-17,Sardar Sarovar,1320.0,37.522
2021-05-18,Sardar Sarovar,1380.0,45.026
2021-05-19,Sardar Sarovar,1464.0,52.531
2021-05-20,Sardar Sarovar,1436.0,60.035
2021-05-21,Sardar Sarovar,1425.0,67.539
2021-05-22,Sardar Sarovar,1446.0,75.044
2021-05-23,Sardar Sarovar,1151.0,82.548
2021-05-24,Sardar Sarovar,775.0,90.052
2021-05-25,Sardar Sarovar,925.0,97.557
2021-05-26,Sardar Sarovar,235.0,105.061
2021-05-27,Sardar Sarovar,812.0,112.566
2021-05-28,Sardar Sarovar,850.0,120.07
2021-05-29,Sardar Sarovar,408.0,127.574
2021-05-30,Sardar Sarovar,590.0,135.079
2021-05-31,Sardar Sarovar,513.08,142.583
2021-06-01,Sardar Sarovar,652.893,150.087
2021-06-02,Sardar Sarovar,568.761,0.0
2021-06-03,Sardar Sarovar,443.521,115.479
2021-06-04,Sardar Sarovar,932.004,0.0
2021-06-05,Sardar Sarovar,1012.727,64.273
2021-06-06,Sardar Sarovar,604.0,0.0
2021-06-07,Sardar Sarovar,453.706,9.182
2021-06-08,Sardar Sarovar,539.505,24.72
2021-06-09,Sardar Sarovar,735.004,30.724
2021-06-10,Sardar Sarovar,838.316,102.059
2021-06-11,Sardar Sarovar,515.745,121.129
2021-06-12,Sardar Sarovar,1355.774,0.0
2021-06-13,Sardar Sarovar,228.0,7.918
2021-06-14,Sardar Sarovar,453.172,15.836
2021-06-15,Sardar Sarovar,948.68,23.754
2021-06-16,Sardar Sarovar,843.713,31.672
2021-06-17,Sardar Sarovar,1362.844,39.59
2021-06-18,Sardar Sarovar,1500.295,47.508
2021-06-19,Sardar Sarovar,1687.882,55.425
2021-06-20,Sardar Sarovar,1457.0,63.343
2021-06-21,Sardar Sarovar,1287.892,71.261
2021-06-22,Sardar Sarovar,1465.88,79.179
2021-06-23,Sardar Sarovar,1512.124,87.097
2021-06-24,Sardar Sarovar,1694.396,95.015
2021-06-25,Sardar Sarovar,729.001,102.933
2021-06-26,Sardar Sarovar,1066.254,110.851
2021-06-27,Sardar Sarovar,1715.0,118.769
2021-06-28,Sardar Sarovar,1405.874,126.687
2021-06-29,Sardar Sarovar,1654.802,134.605
2021-06-30,Sardar Sarovar,518.312,142.523
2021-07-01,Sardar Sarovar,186.372,150.44
2021-07-02,Sardar Sarovar,117.552,0.0
2021-07-03,Sardar Sarovar,78.015,113.713
2021-07-04,Sardar Sarovar,105.0,0.0
2021-07-05,Sardar Sarovar,216.431,63.566
2021-07-06,Sardar Sarovar,1091.499,0.0
2021-07-07,Sardar Sarovar,776.906,9.535
2021-07-08,Sardar Sarovar,1086.363,24.014
2021-07-09,Sardar Sarovar,225.073,31.077
2021-07-10,Sardar Sarovar,705.319,103.825
2021-07-11,Sardar Sarovar,252.72,120.423
2021-07-12,Sardar Sarovar,212.682,0.0
2021-07-13,Sardar Sarovar,161.59,7.522
2021-07-14,Sardar Sarovar,1357.502,15.044
2021-07-15,Sardar Sarovar,1286.139,22.566
2021-07-16,Sardar Sarovar,1465.835,30.088
2021-07-17,Sardar Sarovar,1927.164,37.61
2021-07-18,Sardar Sarovar,1078.0,45.132
2021-07-19,Sardar Sarovar,250.358,52.654
2021-07-20,Sardar Sarovar,361.729,60.176
2021-07-21,Sardar Sarovar,383.0,67.698
2021-07-22,Sardar Sarovar,406.137,75.22
2021-07-23,Sardar Sarovar,159.615,82.742
2021-07-24,Sardar Sarovar,532.814,90.264
2021-07-25,Sardar Sarovar,624.0,97.786
2021-07-26,Sardar Sarovar,453.699,105.308
2021-07-27,Sardar Sarovar,498.959,112.83
2021-07-28,Sardar Sarovar,245.219,120.352
2021-07-29,Sardar Sarovar,220.071,127.874
2021-07-30,Sardar Sarovar,147.691,135.396
2021-07-31,Sardar Sarovar,93.509,142.918
2021-08-01,Sardar Sarovar,74.0,150.44
2021-08-02,Sardar Sarovar,508.03,0.0
2021-08-03,Sardar Sarovar,539.864,112.301
2021-08-04,Sardar Sarovar,150.542,74.867
2021-08-05,Sardar Sarovar,177.726,63.566
2021-08-06,Sardar Sarovar,221.832,0.0
2021-08-07,Sardar Sarovar,567.788,9.888
2021-08-08,Sardar Sarovar,745.0,24.367
2021-08-09,Sardar Sarovar,527.288,27.899
2021-08-10,Sardar Sarovar,492.09,0.0
2021-08-11,Sardar Sarovar,108.361,120.07
2021-08-12,Sardar Sarovar,68.83,0.0
2021-08-13,Sardar Sarovar,844.639,7.504
2021-08-14,Sardar Sarovar,522.468,15.009
2021-08-15,Sardar Sarovar,212.2,22.513
2021-08-16,Sardar Sarovar,497.078,30.017
2021-08-17,Sardar Sarovar,678.192,37.522
2021-08-18,Sardar Sarovar,812.014,45.026
2021-08-19,Sardar Sarovar,254.533,52.531
2021-08-20,Sardar Sarovar,357.333,60.035
2021-08-21,Sardar Sarovar,557.874,67.539
2021-08-22,Sardar Sarovar,678.0,75.044
2021-08-23,Sardar Sarovar,342.371,82.548
2021-08-24,Sardar Sarovar,636.075,90.052
2021-08-25,Sardar Sarovar,910.74,97.557
2021-08-26,Sardar Sarovar,960.96,105.061
2021-08-27,Sardar Sarovar,1797.487,112.566
2021-08-28,Sardar Sarovar,1916.77,120.07
2021-08-29,Sardar Sarovar,513.0,127.574
2021-08-30,Sardar Sarovar,854.805,135.079
2021-08-31,Sardar Sarovar,969.117,142.583
2021-09-01,Sardar Sarovar,533.06,150.087
2021-09-02,Sardar Sarovar,638.998,0.0
2021-09-03,Sardar Sarovar,1410.502,110.888
2021-09-04,Sardar Sarovar,410.77,74.514
2021-09-05,Sardar Sarovar,170.0,64.273
2021-09-06,Sardar Sarovar,283.902,0.0
2021-09-07,Sardar Sarovar,430.97,10.594
2021-09-08,Sardar Sarovar,333.699,25.073
2021-09-09,Sardar Sarovar,536.209,38.14
2021-09-10,Sardar Sarovar,201.995,0.0
2021-09-11,Sardar Sarovar,170.575,119.717
2021-09-12,Sardar Sarovar,211.0,101.0
2021-09-13,Sardar Sarovar,159.162,103.583
2021-09-14,Sardar Sarovar,473.944,106.167
2021-09-15,Sardar Sarovar,441.074,108.751
2021-09-16,Sardar Sarovar,256.236,111.334
2021-09-17,Sardar Sarovar,474.093,113.918
2021-09-18,Sardar Sarovar,462.281,116.501
2021-09-19,Sardar Sarovar,583.0,119.085
2021-09-20,Sardar Sarovar,755.832,121.668
2021-09-21,Sardar Sarovar,965.075,124.252
2021-09-22,Sardar Sarovar,346.946,126.835
2021-09-23,Sardar Sarovar,527.052,129.419
2021-09-24,Sardar Sarovar,440.564,132.003
2021-09-25,Sardar Sarovar,904.796,134.586
2021-09-26,Sardar Sarovar,1690.0,137.17
2021-09-27,Sardar Sarovar,1365.103,139.753
2021-09-28,Sardar Sarovar,458.005,142.337
2021-09-29,Sardar Sarovar,372.648,144.92
2021-09-30,Sardar Sarovar,1048.536,147.504
2021-10-01,Sardar Sarovar,1658.503,150.087
2021-10-02,Sardar Sarovar,2052.698,142.318
2021-10-03,Sardar Sarovar,730.0,110.182
2021-10-04,Sardar Sarovar,324.308,73.808
2021-10-05,Sardar Sarovar,1070.467,64.273
2021-10-06,Sardar Sarovar,824.529,43.79
2021-10-07,Sardar Sarovar,1503.751,10.948
2021-10-08,Sardar Sarovar,1471.781,25.073
2021-10-09,Sardar Sarovar,1418.918,39.906
2021-10-10,Sardar Sarovar,1241.0,0.0
2021-10-11,Sardar Sarovar,381.852,120.07
2021-10-12,Sardar Sarovar,1103.098,0.0
2021-10-13,Sardar Sarovar,920.603,7.522
2021-10-14,Sardar Sarovar,309.299,15.044
2021-10-15,Sardar Sarovar,146.804,22.566
2021-10-16,Sardar Sarovar,111.133,30.088
2021-10-17,Sardar Sarovar,123.0,37.61
2021-10-18,Sardar Sarovar,227.522,45.132
2021-10-19,Sardar Sarovar,414.373,52.654
2021-10-20,Sardar Sarovar,215.99,60.176
2021-10-21,Sardar Sarovar,211.901,67.698
2021-10-22,Sardar Sarovar,362.24,75.22
2021-10-23,Sardar Sarovar,989.136,82.742
2021-10-24,Sardar Sarovar,875.0,90.264
2021-10-25,Sardar Sarovar,654.166,97.786
2021-10-26,Sardar Sarovar,653.597,105.308
2021-10-27,Sardar Sarovar,686.019,112.83
2021-10-28,Sardar Sarovar,683.43,120.352
2021-10-29,Sardar Sarovar,682.025,127.874
2021-10-30,Sardar Sarovar,497.676,135.396
2021-10-31,Sardar Sarovar,380.0,142.918
2021-11-01,Sardar Sarovar,213.11,150.44
2021-11-02,Sardar Sarovar,315.616,142.318
2021-11-03,Sardar Sarovar,336.505,109.122
2021-11-04,Sardar Sarovar,203.129,72.748
2021-11-05,Sardar Sarovar,168.409,65.685
2021-11-06,Sardar Sarovar,192.431,41.318
2021-11-07,Sardar Sarovar,227.0,11.301
2021-11-08,Sardar Sarovar,443.011,25.073
2021-11-09,Sardar Sarovar,730.928,4.238
2021-11-10,Sardar Sarovar,588.306,0.0
2021-11-11,Sardar Sarovar,474.518,0.0
2021-11-12,Sardar Sarovar,509.482,0.0
2021-11-13,Sardar Sarovar,417.81,7.918
2021-11-14,Sardar Sarovar,595.0,15.836
2021-11-15,Sardar Sarovar,456.46,23.754
2021-11-16,Sardar Sarovar,383.618,31.672
2021-11-17,Sardar Sarovar,442.995,39.59
2021-11-18,Sardar Sarovar,423.795,47.508
2021-11-19,Sardar Sarovar,424.737,55.425
2021-11-20,Sardar Sarovar,429.015,63.343
2021-11-21,Sardar Sarovar,425.5,71.261
2021-11-22,Sardar Sarovar,365.129,79.179
2021-11-23,Sardar Sarovar,401.742,87.097
2021-11-24,Sardar Sarovar,429.812,95.015
2021-11-25,Sardar Sarovar,420.553,102.933
2021-11-26,Sardar Sarovar,443.737,110.851
2021-11-27,Sardar Sarovar,449.524,118.769
2021-11-28,Sardar Sarovar,433.0,126.687
2021-11-29,Sardar Sarovar,466.244,134.605
2021-11-30,Sardar Sarovar,505.344,142.523
2021-12-01,Sardar Sarovar,494.632,150.44
2021-12-02,Sardar Sarovar,416.057,141.965
2021-12-03,Sardar Sarovar,415.265,0.0
2021-12-04,Sardar Sarovar,445.597,72.395
2021-12-05,Sardar Sarovar,455.0,65.332
2021-12-06,Sardar Sarovar,406.495,38.493
2021-12-07,Sardar Sarovar,435.519,11.654
2021-12-08,Sardar Sarovar,452.722,24.014
2021-12-09,Sardar Sarovar,434.998,4.238
2021-12-10,Sardar Sarovar,450.175,0.0
2021-12-11,Sardar Sarovar,425.986,119.364
2021-12-12,Sardar Sarovar,445.0,0.0
2021-12-13,Sardar Sarovar,465.855,0.0
2021-12-14,Sardar Sarovar,465.233,0.0
2021-12-15,Sardar Sarovar,495.19,0.0
2021-12-16,Sardar Sarovar,501.003,0.0
2021-12-17,Sardar Sarovar,499.603,0.0
2021-12-18,Sardar Sarovar,100.631,0.0
2021-12-19,Sardar Sarovar,68.0,0.0
2021-12-20,Sardar Sarovar,51.832,0.0
2021-12-21,Sardar Sarovar,57.857,0.0
2021-12-22,Sardar Sarovar,474.601,0.0
2021-12-23,Sardar Sarovar,491.892,0.0
2021-12-24,Sardar Sarovar,462.312,0.0
2021-12-25,Sardar Sarovar,517.539,0.0
2021-12-26,Sardar Sarovar,585.0,0.0
2021-12-27,Sardar Sarovar,554.185,0.0
2021-12-28,Sardar Sarovar,688.667,0.0
2021-12-29,Sardar Sarovar,516.299,0.0
2021-12-30,Sardar Sarovar,117.33,0.0
2021-12-31,Sardar Sarovar,452.152,0.0
2022-01-01,Sardar Sarovar,468.94,0.0
2022-01-02,Sardar Sarovar,395.0,61.448
2022-01-03,Sardar Sarovar,521.342,0.0
2022-01-04,Sardar Sarovar,490.544,0.0
2022-01-05,Sardar Sarovar,602.046,0.0
2022-01-06,Sardar Sarovar,437.179,0.0
2022-01-07,Sardar Sarovar,379.668,0.0
2022-01-08,Sardar Sarovar,391.002,0.0
2022-01-09,Sardar Sarovar,116.0,181.164
2022-01-10,Sardar Sarovar,80.636,0.0
2022-01-11,Sardar Sarovar,174.647,0.0
2022-01-12,Sardar Sarovar,207.238,162.447
2022-01-13,Sardar Sarovar,305.053,154.325
2022-01-14,Sardar Sarovar,330.591,146.203
2022-01-15,Sardar Sarovar,338.041,138.08
2022-01-16,Sardar Sarovar,350.0,129.958
2022-01-17,Sardar Sarovar,325.988,121.836
2022-01-18,Sardar Sarovar,303.353,113.713
2022-01-19,Sardar Sarovar,282.706,105.591
2022-01-20,Sardar Sarovar,293.613,97.468
2022-01-21,Sardar Sarovar,287.326,89.346
2022-01-22,Sardar Sarovar,435.697,81.224
2022-01-23,Sardar Sarovar,396.0,73.101
2022-01-24,Sardar Sarovar,382.858,64.979
2022-01-25,Sardar Sarovar,434.483,56.857
2022-01-26,Sardar Sarovar,510.776,48.734
2022-01-27,Sardar Sarovar,460.668,40.612
2022-01-28,Sardar Sarovar,459.977,32.489
2022-01-29,Sardar Sarovar,114.237,24.367
2022-01-30,Sardar Sarovar,516.5,16.245
2022-01-31,Sardar Sarovar,486.375,8.122
2022-02-01,Sardar Sarovar,490.9,0.0
2022-02-02,Sardar Sarovar,544.3,0.0
2022-02-03,Sardar Sarovar,480.6,0.0
2022-02-04,Sardar Sarovar,598.3,0.0
2022-02-05,Sardar Sarovar,579.8,0.0
2022-02-06,Sardar Sarovar,522.0,35.668
2022-02-07,Sardar Sarovar,433.1,0.0
2022-02-08,Sardar Sarovar,460.2,0.0
2022-02-09,Sardar Sarovar,584.8,0.0
2022-02-10,Sardar Sarovar,507.3,0.0
2022-02-11,Sardar Sarovar,428.0,187.874
2022-02-12,Sardar Sarovar,104.6,0.0
2022-02-13,Sardar Sarovar,345.0,0.0
2022-02-14,Sardar Sarovar,439.6,0.0
2022-02-15,Sardar Sarovar,103.3,0.0
2022-02-16,Sardar Sarovar,512.3,0.0
2022-02-17,Sardar Sarovar,452.5,0.0
2022-02-18,Sardar Sarovar,460.8,0.0
2022-02-19,Sardar Sarovar,442.8,0.0
2022-02-20,Sardar Sarovar,610.0,0.0
2022-02-21,Sardar Sarovar,470.7,0.0
2022-02-22,Sardar Sarovar,459.3,0.0
2022-02-23,Sardar Sarovar,495.1,0.0
2022-02-24,Sardar Sarovar,561.1,0.0
2022-02-25,Sardar Sarovar,621.7,0.0
2022-02-26,Sardar Sarovar,566.6,0.0
2022-02-27,Sardar Sarovar,576.0,0.0
2022-02-28,Sardar Sarovar,444.1,0.0
2022-03-01,Sardar Sarovar,454.1,0.0
2022-03-02,Sardar Sarovar,441.3,0.0
2022-03-03,Sardar Sarovar,447.0,46.615
2022-03-04,Sardar Sarovar,450.3,0.0
2022-03-05,Sardar Sarovar,512.9,0.0
2022-03-06,Sardar Sarovar,495.0,0.0
2022-03-07,Sardar Sarovar,433.1,0.0
2022-03-08,Sardar Sarovar,468.8,0.0
2022-03-09,Sardar Sarovar,433.8,0.0
2022-03-10,Sardar Sarovar,226.0,0.0
2022-03-11,Sardar Sarovar,478.6,0.0
2022-03-12,Sardar Sarovar,135.0,0.0
2022-03-13,Sardar Sarovar,485.0,0.0
2022-03-14,Sardar Sarovar,672.4,0.0
2022-03-15,Sardar Sarovar,503.2,0.0
2022-03-16,Sardar Sarovar,566.1,0.0
2022-03-17,Sardar Sarovar,565.9,0.0
2022-03-18,Sardar Sarovar,580.6,0.0
2022-03-19,Sardar Sarovar,621.7,0.0
2022-03-20,Sardar Sarovar,621.0,0.0
2022-03-21,Sardar Sarovar,449.3,0.0
2022-03-22,Sardar Sarovar,502.9,0.0
2022-03-23,Sardar Sarovar,658.3,0.0
2022-03-24,Sardar Sarovar,565.6,0.0
2022-03-25,Sardar Sarovar,376.3,0.0
2022-03-26,Sardar Sarovar,467.0,0.0
2022-03-27,Sardar Sarovar,359.0,0.0
2022-03-28,Sardar Sarovar,402.4,0.0
2022-03-29,Sardar Sarovar,354.7,0.0
2022-03-30,Sardar Sarovar,342.6,0.0
2022-03-31,Sardar Sarovar,681.2,0.0
2022-04-01,Sardar Sarovar,404.0,0.0
2022-04-02,Sardar Sarovar,436.5,0.0
2022-04-03,Sardar Sarovar,827.0,0.0
2022-04-04,Sardar Sarovar,615.6,0.0
2022-04-05,Sardar Sarovar,1138.2,47.322
2022-04-06,Sardar Sarovar,1107.9,0.0
2022-04-07,Sardar Sarovar,1157.9,0.0
2022-04-08,Sardar Sarovar,858.7,135.255
2022-04-09,Sardar Sarovar,727.8,0.0
2022-04-10,Sardar Sarovar,462.0,0.0
2022-04-11,Sardar Sarovar,678.7,0.0
2022-04-12,Sardar Sarovar,1122.3,0.0
2022-04-13,Sardar Sarovar,836.4,0.0
2022-04-14,Sardar Sarovar,856.5,0.0
2022-04-15,Sardar Sarovar,479.2,0.0
2022-04-16,Sardar Sarovar,440.1,0.0
2022-04-17,Sardar Sarovar,273.0,0.0
2022-04-18,Sardar Sarovar,331.4,0.0
2022-04-19,Sardar Sarovar,449.1,0.0
2022-04-20,Sardar Sarovar,1136.8,0.0
2022-04-21,Sardar Sarovar,500.1,0.0
2022-04-22,Sardar Sarovar,719.5,0.0
2022-04-23,Sardar Sarovar,404.8,0.0
2022-04-24,Sardar Sarovar,822.0,0.0
2022-04-25,Sardar Sarovar,226.2,0.0
2022-04-26,Sardar Sarovar,429.0,0.0
2022-04-27,Sardar Sarovar,877.2,0.0
2022-04-28,Sardar Sarovar,715.5,0.0
2022-04-29,Sardar Sarovar,846.7,0.0
2022-04-30,Sardar Sarovar,489.2,0.0
2022-05-01,Sardar Sarovar,278.0,0.0
2022-05-02,Sardar Sarovar,122.9,0.0
2022-05-03,Sardar Sarovar,122.0,0.0
2022-05-04,Sardar Sarovar,287.6,0.0
2022-05-05,Sardar Sarovar,179.5,0.0
2022-05-06,Sardar Sarovar,452.1,0.0
2022-05-07,Sardar Sarovar,363.8,0.0
2022-05-08,Sardar Sarovar,351.0,0.0
2022-05-09,Sardar Sarovar,308.7,0.0
2022-05-10,Sardar Sarovar,299.9,0.0
2022-05-11,Sardar Sarovar,1122.2,0.0
2022-05-12,Sardar Sarovar,509.7,0.0
2022-05-13,Sardar Sarovar,457.1,4.238
2022-05-14,Sardar Sarovar,234.7,8.476
2022-05-15,Sardar Sarovar,330.0,12.713
2022-05-16,Sardar Sarovar,164.0,16.951
2022-05-17,Sardar Sarovar,128.3,21.189
2022-05-18,Sardar Sarovar,215.9,25.427
2022-05-19,Sardar Sarovar,734.5,29.664
2022-05-20,Sardar Sarovar,983.8,33.902
2022-05-21,Sardar Sarovar,283.2,38.14
2022-05-22,Sardar Sarovar,200.0,42.378
2022-05-23,Sardar Sarovar,196.8,46.615
2022-05-24,Sardar Sarovar,185.6,50.853
2022-05-25,Sardar Sarovar,173.2,55.091
2022-05-26,Sardar Sarovar,179.8,59.329
2022-05-27,Sardar Sarovar,117.4,63.566
2022-05-28,Sardar Sarovar,143.0,67.804
2022-05-29,Sardar Sarovar,98.0,72.042
2022-05-30,Sardar Sarovar,135.9,76.28
2022-05-31,Sardar Sarovar,323.6,80.517
2022-06-01,Sardar Sarovar,106.487,84.755
2022-06-02,Sardar Sarovar,61.051,0.0
2022-06-03,Sardar Sarovar,118.807,0.0
2022-06-04,Sardar Sarovar,422.107,0.0
2022-06-05,Sardar Sarovar,206.794,0.0
2022-06-06,Sardar Sarovar,207.559,0.0
2022-06-07,Sardar Sarovar,130.6,13.42
2022-06-08,Sardar Sarovar,80.03,0.0
2022-06-09,Sardar Sarovar,326.11,0.0
2022-06-10,Sardar Sarovar,331.4,203.059
2022-06-11,Sardar Sarovar,194.922,0.0
2022-06-12,Sardar Sarovar,134.114,0.0
2022-06-13,Sardar Sarovar,98.255,0.0
2022-06-14,Sardar Sarovar,340.953,0.0
2022-06-15,Sardar Sarovar,327.073,0.0
2022-06-16,Sardar Sarovar,273.855,0.0
2022-06-17,Sardar Sarovar,254.6,0.0
2022-06-18,Sardar Sarovar,274.323,0.0
2022-06-19,Sardar Sarovar,195.138,0.0
2022-06-20,Sardar Sarovar,270.884,0.0
2022-06-21,Sardar Sarovar,282.934,0.0
2022-06-22,Sardar Sarovar,493.02,0.0
2022-06-23,Sardar Sarovar,477.802,0.0
2022-06-24,Sardar Sarovar,321.867,0.0
2022-06-25,Sardar Sarovar,538.72,0.0
2022-06-26,Sardar Sarovar,519.068,0.0
2022-06-27,Sardar Sarovar,382.296,0.0
2022-06-28,Sardar Sarovar,357.406,0.0
2022-06-29,Sardar Sarovar,352.306,0.0
2022-06-30,Sardar Sarovar,304.091,0.0
2022-07-01,Sardar Sarovar,211.928,0.0
2022-07-02,Sardar Sarovar,189.686,0.0
2022-07-03,Sardar Sarovar,199.439,0.0
2022-07-04,Sardar Sarovar,161.17,37.434
2022-07-05,Sardar Sarovar,416.166,0.0
2022-07-06,Sardar Sarovar,849.543,0.0
2022-07-07,Sardar Sarovar,443.568,0.0
2022-07-08,Sardar Sarovar,472.949,0.0
2022-07-09,Sardar Sarovar,448.379,0.0
2022-07-10,Sardar Sarovar,461.47,0.0
2022-07-11,Sardar Sarovar,468.263,0.0
2022-07-12,Sardar Sarovar,345.288,0.0
2022-07-13,Sardar Sarovar,454.303,0.0
2022-07-14,Sardar Sarovar,1480.221,0.0
2022-07-15,Sardar Sarovar,1363.667,0.0
2022-07-16,Sardar Sarovar,1954.383,0.0
2022-07-17,Sardar Sarovar,1462.538,0.0
2022-07-18,Sardar Sarovar,508.128,0.0
2022-07-19,Sardar Sarovar,2610.175,0.0
2022-07-20,Sardar Sarovar,2523.562,0.0
2022-07-21,Sardar Sarovar,2462.606,0.0
2022-07-22,Sardar Sarovar,2474.844,0.0
2022-07-23,Sardar Sarovar,2229.065,0.0
2022-07-24,Sardar Sarovar,4442.3,0.0
2022-07-25,Sardar Sarovar,8300.0,0.0
2022-07-26,Sardar Sarovar,8450.0,0.0
2022-07-27,Sardar Sarovar,3033.76,0.0
2022-07-28,Sardar Sarovar,2469.977,0.0
2022-07-29,Sardar Sarovar,2447.812,0.0
2022-07-30,Sardar Sarovar,2410.317,0.0
2022-07-31,Sardar Sarovar,2413.798,0.0
2022-08-01,Sardar Sarovar,2394.326,0.0
2022-08-02,Sardar Sarovar,2307.401,0.0
2022-08-03,Sardar Sarovar,2392.566,0.0
2022-08-04,Sardar Sarovar,2197.804,0.0
2022-08-05,Sardar Sarovar,1597.297,0.0
2022-08-06,Sardar Sarovar,1526.011,0.0
2022-08-07,Sardar Sarovar,1574.417,0.0
2022-08-08,Sardar Sarovar,1278.916,0.0
2022-08-09,Sardar Sarovar,1365.908,187.521
2022-08-10,Sardar Sarovar,2625.043,0.0
2022-08-11,Sardar Sarovar,2634.005,0.0
2022-08-12,Sardar Sarovar,5905.291,151.5
2022-08-13,Sardar Sarovar,4145.023,143.925
2022-08-14,Sardar Sarovar,6402.229,136.35
2022-08-15,Sardar Sarovar,6685.697,128.775
2022-08-16,Sardar Sarovar,8405.0,121.2
2022-08-17,Sardar Sarovar,17200.0,113.625
2022-08-18,Sardar Sarovar,18680.0,106.05
2022-08-19,Sardar Sarovar,9300.0,98.475
2022-08-20,Sardar Sarovar,4730.97,90.9
2022-08-21,Sardar Sarovar,5420.279,83.325
2022-08-22,Sardar Sarovar,5416.15,75.75
2022-08-23,Sardar Sarovar,11480.0,68.175
2022-08-24,Sardar Sarovar,18900.0,60.6
2022-08-25,Sardar Sarovar,13750.0,53.025
2022-08-26,Sardar Sarovar,8920.0,45.45
2022-08-27,Sardar Sarovar,3269.85,37.875
2022-08-28,Sardar Sarovar,3127.297,30.3
2022-08-29,Sardar Sarovar,2623.786,22.725
2022-08-30,Sardar Sarovar,2518.2,15.15
2022-08-31,Sardar Sarovar,2567.172,7.575
2022-09-01,Sardar Sarovar,2190.028,0.0
2022-09-02,Sardar Sarovar,2395.848,0.0
2022-09-03,Sardar Sarovar,2467.474,0.0
2022-09-04,Sardar Sarovar,2452.994,0.0
2022-09-05,Sardar Sarovar,2480.339,0.0
2022-09-06,Sardar Sarovar,2491.852,28.252
2022-09-07,Sardar Sarovar,2493.578,0.0
2022-09-08,Sardar Sarovar,2505.406,0.0
2022-09-09,Sardar Sarovar,2408.428,0.0
2022-09-10,Sardar Sarovar,2254.288,0.0
2022-09-11,Sardar Sarovar,2668.81,0.0
2022-09-12,Sardar Sarovar,2710.431,0.0
2022-09-13,Sardar Sarovar,2776.409,0.0
2022-09-14,Sardar Sarovar,6608.318,0.0
2022-09-15,Sardar Sarovar,6512.127,0.0
2022-09-16,Sardar Sarovar,5690.195,0.0
2022-09-17,Sardar Sarovar,7050.466,0.0
2022-09-18,Sardar Sarovar,8480.0,0.0
2022-09-19,Sardar Sarovar,6329.271,0.0
2022-09-20,Sardar Sarovar,3689.568,0.0
2022-09-21,Sardar Sarovar,2642.969,0.0
2022-09-22,Sardar Sarovar,3275.537,0.0
2022-09-23,Sardar Sarovar,5288.146,0.0
2022-09-24,Sardar Sarovar,6936.54,0.0
2022-09-25,Sardar Sarovar,3929.622,0.0
2022-09-26,Sardar Sarovar,6622.415,0.0
2022-09-27,Sardar Sarovar,3276.35,0.0
2022-09-28,Sardar Sarovar,2430.864,0.0
2022-09-29,Sardar Sarovar,2372.432,0.0
2022-09-30,Sardar Sarovar,2345.715,0.0
2022-10-01,Sardar Sarovar,2070.0,0.0
2022-10-02,Sardar Sarovar,2010.0,58.622
2022-10-03,Sardar Sarovar,2070.0,43.79
2022-10-04,Sardar Sarovar,2060.0,0.0
2022-10-05,Sardar Sarovar,2080.0,0.0
2022-10-06,Sardar Sarovar,2050.0,0.0
2022-10-07,Sardar Sarovar,2240.0,0.0
2022-10-08,Sardar Sarovar,2360.0,0.0
2022-10-09,Sardar Sarovar,2180.0,0.0
2022-10-10,Sardar Sarovar,2340.0,0.0
2022-10-11,Sardar Sarovar,2160.0,188.58
2022-10-12,Sardar Sarovar,2150.0,0.0
2022-10-13,Sardar Sarovar,2150.0,0.0
2022-10-14,Sardar Sarovar,2500.0,0.0
2022-10-15,Sardar Sarovar,1990.0,0.0
2022-10-16,Sardar Sarovar,2040.0,0.0
2022-10-17,Sardar Sarovar,1070.0,0.0
2022-10-18,Sardar Sarovar,1150.0,0.0
2022-10-19,Sardar Sarovar,1440.0,0.0
2022-10-20,Sardar Sarovar,1560.0,0.0
2022-10-21,Sardar Sarovar,888.0,0.0
2022-10-22,Sardar Sarovar,371.0,0.0
2022-10-23,Sardar Sarovar,661.0,0.0
2022-10-24,Sardar Sarovar,470.0,0.0
2022-10-25,Sardar Sarovar,351.0,0.0
2022-10-26,Sardar Sarovar,209.0,0.0
2022-10-27,Sardar Sarovar,233.0,0.0
2022-10-28,Sardar Sarovar,356.0,0.0
2022-10-29,Sardar Sarovar,317.0,0.0
2022-10-30,Sardar Sarovar,250.0,0.0
2022-10-31,Sardar Sarovar,292.0,0.0
2022-11-01,Sardar Sarovar,289.0,0.0
2022-11-02,Sardar Sarovar,169.0,0.0
2022-11-03,Sardar Sarovar,221.0,0.0
2022-11-04,Sardar Sarovar,119.0,0.0
2022-11-05,Sardar Sarovar,696.0,0.0
2022-11-06,Sardar Sarovar,484.0,0.0
2022-11-07,Sardar Sarovar,535.0,0.0
2022-11-08,Sardar Sarovar,448.0,137.727
2022-11-09,Sardar Sarovar,370.0,0.0
2022-11-10,Sardar Sarovar,348.0,0.0
2022-11-11,Sardar Sarovar,223.0,0.0
2022-11-12,Sardar Sarovar,232.0,0.0
2022-11-13,Sardar Sarovar,280.0,4.145
2022-11-14,Sardar Sarovar,53.0,8.29
2022-11-15,Sardar Sarovar,178.0,12.434
2022-11-16,Sardar Sarovar,113.0,16.579
2022-11-17,Sardar Sarovar,94.4,20.724
2022-11-18,Sardar Sarovar,82.1,24.869
2022-11-19,Sardar Sarovar,182.0,29.014
2022-11-20,Sardar Sarovar,290.0,33.159
2022-11-21,Sardar Sarovar,222.0,37.303
2022-11-22,Sardar Sarovar,232.0,41.448
2022-11-23,Sardar Sarovar,353.0,45.593
2022-11-24,Sardar Sarovar,364.0,49.738
2022-11-25,Sardar Sarovar,372.0,53.883
2022-11-26,Sardar Sarovar,220.0,58.028
2022-11-27,Sardar Sarovar,360.0,62.172
2022-11-28,Sardar Sarovar,246.0,66.317
2022-11-29,Sardar Sarovar,288.0,70.462
2022-11-30,Sardar Sarovar,374.0,74.607
2022-12-01,Sardar Sarovar,357.0,78.752
2022-12-02,Sardar Sarovar,311.0,0.0
2022-12-03,Sardar Sarovar,239.0,0.0
2022-12-04,Sardar Sarovar,390.0,0.0
2022-12-05,Sardar Sarovar,247.0,43.437
2022-12-06,Sardar Sarovar,241.0,0.0
2022-12-07,Sardar Sarovar,277.0,0.0
2022-12-08,Sardar Sarovar,187.0,0.0
2022-12-09,Sardar Sarovar,247.0,0.0
2022-12-10,Sardar Sarovar,215.0,0.0
2022-12-11,Sardar Sarovar,310.0,0.0
2022-12-12,Sardar Sarovar,200.0,0.0
2022-12-13,Sardar Sarovar,270.0,0.0
2022-12-14,Sardar Sarovar,234.0,0.0
2022-12-15,Sardar Sarovar,258.0,0.0
2022-12-16,Sardar Sarovar,270.0,0.0
2022-12-17,Sardar Sarovar,366.0,0.0
2022-12-18,Sardar Sarovar,370.0,0.0
2022-12-19,Sardar Sarovar,258.0,0.0
2022-12-20,Sardar Sarovar,237.0,0.0
2022-12-21,Sardar Sarovar,400.0,0.0
2022-12-22,Sardar Sarovar,384.0,0.0
2022-12-23,Sardar Sarovar,380.0,0.0
2022-12-24,Sardar Sarovar,376.0,0.0
2022-12-25,Sardar Sarovar,435.0,0.0
2022-12-26,Sardar Sarovar,363.0,0.0
2022-12-27,Sardar Sarovar,364.0,0.0
2022-12-28,Sardar Sarovar,349.0,0.0
2022-12-29,Sardar Sarovar,451.0,0.0
2022-12-30,Sardar Sarovar,398.0,0.0
2022-12-31,Sardar Sarovar,380.0,0.0
2023-01-01,Sardar Sarovar,460.0,0.0
2023-01-02,Sardar Sarovar,332.0,0.0
2023-01-03,Sardar Sarovar,218.0,0.0
2023-01-04,Sardar Sarovar,443.0,0.0
2023-01-05,Sardar Sarovar,395.0,0.0
2023-01-06,Sardar Sarovar,188.0,28.605
2023-01-07,Sardar Sarovar,419.0,0.0
2023-01-08,Sardar Sarovar,590.0,0.0
2023-01-09,Sardar Sarovar,404.0,0.0
2023-01-10,Sardar Sarovar,436.0,0.0
2023-01-11,Sardar Sarovar,434.0,0.0
2023-01-12,Sardar Sarovar,408.0,0.0
2023-01-13,Sardar Sarovar,347.0,0.0
2023-01-14,Sardar Sarovar,385.0,0.0
2023-01-15,Sardar Sarovar,580.0,0.0
2023-01-16,Sardar Sarovar,338.0,0.0
2023-01-17,Sardar Sarovar,399.0,0.0
2023-01-18,Sardar Sarovar,392.0,0.0
2023-01-19,Sardar Sarovar,446.0,0.0
2023-01-20,Sardar Sarovar,468.0,0.0
2023-01-21,Sardar Sarovar,467.0,0.0
2023-01-22,Sardar Sarovar,580.0,0.0
2023-01-23,Sardar Sarovar,385.0,0.0
2023-01-24,Sardar Sarovar,278.0,0.0
2023-01-25,Sardar Sarovar,222.0,0.0
2023-01-26,Sardar Sarovar,150.0,0.0
2023-01-27,Sardar Sarovar,295.0,0.0
2023-01-28,Sardar Sarovar,305.0,0.0
2023-01-29,Sardar Sarovar,350.0,0.0
2023-01-30,Sardar Sarovar,278.0,0.0
2023-01-31,Sardar Sarovar,131.0,0.0
2023-02-01,Sardar Sarovar,89.2,0.0
2023-02-02,Sardar Sarovar,391.0,112.654
2023-02-03,Sardar Sarovar,140.0,110.182
2023-02-04,Sardar Sarovar,217.0,0.0
2023-02-05,Sardar Sarovar,310.0,0.0
2023-02-06,Sardar Sarovar,435.0,0.0
2023-02-07,Sardar Sarovar,404.0,0.0
2023-02-08,Sardar Sarovar,423.0,0.0
2023-02-09,Sardar Sarovar,629.0,0.0
2023-02-10,Sardar Sarovar,480.0,0.0
2023-02-11,Sardar Sarovar,443.0,200.94
2023-02-12,Sardar Sarovar,720.0,0.0
2023-02-13,Sardar Sarovar,707.0,0.0
2023-02-14,Sardar Sarovar,521.0,0.0
2023-02-15,Sardar Sarovar,1550.0,0.0
2023-02-16,Sardar Sarovar,1700.0,0.0
2023-02-17,Sardar Sarovar,1160.0,0.0
2023-02-18,Sardar Sarovar,1660.0,0.0
2023-02-19,Sardar Sarovar,2015.6,0.0
2023-02-20,Sardar Sarovar,1540.0,0.0
2023-02-21,Sardar Sarovar,722.0,0.0
2023-02-22,Sardar Sarovar,1170.0,0.0
2023-02-23,Sardar Sarovar,1310.0,0.0
2023-02-24,Sardar Sarovar,1280.0,0.0
2023-02-25,Sardar Sarovar,1260.0,0.0
2023-02-26,Sardar Sarovar,1850.0,0.0
2023-02-27,Sardar Sarovar,1030.0,0.0
2023-02-28,Sardar Sarovar,870.0,0.0
2023-03-01,Sardar Sarovar,1230.0,0.0
2023-03-02,Sardar Sarovar,860.0,0.0
2023-03-03,Sardar Sarovar,853.0,0.0
2023-03-04,Sardar Sarovar,542.0,0.0
2023-03-05,Sardar Sarovar,345.0,0.0
2023-03-06,Sardar Sarovar,119.0,0.0
2023-03-07,Sardar Sarovar,34.1,0.0
2023-03-08,Sardar Sarovar,270.0,115.832
2023-03-09,Sardar Sarovar,162.0,0.0
2023-03-10,Sardar Sarovar,120.0,0.0
2023-03-11,Sardar Sarovar,34.1,0.0
2023-03-12,Sardar Sarovar,35.0,0.0
2023-03-13,Sardar Sarovar,204.0,0.0
2023-03-14,Sardar Sarovar,54.9,0.0
2023-03-15,Sardar Sarovar,37.6,0.0
2023-03-16,Sardar Sarovar,26.2,0.0
2023-03-17,Sardar Sarovar,90.2,0.0
2023-03-18,Sardar Sarovar,54.1,0.0
2023-03-19,Sardar Sarovar,80.0,0.0
2023-03-20,Sardar Sarovar,14.3,0.0
2023-03-21,Sardar Sarovar,376.0,0.0
2023-03-22,Sardar Sarovar,426.0,0.0
2023-03-23,Sardar Sarovar,198.0,0.0
2023-03-24,Sardar Sarovar,126.0,0.0
2023-03-25,Sardar Sarovar,184.0,0.0
2023-03-26,Sardar Sarovar,178.0,0.0
2023-03-27,Sardar Sarovar,63.6,0.0
2023-03-28,Sardar Sarovar,10.9,0.0
2023-03-29,Sardar Sarovar,675.0,0.0
2023-03-30,Sardar Sarovar,176.0,0.0
2023-03-31,Sardar Sarovar,226.0,0.0
2023-04-01,Sardar Sarovar,43.1,0.0
2023-04-02,Sardar Sarovar,79.0,0.0
2023-04-03,Sardar Sarovar,158.0,0.0
2023-04-04,Sardar Sarovar,159.5,0.0
2023-04-05,Sardar Sarovar,48.2,35.315
2023-04-06,Sardar Sarovar,57.7,0.0
2023-04-07,Sardar Sarovar,300.0,0.0
2023-04-08,Sardar Sarovar,141.0,0.0
2023-04-09,Sardar Sarovar,180.2,0.0
2023-04-10,Sardar Sarovar,58.9,0.0
2023-04-11,Sardar Sarovar,86.5,0.0
2023-04-12,Sardar Sarovar,78.2,0.0
2023-04-13,Sardar Sarovar,74.7,6.691
2023-04-14,Sardar Sarovar,215.0,13.382
2023-04-15,Sardar Sarovar,165.0,20.074
2023-04-16,Sardar Sarovar,285.0,26.765
2023-04-17,Sardar Sarovar,93.0,33.456
2023-04-18,Sardar Sarovar,158.0,40.147
2023-04-19,Sardar Sarovar,105.0,46.838
2023-04-20,Sardar Sarovar,573.0,53.53
2023-04-21,Sardar Sarovar,96.3,60.221
2023-04-22,Sardar Sarovar,90.0,66.912
2023-04-23,Sardar Sarovar,143.0,73.603
2023-04-24,Sardar Sarovar,29.0,80.294
2023-04-25,Sardar Sarovar,49.6,86.986
2023-04-26,Sardar Sarovar,45.3,93.677
2023-04-27,Sardar Sarovar,21.8,100.368
2023-04-28,Sardar Sarovar,85.6,107.059
2023-04-29,Sardar Sarovar,53.5,113.75
2023-04-30,Sardar Sarovar,152.0,120.442
2023-05-01,Sardar Sarovar,47.1,127.133
2023-05-02,Sardar Sarovar,72.7,0.0
2023-05-03,Sardar Sarovar,77.9,0.0
2023-05-04,Sardar Sarovar,64.3,0.0
2023-05-05,Sardar Sarovar,310.0,0.0
2023-05-06,Sardar Sarovar,332.0,0.0
2023-05-07,Sardar Sarovar,186.0,0.0
2023-05-08,Sardar Sarovar,54.3,0.0
2023-05-09,Sardar Sarovar,77.7,0.0
2023-05-10,Sardar Sarovar,128.0,199.528
2023-05-11,Sardar Sarovar,76.4,0.0
2023-05-12,Sardar Sarovar,178.0,0.0
2023-05-13,Sardar Sarovar,249.0,0.0
2023-05-14,Sardar Sarovar,285.0,0.0
2023-05-15,Sardar Sarovar,138.0,0.0
2023-05-16,Sardar Sarovar,122.0,0.0
2023-05-17,Sardar Sarovar,33.5,0.0
2023-05-18,Sardar Sarovar,5.56,0.0
2023-05-19,Sardar Sarovar,0.81,0.0
2023-05-20,Sardar Sarovar,1.98,0.0
2023-05-21,Sardar Sarovar,670.0,0.0
2023-05-22,Sardar Sarovar,182.0,0.0
2023-05-23,Sardar Sarovar,384.0,0.0
2023-05-24,Sardar Sarovar,495.0,0.0
2023-05-25,Sardar Sarovar,541.0,0.0
2023-05-26,Sardar Sarovar,240.0,0.0
2023-05-27,Sardar Sarovar,222.0,0.0
2023-05-28,Sardar Sarovar,140.0,0.0
2023-05-29,Sardar Sarovar,219.0,0.0
2023-05-30,Sardar Sarovar,200.0,0.0
2023-05-31,Sardar Sarovar,149.0,0.0
2023-06-01,Sardar Sarovar,132.0,0.0
2023-06-02,Sardar Sarovar,109.0,0.0
2023-06-03,Sardar Sarovar,466.0,0.0
2023-06-04,Sardar Sarovar,266.0,63.566
2023-06-05,Sardar Sarovar,204.0,0.0
2023-06-06,Sardar Sarovar,532.0,0.0
2023-06-07,Sardar Sarovar,102.0,58.622
2023-06-08,Sardar Sarovar,424.0,0.0
2023-06-09,Sardar Sarovar,987.0,151.5
2023-06-10,Sardar Sarovar,1260.0,0.0
2023-06-11,Sardar Sarovar,715.0,0.0
2023-06-12,Sardar Sarovar,351.0,0.0
2023-06-13,Sardar Sarovar,387.0,0.0
2023-06-14,Sardar Sarovar,188.0,0.0
2023-06-15,Sardar Sarovar,746.0,0.0
2023-06-16,Sardar Sarovar,1400.0,0.0
2023-06-17,Sardar Sarovar,950.0,0.0
2023-06-18,Sardar Sarovar,460.0,0.0
2023-06-19,Sardar Sarovar,307.0,0.0
2023-06-20,Sardar Sarovar,694.0,0.0
2023-06-21,Sardar Sarovar,966.0,0.0
2023-06-22,Sardar Sarovar,854.0,0.0
2023-06-23,Sardar Sarovar,1310.0,0.0
2023-06-24,Sardar Sarovar,919.0,0.0
2023-06-25,Sardar Sarovar,886.0,0.0
2023-06-26,Sardar Sarovar,674.0,0.0
2023-06-27,Sardar Sarovar,926.0,0.0
2023-06-28,Sardar Sarovar,1180.0,0.0
2023-06-29,Sardar Sarovar,995.0,0.0
2023-06-30,Sardar Sarovar,657.0,0.0
2023-07-01,Sardar Sarovar,762.0,0.0
2023-07-02,Sardar Sarovar,834.0,0.0
2023-07-03,Sardar Sarovar,510.0,0.0
2023-07-04,Sardar Sarovar,1050.0,0.0
2023-07-05,Sardar Sarovar,1190.0,0.0
2023-07-06,Sardar Sarovar,1080.0,0.0
2023-07-07,Sardar Sarovar,462.0,0.0
2023-07-08,Sardar Sarovar,479.0,0.0
2023-07-09,Sardar Sarovar,1200.0,0.0
2023-07-10,Sardar Sarovar,358.0,0.0
2023-07-11,Sardar Sarovar,989.0,0.0
2023-07-12,Sardar Sarovar,1930.0,180.458
2023-07-13,Sardar Sarovar,1970.0,171.435
2023-07-14,Sardar Sarovar,1980.0,162.412
2023-07-15,Sardar Sarovar,1620.0,153.389
2023-07-16,Sardar Sarovar,1150.0,144.366
2023-07-17,Sardar Sarovar,982.0,135.343
2023-07-18,Sardar Sarovar,1140.0,126.321
2023-07-19,Sardar Sarovar,1310.0,117.298
2023-07-20,Sardar Sarovar,2020.0,108.275
2023-07-21,Sardar Sarovar,1330.0,99.252
2023-07-22,Sardar Sarovar,2060.0,90.229
2023-07-23,Sardar Sarovar,2770.0,81.206
2023-07-24,Sardar Sarovar,2040.0,72.183
2023-07-25,Sardar Sarovar,1310.0,63.16
2023-07-26,Sardar Sarovar,2100.0,54.137
2023-07-27,Sardar Sarovar,1310.0,45.114
2023-07-28,Sardar Sarovar,1980.0,36.092
2023-07-29,Sardar Sarovar,1420.0,27.069
2023-07-30,Sardar Sarovar,1370.0,18.046
2023-07-31,Sardar Sarovar,1400.0,9.023
2023-08-01,Sardar Sarovar,1150.0,0.0
2023-08-02,Sardar Sarovar,1610.0,110.182
2023-08-03,Sardar Sarovar,1850.0,0.0
2023-08-04,Sardar Sarovar,1990.0,0.0
2023-08-05,Sardar Sarovar,1930.0,0.0
2023-08-06,Sardar Sarovar,1940.0,28.958
2023-08-07,Sardar Sarovar,1320.0,0.0
2023-08-08,Sardar Sarovar,1950.0,0.0
2023-08-09,Sardar Sarovar,1920.0,0.0
2023-08-10,Sardar Sarovar,1980.0,0.0
2023-08-11,Sardar Sarovar,1800.0,0.0
2023-08-12,Sardar Sarovar,2030.0,0.0
2023-08-13,Sardar Sarovar,2020.0,0.0
2023-08-14,Sardar Sarovar,1990.0,0.0
2023-08-15,Sardar Sarovar,1850.0,0.0
2023-08-16,Sardar Sarovar,1980.0,0.0
2023-08-17,Sardar Sarovar,934.0,0.0
2023-08-18,Sardar Sarovar,1040.0,0.0
2023-08-19,Sardar Sarovar,961.0,0.0
2023-08-20,Sardar Sarovar,1990.0,0.0
2023-08-21,Sardar Sarovar,1970.0,0.0
2023-08-22,Sardar Sarovar,1990.0,0.0
2023-08-23,Sardar Sarovar,2050.0,0.0
2023-08-24,Sardar Sarovar,2040.0,0.0
2023-08-25,Sardar Sarovar,2040.0,0.0
2023-08-26,Sardar Sarovar,2040.0,0.0
2023-08-27,Sardar Sarovar,2020.0,0.0
2023-08-28,Sardar Sarovar,1900.0,0.0
2023-08-29,Sardar Sarovar,1560.0,0.0
2023-08-30,Sardar Sarovar,1730.0,0.0
2023-08-31,Sardar Sarovar,1970.0,0.0
2023-09-01,Sardar Sarovar,2000.0,0.0
2023-09-02,Sardar Sarovar,1050.0,0.0
2023-09-03,Sardar Sarovar,1960.0,101.0
2023-09-04,Sardar Sarovar,1720.0,0.0
2023-09-05,Sardar Sarovar,1940.0,0.0
2023-09-06,Sardar Sarovar,555.0,0.0
2023-09-07,Sardar Sarovar,278.0,0.0
2023-09-08,Sardar Sarovar,559.0,0.0
2023-09-09,Sardar Sarovar,421.0,0.0
2023-09-10,Sardar Sarovar,1400.0,0.0
2023-09-11,Sardar Sarovar,387.0,200.587
2023-09-12,Sardar Sarovar,541.0,0.0
2023-09-13,Sardar Sarovar,468.0,0.0
2023-09-14,Sardar Sarovar,643.0,0.0
2023-09-15,Sardar Sarovar,1500.0,0.0
2023-09-16,Sardar Sarovar,16350.0,0.0
2023-09-17,Sardar Sarovar,52000.0,0.0
2023-09-18,Sardar Sarovar,16050.0,0.0
2023-09-19,Sardar Sarovar,16050.0,0.0
2023-09-20,Sardar Sarovar,4500.0,0.0
2023-09-21,Sardar Sarovar,1140.0,0.0
2023-09-22,Sardar Sarovar,2270.0,0.0
2023-09-23,Sardar Sarovar,2500.0,0.0
2023-09-24,Sardar Sarovar,4400.0,0.0
2023-09-25,Sardar Sarovar,6100.0,0.0
2023-09-26,Sardar Sarovar,5650.0,0.0
2023-09-27,Sardar Sarovar,3410.0,0.0
2023-09-28,Sardar Sarovar,1760.0,0.0
2023-09-29,Sardar Sarovar,1420.0,0.0
2023-09-30,Sardar Sarovar,1280.0,0.0
2023-10-01,Sardar Sarovar,1050.0,0.0
2023-10-02,Sardar Sarovar,940.0,0.0
2023-10-03,Sardar Sarovar,668.0,0.0
2023-10-04,Sardar Sarovar,2030.0,0.0
2023-10-05,Sardar Sarovar,2050.0,0.0
2023-10-06,Sardar Sarovar,1560.0,0.0
2023-10-07,Sardar Sarovar,664.0,0.0
2023-10-08,Sardar Sarovar,1260.0,123.954
2023-10-09,Sardar Sarovar,774.0,0.0
2023-10-10,Sardar Sarovar,812.0,0.0
2023-10-11,Sardar Sarovar,1400.0,0.0
2023-10-12,Sardar Sarovar,1480.0,0.0
2023-10-13,Sardar Sarovar,1450.0,0.0
2023-10-14,Sardar Sarovar,1030.0,0.0
2023-10-15,Sardar Sarovar,1150.0,0.0
2023-10-16,Sardar Sarovar,1570.0,0.0
2023-10-17,Sardar Sarovar,661.0,0.0
2023-10-18,Sardar Sarovar,493.0,0.0
2023-10-19,Sardar Sarovar,1300.0,0.0
2023-10-20,Sardar Sarovar,811.0,0.0
2023-10-21,Sardar Sarovar,685.0,0.0
2023-10-22,Sardar Sarovar,545.0,0.0
2023-10-23,Sardar Sarovar,368.0,0.0
2023-10-24,Sardar Sarovar,500.0,0.0
2023-10-25,Sardar Sarovar,329.0,0.0
2023-10-26,Sardar Sarovar,257.0,0.0
2023-10-27,Sardar Sarovar,480.0,0.0
2023-10-28,Sardar Sarovar,569.0,0.0
2023-10-29,Sardar Sarovar,651.0,0.0
2023-10-30,Sardar Sarovar,192.0,0.0
2023-10-31,Sardar Sarovar,242.0,0.0
2023-11-01,Sardar Sarovar,684.0,0.0
2023-11-02,Sardar Sarovar,326.0,0.0
2023-11-03,Sardar Sarovar,518.0,0.0
2023-11-04,Sardar Sarovar,537.0,0.0
2023-11-05,Sardar Sarovar,635.0,29.664
2023-11-06,Sardar Sarovar,337.0,0.0
2023-11-07,Sardar Sarovar,398.0,0.0
2023-11-08,Sardar Sarovar,639.0,0.0
2023-11-09,Sardar Sarovar,482.0,0.0
2023-11-10,Sardar Sarovar,417.0,0.0
2023-11-11,Sardar Sarovar,304.0,0.0
2023-11-12,Sardar Sarovar,300.0,0.0
2023-11-13,Sardar Sarovar,139.0,6.728
2023-11-14,Sardar Sarovar,147.0,13.457
2023-11-15,Sardar Sarovar,163.0,20.185
2023-11-16,Sardar Sarovar,173.0,26.913
2023-11-17,Sardar Sarovar,300.0,33.642
2023-11-18,Sardar Sarovar,147.0,40.37
2023-11-19,Sardar Sarovar,510.0,47.099
2023-11-20,Sardar Sarovar,384.0,53.827
2023-11-21,Sardar Sarovar,341.0,60.555
2023-11-22,Sardar Sarovar,333.0,67.284
2023-11-23,Sardar Sarovar,507.0,74.012
2023-11-24,Sardar Sarovar,537.0,80.74
2023-11-25,Sardar Sarovar,461.0,87.469
2023-11-26,Sardar Sarovar,410.0,94.197
2023-11-27,Sardar Sarovar,465.0,100.926
2023-11-28,Sardar Sarovar,470.0,107.654
2023-11-29,Sardar Sarovar,108.0,114.382
2023-11-30,Sardar Sarovar,61.6,121.111
2023-12-01,Sardar Sarovar,57.6,127.839
2023-12-02,Sardar Sarovar,48.0,0.0
2023-12-03,Sardar Sarovar,40.0,0.0
2023-12-04,Sardar Sarovar,55.1,0.0
2023-12-05,Sardar Sarovar,61.9,0.0
2023-12-06,Sardar Sarovar,51.9,0.0
2023-12-07,Sardar Sarovar,54.9,0.0
2023-12-08,Sardar Sarovar,140.0,0.0
2023-12-09,Sardar Sarovar,175.0,0.0
2023-12-10,Sardar Sarovar,120.0,198.822
2023-12-11,Sardar Sarovar,42.4,0.0
2023-12-12,Sardar Sarovar,128.0,0.0
2023-12-13,Sardar Sarovar,66.96,0.0
2023-12-14,Sardar Sarovar,69.2,0.0
2023-12-15,Sardar Sarovar,123.0,0.0
2023-12-16,Sardar Sarovar,210.0,0.0
2023-12-17,Sardar Sarovar,339.0,0.0
2023-12-18,Sardar Sarovar,169.0,0.0
2023-12-19,Sardar Sarovar,185.0,0.0
2023-12-20,Sardar Sarovar,202.0,0.0
2023-12-21,Sardar Sarovar,249.0,0.0
2023-12-22,Sardar Sarovar,416.0,0.0
2023-12-23,Sardar Sarovar,568.0,0.0
2023-12-24,Sardar Sarovar,335.0,0.0
2023-12-25,Sardar Sarovar,240.0,0.0
2023-12-26,Sardar Sarovar,222.0,0.0
2023-12-27,Sardar Sarovar,387.0,0.0
2023-12-28,Sardar Sarovar,296.0,0.0
2023-12-29,Sardar Sarovar,383.0,0.0
2023-12-30,Sardar Sarovar,340.0,0.0
2023-12-31,Sardar Sarovar,221.0,0.0
2024-01-01,Sardar Sarovar,316.0,0.0
2024-01-02,Sardar Sarovar,289.0,128.545
2024-01-03,Sardar Sarovar,207.0,0.0
2024-01-04,Sardar Sarovar,378.0,0.0
2024-01-05,Sardar Sarovar,393.0,0.0
2024-01-06,Sardar Sarovar,323.0,0.0
2024-01-07,Sardar Sarovar,204.0,0.0
2024-01-08,Sardar Sarovar,132.0,0.0
2024-01-09,Sardar Sarovar,266.0,0.0
2024-01-10,Sardar Sarovar,135.0,0.0
2024-01-11,Sardar Sarovar,209.0,0.0
2024-01-12,Sardar Sarovar,187.0,0.0
2024-01-13,Sardar Sarovar,219.0,0.0
2024-01-14,Sardar Sarovar,305.0,0.0
2024-01-15,Sardar Sarovar,205.0,0.0
2024-01-16,Sardar Sarovar,229.0,0.0
2024-01-17,Sardar Sarovar,411.0,0.0
2024-01-18,Sardar Sarovar,482.0,0.0
2024-01-19,Sardar Sarovar,366.0,0.0
2024-01-20,Sardar Sarovar,437.0,0.0
2024-01-21,Sardar Sarovar,650.0,0.0
2024-01-22,Sardar Sarovar,1340.0,0.0
2024-01-23,Sardar Sarovar,382.0,0.0
2024-01-24,Sardar Sarovar,407.82,0.0
2024-01-25,Sardar Sarovar,541.68,0.0
2024-01-26,Sardar Sarovar,580.0,0.0
2024-01-27,Sardar Sarovar,407.82,0.0
2024-01-28,Sardar Sarovar,472.0,0.0
2024-01-29,Sardar Sarovar,242.67,0.0
2024-01-30,Sardar Sarovar,305.06,0.0
2024-01-31,Sardar Sarovar,440.36,0.0
2024-02-01,Sardar Sarovar,699.595,0.0
2024-02-02,Sardar Sarovar,505.467,0.0
2024-02-03,Sardar Sarovar,534.475,0.0
2024-02-04,Sardar Sarovar,440.0,0.0
2024-02-05,Sardar Sarovar,507.852,44.496
2024-02-06,Sardar Sarovar,468.368,42.717
2024-02-07,Sardar Sarovar,833.378,40.937
2024-02-08,Sardar Sarovar,982.52,39.157
2024-02-09,Sardar Sarovar,1056.692,37.377
2024-02-10,Sardar Sarovar,1126.75,35.597
2024-02-11,Sardar Sarovar,460.0,33.817
2024-02-12,Sardar Sarovar,423.118,32.037
2024-02-13,Sardar Sarovar,687.757,30.258
2024-02-14,Sardar Sarovar,702.834,28.478
2024-02-15,Sardar Sarovar,627.268,26.698
2024-02-16,Sardar Sarovar,570.157,24.918
2024-02-17,Sardar Sarovar,623.192,23.138
2024-02-18,Sardar Sarovar,472.0,21.358
2024-02-19,Sardar Sarovar,380.922,19.578
2024-02-20,Sardar Sarovar,385.09,17.799
2024-02-21,Sardar Sarovar,388.812,16.019
2024-02-22,Sardar Sarovar,428.73,14.239
2024-02-23,Sardar Sarovar,680.268,12.459
2024-02-24,Sardar Sarovar,625.014,10.679
2024-02-25,Sardar Sarovar,670.0,8.899
2024-02-26,Sardar Sarovar,501.794,7.119
2024-02-27,Sardar Sarovar,435.575,5.34
2024-02-28,Sardar Sarovar,228.434,3.56
2024-02-29,Sardar Sarovar,172.048,1.78
2024-03-01,Sardar Sarovar,289.044,0.0
2024-03-02,Sardar Sarovar,263.354,0.0
2024-03-03,Sardar Sarovar,256.0,0.0
2024-03-04,Sardar Sarovar,178.378,0.0
2024-03-05,Sardar Sarovar,192.174,0.0
2024-03-06,Sardar Sarovar,195.62,5.441
2024-03-07,Sardar Sarovar,228.911,10.882
2024-03-08,Sardar Sarovar,502.0,16.323
2024-03-09,Sardar Sarovar,626.16,21.764
2024-03-10,Sardar Sarovar,470.0,27.205
2024-03-11,Sardar Sarovar,126.309,32.646
2024-03-12,Sardar Sarovar,304.452,38.088
2024-03-13,Sardar Sarovar,320.92,43.529
2024-03-14,Sardar Sarovar,348.518,48.97
2024-03-15,Sardar Sarovar,379.377,54.411
2024-03-16,Sardar Sarovar,316.821,59.852
2024-03-17,Sardar Sarovar,295.0,65.293
2024-03-18,Sardar Sarovar,65.333,70.734
2024-03-19,Sardar Sarovar,204.726,76.175
2024-03-20,Sardar Sarovar,220.829,81.616
2024-03-21,Sardar Sarovar,64.241,87.057
2024-03-22,Sardar Sarovar,275.451,92.498
2024-03-23,Sardar Sarovar,241.006,97.939
2024-03-24,Sardar Sarovar,380.0,103.38
2024-03-25,Sardar Sarovar,300.0,108.821
2024-03-26,Sardar Sarovar,418.416,114.263
2024-03-27,Sardar Sarovar,209.77,119.704
2024-03-28,Sardar Sarovar,268.96,125.145
2024-03-29,Sardar Sarovar,625.0,130.586
2024-03-30,Sardar Sarovar,287.522,136.027
2024-03-31,Sardar Sarovar,472.0,141.468
2024-04-01,Sardar Sarovar,260.331,146.909
2024-04-02,Sardar Sarovar,101.921,0.0
2024-04-03,Sardar Sarovar,98.082,0.0
2024-04-04,Sardar Sarovar,203.777,53.678
2024-04-05,Sardar Sarovar,595.548,0.0
2024-04-06,Sardar Sarovar,279.403,0.0
2024-04-07,Sardar Sarovar,555.0,0.0
2024-04-08,Sardar Sarovar,398.225,0.0
2024-04-09,Sardar Sarovar,422.742,0.0
2024-04-10,Sardar Sarovar,397.315,0.0
2024-04-11,Sardar Sarovar,208.0,0.0
2024-04-12,Sardar Sarovar,365.978,0.0
2024-04-13,Sardar Sarovar,366.31,0.0
2024-04-14,Sardar Sarovar,250.0,0.0
2024-04-15,Sardar Sarovar,157.413,0.0
2024-04-16,Sardar Sarovar,603.783,0.0
2024-04-17,Sardar Sarovar,239.389,0.0
2024-04-18,Sardar Sarovar,276.362,0.0
2024-04-19,Sardar Sarovar,707.24,0.0
2024-04-20,Sardar Sarovar,764.158,0.0
2024-04-21,Sardar Sarovar,850.0,0.0
2024-04-22,Sardar Sarovar,761.798,0.0
2024-04-23,Sardar Sarovar,757.4,0.0
2024-04-24,Sardar Sarovar,767.738,0.0
2024-04-25,Sardar Sarovar,761.723,0.0
2024-04-26,Sardar Sarovar,770.849,0.0
2024-04-27,Sardar Sarovar,816.205,0.0
2024-04-28,Sardar Sarovar,890.0,0.0
2024-04-29,Sardar Sarovar,1007.378,0.0
2024-04-30,Sardar Sarovar,988.917,0.0
2024-05-01,Sardar Sarovar,1186.461,0.0
2024-05-02,Sardar Sarovar,977.183,0.0
2024-05-03,Sardar Sarovar,1017.483,0.0
2024-05-04,Sardar Sarovar,1023.242,0.0
2024-05-05,Sardar Sarovar,990.0,0.0
2024-05-06,Sardar Sarovar,1014.462,0.0
2024-05-07,Sardar Sarovar,755.169,0.0
2024-05-08,Sardar Sarovar,685.383,0.0
2024-05-09,Sardar Sarovar,283.994,0.0
2024-05-10,Sardar Sarovar,680.281,0.0
2024-05-11,Sardar Sarovar,762.325,0.0
2024-05-12,Sardar Sarovar,995.0,0.0
2024-05-13,Sardar Sarovar,860.0,0.0
2024-05-14,Sardar Sarovar,830.996,0.0
2024-05-15,Sardar Sarovar,836.48,0.0
2024-05-16,Sardar Sarovar,842.308,0.0
2024-05-17,Sardar Sarovar,819.55,0.0
2024-05-18,Sardar Sarovar,816.486,0.0
2024-05-19,Sardar Sarovar,860.0,0.0
2024-05-20,Sardar Sarovar,833.352,0.0
2024-05-21,Sardar Sarovar,838.781,0.0
2024-05-22,Sardar Sarovar,881.438,0.0
2024-05-23,Sardar Sarovar,1251.0,0.0
2024-05-24,Sardar Sarovar,926.932,0.0
2024-05-25,Sardar Sarovar,1702.059,0.0
2024-05-26,Sardar Sarovar,1405.0,0.0
2024-05-27,Sardar Sarovar,841.937,0.0
2024-05-28,Sardar Sarovar,813.663,0.0
2024-05-29,Sardar Sarovar,1676.0,0.0
2024-05-30,Sardar Sarovar,1755.178,0.0
2024-05-31,Sardar Sarovar,1834.947,0.0
2024-06-01,Sardar Sarovar,1154.013,0.0
2024-06-02,Sardar Sarovar,1124.789,0.0
2024-06-03,Sardar Sarovar,1531.467,0.0
2024-06-04,Sardar Sarovar,1520.741,0.0
2024-06-05,Sardar Sarovar,623.634,0.0
2024-06-06,Sardar Sarovar,1320.435,0.0
2024-06-07,Sardar Sarovar,762.481,0.0
2024-06-08,Sardar Sarovar,126.89,0.0
2024-06-09,Sardar Sarovar,83.543,0.0
2024-06-10,Sardar Sarovar,46.572,0.0
2024-06-11,Sardar Sarovar,970.403,0.0
2024-06-12,Sardar Sarovar,1231.898,0.0
2024-06-13,Sardar Sarovar,1526.948,0.0
2024-06-14,Sardar Sarovar,1154.753,0.0
2024-06-15,Sardar Sarovar,1716.954,0.0
2024-06-16,Sardar Sarovar,1440.178,0.0
2024-06-17,Sardar Sarovar,1538.341,0.0
2024-06-18,Sardar Sarovar,1524.287,0.0
2024-06-19,Sardar Sarovar,828.076,0.0
2024-06-20,Sardar Sarovar,407.675,0.0
2024-06-21,Sardar Sarovar,146.688,0.0
2024-06-22,Sardar Sarovar,1153.792,0.0
2024-06-23,Sardar Sarovar,1238.587,0.0
2024-06-24,Sardar Sarovar,1621.993,0.0
2024-06-25,Sardar Sarovar,1409.675,0.0
2024-06-26,Sardar Sarovar,1834.253,0.0
2024-06-27,Sardar Sarovar,2055.544,0.0
2024-06-28,Sardar Sarovar,1161.952,0.0
2024-06-29,Sardar Sarovar,527.127,0.0
2024-06-30,Sardar Sarovar,572.948,0.0
2024-07-01,Sardar Sarovar,346.918,0.0
2024-07-02,Sardar Sarovar,305.395,0.0
2024-07-03,Sardar Sarovar,143.889,92.171
2024-07-04,Sardar Sarovar,127.897,0.0
2024-07-05,Sardar Sarovar,435.973,0.0
2024-07-06,Sardar Sarovar,844.951,0.0
2024-07-07,Sardar Sarovar,224.505,0.0
2024-07-08,Sardar Sarovar,100.733,0.0
2024-07-09,Sardar Sarovar,527.516,0.0
2024-07-10,Sardar Sarovar,1127.615,0.0
2024-07-11,Sardar Sarovar,1855.763,0.0
2024-07-12,Sardar Sarovar,885.534,0.0
2024-07-13,Sardar Sarovar,835.051,0.0
2024-07-14,Sardar Sarovar,899.972,0.0
2024-07-15,Sardar Sarovar,1574.585,0.0
2024-07-16,Sardar Sarovar,2416.543,0.0
2024-07-17,Sardar Sarovar,2236.252,0.0
2024-07-18,Sardar Sarovar,2180.958,0.0
2024-07-19,Sardar Sarovar,2025.6,0.0
2024-07-20,Sardar Sarovar,1891.522,0.0
2024-07-21,Sardar Sarovar,1715.75,0.0
2024-07-22,Sardar Sarovar,546.959,0.0
2024-07-23,Sardar Sarovar,520.108,0.0
2024-07-24,Sardar Sarovar,163.75,0.0
2024-07-25,Sardar Sarovar,170.937,0.0
2024-07-26,Sardar Sarovar,820.281,0.0
2024-07-27,Sardar Sarovar,561.774,0.0
2024-07-28,Sardar Sarovar,592.993,0.0
2024-07-29,Sardar Sarovar,931.922,0.0
2024-07-30,Sardar Sarovar,2201.401,0.0
2024-07-31,Sardar Sarovar,2286.79,0.0
2024-08-01,Sardar Sarovar,825.737,0.0
2024-08-02,Sardar Sarovar,1865.008,121.482
2024-08-03,Sardar Sarovar,2558.964,0.0
2024-08-04,Sardar Sarovar,2460.413,0.0
2024-08-05,Sardar Sarovar,2476.026,0.0
2024-08-06,Sardar Sarovar,2413.76,0.0
2024-08-07,Sardar Sarovar,2497.857,0.0
2024-08-08,Sardar Sarovar,4365.013,0.0
2024-08-09,Sardar Sarovar,9995.0,0.0
2024-08-10,Sardar Sarovar,10300.0,0.0
2024-08-11,Sardar Sarovar,7400.0,0.0
2024-08-12,Sardar Sarovar,6850.0,0.0
2024-08-13,Sardar Sarovar,2733.512,0.0
2024-08-14,Sardar Sarovar,2664.679,0.0
2024-08-15,Sardar Sarovar,2580.0,0.0
2024-08-16,Sardar Sarovar,2462.248,0.0
2024-08-17,Sardar Sarovar,2436.873,0.0
2024-08-18,Sardar Sarovar,2408.707,0.0
2024-08-19,Sardar Sarovar,2408.707,0.0
2024-08-20,Sardar Sarovar,2511.752,0.0
2024-08-21,Sardar Sarovar,2572.064,0.0
2024-08-22,Sardar Sarovar,2543.432,0.0
2024-08-23,Sardar Sarovar,2629.119,0.0
2024-08-24,Sardar Sarovar,2778.008,0.0
2024-08-25,Sardar Sarovar,2649.297,0.0
2024-08-26,Sardar Sarovar,5550.0,0.0
2024-08-27,Sardar Sarovar,5410.0,0.0
2024-08-28,Sardar Sarovar,4530.0,0.0
2024-08-29,Sardar Sarovar,5574.0,0.0
2024-08-30,Sardar Sarovar,4626.049,0.0
2024-08-31,Sardar Sarovar,2743.518,0.0
2024-09-01,Sardar Sarovar,2635.834,0.0
2024-09-02,Sardar Sarovar,4179.156,0.0
2024-09-03,Sardar Sarovar,3298.232,0.0
2024-09-04,Sardar Sarovar,5340.0,0.0
2024-09-05,Sardar Sarovar,4411.796,47.322
2024-09-06,Sardar Sarovar,2620.508,45.502
2024-09-07,Sardar Sarovar,2458.048,43.682
2024-09-08,Sardar Sarovar,2438.583,41.861
2024-09-09,Sardar Sarovar,2372.411,40.041
2024-09-10,Sardar Sarovar,2369.404,38.221
2024-09-11,Sardar Sarovar,2656.466,36.401
2024-09-12,Sardar Sarovar,7310.0,34.581
2024-09-13,Sardar Sarovar,9430.0,32.761
2024-09-14,Sardar Sarovar,12245.0,30.941
2024-09-15,Sardar Sarovar,8915.0,29.121
2024-09-16,Sardar Sarovar,2755.014,27.301
2024-09-17,Sardar Sarovar,4640.0,25.481
2024-09-18,Sardar Sarovar,3301.329,23.661
2024-09-19,Sardar Sarovar,2446.7,21.841
2024-09-20,Sardar Sarovar,2378.9,20.021
2024-09-21,Sardar Sarovar,2366.746,18.201
2024-09-22,Sardar Sarovar,2376.031,16.381
2024-09-23,Sardar Sarovar,2699.332,14.561
2024-09-24,Sardar Sarovar,2771.766,12.74
2024-09-25,Sardar Sarovar,2431.785,10.92
2024-09-26,Sardar Sarovar,2460.233,9.1
2024-09-27,Sardar Sarovar,2431.697,7.28
2024-09-28,Sardar Sarovar,2448.446,5.46
2024-09-29,Sardar Sarovar,2324.154,3.64
2024-09-30,Sardar Sarovar,1760.823,1.82
2024-10-01,Sardar Sarovar,2347.229,0.0
2024-10-02,Sardar Sarovar,2023.85,0.0
2024-10-03,Sardar Sarovar,2063.897,0.0
2024-10-04,Sardar Sarovar,1775.24,0.0
2024-10-05,Sardar Sarovar,1705.759,0.0
2024-10-06,Sardar Sarovar,1782.662,5.023
2024-10-07,Sardar Sarovar,974.19,10.045
2024-10-08,Sardar Sarovar,1743.635,15.068
2024-10-09,Sardar Sarovar,1168.529,20.09
2024-10-10,Sardar Sarovar,850.06,25.113
2024-10-11,Sardar Sarovar,481.419,30.135
2024-10-12,Sardar Sarovar,232.41,35.158
2024-10-13,Sardar Sarovar,1644.59,40.18
2024-10-14,Sardar Sarovar,799.591,45.203
2024-10-15,Sardar Sarovar,1246.674,50.225
2024-10-16,Sardar Sarovar,2457.425,55.248
2024-10-17,Sardar Sarovar,1340.846,60.27
2024-10-18,Sardar Sarovar,1384.98,65.293
2024-10-19,Sardar Sarovar,1104.005,70.315
2024-10-20,Sardar Sarovar,911.119,75.338
2024-10-21,Sardar Sarovar,1244.553,80.36
2024-10-22,Sardar Sarovar,1040.167,85.383
2024-10-23,Sardar Sarovar,760.277,90.406
2024-10-24,Sardar Sarovar,342.569,95.428
2024-10-25,Sardar Sarovar,774.11,100.451
2024-10-26,Sardar Sarovar,1356.212,105.473
2024-10-27,Sardar Sarovar,427.716,110.496
2024-10-28,Sardar Sarovar,934.687,115.518
2024-10-29,Sardar Sarovar,736.387,120.541
2024-10-30,Sardar Sarovar,712.861,125.563
2024-10-31,Sardar Sarovar,569.949,130.586
2024-11-01,Sardar Sarovar,281.3,135.608
2024-11-02,Sardar Sarovar,391.858,0.0
2024-11-03,Sardar Sarovar,352.0,0.0
2024-11-04,Sardar Sarovar,248.5,0.0
2024-11-05,Sardar Sarovar,537.288,0.0
2024-11-06,Sardar Sarovar,798.661,0.0
2024-11-07,Sardar Sarovar,559.6,0.0
2024-11-08,Sardar Sarovar,492.131,0.0
2024-11-09,Sardar Sarovar,561.048,0.0
2024-11-10,Sardar Sarovar,620.0,0.0
2024-11-11,Sardar Sarovar,575.891,0.0
2024-11-12,Sardar Sarovar,846.435,0.0
2024-11-13,Sardar Sarovar,544.14,0.0
2024-11-14,Sardar Sarovar,536.328,0.0
2024-11-15,Sardar Sarovar,560.0,0.0
2024-11-16,Sardar Sarovar,544.0,0.0
2024-11-17,Sardar Sarovar,225.0,0.0
2024-11-18,Sardar Sarovar,190.06,0.0
2024-11-19,Sardar Sarovar,437.7,0.0
2024-11-20,Sardar Sarovar,385.6,0.0
2024-11-21,Sardar Sarovar,425.1,0.0
2024-11-22,Sardar Sarovar,574.4,0.0
2024-11-23,Sardar Sarovar,468.7,0.0
2024-11-24,Sardar Sarovar,652.0,0.0
2024-11-25,Sardar Sarovar,447.0,0.0
2024-11-26,Sardar Sarovar,647.292,0.0
2024-11-27,Sardar Sarovar,637.0,0.0
2024-11-28,Sardar Sarovar,648.2,0.0
2024-11-29,Sardar Sarovar,395.7,0.0
2024-11-30,Sardar Sarovar,358.62,0.0
2024-12-01,Sardar Sarovar,322.0,0.0
2024-12-02,Sardar Sarovar,124.6,0.0
2024-12-03,Sardar Sarovar,536.4,0.0
2024-12-04,Sardar Sarovar,384.8,43.084
2024-12-05,Sardar Sarovar,459.219,0.0
2024-12-06,Sardar Sarovar,417.5,0.0
2024-12-07,Sardar Sarovar,437.5,0.0
2024-12-08,Sardar Sarovar,470.0,0.0
2024-12-09,Sardar Sarovar,287.62,0.0
2024-12-10,Sardar Sarovar,242.0,0.0
2024-12-11,Sardar Sarovar,372.0,0.0
2024-12-12,Sardar Sarovar,283.0,0.0
2024-12-13,Sardar Sarovar,433.0,0.0
2024-12-14,Sardar Sarovar,592.0,0.0
2024-12-15,Sardar Sarovar,765.0,0.0
2024-12-16,Sardar Sarovar,294.0,0.0
2024-12-17,Sardar Sarovar,406.0,0.0
2024-12-18,Sardar Sarovar,388.0,0.0
2024-12-19,Sardar Sarovar,471.0,0.0
2024-12-20,Sardar Sarovar,481.0,0.0
2024-12-21,Sardar Sarovar,437.0,0.0
2024-12-22,Sardar Sarovar,730.0,0.0
2024-12-23,Sardar Sarovar,458.0,0.0
2024-12-24,Sardar Sarovar,480.0,0.0
2024-12-25,Sardar Sarovar,690.0,0.0
2024-12-26,Sardar Sarovar,469.0,0.0
2024-12-27,Sardar Sarovar,397.0,0.0
2024-12-28,Sardar Sarovar,196.0,0.0
2024-12-29,Sardar Sarovar,130.0,0.0
2024-12-30,Sardar Sarovar,112.0,0.0
2024-12-31,Sardar Sarovar,239.0,0.0
