Date,Reservoir_Name,Inflow (cusecs/cumecs),Storage (TMC/MCM)
2010-01-01,Srisailam,142.043,232.22
2010-01-02,Srisailam,118.758,232.22
2010-01-03,Srisailam,104.6,231.787
2010-01-04,Srisailam,99.707,231.353
2010-01-05,Srisailam,88.508,230.919
2010-01-06,Srisailam,83.317,230.052
2010-01-07,Srisailam,80.614,229.184
2010-01-08,Srisailam,84.383,228.344
2010-01-09,Srisailam,91.026,227.502
2010-01-10,Srisailam,94.792,225.4
2010-01-11,Srisailam,88.231,222.457
2010-01-12,Srisailam,95.983,220.775
2010-01-13,Srisailam,109.068,218.336
2010-01-14,Srisailam,117.148,219.211
2010-01-15,Srisailam,124.127,219.211
2010-01-16,Srisailam,128.383,219.211
2010-01-17,Srisailam,106.634,217.929
2010-01-18,Srisailam,83.397,217.116
2010-01-19,Srisailam,85.729,216.303
2010-01-20,Srisailam,91.026,215.489
2010-01-21,Srisailam,92.898,214.676
2010-01-22,Srisailam,87.594,213.863
2010-01-23,Srisailam,86.699,222.457
2010-01-24,Srisailam,91.026,227.082
2010-01-25,Srisailam,86.069,225.4
2010-01-26,Srisailam,89.183,223.718
2010-01-27,Srisailam,87.646,222.457
2010-01-28,Srisailam,94.792,221.196
2010-01-29,Srisailam,94.792,220.369
2010-01-30,Srisailam,91.026,218.336
2010-01-31,Srisailam,91.026,217.116
2010-02-01,Srisailam,87.357,199.845
2010-02-02,Srisailam,87.357,198.327
2010-02-03,Srisailam,87.357,196.822
2010-02-04,Srisailam,91.026,194.993
2010-02-05,Srisailam,89.183,192.8
2010-02-06,Srisailam,87.357,190.971
2010-02-07,Srisailam,87.357,189.173
2010-02-08,Srisailam,91.599,186.716
2010-02-09,Srisailam,87.357,185.313
2010-02-10,Srisailam,87.357,183.558
2010-02-11,Srisailam,87.357,181.847
2010-02-12,Srisailam,89.183,180.165
2010-02-13,Srisailam,91.026,177.81
2010-02-14,Srisailam,91.026,175.484
2010-02-15,Srisailam,78.274,173.873
2010-02-16,Srisailam,76.885,172.261
2010-02-17,Srisailam,80.285,170.328
2010-02-18,Srisailam,76.885,167.202
2010-02-19,Srisailam,87.357,162.881
2010-02-20,Srisailam,91.026,159.883
2010-02-21,Srisailam,91.026,157.484
2010-02-22,Srisailam,99.296,155.745
2010-02-23,Srisailam,94.792,153.137
2010-02-24,Srisailam,94.792,151.408
2010-02-25,Srisailam,91.026,149.167
2010-02-26,Srisailam,91.026,146.927
2010-02-27,Srisailam,94.792,143.395
2010-02-28,Srisailam,91.026,142.318
2010-03-01,Srisailam,92.366,140.973
2010-03-02,Srisailam,89.183,137.606
2010-03-03,Srisailam,89.183,135.54
2010-03-04,Srisailam,78.576,133.068
2010-03-05,Srisailam,67.206,130.843
2010-03-06,Srisailam,67.206,128.94
2010-03-07,Srisailam,61.183,127.521
2010-03-08,Srisailam,74.365,125.865
2010-03-09,Srisailam,60.454,120.494
2010-03-10,Srisailam,80.859,117.489
2010-03-11,Srisailam,80.859,115.837
2010-03-12,Srisailam,95.581,113.798
2010-03-13,Srisailam,95.581,112.789
2010-03-14,Srisailam,101.923,111.629
2010-03-15,Srisailam,108.516,110.275
2010-03-16,Srisailam,111.918,109.501
2010-03-17,Srisailam,105.182,108.01
2010-03-18,Srisailam,89.502,106.906
2010-03-19,Srisailam,101.59,105.082
2010-03-20,Srisailam,102.041,102.972
2010-03-21,Srisailam,105.182,100.743
2010-03-22,Srisailam,97.321,99.737
2010-03-23,Srisailam,95.581,97.283
2010-03-24,Srisailam,98.354,95.524
2010-03-25,Srisailam,101.434,92.311
2010-03-26,Srisailam,101.729,90.121
2010-03-27,Srisailam,97.831,88.274
2010-03-28,Srisailam,101.923,86.199
2010-03-29,Srisailam,103.737,83.424
2010-03-30,Srisailam,98.487,82.148
2010-03-31,Srisailam,99.627,80.771
2010-04-01,Srisailam,100.417,79.915
2010-04-02,Srisailam,95.581,79.548
2010-04-03,Srisailam,89.268,78.584
2010-04-04,Srisailam,83.682,76.252
2010-04-05,Srisailam,79.901,75.129
2010-04-06,Srisailam,83.46,73.913
2010-04-07,Srisailam,86.558,72.413
2010-04-08,Srisailam,86.558,70.571
2010-04-09,Srisailam,86.073,67.278
2010-04-10,Srisailam,91.797,68.145
2010-04-11,Srisailam,86.558,67.278
2010-04-12,Srisailam,88.259,66.672
2010-04-13,Srisailam,86.689,66.238
2010-04-14,Srisailam,72.765,65.542
2010-04-15,Srisailam,76.59,64.933
2010-04-16,Srisailam,72.832,64.421
2010-04-17,Srisailam,54.692,63.752
2010-04-18,Srisailam,36.552,62.678
2010-04-19,Srisailam,26.527,62.116
2010-04-20,Srisailam,20.595,61.955
2010-04-21,Srisailam,18.13,61.316
2010-04-22,Srisailam,17.558,60.93
2010-04-23,Srisailam,14.838,60.391
2010-04-24,Srisailam,14.004,60.082
2010-04-25,Srisailam,15.529,59.703
2010-04-26,Srisailam,11.488,59.554
2010-04-27,Srisailam,13.659,59.406
2010-04-28,Srisailam,13.659,58.589
2010-04-29,Srisailam,12.779,57.793
2010-04-30,Srisailam,12.779,57.65
2010-05-01,Srisailam,12.779,57.578
2010-05-02,Srisailam,22.099,57.506
2010-05-03,Srisailam,31.058,57.076
2010-05-04,Srisailam,40.017,56.587
2010-05-05,Srisailam,34.899,56.172
2010-05-06,Srisailam,30.218,55.549
2010-05-07,Srisailam,20.903,54.881
2010-05-08,Srisailam,14.576,53.438
2010-05-09,Srisailam,11.939,51.98
2010-05-10,Srisailam,10.821,51.544
2010-05-11,Srisailam,11.132,50.631
2010-05-12,Srisailam,9.628,49.798
2010-05-13,Srisailam,8.926,49.502
2010-05-14,Srisailam,8.344,49.266
2010-05-15,Srisailam,8.257,49.266
2010-05-16,Srisailam,8.257,49.151
2010-05-17,Srisailam,25.453,49.037
2010-05-18,Srisailam,25.348,48.865
2010-05-19,Srisailam,25.287,48.922
2010-05-20,Srisailam,25.441,48.922
2010-05-21,Srisailam,26.567,49.094
2010-05-22,Srisailam,8.994,49.209
2010-05-23,Srisailam,6.448,49.384
2010-05-24,Srisailam,6.268,49.621
2010-05-25,Srisailam,6.088,49.916
2010-05-26,Srisailam,5.908,50.509
2010-05-27,Srisailam,5.908,50.753
2010-05-28,Srisailam,6.48,51.057
2010-05-29,Srisailam,7.052,51.423
2010-05-30,Srisailam,7.624,51.544
2010-05-31,Srisailam,8.185,51.729
2010-06-01,Srisailam,16.76,50.996
2010-06-02,Srisailam,20.094,50.212
2010-06-03,Srisailam,79.043,49.857
2010-06-04,Srisailam,47.95,49.384
2010-06-05,Srisailam,25.672,49.094
2010-06-06,Srisailam,20.094,48.807
2010-06-07,Srisailam,17.652,48.865
2010-06-08,Srisailam,15.21,48.922
2010-06-09,Srisailam,15.21,48.865
2010-06-10,Srisailam,14.462,48.922
2010-06-11,Srisailam,25.672,48.865
2010-06-12,Srisailam,37.714,48.922
2010-06-13,Srisailam,60.966,48.865
2010-06-14,Srisailam,57.054,49.151
2010-06-15,Srisailam,53.142,49.68
2010-06-16,Srisailam,49.23,50.33
2010-06-17,Srisailam,45.318,50.874
2010-06-18,Srisailam,41.406,51.362
2010-06-19,Srisailam,14.455,51.666
2010-06-20,Srisailam,15.21,52.482
2010-06-21,Srisailam,12.006,52.733
2010-06-22,Srisailam,12.084,52.796
2010-06-23,Srisailam,17.948,52.859
2010-06-24,Srisailam,23.813,53.18
2010-06-25,Srisailam,29.677,53.438
2010-06-26,Srisailam,35.542,53.697
2010-06-27,Srisailam,41.406,54.084
2010-06-28,Srisailam,23.519,53.18
2010-06-29,Srisailam,17.176,51.854
2010-06-30,Srisailam,14.086,52.356
2010-07-01,Srisailam,13.303,55.756
2010-07-02,Srisailam,18.429,56.933
2010-07-03,Srisailam,12.783,58.441
2010-07-04,Srisailam,84.388,59.55
2010-07-05,Srisailam,31.651,59.928
2010-07-06,Srisailam,25.976,60.468
2010-07-07,Srisailam,23.31,61.007
2010-07-08,Srisailam,16.449,62.035
2010-07-09,Srisailam,14.238,63.334
2010-07-10,Srisailam,13.585,64.505
2010-07-11,Srisailam,15.976,66.412
2010-07-12,Srisailam,23.133,67.324
2010-07-13,Srisailam,14.021,68.333
2010-07-14,Srisailam,14.119,68.911
2010-07-15,Srisailam,14.216,69.2
2010-07-16,Srisailam,14.314,69.682
2010-07-17,Srisailam,20.316,70.368
2010-07-18,Srisailam,25.672,70.775
2010-07-19,Srisailam,31.174,106.508
2010-07-20,Srisailam,31.432,71.995
2010-07-21,Srisailam,19.59,72.413
2010-07-22,Srisailam,13.683,74.128
2010-07-23,Srisailam,16.036,75.578
2010-07-24,Srisailam,18.39,77.293
2010-07-25,Srisailam,16.76,79.548
2010-07-26,Srisailam,12.235,81.016
2010-07-27,Srisailam,11.142,82.021
2010-07-28,Srisailam,12.328,82.914
2010-07-29,Srisailam,11.749,85.133
2010-07-30,Srisailam,5760.787,90.121
2010-07-31,Srisailam,8097.146,98.243
2010-08-01,Srisailam,4747.441,127.284
2010-08-02,Srisailam,4287.874,148.887
2010-08-03,Srisailam,3828.307,164.411
2010-08-04,Srisailam,2807.928,176.13
2010-08-05,Srisailam,2730.276,185.313
2010-08-06,Srisailam,3699.295,192.799
2010-08-07,Srisailam,3097.134,199.845
2010-08-08,Srisailam,1142.44,207.533
2010-08-09,Srisailam,1126.871,208.712
2010-08-10,Srisailam,1093.674,206.747
2010-08-11,Srisailam,621.252,204.402
2010-08-12,Srisailam,464.668,202.124
2010-08-13,Srisailam,308.085,198.326
2010-08-14,Srisailam,151.502,195.725
2010-08-15,Srisailam,307.068,193.896
2010-08-16,Srisailam,317.812,193.531
2010-08-17,Srisailam,328.555,192.434
2010-08-18,Srisailam,259.82,196.456
2010-08-19,Srisailam,268.427,198.706
2010-08-20,Srisailam,263.482,197.567
2010-08-21,Srisailam,260.085,197.567
2010-08-22,Srisailam,300.107,197.567
2010-08-23,Srisailam,1314.095,201.744
2010-08-24,Srisailam,990.312,208.354
2010-08-25,Srisailam,864.461,225.821
2010-08-26,Srisailam,1476.455,245.007
2010-08-27,Srisailam,1654.302,249.092
2010-08-28,Srisailam,1337.047,249.552
2010-08-29,Srisailam,930.214,254.149
2010-08-30,Srisailam,602.928,259.745
2010-08-31,Srisailam,275.643,259.276
2010-09-01,Srisailam,272.082,260.685
2010-09-02,Srisailam,1284.884,260.215
2010-09-03,Srisailam,2649.1,260.215
2010-09-04,Srisailam,3050.846,260.215
2010-09-05,Srisailam,1191.417,259.745
2010-09-06,Srisailam,1347.047,259.745
2010-09-07,Srisailam,2868.273,260.215
2010-09-08,Srisailam,1184.358,260.685
2010-09-09,Srisailam,1463.518,259.745
2010-09-10,Srisailam,2249.83,261.262
2010-09-11,Srisailam,1559.008,260.685
2010-09-12,Srisailam,2077.985,260.685
2010-09-13,Srisailam,2237.662,259.745
2010-09-14,Srisailam,1127.964,260.685
2010-09-15,Srisailam,289.016,259.745
2010-09-16,Srisailam,242.562,258.806
2010-09-17,Srisailam,237.023,258.335
2010-09-18,Srisailam,238.008,258.335
2010-09-19,Srisailam,269.817,258.806
2010-09-20,Srisailam,337.074,259.745
2010-09-21,Srisailam,817.419,259.745
2010-09-22,Srisailam,556.648,259.745
2010-09-23,Srisailam,274.648,258.806
2010-09-24,Srisailam,166.75,257.867
2010-09-25,Srisailam,291.599,256.927
2010-09-26,Srisailam,524.738,256.927
2010-09-27,Srisailam,923.89,258.806
2010-09-28,Srisailam,876.703,259.276
2010-09-29,Srisailam,1269.726,258.806
2010-09-30,Srisailam,868.219,258.806
2010-10-01,Srisailam,356.278,258.335
2010-10-02,Srisailam,1860.174,256.927
2010-10-03,Srisailam,1591.988,260.685
2010-10-04,Srisailam,593.937,259.745
2010-10-05,Srisailam,178.148,260.685
2010-10-06,Srisailam,1473.828,258.806
2010-10-07,Srisailam,2026.662,260.685
2010-10-08,Srisailam,1576.293,260.215
2010-10-09,Srisailam,571.595,260.685
2010-10-10,Srisailam,648.549,259.276
2010-10-11,Srisailam,451.386,259.276
2010-10-12,Srisailam,254.222,255.988
2010-10-13,Srisailam,164.451,255.988
2010-10-14,Srisailam,161.212,254.609
2010-10-15,Srisailam,162.574,253.689
2010-10-16,Srisailam,161.353,252.307
2010-10-17,Srisailam,178.012,252.307
2010-10-18,Srisailam,158.836,253.23
2010-10-19,Srisailam,205.63,255.528
2010-10-20,Srisailam,234.882,254.149
2010-10-21,Srisailam,162.536,252.77
2010-10-22,Srisailam,177.439,252.77
2010-10-23,Srisailam,569.859,254.609
2010-10-24,Srisailam,457.909,255.528
2010-10-25,Srisailam,297.007,259.276
2010-10-26,Srisailam,714.773,259.276
2010-10-27,Srisailam,454.919,258.336
2010-10-28,Srisailam,195.065,258.806
2010-10-29,Srisailam,233.506,257.867
2010-10-30,Srisailam,294.328,258.806
2010-10-31,Srisailam,269.817,259.276
2010-11-01,Srisailam,222.558,259.276
2010-11-02,Srisailam,203.672,258.806
2010-11-03,Srisailam,218.104,258.806
2010-11-04,Srisailam,256.368,258.806
2010-11-05,Srisailam,162.478,258.806
2010-11-06,Srisailam,107.126,260.215
2010-11-07,Srisailam,99.509,259.276
2010-11-08,Srisailam,89.91,260.215
2010-11-09,Srisailam,89.91,258.806
2010-11-10,Srisailam,129.04,258.336
2010-11-11,Srisailam,574.925,259.745
2010-11-12,Srisailam,222.976,259.276
2010-11-13,Srisailam,97.547,259.745
2010-11-14,Srisailam,75.576,258.806
2010-11-15,Srisailam,99.426,259.276
2010-11-16,Srisailam,124.876,258.806
2010-11-17,Srisailam,111.685,257.397
2010-11-18,Srisailam,101.253,257.867
2010-11-19,Srisailam,98.477,258.336
2010-11-20,Srisailam,119.916,259.745
2010-11-21,Srisailam,283.08,259.745
2010-11-22,Srisailam,176.184,259.745
2010-11-23,Srisailam,169.604,259.276
2010-11-24,Srisailam,99.509,259.745
2010-11-25,Srisailam,91.854,258.806
2010-11-26,Srisailam,84.199,257.867
2010-11-27,Srisailam,76.544,257.867
2010-11-28,Srisailam,68.889,257.397
2010-11-29,Srisailam,68.076,256.927
2010-11-30,Srisailam,67.264,256.927
2010-12-01,Srisailam,67.761,257.397
2010-12-02,Srisailam,68.258,258.806
2010-12-03,Srisailam,68.755,259.276
2010-12-04,Srisailam,65.763,259.745
2010-12-05,Srisailam,59.44,260.215
2010-12-06,Srisailam,59.44,260.685
2010-12-07,Srisailam,59.44,259.745
2010-12-08,Srisailam,59.44,259.745
2010-12-09,Srisailam,62.512,258.806
2010-12-10,Srisailam,62.512,258.806
2010-12-11,Srisailam,64.073,259.745
2010-12-12,Srisailam,64.073,259.276
2010-12-13,Srisailam,59.44,258.336
2010-12-14,Srisailam,54.983,258.336
2010-12-15,Srisailam,54.983,257.867
2010-12-16,Srisailam,56.45,256.458
2010-12-17,Srisailam,59.44,255.528
2010-12-18,Srisailam,60.966,254.149
2010-12-19,Srisailam,59.44,253.23
2010-12-20,Srisailam,57.937,252.77
2010-12-21,Srisailam,56.45,252.31
2010-12-22,Srisailam,59.44,251.85
2010-12-23,Srisailam,60.966,250.471
2010-12-24,Srisailam,64.073,249.092
2010-12-25,Srisailam,65.658,248.632
2010-12-26,Srisailam,67.264,248.632
2010-12-27,Srisailam,67.264,248.172
2010-12-28,Srisailam,67.264,245.9
2010-12-29,Srisailam,68.889,245.007
2010-12-30,Srisailam,67.264,243.667
2010-12-31,Srisailam,67.264,243.22
2011-01-01,Srisailam,71.012,241.88
2011-01-02,Srisailam,62.512,241.433
2011-01-03,Srisailam,68.16,241.88
2011-01-04,Srisailam,66.978,240.987
2011-01-05,Srisailam,67.941,239.2
2011-01-06,Srisailam,68.229,237.86
2011-01-07,Srisailam,70.083,236.992
2011-01-08,Srisailam,62.512,235.691
2011-01-09,Srisailam,62.512,234.39
2011-01-10,Srisailam,69.667,233.522
2011-01-11,Srisailam,71.263,232.221
2011-01-12,Srisailam,67.25,230.919
2011-01-13,Srisailam,60.629,229.618
2011-01-14,Srisailam,62.512,227.923
2011-01-15,Srisailam,70.613,226.662
2011-01-16,Srisailam,67.264,226.662
2011-01-17,Srisailam,72.614,226.241
2011-01-18,Srisailam,72.492,226.241
2011-01-19,Srisailam,71.55,225.4
2011-01-20,Srisailam,73.27,224.139
2011-01-21,Srisailam,73.77,223.298
2011-01-22,Srisailam,72.344,222.037
2011-01-23,Srisailam,65.658,220.775
2011-01-24,Srisailam,68.994,219.962
2011-01-25,Srisailam,68.218,218.742
2011-01-26,Srisailam,67.264,215.896
2011-01-27,Srisailam,69.756,215.083
2011-01-28,Srisailam,68.397,213.456
2011-01-29,Srisailam,68.889,212.643
2011-01-30,Srisailam,68.889,212.25
2011-01-31,Srisailam,74.423,211.071
2011-02-01,Srisailam,74.951,209.891
2011-02-02,Srisailam,74.143,208.712
2011-02-03,Srisailam,74.264,207.14
2011-02-04,Srisailam,74.553,205.568
2011-02-05,Srisailam,75.77,202.883
2011-02-06,Srisailam,70.528,200.225
2011-02-07,Srisailam,78.652,198.706
2011-02-08,Srisailam,81.617,197.947
2011-02-09,Srisailam,83.277,197.187
2011-02-10,Srisailam,82.384,195.725
2011-02-11,Srisailam,83.528,194.262
2011-02-12,Srisailam,75.576,193.165
2011-02-13,Srisailam,80.801,192.068
2011-02-14,Srisailam,84.339,191.703
2011-02-15,Srisailam,81.005,190.24
2011-02-16,Srisailam,77.3,189.523
2011-02-17,Srisailam,83.167,188.822
2011-02-18,Srisailam,82.646,187.418
2011-02-19,Srisailam,87.885,184.26
2011-02-20,Srisailam,86.205,180.222
2011-02-21,Srisailam,87.562,179.829
2011-02-22,Srisailam,89.048,179.156
2011-02-23,Srisailam,88.966,179.156
2011-02-24,Srisailam,88.462,178.147
2011-02-25,Srisailam,84.182,177.474
2011-02-26,Srisailam,75.576,176.801
2011-02-27,Srisailam,77.3,176.465
2011-02-28,Srisailam,81.333,175.484
2011-03-01,Srisailam,78.833,185.96
2011-03-02,Srisailam,74.15,174.839
2011-03-03,Srisailam,71.454,173.55
2011-03-04,Srisailam,68.564,171.617
2011-03-05,Srisailam,69.32,170.65
2011-03-06,Srisailam,62.512,170.005
2011-03-07,Srisailam,65.454,168.443
2011-03-08,Srisailam,61.664,167.202
2011-03-09,Srisailam,59.782,161.082
2011-03-10,Srisailam,57.937,155.745
2011-03-11,Srisailam,54.983,151.128
2011-03-12,Srisailam,52.112,148.607
2011-03-13,Srisailam,52.112,145.548
2011-03-14,Srisailam,69.514,144.741
2011-03-15,Srisailam,63.366,143.664
2011-03-16,Srisailam,65.393,141.78
2011-03-17,Srisailam,64.756,139.671
2011-03-18,Srisailam,65.081,134.057
2011-03-19,Srisailam,65.584,132.079
2011-03-20,Srisailam,52.112,126.811
2011-03-21,Srisailam,54.728,125.865
2011-03-22,Srisailam,55.072,123.157
2011-03-23,Srisailam,55.787,119.635
2011-03-24,Srisailam,52.112,115.429
2011-03-25,Srisailam,52.112,111.049
2011-03-26,Srisailam,50.704,108.01
2011-03-27,Srisailam,50.704,105.802
2011-03-28,Srisailam,54.123,104.379
2011-03-29,Srisailam,53.889,102.269
2011-03-30,Srisailam,54.108,99.233
2011-03-31,Srisailam,53.982,95.525
2011-04-01,Srisailam,51.048,91.873
2011-04-02,Srisailam,48.898,87.297
2011-04-03,Srisailam,43.964,82.914
2011-04-04,Srisailam,43.964,82.276
2011-04-05,Srisailam,47.368,79.915
2011-04-06,Srisailam,46.092,77.059
2011-04-07,Srisailam,45.001,74.791
2011-04-08,Srisailam,41.406,73.27
2011-04-09,Srisailam,42.674,70.265
2011-04-10,Srisailam,41.406,67.507
2011-04-11,Srisailam,44.726,64.17
2011-04-12,Srisailam,44.195,61.714
2011-04-13,Srisailam,44.436,59.109
2011-04-14,Srisailam,47.95,58.152
2011-04-15,Srisailam,49.669,57.65
2011-04-16,Srisailam,47.95,57.578
2011-04-17,Srisailam,46.601,57.291
2011-04-18,Srisailam,43.964,57.005
2011-04-19,Srisailam,38.923,56.864
2011-04-20,Srisailam,29.779,56.795
2011-04-21,Srisailam,113.786,56.933
2011-04-22,Srisailam,86.205,56.933
2011-04-23,Srisailam,68.889,56.933
2011-04-24,Srisailam,43.964,57.076
2011-04-25,Srisailam,34.197,57.506
2011-04-26,Srisailam,28.723,57.937
2011-04-27,Srisailam,23.737,58.441
2011-04-28,Srisailam,19.231,58.812
2011-04-29,Srisailam,17.565,59.109
2011-04-30,Srisailam,17.565,59.406
2011-05-01,Srisailam,16.76,59.703
2011-05-02,Srisailam,15.21,59.852
2011-05-03,Srisailam,15.976,59.852
2011-05-04,Srisailam,17.565,59.852
2011-05-05,Srisailam,17.565,59.703
2011-05-06,Srisailam,15.976,58.664
2011-05-07,Srisailam,14.462,57.364
2011-05-08,Srisailam,12.336,56.34
2011-05-09,Srisailam,11.993,56.864
2011-05-10,Srisailam,11.618,56.34
2011-05-11,Srisailam,12.383,57.148
2011-05-12,Srisailam,12.914,57.22
2011-05-13,Srisailam,12.556,57.292
2011-05-14,Srisailam,11.452,57.364
2011-05-15,Srisailam,10.382,57.22
2011-05-16,Srisailam,11.315,57.435
2011-05-17,Srisailam,15.21,57.435
2011-05-18,Srisailam,18.371,57.435
2011-05-19,Srisailam,21.532,56.795
2011-05-20,Srisailam,24.693,56.657
2011-05-21,Srisailam,29.779,56.726
2011-05-22,Srisailam,15.976,56.726
2011-05-23,Srisailam,14.499,56.795
2011-05-24,Srisailam,13.021,56.518
2011-05-25,Srisailam,11.543,55.965
2011-05-26,Srisailam,10.583,55.826
2011-05-27,Srisailam,14.967,56.034
2011-05-28,Srisailam,19.352,56.103
2011-05-29,Srisailam,23.737,56.172
2011-05-30,Srisailam,23.737,56.172
2011-05-31,Srisailam,34.126,56.241
2011-06-01,Srisailam,44.516,56.172
2011-06-02,Srisailam,45.797,55.964
2011-06-03,Srisailam,52.455,55.826
2011-06-04,Srisailam,61.003,55.415
2011-06-05,Srisailam,42.006,56.102
2011-06-06,Srisailam,27.374,57.22
2011-06-07,Srisailam,27.374,57.076
2011-06-08,Srisailam,27.374,57.076
2011-06-09,Srisailam,21.618,56.725
2011-06-10,Srisailam,18.137,56.379
2011-06-11,Srisailam,18.137,56.518
2011-06-12,Srisailam,16.505,56.31
2011-06-13,Srisailam,17.986,56.379
2011-06-14,Srisailam,14.919,56.379
2011-06-15,Srisailam,12.642,57.22
2011-06-16,Srisailam,11.621,58.812
2011-06-17,Srisailam,21.34,60.005
2011-06-18,Srisailam,18.096,58.589
2011-06-19,Srisailam,17.312,57.793
2011-06-20,Srisailam,13.037,57.005
2011-06-21,Srisailam,12.797,55.687
2011-06-22,Srisailam,12.557,54.547
2011-06-23,Srisailam,10.442,53.244
2011-06-24,Srisailam,8.326,52.608
2011-06-25,Srisailam,6.211,52.482
2011-06-26,Srisailam,7.135,52.482
2011-06-27,Srisailam,5.64,52.482
2011-06-28,Srisailam,5.349,52.677
2011-06-29,Srisailam,4.711,52.677
2011-06-30,Srisailam,5.233,52.231
2011-07-01,Srisailam,44.744,51.605
2011-07-02,Srisailam,56.472,51.483
2011-07-03,Srisailam,39.565,51.423
2011-07-04,Srisailam,22.836,51.423
2011-07-05,Srisailam,22.108,51.544
2011-07-06,Srisailam,19.951,51.544
2011-07-07,Srisailam,20.124,51.544
2011-07-08,Srisailam,21.858,51.666
2011-07-09,Srisailam,23.592,51.544
2011-07-10,Srisailam,22.533,51.483
2011-07-11,Srisailam,17.916,51.423
2011-07-12,Srisailam,10.878,51.483
2011-07-13,Srisailam,9.956,51.666
2011-07-14,Srisailam,9.812,51.792
2011-07-15,Srisailam,10.18,52.043
2011-07-16,Srisailam,9.037,51.854
2011-07-17,Srisailam,10.063,52.865
2011-07-18,Srisailam,9.331,51.362
2011-07-19,Srisailam,8.6,50.935
2011-07-20,Srisailam,7.869,50.692
2011-07-21,Srisailam,5009.022,50.33
2011-07-22,Srisailam,4965.578,55.549
2011-07-23,Srisailam,4811.472,79.216
2011-07-24,Srisailam,4181.056,95.365
2011-07-25,Srisailam,3187.937,108.378
2011-07-26,Srisailam,4201.188,121.374
2011-07-27,Srisailam,3479.941,133.561
2011-07-28,Srisailam,3762.028,143.932
2011-07-29,Srisailam,1182.762,143.932
2011-07-30,Srisailam,887.339,152.275
2011-07-31,Srisailam,1252.445,156.032
2011-08-01,Srisailam,781.122,160.18
2011-08-02,Srisailam,1159.099,161.979
2011-08-03,Srisailam,1209.074,164.718
2011-08-04,Srisailam,1622.766,167.198
2011-08-05,Srisailam,1663.552,168.441
2011-08-06,Srisailam,1889.704,170.972
2011-08-07,Srisailam,2516.626,179.156
2011-08-08,Srisailam,2642.31,180.527
2011-08-09,Srisailam,2631.929,188.471
2011-08-10,Srisailam,2361.976,197.187
2011-08-11,Srisailam,1348.656,204.022
2011-08-12,Srisailam,627.629,206.747
2011-08-13,Srisailam,634.108,206.354
2011-08-14,Srisailam,739.017,205.961
2011-08-15,Srisailam,1053.355,204.782
2011-08-16,Srisailam,1525.91,205.568
2011-08-17,Srisailam,1968.459,207.533
2011-08-18,Srisailam,2082.847,210.677
2011-08-19,Srisailam,1679.812,218.742
2011-08-20,Srisailam,1275.79,222.878
2011-08-21,Srisailam,1314.189,229.618
2011-08-22,Srisailam,424.39,236.992
2011-08-23,Srisailam,329.595,239.2
2011-08-24,Srisailam,789.683,240.987
2011-08-25,Srisailam,1130.089,239.647
2011-08-26,Srisailam,354.237,243.22
2011-08-27,Srisailam,291.477,241.88
2011-08-28,Srisailam,264.771,241.88
2011-08-29,Srisailam,775.005,238.307
2011-08-30,Srisailam,4336.844,235.257
2011-08-31,Srisailam,4497.328,232.689
2011-09-01,Srisailam,4524.689,241.88
2011-09-02,Srisailam,4637.611,252.31
2011-09-03,Srisailam,4253.219,257.397
2011-09-04,Srisailam,5838.222,257.867
2011-09-05,Srisailam,7727.936,254.609
2011-09-06,Srisailam,7428.839,254.609
2011-09-07,Srisailam,7129.742,258.336
2011-09-08,Srisailam,8469.635,256.927
2011-09-09,Srisailam,7486.467,255.069
2011-09-10,Srisailam,2723.803,257.867
2011-09-11,Srisailam,4054.774,258.336
2011-09-12,Srisailam,3408.619,257.867
2011-09-13,Srisailam,925.78,256.458
2011-09-14,Srisailam,318.856,256.927
2011-09-15,Srisailam,310.492,256.458
2011-09-16,Srisailam,320.943,255.528
2011-09-17,Srisailam,314.079,253.23
2011-09-18,Srisailam,458.401,250.471
2011-09-19,Srisailam,314.152,248.172
2011-09-20,Srisailam,289.695,246.347
2011-09-21,Srisailam,257.803,245.9
2011-09-22,Srisailam,261.117,244.113
2011-09-23,Srisailam,250.877,242.327
2011-09-24,Srisailam,236.245,240.987
2011-09-25,Srisailam,186.766,240.093
2011-09-26,Srisailam,89.363,238.753
2011-09-27,Srisailam,66.011,237.182
2011-09-28,Srisailam,61.077,232.864
2011-09-29,Srisailam,59.19,229.618
2011-09-30,Srisailam,62.141,227.923
2011-10-01,Srisailam,68.259,224.559
2011-10-02,Srisailam,65.601,220.775
2011-10-03,Srisailam,69.866,217.929
2011-10-04,Srisailam,119.831,214.269
2011-10-05,Srisailam,118.45,213.049
2011-10-06,Srisailam,92.79,211.464
2011-10-07,Srisailam,74.637,207.533
2011-10-08,Srisailam,62.603,204.022
2011-10-09,Srisailam,62.141,202.503
2011-10-10,Srisailam,56.372,201.744
2011-10-11,Srisailam,56.687,199.845
2011-10-12,Srisailam,60.738,198.706
2011-10-13,Srisailam,77.78,197.947
2011-10-14,Srisailam,131.904,196.822
2011-10-15,Srisailam,99.939,195.725
2011-10-16,Srisailam,89.433,193.165
2011-10-17,Srisailam,78.24,192.068
2011-10-18,Srisailam,76.417,190.24
2011-10-19,Srisailam,75.597,186.716
2011-10-20,Srisailam,71.125,184.611
2011-10-21,Srisailam,62.69,182.52
2011-10-22,Srisailam,76.726,180.165
2011-10-23,Srisailam,75.893,178.82
2011-10-24,Srisailam,70.152,177.81
2011-10-25,Srisailam,63.279,175.806
2011-10-26,Srisailam,62.141,174.839
2011-10-27,Srisailam,58.369,174.839
2011-10-28,Srisailam,72.481,175.484
2011-10-29,Srisailam,84.546,176.128
2011-10-30,Srisailam,87.751,176.465
2011-10-31,Srisailam,79.75,176.801
2011-11-01,Srisailam,75.241,177.138
2011-11-02,Srisailam,70.732,176.128
2011-11-03,Srisailam,70.243,176.128
2011-11-04,Srisailam,58.633,176.128
2011-11-05,Srisailam,59.066,176.128
2011-11-06,Srisailam,70.763,176.465
2011-11-07,Srisailam,56.919,176.801
2011-11-08,Srisailam,54.45,177.474
2011-11-09,Srisailam,54.993,177.474
2011-11-10,Srisailam,58.664,176.465
2011-11-11,Srisailam,58.768,174.839
2011-11-12,Srisailam,67.753,172.906
2011-11-13,Srisailam,70.763,171.939
2011-11-14,Srisailam,71.832,170.65
2011-11-15,Srisailam,70.614,168.753
2011-11-16,Srisailam,76.256,166.578
2011-11-17,Srisailam,77.517,165.958
2011-11-18,Srisailam,77.047,165.648
2011-11-19,Srisailam,76.408,165.028
2011-11-20,Srisailam,75.893,164.413
2011-11-21,Srisailam,79.73,164.108
2011-11-22,Srisailam,82.358,163.498
2011-11-23,Srisailam,81.188,162.888
2011-11-24,Srisailam,83.281,162.583
2011-11-25,Srisailam,79.114,162.278
2011-11-26,Srisailam,73.715,161.679
2011-11-27,Srisailam,74.186,161.379
2011-11-28,Srisailam,79.194,161.679
2011-11-29,Srisailam,78.408,161.379
2011-11-30,Srisailam,75.851,161.679
2011-12-01,Srisailam,70.806,161.379
2011-12-02,Srisailam,57.145,161.079
2011-12-03,Srisailam,51.387,160.479
2011-12-04,Srisailam,44.563,159.88
2011-12-05,Srisailam,54.788,159.58
2011-12-06,Srisailam,55.169,158.98
2011-12-07,Srisailam,52.642,158.381
2011-12-08,Srisailam,54.407,158.08
2011-12-09,Srisailam,55.171,157.781
2011-12-10,Srisailam,52.358,157.481
2011-12-11,Srisailam,51.655,156.611
2011-12-12,Srisailam,49.29,156.322
2011-12-13,Srisailam,47.685,155.742
2011-12-14,Srisailam,48.021,154.873
2011-12-15,Srisailam,46.17,154.838
2011-12-16,Srisailam,46.464,154.004
2011-12-17,Srisailam,46.763,153.714
2011-12-18,Srisailam,46.345,153.424
2011-12-19,Srisailam,48.675,153.134
2011-12-20,Srisailam,51.005,152.845
2011-12-21,Srisailam,48.598,151.705
2011-12-22,Srisailam,46.19,151.135
2011-12-23,Srisailam,46.242,150.285
2011-12-24,Srisailam,46.293,149.445
2011-12-25,Srisailam,46.345,148.885
2011-12-26,Srisailam,46.958,148.325
2011-12-27,Srisailam,44.067,147.485
2011-12-28,Srisailam,43.579,146.925
2011-12-29,Srisailam,45.357,146.365
2011-12-30,Srisailam,47.135,145.816
2011-12-31,Srisailam,46.255,145.008
2012-01-01,Srisailam,48.12,144.739
2012-01-02,Srisailam,46.788,144.47
2012-01-03,Srisailam,45.565,144.47
2012-01-04,Srisailam,40.249,144.201
2012-01-05,Srisailam,36.682,144.201
2012-01-06,Srisailam,46.018,143.662
2012-01-07,Srisailam,45.704,142.855
2012-01-08,Srisailam,41.989,142.317
2012-01-09,Srisailam,45.15,142.048
2012-01-10,Srisailam,45.884,141.515
2012-01-11,Srisailam,48.791,141.251
2012-01-12,Srisailam,51.055,140.988
2012-01-13,Srisailam,52.866,140.46
2012-01-14,Srisailam,51.604,139.669
2012-01-15,Srisailam,46.278,138.637
2012-01-16,Srisailam,49.33,137.346
2012-01-17,Srisailam,50.982,136.055
2012-01-18,Srisailam,53.79,135.045
2012-01-19,Srisailam,54.049,133.067
2012-01-20,Srisailam,55.992,129.412
2012-01-21,Srisailam,55.602,128.23
2012-01-22,Srisailam,55.521,127.284
2012-01-23,Srisailam,52.389,126.338
2012-01-24,Srisailam,50.042,125.413
2012-01-25,Srisailam,54.769,124.511
2012-01-26,Srisailam,55.521,123.383
2012-01-27,Srisailam,55.097,122.48
2012-01-28,Srisailam,55.917,121.594
2012-01-29,Srisailam,53.918,120.493
2012-01-30,Srisailam,55.704,119.635
2012-01-31,Srisailam,56.292,118.562
2012-02-01,Srisailam,55.791,117.489
2012-02-02,Srisailam,56.477,116.04
2012-02-03,Srisailam,57.595,114.613
2012-02-04,Srisailam,73.806,113.39
2012-02-05,Srisailam,76.697,112.596
2012-02-06,Srisailam,75.603,112.015
2012-02-07,Srisailam,70.848,111.242
2012-02-08,Srisailam,69.893,108.931
2012-02-09,Srisailam,68.537,107.642
2012-02-10,Srisailam,69.054,106.722
2012-02-11,Srisailam,61.071,104.027
2012-02-12,Srisailam,52.341,100.911
2012-02-13,Srisailam,49.454,99.904
2012-02-14,Srisailam,47.14,99.233
2012-02-15,Srisailam,46.645,97.923
2012-02-16,Srisailam,46.937,96.324
2012-02-17,Srisailam,47.656,93.533
2012-02-18,Srisailam,45.255,90.997
2012-02-19,Srisailam,46.278,88.413
2012-02-20,Srisailam,46.278,87.018
2012-02-21,Srisailam,44.621,84.733
2012-02-22,Srisailam,44.893,83.934
2012-02-23,Srisailam,44.203,83.296
2012-02-24,Srisailam,42.251,82.403
2012-02-25,Srisailam,41.944,81.261
2012-02-26,Srisailam,44.824,80.649
2012-02-27,Srisailam,41.675,80.159
2012-02-28,Srisailam,44.154,79.425
2012-02-29,Srisailam,50.902,78.232
2012-03-01,Srisailam,50.235,76.824
2012-03-02,Srisailam,45.917,74.235
2012-03-03,Srisailam,46.025,73.485
2012-03-04,Srisailam,46.278,72.627
2012-03-05,Srisailam,46.277,71.792
2012-03-06,Srisailam,45.754,70.164
2012-03-07,Srisailam,44.935,68.718
2012-03-08,Srisailam,46.574,67.871
2012-03-09,Srisailam,42.989,67.142
2012-03-10,Srisailam,38.945,66.325
2012-03-11,Srisailam,30.82,65.02
2012-03-12,Srisailam,25.319,64.588
2012-03-13,Srisailam,19.818,63.752
2012-03-14,Srisailam,17.065,62.999
2012-03-15,Srisailam,14.834,62.437
2012-03-16,Srisailam,12.603,61.634
2012-03-17,Srisailam,10.373,60.853
2012-03-18,Srisailam,8.142,60.391
2012-03-19,Srisailam,7.39,59.928
2012-03-20,Srisailam,6.639,59.48
2012-03-21,Srisailam,6.293,59.406
2012-03-22,Srisailam,5.635,59.109
2012-03-23,Srisailam,5.324,55.172
2012-03-24,Srisailam,4.755,58.008
2012-03-25,Srisailam,4.186,57.435
2012-03-26,Srisailam,3.146,57.005
2012-03-27,Srisailam,2.105,56.656
2012-03-28,Srisailam,1.874,56.379
2012-03-29,Srisailam,1.971,55.964
2012-03-30,Srisailam,1.979,55.618
2012-03-31,Srisailam,1.9,55.415
2012-04-01,Srisailam,1.19,55.015
2012-04-02,Srisailam,1.553,54.881
2012-04-03,Srisailam,1.529,54.681
2012-04-04,Srisailam,0.46,54.414
2012-04-05,Srisailam,16.861,54.28
2012-04-06,Srisailam,16.236,54.149
2012-04-07,Srisailam,18.052,53.955
2012-04-08,Srisailam,15.029,53.955
2012-04-09,Srisailam,16.926,53.697
2012-04-10,Srisailam,17.721,53.503
2012-04-11,Srisailam,18.45,53.309
2012-04-12,Srisailam,13.527,53.18
2012-04-13,Srisailam,8.604,53.05
2012-04-14,Srisailam,3.68,52.859
2012-04-15,Srisailam,2.788,52.733
2012-04-16,Srisailam,2.116,52.545
2012-04-17,Srisailam,1.914,52.419
2012-04-18,Srisailam,2.314,52.294
2012-04-19,Srisailam,2.365,52.231
2012-04-20,Srisailam,2.416,52.168
2012-04-21,Srisailam,2.467,52.043
2012-04-22,Srisailam,2.788,51.851
2012-04-23,Srisailam,2.436,51.792
2012-04-24,Srisailam,2.438,51.729
2012-04-25,Srisailam,2.418,51.605
2012-04-26,Srisailam,2.442,51.544
2012-04-27,Srisailam,56.04,51.544
2012-04-28,Srisailam,59.816,51.544
2012-04-29,Srisailam,43.228,51.483
2012-04-30,Srisailam,35.415,51.483
2012-05-01,Srisailam,27.602,51.423
2012-05-02,Srisailam,19.789,51.423
2012-05-03,Srisailam,11.976,51.423
2012-05-04,Srisailam,9.401,51.362
2012-05-05,Srisailam,8.932,51.362
2012-05-06,Srisailam,9.843,51.301
2012-05-07,Srisailam,11.209,51.24
2012-05-08,Srisailam,10.709,51.179
2012-05-09,Srisailam,10.151,50.935
2012-05-10,Srisailam,9.767,50.935
2012-05-11,Srisailam,9.091,50.874
2012-05-12,Srisailam,8.95,50.753
2012-05-13,Srisailam,8.967,50.631
2012-05-14,Srisailam,8.542,50.631
2012-05-15,Srisailam,8.079,51.362
2012-05-16,Srisailam,7.561,51.057
2012-05-17,Srisailam,7.685,50.996
2012-05-18,Srisailam,7.643,50.753
2012-05-19,Srisailam,7.716,50.57
2012-05-20,Srisailam,8.142,50.389
2012-05-21,Srisailam,7.999,50.33
2012-05-22,Srisailam,7.779,50.272
2012-05-23,Srisailam,7.773,50.213
2012-05-24,Srisailam,7.84,50.155
2012-05-25,Srisailam,7.894,50.096
2012-05-26,Srisailam,7.834,50.037
2012-05-27,Srisailam,7.366,49.979
2012-05-28,Srisailam,7.14,49.745
2012-05-29,Srisailam,7.173,49.51
2012-05-30,Srisailam,7.206,49.276
2012-05-31,Srisailam,7.238,49.042
2012-06-01,Srisailam,7.21,48.807
2012-06-02,Srisailam,6.902,48.693
2012-06-03,Srisailam,6.809,48.75
2012-06-04,Srisailam,6.371,48.75
2012-06-05,Srisailam,5.98,48.807
2012-06-06,Srisailam,5.583,48.807
2012-06-07,Srisailam,5.559,48.807
2012-06-08,Srisailam,5.91,48.865
2012-06-09,Srisailam,5.409,48.922
2012-06-10,Srisailam,6.165,49.037
2012-06-11,Srisailam,5.467,48.979
2012-06-12,Srisailam,5.369,48.807
2012-06-13,Srisailam,6.35,48.463
2012-06-14,Srisailam,7.332,48.349
2012-06-15,Srisailam,7.121,48.234
2012-06-16,Srisailam,6.959,48.177
2012-06-17,Srisailam,6.165,48.119
2012-06-18,Srisailam,6.902,48.177
2012-06-19,Srisailam,6.718,48.291
2012-06-20,Srisailam,7.081,48.291
2012-06-21,Srisailam,8.089,48.291
2012-06-22,Srisailam,7.784,48.349
2012-06-23,Srisailam,7.363,48.349
2012-06-24,Srisailam,6.165,48.349
2012-06-25,Srisailam,6.618,48.349
2012-06-26,Srisailam,6.397,48.349
2012-06-27,Srisailam,12.085,48.406
2012-06-28,Srisailam,7.904,48.463
2012-06-29,Srisailam,7.605,48.521
2012-06-30,Srisailam,7.158,48.521
2012-07-01,Srisailam,7.144,48.521
2012-07-02,Srisailam,6.516,48.463
2012-07-03,Srisailam,6.247,48.291
2012-07-04,Srisailam,5.911,48.064
2012-07-05,Srisailam,5.736,47.786
2012-07-06,Srisailam,5.81,47.396
2012-07-07,Srisailam,5.675,47.396
2012-07-08,Srisailam,5.857,47.396
2012-07-09,Srisailam,5.728,47.396
2012-07-10,Srisailam,5.932,47.396
2012-07-11,Srisailam,8.942,47.396
2012-07-12,Srisailam,8.262,47.396
2012-07-13,Srisailam,7.098,47.396
2012-07-14,Srisailam,6.784,47.396
2012-07-15,Srisailam,5.857,47.396
2012-07-16,Srisailam,6.295,47.396
2012-07-17,Srisailam,6.093,47.119
2012-07-18,Srisailam,28.718,47.112
2012-07-19,Srisailam,51.343,46.9
2012-07-20,Srisailam,25.381,46.792
2012-07-21,Srisailam,25.924,46.63
2012-07-22,Srisailam,49.154,46.468
2012-07-23,Srisailam,15.78,46.253
2012-07-24,Srisailam,8.069,45.929
2012-07-25,Srisailam,6.501,45.668
2012-07-26,Srisailam,10.562,45.407
2012-07-27,Srisailam,14.624,45.146
2012-07-28,Srisailam,7.045,45.146
2012-07-29,Srisailam,5.268,45.198
2012-07-30,Srisailam,3.869,45.251
2012-07-31,Srisailam,2.471,45.251
2012-08-01,Srisailam,2.362,45.303
2012-08-02,Srisailam,2.128,45.303
2012-08-03,Srisailam,1.718,45.303
2012-08-04,Srisailam,1.569,45.355
2012-08-05,Srisailam,1.351,45.355
2012-08-06,Srisailam,1.023,45.459
2012-08-07,Srisailam,7.642,46.684
2012-08-08,Srisailam,7.237,47.007
2012-08-09,Srisailam,355.919,47.341
2012-08-10,Srisailam,1473.311,47.396
2012-08-11,Srisailam,1647.774,47.619
2012-08-12,Srisailam,2149.276,48.008
2012-08-13,Srisailam,2484.791,49.739
2012-08-14,Srisailam,2339.235,55.618
2012-08-15,Srisailam,1307.172,64.337
2012-08-16,Srisailam,496.246,72.306
2012-08-17,Srisailam,236.452,76.477
2012-08-18,Srisailam,208.829,80.527
2012-08-19,Srisailam,207.847,81.138
2012-08-20,Srisailam,214.308,82.276
2012-08-21,Srisailam,214.919,82.786
2012-08-22,Srisailam,174.101,83.806
2012-08-23,Srisailam,45.295,84.334
2012-08-24,Srisailam,22.042,84.867
2012-08-25,Srisailam,22.652,86.466
2012-08-26,Srisailam,54.101,87.436
2012-08-27,Srisailam,55.524,88.274
2012-08-28,Srisailam,51.537,89.39
2012-08-29,Srisailam,46.777,91.435
2012-08-30,Srisailam,42.914,92.922
2012-08-31,Srisailam,39.548,93.227
2012-09-01,Srisailam,49.813,93.852
2012-09-02,Srisailam,269.653,94.143
2012-09-03,Srisailam,275.465,95.212
2012-09-04,Srisailam,1082.398,96.164
2012-09-05,Srisailam,2177.507,103.324
2012-09-06,Srisailam,4313.236,111.435
2012-09-07,Srisailam,3349.626,127.521
2012-09-08,Srisailam,2775.735,143.933
2012-09-09,Srisailam,2761.399,154.586
2012-09-10,Srisailam,2392.102,165.032
2012-09-11,Srisailam,853.731,170.328
2012-09-12,Srisailam,1216.152,179.829
2012-09-13,Srisailam,1511.501,181.511
2012-09-14,Srisailam,1002.171,183.208
2012-09-15,Srisailam,1197.008,185.664
2012-09-16,Srisailam,970.922,186.366
2012-09-17,Srisailam,303.171,189.523
2012-09-18,Srisailam,221.944,186.015
2012-09-19,Srisailam,234.3,184.26
2012-09-20,Srisailam,205.603,184.26
2012-09-21,Srisailam,200.271,182.184
2012-09-22,Srisailam,88.341,179.156
2012-09-23,Srisailam,65.959,175.806
2012-09-24,Srisailam,61.012,173.228
2012-09-25,Srisailam,65.845,170.328
2012-09-26,Srisailam,54.748,165.962
2012-09-27,Srisailam,46.815,163.481
2012-09-28,Srisailam,126.806,161.382
2012-09-29,Srisailam,116.417,159.283
2012-09-30,Srisailam,95.437,158.083
2012-10-01,Srisailam,100.868,157.784
2012-10-02,Srisailam,180.024,158.083
2012-10-03,Srisailam,170.267,158.683
2012-10-04,Srisailam,134.628,159.883
2012-10-05,Srisailam,98.424,161.682
2012-10-06,Srisailam,110.961,161.382
2012-10-07,Srisailam,130.505,161.082
2012-10-08,Srisailam,1409.383,160.183
2012-10-09,Srisailam,2110.679,159.883
2012-10-10,Srisailam,1360.341,166.582
2012-10-11,Srisailam,1301.755,171.617
2012-10-12,Srisailam,427.696,173.873
2012-10-13,Srisailam,264.73,176.121
2012-10-14,Srisailam,269.653,177.474
2012-10-15,Srisailam,226.2,177.474
2012-10-16,Srisailam,245.225,177.474
2012-10-17,Srisailam,251.517,176.121
2012-10-18,Srisailam,206.707,174.195
2012-10-19,Srisailam,78.61,173.55
2012-10-20,Srisailam,73.828,173.228
2012-10-21,Srisailam,59.035,174.195
2012-10-22,Srisailam,65.968,173.55
2012-10-23,Srisailam,67.575,173.228
2012-10-24,Srisailam,64.191,172.261
2012-10-25,Srisailam,60.729,171.939
2012-10-26,Srisailam,70.609,171.617
2012-10-27,Srisailam,57.366,170.972
2012-10-28,Srisailam,50.933,169.373
2012-10-29,Srisailam,60.912,168.753
2012-10-30,Srisailam,59.8,167.512
2012-10-31,Srisailam,60.207,166.582
2012-11-01,Srisailam,60.812,166.272
2012-11-02,Srisailam,79.624,165.342
2012-11-03,Srisailam,141.335,165.032
2012-11-04,Srisailam,140.806,167.202
2012-11-05,Srisailam,116.591,168.443
2012-11-06,Srisailam,97.554,170.005
2012-11-07,Srisailam,92.29,170.328
2012-11-08,Srisailam,74.29,169.704
2012-11-09,Srisailam,72.522,168.145
2012-11-10,Srisailam,66.146,167.209
2012-11-11,Srisailam,65.959,165.962
2012-11-12,Srisailam,64.494,166.586
2012-11-13,Srisailam,65.959,166.586
2012-11-14,Srisailam,65.235,165.962
2012-11-15,Srisailam,66.991,165.342
2012-11-16,Srisailam,66.71,164.411
2012-11-17,Srisailam,64.303,163.181
2012-11-18,Srisailam,65.959,162.281
2012-11-19,Srisailam,60.878,161.982
2012-11-20,Srisailam,63.172,161.681
2012-11-21,Srisailam,74.623,161.681
2012-11-22,Srisailam,76.883,161.082
2012-11-23,Srisailam,76.964,160.779
2012-11-24,Srisailam,76.844,160.479
2012-11-25,Srisailam,73.276,160.479
2012-11-26,Srisailam,73.46,159.883
2012-11-27,Srisailam,76.153,159.58
2012-11-28,Srisailam,73.276,159.58
2012-11-29,Srisailam,71.089,159.283
2012-11-30,Srisailam,70.372,159.283
2012-12-01,Srisailam,66.64,115.891
2012-12-02,Srisailam,64.191,115.891
2012-12-03,Srisailam,67.043,115.891
2012-12-04,Srisailam,66.178,115.891
2012-12-05,Srisailam,66.557,116.171
2012-12-06,Srisailam,66.544,116.171
2012-12-07,Srisailam,63.115,116.452
2012-12-08,Srisailam,64.524,116.452
2012-12-09,Srisailam,62.448,116.452
2012-12-10,Srisailam,64.924,116.452
2012-12-11,Srisailam,57.21,116.732
2012-12-12,Srisailam,54.126,116.732
2012-12-13,Srisailam,55.969,116.732
2012-12-14,Srisailam,55.957,117.013
2012-12-15,Srisailam,51.178,117.013
2012-12-16,Srisailam,47.428,117.013
2012-12-17,Srisailam,45.848,117.013
2012-12-18,Srisailam,44.269,117.013
2012-12-19,Srisailam,43.048,117.293
2012-12-20,Srisailam,45.784,117.293
2012-12-21,Srisailam,44.903,117.293
2012-12-22,Srisailam,45.559,117.293
2012-12-23,Srisailam,44.975,117.293
2012-12-24,Srisailam,45.722,117.293
2012-12-25,Srisailam,43.79,117.013
2012-12-26,Srisailam,43.32,117.013
2012-12-27,Srisailam,43.456,117.013
2012-12-28,Srisailam,40.727,117.013
2012-12-29,Srisailam,40.097,117.013
2012-12-30,Srisailam,41.5,117.013
2012-12-31,Srisailam,41.172,117.013
2013-01-01,Srisailam,43.161,117.013
2013-01-02,Srisailam,46.915,117.013
2013-01-03,Srisailam,47.5,117.013
2013-01-04,Srisailam,49.212,117.013
2013-01-05,Srisailam,53.436,117.013
2013-01-06,Srisailam,49.994,115.891
2013-01-07,Srisailam,53.526,114.769
2013-01-08,Srisailam,54.742,114.489
2013-01-09,Srisailam,55.03,113.457
2013-01-10,Srisailam,55.997,113.207
2013-01-11,Srisailam,54.568,112.956
2013-01-12,Srisailam,53.139,112.706
2013-01-13,Srisailam,52.678,112.455
2013-01-14,Srisailam,54.066,112.455
2013-01-15,Srisailam,57.193,112.205
2013-01-16,Srisailam,57.88,111.704
2013-01-17,Srisailam,59.561,111.704
2013-01-18,Srisailam,57.358,111.454
2013-01-19,Srisailam,57.717,111.454
2013-01-20,Srisailam,56.936,111.203
2013-01-21,Srisailam,50.742,111.203
2013-01-22,Srisailam,49.614,111.203
2013-01-23,Srisailam,52.114,110.953
2013-01-24,Srisailam,51.683,109.897
2013-01-25,Srisailam,52.678,109.633
2013-01-26,Srisailam,52.678,110.587
2013-01-27,Srisailam,54.066,108.313
2013-01-28,Srisailam,53.586,107.529
2013-01-29,Srisailam,49.752,107.017
2013-01-30,Srisailam,52.762,106.761
2013-01-31,Srisailam,52.306,106.249
2013-02-01,Srisailam,50.352,105.737
2013-02-02,Srisailam,49.961,105.226
2013-02-03,Srisailam,49.994,104.984
2013-02-04,Srisailam,47.652,104.466
2013-02-05,Srisailam,47.157,103.722
2013-02-06,Srisailam,47.873,102.235
2013-02-07,Srisailam,48.177,101.259
2013-02-08,Srisailam,50.525,100.54
2013-02-09,Srisailam,50.077,100.3
2013-02-10,Srisailam,55.485,99.58
2013-02-11,Srisailam,52.934,98.861
2013-02-12,Srisailam,50.382,98.008
2013-02-13,Srisailam,47.831,97.154
2013-02-14,Srisailam,48.154,96.301
2013-02-15,Srisailam,46.303,96.088
2013-02-16,Srisailam,42.209,96.088
2013-02-17,Srisailam,37.227,96.088
2013-02-18,Srisailam,38.727,96.088
2013-02-19,Srisailam,38.673,96.088
2013-02-20,Srisailam,38.82,96.088
2013-02-21,Srisailam,40.949,96.088
2013-02-22,Srisailam,40.799,96.088
2013-02-23,Srisailam,39.671,96.088
2013-02-24,Srisailam,32.42,96.088
2013-02-25,Srisailam,19.215,96.088
2013-02-26,Srisailam,13.464,95.864
2013-02-27,Srisailam,7.714,95.864
2013-02-28,Srisailam,7.045,95.864
2013-03-01,Srisailam,6.379,95.64
2013-03-02,Srisailam,5.713,76.111
2013-03-03,Srisailam,5.047,94.519
2013-03-04,Srisailam,3.974,94.295
2013-03-05,Srisailam,2.901,93.847
2013-03-06,Srisailam,2.627,93.399
2013-03-07,Srisailam,2.487,92.966
2013-03-08,Srisailam,3.466,92.1
2013-03-09,Srisailam,4.445,91.234
2013-03-10,Srisailam,5.424,90.173
2013-03-11,Srisailam,4.844,89.127
2013-03-12,Srisailam,4.264,88.088
2013-03-13,Srisailam,3.684,87.28
2013-03-14,Srisailam,3.104,86.473
2013-03-15,Srisailam,2.525,85.508
2013-03-16,Srisailam,1.945,84.969
2013-03-17,Srisailam,1.365,84.252
2013-03-18,Srisailam,0.941,83.534
2013-03-19,Srisailam,0.276,82.781
2013-03-20,Srisailam,2.307,82.216
2013-03-21,Srisailam,4.338,81.274
2013-03-22,Srisailam,6.369,80.547
2013-03-23,Srisailam,5.429,79.82
2013-03-24,Srisailam,6.942,78.917
2013-03-25,Srisailam,6.042,77.689
2013-03-26,Srisailam,5.143,76.309
2013-03-27,Srisailam,5.027,75.461
2013-03-28,Srisailam,4.912,75.122
2013-03-29,Srisailam,4.671,74.3
2013-03-30,Srisailam,5.045,72.995
2013-03-31,Srisailam,4.297,71.827
2013-04-01,Srisailam,4.93,71.097
2013-04-02,Srisailam,4.85,69.877
2013-04-03,Srisailam,5.246,69.12
2013-04-04,Srisailam,5.096,68.092
2013-04-05,Srisailam,4.581,66.939
2013-04-06,Srisailam,4.067,65.131
2013-04-07,Srisailam,3.552,63.699
2013-04-08,Srisailam,3.207,62.612
2013-04-09,Srisailam,3.052,61.482
2013-04-10,Srisailam,2.994,60.261
2013-04-11,Srisailam,3.182,58.964
2013-04-12,Srisailam,2.988,57.937
2013-04-13,Srisailam,3.137,57.162
2013-04-14,Srisailam,3.182,56.645
2013-04-15,Srisailam,3.427,56.153
2013-04-16,Srisailam,3.672,55.956
2013-04-17,Srisailam,3.852,54.943
2013-04-18,Srisailam,3.825,53.445
2013-04-19,Srisailam,3.798,52.584
2013-04-20,Srisailam,3.683,51.837
2013-04-21,Srisailam,3.924,51.472
2013-04-22,Srisailam,3.084,51.29
2013-04-23,Srisailam,2.949,51.29
2013-04-24,Srisailam,2.814,50.936
2013-04-25,Srisailam,3.603,49.703
2013-04-26,Srisailam,3.689,49.106
2013-04-27,Srisailam,5.456,48.441
2013-04-28,Srisailam,11.184,47.868
2013-04-29,Srisailam,9.177,47.469
2013-04-30,Srisailam,9.137,46.914
2013-05-01,Srisailam,9.097,118.304
2013-05-02,Srisailam,9.057,104.885
2013-05-03,Srisailam,9.323,94.996
2013-05-04,Srisailam,9.517,67.804
2013-05-05,Srisailam,10.019,43.79
2013-05-06,Srisailam,8.613,36.727
2013-05-07,Srisailam,7.207,33.196
2013-05-08,Srisailam,6.65,108.063
2013-05-09,Srisailam,6.576,0.0
2013-05-10,Srisailam,6.358,206.944
2013-05-11,Srisailam,7.409,211.182
2013-05-12,Srisailam,6.942,116.185
2013-05-13,Srisailam,7.319,116.238
2013-05-14,Srisailam,6.31,116.291
2013-05-15,Srisailam,6.009,116.344
2013-05-16,Srisailam,6.106,116.397
2013-05-17,Srisailam,5.891,116.45
2013-05-18,Srisailam,5.389,116.503
2013-05-19,Srisailam,5.047,116.556
2013-05-20,Srisailam,5.147,116.609
2013-05-21,Srisailam,5.2,116.662
2013-05-22,Srisailam,5.32,116.715
2013-05-23,Srisailam,4.505,116.768
2013-05-24,Srisailam,4.204,116.821
2013-05-25,Srisailam,4.671,116.874
2013-05-26,Srisailam,4.671,116.927
2013-05-27,Srisailam,3.976,116.98
2013-05-28,Srisailam,4.12,117.033
2013-05-29,Srisailam,5.191,117.086
2013-05-30,Srisailam,6.263,117.139
2013-05-31,Srisailam,9.726,117.192
2013-06-01,Srisailam,9.533,117.245
2013-06-02,Srisailam,50.095,103.472
2013-06-03,Srisailam,34.506,94.29
2013-06-04,Srisailam,18.917,66.038
2013-06-05,Srisailam,10.79,43.437
2013-06-06,Srisailam,56.396,37.08
2013-06-07,Srisailam,29.189,32.843
2013-06-08,Srisailam,31.166,113.36
2013-06-09,Srisailam,29.848,0.0
2013-06-10,Srisailam,19.979,0.0
2013-06-11,Srisailam,11.307,0.0
2013-06-12,Srisailam,7.32,115.126
2013-06-13,Srisailam,6.23,115.182
2013-06-14,Srisailam,8.221,115.237
2013-06-15,Srisailam,4.489,115.293
2013-06-16,Srisailam,4.208,115.349
2013-06-17,Srisailam,3.617,115.405
2013-06-18,Srisailam,3.025,115.46
2013-06-19,Srisailam,2.928,115.516
2013-06-20,Srisailam,2.863,115.572
2013-06-21,Srisailam,2.791,115.628
2013-06-22,Srisailam,2.54,115.683
2013-06-23,Srisailam,2.396,115.739
2013-06-24,Srisailam,2.239,115.795
2013-06-25,Srisailam,2.18,115.851
2013-06-26,Srisailam,8.059,115.906
2013-06-27,Srisailam,7.111,115.962
2013-06-28,Srisailam,4.22,116.018
2013-06-29,Srisailam,3.097,116.074
2013-06-30,Srisailam,2.563,116.129
2013-07-01,Srisailam,2.163,116.185
2013-07-02,Srisailam,1.944,102.413
2013-07-03,Srisailam,2.163,93.937
2013-07-04,Srisailam,2.381,64.273
2013-07-05,Srisailam,2.382,43.084
2013-07-06,Srisailam,2.068,37.08
2013-07-07,Srisailam,1.669,32.489
2013-07-08,Srisailam,1.753,127.133
2013-07-09,Srisailam,1.838,194.584
2013-07-10,Srisailam,1.922,0.0
2013-07-11,Srisailam,19.988,211.182
2013-07-12,Srisailam,17.222,116.185
2013-07-13,Srisailam,10.648,116.168
2013-07-14,Srisailam,9.106,116.15
2013-07-15,Srisailam,6.732,116.132
2013-07-16,Srisailam,279.941,116.115
2013-07-17,Srisailam,553.15,116.097
2013-07-18,Srisailam,826.359,116.079
2013-07-19,Srisailam,1099.568,116.062
2013-07-20,Srisailam,1372.777,116.044
2013-07-21,Srisailam,3255.67,116.026
2013-07-22,Srisailam,3571.216,116.009
2013-07-23,Srisailam,3886.762,115.991
2013-07-24,Srisailam,4202.308,115.973
2013-07-25,Srisailam,4811.175,115.956
2013-07-26,Srisailam,5806.583,115.938
2013-07-27,Srisailam,5675.076,115.92
2013-07-28,Srisailam,6962.033,115.903
2013-07-29,Srisailam,6031.149,115.885
2013-07-30,Srisailam,5100.265,115.867
2013-07-31,Srisailam,4169.381,115.85
2013-08-01,Srisailam,3238.498,115.832
2013-08-02,Srisailam,4102.16,101.706
2013-08-03,Srisailam,4017.681,93.231
2013-08-04,Srisailam,5063.66,63.213
2013-08-05,Srisailam,5991.846,42.378
2013-08-06,Srisailam,5224.157,37.787
2013-08-07,Srisailam,3332.804,32.136
2013-08-08,Srisailam,480.479,208.357
2013-08-09,Srisailam,1841.528,194.584
2013-08-10,Srisailam,1736.54,204.825
2013-08-11,Srisailam,632.064,0.0
2013-08-12,Srisailam,281.33,116.892
2013-08-13,Srisailam,273.885,116.786
2013-08-14,Srisailam,288.908,116.68
2013-08-15,Srisailam,300.185,116.574
2013-08-16,Srisailam,1605.453,116.468
2013-08-17,Srisailam,1628.417,116.362
2013-08-18,Srisailam,1511.865,116.256
2013-08-19,Srisailam,1339.272,116.15
2013-08-20,Srisailam,771.654,116.044
2013-08-21,Srisailam,734.579,115.938
2013-08-22,Srisailam,1272.86,115.832
2013-08-23,Srisailam,1257.2,115.726
2013-08-24,Srisailam,1015.56,115.62
2013-08-25,Srisailam,941.14,115.514
2013-08-26,Srisailam,1166.449,115.408
2013-08-27,Srisailam,519.027,115.302
2013-08-28,Srisailam,283.583,115.196
2013-08-29,Srisailam,239.348,115.09
2013-08-30,Srisailam,273.966,114.985
2013-08-31,Srisailam,114.505,114.879
2013-09-01,Srisailam,102.697,114.773
2013-09-02,Srisailam,136.927,101.353
2013-09-03,Srisailam,131.485,92.171
2013-09-04,Srisailam,176.482,62.154
2013-09-05,Srisailam,180.84,42.731
2013-09-06,Srisailam,208.398,37.787
2013-09-07,Srisailam,130.487,32.136
2013-09-08,Srisailam,175.929,128.899
2013-09-09,Srisailam,539.437,0.0
2013-09-10,Srisailam,311.271,203.412
2013-09-11,Srisailam,720.042,0.0
2013-09-12,Srisailam,268.558,117.245
2013-09-13,Srisailam,251.329,117.096
2013-09-14,Srisailam,290.873,116.947
2013-09-15,Srisailam,238.904,116.799
2013-09-16,Srisailam,938.996,116.65
2013-09-17,Srisailam,2925.006,116.501
2013-09-18,Srisailam,2431.668,116.353
2013-09-19,Srisailam,1630.786,116.204
2013-09-20,Srisailam,1222.637,116.055
2013-09-21,Srisailam,547.675,115.906
2013-09-22,Srisailam,883.335,115.758
2013-09-23,Srisailam,1103.264,115.609
2013-09-24,Srisailam,317.877,115.46
2013-09-25,Srisailam,274.224,115.312
2013-09-26,Srisailam,230.572,115.163
2013-09-27,Srisailam,186.919,115.014
2013-09-28,Srisailam,195.11,114.866
2013-09-29,Srisailam,208.383,114.717
2013-09-30,Srisailam,231.567,114.568
2013-10-01,Srisailam,220.647,114.42
2013-10-02,Srisailam,209.727,101.0
2013-10-03,Srisailam,296.638,91.112
2013-10-04,Srisailam,285.074,61.094
2013-10-05,Srisailam,245.958,42.024
2013-10-06,Srisailam,197.241,37.787
2013-10-07,Srisailam,210.897,32.136
2013-10-08,Srisailam,224.554,127.486
2013-10-09,Srisailam,245.645,0.0
2013-10-10,Srisailam,266.736,202.353
2013-10-11,Srisailam,235.318,0.0
2013-10-12,Srisailam,223.85,117.951
2013-10-13,Srisailam,159.002,117.757
2013-10-14,Srisailam,126.903,117.563
2013-10-15,Srisailam,94.804,117.368
2013-10-16,Srisailam,74.334,117.174
2013-10-17,Srisailam,98.155,116.98
2013-10-18,Srisailam,91.688,116.786
2013-10-19,Srisailam,101.074,116.591
2013-10-20,Srisailam,77.967,116.397
2013-10-21,Srisailam,98.976,116.203
2013-10-22,Srisailam,119.986,116.009
2013-10-23,Srisailam,140.995,115.814
2013-10-24,Srisailam,162.004,115.62
2013-10-25,Srisailam,183.014,115.426
2013-10-26,Srisailam,204.023,115.232
2013-10-27,Srisailam,225.033,115.038
2013-10-28,Srisailam,247.889,114.843
2013-10-29,Srisailam,131.485,114.649
2013-10-30,Srisailam,98.156,114.455
2013-10-31,Srisailam,70.828,114.261
2013-11-01,Srisailam,69.995,114.066
2013-11-02,Srisailam,68.826,99.941
2013-11-03,Srisailam,53.763,90.052
2013-11-04,Srisailam,67.655,59.682
2013-11-05,Srisailam,66.021,41.318
2013-11-06,Srisailam,65.74,37.787
2013-11-07,Srisailam,64.086,32.136
2013-11-08,Srisailam,67.775,129.605
2013-11-09,Srisailam,63.882,194.584
2013-11-10,Srisailam,63.779,0.0
2013-11-11,Srisailam,66.698,0.0
2013-11-12,Srisailam,64.957,118.304
2013-11-13,Srisailam,68.274,118.081
2013-11-14,Srisailam,70.952,117.858
2013-11-15,Srisailam,68.991,117.635
2013-11-16,Srisailam,67.097,117.412
2013-11-17,Srisailam,68.991,117.189
2013-11-18,Srisailam,65.705,116.966
2013-11-19,Srisailam,62.638,116.743
2013-11-20,Srisailam,61.042,116.52
2013-11-21,Srisailam,63.115,116.297
2013-11-22,Srisailam,63.208,116.074
2013-11-23,Srisailam,61.976,115.851
2013-11-24,Srisailam,60.379,115.628
2013-11-25,Srisailam,64.865,115.405
2013-11-26,Srisailam,64.226,115.182
2013-11-27,Srisailam,63.319,114.959
2013-11-28,Srisailam,59.783,114.735
2013-11-29,Srisailam,59.118,114.512
2013-11-30,Srisailam,58.237,114.289
2013-12-01,Srisailam,55.394,114.066
2013-12-02,Srisailam,59.245,99.234
2013-12-03,Srisailam,45.66,88.993
2013-12-04,Srisailam,32.075,58.622
2013-12-05,Srisailam,33.398,40.965
2013-12-06,Srisailam,33.251,37.787
2013-12-07,Srisailam,32.388,32.136
2013-12-08,Srisailam,34.077,127.133
2013-12-09,Srisailam,32.797,211.888
2013-12-10,Srisailam,35.749,202.353
2013-12-11,Srisailam,36.312,206.944
2013-12-12,Srisailam,37.16,117.951
2013-12-13,Srisailam,45.379,117.633
2013-12-14,Srisailam,44.586,117.315
2013-12-15,Srisailam,45.851,116.997
2013-12-16,Srisailam,41.317,116.68
2013-12-17,Srisailam,44.162,116.362
2013-12-18,Srisailam,43.119,116.044
2013-12-19,Srisailam,44.4,115.726
2013-12-20,Srisailam,44.473,115.408
2013-12-21,Srisailam,47.669,115.09
2013-12-22,Srisailam,57.04,114.773
2013-12-23,Srisailam,53.922,114.455
2013-12-24,Srisailam,54.05,114.137
2013-12-25,Srisailam,63.779,113.819
2013-12-26,Srisailam,67.679,113.501
2013-12-27,Srisailam,56.619,113.184
2013-12-28,Srisailam,55.057,112.866
2013-12-29,Srisailam,60.379,112.548
2013-12-30,Srisailam,56.098,112.23
2013-12-31,Srisailam,49.034,111.912
2014-01-01,Srisailam,49.545,192.58
2014-01-02,Srisailam,50.956,193.026
2014-01-03,Srisailam,42.106,193.026
2014-01-04,Srisailam,34.466,193.026
2014-01-05,Srisailam,21.059,192.58
2014-01-06,Srisailam,22.187,192.135
2014-01-07,Srisailam,23.077,189.941
2014-01-08,Srisailam,24.247,189.072
2014-01-09,Srisailam,28.56,188.204
2014-01-10,Srisailam,39.733,186.466
2014-01-11,Srisailam,41.761,183.911
2014-01-12,Srisailam,50.549,181.791
2014-01-13,Srisailam,49.345,181.367
2014-01-14,Srisailam,55.394,180.179
2014-01-15,Srisailam,50.949,179.797
2014-01-16,Srisailam,56.112,179.797
2014-01-17,Srisailam,53.385,179.797
2014-01-18,Srisailam,51.721,179.797
2014-01-19,Srisailam,60.379,179.797
2014-01-20,Srisailam,51.745,179.797
2014-01-21,Srisailam,48.89,180.561
2014-01-22,Srisailam,45.294,180.179
2014-01-23,Srisailam,44.138,179.415
2014-01-24,Srisailam,45.354,179.032
2014-01-25,Srisailam,51.859,178.268
2014-01-26,Srisailam,57.04,177.504
2014-01-27,Srisailam,61.471,177.122
2014-01-28,Srisailam,60.347,175.975
2014-01-29,Srisailam,60.466,174.763
2014-01-30,Srisailam,55.413,173.55
2014-01-31,Srisailam,56.116,172.337
2014-02-01,Srisailam,54.62,171.124
2014-02-02,Srisailam,57.04,169.939
2014-02-03,Srisailam,49.912,168.754
2014-02-04,Srisailam,46.172,167.174
2014-02-05,Srisailam,38.088,165.612
2014-02-06,Srisailam,26.273,164.454
2014-02-07,Srisailam,25.498,163.682
2014-02-08,Srisailam,25.515,162.91
2014-02-09,Srisailam,31.314,162.138
2014-02-10,Srisailam,40.394,161.374
2014-02-11,Srisailam,40.575,160.619
2014-02-12,Srisailam,40.466,158.732
2014-02-13,Srisailam,40.976,156.483
2014-02-14,Srisailam,43.368,155.744
2014-02-15,Srisailam,43.094,154.266
2014-02-16,Srisailam,44.318,153.158
2014-02-17,Srisailam,42.616,152.122
2014-02-18,Srisailam,42.756,150.121
2014-02-19,Srisailam,44.635,147.394
2014-02-20,Srisailam,46.513,145.982
2014-02-21,Srisailam,48.391,144.217
2014-02-22,Srisailam,50.27,142.494
2014-02-23,Srisailam,52.148,140.772
2014-02-24,Srisailam,51.03,139.411
2014-02-25,Srisailam,49.911,138.404
2014-02-26,Srisailam,48.792,136.726
2014-02-27,Srisailam,47.674,134.42
2014-02-28,Srisailam,46.555,132.133
2014-03-01,Srisailam,45.437,130.375
2014-03-02,Srisailam,44.318,129.203
2014-03-03,Srisailam,39.079,128.91
2014-03-04,Srisailam,37.726,128.323
2014-03-05,Srisailam,22.883,127.399
2014-03-06,Srisailam,25.205,126.783
2014-03-07,Srisailam,31.576,126.166
2014-03-08,Srisailam,37.947,125.859
2014-03-09,Srisailam,44.318,125.243
2014-03-10,Srisailam,45.93,124.627
2014-03-11,Srisailam,47.542,124.329
2014-03-12,Srisailam,34.228,123.135
2014-03-13,Srisailam,23.379,122.538
2014-03-14,Srisailam,22.71,121.344
2014-03-15,Srisailam,22.014,120.467
2014-03-16,Srisailam,21.059,117.575
2014-03-17,Srisailam,31.314,115.05
2014-03-18,Srisailam,40.968,113.708
2014-03-19,Srisailam,41.998,111.705
2014-03-20,Srisailam,43.528,108.578
2014-03-21,Srisailam,41.059,105.738
2014-03-22,Srisailam,24.312,103.971
2014-03-23,Srisailam,23.53,102.236
2014-03-24,Srisailam,23.898,99.342
2014-03-25,Srisailam,23.046,97.582
2014-03-26,Srisailam,21.765,95.865
2014-03-27,Srisailam,17.426,93.848
2014-03-28,Srisailam,13.306,91.018
2014-03-29,Srisailam,12.105,88.5
2014-03-30,Srisailam,10.689,85.688
2014-03-31,Srisailam,8.56,82.782
2014-04-01,Srisailam,8.186,80.912
2014-04-02,Srisailam,7.55,78.567
2014-04-03,Srisailam,7.465,75.801
2014-04-04,Srisailam,7.113,73.159
2014-04-05,Srisailam,5.477,70.183
2014-04-06,Srisailam,8.895,67.364
2014-04-07,Srisailam,13.456,63.941
2014-04-08,Srisailam,13.646,61.482
2014-04-09,Srisailam,8.113,59.427
2014-04-10,Srisailam,8.255,59.08
2014-04-11,Srisailam,7.581,57.606
2014-04-12,Srisailam,8.287,56.646
2014-04-13,Srisailam,7.298,55.661
2014-04-14,Srisailam,8.56,54.636
2014-04-15,Srisailam,11.847,53.642
2014-04-16,Srisailam,11.645,52.869
2014-04-17,Srisailam,11.464,52.395
2014-04-18,Srisailam,7.914,52.395
2014-04-19,Srisailam,8.679,52.395
2014-04-20,Srisailam,9.237,52.395
2014-04-21,Srisailam,11.978,52.395
2014-04-22,Srisailam,11.897,52.395
2014-04-23,Srisailam,8.275,52.3
2014-04-24,Srisailam,9.011,52.3
2014-04-25,Srisailam,10.995,52.3
2014-04-26,Srisailam,26.654,52.3
2014-04-27,Srisailam,14.906,52.3
2014-04-28,Srisailam,12.76,52.3
2014-04-29,Srisailam,10.464,52.205
2014-04-30,Srisailam,8.979,52.205
2014-05-01,Srisailam,8.875,52.205
2014-05-02,Srisailam,8.77,52.205
2014-05-03,Srisailam,8.665,52.205
2014-05-04,Srisailam,8.56,52.205
2014-05-05,Srisailam,9.881,52.205
2014-05-06,Srisailam,9.435,52.205
2014-05-07,Srisailam,9.176,52.205
2014-05-08,Srisailam,8.858,52.205
2014-05-09,Srisailam,11.19,52.395
2014-05-10,Srisailam,13.522,52.49
2014-05-11,Srisailam,15.854,52.585
2014-05-12,Srisailam,14.799,52.679
2014-05-13,Srisailam,13.745,52.679
2014-05-14,Srisailam,12.69,52.774
2014-05-15,Srisailam,12.004,53.248
2014-05-16,Srisailam,11.319,53.445
2014-05-17,Srisailam,10.633,53.642
2014-05-18,Srisailam,9.947,53.938
2014-05-19,Srisailam,10.046,54.135
2014-05-20,Srisailam,9.865,54.431
2014-05-21,Srisailam,9.735,54.533
2014-05-22,Srisailam,9.043,54.943
2014-05-23,Srisailam,8.699,55.456
2014-05-24,Srisailam,7.618,55.456
2014-05-25,Srisailam,7.602,55.456
2014-05-26,Srisailam,6.846,55.456
2014-05-27,Srisailam,7.145,55.456
2014-05-28,Srisailam,6.572,55.456
2014-05-29,Srisailam,6.119,55.456
2014-05-30,Srisailam,9.016,55.456
2014-05-31,Srisailam,6.69,55.251
2014-06-01,Srisailam,17.2166144,55.046
2014-06-02,Srisailam,54.793008,54.943
2014-06-03,Srisailam,2.4352448,54.533
2014-06-04,Srisailam,101.94048,53.938
2014-06-05,Srisailam,79.0605056,53.642
2014-06-06,Srisailam,18.0944352,53.938
2014-06-07,Srisailam,39.3037184,53.839
2014-06-08,Srisailam,0.3398016,53.938
2014-06-09,Srisailam,8.353456,53.839
2014-06-10,Srisailam,4.813856,53.445
2014-06-11,Srisailam,6.2580127999999995,53.248
2014-06-12,Srisailam,6.2580127999999995,53.248
2014-06-13,Srisailam,6.5128639999999995,53.248
2014-06-14,Srisailam,6.5128639999999995,53.248
2014-06-15,Srisailam,6.2580127999999995,53.248
2014-06-16,Srisailam,40.068272,53.248
2014-06-17,Srisailam,71.6698208,53.347
2014-06-18,Srisailam,6.1164287999999996,53.544
2014-06-19,Srisailam,73.198928,53.544
2014-06-20,Srisailam,39.3037184,53.741
2014-06-21,Srisailam,6.3995968,53.839
2014-06-22,Srisailam,6.3995968,53.839
2014-06-23,Srisailam,6.1730624,53.839
2014-06-24,Srisailam,26.3063072,53.839
2014-06-25,Srisailam,6.5978144,53.741
2014-06-26,Srisailam,6.1447456,53.741
2014-06-27,Srisailam,5.6916768,53.741
2014-06-28,Srisailam,5.4651423999999995,53.741
2014-06-29,Srisailam,26.985910399999998,53.741
2014-06-30,Srisailam,5.6916768,53.642
2014-07-01,Srisailam,4.0776192,53.687
2014-07-02,Srisailam,4.3041536,53.687
2014-07-03,Srisailam,27.920364799999998,53.687
2014-07-04,Srisailam,4.9837568,53.544
2014-07-05,Srisailam,4.7572224,53.544
2014-07-06,Srisailam,28.0902656,53.544
2014-07-07,Srisailam,4.2758367999999995,53.445
2014-07-08,Srisailam,28.4300672,53.445
2014-07-09,Srisailam,36.7268896,53.347
2014-07-10,Srisailam,36.528672,53.445
2014-07-11,Srisailam,68.9797248,53.544
2014-07-12,Srisailam,3.6528671999999998,53.741
2014-07-13,Srisailam,3.8794016,53.741
2014-07-14,Srisailam,3.9360352,53.741
2014-07-15,Srisailam,3.4263328,53.741
2014-07-16,Srisailam,3.8794016,53.741
2014-07-17,Srisailam,3.8794016,53.741
2014-07-18,Srisailam,3.8794016,53.741
2014-07-19,Srisailam,5.1536576,53.741
2014-07-20,Srisailam,3.4263328,53.741
2014-07-21,Srisailam,2.9449472,53.741
2014-07-22,Srisailam,3.8794016,53.741
2014-07-23,Srisailam,2.4918784,53.741
2014-07-24,Srisailam,2.265344,53.741
2014-07-25,Srisailam,30.1857088,53.741
2014-07-26,Srisailam,2.7184128,53.642
2014-07-27,Srisailam,2.265344,53.642
2014-07-28,Srisailam,4.8704896,53.642
2014-07-29,Srisailam,22.5401728,52.869
2014-07-30,Srisailam,21.8888864,51.655
2014-07-31,Srisailam,1616.2096768,50.773
2014-08-01,Srisailam,3097.8296032,54.431
2014-08-02,Srisailam,4105.3979808,62.734
2014-08-03,Srisailam,3838.1440224,73.322
2014-08-04,Srisailam,9224.2259168,83.535
2014-08-05,Srisailam,8804.5992576,109.634
2014-08-06,Srisailam,8539.100940799999,132.46
2014-08-07,Srisailam,5669.5330624,152.789
2014-08-08,Srisailam,3842.6463936,163.296
2014-08-09,Srisailam,4306.27736,168.754
2014-08-10,Srisailam,3961.378736,175.167
2014-08-11,Srisailam,4144.2486304,181.791
2014-08-12,Srisailam,4009.8570976,188.204
2014-08-13,Srisailam,2337.8916416,193.471
2014-08-14,Srisailam,1404.3150624,193.471
2014-08-15,Srisailam,1548.9572768,190.81
2014-08-16,Srisailam,1913.9608288,189.072
2014-08-17,Srisailam,533.2336607999999,186.9
2014-08-18,Srisailam,806.4907808,182.215
2014-08-19,Srisailam,223.7876704,177.504
2014-08-20,Srisailam,450.0389024,171.528
2014-08-21,Srisailam,501.9719136,165.612
2014-08-22,Srisailam,629.7939488,159.864
2014-08-23,Srisailam,1798.3150176,154.636
2014-08-24,Srisailam,2095.9245856,153.379
2014-08-25,Srisailam,4255.3637536,152.122
2014-08-26,Srisailam,5672.8178112,159.487
2014-08-27,Srisailam,3950.2219168,172.741
2014-08-28,Srisailam,1289.0940032,181.367
2014-08-29,Srisailam,5997.5265567999995,182.215
2014-08-30,Srisailam,6280.8361408,193.916
2014-08-31,Srisailam,4678.2751616,205.954
2014-09-01,Srisailam,5192.3383488,213.392
2014-09-02,Srisailam,6127.5006688,212.916
2014-09-03,Srisailam,6088.0270496,212.916
2014-09-04,Srisailam,5596.3624512,212.953
2014-09-05,Srisailam,4311.2894336,211.013
2014-09-06,Srisailam,3924.00056,212.916
2014-09-07,Srisailam,2597.6699648,212.916
2014-09-08,Srisailam,3920.4892768,211.013
2014-09-09,Srisailam,6057.813024,212.916
2014-09-10,Srisailam,5674.545136,213.392
2014-09-11,Srisailam,4207.0552928,213.392
2014-09-12,Srisailam,2357.9116192,211.489
2014-09-13,Srisailam,3787.1737824,211.013
2014-09-14,Srisailam,4306.5322112,212.44
2014-09-15,Srisailam,3827.1854208,213.392
2014-09-16,Srisailam,2412.4214592,211.489
2014-09-17,Srisailam,1631.5856992,210.537
2014-09-18,Srisailam,2033.3444576,208.158
2014-09-19,Srisailam,2059.4242304,206.818
2014-09-20,Srisailam,1530.381456,206.386
2014-09-21,Srisailam,1537.5739232,205.09
2014-09-22,Srisailam,1133.8329888,204.226
2014-09-23,Srisailam,1217.3958656,201.609
2014-09-24,Srisailam,778.00408,199.783
2014-09-25,Srisailam,430.273776,198.87
2014-09-26,Srisailam,115.0794752,197.044
2014-09-27,Srisailam,180.0665312,193.026
2014-09-28,Srisailam,31.6864992,189.941
2014-09-29,Srisailam,6.3429632,186.9
2014-09-30,Srisailam,100.3547392,180.943
2014-10-01,Srisailam,324.8220128,175.977
2014-10-02,Srisailam,111.3699744,172.337
2014-10-03,Srisailam,393.60352,170.334
2014-10-04,Srisailam,447.5187072,168.359
2014-10-05,Srisailam,568.318176,166.384
2014-10-06,Srisailam,35.6508512,164.84
2014-10-07,Srisailam,248.8197216,161.752
2014-10-08,Srisailam,32.705904,160.619
2014-10-09,Srisailam,282.65829759999997,158.732
2014-10-10,Srisailam,62.6650784,156.113
2014-10-11,Srisailam,110.43552,153.158
2014-10-12,Srisailam,107.20740479999999,149.12
2014-10-13,Srisailam,67.3656672,144.57
2014-10-14,Srisailam,60.2581504,138.069
2014-10-15,Srisailam,37.7462944,131.547
2014-10-16,Srisailam,14.9229536,124.935
2014-10-17,Srisailam,125.6982752,117.864
2014-10-18,Srisailam,331.2499264,111.705
2014-10-19,Srisailam,140.9610304,108.05
2014-10-20,Srisailam,22.4269056,105.227
2014-10-21,Srisailam,40.35144,101.26
2014-10-22,Srisailam,11.609888,97.795
2014-10-23,Srisailam,108.594928,96.515
2014-10-24,Srisailam,1.1609888,96.089
2014-10-25,Srisailam,13.1389952,95.193
2014-10-26,Srisailam,403.9674688,94.52
2014-10-27,Srisailam,1335.3353376,95.102
2014-10-28,Srisailam,1027.3051872,98.649
2014-10-29,Srisailam,710.3552448,100.541
2014-10-30,Srisailam,211.9795648,101.26
2014-10-31,Srisailam,203.4278912,100.541
2014-11-01,Srisailam,9.0896928,98.649
2014-11-02,Srisailam,365.8247392,97.582
2014-11-03,Srisailam,278.3258272,97.369
2014-11-04,Srisailam,121.36580479999999,98.009
2014-11-05,Srisailam,167.8053568,98.222
2014-11-06,Srisailam,196.5469088,98.649
2014-11-07,Srisailam,65.5817088,99.102
2014-11-08,Srisailam,63.4013152,99.102
2014-11-09,Srisailam,27.1274944,98.009
2014-11-10,Srisailam,6.0597952,97.582
2014-11-11,Srisailam,35.1977824,96.515
2014-11-12,Srisailam,32.2245184,96.302
2014-11-13,Srisailam,241.99537279999998,96.089
2014-11-14,Srisailam,52.4710304,96.515
2014-11-15,Srisailam,50.432220799999996,95.865
2014-11-16,Srisailam,137.6479648,95.194
2014-11-17,Srisailam,227.86528959999998,94.97
2014-11-18,Srisailam,110.2089856,94.298
2014-11-19,Srisailam,102.5917664,93.401
2014-11-20,Srisailam,84.100896,93.401
2014-11-21,Srisailam,18.122752,93.401
2014-11-22,Srisailam,33.838575999999996,92.752
2014-11-23,Srisailam,64.0809184,92.102
2014-11-24,Srisailam,71.41496959999999,92.102
2014-11-25,Srisailam,30.298976,91.669
2014-11-26,Srisailam,77.2765472,91.019
2014-11-27,Srisailam,64.3924032,90.593
2014-11-28,Srisailam,25.2585856,90.593
2014-11-29,Srisailam,2.8883136,90.384
2014-11-30,Srisailam,42.5318336,89.966
2014-12-01,Srisailam,14.2150336,89.965
2014-12-02,Srisailam,31.8847168,89.546
2014-12-03,Srisailam,38.652432,89.128
2014-12-04,Srisailam,22.9082912,89.128
2014-12-05,Srisailam,64.7322048,89.128
2014-12-06,Srisailam,90.0191072,88.291
2014-12-07,Srisailam,38.9072832,88.089
2014-12-08,Srisailam,35.0845152,87.887
2014-12-09,Srisailam,35.962336,87.483
2014-12-10,Srisailam,42.616784,87.079
2014-12-11,Srisailam,9.7409792,85.868
2014-12-12,Srisailam,36.0189696,84.432
2014-12-13,Srisailam,78.7490208,82.782
2014-12-14,Srisailam,43.6361888,82.028
2014-12-15,Srisailam,33.0173888,81.84
2014-12-16,Srisailam,33.3571904,81.093
2014-12-17,Srisailam,230.9518208,79.821
2014-12-18,Srisailam,77.588032,78.918
2014-12-19,Srisailam,102.36523199999999,77.865
2014-12-20,Srisailam,30.1290752,76.648
2014-12-21,Srisailam,21.94552,76.309
2014-12-22,Srisailam,12.374441599999999,76.479
2014-12-23,Srisailam,105.763248,76.14
2014-12-24,Srisailam,15.1778048,75.462
2014-12-25,Srisailam,44.6839104,75.462
2014-12-26,Srisailam,92.0862336,75.462
2014-12-27,Srisailam,18.4342368,74.464
2014-12-28,Srisailam,26.9292768,73.812
2014-12-29,Srisailam,92.3694016,74.627
2014-12-30,Srisailam,17.1599808,74.627
2014-12-31,Srisailam,18.9156224,74.464
2015-01-01,Srisailam,26.3912576,74.138
2015-01-02,Srisailam,44.740544,74.954
2015-01-03,Srisailam,52.0462784,74.791
2015-01-04,Srisailam,40.6629248,74.627
2015-01-05,Srisailam,36.0472864,74.464
2015-01-06,Srisailam,52.4427136,74.138
2015-01-07,Srisailam,42.3902496,73.975
2015-01-08,Srisailam,0.48138559999999997,73.648
2015-01-09,Srisailam,29.9874912,73.648
2015-01-10,Srisailam,46.72272,73.648
2015-01-11,Srisailam,22.228688,73.975
2015-01-12,Srisailam,19.255424,74.464
2015-01-13,Srisailam,39.2754016,74.138
2015-01-14,Srisailam,31.2334304,73.648
2015-01-15,Srisailam,25.683337599999998,72.85
2015-01-16,Srisailam,58.9272608,72.412
2015-01-17,Srisailam,49.1013312,71.682
2015-01-18,Srisailam,38.9072832,71.244
2015-01-19,Srisailam,12.9690944,70.793
2015-01-20,Srisailam,48.3934112,70.183
2015-01-21,Srisailam,22.1437376,69.573
2015-01-22,Srisailam,11.8364224,68.827
2015-01-23,Srisailam,25.3718528,68.24
2015-01-24,Srisailam,4.1908864,67.364
2015-01-25,Srisailam,3.0015808,67.081
2015-01-26,Srisailam,46.72272,66.799
2015-01-27,Srisailam,23.502944,66.516
2015-01-28,Srisailam,6.6827648,66.092
2015-01-29,Srisailam,20.926115199999998,65.674
2015-01-30,Srisailam,2.8883136,64.996
2015-01-31,Srisailam,2.83168,64.318
2015-02-01,Srisailam,10.8170176,63.941
2015-02-02,Srisailam,6.7677152,63.7
2015-02-03,Srisailam,11.468304,63.337
2015-02-04,Srisailam,20.6995808,62.975
2015-02-05,Srisailam,36.4720384,61.985
2015-02-06,Srisailam,38.9922336,62.22
2015-02-07,Srisailam,14.9795872,60.744
2015-02-08,Srisailam,12.459392,60.502
2015-02-09,Srisailam,2.0671264,60.382
2015-02-10,Srisailam,6.9942496,60.141
2015-02-11,Srisailam,5.4934592,59.659
2015-02-12,Srisailam,8.3817728,59.196
2015-02-13,Srisailam,8.4100896,58.733
2015-02-14,Srisailam,0.0566336,58.094
2015-02-15,Srisailam,57.199936,56.941
2015-02-16,Srisailam,35.4243168,56.744
2015-02-17,Srisailam,25.1736352,56.055
2015-02-18,Srisailam,23.814428799999998,55.353
2015-02-19,Srisailam,24.9754176,54.738
2015-02-20,Srisailam,95.7957344,53.839
2015-02-21,Srisailam,132.947376,53.347
2015-02-22,Srisailam,84.3557472,53.248
2015-02-23,Srisailam,59.5219136,53.445
2015-02-24,Srisailam,77.8145664,53.248
2015-02-25,Srisailam,3.822768,53.347
2015-02-26,Srisailam,5.8898944,53.347
2015-02-27,Srisailam,11.6382048,53.347
2015-02-28,Srisailam,16.0556256,53.153
2015-03-01,Srisailam,13.308895999999999,53.153
2015-03-02,Srisailam,17.1599808,53.153
2015-03-03,Srisailam,23.8427456,53.153
2015-03-04,Srisailam,39.0205504,53.153
2015-03-05,Srisailam,29.2795712,53.248
2015-03-06,Srisailam,19.2271072,53.153
2015-03-07,Srisailam,17.5847328,53.153
2015-03-08,Srisailam,17.6130496,53.153
2015-03-09,Srisailam,17.103347199999998,53.153
2015-03-10,Srisailam,29.0813536,53.153
2015-03-11,Srisailam,74.1050656,53.059
2015-03-12,Srisailam,39.5585696,53.153
2015-03-13,Srisailam,55.1894432,53.153
2015-03-14,Srisailam,19.5102752,53.153
2015-03-15,Srisailam,14.299984,52.964
2015-03-16,Srisailam,18.547504,52.964
2015-03-17,Srisailam,6.3995968,52.49
2015-03-18,Srisailam,10.8170176,52.019
2015-03-19,Srisailam,16.565328,50.939
2015-03-20,Srisailam,0.3114848,51.382
2015-03-21,Srisailam,64.845472,51.2
2015-03-22,Srisailam,4.5023712,51.2
2015-03-23,Srisailam,16.0839424,49.789
2015-03-24,Srisailam,16.7635456,48.112
2015-03-25,Srisailam,9.5427616,45.471
2015-03-26,Srisailam,4.2758367999999995,42.522
2015-03-27,Srisailam,10.8453344,40.474
2015-03-28,Srisailam,3.4546495999999998,37.586
2015-03-29,Srisailam,6.1164287999999996,35.231
2015-03-30,Srisailam,10.4488992,33.016
2015-03-31,Srisailam,3.2564319999999998,32.239
2015-04-01,Srisailam,46.297968,31.297
2015-04-02,Srisailam,37.378175999999996,31.089
2015-04-03,Srisailam,56.576966399999996,31.045
2015-04-04,Srisailam,48.4783616,31.132
2015-04-05,Srisailam,10.901968,31.132
2015-04-06,Srisailam,124.73550399999999,31.132
2015-04-07,Srisailam,128.4450048,31.297
2015-04-08,Srisailam,180.7744512,31.337
2015-04-09,Srisailam,237.0682496,31.54
2015-04-10,Srisailam,94.4648448,31.837
2015-04-11,Srisailam,105.6499808,31.837
2015-04-12,Srisailam,106.07473279999999,32.105
2015-04-13,Srisailam,52.669247999999996,32.421
2015-04-14,Srisailam,35.112832,32.421
2015-04-15,Srisailam,42.7300512,32.195
2015-04-16,Srisailam,32.3661024,32.239
2015-04-17,Srisailam,42.1353984,32.285
2015-04-18,Srisailam,34.7447136,32.285
2015-04-19,Srisailam,18.4908704,32.105
2015-04-20,Srisailam,51.536576,32.105
2015-04-21,Srisailam,29.9591744,32.195
2015-04-22,Srisailam,35.4809504,32.105
2015-04-23,Srisailam,28.599968,32.15
2015-04-24,Srisailam,24.2958144,32.061
2015-04-25,Srisailam,27.8070976,32.016
2015-04-26,Srisailam,13.167311999999999,31.926
2015-04-27,Srisailam,27.3540288,31.792
2015-04-28,Srisailam,72.3211072,31.622
2015-04-29,Srisailam,94.0967264,31.459
2015-04-30,Srisailam,70.1690304,31.5
2015-05-01,Srisailam,34.2350112,31.419
2015-05-02,Srisailam,38.2559968,31.5
2015-05-03,Srisailam,35.2260992,31.5
2015-05-04,Srisailam,4.8421728,31.5
2015-05-05,Srisailam,32.56432,31.419
2015-05-06,Srisailam,34.1500608,31.216
2015-05-07,Srisailam,14.3849344,30.915
2015-05-08,Srisailam,12.6292928,30.357
2015-05-09,Srisailam,14.6397856,30.102
2015-05-10,Srisailam,18.5191872,29.809
2015-05-11,Srisailam,26.8160096,29.767
2015-05-12,Srisailam,22.1437376,29.683
2015-05-13,Srisailam,6.6261312,29.6
2015-05-14,Srisailam,7.6738528,29.6
2015-05-15,Srisailam,11.1285024,29.559
2015-05-16,Srisailam,29.591056,29.517
2015-05-17,Srisailam,12.9407776,29.6
2015-05-18,Srisailam,12.176224,29.559
2015-05-19,Srisailam,17.7546336,29.559
2015-05-20,Srisailam,22.1437376,29.6
2015-05-21,Srisailam,12.459392,29.476
2015-05-22,Srisailam,12.2611744,29.393
2015-05-23,Srisailam,5.4934592,29.269
2015-05-24,Srisailam,5.2669248,29.227
2015-05-25,Srisailam,19.4253248,29.186
2015-05-26,Srisailam,14.3566176,29.069
2015-05-27,Srisailam,16.735228799999998,28.918
2015-05-28,Srisailam,9.6843456,28.805
2015-05-29,Srisailam,2.9166304,28.654
2015-05-30,Srisailam,3.8794016,28.654
2015-05-31,Srisailam,15.4892896,28.654
2015-06-01,Srisailam,2.9449472,28.692
2015-06-02,Srisailam,2.7184128,28.692
2015-06-03,Srisailam,2.83168,28.692
2015-06-04,Srisailam,2.7184128,28.692
2015-06-05,Srisailam,16.0839424,28.692
2015-06-06,Srisailam,15.0362208,28.73
2015-06-07,Srisailam,27.1558112,28.767
2015-06-08,Srisailam,14.753052799999999,28.843
2015-06-09,Srisailam,14.86632,28.88
2015-06-10,Srisailam,14.9512704,28.918
2015-06-11,Srisailam,27.5522464,28.956
2015-06-12,Srisailam,39.9550048,29.031
2015-06-13,Srisailam,43.6928224,29.144
2015-06-14,Srisailam,29.8459072,29.269
2015-06-15,Srisailam,16.140576,29.351
2015-06-16,Srisailam,29.7892736,29.393
2015-06-17,Srisailam,2.2087104,29.476
2015-06-18,Srisailam,2.0104928,29.476
2015-06-19,Srisailam,1.9255423999999999,29.476
2015-06-20,Srisailam,15.57424,29.476
2015-06-21,Srisailam,15.57424,29.517
2015-06-22,Srisailam,29.1946208,29.6
2015-06-23,Srisailam,1.840592,29.6
2015-06-24,Srisailam,1.9255423999999999,29.6
2015-06-25,Srisailam,15.6308736,29.641
2015-06-26,Srisailam,1.9255423999999999,29.641
2015-06-27,Srisailam,2.0388096,29.641
2015-06-28,Srisailam,15.8857248,29.641
2015-06-29,Srisailam,15.998992,29.683
2015-06-30,Srisailam,16.0839424,29.725
2015-07-01,Srisailam,2.3219776,29.767
2015-07-02,Srisailam,2.4352448,29.767
2015-07-03,Srisailam,2.4352448,29.767
2015-07-04,Srisailam,16.3954272,29.767
2015-07-05,Srisailam,2.6334624,29.809
2015-07-06,Srisailam,2.6334624,29.809
2015-07-07,Srisailam,2.7184128,29.809
2015-07-08,Srisailam,2.3219776,29.809
2015-07-09,Srisailam,0.0,29.809
2015-07-10,Srisailam,2.12376,29.767
2015-07-11,Srisailam,2.0388096,29.767
2015-07-12,Srisailam,2.12376,29.767
2015-07-13,Srisailam,0.0,29.767
2015-07-14,Srisailam,0.0,29.725
2015-07-15,Srisailam,15.6308736,29.725
2015-07-16,Srisailam,29.5627392,29.767
2015-07-17,Srisailam,15.8290912,29.851
2015-07-18,Srisailam,2.0388096,29.893
2015-07-19,Srisailam,1.9538592,29.893
2015-07-20,Srisailam,1.840592,29.893
2015-07-21,Srisailam,1.9538592,29.893
2015-07-22,Srisailam,1.7556416,29.893
2015-07-23,Srisailam,1.6706912,29.893
2015-07-24,Srisailam,1.7556416,29.893
2015-07-25,Srisailam,15.6875072,29.893
2015-07-26,Srisailam,1.6706912,29.935
2015-07-27,Srisailam,1.7556416,29.935
2015-07-28,Srisailam,15.7441408,29.935
2015-07-29,Srisailam,1.9538592,29.976
2015-07-30,Srisailam,2.7184128,29.976
2015-07-31,Srisailam,2.0388096,29.976
2015-08-01,Srisailam,1.9538592,29.976
2015-08-02,Srisailam,1.9538592,29.976
2015-08-03,Srisailam,15.9140416,29.976
2015-08-04,Srisailam,1.9538592,29.976
2015-08-05,Srisailam,1.7556416,29.976
2015-08-06,Srisailam,15.545923199999999,29.976
2015-08-07,Srisailam,1.7556416,30.06
2015-08-08,Srisailam,1.6706912,30.06
2015-08-09,Srisailam,1.557424,30.06
2015-08-10,Srisailam,1.4724736,30.06
2015-08-11,Srisailam,1.557424,30.06
2015-08-12,Srisailam,15.2061216,30.06
2015-08-13,Srisailam,1.4724736,30.06
2015-08-14,Srisailam,0.0,30.06
2015-08-15,Srisailam,1.6706912,30.06
2015-08-16,Srisailam,1.7556416,30.06
2015-08-17,Srisailam,0.0,30.06
2015-08-18,Srisailam,0.0,29.976
2015-08-19,Srisailam,0.0,29.976
2015-08-20,Srisailam,0.0,29.934
2015-08-21,Srisailam,0.0,29.893
2015-08-22,Srisailam,1.840592,29.809
2015-08-23,Srisailam,15.6308736,29.809
2015-08-24,Srisailam,15.6875072,29.851
2015-08-25,Srisailam,1.9538592,29.893
2015-08-26,Srisailam,8.49504,29.893
2015-08-27,Srisailam,5.380192,29.434
2015-08-28,Srisailam,66.4595296,29.112
2015-08-29,Srisailam,45.3635136,28.881
2015-08-30,Srisailam,3.5112832,28.692
2015-08-31,Srisailam,42.5035168,28.301
2015-09-01,Srisailam,2.5768288,28.093
2015-09-02,Srisailam,4.1625696,27.696
2015-09-03,Srisailam,4.95544,27.307
2015-09-04,Srisailam,5.6350432,26.921
2015-09-05,Srisailam,21.4924512,26.538
2015-09-06,Srisailam,16.8768128,26.206
2015-09-07,Srisailam,37.2932256,26.241
2015-09-08,Srisailam,632.9371136,26.348
2015-09-09,Srisailam,1118.1454816,28.252
2015-09-10,Srisailam,1213.0350784,31.622
2015-09-11,Srisailam,1347.3416608,35.281
2015-09-12,Srisailam,1789.480176,39.345
2015-09-13,Srisailam,1704.5580928,44.738
2015-09-14,Srisailam,592.8688416,49.874
2015-09-15,Srisailam,662.1034176,51.655
2015-09-16,Srisailam,1000.6024448,53.642
2015-09-17,Srisailam,1195.6202464,56.252
2015-09-18,Srisailam,838.2905472,59.427
2015-09-19,Srisailam,601.3355648,61.231
2015-09-20,Srisailam,420.1363616,62.487
2015-09-21,Srisailam,217.614608,63.217
2015-09-22,Srisailam,135.6941056,63.217
2015-09-23,Srisailam,152.5426016,61.859
2015-09-24,Srisailam,43.5229216,62.236
2015-09-25,Srisailam,63.3163648,62.236
2015-09-26,Srisailam,4.5023712,62.236
2015-09-27,Srisailam,43.4946048,62.11
2015-09-28,Srisailam,127.0291648,62.11
2015-09-29,Srisailam,447.8585088,62.362
2015-09-30,Srisailam,247.7436832,63.579
2015-10-01,Srisailam,98.9105824,64.183
2015-10-02,Srisailam,328.899632,64.318
2015-10-03,Srisailam,236.9832992,65.132
2015-10-04,Srisailam,234.32152,65.674
2015-10-05,Srisailam,286.5093824,66.233
2015-10-06,Srisailam,386.5526368,66.94
2015-10-07,Srisailam,593.8882464,67.946
2015-10-08,Srisailam,660.4044096,69.573
2015-10-09,Srisailam,587.9700352,71.39
2015-10-10,Srisailam,432.7656544,72.996
2015-10-11,Srisailam,277.929392,74.138
2015-10-12,Srisailam,220.8427232,74.791
2015-10-13,Srisailam,54.4248896,75.293
2015-10-14,Srisailam,0.0,75.293
2015-10-15,Srisailam,112.5875968,75.123
2015-10-16,Srisailam,55.8973632,75.293
2015-10-17,Srisailam,284.7820576,75.293
2015-10-18,Srisailam,136.7418272,75.971
2015-10-19,Srisailam,27.3540288,76.14
2015-10-20,Srisailam,84.0442624,75.971
2015-10-21,Srisailam,84.384064,75.971
2015-10-22,Srisailam,27.8354144,75.971
2015-10-23,Srisailam,27.7787808,75.801
2015-10-24,Srisailam,34.3199616,75.801
2015-10-25,Srisailam,0.0,75.462
2015-10-26,Srisailam,40.4647072,75.123
2015-10-27,Srisailam,3.822768,73.975
2015-10-28,Srisailam,8.1269216,72.266
2015-10-29,Srisailam,14.3849344,71.244
2015-10-30,Srisailam,18.1510688,70.793
2015-10-31,Srisailam,40.2664896,70.335
2015-11-01,Srisailam,38.9639168,68.974
2015-11-02,Srisailam,19.11384,66.516
2015-11-03,Srisailam,41.8805472,66.516
2015-11-04,Srisailam,25.0037344,64.861
2015-11-05,Srisailam,23.3047264,63.941
2015-11-06,Srisailam,9.1746432,62.362
2015-11-07,Srisailam,29.1946208,61.105
2015-11-08,Srisailam,31.0352128,60.864
2015-11-09,Srisailam,31.997984,60.502
2015-11-10,Srisailam,17.839584,60.261
2015-11-11,Srisailam,9.8259296,59.9
2015-11-12,Srisailam,28.458384,59.427
2015-11-13,Srisailam,25.768288,58.27
2015-11-14,Srisailam,7.78712,57.384
2015-11-15,Srisailam,23.3896768,57.274
2015-11-16,Srisailam,98.117712,57.274
2015-11-17,Srisailam,136.3737088,57.274
2015-11-18,Srisailam,93.02068799999999,57.274
2015-11-19,Srisailam,131.4465856,56.647
2015-11-20,Srisailam,111.3416576,56.253
2015-11-21,Srisailam,75.9173408,55.859
2015-11-22,Srisailam,39.8134208,55.662
2015-11-23,Srisailam,47.0342048,55.251
2015-11-24,Srisailam,42.8150016,54.944
2015-11-25,Srisailam,136.203808,54.534
2015-11-26,Srisailam,100.2131552,54.333
2015-11-27,Srisailam,14.3566176,54.136
2015-11-28,Srisailam,7.4190016,54.136
2015-11-29,Srisailam,21.4358176,54.136
2015-11-30,Srisailam,9.4294944,54.037
2015-12-01,Srisailam,55.9823136,54.037
2015-12-02,Srisailam,35.1977824,54.135
2015-12-03,Srisailam,35.4526336,54.234
2015-12-04,Srisailam,56.6619168,54.332
2015-12-05,Srisailam,3.0298976,54.431
2015-12-06,Srisailam,2.8033632,54.431
2015-12-07,Srisailam,3.0298976,54.431
2015-12-08,Srisailam,37.236592,54.431
2015-12-09,Srisailam,3.0298976,54.533
2015-12-10,Srisailam,2.8033632,54.533
2015-12-11,Srisailam,5.0403904,54.533
2015-12-12,Srisailam,51.6215264,54.533
2015-12-13,Srisailam,70.792,54.636
2015-12-14,Srisailam,2.83168,54.841
2015-12-15,Srisailam,3.0582143999999998,54.841
2015-12-16,Srisailam,37.2932256,54.841
2015-12-17,Srisailam,27.8354144,54.943
2015-12-18,Srisailam,38.510848,54.636
2015-12-19,Srisailam,32.7625376,54.234
2015-12-20,Srisailam,31.5165984,54.037
2015-12-21,Srisailam,8.3817728,54.037
2015-12-22,Srisailam,33.9518432,53.153
2015-12-23,Srisailam,2.2936608,52.205
2015-12-24,Srisailam,44.3724256,51.928
2015-12-25,Srisailam,35.112832,51.746
2015-12-26,Srisailam,38.4542144,51.655
2015-12-27,Srisailam,32.2528352,51.655
2015-12-28,Srisailam,30.5538272,51.473
2015-12-29,Srisailam,33.696992,51.473
2015-12-30,Srisailam,26.6744256,51.382
2015-12-31,Srisailam,16.2255264,51.017
2016-01-01,Srisailam,4.9271232,51.017
2016-01-02,Srisailam,2.2936608,51.017
2016-01-03,Srisailam,2.4918784,51.017
2016-01-04,Srisailam,2.690096,51.017
2016-01-05,Srisailam,2.4918784,51.017
2016-01-06,Srisailam,2.690096,51.017
2016-01-07,Srisailam,32.6775872,51.017
2016-01-08,Srisailam,2.2936608,51.109
2016-01-09,Srisailam,32.4793696,51.109
2016-01-10,Srisailam,2.0954432,51.2
2016-01-11,Srisailam,2.0954432,51.2
2016-01-12,Srisailam,2.2936608,51.2
2016-01-13,Srisailam,2.5201952,51.2
2016-01-14,Srisailam,2.2936608,51.2
2016-01-15,Srisailam,32.4793696,51.2
2016-01-16,Srisailam,2.5201952,51.291
2016-01-17,Srisailam,2.2936608,51.291
2016-01-18,Srisailam,2.0954432,51.291
2016-01-19,Srisailam,1.8972256,51.291
2016-01-20,Srisailam,1.6706912,51.291
2016-01-21,Srisailam,1.8972256,51.291
2016-01-22,Srisailam,2.0954432,51.291
2016-01-23,Srisailam,6.229696,51.291
2016-01-24,Srisailam,2.3219776,51.473
2016-01-25,Srisailam,2.548512,51.473
2016-01-26,Srisailam,2.3219776,51.473
2016-01-27,Srisailam,2.548512,51.473
2016-01-28,Srisailam,2.7467296,51.473
2016-01-29,Srisailam,2.548512,51.473
2016-01-30,Srisailam,2.548512,51.473
2016-01-31,Srisailam,2.7467296,51.473
2016-02-01,Srisailam,2.973264,51.473
2016-02-02,Srisailam,12.8275104,51.473
2016-02-03,Srisailam,2.5201952,50.529
2016-02-04,Srisailam,23.7577952,49.448
2016-02-05,Srisailam,10.4488992,48.36
2016-02-06,Srisailam,23.927696,47.31
2016-02-07,Srisailam,9.0896928,46.145
2016-02-08,Srisailam,25.5700704,45.471
2016-02-09,Srisailam,9.5993952,44.521
2016-02-10,Srisailam,1.8972256,43.329
2016-02-11,Srisailam,19.538592,42.72
2016-02-12,Srisailam,18.0661184,42.064
2016-02-13,Srisailam,5.238608,41.613
2016-02-14,Srisailam,2.0671264,41.549
2016-02-15,Srisailam,23.0498752,41.549
2016-02-16,Srisailam,1.7839584,41.613
2016-02-17,Srisailam,23.0498752,41.613
2016-02-18,Srisailam,11.9496896,41.677
2016-02-19,Srisailam,1.9255423999999999,41.677
2016-02-20,Srisailam,9.20296,41.677
2016-02-21,Srisailam,1.1893056,41.677
2016-02-22,Srisailam,10.760384,41.549
2016-02-23,Srisailam,2.0671264,41.549
2016-02-24,Srisailam,2.2087104,41.549
2016-02-25,Srisailam,2.2087104,41.549
2016-02-26,Srisailam,3.0298976,41.549
2016-02-27,Srisailam,2.2087104,41.549
2016-02-28,Srisailam,2.0671264,41.549
2016-02-29,Srisailam,2.2087104,41.549
2016-03-01,Srisailam,1.9255423999999999,41.534
2016-03-02,Srisailam,0.0,41.534
2016-03-03,Srisailam,10.0241472,41.454
2016-03-04,Srisailam,16.3671104,41.231
2016-03-05,Srisailam,19.1421568,40.474
2016-03-06,Srisailam,1.0477216,39.345
2016-03-07,Srisailam,11.4116704,38.03
2016-03-08,Srisailam,13.733648,36.986
2016-03-09,Srisailam,13.592064,36.329
2016-03-10,Srisailam,10.477216,35.838
2016-03-11,Srisailam,1.8689088,35.381
2016-03-12,Srisailam,1.982176,35.381
2016-03-13,Srisailam,2.0954432,35.381
2016-03-14,Srisailam,2.5768288,35.381
2016-03-15,Srisailam,1.8689088,35.231
2016-03-16,Srisailam,1.982176,35.231
2016-03-17,Srisailam,15.7441408,35.231
2016-03-18,Srisailam,14.299984,35.231
2016-03-19,Srisailam,12.232857599999999,35.13
2016-03-20,Srisailam,2.0671264,34.371
2016-03-21,Srisailam,3.114848,33.435
2016-03-22,Srisailam,5.5500928,32.016
2016-03-23,Srisailam,0.141584,30.697
2016-03-24,Srisailam,9.0047424,30.568
2016-03-25,Srisailam,6.9092991999999995,30.441
2016-03-26,Srisailam,15.1778048,30.357
2016-03-27,Srisailam,2.1803936,30.357
2016-03-28,Srisailam,2.0671264,30.357
2016-03-29,Srisailam,2.1803936,30.357
2016-03-30,Srisailam,1.982176,30.357
2016-03-31,Srisailam,0.0,30.357
2016-04-01,Srisailam,4.5590048,29.976
2016-04-02,Srisailam,2.8883136,29.269
2016-04-03,Srisailam,6.8526656,28.805
2016-04-04,Srisailam,2.0671264,28.692
2016-04-05,Srisailam,16.1972096,28.692
2016-04-06,Srisailam,24.5789824,28.493
2016-04-07,Srisailam,25.7399712,28.013
2016-04-08,Srisailam,14.3849344,27.541
2016-04-09,Srisailam,27.750464,27.036
2016-04-10,Srisailam,10.2506816,26.576
2016-04-11,Srisailam,10.5621664,26.068
2016-04-12,Srisailam,18.6607712,25.563
2016-04-13,Srisailam,7.0792,25.087
2016-04-14,Srisailam,9.2312768,24.581
2016-04-15,Srisailam,8.9481088,24.085
2016-04-16,Srisailam,10.6471168,23.591
2016-04-17,Srisailam,12.2045408,23.107
2016-04-18,Srisailam,1.274256,22.631
2016-04-19,Srisailam,14.9229536,22.129
2016-04-20,Srisailam,1.982176,21.971
2016-04-21,Srisailam,1.982176,21.971
2016-04-22,Srisailam,12.1479072,21.971
2016-04-23,Srisailam,1.982176,22.001
2016-04-24,Srisailam,2.0671264,22.001
2016-04-25,Srisailam,1.982176,22.001
2016-04-26,Srisailam,1.9255423999999999,22.001
2016-04-27,Srisailam,22.1437376,22.001
2016-04-28,Srisailam,2.1520768,22.062
2016-04-29,Srisailam,2.2370272,22.062
2016-04-30,Srisailam,2.1520768,22.062
2016-05-01,Srisailam,2.2370272,22.062
2016-05-02,Srisailam,2.2936608,22.062
2016-05-03,Srisailam,24.3241312,22.062
2016-05-04,Srisailam,13.1389952,22.129
2016-05-05,Srisailam,2.0104928,22.162
2016-05-06,Srisailam,1.9255423999999999,22.162
2016-05-07,Srisailam,2.0104928,22.162
2016-05-08,Srisailam,31.431648,22.162
2016-05-09,Srisailam,0.0,21.94
2016-05-10,Srisailam,3.681184,21.439
2016-05-11,Srisailam,4.2192032,20.957
2016-05-12,Srisailam,7.9853376,20.481
2016-05-13,Srisailam,5.3518752,20.023
2016-05-14,Srisailam,6.5411808,19.554
2016-05-15,Srisailam,7.0792,19.102
2016-05-16,Srisailam,0.0,18.656
2016-05-17,Srisailam,1.557424,18.333
2016-05-18,Srisailam,1.5007904,18.333
2016-05-19,Srisailam,1.3592064,18.333
2016-05-20,Srisailam,1.41584,18.333
2016-05-21,Srisailam,1.5007904,18.333
2016-05-22,Srisailam,1.557424,18.333
2016-05-23,Srisailam,1.6140576,18.333
2016-05-24,Srisailam,1.699008,18.333
2016-05-25,Srisailam,1.7556416,18.333
2016-05-26,Srisailam,1.699008,18.333
2016-05-27,Srisailam,1.6140576,18.333
2016-05-28,Srisailam,19.4536416,18.333
2016-05-29,Srisailam,11.2417696,18.392
2016-05-30,Srisailam,20.8694816,18.421
2016-05-31,Srisailam,1.5007904,18.48
2016-06-01,Srisailam,11.0718688,18.481
2016-06-02,Srisailam,1.41584,18.51
2016-06-03,Srisailam,0.0,18.51
2016-06-04,Srisailam,11.1001856,18.51
2016-06-05,Srisailam,20.8694816,18.539
2016-06-06,Srisailam,20.812848,18.598
2016-06-07,Srisailam,20.8694816,18.657
2016-06-08,Srisailam,30.7520448,18.715
2016-06-09,Srisailam,20.9827488,18.804
2016-06-10,Srisailam,21.0393824,18.864
2016-06-11,Srisailam,21.0393824,18.923
2016-06-12,Srisailam,20.9827488,18.982
2016-06-13,Srisailam,21.1243328,19.042
2016-06-14,Srisailam,21.1809664,19.102
2016-06-15,Srisailam,21.096016,19.161
2016-06-16,Srisailam,1.3308896,19.221
2016-06-17,Srisailam,21.0393824,19.221
2016-06-18,Srisailam,20.9827488,19.281
2016-06-19,Srisailam,21.0393824,19.341
2016-06-20,Srisailam,1.132672,19.401
2016-06-21,Srisailam,61.617356799999996,19.401
2016-06-22,Srisailam,51.6215264,19.584
2016-06-23,Srisailam,30.3272928,19.737
2016-06-24,Srisailam,10.6471168,19.824
2016-06-25,Srisailam,38.9072832,19.852
2016-06-26,Srisailam,19.963344,19.967
2016-06-27,Srisailam,19.963344,20.023
2016-06-28,Srisailam,30.157391999999998,20.081
2016-06-29,Srisailam,52.8957824,20.168
2016-06-30,Srisailam,126.151344,20.325
2016-07-01,Srisailam,137.9877664,20.325
2016-07-02,Srisailam,129.5776768,21.116
2016-07-03,Srisailam,135.8073728,21.497
2016-07-04,Srisailam,184.2291008,21.91
2016-07-05,Srisailam,135.495888,22.463
2016-07-06,Srisailam,46.2413344,22.868
2016-07-07,Srisailam,68.951408,23.005
2016-07-08,Srisailam,81.2408992,23.209
2016-07-09,Srisailam,0.8778208,23.452
2016-07-10,Srisailam,0.7928704,23.452
2016-07-11,Srisailam,0.8778208,23.452
2016-07-12,Srisailam,0.7928704,23.452
2016-07-13,Srisailam,0.8778208,23.452
2016-07-14,Srisailam,0.9627711999999999,23.452
2016-07-15,Srisailam,1.0477216,23.452
2016-07-16,Srisailam,1.132672,23.452
2016-07-17,Srisailam,1.0477216,23.452
2016-07-18,Srisailam,1.132672,23.452
2016-07-19,Srisailam,1.0477216,23.452
2016-07-20,Srisailam,0.9627711999999999,23.452
2016-07-21,Srisailam,12.5726592,23.452
2016-07-22,Srisailam,1.0477216,23.486
2016-07-23,Srisailam,591.962704,23.486
2016-07-24,Srisailam,897.4160256,25.269
2016-07-25,Srisailam,526.2960448,27.974
2016-07-26,Srisailam,307.5770816,26.181
2016-07-27,Srisailam,568.3464928,30.483
2016-07-28,Srisailam,573.8965856,32.195
2016-07-29,Srisailam,1038.51864,33.672
2016-07-30,Srisailam,948.3862656,36.777
2016-07-31,Srisailam,1090.8197696,39.11
2016-08-01,Srisailam,1032.0624096,41.868
2016-08-02,Srisailam,784.4036768,43.981
2016-08-03,Srisailam,1193.9495552,45.396
2016-08-04,Srisailam,1198.2537088,47.947
2016-08-05,Srisailam,6231.3666912,50.692
2016-08-06,Srisailam,6461.5822751999995,68.386
2016-08-07,Srisailam,3599.9714175999998,87.079
2016-08-08,Srisailam,4735.7582655999995,97.796
2016-08-09,Srisailam,4985.9088768,110.69
2016-08-10,Srisailam,5187.5244928,124.03
2016-08-11,Srisailam,6475.0610719999995,135.401
2016-08-12,Srisailam,5109.5966591999995,148.1
2016-08-13,Srisailam,1448.262736,156.853
2016-08-14,Srisailam,1448.262736,161.752
2016-08-15,Srisailam,986.274144,161.752
2016-08-16,Srisailam,965.8010975999999,161.752
2016-08-17,Srisailam,11.6382048,161.752
2016-08-18,Srisailam,628.0099904,158.354
2016-08-19,Srisailam,710.8649472,156.853
2016-08-20,Srisailam,455.8438464,155.375
2016-08-21,Srisailam,246.2428928,153.897
2016-08-22,Srisailam,177.0366336,152.455
2016-08-23,Srisailam,202.43680319999999,150.454
2016-08-24,Srisailam,209.7142208,149.12
2016-08-25,Srisailam,117.231552,148.787
2016-08-26,Srisailam,96.6169216,148.787
2016-08-27,Srisailam,84.1575296,148.453
2016-08-28,Srisailam,72.51932479999999,148.1
2016-08-29,Srisailam,352.1760416,147.747
2016-08-30,Srisailam,777.4660608,148.1
2016-08-31,Srisailam,190.3455296,149.454
2016-09-01,Srisailam,291.946208,149.454
2016-09-02,Srisailam,391.7346112,149.787
2016-09-03,Srisailam,513.3552672,150.454
2016-09-04,Srisailam,7.6172192,151.121
2016-09-05,Srisailam,96.3054368,150.121
2016-09-06,Srisailam,13.025727999999999,149.454
2016-09-07,Srisailam,41.3991616,148.453
2016-09-08,Srisailam,11.1285024,147.394
2016-09-09,Srisailam,91.0101952,146.335
2016-09-10,Srisailam,93.6719744,144.923
2016-09-11,Srisailam,111.6248256,143.872
2016-09-12,Srisailam,131.4182688,142.839
2016-09-13,Srisailam,24.5789824,142.15
2016-09-14,Srisailam,33.1589728,141.461
2016-09-15,Srisailam,137.2232128,141.116
2016-09-16,Srisailam,1755.9530848,141.116
2016-09-17,Srisailam,2624.4859744,145.982
2016-09-18,Srisailam,1243.249104,153.528
2016-09-19,Srisailam,753.3118304,156.853
2016-09-20,Srisailam,109.5010656,158.354
2016-09-21,Srisailam,141.8388512,157.977
2016-09-22,Srisailam,1892.0436256,157.977
2016-09-23,Srisailam,1676.8359456,162.91
2016-09-24,Srisailam,3309.101248,167.569
2016-09-25,Srisailam,6027.1742464,175.976
2016-09-26,Srisailam,3602.746464,188.203
2016-09-27,Srisailam,3992.1590975999998,192.581
2016-09-28,Srisailam,3368.7364288,197.957
2016-09-29,Srisailam,2061.7745248,201.153
2016-09-30,Srisailam,702.2000064,202.497
2016-10-01,Srisailam,418.805472,201.609
2016-10-02,Srisailam,1063.5223744,198.87
2016-10-03,Srisailam,675.1291456,200.24
2016-10-04,Srisailam,960.7323904,199.327
2016-10-05,Srisailam,989.530576,200.696
2016-10-06,Srisailam,1356.4313536,201.153
2016-10-07,Srisailam,866.5790304,202.929
2016-10-08,Srisailam,1451.1510496,202.065
2016-10-09,Srisailam,1060.4358432,201.609
2016-10-10,Srisailam,989.2757248,201.153
2016-10-11,Srisailam,660.9707456,200.696
2016-10-12,Srisailam,538.6138528,198.87
2016-10-13,Srisailam,327.5970592,198.87
2016-10-14,Srisailam,149.229536,198.414
2016-10-15,Srisailam,306.5859936,197.501
2016-10-16,Srisailam,0.0,197.501
2016-10-17,Srisailam,185.8148416,196.587
2016-10-18,Srisailam,76.9650624,195.697
2016-10-19,Srisailam,0.0,193.026
2016-10-20,Srisailam,0.0,191.69
2016-10-21,Srisailam,0.0,189.507
2016-10-22,Srisailam,170.6370368,187.769
2016-10-23,Srisailam,0.0,187.334
2016-10-24,Srisailam,3.9077184,186.031
2016-10-25,Srisailam,0.0,185.183
2016-10-26,Srisailam,0.0,184.335
2016-10-27,Srisailam,0.0,183.063
2016-10-28,Srisailam,0.0,182.215
2016-10-29,Srisailam,0.0,180.562
2016-10-30,Srisailam,0.0,179.415
2016-10-31,Srisailam,16.2538432,178.269
2016-11-01,Srisailam,0.0,177.504
2016-11-02,Srisailam,9.3728608,176.358
2016-11-03,Srisailam,10.5055328,175.571
2016-11-04,Srisailam,0.0,174.763
2016-11-05,Srisailam,0.0,173.55
2016-11-06,Srisailam,0.0,172.337
2016-11-07,Srisailam,0.0,171.125
2016-11-08,Srisailam,0.0,169.939
2016-11-09,Srisailam,0.0,168.754
2016-11-10,Srisailam,0.0,167.569
2016-11-11,Srisailam,16.7635456,166.384
2016-11-12,Srisailam,0.0,165.612
2016-11-13,Srisailam,0.0,164.454
2016-11-14,Srisailam,0.0,163.296
2016-11-15,Srisailam,28.9114528,161.752
2016-11-16,Srisailam,23.7577952,160.997
2016-11-17,Srisailam,0.0,160.242
2016-11-18,Srisailam,0.0,159.487
2016-11-19,Srisailam,0.0,158.732
2016-11-20,Srisailam,0.0,157.977
2016-11-21,Srisailam,0.0,157.222
2016-11-22,Srisailam,0.0,156.483
2016-11-23,Srisailam,96.843456,155.744
2016-11-24,Srisailam,0.0,155.375
2016-11-25,Srisailam,0.0,154.636
2016-11-26,Srisailam,0.0,153.897
2016-11-27,Srisailam,0.0,153.158
2016-11-28,Srisailam,0.0,152.455
2016-11-29,Srisailam,0.0,151.788
2016-11-30,Srisailam,0.0,151.121
2016-12-01,Srisailam,0.0,150.454
2016-12-02,Srisailam,0.0,149.454
2016-12-03,Srisailam,0.0,148.453
2016-12-04,Srisailam,0.0,147.394
2016-12-05,Srisailam,0.0,146.688
2016-12-06,Srisailam,0.0,145.982
2016-12-07,Srisailam,0.0,144.923
2016-12-08,Srisailam,0.0,144.217
2016-12-09,Srisailam,0.0,143.183
2016-12-10,Srisailam,0.0,142.494
2016-12-11,Srisailam,0.0,141.461
2016-12-12,Srisailam,0.0,140.427
2016-12-13,Srisailam,0.0,139.076
2016-12-14,Srisailam,0.0,138.069
2016-12-15,Srisailam,0.0,137.062
2016-12-16,Srisailam,0.0,136.054
2016-12-17,Srisailam,0.0,135.401
2016-12-18,Srisailam,0.0,134.747
2016-12-19,Srisailam,0.0,134.094
2016-12-20,Srisailam,0.0,133.441
2016-12-21,Srisailam,0.0,132.46
2016-12-22,Srisailam,0.0,131.255
2016-12-23,Srisailam,0.0,130.082
2016-12-24,Srisailam,0.0,128.91
2016-12-25,Srisailam,0.0,127.708
2016-12-26,Srisailam,0.0,126.784
2016-12-27,Srisailam,0.0,124.935
2016-12-28,Srisailam,13.5354304,123.732
2016-12-29,Srisailam,0.0,122.538
2016-12-30,Srisailam,0.0,121.046
2016-12-31,Srisailam,0.0,11.873
2017-01-01,Srisailam,0.0,117.294
2017-01-02,Srisailam,0.0,116.173
2017-01-03,Srisailam,0.0,115.051
2017-01-04,Srisailam,0.0,113.458
2017-01-05,Srisailam,0.0,111.205
2017-01-06,Srisailam,39.0205504,109.37
2017-01-07,Srisailam,0.0,107.53
2017-01-08,Srisailam,0.0,105.227
2017-01-09,Srisailam,0.0,104.468
2017-01-10,Srisailam,0.0,103.228
2017-01-11,Srisailam,0.0,102.236
2017-01-12,Srisailam,0.0,101.492
2017-01-13,Srisailam,0.0,100.781
2017-01-14,Srisailam,0.0,99.821
2017-01-15,Srisailam,45.5617312,99.342
2017-01-16,Srisailam,0.0,98.862
2017-01-17,Srisailam,0.0,97.582
2017-01-18,Srisailam,0.0,96.302
2017-01-19,Srisailam,0.283168,94.52
2017-01-20,Srisailam,24.23634912,93.184
2017-01-21,Srisailam,41.3142112,91.451
2017-01-22,Srisailam,17.9528512,90.174
2017-01-23,Srisailam,0.0,89.128
2017-01-24,Srisailam,0.0,88.291
2017-01-25,Srisailam,0.0,87.685
2017-01-26,Srisailam,25.032051199999998,87.079
2017-01-27,Srisailam,41.1726272,86.675
2017-01-28,Srisailam,0.0,86.069
2017-01-29,Srisailam,0.0,85.15
2017-01-30,Srisailam,13.5354304,84.253
2017-01-31,Srisailam,0.0,83.158
2017-02-01,Srisailam,0.0,81.646
2017-02-02,Srisailam,0.0,80.361
2017-02-03,Srisailam,0.0,78.918
2017-02-04,Srisailam,24.05228992,77.859
2017-02-05,Srisailam,0.0,76.988
2017-02-06,Srisailam,0.0,75.801
2017-02-07,Srisailam,24.009814719999998,74.628
2017-02-08,Srisailam,0.0,73.485
2017-02-09,Srisailam,0.0,72.996
2017-02-10,Srisailam,0.0,72.558
2017-02-11,Srisailam,0.0,75.782
2017-02-12,Srisailam,0.0,71.234
2017-02-13,Srisailam,0.0,70.793
2017-02-14,Srisailam,0.0,69.869
2017-02-15,Srisailam,0.0,68.239
2017-02-16,Srisailam,0.0,66.151
2017-02-17,Srisailam,0.0,63.452
2017-02-18,Srisailam,23.78894368,61.231
2017-02-19,Srisailam,0.0,58.152
2017-02-20,Srisailam,0.0,55.245
2017-02-21,Srisailam,1.489746848,52.011
2017-02-22,Srisailam,0.0,51.766
2017-02-23,Srisailam,0.0,47.858
2017-02-24,Srisailam,3.398016,46.682
2017-02-25,Srisailam,0.0,44.447
2017-02-26,Srisailam,5.0120736,44.042
2017-02-27,Srisailam,10.5904832,43.785
2017-02-28,Srisailam,0.0,43.715
2017-03-01,Srisailam,0.0,43.659
2017-03-02,Srisailam,18.3492864,43.126
2017-03-03,Srisailam,14.611468799999999,42.26
2017-03-04,Srisailam,9.6560288,42.064
2017-03-05,Srisailam,0.0,41.868
2017-03-06,Srisailam,0.0,41.613
2017-03-07,Srisailam,10.760384,40.3
2017-03-08,Srisailam,19.7368096,39.818
2017-03-09,Srisailam,0.141584,39.169
2017-03-10,Srisailam,18.264336,38.993
2017-03-11,Srisailam,13.3372128,38.993
2017-03-12,Srisailam,23.6162112,38.764
2017-03-13,Srisailam,18.1510688,38.764
2017-03-14,Srisailam,0.0,38.65
2017-03-15,Srisailam,10.4205824,38.48
2017-03-16,Srisailam,3.5112832,38.366
2017-03-17,Srisailam,6.8243488,38.03
2017-03-18,Srisailam,0.7645535999999999,37.336
2017-03-19,Srisailam,5.4651423999999995,36.83
2017-03-20,Srisailam,12.9407776,35.89
2017-03-21,Srisailam,3.7944512,35.482
2017-03-22,Srisailam,0.0,35.331
2017-03-23,Srisailam,0.0,35.281
2017-03-24,Srisailam,0.0,34.932
2017-03-25,Srisailam,8.49504,34.636
2017-03-26,Srisailam,1.4724736,34.265
2017-03-27,Srisailam,12.9690944,34.042
2017-03-28,Srisailam,0.7362368,33.577
2017-03-29,Srisailam,13.0823616,33.016
2017-03-30,Srisailam,3.8794016,32.784
2017-03-31,Srisailam,24.9754176,32.195
2017-04-01,Srisailam,10.6188,31.881
2017-04-02,Srisailam,7.1924672,31.256
2017-04-03,Srisailam,5.0687071999999995,31.045
2017-04-04,Srisailam,2.4635616,31.001
2017-04-05,Srisailam,15.4892896,30.827
2017-04-06,Srisailam,32.8191712,30.697
2017-04-07,Srisailam,25.2585856,30.697
2017-04-08,Srisailam,16.8201792,30.653
2017-04-09,Srisailam,28.599968,30.653
2017-04-10,Srisailam,29.73264,30.697
2017-04-11,Srisailam,37.7179776,30.697
2017-04-12,Srisailam,15.998992,30.653
2017-04-13,Srisailam,21.94552,30.653
2017-04-14,Srisailam,9.627712,30.653
2017-04-15,Srisailam,4.95544,30.653
2017-04-16,Srisailam,8.9764256,30.653
2017-04-17,Srisailam,18.40592,30.653
2017-04-18,Srisailam,19.8500768,30.186
2017-04-19,Srisailam,2.0388096,29.642
2017-04-20,Srisailam,7.3340512,29.186
2017-04-21,Srisailam,0.0,28.133
2017-04-22,Srisailam,4.7289056,26.767
2017-04-23,Srisailam,0.70792,25.526
2017-04-24,Srisailam,18.547504,24.295
2017-04-25,Srisailam,5.4934592,23.141
2017-04-26,Srisailam,9.3162272,22.296
2017-04-27,Srisailam,14.753052799999999,22.062
2017-04-28,Srisailam,3.7944512,22.096
2017-04-29,Srisailam,0.0,22.096
2017-04-30,Srisailam,3.681184,22.096
2017-05-01,Srisailam,14.6964192,22.095
2017-05-02,Srisailam,3.7378176,22.129
2017-05-03,Srisailam,3.7944512,22.129
2017-05-04,Srisailam,3.822768,22.129
2017-05-05,Srisailam,3.7378176,22.129
2017-05-06,Srisailam,3.8510847999999998,22.129
2017-05-07,Srisailam,18.9439392,22.129
2017-05-08,Srisailam,4.530688,21.788
2017-05-09,Srisailam,6.4562304,20.861
2017-05-10,Srisailam,6.4562304,19.795
2017-05-11,Srisailam,18.1510688,18.804
2017-05-12,Srisailam,3.398016,18.334
2017-05-13,Srisailam,3.3696992,18.334
2017-05-14,Srisailam,3.4546495999999998,18.334
2017-05-15,Srisailam,3.398016,18.334
2017-05-16,Srisailam,3.5112832,18.334
2017-05-17,Srisailam,3.681184,18.334
2017-05-18,Srisailam,3.7378176,18.334
2017-05-19,Srisailam,4.813856,18.334
2017-05-20,Srisailam,4.105936,18.307
2017-05-21,Srisailam,4.24752,18.307
2017-05-22,Srisailam,4.5023712,18.307
2017-05-23,Srisailam,4.5023712,18.28
2017-05-24,Srisailam,4.4740544,18.28
2017-05-25,Srisailam,4.530688,1.825
2017-05-26,Srisailam,0.0,1.825
2017-05-27,Srisailam,30.7803616,1.825
2017-05-28,Srisailam,23.2764096,18.334
2017-05-29,Srisailam,23.1348256,18.392
2017-05-30,Srisailam,0.0,18.45
2017-05-31,Srisailam,3.398016,18.51
2017-06-01,Srisailam,3.3413824,18.51
2017-06-02,Srisailam,3.2847488,18.51
2017-06-03,Srisailam,3.3130656,18.51
2017-06-04,Srisailam,3.1997984,18.51
2017-06-05,Srisailam,3.114848,18.51
2017-06-06,Srisailam,2.973264,18.51
2017-06-07,Srisailam,19.4536416,18.51
2017-06-08,Srisailam,29.1946208,18.568
2017-06-09,Srisailam,80.844464,18.657
2017-06-10,Srisailam,51.4799424,18.893
2017-06-11,Srisailam,51.9046944,19.042
2017-06-12,Srisailam,21.9738368,19.191
2017-06-13,Srisailam,31.9130336,19.251
2017-06-14,Srisailam,11.9213728,19.341
2017-06-15,Srisailam,12.0912736,19.371
2017-06-16,Srisailam,2.406928,19.401
2017-06-17,Srisailam,0.0,19.401
2017-06-18,Srisailam,2.265344,19.401
2017-06-19,Srisailam,12.2045408,19.401
2017-06-20,Srisailam,1.7839584,19.432
2017-06-21,Srisailam,1.699008,19.432
2017-06-22,Srisailam,21.94552,19.432
2017-06-23,Srisailam,1.132672,19.493
2017-06-24,Srisailam,1.41584,19.493
2017-06-25,Srisailam,21.3225504,19.493
2017-06-26,Srisailam,31.6864992,19.554
2017-06-27,Srisailam,1.1893056,19.645
2017-06-28,Srisailam,21.3225504,19.645
2017-06-29,Srisailam,30.9502624,19.706
2017-06-30,Srisailam,20.1898784,19.796
2017-07-01,Srisailam,29.5627392,19.853
2017-07-02,Srisailam,1.132672,19.938
2017-07-03,Srisailam,1045.9093248,19.938
2017-07-04,Srisailam,10.5621664,19.967
2017-07-05,Srisailam,19.963344,19.995
2017-07-06,Srisailam,1.0194048,20.052
2017-07-07,Srisailam,28.7981856,20.052
2017-07-08,Srisailam,0.7928704,20.137
2017-07-09,Srisailam,11.2417696,20.137
2017-07-10,Srisailam,11.3833536,20.142
2017-07-11,Srisailam,11.32672,20.2
2017-07-12,Srisailam,21.6340352,20.231
2017-07-13,Srisailam,10.9586016,20.294
2017-07-14,Srisailam,20.7845312,20.325
2017-07-15,Srisailam,44.1175744,20.388
2017-07-16,Srisailam,36.9817408,19.938
2017-07-17,Srisailam,2.7467296,19.341
2017-07-18,Srisailam,58.75736,18.657
2017-07-19,Srisailam,40.0116384,18.834
2017-07-20,Srisailam,50.7437056,18.953
2017-07-21,Srisailam,10.9869184,19.101
2017-07-22,Srisailam,11.043552,19.131
2017-07-23,Srisailam,1.3875232,19.161
2017-07-24,Srisailam,11.609888,19.161
2017-07-25,Srisailam,18.3209696,19.191
2017-07-26,Srisailam,30.9785792,19.251
2017-07-27,Srisailam,1.3875232,19.341
2017-07-28,Srisailam,1.0477216,19.341
2017-07-29,Srisailam,1.3875232,19.341
2017-07-30,Srisailam,0.5538766079999999,19.341
2017-07-31,Srisailam,12.03464,22.096
2017-08-01,Srisailam,2.265344,19.371
2017-08-02,Srisailam,12.176224,19.371
2017-08-03,Srisailam,1.982176,19.401
2017-08-04,Srisailam,2.0954432,19.401
2017-08-05,Srisailam,1.982176,19.401
2017-08-06,Srisailam,2.1520768,19.401
2017-08-07,Srisailam,11.6665216,19.401
2017-08-08,Srisailam,1.41584,19.432
2017-08-09,Srisailam,0.849504,19.432
2017-08-10,Srisailam,1.274256,19.432
2017-08-11,Srisailam,21.6057184,19.432
2017-08-12,Srisailam,21.7189856,19.493
2017-08-13,Srisailam,31.997984,19.554
2017-08-14,Srisailam,31.573232,19.645
2017-08-15,Srisailam,29.9591744,19.736
2017-08-16,Srisailam,48.5066784,19.824
2017-08-17,Srisailam,56.492016,19.967
2017-08-18,Srisailam,63.486265599999996,20.137
2017-08-19,Srisailam,63.3729984,20.325
2017-08-20,Srisailam,64.1658688,20.513
2017-08-21,Srisailam,53.7452864,20.703
2017-08-22,Srisailam,54.0001376,20.861
2017-08-23,Srisailam,11.9496896,21.02
2017-08-24,Srisailam,11.723155199999999,21.052
2017-08-25,Srisailam,43.18312,21.084
2017-08-26,Srisailam,65.7516096,21.212
2017-08-27,Srisailam,33.0740224,21.406
2017-08-28,Srisailam,186.1546432,21.504
2017-08-29,Srisailam,132.7208416,22.062
2017-08-30,Srisailam,409.4892448,22.463
2017-08-31,Srisailam,55.1044928,23.668
2017-09-01,Srisailam,99.4769184,23.857
2017-09-02,Srisailam,275.18266239999997,24.153
2017-09-03,Srisailam,594.4545823999999,24.978
2017-09-04,Srisailam,0.766535776,26.767
2017-09-05,Srisailam,1056.3015904,28.919
2017-09-06,Srisailam,410.6785504,32.106
2017-09-07,Srisailam,545.1267167999999,33.341
2017-09-08,Srisailam,0.6796032,34.981
2017-09-09,Srisailam,820.1111616,36.986
2017-09-10,Srisailam,1565.6925056,39.403
2017-09-11,Srisailam,1048.712688,44.11
2017-09-12,Srisailam,1069.5821696,47.071
2017-09-13,Srisailam,859.6414144,49.021
2017-09-14,Srisailam,572.2258944,51.382
2017-09-15,Srisailam,1180.385808,52.964
2017-09-16,Srisailam,4348.4127584,56.547
2017-09-17,Srisailam,4732.8133184,68.973
2017-09-18,Srisailam,5062.1660192,82.97
2017-09-19,Srisailam,3974.8575328,98.009
2017-09-20,Srisailam,2489.7263232,108.862
2017-09-21,Srisailam,2463.3350656,111.706
2017-09-22,Srisailam,3987.7699936,113.458
2017-09-23,Srisailam,3888.0099072,120.468
2017-09-24,Srisailam,4538.2202688,126.476
2017-09-25,Srisailam,3554.5512704,135.075
2017-09-26,Srisailam,3179.5235712,140.772
2017-09-27,Srisailam,2558.4795136,145.629
2017-09-28,Srisailam,1786.7617632,148.453
2017-09-29,Srisailam,2352.0500416,149.12
2017-09-30,Srisailam,4096.9029408,151.454
2017-10-01,Srisailam,3390.5686815999998,161.752
2017-10-02,Srisailam,3434.9977408,170.73
2017-10-03,Srisailam,2630.913888,179.797
2017-10-04,Srisailam,2466.9879328,185.608
2017-10-05,Srisailam,1778.436624,191.245
2017-10-06,Srisailam,1861.5464319999999,195.253
2017-10-07,Srisailam,1210.9962688,199.783
2017-10-08,Srisailam,1022.9727168,200.696
2017-10-09,Srisailam,1249.1106816,200.696
2017-10-10,Srisailam,3528.6413984,202.93
2017-10-11,Srisailam,4166.7888032,207.25
2017-10-12,Srisailam,2936.310576,212.441
2017-10-13,Srisailam,4735.5034144,209.585
2017-10-14,Srisailam,7070.563376,209.585
2017-10-15,Srisailam,5448.4921216,208.158
2017-10-16,Srisailam,5695.0181824,207.25
2017-10-17,Srisailam,7320.6007199999995,208.158
2017-10-18,Srisailam,5848.6368224,207.25
2017-10-19,Srisailam,4203.1192576,206.386
2017-10-20,Srisailam,2011.9369568,209.11
2017-10-21,Srisailam,1296.9660736,209.585
2017-10-22,Srisailam,1230.7047616,209.11
2017-10-23,Srisailam,312.16,209.585
2017-10-24,Srisailam,778.2306144,207.682
2017-10-25,Srisailam,1388.1461696,206.386
2017-10-26,Srisailam,414.2464672,206.386
2017-10-27,Srisailam,810.1719648,204.657
2017-10-28,Srisailam,895.2639488,203.793
2017-10-29,Srisailam,539.010288,203.361
2017-10-30,Srisailam,195.72572159999999,202.497
2017-10-31,Srisailam,87.357328,199.326
2017-11-01,Srisailam,223.985888,197.044
2017-11-02,Srisailam,25.9381888,195.253
2017-11-03,Srisailam,59.7767648,193.026
2017-11-04,Srisailam,120.3180832,190.81
2017-11-05,Srisailam,253.97337919999998,189.072
2017-11-06,Srisailam,32.3944192,188.637
2017-11-07,Srisailam,129.37945919999999,186.031
2017-11-08,Srisailam,144.0758784,184.759
2017-11-09,Srisailam,57.4264704,183.488
2017-11-10,Srisailam,38.5674816,182.215
2017-11-11,Srisailam,44.2874752,180.18
2017-11-12,Srisailam,16.5370112,178.269
2017-11-13,Srisailam,169.9008,177.123
2017-11-14,Srisailam,11.2984032,176.358
2017-11-15,Srisailam,88.914752,174.358
2017-11-16,Srisailam,115.1644256,173.146
2017-11-17,Srisailam,57.766272,171.529
2017-11-18,Srisailam,88.54663359999999,170.335
2017-11-19,Srisailam,0.0,168.36
2017-11-20,Srisailam,1.9255423999999999,166.78
2017-11-21,Srisailam,129.6343104,165.226
2017-11-22,Srisailam,27.8354144,164.067
2017-11-23,Srisailam,241.4856704,162.524
2017-11-24,Srisailam,49.7243008,161.752
2017-11-25,Srisailam,264.5638624,160.619
2017-11-26,Srisailam,295.8539264,160.242
2017-11-27,Srisailam,186.6926624,159.865
2017-11-28,Srisailam,240.2114144,159.11
2017-11-29,Srisailam,228.1201408,158.354
2017-11-30,Srisailam,227.3555872,157.6
2017-12-01,Srisailam,223.6177696,156.852
2017-12-02,Srisailam,291.521456,156.113
2017-12-03,Srisailam,256.9183264,155.375
2017-12-04,Srisailam,105.3101792,155.006
2017-12-05,Srisailam,146.8509248,153.528
2017-12-06,Srisailam,50.4888544,152.789
2017-12-07,Srisailam,228.2050912,151.788
2017-12-08,Srisailam,143.9342944,151.121
2017-12-09,Srisailam,164.803776,150.454
2017-12-10,Srisailam,71.0468512,149.787
2017-12-11,Srisailam,116.8634336,148.786
2017-12-12,Srisailam,45.165296,148.1
2017-12-13,Srisailam,85.8848544,147.041
2017-12-14,Srisailam,106.7826528,146.335
2017-12-15,Srisailam,43.1264864,145.982
2017-12-16,Srisailam,100.807808,145.276
2017-12-17,Srisailam,126.4061952,144.217
2017-12-18,Srisailam,34.4898624,143.872
2017-12-19,Srisailam,14.3566176,143.184
2017-12-20,Srisailam,145.9447872,142.495
2017-12-21,Srisailam,51.168457599999996,142.149
2017-12-22,Srisailam,136.6851936,141.461
2017-12-23,Srisailam,157.9227936,141.116
2017-12-24,Srisailam,150.362208,140.427
2017-12-25,Srisailam,255.3325856,140.083
2017-12-26,Srisailam,79.3719904,140.427
2017-12-27,Srisailam,159.565168,140.083
2017-12-28,Srisailam,145.5766688,140.083
2017-12-29,Srisailam,161.9437792,140.083
2017-12-30,Srisailam,158.57408,140.083
2017-12-31,Srisailam,175.9605952,139.748
2018-01-01,Srisailam,95.8240512,139.747
2018-01-02,Srisailam,0.0,139.411
2018-01-03,Srisailam,81.552384,138.74
2018-01-04,Srisailam,0.0,138.404
2018-01-05,Srisailam,8.5799904,137.733
2018-01-06,Srisailam,0.0,137.062
2018-01-07,Srisailam,0.1132672,136.054
2018-01-08,Srisailam,0.0,135.401
2018-01-09,Srisailam,55.8124128,134.747
2018-01-10,Srisailam,0.0,134.421
2018-01-11,Srisailam,0.0,133.767
2018-01-12,Srisailam,31.290064,132.787
2018-01-13,Srisailam,34.8862976,131.841
2018-01-14,Srisailam,0.0,131.255
2018-01-15,Srisailam,0.0,130.375
2018-01-16,Srisailam,25.400169599999998,129.203
2018-01-17,Srisailam,36.4154048,128.016
2018-01-18,Srisailam,0.0,126.784
2018-01-19,Srisailam,0.0,124.627
2018-01-20,Srisailam,12.9407776,122.538
2018-01-21,Srisailam,0.0,120.468
2018-01-22,Srisailam,0.0,118.732
2018-01-23,Srisailam,0.0,116.453
2018-01-24,Srisailam,0.0,113.959
2018-01-25,Srisailam,5.1253408,111.455
2018-01-26,Srisailam,0.0,109.898
2018-01-27,Srisailam,17.839584,108.314
2018-01-28,Srisailam,0.0,107.018
2018-01-29,Srisailam,28.7132352,105.738
2018-01-30,Srisailam,10.5055328,104.971
2018-01-31,Srisailam,12.516025599999999,103.971
2018-02-01,Srisailam,0.0,102.98
2018-02-02,Srisailam,0.0,102.236
2018-02-03,Srisailam,26.334623999999998,100.781
2018-02-04,Srisailam,32.9607552,98.862
2018-02-05,Srisailam,0.0,97.795
2018-02-06,Srisailam,32.0263008,96.089
2018-02-07,Srisailam,25.768288,94.745
2018-02-08,Srisailam,0.0,91.668
2018-02-09,Srisailam,20.8694816,89.965
2018-02-10,Srisailam,5.521776,88.089
2018-02-11,Srisailam,0.0,86.069
2018-02-12,Srisailam,2.8033632,85.149
2018-02-13,Srisailam,0.0,83.894
2018-02-14,Srisailam,8.0986048,82.593
2018-02-15,Srisailam,0.0,81.652
2018-02-16,Srisailam,0.0,81.093
2018-02-17,Srisailam,0.0,80.185
2018-02-18,Srisailam,0.0,79.276
2018-02-19,Srisailam,0.0,78.568
2018-02-20,Srisailam,0.0,77.69
2018-02-21,Srisailam,0.0,76.818
2018-02-22,Srisailam,0.0,75.97
2018-02-23,Srisailam,0.0,74.301
2018-02-24,Srisailam,0.0,72.12
2018-02-25,Srisailam,0.0,69.725
2018-02-26,Srisailam,0.0,67.799
2018-02-27,Srisailam,0.0,65.674
2018-02-28,Srisailam,0.0,63.941
2018-03-01,Srisailam,0.0,62.854
2018-03-02,Srisailam,14.724736,62.487
2018-03-03,Srisailam,17.6413664,62.236
2018-03-04,Srisailam,0.0,61.859
2018-03-05,Srisailam,17.273248,61.482
2018-03-06,Srisailam,0.0,60.502
2018-03-07,Srisailam,0.0,59.9
2018-03-08,Srisailam,28.7698688,57.937
2018-03-09,Srisailam,3.3413824,57.052
2018-03-10,Srisailam,2.1520768,55.149
2018-03-11,Srisailam,11.468304,53.154
2018-03-12,Srisailam,12.9124608,51.564
2018-03-13,Srisailam,13.9318656,50.203
2018-03-14,Srisailam,0.0,48.689
2018-03-15,Srisailam,0.0,45.995
2018-03-16,Srisailam,0.0,42.856
2018-03-17,Srisailam,26.4195744,41.167
2018-03-18,Srisailam,36.1605536,40.179
2018-03-19,Srisailam,33.6686752,39.345
2018-03-20,Srisailam,111.31334079999999,38.086
2018-03-21,Srisailam,128.558272,36.672
2018-03-22,Srisailam,110.0674016,36.097
2018-03-23,Srisailam,55.6991456,35.941
2018-03-24,Srisailam,44.9670784,35.735
2018-03-25,Srisailam,33.2156064,35.582
2018-03-26,Srisailam,93.9551424,35.432
2018-03-27,Srisailam,77.16328,34.636
2018-03-28,Srisailam,91.6897984,33.435
2018-03-29,Srisailam,54.2833056,32.512
2018-03-30,Srisailam,55.472611199999996,32.33
2018-03-31,Srisailam,31.3750144,31.792
2018-04-01,Srisailam,21.9738368,31.5
2018-04-02,Srisailam,14.9512704,31.459
2018-04-03,Srisailam,8.070288,31.297
2018-04-04,Srisailam,2.0388096,31.256
2018-04-05,Srisailam,16.0839424,31.256
2018-04-06,Srisailam,26.4195744,31.175
2018-04-07,Srisailam,33.1023392,31.001
2018-04-08,Srisailam,24.210864,30.871
2018-04-09,Srisailam,13.0540448,30.568
2018-04-10,Srisailam,22.9649248,30.441
2018-04-11,Srisailam,37.944511999999996,30.271
2018-04-12,Srisailam,19.5669088,30.101
2018-04-13,Srisailam,10.278998399999999,30.101
2018-04-14,Srisailam,1.557424,30.06
2018-04-15,Srisailam,0.0,30.06
2018-04-16,Srisailam,0.0,30.018
2018-04-17,Srisailam,0.849504,29.893
2018-04-18,Srisailam,0.0,29.767
2018-04-19,Srisailam,0.0,29.642
2018-04-20,Srisailam,4.4457376,29.434
2018-04-21,Srisailam,35.254416,29.269
2018-04-22,Srisailam,0.0,28.994
2018-04-23,Srisailam,12.374441599999999,28.881
2018-04-24,Srisailam,6.9659328,28.692
2018-04-25,Srisailam,2.2087104,28.692
2018-04-26,Srisailam,2.265344,28.692
2018-04-27,Srisailam,2.1520768,28.692
2018-04-28,Srisailam,2.0954432,28.692
2018-04-29,Srisailam,13.4787968,28.692
2018-04-30,Srisailam,19.7368096,28.73
2018-05-01,Srisailam,5.2952416,28.767
2018-05-02,Srisailam,1.132672,28.767
2018-05-03,Srisailam,26.90096,28.767
2018-05-04,Srisailam,12.7142432,28.805
2018-05-05,Srisailam,0.6229696,28.805
2018-05-06,Srisailam,1.4724736,28.767
2018-05-07,Srisailam,11.8081056,28.73
2018-05-08,Srisailam,25.3718528,28.692
2018-05-09,Srisailam,0.6796032,28.692
2018-05-10,Srisailam,1.5007904,28.615
2018-05-11,Srisailam,10.335632,28.615
2018-05-12,Srisailam,0.0,28.615
2018-05-13,Srisailam,1.8689088,28.615
2018-05-14,Srisailam,1.8122752,28.615
2018-05-15,Srisailam,0.9627711999999999,28.615
2018-05-16,Srisailam,6.6544479999999995,28.615
2018-05-17,Srisailam,1.0194048,28.615
2018-05-18,Srisailam,2.8883136,28.615
2018-05-19,Srisailam,1.3308896,28.615
2018-05-20,Srisailam,1.3025728,28.615
2018-05-21,Srisailam,1.132672,28.615
2018-05-22,Srisailam,12.2894912,28.615
2018-05-23,Srisailam,5.1253408,28.615
2018-05-24,Srisailam,4.8421728,28.615
2018-05-25,Srisailam,4.5023712,28.615
2018-05-26,Srisailam,6.1730624,28.615
2018-05-27,Srisailam,0.0,28.615
2018-05-28,Srisailam,7.2774176,28.575
2018-05-29,Srisailam,2.0954432,28.534
2018-05-30,Srisailam,2.0671264,28.534
2018-05-31,Srisailam,1.699008,28.53
2018-06-01,Srisailam,1.557424,28.534
2018-06-02,Srisailam,0.0,28.534
2018-06-03,Srisailam,1.41584,28.534
2018-06-04,Srisailam,1.7273247999999999,28.534
2018-06-05,Srisailam,1.7556416,28.534
2018-06-06,Srisailam,1.1609888,28.534
2018-06-07,Srisailam,1.1893056,28.534
2018-06-08,Srisailam,0.70792,28.534
2018-06-09,Srisailam,13.3372128,28.534
2018-06-10,Srisailam,14.441568,28.575
2018-06-11,Srisailam,1.0194048,28.615
2018-06-12,Srisailam,1.3308896,28.615
2018-06-13,Srisailam,1.7839584,28.615
2018-06-14,Srisailam,14.7813696,28.615
2018-06-15,Srisailam,1.3308896,28.655
2018-06-16,Srisailam,1.5291071999999999,28.655
2018-06-17,Srisailam,1.9538592,28.655
2018-06-18,Srisailam,2.265344,28.655
2018-06-19,Srisailam,2.7184128,28.655
2018-06-20,Srisailam,1.9255423999999999,28.655
2018-06-21,Srisailam,1.6423744,28.655
2018-06-22,Srisailam,0.0,28.655
2018-06-23,Srisailam,1.5857408,28.655
2018-06-24,Srisailam,1.7839584,28.655
2018-06-25,Srisailam,1.7839584,28.655
2018-06-26,Srisailam,25.3718528,28.655
2018-06-27,Srisailam,0.0,0.029
2018-06-28,Srisailam,1.3308896,28.73
2018-06-29,Srisailam,0.7362368,28.73
2018-06-30,Srisailam,0.48138559999999997,28.73
2018-07-01,Srisailam,0.7645535999999999,28.73
2018-07-02,Srisailam,1.2176224,28.73
2018-07-03,Srisailam,0.9627711999999999,28.73
2018-07-04,Srisailam,1.0760384,28.73
2018-07-05,Srisailam,1.132672,28.73
2018-07-06,Srisailam,0.0,28.73
2018-07-07,Srisailam,0.6796032,28.73
2018-07-08,Srisailam,0.849504,28.73
2018-07-09,Srisailam,0.0,28.73
2018-07-10,Srisailam,12.4877088,28.73
2018-07-11,Srisailam,0.0,28.768
2018-07-12,Srisailam,0.7362368,28.768
2018-07-13,Srisailam,0.9344544,28.768
2018-07-14,Srisailam,0.0,28.768
2018-07-15,Srisailam,0.0,28.768
2018-07-16,Srisailam,1.132672,28.768
2018-07-17,Srisailam,12.5443424,28.768
2018-07-18,Srisailam,1.41584,28.805
2018-07-19,Srisailam,12.4877088,28.805
2018-07-20,Srisailam,2898.1112128,28.843
2018-07-21,Srisailam,5193.584288,37.586
2018-07-22,Srisailam,6211.7997824,53.248
2018-07-23,Srisailam,5205.3640768,71.974
2018-07-24,Srisailam,5884.9106432,87.281
2018-07-25,Srisailam,6257.021712,104.715
2018-07-26,Srisailam,4611.815632,122.538
2018-07-27,Srisailam,4602.89584,135.074
2018-07-28,Srisailam,3019.4487008,146.688
2018-07-29,Srisailam,1569.6568576,152.789
2018-07-30,Srisailam,1357.8755104,155.006
2018-07-31,Srisailam,754.9825216,156.483
2018-08-01,Srisailam,114.7396736,156.483
2018-08-02,Srisailam,0.0,154.636
2018-08-03,Srisailam,40.3231232,152.455
2018-08-04,Srisailam,10.052464,150.788
2018-08-05,Srisailam,88.49,149.454
2018-08-06,Srisailam,48.6765792,148.453
2018-08-07,Srisailam,40.9460928,146.335
2018-08-08,Srisailam,0.0,143.528
2018-08-09,Srisailam,493.9299424,140.427
2018-08-10,Srisailam,826.8788768,139.076
2018-08-11,Srisailam,680.31112,137.397
2018-08-12,Srisailam,2551.768432,136.726
2018-08-13,Srisailam,2978.8990432,141.461
2018-08-14,Srisailam,2265.5988512,146.688
2018-08-15,Srisailam,3383.1779968,149.454
2018-08-16,Srisailam,7813.3979904,155.006
2018-08-17,Srisailam,9266.417948799999,170.73
2018-08-18,Srisailam,9248.2951968,189.941
2018-08-19,Srisailam,7954.6421887999995,196.587
2018-08-20,Srisailam,6767.0639136,197.501
2018-08-21,Srisailam,5345.9569888,197.501
2018-08-22,Srisailam,6362.7566432,203.361
2018-08-23,Srisailam,8531.7952064,205.09
2018-08-24,Srisailam,6806.3109984,203.361
2018-08-25,Srisailam,4522.051376,202.929
2018-08-26,Srisailam,2980.7113184,202.497
2018-08-27,Srisailam,4361.4101696,202.929
2018-08-28,Srisailam,4555.323616,207.25
2018-08-29,Srisailam,2972.8109312,207.25
2018-08-30,Srisailam,2404.662656,202.93
2018-08-31,Srisailam,4494.7822976,201.153
2018-09-01,Srisailam,5052.5949408,203.793
2018-09-02,Srisailam,3545.8863296,203.361
2018-09-03,Srisailam,1618.0785856,203.793
2018-09-04,Srisailam,5.811456863999999,202.929
2018-09-05,Srisailam,1036.7629984,201.153
2018-09-06,Srisailam,1199.641232,200.24
2018-09-07,Srisailam,1036.9328992,199.783
2018-09-08,Srisailam,41.2292608,197.501
2018-09-09,Srisailam,120.0065984,191.245
2018-09-10,Srisailam,700.0479296,186.031
2018-09-11,Srisailam,110.4072032,183.911
2018-09-12,Srisailam,270.5953408,180.562
2018-09-13,Srisailam,308.5681696,177.504
2018-09-14,Srisailam,100.8361248,175.571
2018-09-15,Srisailam,51.1967744,172.741
2018-09-16,Srisailam,3.5112832,168.754
2018-09-17,Srisailam,7.9003872,165.998
2018-09-18,Srisailam,146.7376576,163.682
2018-09-19,Srisailam,197.1132448,161.752
2018-09-20,Srisailam,318.3657824,159.487
2018-09-21,Srisailam,334.4497248,157.599
2018-09-22,Srisailam,341.6988256,156.483
2018-09-23,Srisailam,112.04957759999999,154.636
2018-09-24,Srisailam,368.967904,151.788
2018-09-25,Srisailam,71.1318016,149.454
2018-09-26,Srisailam,362.9081088,146.335
2018-09-27,Srisailam,211.2150112,144.217
2018-09-28,Srisailam,147.1340928,141.461
2018-09-29,Srisailam,405.9779616,138.74
2018-09-30,Srisailam,173.3271328,136.39
2018-10-01,Srisailam,405.0151904,133.114
2018-10-02,Srisailam,108.1984928,130.376
2018-10-03,Srisailam,7.4473184,128.617
2018-10-04,Srisailam,71.2733856,125.243
2018-10-05,Srisailam,36.3021376,122.837
2018-10-06,Srisailam,86.932576,120.468
2018-10-07,Srisailam,0.0,118.153
2018-10-08,Srisailam,25.4568032,115.893
2018-10-09,Srisailam,78.8339712,112.707
2018-10-10,Srisailam,33.5270912,108.578
2018-10-11,Srisailam,0.0,105.995
2018-10-12,Srisailam,55.0478592,104.468
2018-10-13,Srisailam,47.3173728,100.781
2018-10-14,Srisailam,0.0,96.728
2018-10-15,Srisailam,3.6528671999999998,93.625
2018-10-16,Srisailam,0.0,91.235
2018-10-17,Srisailam,32.422736,88.709
2018-10-18,Srisailam,0.0,87.483
2018-10-19,Srisailam,803.5741504,87.08
2018-10-20,Srisailam,1329.5587103999999,89.127
2018-10-21,Srisailam,938.2488512,92.101
2018-10-22,Srisailam,310.97509759999997,94.296
2018-10-23,Srisailam,308.9929216,93.625
2018-10-24,Srisailam,442.9313856,92.75
2018-10-25,Srisailam,535.4140543999999,92.75
2018-10-26,Srisailam,319.3002368,93.4
2018-10-27,Srisailam,442.6199008,93.4
2018-10-28,Srisailam,415.5207232,94.072
2018-10-29,Srisailam,158.007744,94.296
2018-10-30,Srisailam,158.007744,93.4
2018-10-31,Srisailam,294.55135359999997,92.75
2018-11-01,Srisailam,28.854819199999998,92.75
2018-11-02,Srisailam,169.4477312,91.235
2018-11-03,Srisailam,192.1861216,91.018
2018-11-04,Srisailam,534.5362336,91.018
2018-11-05,Srisailam,14.3566176,91.884
2018-11-06,Srisailam,229.30944639999998,90.593
2018-11-07,Srisailam,152.0328992,90.383
2018-11-08,Srisailam,21.4075008,90.174
2018-11-09,Srisailam,69.1496256,89.547
2018-11-10,Srisailam,179.0188096,88.919
2018-11-11,Srisailam,313.2404416,88.919
2018-11-12,Srisailam,169.9291168,89.337
2018-11-13,Srisailam,36.387088,88.919
2018-11-14,Srisailam,0.0,88.501
2018-11-15,Srisailam,10.194048,87.887
2018-11-16,Srisailam,0.0,87.08
2018-11-17,Srisailam,10.477216,86.272
2018-11-18,Srisailam,25.7399712,85.688
2018-11-19,Srisailam,69.800912,85.329
2018-11-20,Srisailam,27.750464,84.97
2018-11-21,Srisailam,11.32672,84.253
2018-11-22,Srisailam,176.9233664,83.715
2018-11-23,Srisailam,45.8165824,83.715
2018-11-24,Srisailam,223.2213344,83.158
2018-11-25,Srisailam,306.50104319999997,83.158
2018-11-26,Srisailam,145.4350848,83.535
2018-11-27,Srisailam,210.1672896,83.346
2018-11-28,Srisailam,156.6768544,83.346
2018-11-29,Srisailam,77.4181312,83.158
2018-11-30,Srisailam,56.3221152,82.405
2018-12-01,Srisailam,31.3466976,81.652
2018-12-02,Srisailam,0.0,80.911
2018-12-03,Srisailam,62.6650784,80.911
2018-12-04,Srisailam,1.2176224,80.366
2018-12-05,Srisailam,29.4211552,79.457
2018-12-06,Srisailam,27.3823456,78.041
2018-12-07,Srisailam,10.194048,78.041
2018-12-08,Srisailam,6.4845472,77.69
2018-12-09,Srisailam,2.0388096,76.649
2018-12-10,Srisailam,15.6308736,75.971
2018-12-11,Srisailam,17.556416,75.462
2018-12-12,Srisailam,9.1463264,75.123
2018-12-13,Srisailam,2.83168,73.649
2018-12-14,Srisailam,1.0760384,72.266
2018-12-15,Srisailam,3.0298976,71.536
2018-12-16,Srisailam,38.0011456,70.945
2018-12-17,Srisailam,0.991088,70.183
2018-12-18,Srisailam,16.9334464,69.572
2018-12-19,Srisailam,36.1605536,68.973
2018-12-20,Srisailam,111.7380928,67.505
2018-12-21,Srisailam,70.3106144,66.798
2018-12-22,Srisailam,75.3510048,65.674
2018-12-23,Srisailam,256.4652576,64.318
2018-12-24,Srisailam,208.6664992,64.183
2018-12-25,Srisailam,122.5551104,63.821
2018-12-26,Srisailam,186.0130592,63.217
2018-12-27,Srisailam,211.809664,61.733
2018-12-28,Srisailam,229.2528128,61.733
2018-12-29,Srisailam,228.516576,61.985
2018-12-30,Srisailam,87.923664,61.608
2018-12-31,Srisailam,164.095856,60.503
2019-01-01,Srisailam,217.2181728,60.021
2019-01-02,Srisailam,88.3200992,60.021
2019-01-03,Srisailam,170.8635712,59.312
2019-01-04,Srisailam,245.0535872,58.617
2019-01-05,Srisailam,182.0203904,58.501
2019-01-06,Srisailam,252.161104,57.752
2019-01-07,Srisailam,213.3387712,58.501
2019-01-08,Srisailam,213.3387712,58.159
2019-01-09,Srisailam,117.1466016,58.159
2019-01-10,Srisailam,93.4737568,58.27
2019-01-11,Srisailam,47.3740064,58.159
2019-01-12,Srisailam,114.65472319999999,57.827
2019-01-13,Srisailam,64.1658688,57.495
2019-01-14,Srisailam,167.1823872,57.495
2019-01-15,Srisailam,93.5587072,57.495
2019-01-16,Srisailam,3.9077184,57.606
2019-01-17,Srisailam,6.8243488,57.274
2019-01-18,Srisailam,12.74256,56.942
2019-01-19,Srisailam,11.0718688,56.548
2019-01-20,Srisailam,19.0572064,56.154
2019-01-21,Srisailam,11.468304,55.76
2019-01-22,Srisailam,19.6518592,55.456
2019-01-23,Srisailam,16.3954272,55.046
2019-01-24,Srisailam,2.6334624,54.636
2019-01-25,Srisailam,5.521776,54.431
2019-01-26,Srisailam,3.0298976,54.333
2019-01-27,Srisailam,4.4457376,54.136
2019-01-28,Srisailam,28.7981856,54.136
2019-01-29,Srisailam,17.6696832,54.136
2019-01-30,Srisailam,0.1982176,53.939
2019-01-31,Srisailam,1.41584,53.839
2019-02-01,Srisailam,10.8170176,53.741
2019-02-02,Srisailam,2.12376,53.643
2019-02-03,Srisailam,0.4530688,53.544
2019-02-04,Srisailam,0.141584,53.446
2019-02-05,Srisailam,6.1447456,53.347
2019-02-06,Srisailam,0.0283168,53.248
2019-02-07,Srisailam,11.5532544,53.059
2019-02-08,Srisailam,0.6796032,52.869
2019-02-09,Srisailam,1.0477216,52.774
2019-02-10,Srisailam,1.557424,52.679
2019-02-11,Srisailam,0.0,52.584
2019-02-12,Srisailam,0.0,52.49
2019-02-13,Srisailam,0.0,52.395
2019-02-14,Srisailam,0.0,52.3
2019-02-15,Srisailam,0.0,52.205
2019-02-16,Srisailam,7.0508831999999995,52.11
2019-02-17,Srisailam,0.0,52.019
2019-02-18,Srisailam,0.0,51.746
2019-02-19,Srisailam,0.0,51.473
2019-02-20,Srisailam,0.0,51.291
2019-02-21,Srisailam,0.0,51.109
2019-02-22,Srisailam,0.0,50.773
2019-02-23,Srisailam,0.0,50.448
2019-02-24,Srisailam,0.0,50.122
2019-02-25,Srisailam,1.3025728,49.789
2019-02-26,Srisailam,0.0,49.448
2019-02-27,Srisailam,0.0,49.107
2019-02-28,Srisailam,0.0,48.771
2019-03-01,Srisailam,0.0,48.442
2019-03-02,Srisailam,0.0,48.112
2019-03-03,Srisailam,0.0,47.788
2019-03-04,Srisailam,0.0,47.469
2019-03-05,Srisailam,0.0,47.151
2019-03-06,Srisailam,5.8615775999999995,46.991
2019-03-07,Srisailam,5.2669248,46.915
2019-03-08,Srisailam,0.0,46.838
2019-03-09,Srisailam,0.0,46.684
2019-03-10,Srisailam,5.0120736,46.53
2019-03-11,Srisailam,5.4085088,46.453
2019-03-12,Srisailam,0.0,46.376
2019-03-13,Srisailam,5.4651423999999995,46.223
2019-03-14,Srisailam,5.380192,46.146
2019-03-15,Srisailam,6.2013792,46.069
2019-03-16,Srisailam,0.0,45.994
2019-03-17,Srisailam,0.0,45.77
2019-03-18,Srisailam,4.8704896,45.62
2019-03-19,Srisailam,0.0,45.546
2019-03-20,Srisailam,6.4562304,45.396
2019-03-21,Srisailam,6.5978144,45.321
2019-03-22,Srisailam,0.0,45.247
2019-03-23,Srisailam,0.0,45.1
2019-03-24,Srisailam,0.8211872,44.955
2019-03-25,Srisailam,5.9182112,44.81
2019-03-26,Srisailam,0.0,44.666
2019-03-27,Srisailam,0.0,44.521
2019-03-28,Srisailam,0.0,44.376
2019-03-29,Srisailam,1.6423744,44.174
2019-03-30,Srisailam,0.0,43.916
2019-03-31,Srisailam,2.4352448,43.715
2019-04-01,Srisailam,0.0,43.594
2019-04-02,Srisailam,0.0,43.261
2019-04-03,Srisailam,0.4530688,43.059
2019-04-04,Srisailam,0.5097024,42.923
2019-04-05,Srisailam,0.5380192,42.788
2019-04-06,Srisailam,1.1893056,42.652
2019-04-07,Srisailam,1.7839584,42.522
2019-04-08,Srisailam,0.0,42.39
2019-04-09,Srisailam,0.0,41.295
2019-04-10,Srisailam,0.0,39.403
2019-04-11,Srisailam,17.2166144,37.696
2019-04-12,Srisailam,22.7100736,36.46
2019-04-13,Srisailam,29.5627392,35.381
2019-04-14,Srisailam,67.1957664,33.482
2019-04-15,Srisailam,33.5270912,32.876
2019-04-16,Srisailam,33.6686752,32.969
2019-04-17,Srisailam,32.989072,33.062
2019-04-18,Srisailam,30.7520448,33.248
2019-04-19,Srisailam,0.0,33.248
2019-04-20,Srisailam,17.2449312,33.248
2019-04-21,Srisailam,2.3502944,33.248
2019-04-22,Srisailam,37.0383744,33.248
2019-04-23,Srisailam,1.3308896,33.248
2019-04-24,Srisailam,6.4845472,33.108
2019-04-25,Srisailam,1.3025728,33.108
2019-04-26,Srisailam,1.557424,33.108
2019-04-27,Srisailam,2.3219776,33.108
2019-04-28,Srisailam,2.5768288,33.108
2019-04-29,Srisailam,0.0,33.108
2019-04-30,Srisailam,2.7467296,33.062
2019-05-01,Srisailam,2.0671264,33.062
2019-05-02,Srisailam,3.2847488,33.062
2019-05-03,Srisailam,0.0,33.062
2019-05-04,Srisailam,0.0,33.016
2019-05-05,Srisailam,0.0,32.923
2019-05-06,Srisailam,3.0865312,32.738
2019-05-07,Srisailam,2.7184128,32.738
2019-05-08,Srisailam,2.8599968,32.738
2019-05-09,Srisailam,4.105936,32.738
2019-05-10,Srisailam,2.1803936,32.738
2019-05-11,Srisailam,0.0,32.738
2019-05-12,Srisailam,1.2176224,32.693
2019-05-13,Srisailam,2.2087104,32.693
2019-05-14,Srisailam,1.4724736,32.693
2019-05-15,Srisailam,0.70792,32.693
2019-05-16,Srisailam,5.588,32.693
2019-05-17,Srisailam,0.0,32.648
2019-05-18,Srisailam,1.7556416,32.648
2019-05-19,Srisailam,0.0,32.648
2019-05-20,Srisailam,2.406928,32.602
2019-05-21,Srisailam,2.83168,32.602
2019-05-22,Srisailam,0.0,32.602
2019-05-23,Srisailam,3.0298976,32.557
2019-05-24,Srisailam,3.1714816,32.557
2019-05-25,Srisailam,3.0015808,32.557
2019-05-26,Srisailam,2.5768288,32.557
2019-05-27,Srisailam,0.0,32.557
2019-05-28,Srisailam,3.9077184,32.512
2019-05-29,Srisailam,0.0,32.512
2019-05-30,Srisailam,2.2087104,32.421
2019-05-31,Srisailam,0.0,32.421
2019-06-01,Srisailam,2.4635616,32.239
2019-06-02,Srisailam,0.0,32.239
2019-06-03,Srisailam,2.7467296,32.239
2019-06-04,Srisailam,1.7839584,32.239
2019-06-05,Srisailam,0.0,32.239
2019-06-06,Srisailam,0.0,32.239
2019-06-07,Srisailam,0.991088,32.195
2019-06-08,Srisailam,1.4724736,32.195
2019-06-09,Srisailam,3.0298976,32.195
2019-06-10,Srisailam,1.132672,32.195
2019-06-11,Srisailam,2.7184128,32.195
2019-06-12,Srisailam,0.0,32.195
2019-06-13,Srisailam,0.0,32.105
2019-06-14,Srisailam,3.4263328,31.926
2019-06-15,Srisailam,1.8689088,31.881
2019-06-16,Srisailam,2.4918784,31.881
2019-06-17,Srisailam,2.3502944,31.881
2019-06-18,Srisailam,3.6528671999999998,31.881
2019-06-19,Srisailam,2.2087104,31.881
2019-06-20,Srisailam,2.2936608,31.881
2019-06-21,Srisailam,0.0,31.883
2019-06-22,Srisailam,0.0,31.792
2019-06-23,Srisailam,1.3875232,31.792
2019-06-24,Srisailam,2.0388096,31.792
2019-06-25,Srisailam,3.114848,31.792
2019-06-26,Srisailam,4.6439552,31.747
2019-06-27,Srisailam,0.0,31.621
2019-06-28,Srisailam,2.7750464,31.581
2019-06-29,Srisailam,0.7928704,31.581
2019-06-30,Srisailam,0.0,31.581
2019-07-01,Srisailam,0.283168,31.581
2019-07-02,Srisailam,0.7645535999999999,31.581
2019-07-03,Srisailam,2.6334624,31.581
2019-07-04,Srisailam,1.0477216,31.581
2019-07-05,Srisailam,0.1132672,31.581
2019-07-06,Srisailam,1.132672,31.581
2019-07-07,Srisailam,0.0,31.581
2019-07-08,Srisailam,1.5291071999999999,31.54
2019-07-09,Srisailam,0.849504,31.54
2019-07-10,Srisailam,7.5605856,31.54
2019-07-11,Srisailam,6.1164287999999996,31.418
2019-07-12,Srisailam,6.2580127999999995,31.297
2019-07-13,Srisailam,27.4106624,31.175
2019-07-14,Srisailam,1.982176,31.175
2019-07-15,Srisailam,0.0,31.175
2019-07-16,Srisailam,1.6706912,31.175
2019-07-17,Srisailam,0.0,31.175
2019-07-18,Srisailam,0.0,31.175
2019-07-19,Srisailam,0.3398016,31.175
2019-07-20,Srisailam,0.0,31.175
2019-07-21,Srisailam,0.0,31.175
2019-07-22,Srisailam,0.0,31.175
2019-07-23,Srisailam,0.0,31.175
2019-07-24,Srisailam,9.1463264,31.132
2019-07-25,Srisailam,2.5201952,31.089
2019-07-26,Srisailam,17.839584,30.958
2019-07-27,Srisailam,17.839584,30.871
2019-07-28,Srisailam,16.6502784,30.784
2019-07-29,Srisailam,2.3786112,30.697
2019-07-30,Srisailam,1.274256,30.697
2019-07-31,Srisailam,1051.9124864,30.697
2019-08-01,Srisailam,5419.552352,33.861
2019-08-02,Srisailam,5466.1901216,50.203
2019-08-03,Srisailam,5708.9217312,67.222
2019-08-04,Srisailam,6381.7005824,86.271
2019-08-05,Srisailam,6998.49712,107.018
2019-08-06,Srisailam,7015.9685856,125.243
2019-08-07,Srisailam,8254.4321504,143.872
2019-08-08,Srisailam,7902.6808608,160.242
2019-08-09,Srisailam,9242.4902528,179.797
2019-08-10,Srisailam,11708.4021472,199.783
2019-08-11,Srisailam,13631.5942528,201.153
2019-08-12,Srisailam,15755.4958368,179.033
2019-08-13,Srisailam,24601.7491072,180.18
2019-08-14,Srisailam,26557.335632,184.759
2019-08-15,Srisailam,26799.9256576,193.471
2019-08-16,Srisailam,24496.438928,193.471
2019-08-17,Srisailam,23011.9873216,192.135
2019-08-18,Srisailam,21142.7953536,194.362
2019-08-19,Srisailam,16038.692153599999,197.044
2019-08-20,Srisailam,9716.6550688,207.25
2019-08-21,Srisailam,5490.769104,212.917
2019-08-22,Srisailam,3061.2159808,210.537
2019-08-23,Srisailam,1722.5109439999999,208.158
2019-08-24,Srisailam,2419.2741247999998,203.361
2019-08-25,Srisailam,1381.0952864,200.696
2019-08-26,Srisailam,211.3565952,198.87
2019-08-27,Srisailam,0.0,194.362
2019-08-28,Srisailam,149.9940896,190.376
2019-08-29,Srisailam,551.7811647999999,188.203
2019-08-30,Srisailam,195.952256,184.335
2019-08-31,Srisailam,428.6314016,183.063
2019-09-01,Srisailam,122.3568928,180.562
2019-09-02,Srisailam,37.8312448,178.269
2019-09-03,Srisailam,64.279136,175.976
2019-09-04,Srisailam,411.4147872,174.763
2019-09-05,Srisailam,2387.6442592,175.167
2019-09-06,Srisailam,5330.920768,177.122
2019-09-07,Srisailam,5970.6822304,185.607
2019-09-08,Srisailam,6438.5607168,194.807
2019-09-09,Srisailam,8412.3832608,205.522
2019-09-10,Srisailam,10911.0860096,212.917
2019-09-11,Srisailam,8910.7023072,211.965
2019-09-12,Srisailam,6523.5394336,209.11
2019-09-13,Srisailam,6523.5394336,211.965
2019-09-14,Srisailam,9963.4642976,211.489
2019-09-15,Srisailam,8609.2416544,211.965
2019-09-16,Srisailam,5063.7234432,211.965
2019-09-17,Srisailam,688.1831904,206.818
2019-09-18,Srisailam,3984.9666303999998,206.818
2019-09-19,Srisailam,4397.7689408,211.965
2019-09-20,Srisailam,4901.0434272,211.965
2019-09-21,Srisailam,4163.560688,211.965
2019-09-22,Srisailam,2169.7181664,213.392
2019-09-23,Srisailam,1777.162368,212.917
2019-09-24,Srisailam,1476.8060704,211.013
2019-09-25,Srisailam,3689.0560704,208.158
2019-09-26,Srisailam,6696.5833984,211.489
2019-09-27,Srisailam,8983.5331168,211.489
2019-09-28,Srisailam,6930.819968,211.489
2019-09-29,Srisailam,4757.7321024,210.062
2019-09-30,Srisailam,4012.065808,212.917
2019-10-01,Srisailam,3165.5633887999998,213.392
2019-10-02,Srisailam,1053.2716928,238.663
2019-10-03,Srisailam,2201.8860512,206.818
2019-10-04,Srisailam,733.1785856,208.158
2019-10-05,Srisailam,1472.898352,206.818
2019-10-06,Srisailam,739.5781824,207.682
2019-10-07,Srisailam,2141.1465152,207.682
2019-10-08,Srisailam,2556.8937728,210.537
2019-10-09,Srisailam,3478.435712,211.965
2019-10-10,Srisailam,1994.1823232,212.917
2019-10-11,Srisailam,1977.4187775999999,210.537
2019-10-12,Srisailam,4288.8058943999995,208.634
2019-10-13,Srisailam,198.2176,213.392
2019-10-14,Srisailam,2921.3593056,211.965
2019-10-15,Srisailam,2133.9257312,211.965
2019-10-16,Srisailam,1436.9926496,211.489
2019-10-17,Srisailam,1736.2162752,208.634
2019-10-18,Srisailam,702.8796096,206.818
2019-10-19,Srisailam,651.144816,205.954
2019-10-20,Srisailam,475.4673888,206.386
2019-10-21,Srisailam,23418.3900352,205.954
2019-10-22,Srisailam,5427.9341248,206.386
2019-10-23,Srisailam,12064.9106592,211.965
2019-10-24,Srisailam,18467.9054752,208.634
2019-10-25,Srisailam,15730.6053696,209.586
2019-10-26,Srisailam,7949.8283328,210.537
2019-10-27,Srisailam,7134.41776,210.537
2019-10-28,Srisailam,4692.4618784,211.965
2019-10-29,Srisailam,5327.947504,211.965
2019-10-30,Srisailam,5363.9381568,211.965
2019-10-31,Srisailam,1413.857824,211.965
2019-11-01,Srisailam,1773.3962336,209.11
2019-11-02,Srisailam,1867.9743455999999,207.25
2019-11-03,Srisailam,1868.1442464,205.522
2019-11-04,Srisailam,1851.635552,203.793
2019-11-05,Srisailam,1765.3259456,202.065
2019-11-06,Srisailam,1289.2072704,201.153
2019-11-07,Srisailam,1428.5542432,201.153
2019-11-08,Srisailam,1581.8047648,202.497
2019-11-09,Srisailam,2023.9999136,203.361
2019-11-10,Srisailam,0.0,202.929
2019-11-11,Srisailam,374.202,202.497
2019-11-12,Srisailam,289.262,203.361
2019-11-13,Srisailam,1289.3205376,204.658
2019-11-14,Srisailam,430.4719936,203.793
2019-11-15,Srisailam,286.9624512,201.609
2019-11-16,Srisailam,0.0,197.957
2019-11-17,Srisailam,857.0079519999999,197.957
2019-11-18,Srisailam,655.3073856,197.501
2019-11-19,Srisailam,202.5783872,195.697
2019-11-20,Srisailam,250.20724479999998,193.916
2019-11-21,Srisailam,81.127632,191.69
2019-11-22,Srisailam,520.0663488,190.376
2019-11-23,Srisailam,130.9085664,188.638
2019-11-24,Srisailam,264.5921792,188.203
2019-11-25,Srisailam,223.7593536,186.465
2019-11-26,Srisailam,118.788976,185.607
2019-11-27,Srisailam,53.2072672,184.335
2019-11-28,Srisailam,168.2867424,183.911
2019-11-29,Srisailam,182.3035584,183.063
2019-11-30,Srisailam,28.2601664,181.367
2019-12-01,Srisailam,104.8004768,180.562
2019-12-02,Srisailam,59.9183488,179.797
2019-12-03,Srisailam,1.4441568,178.269
2019-12-04,Srisailam,0.6229696,176.74
2019-12-05,Srisailam,123.99926719999999,175.571
2019-12-06,Srisailam,76.2854592,174.763
2019-12-07,Srisailam,106.9242368,173.954
2019-12-08,Srisailam,20.4447296,172.741
2019-12-09,Srisailam,13.9884992,171.933
2019-12-10,Srisailam,40.35144,170.73
2019-12-11,Srisailam,155.7140832,169.939
2019-12-12,Srisailam,47.260739199999996,169.149
2019-12-13,Srisailam,195.1877024,169.149
2019-12-14,Srisailam,214.6130272,169.149
2019-12-15,Srisailam,302.3384736,169.149
2019-12-16,Srisailam,381.5405632,169.149
2019-12-17,Srisailam,281.1575072,168.754
2019-12-18,Srisailam,548.9494847999999,167.569
2019-12-19,Srisailam,151.2966624,166.384
2019-12-20,Srisailam,210.4787744,165.998
2019-12-21,Srisailam,181.0293024,165.226
2019-12-22,Srisailam,172.3643616,164.068
2019-12-23,Srisailam,105.1685952,163.296
2019-12-24,Srisailam,279.2319648,162.524
2019-12-25,Srisailam,238.1726048,162.524
2019-12-26,Srisailam,306.5859936,162.524
2019-12-27,Srisailam,258.4191168,162.138
2019-12-28,Srisailam,198.0476992,161.375
2019-12-29,Srisailam,265.7814848,161.375
2019-12-30,Srisailam,151.74973119999999,161.375
2019-12-31,Srisailam,78.6923872,160.242
2020-01-01,Srisailam,187.1174144,159.11
2020-01-02,Srisailam,224.9486592,159.11
2020-01-03,Srisailam,138.2709344,157.599
2020-01-04,Srisailam,171.2600064,156.853
2020-01-05,Srisailam,157.86616,155.744
2020-01-06,Srisailam,157.7812096,154.636
2020-01-07,Srisailam,41.7389632,152.455
2020-01-08,Srisailam,149.7675552,151.121
2020-01-09,Srisailam,67.5922016,150.121
2020-01-10,Srisailam,71.4432864,149.454
2020-01-11,Srisailam,113.6636352,148.787
2020-01-12,Srisailam,202.7766048,148.1
2020-01-13,Srisailam,398.0492576,148.787
2020-01-14,Srisailam,63.854383999999996,148.1
2020-01-15,Srisailam,187.6554336,148.1
2020-01-16,Srisailam,291.66304,148.453
2020-01-17,Srisailam,266.2911872,148.453
2020-01-18,Srisailam,143.141424,148.1
2020-01-19,Srisailam,153.7319072,147.747
2020-01-20,Srisailam,98.4858304,147.394
2020-01-21,Srisailam,108.3967104,146.688
2020-01-22,Srisailam,206.4861056,146.688
2020-01-23,Srisailam,151.1550784,146.335
2020-01-24,Srisailam,212.4892672,146.335
2020-01-25,Srisailam,141.2441984,145.982
2020-01-26,Srisailam,14.6681024,144.923
2020-01-27,Srisailam,210.2239232,144.923
2020-01-28,Srisailam,263.6860416,144.923
2020-01-29,Srisailam,135.779056,144.217
2020-01-30,Srisailam,139.5735072,143.183
2020-01-31,Srisailam,56.669,141.805
2020-02-01,Srisailam,153.7035904,141.116
2020-02-02,Srisailam,19.255424,140.083
2020-02-03,Srisailam,0.0,138.74
2020-02-04,Srisailam,85.4034688,136.726
2020-02-05,Srisailam,72.88744319999999,136.054
2020-02-06,Srisailam,92.171184,135.401
2020-02-07,Srisailam,0.0,134.747
2020-02-08,Srisailam,124.5656032,133.114
2020-02-09,Srisailam,0.0,131.841
2020-02-10,Srisailam,62.4668608,131.255
2020-02-11,Srisailam,0.0,130.375
2020-02-12,Srisailam,6.1730624,129.203
2020-02-13,Srisailam,88.49,128.016
2020-02-14,Srisailam,20.1898784,127.4
2020-02-15,Srisailam,16.5370112,126.168
2020-02-16,Srisailam,22.7667072,124.935
2020-02-17,Srisailam,8.2401888,124.03
2020-02-18,Srisailam,0.0,122.538
2020-02-19,Srisailam,0.0,121.345
2020-02-20,Srisailam,16.7635456,118.153
2020-02-21,Srisailam,14.86632,115.892
2020-02-22,Srisailam,0.0,113.959
2020-02-23,Srisailam,66.4878464,111.706
2020-02-24,Srisailam,10.5055328,108.314
2020-02-25,Srisailam,0.0,102.98
2020-02-26,Srisailam,2.812707744,98.223
2020-02-27,Srisailam,0.0,94.52
2020-02-28,Srisailam,35.820752,89.965
2020-02-29,Srisailam,0.0,85.329
2020-03-01,Srisailam,0.0,80.73
2020-03-02,Srisailam,33.5270912,78.743
2020-03-03,Srisailam,31.743132799999998,76.14
2020-03-04,Srisailam,0.0,71.828
2020-03-05,Srisailam,0.0,65.403
2020-03-06,Srisailam,0.0,62.11
2020-03-07,Srisailam,0.0,60.985
2020-03-08,Srisailam,0.0,59.9
2020-03-09,Srisailam,0.0,59.428
2020-03-10,Srisailam,0.0,58.849
2020-03-11,Srisailam,0.0,58.159
2020-03-12,Srisailam,0.0,57.384
2020-03-13,Srisailam,0.0,56.548
2020-03-14,Srisailam,0.0,55.957
2020-03-15,Srisailam,0.0,55.251
2020-03-16,Srisailam,0.0,54.636
2020-03-17,Srisailam,0.0,53.939
2020-03-18,Srisailam,3.681184,53.544
2020-03-19,Srisailam,3.5112832,53.248
2020-03-20,Srisailam,35.707484799999996,52.964
2020-03-21,Srisailam,11.0718688,52.774
2020-03-22,Srisailam,40.068272,52.395
2020-03-23,Srisailam,14.6964192,52.11
2020-03-24,Srisailam,6.5128639999999995,51.837
2020-03-25,Srisailam,6.5694976,51.564
2020-03-26,Srisailam,21.3225504,51.291
2020-03-27,Srisailam,0.0,51.018
2020-03-28,Srisailam,5.238608,50.61
2020-03-29,Srisailam,6.1730624,49.959
2020-03-30,Srisailam,27.2124448,49.362
2020-03-31,Srisailam,0.0,48.936
2020-04-01,Srisailam,0.0,48.359
2020-04-02,Srisailam,12.6292928,47.469
2020-04-03,Srisailam,0.0,46.991
2020-04-04,Srisailam,10.477216,46.53
2020-04-05,Srisailam,0.0,46.069
2020-04-06,Srisailam,15.1211712,45.396
2020-04-07,Srisailam,5.66336,44.81
2020-04-08,Srisailam,15.404339199999999,44.304
2020-04-09,Srisailam,1.2176224,43.53
2020-04-10,Srisailam,19.538592,43.126
2020-04-11,Srisailam,0.0,42.326
2020-04-12,Srisailam,0.70792,41.168
2020-04-13,Srisailam,21.2942336,39.698
2020-04-14,Srisailam,19.4253248,39.345
2020-04-15,Srisailam,30.1290752,39.052
2020-04-16,Srisailam,19.2837408,38.65
2020-04-17,Srisailam,16.3387936,37.336
2020-04-18,Srisailam,17.8679008,36.986
2020-04-19,Srisailam,7.1075168,36.83
2020-04-20,Srisailam,7.4190016,36.725
2020-04-21,Srisailam,21.7473024,36.619
2020-04-22,Srisailam,19.4819584,36.566
2020-04-23,Srisailam,1.6140576,36.513
2020-04-24,Srisailam,23.3330432,36.408
2020-04-25,Srisailam,9.7409792,36.251
2020-04-26,Srisailam,2.4918784,36.045
2020-04-27,Srisailam,19.7651264,35.941
2020-04-28,Srisailam,14.724736,35.89
2020-04-29,Srisailam,12.9690944,35.838
2020-04-30,Srisailam,12.884144,35.786
2020-05-01,Srisailam,10.0807808,35.735
2020-05-02,Srisailam,3.1714816,35.683
2020-05-03,Srisailam,3.3413824,35.683
2020-05-04,Srisailam,0.0,35.683
2020-05-05,Srisailam,0.0,35.582
2020-05-06,Srisailam,0.0,35.432
2020-05-07,Srisailam,18.40592,35.381
2020-05-08,Srisailam,0.0,35.432
2020-05-09,Srisailam,6.229696,35.381
2020-05-10,Srisailam,2.8033632,35.381
2020-05-11,Srisailam,5.5500928,35.381
2020-05-12,Srisailam,0.0,35.381
2020-05-13,Srisailam,2.7184128,35.331
2020-05-14,Srisailam,4.0209856,35.331
2020-05-15,Srisailam,0.0,35.231
2020-05-16,Srisailam,10.194048,35.08
2020-05-17,Srisailam,2.9449472,35.083
2020-05-18,Srisailam,2.3786112,35.083
2020-05-19,Srisailam,2.6334624,35.08
2020-05-20,Srisailam,3.0865312,35.08
2020-05-21,Srisailam,3.5112832,35.08
2020-05-22,Srisailam,0.0,35.08
2020-05-23,Srisailam,3.6528671999999998,35.03
2020-05-24,Srisailam,7.0508831999999995,35.03
2020-05-25,Srisailam,0.0,34.932
2020-05-26,Srisailam,2.8883136,34.784
2020-05-27,Srisailam,3.7378176,34.784
2020-05-28,Srisailam,3.4263328,34.784
2020-05-29,Srisailam,3.1431648,34.784
2020-05-30,Srisailam,0.0,34.784
2020-05-31,Srisailam,3.3696992,34.734
2020-06-01,Srisailam,2.973264,34.734
2020-06-02,Srisailam,3.1714816,34.734
2020-06-03,Srisailam,7.5605856,34.734
2020-06-04,Srisailam,15.6875072,34.636
2020-06-05,Srisailam,3.2281152,34.537
2020-06-06,Srisailam,3.1431648,34.537
2020-06-07,Srisailam,3.3413824,34.537
2020-06-08,Srisailam,3.5396,34.537
2020-06-09,Srisailam,19.4536416,34.537
2020-06-10,Srisailam,17.9528512,34.586
2020-06-11,Srisailam,1.7556416,34.636
2020-06-12,Srisailam,2.5201952,34.636
2020-06-13,Srisailam,2.7184128,34.636
2020-06-14,Srisailam,43.0132192,34.636
2020-06-15,Srisailam,11.9213728,34.734
2020-06-16,Srisailam,19.9916608,34.636
2020-06-17,Srisailam,17.1599808,34.586
2020-06-18,Srisailam,2.5201952,34.636
2020-06-19,Srisailam,2.973264,34.636
2020-06-20,Srisailam,2.5201952,34.636
2020-06-21,Srisailam,2.1803936,34.636
2020-06-22,Srisailam,2.7467296,34.537
2020-06-23,Srisailam,2.8599968,34.537
2020-06-24,Srisailam,19.7368096,34.537
2020-06-25,Srisailam,8.2968224,34.586
2020-06-26,Srisailam,18.122752,34.488
2020-06-27,Srisailam,16.99008,34.399
2020-06-28,Srisailam,50.1490528,34.443
2020-06-29,Srisailam,33.5837248,34.586
2020-06-30,Srisailam,84.07257919999999,34.685
2020-07-01,Srisailam,118.505808,34.932
2020-07-02,Srisailam,68.9230912,35.281
2020-07-03,Srisailam,68.3284384,35.482
2020-07-04,Srisailam,87.3856448,35.683
2020-07-05,Srisailam,64.8171552,35.941
2020-07-06,Srisailam,30.4122432,36.045
2020-07-07,Srisailam,19.3686912,35.993
2020-07-08,Srisailam,18.9439392,36.045
2020-07-09,Srisailam,87.8387136,36.096
2020-07-10,Srisailam,90.0191072,36.355
2020-07-11,Srisailam,72.4060576,36.619
2020-07-12,Srisailam,37.0666912,36.83
2020-07-13,Srisailam,17.4431488,36.936
2020-07-14,Srisailam,83.8743616,36.986
2020-07-15,Srisailam,1099.39976,37.236
2020-07-16,Srisailam,2120.5318848,40.532
2020-07-17,Srisailam,2835.7293024,46.838
2020-07-18,Srisailam,2471.490304,55.251
2020-07-19,Srisailam,1926.3069536,62.487
2020-07-20,Srisailam,1788.5457216,66.092
2020-07-21,Srisailam,2734.3834752,67.946
2020-07-22,Srisailam,2500.8265088,72.558
2020-07-23,Srisailam,1901.614704,76.31
2020-07-24,Srisailam,2411.8551232,78.216
2020-07-25,Srisailam,2843.997808,81.652
2020-07-26,Srisailam,1872.0519648,86.271
2020-07-27,Srisailam,1958.9845407999999,87.887
2020-07-28,Srisailam,166.167,89.756
2020-07-29,Srisailam,1068.676032,88.919
2020-07-30,Srisailam,606.6308064,87.079
2020-07-31,Srisailam,1179.0266016,84.791
2020-08-01,Srisailam,837.4127264,84.253
2020-08-02,Srisailam,1266.4122464,82.781
2020-08-03,Srisailam,805.754544,82.593
2020-08-04,Srisailam,633.9282016,81.093
2020-08-05,Srisailam,533.2619776,79.094
2020-08-06,Srisailam,879.6330752,76.818
2020-08-07,Srisailam,1082.3813632,75.632
2020-08-08,Srisailam,4941.8762528,74.954
2020-08-09,Srisailam,6258.8906208,85.867
2020-08-10,Srisailam,5491.4487072,100.781
2020-08-11,Srisailam,4143.7672448,113.458
2020-08-12,Srisailam,1419.4079168,121.345
2020-08-13,Srisailam,2292.1600096,120.757
2020-08-14,Srisailam,4301.0104352,122.837
2020-08-15,Srisailam,4514.6606912,130.962
2020-08-16,Srisailam,4147.0803104,139.747
2020-08-17,Srisailam,7207.4184704,147.041
2020-08-18,Srisailam,9299.2088032,163.296
2020-08-19,Srisailam,10260.0827776,184.335
2020-08-20,Srisailam,11202.1827136,202.497
2020-08-21,Srisailam,13295.587104,205.09
2020-08-22,Srisailam,12707.305584,205.954
2020-08-23,Srisailam,10879.7676288,203.793
2020-08-24,Srisailam,6022.8700928,205.954
2020-08-25,Srisailam,3633.8099936,208.634
2020-08-26,Srisailam,6761.7120384,213.392
2020-08-27,Srisailam,7862.3577376,211.965
2020-08-28,Srisailam,3330.2538976,211.013
2020-08-29,Srisailam,1579.4544704,211.489
2020-08-30,Srisailam,1371.4109408,212.441
2020-08-31,Srisailam,1005.7277856,213.392
2020-09-01,Srisailam,1096.0583776,213.392
2020-09-02,Srisailam,1157.2792992,213.392
2020-09-03,Srisailam,1169.200672,213.392
2020-09-04,Srisailam,1770.5362367999999,213.392
2020-09-05,Srisailam,2209.0218848,213.392
2020-09-06,Srisailam,1735.7915232,213.392
2020-09-07,Srisailam,2064.4646208,211.965
2020-09-08,Srisailam,908.5728448,212.917
2020-09-09,Srisailam,1316.2498143999999,212.917
2020-09-10,Srisailam,3730.6251328,213.392
2020-09-11,Srisailam,6948.3197504,212.441
2020-09-12,Srisailam,6284.5173248,210.537
2020-09-13,Srisailam,4515.4818784,210.537
2020-09-14,Srisailam,6424.940336,210.537
2020-09-15,Srisailam,5974.1085631999995,210.537
2020-09-16,Srisailam,9323.731152,213.392
2020-09-17,Srisailam,9134.716511999999,213.392
2020-09-18,Srisailam,7430.0734688,208.634
2020-09-19,Srisailam,9778.0458912,212.441
2020-09-20,Srisailam,8949.0432544,208.634
2020-09-21,Srisailam,9398.7423552,208.634
2020-09-22,Srisailam,10249.26576,210.537
2020-09-23,Srisailam,8768.013952,210.061
2020-09-24,Srisailam,5614.4852032,208.634
2020-09-25,Srisailam,3558.4873056,211.965
2020-09-26,Srisailam,9260.5563712,211.489
2020-09-27,Srisailam,15583.1314752,211.489
2020-09-28,Srisailam,14136.9075488,207.682
2020-09-29,Srisailam,7220.4725152,207.25
2020-09-30,Srisailam,5116.13784,210.537
2020-10-01,Srisailam,5746.6680256,212.917
2020-10-02,Srisailam,6333.9867744,209.11
2020-10-03,Srisailam,4379.8727232,211.013
2020-10-04,Srisailam,1750.0348736,211.489
2020-10-05,Srisailam,1997.6369728,213.392
2020-10-06,Srisailam,1167.1901791999999,211.965
2020-10-07,Srisailam,999.4697728,211.965
2020-10-08,Srisailam,978.3737568,211.489
2020-10-09,Srisailam,689.3441792,211.013
2020-10-10,Srisailam,983.159296,210.537
2020-10-11,Srisailam,1545.3327264,211.965
2020-10-12,Srisailam,4806.8334336,211.489
2020-10-13,Srisailam,9578.9504704,212.441
2020-10-14,Srisailam,10129.3157952,211.013
2020-10-15,Srisailam,12158.526,209.586
2020-10-16,Srisailam,19896.4597184,197.957
2020-10-17,Srisailam,16101.6404,209.586
2020-10-18,Srisailam,16101.8386176,206.818
2020-10-19,Srisailam,13162.866262399999,210.061
2020-10-20,Srisailam,12929.3942464,206.386
2020-10-21,Srisailam,12621.1375616,208.158
2020-10-22,Srisailam,11669.0134784,211.013
2020-10-23,Srisailam,9821.823664,211.013
2020-10-24,Srisailam,7284.8366016,209.11
2020-10-25,Srisailam,4361.6083872,211.489
2020-10-26,Srisailam,3008.1786144,212.917
2020-10-27,Srisailam,3185.4700992,212.441
2020-10-28,Srisailam,4326.6088224,213.392
2020-10-29,Srisailam,2957.6897599999998,212.441
2020-10-30,Srisailam,2568.5886112,212.917
2020-10-31,Srisailam,2061.0949216,212.441
2020-11-01,Srisailam,1529.673536,211.965
2020-11-02,Srisailam,1521.178496,212.917
2020-11-03,Srisailam,936.9462784,213.392
2020-11-04,Srisailam,740.625904,211.965
2020-11-05,Srisailam,750.961536,211.013
2020-11-06,Srisailam,720.1811744,211.013
2020-11-07,Srisailam,687.0222016,211.013
2020-11-08,Srisailam,783.242688,211.013
2020-11-09,Srisailam,640.6392832,211.489
2020-11-10,Srisailam,540.9358304,211.489
2020-11-11,Srisailam,394.8211424,211.013
2020-11-12,Srisailam,119.7234304,210.061
2020-11-13,Srisailam,496.9881568,208.634
2020-11-14,Srisailam,101.2891936,208.158
2020-11-15,Srisailam,204.6171968,206.818
2020-11-16,Srisailam,419.230224,205.522
2020-11-17,Srisailam,346.6542656,205.09
2020-11-18,Srisailam,160.2164544,204.225
2020-11-19,Srisailam,262.8082208,202.929
2020-11-20,Srisailam,397.9359904,202.065
2020-11-21,Srisailam,121.479072,201.609
2020-11-22,Srisailam,136.09054079999999,200.24
2020-11-23,Srisailam,184.6538528,198.87
2020-11-24,Srisailam,0.0,197.501
2020-11-25,Srisailam,127.1707488,195.252
2020-11-26,Srisailam,245.5349728,193.916
2020-11-27,Srisailam,201.5023488,193.026
2020-11-28,Srisailam,199.2653216,192.135
2020-11-29,Srisailam,118.4491744,191.245
2020-11-30,Srisailam,102.223648,191.245
2020-12-01,Srisailam,268.0468288,191.245
2020-12-02,Srisailam,0.6512864,191.69
2020-12-03,Srisailam,235.73736,191.245
2020-12-04,Srisailam,106.9242368,191.245
2020-12-05,Srisailam,46.0997504,190.81
2020-12-06,Srisailam,15.6025568,190.376
2020-12-07,Srisailam,0.0,189.941
2020-12-08,Srisailam,148.8614176,189.072
2020-12-09,Srisailam,4.5590048,189.072
2020-12-10,Srisailam,9.5993952,188.638
2020-12-11,Srisailam,0.0,188.203
2020-12-12,Srisailam,127.3972832,187.769
2020-12-13,Srisailam,0.0,187.769
2020-12-14,Srisailam,0.0,186.465
2020-12-15,Srisailam,12.2611744,185.607
2020-12-16,Srisailam,0.0,184.759
2020-12-17,Srisailam,0.0,183.487
2020-12-18,Srisailam,73.4537792,182.215
2020-12-19,Srisailam,18.7457216,181.367
2020-12-20,Srisailam,0.0,180.562
2020-12-21,Srisailam,0.0,179.415
2020-12-22,Srisailam,0.0,178.269
2020-12-23,Srisailam,0.0,176.74
2020-12-24,Srisailam,0.0,175.167
2020-12-25,Srisailam,0.0,174.358
2020-12-26,Srisailam,0.0,173.55
2020-12-27,Srisailam,0.0,172.337
2020-12-28,Srisailam,0.0,171.933
2020-12-29,Srisailam,0.0,171.125
2020-12-30,Srisailam,0.0,169.939
2020-12-31,Srisailam,0.0,168.754
2021-01-01,Srisailam,0.0,167.569
2021-01-02,Srisailam,0.0,166.779
2021-01-03,Srisailam,0.0,165.998
2021-01-04,Srisailam,0.0,165.226
2021-01-05,Srisailam,0.0,164.454
2021-01-06,Srisailam,0.0,163.682
2021-01-07,Srisailam,0.0,162.524
2021-01-08,Srisailam,0.0,161.752
2021-01-09,Srisailam,0.0,160.62
2021-01-10,Srisailam,0.0,159.865
2021-01-11,Srisailam,11.2700864,159.11
2021-01-12,Srisailam,0.0,158.354
2021-01-13,Srisailam,0.0,157.599
2021-01-14,Srisailam,0.0,156.483
2021-01-15,Srisailam,13.5354304,155.744
2021-01-16,Srisailam,0.0,155.006
2021-01-17,Srisailam,0.0,153.528
2021-01-18,Srisailam,0.0,152.455
2021-01-19,Srisailam,21.860569599999998,150.788
2021-01-20,Srisailam,0.0,149.787
2021-01-21,Srisailam,0.0,148.787
2021-01-22,Srisailam,0.0,147.747
2021-01-23,Srisailam,0.0,146.335
2021-01-24,Srisailam,0.0,145.276
2021-01-25,Srisailam,0.0,144.217
2021-01-26,Srisailam,0.0,143.183
2021-01-27,Srisailam,0.0,142.15
2021-01-28,Srisailam,0.0,140.772
2021-01-29,Srisailam,0.0,139.411
2021-01-30,Srisailam,0.0,138.404
2021-01-31,Srisailam,0.0,137.062
2021-02-01,Srisailam,0.0,136.054
2021-02-02,Srisailam,0.0,134.747
2021-02-03,Srisailam,0.0,133.767
2021-02-04,Srisailam,0.0,132.46
2021-02-05,Srisailam,0.0,131.255
2021-02-06,Srisailam,0.0,129.496
2021-02-07,Srisailam,0.0,128.324
2021-02-08,Srisailam,0.0,127.092
2021-02-09,Srisailam,0.0,125.551
2021-02-10,Srisailam,0.0,124.03
2021-02-11,Srisailam,0.0,122.538
2021-02-12,Srisailam,0.0,121.345
2021-02-13,Srisailam,0.0,119.889
2021-02-14,Srisailam,0.0,118.732
2021-02-15,Srisailam,0.0,117.294
2021-02-16,Srisailam,0.0,115.892
2021-02-17,Srisailam,0.0,114.49
2021-02-18,Srisailam,0.0,113.208
2021-02-19,Srisailam,0.0,111.956
2021-02-20,Srisailam,0.0,110.162
2021-02-21,Srisailam,0.0,108.842
2021-02-22,Srisailam,0.0,107.786
2021-02-23,Srisailam,0.0,106.25
2021-02-24,Srisailam,0.0,104.468
2021-02-25,Srisailam,31.6581824,102.236
2021-02-26,Srisailam,0.0,99.821
2021-02-27,Srisailam,0.0,97.156
2021-02-28,Srisailam,0.0,95.417
2021-03-01,Srisailam,10.6188,94.52
2021-03-02,Srisailam,48.280144,93.4
2021-03-03,Srisailam,0.0,92.534
2021-03-04,Srisailam,0.849504,91.668
2021-03-05,Srisailam,0.0,90.592
2021-03-06,Srisailam,0.0,89.128
2021-03-07,Srisailam,0.0,87.483
2021-03-08,Srisailam,0.0,86.675
2021-03-09,Srisailam,1.8689088,85.15
2021-03-10,Srisailam,3.9926688,83.158
2021-03-11,Srisailam,0.0,81.093
2021-03-12,Srisailam,0.0,79.276
2021-03-13,Srisailam,0.0,78.392
2021-03-14,Srisailam,0.0,76.818
2021-03-15,Srisailam,0.0,75.462
2021-03-16,Srisailam,17.981168,72.85
2021-03-17,Srisailam,12.232857599999999,69.725
2021-03-18,Srisailam,0.0,66.798
2021-03-19,Srisailam,0.0,63.942
2021-03-20,Srisailam,0.0,61.106
2021-03-21,Srisailam,6.0314784,59.428
2021-03-22,Srisailam,8.070288,58.849
2021-03-23,Srisailam,22.65344,56.744
2021-03-24,Srisailam,0.0,55.046
2021-03-25,Srisailam,0.0,53.059
2021-03-26,Srisailam,15.0362208,50.692
2021-03-27,Srisailam,0.0,47.788
2021-03-28,Srisailam,46.581136,45.845
2021-03-29,Srisailam,40.549657599999996,44.81
2021-03-30,Srisailam,8.9481088,44.11
2021-03-31,Srisailam,16.7918624,43.126
2021-04-01,Srisailam,40.6912416,42.456
2021-04-02,Srisailam,44.457376,41.359
2021-04-03,Srisailam,38.1993632,38.993
2021-04-04,Srisailam,10.760384,37.385
2021-04-05,Srisailam,23.644528,36.672
2021-04-06,Srisailam,13.592064,35.331
2021-04-07,Srisailam,4.5873216,34.734
2021-04-08,Srisailam,25.6550208,33.435
2021-04-09,Srisailam,31.5449152,33.248
2021-04-10,Srisailam,39.5302528,33.062
2021-04-11,Srisailam,40.0965888,32.97
2021-04-12,Srisailam,32.5076864,32.877
2021-04-13,Srisailam,17.4997824,32.83
2021-04-14,Srisailam,47.0625216,32.738
2021-04-15,Srisailam,31.5165984,32.738
2021-04-16,Srisailam,31.8847168,32.693
2021-04-17,Srisailam,25.7116544,32.693
2021-04-18,Srisailam,10.760384,32.693
2021-04-19,Srisailam,25.5134368,32.648
2021-04-20,Srisailam,25.4284864,32.648
2021-04-21,Srisailam,24.748883199999998,32.648
2021-04-22,Srisailam,24.5223488,32.648
2021-04-23,Srisailam,10.3922656,32.648
2021-04-24,Srisailam,10.8453344,32.602
2021-04-25,Srisailam,10.7320672,32.557
2021-04-26,Srisailam,10.901968,32.512
2021-04-27,Srisailam,0.0,32.466
2021-04-28,Srisailam,1.3592064,32.421
2021-04-29,Srisailam,17.8962176,32.421
2021-04-30,Srisailam,18.122752,32.466
2021-05-01,Srisailam,2.7184128,32.512
2021-05-02,Srisailam,3.1431648,32.512
2021-05-03,Srisailam,2.8033632,32.512
2021-05-04,Srisailam,3.3413824,32.512
2021-05-05,Srisailam,0.0,32.512
2021-05-06,Srisailam,11.043552,32.466
2021-05-07,Srisailam,10.930284799999999,32.421
2021-05-08,Srisailam,25.768288,32.375
2021-05-09,Srisailam,7.220784,32.375
2021-05-10,Srisailam,3.5962336,32.33
2021-05-11,Srisailam,18.122752,32.33
2021-05-12,Srisailam,33.413824,32.375
2021-05-13,Srisailam,33.4421408,32.466
2021-05-14,Srisailam,3.8510847999999998,32.557
2021-05-15,Srisailam,17.8112672,32.557
2021-05-16,Srisailam,2.8883136,32.602
2021-05-17,Srisailam,19.538592,32.602
2021-05-18,Srisailam,19.538592,32.648
2021-05-19,Srisailam,17.981168,32.602
2021-05-20,Srisailam,10.335632,32.512
2021-05-21,Srisailam,31.2617472,32.512
2021-05-22,Srisailam,27.8354144,32.602
2021-05-23,Srisailam,21.379184,32.648
2021-05-24,Srisailam,32.6775872,32.648
2021-05-25,Srisailam,33.696992,32.738
2021-05-26,Srisailam,49.271232,32.83
2021-05-27,Srisailam,3.8510847999999998,32.97
2021-05-28,Srisailam,3.7661344,32.97
2021-05-29,Srisailam,19.3686912,32.97
2021-05-30,Srisailam,3.964352,33.016
2021-05-31,Srisailam,3.4263328,33.016
2021-06-01,Srisailam,19.5102752,33.016
2021-06-02,Srisailam,19.0288896,33.062
2021-06-03,Srisailam,91.604848,33.062
2021-06-04,Srisailam,85.0070336,33.109
2021-06-05,Srisailam,101.2042432,33.201
2021-06-06,Srisailam,63.9110176,33.435
2021-06-07,Srisailam,28.9114528,33.435
2021-06-08,Srisailam,4.4740544,33.388
2021-06-09,Srisailam,3.3413824,33.388
2021-06-10,Srisailam,60.314783999999996,33.388
2021-06-11,Srisailam,349.4859456,33.482
2021-06-12,Srisailam,461.4505728,34.443
2021-06-13,Srisailam,491.579648,35.683
2021-06-14,Srisailam,269.7741536,37.086
2021-06-15,Srisailam,212.517584,37.641
2021-06-16,Srisailam,185.9847424,38.197
2021-06-17,Srisailam,171.88297599999999,38.707
2021-06-18,Srisailam,209.9973888,39.11
2021-06-19,Srisailam,120.5163008,39.404
2021-06-20,Srisailam,3.4263328,39.462
2021-06-21,Srisailam,0.0,39.404
2021-06-22,Srisailam,1.5291071999999999,38.707
2021-06-23,Srisailam,103.922656,38.141
2021-06-24,Srisailam,177.2065344,38.03
2021-06-25,Srisailam,381.3423456,38.141
2021-06-26,Srisailam,598.7870528,38.65
2021-06-27,Srisailam,613.9648576,39.637
2021-06-28,Srisailam,868.1081376,41.295
2021-06-29,Srisailam,877.4243648,42.391
2021-06-30,Srisailam,866.777248,43.059
2021-07-01,Srisailam,660.064608,43.059
2021-07-02,Srisailam,327.9651776,42.13
2021-07-03,Srisailam,149.8241888,40.417
2021-07-04,Srisailam,106.9242368,38.993
2021-07-05,Srisailam,246.44111039999999,37.435
2021-07-06,Srisailam,300.6677824,36.883
2021-07-07,Srisailam,75.322688,36.513
2021-07-08,Srisailam,83.2797088,35.482
2021-07-09,Srisailam,74.5581344,34.882
2021-07-10,Srisailam,77.5313984,34.354
2021-07-11,Srisailam,95.3426656,33.953
2021-07-12,Srisailam,66.6294304,33.624
2021-07-13,Srisailam,58.1060736,33.201
2021-07-14,Srisailam,87.640496,32.738
2021-07-15,Srisailam,112.7291808,32.375
2021-07-16,Srisailam,737.5110559999999,32.105
2021-07-17,Srisailam,1509.4836576,33.719
2021-07-18,Srisailam,2474.0104992,37.641
2021-07-19,Srisailam,3456.0937568,44.376
2021-07-20,Srisailam,4261.5084992,52.584
2021-07-21,Srisailam,2726.3981376,62.975
2021-07-22,Srisailam,2324.6393792,69.12
2021-07-23,Srisailam,4222.3746816,74.138
2021-07-24,Srisailam,8142.7506912,83.894
2021-07-25,Srisailam,10419.5629952,105.739
2021-07-26,Srisailam,9449.599328,134.094
2021-07-27,Srisailam,9354.7946816,159.11
2021-07-28,Srisailam,12201.397635199999,182.215
2021-07-29,Srisailam,11704.9758144,210.061
2021-07-30,Srisailam,14142.4576416,209.586
2021-07-31,Srisailam,15847.2989024,205.09
2021-08-01,Srisailam,15055.2780064,205.09
2021-08-02,Srisailam,12242.8251136,206.386
2021-08-03,Srisailam,6899.954656,207.682
2021-08-04,Srisailam,6265.2052672,210.061
2021-08-05,Srisailam,5928.7450496,211.013
2021-08-06,Srisailam,4607.992864,210.061
2021-08-07,Srisailam,2038.9228672,210.061
2021-08-08,Srisailam,2554.2319936,208.158
2021-08-09,Srisailam,3341.5806176,208.158
2021-08-10,Srisailam,4093.3067072,210.537
2021-08-11,Srisailam,3189.8592032,211.965
2021-08-12,Srisailam,1478.3918112,211.965
2021-08-13,Srisailam,0.0,209.586
2021-08-14,Srisailam,376.61343999999997,201.609
2021-08-15,Srisailam,71.4432864,196.587
2021-08-16,Srisailam,404.6187552,190.376
2021-08-17,Srisailam,489.031136,185.607
2021-08-18,Srisailam,504.74696,182.639
2021-08-19,Srisailam,817.1662144,180.18
2021-08-20,Srisailam,1334.0893984,178.651
2021-08-21,Srisailam,1157.1093984,178.651
2021-08-22,Srisailam,655.3640192,177.887
2021-08-23,Srisailam,758.3522207999999,176.358
2021-08-24,Srisailam,693.620016,174.763
2021-08-25,Srisailam,1381.8315232,172.741
2021-08-26,Srisailam,1015.3838144,171.529
2021-08-27,Srisailam,527.7402016,169.149
2021-08-28,Srisailam,665.8412352,165.226
2021-08-29,Srisailam,447.40544,161.752
2021-08-30,Srisailam,606.68744,159.416
2021-08-31,Srisailam,1350.5131423999999,157.222
2021-09-01,Srisailam,1246.930288,156.853
2021-09-02,Srisailam,1525.9074016,157.222
2021-09-03,Srisailam,771.7743839999999,156.853
2021-09-04,Srisailam,424.29893119999997,154.636
2021-09-05,Srisailam,1678.3650528,152.455
2021-09-06,Srisailam,2444.7026112,155.375
2021-09-07,Srisailam,4070.115248,159.487
2021-09-08,Srisailam,3685.573104,168.754
2021-09-09,Srisailam,2277.6334911999998,177.504
2021-09-10,Srisailam,1257.3225536,182.215
2021-09-11,Srisailam,2653.2558432,183.911
2021-09-12,Srisailam,3043.914416,189.507
2021-09-13,Srisailam,2349.4732128,194.807
2021-09-14,Srisailam,3364.1207904,197.957
2021-09-15,Srisailam,4829.3169728,202.497
2021-09-16,Srisailam,6198.3493024,210.061
2021-09-17,Srisailam,5391.4620864,211.965
2021-09-18,Srisailam,1910.3079616,211.965
2021-09-19,Srisailam,1917.5004288,211.489
2021-09-20,Srisailam,1521.8580992,211.013
2021-09-21,Srisailam,980.7240512,209.586
2021-09-22,Srisailam,1118.0605312,206.386
2021-09-23,Srisailam,1289.2072704,202.929
2021-09-24,Srisailam,1566.5986432,200.24
2021-09-25,Srisailam,1981.6379808,198.414
2021-09-26,Srisailam,1737.7736992,197.957
2021-09-27,Srisailam,2097.2554752,197.044
2021-09-28,Srisailam,1414.5091104,197.957
2021-09-29,Srisailam,3775.2807264,196.143
2021-09-30,Srisailam,3356.24872,201.153
2021-10-01,Srisailam,2186.3967616,204.658
2021-10-02,Srisailam,1767.1948544,204.658
2021-10-03,Srisailam,2065.9654112,203.361
2021-10-04,Srisailam,1726.0222272,202.929
2021-10-05,Srisailam,1286.9136096,201.609
2021-10-06,Srisailam,1967.9892832,198.87
2021-10-07,Srisailam,2043.6800896,198.414
2021-10-08,Srisailam,2566.8329696,197.957
2021-10-09,Srisailam,4308.5427039999995,199.327
2021-10-10,Srisailam,5202.7306144,205.954
2021-10-11,Srisailam,5193.3860704,212.441
2021-10-12,Srisailam,5131.71208,211.965
2021-10-13,Srisailam,3080.1032864,211.965
2021-10-14,Srisailam,2467.667536,212.441
2021-10-15,Srisailam,3158.5691392,213.392
2021-10-16,Srisailam,2017.9684352,213.392
2021-10-17,Srisailam,1979.6841216,211.489
2021-10-18,Srisailam,1020.1410367999999,211.489
2021-10-19,Srisailam,1147.679904,208.158
2021-10-20,Srisailam,399.8898496,205.09
2021-10-21,Srisailam,764.6385504,199.783
2021-10-22,Srisailam,135.9489568,196.143
2021-10-23,Srisailam,452.219296,190.81
2021-10-24,Srisailam,290.105616,186.465
2021-10-25,Srisailam,550.1671072,181.791
2021-10-26,Srisailam,141.0459808,177.504
2021-10-27,Srisailam,1417.5106911999999,171.529
2021-10-28,Srisailam,0.0,169.544
2021-10-29,Srisailam,440.3828736,162.488
2021-10-30,Srisailam,281.6955264,157.222
2021-10-31,Srisailam,374.348096,152.122
2021-11-01,Srisailam,228.516576,147.394
2021-11-02,Srisailam,207.9302624,142.177
2021-11-03,Srisailam,271.7563296,137.733
2021-11-04,Srisailam,400.8526208,133.441
2021-11-05,Srisailam,491.0699456,130.962
2021-11-06,Srisailam,219.4552,127.4
2021-11-07,Srisailam,196.1221568,123.135
2021-11-08,Srisailam,124.6505536,118.732
2021-11-09,Srisailam,213.3104544,113.708
2021-11-10,Srisailam,38.9922336,109.37
2021-11-11,Srisailam,13.0540448,104.468
2021-11-12,Srisailam,0.0,101.5
2021-11-13,Srisailam,24.5223488,98.649
2021-11-14,Srisailam,0.0,96.515
2021-11-15,Srisailam,176.7251488,95.193
2021-11-16,Srisailam,247.913584,94.969
2021-11-17,Srisailam,242.1369568,94.744
2021-11-18,Srisailam,446.980688,93.848
2021-11-19,Srisailam,424.6953664,92.967
2021-11-20,Srisailam,824.7834336,93.848
2021-11-21,Srisailam,2130.7259328,95.641
2021-11-22,Srisailam,4153.6214912,101.74
2021-11-23,Srisailam,3487.0157024,113.708
2021-11-24,Srisailam,1575.82992,123.434
2021-11-25,Srisailam,737.3128384,127.092
2021-11-26,Srisailam,1127.3484416,128.324
2021-11-27,Srisailam,366.3344416,130.082
2021-11-28,Srisailam,115.1927424,130.082
2021-11-29,Srisailam,410.310432,129.496
2021-11-30,Srisailam,642.7064096,129.203
2021-12-01,Srisailam,496.4501376,130.375
2021-12-02,Srisailam,519.2451616,129.789
2021-12-03,Srisailam,321.8487488,129.496
2021-12-04,Srisailam,286.0846304,128.324
2021-12-05,Srisailam,326.2661696,127.708
2021-12-06,Srisailam,379.6716544,128.324
2021-12-07,Srisailam,28.3168,128.91
2021-12-08,Srisailam,190.7985984,128.617
2021-12-09,Srisailam,251.0850656,128.324
2021-12-10,Srisailam,97.49474239999999,127.708
2021-12-11,Srisailam,123.97095039999999,127.092
2021-12-12,Srisailam,43.2963872,126.475
2021-12-13,Srisailam,0.0,125.859
2021-12-14,Srisailam,44.0043072,124.627
2021-12-15,Srisailam,106.89592,123.434
2021-12-16,Srisailam,95.852368,122.538
2021-12-17,Srisailam,56.3221152,121.942
2021-12-18,Srisailam,42.7017344,121.046
2021-12-19,Srisailam,154.7796288,120.468
2021-12-20,Srisailam,167.0974368,120.178
2021-12-21,Srisailam,179.3019776,119.6
2021-12-22,Srisailam,175.8756448,119.021
2021-12-23,Srisailam,50.7437056,118.153
2021-12-24,Srisailam,31.8280832,116.453
2021-12-25,Srisailam,164.8320928,115.051
2021-12-26,Srisailam,52.6975648,114.21
2021-12-27,Srisailam,51.3100416,113.708
2021-12-28,Srisailam,59.7201312,112.457
2021-12-29,Srisailam,42.1637152,110.954
2021-12-30,Srisailam,62.6367616,109.898
2021-12-31,Srisailam,37.0383744,108.842
2022-01-01,Srisailam,95.7391008,106.762
2022-01-02,Srisailam,34.404912,105.483
2022-01-03,Srisailam,14.3283008,104.715
2022-01-04,Srisailam,14.86632,102.98
2022-01-05,Srisailam,0.0,101.5
2022-01-06,Srisailam,35.8773856,99.821
2022-01-07,Srisailam,21.1526496,98.009
2022-01-08,Srisailam,0.0,96.729
2022-01-09,Srisailam,47.6854912,95.193
2022-01-10,Srisailam,34.829664,93.848
2022-01-11,Srisailam,0.0,92.75
2022-01-12,Srisailam,48.988064,91.018
2022-01-13,Srisailam,8.5233568,89.337
2022-01-14,Srisailam,29.3928384,87.483
2022-01-15,Srisailam,25.9665056,86.271
2022-01-16,Srisailam,46.6377696,84.97
2022-01-17,Srisailam,55.2460768,83.894
2022-01-18,Srisailam,14.2716672,82.028
2022-01-19,Srisailam,50.3189536,80.003
2022-01-20,Srisailam,15.4892896,77.69
2022-01-21,Srisailam,2.406928,74.628
2022-01-22,Srisailam,0.0,72.558
2022-01-23,Srisailam,21.2942336,70.793
2022-01-24,Srisailam,9.8542464,69.42
2022-01-25,Srisailam,0.0,67.505
2022-01-26,Srisailam,0.0,64.725
2022-01-27,Srisailam,3.2564319999999998,62.975
2022-01-28,Srisailam,5.0120736,61.482
2022-01-29,Srisailam,0.0,59.779
2022-01-30,Srisailam,0.0,57.052
2022-01-31,Srisailam,0.0,55.251
2022-02-01,Srisailam,0.0,52.11
2022-02-02,Srisailam,8.7498912,48.853
2022-02-03,Srisailam,0.0,45.695
2022-02-04,Srisailam,0.0,42.391
2022-02-05,Srisailam,0.0,39.579
2022-02-06,Srisailam,7.9003872,37.586
2022-02-07,Srisailam,27.60888,36.199
2022-02-08,Srisailam,8.7215744,34.932
2022-02-09,Srisailam,41.5690624,34.22
2022-02-10,Srisailam,7.3057343999999995,33.861
2022-02-11,Srisailam,42.4752,33.435
2022-02-12,Srisailam,49.9508352,33.109
2022-02-13,Srisailam,30.7803616,32.693
2022-02-14,Srisailam,60.0599328,32.466
2022-02-15,Srisailam,108.7648288,32.016
2022-02-16,Srisailam,111.0868064,31.837
2022-02-17,Srisailam,38.0294624,31.792
2022-02-18,Srisailam,22.2853216,31.418
2022-02-19,Srisailam,20.4164128,30.958
2022-02-20,Srisailam,38.5391648,30.827
2022-02-21,Srisailam,27.7221472,30.74
2022-02-22,Srisailam,18.689087999999998,30.611
2022-02-23,Srisailam,15.5176064,30.483
2022-02-24,Srisailam,23.1914592,30.398
2022-02-25,Srisailam,13.5354304,30.271
2022-02-26,Srisailam,18.2077024,30.229
2022-02-27,Srisailam,10.477216,30.144
2022-02-28,Srisailam,10.5904832,30.06
2022-03-01,Srisailam,16.4803776,30.018
2022-03-02,Srisailam,40.8328256,29.976
2022-03-03,Srisailam,33.3571904,30.06
2022-03-04,Srisailam,36.0472864,30.102
2022-03-05,Srisailam,29.1096704,30.144
2022-03-06,Srisailam,29.3362048,30.186
2022-03-07,Srisailam,16.4803776,30.186
2022-03-08,Srisailam,10.6188,30.144
2022-03-09,Srisailam,10.8736512,30.102
2022-03-10,Srisailam,24.5223488,30.06
2022-03-11,Srisailam,5.1819744,30.06
2022-03-12,Srisailam,2.2370272,30.018
2022-03-13,Srisailam,2.3786112,30.018
2022-03-14,Srisailam,2.7184128,30.018
2022-03-15,Srisailam,3.1997984,30.018
2022-03-16,Srisailam,3.0582143999999998,30.018
2022-03-17,Srisailam,19.2271072,30.018
2022-03-18,Srisailam,25.6550208,30.018
2022-03-19,Srisailam,25.5134368,30.018
2022-03-20,Srisailam,25.626704,30.018
2022-03-21,Srisailam,8.8065248,30.018
2022-03-22,Srisailam,16.6219616,30.018
2022-03-23,Srisailam,101.1759264,30.06
2022-03-24,Srisailam,159.5934848,30.356
2022-03-25,Srisailam,185.899792,30.827
2022-03-26,Srisailam,140.56459519999999,31.378
2022-03-27,Srisailam,92.7941536,31.792
2022-03-28,Srisailam,183.09642879999998,32.061
2022-03-29,Srisailam,233.1038976,32.602
2022-03-30,Srisailam,85.57336959999999,33.294
2022-03-31,Srisailam,31.431648,33.435
2022-04-01,Srisailam,25.8815552,33.435
2022-04-02,Srisailam,5.0120736,33.435
2022-04-03,Srisailam,3.1431648,33.435
2022-04-04,Srisailam,18.689087999999998,33.435
2022-04-05,Srisailam,18.8589888,33.483
2022-04-06,Srisailam,19.0572064,33.53
2022-04-07,Srisailam,35.0561984,33.577
2022-04-08,Srisailam,35.4526336,33.672
2022-04-09,Srisailam,69.7725952,33.766
2022-04-10,Srisailam,70.933584,33.908
2022-04-11,Srisailam,56.067264,34.042
2022-04-12,Srisailam,55.642511999999996,34.131
2022-04-13,Srisailam,55.840729599999996,34.22
2022-04-14,Srisailam,19.2837408,34.31
2022-04-15,Srisailam,18.2926528,34.354
2022-04-16,Srisailam,48.988064,34.399
2022-04-17,Srisailam,36.10392,34.537
2022-04-18,Srisailam,19.7084928,34.636
2022-04-19,Srisailam,36.4720384,34.685
2022-04-20,Srisailam,35.9906528,34.784
2022-04-21,Srisailam,19.3120576,34.882
2022-04-22,Srisailam,15.9706752,34.932
2022-04-23,Srisailam,26.0797728,34.932
2022-04-24,Srisailam,26.2213568,34.932
2022-04-25,Srisailam,25.5983872,34.932
2022-04-26,Srisailam,26.0231392,34.932
2022-04-27,Srisailam,5.9182112,34.932
2022-04-28,Srisailam,3.7944512,34.932
2022-04-29,Srisailam,3.6528671999999998,34.932
2022-04-30,Srisailam,19.4536416,34.981
2022-05-01,Srisailam,19.7651264,35.03
2022-05-02,Srisailam,20.0199776,35.08
2022-05-03,Srisailam,19.7934432,35.13
2022-05-04,Srisailam,21.2659168,35.18
2022-05-05,Srisailam,25.8815552,35.18
2022-05-06,Srisailam,25.7116544,35.18
2022-05-07,Srisailam,26.0797728,35.18
2022-05-08,Srisailam,26.3063072,35.18
2022-05-09,Srisailam,10.6754336,35.18
2022-05-10,Srisailam,1.274256,35.18
2022-05-11,Srisailam,0.0,35.18
2022-05-12,Srisailam,33.3005568,35.18
2022-05-13,Srisailam,34.9429312,35.281
2022-05-14,Srisailam,2.2936608,35.381
2022-05-15,Srisailam,2.0954432,35.381
2022-05-16,Srisailam,33.8102592,35.381
2022-05-17,Srisailam,24.6639328,35.432
2022-05-18,Srisailam,8.070288,35.432
2022-05-19,Srisailam,7.1075168,35.381
2022-05-20,Srisailam,17.5847328,35.331
2022-05-21,Srisailam,35.3110496,35.331
2022-05-22,Srisailam,290.9834368,35.432
2022-05-23,Srisailam,262.5533696,36.302
2022-05-24,Srisailam,118.6190752,37.086
2022-05-25,Srisailam,105.0836448,37.435
2022-05-26,Srisailam,54.9629088,37.752
2022-05-27,Srisailam,56.8884512,37.919
2022-05-28,Srisailam,37.661344,38.086
2022-05-29,Srisailam,24.9471008,38.141
2022-05-30,Srisailam,24.1825472,38.141
2022-05-31,Srisailam,24.4090816,38.141
2022-06-01,Srisailam,15.8857248,38.197
2022-06-02,Srisailam,19.0855232,38.197
2022-06-03,Srisailam,21.3508672,38.252
2022-06-04,Srisailam,21.1526496,38.309
2022-06-05,Srisailam,39.8134208,38.366
2022-06-06,Srisailam,20.8694816,38.48
2022-06-07,Srisailam,153.5620064,38.536
2022-06-08,Srisailam,177.3198016,38.993
2022-06-09,Srisailam,130.7669824,39.521
2022-06-10,Srisailam,79.23040639999999,39.878
2022-06-11,Srisailam,117.7129376,39.999
2022-06-12,Srisailam,99.9299872,40.24
2022-06-13,Srisailam,40.3231232,40.532
2022-06-14,Srisailam,95.9656352,40.646
2022-06-15,Srisailam,355.4607904,40.932
2022-06-16,Srisailam,240.975968,41.999
2022-06-17,Srisailam,45.6183648,42.72
2022-06-18,Srisailam,46.297968,42.856
2022-06-19,Srisailam,0.0,42.991
2022-06-20,Srisailam,1.5291071999999999,42.991
2022-06-21,Srisailam,24.5223488,43.126
2022-06-22,Srisailam,24.380764799999998,43.126
2022-06-23,Srisailam,20.6146304,43.126
2022-06-24,Srisailam,13.3372128,43.126
2022-06-25,Srisailam,0.0,43.126
2022-06-26,Srisailam,23.8427456,43.126
2022-06-27,Srisailam,46.156384,43.194
2022-06-28,Srisailam,24.2391808,43.33
2022-06-29,Srisailam,23.4746272,43.397
2022-06-30,Srisailam,22.2853216,43.465
2022-07-01,Srisailam,1.9255423999999999,43.53
2022-07-02,Srisailam,1.8689088,43.53
2022-07-03,Srisailam,16.8768128,43.53
2022-07-04,Srisailam,1.9538592,43.465
2022-07-05,Srisailam,3.5112832,43.33
2022-07-06,Srisailam,1.132672,43.33
2022-07-07,Srisailam,0.0,43.33
2022-07-08,Srisailam,22.4552224,43.33
2022-07-09,Srisailam,65.1852736,43.397
2022-07-10,Srisailam,22.2853216,43.594
2022-07-11,Srisailam,64.1092352,43.659
2022-07-12,Srisailam,128.2184704,43.852
2022-07-13,Srisailam,898.6619648,44.239
2022-07-14,Srisailam,2992.8592256,46.838
2022-07-15,Srisailam,7199.687984,55.251
2022-07-16,Srisailam,8236.4792992,75.462
2022-07-17,Srisailam,8557.5351776,98.009
2022-07-18,Srisailam,9388.6898912,121.046
2022-07-19,Srisailam,7896.6493824,146.335
2022-07-20,Srisailam,5815.6477503999995,166.384
2022-07-21,Srisailam,5453.5041952,180.943
2022-07-22,Srisailam,4202.496288,193.026
2022-07-23,Srisailam,2789.9976704,199.783
2022-07-24,Srisailam,2513.965504,197.957
2022-07-25,Srisailam,1206.6921152,195.252
2022-07-26,Srisailam,804.3670208,191.69
2022-07-27,Srisailam,1475.0787456,186.9
2022-07-28,Srisailam,1624.2799648,184.335
2022-07-29,Srisailam,1680.2339616,182.215
2022-07-30,Srisailam,3059.2621216,181.791
2022-07-31,Srisailam,3508.2249856,186.031
2022-08-01,Srisailam,2685.14056,191.69
2022-08-02,Srisailam,2782.2105504,194.362
2022-08-03,Srisailam,4489.3737888,196.587
2022-08-04,Srisailam,6292.0495936,203.793
2022-08-05,Srisailam,5851.8366208,213.392
2022-08-06,Srisailam,4437.1292928,212.441
2022-08-07,Srisailam,3284.890384,213.392
2022-08-08,Srisailam,4251.7958368,210.061
2022-08-09,Srisailam,6229.8092672,213.392
2022-08-10,Srisailam,10526.204064,210.537
2022-08-11,Srisailam,12673.1272064,211.013
2022-08-12,Srisailam,13123.8173952,210.537
2022-08-13,Srisailam,11960.9596864,211.013
2022-08-14,Srisailam,11645.567168,210.061
2022-08-15,Srisailam,12367.503983999999,211.013
2022-08-16,Srisailam,11945.3288128,210.061
2022-08-17,Srisailam,10124.5868896,206.818
2022-08-18,Srisailam,9029.944352,209.11
2022-08-19,Srisailam,8224.61456,212.441
2022-08-20,Srisailam,7603.7120864,211.013
2022-08-21,Srisailam,5828.163776,210.537
2022-08-22,Srisailam,4397.3441888,211.489
2022-08-23,Srisailam,3255.2143776,211.013
2022-08-24,Srisailam,3521.3922976,213.392
2022-08-25,Srisailam,3642.4183008,210.537
2022-08-26,Srisailam,3313.9717376,211.489
2022-08-27,Srisailam,3949.202512,213.392
2022-08-28,Srisailam,7930.2897408,212.917
2022-08-29,Srisailam,8664.657632,213.392
2022-08-30,Srisailam,5588.9434496,207.25
2022-08-31,Srisailam,1100.0,211.965
2022-09-01,Srisailam,4955.6382176,213.392
2022-09-02,Srisailam,4888.5557184,211.965
2022-09-03,Srisailam,4183.1842304,211.489
2022-09-04,Srisailam,4966.9366208,212.917
2022-09-05,Srisailam,4496.424672,213.392
2022-09-06,Srisailam,4203.3174751999995,211.489
2022-09-07,Srisailam,6252.4627072,211.489
2022-09-08,Srisailam,12144.622451199999,212.441
2022-09-09,Srisailam,12918.3223776,211.965
2022-09-10,Srisailam,11168.429087999999,211.965
2022-09-11,Srisailam,8779.3123552,208.634
2022-09-12,Srisailam,8593.6390976,212.917
2022-09-13,Srisailam,8968.072144,211.965
2022-09-14,Srisailam,10421.8283392,211.013
2022-09-15,Srisailam,10646.125712,212.441
2022-09-16,Srisailam,10387.310159999999,211.489
2022-09-17,Srisailam,9669.8190816,209.11
2022-09-18,Srisailam,7465.6960032,209.11
2022-09-19,Srisailam,7187.4268096,211.965
2022-09-20,Srisailam,7655.6167808,212.917
2022-09-21,Srisailam,7728.6741248,211.013
2022-09-22,Srisailam,4706.4786944,209.586
2022-09-23,Srisailam,2850.2841376,211.489
2022-09-24,Srisailam,1687.0299936,212.441
2022-09-25,Srisailam,1204.596672,210.061
2022-09-26,Srisailam,1320.4690176,206.386
2022-09-27,Srisailam,180.5196,203.361
2022-09-28,Srisailam,1112.1989536,197.044
2022-09-29,Srisailam,1211.7325056,194.362
2022-09-30,Srisailam,2180.1387488,192.135
2022-10-01,Srisailam,3631.771184,193.471
2022-10-02,Srisailam,5825.5586304,198.87
2022-10-03,Srisailam,3935.8652991999998,210.537
2022-10-04,Srisailam,5292.0418016,213.392
2022-10-05,Srisailam,2423.351744,211.489
2022-10-06,Srisailam,2856.6554176,210.537
2022-10-07,Srisailam,3923.6041248,213.392
2022-10-08,Srisailam,4740.4022208,210.537
2022-10-09,Srisailam,0.0,211.965
2022-10-10,Srisailam,3706.8390208,212.441
2022-10-11,Srisailam,3977.8874304,211.489
2022-10-12,Srisailam,4558.4101472,212.441
2022-10-13,Srisailam,7905.512540799999,213.392
2022-10-14,Srisailam,11848.315456,212.917
2022-10-15,Srisailam,12222.663552,211.013
2022-10-16,Srisailam,10619.6778208,209.586
2022-10-17,Srisailam,7171.9658368,210.537
2022-10-18,Srisailam,9690.4620288,211.013
2022-10-19,Srisailam,7502.6494272,210.537
2022-10-20,Srisailam,3986.722272,211.013
2022-10-21,Srisailam,7466.0924384,211.965
2022-10-22,Srisailam,9424.4540096,211.489
2022-10-23,Srisailam,7509.5304096,211.489
2022-10-24,Srisailam,9202.8750496,211.013
2022-10-25,Srisailam,8241.9161248,211.489
2022-10-26,Srisailam,2485.8186048,211.965
2022-10-27,Srisailam,2700.7431168,212.917
2022-10-28,Srisailam,1244.4100928,212.441
2022-10-29,Srisailam,1516.647808,209.586
2022-10-30,Srisailam,992.50384,207.682
2022-10-31,Srisailam,1567.3915136,205.954
2022-11-01,Srisailam,940.5141952,205.522
2022-11-02,Srisailam,685.1816096,202.929
2022-11-03,Srisailam,955.9185344,199.783
2022-11-04,Srisailam,549.770672,197.501
2022-11-05,Srisailam,659.07352,193.471
2022-11-06,Srisailam,213.1405536,190.376
2022-11-07,Srisailam,590.8583488,186.031
2022-11-08,Srisailam,287.9252224,182.639
2022-11-09,Srisailam,281.327408,180.562
2022-11-10,Srisailam,489.88063999999997,179.033
2022-11-11,Srisailam,160.1598208,178.269
2022-11-12,Srisailam,468.076704,176.74
2022-11-13,Srisailam,125.6699584,175.571
2022-11-14,Srisailam,164.8320928,173.954
2022-11-15,Srisailam,298.4024384,171.529
2022-11-16,Srisailam,101.090976,169.544
2022-11-17,Srisailam,57.8229056,166.779
2022-11-18,Srisailam,80.4480288,164.068
2022-11-19,Srisailam,83.4212928,161.375
2022-11-20,Srisailam,85.6866368,158.732
2022-11-21,Srisailam,12.600976,157.222
2022-11-22,Srisailam,91.7747488,154.636
2022-11-23,Srisailam,90.1606912,152.122
2022-11-24,Srisailam,100.2131552,149.787
2022-11-25,Srisailam,59.0971616,147.394
2022-11-26,Srisailam,108.8497792,145.276
2022-11-27,Srisailam,59.012211199999996,143.528
2022-11-28,Srisailam,17.839584,142.15
2022-11-29,Srisailam,62.580128,139.747
2022-11-30,Srisailam,25.032051199999998,137.733
2022-12-01,Srisailam,54.7646912,136.054
2022-12-02,Srisailam,29.1946208,133.767
2022-12-03,Srisailam,6.4845472,131.255
2022-12-04,Srisailam,67.5072512,129.496
2022-12-05,Srisailam,65.4684416,128.91
2022-12-06,Srisailam,67.9886368,127.708
2022-12-07,Srisailam,77.9844672,126.475
2022-12-08,Srisailam,11.8081056,125.245
2022-12-09,Srisailam,49.129647999999996,124.03
2022-12-10,Srisailam,14.469884799999999,122.837
2022-12-11,Srisailam,106.4145344,121.942
2022-12-12,Srisailam,95.1727648,121.643
2022-12-13,Srisailam,67.1674496,121.046
2022-12-14,Srisailam,8.8065248,120.468
2022-12-15,Srisailam,0.0,119.6
2022-12-16,Srisailam,84.2707968,118.443
2022-12-17,Srisailam,52.9807328,117.014
2022-12-18,Srisailam,23.219776,115.051
2022-12-19,Srisailam,11.0718688,114.21
2022-12-20,Srisailam,27.467296,113.208
2022-12-21,Srisailam,6.088112,112.457
2022-12-22,Srisailam,62.8916128,111.455
2022-12-23,Srisailam,73.3971456,110.426
2022-12-24,Srisailam,19.4536416,109.106
2022-12-25,Srisailam,1.8972256,107.274
2022-12-26,Srisailam,18.8873056,105.739
2022-12-27,Srisailam,20.5013632,104.468
2022-12-28,Srisailam,88.6032672,102.98
2022-12-29,Srisailam,60.3431008,101.26
2022-12-30,Srisailam,70.367248,99.582
2022-12-31,Srisailam,44.7122272,98.009
2023-01-01,Srisailam,70.933584,96.729
2023-01-02,Srisailam,67.9320032,95.865
2023-01-03,Srisailam,9.9391968,95.193
2023-01-04,Srisailam,42.7300512,93.848
2023-01-05,Srisailam,8.1269216,92.75
2023-01-06,Srisailam,30.0724416,90.592
2023-01-07,Srisailam,9.1746432,88.709
2023-01-08,Srisailam,18.7740384,86.675
2023-01-09,Srisailam,0.0,86.069
2023-01-10,Srisailam,0.0,84.791
2023-01-11,Srisailam,14.1584,83.346
2023-01-12,Srisailam,0.0,82.028
2023-01-13,Srisailam,0.0,80.003
2023-01-14,Srisailam,0.0,77.69
2023-01-15,Srisailam,0.0,76.14
2023-01-16,Srisailam,0.0,74.954
2023-01-17,Srisailam,0.0,73.485
2023-01-18,Srisailam,0.0,72.412
2023-01-19,Srisailam,19.5952256,71.682
2023-01-20,Srisailam,23.1914592,70.488
2023-01-21,Srisailam,1.3592064,69.12
2023-01-22,Srisailam,10.0807808,67.946
2023-01-23,Srisailam,25.626704,67.505
2023-01-24,Srisailam,16.0839424,66.798
2023-01-25,Srisailam,23.2480928,65.809
2023-01-26,Srisailam,16.452060799999998,65.132
2023-01-27,Srisailam,5.238608,64.454
2023-01-28,Srisailam,9.6843456,63.7
2023-01-29,Srisailam,0.0,62.733
2023-01-30,Srisailam,10.8736512,61.733
2023-01-31,Srisailam,14.1867168,60.503
2023-02-01,Srisailam,6.8809824,59.428
2023-02-02,Srisailam,0.0283168,58.964
2023-02-03,Srisailam,30.8936288,58.501
2023-02-04,Srisailam,21.662352,58.159
2023-02-05,Srisailam,14.86632,57.827
2023-02-06,Srisailam,8.49504,57.495
2023-02-07,Srisailam,41.9371808,56.942
2023-02-08,Srisailam,53.377168,56.449
2023-02-09,Srisailam,16.3104768,56.055
2023-02-10,Srisailam,7.0792,55.76
2023-02-11,Srisailam,12.9124608,55.251
2023-02-12,Srisailam,9.5710784,54.333
2023-02-13,Srisailam,0.0,53.939
2023-02-14,Srisailam,0.0,53.059
2023-02-15,Srisailam,42.050448,51.837
2023-02-16,Srisailam,114.9378912,51.018
2023-02-17,Srisailam,20.3314624,50.122
2023-02-18,Srisailam,11.2700864,49.021
2023-02-19,Srisailam,250.3488288,47.629
2023-02-20,Srisailam,267.76366079999997,47.947
2023-02-21,Srisailam,93.3321728,47.31
2023-02-22,Srisailam,93.3604896,46.223
2023-02-23,Srisailam,102.36523199999999,45.471
2023-02-24,Srisailam,124.8204544,44.883
2023-02-25,Srisailam,78.8906048,43.981
2023-02-26,Srisailam,242.4767584,43.126
2023-02-27,Srisailam,105.5083968,43.465
2023-02-28,Srisailam,50.7437056,42.991
2023-03-01,Srisailam,165.511696,42.522
2023-03-02,Srisailam,159.848336,42.587
2023-03-03,Srisailam,175.3093088,42.456
2023-03-04,Srisailam,0.0,42.522
2023-03-05,Srisailam,50.0,42.326
2023-03-06,Srisailam,50.58,42.326
2023-03-07,Srisailam,51.84,41.677
2023-03-08,Srisailam,58.302,41.613
2023-03-09,Srisailam,57.93,41.295
2023-03-10,Srisailam,51.938,40.875
2023-03-11,Srisailam,35.0,40.179
2023-03-12,Srisailam,25.0,39.758
2023-03-13,Srisailam,0.0,39.404
2023-03-14,Srisailam,0.0,38.764
2023-03-15,Srisailam,12.6,38.086
2023-03-16,Srisailam,59.8050816,37.385
2023-03-17,Srisailam,64.6755712,36.986
2023-03-18,Srisailam,0.0,36.619
2023-03-19,Srisailam,71.4716032,36.408
2023-03-20,Srisailam,19.0005728,36.199
2023-03-21,Srisailam,57.5963712,35.735
2023-03-22,Srisailam,41.9371808,35.18
2023-03-23,Srisailam,47.7987584,34.981
2023-03-24,Srisailam,32.7908544,34.586
2023-03-25,Srisailam,75.88902399999999,34.042
2023-03-26,Srisailam,19.7084928,33.719
2023-03-27,Srisailam,46.439552,33.577
2023-03-28,Srisailam,18.6041376,33.248
2023-03-29,Srisailam,0.0,32.693
2023-03-30,Srisailam,54.085088,32.105
2023-03-31,Srisailam,15.432656,31.971
2023-04-01,Srisailam,4.5023712,31.881
2023-04-02,Srisailam,9.7126624,31.792
2023-04-03,Srisailam,36.7268896,31.747
2023-04-04,Srisailam,22.0304704,31.702
2023-04-05,Srisailam,0.0,31.621
2023-04-06,Srisailam,12.921,31.581
2023-04-07,Srisailam,12.0,31.581
2023-04-08,Srisailam,10.0,31.216
2023-04-09,Srisailam,8.0,31.132
2023-04-10,Srisailam,19.19,31.089
2023-04-11,Srisailam,4.5590048,31.089
2023-04-12,Srisailam,22.4835392,31.089
2023-04-13,Srisailam,27.269078399999998,31.089
2023-04-14,Srisailam,1.2176224,31.045
2023-04-15,Srisailam,4.530688,31.045
2023-04-16,Srisailam,6.6544479999999995,31.045
2023-04-17,Srisailam,25.9948224,31.045
2023-04-18,Srisailam,28.9964032,31.045
2023-04-19,Srisailam,17.556416,31.001
2023-04-20,Srisailam,14.8380032,30.958
2023-04-21,Srisailam,0.0,30.871
2023-04-22,Srisailam,13.6770144,30.871
2023-04-23,Srisailam,5.0403904,30.871
2023-04-24,Srisailam,5.0403904,30.871
2023-04-25,Srisailam,4.0776192,30.871
2023-04-26,Srisailam,89.622672,31.132
2023-04-27,Srisailam,59.2387456,31.297
2023-04-28,Srisailam,0.0,31.256
2023-04-29,Srisailam,55.6708288,31.418
2023-04-30,Srisailam,100.241472,31.662
2023-05-01,Srisailam,80.6179296,32.016
2023-05-02,Srisailam,82.0337696,32.239
2023-05-03,Srisailam,96.701872,32.421
2023-05-04,Srisailam,84.384064,32.557
2023-05-05,Srisailam,64.6472544,32.738
2023-05-06,Srisailam,62.3252768,32.784
2023-05-07,Srisailam,17.7263168,32.923
2023-05-08,Srisailam,49.6676672,33.062
2023-05-09,Srisailam,50.97024,33.201
2023-05-10,Srisailam,51.6498432,33.341
2023-05-11,Srisailam,52.4710304,33.435
2023-05-12,Srisailam,37.236592,33.483
2023-05-13,Srisailam,22.0587872,33.483
2023-05-14,Srisailam,47.713808,33.53
2023-05-15,Srisailam,28.4867008,33.624
2023-05-16,Srisailam,38.1427296,33.672
2023-05-17,Srisailam,22.4552224,33.719
2023-05-18,Srisailam,22.0021536,33.766
2023-05-19,Srisailam,22.4269056,33.813
2023-05-20,Srisailam,22.3419552,33.861
2023-05-21,Srisailam,22.1154208,33.861
2023-05-22,Srisailam,6.796032,33.766
2023-05-23,Srisailam,28.741552,33.766
2023-05-24,Srisailam,9.1180096,33.766
2023-05-25,Srisailam,6.5411808,33.813
2023-05-26,Srisailam,22.0021536,33.861
2023-05-27,Srisailam,23.1914592,33.861
2023-05-28,Srisailam,8.1552384,33.908
2023-05-29,Srisailam,22.8799744,33.908
2023-05-30,Srisailam,1.274256,85.038
2023-05-31,Srisailam,38.794016,86.662
2023-06-01,Srisailam,21.0676992,33.953
2023-06-02,Srisailam,4.9837568,33.861
2023-06-03,Srisailam,0.0,33.766
2023-06-04,Srisailam,6.4845472,33.719
2023-06-05,Srisailam,21.94552,33.719
2023-06-06,Srisailam,0.0,33.766
2023-06-07,Srisailam,5.2669248,33.719
2023-06-08,Srisailam,11.19,33.719
2023-06-09,Srisailam,7.655,33.719
2023-06-10,Srisailam,6.0,33.719
2023-06-11,Srisailam,5.0,33.624
2023-06-12,Srisailam,7.508,33.53
2023-06-13,Srisailam,4.583,33.483
2023-06-14,Srisailam,0.0,33.483
2023-06-15,Srisailam,3.349,33.435
2023-06-16,Srisailam,6.4845472,33.435
2023-06-17,Srisailam,5.5500928,33.435
2023-06-18,Srisailam,0.0,33.435
2023-06-19,Srisailam,32.0829344,33.388
2023-06-20,Srisailam,1.8972256,33.341
2023-06-21,Srisailam,4.1342528,33.201
2023-06-22,Srisailam,1.5007904,33.201
2023-06-23,Srisailam,0.0,33.201
2023-06-24,Srisailam,2.7750464,33.155
2023-06-25,Srisailam,2.6617792,33.155
2023-06-26,Srisailam,18.2360192,33.155
2023-06-27,Srisailam,28.0902656,33.201
2023-06-28,Srisailam,10.3073152,33.155
2023-06-29,Srisailam,3.7095008,33.062
2023-06-30,Srisailam,3.3696992,33.062
2023-07-01,Srisailam,3.5112832,33.062
2023-07-02,Srisailam,2.6617792,33.062
2023-07-03,Srisailam,2.2370272,33.062
2023-07-04,Srisailam,18.9156224,33.062
2023-07-05,Srisailam,47.9686592,33.109
2023-07-06,Srisailam,70.225664,33.248
2023-07-07,Srisailam,16.5936448,33.341
2023-07-08,Srisailam,10.930284799999999,33.248
2023-07-09,Srisailam,18.6041376,33.248
2023-07-10,Srisailam,18.5758208,33.294
2023-07-11,Srisailam,3.5679168,33.341
2023-07-12,Srisailam,3.3413824,33.341
2023-07-13,Srisailam,2.4352448,33.341
2023-07-14,Srisailam,18.8873056,33.341
2023-07-15,Srisailam,2.2087104,33.388
2023-07-16,Srisailam,9.2879104,33.388
2023-07-17,Srisailam,9.0896928,33.341
2023-07-18,Srisailam,8.4667232,33.294
2023-07-19,Srisailam,8.636624,33.248
2023-07-20,Srisailam,6.1730624,33.201
2023-07-21,Srisailam,14.6397856,33.201
2023-07-22,Srisailam,17.0467136,33.248
2023-07-23,Srisailam,188.7031552,33.294
2023-07-24,Srisailam,792.2757472,33.861
2023-07-25,Srisailam,227.04410239999999,36.251
2023-07-26,Srisailam,252.161104,36.936
2023-07-27,Srisailam,1299.5429024,37.697
2023-07-28,Srisailam,2211.6270304,41.613
2023-07-29,Srisailam,6402.570064,48.195
2023-07-30,Srisailam,2521.7243072,67.364
2023-07-31,Srisailam,2471.1788192,74.954
2023-08-01,Srisailam,1232.063968,82.405
2023-08-02,Srisailam,1960.2587968,86.069
2023-08-03,Srisailam,2268.1190464,91.884
2023-08-04,Srisailam,1906.5418272,98.009
2023-08-05,Srisailam,1415.415248,102.732
2023-08-06,Srisailam,1340.2907776,106.25
2023-08-07,Srisailam,1556.4045952,110.162
2023-08-08,Srisailam,1547.654704,113.458
2023-08-09,Srisailam,1732.1669728,116.733
2023-08-10,Srisailam,724.060576,120.757
2023-08-11,Srisailam,273.9,121.046
2023-08-12,Srisailam,250.0,119.021
2023-08-13,Srisailam,250.0,117.014
2023-08-14,Srisailam,229.4,116.173
2023-08-15,Srisailam,95.0,113.708
2023-08-16,Srisailam,34.7447136,111.455
2023-08-17,Srisailam,192.6391904,109.37
2023-08-18,Srisailam,0.0,107.53
2023-08-19,Srisailam,0.0,105.995
2023-08-20,Srisailam,0.0,104.468
2023-08-21,Srisailam,1.699008,102.98
2023-08-22,Srisailam,0.0,100.541
2023-08-23,Srisailam,0.0,98.223
2023-08-24,Srisailam,19.5669088,96.515
2023-08-25,Srisailam,0.0,95.193
2023-08-26,Srisailam,0.0,93.184
2023-08-27,Srisailam,0.0,91.884
2023-08-28,Srisailam,0.0,90.801
2023-08-29,Srisailam,0.0,89.546
2023-08-30,Srisailam,0.0,87.685
2023-08-31,Srisailam,0.0,85.688
2023-09-01,Srisailam,4.4174208,86.877
2023-09-02,Srisailam,0.0,90.801
2023-09-03,Srisailam,0.0,38.493
2023-09-04,Srisailam,99.9299872,28.252
2023-09-05,Srisailam,329.0128992,30.017
2023-09-06,Srisailam,1077.6241408,30.724
2023-09-07,Srisailam,982.4230592,30.017
2023-09-08,Srisailam,661.3105472,114.773
2023-09-09,Srisailam,594.7094336,85.461
2023-09-10,Srisailam,463.2062144,85.108
2023-09-11,Srisailam,386.949072,60.035
2023-09-12,Srisailam,404.9585568,54.738
2023-09-13,Srisailam,293.6735328,56.187
2023-09-14,Srisailam,234.2648864,57.637
2023-09-15,Srisailam,0.0,59.087
2023-09-16,Srisailam,0.0,60.537
2023-09-17,Srisailam,7.0225664,61.987
2023-09-18,Srisailam,15.0362208,63.436
2023-09-19,Srisailam,0.0,64.886
2023-09-20,Srisailam,0.0,66.336
2023-09-21,Srisailam,1.699008,67.786
2023-09-22,Srisailam,109.586016,69.235
2023-09-23,Srisailam,113.0123488,70.685
2023-09-24,Srisailam,113.0123488,72.135
2023-09-25,Srisailam,717.7459296,73.585
2023-09-26,Srisailam,883.6257439999999,75.034
2023-09-27,Srisailam,440.8359424,76.484
2023-09-28,Srisailam,417.814384,77.934
2023-09-29,Srisailam,521.4821888,79.384
2023-09-30,Srisailam,269.23613439999997,80.833
2023-10-01,Srisailam,217.3031232,92.317
2023-10-02,Srisailam,259.5517888,92.534
2023-10-03,Srisailam,441.9686144,92.967
2023-10-04,Srisailam,166.1912992,93.848
2023-10-05,Srisailam,45.731632,93.4
2023-10-06,Srisailam,31.431648,92.967
2023-10-07,Srisailam,0.0,91.451
2023-10-08,Srisailam,1.8972256,89.337
2023-10-09,Srisailam,0.0,87.483
2023-10-10,Srisailam,32.6492704,84.97
2023-10-11,Srisailam,33.555408,82.405
2023-10-12,Srisailam,10.477216,80.184
2023-10-13,Srisailam,0.0,78.041
2023-10-14,Srisailam,0.0,76.988
2023-10-15,Srisailam,0.0,58.357
2023-10-16,Srisailam,24.4373984,75.293
2023-10-17,Srisailam,0.0,74.791
2023-10-18,Srisailam,0.0,74.301
2023-10-19,Srisailam,38.369264,73.975
2023-10-20,Srisailam,4.4174208,73.322
2023-10-21,Srisailam,23.7294784,72.704
2023-10-22,Srisailam,11.3833536,72.266
2023-10-23,Srisailam,4.105936,71.828
2023-10-24,Srisailam,0.0,71.39
2023-10-25,Srisailam,0.0,70.945
2023-10-26,Srisailam,0.0,70.488
2023-10-27,Srisailam,8.3817728,69.877
2023-10-28,Srisailam,0.0,69.42
2023-10-29,Srisailam,0.0,68.973
2023-10-30,Srisailam,0.0,78.222
2023-10-31,Srisailam,1.4441568,67.799
2023-11-01,Srisailam,0.1699008,67.222
2023-11-02,Srisailam,0.3398016,66.516
2023-11-03,Srisailam,5.66336,65.809
2023-11-04,Srisailam,18.037801599999998,65.132
2023-11-05,Srisailam,3.5962336,64.589
2023-11-06,Srisailam,22.0021536,64.183
2023-11-07,Srisailam,16.6502784,63.7
2023-11-08,Srisailam,37.661344,63.096
2023-11-09,Srisailam,83.7327776,62.612
2023-11-10,Srisailam,42.1637152,62.361
2023-11-11,Srisailam,286.5093824,62.11
2023-11-12,Srisailam,274.0783072,62.612
2023-11-13,Srisailam,246.1862592,63.096
2023-11-14,Srisailam,118.6757088,63.458
2023-11-15,Srisailam,77.8995168,63.458
2023-11-16,Srisailam,50.998556799999996,59.663
2023-11-17,Srisailam,93.8135584,60.983
2023-11-18,Srisailam,94.15335999999999,62.303
2023-11-19,Srisailam,33.3855072,63.622
2023-11-20,Srisailam,36.528672,64.942
2023-11-21,Srisailam,19.538592,66.261
2023-11-22,Srisailam,26.8160096,67.581
2023-11-23,Srisailam,4.0776192,68.901
2023-11-24,Srisailam,28.0619488,70.22
2023-11-25,Srisailam,25.2869024,71.54
2023-11-26,Srisailam,25.8815552,72.86
2023-11-27,Srisailam,31.3466976,74.179
2023-11-28,Srisailam,67.6205184,75.499
2023-11-29,Srisailam,71.9529888,76.819
2023-11-30,Srisailam,68.1302208,78.138
2023-12-01,Srisailam,61.305872,59.08
2023-12-02,Srisailam,30.2706592,58.964
2023-12-03,Srisailam,59.323696,58.733
2023-12-04,Srisailam,26.90096,58.617
2023-12-05,Srisailam,31.0635296,58.385
2023-12-06,Srisailam,52.0179616,58.159
2023-12-07,Srisailam,9.4011776,58.048
2023-12-08,Srisailam,3.398016,57.716
2023-12-09,Srisailam,30.582144,57.384
2023-12-10,Srisailam,12.6859264,57.163
2023-12-11,Srisailam,27.892048,57.052
2023-12-12,Srisailam,26.5611584,56.744
2023-12-13,Srisailam,17.1599808,56.449
2023-12-14,Srisailam,0.0,55.957
2023-12-15,Srisailam,23.5595776,55.251
2023-12-16,Srisailam,0.0,54.739
2023-12-17,Srisailam,39.1338176,54.037
2023-12-18,Srisailam,58.8423104,53.84
2023-12-19,Srisailam,12.6576096,53.643
2023-12-20,Srisailam,26.2779904,53.446
2023-12-21,Srisailam,0.0,52.964
2023-12-22,Srisailam,6.9659328,52.395
2023-12-23,Srisailam,13.0540448,51.837
2023-12-24,Srisailam,32.4793696,51.564
2023-12-25,Srisailam,0.0,51.382
2023-12-26,Srisailam,25.7399712,50.855
2023-12-27,Srisailam,19.538592,50.366
2023-12-28,Srisailam,6.0314784,50.122
2023-12-29,Srisailam,0.0,49.789
2023-12-30,Srisailam,18.1793856,49.448
2023-12-31,Srisailam,22.228688,49.277
2024-01-01,Srisailam,0.0,49.192
2024-01-02,Srisailam,36.387088,48.936
2024-01-03,Srisailam,0.0,48.771
2024-01-04,Srisailam,8.7498912,48.442
2024-01-05,Srisailam,0.0,48.277
2024-01-06,Srisailam,0.0,48.112
2024-01-07,Srisailam,13.7053312,47.947
2024-01-08,Srisailam,5.8332608,47.868
2024-01-09,Srisailam,12.2611744,47.709
2024-01-10,Srisailam,0.0,47.31
2024-01-11,Srisailam,2.2087104,47.151
2024-01-12,Srisailam,16.735228799999998,46.915
2024-01-13,Srisailam,0.0,46.607
2024-01-14,Srisailam,0.0,46.299
2024-01-15,Srisailam,0.6512864,46.146
2024-01-16,Srisailam,1.41584,45.994
2024-01-17,Srisailam,9.7976128,45.845
2024-01-18,Srisailam,0.0,45.695
2024-01-19,Srisailam,2.7467296,45.321
2024-01-20,Srisailam,0.0,45.1
2024-01-21,Srisailam,0.6512864,44.738
2024-01-22,Srisailam,4.4457376,44.448
2024-01-23,Srisailam,0.0,44.11
2024-01-24,Srisailam,5.1253408,43.594
2024-01-25,Srisailam,6.4845472,43.059
2024-01-26,Srisailam,6.7110816,42.923
2024-01-27,Srisailam,6.6544479999999995,42.788
2024-01-28,Srisailam,8.1552384,42.652
2024-01-29,Srisailam,0.0,42.522
2024-01-30,Srisailam,8.0986048,42.195
2024-01-31,Srisailam,0.0,41.934
2024-02-01,Srisailam,9.7976128,41.741
2024-02-02,Srisailam,9.7126624,41.613
2024-02-03,Srisailam,8.636624,41.486
2024-02-04,Srisailam,8.7498912,41.359
2024-02-05,Srisailam,8.5233568,41.231
2024-02-06,Srisailam,8.0136544,41.104
2024-02-07,Srisailam,11.1568192,40.875
2024-02-08,Srisailam,0.0,40.646
2024-02-09,Srisailam,0.0,40.417
2024-02-10,Srisailam,2.6051456,40.179
2024-02-11,Srisailam,0.0,39.939
2024-02-12,Srisailam,0.0,39.698
2024-02-13,Srisailam,0.0,39.462
2024-02-14,Srisailam,0.0,39.228
2024-02-15,Srisailam,1.4724736,38.993
2024-02-16,Srisailam,4.4740544,38.764
2024-02-17,Srisailam,32.0546176,38.593
2024-02-18,Srisailam,0.0,38.593
2024-02-19,Srisailam,0.0,38.48
2024-02-20,Srisailam,0.0,38.366
2024-02-21,Srisailam,0.0,38.252
2024-02-22,Srisailam,0.0,38.141
2024-02-23,Srisailam,29.449472,38.03
2024-02-24,Srisailam,4.2192032,37.919
2024-02-25,Srisailam,3.4546495999999998,37.697
2024-02-26,Srisailam,0.0,37.586
2024-02-27,Srisailam,7.9570208,37.485
2024-02-28,Srisailam,4.0209856,37.385
2024-02-29,Srisailam,7.8720704,37.236
2024-03-01,Srisailam,10.6188,37.086
2024-03-02,Srisailam,7.9570208,36.936
2024-03-03,Srisailam,0.0,36.777
2024-03-04,Srisailam,1.9538592,36.461
2024-03-05,Srisailam,11.751472,36.148
2024-03-06,Srisailam,9.4294944,35.993
2024-03-07,Srisailam,9.1180096,35.838
2024-03-08,Srisailam,10.3922656,35.683
2024-03-09,Srisailam,24.1259136,35.532
2024-03-10,Srisailam,13.308895999999999,35.432
2024-03-11,Srisailam,6.1164287999999996,35.331
2024-03-12,Srisailam,26.2496736,35.231
2024-03-13,Srisailam,0.0,35.08
2024-03-14,Srisailam,0.0,34.833
2024-03-15,Srisailam,14.1867168,34.734
2024-03-16,Srisailam,0.0,34.734
2024-03-17,Srisailam,0.0,34.685
2024-03-18,Srisailam,5.8332608,34.636
2024-03-19,Srisailam,5.9748448,34.636
2024-03-20,Srisailam,0.0,34.636
2024-03-21,Srisailam,18.3209696,34.586
2024-03-22,Srisailam,5.3518752,34.537
2024-03-23,Srisailam,16.3954272,34.399
2024-03-24,Srisailam,6.0031616,34.354
2024-03-25,Srisailam,0.0,34.354
2024-03-26,Srisailam,0.0,34.31
2024-03-27,Srisailam,5.5500928,34.31
2024-03-28,Srisailam,0.0,34.31
2024-03-29,Srisailam,5.4651423999999995,34.265
2024-03-30,Srisailam,0.0,34.265
2024-03-31,Srisailam,6.6827648,34.131
2024-04-01,Srisailam,7.8720704,33.997
2024-04-02,Srisailam,5.9182112,33.953
2024-04-03,Srisailam,6.0597952,33.953
2024-04-04,Srisailam,5.9748448,33.953
2024-04-05,Srisailam,5.8898944,33.908
2024-04-06,Srisailam,6.0314784,33.908
2024-04-07,Srisailam,5.7199936,33.861
2024-04-08,Srisailam,0.0,33.861
2024-04-09,Srisailam,5.238608,33.718
2024-04-10,Srisailam,5.1253408,33.718
2024-04-11,Srisailam,0.0,33.718
2024-04-12,Srisailam,0.0,33.577
2024-04-13,Srisailam,0.0,33.436
2024-04-14,Srisailam,5.8615775999999995,33.387
2024-04-15,Srisailam,5.7483104,33.387
2024-04-16,Srisailam,0.0,33.387
2024-04-17,Srisailam,3.9926688,33.341
2024-04-18,Srisailam,4.105936,33.341
2024-04-19,Srisailam,3.1714816,33.341
2024-04-20,Srisailam,0.0,33.341
2024-04-21,Srisailam,3.398016,33.201
2024-04-22,Srisailam,3.9926688,33.062
2024-04-23,Srisailam,4.1342528,33.016
2024-04-24,Srisailam,4.2758367999999995,33.016
2024-04-25,Srisailam,0.0,33.016
2024-04-26,Srisailam,0.0,32.97
2024-04-27,Srisailam,4.1342528,32.97
2024-04-28,Srisailam,4.7005888,32.97
2024-04-29,Srisailam,0.0,32.97
2024-04-30,Srisailam,4.105936,32.784
2024-05-01,Srisailam,4.105936,32.648
2024-05-02,Srisailam,0.0,32.557
2024-05-03,Srisailam,5.4368256,32.557
2024-05-04,Srisailam,5.0120736,32.557
2024-05-05,Srisailam,5.2102912,32.557
2024-05-06,Srisailam,0.0,32.512
2024-05-07,Srisailam,3.4829664,32.512
2024-05-08,Srisailam,3.1714816,32.512
2024-05-09,Srisailam,13.6203808,32.421
2024-05-10,Srisailam,4.0776192,32.285
2024-05-11,Srisailam,4.7855392,32.239
2024-05-12,Srisailam,3.7661344,32.239
2024-05-13,Srisailam,4.0209856,32.239
2024-05-14,Srisailam,3.8510847999999998,32.239
2024-05-15,Srisailam,3.7095008,32.239
2024-05-16,Srisailam,0.0,32.195
2024-05-17,Srisailam,3.964352,32.195
2024-05-18,Srisailam,4.1625696,32.061
2024-05-19,Srisailam,2.4352448,32.016
2024-05-20,Srisailam,1.1893056,32.016
2024-05-21,Srisailam,1.9538592,32.016
2024-05-22,Srisailam,178.112672,32.016
2024-05-23,Srisailam,3.4263328,32.061
2024-05-24,Srisailam,0.0,32.061
2024-05-25,Srisailam,2.5201952,31.971
2024-05-26,Srisailam,3.5112832,31.837
2024-05-27,Srisailam,2.0388096,31.792
2024-05-28,Srisailam,2.973264,31.792
2024-05-29,Srisailam,3.8510847999999998,31.792
2024-05-30,Srisailam,3.5396,31.792
2024-05-31,Srisailam,6.1447456,31.792
2024-06-01,Srisailam,4.3324704,31.792
2024-06-02,Srisailam,49.3844992,31.792
2024-06-03,Srisailam,76.738528,31.837
2024-06-04,Srisailam,42.5318336,31.926
2024-06-05,Srisailam,16.7918624,32.016
2024-06-06,Srisailam,196.2071072,32.061
2024-06-07,Srisailam,93.04900479999999,32.648
2024-06-08,Srisailam,78.5224864,32.923
2024-06-09,Srisailam,63.6278496,33.155
2024-06-10,Srisailam,143.0281568,33.341
2024-06-11,Srisailam,122.894912,33.766
2024-06-12,Srisailam,53.037366399999996,34.131
2024-06-13,Srisailam,46.72272,34.176
2024-06-14,Srisailam,46.439552,34.265
2024-06-15,Srisailam,211.5548128,34.399
2024-06-16,Srisailam,185.2201888,35.03
2024-06-17,Srisailam,121.1109536,35.582
2024-06-18,Srisailam,115.5042272,35.941
2024-06-19,Srisailam,201.4173984,36.148
2024-06-20,Srisailam,370.100576,36.725
2024-06-21,Srisailam,18.3776032,36.83
2024-06-22,Srisailam,19.4253248,36.883
2024-06-23,Srisailam,18.3209696,36.936
2024-06-24,Srisailam,1.9255423999999999,36.986
2024-06-25,Srisailam,18.6324544,36.986
2024-06-26,Srisailam,18.5191872,37.036
2024-06-27,Srisailam,22.0587872,37.086
2024-06-28,Srisailam,13.7053312,37.036
2024-06-29,Srisailam,12.884144,36.936
2024-06-30,Srisailam,26.7876928,36.936
2024-07-01,Srisailam,29.2512544,36.936
2024-07-02,Srisailam,29.5344224,36.883
2024-07-03,Srisailam,4.7005888,36.83
2024-07-04,Srisailam,0.0,36.83
2024-07-05,Srisailam,0.0,36.672
2024-07-06,Srisailam,0.0,36.513
2024-07-07,Srisailam,12.5443424,36.355
2024-07-08,Srisailam,29.7043232,36.251
2024-07-09,Srisailam,63.8827008,36.199
2024-07-10,Srisailam,12.884144,36.251
2024-07-11,Srisailam,11.9213728,36.148
2024-07-12,Srisailam,16.3387936,35.993
2024-07-13,Srisailam,30.015808,35.89
2024-07-14,Srisailam,29.874223999999998,35.838
2024-07-15,Srisailam,70.6787328,35.786
2024-07-16,Srisailam,101.515728,35.582
2024-07-17,Srisailam,203.4845248,33.248
2024-07-18,Srisailam,224.5805408,32.105
2024-07-19,Srisailam,834.7226304,32.15
2024-07-20,Srisailam,1452.7084736,34.399
2024-07-21,Srisailam,2620.2384544,38.707
2024-07-22,Srisailam,39269.455072,46.607
2024-07-23,Srisailam,4640.840352,57.938
2024-07-24,Srisailam,4991.1474848,71.244
2024-07-25,Srisailam,5930.9820768,84.791
2024-07-26,Srisailam,6704.8235872,99.582
2024-07-27,Srisailam,9992.5173344,115.612
2024-07-28,Srisailam,12093.2840928,140.427
2024-07-29,Srisailam,12141.1394848,169.939
2024-07-30,Srisailam,11685.0407872,196.143
2024-07-31,Srisailam,10550.4432448,208.158
2024-08-01,Srisailam,12363.2281472,210.537
2024-08-02,Srisailam,14337.8152448,206.386
2024-08-03,Srisailam,14161.2883136,202.497
2024-08-04,Srisailam,14573.637555199999,197.957
2024-08-05,Srisailam,11241.9678176,202.497
2024-08-06,Srisailam,11857.9714848,202.065
2024-08-07,Srisailam,10379.381456,203.361
2024-08-08,Srisailam,11728.1389568,200.24
2024-08-09,Srisailam,11980.413328,201.153
2024-08-10,Srisailam,9924.1322624,199.783
2024-08-11,Srisailam,4868.790592,200.696
2024-08-12,Srisailam,2753.242464,192.581
2024-08-13,Srisailam,2469.5364448,190.376
2024-08-14,Srisailam,3191.5582111999997,189.507
2024-08-15,Srisailam,3541.4972256,190.81
2024-08-16,Srisailam,2846.7162208,193.026
2024-08-17,Srisailam,2222.8121664,193.026
2024-08-18,Srisailam,2511.4736256,191.245
2024-08-19,Srisailam,3193.9368224,190.81
2024-08-20,Srisailam,2114.3871392,194.362
2024-08-21,Srisailam,4430.4748448,195.252
2024-08-22,Srisailam,3916.5815583999997,202.497
2024-08-23,Srisailam,3536.8532704,207.25
2024-08-24,Srisailam,2568.3903936,209.586
2024-08-25,Srisailam,1688.7006848,208.634
2024-08-26,Srisailam,3059.1205376,206.386
2024-08-27,Srisailam,4794.1191904,207.682
2024-08-28,Srisailam,6042.663536,213.392
2024-08-29,Srisailam,9716.768336,213.392
2024-08-30,Srisailam,11133.5144736,211.489
2024-08-31,Srisailam,11493.7041696,213.392
2024-09-01,Srisailam,14616.5375072,210.537
2024-09-02,Srisailam,13779.1814144,210.061
2024-09-03,Srisailam,10593.3431968,205.954
2024-09-04,Srisailam,5112.0035872,205.09
2024-09-05,Srisailam,4181.8816576,210.537
2024-09-06,Srisailam,5781.4693728,211.965
2024-09-07,Srisailam,6921.5037408,210.537
2024-09-08,Srisailam,7193.7131392,206.386
2024-09-09,Srisailam,7645.536,202.929
2024-09-10,Srisailam,6985.4147584,206.386
2024-09-11,Srisailam,3946.6256832,206.386
2024-09-12,Srisailam,3566.1611583999997,210.061
2024-09-13,Srisailam,1739.4160736,210.537
2024-09-14,Srisailam,2363.6316128,207.682
2024-09-15,Srisailam,1277.0027296,206.386
2024-09-16,Srisailam,1017.8473759999999,201.609
2024-09-17,Srisailam,1231.8940671999999,195.697
2024-09-18,Srisailam,916.897984,190.376
2024-09-19,Srisailam,687.9849728,184.335
2024-09-20,Srisailam,416.8516128,179.415
2024-09-21,Srisailam,253.43536,174.023
2024-09-22,Srisailam,325.5582496,169.544
2024-09-23,Srisailam,503.7275552,164.84
2024-09-24,Srisailam,1342.1880032,161.375
2024-09-25,Srisailam,2803.8445856,160.997
2024-09-26,Srisailam,3814.556128,165.612
2024-09-27,Srisailam,4012.5755104,172.741
2024-09-28,Srisailam,3431.854576,180.562
2024-09-29,Srisailam,2314.0772128,185.607
2024-09-30,Srisailam,2024.226448,187.334
2024-10-01,Srisailam,2554.5434784,188.203
2024-10-02,Srisailam,1802.222736,190.81
2024-10-03,Srisailam,2208.8803008,192.135
2024-10-04,Srisailam,3055.807472,194.362
2024-10-05,Srisailam,1291.9256832,197.957
2024-10-06,Srisailam,2296.9738656,195.252
2024-10-07,Srisailam,402.735,197.957
2024-10-08,Srisailam,543.116224,199.327
2024-10-09,Srisailam,2521.1579712,195.066
2024-10-10,Srisailam,549.5158208,196.587
2024-10-11,Srisailam,1361.9814463999999,191.69
2024-10-12,Srisailam,458.7887936,191.69
2024-10-13,Srisailam,3714.031488,190.81
2024-10-14,Srisailam,4268.3894816,197.501
2024-10-15,Srisailam,3662.494912,203.793
2024-10-16,Srisailam,2756.357312,208.158
2024-10-17,Srisailam,2313.3692928,210.061
2024-10-18,Srisailam,2974.9346912,210.537
2024-10-19,Srisailam,4977.5837376,211.013
2024-10-20,Srisailam,6275.286048,212.441
2024-10-21,Srisailam,5244.3563103999995,211.489
2024-10-22,Srisailam,4162.6828672,208.634
2024-10-23,Srisailam,3598.8670624,210.061
2024-10-24,Srisailam,5821.0279424,212.917
2024-10-25,Srisailam,4428.4926688,213.392
2024-10-26,Srisailam,2945.4285856,211.013
2024-10-27,Srisailam,1796.3894751999999,211.013
2024-10-28,Srisailam,1152.9751456,208.158
2024-10-29,Srisailam,1111.0945984,203.361
2024-10-30,Srisailam,658.2523328,198.414
2024-10-31,Srisailam,880.1427775999999,193.471
2024-11-01,Srisailam,773.7848768,191.245
2024-11-02,Srisailam,526.2960448,190.376
2024-11-03,Srisailam,131.4465856,188.203
2024-11-04,Srisailam,366.844144,185.607
2024-11-05,Srisailam,251.877936,183.487
2024-11-06,Srisailam,873.2617951999999,180.943
2024-11-07,Srisailam,496.818256,180.943
2024-11-08,Srisailam,389.97896959999997,178.269
2024-11-09,Srisailam,104.23414079999999,174.763
2024-11-10,Srisailam,172.5059456,171.529
2024-11-11,Srisailam,254.8512,169.939
2024-11-12,Srisailam,153.25052159999998,167.964
2024-11-13,Srisailam,41.2292608,166.779
2024-11-14,Srisailam,57.3698368,165.612
2024-11-15,Srisailam,16.5370112,164.454
2024-11-16,Srisailam,125.2735232,163.296
2024-11-17,Srisailam,104.4323584,162.138
2024-11-18,Srisailam,91.3499968,160.997
2024-11-19,Srisailam,56.1805312,159.865
2024-11-20,Srisailam,132.4659904,158.354
2024-11-21,Srisailam,15.8007744,155.375
2024-11-22,Srisailam,4.3607872,151.455
2024-11-23,Srisailam,86.7626752,147.747
2024-11-24,Srisailam,32.0546176,144.217
2024-11-25,Srisailam,57.0017184,140.427
2024-11-26,Srisailam,0.0,136.726
2024-11-27,Srisailam,57.709638399999996,133.114
2024-11-28,Srisailam,1.982176,129.789
2024-11-29,Srisailam,69.0363584,126.784
2024-11-30,Srisailam,25.8249216,123.434
2024-12-01,Srisailam,15.715824,44.143
2024-12-02,Srisailam,94.6630624,36.727
2024-12-03,Srisailam,26.7310592,32.136
2024-12-04,Srisailam,0.0,30.724
2024-12-05,Srisailam,263.770992,29.311
2024-12-06,Srisailam,201.5306656,29.83
2024-12-07,Srisailam,288.5198752,30.349
2024-12-08,Srisailam,499.9047872,30.867
2024-12-09,Srisailam,348.1267392,31.386
2024-12-10,Srisailam,122.3002592,31.905
2024-12-11,Srisailam,140.7061792,32.423
2024-12-12,Srisailam,185.616624,32.942
2024-12-13,Srisailam,213.5653056,33.461
2024-12-14,Srisailam,225.62826239999998,33.979
2024-12-15,Srisailam,162.396848,34.498
2024-12-16,Srisailam,94.3232608,35.017
2024-12-17,Srisailam,226.4494496,35.535
2024-12-18,Srisailam,213.4520384,36.054
2024-12-19,Srisailam,188.27840319999999,36.573
2024-12-20,Srisailam,214.7546112,37.091
2024-12-21,Srisailam,82.9965408,37.61
2024-12-22,Srisailam,123.7160992,38.129
2024-12-23,Srisailam,94.6913792,38.647
2024-12-24,Srisailam,230.04568319999998,39.166
2024-12-25,Srisailam,180.2647488,39.685
2024-12-26,Srisailam,171.8546592,40.204
2024-12-27,Srisailam,223.277968,40.722
2024-12-28,Srisailam,196.51859199999998,41.241
2024-12-29,Srisailam,178.59405759999999,41.76
2024-12-30,Srisailam,198.6989856,42.278
2024-12-31,Srisailam,222.4850976,42.797
