Date,Reservoir_Name,Inflow (cusecs/cumecs),Storage (TMC/MCM)
2010-01-01,Tungabhadra,7.391,68.510518
2010-01-02,Tungabhadra,6.909,48.027992000000005
2010-01-03,Tungabhadra,22.682,28.604907000000004
2010-01-04,Tungabhadra,13.082,8.122381
2010-01-05,Tungabhadra,86.423,2.4720290000000005
2010-01-06,Tungabhadra,79.061,4.590911
2010-01-07,Tungabhadra,40.521,12.713292
2010-01-08,Tungabhadra,12.091,60.03499
2010-01-09,Tungabhadra,19.114,103.472071
2010-01-10,Tungabhadra,33.357,104.178365
2010-01-11,Tungabhadra,33.725,102.059483
2010-01-12,Tungabhadra,32.706,104.531512
2010-01-13,Tungabhadra,7.985,102.6951476
2010-01-14,Tungabhadra,1.982,100.8587832
2010-01-15,Tungabhadra,25.74,99.0224188
2010-01-16,Tungabhadra,15.206,97.1860544
2010-01-17,Tungabhadra,14.895,95.34969
2010-01-18,Tungabhadra,15.815,93.51332560000002
2010-01-19,Tungabhadra,16.735,91.6769612
2010-01-20,Tungabhadra,40.465,89.8405968
2010-01-21,Tungabhadra,86.027,88.0042324
2010-01-22,Tungabhadra,106.585,86.167868
2010-01-23,Tungabhadra,68.697,84.3315036
2010-01-24,Tungabhadra,63.515,82.4951392
2010-01-25,Tungabhadra,58.701,80.6587748
2010-01-26,Tungabhadra,50.517,78.82241040000001
2010-01-27,Tungabhadra,41.767,76.98604600000002
2010-01-28,Tungabhadra,34.348,75.14968160000001
2010-01-29,Tungabhadra,35.849,73.3133172
2010-01-30,Tungabhadra,35.254,71.4769528
2010-01-31,Tungabhadra,34.66,69.6405884
2010-02-01,Tungabhadra,34.886,67.804224
2010-02-02,Tungabhadra,35.991,47.321698000000005
2010-02-03,Tungabhadra,36.047,28.251760000000004
2010-02-04,Tungabhadra,36.5,7.769234000000001
2010-02-05,Tungabhadra,37.576,2.4720290000000005
2010-02-06,Tungabhadra,37.237,4.590911
2010-02-07,Tungabhadra,43.466,13.419586
2010-02-08,Tungabhadra,37.775,66.391636
2010-02-09,Tungabhadra,37.86,103.825218
2010-02-10,Tungabhadra,35.509,103.472071
2010-02-11,Tungabhadra,36.699,102.059483
2010-02-12,Tungabhadra,35.962,104.531512
2010-02-13,Tungabhadra,39.729,102.35030994117648
2010-02-14,Tungabhadra,42.9,100.16910788235296
2010-02-15,Tungabhadra,42.985,97.9879058235294
2010-02-16,Tungabhadra,43.438,95.80670376470589
2010-02-17,Tungabhadra,34.207,93.62550170588236
2010-02-18,Tungabhadra,35.141,91.44429964705884
2010-02-19,Tungabhadra,36.076,89.26309758823528
2010-02-20,Tungabhadra,29.931,87.08189552941177
2010-02-21,Tungabhadra,33.386,84.90069347058827
2010-02-22,Tungabhadra,39.219,82.71949141176471
2010-02-23,Tungabhadra,35.934,80.53828935294118
2010-02-24,Tungabhadra,37.293,78.35708729411765
2010-02-25,Tungabhadra,35.056,76.17588523529413
2010-02-26,Tungabhadra,32.253,73.99468317647059
2010-02-27,Tungabhadra,29.138,71.81348111764706
2010-02-28,Tungabhadra,28.515,69.63227905882353
2010-03-01,Tungabhadra,28.657,67.451077
2010-03-02,Tungabhadra,25.853,46.615404000000005
2010-03-03,Tungabhadra,24.806,27.545466
2010-03-04,Tungabhadra,24.239,7.062940000000001
2010-03-05,Tungabhadra,26.165,2.4720290000000005
2010-03-06,Tungabhadra,31.092,4.590911
2010-03-07,Tungabhadra,33.046,14.125880000000002
2010-03-08,Tungabhadra,30.695,71.335694
2010-03-09,Tungabhadra,34.292,103.472071
2010-03-10,Tungabhadra,29.704,104.531512
2010-03-11,Tungabhadra,33.046,102.41263
2010-03-12,Tungabhadra,38.483,104.531512
2010-03-13,Tungabhadra,41.824,102.64217555
2010-03-14,Tungabhadra,36.699,100.75283910000002
2010-03-15,Tungabhadra,0.0,98.86350265000002
2010-03-16,Tungabhadra,38.907,96.9741662
2010-03-17,Tungabhadra,35.368,95.08482975
2010-03-18,Tungabhadra,39.488,93.1954933
2010-03-19,Tungabhadra,43.608,91.30615685
2010-03-20,Tungabhadra,41.428,89.4168204
2010-03-21,Tungabhadra,42.192,87.52748395
2010-03-22,Tungabhadra,42.617,85.6381475
2010-03-23,Tungabhadra,43.948,83.74881105000001
2010-03-24,Tungabhadra,48.054,81.85947460000001
2010-03-25,Tungabhadra,41.711,79.97013815
2010-03-26,Tungabhadra,38.058,78.0808017
2010-03-27,Tungabhadra,29.365,76.19146525000001
2010-03-28,Tungabhadra,32.479,74.3021288
2010-03-29,Tungabhadra,28.798,72.41279235
2010-03-30,Tungabhadra,27.581,70.5234559
2010-03-31,Tungabhadra,26.363,68.63411945
2010-04-01,Tungabhadra,29.478,66.744783
2010-04-02,Tungabhadra,32.961,45.909110000000005
2010-04-03,Tungabhadra,38.737,26.839172
2010-04-04,Tungabhadra,48.025,6.3566460000000005
2010-04-05,Tungabhadra,58.418,2.4720290000000005
2010-04-06,Tungabhadra,55.982,4.590911
2010-04-07,Tungabhadra,50.829,14.479027
2010-04-08,Tungabhadra,40.578,74.867164
2010-04-09,Tungabhadra,28.628,103.118924
2010-04-10,Tungabhadra,20.643,104.531512
2010-04-11,Tungabhadra,13.479,102.765777
2010-04-12,Tungabhadra,22.795,104.178365
2010-04-13,Tungabhadra,24.013,102.18958978947369
2010-04-14,Tungabhadra,7.391,100.20081457894736
2010-04-15,Tungabhadra,0.142,98.21203936842107
2010-04-16,Tungabhadra,0.651,96.22326415789476
2010-04-17,Tungabhadra,0.566,94.23448894736843
2010-04-18,Tungabhadra,0.708,92.2457137368421
2010-04-19,Tungabhadra,0.85,90.2569385263158
2010-04-20,Tungabhadra,1.756,88.26816331578948
2010-04-21,Tungabhadra,4.021,86.27938810526317
2010-04-22,Tungabhadra,7.419,84.29061289473685
2010-04-23,Tungabhadra,14.045,82.30183768421053
2010-04-24,Tungabhadra,57.993,80.3130624736842
2010-04-25,Tungabhadra,42.589,78.3242872631579
2010-04-26,Tungabhadra,44.146,76.33551205263159
2010-04-27,Tungabhadra,31.262,74.34673684210526
2010-04-28,Tungabhadra,28.827,72.35796163157895
2010-04-29,Tungabhadra,25.287,70.36918642105263
2010-04-30,Tungabhadra,25.542,68.38041121052632
2010-05-01,Tungabhadra,25.797,66.391636
2010-05-02,Tungabhadra,25.938,45.202816000000006
2010-05-03,Tungabhadra,26.561,26.486025
2010-05-04,Tungabhadra,27.212,6.003499000000001
2010-05-05,Tungabhadra,27.496,2.4720290000000005
2010-05-06,Tungabhadra,74.275,4.944058000000001
2010-05-07,Tungabhadra,81.326,14.832174
2010-05-08,Tungabhadra,78.353,78.39863400000002
2010-05-09,Tungabhadra,75.351,103.118924
2010-05-10,Tungabhadra,65.157,103.825218
2010-05-11,Tungabhadra,57.37,103.118924
2010-05-12,Tungabhadra,51.169,103.825218
2010-05-13,Tungabhadra,47.261,101.93588155
2010-05-14,Tungabhadra,43.07,100.04654510000002
2010-05-15,Tungabhadra,40.153,98.15720865000002
2010-05-16,Tungabhadra,41.597,96.2678722
2010-05-17,Tungabhadra,41.597,94.37853575
2010-05-18,Tungabhadra,42.9,92.4891993
2010-05-19,Tungabhadra,44.203,90.59986285
2010-05-20,Tungabhadra,55.813,88.7105264
2010-05-21,Tungabhadra,61.589,86.82118995
2010-05-22,Tungabhadra,82.714,84.9318535
2010-05-23,Tungabhadra,142.151,83.04251705000001
2010-05-24,Tungabhadra,218.889,81.15318060000001
2010-05-25,Tungabhadra,233.869,79.26384415
2010-05-26,Tungabhadra,54.736,77.3745077
2010-05-27,Tungabhadra,70.934,75.48517125000001
2010-05-28,Tungabhadra,73.992,73.5958348
2010-05-29,Tungabhadra,69.688,71.70649835
2010-05-30,Tungabhadra,58.488,69.8171619
2010-05-31,Tungabhadra,47.289,67.92782545
2010-06-01,Tungabhadra,50.093,66.03848900000001
2010-06-02,Tungabhadra,49.101,44.496522000000006
2010-06-03,Tungabhadra,38.851,25.779731
2010-06-04,Tungabhadra,35.736,4.590911
2010-06-05,Tungabhadra,37.18,2.4720290000000005
2010-06-06,Tungabhadra,32.848,4.944058000000001
2010-06-07,Tungabhadra,21.096,15.185321
2010-06-08,Tungabhadra,25.457,82.283251
2010-06-09,Tungabhadra,25.683,103.472071
2010-06-10,Tungabhadra,24.466,103.118924
2010-06-11,Tungabhadra,25.598,104.178365
2010-06-12,Tungabhadra,25.882,103.825218
2010-06-13,Tungabhadra,37.605,101.81785610526316
2010-06-14,Tungabhadra,87.046,99.81049421052631
2010-06-15,Tungabhadra,71.698,97.80313231578948
2010-06-16,Tungabhadra,45.93,95.79577042105264
2010-06-17,Tungabhadra,22.852,93.7884085263158
2010-06-18,Tungabhadra,23.347,91.78104663157896
2010-06-19,Tungabhadra,23.843,89.77368473684211
2010-06-20,Tungabhadra,24.098,87.76632284210528
2010-06-21,Tungabhadra,152.883,85.75896094736842
2010-06-22,Tungabhadra,397.115,83.75159905263158
2010-06-23,Tungabhadra,272.805,81.74423715789474
2010-06-24,Tungabhadra,203.457,79.7368752631579
2010-06-25,Tungabhadra,97.58,77.72951336842108
2010-06-26,Tungabhadra,118.025,75.7221514736842
2010-06-27,Tungabhadra,100.157,73.71478957894738
2010-06-28,Tungabhadra,66.714,71.70742768421053
2010-06-29,Tungabhadra,66.771,69.7000657894737
2010-06-30,Tungabhadra,287.841,67.69270389473685
2010-07-01,Tungabhadra,508.91,65.685342
2010-07-02,Tungabhadra,266.093,43.790228
2010-07-03,Tungabhadra,188.958,25.073437
2010-07-04,Tungabhadra,117.034,4.237764
2010-07-05,Tungabhadra,123.377,2.8251760000000004
2010-07-06,Tungabhadra,96.051,4.944058000000001
2010-07-07,Tungabhadra,339.123,15.891615000000002
2010-07-08,Tungabhadra,403.204,86.521015
2010-07-09,Tungabhadra,493.874,103.825218
2010-07-10,Tungabhadra,406.828,102.059483
2010-07-11,Tungabhadra,280.818,104.531512
2010-07-12,Tungabhadra,416.229,103.472071
2010-07-13,Tungabhadra,275.749,101.54741985
2010-07-14,Tungabhadra,118.874,99.6227687
2010-07-15,Tungabhadra,78.834,97.69811755
2010-07-16,Tungabhadra,97.552,95.77346640000002
2010-07-17,Tungabhadra,137.11,93.84881525000002
2010-07-18,Tungabhadra,99.845,91.9241641
2010-07-19,Tungabhadra,62.58,89.99951295000001
2010-07-20,Tungabhadra,50.885,88.07486180000001
2010-07-21,Tungabhadra,173.667,86.15021064999999
2010-07-22,Tungabhadra,309.22,84.2255595
2010-07-23,Tungabhadra,521.341,82.30090835
2010-07-24,Tungabhadra,791.824,80.3762572
2010-07-25,Tungabhadra,689.232,78.45160605000001
2010-07-26,Tungabhadra,719.389,76.5269549
2010-07-27,Tungabhadra,634.354,74.60230375000002
2010-07-28,Tungabhadra,836.706,72.67765260000002
2010-07-29,Tungabhadra,1592.596,70.75300145000001
2010-07-30,Tungabhadra,1789.327,68.82835030000003
2010-07-31,Tungabhadra,1986.059,66.90369915000001
2010-08-01,Tungabhadra,2375.274,64.979048
2010-08-02,Tungabhadra,2178.726,43.083934
2010-08-03,Tungabhadra,1844.786,24.367143
2010-08-04,Tungabhadra,1319.961,3.531470000000001
2010-08-05,Tungabhadra,1414.342,2.8251760000000004
2010-08-06,Tungabhadra,1497.848,4.944058000000001
2010-08-07,Tungabhadra,1560.173,17.304203
2010-08-08,Tungabhadra,1102.601,88.99304400000001
2010-08-09,Tungabhadra,973.08,103.825218
2010-08-10,Tungabhadra,1169.599,103.118924
2010-08-11,Tungabhadra,1013.913,104.531512
2010-08-12,Tungabhadra,795.788,103.118924
2010-08-13,Tungabhadra,752.294,101.1766155
2010-08-14,Tungabhadra,702.881,99.234307
2010-08-15,Tungabhadra,405.724,97.2919985
2010-08-16,Tungabhadra,411.953,95.34969
2010-08-17,Tungabhadra,524.428,93.4073815
2010-08-18,Tungabhadra,435.768,91.465073
2010-08-19,Tungabhadra,347.108,89.52276450000001
2010-08-20,Tungabhadra,491.354,87.580456
2010-08-21,Tungabhadra,576.984,85.6381475
2010-08-22,Tungabhadra,818.867,83.695839
2010-08-23,Tungabhadra,1256.815,81.7535305
2010-08-24,Tungabhadra,957.364,79.811222
2010-08-25,Tungabhadra,1600.327,77.8689135
2010-08-26,Tungabhadra,1360.228,75.926605
2010-08-27,Tungabhadra,1665.059,73.98429650000001
2010-08-28,Tungabhadra,852.762,72.041988
2010-08-29,Tungabhadra,829.231,70.09967950000001
2010-08-30,Tungabhadra,718.455,68.157371
2010-08-31,Tungabhadra,607.68,66.2150625
2010-09-01,Tungabhadra,734.256,64.272754
2010-09-02,Tungabhadra,1329.306,42.37764
2010-09-03,Tungabhadra,1917.419,23.660849
2010-09-04,Tungabhadra,1294.42,3.178323
2010-09-05,Tungabhadra,892.519,2.8251760000000004
2010-09-06,Tungabhadra,678.925,4.944058000000001
2010-09-07,Tungabhadra,734.001,18.716791
2010-09-08,Tungabhadra,674.054,91.111926
2010-09-09,Tungabhadra,669.467,103.825218
2010-09-10,Tungabhadra,691.129,103.825218
2010-09-11,Tungabhadra,951.446,104.531512
2010-09-12,Tungabhadra,1017.962,103.118924
2010-09-13,Tungabhadra,816.998,101.03721536842107
2010-09-14,Tungabhadra,786.019,98.95550673684212
2010-09-15,Tungabhadra,541.616,96.87379810526316
2010-09-16,Tungabhadra,453.523,94.7920894736842
2010-09-17,Tungabhadra,393.151,92.71038084210528
2010-09-18,Tungabhadra,400.089,90.62867221052632
2010-09-19,Tungabhadra,407.026,88.54696357894737
2010-09-20,Tungabhadra,382.9,86.46525494736842
2010-09-21,Tungabhadra,384.599,84.38354631578947
2010-09-22,Tungabhadra,248.622,82.30183768421053
2010-09-23,Tungabhadra,158.065,80.22012905263158
2010-09-24,Tungabhadra,325.814,78.13842042105263
2010-09-25,Tungabhadra,1023.144,76.0567117894737
2010-09-26,Tungabhadra,1637.223,73.97500315789473
2010-09-27,Tungabhadra,1631.928,71.89329452631578
2010-09-28,Tungabhadra,1112.144,69.81158589473684
2010-09-29,Tungabhadra,910.755,67.72987726315789
2010-09-30,Tungabhadra,999.995,65.64816863157895
2010-10-01,Tungabhadra,1089.236,63.566460000000006
2010-10-02,Tungabhadra,587.263,41.671346
2010-10-03,Tungabhadra,525.9,22.954555000000003
2010-10-04,Tungabhadra,759.203,2.8251760000000004
2010-10-05,Tungabhadra,2715.217,2.8251760000000004
2010-10-06,Tungabhadra,2761.006,4.944058000000001
2010-10-07,Tungabhadra,2699.105,19.776232000000004
2010-10-08,Tungabhadra,1937.637,93.937102
2010-10-09,Tungabhadra,1025.325,104.178365
2010-10-10,Tungabhadra,894.388,104.531512
2010-10-11,Tungabhadra,630.701,104.178365
2010-10-12,Tungabhadra,489.23,102.765777
2010-10-13,Tungabhadra,415.691,100.77049645
2010-10-14,Tungabhadra,407.338,98.7752159
2010-10-15,Tungabhadra,348.524,96.77993535
2010-10-16,Tungabhadra,365.627,94.7846548
2010-10-17,Tungabhadra,379.786,92.78937425
2010-10-18,Tungabhadra,346.612,90.7940937
2010-10-19,Tungabhadra,313.439,88.79881315
2010-10-20,Tungabhadra,188.534,86.80353260000001
2010-10-21,Tungabhadra,261.648,84.80825205000001
2010-10-22,Tungabhadra,259.184,82.81297150000002
2010-10-23,Tungabhadra,140.508,80.81769095
2010-10-24,Tungabhadra,201.842,78.82241040000001
2010-10-25,Tungabhadra,144.586,76.82712985
2010-10-26,Tungabhadra,120.403,74.83184930000002
2010-10-27,Tungabhadra,314.289,72.83656875
2010-10-28,Tungabhadra,223.845,70.8412882
2010-10-29,Tungabhadra,172.11,68.84600765
2010-10-30,Tungabhadra,129.932,66.8507271
2010-10-31,Tungabhadra,87.754,64.85544655000001
2010-11-01,Tungabhadra,133.854,62.86016600000001
2010-11-02,Tungabhadra,195.358,40.965052
2010-11-03,Tungabhadra,207.279,22.248261000000003
2010-11-04,Tungabhadra,290.956,2.4720290000000005
2010-11-05,Tungabhadra,285.519,2.8251760000000004
2010-11-06,Tungabhadra,457.657,4.944058000000001
2010-11-07,Tungabhadra,558.068,20.835673
2010-11-08,Tungabhadra,543.797,93.937102
2010-11-09,Tungabhadra,1134.769,104.531512
2010-11-10,Tungabhadra,1334.686,104.531512
2010-11-11,Tungabhadra,1172.969,104.531512
2010-11-12,Tungabhadra,1202.163,102.41263
2010-11-13,Tungabhadra,1400.948,100.293748
2010-11-14,Tungabhadra,1218.842,98.174866
2010-11-15,Tungabhadra,1393.614,96.055984
2010-11-16,Tungabhadra,894.501,93.937102
2010-11-17,Tungabhadra,487.361,91.81822
2010-11-18,Tungabhadra,435.386,89.69933800000001
2010-11-19,Tungabhadra,383.41,87.580456
2010-11-20,Tungabhadra,358.321,85.461574
2010-11-21,Tungabhadra,247.376,83.342692
2010-11-22,Tungabhadra,260.911,81.22381
2010-11-23,Tungabhadra,258.504,79.10492800000002
2010-11-24,Tungabhadra,251.454,76.98604600000002
2010-11-25,Tungabhadra,260.855,74.867164
2010-11-26,Tungabhadra,340.057,72.748282
2010-11-27,Tungabhadra,445.452,70.6294
2010-11-28,Tungabhadra,382.73,68.510518
2010-11-29,Tungabhadra,333.261,66.391636
2010-11-30,Tungabhadra,286.368,64.272754
2010-12-01,Tungabhadra,239.476,62.15387200000001
2010-12-02,Tungabhadra,194.622,40.258758
2010-12-03,Tungabhadra,149.768,21.541967
2010-12-04,Tungabhadra,149.739,2.118882
2010-12-05,Tungabhadra,90.671,2.8251760000000004
2010-12-06,Tungabhadra,135.751,5.297205
2010-12-07,Tungabhadra,69.688,21.895114
2010-12-08,Tungabhadra,98.797,97.468572
2010-12-09,Tungabhadra,127.539,104.178365
2010-12-10,Tungabhadra,128.87,104.531512
2010-12-11,Tungabhadra,113.551,104.531512
2010-12-12,Tungabhadra,98.769,102.41263
2010-12-13,Tungabhadra,88.179,101.8475948
2010-12-14,Tungabhadra,74.615,101.2825596
2010-12-15,Tungabhadra,72.916,100.7175244
2010-12-16,Tungabhadra,71.528,100.1524892
2010-12-17,Tungabhadra,49.809,99.587454
2010-12-18,Tungabhadra,47.742,99.0224188
2010-12-19,Tungabhadra,45.675,98.4573836
2010-12-20,Tungabhadra,38.879,97.8923484
2010-12-21,Tungabhadra,28.543,97.3273132
2010-12-22,Tungabhadra,56.181,96.762278
2010-12-23,Tungabhadra,42.957,96.1972428
2010-12-24,Tungabhadra,30.667,95.63220760000002
2010-12-25,Tungabhadra,20.813,95.06717240000002
2010-12-26,Tungabhadra,22.823,94.5021372
2010-12-27,Tungabhadra,18.859,93.937102
2010-12-28,Tungabhadra,29.676,93.3720668
2010-12-29,Tungabhadra,28.034,92.80703160000002
2010-12-30,Tungabhadra,28.175,92.2419964
2010-12-31,Tungabhadra,28.317,91.6769612
2011-01-01,Tungabhadra,21.606,91.111926
2011-01-02,Tungabhadra,5.21,62.86016600000001
2011-01-03,Tungabhadra,0.85,40.258758
2011-01-04,Tungabhadra,4.106,18.363644
2011-01-05,Tungabhadra,8.184,4.944058000000001
2011-01-06,Tungabhadra,3.596,5.650352000000001
2011-01-07,Tungabhadra,2.039,29.664348
2011-01-08,Tungabhadra,17.358,97.821719
2011-01-09,Tungabhadra,2.52,101.000042
2011-01-10,Tungabhadra,19.227,99.587454
2011-01-11,Tungabhadra,18.717,91.465073
2011-01-12,Tungabhadra,23.899,71.335694
2011-01-13,Tungabhadra,19.482,72.28919090000001
2011-01-14,Tungabhadra,22.002,73.2426878
2011-01-15,Tungabhadra,31.064,74.1961847
2011-01-16,Tungabhadra,51.735,75.14968160000001
2011-01-17,Tungabhadra,50.631,76.1031785
2011-01-18,Tungabhadra,53.986,77.0566754
2011-01-19,Tungabhadra,57.342,78.01017230000001
2011-01-20,Tungabhadra,45.902,78.96366920000001
2011-01-21,Tungabhadra,99.279,79.9171661
2011-01-22,Tungabhadra,79.938,80.87066300000001
2011-01-23,Tungabhadra,57.965,81.82415990000001
2011-01-24,Tungabhadra,31.262,82.7776568
2011-01-25,Tungabhadra,40.125,83.73115370000001
2011-01-26,Tungabhadra,26.278,84.68465060000001
2011-01-27,Tungabhadra,66.431,85.6381475
2011-01-28,Tungabhadra,60.088,86.5916444
2011-01-29,Tungabhadra,42.815,87.54514130000001
2011-01-30,Tungabhadra,37.35,88.4986382
2011-01-31,Tungabhadra,31.885,89.4521351
2011-02-01,Tungabhadra,26.42,90.405632
2011-02-02,Tungabhadra,40.635,62.15387200000001
2011-02-03,Tungabhadra,63.515,39.55246400000001
2011-02-04,Tungabhadra,46.978,17.65735
2011-02-05,Tungabhadra,8.438,4.944058000000001
2011-02-06,Tungabhadra,34.575,6.003499000000001
2011-02-07,Tungabhadra,15.603,31.430083000000003
2011-02-08,Tungabhadra,18.831,98.174866
2011-02-09,Tungabhadra,25.825,101.000042
2011-02-10,Tungabhadra,12.714,99.234307
2011-02-11,Tungabhadra,26.618,91.111926
2011-02-12,Tungabhadra,37.463,70.982547
2011-02-13,Tungabhadra,47.94,72.08353470588236
2011-02-14,Tungabhadra,59.012,73.1845224117647
2011-02-15,Tungabhadra,63.43,74.28551011764706
2011-02-16,Tungabhadra,14.696,75.3864978235294
2011-02-17,Tungabhadra,30.299,76.48748552941176
2011-02-18,Tungabhadra,46.171,77.58847323529412
2011-02-19,Tungabhadra,62.042,78.68946094117646
2011-02-20,Tungabhadra,57.03,79.79044864705882
2011-02-21,Tungabhadra,50.885,80.89143635294118
2011-02-22,Tungabhadra,54.198,81.99242405882353
2011-02-23,Tungabhadra,37.293,83.09341176470589
2011-02-24,Tungabhadra,29.336,84.19439947058827
2011-02-25,Tungabhadra,22.823,85.29538717647058
2011-02-26,Tungabhadra,26.618,86.39637488235294
2011-02-27,Tungabhadra,54.453,87.49736258823529
2011-02-28,Tungabhadra,54.51,88.59835029411765
2011-03-01,Tungabhadra,54.991,89.69933800000001
2011-03-02,Tungabhadra,17.925,61.447578
2011-03-03,Tungabhadra,16.311,38.84617000000001
2011-03-04,Tungabhadra,14.158,17.304203
2011-03-05,Tungabhadra,24.183,4.944058000000001
2011-03-06,Tungabhadra,27.326,6.003499000000001
2011-03-07,Tungabhadra,27.977,32.842671
2011-03-08,Tungabhadra,27.297,98.88116
2011-03-09,Tungabhadra,28.77,99.587454
2011-03-10,Tungabhadra,34.263,98.528013
2011-03-11,Tungabhadra,29.223,90.758779
2011-03-12,Tungabhadra,33.187,70.276253
2011-03-13,Tungabhadra,33.386,71.21209255000001
2011-03-14,Tungabhadra,34.32,72.1479321
2011-03-15,Tungabhadra,32.706,73.08377165
2011-03-16,Tungabhadra,30.497,74.01961120000001
2011-03-17,Tungabhadra,40.946,74.95545075000001
2011-03-18,Tungabhadra,38.638,75.89129030000001
2011-03-19,Tungabhadra,36.331,76.82712985
2011-03-20,Tungabhadra,26.901,77.7629694
2011-03-21,Tungabhadra,22.512,78.69880895
2011-03-22,Tungabhadra,12.658,79.6346485
2011-03-23,Tungabhadra,25.372,80.57048805
2011-03-24,Tungabhadra,29.931,81.50632759999999
2011-03-25,Tungabhadra,29.081,82.44216715
2011-03-26,Tungabhadra,33.301,83.37800670000001
2011-03-27,Tungabhadra,38.284,84.31384625000001
2011-03-28,Tungabhadra,41.286,85.24968580000001
2011-03-29,Tungabhadra,41.173,86.18552535
2011-03-30,Tungabhadra,40.422,87.1213649
2011-03-31,Tungabhadra,39.672,88.05720445
2011-04-01,Tungabhadra,36.444,88.99304400000001
2011-04-02,Tungabhadra,42.051,60.741284
2011-04-03,Tungabhadra,37.661,38.13987600000001
2011-04-04,Tungabhadra,38.596,16.597909
2011-04-05,Tungabhadra,33.839,4.944058000000001
2011-04-06,Tungabhadra,33.98,6.3566460000000005
2011-04-07,Tungabhadra,30.809,33.548965
2011-04-08,Tungabhadra,9.061,99.234307
2011-04-09,Tungabhadra,32.366,98.174866
2011-04-10,Tungabhadra,34.943,98.174866
2011-04-11,Tungabhadra,33.555,90.405632
2011-04-12,Tungabhadra,33.329,69.923106
2011-04-13,Tungabhadra,32.508,70.88961357894736
2011-04-14,Tungabhadra,27.496,71.85612115789473
2011-04-15,Tungabhadra,12.884,72.82262873684212
2011-04-16,Tungabhadra,0.396,73.78913631578948
2011-04-17,Tungabhadra,17.5,74.75564389473685
2011-04-18,Tungabhadra,33.895,75.7221514736842
2011-04-19,Tungabhadra,50.291,76.68865905263158
2011-04-20,Tungabhadra,52.216,77.65516663157895
2011-04-21,Tungabhadra,52.528,78.62167421052631
2011-04-22,Tungabhadra,76.824,79.58818178947371
2011-04-23,Tungabhadra,40.295,80.55468936842105
2011-04-24,Tungabhadra,12.714,81.52119694736844
2011-04-25,Tungabhadra,35.311,82.48770452631578
2011-04-26,Tungabhadra,33.074,83.45421210526317
2011-04-27,Tungabhadra,26.108,84.42071968421052
2011-04-28,Tungabhadra,43.41,85.3872272631579
2011-04-29,Tungabhadra,65.808,86.35373484210527
2011-04-30,Tungabhadra,44.33,87.32024242105264
2011-05-01,Tungabhadra,22.852,88.28675000000001
2011-05-02,Tungabhadra,18.434,60.03499
2011-05-03,Tungabhadra,14.47,37.433582
2011-05-04,Tungabhadra,12.969,15.891615000000002
2011-05-05,Tungabhadra,14.385,4.590911
2011-05-06,Tungabhadra,24.551,6.709793
2011-05-07,Tungabhadra,29.818,34.608406
2011-05-08,Tungabhadra,22.314,100.646895
2011-05-09,Tungabhadra,9.911,97.468572
2011-05-10,Tungabhadra,15.518,97.821719
2011-05-11,Tungabhadra,18.264,89.69933800000001
2011-05-12,Tungabhadra,14.895,69.216812
2011-05-13,Tungabhadra,16.622,70.13499420000001
2011-05-14,Tungabhadra,11.525,71.0531764
2011-05-15,Tungabhadra,8.438,71.9713586
2011-05-16,Tungabhadra,8.269,72.8895408
2011-05-17,Tungabhadra,8.523,73.807723
2011-05-18,Tungabhadra,7.646,74.72590520000001
2011-05-19,Tungabhadra,6.768,75.6440874
2011-05-20,Tungabhadra,5.89,76.56226960000001
2011-05-21,Tungabhadra,15.631,77.4804518
2011-05-22,Tungabhadra,23.078,78.39863400000002
2011-05-23,Tungabhadra,30.356,79.3168162
2011-05-24,Tungabhadra,40.465,80.2349984
2011-05-25,Tungabhadra,45.024,81.15318060000001
2011-05-26,Tungabhadra,46.836,82.0713628
2011-05-27,Tungabhadra,49.186,82.989545
2011-05-28,Tungabhadra,57.766,83.9077272
2011-05-29,Tungabhadra,52.287,84.82590940000001
2011-05-30,Tungabhadra,46.808,85.7440916
2011-05-31,Tungabhadra,41.328,86.66227380000001
2011-06-01,Tungabhadra,35.849,87.580456
2011-06-02,Tungabhadra,55.303,59.328696
2011-06-03,Tungabhadra,86.281,36.727288
2011-06-04,Tungabhadra,107.689,15.538468000000002
2011-06-05,Tungabhadra,134.958,4.590911
2011-06-06,Tungabhadra,159.112,7.062940000000001
2011-06-07,Tungabhadra,156.805,35.667847
2011-06-08,Tungabhadra,154.497,101.000042
2011-06-09,Tungabhadra,51.055,99.234307
2011-06-10,Tungabhadra,23.899,97.821719
2011-06-11,Tungabhadra,18.123,89.346191
2011-06-12,Tungabhadra,28.204,68.863665
2011-06-13,Tungabhadra,34.66,69.81158589473685
2011-06-14,Tungabhadra,47.346,70.7595067894737
2011-06-15,Tungabhadra,191.195,71.70742768421053
2011-06-16,Tungabhadra,191.195,72.6553485789474
2011-06-17,Tungabhadra,262.837,73.60326947368421
2011-06-18,Tungabhadra,389.994,74.55119036842108
2011-06-19,Tungabhadra,517.151,75.4991112631579
2011-06-20,Tungabhadra,373.329,76.44703215789477
2011-06-21,Tungabhadra,305.68,77.39495305263158
2011-06-22,Tungabhadra,279.289,78.34287394736842
2011-06-23,Tungabhadra,264.791,79.29079484210527
2011-06-24,Tungabhadra,253.776,80.23871573684211
2011-06-25,Tungabhadra,219.569,81.18663663157895
2011-06-26,Tungabhadra,299.621,82.13455752631579
2011-06-27,Tungabhadra,653.864,83.08247842105264
2011-06-28,Tungabhadra,560.617,84.03039931578948
2011-06-29,Tungabhadra,626.142,84.9783202105263
2011-06-30,Tungabhadra,606.839,85.92624110526316
2011-07-01,Tungabhadra,587.537,86.874162
2011-07-02,Tungabhadra,568.234,58.975549
2011-07-03,Tungabhadra,433.729,36.020994
2011-07-04,Tungabhadra,272.663,14.832174
2011-07-05,Tungabhadra,330.458,4.590911
2011-07-06,Tungabhadra,433.899,7.062940000000001
2011-07-07,Tungabhadra,447.038,37.080435
2011-07-08,Tungabhadra,326.861,101.000042
2011-07-09,Tungabhadra,332.78,99.94060100000002
2011-07-10,Tungabhadra,372.593,97.468572
2011-07-11,Tungabhadra,381.824,88.63989699999999
2011-07-12,Tungabhadra,418.41,68.157371
2011-07-13,Tungabhadra,331.222,69.05789585000001
2011-07-14,Tungabhadra,149.088,69.9584207
2011-07-15,Tungabhadra,185.985,70.85894555
2011-07-16,Tungabhadra,271.474,71.75947040000001
2011-07-17,Tungabhadra,373.471,72.65999525000001
2011-07-18,Tungabhadra,1040.191,73.5605201
2011-07-19,Tungabhadra,1706.911,74.46104495
2011-07-20,Tungabhadra,2601.469,75.3615698
2011-07-21,Tungabhadra,2601.469,76.26209465000001
2011-07-22,Tungabhadra,1844.503,77.1626195
2011-07-23,Tungabhadra,1591.747,78.06314435000002
2011-07-24,Tungabhadra,1405.393,78.96366920000001
2011-07-25,Tungabhadra,1273.55,79.86419405
2011-07-26,Tungabhadra,1029.459,80.7647189
2011-07-27,Tungabhadra,1306.398,81.66524375
2011-07-28,Tungabhadra,1161.5,82.56576860000001
2011-07-29,Tungabhadra,669.948,83.46629345000001
2011-07-30,Tungabhadra,638.913,84.36681829999999
2011-07-31,Tungabhadra,607.878,85.26734315
2011-08-01,Tungabhadra,310.353,86.167868
2011-08-02,Tungabhadra,349.826,58.269255
2011-08-03,Tungabhadra,401.986,35.3147
2011-08-04,Tungabhadra,413.284,14.125880000000002
2011-08-05,Tungabhadra,865.731,4.590911
2011-08-06,Tungabhadra,1426.914,8.122381
2011-08-07,Tungabhadra,1676.669,38.13987600000001
2011-08-08,Tungabhadra,1890.546,101.000042
2011-08-09,Tungabhadra,1837.848,99.94060100000002
2011-08-10,Tungabhadra,1731.519,97.115425
2011-08-11,Tungabhadra,1286.576,88.28675000000001
2011-08-12,Tungabhadra,951.135,67.804224
2011-08-13,Tungabhadra,849.987,68.68709150000001
2011-08-14,Tungabhadra,660.944,69.569959
2011-08-15,Tungabhadra,604.14,70.45282650000001
2011-08-16,Tungabhadra,656.894,71.335694
2011-08-17,Tungabhadra,624.528,72.2185615
2011-08-18,Tungabhadra,529.695,73.101429
2011-08-19,Tungabhadra,434.862,73.98429650000001
2011-08-20,Tungabhadra,401.533,74.867164
2011-08-21,Tungabhadra,506.588,75.7500315
2011-08-22,Tungabhadra,478.385,76.632899
2011-08-23,Tungabhadra,487.559,77.5157665
2011-08-24,Tungabhadra,692.8,78.39863400000002
2011-08-25,Tungabhadra,929.387,79.2815015
2011-08-26,Tungabhadra,429.906,80.16436900000001
2011-08-27,Tungabhadra,401.533,81.0472365
2011-08-28,Tungabhadra,399.494,81.930104
2011-08-29,Tungabhadra,401.193,82.81297150000002
2011-08-30,Tungabhadra,585.592,83.695839
2011-08-31,Tungabhadra,769.992,84.57870650000001
2011-09-01,Tungabhadra,954.391,85.461574
2011-09-02,Tungabhadra,1792.74,57.562961
2011-09-03,Tungabhadra,2882.683,34.608406
2011-09-04,Tungabhadra,3726.639,13.419586
2011-09-05,Tungabhadra,3219.116,4.590911
2011-09-06,Tungabhadra,3112.701,8.122381
2011-09-07,Tungabhadra,2193.621,39.19931700000001
2011-09-08,Tungabhadra,1844.333,100.646895
2011-09-09,Tungabhadra,1392.679,99.94060100000002
2011-09-10,Tungabhadra,1313.958,96.762278
2011-09-11,Tungabhadra,1336.442,87.580456
2011-09-12,Tungabhadra,1038.69,67.451077
2011-09-13,Tungabhadra,560.759,68.36182452631579
2011-09-14,Tungabhadra,517.264,69.27257205263157
2011-09-15,Tungabhadra,539.266,70.18331957894738
2011-09-16,Tungabhadra,533.829,71.09406710526316
2011-09-17,Tungabhadra,604.791,72.00481463157895
2011-09-18,Tungabhadra,946.944,72.91556215789474
2011-09-19,Tungabhadra,1057.436,73.82630968421053
2011-09-20,Tungabhadra,916.163,74.73705721052632
2011-09-21,Tungabhadra,429.113,75.6478047368421
2011-09-22,Tungabhadra,399.437,76.55855226315789
2011-09-23,Tungabhadra,401.618,77.4692997894737
2011-09-24,Tungabhadra,403.317,78.38004731578948
2011-09-25,Tungabhadra,281.781,79.29079484210527
2011-09-26,Tungabhadra,339.462,80.20154236842106
2011-09-27,Tungabhadra,225.94,81.11228989473685
2011-09-28,Tungabhadra,198.133,82.02303742105262
2011-09-29,Tungabhadra,188.675,82.93378494736842
2011-09-30,Tungabhadra,171.416,83.84453247368421
2011-10-01,Tungabhadra,154.157,84.75528
2011-10-02,Tungabhadra,256.862,56.85666700000001
2011-10-03,Tungabhadra,73.624,33.548965
2011-10-04,Tungabhadra,130.994,12.713292
2011-10-05,Tungabhadra,157.98,4.590911
2011-10-06,Tungabhadra,159.565,8.475528
2011-10-07,Tungabhadra,170.467,40.258758
2011-10-08,Tungabhadra,159.424,99.94060100000002
2011-10-09,Tungabhadra,145.492,99.94060100000002
2011-10-10,Tungabhadra,125.5,96.409131
2011-10-11,Tungabhadra,111.427,87.227309
2011-10-12,Tungabhadra,90.331,66.744783
2011-10-13,Tungabhadra,21.577,67.5923358
2011-10-14,Tungabhadra,75.719,68.4398886
2011-10-15,Tungabhadra,314.544,69.2874414
2011-10-16,Tungabhadra,387.629,70.13499420000001
2011-10-17,Tungabhadra,363.362,70.982547
2011-10-18,Tungabhadra,387.587,71.8300998
2011-10-19,Tungabhadra,411.812,72.6776526
2011-10-20,Tungabhadra,411.84,73.5252054
2011-10-21,Tungabhadra,404.251,74.37275819999999
2011-10-22,Tungabhadra,368.261,75.220311
2011-10-23,Tungabhadra,291.805,76.0678638
2011-10-24,Tungabhadra,263.432,76.9154166
2011-10-25,Tungabhadra,126.35,77.7629694
2011-10-26,Tungabhadra,96.475,78.6105222
2011-10-27,Tungabhadra,58.842,79.45807500000001
2011-10-28,Tungabhadra,101.573,80.30562780000001
2011-10-29,Tungabhadra,121.168,81.15318060000001
2011-10-30,Tungabhadra,107.576,82.0007334
2011-10-31,Tungabhadra,93.984,82.8482862
2011-11-01,Tungabhadra,67.677,83.695839
2011-11-02,Tungabhadra,73.322,55.79722600000001
2011-11-03,Tungabhadra,78.966,32.842671
2011-11-04,Tungabhadra,84.611,11.653851
2011-11-05,Tungabhadra,68.555,4.590911
2011-11-06,Tungabhadra,48.535,8.475528
2011-11-07,Tungabhadra,31.602,40.965052
2011-11-08,Tungabhadra,20.473,99.587454
2011-11-09,Tungabhadra,62.524,100.293748
2011-11-10,Tungabhadra,38.794,96.055984
2011-11-11,Tungabhadra,36.076,86.521015
2011-11-12,Tungabhadra,23.701,66.391636
2011-11-13,Tungabhadra,44.995,67.2466234736842
2011-11-14,Tungabhadra,38.143,68.10161094736841
2011-11-15,Tungabhadra,25.344,68.95659842105263
2011-11-16,Tungabhadra,28.232,69.81158589473684
2011-11-17,Tungabhadra,11.383,70.66657336842106
2011-11-18,Tungabhadra,34.504,71.52156084210526
2011-11-19,Tungabhadra,57.625,72.37654831578948
2011-11-20,Tungabhadra,67.422,73.2315357894737
2011-11-21,Tungabhadra,75.323,74.0865232631579
2011-11-22,Tungabhadra,81.354,74.9415107368421
2011-11-23,Tungabhadra,96.702,75.79649821052632
2011-11-24,Tungabhadra,76.059,76.65148568421053
2011-11-25,Tungabhadra,69.036,77.50647315789475
2011-11-26,Tungabhadra,77.843,78.36146063157894
2011-11-27,Tungabhadra,71.698,79.21644810526315
2011-11-28,Tungabhadra,12.629,80.07143557894737
2011-11-29,Tungabhadra,23.758,80.92642305263158
2011-11-30,Tungabhadra,21.252,81.7814105263158
2011-12-01,Tungabhadra,18.746,82.636398
2011-12-02,Tungabhadra,4.786,55.090932
2011-12-03,Tungabhadra,13.054,32.842671
2011-12-04,Tungabhadra,34.377,10.947557
2011-12-05,Tungabhadra,43.551,4.590911
2011-12-06,Tungabhadra,32.055,8.475528
2011-12-07,Tungabhadra,20.841,42.024493
2011-12-08,Tungabhadra,14.64,100.646895
2011-12-09,Tungabhadra,17.188,100.293748
2011-12-10,Tungabhadra,19.793,95.34969
2011-12-11,Tungabhadra,16.707,85.814721
2011-12-12,Tungabhadra,23.531,66.03848900000001
2011-12-13,Tungabhadra,23.588,65.3675097
2011-12-14,Tungabhadra,40.352,64.6965304
2011-12-15,Tungabhadra,42.617,64.0255511
2011-12-16,Tungabhadra,60.06,63.3545718
2011-12-17,Tungabhadra,56.237,62.6835925
2011-12-18,Tungabhadra,57.356,62.0126132
2011-12-19,Tungabhadra,58.474,61.341633900000005
2011-12-20,Tungabhadra,51.763,60.6706546
2011-12-21,Tungabhadra,44.316,59.99967530000001
2011-12-22,Tungabhadra,37.237,59.32869600000001
2011-12-23,Tungabhadra,22.625,58.6577167
2011-12-24,Tungabhadra,24.041,57.9867374
2011-12-25,Tungabhadra,26.023,57.3157581
2011-12-26,Tungabhadra,23.786,56.644778800000005
2011-12-27,Tungabhadra,34.093,55.9737995
2011-12-28,Tungabhadra,27.751,55.302820200000006
2011-12-29,Tungabhadra,27.241,54.6318409
2011-12-30,Tungabhadra,39.12,53.9608616
2011-12-31,Tungabhadra,50.999,53.2898823
2012-01-01,Tungabhadra,34.164,52.618903
2012-01-02,Tungabhadra,17.33,33.902112
2012-01-03,Tungabhadra,9.203,19.776232000000004
2012-01-04,Tungabhadra,9.288,4.237764
2012-01-05,Tungabhadra,9.09,4.590911
2012-01-06,Tungabhadra,10.081,5.650352000000001
2012-01-07,Tungabhadra,10.166,4.237764
2012-01-08,Tungabhadra,12.318,34.608406
2012-01-09,Tungabhadra,13.281,98.528013
2012-01-10,Tungabhadra,10.902,94.996543
2012-01-11,Tungabhadra,6.343,72.748282
2012-01-12,Tungabhadra,9.345,65.685342
2012-01-13,Tungabhadra,19.114,65.0143627
2012-01-14,Tungabhadra,10.817,64.34338340000001
2012-01-15,Tungabhadra,11.95,63.6724041
2012-01-16,Tungabhadra,9.599,63.0014248
2012-01-17,Tungabhadra,15.631,62.3304455
2012-01-18,Tungabhadra,13.493,61.6594662
2012-01-19,Tungabhadra,11.355,60.988486900000005
2012-01-20,Tungabhadra,18.916,60.3175076
2012-01-21,Tungabhadra,18.972,59.64652830000001
2012-01-22,Tungabhadra,17.981,58.975549
2012-01-23,Tungabhadra,16.226,58.3045697
2012-01-24,Tungabhadra,17.783,57.6335904
2012-01-25,Tungabhadra,17.868,56.9626111
2012-01-26,Tungabhadra,17.953,56.291631800000005
2012-01-27,Tungabhadra,18.123,55.6206525
2012-01-28,Tungabhadra,17.726,54.94967320000001
2012-01-29,Tungabhadra,17.811,54.2786939
2012-01-30,Tungabhadra,17.67,53.6077146
2012-01-31,Tungabhadra,17.528,52.93673530000001
2012-02-01,Tungabhadra,29.931,52.265756
2012-02-02,Tungabhadra,26.476,33.548965
2012-02-03,Tungabhadra,28.43,19.423085000000004
2012-02-04,Tungabhadra,26.278,3.884617
2012-02-05,Tungabhadra,26.363,5.297205
2012-02-06,Tungabhadra,2.662,5.297205
2012-02-07,Tungabhadra,28.43,4.590911
2012-02-08,Tungabhadra,28.713,36.374141
2012-02-09,Tungabhadra,40.323,100.293748
2012-02-10,Tungabhadra,38.539,94.643396
2012-02-11,Tungabhadra,138.158,74.867164
2012-02-12,Tungabhadra,35.651,64.62590100000001
2012-02-13,Tungabhadra,35.085,63.89998772222223
2012-02-14,Tungabhadra,39.049,63.17407444444445
2012-02-15,Tungabhadra,37.038,62.44816116666666
2012-02-16,Tungabhadra,36.5,61.7222478888889
2012-02-17,Tungabhadra,34.886,60.99633461111112
2012-02-18,Tungabhadra,38.483,60.27042133333334
2012-02-19,Tungabhadra,38.624,59.54450805555556
2012-02-20,Tungabhadra,38.681,58.81859477777778
2012-02-21,Tungabhadra,5.578,58.092681500000005
2012-02-22,Tungabhadra,28.289,57.36676822222222
2012-02-23,Tungabhadra,53.122,56.64085494444445
2012-02-24,Tungabhadra,28.289,55.91494166666666
2012-02-25,Tungabhadra,6.853,55.18902838888889
2012-02-26,Tungabhadra,6.739,54.46311511111112
2012-02-27,Tungabhadra,31.97,53.73720183333333
2012-02-28,Tungabhadra,57.908,53.01128855555556
2012-02-29,Tungabhadra,54.227,52.28537527777778
2012-03-01,Tungabhadra,41.682,51.559462
2012-03-02,Tungabhadra,37.775,32.842671
2012-03-03,Tungabhadra,35.028,19.423085000000004
2012-03-04,Tungabhadra,30.979,3.531470000000001
2012-03-05,Tungabhadra,29.081,6.003499000000001
2012-03-06,Tungabhadra,30.497,5.297205
2012-03-07,Tungabhadra,28.883,4.944058000000001
2012-03-08,Tungabhadra,9.911,37.786729
2012-03-09,Tungabhadra,11.723,100.646895
2012-03-10,Tungabhadra,34.405,93.937102
2012-03-11,Tungabhadra,47.006,75.573458
2012-03-12,Tungabhadra,47.374,63.919607000000006
2012-03-13,Tungabhadra,44.146,63.28394240000001
2012-03-14,Tungabhadra,45.165,62.6482778
2012-03-15,Tungabhadra,33.697,62.0126132
2012-03-16,Tungabhadra,35.821,61.376948600000006
2012-03-17,Tungabhadra,24.975,60.741284
2012-03-18,Tungabhadra,19.454,60.1056194
2012-03-19,Tungabhadra,13.932,59.4699548
2012-03-20,Tungabhadra,19.935,58.8342902
2012-03-21,Tungabhadra,35.453,58.1986256
2012-03-22,Tungabhadra,44.486,57.562961
2012-03-23,Tungabhadra,33.272,56.92729640000001
2012-03-24,Tungabhadra,35.453,56.291631800000005
2012-03-25,Tungabhadra,36.869,55.655967200000006
2012-03-26,Tungabhadra,40.691,55.02030260000001
2012-03-27,Tungabhadra,32.253,54.384638
2012-03-28,Tungabhadra,14.357,53.7489734
2012-03-29,Tungabhadra,7.504,53.113308800000006
2012-03-30,Tungabhadra,18.307,52.4776442
2012-03-31,Tungabhadra,29.11,51.8419796
2012-04-01,Tungabhadra,45.25,51.206315
2012-04-02,Tungabhadra,44.231,32.136377
2012-04-03,Tungabhadra,27.043,19.069938000000004
2012-04-04,Tungabhadra,4.332,3.531470000000001
2012-04-05,Tungabhadra,12.686,6.3566460000000005
2012-04-06,Tungabhadra,15.121,5.297205
2012-04-07,Tungabhadra,17.047,5.297205
2012-04-08,Tungabhadra,13.79,38.84617000000001
2012-04-09,Tungabhadra,15.433,100.293748
2012-04-10,Tungabhadra,15.461,93.583955
2012-04-11,Tungabhadra,15.489,76.632899
2012-04-12,Tungabhadra,14.555,63.566460000000006
2012-04-13,Tungabhadra,11.383,62.878752684210525
2012-04-14,Tungabhadra,10.336,62.19104536842106
2012-04-15,Tungabhadra,6.4,61.503338052631584
2012-04-16,Tungabhadra,2.095,60.81563073684211
2012-04-17,Tungabhadra,1.246,60.12792342105264
2012-04-18,Tungabhadra,5.069,59.44021610526316
2012-04-19,Tungabhadra,8.891,58.7525087894737
2012-04-20,Tungabhadra,13.111,58.0648014736842
2012-04-21,Tungabhadra,16.367,57.377094157894746
2012-04-22,Tungabhadra,16.877,56.689386842105264
2012-04-23,Tungabhadra,17.925,56.00167952631579
2012-04-24,Tungabhadra,25.768,55.31397221052632
2012-04-25,Tungabhadra,36.5,54.62626489473684
2012-04-26,Tungabhadra,47.629,53.938557578947375
2012-04-27,Tungabhadra,49.3,53.25085026315789
2012-04-28,Tungabhadra,60.541,52.56314294736842
2012-04-29,Tungabhadra,83.959,51.87543563157895
2012-04-30,Tungabhadra,170.298,51.18772831578947
2012-05-01,Tungabhadra,256.636,50.500021
2012-05-02,Tungabhadra,210.949,31.783230000000003
2012-05-03,Tungabhadra,165.263,18.716791
2012-05-04,Tungabhadra,119.576,3.178323
2012-05-05,Tungabhadra,73.89,6.3566460000000005
2012-05-06,Tungabhadra,28.204,4.944058000000001
2012-05-07,Tungabhadra,19.793,5.650352000000001
2012-05-08,Tungabhadra,16.226,39.55246400000001
2012-05-09,Tungabhadra,12.99,99.587454
2012-05-10,Tungabhadra,9.755,93.230808
2012-05-11,Tungabhadra,6.52,78.39863400000002
2012-05-12,Tungabhadra,3.285,62.86016600000001
2012-05-13,Tungabhadra,7.554,62.20684405000001
2012-05-14,Tungabhadra,11.824,61.55352210000001
2012-05-15,Tungabhadra,16.093,60.90020015
2012-05-16,Tungabhadra,20.363,60.246878200000005
2012-05-17,Tungabhadra,24.633,59.593556250000006
2012-05-18,Tungabhadra,28.902,58.94023430000001
2012-05-19,Tungabhadra,33.172,58.28691235000001
2012-05-20,Tungabhadra,37.441,57.6335904
2012-05-21,Tungabhadra,41.711,56.98026845
2012-05-22,Tungabhadra,17.556,56.326946500000005
2012-05-23,Tungabhadra,15.065,55.67362455000001
2012-05-24,Tungabhadra,12.176,55.0203026
2012-05-25,Tungabhadra,18.151,54.36698065000001
2012-05-26,Tungabhadra,12.743,53.7136587
2012-05-27,Tungabhadra,15.291,53.06033675
2012-05-28,Tungabhadra,17.217,52.4070148
2012-05-29,Tungabhadra,14.711,51.75369285000001
2012-05-30,Tungabhadra,12.205,51.1003709
2012-05-31,Tungabhadra,9.699,50.44704895000001
2012-06-01,Tungabhadra,7.192,49.793727
2012-06-02,Tungabhadra,7.391,31.076936000000003
2012-06-03,Tungabhadra,2.18,18.363644
2012-06-04,Tungabhadra,5.154,3.178323
2012-06-05,Tungabhadra,4.927,6.3566460000000005
2012-06-06,Tungabhadra,4.786,4.944058000000001
2012-06-07,Tungabhadra,4.616,6.3566460000000005
2012-06-08,Tungabhadra,2.35,40.965052
2012-06-09,Tungabhadra,2.633,100.646895
2012-06-10,Tungabhadra,6.654,92.877661
2012-06-11,Tungabhadra,3.2,79.45807500000001
2012-06-12,Tungabhadra,1.954,62.15387200000001
2012-06-13,Tungabhadra,0.906,61.48475136842106
2012-06-14,Tungabhadra,1.897,60.81563073684211
2012-06-15,Tungabhadra,1.897,60.146510105263154
2012-06-16,Tungabhadra,1.897,59.47738947368421
2012-06-17,Tungabhadra,3.908,58.808268842105264
2012-06-18,Tungabhadra,3.724,58.13914821052632
2012-06-19,Tungabhadra,3.54,57.470027578947374
2012-06-20,Tungabhadra,4.644,56.800906947368425
2012-06-21,Tungabhadra,5.154,56.13178631578948
2012-06-22,Tungabhadra,5.55,55.46266568421053
2012-06-23,Tungabhadra,6.598,54.79354505263158
2012-06-24,Tungabhadra,7.844,54.12442442105263
2012-06-25,Tungabhadra,6.881,53.45530378947368
2012-06-26,Tungabhadra,8.155,52.78618315789474
2012-06-27,Tungabhadra,4.587,52.117062526315785
2012-06-28,Tungabhadra,43.721,51.44794189473683
2012-06-29,Tungabhadra,63.203,50.77882126315789
2012-06-30,Tungabhadra,78.873,50.10970063157894
2012-07-01,Tungabhadra,94.543,49.44058
2012-07-02,Tungabhadra,110.213,30.723789
2012-07-03,Tungabhadra,125.883,18.010497
2012-07-04,Tungabhadra,141.553,3.178323
2012-07-05,Tungabhadra,157.223,6.3566460000000005
2012-07-06,Tungabhadra,172.894,4.590911
2012-07-07,Tungabhadra,188.564,7.769234000000001
2012-07-08,Tungabhadra,204.234,45.555963000000006
2012-07-09,Tungabhadra,219.904,100.293748
2012-07-10,Tungabhadra,235.574,92.524514
2012-07-11,Tungabhadra,251.244,79.811222
2012-07-12,Tungabhadra,266.914,61.447578
2012-07-13,Tungabhadra,282.584,60.79425605
2012-07-14,Tungabhadra,298.254,60.1409341
2012-07-15,Tungabhadra,313.924,59.48761215
2012-07-16,Tungabhadra,329.594,58.8342902
2012-07-17,Tungabhadra,345.264,58.18096825
2012-07-18,Tungabhadra,360.934,57.5276463
2012-07-19,Tungabhadra,376.604,56.87432435
2012-07-20,Tungabhadra,392.274,56.2210024
2012-07-21,Tungabhadra,407.944,55.56768045
2012-07-22,Tungabhadra,423.614,54.914358500000006
2012-07-23,Tungabhadra,439.284,54.26103655
2012-07-24,Tungabhadra,454.954,53.6077146
2012-07-25,Tungabhadra,470.624,52.95439265
2012-07-26,Tungabhadra,486.294,52.3010707
2012-07-27,Tungabhadra,501.964,51.64774875
2012-07-28,Tungabhadra,517.634,50.99442680000001
2012-07-29,Tungabhadra,533.304,50.34110485
2012-07-30,Tungabhadra,548.975,49.6877829
2012-07-31,Tungabhadra,564.645,49.03446095
2012-08-01,Tungabhadra,580.315,48.381139000000005
2012-08-02,Tungabhadra,595.985,30.017495
2012-08-03,Tungabhadra,495.347,18.010497
2012-08-04,Tungabhadra,401.25,2.8251760000000004
2012-08-05,Tungabhadra,290.134,6.709793
2012-08-06,Tungabhadra,667.202,4.590911
2012-08-07,Tungabhadra,1535.424,8.828675
2012-08-08,Tungabhadra,1780.054,50.146874
2012-08-09,Tungabhadra,2478.715,100.646895
2012-08-10,Tungabhadra,2994.62,92.171367
2012-08-11,Tungabhadra,2054.699,79.811222
2012-08-12,Tungabhadra,1713.679,61.094431
2012-08-13,Tungabhadra,1667.522,60.44110905
2012-08-14,Tungabhadra,1405.96,59.7877871
2012-08-15,Tungabhadra,1213.603,59.13446515
2012-08-16,Tungabhadra,792.957,58.4811432
2012-08-17,Tungabhadra,522.446,57.82782125
2012-08-18,Tungabhadra,554.656,57.1744993
2012-08-19,Tungabhadra,586.867,56.52117735
2012-08-20,Tungabhadra,543.429,55.8678554
2012-08-21,Tungabhadra,337.254,55.21453345
2012-08-22,Tungabhadra,479.263,54.5612115
2012-08-23,Tungabhadra,492.685,53.90788955
2012-08-24,Tungabhadra,369.591,53.2545676
2012-08-25,Tungabhadra,284.188,52.60124565
2012-08-26,Tungabhadra,239.306,51.9479237
2012-08-27,Tungabhadra,235.794,51.29460175
2012-08-28,Tungabhadra,288.804,50.64127980000001
2012-08-29,Tungabhadra,441.318,49.98795785000001
2012-08-30,Tungabhadra,495.573,49.33463590000001
2012-08-31,Tungabhadra,549.828,48.68131395
2012-09-01,Tungabhadra,675.343,48.027992000000005
2012-09-02,Tungabhadra,800.857,29.311201
2012-09-03,Tungabhadra,759.514,16.951056
2012-09-04,Tungabhadra,1343.181,2.8251760000000004
2012-09-05,Tungabhadra,1073.322,6.709793
2012-09-06,Tungabhadra,1157.706,4.590911
2012-09-07,Tungabhadra,1038.407,9.534969000000002
2012-09-08,Tungabhadra,750.0,57.20981400000001
2012-09-09,Tungabhadra,691.384,101.000042
2012-09-10,Tungabhadra,473.005,91.465073
2012-09-11,Tungabhadra,428.604,79.45807500000001
2012-09-12,Tungabhadra,305.935,60.388137
2012-09-13,Tungabhadra,227.696,59.700429684210526
2012-09-14,Tungabhadra,245.337,59.012722368421045
2012-09-15,Tungabhadra,305.001,58.32501505263159
2012-09-16,Tungabhadra,393.293,57.63730773684211
2012-09-17,Tungabhadra,375.491,56.94960042105264
2012-09-18,Tungabhadra,357.689,56.26189310526316
2012-09-19,Tungabhadra,339.887,55.57418578947369
2012-09-20,Tungabhadra,268.401,54.88647847368422
2012-09-21,Tungabhadra,196.915,54.19877115789474
2012-09-22,Tungabhadra,140.14,53.51106384210527
2012-09-23,Tungabhadra,251.935,52.82335652631579
2012-09-24,Tungabhadra,94.295,52.13564921052632
2012-09-25,Tungabhadra,86.593,51.44794189473684
2012-09-26,Tungabhadra,46.128,50.760234578947376
2012-09-27,Tungabhadra,28.487,50.072527263157895
2012-09-28,Tungabhadra,218.776,49.38481994736843
2012-09-29,Tungabhadra,11.695,48.69711263157895
2012-09-30,Tungabhadra,13.451,48.00940531578948
2012-10-01,Tungabhadra,15.206,47.321698000000005
2012-10-02,Tungabhadra,25.032,28.958054
2012-10-03,Tungabhadra,39.615,16.597909
2012-10-04,Tungabhadra,80.59,2.8251760000000004
2012-10-05,Tungabhadra,121.338,6.709793
2012-10-06,Tungabhadra,120.658,4.590911
2012-10-07,Tungabhadra,119.186,9.888116000000002
2012-10-08,Tungabhadra,115.589,65.33219500000001
2012-10-09,Tungabhadra,86.423,101.000042
2012-10-10,Tungabhadra,63.288,91.111926
2012-10-11,Tungabhadra,44.259,79.10492800000002
2012-10-12,Tungabhadra,35.594,58.975549
2012-10-13,Tungabhadra,27.297,58.3398844
2012-10-14,Tungabhadra,13.847,57.7042198
2012-10-15,Tungabhadra,15.319,57.068555200000006
2012-10-16,Tungabhadra,9.316,56.43289060000001
2012-10-17,Tungabhadra,17.556,55.79722600000001
2012-10-18,Tungabhadra,30.412,55.1615614
2012-10-19,Tungabhadra,34.971,54.525896800000005
2012-10-20,Tungabhadra,39.502,53.89023220000001
2012-10-21,Tungabhadra,49.639,53.2545676
2012-10-22,Tungabhadra,31.432,52.618903
2012-10-23,Tungabhadra,40.606,51.983238400000005
2012-10-24,Tungabhadra,32.14,51.3475738
2012-10-25,Tungabhadra,45.732,50.7119092
2012-10-26,Tungabhadra,50.036,50.0762446
2012-10-27,Tungabhadra,50.885,49.44058
2012-10-28,Tungabhadra,46.468,48.8049154
2012-10-29,Tungabhadra,41.739,48.16925080000001
2012-10-30,Tungabhadra,43.806,47.53358620000001
2012-10-31,Tungabhadra,51.622,46.8979216
2012-11-01,Tungabhadra,40.805,46.262257000000005
2012-11-02,Tungabhadra,922.053,28.251760000000004
2012-11-03,Tungabhadra,399.126,15.891615000000002
2012-11-04,Tungabhadra,556.086,2.8251760000000004
2012-11-05,Tungabhadra,756.031,6.709793
2012-11-06,Tungabhadra,556.086,4.590911
2012-11-07,Tungabhadra,229.168,10.59441
2012-11-08,Tungabhadra,180.633,70.982547
2012-11-09,Tungabhadra,97.552,101.000042
2012-11-10,Tungabhadra,64.053,90.405632
2012-11-11,Tungabhadra,56.719,78.75178100000001
2012-11-12,Tungabhadra,57.823,59.328696
2012-11-13,Tungabhadra,43.098,58.622402
2012-11-14,Tungabhadra,43.183,57.916108
2012-11-15,Tungabhadra,44.542,57.20981400000001
2012-11-16,Tungabhadra,37.69,56.50352000000001
2012-11-17,Tungabhadra,27.071,55.79722600000001
2012-11-18,Tungabhadra,9.486,55.090932
2012-11-19,Tungabhadra,32.366,54.384638
2012-11-20,Tungabhadra,44.429,53.678344
2012-11-21,Tungabhadra,55.246,52.97205
2012-11-22,Tungabhadra,36.161,52.265756
2012-11-23,Tungabhadra,30.129,51.559462
2012-11-24,Tungabhadra,33.046,50.853168
2012-11-25,Tungabhadra,36.047,50.146874
2012-11-26,Tungabhadra,21.776,49.44058
2012-11-27,Tungabhadra,27.694,48.734286
2012-11-28,Tungabhadra,23.305,48.027992000000005
2012-11-29,Tungabhadra,23.361,47.321698000000005
2012-11-30,Tungabhadra,27.099,46.615404000000005
2012-12-01,Tungabhadra,32.706,45.909110000000005
2012-12-02,Tungabhadra,42.192,27.545466
2012-12-03,Tungabhadra,42.645,15.185321
2012-12-04,Tungabhadra,27.552,2.8251760000000004
2012-12-05,Tungabhadra,26.108,6.3566460000000005
2012-12-06,Tungabhadra,27.382,4.590911
2012-12-07,Tungabhadra,16.282,10.947557
2012-12-08,Tungabhadra,16.933,75.573458
2012-12-09,Tungabhadra,13.026,100.646895
2012-12-10,Tungabhadra,11.667,90.052485
2012-12-11,Tungabhadra,11.44,78.39863400000002
2012-12-12,Tungabhadra,11.355,58.975549
2012-12-13,Tungabhadra,18.831,58.3751991
2012-12-14,Tungabhadra,26.476,57.7748492
2012-12-15,Tungabhadra,30.979,57.1744993
2012-12-16,Tungabhadra,32.932,56.5741494
2012-12-17,Tungabhadra,38.03,55.9737995
2012-12-18,Tungabhadra,38.114,55.37344960000001
2012-12-19,Tungabhadra,42.334,54.7730997
2012-12-20,Tungabhadra,41.116,54.172749800000005
2012-12-21,Tungabhadra,32.196,53.5723999
2012-12-22,Tungabhadra,34.462,52.97205
2012-12-23,Tungabhadra,30.837,52.371700100000005
2012-12-24,Tungabhadra,34.858,51.7713502
2012-12-25,Tungabhadra,34.915,51.1710003
2012-12-26,Tungabhadra,40.606,50.5706504
2012-12-27,Tungabhadra,40.097,49.97030050000001
2012-12-28,Tungabhadra,46.241,49.3699506
2012-12-29,Tungabhadra,42.447,48.769600700000005
2012-12-30,Tungabhadra,41.484,48.16925080000001
2012-12-31,Tungabhadra,43.58,47.5689009
2013-01-01,Tungabhadra,43.416,46.968551000000005
2013-01-02,Tungabhadra,43.252,31.783230000000003
2013-01-03,Tungabhadra,43.088,21.895114
2013-01-04,Tungabhadra,42.924,7.416087
2013-01-05,Tungabhadra,42.76,3.178323
2013-01-06,Tungabhadra,42.596,2.118882
2013-01-07,Tungabhadra,42.432,22.601408000000003
2013-01-08,Tungabhadra,42.268,93.230808
2013-01-09,Tungabhadra,42.104,100.646895
2013-01-10,Tungabhadra,41.94,100.293748
2013-01-11,Tungabhadra,41.776,94.290249
2013-01-12,Tungabhadra,41.612,76.632899
2013-01-13,Tungabhadra,41.448,75.1143669
2013-01-14,Tungabhadra,41.284,73.5958348
2013-01-15,Tungabhadra,41.121,72.0773027
2013-01-16,Tungabhadra,40.957,70.5587706
2013-01-17,Tungabhadra,40.793,69.0402385
2013-01-18,Tungabhadra,40.629,67.5217064
2013-01-19,Tungabhadra,40.465,66.0031743
2013-01-20,Tungabhadra,39.811,64.48464220000001
2013-01-21,Tungabhadra,39.158,62.9661101
2013-01-22,Tungabhadra,38.504,61.447578
2013-01-23,Tungabhadra,37.851,59.929045900000006
2013-01-24,Tungabhadra,37.197,58.4105138
2013-01-25,Tungabhadra,36.544,56.8919817
2013-01-26,Tungabhadra,35.891,55.37344960000001
2013-01-27,Tungabhadra,35.237,53.8549175
2013-01-28,Tungabhadra,34.584,52.33638540000001
2013-01-29,Tungabhadra,33.93,50.8178533
2013-01-30,Tungabhadra,33.277,49.2993212
2013-01-31,Tungabhadra,32.623,47.78078910000001
2013-02-01,Tungabhadra,31.97,46.262257000000005
2013-02-02,Tungabhadra,30.667,31.076936000000003
2013-02-03,Tungabhadra,27.014,21.541967
2013-02-04,Tungabhadra,25.627,7.062940000000001
2013-02-05,Tungabhadra,22.455,3.178323
2013-02-06,Tungabhadra,27.892,2.4720290000000005
2013-02-07,Tungabhadra,26.561,24.013996
2013-02-08,Tungabhadra,26.42,92.877661
2013-02-09,Tungabhadra,31.177,101.000042
2013-02-10,Tungabhadra,35.254,99.94060100000002
2013-02-11,Tungabhadra,36.274,93.937102
2013-02-12,Tungabhadra,28.317,75.926605
2013-02-13,Tungabhadra,27.864,74.14009664705881
2013-02-14,Tungabhadra,25.938,72.35358829411766
2013-02-15,Tungabhadra,27.212,70.56707994117647
2013-02-16,Tungabhadra,26.958,68.78057158823529
2013-02-17,Tungabhadra,22.993,66.99406323529412
2013-02-18,Tungabhadra,27.382,65.20755488235294
2013-02-19,Tungabhadra,28.09,63.42104652941177
2013-02-20,Tungabhadra,26.335,61.63453817647059
2013-02-21,Tungabhadra,32.564,59.84802982352941
2013-02-22,Tungabhadra,29.761,58.06152147058825
2013-02-23,Tungabhadra,29.846,56.27501311764707
2013-02-24,Tungabhadra,29.28,54.48850476470589
2013-02-25,Tungabhadra,36.387,52.7019964117647
2013-02-26,Tungabhadra,34.122,50.915488058823534
2013-02-27,Tungabhadra,38.766,49.12897970588235
2013-02-28,Tungabhadra,35.141,47.34247135294118
2013-03-01,Tungabhadra,35.283,45.555963000000006
2013-03-02,Tungabhadra,37.208,30.723789
2013-03-03,Tungabhadra,36.953,21.18882
2013-03-04,Tungabhadra,39.559,6.709793
2013-03-05,Tungabhadra,38.398,3.178323
2013-03-06,Tungabhadra,38.058,2.8251760000000004
2013-03-07,Tungabhadra,38.426,25.073437
2013-03-08,Tungabhadra,39.559,93.230808
2013-03-09,Tungabhadra,37.916,100.646895
2013-03-10,Tungabhadra,32.932,99.587454
2013-03-11,Tungabhadra,28.458,93.230808
2013-03-12,Tungabhadra,30.724,75.573458
2013-03-13,Tungabhadra,31.998,74.0549259
2013-03-14,Tungabhadra,33.301,72.53639380000001
2013-03-15,Tungabhadra,33.839,71.01786170000001
2013-03-16,Tungabhadra,33.216,69.4993296
2013-03-17,Tungabhadra,36.925,67.98079750000001
2013-03-18,Tungabhadra,37.576,66.4622654
2013-03-19,Tungabhadra,43.693,64.9437333
2013-03-20,Tungabhadra,49.809,63.4252012
2013-03-21,Tungabhadra,43.608,61.9066691
2013-03-22,Tungabhadra,44.259,60.388137
2013-03-23,Tungabhadra,37.548,58.869604900000006
2013-03-24,Tungabhadra,38.539,57.3510728
2013-03-25,Tungabhadra,38.341,55.8325407
2013-03-26,Tungabhadra,38.199,54.3140086
2013-03-27,Tungabhadra,37.492,52.79547650000001
2013-03-28,Tungabhadra,42.815,51.2769444
2013-03-29,Tungabhadra,50.206,49.7584123
2013-03-30,Tungabhadra,49.385,48.23988020000001
2013-03-31,Tungabhadra,48.592,46.7213481
2013-04-01,Tungabhadra,44.089,45.202816000000006
2013-04-02,Tungabhadra,40.55,30.370642
2013-04-03,Tungabhadra,33.187,20.835673
2013-04-04,Tungabhadra,37.322,6.709793
2013-04-05,Tungabhadra,38.766,2.8251760000000004
2013-04-06,Tungabhadra,38.114,3.178323
2013-04-07,Tungabhadra,25.57,25.779731
2013-04-08,Tungabhadra,20.898,95.34969
2013-04-09,Tungabhadra,21.181,100.646895
2013-04-10,Tungabhadra,17.613,99.234307
2013-04-11,Tungabhadra,17.84,115.832216
2013-04-12,Tungabhadra,17.868,75.220311
2013-04-13,Tungabhadra,16.905,73.60326947368421
2013-04-14,Tungabhadra,16.169,71.98622794736842
2013-04-15,Tungabhadra,16.197,70.36918642105263
2013-04-16,Tungabhadra,16.226,68.75214489473684
2013-04-17,Tungabhadra,16.254,67.13510336842106
2013-04-18,Tungabhadra,14.668,65.51806184210527
2013-04-19,Tungabhadra,16.226,63.90102031578948
2013-04-20,Tungabhadra,21.691,62.28397878947368
2013-04-21,Tungabhadra,17.981,60.66693726315791
2013-04-22,Tungabhadra,17.245,59.04989573684211
2013-04-23,Tungabhadra,13.167,57.43285421052632
2013-04-24,Tungabhadra,13.62,55.81581268421053
2013-04-25,Tungabhadra,11.355,54.19877115789474
2013-04-26,Tungabhadra,8.099,52.58172963157896
2013-04-27,Tungabhadra,6.485,50.96468810526317
2013-04-28,Tungabhadra,4.899,49.34764657894737
2013-04-29,Tungabhadra,6.541,47.73060505263158
2013-04-30,Tungabhadra,7.844,46.113563526315794
2013-05-01,Tungabhadra,8.353,44.496522000000006
2013-05-02,Tungabhadra,8.807,30.017495
2013-05-03,Tungabhadra,8.495,20.482526
2013-05-04,Tungabhadra,10.619,6.3566460000000005
2013-05-05,Tungabhadra,10.93,2.8251760000000004
2013-05-06,Tungabhadra,11.95,3.178323
2013-05-07,Tungabhadra,10.704,28.958054
2013-05-08,Tungabhadra,6.824,96.409131
2013-05-09,Tungabhadra,6.173,101.000042
2013-05-10,Tungabhadra,8.438,98.88116
2013-05-11,Tungabhadra,6.06,92.171367
2013-05-12,Tungabhadra,6.145,74.514017
2013-05-13,Tungabhadra,2.379,72.97782755
2013-05-14,Tungabhadra,7.73,71.4416381
2013-05-15,Tungabhadra,8.665,69.90544865000001
2013-05-16,Tungabhadra,10.364,68.3692592
2013-05-17,Tungabhadra,10.647,66.83306975
2013-05-18,Tungabhadra,10.619,65.2968803
2013-05-19,Tungabhadra,11.893,63.76069085000001
2013-05-20,Tungabhadra,12.912,62.2245014
2013-05-21,Tungabhadra,11.695,60.68831195
2013-05-22,Tungabhadra,11.412,59.1521225
2013-05-23,Tungabhadra,10.93,57.61593305
2013-05-24,Tungabhadra,7.561,56.07974360000001
2013-05-25,Tungabhadra,3.738,54.543554150000006
2013-05-26,Tungabhadra,7.985,53.0073647
2013-05-27,Tungabhadra,142.264,51.47117525
2013-05-28,Tungabhadra,56.577,49.9349858
2013-05-29,Tungabhadra,24.777,48.398796350000005
2013-05-30,Tungabhadra,21.464,46.8626069
2013-05-31,Tungabhadra,34.065,45.32641745000001
2013-06-01,Tungabhadra,95.003,43.790228
2013-06-02,Tungabhadra,119.44,29.664348
2013-06-03,Tungabhadra,135.553,20.129379
2013-06-04,Tungabhadra,112.22,6.003499000000001
2013-06-05,Tungabhadra,74.643,2.8251760000000004
2013-06-06,Tungabhadra,72.548,3.531470000000001
2013-06-07,Tungabhadra,75.974,38.13987600000001
2013-06-08,Tungabhadra,121.224,95.34969
2013-06-09,Tungabhadra,63.628,101.000042
2013-06-10,Tungabhadra,32.876,98.88116
2013-06-11,Tungabhadra,31.687,92.171367
2013-06-12,Tungabhadra,38.369,74.16087
2013-06-13,Tungabhadra,26.844,72.5438284736842
2013-06-14,Tungabhadra,8.58,70.92678694736843
2013-06-15,Tungabhadra,7.079,69.30974542105264
2013-06-16,Tungabhadra,12.006,67.69270389473685
2013-06-17,Tungabhadra,22.767,66.07566236842106
2013-06-18,Tungabhadra,148.763,64.45862084210528
2013-06-19,Tungabhadra,274.758,62.841579315789474
2013-06-20,Tungabhadra,241.344,61.22453778947368
2013-06-21,Tungabhadra,296.421,59.60749626315789
2013-06-22,Tungabhadra,384.684,57.99045473684211
2013-06-23,Tungabhadra,322.699,56.37341321052632
2013-06-24,Tungabhadra,197.368,54.756371684210535
2013-06-25,Tungabhadra,166.248,53.13933015789474
2013-06-26,Tungabhadra,142.32,51.52228863157894
2013-06-27,Tungabhadra,227.186,49.90524710526316
2013-06-28,Tungabhadra,949.322,48.28820557894737
2013-06-29,Tungabhadra,1203.296,46.67116405263158
2013-06-30,Tungabhadra,944.268,45.054122526315794
2013-07-01,Tungabhadra,685.239,43.437081
2013-07-02,Tungabhadra,451.059,29.664348
2013-07-03,Tungabhadra,301.631,19.423085000000004
2013-07-04,Tungabhadra,326.635,6.003499000000001
2013-07-05,Tungabhadra,1038.492,2.4720290000000005
2013-07-06,Tungabhadra,3034.745,3.884617
2013-07-07,Tungabhadra,2733.284,46.615404000000005
2013-07-08,Tungabhadra,1876.472,93.937102
2013-07-09,Tungabhadra,1651.495,101.000042
2013-07-10,Tungabhadra,1376.963,98.528013
2013-07-11,Tungabhadra,998.31,92.171367
2013-07-12,Tungabhadra,661.595,73.454576
2013-07-13,Tungabhadra,492.883,71.91838655000001
2013-07-14,Tungabhadra,951.786,70.38219710000001
2013-07-15,Tungabhadra,1416.324,68.84600765
2013-07-16,Tungabhadra,1236.335,67.3098182
2013-07-17,Tungabhadra,1056.346,65.77362875
2013-07-18,Tungabhadra,876.357,64.2374393
2013-07-19,Tungabhadra,696.368,62.70124985
2013-07-20,Tungabhadra,1268.897,61.1650604
2013-07-21,Tungabhadra,1841.426,59.62887095
2013-07-22,Tungabhadra,2413.955,58.092681500000005
2013-07-23,Tungabhadra,2314.364,56.55649205
2013-07-24,Tungabhadra,2079.08,55.0203026
2013-07-25,Tungabhadra,2508.391,53.48411315
2013-07-26,Tungabhadra,2537.897,51.9479237
2013-07-27,Tungabhadra,2886.251,50.41173425
2013-07-28,Tungabhadra,3477.422,48.8755448
2013-07-29,Tungabhadra,3799.809,47.339355350000005
2013-07-30,Tungabhadra,3602.271,45.8031659
2013-07-31,Tungabhadra,3735.219,44.26697645
2013-08-01,Tungabhadra,3603.149,42.730787
2013-08-02,Tungabhadra,3300.527,29.311201
2013-08-03,Tungabhadra,3483.708,19.069938000000004
2013-08-04,Tungabhadra,4747.999,6.003499000000001
2013-08-05,Tungabhadra,4951.484,2.4720290000000005
2013-08-06,Tungabhadra,4371.187,4.237764
2013-08-07,Tungabhadra,3295.968,52.265756
2013-08-08,Tungabhadra,2298.818,93.937102
2013-08-09,Tungabhadra,1518.916,101.000042
2013-08-10,Tungabhadra,1777.137,98.528013
2013-08-11,Tungabhadra,1183.021,92.171367
2013-08-12,Tungabhadra,1077.881,73.101429
2013-08-13,Tungabhadra,796.44,71.5475822
2013-08-14,Tungabhadra,800.885,69.9937354
2013-08-15,Tungabhadra,825.578,68.4398886
2013-08-16,Tungabhadra,782.196,66.8860418
2013-08-17,Tungabhadra,797.487,65.33219500000001
2013-08-18,Tungabhadra,765.461,63.7783482
2013-08-19,Tungabhadra,803.264,62.2245014
2013-08-20,Tungabhadra,947.0,60.6706546
2013-08-21,Tungabhadra,1009.496,59.1168078
2013-08-22,Tungabhadra,1007.315,57.562961
2013-08-23,Tungabhadra,1007.712,56.009114200000006
2013-08-24,Tungabhadra,874.481,54.4552674
2013-08-25,Tungabhadra,831.496,52.9014206
2013-08-26,Tungabhadra,723.439,51.3475738
2013-08-27,Tungabhadra,858.652,49.793727
2013-08-28,Tungabhadra,797.034,48.23988020000001
2013-08-29,Tungabhadra,632.032,46.68603340000001
2013-08-30,Tungabhadra,504.266,45.1321866
2013-08-31,Tungabhadra,511.062,43.5783398
2013-09-01,Tungabhadra,476.997,42.024493
2013-09-02,Tungabhadra,404.025,28.958054
2013-09-03,Tungabhadra,275.438,18.716791
2013-09-04,Tungabhadra,283.933,5.650352000000001
2013-09-05,Tungabhadra,257.089,2.4720290000000005
2013-09-06,Tungabhadra,228.375,4.237764
2013-09-07,Tungabhadra,227.299,57.916108
2013-09-08,Tungabhadra,218.323,95.702837
2013-09-09,Tungabhadra,219.625,101.000042
2013-09-10,Tungabhadra,528.76,98.528013
2013-09-11,Tungabhadra,994.516,89.69933800000001
2013-09-12,Tungabhadra,687.59,72.748282
2013-09-13,Tungabhadra,707.836,71.1312404736842
2013-09-14,Tungabhadra,836.48,69.51419894736843
2013-09-15,Tungabhadra,687.476,67.89715742105264
2013-09-16,Tungabhadra,516.188,66.28011589473684
2013-09-17,Tungabhadra,491.637,64.66307436842106
2013-09-18,Tungabhadra,546.034,63.04603284210527
2013-09-19,Tungabhadra,600.43,61.42899131578948
2013-09-20,Tungabhadra,448.992,59.81194978947369
2013-09-21,Tungabhadra,871.451,58.1949082631579
2013-09-22,Tungabhadra,1033.452,56.5778667368421
2013-09-23,Tungabhadra,1360.256,54.96082521052632
2013-09-24,Tungabhadra,1028.241,53.34378368421052
2013-09-25,Tungabhadra,797.94,51.72674215789474
2013-09-26,Tungabhadra,571.66,50.10970063157894
2013-09-27,Tungabhadra,345.635,48.49265910526315
2013-09-28,Tungabhadra,308.201,46.87561757894737
2013-09-29,Tungabhadra,272.182,45.258576052631575
2013-09-30,Tungabhadra,231.264,43.64153452631579
2013-10-01,Tungabhadra,190.346,42.024493
2013-10-02,Tungabhadra,176.046,28.604907000000004
2013-10-03,Tungabhadra,125.755,18.010497
2013-10-04,Tungabhadra,105.254,5.650352000000001
2013-10-05,Tungabhadra,108.567,2.4720290000000005
2013-10-06,Tungabhadra,195.103,4.590911
2013-10-07,Tungabhadra,220.305,61.094431
2013-10-08,Tungabhadra,244.516,98.88116
2013-10-09,Tungabhadra,166.22,101.000042
2013-10-10,Tungabhadra,168.287,98.174866
2013-10-11,Tungabhadra,217.19,89.346191
2013-10-12,Tungabhadra,130.541,72.041988
2013-10-13,Tungabhadra,53.179,70.5234559
2013-10-14,Tungabhadra,57.228,69.0049238
2013-10-15,Tungabhadra,60.655,67.4863917
2013-10-16,Tungabhadra,155.828,65.96785960000001
2013-10-17,Tungabhadra,157.413,64.4493275
2013-10-18,Tungabhadra,157.187,62.93079540000001
2013-10-19,Tungabhadra,136.346,61.412263300000006
2013-10-20,Tungabhadra,125.783,59.893731200000005
2013-10-21,Tungabhadra,124.169,58.3751991
2013-10-22,Tungabhadra,134.901,56.85666700000001
2013-10-23,Tungabhadra,208.61,55.3381349
2013-10-24,Tungabhadra,196.066,53.819602800000006
2013-10-25,Tungabhadra,165.823,52.3010707
2013-10-26,Tungabhadra,328.787,50.7825386
2013-10-27,Tungabhadra,281.186,49.2640065
2013-10-28,Tungabhadra,472.014,47.745474400000006
2013-10-29,Tungabhadra,278.128,46.2269423
2013-10-30,Tungabhadra,111.115,44.7084102
2013-10-31,Tungabhadra,76.059,43.18987810000001
2013-11-01,Tungabhadra,60.796,41.671346
2013-11-02,Tungabhadra,41.739,28.251760000000004
2013-11-03,Tungabhadra,20.643,17.65735
2013-11-04,Tungabhadra,9.599,5.650352000000001
2013-11-05,Tungabhadra,11.723,2.118882
2013-11-06,Tungabhadra,5.352,4.590911
2013-11-07,Tungabhadra,16.141,63.919607000000006
2013-11-08,Tungabhadra,31.149,99.94060100000002
2013-11-09,Tungabhadra,41.343,100.646895
2013-11-10,Tungabhadra,33.612,98.174866
2013-11-11,Tungabhadra,17.5,88.63989699999999
2013-11-12,Tungabhadra,7.023,71.688841
2013-11-13,Tungabhadra,4.559,70.0717994736842
2013-11-14,Tungabhadra,6.938,68.45475794736842
2013-11-15,Tungabhadra,21.747,66.83771642105262
2013-11-16,Tungabhadra,26.165,65.22067489473683
2013-11-17,Tungabhadra,26.561,63.60363336842105
2013-11-18,Tungabhadra,31.644,61.98659184210526
2013-11-19,Tungabhadra,36.727,60.36955031578948
2013-11-20,Tungabhadra,14.385,58.75250878947368
2013-11-21,Tungabhadra,11.95,57.1354672631579
2013-11-22,Tungabhadra,9.514,55.51842573684211
2013-11-23,Tungabhadra,23.786,53.90138421052632
2013-11-24,Tungabhadra,28.912,52.28434268421053
2013-11-25,Tungabhadra,20.247,50.667301157894734
2013-11-26,Tungabhadra,5.72,49.05025963157895
2013-11-27,Tungabhadra,1.982,47.43321810526316
2013-11-28,Tungabhadra,9.939,45.81617657894737
2013-11-29,Tungabhadra,12.431,44.199135052631576
2013-11-30,Tungabhadra,10.817,42.58209352631578
2013-12-01,Tungabhadra,9.203,40.965052
2013-12-02,Tungabhadra,6.06,27.898613000000005
2013-12-03,Tungabhadra,6.286,17.304203
2013-12-04,Tungabhadra,8.891,5.650352000000001
2013-12-05,Tungabhadra,20.756,2.118882
2013-12-06,Tungabhadra,23.673,4.590911
2013-12-07,Tungabhadra,24.862,65.685342
2013-12-08,Tungabhadra,27.382,101.000042
2013-12-09,Tungabhadra,24.494,100.646895
2013-12-10,Tungabhadra,27.382,97.821719
2013-12-11,Tungabhadra,24.919,87.93360300000002
2013-12-12,Tungabhadra,22.484,71.335694
2013-12-13,Tungabhadra,22.512,70.71768675
2013-12-14,Tungabhadra,20.105,70.09967950000001
2013-12-15,Tungabhadra,25.91,69.48167225
2013-12-16,Tungabhadra,26.646,68.863665
2013-12-17,Tungabhadra,22.71,68.24565775
2013-12-18,Tungabhadra,24.183,67.6276505
2013-12-19,Tungabhadra,26.108,67.00964325
2013-12-20,Tungabhadra,23.135,66.391636
2013-12-21,Tungabhadra,25.967,65.77362875
2013-12-22,Tungabhadra,32.791,65.15562150000001
2013-12-23,Tungabhadra,39.927,64.53761425
2013-12-24,Tungabhadra,46.185,63.919607000000006
2013-12-25,Tungabhadra,47.091,63.30159975
2013-12-26,Tungabhadra,60.683,62.6835925
2013-12-27,Tungabhadra,61.646,62.06558525
2013-12-28,Tungabhadra,64.591,61.447578
2013-12-29,Tungabhadra,91.832,60.82957075
2013-12-30,Tungabhadra,94.776,60.2115635
2013-12-31,Tungabhadra,112.276,59.593556250000006
2014-01-01,Tungabhadra,128.219,58.975549
2014-01-02,Tungabhadra,106.839,34.608406
2014-01-03,Tungabhadra,83.563,19.069938000000004
2014-01-04,Tungabhadra,72.378,4.944058000000001
2014-01-05,Tungabhadra,73.312,2.4720290000000005
2014-01-06,Tungabhadra,76.201,7.769234000000001
2014-01-07,Tungabhadra,84.752,13.419586
2014-01-08,Tungabhadra,79.117,92.524514
2014-01-09,Tungabhadra,85.602,101.000042
2014-01-10,Tungabhadra,86.225,101.000042
2014-01-11,Tungabhadra,91.407,101.000042
2014-01-12,Tungabhadra,93.106,87.227309
2014-01-13,Tungabhadra,95.569,85.77940630000002
2014-01-14,Tungabhadra,92.143,84.33150360000002
2014-01-15,Tungabhadra,86.508,82.8836009
2014-01-16,Tungabhadra,72.888,81.4356982
2014-01-17,Tungabhadra,75.719,79.9877955
2014-01-18,Tungabhadra,78.806,78.53989280000002
2014-01-19,Tungabhadra,78.07,77.09199010000002
2014-01-20,Tungabhadra,79.825,75.6440874
2014-01-21,Tungabhadra,69.829,74.1961847
2014-01-22,Tungabhadra,75.04,72.748282
2014-01-23,Tungabhadra,74.841,71.3003793
2014-01-24,Tungabhadra,74.926,69.8524766
2014-01-25,Tungabhadra,67.337,68.4045739
2014-01-26,Tungabhadra,59.465,66.9566712
2014-01-27,Tungabhadra,60.202,65.5087685
2014-01-28,Tungabhadra,54.623,64.0608658
2014-01-29,Tungabhadra,54.878,62.6129631
2014-01-30,Tungabhadra,52.924,61.1650604
2014-01-31,Tungabhadra,52.386,59.7171577
2014-02-01,Tungabhadra,48.79,58.269255
2014-02-02,Tungabhadra,47.884,34.255259
2014-02-03,Tungabhadra,47.771,18.363644
2014-02-04,Tungabhadra,46.694,4.590911
2014-02-05,Tungabhadra,45.675,2.4720290000000005
2014-02-06,Tungabhadra,48.025,8.122381
2014-02-07,Tungabhadra,48.903,13.419586
2014-02-08,Tungabhadra,48.309,98.528013
2014-02-09,Tungabhadra,49.611,100.646895
2014-02-10,Tungabhadra,48.62,101.000042
2014-02-11,Tungabhadra,48.705,101.000042
2014-02-12,Tungabhadra,49.186,86.521015
2014-02-13,Tungabhadra,49.271,84.79682670588237
2014-02-14,Tungabhadra,49.441,83.07263841176471
2014-02-15,Tungabhadra,48.422,81.34845011764708
2014-02-16,Tungabhadra,46.043,79.62426182352942
2014-02-17,Tungabhadra,45.703,77.90007352941177
2014-02-18,Tungabhadra,46.893,76.17588523529413
2014-02-19,Tungabhadra,48.082,74.45169694117648
2014-02-20,Tungabhadra,46.694,72.72750864705883
2014-02-21,Tungabhadra,45.477,71.00332035294119
2014-02-22,Tungabhadra,45.194,69.27913205882354
2014-02-23,Tungabhadra,43.268,67.5549437647059
2014-02-24,Tungabhadra,46.638,65.83075547058826
2014-02-25,Tungabhadra,45.732,64.10656717647059
2014-02-26,Tungabhadra,41.286,62.38237888235295
2014-02-27,Tungabhadra,42.475,60.6581905882353
2014-02-28,Tungabhadra,36.331,58.93400229411765
2014-03-01,Tungabhadra,37.576,57.20981400000001
2014-03-02,Tungabhadra,49.073,33.548965
2014-03-03,Tungabhadra,55.586,17.65735
2014-03-04,Tungabhadra,61.108,4.237764
2014-03-05,Tungabhadra,60.428,2.4720290000000005
2014-03-06,Tungabhadra,59.352,8.122381
2014-03-07,Tungabhadra,13.054,13.772733
2014-03-08,Tungabhadra,10.76,97.468572
2014-03-09,Tungabhadra,12.516,100.293748
2014-03-10,Tungabhadra,42.334,101.000042
2014-03-11,Tungabhadra,39.474,100.646895
2014-03-12,Tungabhadra,36.585,86.167868
2014-03-13,Tungabhadra,30.186,84.66699325
2014-03-14,Tungabhadra,27.043,83.16611850000001
2014-03-15,Tungabhadra,21.153,81.66524375
2014-03-16,Tungabhadra,8.637,80.16436900000001
2014-03-17,Tungabhadra,19.425,78.66349425
2014-03-18,Tungabhadra,54.963,77.1626195
2014-03-19,Tungabhadra,61.561,75.66174475000001
2014-03-20,Tungabhadra,70.056,74.16087
2014-03-21,Tungabhadra,72.604,72.65999525000001
2014-03-22,Tungabhadra,73.341,71.15912050000001
2014-03-23,Tungabhadra,75.04,69.65824575
2014-03-24,Tungabhadra,75.153,68.157371
2014-03-25,Tungabhadra,72.689,66.65649625
2014-03-26,Tungabhadra,72.689,65.15562150000001
2014-03-27,Tungabhadra,76.767,63.65474675
2014-03-28,Tungabhadra,92.256,62.153872000000014
2014-03-29,Tungabhadra,74.303,60.65299725000001
2014-03-30,Tungabhadra,72.491,59.15212250000002
2014-03-31,Tungabhadra,60.57,57.65124775000002
2014-04-01,Tungabhadra,62.505,56.15037300000001
2014-04-02,Tungabhadra,64.44,32.842671
2014-04-03,Tungabhadra,66.375,17.304203
2014-04-04,Tungabhadra,68.31,3.884617
2014-04-05,Tungabhadra,70.245,2.4720290000000005
2014-04-06,Tungabhadra,72.18,8.122381
2014-04-07,Tungabhadra,69.982,13.772733
2014-04-08,Tungabhadra,67.785,95.34969
2014-04-09,Tungabhadra,65.587,100.293748
2014-04-10,Tungabhadra,63.39,100.646895
2014-04-11,Tungabhadra,61.193,100.646895
2014-04-12,Tungabhadra,58.995,85.461574
2014-04-13,Tungabhadra,56.798,83.86311915789476
2014-04-14,Tungabhadra,54.601,82.26466431578947
2014-04-15,Tungabhadra,52.403,80.6662094736842
2014-04-16,Tungabhadra,50.206,79.06775463157896
2014-04-17,Tungabhadra,48.008,77.4692997894737
2014-04-18,Tungabhadra,45.811,75.87084494736843
2014-04-19,Tungabhadra,43.614,74.27239010526316
2014-04-20,Tungabhadra,41.416,72.6739352631579
2014-04-21,Tungabhadra,39.219,71.07548042105265
2014-04-22,Tungabhadra,37.021,69.47702557894739
2014-04-23,Tungabhadra,34.824,67.87857073684211
2014-04-24,Tungabhadra,32.627,66.28011589473684
2014-04-25,Tungabhadra,30.429,64.68166105263158
2014-04-26,Tungabhadra,28.232,63.08320621052632
2014-04-27,Tungabhadra,26.035,61.48475136842106
2014-04-28,Tungabhadra,23.837,59.88629652631578
2014-04-29,Tungabhadra,21.64,58.28784168421053
2014-04-30,Tungabhadra,19.442,56.68938684210527
2014-05-01,Tungabhadra,17.245,55.090932
2014-05-02,Tungabhadra,17.387,32.136377
2014-05-03,Tungabhadra,15.489,16.597909
2014-05-04,Tungabhadra,26.505,3.531470000000001
2014-05-05,Tungabhadra,26.788,2.4720290000000005
2014-05-06,Tungabhadra,54.113,8.122381
2014-05-07,Tungabhadra,56.52,13.772733
2014-05-08,Tungabhadra,58.304,91.81822
2014-05-09,Tungabhadra,110.322,100.293748
2014-05-10,Tungabhadra,116.58,101.000042
2014-05-11,Tungabhadra,182.276,99.94060100000002
2014-05-12,Tungabhadra,325.842,84.75528
2014-05-13,Tungabhadra,261.662,83.23674790000001
2014-05-14,Tungabhadra,197.482,81.71821580000001
2014-05-15,Tungabhadra,75.663,80.1996837
2014-05-16,Tungabhadra,56.351,78.6811516
2014-05-17,Tungabhadra,39.983,77.1626195
2014-05-18,Tungabhadra,27.354,75.6440874
2014-05-19,Tungabhadra,17.868,74.12555530000002
2014-05-20,Tungabhadra,16.254,72.6070232
2014-05-21,Tungabhadra,14.838,71.0884911
2014-05-22,Tungabhadra,24.324,69.569959
2014-05-23,Tungabhadra,23.984,68.05142690000001
2014-05-24,Tungabhadra,29.733,66.5328948
2014-05-25,Tungabhadra,26.278,65.0143627
2014-05-26,Tungabhadra,26.986,63.495830600000005
2014-05-27,Tungabhadra,43.891,61.9772985
2014-05-28,Tungabhadra,25.315,60.45876640000001
2014-05-29,Tungabhadra,21.492,58.94023430000001
2014-05-30,Tungabhadra,17.471,57.4217022
2014-05-31,Tungabhadra,20.416,55.90317010000001
2014-06-01,Tungabhadra,33.442,54.384638
2014-06-02,Tungabhadra,16.197,31.430083000000003
2014-06-03,Tungabhadra,10.732,15.891615000000002
2014-06-04,Tungabhadra,12.431,3.178323
2014-06-05,Tungabhadra,30.526,2.8251760000000004
2014-06-06,Tungabhadra,41.456,8.122381
2014-06-07,Tungabhadra,113.805,13.772733
2014-06-08,Tungabhadra,78.098,89.69933800000001
2014-06-09,Tungabhadra,93.191,100.293748
2014-06-10,Tungabhadra,94.012,101.000042
2014-06-11,Tungabhadra,44.316,99.234307
2014-06-12,Tungabhadra,17.84,84.402133
2014-06-13,Tungabhadra,8.325,82.7665047894737
2014-06-14,Tungabhadra,8.467,81.13087657894737
2014-06-15,Tungabhadra,33.895,79.49524836842106
2014-06-16,Tungabhadra,32.451,77.85962015789477
2014-06-17,Tungabhadra,9.005,76.22399194736842
2014-06-18,Tungabhadra,5.678,74.58836373684211
2014-06-19,Tungabhadra,2.35,72.95273552631579
2014-06-20,Tungabhadra,2.662,71.31710731578949
2014-06-21,Tungabhadra,2.803,69.68147910526318
2014-06-22,Tungabhadra,3.285,68.04585089473684
2014-06-23,Tungabhadra,3.596,66.41022268421052
2014-06-24,Tungabhadra,3.908,64.7745944736842
2014-06-25,Tungabhadra,39.898,63.1389662631579
2014-06-26,Tungabhadra,371.432,61.503338052631584
2014-06-27,Tungabhadra,321.453,59.86770984210526
2014-06-28,Tungabhadra,352.007,58.23208163157894
2014-06-29,Tungabhadra,143.821,56.59645342105264
2014-06-30,Tungabhadra,96.107,54.96082521052632
2014-07-01,Tungabhadra,48.393,53.325197
2014-07-02,Tungabhadra,53.859,30.723789
2014-07-03,Tungabhadra,29.478,15.538468000000002
2014-07-04,Tungabhadra,28.572,2.8251760000000004
2014-07-05,Tungabhadra,52.669,2.8251760000000004
2014-07-06,Tungabhadra,21.577,8.475528
2014-07-07,Tungabhadra,21.153,13.772733
2014-07-08,Tungabhadra,30.611,91.111926
2014-07-09,Tungabhadra,57.795,100.646895
2014-07-10,Tungabhadra,53.321,101.000042
2014-07-11,Tungabhadra,15.829,98.528013
2014-07-12,Tungabhadra,22.54,83.695839
2014-07-13,Tungabhadra,25.967,82.07136280000002
2014-07-14,Tungabhadra,26.59,80.4468866
2014-07-15,Tungabhadra,56.747,78.82241040000001
2014-07-16,Tungabhadra,735.304,77.1979342
2014-07-17,Tungabhadra,1233.878,75.573458
2014-07-18,Tungabhadra,1049.649,73.9489818
2014-07-19,Tungabhadra,1209.866,72.32450560000001
2014-07-20,Tungabhadra,1111.125,70.70002939999999
2014-07-21,Tungabhadra,1080.797,69.0755532
2014-07-22,Tungabhadra,1717.105,67.451077
2014-07-23,Tungabhadra,1934.38,65.82660080000001
2014-07-24,Tungabhadra,2146.927,64.2021246
2014-07-25,Tungabhadra,1909.603,62.5776484
2014-07-26,Tungabhadra,2630.38,60.9531722
2014-07-27,Tungabhadra,2225.959,59.328696
2014-07-28,Tungabhadra,1836.234,57.7042198
2014-07-29,Tungabhadra,1702.777,56.07974360000001
2014-07-30,Tungabhadra,1392.509,54.4552674
2014-07-31,Tungabhadra,1412.529,52.8307912
2014-08-01,Tungabhadra,1267.094,51.206315
2014-08-02,Tungabhadra,2857.51,30.017495
2014-08-03,Tungabhadra,4361.729,14.832174
2014-08-04,Tungabhadra,4715.916,2.8251760000000004
2014-08-05,Tungabhadra,4100.987,3.178323
2014-08-06,Tungabhadra,3106.896,8.828675
2014-08-07,Tungabhadra,3477.082,14.125880000000002
2014-08-08,Tungabhadra,4341.227,93.583955
2014-08-09,Tungabhadra,4651.835,100.646895
2014-08-10,Tungabhadra,4136.836,101.000042
2014-08-11,Tungabhadra,2114.079,97.821719
2014-08-12,Tungabhadra,1725.232,83.342692
2014-08-13,Tungabhadra,1424.819,81.73587315
2014-08-14,Tungabhadra,1101.016,80.1290543
2014-08-15,Tungabhadra,902.061,78.52223545000001
2014-08-16,Tungabhadra,1301.131,76.9154166
2014-08-17,Tungabhadra,1169.457,75.30859775
2014-08-18,Tungabhadra,914.039,73.70177890000001
2014-08-19,Tungabhadra,686.061,72.09496005000001
2014-08-20,Tungabhadra,585.479,70.4881412
2014-08-21,Tungabhadra,696.028,68.88132235
2014-08-22,Tungabhadra,692.347,67.27450350000001
2014-08-23,Tungabhadra,880.456,65.66768465
2014-08-24,Tungabhadra,1174.554,64.0608658
2014-08-25,Tungabhadra,1534.49,62.45404695
2014-08-26,Tungabhadra,1184.295,60.84722810000001
2014-08-27,Tungabhadra,715.51,59.240409250000006
2014-08-28,Tungabhadra,763.224,57.6335904
2014-08-29,Tungabhadra,719.503,56.02677155000001
2014-08-30,Tungabhadra,439.619,54.4199527
2014-08-31,Tungabhadra,774.862,52.81313385000001
2014-09-01,Tungabhadra,1238.579,51.206315
2014-09-02,Tungabhadra,1415.644,29.311201
2014-09-03,Tungabhadra,1495.469,18.010497
2014-09-04,Tungabhadra,1581.439,2.8251760000000004
2014-09-05,Tungabhadra,1208.535,3.531470000000001
2014-09-06,Tungabhadra,813.09,8.828675
2014-09-07,Tungabhadra,820.679,14.125880000000002
2014-09-08,Tungabhadra,775.117,95.702837
2014-09-09,Tungabhadra,882.353,101.000042
2014-09-10,Tungabhadra,1176.565,101.000042
2014-09-11,Tungabhadra,766.933,97.115425
2014-09-12,Tungabhadra,752.124,82.636398
2014-09-13,Tungabhadra,755.862,80.98218310526315
2014-09-14,Tungabhadra,441.686,79.32796821052632
2014-09-15,Tungabhadra,318.933,77.67375331578947
2014-09-16,Tungabhadra,326.295,76.01953842105262
2014-09-17,Tungabhadra,336.263,74.3653235263158
2014-09-18,Tungabhadra,336.149,72.71110863157895
2014-09-19,Tungabhadra,335.13,71.0568937368421
2014-09-20,Tungabhadra,251.963,69.40267884210526
2014-09-21,Tungabhadra,204.957,67.74846394736842
2014-09-22,Tungabhadra,205.099,66.09424905263158
2014-09-23,Tungabhadra,201.814,64.44003415789473
2014-09-24,Tungabhadra,194.48,62.7858192631579
2014-09-25,Tungabhadra,196.179,61.13160436842106
2014-09-26,Tungabhadra,199.237,59.47738947368421
2014-09-27,Tungabhadra,207.959,57.82317457894737
2014-09-28,Tungabhadra,259.467,56.168959684210535
2014-09-29,Tungabhadra,314.798,54.51474478947369
2014-09-30,Tungabhadra,425.291,52.86052989473684
2014-10-01,Tungabhadra,623.395,51.206315
2014-10-02,Tungabhadra,762.969,28.958054
2014-10-03,Tungabhadra,980.216,14.479027
2014-10-04,Tungabhadra,769.878,2.4720290000000005
2014-10-05,Tungabhadra,639.621,3.884617
2014-10-06,Tungabhadra,332.043,9.181822
2014-10-07,Tungabhadra,247.348,14.125880000000002
2014-10-08,Tungabhadra,220.956,96.762278
2014-10-09,Tungabhadra,219.257,101.000042
2014-10-10,Tungabhadra,217.558,101.000042
2014-10-11,Tungabhadra,266.631,96.409131
2014-10-12,Tungabhadra,313.156,82.283251
2014-10-13,Tungabhadra,340.453,80.64111745000001
2014-10-14,Tungabhadra,475.78,78.99898390000001
2014-10-15,Tungabhadra,487.814,77.35685035
2014-10-16,Tungabhadra,393.548,75.7147168
2014-10-17,Tungabhadra,308.201,74.07258325000001
2014-10-18,Tungabhadra,238.654,72.43044970000001
2014-10-19,Tungabhadra,236.616,70.78831615000001
2014-10-20,Tungabhadra,122.046,69.1461826
2014-10-21,Tungabhadra,81.128,67.50404905
2014-10-22,Tungabhadra,31.97,65.86191550000001
2014-10-23,Tungabhadra,42.815,64.21978195
2014-10-24,Tungabhadra,44.401,62.5776484
2014-10-25,Tungabhadra,53.009,60.93551485
2014-10-26,Tungabhadra,431.889,59.2933813
2014-10-27,Tungabhadra,326.578,57.65124775
2014-10-28,Tungabhadra,343.398,56.009114200000006
2014-10-29,Tungabhadra,706.788,54.36698065000001
2014-10-30,Tungabhadra,308.201,52.724847100000005
2014-10-31,Tungabhadra,276.033,51.08271355
2014-11-01,Tungabhadra,293.674,49.44058
2014-11-02,Tungabhadra,293.674,28.251760000000004
2014-11-03,Tungabhadra,202.126,14.479027
2014-11-04,Tungabhadra,113.182,2.4720290000000005
2014-11-05,Tungabhadra,68.244,4.237764
2014-11-06,Tungabhadra,31.602,9.181822
2014-11-07,Tungabhadra,20.501,14.479027
2014-11-08,Tungabhadra,18.717,97.821719
2014-11-09,Tungabhadra,5.975,101.000042
2014-11-10,Tungabhadra,11.893,101.000042
2014-11-11,Tungabhadra,10.675,95.702837
2014-11-12,Tungabhadra,24.296,81.57695700000001
2014-11-13,Tungabhadra,17.556,79.84839536842105
2014-11-14,Tungabhadra,39.304,78.11983373684211
2014-11-15,Tungabhadra,47.204,76.39127210526316
2014-11-16,Tungabhadra,72.633,74.6627104736842
2014-11-17,Tungabhadra,116.609,72.93414884210526
2014-11-18,Tungabhadra,267.594,71.20558721052632
2014-11-19,Tungabhadra,162.567,69.47702557894739
2014-11-20,Tungabhadra,125.585,67.74846394736842
2014-11-21,Tungabhadra,54.765,66.01990231578948
2014-11-22,Tungabhadra,64.987,64.29134068421052
2014-11-23,Tungabhadra,54.708,62.562779052631576
2014-11-24,Tungabhadra,41.343,60.83421742105263
2014-11-25,Tungabhadra,31.233,59.10565578947368
2014-11-26,Tungabhadra,21.096,57.377094157894746
2014-11-27,Tungabhadra,32.932,55.64853252631579
2014-11-28,Tungabhadra,13.564,53.91997089473685
2014-11-29,Tungabhadra,12.006,52.19140926315789
2014-11-30,Tungabhadra,11.978,50.46284763157894
2014-12-01,Tungabhadra,1.926,48.734286
2014-12-02,Tungabhadra,13.394,27.545466
2014-12-03,Tungabhadra,37.237,14.125880000000002
2014-12-04,Tungabhadra,56.435,2.4720290000000005
2014-12-05,Tungabhadra,25.683,5.297205
2014-12-06,Tungabhadra,25.712,9.534969000000002
2014-12-07,Tungabhadra,25.74,14.479027
2014-12-08,Tungabhadra,25.74,98.528013
2014-12-09,Tungabhadra,26.476,101.000042
2014-12-10,Tungabhadra,20.36,101.000042
2014-12-11,Tungabhadra,27.835,94.996543
2014-12-12,Tungabhadra,25.825,80.87066300000001
2014-12-13,Tungabhadra,12.997,80.30562780000001
2014-12-14,Tungabhadra,25.485,79.7405926
2014-12-15,Tungabhadra,27.609,79.1755574
2014-12-16,Tungabhadra,25.995,78.6105222
2014-12-17,Tungabhadra,26.023,78.04548700000001
2014-12-18,Tungabhadra,26.051,77.4804518
2014-12-19,Tungabhadra,26.646,76.9154166
2014-12-20,Tungabhadra,22.937,76.3503814
2014-12-21,Tungabhadra,27.467,75.7853462
2014-12-22,Tungabhadra,25.259,75.220311
2014-12-23,Tungabhadra,30.752,74.6552758
2014-12-24,Tungabhadra,28.317,74.0902406
2014-12-25,Tungabhadra,31.12,73.5252054
2014-12-26,Tungabhadra,30.695,72.9601702
2014-12-27,Tungabhadra,32.253,72.395135
2014-12-28,Tungabhadra,29.591,71.8300998
2014-12-29,Tungabhadra,29.648,71.2650646
2014-12-30,Tungabhadra,29.676,70.70002939999999
2014-12-31,Tungabhadra,29.733,70.13499420000001
2015-01-01,Tungabhadra,29.646,69.569959
2015-01-02,Tungabhadra,29.558,45.555963000000006
2015-01-03,Tungabhadra,29.471,25.779731
2015-01-04,Tungabhadra,29.384,7.062940000000001
2015-01-05,Tungabhadra,29.297,20.482526
2015-01-06,Tungabhadra,29.21,54.384638
2015-01-07,Tungabhadra,29.123,104.884659
2015-01-08,Tungabhadra,29.036,63.919607000000006
2015-01-09,Tungabhadra,28.949,75.926605
2015-01-10,Tungabhadra,28.861,69.923106
2015-01-11,Tungabhadra,28.774,57.916108
2015-01-12,Tungabhadra,28.687,39.19931700000001
2015-01-13,Tungabhadra,28.6,40.6825344
2015-01-14,Tungabhadra,30.004,42.16575180000001
2015-01-15,Tungabhadra,31.408,43.6489692
2015-01-16,Tungabhadra,32.812,45.1321866
2015-01-17,Tungabhadra,34.216,46.615404000000005
2015-01-18,Tungabhadra,35.62,48.098621400000006
2015-01-19,Tungabhadra,37.024,49.5818388
2015-01-20,Tungabhadra,38.427,51.0650562
2015-01-21,Tungabhadra,39.831,52.5482736
2015-01-22,Tungabhadra,41.235,54.031491
2015-01-23,Tungabhadra,42.639,55.5147084
2015-01-24,Tungabhadra,44.043,56.9979258
2015-01-25,Tungabhadra,45.447,58.4811432
2015-01-26,Tungabhadra,46.851,59.9643606
2015-01-27,Tungabhadra,48.255,61.447578
2015-01-28,Tungabhadra,49.659,62.93079540000001
2015-01-29,Tungabhadra,51.063,64.41401280000001
2015-01-30,Tungabhadra,52.467,65.89723020000001
2015-01-31,Tungabhadra,53.871,67.3804476
2015-02-01,Tungabhadra,55.274,68.863665
2015-02-02,Tungabhadra,58.304,44.849669000000006
2015-02-03,Tungabhadra,57.398,25.073437
2015-02-04,Tungabhadra,58.446,0.0
2015-02-05,Tungabhadra,54.283,20.482526
2015-02-06,Tungabhadra,64.138,56.15037300000001
2015-02-07,Tungabhadra,64.251,104.884659
2015-02-08,Tungabhadra,64.138,63.919607000000006
2015-02-09,Tungabhadra,63.345,75.573458
2015-02-10,Tungabhadra,62.524,69.216812
2015-02-11,Tungabhadra,54.821,57.916108
2015-02-12,Tungabhadra,54.906,38.84617000000001
2015-02-13,Tungabhadra,52.33,40.57035829411765
2015-02-14,Tungabhadra,52.33,42.2945465882353
2015-02-15,Tungabhadra,52.414,44.01873488235295
2015-02-16,Tungabhadra,52.698,45.7429231764706
2015-02-17,Tungabhadra,54.255,47.46711147058824
2015-02-18,Tungabhadra,52.868,49.19129976470589
2015-02-19,Tungabhadra,51.282,50.915488058823534
2015-02-20,Tungabhadra,51.65,52.63967635294119
2015-02-21,Tungabhadra,0.879,54.36386464705883
2015-02-22,Tungabhadra,51.282,56.08805294117648
2015-02-23,Tungabhadra,51.31,57.81224123529413
2015-02-24,Tungabhadra,50.97,59.53642952941177
2015-02-25,Tungabhadra,51.112,61.260617823529415
2015-02-26,Tungabhadra,45.618,62.98480611764706
2015-02-27,Tungabhadra,45.703,64.70899441176469
2015-02-28,Tungabhadra,44.656,66.43318270588236
2015-03-01,Tungabhadra,43.013,68.157371
2015-03-02,Tungabhadra,48.478,44.496522000000006
2015-03-03,Tungabhadra,49.073,24.367143
2015-03-04,Tungabhadra,47.629,6.003499000000001
2015-03-05,Tungabhadra,45.788,20.482526
2015-03-06,Tungabhadra,46.921,57.20981400000001
2015-03-07,Tungabhadra,48.167,104.884659
2015-03-08,Tungabhadra,49.413,64.272754
2015-03-09,Tungabhadra,28.968,75.220311
2015-03-10,Tungabhadra,35.311,68.510518
2015-03-11,Tungabhadra,35.226,56.85666700000001
2015-03-12,Tungabhadra,32.819,38.13987600000001
2015-03-13,Tungabhadra,31.531,39.60543605000001
2015-03-14,Tungabhadra,30.242,41.0709961
2015-03-15,Tungabhadra,30.101,42.53655615
2015-03-16,Tungabhadra,30.016,44.0021162
2015-03-17,Tungabhadra,31.46,45.46767625
2015-03-18,Tungabhadra,33.216,46.9332363
2015-03-19,Tungabhadra,31.347,48.398796350000005
2015-03-20,Tungabhadra,32.055,49.8643564
2015-03-21,Tungabhadra,33.074,51.329916450000006
2015-03-22,Tungabhadra,38.851,52.79547650000001
2015-03-23,Tungabhadra,41.286,54.26103655
2015-03-24,Tungabhadra,41.852,55.7265966
2015-03-25,Tungabhadra,42.504,57.19215665
2015-03-26,Tungabhadra,43.891,58.6577167
2015-03-27,Tungabhadra,48.762,60.12327675
2015-03-28,Tungabhadra,51.253,61.5888368
2015-03-29,Tungabhadra,53.745,63.05439685
2015-03-30,Tungabhadra,57.936,64.5199569
2015-03-31,Tungabhadra,62.382,65.98551695
2015-04-01,Tungabhadra,72.519,67.451077
2015-04-02,Tungabhadra,73.256,43.790228
2015-04-03,Tungabhadra,76.512,23.660849
2015-04-04,Tungabhadra,76.909,5.297205
2015-04-05,Tungabhadra,78.041,20.482526
2015-04-06,Tungabhadra,69.362,5.650352000000001
2015-04-07,Tungabhadra,60.683,104.884659
2015-04-08,Tungabhadra,36.614,64.272754
2015-04-09,Tungabhadra,25.259,74.867164
2015-04-10,Tungabhadra,61.504,67.804224
2015-04-11,Tungabhadra,31.97,55.79722600000001
2015-04-12,Tungabhadra,9.514,37.786729
2015-04-13,Tungabhadra,5.069,39.310837105263154
2015-04-14,Tungabhadra,3.625,40.83494521052632
2015-04-15,Tungabhadra,5.777,42.359053315789474
2015-04-16,Tungabhadra,5.947,43.88316142105263
2015-04-17,Tungabhadra,3.794,45.407269526315794
2015-04-18,Tungabhadra,3.936,46.93137763157896
2015-04-19,Tungabhadra,3.823,48.45548573684211
2015-04-20,Tungabhadra,4.842,49.97959384210527
2015-04-21,Tungabhadra,5.168,51.50370194736843
2015-04-22,Tungabhadra,5.493,53.02781005263159
2015-04-23,Tungabhadra,5.38,54.55191815789474
2015-04-24,Tungabhadra,5.38,56.0760262631579
2015-04-25,Tungabhadra,5.55,57.60013436842105
2015-04-26,Tungabhadra,5.578,59.12424247368422
2015-04-27,Tungabhadra,6.428,60.648350578947365
2015-04-28,Tungabhadra,6.23,62.172458684210525
2015-04-29,Tungabhadra,6.031,63.69656678947369
2015-04-30,Tungabhadra,5.997,65.22067489473683
2015-05-01,Tungabhadra,5.962,66.744783
2015-05-02,Tungabhadra,5.927,43.083934
2015-05-03,Tungabhadra,5.893,22.954555000000003
2015-05-04,Tungabhadra,5.858,4.590911
2015-05-05,Tungabhadra,5.823,20.482526
2015-05-06,Tungabhadra,5.789,58.975549
2015-05-07,Tungabhadra,5.754,104.884659
2015-05-08,Tungabhadra,5.719,64.272754
2015-05-09,Tungabhadra,5.684,74.514017
2015-05-10,Tungabhadra,5.65,68.863665
2015-05-11,Tungabhadra,5.615,54.737785
2015-05-12,Tungabhadra,5.58,37.080435
2015-05-13,Tungabhadra,5.546,38.5283377
2015-05-14,Tungabhadra,5.511,39.9762404
2015-05-15,Tungabhadra,5.476,41.4241431
2015-05-16,Tungabhadra,5.441,42.8720458
2015-05-17,Tungabhadra,5.407,44.3199485
2015-05-18,Tungabhadra,5.372,45.7678512
2015-05-19,Tungabhadra,5.337,47.21575390000001
2015-05-20,Tungabhadra,5.303,48.6636566
2015-05-21,Tungabhadra,5.268,50.1115593
2015-05-22,Tungabhadra,5.233,51.55946200000001
2015-05-23,Tungabhadra,5.198,53.0073647
2015-05-24,Tungabhadra,5.164,54.45526740000002
2015-05-25,Tungabhadra,5.129,55.90317010000001
2015-05-26,Tungabhadra,5.094,57.3510728
2015-05-27,Tungabhadra,5.06,58.798975500000005
2015-05-28,Tungabhadra,5.025,60.24687820000001
2015-05-29,Tungabhadra,4.99,61.694780900000005
2015-05-30,Tungabhadra,4.955,63.14268360000002
2015-05-31,Tungabhadra,4.921,64.5905863
2015-06-01,Tungabhadra,4.886,66.03848900000001
2015-06-02,Tungabhadra,4.851,42.37764
2015-06-03,Tungabhadra,4.817,22.601408000000003
2015-06-04,Tungabhadra,4.782,4.237764
2015-06-05,Tungabhadra,4.747,20.482526
2015-06-06,Tungabhadra,4.712,60.03499
2015-06-07,Tungabhadra,4.678,104.884659
2015-06-08,Tungabhadra,4.643,64.62590100000001
2015-06-09,Tungabhadra,4.608,73.807723
2015-06-10,Tungabhadra,4.574,69.923106
2015-06-11,Tungabhadra,4.539,54.031491
2015-06-12,Tungabhadra,4.504,36.374141
2015-06-13,Tungabhadra,4.469,37.87966242105263
2015-06-14,Tungabhadra,4.435,39.38518384210527
2015-06-15,Tungabhadra,4.4,40.8907052631579
2015-06-16,Tungabhadra,4.365,42.396226684210525
2015-06-17,Tungabhadra,4.331,43.90174810526317
2015-06-18,Tungabhadra,4.296,45.407269526315794
2015-06-19,Tungabhadra,4.261,46.91279094736842
2015-06-20,Tungabhadra,4.227,48.41831236842106
2015-06-21,Tungabhadra,4.192,49.9238337894737
2015-06-22,Tungabhadra,4.157,51.42935521052632
2015-06-23,Tungabhadra,4.122,52.93487663157895
2015-06-24,Tungabhadra,4.088,54.44039805263159
2015-06-25,Tungabhadra,4.053,55.94591947368421
2015-06-26,Tungabhadra,4.018,57.451440894736855
2015-06-27,Tungabhadra,3.984,58.95696231578948
2015-06-28,Tungabhadra,3.949,60.46248373684211
2015-06-29,Tungabhadra,3.914,61.96800515789474
2015-06-30,Tungabhadra,3.879,63.47352657894737
2015-07-01,Tungabhadra,3.845,64.979048
2015-07-02,Tungabhadra,3.81,41.671346
2015-07-03,Tungabhadra,3.775,21.895114
2015-07-04,Tungabhadra,3.741,3.531470000000001
2015-07-05,Tungabhadra,3.706,20.482526
2015-07-06,Tungabhadra,3.671,60.741284
2015-07-07,Tungabhadra,3.636,104.884659
2015-07-08,Tungabhadra,3.602,64.62590100000001
2015-07-09,Tungabhadra,3.567,73.807723
2015-07-10,Tungabhadra,3.532,70.982547
2015-07-11,Tungabhadra,3.498,54.031491
2015-07-12,Tungabhadra,3.463,35.667847
2015-07-13,Tungabhadra,3.428,37.09809235
2015-07-14,Tungabhadra,3.393,38.5283377
2015-07-15,Tungabhadra,3.359,39.95858305
2015-07-16,Tungabhadra,3.324,41.38882840000001
2015-07-17,Tungabhadra,3.289,42.81907375
2015-07-18,Tungabhadra,3.255,44.2493191
2015-07-19,Tungabhadra,3.22,45.67956445000001
2015-07-20,Tungabhadra,3.185,47.10980980000001
2015-07-21,Tungabhadra,3.15,48.54005515000001
2015-07-22,Tungabhadra,3.116,49.97030050000001
2015-07-23,Tungabhadra,3.081,51.40054585
2015-07-24,Tungabhadra,3.046,52.8307912
2015-07-25,Tungabhadra,3.012,54.26103655000001
2015-07-26,Tungabhadra,2.977,55.6912819
2015-07-27,Tungabhadra,2.942,57.12152725000001
2015-07-28,Tungabhadra,2.908,58.5517726
2015-07-29,Tungabhadra,2.873,59.98201795
2015-07-30,Tungabhadra,2.838,61.412263300000006
2015-07-31,Tungabhadra,2.803,62.842508650000006
2015-08-01,Tungabhadra,2.769,64.272754
2015-08-02,Tungabhadra,2.734,40.611905
2015-08-03,Tungabhadra,2.699,21.18882
2015-08-04,Tungabhadra,2.665,3.178323
2015-08-05,Tungabhadra,2.63,20.482526
2015-08-06,Tungabhadra,2.595,61.447578
2015-08-07,Tungabhadra,2.56,104.884659
2015-08-08,Tungabhadra,2.526,65.33219500000001
2015-08-09,Tungabhadra,2.491,73.807723
2015-08-10,Tungabhadra,2.456,72.041988
2015-08-11,Tungabhadra,2.422,53.678344
2015-08-12,Tungabhadra,2.387,35.3147
2015-08-13,Tungabhadra,2.352,36.727288
2015-08-14,Tungabhadra,2.317,38.13987600000001
2015-08-15,Tungabhadra,2.283,39.55246400000001
2015-08-16,Tungabhadra,2.248,40.965052
2015-08-17,Tungabhadra,2.213,42.37764
2015-08-18,Tungabhadra,2.179,43.790228
2015-08-19,Tungabhadra,2.144,45.202816000000006
2015-08-20,Tungabhadra,2.109,46.615404000000005
2015-08-21,Tungabhadra,2.074,48.027992000000005
2015-08-22,Tungabhadra,2.04,49.44058
2015-08-23,Tungabhadra,2.005,50.853168
2015-08-24,Tungabhadra,1.97,52.265756
2015-08-25,Tungabhadra,1.936,53.678344
2015-08-26,Tungabhadra,1.901,55.090932
2015-08-27,Tungabhadra,1.866,56.50352000000001
2015-08-28,Tungabhadra,1.831,57.916108
2015-08-29,Tungabhadra,1.797,59.32869600000001
2015-08-30,Tungabhadra,1.762,60.74128400000001
2015-08-31,Tungabhadra,1.727,62.153872000000014
2015-09-01,Tungabhadra,1.693,63.566460000000006
2015-09-02,Tungabhadra,1.658,39.905611
2015-09-03,Tungabhadra,1.623,20.482526
2015-09-04,Tungabhadra,1.588,3.178323
2015-09-05,Tungabhadra,1.554,20.129379
2015-09-06,Tungabhadra,1.519,63.566460000000006
2015-09-07,Tungabhadra,1.484,32.489524
2015-09-08,Tungabhadra,1.45,66.744783
2015-09-09,Tungabhadra,1.415,73.454576
2015-09-10,Tungabhadra,1.38,73.101429
2015-09-11,Tungabhadra,1.346,52.97205
2015-09-12,Tungabhadra,1.311,34.608406
2015-09-13,Tungabhadra,1.276,36.07675405263159
2015-09-14,Tungabhadra,1.241,37.54510210526316
2015-09-15,Tungabhadra,1.207,39.013450157894745
2015-09-16,Tungabhadra,1.172,40.48179821052632
2015-09-17,Tungabhadra,1.137,41.95014626315789
2015-09-18,Tungabhadra,1.103,43.41849431578948
2015-09-19,Tungabhadra,1.068,44.88684236842106
2015-09-20,Tungabhadra,1.033,46.35519042105263
2015-09-21,Tungabhadra,0.998,47.823538473684216
2015-09-22,Tungabhadra,0.964,49.2918865263158
2015-09-23,Tungabhadra,0.929,50.760234578947376
2015-09-24,Tungabhadra,0.894,52.22858263157895
2015-09-25,Tungabhadra,0.86,53.69693068421052
2015-09-26,Tungabhadra,0.825,55.16527873684211
2015-09-27,Tungabhadra,0.79,56.63362678947369
2015-09-28,Tungabhadra,0.755,58.101974842105264
2015-09-29,Tungabhadra,0.721,59.57032289473685
2015-09-30,Tungabhadra,0.686,61.03867094736843
2015-10-01,Tungabhadra,0.651,62.50701900000001
2015-10-02,Tungabhadra,10.251,39.19931700000001
2015-10-03,Tungabhadra,27.184,19.776232000000004
2015-10-04,Tungabhadra,48.309,29.311201
2015-10-05,Tungabhadra,484.558,20.129379
2015-10-06,Tungabhadra,527.458,64.62590100000001
2015-10-07,Tungabhadra,456.434,59.681843
2015-10-08,Tungabhadra,385.409,68.157371
2015-10-09,Tungabhadra,314.385,73.454576
2015-10-10,Tungabhadra,243.361,73.454576
2015-10-11,Tungabhadra,172.336,52.265756
2015-10-12,Tungabhadra,121.394,33.902112
2015-10-13,Tungabhadra,111.144,35.2793853
2015-10-14,Tungabhadra,97.247,36.6566586
2015-10-15,Tungabhadra,83.351,38.0339319
2015-10-16,Tungabhadra,69.454,39.411205200000005
2015-10-17,Tungabhadra,55.558,40.7884785
2015-10-18,Tungabhadra,33.697,42.1657518
2015-10-19,Tungabhadra,14.498,43.54302510000001
2015-10-20,Tungabhadra,1.529,44.9202984
2015-10-21,Tungabhadra,9.231,46.2975717
2015-10-22,Tungabhadra,8.014,47.674845000000005
2015-10-23,Tungabhadra,18.066,49.0521183
2015-10-24,Tungabhadra,41.144,50.4293916
2015-10-25,Tungabhadra,49.016,51.80666490000001
2015-10-26,Tungabhadra,52.542,53.1839382
2015-10-27,Tungabhadra,56.067,54.5612115
2015-10-28,Tungabhadra,52.528,55.938484800000005
2015-10-29,Tungabhadra,56.535,57.3157581
2015-10-30,Tungabhadra,60.541,58.6930314
2015-10-31,Tungabhadra,59.522,60.07030470000001
2015-11-01,Tungabhadra,67.479,61.447578
2015-11-02,Tungabhadra,68.583,38.49302300000001
2015-11-03,Tungabhadra,69.206,19.069938000000004
2015-11-04,Tungabhadra,69.376,25.426584
2015-11-05,Tungabhadra,68.555,20.129379
2015-11-06,Tungabhadra,136.714,65.33219500000001
2015-11-07,Tungabhadra,119.293,60.388137
2015-11-08,Tungabhadra,101.873,69.569959
2015-11-09,Tungabhadra,84.452,74.16087
2015-11-10,Tungabhadra,67.032,73.454576
2015-11-11,Tungabhadra,49.611,51.559462
2015-11-12,Tungabhadra,33.131,33.195818
2015-11-13,Tungabhadra,32.961,34.645579368421046
2015-11-14,Tungabhadra,32.281,36.0953407368421
2015-11-15,Tungabhadra,31.602,37.54510210526316
2015-11-16,Tungabhadra,30.922,38.99486347368421
2015-11-17,Tungabhadra,30.242,40.44462484210526
2015-11-18,Tungabhadra,21.662,41.89438621052632
2015-11-19,Tungabhadra,21.662,43.34414757894737
2015-11-20,Tungabhadra,5.635,44.79390894736842
2015-11-21,Tungabhadra,15.744,46.24367031578948
2015-11-22,Tungabhadra,27.241,47.69343168421052
2015-11-23,Tungabhadra,38.794,49.14319305263158
2015-11-24,Tungabhadra,36.132,50.59295442105264
2015-11-25,Tungabhadra,27.184,52.04271578947369
2015-11-26,Tungabhadra,30.058,53.49247715789474
2015-11-27,Tungabhadra,32.932,54.94223852631579
2015-11-28,Tungabhadra,34.093,56.39199989473684
2015-11-29,Tungabhadra,37.718,57.8417612631579
2015-11-30,Tungabhadra,41.343,59.29152263157896
2015-12-01,Tungabhadra,42.872,60.741284
2015-12-02,Tungabhadra,38.936,37.786729
2015-12-03,Tungabhadra,0.51,18.363644
2015-12-04,Tungabhadra,26.873,27.192319
2015-12-05,Tungabhadra,42.305,21.895114
2015-12-06,Tungabhadra,43.636,65.33219500000001
2015-12-07,Tungabhadra,46.638,61.447578
2015-12-08,Tungabhadra,49.639,70.276253
2015-12-09,Tungabhadra,52.641,74.514017
2015-12-10,Tungabhadra,55.643,73.101429
2015-12-11,Tungabhadra,58.644,50.500021
2015-12-12,Tungabhadra,55.105,32.489524
2015-12-13,Tungabhadra,54.425,31.995118200000004
2015-12-14,Tungabhadra,54.198,31.5007124
2015-12-15,Tungabhadra,53.972,31.0063066
2015-12-16,Tungabhadra,53.745,30.511900800000003
2015-12-17,Tungabhadra,53.519,30.017495000000004
2015-12-18,Tungabhadra,46.468,29.523089200000005
2015-12-19,Tungabhadra,43.41,29.02868340000001
2015-12-20,Tungabhadra,41.881,28.534277600000003
2015-12-21,Tungabhadra,41.852,28.039871800000004
2015-12-22,Tungabhadra,42.589,27.545466
2015-12-23,Tungabhadra,52.245,27.0510602
2015-12-24,Tungabhadra,60.032,26.556654400000003
2015-12-25,Tungabhadra,63.656,26.0622486
2015-12-26,Tungabhadra,71.061,25.5678428
2015-12-27,Tungabhadra,78.466,25.07343700000001
2015-12-28,Tungabhadra,79.202,24.579031200000003
2015-12-29,Tungabhadra,62.155,24.084625400000004
2015-12-30,Tungabhadra,45.109,23.5902196
2015-12-31,Tungabhadra,50.942,23.0958138
2016-01-01,Tungabhadra,59.777,22.601408000000003
2016-01-02,Tungabhadra,66.63,10.241263
2016-01-03,Tungabhadra,56.152,8.122381
2016-01-04,Tungabhadra,54.198,5.650352000000001
2016-01-05,Tungabhadra,49.979,24.013996
2016-01-06,Tungabhadra,45.817,12.006998
2016-01-07,Tungabhadra,45.975,17.65735
2016-01-08,Tungabhadra,46.134,40.611905
2016-01-09,Tungabhadra,46.292,50.500021
2016-01-10,Tungabhadra,46.451,45.202816000000006
2016-01-11,Tungabhadra,46.61,21.895114
2016-01-12,Tungabhadra,38.369,9.888116000000002
2016-01-13,Tungabhadra,38.369,10.50612325
2016-01-14,Tungabhadra,33.931,11.1241305
2016-01-15,Tungabhadra,29.492,11.74213775
2016-01-16,Tungabhadra,25.053,12.360145
2016-01-17,Tungabhadra,20.615,12.97815225
2016-01-18,Tungabhadra,18.038,13.5961595
2016-01-19,Tungabhadra,16.197,14.214166750000002
2016-01-20,Tungabhadra,15.065,14.832174
2016-01-21,Tungabhadra,17.613,15.45018125
2016-01-22,Tungabhadra,19.992,16.0681885
2016-01-23,Tungabhadra,19.793,16.68619575
2016-01-24,Tungabhadra,20.785,17.304203
2016-01-25,Tungabhadra,20.275,17.922210250000003
2016-01-26,Tungabhadra,20.275,18.5402175
2016-01-27,Tungabhadra,20.275,19.15822475
2016-01-28,Tungabhadra,20.133,19.776232000000004
2016-01-29,Tungabhadra,19.709,20.39423925
2016-01-30,Tungabhadra,19.284,21.0122465
2016-01-31,Tungabhadra,16.962,21.63025375
2016-02-01,Tungabhadra,12.658,22.248261000000003
2016-02-02,Tungabhadra,6.994,10.241263
2016-02-03,Tungabhadra,9.543,8.122381
2016-02-04,Tungabhadra,7.023,5.650352000000001
2016-02-05,Tungabhadra,7.051,23.660849
2016-02-06,Tungabhadra,7.391,12.006998
2016-02-07,Tungabhadra,7.685,18.716791
2016-02-08,Tungabhadra,7.98,40.611905
2016-02-09,Tungabhadra,8.274,50.146874
2016-02-10,Tungabhadra,8.569,45.909110000000005
2016-02-11,Tungabhadra,8.863,20.835673
2016-02-12,Tungabhadra,8.948,9.888116000000002
2016-02-13,Tungabhadra,9.345,10.535552166666664
2016-02-14,Tungabhadra,9.203,11.182988333333336
2016-02-15,Tungabhadra,9.061,11.8304245
2016-02-16,Tungabhadra,8.92,12.477860666666665
2016-02-17,Tungabhadra,8.778,13.125296833333335
2016-02-18,Tungabhadra,10.817,13.772733
2016-02-19,Tungabhadra,10.222,14.420169166666668
2016-02-20,Tungabhadra,9.939,15.067605333333333
2016-02-21,Tungabhadra,9.939,15.715041500000002
2016-02-22,Tungabhadra,9.968,16.36247766666667
2016-02-23,Tungabhadra,9.684,17.009913833333336
2016-02-24,Tungabhadra,9.713,17.65735
2016-02-25,Tungabhadra,10.024,18.304786166666663
2016-02-26,Tungabhadra,11.171,18.95222233333333
2016-02-27,Tungabhadra,12.318,19.5996585
2016-02-28,Tungabhadra,13.705,20.247094666666666
2016-02-29,Tungabhadra,13.535,20.89453083333333
2016-03-01,Tungabhadra,13.366,21.541967
2016-03-02,Tungabhadra,13.394,9.888116000000002
2016-03-03,Tungabhadra,14.668,8.122381
2016-03-04,Tungabhadra,16.395,5.650352000000001
2016-03-05,Tungabhadra,16.424,23.307702000000003
2016-03-06,Tungabhadra,14.951,12.006998
2016-03-07,Tungabhadra,14.208,19.423085000000004
2016-03-08,Tungabhadra,13.465,40.258758
2016-03-09,Tungabhadra,12.721,49.44058
2016-03-10,Tungabhadra,11.978,46.615404000000005
2016-03-11,Tungabhadra,12.006,19.776232000000004
2016-03-12,Tungabhadra,0.0,9.888116000000002
2016-03-13,Tungabhadra,11.525,10.43549385
2016-03-14,Tungabhadra,10.251,10.9828717
2016-03-15,Tungabhadra,8.976,11.53024955
2016-03-16,Tungabhadra,7.702,12.0776274
2016-03-17,Tungabhadra,6.428,12.62500525
2016-03-18,Tungabhadra,8.58,13.1723831
2016-03-19,Tungabhadra,8.099,13.71976095
2016-03-20,Tungabhadra,10.024,14.2671388
2016-03-21,Tungabhadra,9.798,14.81451665
2016-03-22,Tungabhadra,10.081,15.3618945
2016-03-23,Tungabhadra,10.109,15.909272350000002
2016-03-24,Tungabhadra,10.364,16.4566502
2016-03-25,Tungabhadra,9.769,17.00402805
2016-03-26,Tungabhadra,10.732,17.551405900000002
2016-03-27,Tungabhadra,11.695,18.09878375
2016-03-28,Tungabhadra,12.516,18.646161600000003
2016-03-29,Tungabhadra,14.215,19.19353945
2016-03-30,Tungabhadra,15.914,19.7409173
2016-03-31,Tungabhadra,15.659,20.288295150000003
2016-04-01,Tungabhadra,17.217,20.835673
2016-04-02,Tungabhadra,18.944,9.888116000000002
2016-04-03,Tungabhadra,19.171,8.122381
2016-04-04,Tungabhadra,17.585,5.297205
2016-04-05,Tungabhadra,18.293,22.954555000000003
2016-04-06,Tungabhadra,18.236,12.360145
2016-04-07,Tungabhadra,17.691,20.835673
2016-04-08,Tungabhadra,17.146,40.258758
2016-04-09,Tungabhadra,16.601,48.734286
2016-04-10,Tungabhadra,16.056,46.615404000000005
2016-04-11,Tungabhadra,16.112,18.716791
2016-04-12,Tungabhadra,12.205,9.888116000000002
2016-04-13,Tungabhadra,10.449,10.445716526315788
2016-04-14,Tungabhadra,11.171,11.003317052631578
2016-04-15,Tungabhadra,11.893,11.56091757894737
2016-04-16,Tungabhadra,12.615,12.118518105263158
2016-04-17,Tungabhadra,13.337,12.676118631578948
2016-04-18,Tungabhadra,13.932,13.233719157894734
2016-04-19,Tungabhadra,14.357,13.791319684210524
2016-04-20,Tungabhadra,10.477,14.348920210526316
2016-04-21,Tungabhadra,9.968,14.906520736842104
2016-04-22,Tungabhadra,9.911,15.464121263157894
2016-04-23,Tungabhadra,9.798,16.021721789473684
2016-04-24,Tungabhadra,10.93,16.579322315789472
2016-04-25,Tungabhadra,5.352,17.13692284210526
2016-04-26,Tungabhadra,5.097,17.694523368421052
2016-04-27,Tungabhadra,4.842,18.252123894736844
2016-04-28,Tungabhadra,5.267,18.80972442105263
2016-04-29,Tungabhadra,7.518,19.36732494736842
2016-04-30,Tungabhadra,9.769,19.92492547368421
2016-05-01,Tungabhadra,5.182,20.482526
2016-05-02,Tungabhadra,4.587,9.888116000000002
2016-05-03,Tungabhadra,6.06,7.769234000000001
2016-05-04,Tungabhadra,7.023,5.297205
2016-05-05,Tungabhadra,6.768,22.601408000000003
2016-05-06,Tungabhadra,7.277,13.066439
2016-05-07,Tungabhadra,7.122,21.541967
2016-05-08,Tungabhadra,6.966,39.905611
2016-05-09,Tungabhadra,7.065,48.027992000000005
2016-05-10,Tungabhadra,7.164,46.262257000000005
2016-05-11,Tungabhadra,7.164,17.65735
2016-05-12,Tungabhadra,6.909,9.534969000000002
2016-05-13,Tungabhadra,5.918,10.04703215
2016-05-14,Tungabhadra,5.862,10.5590953
2016-05-15,Tungabhadra,5.805,11.07115845
2016-05-16,Tungabhadra,5.748,11.583221600000002
2016-05-17,Tungabhadra,5.692,12.09528475
2016-05-18,Tungabhadra,5.805,12.6073479
2016-05-19,Tungabhadra,6.909,13.11941105
2016-05-20,Tungabhadra,6.201,13.6314742
2016-05-21,Tungabhadra,7.136,14.14353735
2016-05-22,Tungabhadra,6.541,14.6556005
2016-05-23,Tungabhadra,6.4,15.16766365
2016-05-24,Tungabhadra,6.315,15.6797268
2016-05-25,Tungabhadra,6.447,16.19178995
2016-05-26,Tungabhadra,6.579,16.7038531
2016-05-27,Tungabhadra,6.711,17.21591625
2016-05-28,Tungabhadra,5.89,17.727979400000002
2016-05-29,Tungabhadra,15.829,18.24004255
2016-05-30,Tungabhadra,25.768,18.7521057
2016-05-31,Tungabhadra,22.852,19.264168850000004
2016-06-01,Tungabhadra,20.133,19.776232000000004
2016-06-02,Tungabhadra,8.807,9.888116000000002
2016-06-03,Tungabhadra,7.023,7.769234000000001
2016-06-04,Tungabhadra,19.822,5.297205
2016-06-05,Tungabhadra,28.572,21.895114
2016-06-06,Tungabhadra,30.157,14.125880000000002
2016-06-07,Tungabhadra,28.444,22.601408000000003
2016-06-08,Tungabhadra,26.731,39.55246400000001
2016-06-09,Tungabhadra,53.915,47.321698000000005
2016-06-10,Tungabhadra,73.171,45.555963000000006
2016-06-11,Tungabhadra,103.158,16.951056
2016-06-12,Tungabhadra,108.708,9.534969000000002
2016-06-13,Tungabhadra,59.182,10.055396157894736
2016-06-14,Tungabhadra,83.761,10.575823315789473
2016-06-15,Tungabhadra,68.678,11.096250473684211
2016-06-16,Tungabhadra,53.594,11.616677631578948
2016-06-17,Tungabhadra,38.511,12.137104789473684
2016-06-18,Tungabhadra,31.233,12.657531947368422
2016-06-19,Tungabhadra,25.259,13.177959105263158
2016-06-20,Tungabhadra,13.422,13.698386263157897
2016-06-21,Tungabhadra,13.337,14.218813421052632
2016-06-22,Tungabhadra,13.507,14.73924057894737
2016-06-23,Tungabhadra,11.751,15.259667736842106
2016-06-24,Tungabhadra,10.874,15.780094894736845
2016-06-25,Tungabhadra,12.384,16.30052205263158
2016-06-26,Tungabhadra,13.894,16.820949210526315
2016-06-27,Tungabhadra,15.404,17.341376368421056
2016-06-28,Tungabhadra,15.744,17.861803526315793
2016-06-29,Tungabhadra,20.601,18.38223068421053
2016-06-30,Tungabhadra,25.457,18.902657842105267
2016-07-01,Tungabhadra,19.029,19.423085000000004
2016-07-02,Tungabhadra,493.959,9.888116000000002
2016-07-03,Tungabhadra,664.511,7.769234000000001
2016-07-04,Tungabhadra,895.294,4.944058000000001
2016-07-05,Tungabhadra,893.34,21.541967
2016-07-06,Tungabhadra,891.839,14.479027
2016-07-07,Tungabhadra,1073.789,22.248261000000003
2016-07-08,Tungabhadra,1255.739,39.905611
2016-07-09,Tungabhadra,882.778,46.615404000000005
2016-07-10,Tungabhadra,509.817,45.202816000000006
2016-07-11,Tungabhadra,429.255,16.244762
2016-07-12,Tungabhadra,427.811,9.534969000000002
2016-07-13,Tungabhadra,332.893,9.9940601
2016-07-14,Tungabhadra,321.906,10.4531512
2016-07-15,Tungabhadra,310.919,10.9122423
2016-07-16,Tungabhadra,299.932,11.3713334
2016-07-17,Tungabhadra,288.945,11.8304245
2016-07-18,Tungabhadra,214.132,12.2895156
2016-07-19,Tungabhadra,246.498,12.7486067
2016-07-20,Tungabhadra,253.776,13.2076978
2016-07-21,Tungabhadra,254.625,13.666788900000002
2016-07-22,Tungabhadra,141.075,14.125880000000002
2016-07-23,Tungabhadra,128.927,14.5849711
2016-07-24,Tungabhadra,120.941,15.0440622
2016-07-25,Tungabhadra,154.044,15.5031533
2016-07-26,Tungabhadra,186.24,15.9622444
2016-07-27,Tungabhadra,218.436,16.4213355
2016-07-28,Tungabhadra,220.645,16.8804266
2016-07-29,Tungabhadra,214.854,17.339517700000002
2016-07-30,Tungabhadra,209.063,17.7986088
2016-07-31,Tungabhadra,219.937,18.2576999
2016-08-01,Tungabhadra,187.996,18.716791
2016-08-02,Tungabhadra,165.031,9.888116000000002
2016-08-03,Tungabhadra,157.47,7.769234000000001
2016-08-04,Tungabhadra,140.961,4.590911
2016-08-05,Tungabhadra,132.07,20.835673
2016-08-06,Tungabhadra,127.851,15.185321
2016-08-07,Tungabhadra,339.873,22.954555000000003
2016-08-08,Tungabhadra,551.895,40.611905
2016-08-09,Tungabhadra,864.995,46.262257000000005
2016-08-10,Tungabhadra,1178.094,44.496522000000006
2016-08-11,Tungabhadra,624.443,15.185321
2016-08-12,Tungabhadra,458.11,9.534969000000002
2016-08-13,Tungabhadra,442.253,9.9587454
2016-08-14,Tungabhadra,429.97,10.3825218
2016-08-15,Tungabhadra,417.688,10.8062982
2016-08-16,Tungabhadra,405.405,11.2300746
2016-08-17,Tungabhadra,393.123,11.653851
2016-08-18,Tungabhadra,344.05,12.0776274
2016-08-19,Tungabhadra,281.526,12.5014038
2016-08-20,Tungabhadra,272.266,12.9251802
2016-08-21,Tungabhadra,271.219,13.3489566
2016-08-22,Tungabhadra,271.502,13.772733
2016-08-23,Tungabhadra,265.102,14.196509400000002
2016-08-24,Tungabhadra,248.792,14.6202858
2016-08-25,Tungabhadra,253.351,15.0440622
2016-08-26,Tungabhadra,232.057,15.4678386
2016-08-27,Tungabhadra,210.762,15.891615000000002
2016-08-28,Tungabhadra,194.678,16.3153914
2016-08-29,Tungabhadra,197.963,16.7391678
2016-08-30,Tungabhadra,201.248,17.162944200000002
2016-08-31,Tungabhadra,114.712,17.5867206
2016-09-01,Tungabhadra,107.604,18.010497
2016-09-02,Tungabhadra,105.367,9.534969000000002
2016-09-03,Tungabhadra,99.59,7.769234000000001
2016-09-04,Tungabhadra,62.042,4.590911
2016-09-05,Tungabhadra,54.935,20.482526
2016-09-06,Tungabhadra,57.172,16.597909
2016-09-07,Tungabhadra,56.082,25.779731
2016-09-08,Tungabhadra,54.991,44.143375000000006
2016-09-09,Tungabhadra,45.519,45.555963000000006
2016-09-10,Tungabhadra,36.047,43.437081
2016-09-11,Tungabhadra,7.929,14.479027
2016-09-12,Tungabhadra,0.878,9.534969000000002
2016-09-13,Tungabhadra,5.607,9.962462736842104
2016-09-14,Tungabhadra,7.695,10.389956473684212
2016-09-15,Tungabhadra,9.783,10.817450210526316
2016-09-16,Tungabhadra,11.872,11.24494394736842
2016-09-17,Tungabhadra,13.96,11.672437684210529
2016-09-18,Tungabhadra,9.883,12.09993142105263
2016-09-19,Tungabhadra,25.344,12.527425157894738
2016-09-20,Tungabhadra,46.015,12.954918894736844
2016-09-21,Tungabhadra,63.005,13.382412631578946
2016-09-22,Tungabhadra,74.785,13.809906368421052
2016-09-23,Tungabhadra,91.492,14.23740010526316
2016-09-24,Tungabhadra,106.075,14.664893842105265
2016-09-25,Tungabhadra,120.998,15.09238757894737
2016-09-26,Tungabhadra,151.41,15.519881315789474
2016-09-27,Tungabhadra,181.822,15.94737505263158
2016-09-28,Tungabhadra,192.356,16.374868789473688
2016-09-29,Tungabhadra,216.482,16.80236252631579
2016-09-30,Tungabhadra,240.608,17.229856263157895
2016-10-01,Tungabhadra,264.876,17.65735
2016-10-02,Tungabhadra,320.547,9.534969000000002
2016-10-03,Tungabhadra,322.614,7.416087
2016-10-04,Tungabhadra,200.285,4.237764
2016-10-05,Tungabhadra,114.287,20.129379
2016-10-06,Tungabhadra,51.65,18.716791
2016-10-07,Tungabhadra,58.791,27.545466
2016-10-08,Tungabhadra,65.933,46.968551000000005
2016-10-09,Tungabhadra,73.074,44.849669000000006
2016-10-10,Tungabhadra,80.216,42.730787
2016-10-11,Tungabhadra,87.357,13.772733
2016-10-12,Tungabhadra,108.029,9.534969000000002
2016-10-13,Tungabhadra,114.796,9.905773350000002
2016-10-14,Tungabhadra,106.358,10.2765777
2016-10-15,Tungabhadra,97.92,10.64738205
2016-10-16,Tungabhadra,76.824,11.0181864
2016-10-17,Tungabhadra,73.284,11.38899075
2016-10-18,Tungabhadra,71.075,11.759795100000002
2016-10-19,Tungabhadra,67.536,12.130599450000002
2016-10-20,Tungabhadra,60.003,12.5014038
2016-10-21,Tungabhadra,49.526,12.87220815
2016-10-22,Tungabhadra,36.274,13.2430125
2016-10-23,Tungabhadra,24.268,13.61381685
2016-10-24,Tungabhadra,23.078,13.9846212
2016-10-25,Tungabhadra,16.594,14.35542555
2016-10-26,Tungabhadra,15.121,14.7262299
2016-10-27,Tungabhadra,34.433,15.09703425
2016-10-28,Tungabhadra,34.037,15.467838599999997
2016-10-29,Tungabhadra,42.773,15.83864295
2016-10-30,Tungabhadra,51.508,16.209447299999997
2016-10-31,Tungabhadra,52.16,16.58025165
2016-11-01,Tungabhadra,51.537,16.951056
2016-11-02,Tungabhadra,52.783,9.534969000000002
2016-11-03,Tungabhadra,54.283,7.416087
2016-11-04,Tungabhadra,55.926,4.237764
2016-11-05,Tungabhadra,54.595,19.423085000000004
2016-11-06,Tungabhadra,29.053,21.895114
2016-11-07,Tungabhadra,22.3,28.604907000000004
2016-11-08,Tungabhadra,15.546,48.027992000000005
2016-11-09,Tungabhadra,13.436,44.143375000000006
2016-11-10,Tungabhadra,11.327,41.671346
2016-11-11,Tungabhadra,9.911,12.713292
2016-11-12,Tungabhadra,8.099,9.534969000000002
2016-11-13,Tungabhadra,5.805,9.906702684210527
2016-11-14,Tungabhadra,7.013,10.278436368421056
2016-11-15,Tungabhadra,8.221,10.650170052631578
2016-11-16,Tungabhadra,9.43,11.021903736842106
2016-11-17,Tungabhadra,10.506,11.393637421052633
2016-11-18,Tungabhadra,5.635,11.765371105263158
2016-11-19,Tungabhadra,12.573,12.137104789473684
2016-11-20,Tungabhadra,4.87,12.50883847368421
2016-11-21,Tungabhadra,14.47,12.880572157894736
2016-11-22,Tungabhadra,24.069,13.252305842105262
2016-11-23,Tungabhadra,24.352,13.62403952631579
2016-11-24,Tungabhadra,20.756,13.995773210526316
2016-11-25,Tungabhadra,25.712,14.367506894736843
2016-11-26,Tungabhadra,34.193,14.739240578947369
2016-11-27,Tungabhadra,42.673,15.110974263157894
2016-11-28,Tungabhadra,54.623,15.48270794736842
2016-11-29,Tungabhadra,51.069,15.854441631578949
2016-11-30,Tungabhadra,47.516,16.22617531578947
2016-12-01,Tungabhadra,11.213,16.597909
2016-12-02,Tungabhadra,0.68,9.534969000000002
2016-12-03,Tungabhadra,2.435,7.416087
2016-12-04,Tungabhadra,2.945,4.237764
2016-12-05,Tungabhadra,3.087,19.069938000000004
2016-12-06,Tungabhadra,3.087,25.073437
2016-12-07,Tungabhadra,2.775,30.017495
2016-12-08,Tungabhadra,3.087,48.734286
2016-12-09,Tungabhadra,0.623,43.437081
2016-12-10,Tungabhadra,1.288,40.611905
2016-12-11,Tungabhadra,1.954,12.006998
2016-12-12,Tungabhadra,2.01,9.181822
2016-12-13,Tungabhadra,4.672,9.1465073
2016-12-14,Tungabhadra,3.384,9.1111926
2016-12-15,Tungabhadra,2.095,9.0758779
2016-12-16,Tungabhadra,0.34,9.0405632
2016-12-17,Tungabhadra,0.878,9.0052485
2016-12-18,Tungabhadra,1.189,8.969933800000002
2016-12-19,Tungabhadra,1.501,8.9346191
2016-12-20,Tungabhadra,1.218,8.8993044
2016-12-21,Tungabhadra,2.152,8.863989700000001
2016-12-22,Tungabhadra,1.671,8.828675
2016-12-23,Tungabhadra,1.897,8.7933603
2016-12-24,Tungabhadra,1.926,8.7580456
2016-12-25,Tungabhadra,2.209,8.7227309
2016-12-26,Tungabhadra,2.492,8.6874162
2016-12-27,Tungabhadra,2.492,8.6521015
2016-12-28,Tungabhadra,1.954,8.6167868
2016-12-29,Tungabhadra,2.237,8.581472100000001
2016-12-30,Tungabhadra,2.52,8.5461574
2016-12-31,Tungabhadra,2.549,8.5108427
2017-01-01,Tungabhadra,2.237,8.475528
2017-01-02,Tungabhadra,2.251,5.297205
2017-01-03,Tungabhadra,2.265,4.590911
2017-01-04,Tungabhadra,2.265,3.884617
2017-01-05,Tungabhadra,2.549,1.4125880000000002
2017-01-06,Tungabhadra,4.389,1.059441
2017-01-07,Tungabhadra,4.389,3.884617
2017-01-08,Tungabhadra,4.389,39.55246400000001
2017-01-09,Tungabhadra,5.144,67.804224
2017-01-10,Tungabhadra,5.899,73.807723
2017-01-11,Tungabhadra,6.654,82.636398
2017-01-12,Tungabhadra,14.781,57.20981400000001
2017-01-13,Tungabhadra,19.992,54.77309970000001
2017-01-14,Tungabhadra,16.112,52.33638540000001
2017-01-15,Tungabhadra,12.233,49.899671100000006
2017-01-16,Tungabhadra,11.978,47.46295680000001
2017-01-17,Tungabhadra,8.014,45.0262425
2017-01-18,Tungabhadra,0.0,42.5895282
2017-01-19,Tungabhadra,2.492,40.152813900000005
2017-01-20,Tungabhadra,2.973,37.71609960000001
2017-01-21,Tungabhadra,3.002,35.2793853
2017-01-22,Tungabhadra,3.483,32.842671
2017-01-23,Tungabhadra,3.54,30.405956700000004
2017-01-24,Tungabhadra,3.285,27.9692424
2017-01-25,Tungabhadra,3.936,25.532528100000004
2017-01-26,Tungabhadra,3.171,23.0958138
2017-01-27,Tungabhadra,4.134,20.6590995
2017-01-28,Tungabhadra,3.794,18.2223852
2017-01-29,Tungabhadra,3.794,15.7856709
2017-01-30,Tungabhadra,4.587,13.348956600000005
2017-01-31,Tungabhadra,1.954,10.912242299999996
2017-02-01,Tungabhadra,1.982,8.475528
2017-02-02,Tungabhadra,1.869,5.297205
2017-02-03,Tungabhadra,1.784,4.590911
2017-02-04,Tungabhadra,2.407,3.884617
2017-02-05,Tungabhadra,1.388,1.4125880000000002
2017-02-06,Tungabhadra,1.586,1.059441
2017-02-07,Tungabhadra,2.209,4.944058000000001
2017-02-08,Tungabhadra,2.039,40.258758
2017-02-09,Tungabhadra,3.256,69.923106
2017-02-10,Tungabhadra,5.04,74.867164
2017-02-11,Tungabhadra,6.654,81.930104
2017-02-12,Tungabhadra,6.853,56.50352000000001
2017-02-13,Tungabhadra,6.4,53.678344
2017-02-14,Tungabhadra,6.428,50.853168
2017-02-15,Tungabhadra,6.626,48.027992000000005
2017-02-16,Tungabhadra,6.428,45.202816000000006
2017-02-17,Tungabhadra,6.654,42.37764
2017-02-18,Tungabhadra,6.456,39.55246400000001
2017-02-19,Tungabhadra,6.456,36.727288
2017-02-20,Tungabhadra,6.485,33.902112
2017-02-21,Tungabhadra,6.485,31.076936000000003
2017-02-22,Tungabhadra,6.286,28.25176
2017-02-23,Tungabhadra,6.315,25.426584
2017-02-24,Tungabhadra,6.513,22.601408
2017-02-25,Tungabhadra,5.947,19.776232
2017-02-26,Tungabhadra,4.276,16.951056
2017-02-27,Tungabhadra,3.766,14.125879999999997
2017-02-28,Tungabhadra,3.568,11.300703999999993
2017-03-01,Tungabhadra,3.398,8.475528
2017-03-02,Tungabhadra,3.398,5.297205
2017-03-03,Tungabhadra,3.2,4.590911
2017-03-04,Tungabhadra,3.228,3.884617
2017-03-05,Tungabhadra,3.228,1.4125880000000002
2017-03-06,Tungabhadra,3.426,1.059441
2017-03-07,Tungabhadra,3.426,5.650352000000001
2017-03-08,Tungabhadra,3.256,40.965052
2017-03-09,Tungabhadra,5.069,70.6294
2017-03-10,Tungabhadra,6.329,75.573458
2017-03-11,Tungabhadra,7.589,81.22381
2017-03-12,Tungabhadra,4.955,55.79722600000001
2017-03-13,Tungabhadra,4.078,53.4311411
2017-03-14,Tungabhadra,3.44,51.06505620000001
2017-03-15,Tungabhadra,2.803,48.6989713
2017-03-16,Tungabhadra,2.832,46.33288640000001
2017-03-17,Tungabhadra,2.605,43.96680150000001
2017-03-18,Tungabhadra,2.237,41.6007166
2017-03-19,Tungabhadra,2.067,39.2346317
2017-03-20,Tungabhadra,1.897,36.8685468
2017-03-21,Tungabhadra,1.897,34.5024619
2017-03-22,Tungabhadra,1.897,32.136377
2017-03-23,Tungabhadra,1.756,29.77029210000001
2017-03-24,Tungabhadra,1.926,27.4042072
2017-03-25,Tungabhadra,1.756,25.038122300000005
2017-03-26,Tungabhadra,1.756,22.6720374
2017-03-27,Tungabhadra,1.586,20.3059525
2017-03-28,Tungabhadra,1.756,17.939867600000003
2017-03-29,Tungabhadra,1.926,15.5737827
2017-03-30,Tungabhadra,1.954,13.207697800000004
2017-03-31,Tungabhadra,1.954,10.841612899999996
2017-04-01,Tungabhadra,1.614,8.475528
2017-04-02,Tungabhadra,1.784,5.297205
2017-04-03,Tungabhadra,1.784,4.590911
2017-04-04,Tungabhadra,1.869,3.884617
2017-04-05,Tungabhadra,1.727,1.4125880000000002
2017-04-06,Tungabhadra,1.557,1.059441
2017-04-07,Tungabhadra,1.586,6.709793
2017-04-08,Tungabhadra,2.265,41.318199
2017-04-09,Tungabhadra,2.775,70.6294
2017-04-10,Tungabhadra,3.511,75.926605
2017-04-11,Tungabhadra,4.248,80.16436900000001
2017-04-12,Tungabhadra,4.644,55.090932
2017-04-13,Tungabhadra,6.201,52.63748968421053
2017-04-14,Tungabhadra,6.485,50.18404736842105
2017-04-15,Tungabhadra,7.476,47.73060505263158
2017-04-16,Tungabhadra,7.759,45.2771627368421
2017-04-17,Tungabhadra,7.815,42.82372042105264
2017-04-18,Tungabhadra,9.373,40.37027810526316
2017-04-19,Tungabhadra,8.127,37.91683578947369
2017-04-20,Tungabhadra,6.938,35.463393473684214
2017-04-21,Tungabhadra,4.304,33.00995115789474
2017-04-22,Tungabhadra,3.993,30.556508842105263
2017-04-23,Tungabhadra,2.633,28.10306652631579
2017-04-24,Tungabhadra,1.727,25.64962421052632
2017-04-25,Tungabhadra,1.642,23.19618189473684
2017-04-26,Tungabhadra,1.642,20.74273957894737
2017-04-27,Tungabhadra,1.557,18.28929726315789
2017-04-28,Tungabhadra,1.756,15.835854947368416
2017-04-29,Tungabhadra,1.869,13.382412631578951
2017-04-30,Tungabhadra,2.095,10.928970315789474
2017-05-01,Tungabhadra,2.549,8.475528
2017-05-02,Tungabhadra,2.407,5.297205
2017-05-03,Tungabhadra,2.435,4.237764
2017-05-04,Tungabhadra,1.671,3.884617
2017-05-05,Tungabhadra,1.557,1.4125880000000002
2017-05-06,Tungabhadra,2.464,1.059441
2017-05-07,Tungabhadra,2.973,7.769234000000001
2017-05-08,Tungabhadra,1.926,41.671346
2017-05-09,Tungabhadra,1.897,70.6294
2017-05-10,Tungabhadra,2.917,78.04548700000001
2017-05-11,Tungabhadra,2.888,79.45807500000001
2017-05-12,Tungabhadra,2.265,54.384638
2017-05-13,Tungabhadra,1.727,52.07152515
2017-05-14,Tungabhadra,3.087,49.7584123
2017-05-15,Tungabhadra,4.446,47.44529945
2017-05-16,Tungabhadra,2.987,45.1321866
2017-05-17,Tungabhadra,1.529,42.81907375
2017-05-18,Tungabhadra,1.557,40.505960900000005
2017-05-19,Tungabhadra,2.435,38.19284805
2017-05-20,Tungabhadra,0.878,35.879735200000006
2017-05-21,Tungabhadra,2.265,33.56662235
2017-05-22,Tungabhadra,2.209,31.253509500000003
2017-05-23,Tungabhadra,1.926,28.94039665
2017-05-24,Tungabhadra,1.926,26.6272838
2017-05-25,Tungabhadra,2.01,24.31417095
2017-05-26,Tungabhadra,1.727,22.0010581
2017-05-27,Tungabhadra,1.444,19.68794525
2017-05-28,Tungabhadra,1.359,17.3748324
2017-05-29,Tungabhadra,1.444,15.061719550000005
2017-05-30,Tungabhadra,1.529,12.7486067
2017-05-31,Tungabhadra,1.529,10.435493850000004
2017-06-01,Tungabhadra,1.529,8.122381
2017-06-02,Tungabhadra,1.529,5.297205
2017-06-03,Tungabhadra,1.076,4.237764
2017-06-04,Tungabhadra,0.595,3.884617
2017-06-05,Tungabhadra,0.595,1.4125880000000002
2017-06-06,Tungabhadra,0.821,1.059441
2017-06-07,Tungabhadra,0.779,8.475528
2017-06-08,Tungabhadra,0.736,42.37764
2017-06-09,Tungabhadra,0.623,72.395135
2017-06-10,Tungabhadra,0.227,78.75178100000001
2017-06-11,Tungabhadra,0.311,78.39863400000002
2017-06-12,Tungabhadra,1.529,53.678344
2017-06-13,Tungabhadra,0.623,51.28066173684211
2017-06-14,Tungabhadra,11.921,48.882979473684216
2017-06-15,Tungabhadra,10.94,46.48529721052631
2017-06-16,Tungabhadra,9.958,44.08761494736842
2017-06-17,Tungabhadra,8.976,41.689932684210525
2017-06-18,Tungabhadra,7.617,39.29225042105264
2017-06-19,Tungabhadra,6.428,36.89456815789474
2017-06-20,Tungabhadra,5.154,34.49688589473684
2017-06-21,Tungabhadra,6.286,32.09920363157895
2017-06-22,Tungabhadra,6.315,29.70152136842105
2017-06-23,Tungabhadra,6.371,27.30383910526316
2017-06-24,Tungabhadra,12.516,24.906156842105265
2017-06-25,Tungabhadra,4.814,22.508474578947364
2017-06-26,Tungabhadra,21.337,20.11079231578947
2017-06-27,Tungabhadra,37.86,17.713110052631574
2017-06-28,Tungabhadra,67.153,15.31542778947368
2017-06-29,Tungabhadra,96.447,12.917745526315786
2017-06-30,Tungabhadra,404.223,10.520063263157894
2017-07-01,Tungabhadra,412.661,8.122381
2017-07-02,Tungabhadra,318.791,5.297205
2017-07-03,Tungabhadra,259.071,4.237764
2017-07-04,Tungabhadra,262.101,3.531470000000001
2017-07-05,Tungabhadra,369.195,1.4125880000000002
2017-07-06,Tungabhadra,325.814,1.059441
2017-07-07,Tungabhadra,332.511,9.534969000000002
2017-07-08,Tungabhadra,339.208,43.083934
2017-07-09,Tungabhadra,289.327,72.395135
2017-07-10,Tungabhadra,239.447,80.16436900000001
2017-07-11,Tungabhadra,242.845,77.69234000000002
2017-07-12,Tungabhadra,232.51,52.97205
2017-07-13,Tungabhadra,208.327,50.72956655000001
2017-07-14,Tungabhadra,171.119,48.4870831
2017-07-15,Tungabhadra,133.91,46.244599650000005
2017-07-16,Tungabhadra,96.702,44.0021162
2017-07-17,Tungabhadra,96.56,41.75963275000001
2017-07-18,Tungabhadra,120.347,39.5171493
2017-07-19,Tungabhadra,153.449,37.274665850000005
2017-07-20,Tungabhadra,437.892,35.0321824
2017-07-21,Tungabhadra,495.516,32.78969895
2017-07-22,Tungabhadra,1264.319,30.5472155
2017-07-23,Tungabhadra,1448.775,28.30473205
2017-07-24,Tungabhadra,972.684,26.0622486
2017-07-25,Tungabhadra,788.313,23.81976515
2017-07-26,Tungabhadra,528.194,21.5772817
2017-07-27,Tungabhadra,539.493,19.33479825
2017-07-28,Tungabhadra,471.759,17.0923148
2017-07-29,Tungabhadra,377.747,14.849831350000004
2017-07-30,Tungabhadra,370.158,12.6073479
2017-07-31,Tungabhadra,237.069,10.364864450000004
2017-08-01,Tungabhadra,390.631,8.122381
2017-08-02,Tungabhadra,323.152,5.297205
2017-08-03,Tungabhadra,207.138,4.237764
2017-08-04,Tungabhadra,128.7,3.531470000000001
2017-08-05,Tungabhadra,134.703,1.4125880000000002
2017-08-06,Tungabhadra,171.119,1.059441
2017-08-07,Tungabhadra,324.695,10.59441
2017-08-08,Tungabhadra,478.272,44.849669000000006
2017-08-09,Tungabhadra,427.712,72.395135
2017-08-10,Tungabhadra,377.152,81.22381
2017-08-11,Tungabhadra,214.359,76.632899
2017-08-12,Tungabhadra,196.547,51.912609
2017-08-13,Tungabhadra,179.076,49.7230976
2017-08-14,Tungabhadra,196.137,47.53358620000001
2017-08-15,Tungabhadra,213.198,45.3440748
2017-08-16,Tungabhadra,230.258,43.1545634
2017-08-17,Tungabhadra,247.319,40.965052
2017-08-18,Tungabhadra,141.244,38.77554060000001
2017-08-19,Tungabhadra,124.424,36.586029200000006
2017-08-20,Tungabhadra,148.38,34.3965178
2017-08-21,Tungabhadra,179.132,32.207006400000004
2017-08-22,Tungabhadra,122.527,30.017495
2017-08-23,Tungabhadra,292.683,27.827983600000003
2017-08-24,Tungabhadra,670.401,25.6384722
2017-08-25,Tungabhadra,490.618,23.4489608
2017-08-26,Tungabhadra,398.149,21.2594494
2017-08-27,Tungabhadra,305.68,19.069938000000004
2017-08-28,Tungabhadra,196.207,16.8804266
2017-08-29,Tungabhadra,429.949,14.690915199999996
2017-08-30,Tungabhadra,663.69,12.501403800000004
2017-08-31,Tungabhadra,581.175,10.3118924
2017-09-01,Tungabhadra,886.402,8.122381
2017-09-02,Tungabhadra,880.257,5.297205
2017-09-03,Tungabhadra,361.974,4.237764
2017-09-04,Tungabhadra,253.634,3.531470000000001
2017-09-05,Tungabhadra,203.343,1.4125880000000002
2017-09-06,Tungabhadra,652.845,1.059441
2017-09-07,Tungabhadra,448.879,11.300704
2017-09-08,Tungabhadra,244.912,46.262257000000005
2017-09-09,Tungabhadra,203.952,72.395135
2017-09-10,Tungabhadra,162.992,81.57695700000001
2017-09-11,Tungabhadra,249.698,75.926605
2017-09-12,Tungabhadra,212.829,51.206315
2017-09-13,Tungabhadra,219.484,48.93873952631579
2017-09-14,Tungabhadra,222.797,46.67116405263158
2017-09-15,Tungabhadra,339.83,44.40358857894738
2017-09-16,Tungabhadra,164.719,42.13601310526316
2017-09-17,Tungabhadra,190.034,39.86843763157894
2017-09-18,Tungabhadra,154.157,37.60086215789474
2017-09-19,Tungabhadra,127.737,35.33328668421053
2017-09-20,Tungabhadra,89.198,33.06571121052632
2017-09-21,Tungabhadra,58.729,30.798135736842102
2017-09-22,Tungabhadra,76.909,28.53056026315789
2017-09-23,Tungabhadra,160.019,26.262984789473684
2017-09-24,Tungabhadra,188.534,23.995409315789477
2017-09-25,Tungabhadra,169.335,21.72783384210526
2017-09-26,Tungabhadra,199.974,19.46025836842105
2017-09-27,Tungabhadra,230.612,17.19268289473684
2017-09-28,Tungabhadra,230.301,14.925107421052632
2017-09-29,Tungabhadra,281.724,12.657531947368422
2017-09-30,Tungabhadra,652.618,10.389956473684212
2017-10-01,Tungabhadra,740.486,8.122381
2017-10-02,Tungabhadra,491.665,4.944058000000001
2017-10-03,Tungabhadra,325.021,4.237764
2017-10-04,Tungabhadra,267.339,3.531470000000001
2017-10-05,Tungabhadra,837.046,1.4125880000000002
2017-10-06,Tungabhadra,427.783,1.059441
2017-10-07,Tungabhadra,648.031,12.006998
2017-10-08,Tungabhadra,556.015,47.321698000000005
2017-10-09,Tungabhadra,464.0,72.395135
2017-10-10,Tungabhadra,371.984,81.57695700000001
2017-10-11,Tungabhadra,279.969,74.867164
2017-10-12,Tungabhadra,225.034,50.500021
2017-10-13,Tungabhadra,500.359,48.381139000000005
2017-10-14,Tungabhadra,594.314,46.262257000000005
2017-10-15,Tungabhadra,417.843,44.143375000000006
2017-10-16,Tungabhadra,855.707,42.024493
2017-10-17,Tungabhadra,389.017,39.905611
2017-10-18,Tungabhadra,342.86,37.786729
2017-10-19,Tungabhadra,374.802,35.667847
2017-10-20,Tungabhadra,219.059,33.548965
2017-10-21,Tungabhadra,159.509,31.430083000000003
2017-10-22,Tungabhadra,138.243,29.311201
2017-10-23,Tungabhadra,53.377,27.192319
2017-10-24,Tungabhadra,50.942,25.073437
2017-10-25,Tungabhadra,18.066,22.954555000000003
2017-10-26,Tungabhadra,19.255,20.835673
2017-10-27,Tungabhadra,53.774,18.716791
2017-10-28,Tungabhadra,14.102,16.597909
2017-10-29,Tungabhadra,12.318,14.479027
2017-10-30,Tungabhadra,10.534,12.360145000000005
2017-10-31,Tungabhadra,7.589,10.241263
2017-11-01,Tungabhadra,8.353,8.122381
2017-11-02,Tungabhadra,5.38,4.944058000000001
2017-11-03,Tungabhadra,3.823,4.237764
2017-11-04,Tungabhadra,1.104,3.178323
2017-11-05,Tungabhadra,41.088,0.0
2017-11-06,Tungabhadra,24.721,1.059441
2017-11-07,Tungabhadra,15.277,12.713292
2017-11-08,Tungabhadra,5.833,48.027992000000005
2017-11-09,Tungabhadra,3.554,72.395135
2017-11-10,Tungabhadra,1.274,81.930104
2017-11-11,Tungabhadra,0.311,74.16087
2017-11-12,Tungabhadra,5.55,49.793727
2017-11-13,Tungabhadra,2.265,47.58191157894737
2017-11-14,Tungabhadra,0.0,45.37009615789474
2017-11-15,Tungabhadra,0.0,43.1582807368421
2017-11-16,Tungabhadra,0.0,40.946465315789474
2017-11-17,Tungabhadra,0.0,38.73464989473684
2017-11-18,Tungabhadra,0.0,36.52283447368422
2017-11-19,Tungabhadra,0.0,34.311019052631586
2017-11-20,Tungabhadra,0.0,32.09920363157895
2017-11-21,Tungabhadra,0.0,29.887388210526314
2017-11-22,Tungabhadra,0.85,27.675572789473684
2017-11-23,Tungabhadra,0.0,25.463757368421057
2017-11-24,Tungabhadra,0.0,23.251941947368422
2017-11-25,Tungabhadra,0.0,21.04012652631579
2017-11-26,Tungabhadra,1.161,18.82831110526316
2017-11-27,Tungabhadra,2.322,16.616495684210527
2017-11-28,Tungabhadra,0.0,14.404680263157898
2017-11-29,Tungabhadra,0.0,12.192864842105266
2017-11-30,Tungabhadra,0.51,9.981049421052628
2017-12-01,Tungabhadra,0.0,7.769234000000001
2017-12-02,Tungabhadra,2.69,4.944058000000001
2017-12-03,Tungabhadra,0.0,4.237764
2017-12-04,Tungabhadra,0.0,3.178323
2017-12-05,Tungabhadra,0.0,1.4125880000000002
2017-12-06,Tungabhadra,1.501,1.059441
2017-12-07,Tungabhadra,5.635,13.419586
2017-12-08,Tungabhadra,5.012,48.381139000000005
2017-12-09,Tungabhadra,4.389,72.395135
2017-12-10,Tungabhadra,2.195,82.283251
2017-12-11,Tungabhadra,0.0,73.101429
2017-12-12,Tungabhadra,0.142,49.087433
2017-12-13,Tungabhadra,4.219,48.769600700000005
2017-12-14,Tungabhadra,0.0,48.451768400000006
2017-12-15,Tungabhadra,0.821,48.1339361
2017-12-16,Tungabhadra,0.0,47.81610380000001
2017-12-17,Tungabhadra,0.0,47.4982715
2017-12-18,Tungabhadra,0.0,47.1804392
2017-12-19,Tungabhadra,0.198,46.8626069
2017-12-20,Tungabhadra,0.0,46.5447746
2017-12-21,Tungabhadra,0.0,46.2269423
2017-12-22,Tungabhadra,0.0,45.90911
2017-12-23,Tungabhadra,0.0,45.5912777
2017-12-24,Tungabhadra,0.0,45.27344540000001
2017-12-25,Tungabhadra,0.0,44.9556131
2017-12-26,Tungabhadra,0.0,44.6377808
2017-12-27,Tungabhadra,0.0,44.3199485
2017-12-28,Tungabhadra,0.0,44.0021162
2017-12-29,Tungabhadra,0.0,43.6842839
2017-12-30,Tungabhadra,0.0,43.366451600000005
2017-12-31,Tungabhadra,0.0,43.048619300000006
2018-01-01,Tungabhadra,0.0,42.730787
2018-01-02,Tungabhadra,0.0,23.660849
2018-01-03,Tungabhadra,0.0,10.241263
2018-01-04,Tungabhadra,0.0,4.590911
2018-01-05,Tungabhadra,0.0,3.531470000000001
2018-01-06,Tungabhadra,0.0,3.884617
2018-01-07,Tungabhadra,0.0,35.3147
2018-01-08,Tungabhadra,0.0,96.409131
2018-01-09,Tungabhadra,0.0,98.528013
2018-01-10,Tungabhadra,0.0,86.521015
2018-01-11,Tungabhadra,0.0,69.569959
2018-01-12,Tungabhadra,0.0,45.555963000000006
2018-01-13,Tungabhadra,0.0,45.3793895
2018-01-14,Tungabhadra,0.0,45.202816000000006
2018-01-15,Tungabhadra,0.0,45.0262425
2018-01-16,Tungabhadra,0.0,44.849669000000006
2018-01-17,Tungabhadra,0.0,44.6730955
2018-01-18,Tungabhadra,0.0,44.496522000000006
2018-01-19,Tungabhadra,0.0,44.3199485
2018-01-20,Tungabhadra,0.0,44.143375000000006
2018-01-21,Tungabhadra,0.0,43.96680150000001
2018-01-22,Tungabhadra,0.0,43.790228
2018-01-23,Tungabhadra,0.0,43.6136545
2018-01-24,Tungabhadra,0.0,43.437081
2018-01-25,Tungabhadra,0.0,43.2605075
2018-01-26,Tungabhadra,0.0,43.083934
2018-01-27,Tungabhadra,0.0,42.9073605
2018-01-28,Tungabhadra,0.0,42.730787
2018-01-29,Tungabhadra,0.0,42.5542135
2018-01-30,Tungabhadra,0.0,42.37764
2018-01-31,Tungabhadra,0.0,42.2010665
2018-02-01,Tungabhadra,0.0,42.024493
2018-02-02,Tungabhadra,0.0,23.307702000000003
2018-02-03,Tungabhadra,0.0,9.888116000000002
2018-02-04,Tungabhadra,0.0,4.590911
2018-02-05,Tungabhadra,0.0,3.531470000000001
2018-02-06,Tungabhadra,0.0,4.237764
2018-02-07,Tungabhadra,0.0,38.13987600000001
2018-02-08,Tungabhadra,0.0,97.115425
2018-02-09,Tungabhadra,0.0,96.762278
2018-02-10,Tungabhadra,0.0,86.167868
2018-02-11,Tungabhadra,0.0,68.510518
2018-02-12,Tungabhadra,0.0,44.849669000000006
2018-02-13,Tungabhadra,0.0,44.66270882352941
2018-02-14,Tungabhadra,0.0,44.47574864705883
2018-02-15,Tungabhadra,0.0,44.28878847058824
2018-02-16,Tungabhadra,0.0,44.10182829411766
2018-02-17,Tungabhadra,0.0,43.91486811764706
2018-02-18,Tungabhadra,0.0,43.72790794117648
2018-02-19,Tungabhadra,0.0,43.54094776470589
2018-02-20,Tungabhadra,0.0,43.353987588235285
2018-02-21,Tungabhadra,0.0,43.16702741176471
2018-02-22,Tungabhadra,0.0,42.98006723529412
2018-02-23,Tungabhadra,0.0,42.79310705882353
2018-02-24,Tungabhadra,0.0,42.60614688235295
2018-02-25,Tungabhadra,0.0,42.41918670588235
2018-02-26,Tungabhadra,0.0,42.23222652941176
2018-02-27,Tungabhadra,0.0,42.04526635294118
2018-02-28,Tungabhadra,0.0,41.85830617647059
2018-03-01,Tungabhadra,0.0,41.671346
2018-03-02,Tungabhadra,0.0,22.954555000000003
2018-03-03,Tungabhadra,0.0,9.534969000000002
2018-03-04,Tungabhadra,0.0,4.590911
2018-03-05,Tungabhadra,0.0,3.178323
2018-03-06,Tungabhadra,0.0,4.237764
2018-03-07,Tungabhadra,0.0,39.19931700000001
2018-03-08,Tungabhadra,0.0,97.821719
2018-03-09,Tungabhadra,0.0,97.468572
2018-03-10,Tungabhadra,0.0,85.814721
2018-03-11,Tungabhadra,0.0,67.451077
2018-03-12,Tungabhadra,0.0,44.143375000000006
2018-03-13,Tungabhadra,0.0,43.98445885
2018-03-14,Tungabhadra,0.0,43.82554270000001
2018-03-15,Tungabhadra,0.0,43.66662655
2018-03-16,Tungabhadra,0.0,43.5077104
2018-03-17,Tungabhadra,0.0,43.348794250000005
2018-03-18,Tungabhadra,0.0,43.18987810000001
2018-03-19,Tungabhadra,0.0,43.03096195
2018-03-20,Tungabhadra,0.0,42.8720458
2018-03-21,Tungabhadra,0.0,42.713129650000006
2018-03-22,Tungabhadra,0.0,42.5542135
2018-03-23,Tungabhadra,0.0,42.39529735
2018-03-24,Tungabhadra,0.0,42.2363812
2018-03-25,Tungabhadra,0.0,42.07746505
2018-03-26,Tungabhadra,0.0,41.9185489
2018-03-27,Tungabhadra,0.0,41.75963275000001
2018-03-28,Tungabhadra,0.0,41.6007166
2018-03-29,Tungabhadra,0.0,41.44180045
2018-03-30,Tungabhadra,0.0,41.282884300000006
2018-03-31,Tungabhadra,0.142,41.12396815
2018-04-01,Tungabhadra,0.283,40.965052
2018-04-02,Tungabhadra,0.0,22.248261000000003
2018-04-03,Tungabhadra,0.453,8.828675
2018-04-04,Tungabhadra,0.0,4.590911
2018-04-05,Tungabhadra,0.0,3.178323
2018-04-06,Tungabhadra,0.0,4.237764
2018-04-07,Tungabhadra,0.0,40.258758
2018-04-08,Tungabhadra,0.0,98.528013
2018-04-09,Tungabhadra,0.0,97.821719
2018-04-10,Tungabhadra,0.0,85.461574
2018-04-11,Tungabhadra,0.0,66.391636
2018-04-12,Tungabhadra,0.0,43.790228
2018-04-13,Tungabhadra,0.0,43.604361157894736
2018-04-14,Tungabhadra,0.0,43.41849431578948
2018-04-15,Tungabhadra,0.0,43.23262747368421
2018-04-16,Tungabhadra,0.0,43.04676063157895
2018-04-17,Tungabhadra,0.0,42.860893789473685
2018-04-18,Tungabhadra,0.0,42.67502694736842
2018-04-19,Tungabhadra,0.0,42.48916010526315
2018-04-20,Tungabhadra,0.0,42.30329326315789
2018-04-21,Tungabhadra,0.0,42.11742642105264
2018-04-22,Tungabhadra,0.0,41.93155957894737
2018-04-23,Tungabhadra,0.0,41.74569273684211
2018-04-24,Tungabhadra,0.0,41.559825894736846
2018-04-25,Tungabhadra,0.0,41.373959052631584
2018-04-26,Tungabhadra,0.0,41.18809221052632
2018-04-27,Tungabhadra,0.0,41.00222536842104
2018-04-28,Tungabhadra,0.0,40.81635852631579
2018-04-29,Tungabhadra,0.0,40.630491684210526
2018-04-30,Tungabhadra,0.0,40.44462484210526
2018-05-01,Tungabhadra,0.0,40.258758
2018-05-02,Tungabhadra,0.0,21.895114
2018-05-03,Tungabhadra,0.0,8.475528
2018-05-04,Tungabhadra,0.0,4.590911
2018-05-05,Tungabhadra,0.0,3.178323
2018-05-06,Tungabhadra,0.0,4.237764
2018-05-07,Tungabhadra,0.0,40.611905
2018-05-08,Tungabhadra,0.0,99.234307
2018-05-09,Tungabhadra,0.0,98.174866
2018-05-10,Tungabhadra,0.0,85.461574
2018-05-11,Tungabhadra,0.0,65.685342
2018-05-12,Tungabhadra,0.0,43.083934
2018-05-13,Tungabhadra,0.0,42.92501785
2018-05-14,Tungabhadra,0.0,42.76610170000001
2018-05-15,Tungabhadra,0.0,42.60718555
2018-05-16,Tungabhadra,0.0,42.4482694
2018-05-17,Tungabhadra,0.0,42.289353250000005
2018-05-18,Tungabhadra,0.0,42.1304371
2018-05-19,Tungabhadra,0.0,41.97152095
2018-05-20,Tungabhadra,0.34,41.8126048
2018-05-21,Tungabhadra,12.035,41.65368865
2018-05-22,Tungabhadra,63.288,41.4947725
2018-05-23,Tungabhadra,71.245,41.33585635000001
2018-05-24,Tungabhadra,79.91,41.1769402
2018-05-25,Tungabhadra,90.84,41.01802405
2018-05-26,Tungabhadra,93.191,40.859107900000005
2018-05-27,Tungabhadra,87.301,40.70019175
2018-05-28,Tungabhadra,68.159,40.5412756
2018-05-29,Tungabhadra,36.047,40.38235945
2018-05-30,Tungabhadra,56.549,40.22344329999999
2018-05-31,Tungabhadra,55.954,40.06452715
2018-06-01,Tungabhadra,55.359,39.905611
2018-06-02,Tungabhadra,57.653,21.18882
2018-06-03,Tungabhadra,36.585,8.475528
2018-06-04,Tungabhadra,19.793,4.590911
2018-06-05,Tungabhadra,33.017,2.8251760000000004
2018-06-06,Tungabhadra,30.582,4.237764
2018-06-07,Tungabhadra,44.797,41.318199
2018-06-08,Tungabhadra,40.125,99.234307
2018-06-09,Tungabhadra,38.907,98.528013
2018-06-10,Tungabhadra,24.437,85.108427
2018-06-11,Tungabhadra,16.509,64.62590100000001
2018-06-12,Tungabhadra,31.913,42.730787
2018-06-13,Tungabhadra,194.763,42.52633347368421
2018-06-14,Tungabhadra,803.264,42.32187994736842
2018-06-15,Tungabhadra,1370.819,42.11742642105264
2018-06-16,Tungabhadra,1476.327,41.912972894736846
2018-06-17,Tungabhadra,1221.872,41.70851936842106
2018-06-18,Tungabhadra,926.159,41.50406584210526
2018-06-19,Tungabhadra,395.303,41.299612315789474
2018-06-20,Tungabhadra,200.285,41.0951587894737
2018-06-21,Tungabhadra,155.205,40.8907052631579
2018-06-22,Tungabhadra,209.092,40.68625173684211
2018-06-23,Tungabhadra,182.955,40.48179821052632
2018-06-24,Tungabhadra,185.9,40.277344684210526
2018-06-25,Tungabhadra,193.574,40.072891157894745
2018-06-26,Tungabhadra,142.264,39.86843763157895
2018-06-27,Tungabhadra,142.349,39.663984105263154
2018-06-28,Tungabhadra,145.407,39.45953057894737
2018-06-29,Tungabhadra,193.319,39.255077052631584
2018-06-30,Tungabhadra,708.941,39.0506235263158
2018-07-01,Tungabhadra,1399.532,38.84617000000001
2018-07-02,Tungabhadra,899.909,20.482526
2018-07-03,Tungabhadra,332.27,8.122381
2018-07-04,Tungabhadra,356.481,4.590911
2018-07-05,Tungabhadra,185.73,2.8251760000000004
2018-07-06,Tungabhadra,178.028,4.590911
2018-07-07,Tungabhadra,10.081,41.671346
2018-07-08,Tungabhadra,216.935,98.88116
2018-07-09,Tungabhadra,196.915,98.174866
2018-07-10,Tungabhadra,1077.513,84.402133
2018-07-11,Tungabhadra,1295.269,63.919607000000006
2018-07-12,Tungabhadra,1409.896,42.37764
2018-07-13,Tungabhadra,1686.042,42.14809445
2018-07-14,Tungabhadra,2167.003,41.918548900000005
2018-07-15,Tungabhadra,1975.44,41.68900335000001
2018-07-16,Tungabhadra,1974.166,41.4594578
2018-07-17,Tungabhadra,2132.938,41.22991225
2018-07-18,Tungabhadra,1835.64,41.0003667
2018-07-19,Tungabhadra,1688.392,40.77082115
2018-07-20,Tungabhadra,1993.959,40.5412756
2018-07-21,Tungabhadra,1734.435,40.31173005
2018-07-22,Tungabhadra,1474.826,40.0821845
2018-07-23,Tungabhadra,1658.15,39.852638950000006
2018-07-24,Tungabhadra,1989.853,39.62309340000001
2018-07-25,Tungabhadra,1782.715,39.39354785
2018-07-26,Tungabhadra,1928.632,39.1640023
2018-07-27,Tungabhadra,1977.988,38.93445675
2018-07-28,Tungabhadra,1767.396,38.704911200000005
2018-07-29,Tungabhadra,1552.613,38.47536565
2018-07-30,Tungabhadra,945.075,38.2458201
2018-07-31,Tungabhadra,670.486,38.016274550000006
2018-08-01,Tungabhadra,297.582,37.786729
2018-08-02,Tungabhadra,553.509,20.129379
2018-08-03,Tungabhadra,543.91,8.122381
2018-08-04,Tungabhadra,480.905,4.590911
2018-08-05,Tungabhadra,616.033,2.8251760000000004
2018-08-06,Tungabhadra,481.33,4.590911
2018-08-07,Tungabhadra,569.112,42.37764
2018-08-08,Tungabhadra,636.195,98.174866
2018-08-09,Tungabhadra,586.13,98.174866
2018-08-10,Tungabhadra,994.969,84.048986
2018-08-11,Tungabhadra,2110.709,62.86016600000001
2018-08-12,Tungabhadra,2502.841,42.024493
2018-08-13,Tungabhadra,1611.03,41.7772901
2018-08-14,Tungabhadra,1622.131,41.5300872
2018-08-15,Tungabhadra,3560.928,41.282884300000006
2018-08-16,Tungabhadra,4752.841,41.0356814
2018-08-17,Tungabhadra,5709.611,40.7884785
2018-08-18,Tungabhadra,4298.186,40.5412756
2018-08-19,Tungabhadra,3640.555,40.2940727
2018-08-20,Tungabhadra,2624.207,40.0468698
2018-08-21,Tungabhadra,2535.292,39.799666900000005
2018-08-22,Tungabhadra,2767.717,39.55246400000001
2018-08-23,Tungabhadra,1867.439,39.3052611
2018-08-24,Tungabhadra,1926.48,39.058058200000005
2018-08-25,Tungabhadra,1346.976,38.8108553
2018-08-26,Tungabhadra,1139.215,38.5636524
2018-08-27,Tungabhadra,1050.017,38.3164495
2018-08-28,Tungabhadra,745.186,38.06924660000001
2018-08-29,Tungabhadra,744.988,37.8220437
2018-08-30,Tungabhadra,588.877,37.5748408
2018-08-31,Tungabhadra,978.715,37.3276379
2018-09-01,Tungabhadra,1388.46,37.080435
2018-09-02,Tungabhadra,974.807,19.423085000000004
2018-09-03,Tungabhadra,662.643,7.769234000000001
2018-09-04,Tungabhadra,595.532,4.590911
2018-09-05,Tungabhadra,499.113,2.8251760000000004
2018-09-06,Tungabhadra,364.749,4.590911
2018-09-07,Tungabhadra,264.706,42.730787
2018-09-08,Tungabhadra,288.407,98.174866
2018-09-09,Tungabhadra,223.958,97.821719
2018-09-10,Tungabhadra,224.298,83.342692
2018-09-11,Tungabhadra,250.547,62.15387200000001
2018-09-12,Tungabhadra,190.402,41.671346
2018-09-13,Tungabhadra,252.898,41.373959052631584
2018-09-14,Tungabhadra,169.221,41.07657210526315
2018-09-15,Tungabhadra,77.135,40.77918515789474
2018-09-16,Tungabhadra,134.817,40.48179821052632
2018-09-17,Tungabhadra,124.651,40.1844112631579
2018-09-18,Tungabhadra,125.33,39.88702431578948
2018-09-19,Tungabhadra,83.223,39.58963736842105
2018-09-20,Tungabhadra,126.265,39.29225042105264
2018-09-21,Tungabhadra,99.789,38.99486347368421
2018-09-22,Tungabhadra,145.747,38.69747652631579
2018-09-23,Tungabhadra,206.94,38.400089578947366
2018-09-24,Tungabhadra,191.139,38.10270263157896
2018-09-25,Tungabhadra,133.712,37.80531568421053
2018-09-26,Tungabhadra,157.583,37.50792873684211
2018-09-27,Tungabhadra,65.355,37.21054178947369
2018-09-28,Tungabhadra,215.35,36.913154842105264
2018-09-29,Tungabhadra,203.457,36.61576789473684
2018-09-30,Tungabhadra,80.788,36.318380947368425
2018-10-01,Tungabhadra,229.876,36.020994
2018-10-02,Tungabhadra,216.029,19.069938000000004
2018-10-03,Tungabhadra,192.045,7.769234000000001
2018-10-04,Tungabhadra,221.041,4.590911
2018-10-05,Tungabhadra,220.079,2.8251760000000004
2018-10-06,Tungabhadra,180.605,4.590911
2018-10-07,Tungabhadra,173.469,46.262257000000005
2018-10-08,Tungabhadra,144.671,97.821719
2018-10-09,Tungabhadra,121.026,97.821719
2018-10-10,Tungabhadra,88.83,82.636398
2018-10-11,Tungabhadra,33.839,61.094431
2018-10-12,Tungabhadra,21.266,41.318199
2018-10-13,Tungabhadra,38.992,41.0003667
2018-10-14,Tungabhadra,30.384,40.6825344
2018-10-15,Tungabhadra,24.664,40.3647021
2018-10-16,Tungabhadra,14.725,40.0468698
2018-10-17,Tungabhadra,46.326,39.7290375
2018-10-18,Tungabhadra,32.225,39.411205200000005
2018-10-19,Tungabhadra,23.645,39.0933729
2018-10-20,Tungabhadra,396.521,38.77554060000001
2018-10-21,Tungabhadra,447.519,38.4577083
2018-10-22,Tungabhadra,441.913,38.13987600000001
2018-10-23,Tungabhadra,380.862,37.8220437
2018-10-24,Tungabhadra,362.824,37.5042114
2018-10-25,Tungabhadra,163.218,37.1863791
2018-10-26,Tungabhadra,94.663,36.8685468
2018-10-27,Tungabhadra,82.062,36.5507145
2018-10-28,Tungabhadra,67.621,36.232882200000006
2018-10-29,Tungabhadra,53.349,35.9150499
2018-10-30,Tungabhadra,25.485,35.5972176
2018-10-31,Tungabhadra,8.778,35.2793853
2018-11-01,Tungabhadra,1.727,34.961553
2018-11-02,Tungabhadra,4.474,18.363644
2018-11-03,Tungabhadra,0.0,7.416087
2018-11-04,Tungabhadra,0.0,4.590911
2018-11-05,Tungabhadra,0.453,2.8251760000000004
2018-11-06,Tungabhadra,0.0,4.590911
2018-11-07,Tungabhadra,3.058,50.146874
2018-11-08,Tungabhadra,1.926,97.821719
2018-11-09,Tungabhadra,0.0,97.468572
2018-11-10,Tungabhadra,0.0,81.930104
2018-11-11,Tungabhadra,2.067,60.388137
2018-11-12,Tungabhadra,0.0,40.965052
2018-11-13,Tungabhadra,0.0,40.611905
2018-11-14,Tungabhadra,0.0,40.258758
2018-11-15,Tungabhadra,0.0,39.905611
2018-11-16,Tungabhadra,0.0,39.55246400000001
2018-11-17,Tungabhadra,0.0,39.19931700000001
2018-11-18,Tungabhadra,0.0,38.84617000000001
2018-11-19,Tungabhadra,0.623,38.49302300000001
2018-11-20,Tungabhadra,0.0,38.139876
2018-11-21,Tungabhadra,0.0,37.786729
2018-11-22,Tungabhadra,0.0,37.433582
2018-11-23,Tungabhadra,0.0,37.080435
2018-11-24,Tungabhadra,0.0,36.727288
2018-11-25,Tungabhadra,0.0,36.374141
2018-11-26,Tungabhadra,0.0,36.020994
2018-11-27,Tungabhadra,0.0,35.667847
2018-11-28,Tungabhadra,0.0,35.3147
2018-11-29,Tungabhadra,0.0,34.961553
2018-11-30,Tungabhadra,0.0,34.608406
2018-12-01,Tungabhadra,0.0,34.255259
2018-12-02,Tungabhadra,0.0,18.010497
2018-12-03,Tungabhadra,0.0,7.416087
2018-12-04,Tungabhadra,0.0,4.590911
2018-12-05,Tungabhadra,0.0,2.4720290000000005
2018-12-06,Tungabhadra,0.0,4.590911
2018-12-07,Tungabhadra,0.0,54.384638
2018-12-08,Tungabhadra,0.0,96.409131
2018-12-09,Tungabhadra,0.0,97.115425
2018-12-10,Tungabhadra,0.0,80.87066300000001
2018-12-11,Tungabhadra,0.0,59.681843
2018-12-12,Tungabhadra,0.0,40.258758
2018-12-13,Tungabhadra,0.0,39.7290375
2018-12-14,Tungabhadra,0.0,39.19931700000001
2018-12-15,Tungabhadra,0.0,38.6695965
2018-12-16,Tungabhadra,0.0,38.139876
2018-12-17,Tungabhadra,0.0,37.6101555
2018-12-18,Tungabhadra,0.0,37.080435
2018-12-19,Tungabhadra,0.0,36.5507145
2018-12-20,Tungabhadra,0.0,36.020994
2018-12-21,Tungabhadra,0.0,35.4912735
2018-12-22,Tungabhadra,0.0,34.961553
2018-12-23,Tungabhadra,0.0,34.4318325
2018-12-24,Tungabhadra,0.0,33.902112
2018-12-25,Tungabhadra,0.0,33.3723915
2018-12-26,Tungabhadra,0.0,32.842671
2018-12-27,Tungabhadra,0.0,32.31295050000001
2018-12-28,Tungabhadra,0.0,31.78323
2018-12-29,Tungabhadra,0.0,31.253509500000003
2018-12-30,Tungabhadra,0.0,30.723789
2018-12-31,Tungabhadra,0.0,30.1940685
2019-01-01,Tungabhadra,0.0,29.664348
2019-01-02,Tungabhadra,0.0,19.069938000000004
2019-01-03,Tungabhadra,0.0,13.066439
2019-01-04,Tungabhadra,0.0,7.416087
2019-01-05,Tungabhadra,0.0,3.531470000000001
2019-01-06,Tungabhadra,0.0,2.4720290000000005
2019-01-07,Tungabhadra,0.0,1.7657350000000005
2019-01-08,Tungabhadra,0.0,28.251760000000004
2019-01-09,Tungabhadra,0.0,101.000042
2019-01-10,Tungabhadra,0.0,101.000042
2019-01-11,Tungabhadra,0.0,101.000042
2019-01-12,Tungabhadra,0.0,90.405632
2019-01-13,Tungabhadra,0.0,87.3332531
2019-01-14,Tungabhadra,0.0,84.2608742
2019-01-15,Tungabhadra,0.0,81.1884953
2019-01-16,Tungabhadra,0.0,78.11611640000001
2019-01-17,Tungabhadra,0.0,75.0437375
2019-01-18,Tungabhadra,0.0,71.9713586
2019-01-19,Tungabhadra,0.0,68.89897970000001
2019-01-20,Tungabhadra,0.0,65.82660080000001
2019-01-21,Tungabhadra,0.0,62.7542219
2019-01-22,Tungabhadra,0.0,59.681843
2019-01-23,Tungabhadra,0.0,56.6094641
2019-01-24,Tungabhadra,0.0,53.53708519999999
2019-01-25,Tungabhadra,0.0,50.4647063
2019-01-26,Tungabhadra,0.0,47.392327400000006
2019-01-27,Tungabhadra,0.0,44.3199485
2019-01-28,Tungabhadra,0.0,41.24756959999999
2019-01-29,Tungabhadra,0.0,38.17519069999999
2019-01-30,Tungabhadra,0.0,35.10281179999999
2019-01-31,Tungabhadra,0.0,32.030432899999994
2019-02-01,Tungabhadra,0.0,28.958054
2019-02-02,Tungabhadra,0.0,18.716791
2019-02-03,Tungabhadra,0.0,12.713292
2019-02-04,Tungabhadra,0.0,7.062940000000001
2019-02-05,Tungabhadra,0.0,3.531470000000001
2019-02-06,Tungabhadra,0.0,2.4720290000000005
2019-02-07,Tungabhadra,0.0,1.7657350000000005
2019-02-08,Tungabhadra,0.0,30.370642
2019-02-09,Tungabhadra,0.0,101.000042
2019-02-10,Tungabhadra,0.0,101.000042
2019-02-11,Tungabhadra,0.0,101.000042
2019-02-12,Tungabhadra,0.0,89.69933800000001
2019-02-13,Tungabhadra,0.0,86.1055479411765
2019-02-14,Tungabhadra,0.0,82.51175788235294
2019-02-15,Tungabhadra,0.0,78.91796782352942
2019-02-16,Tungabhadra,0.0,75.32417776470588
2019-02-17,Tungabhadra,0.0,71.73038770588238
2019-02-18,Tungabhadra,0.0,68.13659764705884
2019-02-19,Tungabhadra,0.0,64.54280758823529
2019-02-20,Tungabhadra,0.0,60.94901752941177
2019-02-21,Tungabhadra,0.0,57.35522747058823
2019-02-22,Tungabhadra,0.0,53.7614374117647
2019-02-23,Tungabhadra,0.0,50.16764735294118
2019-02-24,Tungabhadra,0.0,46.57385729411765
2019-02-25,Tungabhadra,0.0,42.98006723529412
2019-02-26,Tungabhadra,0.0,39.386277176470585
2019-02-27,Tungabhadra,0.0,35.792487117647056
2019-02-28,Tungabhadra,0.0,32.19869705882353
2019-03-01,Tungabhadra,0.0,28.604907000000004
2019-03-02,Tungabhadra,0.0,18.716791
2019-03-03,Tungabhadra,0.0,12.360145
2019-03-04,Tungabhadra,0.0,7.062940000000001
2019-03-05,Tungabhadra,0.0,3.178323
2019-03-06,Tungabhadra,0.0,2.4720290000000005
2019-03-07,Tungabhadra,0.0,1.7657350000000005
2019-03-08,Tungabhadra,0.0,32.136377
2019-03-09,Tungabhadra,0.0,101.000042
2019-03-10,Tungabhadra,0.0,101.000042
2019-03-11,Tungabhadra,0.0,101.000042
2019-03-12,Tungabhadra,0.0,88.99304400000001
2019-03-13,Tungabhadra,0.0,85.93832245
2019-03-14,Tungabhadra,0.0,82.8836009
2019-03-15,Tungabhadra,0.0,79.82887935000001
2019-03-16,Tungabhadra,0.0,76.7741578
2019-03-17,Tungabhadra,0.0,73.71943625
2019-03-18,Tungabhadra,0.0,70.6647147
2019-03-19,Tungabhadra,0.0,67.60999315000001
2019-03-20,Tungabhadra,0.0,64.55527160000001
2019-03-21,Tungabhadra,0.0,61.50055005000001
2019-03-22,Tungabhadra,0.0,58.445828500000005
2019-03-23,Tungabhadra,0.0,55.39110695
2019-03-24,Tungabhadra,0.0,52.336385400000005
2019-03-25,Tungabhadra,0.0,49.28166385
2019-03-26,Tungabhadra,0.0,46.2269423
2019-03-27,Tungabhadra,0.0,43.17222075
2019-03-28,Tungabhadra,0.0,40.1174992
2019-03-29,Tungabhadra,0.0,37.06277765000001
2019-03-30,Tungabhadra,0.0,34.0080561
2019-03-31,Tungabhadra,0.0,30.953334550000005
2019-04-01,Tungabhadra,0.0,27.898613000000005
2019-04-02,Tungabhadra,0.0,18.363644
2019-04-03,Tungabhadra,0.0,12.360145
2019-04-04,Tungabhadra,0.0,6.709793
2019-04-05,Tungabhadra,0.0,3.178323
2019-04-06,Tungabhadra,0.0,2.4720290000000005
2019-04-07,Tungabhadra,0.0,1.7657350000000005
2019-04-08,Tungabhadra,0.0,33.548965
2019-04-09,Tungabhadra,0.0,101.000042
2019-04-10,Tungabhadra,0.0,101.000042
2019-04-11,Tungabhadra,0.0,101.000042
2019-04-12,Tungabhadra,0.0,88.63989699999999
2019-04-13,Tungabhadra,0.0,85.42440063157895
2019-04-14,Tungabhadra,0.0,82.20890426315788
2019-04-15,Tungabhadra,0.0,78.99340789473682
2019-04-16,Tungabhadra,0.0,75.77791152631579
2019-04-17,Tungabhadra,0.0,72.56241515789473
2019-04-18,Tungabhadra,0.0,69.34691878947369
2019-04-19,Tungabhadra,0.0,66.13142242105263
2019-04-20,Tungabhadra,0.0,62.915926052631576
2019-04-21,Tungabhadra,0.0,59.700429684210526
2019-04-22,Tungabhadra,0.0,56.48493331578947
2019-04-23,Tungabhadra,0.0,53.26943694736842
2019-04-24,Tungabhadra,0.0,50.05394057894737
2019-04-25,Tungabhadra,0.0,46.83844421052631
2019-04-26,Tungabhadra,0.0,43.62294784210527
2019-04-27,Tungabhadra,0.0,40.40745147368422
2019-04-28,Tungabhadra,0.0,37.19195510526316
2019-04-29,Tungabhadra,0.0,33.97645873684211
2019-04-30,Tungabhadra,0.0,30.76096236842106
2019-05-01,Tungabhadra,0.0,27.545466
2019-05-02,Tungabhadra,0.0,18.363644
2019-05-03,Tungabhadra,0.0,12.006998
2019-05-04,Tungabhadra,0.0,6.3566460000000005
2019-05-05,Tungabhadra,0.0,3.178323
2019-05-06,Tungabhadra,0.0,2.4720290000000005
2019-05-07,Tungabhadra,0.0,1.7657350000000005
2019-05-08,Tungabhadra,0.0,34.961553
2019-05-09,Tungabhadra,0.0,101.000042
2019-05-10,Tungabhadra,0.0,101.000042
2019-05-11,Tungabhadra,0.0,101.000042
2019-05-12,Tungabhadra,0.0,88.28675000000001
2019-05-13,Tungabhadra,0.0,85.23202845
2019-05-14,Tungabhadra,0.0,82.1773069
2019-05-15,Tungabhadra,0.0,79.12258535000001
2019-05-16,Tungabhadra,0.0,76.0678638
2019-05-17,Tungabhadra,0.0,73.01314225
2019-05-18,Tungabhadra,0.0,69.9584207
2019-05-19,Tungabhadra,0.0,66.90369915000001
2019-05-20,Tungabhadra,0.0,63.848977600000005
2019-05-21,Tungabhadra,0.0,60.79425605
2019-05-22,Tungabhadra,0.0,57.739534500000005
2019-05-23,Tungabhadra,0.0,54.68481295
2019-05-24,Tungabhadra,0.0,51.630091400000005
2019-05-25,Tungabhadra,0.0,48.57536985
2019-05-26,Tungabhadra,0.0,45.5206483
2019-05-27,Tungabhadra,0.0,42.46592675
2019-05-28,Tungabhadra,0.0,39.411205200000005
2019-05-29,Tungabhadra,0.0,36.35648365000001
2019-05-30,Tungabhadra,0.0,33.3017621
2019-05-31,Tungabhadra,0.0,30.247040550000005
2019-06-01,Tungabhadra,0.0,27.192319
2019-06-02,Tungabhadra,0.0,18.010497
2019-06-03,Tungabhadra,0.0,12.006998
2019-06-04,Tungabhadra,0.0,6.003499000000001
2019-06-05,Tungabhadra,0.0,3.178323
2019-06-06,Tungabhadra,0.0,2.4720290000000005
2019-06-07,Tungabhadra,0.0,1.7657350000000005
2019-06-08,Tungabhadra,0.0,36.727288
2019-06-09,Tungabhadra,0.0,99.587454
2019-06-10,Tungabhadra,0.0,101.000042
2019-06-11,Tungabhadra,0.0,101.000042
2019-06-12,Tungabhadra,0.0,87.580456
2019-06-13,Tungabhadra,0.0,84.36495963157896
2019-06-14,Tungabhadra,0.0,81.14946326315788
2019-06-15,Tungabhadra,0.0,77.93396689473684
2019-06-16,Tungabhadra,0.0,74.71847052631578
2019-06-17,Tungabhadra,0.0,71.50297415789474
2019-06-18,Tungabhadra,0.0,68.2874777894737
2019-06-19,Tungabhadra,0.0,65.07198142105264
2019-06-20,Tungabhadra,0.0,61.85648505263158
2019-06-21,Tungabhadra,0.0,58.64098868421053
2019-06-22,Tungabhadra,0.0,55.42549231578948
2019-06-23,Tungabhadra,0.0,52.20999594736842
2019-06-24,Tungabhadra,0.0,48.99449957894737
2019-06-25,Tungabhadra,0.0,45.77900321052631
2019-06-26,Tungabhadra,0.0,42.56350684210526
2019-06-27,Tungabhadra,0.0,39.34801047368421
2019-06-28,Tungabhadra,0.0,36.13251410526316
2019-06-29,Tungabhadra,0.0,32.917017736842105
2019-06-30,Tungabhadra,0.0,29.70152136842105
2019-07-01,Tungabhadra,0.0,26.486025
2019-07-02,Tungabhadra,0.0,18.010497
2019-07-03,Tungabhadra,0.0,11.653851
2019-07-04,Tungabhadra,0.0,6.003499000000001
2019-07-05,Tungabhadra,0.0,3.178323
2019-07-06,Tungabhadra,0.0,2.4720290000000005
2019-07-07,Tungabhadra,0.0,1.7657350000000005
2019-07-08,Tungabhadra,0.0,40.965052
2019-07-09,Tungabhadra,422.232,98.88116
2019-07-10,Tungabhadra,364.579,101.000042
2019-07-11,Tungabhadra,366.193,101.000042
2019-07-12,Tungabhadra,582.194,87.227309
2019-07-13,Tungabhadra,762.997,84.17258745000001
2019-07-14,Tungabhadra,568.064,81.11786590000001
2019-07-15,Tungabhadra,425.489,78.06314435000002
2019-07-16,Tungabhadra,364.579,75.0084228
2019-07-17,Tungabhadra,305.142,71.95370125000001
2019-07-18,Tungabhadra,220.022,68.89897970000001
2019-07-19,Tungabhadra,231.235,65.84425815
2019-07-20,Tungabhadra,166.786,62.789536600000005
2019-07-21,Tungabhadra,138.611,59.73481505
2019-07-22,Tungabhadra,124.056,56.680093500000005
2019-07-23,Tungabhadra,241.288,53.62537195
2019-07-24,Tungabhadra,383.693,50.5706504
2019-07-25,Tungabhadra,556.256,47.51592885
2019-07-26,Tungabhadra,456.581,44.4612073
2019-07-27,Tungabhadra,430.756,41.40648575000001
2019-07-28,Tungabhadra,406.29,38.351764200000005
2019-07-29,Tungabhadra,415.776,35.297042649999995
2019-07-30,Tungabhadra,432.71,32.2423211
2019-07-31,Tungabhadra,413.794,29.187599549999995
2019-08-01,Tungabhadra,602.356,26.132878
2019-08-02,Tungabhadra,703.957,17.65735
2019-08-03,Tungabhadra,568.914,11.653851
2019-08-04,Tungabhadra,504.521,5.650352000000001
2019-08-05,Tungabhadra,473.911,3.178323
2019-08-06,Tungabhadra,652.76,2.4720290000000005
2019-08-07,Tungabhadra,1154.789,1.7657350000000005
2019-08-08,Tungabhadra,2900.891,48.734286
2019-08-09,Tungabhadra,4024.22,97.468572
2019-08-10,Tungabhadra,5210.64,101.000042
2019-08-11,Tungabhadra,5954.523,101.000042
2019-08-12,Tungabhadra,6212.914,86.874162
2019-08-13,Tungabhadra,6790.663,83.81944045
2019-08-14,Tungabhadra,4363.881,80.7647189
2019-08-15,Tungabhadra,2642.981,77.70999735
2019-08-16,Tungabhadra,1914.502,74.6552758
2019-08-17,Tungabhadra,2170.033,71.60055425
2019-08-18,Tungabhadra,2229.215,68.5458327
2019-08-19,Tungabhadra,1449.738,65.49111115000001
2019-08-20,Tungabhadra,999.698,62.436389600000005
2019-08-21,Tungabhadra,933.408,59.38166805
2019-08-22,Tungabhadra,911.548,56.326946500000005
2019-08-23,Tungabhadra,779.025,53.27222495
2019-08-24,Tungabhadra,343.427,50.2175034
2019-08-25,Tungabhadra,320.377,47.16278185
2019-08-26,Tungabhadra,328.532,44.108060300000005
2019-08-27,Tungabhadra,338.698,41.05333875000001
2019-08-28,Tungabhadra,338.33,37.998617200000005
2019-08-29,Tungabhadra,326.437,34.94389565
2019-08-30,Tungabhadra,324.171,31.8891741
2019-08-31,Tungabhadra,322.628,28.83445255
2019-09-01,Tungabhadra,321.085,25.779731
2019-09-02,Tungabhadra,327.314,17.65735
2019-09-03,Tungabhadra,334.875,11.300704
2019-09-04,Tungabhadra,643.755,5.297205
2019-09-05,Tungabhadra,1108.378,3.178323
2019-09-06,Tungabhadra,1755.248,2.4720290000000005
2019-09-07,Tungabhadra,2398.833,3.178323
2019-09-08,Tungabhadra,2756.702,60.741284
2019-09-09,Tungabhadra,2733.878,97.468572
2019-09-10,Tungabhadra,2692.451,101.000042
2019-09-11,Tungabhadra,2937.816,101.000042
2019-09-12,Tungabhadra,2464.104,86.167868
2019-09-13,Tungabhadra,909.424,82.97095831578947
2019-09-14,Tungabhadra,1016.377,79.77404863157895
2019-09-15,Tungabhadra,818.13,76.57713894736843
2019-09-16,Tungabhadra,576.842,73.38022926315789
2019-09-17,Tungabhadra,563.76,70.18331957894738
2019-09-18,Tungabhadra,602.554,66.98640989473684
2019-09-19,Tungabhadra,780.922,63.78950021052631
2019-09-20,Tungabhadra,489.174,60.59259052631579
2019-09-21,Tungabhadra,343.455,57.395680842105264
2019-09-22,Tungabhadra,454.995,54.19877115789473
2019-09-23,Tungabhadra,316.554,51.00186147368421
2019-09-24,Tungabhadra,279.063,47.80495178947368
2019-09-25,Tungabhadra,319.584,44.60804210526316
2019-09-26,Tungabhadra,382.164,41.41113242105263
2019-09-27,Tungabhadra,729.046,38.21422273684211
2019-09-28,Tungabhadra,270.284,35.01731305263157
2019-09-29,Tungabhadra,337.027,31.82040336842105
2019-09-30,Tungabhadra,348.58,28.623493684210523
2019-10-01,Tungabhadra,349.94,25.426584
2019-10-02,Tungabhadra,359.029,17.304203
2019-10-03,Tungabhadra,273.059,11.300704
2019-10-04,Tungabhadra,271.7,5.297205
2019-10-05,Tungabhadra,259.722,3.178323
2019-10-06,Tungabhadra,348.326,2.4720290000000005
2019-10-07,Tungabhadra,753.37,4.237764
2019-10-08,Tungabhadra,989.079,76.27975200000002
2019-10-09,Tungabhadra,972.854,98.528013
2019-10-10,Tungabhadra,361.946,101.000042
2019-10-11,Tungabhadra,982.481,101.000042
2019-10-12,Tungabhadra,474.902,85.814721
2019-10-13,Tungabhadra,635.855,82.75999945000001
2019-10-14,Tungabhadra,412.01,79.70527790000001
2019-10-15,Tungabhadra,685.834,76.65055635
2019-10-16,Tungabhadra,583.016,73.5958348
2019-10-17,Tungabhadra,418.183,70.54111325000001
2019-10-18,Tungabhadra,282.574,67.4863917
2019-10-19,Tungabhadra,537.171,64.43167015
2019-10-20,Tungabhadra,702.031,61.376948600000006
2019-10-21,Tungabhadra,1014.564,58.32222705
2019-10-22,Tungabhadra,2741.949,55.2675055
2019-10-23,Tungabhadra,4098.835,52.21278395
2019-10-24,Tungabhadra,3099.874,49.1580624
2019-10-25,Tungabhadra,1961.366,46.10334085000001
2019-10-26,Tungabhadra,1594.012,43.048619300000006
2019-10-27,Tungabhadra,1417.371,39.99389775
2019-10-28,Tungabhadra,1635.128,36.9391762
2019-10-29,Tungabhadra,1650.561,33.884454649999995
2019-10-30,Tungabhadra,1005.333,30.829733099999995
2019-10-31,Tungabhadra,671.024,27.77501154999999
2019-11-01,Tungabhadra,579.646,24.72029
2019-11-02,Tungabhadra,561.466,17.304203
2019-11-03,Tungabhadra,593.38,10.947557
2019-11-04,Tungabhadra,347.278,4.944058000000001
2019-11-05,Tungabhadra,303.868,3.178323
2019-11-06,Tungabhadra,304.746,2.4720290000000005
2019-11-07,Tungabhadra,305.369,5.297205
2019-11-08,Tungabhadra,308.795,88.63989699999999
2019-11-09,Tungabhadra,316.101,99.94060100000002
2019-11-10,Tungabhadra,426.622,101.000042
2019-11-11,Tungabhadra,393.717,101.000042
2019-11-12,Tungabhadra,320.858,85.461574
2019-11-13,Tungabhadra,278.468,82.24607763157896
2019-11-14,Tungabhadra,132.834,79.0305812631579
2019-11-15,Tungabhadra,191.082,75.81508489473684
2019-11-16,Tungabhadra,131.22,72.59958852631578
2019-11-17,Tungabhadra,160.896,69.38409215789474
2019-11-18,Tungabhadra,103.696,66.1685957894737
2019-11-19,Tungabhadra,138.611,62.95309942105264
2019-11-20,Tungabhadra,127.482,59.73760305263158
2019-11-21,Tungabhadra,95.399,56.52210668421053
2019-11-22,Tungabhadra,113.72,53.30661031578948
2019-11-23,Tungabhadra,106.896,50.09111394736842
2019-11-24,Tungabhadra,105.197,46.87561757894737
2019-11-25,Tungabhadra,97.948,43.66012121052631
2019-11-26,Tungabhadra,107.802,40.44462484210526
2019-11-27,Tungabhadra,91.747,37.22912847368422
2019-11-28,Tungabhadra,85.375,34.01363210526316
2019-11-29,Tungabhadra,80.307,30.798135736842102
2019-11-30,Tungabhadra,70.424,27.58263936842105
2019-12-01,Tungabhadra,63.062,24.367143
2019-12-02,Tungabhadra,64.138,16.951056
2019-12-03,Tungabhadra,70.707,10.947557
2019-12-04,Tungabhadra,61.278,4.944058000000001
2019-12-05,Tungabhadra,96.221,3.178323
2019-12-06,Tungabhadra,81.184,2.118882
2019-12-07,Tungabhadra,80.222,7.062940000000001
2019-12-08,Tungabhadra,73.001,88.63989699999999
2019-12-09,Tungabhadra,67.621,101.000042
2019-12-10,Tungabhadra,66.545,101.000042
2019-12-11,Tungabhadra,62.297,101.000042
2019-12-12,Tungabhadra,62.382,84.75528
2019-12-13,Tungabhadra,57.823,84.2961889
2019-12-14,Tungabhadra,59.041,83.83709780000001
2019-12-15,Tungabhadra,51.508,83.37800670000001
2019-12-16,Tungabhadra,53.519,82.9189156
2019-12-17,Tungabhadra,45.845,82.4598245
2019-12-18,Tungabhadra,43.891,82.0007334
2019-12-19,Tungabhadra,35.311,81.5416423
2019-12-20,Tungabhadra,35.906,81.0825512
2019-12-21,Tungabhadra,25.995,80.6234601
2019-12-22,Tungabhadra,27.751,80.16436900000001
2019-12-23,Tungabhadra,25.202,79.70527790000001
2019-12-24,Tungabhadra,22.682,79.24618680000002
2019-12-25,Tungabhadra,20.162,78.7870957
2019-12-26,Tungabhadra,17.641,78.3280046
2019-12-27,Tungabhadra,15.121,77.8689135
2019-12-28,Tungabhadra,12.601,77.40982240000001
2019-12-29,Tungabhadra,10.081,76.95073130000002
2019-12-30,Tungabhadra,7.561,76.4916402
2019-12-31,Tungabhadra,5.04,76.03254910000001
2020-01-01,Tungabhadra,2.52,75.573458
2020-01-02,Tungabhadra,0.0,48.734286
2020-01-03,Tungabhadra,0.0,28.251760000000004
2020-01-04,Tungabhadra,0.0,9.534969000000002
2020-01-05,Tungabhadra,0.0,3.178323
2020-01-06,Tungabhadra,0.0,6.3566460000000005
2020-01-07,Tungabhadra,0.0,10.241263
2020-01-08,Tungabhadra,0.0,40.258758
2020-01-09,Tungabhadra,0.0,100.646895
2020-01-10,Tungabhadra,0.0,101.000042
2020-01-11,Tungabhadra,0.0,99.94060100000002
2020-01-12,Tungabhadra,0.0,82.283251
2020-01-13,Tungabhadra,0.0,81.91244665
2020-01-14,Tungabhadra,0.0,81.5416423
2020-01-15,Tungabhadra,0.0,81.17083795
2020-01-16,Tungabhadra,0.0,80.80003360000002
2020-01-17,Tungabhadra,0.0,80.42922925
2020-01-18,Tungabhadra,0.0,80.0584249
2020-01-19,Tungabhadra,0.0,79.68762055
2020-01-20,Tungabhadra,0.0,79.3168162
2020-01-21,Tungabhadra,0.0,78.94601185
2020-01-22,Tungabhadra,0.0,78.5752075
2020-01-23,Tungabhadra,0.0,78.20440315
2020-01-24,Tungabhadra,0.0,77.8335988
2020-01-25,Tungabhadra,0.0,77.46279444999999
2020-01-26,Tungabhadra,0.0,77.09199010000002
2020-01-27,Tungabhadra,0.0,76.72118575000002
2020-01-28,Tungabhadra,0.0,76.3503814
2020-01-29,Tungabhadra,0.0,75.97957705
2020-01-30,Tungabhadra,0.0,75.6087727
2020-01-31,Tungabhadra,0.0,75.23796835
2020-02-01,Tungabhadra,0.0,74.867164
2020-02-02,Tungabhadra,0.0,48.027992000000005
2020-02-03,Tungabhadra,0.0,27.545466
2020-02-04,Tungabhadra,0.0,9.181822
2020-02-05,Tungabhadra,0.0,3.178323
2020-02-06,Tungabhadra,0.0,6.3566460000000005
2020-02-07,Tungabhadra,0.0,10.59441
2020-02-08,Tungabhadra,0.0,39.905611
2020-02-09,Tungabhadra,0.0,100.646895
2020-02-10,Tungabhadra,0.0,101.000042
2020-02-11,Tungabhadra,0.0,99.587454
2020-02-12,Tungabhadra,0.0,82.283251
2020-02-13,Tungabhadra,0.0,81.83200761111111
2020-02-14,Tungabhadra,0.0,81.38076422222223
2020-02-15,Tungabhadra,0.0,80.92952083333334
2020-02-16,Tungabhadra,0.0,80.47827744444446
2020-02-17,Tungabhadra,0.0,80.02703405555556
2020-02-18,Tungabhadra,0.0,79.57579066666668
2020-02-19,Tungabhadra,0.0,79.1245472777778
2020-02-20,Tungabhadra,0.0,78.6733038888889
2020-02-21,Tungabhadra,0.0,78.2220605
2020-02-22,Tungabhadra,0.0,77.77081711111111
2020-02-23,Tungabhadra,0.0,77.31957372222223
2020-02-24,Tungabhadra,0.0,76.86833033333335
2020-02-25,Tungabhadra,0.0,76.41708694444445
2020-02-26,Tungabhadra,0.0,75.96584355555557
2020-02-27,Tungabhadra,0.0,75.51460016666668
2020-02-28,Tungabhadra,0.0,75.0633567777778
2020-02-29,Tungabhadra,0.0,74.61211338888889
2020-03-01,Tungabhadra,0.0,74.16087
2020-03-02,Tungabhadra,0.0,47.674845000000005
2020-03-03,Tungabhadra,0.0,27.192319
2020-03-04,Tungabhadra,0.0,8.475528
2020-03-05,Tungabhadra,0.0,3.178323
2020-03-06,Tungabhadra,0.0,6.3566460000000005
2020-03-07,Tungabhadra,0.0,10.59441
2020-03-08,Tungabhadra,0.0,39.905611
2020-03-09,Tungabhadra,0.0,100.646895
2020-03-10,Tungabhadra,0.0,101.000042
2020-03-11,Tungabhadra,0.0,99.234307
2020-03-12,Tungabhadra,0.0,82.283251
2020-03-13,Tungabhadra,0.0,81.84181725
2020-03-14,Tungabhadra,0.0,81.4003835
2020-03-15,Tungabhadra,0.0,80.95894975
2020-03-16,Tungabhadra,0.0,80.517516
2020-03-17,Tungabhadra,0.0,80.07608225000001
2020-03-18,Tungabhadra,0.0,79.6346485
2020-03-19,Tungabhadra,0.0,79.19321475000001
2020-03-20,Tungabhadra,0.0,78.75178100000001
2020-03-21,Tungabhadra,0.0,78.31034724999999
2020-03-22,Tungabhadra,0.0,77.8689135
2020-03-23,Tungabhadra,0.0,77.42747975
2020-03-24,Tungabhadra,0.0,76.98604600000002
2020-03-25,Tungabhadra,0.0,76.54461225
2020-03-26,Tungabhadra,0.0,76.1031785
2020-03-27,Tungabhadra,0.0,75.66174475000001
2020-03-28,Tungabhadra,0.0,75.220311
2020-03-29,Tungabhadra,0.0,74.77887725000001
2020-03-30,Tungabhadra,0.0,74.3374435
2020-03-31,Tungabhadra,0.0,73.89600974999999
2020-04-01,Tungabhadra,0.0,73.454576
2020-04-02,Tungabhadra,0.0,46.968551000000005
2020-04-03,Tungabhadra,0.0,26.486025
2020-04-04,Tungabhadra,0.0,8.122381
2020-04-05,Tungabhadra,0.0,3.178323
2020-04-06,Tungabhadra,0.0,6.3566460000000005
2020-04-07,Tungabhadra,0.0,10.947557
2020-04-08,Tungabhadra,0.0,39.55246400000001
2020-04-09,Tungabhadra,0.0,100.646895
2020-04-10,Tungabhadra,42.589,101.000042
2020-04-11,Tungabhadra,62.467,98.88116
2020-04-12,Tungabhadra,65.723,82.283251
2020-04-13,Tungabhadra,68.357,81.7814105263158
2020-04-14,Tungabhadra,69.574,81.27957005263158
2020-04-15,Tungabhadra,69.659,80.77772957894739
2020-04-16,Tungabhadra,47.544,80.27588910526316
2020-04-17,Tungabhadra,42.334,79.77404863157896
2020-04-18,Tungabhadra,29.534,79.27220815789477
2020-04-19,Tungabhadra,18.236,78.77036768421054
2020-04-20,Tungabhadra,3.426,78.26852721052633
2020-04-21,Tungabhadra,0.0,77.76668673684212
2020-04-22,Tungabhadra,0.0,77.26484626315789
2020-04-23,Tungabhadra,0.0,76.7630057894737
2020-04-24,Tungabhadra,0.0,76.26116531578947
2020-04-25,Tungabhadra,0.0,75.75932484210526
2020-04-26,Tungabhadra,0.0,75.25748436842107
2020-04-27,Tungabhadra,0.0,74.75564389473685
2020-04-28,Tungabhadra,0.0,74.25380342105264
2020-04-29,Tungabhadra,0.0,73.75196294736843
2020-04-30,Tungabhadra,0.0,73.2501224736842
2020-05-01,Tungabhadra,0.0,72.748282
2020-05-02,Tungabhadra,0.0,46.262257000000005
2020-05-03,Tungabhadra,0.0,25.779731
2020-05-04,Tungabhadra,0.0,7.416087
2020-05-05,Tungabhadra,0.0,3.178323
2020-05-06,Tungabhadra,0.0,6.3566460000000005
2020-05-07,Tungabhadra,0.0,10.947557
2020-05-08,Tungabhadra,68.187,39.55246400000001
2020-05-09,Tungabhadra,84.866,100.646895
2020-05-10,Tungabhadra,84.073,101.000042
2020-05-11,Tungabhadra,79.542,98.528013
2020-05-12,Tungabhadra,55.529,82.283251
2020-05-13,Tungabhadra,26.25,81.7535305
2020-05-14,Tungabhadra,25.485,81.22381
2020-05-15,Tungabhadra,31.715,80.6940895
2020-05-16,Tungabhadra,20.19,80.16436900000001
2020-05-17,Tungabhadra,50.008,79.6346485
2020-05-18,Tungabhadra,54.991,79.10492800000002
2020-05-19,Tungabhadra,52.273,78.5752075
2020-05-20,Tungabhadra,53.349,78.04548700000001
2020-05-21,Tungabhadra,65.638,77.5157665
2020-05-22,Tungabhadra,68.612,76.98604600000002
2020-05-23,Tungabhadra,68.13,76.4563255
2020-05-24,Tungabhadra,68.64,75.926605
2020-05-25,Tungabhadra,53.377,75.3968845
2020-05-26,Tungabhadra,74.02,74.867164
2020-05-27,Tungabhadra,60.258,74.3374435
2020-05-28,Tungabhadra,51.82,73.807723
2020-05-29,Tungabhadra,31.035,73.27800250000001
2020-05-30,Tungabhadra,27.467,72.748282
2020-05-31,Tungabhadra,19.935,72.2185615
2020-06-01,Tungabhadra,26.929,71.688841
2020-06-02,Tungabhadra,16.169,45.555963000000006
2020-06-03,Tungabhadra,14.895,25.426584
2020-06-04,Tungabhadra,9.175,7.062940000000001
2020-06-05,Tungabhadra,0.821,3.178323
2020-06-06,Tungabhadra,0.878,6.3566460000000005
2020-06-07,Tungabhadra,1.529,10.947557
2020-06-08,Tungabhadra,4.842,40.258758
2020-06-09,Tungabhadra,2.407,100.293748
2020-06-10,Tungabhadra,2.407,100.646895
2020-06-11,Tungabhadra,3.483,97.821719
2020-06-12,Tungabhadra,2.294,81.930104
2020-06-13,Tungabhadra,3.398,81.3539167894737
2020-06-14,Tungabhadra,3.625,80.77772957894737
2020-06-15,Tungabhadra,6.201,80.20154236842104
2020-06-16,Tungabhadra,4.078,79.62535515789475
2020-06-17,Tungabhadra,3.794,79.04916794736842
2020-06-18,Tungabhadra,2.832,78.4729807368421
2020-06-19,Tungabhadra,3.738,77.89679352631579
2020-06-20,Tungabhadra,18.208,77.32060631578946
2020-06-21,Tungabhadra,99.732,76.74441910526315
2020-06-22,Tungabhadra,180.435,76.16823189473685
2020-06-23,Tungabhadra,192.017,75.59204468421053
2020-06-24,Tungabhadra,158.348,75.0158574736842
2020-06-25,Tungabhadra,168.712,74.4396702631579
2020-06-26,Tungabhadra,134.845,73.86348305263158
2020-06-27,Tungabhadra,157.385,73.28729584210525
2020-06-28,Tungabhadra,185.136,72.71110863157895
2020-06-29,Tungabhadra,118.138,72.13492142105264
2020-06-30,Tungabhadra,79.542,71.55873421052631
2020-07-01,Tungabhadra,36.727,70.982547
2020-07-02,Tungabhadra,54.368,45.202816000000006
2020-07-03,Tungabhadra,96.844,24.72029
2020-07-04,Tungabhadra,26.929,6.3566460000000005
2020-07-05,Tungabhadra,21.266,3.178323
2020-07-06,Tungabhadra,35.877,6.3566460000000005
2020-07-07,Tungabhadra,71.698,10.947557
2020-07-08,Tungabhadra,207.308,46.615404000000005
2020-07-09,Tungabhadra,459.044,101.000042
2020-07-10,Tungabhadra,736.436,100.293748
2020-07-11,Tungabhadra,973.363,97.468572
2020-07-12,Tungabhadra,693.678,81.57695700000001
2020-07-13,Tungabhadra,496.961,81.01192180000001
2020-07-14,Tungabhadra,442.564,80.4468866
2020-07-15,Tungabhadra,279.119,79.8818514
2020-07-16,Tungabhadra,190.374,79.3168162
2020-07-17,Tungabhadra,188.647,78.75178100000001
2020-07-18,Tungabhadra,174.234,78.1867458
2020-07-19,Tungabhadra,485.294,77.6217106
2020-07-20,Tungabhadra,935.079,77.0566754
2020-07-21,Tungabhadra,891.924,76.4916402
2020-07-22,Tungabhadra,635.515,75.926605
2020-07-23,Tungabhadra,404.506,75.3615698
2020-07-24,Tungabhadra,373.669,74.7965346
2020-07-25,Tungabhadra,439.251,74.2314994
2020-07-26,Tungabhadra,251.114,73.6664642
2020-07-27,Tungabhadra,249.471,73.101429
2020-07-28,Tungabhadra,188.222,72.5363938
2020-07-29,Tungabhadra,118.421,71.9713586
2020-07-30,Tungabhadra,145.379,71.40632339999999
2020-07-31,Tungabhadra,228.942,70.8412882
2020-08-01,Tungabhadra,156.281,70.276253
2020-08-02,Tungabhadra,88.009,44.496522000000006
2020-08-03,Tungabhadra,179.755,24.013996
2020-08-04,Tungabhadra,186.183,6.003499000000001
2020-08-05,Tungabhadra,125.897,3.178323
2020-08-06,Tungabhadra,505.682,6.3566460000000005
2020-08-07,Tungabhadra,2299.838,11.653851
2020-08-08,Tungabhadra,2860.058,54.384638
2020-08-09,Tungabhadra,3084.129,100.293748
2020-08-10,Tungabhadra,3308.172,100.293748
2020-08-11,Tungabhadra,2800.989,97.115425
2020-08-12,Tungabhadra,1782.347,81.57695700000001
2020-08-13,Tungabhadra,1433.087,80.95894975
2020-08-14,Tungabhadra,1449.171,80.3409425
2020-08-15,Tungabhadra,1389.593,79.72293524999999
2020-08-16,Tungabhadra,955.325,79.10492800000002
2020-08-17,Tungabhadra,819.291,78.48692075000001
2020-08-18,Tungabhadra,1116.533,77.8689135
2020-08-19,Tungabhadra,2206.647,77.25090625
2020-08-20,Tungabhadra,2138.205,76.632899
2020-08-21,Tungabhadra,1512.799,76.01489175
2020-08-22,Tungabhadra,1109.426,75.3968845
2020-08-23,Tungabhadra,950.483,74.77887725000001
2020-08-24,Tungabhadra,1278.138,74.16087
2020-08-25,Tungabhadra,939.723,73.54286275000001
2020-08-26,Tungabhadra,887.025,72.9248555
2020-08-27,Tungabhadra,740.854,72.30684825
2020-08-28,Tungabhadra,301.348,71.688841
2020-08-29,Tungabhadra,295.826,71.07083375
2020-08-30,Tungabhadra,254.2,70.45282650000001
2020-08-31,Tungabhadra,246.98,69.83481925000001
2020-09-01,Tungabhadra,239.759,69.216812
2020-09-02,Tungabhadra,288.945,43.790228
2020-09-03,Tungabhadra,291.041,23.307702000000003
2020-09-04,Tungabhadra,304.944,5.650352000000001
2020-09-05,Tungabhadra,641.49,3.531470000000001
2020-09-06,Tungabhadra,1038.917,6.3566460000000005
2020-09-07,Tungabhadra,624.103,13.066439
2020-09-08,Tungabhadra,713.216,63.21331300000001
2020-09-09,Tungabhadra,952.097,101.000042
2020-09-10,Tungabhadra,1188.147,99.94060100000002
2020-09-11,Tungabhadra,1045.515,96.409131
2020-09-12,Tungabhadra,733.067,81.22381
2020-09-13,Tungabhadra,619.714,80.55468936842105
2020-09-14,Tungabhadra,278.468,79.8855687368421
2020-09-15,Tungabhadra,345.805,79.21644810526315
2020-09-16,Tungabhadra,1030.677,78.54732747368422
2020-09-17,Tungabhadra,513.668,77.87820684210527
2020-09-18,Tungabhadra,612.437,77.20908621052632
2020-09-19,Tungabhadra,446.755,76.53996557894739
2020-09-20,Tungabhadra,334.394,75.87084494736843
2020-09-21,Tungabhadra,866.552,75.20172431578948
2020-09-22,Tungabhadra,1543.268,74.53260368421053
2020-09-23,Tungabhadra,3248.31,73.86348305263158
2020-09-24,Tungabhadra,1845.55,73.19436242105263
2020-09-25,Tungabhadra,1572.293,72.5252417894737
2020-09-26,Tungabhadra,875.925,71.85612115789473
2020-09-27,Tungabhadra,1130.182,71.18700052631579
2020-09-28,Tungabhadra,586.045,70.51787989473684
2020-09-29,Tungabhadra,579.193,69.84875926315787
2020-09-30,Tungabhadra,419.118,69.17963863157894
2020-10-01,Tungabhadra,702.484,68.510518
2020-10-02,Tungabhadra,518.368,43.083934
2020-10-03,Tungabhadra,290.899,22.601408000000003
2020-10-04,Tungabhadra,286.397,5.297205
2020-10-05,Tungabhadra,283.763,3.531470000000001
2020-10-06,Tungabhadra,216.737,6.3566460000000005
2020-10-07,Tungabhadra,199.775,15.185321
2020-10-08,Tungabhadra,168.683,72.395135
2020-10-09,Tungabhadra,227.667,99.94060100000002
2020-10-10,Tungabhadra,333.997,100.293748
2020-10-11,Tungabhadra,732.982,96.055984
2020-10-12,Tungabhadra,1309.909,81.22381
2020-10-13,Tungabhadra,1200.011,80.53517335000001
2020-10-14,Tungabhadra,761.129,79.84653670000002
2020-10-15,Tungabhadra,353.819,79.15790005
2020-10-16,Tungabhadra,436.448,78.4692634
2020-10-17,Tungabhadra,1353.828,77.78062675000001
2020-10-18,Tungabhadra,1079.212,77.0919901
2020-10-19,Tungabhadra,583.525,76.40335345
2020-10-20,Tungabhadra,414.644,75.7147168
2020-10-21,Tungabhadra,763.054,75.02608015
2020-10-22,Tungabhadra,619.459,74.3374435
2020-10-23,Tungabhadra,758.155,73.64880685000001
2020-10-24,Tungabhadra,762.261,72.9601702
2020-10-25,Tungabhadra,633.901,72.27153355
2020-10-26,Tungabhadra,705.769,71.58289690000001
2020-10-27,Tungabhadra,592.926,70.89426025
2020-10-28,Tungabhadra,387.997,70.20562360000001
2020-10-29,Tungabhadra,400.853,69.51698695
2020-10-30,Tungabhadra,402.128,68.82835030000001
2020-10-31,Tungabhadra,189.383,68.13971365
2020-11-01,Tungabhadra,149.371,67.451077
2020-11-02,Tungabhadra,144.331,42.37764
2020-11-03,Tungabhadra,133.457,21.895114
2020-11-04,Tungabhadra,139.715,5.297205
2020-11-05,Tungabhadra,141.556,3.884617
2020-11-06,Tungabhadra,143.368,6.3566460000000005
2020-11-07,Tungabhadra,123.971,18.363644
2020-11-08,Tungabhadra,113.324,80.16436900000001
2020-11-09,Tungabhadra,103.498,99.94060100000002
2020-11-10,Tungabhadra,98.741,101.000042
2020-11-11,Tungabhadra,86.423,95.34969
2020-11-12,Tungabhadra,84.214,80.87066300000001
2020-11-13,Tungabhadra,68.357,80.10860894736844
2020-11-14,Tungabhadra,65.44,79.34655489473684
2020-11-15,Tungabhadra,65.185,78.58450084210527
2020-11-16,Tungabhadra,65.723,77.82244678947369
2020-11-17,Tungabhadra,44.457,77.0603927368421
2020-11-18,Tungabhadra,38.992,76.29833868421053
2020-11-19,Tungabhadra,33.924,75.53628463157895
2020-11-20,Tungabhadra,32.649,74.77423057894738
2020-11-21,Tungabhadra,34.009,74.01217652631578
2020-11-22,Tungabhadra,31.545,73.2501224736842
2020-11-23,Tungabhadra,26.929,72.48806842105265
2020-11-24,Tungabhadra,20.643,71.72601436842105
2020-11-25,Tungabhadra,10.364,70.96396031578948
2020-11-26,Tungabhadra,6.173,70.20190626315788
2020-11-27,Tungabhadra,21.323,69.43985221052631
2020-11-28,Tungabhadra,33.272,68.67779815789474
2020-11-29,Tungabhadra,34.462,67.91574410526317
2020-11-30,Tungabhadra,34.037,67.15369005263159
2020-12-01,Tungabhadra,28.883,66.391636
2020-12-02,Tungabhadra,41.512,41.671346
2020-12-03,Tungabhadra,37.973,21.18882
2020-12-04,Tungabhadra,34.632,5.297205
2020-12-05,Tungabhadra,36.727,4.237764
2020-12-06,Tungabhadra,29.619,6.3566460000000005
2020-12-07,Tungabhadra,21.577,20.482526
2020-12-08,Tungabhadra,14.357,84.75528
2020-12-09,Tungabhadra,32.026,100.293748
2020-12-10,Tungabhadra,28.912,101.000042
2020-12-11,Tungabhadra,33.074,94.996543
2020-12-12,Tungabhadra,27.297,80.517516
2020-12-13,Tungabhadra,23.673,79.9524808
2020-12-14,Tungabhadra,25.542,79.3874456
2020-12-15,Tungabhadra,21.861,78.82241040000001
2020-12-16,Tungabhadra,15.886,78.25737520000001
2020-12-17,Tungabhadra,18.434,77.69234000000002
2020-12-18,Tungabhadra,9.118,77.1273048
2020-12-19,Tungabhadra,8.467,76.56226960000001
2020-12-20,Tungabhadra,2.35,75.99723440000001
2020-12-21,Tungabhadra,0.0,75.43219920000001
2020-12-22,Tungabhadra,0.0,74.867164
2020-12-23,Tungabhadra,0.0,74.3021288
2020-12-24,Tungabhadra,0.0,73.73709360000001
2020-12-25,Tungabhadra,0.0,73.17205840000001
2020-12-26,Tungabhadra,0.0,72.6070232
2020-12-27,Tungabhadra,0.0,72.041988
2020-12-28,Tungabhadra,0.0,71.4769528
2020-12-29,Tungabhadra,0.0,70.91191760000001
2020-12-30,Tungabhadra,0.0,70.3468824
2020-12-31,Tungabhadra,0.0,69.7818472
2021-01-01,Tungabhadra,0.0,69.216812
2021-01-02,Tungabhadra,0.0,45.555963000000006
2021-01-03,Tungabhadra,0.0,28.604907000000004
2021-01-04,Tungabhadra,0.0,0.0
2021-01-05,Tungabhadra,0.0,3.531470000000001
2021-01-06,Tungabhadra,0.0,8.828675
2021-01-07,Tungabhadra,0.0,33.195818
2021-01-08,Tungabhadra,0.0,97.115425
2021-01-09,Tungabhadra,0.0,99.94060100000002
2021-01-10,Tungabhadra,0.0,98.88116
2021-01-11,Tungabhadra,0.0,100.646895
2021-01-12,Tungabhadra,0.0,101.000042
2021-01-13,Tungabhadra,82.43,99.3755658
2021-01-14,Tungabhadra,57.965,97.7510896
2021-01-15,Tungabhadra,32.564,96.1266134
2021-01-16,Tungabhadra,37.916,94.5021372
2021-01-17,Tungabhadra,13.054,92.877661
2021-01-18,Tungabhadra,7.617,91.2531848
2021-01-19,Tungabhadra,2.322,89.6287086
2021-01-20,Tungabhadra,0.0,88.0042324
2021-01-21,Tungabhadra,0.0,86.37975620000002
2021-01-22,Tungabhadra,0.0,84.75528
2021-01-23,Tungabhadra,0.0,83.13080380000001
2021-01-24,Tungabhadra,0.0,81.50632759999999
2021-01-25,Tungabhadra,0.0,79.8818514
2021-01-26,Tungabhadra,0.0,78.25737520000001
2021-01-27,Tungabhadra,0.0,76.632899
2021-01-28,Tungabhadra,0.0,75.0084228
2021-01-29,Tungabhadra,0.0,73.3839466
2021-01-30,Tungabhadra,0.0,71.75947040000001
2021-01-31,Tungabhadra,0.0,70.13499420000001
2021-02-01,Tungabhadra,0.142,68.510518
2021-02-02,Tungabhadra,0.0,44.849669000000006
2021-02-03,Tungabhadra,0.028,27.898613000000005
2021-02-04,Tungabhadra,0.028,9.181822
2021-02-05,Tungabhadra,0.113,3.531470000000001
2021-02-06,Tungabhadra,0.0,8.828675
2021-02-07,Tungabhadra,0.0,33.548965
2021-02-08,Tungabhadra,28.572,97.115425
2021-02-09,Tungabhadra,0.0,100.293748
2021-02-10,Tungabhadra,0.085,98.88116
2021-02-11,Tungabhadra,0.0,99.94060100000002
2021-02-12,Tungabhadra,0.0,101.000042
2021-02-13,Tungabhadra,0.0,99.02657347058826
2021-02-14,Tungabhadra,0.0,97.05310494117649
2021-02-15,Tungabhadra,0.0,95.07963641176472
2021-02-16,Tungabhadra,0.0,93.10616788235292
2021-02-17,Tungabhadra,0.0,91.1326993529412
2021-02-18,Tungabhadra,0.0,89.15923082352941
2021-02-19,Tungabhadra,0.0,87.18576229411765
2021-02-20,Tungabhadra,0.0,85.21229376470589
2021-02-21,Tungabhadra,0.255,83.23882523529413
2021-02-22,Tungabhadra,0.0,81.26535670588234
2021-02-23,Tungabhadra,0.0,79.2918881764706
2021-02-24,Tungabhadra,0.113,77.31841964705883
2021-02-25,Tungabhadra,0.085,75.34495111764706
2021-02-26,Tungabhadra,0.113,73.3714825882353
2021-02-27,Tungabhadra,0.0,71.39801405882352
2021-02-28,Tungabhadra,0.0,69.42454552941177
2021-03-01,Tungabhadra,0.0,67.451077
2021-03-02,Tungabhadra,0.0,44.143375000000006
2021-03-03,Tungabhadra,0.0,27.545466
2021-03-04,Tungabhadra,0.0,8.475528
2021-03-05,Tungabhadra,0.028,3.531470000000001
2021-03-06,Tungabhadra,0.17,8.828675
2021-03-07,Tungabhadra,0.0,33.902112
2021-03-08,Tungabhadra,0.142,97.468572
2021-03-09,Tungabhadra,0.085,100.646895
2021-03-10,Tungabhadra,0.0,98.88116
2021-03-11,Tungabhadra,0.142,99.94060100000002
2021-03-12,Tungabhadra,0.0,101.000042
2021-03-13,Tungabhadra,0.0,99.28727905
2021-03-14,Tungabhadra,0.0,97.5745161
2021-03-15,Tungabhadra,0.17,95.86175315
2021-03-16,Tungabhadra,0.0,94.1489902
2021-03-17,Tungabhadra,0.057,92.43622725000002
2021-03-18,Tungabhadra,0.0,90.7234643
2021-03-19,Tungabhadra,0.0,89.01070135
2021-03-20,Tungabhadra,0.17,87.2979384
2021-03-21,Tungabhadra,0.0,85.58517545000001
2021-03-22,Tungabhadra,0.311,83.87241250000001
2021-03-23,Tungabhadra,0.0,82.15964955
2021-03-24,Tungabhadra,0.198,80.4468866
2021-03-25,Tungabhadra,25.712,78.73412365
2021-03-26,Tungabhadra,0.0,77.0213607
2021-03-27,Tungabhadra,0.0,75.30859775
2021-03-28,Tungabhadra,56.549,73.5958348
2021-03-29,Tungabhadra,54.425,71.88307185
2021-03-30,Tungabhadra,54.963,70.17030890000001
2021-03-31,Tungabhadra,54.283,68.45754595
2021-04-01,Tungabhadra,24.324,66.744783
2021-04-02,Tungabhadra,8.778,43.437081
2021-04-03,Tungabhadra,10.874,26.839172
2021-04-04,Tungabhadra,0.0,8.122381
2021-04-05,Tungabhadra,0.0,3.178323
2021-04-06,Tungabhadra,0.198,9.181822
2021-04-07,Tungabhadra,0.0,33.902112
2021-04-08,Tungabhadra,0.142,98.174866
2021-04-09,Tungabhadra,0.0,101.000042
2021-04-10,Tungabhadra,0.17,101.000042
2021-04-11,Tungabhadra,0.0,99.587454
2021-04-12,Tungabhadra,0.0,101.000042
2021-04-13,Tungabhadra,0.0,99.14137357894738
2021-04-14,Tungabhadra,0.283,97.28270515789474
2021-04-15,Tungabhadra,0.0,95.4240367368421
2021-04-16,Tungabhadra,0.085,93.56536831578948
2021-04-17,Tungabhadra,0.0,91.70669989473684
2021-04-18,Tungabhadra,0.142,89.8480314736842
2021-04-19,Tungabhadra,0.057,87.98936305263159
2021-04-20,Tungabhadra,0.0,86.13069463157895
2021-04-21,Tungabhadra,0.311,84.27202621052632
2021-04-22,Tungabhadra,0.0,82.4133577894737
2021-04-23,Tungabhadra,0.0,80.55468936842105
2021-04-24,Tungabhadra,18.944,78.69602094736842
2021-04-25,Tungabhadra,17.981,76.8373525263158
2021-04-26,Tungabhadra,23.645,74.97868410526316
2021-04-27,Tungabhadra,41.173,73.12001568421053
2021-04-28,Tungabhadra,74.134,71.26134726315792
2021-04-29,Tungabhadra,41.144,69.40267884210527
2021-04-30,Tungabhadra,63.175,67.54401042105263
2021-05-01,Tungabhadra,27.694,65.685342
2021-05-02,Tungabhadra,8.523,42.730787
2021-05-03,Tungabhadra,1.416,26.132878
2021-05-04,Tungabhadra,0.425,7.416087
2021-05-05,Tungabhadra,122.725,3.531470000000001
2021-05-06,Tungabhadra,38.171,9.181822
2021-05-07,Tungabhadra,28.175,34.255259
2021-05-08,Tungabhadra,103.583,97.115425
2021-05-09,Tungabhadra,186.127,101.000042
2021-05-10,Tungabhadra,135.439,101.000042
2021-05-11,Tungabhadra,71.642,98.88116
2021-05-12,Tungabhadra,31.885,101.000042
2021-05-13,Tungabhadra,131.305,99.1989923
2021-05-14,Tungabhadra,142.094,97.3979426
2021-05-15,Tungabhadra,43.466,95.5968929
2021-05-16,Tungabhadra,35.226,93.7958432
2021-05-17,Tungabhadra,13.535,91.9947935
2021-05-18,Tungabhadra,7.674,90.1937438
2021-05-19,Tungabhadra,4.021,88.39269410000001
2021-05-20,Tungabhadra,115.448,86.5916444
2021-05-21,Tungabhadra,113.182,84.7905947
2021-05-22,Tungabhadra,35.056,82.989545
2021-05-23,Tungabhadra,21.181,81.1884953
2021-05-24,Tungabhadra,59.664,79.3874456
2021-05-25,Tungabhadra,226.79,77.58639590000001
2021-05-26,Tungabhadra,121.791,75.7853462
2021-05-27,Tungabhadra,65.214,73.98429650000001
2021-05-28,Tungabhadra,52.386,72.1832468
2021-05-29,Tungabhadra,12.573,70.38219710000001
2021-05-30,Tungabhadra,10.619,68.5811474
2021-05-31,Tungabhadra,10.93,66.7800977
2021-06-01,Tungabhadra,60.032,64.979048
2021-06-02,Tungabhadra,15.234,42.024493
2021-06-03,Tungabhadra,77.56,25.779731
2021-06-04,Tungabhadra,63.911,7.062940000000001
2021-06-05,Tungabhadra,75.917,3.884617
2021-06-06,Tungabhadra,70.707,9.534969000000002
2021-06-07,Tungabhadra,25.882,34.255259
2021-06-08,Tungabhadra,26.674,97.468572
2021-06-09,Tungabhadra,88.094,100.646895
2021-06-10,Tungabhadra,20.87,101.000042
2021-06-11,Tungabhadra,9.769,98.88116
2021-06-12,Tungabhadra,23.022,101.000042
2021-06-13,Tungabhadra,14.951,99.04844015789472
2021-06-14,Tungabhadra,9.939,97.09683831578948
2021-06-15,Tungabhadra,9.826,95.1452364736842
2021-06-16,Tungabhadra,33.357,93.19363463157896
2021-06-17,Tungabhadra,16.084,91.24203278947368
2021-06-18,Tungabhadra,201.418,89.29043094736842
2021-06-19,Tungabhadra,599.439,87.33882910526316
2021-06-20,Tungabhadra,1210.46,85.3872272631579
2021-06-21,Tungabhadra,1309.626,83.43562542105263
2021-06-22,Tungabhadra,1047.129,81.48402357894737
2021-06-23,Tungabhadra,915.823,79.53242173684211
2021-06-24,Tungabhadra,728.989,77.58081989473685
2021-06-25,Tungabhadra,523.777,75.62921805263159
2021-06-26,Tungabhadra,323.973,73.67761621052632
2021-06-27,Tungabhadra,341.218,71.72601436842105
2021-06-28,Tungabhadra,173.412,69.77441252631579
2021-06-29,Tungabhadra,110.294,67.82281068421052
2021-06-30,Tungabhadra,98.316,65.87120884210528
2021-07-01,Tungabhadra,170.411,63.919607000000006
2021-07-02,Tungabhadra,148.097,41.318199
2021-07-03,Tungabhadra,68.442,25.073437
2021-07-04,Tungabhadra,88.547,6.709793
2021-07-05,Tungabhadra,69.943,3.884617
2021-07-06,Tungabhadra,58.984,9.534969000000002
2021-07-07,Tungabhadra,230.584,34.961553
2021-07-08,Tungabhadra,113.862,96.762278
2021-07-09,Tungabhadra,101.488,100.293748
2021-07-10,Tungabhadra,91.548,101.000042
2021-07-11,Tungabhadra,65.185,98.528013
2021-07-12,Tungabhadra,92.483,101.000042
2021-07-13,Tungabhadra,55.558,99.11070555000002
2021-07-14,Tungabhadra,31.517,97.2213691
2021-07-15,Tungabhadra,190.204,95.33203265
2021-07-16,Tungabhadra,334.677,93.4426962
2021-07-17,Tungabhadra,1304.104,91.55335975
2021-07-18,Tungabhadra,1617.628,89.66402330000001
2021-07-19,Tungabhadra,1251.548,87.77468685000001
2021-07-20,Tungabhadra,1287.765,85.88535040000001
2021-07-21,Tungabhadra,1721.098,83.99601395
2021-07-22,Tungabhadra,1157.083,82.10667750000002
2021-07-23,Tungabhadra,1255.003,80.21734105
2021-07-24,Tungabhadra,2123.962,78.3280046
2021-07-25,Tungabhadra,4065.025,76.43866815
2021-07-26,Tungabhadra,5169.014,74.54933170000001
2021-07-27,Tungabhadra,4203.721,72.65999525000001
2021-07-28,Tungabhadra,2895.114,70.7706588
2021-07-29,Tungabhadra,2106.462,68.88132235
2021-07-30,Tungabhadra,1688.08,66.9919859
2021-07-31,Tungabhadra,1202.758,65.10264945
2021-08-01,Tungabhadra,1025.495,63.21331300000001
2021-08-02,Tungabhadra,1060.806,40.611905
2021-08-03,Tungabhadra,835.347,24.72029
2021-08-04,Tungabhadra,706.335,6.3566460000000005
2021-08-05,Tungabhadra,715.793,4.237764
2021-08-06,Tungabhadra,1158.527,9.534969000000002
2021-08-07,Tungabhadra,1460.158,35.3147
2021-08-08,Tungabhadra,1721.07,96.762278
2021-08-09,Tungabhadra,2049.262,100.293748
2021-08-10,Tungabhadra,2161.623,101.000042
2021-08-11,Tungabhadra,1038.605,98.528013
2021-08-12,Tungabhadra,828.07,101.000042
2021-08-13,Tungabhadra,757.221,99.0577335
2021-08-14,Tungabhadra,826.087,97.115425
2021-08-15,Tungabhadra,324.681,95.1731165
2021-08-16,Tungabhadra,440.553,93.230808
2021-08-17,Tungabhadra,518.312,91.2884995
2021-08-18,Tungabhadra,401.561,89.346191
2021-08-19,Tungabhadra,403.713,87.40388250000001
2021-08-20,Tungabhadra,375.623,85.461574
2021-08-21,Tungabhadra,423.478,83.51926550000002
2021-08-22,Tungabhadra,404.506,81.57695700000001
2021-08-23,Tungabhadra,410.821,79.6346485
2021-08-24,Tungabhadra,212.744,77.69234000000002
2021-08-25,Tungabhadra,315.535,75.7500315
2021-08-26,Tungabhadra,231.915,73.807723
2021-08-27,Tungabhadra,137.535,71.86541450000001
2021-08-28,Tungabhadra,225.6,69.923106
2021-08-29,Tungabhadra,327.683,67.98079750000001
2021-08-30,Tungabhadra,415.974,66.03848900000001
2021-08-31,Tungabhadra,531.167,64.0961805
2021-09-01,Tungabhadra,605.414,62.15387200000001
2021-09-02,Tungabhadra,386.072,40.258758
2021-09-03,Tungabhadra,430.274,24.013996
2021-09-04,Tungabhadra,410.679,5.650352000000001
2021-09-05,Tungabhadra,293.674,4.590911
2021-09-06,Tungabhadra,417.9,9.888116000000002
2021-09-07,Tungabhadra,335.725,35.667847
2021-09-08,Tungabhadra,292.796,96.762278
2021-09-09,Tungabhadra,409.405,100.293748
2021-09-10,Tungabhadra,424.073,101.000042
2021-09-11,Tungabhadra,712.678,98.88116
2021-09-12,Tungabhadra,682.691,101.000042
2021-09-13,Tungabhadra,499.962,98.91833336842106
2021-09-14,Tungabhadra,421.751,96.83662473684213
2021-09-15,Tungabhadra,1037.274,94.75491610526316
2021-09-16,Tungabhadra,1313.165,92.67320747368422
2021-09-17,Tungabhadra,1161.642,90.59149884210528
2021-09-18,Tungabhadra,767.556,88.50979021052632
2021-09-19,Tungabhadra,448.737,86.42808157894737
2021-09-20,Tungabhadra,451.172,84.34637294736842
2021-09-21,Tungabhadra,278.1,82.26466431578947
2021-09-22,Tungabhadra,399.437,80.18295568421051
2021-09-23,Tungabhadra,304.349,78.10124705263158
2021-09-24,Tungabhadra,287.303,76.01953842105262
2021-09-25,Tungabhadra,702.343,73.9378297894737
2021-09-26,Tungabhadra,287.926,71.85612115789473
2021-09-27,Tungabhadra,270.567,69.77441252631579
2021-09-28,Tungabhadra,252.898,67.69270389473684
2021-09-29,Tungabhadra,210.366,65.6109952631579
2021-09-30,Tungabhadra,151.354,63.52928663157895
2021-10-01,Tungabhadra,163.87,61.447578
2021-10-02,Tungabhadra,310.069,39.55246400000001
2021-10-03,Tungabhadra,460.149,23.660849
2021-10-04,Tungabhadra,962.263,5.297205
2021-10-05,Tungabhadra,963.169,4.944058000000001
2021-10-06,Tungabhadra,669.467,9.888116000000002
2021-10-07,Tungabhadra,863.522,35.667847
2021-10-08,Tungabhadra,1145.898,96.409131
2021-10-09,Tungabhadra,1675.253,100.293748
2021-10-10,Tungabhadra,1296.912,101.000042
2021-10-11,Tungabhadra,819.886,98.88116
2021-10-12,Tungabhadra,399.806,101.000042
2021-10-13,Tungabhadra,587.801,98.96944675000002
2021-10-14,Tungabhadra,966.822,96.9388515
2021-10-15,Tungabhadra,1091.501,94.90825625
2021-10-16,Tungabhadra,1331.515,92.877661
2021-10-17,Tungabhadra,751.586,90.84706575
2021-10-18,Tungabhadra,467.766,88.81647050000001
2021-10-19,Tungabhadra,404.733,86.78587525
2021-10-20,Tungabhadra,219.965,84.75528
2021-10-21,Tungabhadra,183.295,82.72468475
2021-10-22,Tungabhadra,267.623,80.6940895
2021-10-23,Tungabhadra,238.824,78.66349425
2021-10-24,Tungabhadra,579.646,76.632899
2021-10-25,Tungabhadra,778.883,74.60230375
2021-10-26,Tungabhadra,824.898,72.57170850000001
2021-10-27,Tungabhadra,817.139,70.54111325000001
2021-10-28,Tungabhadra,630.616,68.510518
2021-10-29,Tungabhadra,458.591,66.47992275
2021-10-30,Tungabhadra,292.4,64.4493275
2021-10-31,Tungabhadra,323.747,62.418732250000005
2021-11-01,Tungabhadra,247.093,60.388137
2021-11-02,Tungabhadra,152.628,39.19931700000001
2021-11-03,Tungabhadra,206.458,22.954555000000003
2021-11-04,Tungabhadra,215.463,4.944058000000001
2021-11-05,Tungabhadra,102.535,5.297205
2021-11-06,Tungabhadra,235.823,9.888116000000002
2021-11-07,Tungabhadra,189.893,36.020994
2021-11-08,Tungabhadra,324.086,97.821719
2021-11-09,Tungabhadra,306.417,100.646895
2021-11-10,Tungabhadra,301.405,101.000042
2021-11-11,Tungabhadra,254.484,98.88116
2021-11-12,Tungabhadra,227.979,101.000042
2021-11-13,Tungabhadra,154.129,98.82539994736842
2021-11-14,Tungabhadra,238.315,96.65075789473686
2021-11-15,Tungabhadra,168.967,94.47611584210529
2021-11-16,Tungabhadra,166.192,92.3014737894737
2021-11-17,Tungabhadra,719.588,90.1268317368421
2021-11-18,Tungabhadra,830.08,87.95218968421054
2021-11-19,Tungabhadra,925.168,85.77754763157895
2021-11-20,Tungabhadra,1292.607,83.60290557894739
2021-11-21,Tungabhadra,2268.661,81.42826352631579
2021-11-22,Tungabhadra,2281.687,79.25362147368419
2021-11-23,Tungabhadra,1581.213,77.07897942105264
2021-11-24,Tungabhadra,674.621,74.90433736842105
2021-11-25,Tungabhadra,672.327,72.72969531578947
2021-11-26,Tungabhadra,593.436,70.55505326315787
2021-11-27,Tungabhadra,477.677,68.38041121052632
2021-11-28,Tungabhadra,493.053,66.20576915789476
2021-11-29,Tungabhadra,352.12,64.03112710526317
2021-11-30,Tungabhadra,507.211,61.856485052631584
2021-12-01,Tungabhadra,245.167,59.681843
2021-12-02,Tungabhadra,314.402,38.49302300000001
2021-12-03,Tungabhadra,236.332,22.601408000000003
2021-12-04,Tungabhadra,279.119,4.590911
2021-12-05,Tungabhadra,247.093,5.297205
2021-12-06,Tungabhadra,271.559,9.888116000000002
2021-12-07,Tungabhadra,285.604,36.020994
2021-12-08,Tungabhadra,209.941,99.234307
2021-12-09,Tungabhadra,154.525,100.646895
2021-12-10,Tungabhadra,133.542,101.000042
2021-12-11,Tungabhadra,203.287,98.528013
2021-12-12,Tungabhadra,232.651,101.000042
2021-12-13,Tungabhadra,155.006,100.66455235
2021-12-14,Tungabhadra,143.595,100.3290627
2021-12-15,Tungabhadra,163.983,99.99357305
2021-12-16,Tungabhadra,101.771,99.6580834
2021-12-17,Tungabhadra,78.947,99.32259375
2021-12-18,Tungabhadra,101.431,98.9871041
2021-12-19,Tungabhadra,102.422,98.65161445
2021-12-20,Tungabhadra,129.918,98.3161248
2021-12-21,Tungabhadra,54.51,97.98063515
2021-12-22,Tungabhadra,79.995,97.6451455
2021-12-23,Tungabhadra,84.073,97.30965585
2021-12-24,Tungabhadra,84.526,96.9741662
2021-12-25,Tungabhadra,82.289,96.63867655
2021-12-26,Tungabhadra,82.232,96.3031869
2021-12-27,Tungabhadra,81.099,95.96769725
2021-12-28,Tungabhadra,40.21,95.63220760000002
2021-12-29,Tungabhadra,52.584,95.29671795000002
2021-12-30,Tungabhadra,32.791,94.9612283
2021-12-31,Tungabhadra,34.971,94.62573865
2022-01-01,Tungabhadra,43.551,94.290249
2022-01-02,Tungabhadra,45.76,67.804224
2022-01-03,Tungabhadra,44.995,42.730787
2022-01-04,Tungabhadra,22.88,18.363644
2022-01-05,Tungabhadra,20.558,9.534969000000002
2022-01-06,Tungabhadra,32.904,39.19931700000001
2022-01-07,Tungabhadra,26.703,45.909110000000005
2022-01-08,Tungabhadra,22.37,103.472071
2022-01-09,Tungabhadra,7.221,103.472071
2022-01-10,Tungabhadra,11.242,104.531512
2022-01-11,Tungabhadra,9.514,104.531512
2022-01-12,Tungabhadra,10.675,91.81822
2022-01-13,Tungabhadra,7.589,91.90650675
2022-01-14,Tungabhadra,13.734,91.9947935
2022-01-15,Tungabhadra,7.476,92.08308025
2022-01-16,Tungabhadra,15.971,92.171367
2022-01-17,Tungabhadra,9.741,92.25965375
2022-01-18,Tungabhadra,19.227,92.3479405
2022-01-19,Tungabhadra,39.332,92.43622725000002
2022-01-20,Tungabhadra,38.426,92.524514
2022-01-21,Tungabhadra,31.007,92.61280075
2022-01-22,Tungabhadra,30.695,92.7010875
2022-01-23,Tungabhadra,33.414,92.78937425
2022-01-24,Tungabhadra,11.893,92.877661
2022-01-25,Tungabhadra,6.824,92.96594775
2022-01-26,Tungabhadra,7.561,93.0542345
2022-01-27,Tungabhadra,9.118,93.14252125000002
2022-01-28,Tungabhadra,6.881,93.230808
2022-01-29,Tungabhadra,2.888,93.31909475
2022-01-30,Tungabhadra,7.844,93.4073815
2022-01-31,Tungabhadra,2.747,93.49566825
2022-02-01,Tungabhadra,2.18,93.583955
2022-02-02,Tungabhadra,4.502,67.09793
2022-02-03,Tungabhadra,18.123,42.024493
2022-02-04,Tungabhadra,22.115,18.010497
2022-02-05,Tungabhadra,15.688,9.534969000000002
2022-02-06,Tungabhadra,15.659,39.19931700000001
2022-02-07,Tungabhadra,22.399,46.262257000000005
2022-02-08,Tungabhadra,14.13,103.472071
2022-02-09,Tungabhadra,8.863,103.472071
2022-02-10,Tungabhadra,0.0,105.590953
2022-02-11,Tungabhadra,0.0,104.531512
2022-02-12,Tungabhadra,0.0,91.465073
2022-02-13,Tungabhadra,0.0,91.54816641176473
2022-02-14,Tungabhadra,0.0,91.63125982352942
2022-02-15,Tungabhadra,0.0,91.71435323529413
2022-02-16,Tungabhadra,0.0,91.79744664705882
2022-02-17,Tungabhadra,0.0,91.88054005882351
2022-02-18,Tungabhadra,0.0,91.96363347058823
2022-02-19,Tungabhadra,0.0,92.04672688235294
2022-02-20,Tungabhadra,0.028,92.12982029411764
2022-02-21,Tungabhadra,0.0,92.21291370588234
2022-02-22,Tungabhadra,0.0,92.29600711764704
2022-02-23,Tungabhadra,0.0,92.37910052941176
2022-02-24,Tungabhadra,0.0,92.46219394117648
2022-02-25,Tungabhadra,0.0,92.5452873529412
2022-02-26,Tungabhadra,0.0,92.6283807647059
2022-02-27,Tungabhadra,0.028,92.7114741764706
2022-02-28,Tungabhadra,0.0,92.79456758823528
2022-03-01,Tungabhadra,0.028,92.877661
2022-03-02,Tungabhadra,0.0,66.03848900000001
2022-03-03,Tungabhadra,0.0,40.965052
2022-03-04,Tungabhadra,0.0,17.304203
2022-03-05,Tungabhadra,0.0,9.534969000000002
2022-03-06,Tungabhadra,0.028,39.19931700000001
2022-03-07,Tungabhadra,0.0,47.321698000000005
2022-03-08,Tungabhadra,0.0,101.000042
2022-03-09,Tungabhadra,0.0,103.472071
2022-03-10,Tungabhadra,0.0,105.590953
2022-03-11,Tungabhadra,0.0,102.765777
2022-03-12,Tungabhadra,0.0,91.111926
2022-03-13,Tungabhadra,0.0,91.16489805
2022-03-14,Tungabhadra,0.0,91.2178701
2022-03-15,Tungabhadra,0.0,91.27084215
2022-03-16,Tungabhadra,0.028,91.3238142
2022-03-17,Tungabhadra,0.0,91.37678625
2022-03-18,Tungabhadra,0.0,91.4297583
2022-03-19,Tungabhadra,0.0,91.48273035
2022-03-20,Tungabhadra,0.0,91.5357024
2022-03-21,Tungabhadra,0.028,91.58867445
2022-03-22,Tungabhadra,0.0,91.6416465
2022-03-23,Tungabhadra,0.0,91.69461855
2022-03-24,Tungabhadra,0.0,91.7475906
2022-03-25,Tungabhadra,0.0,91.80056265
2022-03-26,Tungabhadra,0.028,91.8535347
2022-03-27,Tungabhadra,0.0,91.90650675
2022-03-28,Tungabhadra,0.0,91.9594788
2022-03-29,Tungabhadra,0.0,92.01245085
2022-03-30,Tungabhadra,0.0,92.06542290000002
2022-03-31,Tungabhadra,0.0,92.11839495
2022-04-01,Tungabhadra,0.0,92.171367
2022-04-02,Tungabhadra,0.0,65.33219500000001
2022-04-03,Tungabhadra,0.0,39.905611
2022-04-04,Tungabhadra,0.0,16.597909
2022-04-05,Tungabhadra,0.0,9.534969000000002
2022-04-06,Tungabhadra,0.0,39.19931700000001
2022-04-07,Tungabhadra,0.0,48.027992000000005
2022-04-08,Tungabhadra,0.0,95.702837
2022-04-09,Tungabhadra,0.0,103.118924
2022-04-10,Tungabhadra,0.0,105.9441
2022-04-11,Tungabhadra,0.028,103.825218
2022-04-12,Tungabhadra,0.0,90.758779
2022-04-13,Tungabhadra,0.0,90.79595236842108
2022-04-14,Tungabhadra,0.0,90.8331257368421
2022-04-15,Tungabhadra,0.0,90.87029910526316
2022-04-16,Tungabhadra,0.0,90.9074724736842
2022-04-17,Tungabhadra,0.0,90.94464584210526
2022-04-18,Tungabhadra,0.0,90.98181921052633
2022-04-19,Tungabhadra,0.0,91.01899257894738
2022-04-20,Tungabhadra,101.148,91.0561659473684
2022-04-21,Tungabhadra,97.976,91.09333931578948
2022-04-22,Tungabhadra,114.598,91.13051268421052
2022-04-23,Tungabhadra,128.474,91.16768605263158
2022-04-24,Tungabhadra,121.762,91.20485942105265
2022-04-25,Tungabhadra,89.283,91.24203278947368
2022-04-26,Tungabhadra,110.322,91.27920615789476
2022-04-27,Tungabhadra,74.332,91.3163795263158
2022-04-28,Tungabhadra,85.885,91.35355289473684
2022-04-29,Tungabhadra,32.791,91.39072626315787
2022-04-30,Tungabhadra,96.702,91.42789963157897
2022-05-01,Tungabhadra,95.173,91.465073
2022-05-02,Tungabhadra,40.72,64.62590100000001
2022-05-03,Tungabhadra,42.985,38.49302300000001
2022-05-04,Tungabhadra,44.656,15.538468000000002
2022-05-05,Tungabhadra,21.039,9.534969000000002
2022-05-06,Tungabhadra,44.882,39.19931700000001
2022-05-07,Tungabhadra,35.339,50.146874
2022-05-08,Tungabhadra,18.463,101.000042
2022-05-09,Tungabhadra,126.293,103.472071
2022-05-10,Tungabhadra,83.79,105.9441
2022-05-11,Tungabhadra,125.698,103.472071
2022-05-12,Tungabhadra,87.584,90.405632
2022-05-13,Tungabhadra,119.101,90.42328935000002
2022-05-14,Tungabhadra,163.247,90.4409467
2022-05-15,Tungabhadra,264.536,90.45860405
2022-05-16,Tungabhadra,118.987,90.4762614
2022-05-17,Tungabhadra,14.895,90.49391875
2022-05-18,Tungabhadra,15.404,90.5115761
2022-05-19,Tungabhadra,88.518,90.52923345
2022-05-20,Tungabhadra,454.174,90.5468908
2022-05-21,Tungabhadra,1732.68,90.56454815
2022-05-22,Tungabhadra,2538.973,90.5822055
2022-05-23,Tungabhadra,1230.254,90.59986285
2022-05-24,Tungabhadra,733.435,90.6175202
2022-05-25,Tungabhadra,493.166,90.63517755
2022-05-26,Tungabhadra,448.822,90.65283490000002
2022-05-27,Tungabhadra,154.327,90.67049225
2022-05-28,Tungabhadra,156.082,90.6881496
2022-05-29,Tungabhadra,122.612,90.70580695
2022-05-30,Tungabhadra,79.146,90.7234643
2022-05-31,Tungabhadra,86.819,90.74112165
2022-06-01,Tungabhadra,196.859,90.758779
2022-06-02,Tungabhadra,83.62,64.272754
2022-06-03,Tungabhadra,155.29,37.433582
2022-06-04,Tungabhadra,156.96,14.832174
2022-06-05,Tungabhadra,72.604,9.534969000000002
2022-06-06,Tungabhadra,42.702,39.19931700000001
2022-06-07,Tungabhadra,50.177,52.97205
2022-06-08,Tungabhadra,51.14,101.706336
2022-06-09,Tungabhadra,53.066,104.178365
2022-06-10,Tungabhadra,102.167,105.9441
2022-06-11,Tungabhadra,74.615,103.118924
2022-06-12,Tungabhadra,61.164,90.052485
2022-06-13,Tungabhadra,33.017,90.052485
2022-06-14,Tungabhadra,39.927,90.052485
2022-06-15,Tungabhadra,20.048,90.052485
2022-06-16,Tungabhadra,12.856,90.052485
2022-06-17,Tungabhadra,24.296,90.052485
2022-06-18,Tungabhadra,30.271,90.052485
2022-06-19,Tungabhadra,90.529,90.052485
2022-06-20,Tungabhadra,72.633,90.052485
2022-06-21,Tungabhadra,85.574,90.052485
2022-06-22,Tungabhadra,53.887,90.052485
2022-06-23,Tungabhadra,65.78,90.052485
2022-06-24,Tungabhadra,63.09,90.052485
2022-06-25,Tungabhadra,63.26,90.052485
2022-06-26,Tungabhadra,46.638,90.052485
2022-06-27,Tungabhadra,40.918,90.052485
2022-06-28,Tungabhadra,64.081,90.052485
2022-06-29,Tungabhadra,143.368,90.052485
2022-06-30,Tungabhadra,125.557,90.052485
2022-07-01,Tungabhadra,230.556,90.052485
2022-07-02,Tungabhadra,177.15,63.919607000000006
2022-07-03,Tungabhadra,305.482,36.374141
2022-07-04,Tungabhadra,321.963,14.125880000000002
2022-07-05,Tungabhadra,638.12,9.888116000000002
2022-07-06,Tungabhadra,964.868,39.19931700000001
2022-07-07,Tungabhadra,1725.629,58.269255
2022-07-08,Tungabhadra,2147.606,101.353189
2022-07-09,Tungabhadra,2703.749,104.178365
2022-07-10,Tungabhadra,2499.5,105.9441
2022-07-11,Tungabhadra,2574.115,103.118924
2022-07-12,Tungabhadra,2329.797,89.69933800000001
2022-07-13,Tungabhadra,2567.29,89.69933800000001
2022-07-14,Tungabhadra,2949.2,89.69933800000001
2022-07-15,Tungabhadra,3005.352,89.69933800000001
2022-07-16,Tungabhadra,3748.754,89.69933800000001
2022-07-17,Tungabhadra,4718.21,89.69933800000001
2022-07-18,Tungabhadra,4657.187,89.69933800000001
2022-07-19,Tungabhadra,4736.87,89.69933800000001
2022-07-20,Tungabhadra,4195.367,89.69933800000001
2022-07-21,Tungabhadra,3698.916,89.69933800000001
2022-07-22,Tungabhadra,2220.834,89.69933800000001
2022-07-23,Tungabhadra,1370.847,89.69933800000001
2022-07-24,Tungabhadra,1271.879,89.69933800000001
2022-07-25,Tungabhadra,588.452,89.69933800000001
2022-07-26,Tungabhadra,888.073,89.69933800000001
2022-07-27,Tungabhadra,1078.504,89.69933800000001
2022-07-28,Tungabhadra,1153.458,89.69933800000001
2022-07-29,Tungabhadra,1971.759,89.69933800000001
2022-07-30,Tungabhadra,1694.792,89.69933800000001
2022-07-31,Tungabhadra,1180.473,89.69933800000001
2022-08-01,Tungabhadra,1163.568,89.69933800000001
2022-08-02,Tungabhadra,1048.233,63.566460000000006
2022-08-03,Tungabhadra,1353.545,35.667847
2022-08-04,Tungabhadra,1981.698,13.419586
2022-08-05,Tungabhadra,1873.726,9.888116000000002
2022-08-06,Tungabhadra,1395.879,39.55246400000001
2022-08-07,Tungabhadra,1944.688,64.62590100000001
2022-08-08,Tungabhadra,3076.569,101.353189
2022-08-09,Tungabhadra,3602.781,103.825218
2022-08-10,Tungabhadra,4065.648,105.9441
2022-08-11,Tungabhadra,5248.896,102.41263
2022-08-12,Tungabhadra,4455.514,89.346191
2022-08-13,Tungabhadra,3391.764,89.3108763
2022-08-14,Tungabhadra,3309.673,89.2755616
2022-08-15,Tungabhadra,2810.22,89.24024690000002
2022-08-16,Tungabhadra,2395.832,89.2049322
2022-08-17,Tungabhadra,1852.035,89.1696175
2022-08-18,Tungabhadra,1400.07,89.1343028
2022-08-19,Tungabhadra,975.119,89.09898810000001
2022-08-20,Tungabhadra,883.712,89.0636734
2022-08-21,Tungabhadra,872.131,89.0283587
2022-08-22,Tungabhadra,863.579,88.99304400000001
2022-08-23,Tungabhadra,536.066,88.95772930000001
2022-08-24,Tungabhadra,735.502,88.9224146
2022-08-25,Tungabhadra,1122.876,88.8870999
2022-08-26,Tungabhadra,1291.277,88.85178520000001
2022-08-27,Tungabhadra,1435.579,88.81647050000001
2022-08-28,Tungabhadra,1866.165,88.7811558
2022-08-29,Tungabhadra,1666.956,88.7458411
2022-08-30,Tungabhadra,1939.959,88.7105264
2022-08-31,Tungabhadra,2360.209,88.6752117
2022-09-01,Tungabhadra,2747.442,88.63989699999999
2022-09-02,Tungabhadra,2360.776,62.86016600000001
2022-09-03,Tungabhadra,2813.647,34.961553
2022-09-04,Tungabhadra,2461.725,12.713292
2022-09-05,Tungabhadra,1719.965,10.241263
2022-09-06,Tungabhadra,1339.698,39.905611
2022-09-07,Tungabhadra,2531.045,73.101429
2022-09-08,Tungabhadra,2799.12,102.059483
2022-09-09,Tungabhadra,1838.528,102.41263
2022-09-10,Tungabhadra,1381.862,105.9441
2022-09-11,Tungabhadra,1202.475,102.059483
2022-09-12,Tungabhadra,1042.683,88.99304400000001
2022-09-13,Tungabhadra,1172.884,88.93728394736843
2022-09-14,Tungabhadra,1459.564,88.88152389473684
2022-09-15,Tungabhadra,1368.865,88.82576384210527
2022-09-16,Tungabhadra,1384.864,88.77000378947369
2022-09-17,Tungabhadra,1128.908,88.7142437368421
2022-09-18,Tungabhadra,927.915,88.65848368421054
2022-09-19,Tungabhadra,516.329,88.60272363157895
2022-09-20,Tungabhadra,625.151,88.54696357894737
2022-09-21,Tungabhadra,591.907,88.4912035263158
2022-09-22,Tungabhadra,385.789,88.43544347368422
2022-09-23,Tungabhadra,381.881,88.37968342105265
2022-09-24,Tungabhadra,385.279,88.32392336842106
2022-09-25,Tungabhadra,386.468,88.26816331578948
2022-09-26,Tungabhadra,384.005,88.21240326315791
2022-09-27,Tungabhadra,333.686,88.15664321052633
2022-09-28,Tungabhadra,273.767,88.10088315789477
2022-09-29,Tungabhadra,351.893,88.04512310526317
2022-09-30,Tungabhadra,700.276,87.98936305263159
2022-10-01,Tungabhadra,1191.828,87.93360300000002
2022-10-02,Tungabhadra,1147.172,61.800725
2022-10-03,Tungabhadra,906.819,34.255259
2022-10-04,Tungabhadra,841.86,12.006998
2022-10-05,Tungabhadra,464.566,10.241263
2022-10-06,Tungabhadra,671.902,39.905611
2022-10-07,Tungabhadra,820.084,80.517516
2022-10-08,Tungabhadra,765.263,100.293748
2022-10-09,Tungabhadra,490.476,103.472071
2022-10-10,Tungabhadra,435.202,105.9441
2022-10-11,Tungabhadra,1146.351,101.353189
2022-10-12,Tungabhadra,1516.169,88.28675000000001
2022-10-13,Tungabhadra,1871.064,88.23377795
2022-10-14,Tungabhadra,1601.403,88.1808059
2022-10-15,Tungabhadra,1202.645,88.12783385
2022-10-16,Tungabhadra,987.069,88.07486180000001
2022-10-17,Tungabhadra,1363.173,88.02188975000001
2022-10-18,Tungabhadra,1122.763,87.9689177
2022-10-19,Tungabhadra,1005.588,87.91594565000001
2022-10-20,Tungabhadra,983.274,87.8629736
2022-10-21,Tungabhadra,977.781,87.81000155
2022-10-22,Tungabhadra,977.781,87.75702950000002
2022-10-23,Tungabhadra,1061.23,87.70405745000001
2022-10-24,Tungabhadra,399.579,87.65108540000001
2022-10-25,Tungabhadra,416.512,87.59811335
2022-10-26,Tungabhadra,413.284,87.54514130000001
2022-10-27,Tungabhadra,316.639,87.49216925
2022-10-28,Tungabhadra,233.501,87.43919720000001
2022-10-29,Tungabhadra,251.482,87.38622515000002
2022-10-30,Tungabhadra,225.119,87.33325310000002
2022-10-31,Tungabhadra,188.562,87.28028105000001
2022-11-01,Tungabhadra,135.468,87.227309
2022-11-02,Tungabhadra,169.561,61.094431
2022-11-03,Tungabhadra,207.647,33.902112
2022-11-04,Tungabhadra,94.465,11.300704
2022-11-05,Tungabhadra,132.495,10.59441
2022-11-06,Tungabhadra,196.462,40.258758
2022-11-07,Tungabhadra,197.397,88.28675000000001
2022-11-08,Tungabhadra,148.663,95.702837
2022-11-09,Tungabhadra,148.55,104.531512
2022-11-10,Tungabhadra,121.649,105.9441
2022-11-11,Tungabhadra,113.352,101.000042
2022-11-12,Tungabhadra,112.021,87.93360300000002
2022-11-13,Tungabhadra,132.296,87.8592562631579
2022-11-14,Tungabhadra,123.461,87.7849095263158
2022-11-15,Tungabhadra,120.063,87.7105627894737
2022-11-16,Tungabhadra,119.695,87.6362160526316
2022-11-17,Tungabhadra,116.326,87.56186931578948
2022-11-18,Tungabhadra,109.218,87.48752257894739
2022-11-19,Tungabhadra,95.286,87.41317584210526
2022-11-20,Tungabhadra,71.925,87.33882910526317
2022-11-21,Tungabhadra,71.302,87.26448236842108
2022-11-22,Tungabhadra,65.129,87.19013563157895
2022-11-23,Tungabhadra,61.731,87.11578889473685
2022-11-24,Tungabhadra,88.745,87.04144215789478
2022-11-25,Tungabhadra,93.729,86.96709542105265
2022-11-26,Tungabhadra,75.464,86.89274868421055
2022-11-27,Tungabhadra,68.329,86.81840194736843
2022-11-28,Tungabhadra,57.512,86.74405521052631
2022-11-29,Tungabhadra,55.444,86.66970847368422
2022-11-30,Tungabhadra,52.924,86.59536173684212
2022-12-01,Tungabhadra,44.146,86.521015
2022-12-02,Tungabhadra,28.402,60.03499
2022-12-03,Tungabhadra,40.748,33.195818
2022-12-04,Tungabhadra,41.597,10.59441
2022-12-05,Tungabhadra,48.988,10.947557
2022-12-06,Tungabhadra,43.58,40.258758
2022-12-07,Tungabhadra,49.243,95.34969
2022-12-08,Tungabhadra,49.243,101.353189
2022-12-09,Tungabhadra,28.289,104.531512
2022-12-10,Tungabhadra,14.81,105.237806
2022-12-11,Tungabhadra,10.392,100.293748
2022-12-12,Tungabhadra,7.023,87.227309
2022-12-13,Tungabhadra,23.191,86.62695910000002
2022-12-14,Tungabhadra,28.232,86.0266092
2022-12-15,Tungabhadra,40.861,85.42625930000001
2022-12-16,Tungabhadra,33.386,84.82590940000001
2022-12-17,Tungabhadra,70.651,84.2255595
2022-12-18,Tungabhadra,83.308,83.62520960000002
2022-12-19,Tungabhadra,79.457,83.02485970000001
2022-12-20,Tungabhadra,89.934,82.42450980000001
2022-12-21,Tungabhadra,76.484,81.82415990000001
2022-12-22,Tungabhadra,45.987,81.22381
2022-12-23,Tungabhadra,45.817,80.6234601
2022-12-24,Tungabhadra,47.006,80.0231102
2022-12-25,Tungabhadra,26.08,79.42276030000001
2022-12-26,Tungabhadra,16.339,78.82241040000001
2022-12-27,Tungabhadra,13.337,78.2220605
2022-12-28,Tungabhadra,23.758,77.6217106
2022-12-29,Tungabhadra,18.831,77.0213607
2022-12-30,Tungabhadra,12.912,76.4210108
2022-12-31,Tungabhadra,11.185,75.8206609
2023-01-01,Tungabhadra,0.0,75.220311
2023-01-02,Tungabhadra,0.0,51.206315
2023-01-03,Tungabhadra,0.0,28.604907000000004
2023-01-04,Tungabhadra,0.0,7.416087
2023-01-05,Tungabhadra,0.0,2.8251760000000004
2023-01-06,Tungabhadra,0.0,4.944058000000001
2023-01-07,Tungabhadra,0.0,3.178323
2023-01-08,Tungabhadra,0.0,79.10492800000002
2023-01-09,Tungabhadra,0.0,76.27975200000002
2023-01-10,Tungabhadra,0.0,55.79722600000001
2023-01-11,Tungabhadra,0.0,32.136377
2023-01-12,Tungabhadra,0.0,13.772733
2023-01-13,Tungabhadra,0.0,16.8097972
2023-01-14,Tungabhadra,0.0,19.8468614
2023-01-15,Tungabhadra,0.0,22.8839256
2023-01-16,Tungabhadra,0.0,25.9209898
2023-01-17,Tungabhadra,0.0,28.958054
2023-01-18,Tungabhadra,0.0,31.995118200000004
2023-01-19,Tungabhadra,0.0,35.0321824
2023-01-20,Tungabhadra,0.0,38.0692466
2023-01-21,Tungabhadra,0.0,41.10631079999999
2023-01-22,Tungabhadra,0.0,44.143375000000006
2023-01-23,Tungabhadra,0.0,47.1804392
2023-01-24,Tungabhadra,0.0,50.21750339999999
2023-01-25,Tungabhadra,0.0,53.2545676
2023-01-26,Tungabhadra,0.0,56.291631800000005
2023-01-27,Tungabhadra,0.0,59.32869599999999
2023-01-28,Tungabhadra,0.0,62.36576019999999
2023-01-29,Tungabhadra,0.0,65.4028244
2023-01-30,Tungabhadra,0.0,68.4398886
2023-01-31,Tungabhadra,0.0,71.4769528
2023-02-01,Tungabhadra,0.0,74.514017
2023-02-02,Tungabhadra,0.0,0.0
2023-02-03,Tungabhadra,0.0,27.898613000000005
2023-02-04,Tungabhadra,0.0,7.062940000000001
2023-02-05,Tungabhadra,0.0,2.8251760000000004
2023-02-06,Tungabhadra,0.0,4.944058000000001
2023-02-07,Tungabhadra,0.0,3.178323
2023-02-08,Tungabhadra,0.0,81.57695700000001
2023-02-09,Tungabhadra,0.0,75.220311
2023-02-10,Tungabhadra,0.0,55.090932
2023-02-11,Tungabhadra,0.0,31.430083000000003
2023-02-12,Tungabhadra,0.028,13.419586
2023-02-13,Tungabhadra,0.0,16.971829352941175
2023-02-14,Tungabhadra,0.0,20.524072705882357
2023-02-15,Tungabhadra,0.0,24.07631605882353
2023-02-16,Tungabhadra,0.0,27.62855941176471
2023-02-17,Tungabhadra,0.0,31.180802764705884
2023-02-18,Tungabhadra,0.0,34.73304611764706
2023-02-19,Tungabhadra,0.0,38.28528947058823
2023-02-20,Tungabhadra,0.0,41.83753282352941
2023-02-21,Tungabhadra,0.0,45.38977617647058
2023-02-22,Tungabhadra,0.0,48.942019529411766
2023-02-23,Tungabhadra,0.0,52.49426288235294
2023-02-24,Tungabhadra,0.0,56.04650623529412
2023-02-25,Tungabhadra,0.0,59.59874958823529
2023-02-26,Tungabhadra,0.0,63.15099294117647
2023-02-27,Tungabhadra,0.0,66.70323629411766
2023-02-28,Tungabhadra,0.0,70.25547964705883
2023-03-01,Tungabhadra,0.0,73.807723
2023-03-02,Tungabhadra,0.0,49.793727
2023-03-03,Tungabhadra,0.0,27.192319
2023-03-04,Tungabhadra,0.0,6.709793
2023-03-05,Tungabhadra,0.0,2.8251760000000004
2023-03-06,Tungabhadra,0.0,4.944058000000001
2023-03-07,Tungabhadra,0.0,3.178323
2023-03-08,Tungabhadra,0.0,83.342692
2023-03-09,Tungabhadra,0.0,74.514017
2023-03-10,Tungabhadra,0.0,54.384638
2023-03-11,Tungabhadra,0.0,30.723789
2023-03-12,Tungabhadra,0.0,13.419586
2023-03-13,Tungabhadra,0.0,16.40367815
2023-03-14,Tungabhadra,0.0,19.3877703
2023-03-15,Tungabhadra,0.0,22.37186245
2023-03-16,Tungabhadra,0.0,25.3559546
2023-03-17,Tungabhadra,0.0,28.340046750000003
2023-03-18,Tungabhadra,19.51,31.3241389
2023-03-19,Tungabhadra,28.912,34.30823105
2023-03-20,Tungabhadra,47.006,37.292323200000006
2023-03-21,Tungabhadra,15.093,40.27641534999999
2023-03-22,Tungabhadra,28.232,43.2605075
2023-03-23,Tungabhadra,62.042,46.244599650000005
2023-03-24,Tungabhadra,34.178,49.2286918
2023-03-25,Tungabhadra,46.298,52.21278395
2023-03-26,Tungabhadra,49.356,55.19687610000001
2023-03-27,Tungabhadra,10.987,58.18096825
2023-03-28,Tungabhadra,0.0,61.1650604
2023-03-29,Tungabhadra,0.0,64.14915255000001
2023-03-30,Tungabhadra,0.0,67.1332447
2023-03-31,Tungabhadra,0.0,70.11733685
2023-04-01,Tungabhadra,0.0,73.101429
2023-04-02,Tungabhadra,0.0,48.734286
2023-04-03,Tungabhadra,0.0,26.839172
2023-04-04,Tungabhadra,0.0,6.003499000000001
2023-04-05,Tungabhadra,0.0,2.8251760000000004
2023-04-06,Tungabhadra,0.0,4.944058000000001
2023-04-07,Tungabhadra,0.0,3.178323
2023-04-08,Tungabhadra,0.0,84.402133
2023-04-09,Tungabhadra,0.0,73.807723
2023-04-10,Tungabhadra,0.0,53.678344
2023-04-11,Tungabhadra,0.0,29.664348
2023-04-12,Tungabhadra,0.0,13.066439
2023-04-13,Tungabhadra,0.0,16.170415263157892
2023-04-14,Tungabhadra,0.0,19.27439152631579
2023-04-15,Tungabhadra,0.0,22.37836778947369
2023-04-16,Tungabhadra,0.0,25.482344052631586
2023-04-17,Tungabhadra,0.0,28.586320315789475
2023-04-18,Tungabhadra,0.0,31.69029657894737
2023-04-19,Tungabhadra,0.0,34.794272842105265
2023-04-20,Tungabhadra,0.0,37.89824910526316
2023-04-21,Tungabhadra,0.0,41.00222536842106
2023-04-22,Tungabhadra,0.0,44.10620163157895
2023-04-23,Tungabhadra,0.0,47.21017789473685
2023-04-24,Tungabhadra,0.0,50.314154157894734
2023-04-25,Tungabhadra,0.0,53.41813042105263
2023-04-26,Tungabhadra,0.0,56.52210668421053
2023-04-27,Tungabhadra,0.0,59.62608294736843
2023-04-28,Tungabhadra,0.0,62.73005921052631
2023-04-29,Tungabhadra,0.0,65.8340354736842
2023-04-30,Tungabhadra,0.0,68.93801173684211
2023-05-01,Tungabhadra,0.0,72.041988
2023-05-02,Tungabhadra,0.0,48.027992000000005
2023-05-03,Tungabhadra,0.0,26.132878
2023-05-04,Tungabhadra,0.0,5.650352000000001
2023-05-05,Tungabhadra,0.0,2.8251760000000004
2023-05-06,Tungabhadra,0.0,4.944058000000001
2023-05-07,Tungabhadra,10.364,3.178323
2023-05-08,Tungabhadra,23.446,84.75528
2023-05-09,Tungabhadra,36.019,73.101429
2023-05-10,Tungabhadra,41.201,53.325197
2023-05-11,Tungabhadra,36.557,28.958054
2023-05-12,Tungabhadra,31.97,13.066439
2023-05-13,Tungabhadra,33.782,15.979901750000002
2023-05-14,Tungabhadra,46.468,18.8933645
2023-05-15,Tungabhadra,52.896,21.80682725
2023-05-16,Tungabhadra,53.321,24.72029
2023-05-17,Tungabhadra,55.784,27.63375275
2023-05-18,Tungabhadra,46.043,30.5472155
2023-05-19,Tungabhadra,33.414,33.46067825
2023-05-20,Tungabhadra,30.95,36.374141
2023-05-21,Tungabhadra,25.683,39.28760375
2023-05-22,Tungabhadra,16.424,42.2010665
2023-05-23,Tungabhadra,10.76,45.11452925
2023-05-24,Tungabhadra,34.971,48.027992000000005
2023-05-25,Tungabhadra,29.308,50.94145475
2023-05-26,Tungabhadra,19.709,53.8549175
2023-05-27,Tungabhadra,28.883,56.76838025
2023-05-28,Tungabhadra,36.812,59.681843
2023-05-29,Tungabhadra,40.153,62.59530575
2023-05-30,Tungabhadra,51.905,65.5087685
2023-05-31,Tungabhadra,44.741,68.42223125000001
2023-06-01,Tungabhadra,29.223,71.335694
2023-06-02,Tungabhadra,22.852,46.968551000000005
2023-06-03,Tungabhadra,29.478,25.426584
2023-06-04,Tungabhadra,29.818,4.944058000000001
2023-06-05,Tungabhadra,25.174,2.8251760000000004
2023-06-06,Tungabhadra,20.473,4.944058000000001
2023-06-07,Tungabhadra,8.41,0.0
2023-06-08,Tungabhadra,13.252,85.108427
2023-06-09,Tungabhadra,3.936,72.748282
2023-06-10,Tungabhadra,7.929,52.618903
2023-06-11,Tungabhadra,9.656,28.251760000000004
2023-06-12,Tungabhadra,12.714,13.066439
2023-06-13,Tungabhadra,11.468,16.09606852631579
2023-06-14,Tungabhadra,3.002,19.12569805263158
2023-06-15,Tungabhadra,0.0,22.155327578947368
2023-06-16,Tungabhadra,0.0,25.184957105263155
2023-06-17,Tungabhadra,0.0,28.21458663157895
2023-06-18,Tungabhadra,0.0,31.244216157894733
2023-06-19,Tungabhadra,8.722,34.27384568421052
2023-06-20,Tungabhadra,12.771,37.30347521052632
2023-06-21,Tungabhadra,10.392,40.33310473684209
2023-06-22,Tungabhadra,0.0,43.36273426315789
2023-06-23,Tungabhadra,0.0,46.39236378947368
2023-06-24,Tungabhadra,5.295,49.42199331578946
2023-06-25,Tungabhadra,7.702,52.45162284210526
2023-06-26,Tungabhadra,6.456,55.48125236842105
2023-06-27,Tungabhadra,15.744,58.51088189473685
2023-06-28,Tungabhadra,13.082,61.54051142105262
2023-06-29,Tungabhadra,5.324,64.57014094736842
2023-06-30,Tungabhadra,9.713,67.5997704736842
2023-07-01,Tungabhadra,3.794,70.6294
2023-07-02,Tungabhadra,7.9,46.262257000000005
2023-07-03,Tungabhadra,5.38,24.72029
2023-07-04,Tungabhadra,22.597,4.590911
2023-07-05,Tungabhadra,7.334,2.8251760000000004
2023-07-06,Tungabhadra,5.465,4.944058000000001
2023-07-07,Tungabhadra,8.552,3.178323
2023-07-08,Tungabhadra,7.759,85.461574
2023-07-09,Tungabhadra,7.929,72.041988
2023-07-10,Tungabhadra,280.11,52.265756
2023-07-11,Tungabhadra,502.936,27.192319
2023-07-12,Tungabhadra,492.232,12.713292
2023-07-13,Tungabhadra,200.172,15.5737827
2023-07-14,Tungabhadra,271.332,18.4342734
2023-07-15,Tungabhadra,252.53,21.2947641
2023-07-16,Tungabhadra,168.627,24.1552548
2023-07-17,Tungabhadra,164.634,27.015745500000005
2023-07-18,Tungabhadra,323.52,29.876236200000005
2023-07-19,Tungabhadra,278.893,32.7367269
2023-07-20,Tungabhadra,270.029,35.5972176
2023-07-21,Tungabhadra,377.747,38.4577083
2023-07-22,Tungabhadra,964.783,41.31819900000001
2023-07-23,Tungabhadra,1547.714,44.1786897
2023-07-24,Tungabhadra,1339.217,47.03918040000001
2023-07-25,Tungabhadra,2052.66,49.89967110000002
2023-07-26,Tungabhadra,2785.16,52.76016180000001
2023-07-27,Tungabhadra,3159.197,55.62065250000001
2023-07-28,Tungabhadra,3033.272,58.4811432
2023-07-29,Tungabhadra,2493.553,61.341633900000005
2023-07-30,Tungabhadra,1963.462,64.2021246
2023-07-31,Tungabhadra,1321.519,67.0626153
2023-08-01,Tungabhadra,1041.097,69.923106
2023-08-02,Tungabhadra,842.794,45.555963000000006
2023-08-03,Tungabhadra,608.586,23.660849
2023-08-04,Tungabhadra,495.771,4.237764
2023-08-05,Tungabhadra,333.488,2.8251760000000004
2023-08-06,Tungabhadra,317.149,4.944058000000001
2023-08-07,Tungabhadra,356.283,3.178323
2023-08-08,Tungabhadra,494.525,86.167868
2023-08-09,Tungabhadra,821.104,71.335694
2023-08-10,Tungabhadra,633.674,51.559462
2023-08-11,Tungabhadra,374.745,26.486025
2023-08-12,Tungabhadra,355.66,12.713292
2023-08-13,Tungabhadra,339.434,15.538468000000002
2023-08-14,Tungabhadra,244.969,18.363644
2023-08-15,Tungabhadra,157.102,21.188820000000003
2023-08-16,Tungabhadra,146.115,24.013996
2023-08-17,Tungabhadra,67.507,26.839172
2023-08-18,Tungabhadra,43.212,29.664348000000004
2023-08-19,Tungabhadra,16.622,32.489524
2023-08-20,Tungabhadra,19.992,35.3147
2023-08-21,Tungabhadra,24.749,38.13987600000001
2023-08-22,Tungabhadra,30.724,40.965052
2023-08-23,Tungabhadra,45.477,43.79022800000001
2023-08-24,Tungabhadra,57.54,46.61540400000002
2023-08-25,Tungabhadra,46.326,49.44058000000002
2023-08-26,Tungabhadra,34.15,52.265756
2023-08-27,Tungabhadra,11.582,55.090932
2023-08-28,Tungabhadra,6.23,57.916108
2023-08-29,Tungabhadra,3.002,60.74128400000001
2023-08-30,Tungabhadra,0.0,63.56646000000002
2023-08-31,Tungabhadra,7.391,66.39163600000002
2023-09-01,Tungabhadra,19.482,69.216812
2023-09-02,Tungabhadra,23.022,44.496522000000006
2023-09-03,Tungabhadra,15.348,22.954555000000003
2023-09-04,Tungabhadra,15.829,3.884617
2023-09-05,Tungabhadra,11.412,2.8251760000000004
2023-09-06,Tungabhadra,33.725,4.944058000000001
2023-09-07,Tungabhadra,35.849,3.178323
2023-09-08,Tungabhadra,46.128,87.93360300000002
2023-09-09,Tungabhadra,44.769,70.6294
2023-09-10,Tungabhadra,39.785,50.853168
2023-09-11,Tungabhadra,83.79,25.779731
2023-09-12,Tungabhadra,72.321,12.360145
2023-09-13,Tungabhadra,61.278,15.315427789473684
2023-09-14,Tungabhadra,53.66,18.27071057894737
2023-09-15,Tungabhadra,50.347,21.22599336842105
2023-09-16,Tungabhadra,49.045,24.181276157894736
2023-09-17,Tungabhadra,49.243,27.13655894736842
2023-09-18,Tungabhadra,49.526,30.091841736842103
2023-09-19,Tungabhadra,59.72,33.047124526315784
2023-09-20,Tungabhadra,123.971,36.00240731578947
2023-09-21,Tungabhadra,171.742,38.957690105263154
2023-09-22,Tungabhadra,120.658,41.91297289473684
2023-09-23,Tungabhadra,106.924,44.86825568421053
2023-09-24,Tungabhadra,97.835,47.82353847368421
2023-09-25,Tungabhadra,66.46,50.77882126315789
2023-09-26,Tungabhadra,43.155,53.73410405263158
2023-09-27,Tungabhadra,34.83,56.689386842105264
2023-09-28,Tungabhadra,24.947,59.64466963157894
2023-09-29,Tungabhadra,37.01,62.59995242105264
2023-09-30,Tungabhadra,40.182,65.5552352105263
2023-10-01,Tungabhadra,34.547,68.510518
2023-10-02,Tungabhadra,30.497,43.790228
2023-10-03,Tungabhadra,51.678,22.248261000000003
2023-10-04,Tungabhadra,104.829,3.531470000000001
2023-10-05,Tungabhadra,111.427,2.8251760000000004
2023-10-06,Tungabhadra,125.642,4.944058000000001
2023-10-07,Tungabhadra,92.596,3.884617
2023-10-08,Tungabhadra,63.288,88.99304400000001
2023-10-09,Tungabhadra,57.257,69.923106
2023-10-10,Tungabhadra,38.907,50.146874
2023-10-11,Tungabhadra,28.883,25.426584
2023-10-12,Tungabhadra,13.649,12.360145
2023-10-13,Tungabhadra,10.194,15.13234895
2023-10-14,Tungabhadra,20.218,17.904552900000002
2023-10-15,Tungabhadra,31.856,20.67675685
2023-10-16,Tungabhadra,21.209,23.4489608
2023-10-17,Tungabhadra,18.463,26.22116475
2023-10-18,Tungabhadra,18.604,28.9933687
2023-10-19,Tungabhadra,6.456,31.76557265
2023-10-20,Tungabhadra,11.497,34.5377766
2023-10-21,Tungabhadra,1.869,37.30998054999999
2023-10-22,Tungabhadra,0.0,40.0821845
2023-10-23,Tungabhadra,11.893,42.85438845
2023-10-24,Tungabhadra,14.385,45.62659239999999
2023-10-25,Tungabhadra,2.379,48.39879635
2023-10-26,Tungabhadra,0.0,51.1710003
2023-10-27,Tungabhadra,0.0,53.94320425000001
2023-10-28,Tungabhadra,0.0,56.715408200000006
2023-10-29,Tungabhadra,0.0,59.48761215
2023-10-30,Tungabhadra,0.0,62.2598161
2023-10-31,Tungabhadra,0.0,65.03202005
2023-11-01,Tungabhadra,0.0,67.804224
2023-11-02,Tungabhadra,0.0,43.083934
2023-11-03,Tungabhadra,0.0,21.541967
2023-11-04,Tungabhadra,0.0,3.178323
2023-11-05,Tungabhadra,0.0,3.178323
2023-11-06,Tungabhadra,0.0,4.944058000000001
2023-11-07,Tungabhadra,0.0,5.297205
2023-11-08,Tungabhadra,0.0,89.346191
2023-11-09,Tungabhadra,115.448,69.216812
2023-11-10,Tungabhadra,175.281,49.44058
2023-11-11,Tungabhadra,183.068,25.426584
2023-11-12,Tungabhadra,218.719,12.006998
2023-11-13,Tungabhadra,202.494,14.906520736842104
2023-11-14,Tungabhadra,159.849,17.80604347368421
2023-11-15,Tungabhadra,90.501,20.70556621052632
2023-11-16,Tungabhadra,51.792,23.605088947368422
2023-11-17,Tungabhadra,22.115,26.504611684210527
2023-11-18,Tungabhadra,8.948,29.404134421052632
2023-11-19,Tungabhadra,11.213,32.30365715789474
2023-11-20,Tungabhadra,2.209,35.20317989473684
2023-11-21,Tungabhadra,8.438,38.10270263157896
2023-11-22,Tungabhadra,19.086,41.00222536842104
2023-11-23,Tungabhadra,19.284,43.90174810526316
2023-11-24,Tungabhadra,15.744,46.80127084210526
2023-11-25,Tungabhadra,14.328,49.70079357894737
2023-11-26,Tungabhadra,14.527,52.600316315789485
2023-11-27,Tungabhadra,14.385,55.49983905263158
2023-11-28,Tungabhadra,14.017,58.39936178947368
2023-11-29,Tungabhadra,17.188,61.29888452631579
2023-11-30,Tungabhadra,16.792,64.19840726315788
2023-12-01,Tungabhadra,20.671,67.09793
2023-12-02,Tungabhadra,21.747,42.37764
2023-12-03,Tungabhadra,26.42,20.835673
2023-12-04,Tungabhadra,24.154,3.178323
2023-12-05,Tungabhadra,20.7,3.178323
2023-12-06,Tungabhadra,18.236,4.944058000000001
2023-12-07,Tungabhadra,16.339,7.062940000000001
2023-12-08,Tungabhadra,19.369,89.346191
2023-12-09,Tungabhadra,20.53,68.510518
2023-12-10,Tungabhadra,19.652,48.734286
2023-12-11,Tungabhadra,19.85,25.426584
2023-12-12,Tungabhadra,18.632,12.006998
2023-12-13,Tungabhadra,14.725,11.91871125
2023-12-14,Tungabhadra,12.29,11.8304245
2023-12-15,Tungabhadra,7.419,11.74213775
2023-12-16,Tungabhadra,0.0,11.653851
2023-12-17,Tungabhadra,0.0,11.56556425
2023-12-18,Tungabhadra,0.0,11.4772775
2023-12-19,Tungabhadra,0.0,11.38899075
2023-12-20,Tungabhadra,0.0,11.300704
2023-12-21,Tungabhadra,0.0,11.21241725
2023-12-22,Tungabhadra,0.0,11.1241305
2023-12-23,Tungabhadra,0.0,11.035843750000002
2023-12-24,Tungabhadra,0.0,10.947557
2023-12-25,Tungabhadra,0.0,10.85927025
2023-12-26,Tungabhadra,0.0,10.7709835
2023-12-27,Tungabhadra,0.0,10.68269675
2023-12-28,Tungabhadra,0.0,10.59441
2023-12-29,Tungabhadra,0.0,10.50612325
2023-12-30,Tungabhadra,0.0,10.4178365
2023-12-31,Tungabhadra,0.0,10.32954975
2024-01-01,Tungabhadra,0.0,10.241263
2024-01-02,Tungabhadra,0.0,9.534969000000002
2024-01-03,Tungabhadra,0.0,8.475528
2024-01-04,Tungabhadra,0.0,4.590911
2024-01-05,Tungabhadra,0.0,3.531470000000001
2024-01-06,Tungabhadra,0.0,3.779980851851851
2024-01-07,Tungabhadra,0.0,4.028491703703701
2024-01-08,Tungabhadra,0.0,4.277002555555556
2024-01-09,Tungabhadra,0.0,4.525513407407406
2024-01-10,Tungabhadra,0.0,4.7740242592592566
2024-01-11,Tungabhadra,0.0,5.02253511111111
2024-01-12,Tungabhadra,0.0,5.271045962962961
2024-01-13,Tungabhadra,0.0,5.519556814814815
2024-01-14,Tungabhadra,0.0,5.768067666666666
2024-01-15,Tungabhadra,0.0,6.016578518518517
2024-01-16,Tungabhadra,0.0,6.2650893703703705
2024-01-17,Tungabhadra,0.0,6.513600222222221
2024-01-18,Tungabhadra,0.0,6.762111074074071
2024-01-19,Tungabhadra,0.0,7.010621925925922
2024-01-20,Tungabhadra,0.0,7.259132777777776
2024-01-21,Tungabhadra,0.0,7.507643629629626
2024-01-22,Tungabhadra,0.0,7.756154481481481
2024-01-23,Tungabhadra,0.0,8.004665333333332
2024-01-24,Tungabhadra,0.0,8.253176185185184
2024-01-25,Tungabhadra,0.0,8.501687037037035
2024-01-26,Tungabhadra,0.0,8.750197888888886
2024-01-27,Tungabhadra,0.0,8.998708740740742
2024-01-28,Tungabhadra,0.0,9.247219592592591
2024-01-29,Tungabhadra,0.0,9.495730444444442
2024-01-30,Tungabhadra,0.0,9.744241296296297
2024-01-31,Tungabhadra,0.0,9.992752148148147
2024-02-01,Tungabhadra,0.0,10.241263
2024-02-02,Tungabhadra,0.0,9.534969000000002
2024-02-03,Tungabhadra,0.0,8.475528
2024-02-04,Tungabhadra,0.0,4.590911
2024-02-05,Tungabhadra,0.0,3.531470000000001
2024-02-06,Tungabhadra,0.0,3.79986172
2024-02-07,Tungabhadra,0.0,4.06825344
2024-02-08,Tungabhadra,0.0,4.336645160000001
2024-02-09,Tungabhadra,0.0,4.60503688
2024-02-10,Tungabhadra,0.0,4.8734286
2024-02-11,Tungabhadra,0.0,5.141820320000001
2024-02-12,Tungabhadra,0.0,5.41021204
2024-02-13,Tungabhadra,0.0,5.6786037600000006
2024-02-14,Tungabhadra,0.0,5.94699548
2024-02-15,Tungabhadra,0.0,6.2153872
2024-02-16,Tungabhadra,0.0,6.483778919999997
2024-02-17,Tungabhadra,0.0,6.752170639999997
2024-02-18,Tungabhadra,0.0,7.020562359999997
2024-02-19,Tungabhadra,0.0,7.288954080000001
2024-02-20,Tungabhadra,0.0,7.5573458
2024-02-21,Tungabhadra,0.0,7.825737520000001
2024-02-22,Tungabhadra,0.0,8.09412924
2024-02-23,Tungabhadra,0.0,8.362520959999998
2024-02-24,Tungabhadra,0.0,8.630912679999996
2024-02-25,Tungabhadra,0.0,8.8993044
2024-02-26,Tungabhadra,0.0,9.16769612
2024-02-27,Tungabhadra,0.0,9.43608784
2024-02-28,Tungabhadra,0.0,9.70447956
2024-02-29,Tungabhadra,0.0,9.97287128
2024-03-01,Tungabhadra,0.0,10.241263
2024-03-02,Tungabhadra,0.0,9.534969000000002
2024-03-03,Tungabhadra,0.0,8.122381
2024-03-04,Tungabhadra,0.0,4.590911
2024-03-05,Tungabhadra,0.0,3.531470000000001
2024-03-06,Tungabhadra,0.0,3.779980851851851
2024-03-07,Tungabhadra,0.0,4.028491703703701
2024-03-08,Tungabhadra,0.0,4.277002555555556
2024-03-09,Tungabhadra,0.0,4.525513407407406
2024-03-10,Tungabhadra,0.0,4.7740242592592566
2024-03-11,Tungabhadra,0.0,5.02253511111111
2024-03-12,Tungabhadra,0.0,5.271045962962961
2024-03-13,Tungabhadra,0.0,5.519556814814815
2024-03-14,Tungabhadra,0.0,5.768067666666666
2024-03-15,Tungabhadra,0.0,6.016578518518517
2024-03-16,Tungabhadra,0.0,6.2650893703703705
2024-03-17,Tungabhadra,0.0,6.513600222222221
2024-03-18,Tungabhadra,0.0,6.762111074074071
2024-03-19,Tungabhadra,0.0,7.010621925925922
2024-03-20,Tungabhadra,0.0,7.259132777777776
2024-03-21,Tungabhadra,0.0,7.507643629629626
2024-03-22,Tungabhadra,0.0,7.756154481481481
2024-03-23,Tungabhadra,0.0,8.004665333333332
2024-03-24,Tungabhadra,0.0,8.253176185185184
2024-03-25,Tungabhadra,0.0,8.501687037037035
2024-03-26,Tungabhadra,0.0,8.750197888888886
2024-03-27,Tungabhadra,0.0,8.998708740740742
2024-03-28,Tungabhadra,0.0,9.247219592592591
2024-03-29,Tungabhadra,0.0,9.495730444444442
2024-03-30,Tungabhadra,0.0,9.744241296296297
2024-03-31,Tungabhadra,0.0,9.992752148148147
2024-04-01,Tungabhadra,0.0,10.241263
2024-04-02,Tungabhadra,0.0,9.534969000000002
2024-04-03,Tungabhadra,0.0,8.122381
2024-04-04,Tungabhadra,0.0,4.590911
2024-04-05,Tungabhadra,0.0,3.531470000000001
2024-04-06,Tungabhadra,0.0,3.7895389615384616
2024-04-07,Tungabhadra,0.0,4.047607923076923
2024-04-08,Tungabhadra,0.0,4.305676884615384
2024-04-09,Tungabhadra,0.0,4.563745846153846
2024-04-10,Tungabhadra,0.0,4.821814807692307
2024-04-11,Tungabhadra,0.0,5.079883769230768
2024-04-12,Tungabhadra,0.0,5.33795273076923
2024-04-13,Tungabhadra,0.0,5.596021692307691
2024-04-14,Tungabhadra,0.0,5.854090653846152
2024-04-15,Tungabhadra,0.0,6.112159615384613
2024-04-16,Tungabhadra,0.0,6.370228576923075
2024-04-17,Tungabhadra,0.0,6.628297538461536
2024-04-18,Tungabhadra,0.0,6.8863665
2024-04-19,Tungabhadra,0.0,7.144435461538461
2024-04-20,Tungabhadra,0.0,7.402504423076922
2024-04-21,Tungabhadra,0.0,7.660573384615384
2024-04-22,Tungabhadra,0.0,7.918642346153845
2024-04-23,Tungabhadra,0.0,8.176711307692306
2024-04-24,Tungabhadra,0.0,8.434780269230767
2024-04-25,Tungabhadra,0.0,8.69284923076923
2024-04-26,Tungabhadra,0.0,8.950918192307691
2024-04-27,Tungabhadra,0.0,9.208987153846152
2024-04-28,Tungabhadra,0.0,9.467056115384617
2024-04-29,Tungabhadra,0.0,9.725125076923074
2024-04-30,Tungabhadra,0.0,9.98319403846154
2024-05-01,Tungabhadra,0.0,10.241263
2024-05-02,Tungabhadra,0.0,9.534969000000002
2024-05-03,Tungabhadra,0.0,8.122381
2024-05-04,Tungabhadra,0.0,4.237764
2024-05-05,Tungabhadra,0.0,3.531470000000001
2024-05-06,Tungabhadra,0.0,3.779980851851851
2024-05-07,Tungabhadra,0.0,4.028491703703701
2024-05-08,Tungabhadra,0.0,4.277002555555556
2024-05-09,Tungabhadra,0.0,4.525513407407406
2024-05-10,Tungabhadra,0.0,4.7740242592592566
2024-05-11,Tungabhadra,0.0,5.02253511111111
2024-05-12,Tungabhadra,1.161,5.271045962962961
2024-05-13,Tungabhadra,0.0,5.519556814814815
2024-05-14,Tungabhadra,0.0,5.768067666666666
2024-05-15,Tungabhadra,0.0,6.016578518518517
2024-05-16,Tungabhadra,0.0,6.2650893703703705
2024-05-17,Tungabhadra,0.0,6.513600222222221
2024-05-18,Tungabhadra,0.0,6.762111074074071
2024-05-19,Tungabhadra,0.0,7.010621925925922
2024-05-20,Tungabhadra,0.0,7.259132777777776
2024-05-21,Tungabhadra,0.0,7.507643629629626
2024-05-22,Tungabhadra,0.0,7.756154481481481
2024-05-23,Tungabhadra,0.0,8.004665333333332
2024-05-24,Tungabhadra,0.0,8.253176185185184
2024-05-25,Tungabhadra,0.0,8.501687037037035
2024-05-26,Tungabhadra,0.0,8.750197888888886
2024-05-27,Tungabhadra,0.0,8.998708740740742
2024-05-28,Tungabhadra,0.0,9.247219592592591
2024-05-29,Tungabhadra,0.0,9.495730444444442
2024-05-30,Tungabhadra,0.0,9.744241296296297
2024-05-31,Tungabhadra,0.0,9.992752148148147
2024-06-01,Tungabhadra,7.646,10.241263
2024-06-02,Tungabhadra,11.638,9.534969000000002
2024-06-03,Tungabhadra,18.038,8.122381
2024-06-04,Tungabhadra,18.661,4.237764
2024-06-05,Tungabhadra,14.64,3.531470000000001
2024-06-06,Tungabhadra,44.769,3.7895389615384616
2024-06-07,Tungabhadra,62.014,4.047607923076923
2024-06-08,Tungabhadra,42.192,4.305676884615384
2024-06-09,Tungabhadra,75.181,4.563745846153846
2024-06-10,Tungabhadra,136.402,4.821814807692307
2024-06-11,Tungabhadra,113.947,5.079883769230768
2024-06-12,Tungabhadra,120.8,5.33795273076923
2024-06-13,Tungabhadra,100.043,5.596021692307691
2024-06-14,Tungabhadra,105.82,5.854090653846152
2024-06-15,Tungabhadra,47.459,6.112159615384613
2024-06-16,Tungabhadra,45.845,6.370228576923075
2024-06-17,Tungabhadra,26.731,6.628297538461536
2024-06-18,Tungabhadra,22.682,6.8863665
2024-06-19,Tungabhadra,21.209,7.144435461538461
2024-06-20,Tungabhadra,21.492,7.402504423076922
2024-06-21,Tungabhadra,23.531,7.660573384615384
2024-06-22,Tungabhadra,18.066,7.918642346153845
2024-06-23,Tungabhadra,18.548,8.176711307692306
2024-06-24,Tungabhadra,29.903,8.434780269230767
2024-06-25,Tungabhadra,23.078,8.69284923076923
2024-06-26,Tungabhadra,17.103,8.950918192307691
2024-06-27,Tungabhadra,16.48,9.208987153846152
2024-06-28,Tungabhadra,24.891,9.467056115384617
2024-06-29,Tungabhadra,51.508,9.725125076923074
2024-06-30,Tungabhadra,178.623,9.98319403846154
2024-07-01,Tungabhadra,335.668,10.241263
2024-07-02,Tungabhadra,379.729,9.534969000000002
2024-07-03,Tungabhadra,297.412,7.769234000000001
2024-07-04,Tungabhadra,438.685,4.237764
2024-07-05,Tungabhadra,543.712,3.531470000000001
2024-07-06,Tungabhadra,723.665,3.779980851851851
2024-07-07,Tungabhadra,1436.089,4.028491703703701
2024-07-08,Tungabhadra,860.492,4.277002555555556
2024-07-09,Tungabhadra,653.525,4.525513407407406
2024-07-10,Tungabhadra,779.959,4.7740242592592566
2024-07-11,Tungabhadra,717.804,5.02253511111111
2024-07-12,Tungabhadra,612.862,5.271045962962961
2024-07-13,Tungabhadra,511.402,5.519556814814815
2024-07-14,Tungabhadra,345.296,5.768067666666666
2024-07-15,Tungabhadra,457.091,6.016578518518517
2024-07-16,Tungabhadra,797.204,6.2650893703703705
2024-07-17,Tungabhadra,1402.307,6.513600222222221
2024-07-18,Tungabhadra,2335.885,6.762111074074071
2024-07-19,Tungabhadra,3022.059,7.010621925925922
2024-07-20,Tungabhadra,3035.509,7.259132777777776
2024-07-21,Tungabhadra,3174.347,7.507643629629626
2024-07-22,Tungabhadra,3211.187,7.756154481481481
2024-07-23,Tungabhadra,2623.159,8.004665333333332
2024-07-24,Tungabhadra,2381.872,8.253176185185184
2024-07-25,Tungabhadra,2146.7,8.501687037037035
2024-07-26,Tungabhadra,2485.256,8.750197888888886
2024-07-27,Tungabhadra,2935.777,8.998708740740742
2024-07-28,Tungabhadra,3521.511,9.247219592592591
2024-07-29,Tungabhadra,4166.031,9.495730444444442
2024-07-30,Tungabhadra,3732.755,9.744241296296297
2024-07-31,Tungabhadra,1484.199,9.992752148148147
2024-08-01,Tungabhadra,3550.168,10.241263
2024-08-02,Tungabhadra,5591.671,9.534969000000002
2024-08-03,Tungabhadra,4852.177,7.769234000000001
2024-08-04,Tungabhadra,3867.345,4.237764
2024-08-05,Tungabhadra,3521.936,3.531470000000001
2024-08-06,Tungabhadra,2398.324,3.779980851851851
2024-08-07,Tungabhadra,1908.386,4.028491703703701
2024-08-08,Tungabhadra,1637.252,4.277002555555556
2024-08-09,Tungabhadra,1276.693,4.525513407407406
2024-08-10,Tungabhadra,1158.839,4.7740242592592566
2024-08-11,Tungabhadra,1040.333,5.02253511111111
2024-08-12,Tungabhadra,724.09,5.271045962962961
2024-08-13,Tungabhadra,1003.124,5.519556814814815
2024-08-14,Tungabhadra,932.304,5.768067666666666
2024-08-15,Tungabhadra,1003.464,6.016578518518517
2024-08-16,Tungabhadra,946.321,6.2650893703703705
2024-08-17,Tungabhadra,1266.358,6.513600222222221
2024-08-18,Tungabhadra,1247.017,6.762111074074071
2024-08-19,Tungabhadra,1067.177,7.010621925925922
2024-08-20,Tungabhadra,878.757,7.259132777777776
2024-08-21,Tungabhadra,874.792,7.507643629629626
2024-08-22,Tungabhadra,947.0,7.756154481481481
2024-08-23,Tungabhadra,1061.57,8.004665333333332
2024-08-24,Tungabhadra,898.295,8.253176185185184
2024-08-25,Tungabhadra,671.817,8.501687037037035
2024-08-26,Tungabhadra,490.193,8.750197888888886
2024-08-27,Tungabhadra,593.408,8.998708740740742
2024-08-28,Tungabhadra,613.853,9.247219592592591
2024-08-29,Tungabhadra,821.585,9.495730444444442
2024-08-30,Tungabhadra,965.123,9.744241296296297
2024-08-31,Tungabhadra,990.608,9.992752148148147
2024-09-01,Tungabhadra,1135.704,10.241263
2024-09-02,Tungabhadra,850.383,9.534969000000002
2024-09-03,Tungabhadra,846.872,7.416087
2024-09-04,Tungabhadra,1131.116,4.237764
2024-09-05,Tungabhadra,930.973,3.531470000000001
2024-09-06,Tungabhadra,915.965,3.7895389615384616
2024-09-07,Tungabhadra,974.694,4.047607923076923
2024-09-08,Tungabhadra,990.608,4.305676884615384
2024-09-09,Tungabhadra,990.297,4.563745846153846
2024-09-10,Tungabhadra,813.43,4.821814807692307
2024-09-11,Tungabhadra,788.936,5.079883769230768
2024-09-12,Tungabhadra,701.578,5.33795273076923
2024-09-13,Tungabhadra,726.922,5.596021692307691
2024-09-14,Tungabhadra,709.62,5.854090653846152
2024-09-15,Tungabhadra,660.179,6.112159615384613
2024-09-16,Tungabhadra,530.573,6.370228576923075
2024-09-17,Tungabhadra,318.168,6.628297538461536
2024-09-18,Tungabhadra,298.913,6.8863665
2024-09-19,Tungabhadra,302.622,7.144435461538461
2024-09-20,Tungabhadra,303.896,7.402504423076922
2024-09-21,Tungabhadra,304.18,7.660573384615384
2024-09-22,Tungabhadra,303.981,7.918642346153845
2024-09-23,Tungabhadra,299.139,8.176711307692306
2024-09-24,Tungabhadra,225.968,8.434780269230767
2024-09-25,Tungabhadra,195.981,8.69284923076923
2024-09-26,Tungabhadra,321.906,8.950918192307691
2024-09-27,Tungabhadra,428.575,9.208987153846152
2024-09-28,Tungabhadra,637.497,9.467056115384617
2024-09-29,Tungabhadra,312.929,9.725125076923074
2024-09-30,Tungabhadra,301.093,9.98319403846154
2024-10-01,Tungabhadra,234.379,10.241263
2024-10-02,Tungabhadra,247.093,9.534969000000002
2024-10-03,Tungabhadra,288.917,7.062940000000001
2024-10-04,Tungabhadra,423.28,3.884617
2024-10-05,Tungabhadra,392.613,3.531470000000001
2024-10-06,Tungabhadra,415.182,3.779980851851851
2024-10-07,Tungabhadra,414.53,4.028491703703701
2024-10-08,Tungabhadra,338.5,4.277002555555556
2024-10-09,Tungabhadra,311.287,4.525513407407406
2024-10-10,Tungabhadra,333.686,4.7740242592592566
2024-10-11,Tungabhadra,806.747,5.02253511111111
2024-10-12,Tungabhadra,1419.977,5.271045962962961
2024-10-13,Tungabhadra,2392.887,5.519556814814815
2024-10-14,Tungabhadra,2336.253,5.768067666666666
2024-10-15,Tungabhadra,1282.385,6.016578518518517
2024-10-16,Tungabhadra,692.772,6.2650893703703705
2024-10-17,Tungabhadra,810.06,6.513600222222221
2024-10-18,Tungabhadra,1045.43,6.762111074074071
2024-10-19,Tungabhadra,2073.954,7.010621925925922
2024-10-20,Tungabhadra,1460.781,7.259132777777776
2024-10-21,Tungabhadra,835.8,7.507643629629626
2024-10-22,Tungabhadra,1472.504,7.756154481481481
2024-10-23,Tungabhadra,3095.428,8.004665333333332
2024-10-24,Tungabhadra,2768.0,8.253176185185184
2024-10-25,Tungabhadra,1365.467,8.501687037037035
2024-10-26,Tungabhadra,552.462,8.750197888888886
2024-10-27,Tungabhadra,485.492,8.998708740740742
2024-10-28,Tungabhadra,447.18,9.247219592592591
2024-10-29,Tungabhadra,442.479,9.495730444444442
2024-10-30,Tungabhadra,400.23,9.744241296296297
2024-10-31,Tungabhadra,381.371,9.992752148148147
2024-11-01,Tungabhadra,335.838,10.241263
2024-11-02,Tungabhadra,330.373,9.534969000000002
2024-11-03,Tungabhadra,428.717,7.062940000000001
2024-11-04,Tungabhadra,439.931,3.884617
2024-11-05,Tungabhadra,377.322,3.531470000000001
2024-11-06,Tungabhadra,336.744,3.7895389615384616
2024-11-07,Tungabhadra,300.187,4.047607923076923
2024-11-08,Tungabhadra,256.296,4.305676884615384
2024-11-09,Tungabhadra,242.59,4.563745846153846
2024-11-10,Tungabhadra,205.694,4.821814807692307
2024-11-11,Tungabhadra,192.724,5.079883769230768
2024-11-12,Tungabhadra,142.066,5.33795273076923
2024-11-13,Tungabhadra,112.446,5.596021692307691
2024-11-14,Tungabhadra,63.939,5.854090653846152
2024-11-15,Tungabhadra,63.798,6.112159615384613
2024-11-16,Tungabhadra,92.568,6.370228576923075
2024-11-17,Tungabhadra,95.06,6.628297538461536
2024-11-18,Tungabhadra,101.657,6.8863665
2024-11-19,Tungabhadra,115.419,7.144435461538461
2024-11-20,Tungabhadra,109.02,7.402504423076922
2024-11-21,Tungabhadra,98.231,7.660573384615384
2024-11-22,Tungabhadra,91.265,7.918642346153845
2024-11-23,Tungabhadra,86.819,8.176711307692306
2024-11-24,Tungabhadra,88.292,8.434780269230767
2024-11-25,Tungabhadra,95.116,8.69284923076923
2024-11-26,Tungabhadra,93.077,8.950918192307691
2024-11-27,Tungabhadra,93.502,9.208987153846152
2024-11-28,Tungabhadra,85.885,9.467056115384617
2024-11-29,Tungabhadra,68.782,9.725125076923074
2024-11-30,Tungabhadra,80.986,9.98319403846154
2024-12-01,Tungabhadra,79.74,10.241263
2024-12-02,Tungabhadra,78.806,9.534969000000002
2024-12-03,Tungabhadra,89.849,6.709793
2024-12-04,Tungabhadra,91.916,3.884617
2024-12-05,Tungabhadra,94.352,3.531470000000001
2024-12-06,Tungabhadra,117.26,3.96186790625
2024-12-07,Tungabhadra,128.304,4.3922658125
2024-12-08,Tungabhadra,115.25,4.82266371875
2024-12-09,Tungabhadra,114.825,5.253061625
2024-12-10,Tungabhadra,102.62,5.6834595312500005
2024-12-11,Tungabhadra,146.738,6.1138574375
2024-12-12,Tungabhadra,126.803,6.54425534375
2024-12-13,Tungabhadra,110.691,6.974653250000001
2024-12-14,Tungabhadra,96.815,7.405051156250001
2024-12-15,Tungabhadra,88.405,7.8354490625
2024-12-16,Tungabhadra,83.28,8.265846968750001
2024-12-17,Tungabhadra,67.819,8.696244875
2024-12-18,Tungabhadra,65.412,9.12664278125
2024-12-19,Tungabhadra,55.161,9.5570406875
2024-12-20,Tungabhadra,45.675,9.98743859375
2024-12-21,Tungabhadra,22.087,10.4178365
2024-12-22,Tungabhadra,34.009,10.84823440625
2024-12-23,Tungabhadra,26.42,11.2786323125
2024-12-24,Tungabhadra,15.433,11.70903021875
2024-12-25,Tungabhadra,12.148,12.139428125
2024-12-26,Tungabhadra,9.373,12.56982603125
2024-12-27,Tungabhadra,3.058,13.0002239375
2024-12-28,Tungabhadra,12.828,13.43062184375
2024-12-29,Tungabhadra,16.707,13.86101975
2024-12-30,Tungabhadra,16.707,14.29141765625
2024-12-31,Tungabhadra,6.201,14.7218155625
