Date,Reservoir_Name,Inflow (cusecs/cumecs),Storage (TMC/MCM)
2010-01-01,Nagarjuna Sagar,203.26,120.07
2010-01-02,Nagarjuna Sagar,239.728,84.402
2010-01-03,Nagarjuna Sagar,283.067,69.923
2010-01-04,Nagarjuna Sagar,250.733,53.325
2010-01-05,Nagarjuna Sagar,249.936,53.678
2010-01-06,Nagarjuna Sagar,245.485,61.094
2010-01-07,Nagarjuna Sagar,245.54,61.448
2010-01-08,Nagarjuna Sagar,242.24,60.035
2010-01-09,Nagarjuna Sagar,240.349,100.176
2010-01-10,Nagarjuna Sagar,291.488,140.317
2010-01-11,Nagarjuna Sagar,251.81,180.458
2010-01-12,Nagarjuna Sagar,246.888,180.458
2010-01-13,Nagarjuna Sagar,241.45,177.403
2010-01-14,Nagarjuna Sagar,270.718,174.349
2010-01-15,Nagarjuna Sagar,259.951,171.294
2010-01-16,Nagarjuna Sagar,422.464,168.239
2010-01-17,Nagarjuna Sagar,415.249,165.184
2010-01-18,Nagarjuna Sagar,351.48,162.13
2010-01-19,Nagarjuna Sagar,259.806,159.075
2010-01-20,Nagarjuna Sagar,249.003,156.02
2010-01-21,Nagarjuna Sagar,231.661,152.965
2010-01-22,Nagarjuna Sagar,202.052,149.911
2010-01-23,Nagarjuna Sagar,161.77,146.856
2010-01-24,Nagarjuna Sagar,203.598,143.801
2010-01-25,Nagarjuna Sagar,184.08,140.747
2010-01-26,Nagarjuna Sagar,200.21,137.692
2010-01-27,Nagarjuna Sagar,245.884,134.637
2010-01-28,Nagarjuna Sagar,303.738,131.582
2010-01-29,Nagarjuna Sagar,253.462,128.528
2010-01-30,Nagarjuna Sagar,269.865,125.473
2010-01-31,Nagarjuna Sagar,235.686,122.418
2010-02-01,Nagarjuna Sagar,293.966,119.364
2010-02-02,Nagarjuna Sagar,280.325,82.636
2010-02-03,Nagarjuna Sagar,266.684,68.864
2010-02-04,Nagarjuna Sagar,283.909,52.619
2010-02-05,Nagarjuna Sagar,291.488,53.678
2010-02-06,Nagarjuna Sagar,274.796,61.448
2010-02-07,Nagarjuna Sagar,295.757,61.448
2010-02-08,Nagarjuna Sagar,291.01,60.741
2010-02-09,Nagarjuna Sagar,284.493,100.647
2010-02-10,Nagarjuna Sagar,285.705,140.552
2010-02-11,Nagarjuna Sagar,283.521,180.458
2010-02-12,Nagarjuna Sagar,295.757,180.458
2010-02-13,Nagarjuna Sagar,247.483,176.802
2010-02-14,Nagarjuna Sagar,228.305,173.146
2010-02-15,Nagarjuna Sagar,254.54,169.49
2010-02-16,Nagarjuna Sagar,277.386,165.834
2010-02-17,Nagarjuna Sagar,272.803,162.177
2010-02-18,Nagarjuna Sagar,292.239,158.521
2010-02-19,Nagarjuna Sagar,280.894,154.865
2010-02-20,Nagarjuna Sagar,274.052,151.209
2010-02-21,Nagarjuna Sagar,254.779,147.553
2010-02-22,Nagarjuna Sagar,265.48,143.897
2010-02-23,Nagarjuna Sagar,264.988,140.241
2010-02-24,Nagarjuna Sagar,274.529,136.585
2010-02-25,Nagarjuna Sagar,297.085,132.929
2010-02-26,Nagarjuna Sagar,306.883,129.272
2010-02-27,Nagarjuna Sagar,283.067,125.616
2010-02-28,Nagarjuna Sagar,274.796,121.96
2010-03-01,Nagarjuna Sagar,281.083,118.304
2010-03-02,Nagarjuna Sagar,266.322,81.93
2010-03-03,Nagarjuna Sagar,282.234,67.451
2010-03-04,Nagarjuna Sagar,280.862,51.913
2010-03-05,Nagarjuna Sagar,274.723,54.031
2010-03-06,Nagarjuna Sagar,303.234,61.448
2010-03-07,Nagarjuna Sagar,300.062,61.448
2010-03-08,Nagarjuna Sagar,314.079,62.507
2010-03-09,Nagarjuna Sagar,299.745,101.824
2010-03-10,Nagarjuna Sagar,306.652,141.141
2010-03-11,Nagarjuna Sagar,297.772,180.458
2010-03-12,Nagarjuna Sagar,286.443,180.458
2010-03-13,Nagarjuna Sagar,303.592,177.35
2010-03-14,Nagarjuna Sagar,304.407,174.243
2010-03-15,Nagarjuna Sagar,283.634,171.135
2010-03-16,Nagarjuna Sagar,295.757,168.027
2010-03-17,Nagarjuna Sagar,310.224,164.919
2010-03-18,Nagarjuna Sagar,296.795,161.812
2010-03-19,Nagarjuna Sagar,276.672,158.704
2010-03-20,Nagarjuna Sagar,279.821,155.596
2010-03-21,Nagarjuna Sagar,313.213,152.489
2010-03-22,Nagarjuna Sagar,311.835,149.381
2010-03-23,Nagarjuna Sagar,272.962,146.273
2010-03-24,Nagarjuna Sagar,309.826,143.166
2010-03-25,Nagarjuna Sagar,273.547,140.058
2010-03-26,Nagarjuna Sagar,312.461,136.95
2010-03-27,Nagarjuna Sagar,309.147,133.843
2010-03-28,Nagarjuna Sagar,283.067,130.735
2010-03-29,Nagarjuna Sagar,308.256,127.627
2010-03-30,Nagarjuna Sagar,303.812,124.52
2010-03-31,Nagarjuna Sagar,299.473,121.412
2010-04-01,Nagarjuna Sagar,329.04,118.304
2010-04-02,Nagarjuna Sagar,331.292,81.224
2010-04-03,Nagarjuna Sagar,299.952,67.451
2010-04-04,Nagarjuna Sagar,266.678,52.266
2010-04-05,Nagarjuna Sagar,283.714,54.031
2010-04-06,Nagarjuna Sagar,273.246,62.154
2010-04-07,Nagarjuna Sagar,287.532,61.094
2010-04-08,Nagarjuna Sagar,288.73,67.098
2010-04-09,Nagarjuna Sagar,236.99,104.885
2010-04-10,Nagarjuna Sagar,248.196,142.671
2010-04-11,Nagarjuna Sagar,250.887,180.458
2010-04-12,Nagarjuna Sagar,261.258,180.458
2010-04-13,Nagarjuna Sagar,238.423,177.001
2010-04-14,Nagarjuna Sagar,231.977,173.544
2010-04-15,Nagarjuna Sagar,231.566,170.087
2010-04-16,Nagarjuna Sagar,191.362,166.629
2010-04-17,Nagarjuna Sagar,126.757,163.172
2010-04-18,Nagarjuna Sagar,62.153,159.715
2010-04-19,Nagarjuna Sagar,58.707,156.258
2010-04-20,Nagarjuna Sagar,55.262,152.801
2010-04-21,Nagarjuna Sagar,51.817,149.344
2010-04-22,Nagarjuna Sagar,48.372,145.887
2010-04-23,Nagarjuna Sagar,44.927,142.43
2010-04-24,Nagarjuna Sagar,42.36,138.973
2010-04-25,Nagarjuna Sagar,39.237,135.515
2010-04-26,Nagarjuna Sagar,38.031,132.058
2010-04-27,Nagarjuna Sagar,36.826,128.601
2010-04-28,Nagarjuna Sagar,35.62,125.144
2010-04-29,Nagarjuna Sagar,34.415,121.687
2010-04-30,Nagarjuna Sagar,33.209,118.23
2010-05-01,Nagarjuna Sagar,28.266,114.773
2010-05-02,Nagarjuna Sagar,23.323,91.642
2010-05-03,Nagarjuna Sagar,24.404,68.51
2010-05-04,Nagarjuna Sagar,22.958,51.559
2010-05-05,Nagarjuna Sagar,22.584,54.031
2010-05-06,Nagarjuna Sagar,20.692,62.154
2010-05-07,Nagarjuna Sagar,22.813,61.094
2010-05-08,Nagarjuna Sagar,22.456,69.217
2010-05-09,Nagarjuna Sagar,20.733,106.297
2010-05-10,Nagarjuna Sagar,16.795,143.378
2010-05-11,Nagarjuna Sagar,17.618,180.458
2010-05-12,Nagarjuna Sagar,16.129,180.458
2010-05-13,Nagarjuna Sagar,16.758,177.121
2010-05-14,Nagarjuna Sagar,15.976,173.783
2010-05-15,Nagarjuna Sagar,15.706,170.446
2010-05-16,Nagarjuna Sagar,17.566,167.109
2010-05-17,Nagarjuna Sagar,15.632,163.772
2010-05-18,Nagarjuna Sagar,15.781,160.435
2010-05-19,Nagarjuna Sagar,18.079,157.097
2010-05-20,Nagarjuna Sagar,20.882,153.76
2010-05-21,Nagarjuna Sagar,110.283,150.423
2010-05-22,Nagarjuna Sagar,199.683,147.086
2010-05-23,Nagarjuna Sagar,104.922,143.748
2010-05-24,Nagarjuna Sagar,85.962,140.411
2010-05-25,Nagarjuna Sagar,67.002,137.074
2010-05-26,Nagarjuna Sagar,48.042,133.737
2010-05-27,Nagarjuna Sagar,29.082,130.399
2010-05-28,Nagarjuna Sagar,24.173,127.062
2010-05-29,Nagarjuna Sagar,24.011,123.725
2010-05-30,Nagarjuna Sagar,23.323,120.388
2010-05-31,Nagarjuna Sagar,25.03,117.05
2010-06-01,Nagarjuna Sagar,26.736,113.713
2010-06-02,Nagarjuna Sagar,25.839,79.811
2010-06-03,Nagarjuna Sagar,19.731,69.217
2010-06-04,Nagarjuna Sagar,18.714,50.853
2010-06-05,Nagarjuna Sagar,18.615,54.385
2010-06-06,Nagarjuna Sagar,14.271,62.154
2010-06-07,Nagarjuna Sagar,14.033,61.094
2010-06-08,Nagarjuna Sagar,13.796,72.042
2010-06-09,Nagarjuna Sagar,14.15,108.181
2010-06-10,Nagarjuna Sagar,17.319,144.319
2010-06-11,Nagarjuna Sagar,15.58,180.458
2010-06-12,Nagarjuna Sagar,16.048,180.458
2010-06-13,Nagarjuna Sagar,15.752,176.908
2010-06-14,Nagarjuna Sagar,20.622,173.358
2010-06-15,Nagarjuna Sagar,25.492,169.808
2010-06-16,Nagarjuna Sagar,30.362,166.258
2010-06-17,Nagarjuna Sagar,26.441,162.708
2010-06-18,Nagarjuna Sagar,22.119,159.158
2010-06-19,Nagarjuna Sagar,17.512,155.608
2010-06-20,Nagarjuna Sagar,18.953,152.058
2010-06-21,Nagarjuna Sagar,23.092,148.507
2010-06-22,Nagarjuna Sagar,24.581,144.957
2010-06-23,Nagarjuna Sagar,24.463,141.407
2010-06-24,Nagarjuna Sagar,27.93,137.857
2010-06-25,Nagarjuna Sagar,25.331,134.307
2010-06-26,Nagarjuna Sagar,24.887,130.757
2010-06-27,Nagarjuna Sagar,28.371,127.207
2010-06-28,Nagarjuna Sagar,29.313,123.657
2010-06-29,Nagarjuna Sagar,27.035,120.107
2010-06-30,Nagarjuna Sagar,25.8,116.557
2010-07-01,Nagarjuna Sagar,25.253,113.007
2010-07-02,Nagarjuna Sagar,25.702,79.458
2010-07-03,Nagarjuna Sagar,18.793,68.864
2010-07-04,Nagarjuna Sagar,21.564,50.5
2010-07-05,Nagarjuna Sagar,24.002,55.091
2010-07-06,Nagarjuna Sagar,53.771,62.507
2010-07-07,Nagarjuna Sagar,135.064,61.094
2010-07-08,Nagarjuna Sagar,216.357,74.514
2010-07-09,Nagarjuna Sagar,410.404,109.829
2010-07-10,Nagarjuna Sagar,257.945,145.143
2010-07-11,Nagarjuna Sagar,105.485,180.458
2010-07-12,Nagarjuna Sagar,117.429,180.458
2010-07-13,Nagarjuna Sagar,144.545,177.032
2010-07-14,Nagarjuna Sagar,130.326,173.607
2010-07-15,Nagarjuna Sagar,105.898,170.181
2010-07-16,Nagarjuna Sagar,81.47,166.756
2010-07-17,Nagarjuna Sagar,171.256,163.33
2010-07-18,Nagarjuna Sagar,380.658,159.905
2010-07-19,Nagarjuna Sagar,171.692,156.479
2010-07-20,Nagarjuna Sagar,107.418,153.054
2010-07-21,Nagarjuna Sagar,65.735,149.628
2010-07-22,Nagarjuna Sagar,87.116,146.203
2010-07-23,Nagarjuna Sagar,69.336,142.777
2010-07-24,Nagarjuna Sagar,84.786,139.352
2010-07-25,Nagarjuna Sagar,182.482,135.926
2010-07-26,Nagarjuna Sagar,186.303,132.501
2010-07-27,Nagarjuna Sagar,129.448,129.075
2010-07-28,Nagarjuna Sagar,101.028,125.65
2010-07-29,Nagarjuna Sagar,130.429,122.224
2010-07-30,Nagarjuna Sagar,108.82,118.799
2010-07-31,Nagarjuna Sagar,115.808,115.373
2010-08-01,Nagarjuna Sagar,78.024,111.947
2010-08-02,Nagarjuna Sagar,63.394,77.339
2010-08-03,Nagarjuna Sagar,48.764,67.098
2010-08-04,Nagarjuna Sagar,40.798,50.5
2010-08-05,Nagarjuna Sagar,35.219,56.503
2010-08-06,Nagarjuna Sagar,140.231,62.507
2010-08-07,Nagarjuna Sagar,242.959,61.094
2010-08-08,Nagarjuna Sagar,234.453,78.045
2010-08-09,Nagarjuna Sagar,542.201,112.183
2010-08-10,Nagarjuna Sagar,485.171,146.32
2010-08-11,Nagarjuna Sagar,428.142,180.458
2010-08-12,Nagarjuna Sagar,371.112,180.458
2010-08-13,Nagarjuna Sagar,314.083,176.962
2010-08-14,Nagarjuna Sagar,257.053,173.466
2010-08-15,Nagarjuna Sagar,200.024,169.969
2010-08-16,Nagarjuna Sagar,182.199,166.473
2010-08-17,Nagarjuna Sagar,182.195,162.977
2010-08-18,Nagarjuna Sagar,149.985,159.481
2010-08-19,Nagarjuna Sagar,121.968,155.985
2010-08-20,Nagarjuna Sagar,93.952,152.489
2010-08-21,Nagarjuna Sagar,89.684,148.993
2010-08-22,Nagarjuna Sagar,85.416,145.496
2010-08-23,Nagarjuna Sagar,99.765,142.0
2010-08-24,Nagarjuna Sagar,93.041,138.504
2010-08-25,Nagarjuna Sagar,621.606,135.008
2010-08-26,Nagarjuna Sagar,736.155,131.512
2010-08-27,Nagarjuna Sagar,743.771,128.016
2010-08-28,Nagarjuna Sagar,727.027,124.52
2010-08-29,Nagarjuna Sagar,534.573,121.023
2010-08-30,Nagarjuna Sagar,733.178,117.527
2010-08-31,Nagarjuna Sagar,578.656,114.031
2010-09-01,Nagarjuna Sagar,424.133,110.535
2010-09-02,Nagarjuna Sagar,836.425,76.633
2010-09-03,Nagarjuna Sagar,1248.717,67.451
2010-09-04,Nagarjuna Sagar,1299.269,50.147
2010-09-05,Nagarjuna Sagar,4697.065,56.503
2010-09-06,Nagarjuna Sagar,6005.742,62.507
2010-09-07,Nagarjuna Sagar,4169.458,61.094
2010-09-08,Nagarjuna Sagar,4337.102,81.93
2010-09-09,Nagarjuna Sagar,5099.482,114.773
2010-09-10,Nagarjuna Sagar,2368.287,147.615
2010-09-11,Nagarjuna Sagar,2791.079,180.458
2010-09-12,Nagarjuna Sagar,3366.651,180.458
2010-09-13,Nagarjuna Sagar,3320.832,176.741
2010-09-14,Nagarjuna Sagar,3855.266,173.023
2010-09-15,Nagarjuna Sagar,5490.654,169.306
2010-09-16,Nagarjuna Sagar,2835.909,165.589
2010-09-17,Nagarjuna Sagar,2124.981,161.871
2010-09-18,Nagarjuna Sagar,2532.512,158.154
2010-09-19,Nagarjuna Sagar,2207.058,154.437
2010-09-20,Nagarjuna Sagar,2307.61,150.719
2010-09-21,Nagarjuna Sagar,1753.003,147.002
2010-09-22,Nagarjuna Sagar,1539.34,143.285
2010-09-23,Nagarjuna Sagar,1545.803,139.567
2010-09-24,Nagarjuna Sagar,1659.755,135.85
2010-09-25,Nagarjuna Sagar,1431.511,132.133
2010-09-26,Nagarjuna Sagar,1201.206,128.415
2010-09-27,Nagarjuna Sagar,2777.105,124.698
2010-09-28,Nagarjuna Sagar,4353.004,120.981
2010-09-29,Nagarjuna Sagar,3362.21,117.263
2010-09-30,Nagarjuna Sagar,2297.096,113.546
2010-10-01,Nagarjuna Sagar,2095.418,109.829
2010-10-02,Nagarjuna Sagar,2046.189,76.633
2010-10-03,Nagarjuna Sagar,1459.016,67.451
2010-10-04,Nagarjuna Sagar,4728.832,49.441
2010-10-05,Nagarjuna Sagar,2371.919,57.916
2010-10-06,Nagarjuna Sagar,2205.322,62.507
2010-10-07,Nagarjuna Sagar,2556.794,61.094
2010-10-08,Nagarjuna Sagar,6020.967,86.168
2010-10-09,Nagarjuna Sagar,5680.33,117.598
2010-10-10,Nagarjuna Sagar,4612.575,149.028
2010-10-11,Nagarjuna Sagar,2505.173,180.458
2010-10-12,Nagarjuna Sagar,1333.838,180.458
2010-10-13,Nagarjuna Sagar,1208.472,176.926
2010-10-14,Nagarjuna Sagar,734.226,173.395
2010-10-15,Nagarjuna Sagar,703.14,169.864
2010-10-16,Nagarjuna Sagar,586.859,166.332
2010-10-17,Nagarjuna Sagar,470.578,162.801
2010-10-18,Nagarjuna Sagar,516.459,159.269
2010-10-19,Nagarjuna Sagar,636.229,155.738
2010-10-20,Nagarjuna Sagar,786.636,152.206
2010-10-21,Nagarjuna Sagar,485.108,148.675
2010-10-22,Nagarjuna Sagar,400.121,145.143
2010-10-23,Nagarjuna Sagar,315.134,141.612
2010-10-24,Nagarjuna Sagar,304.675,138.08
2010-10-25,Nagarjuna Sagar,714.802,134.549
2010-10-26,Nagarjuna Sagar,502.851,131.017
2010-10-27,Nagarjuna Sagar,798.009,127.486
2010-10-28,Nagarjuna Sagar,1093.168,123.954
2010-10-29,Nagarjuna Sagar,742.596,120.423
2010-10-30,Nagarjuna Sagar,294.036,116.892
2010-10-31,Nagarjuna Sagar,297.206,113.36
2010-11-01,Nagarjuna Sagar,491.807,109.829
2010-11-02,Nagarjuna Sagar,755.742,76.28
2010-11-03,Nagarjuna Sagar,532.898,66.745
2010-11-04,Nagarjuna Sagar,601.167,48.734
2010-11-05,Nagarjuna Sagar,581.465,58.269
2010-11-06,Nagarjuna Sagar,545.472,62.507
2010-11-07,Nagarjuna Sagar,406.556,61.094
2010-11-08,Nagarjuna Sagar,532.827,90.759
2010-11-09,Nagarjuna Sagar,604.268,120.659
2010-11-10,Nagarjuna Sagar,1093.796,150.558
2010-11-11,Nagarjuna Sagar,1884.805,180.458
2010-11-12,Nagarjuna Sagar,1799.59,180.458
2010-11-13,Nagarjuna Sagar,1884.805,176.741
2010-11-14,Nagarjuna Sagar,1744.054,173.023
2010-11-15,Nagarjuna Sagar,1830.546,169.306
2010-11-16,Nagarjuna Sagar,1721.855,165.589
2010-11-17,Nagarjuna Sagar,1232.955,161.871
2010-11-18,Nagarjuna Sagar,1080.089,158.154
2010-11-19,Nagarjuna Sagar,695.654,154.437
2010-11-20,Nagarjuna Sagar,404.652,150.719
2010-11-21,Nagarjuna Sagar,316.068,147.002
2010-11-22,Nagarjuna Sagar,285.149,143.285
2010-11-23,Nagarjuna Sagar,254.231,139.567
2010-11-24,Nagarjuna Sagar,216.461,135.85
2010-11-25,Nagarjuna Sagar,223.81,132.133
2010-11-26,Nagarjuna Sagar,222.59,128.415
2010-11-27,Nagarjuna Sagar,196.342,124.698
2010-11-28,Nagarjuna Sagar,241.03,120.981
2010-11-29,Nagarjuna Sagar,235.427,117.263
2010-11-30,Nagarjuna Sagar,184.899,113.546
2010-12-01,Nagarjuna Sagar,153.447,109.829
2010-12-02,Nagarjuna Sagar,151.163,75.927
2010-12-03,Nagarjuna Sagar,178.884,66.038
2010-12-04,Nagarjuna Sagar,169.988,49.441
2010-12-05,Nagarjuna Sagar,191.144,58.975
2010-12-06,Nagarjuna Sagar,167.647,62.507
2010-12-07,Nagarjuna Sagar,182.025,61.094
2010-12-08,Nagarjuna Sagar,566.593,95.703
2010-12-09,Nagarjuna Sagar,972.713,123.955
2010-12-10,Nagarjuna Sagar,568.311,152.206
2010-12-11,Nagarjuna Sagar,287.738,180.458
2010-12-12,Nagarjuna Sagar,224.77,180.458
2010-12-13,Nagarjuna Sagar,170.669,180.458
2010-12-14,Nagarjuna Sagar,131.409,180.458
2010-12-15,Nagarjuna Sagar,142.782,180.458
2010-12-16,Nagarjuna Sagar,105.702,180.458
2010-12-17,Nagarjuna Sagar,109.774,180.458
2010-12-18,Nagarjuna Sagar,99.553,180.458
2010-12-19,Nagarjuna Sagar,111.953,180.458
2010-12-20,Nagarjuna Sagar,98.208,180.458
2010-12-21,Nagarjuna Sagar,94.728,180.458
2010-12-22,Nagarjuna Sagar,96.766,180.458
2010-12-23,Nagarjuna Sagar,90.933,180.458
2010-12-24,Nagarjuna Sagar,84.233,180.458
2010-12-25,Nagarjuna Sagar,91.197,180.458
2010-12-26,Nagarjuna Sagar,93.17,180.458
2010-12-27,Nagarjuna Sagar,120.839,180.458
2010-12-28,Nagarjuna Sagar,131.963,180.458
2010-12-29,Nagarjuna Sagar,135.664,180.458
2010-12-30,Nagarjuna Sagar,148.633,180.458
2010-12-31,Nagarjuna Sagar,122.041,180.458
2011-01-01,Nagarjuna Sagar,152.77,180.458
2011-01-02,Nagarjuna Sagar,163.11,179.045
2011-01-03,Nagarjuna Sagar,188.172,147.968
2011-01-04,Nagarjuna Sagar,176.128,151.147
2011-01-05,Nagarjuna Sagar,137.681,136.315
2011-01-06,Nagarjuna Sagar,182.541,139.14
2011-01-07,Nagarjuna Sagar,182.325,147.615
2011-01-08,Nagarjuna Sagar,181.223,134.196
2011-01-09,Nagarjuna Sagar,168.525,160.329
2011-01-10,Nagarjuna Sagar,197.049,180.458
2011-01-11,Nagarjuna Sagar,185.788,168.451
2011-01-12,Nagarjuna Sagar,220.388,137.383
2011-01-13,Nagarjuna Sagar,228.971,106.315
2011-01-14,Nagarjuna Sagar,218.437,110.217
2011-01-15,Nagarjuna Sagar,247.703,114.119
2011-01-16,Nagarjuna Sagar,261.353,118.022
2011-01-17,Nagarjuna Sagar,239.439,121.924
2011-01-18,Nagarjuna Sagar,225.429,125.826
2011-01-19,Nagarjuna Sagar,258.898,129.728
2011-01-20,Nagarjuna Sagar,282.599,133.631
2011-01-21,Nagarjuna Sagar,291.852,137.533
2011-01-22,Nagarjuna Sagar,227.732,141.435
2011-01-23,Nagarjuna Sagar,254.48,145.338
2011-01-24,Nagarjuna Sagar,257.871,149.24
2011-01-25,Nagarjuna Sagar,297.909,153.142
2011-01-26,Nagarjuna Sagar,268.325,157.044
2011-01-27,Nagarjuna Sagar,252.727,160.947
2011-01-28,Nagarjuna Sagar,247.564,164.849
2011-01-29,Nagarjuna Sagar,257.574,168.751
2011-01-30,Nagarjuna Sagar,257.904,172.653
2011-01-31,Nagarjuna Sagar,229.978,176.556
2011-02-01,Nagarjuna Sagar,281.434,180.458
2011-02-02,Nagarjuna Sagar,227.912,179.045
2011-02-03,Nagarjuna Sagar,246.399,147.968
2011-02-04,Nagarjuna Sagar,234.633,152.913
2011-02-05,Nagarjuna Sagar,251.557,135.961
2011-02-06,Nagarjuna Sagar,215.308,139.14
2011-02-07,Nagarjuna Sagar,260.781,147.262
2011-02-08,Nagarjuna Sagar,254.359,134.196
2011-02-09,Nagarjuna Sagar,226.33,166.332
2011-02-10,Nagarjuna Sagar,192.097,180.458
2011-02-11,Nagarjuna Sagar,209.101,166.685
2011-02-12,Nagarjuna Sagar,221.195,136.014
2011-02-13,Nagarjuna Sagar,231.201,105.342
2011-02-14,Nagarjuna Sagar,192.766,110.036
2011-02-15,Nagarjuna Sagar,253.638,114.731
2011-02-16,Nagarjuna Sagar,215.308,119.426
2011-02-17,Nagarjuna Sagar,204.122,124.121
2011-02-18,Nagarjuna Sagar,192.785,128.815
2011-02-19,Nagarjuna Sagar,175.383,133.51
2011-02-20,Nagarjuna Sagar,163.11,138.205
2011-02-21,Nagarjuna Sagar,173.361,142.9
2011-02-22,Nagarjuna Sagar,206.95,147.595
2011-02-23,Nagarjuna Sagar,286.245,152.289
2011-02-24,Nagarjuna Sagar,236.409,156.984
2011-02-25,Nagarjuna Sagar,186.572,161.679
2011-02-26,Nagarjuna Sagar,166.997,166.374
2011-02-27,Nagarjuna Sagar,174.036,171.068
2011-02-28,Nagarjuna Sagar,187.82,175.763
2011-03-01,Nagarjuna Sagar,173.56,180.458
2011-03-02,Nagarjuna Sagar,177.705,179.045
2011-03-03,Nagarjuna Sagar,162.144,148.675
2011-03-04,Nagarjuna Sagar,168.632,152.913
2011-03-05,Nagarjuna Sagar,173.396,135.608
2011-03-06,Nagarjuna Sagar,149.987,139.14
2011-03-07,Nagarjuna Sagar,151.336,147.615
2011-03-08,Nagarjuna Sagar,165.773,134.196
2011-03-09,Nagarjuna Sagar,180.21,157.327
2011-03-10,Nagarjuna Sagar,206.742,180.458
2011-03-11,Nagarjuna Sagar,187.219,164.919
2011-03-12,Nagarjuna Sagar,188.245,134.275
2011-03-13,Nagarjuna Sagar,224.77,103.631
2011-03-14,Nagarjuna Sagar,190.119,107.674
2011-03-15,Nagarjuna Sagar,223.049,111.718
2011-03-16,Nagarjuna Sagar,229.706,115.761
2011-03-17,Nagarjuna Sagar,225.844,119.805
2011-03-18,Nagarjuna Sagar,236.675,123.849
2011-03-19,Nagarjuna Sagar,256.43,127.892
2011-03-20,Nagarjuna Sagar,247.706,131.936
2011-03-21,Nagarjuna Sagar,225.382,135.979
2011-03-22,Nagarjuna Sagar,223.581,140.023
2011-03-23,Nagarjuna Sagar,253.874,144.066
2011-03-24,Nagarjuna Sagar,248.366,148.11
2011-03-25,Nagarjuna Sagar,239.811,152.153
2011-03-26,Nagarjuna Sagar,231.257,156.197
2011-03-27,Nagarjuna Sagar,257.904,160.24
2011-03-28,Nagarjuna Sagar,256.877,164.284
2011-03-29,Nagarjuna Sagar,255.849,168.327
2011-03-30,Nagarjuna Sagar,235.135,172.371
2011-03-31,Nagarjuna Sagar,237.662,176.414
2011-04-01,Nagarjuna Sagar,274.902,180.458
2011-04-02,Nagarjuna Sagar,255.224,179.045
2011-04-03,Nagarjuna Sagar,224.77,148.322
2011-04-04,Nagarjuna Sagar,227.973,151.5
2011-04-05,Nagarjuna Sagar,197.4,135.255
2011-04-06,Nagarjuna Sagar,198.224,139.493
2011-04-07,Nagarjuna Sagar,188.248,147.262
2011-04-08,Nagarjuna Sagar,166.711,134.549
2011-04-09,Nagarjuna Sagar,124.997,157.504
2011-04-10,Nagarjuna Sagar,163.11,180.458
2011-04-11,Nagarjuna Sagar,137.875,162.094
2011-04-12,Nagarjuna Sagar,129.566,132.3
2011-04-13,Nagarjuna Sagar,138.959,102.505
2011-04-14,Nagarjuna Sagar,155.165,106.836
2011-04-15,Nagarjuna Sagar,146.039,111.167
2011-04-16,Nagarjuna Sagar,132.61,115.498
2011-04-17,Nagarjuna Sagar,127.856,119.828
2011-04-18,Nagarjuna Sagar,147.386,124.159
2011-04-19,Nagarjuna Sagar,135.378,128.49
2011-04-20,Nagarjuna Sagar,114.808,132.82
2011-04-21,Nagarjuna Sagar,120.937,137.151
2011-04-22,Nagarjuna Sagar,127.856,141.482
2011-04-23,Nagarjuna Sagar,250.999,145.812
2011-04-24,Nagarjuna Sagar,251.08,150.143
2011-04-25,Nagarjuna Sagar,150.788,154.474
2011-04-26,Nagarjuna Sagar,117.898,158.804
2011-04-27,Nagarjuna Sagar,89.529,163.135
2011-04-28,Nagarjuna Sagar,61.159,167.466
2011-04-29,Nagarjuna Sagar,33.671,171.797
2011-04-30,Nagarjuna Sagar,68.593,176.127
2011-05-01,Nagarjuna Sagar,64.438,180.458
2011-05-02,Nagarjuna Sagar,31.182,179.045
2011-05-03,Nagarjuna Sagar,32.748,146.909
2011-05-04,Nagarjuna Sagar,35.703,151.5
2011-05-05,Nagarjuna Sagar,34.358,135.255
2011-05-06,Nagarjuna Sagar,43.954,139.493
2011-05-07,Nagarjuna Sagar,47.455,147.615
2011-05-08,Nagarjuna Sagar,42.709,133.489
2011-05-09,Nagarjuna Sagar,44.202,156.974
2011-05-10,Nagarjuna Sagar,45.778,180.458
2011-05-11,Nagarjuna Sagar,41.669,159.622
2011-05-12,Nagarjuna Sagar,41.032,130.285
2011-05-13,Nagarjuna Sagar,40.318,100.947
2011-05-14,Nagarjuna Sagar,33.226,105.132
2011-05-15,Nagarjuna Sagar,36.121,109.317
2011-05-16,Nagarjuna Sagar,34.458,113.501
2011-05-17,Nagarjuna Sagar,33.572,117.686
2011-05-18,Nagarjuna Sagar,35.598,121.871
2011-05-19,Nagarjuna Sagar,50.359,126.056
2011-05-20,Nagarjuna Sagar,50.851,130.24
2011-05-21,Nagarjuna Sagar,48.574,134.425
2011-05-22,Nagarjuna Sagar,42.709,138.61
2011-05-23,Nagarjuna Sagar,45.222,142.795
2011-05-24,Nagarjuna Sagar,43.765,146.98
2011-05-25,Nagarjuna Sagar,43.5,151.164
2011-05-26,Nagarjuna Sagar,47.381,155.349
2011-05-27,Nagarjuna Sagar,43.855,159.534
2011-05-28,Nagarjuna Sagar,44.784,163.719
2011-05-29,Nagarjuna Sagar,48.009,167.904
2011-05-30,Nagarjuna Sagar,36.431,172.088
2011-05-31,Nagarjuna Sagar,32.916,176.273
2011-06-01,Nagarjuna Sagar,35.96,180.458
2011-06-02,Nagarjuna Sagar,36.433,179.045
2011-06-03,Nagarjuna Sagar,35.499,145.85
2011-06-04,Nagarjuna Sagar,33.52,151.147
2011-06-05,Nagarjuna Sagar,36.469,135.961
2011-06-06,Nagarjuna Sagar,30.895,139.846
2011-06-07,Nagarjuna Sagar,30.952,146.556
2011-06-08,Nagarjuna Sagar,34.989,133.489
2011-06-09,Nagarjuna Sagar,33.736,156.974
2011-06-10,Nagarjuna Sagar,35.63,180.458
2011-06-11,Nagarjuna Sagar,32.871,156.444
2011-06-12,Nagarjuna Sagar,33.511,128.136
2011-06-13,Nagarjuna Sagar,32.425,99.829
2011-06-14,Nagarjuna Sagar,32.378,104.308
2011-06-15,Nagarjuna Sagar,32.039,108.788
2011-06-16,Nagarjuna Sagar,31.7,113.267
2011-06-17,Nagarjuna Sagar,31.361,117.747
2011-06-18,Nagarjuna Sagar,31.022,122.226
2011-06-19,Nagarjuna Sagar,30.683,126.705
2011-06-20,Nagarjuna Sagar,29.494,131.185
2011-06-21,Nagarjuna Sagar,28.306,135.664
2011-06-22,Nagarjuna Sagar,27.117,140.143
2011-06-23,Nagarjuna Sagar,25.928,144.623
2011-06-24,Nagarjuna Sagar,24.74,149.102
2011-06-25,Nagarjuna Sagar,24.09,153.582
2011-06-26,Nagarjuna Sagar,24.583,158.061
2011-06-27,Nagarjuna Sagar,22.952,162.54
2011-06-28,Nagarjuna Sagar,21.322,167.02
2011-06-29,Nagarjuna Sagar,21.546,171.499
2011-06-30,Nagarjuna Sagar,22.59,175.979
2011-07-01,Nagarjuna Sagar,28.876,180.458
2011-07-02,Nagarjuna Sagar,49.48,179.045
2011-07-03,Nagarjuna Sagar,101.533,145.143
2011-07-04,Nagarjuna Sagar,127.791,151.5
2011-07-05,Nagarjuna Sagar,132.112,136.668
2011-07-06,Nagarjuna Sagar,142.659,139.846
2011-07-07,Nagarjuna Sagar,145.084,146.203
2011-07-08,Nagarjuna Sagar,173.308,132.077
2011-07-09,Nagarjuna Sagar,165.763,156.267
2011-07-10,Nagarjuna Sagar,160.101,180.458
2011-07-11,Nagarjuna Sagar,155.685,152.206
2011-07-12,Nagarjuna Sagar,149.816,125.234
2011-07-13,Nagarjuna Sagar,171.116,98.263
2011-07-14,Nagarjuna Sagar,175.668,102.589
2011-07-15,Nagarjuna Sagar,186.862,106.915
2011-07-16,Nagarjuna Sagar,183.57,111.241
2011-07-17,Nagarjuna Sagar,229.622,115.567
2011-07-18,Nagarjuna Sagar,217.922,119.893
2011-07-19,Nagarjuna Sagar,223.37,124.219
2011-07-20,Nagarjuna Sagar,261.768,128.545
2011-07-21,Nagarjuna Sagar,283.794,132.871
2011-07-22,Nagarjuna Sagar,305.37,137.197
2011-07-23,Nagarjuna Sagar,312.021,141.524
2011-07-24,Nagarjuna Sagar,351.627,145.85
2011-07-25,Nagarjuna Sagar,473.013,150.176
2011-07-26,Nagarjuna Sagar,594.4,154.502
2011-07-27,Nagarjuna Sagar,715.786,158.828
2011-07-28,Nagarjuna Sagar,628.974,163.154
2011-07-29,Nagarjuna Sagar,542.161,167.48
2011-07-30,Nagarjuna Sagar,455.348,171.806
2011-07-31,Nagarjuna Sagar,368.536,176.132
2011-08-01,Nagarjuna Sagar,322.282,180.458
2011-08-02,Nagarjuna Sagar,317.444,179.045
2011-08-03,Nagarjuna Sagar,304.153,146.203
2011-08-04,Nagarjuna Sagar,320.647,151.147
2011-08-05,Nagarjuna Sagar,304.057,137.374
2011-08-06,Nagarjuna Sagar,320.052,140.552
2011-08-07,Nagarjuna Sagar,440.71,146.203
2011-08-08,Nagarjuna Sagar,539.925,129.958
2011-08-09,Nagarjuna Sagar,673.242,155.208
2011-08-10,Nagarjuna Sagar,631.836,180.458
2011-08-11,Nagarjuna Sagar,624.617,151.147
2011-08-12,Nagarjuna Sagar,649.159,124.202
2011-08-13,Nagarjuna Sagar,617.606,97.257
2011-08-14,Nagarjuna Sagar,499.682,101.636
2011-08-15,Nagarjuna Sagar,545.611,106.015
2011-08-16,Nagarjuna Sagar,694.823,110.394
2011-08-17,Nagarjuna Sagar,681.757,114.773
2011-08-18,Nagarjuna Sagar,692.351,119.152
2011-08-19,Nagarjuna Sagar,775.178,123.531
2011-08-20,Nagarjuna Sagar,751.184,127.91
2011-08-21,Nagarjuna Sagar,687.507,132.289
2011-08-22,Nagarjuna Sagar,702.977,136.668
2011-08-23,Nagarjuna Sagar,712.226,141.047
2011-08-24,Nagarjuna Sagar,519.5,145.426
2011-08-25,Nagarjuna Sagar,357.115,149.805
2011-08-26,Nagarjuna Sagar,736.056,154.184
2011-08-27,Nagarjuna Sagar,662.983,158.563
2011-08-28,Nagarjuna Sagar,516.119,162.942
2011-08-29,Nagarjuna Sagar,352.406,167.321
2011-08-30,Nagarjuna Sagar,342.309,171.7
2011-08-31,Nagarjuna Sagar,322.319,176.079
2011-09-01,Nagarjuna Sagar,312.87,180.458
2011-09-02,Nagarjuna Sagar,287.023,172.689
2011-09-03,Nagarjuna Sagar,255.953,147.615
2011-09-04,Nagarjuna Sagar,240.244,151.5
2011-09-05,Nagarjuna Sagar,646.649,137.727
2011-09-06,Nagarjuna Sagar,9474.291,140.552
2011-09-07,Nagarjuna Sagar,10048.907,146.203
2011-09-08,Nagarjuna Sagar,10623.522,130.664
2011-09-09,Nagarjuna Sagar,12951.176,155.561
2011-09-10,Nagarjuna Sagar,12843.958,180.458
2011-09-11,Nagarjuna Sagar,7461.326,149.381
2011-09-12,Nagarjuna Sagar,4013.442,122.932
2011-09-13,Nagarjuna Sagar,7752.99,96.483
2011-09-14,Nagarjuna Sagar,2531.473,101.149
2011-09-15,Nagarjuna Sagar,1914.818,105.814
2011-09-16,Nagarjuna Sagar,1298.163,110.479
2011-09-17,Nagarjuna Sagar,681.508,115.144
2011-09-18,Nagarjuna Sagar,639.703,119.81
2011-09-19,Nagarjuna Sagar,768.178,124.475
2011-09-20,Nagarjuna Sagar,670.865,129.14
2011-09-21,Nagarjuna Sagar,634.596,133.805
2011-09-22,Nagarjuna Sagar,624.787,138.471
2011-09-23,Nagarjuna Sagar,653.165,143.136
2011-09-24,Nagarjuna Sagar,615.55,147.801
2011-09-25,Nagarjuna Sagar,611.953,152.466
2011-09-26,Nagarjuna Sagar,554.999,157.132
2011-09-27,Nagarjuna Sagar,645.358,161.797
2011-09-28,Nagarjuna Sagar,657.014,166.462
2011-09-29,Nagarjuna Sagar,724.858,171.127
2011-09-30,Nagarjuna Sagar,551.808,175.793
2011-10-01,Nagarjuna Sagar,548.709,180.458
2011-10-02,Nagarjuna Sagar,545.611,171.982
2011-10-03,Nagarjuna Sagar,569.572,149.381
2011-10-04,Nagarjuna Sagar,557.0,151.147
2011-10-05,Nagarjuna Sagar,544.429,137.727
2011-10-06,Nagarjuna Sagar,532.858,140.552
2011-10-07,Nagarjuna Sagar,535.974,146.203
2011-10-08,Nagarjuna Sagar,539.09,131.724
2011-10-09,Nagarjuna Sagar,584.899,156.091
2011-10-10,Nagarjuna Sagar,546.553,180.458
2011-10-11,Nagarjuna Sagar,519.129,146.556
2011-10-12,Nagarjuna Sagar,663.314,120.9
2011-10-13,Nagarjuna Sagar,584.384,95.244
2011-10-14,Nagarjuna Sagar,681.561,99.729
2011-10-15,Nagarjuna Sagar,639.825,104.214
2011-10-16,Nagarjuna Sagar,593.84,108.699
2011-10-17,Nagarjuna Sagar,609.768,113.184
2011-10-18,Nagarjuna Sagar,545.114,117.668
2011-10-19,Nagarjuna Sagar,529.363,122.153
2011-10-20,Nagarjuna Sagar,508.306,126.638
2011-10-21,Nagarjuna Sagar,491.184,131.123
2011-10-22,Nagarjuna Sagar,504.469,135.608
2011-10-23,Nagarjuna Sagar,487.551,140.093
2011-10-24,Nagarjuna Sagar,516.252,144.578
2011-10-25,Nagarjuna Sagar,550.444,149.063
2011-10-26,Nagarjuna Sagar,537.09,153.548
2011-10-27,Nagarjuna Sagar,529.767,158.033
2011-10-28,Nagarjuna Sagar,559.327,162.518
2011-10-29,Nagarjuna Sagar,588.887,167.003
2011-10-30,Nagarjuna Sagar,635.029,171.488
2011-10-31,Nagarjuna Sagar,521.92,175.973
2011-11-01,Nagarjuna Sagar,490.51,180.458
2011-11-02,Nagarjuna Sagar,493.856,170.57
2011-11-03,Nagarjuna Sagar,376.237,154.325
2011-11-04,Nagarjuna Sagar,379.456,152.206
2011-11-05,Nagarjuna Sagar,382.676,138.08
2011-11-06,Nagarjuna Sagar,385.896,140.552
2011-11-07,Nagarjuna Sagar,396.529,146.203
2011-11-08,Nagarjuna Sagar,392.985,134.902
2011-11-09,Nagarjuna Sagar,389.44,157.68
2011-11-10,Nagarjuna Sagar,385.896,180.458
2011-11-11,Nagarjuna Sagar,478.399,145.143
2011-11-12,Nagarjuna Sagar,695.51,119.81
2011-11-13,Nagarjuna Sagar,702.23,94.476
2011-11-14,Nagarjuna Sagar,799.908,99.253
2011-11-15,Nagarjuna Sagar,659.134,104.03
2011-11-16,Nagarjuna Sagar,518.36,108.806
2011-11-17,Nagarjuna Sagar,377.585,113.583
2011-11-18,Nagarjuna Sagar,375.744,118.36
2011-11-19,Nagarjuna Sagar,373.904,123.137
2011-11-20,Nagarjuna Sagar,382.388,127.913
2011-11-21,Nagarjuna Sagar,347.763,132.69
2011-11-22,Nagarjuna Sagar,347.65,137.467
2011-11-23,Nagarjuna Sagar,369.854,142.244
2011-11-24,Nagarjuna Sagar,388.299,147.021
2011-11-25,Nagarjuna Sagar,357.98,151.797
2011-11-26,Nagarjuna Sagar,373.105,156.574
2011-11-27,Nagarjuna Sagar,368.536,161.351
2011-11-28,Nagarjuna Sagar,330.063,166.128
2011-11-29,Nagarjuna Sagar,309.601,170.904
2011-11-30,Nagarjuna Sagar,305.186,175.681
2011-12-01,Nagarjuna Sagar,238.044,180.458
2011-12-02,Nagarjuna Sagar,205.523,170.217
2011-12-03,Nagarjuna Sagar,191.354,151.147
2011-12-04,Nagarjuna Sagar,164.482,152.206
2011-12-05,Nagarjuna Sagar,164.803,138.08
2011-12-06,Nagarjuna Sagar,138.734,140.552
2011-12-07,Nagarjuna Sagar,126.444,146.203
2011-12-08,Nagarjuna Sagar,116.025,138.08
2011-12-09,Nagarjuna Sagar,111.448,159.269
2011-12-10,Nagarjuna Sagar,106.872,180.458
2011-12-11,Nagarjuna Sagar,115.619,143.024
2011-12-12,Nagarjuna Sagar,126.978,115.072
2011-12-13,Nagarjuna Sagar,137.541,87.121
2011-12-14,Nagarjuna Sagar,148.104,85.956
2011-12-15,Nagarjuna Sagar,158.667,84.791
2011-12-16,Nagarjuna Sagar,171.64,83.625
2011-12-17,Nagarjuna Sagar,170.913,82.46
2011-12-18,Nagarjuna Sagar,162.233,81.294
2011-12-19,Nagarjuna Sagar,165.648,80.129
2011-12-20,Nagarjuna Sagar,141.66,78.964
2011-12-21,Nagarjuna Sagar,141.937,77.798
2011-12-22,Nagarjuna Sagar,126.859,76.633
2011-12-23,Nagarjuna Sagar,110.693,75.467
2011-12-24,Nagarjuna Sagar,94.527,74.302
2011-12-25,Nagarjuna Sagar,78.28,73.137
2011-12-26,Nagarjuna Sagar,67.115,71.971
2011-12-27,Nagarjuna Sagar,78.748,70.806
2011-12-28,Nagarjuna Sagar,90.382,69.641
2011-12-29,Nagarjuna Sagar,101.145,68.475
2011-12-30,Nagarjuna Sagar,111.908,67.31
2011-12-31,Nagarjuna Sagar,122.67,66.144
2012-01-01,Nagarjuna Sagar,121.157,64.979
2012-01-02,Nagarjuna Sagar,131.737,54.031
2012-01-03,Nagarjuna Sagar,155.113,49.087
2012-01-04,Nagarjuna Sagar,139.782,43.084
2012-01-05,Nagarjuna Sagar,111.136,43.084
2012-01-06,Nagarjuna Sagar,123.271,42.731
2012-01-07,Nagarjuna Sagar,94.649,40.965
2012-01-08,Nagarjuna Sagar,66.026,41.671
2012-01-09,Nagarjuna Sagar,59.095,38.493
2012-01-10,Nagarjuna Sagar,56.233,78.399
2012-01-11,Nagarjuna Sagar,58.332,84.755
2012-01-12,Nagarjuna Sagar,81.301,79.105
2012-01-13,Nagarjuna Sagar,104.271,78.328
2012-01-14,Nagarjuna Sagar,104.643,77.551
2012-01-15,Nagarjuna Sagar,105.015,76.774
2012-01-16,Nagarjuna Sagar,98.719,75.997
2012-01-17,Nagarjuna Sagar,92.424,75.22
2012-01-18,Nagarjuna Sagar,87.849,74.443
2012-01-19,Nagarjuna Sagar,90.271,73.666
2012-01-20,Nagarjuna Sagar,87.731,72.889
2012-01-21,Nagarjuna Sagar,85.191,72.113
2012-01-22,Nagarjuna Sagar,82.651,71.336
2012-01-23,Nagarjuna Sagar,75.458,70.559
2012-01-24,Nagarjuna Sagar,68.265,69.782
2012-01-25,Nagarjuna Sagar,61.071,69.005
2012-01-26,Nagarjuna Sagar,53.878,68.228
2012-01-27,Nagarjuna Sagar,53.5,67.451
2012-01-28,Nagarjuna Sagar,53.123,66.674
2012-01-29,Nagarjuna Sagar,52.745,65.897
2012-01-30,Nagarjuna Sagar,51.301,65.12
2012-01-31,Nagarjuna Sagar,49.524,64.343
2012-02-01,Nagarjuna Sagar,49.324,63.566
2012-02-02,Nagarjuna Sagar,49.081,54.031
2012-02-03,Nagarjuna Sagar,49.85,50.147
2012-02-04,Nagarjuna Sagar,50.372,43.084
2012-02-05,Nagarjuna Sagar,55.025,43.084
2012-02-06,Nagarjuna Sagar,62.619,42.731
2012-02-07,Nagarjuna Sagar,66.08,40.612
2012-02-08,Nagarjuna Sagar,69.54,41.671
2012-02-09,Nagarjuna Sagar,67.44,38.493
2012-02-10,Nagarjuna Sagar,66.552,79.105
2012-02-11,Nagarjuna Sagar,63.831,84.755
2012-02-12,Nagarjuna Sagar,63.475,78.399
2012-02-13,Nagarjuna Sagar,61.832,77.516
2012-02-14,Nagarjuna Sagar,62.176,76.633
2012-02-15,Nagarjuna Sagar,61.479,75.75
2012-02-16,Nagarjuna Sagar,61.614,74.867
2012-02-17,Nagarjuna Sagar,60.079,73.984
2012-02-18,Nagarjuna Sagar,58.011,73.101
2012-02-19,Nagarjuna Sagar,60.985,72.218
2012-02-20,Nagarjuna Sagar,60.985,71.336
2012-02-21,Nagarjuna Sagar,56.776,70.453
2012-02-22,Nagarjuna Sagar,56.993,69.57
2012-02-23,Nagarjuna Sagar,56.07,68.687
2012-02-24,Nagarjuna Sagar,56.564,67.804
2012-02-25,Nagarjuna Sagar,56.614,66.921
2012-02-26,Nagarjuna Sagar,62.223,66.038
2012-02-27,Nagarjuna Sagar,59.853,65.156
2012-02-28,Nagarjuna Sagar,62.398,64.273
2012-02-29,Nagarjuna Sagar,64.942,63.39
2012-03-01,Nagarjuna Sagar,67.487,62.507
2012-03-02,Nagarjuna Sagar,64.733,54.031
2012-03-03,Nagarjuna Sagar,59.266,49.794
2012-03-04,Nagarjuna Sagar,60.985,43.084
2012-03-05,Nagarjuna Sagar,55.697,43.084
2012-03-06,Nagarjuna Sagar,56.914,42.731
2012-03-07,Nagarjuna Sagar,54.892,40.612
2012-03-08,Nagarjuna Sagar,54.573,41.671
2012-03-09,Nagarjuna Sagar,70.425,38.846
2012-03-10,Nagarjuna Sagar,60.593,79.105
2012-03-11,Nagarjuna Sagar,58.556,84.755
2012-03-12,Nagarjuna Sagar,48.811,76.986
2012-03-13,Nagarjuna Sagar,39.065,76.227
2012-03-14,Nagarjuna Sagar,29.319,75.467
2012-03-15,Nagarjuna Sagar,53.703,74.708
2012-03-16,Nagarjuna Sagar,78.087,73.949
2012-03-17,Nagarjuna Sagar,102.471,73.19
2012-03-18,Nagarjuna Sagar,126.854,72.43
2012-03-19,Nagarjuna Sagar,117.674,71.671
2012-03-20,Nagarjuna Sagar,108.494,70.912
2012-03-21,Nagarjuna Sagar,119.121,70.153
2012-03-22,Nagarjuna Sagar,123.337,69.393
2012-03-23,Nagarjuna Sagar,119.293,68.634
2012-03-24,Nagarjuna Sagar,132.107,67.875
2012-03-25,Nagarjuna Sagar,144.921,67.116
2012-03-26,Nagarjuna Sagar,147.075,66.356
2012-03-27,Nagarjuna Sagar,149.23,65.597
2012-03-28,Nagarjuna Sagar,151.385,64.838
2012-03-29,Nagarjuna Sagar,153.539,64.078
2012-03-30,Nagarjuna Sagar,155.694,63.319
2012-03-31,Nagarjuna Sagar,157.849,62.56
2012-04-01,Nagarjuna Sagar,160.003,61.801
2012-04-02,Nagarjuna Sagar,144.989,53.325
2012-04-03,Nagarjuna Sagar,129.974,49.441
2012-04-04,Nagarjuna Sagar,114.96,43.084
2012-04-05,Nagarjuna Sagar,99.945,43.084
2012-04-06,Nagarjuna Sagar,79.721,42.731
2012-04-07,Nagarjuna Sagar,32.588,40.259
2012-04-08,Nagarjuna Sagar,30.611,41.671
2012-04-09,Nagarjuna Sagar,24.894,38.846
2012-04-10,Nagarjuna Sagar,23.332,79.105
2012-04-11,Nagarjuna Sagar,21.77,84.755
2012-04-12,Nagarjuna Sagar,20.209,75.927
2012-04-13,Nagarjuna Sagar,19.804,75.146
2012-04-14,Nagarjuna Sagar,15.348,74.365
2012-04-15,Nagarjuna Sagar,14.314,73.585
2012-04-16,Nagarjuna Sagar,13.102,72.804
2012-04-17,Nagarjuna Sagar,18.457,72.023
2012-04-18,Nagarjuna Sagar,17.032,71.243
2012-04-19,Nagarjuna Sagar,16.688,70.462
2012-04-20,Nagarjuna Sagar,16.405,69.681
2012-04-21,Nagarjuna Sagar,14.418,68.901
2012-04-22,Nagarjuna Sagar,12.844,68.12
2012-04-23,Nagarjuna Sagar,13.875,67.339
2012-04-24,Nagarjuna Sagar,13.496,66.559
2012-04-25,Nagarjuna Sagar,13.507,65.778
2012-04-26,Nagarjuna Sagar,13.618,64.998
2012-04-27,Nagarjuna Sagar,12.999,64.217
2012-04-28,Nagarjuna Sagar,12.713,63.436
2012-04-29,Nagarjuna Sagar,11.919,62.656
2012-04-30,Nagarjuna Sagar,10.2,61.875
2012-05-01,Nagarjuna Sagar,9.674,61.094
2012-05-02,Nagarjuna Sagar,9.228,52.972
2012-05-03,Nagarjuna Sagar,13.524,49.087
2012-05-04,Nagarjuna Sagar,9.868,43.084
2012-05-05,Nagarjuna Sagar,9.663,43.084
2012-05-06,Nagarjuna Sagar,11.035,42.731
2012-05-07,Nagarjuna Sagar,11.378,40.259
2012-05-08,Nagarjuna Sagar,10.729,41.671
2012-05-09,Nagarjuna Sagar,11.027,39.552
2012-05-10,Nagarjuna Sagar,9.153,78.752
2012-05-11,Nagarjuna Sagar,10.204,84.755
2012-05-12,Nagarjuna Sagar,9.598,74.867
2012-05-13,Nagarjuna Sagar,9.786,74.143
2012-05-14,Nagarjuna Sagar,8.168,73.419
2012-05-15,Nagarjuna Sagar,7.703,72.695
2012-05-16,Nagarjuna Sagar,10.14,71.971
2012-05-17,Nagarjuna Sagar,9.809,71.247
2012-05-18,Nagarjuna Sagar,14.253,70.523
2012-05-19,Nagarjuna Sagar,13.807,69.799
2012-05-20,Nagarjuna Sagar,13.323,69.075
2012-05-21,Nagarjuna Sagar,13.485,68.352
2012-05-22,Nagarjuna Sagar,13.266,67.628
2012-05-23,Nagarjuna Sagar,13.25,66.904
2012-05-24,Nagarjuna Sagar,13.173,66.18
2012-05-25,Nagarjuna Sagar,13.152,65.456
2012-05-26,Nagarjuna Sagar,10.768,64.732
2012-05-27,Nagarjuna Sagar,11.035,64.008
2012-05-28,Nagarjuna Sagar,10.375,63.284
2012-05-29,Nagarjuna Sagar,10.673,62.56
2012-05-30,Nagarjuna Sagar,10.058,61.836
2012-05-31,Nagarjuna Sagar,10.258,61.112
2012-06-01,Nagarjuna Sagar,12.009,60.388
2012-06-02,Nagarjuna Sagar,13.759,53.325
2012-06-03,Nagarjuna Sagar,15.509,49.087
2012-06-04,Nagarjuna Sagar,21.642,43.084
2012-06-05,Nagarjuna Sagar,27.775,43.084
2012-06-06,Nagarjuna Sagar,33.908,42.731
2012-06-07,Nagarjuna Sagar,40.041,40.259
2012-06-08,Nagarjuna Sagar,46.174,41.671
2012-06-09,Nagarjuna Sagar,52.307,39.906
2012-06-10,Nagarjuna Sagar,58.44,78.752
2012-06-11,Nagarjuna Sagar,57.623,84.755
2012-06-12,Nagarjuna Sagar,56.806,73.455
2012-06-13,Nagarjuna Sagar,55.989,72.73
2012-06-14,Nagarjuna Sagar,55.172,72.005
2012-06-15,Nagarjuna Sagar,54.355,71.28
2012-06-16,Nagarjuna Sagar,51.651,70.555
2012-06-17,Nagarjuna Sagar,45.132,69.83
2012-06-18,Nagarjuna Sagar,40.149,69.105
2012-06-19,Nagarjuna Sagar,37.653,68.38
2012-06-20,Nagarjuna Sagar,35.651,67.655
2012-06-21,Nagarjuna Sagar,33.401,66.931
2012-06-22,Nagarjuna Sagar,33.074,66.206
2012-06-23,Nagarjuna Sagar,31.95,65.481
2012-06-24,Nagarjuna Sagar,29.217,64.756
2012-06-25,Nagarjuna Sagar,27.845,64.031
2012-06-26,Nagarjuna Sagar,26.472,63.306
2012-06-27,Nagarjuna Sagar,23.264,62.581
2012-06-28,Nagarjuna Sagar,20.055,61.856
2012-06-29,Nagarjuna Sagar,19.332,61.132
2012-06-30,Nagarjuna Sagar,18.234,60.407
2012-07-01,Nagarjuna Sagar,25.192,59.682
2012-07-02,Nagarjuna Sagar,37.396,53.325
2012-07-03,Nagarjuna Sagar,50.318,48.734
2012-07-04,Nagarjuna Sagar,50.908,43.084
2012-07-05,Nagarjuna Sagar,64.688,43.084
2012-07-06,Nagarjuna Sagar,78.467,42.378
2012-07-07,Nagarjuna Sagar,82.543,40.259
2012-07-08,Nagarjuna Sagar,73.466,41.671
2012-07-09,Nagarjuna Sagar,80.379,40.259
2012-07-10,Nagarjuna Sagar,87.292,80.164
2012-07-11,Nagarjuna Sagar,87.488,84.755
2012-07-12,Nagarjuna Sagar,83.982,72.042
2012-07-13,Nagarjuna Sagar,80.477,71.389
2012-07-14,Nagarjuna Sagar,76.972,70.735
2012-07-15,Nagarjuna Sagar,73.466,70.082
2012-07-16,Nagarjuna Sagar,78.384,69.429
2012-07-17,Nagarjuna Sagar,74.166,68.775
2012-07-18,Nagarjuna Sagar,98.78,68.122
2012-07-19,Nagarjuna Sagar,87.256,67.469
2012-07-20,Nagarjuna Sagar,75.733,66.815
2012-07-21,Nagarjuna Sagar,48.875,66.162
2012-07-22,Nagarjuna Sagar,42.073,65.509
2012-07-23,Nagarjuna Sagar,31.115,64.855
2012-07-24,Nagarjuna Sagar,31.366,64.202
2012-07-25,Nagarjuna Sagar,33.069,63.549
2012-07-26,Nagarjuna Sagar,32.118,62.895
2012-07-27,Nagarjuna Sagar,30.42,62.242
2012-07-28,Nagarjuna Sagar,28.178,61.589
2012-07-29,Nagarjuna Sagar,28.388,60.935
2012-07-30,Nagarjuna Sagar,26.645,60.282
2012-07-31,Nagarjuna Sagar,25.52,59.629
2012-08-01,Nagarjuna Sagar,29.821,58.975
2012-08-02,Nagarjuna Sagar,29.494,52.972
2012-08-03,Nagarjuna Sagar,29.947,48.381
2012-08-04,Nagarjuna Sagar,28.166,43.084
2012-08-05,Nagarjuna Sagar,30.058,43.084
2012-08-06,Nagarjuna Sagar,27.168,42.024
2012-08-07,Nagarjuna Sagar,29.945,39.906
2012-08-08,Nagarjuna Sagar,34.164,41.318
2012-08-09,Nagarjuna Sagar,33.125,40.965
2012-08-10,Nagarjuna Sagar,30.359,81.224
2012-08-11,Nagarjuna Sagar,30.806,87.934
2012-08-12,Nagarjuna Sagar,33.54,70.629
2012-08-13,Nagarjuna Sagar,31.103,70.011
2012-08-14,Nagarjuna Sagar,31.6,69.393
2012-08-15,Nagarjuna Sagar,30.058,68.775
2012-08-16,Nagarjuna Sagar,25.603,68.157
2012-08-17,Nagarjuna Sagar,26.029,67.539
2012-08-18,Nagarjuna Sagar,27.23,66.921
2012-08-19,Nagarjuna Sagar,25.974,66.303
2012-08-20,Nagarjuna Sagar,25.192,65.685
2012-08-21,Nagarjuna Sagar,26.989,65.067
2012-08-22,Nagarjuna Sagar,22.259,64.449
2012-08-23,Nagarjuna Sagar,17.528,63.831
2012-08-24,Nagarjuna Sagar,16.623,63.213
2012-08-25,Nagarjuna Sagar,17.645,62.595
2012-08-26,Nagarjuna Sagar,18.699,61.977
2012-08-27,Nagarjuna Sagar,17.511,61.359
2012-08-28,Nagarjuna Sagar,18.308,60.741
2012-08-29,Nagarjuna Sagar,19.955,60.123
2012-08-30,Nagarjuna Sagar,40.438,59.505
2012-08-31,Nagarjuna Sagar,35.864,58.887
2012-09-01,Nagarjuna Sagar,30.549,58.269
2012-09-02,Nagarjuna Sagar,30.058,52.972
2012-09-03,Nagarjuna Sagar,54.107,48.028
2012-09-04,Nagarjuna Sagar,73.956,43.084
2012-09-05,Nagarjuna Sagar,93.805,43.084
2012-09-06,Nagarjuna Sagar,113.654,41.671
2012-09-07,Nagarjuna Sagar,98.814,39.906
2012-09-08,Nagarjuna Sagar,88.242,41.318
2012-09-09,Nagarjuna Sagar,87.3,42.024
2012-09-10,Nagarjuna Sagar,80.195,81.93
2012-09-11,Nagarjuna Sagar,83.079,87.934
2012-09-12,Nagarjuna Sagar,87.952,70.276
2012-09-13,Nagarjuna Sagar,82.458,69.607
2012-09-14,Nagarjuna Sagar,71.94,68.938
2012-09-15,Nagarjuna Sagar,69.489,68.269
2012-09-16,Nagarjuna Sagar,54.952,67.6
2012-09-17,Nagarjuna Sagar,44.839,66.931
2012-09-18,Nagarjuna Sagar,40.222,66.261
2012-09-19,Nagarjuna Sagar,37.213,65.592
2012-09-20,Nagarjuna Sagar,44.385,64.923
2012-09-21,Nagarjuna Sagar,62.369,64.254
2012-09-22,Nagarjuna Sagar,80.436,63.585
2012-09-23,Nagarjuna Sagar,60.826,62.916
2012-09-24,Nagarjuna Sagar,48.799,62.247
2012-09-25,Nagarjuna Sagar,46.868,61.578
2012-09-26,Nagarjuna Sagar,44.937,60.909
2012-09-27,Nagarjuna Sagar,43.006,60.239
2012-09-28,Nagarjuna Sagar,41.075,59.57
2012-09-29,Nagarjuna Sagar,39.144,58.901
2012-09-30,Nagarjuna Sagar,37.213,58.232
2012-10-01,Nagarjuna Sagar,45.513,57.563
2012-10-02,Nagarjuna Sagar,53.813,53.325
2012-10-03,Nagarjuna Sagar,77.922,48.028
2012-10-04,Nagarjuna Sagar,102.03,43.084
2012-10-05,Nagarjuna Sagar,126.139,43.084
2012-10-06,Nagarjuna Sagar,150.247,41.318
2012-10-07,Nagarjuna Sagar,174.355,39.552
2012-10-08,Nagarjuna Sagar,157.692,41.318
2012-10-09,Nagarjuna Sagar,141.028,42.378
2012-10-10,Nagarjuna Sagar,131.159,82.636
2012-10-11,Nagarjuna Sagar,121.29,87.934
2012-10-12,Nagarjuna Sagar,111.421,68.864
2012-10-13,Nagarjuna Sagar,101.552,68.246
2012-10-14,Nagarjuna Sagar,91.682,67.628
2012-10-15,Nagarjuna Sagar,70.334,67.01
2012-10-16,Nagarjuna Sagar,76.042,66.392
2012-10-17,Nagarjuna Sagar,96.525,65.774
2012-10-18,Nagarjuna Sagar,117.008,65.156
2012-10-19,Nagarjuna Sagar,137.491,64.538
2012-10-20,Nagarjuna Sagar,157.974,63.92
2012-10-21,Nagarjuna Sagar,178.458,63.302
2012-10-22,Nagarjuna Sagar,195.326,62.684
2012-10-23,Nagarjuna Sagar,212.195,62.066
2012-10-24,Nagarjuna Sagar,229.063,61.448
2012-10-25,Nagarjuna Sagar,255.659,60.83
2012-10-26,Nagarjuna Sagar,282.255,60.212
2012-10-27,Nagarjuna Sagar,299.184,59.594
2012-10-28,Nagarjuna Sagar,291.224,58.975
2012-10-29,Nagarjuna Sagar,304.418,58.357
2012-10-30,Nagarjuna Sagar,293.254,57.739
2012-10-31,Nagarjuna Sagar,321.871,57.121
2012-11-01,Nagarjuna Sagar,343.757,56.503
2012-11-02,Nagarjuna Sagar,351.196,53.678
2012-11-03,Nagarjuna Sagar,333.478,48.734
2012-11-04,Nagarjuna Sagar,275.626,43.084
2012-11-05,Nagarjuna Sagar,285.902,43.084
2012-11-06,Nagarjuna Sagar,259.146,40.612
2012-11-07,Nagarjuna Sagar,232.39,39.552
2012-11-08,Nagarjuna Sagar,205.634,41.318
2012-11-09,Nagarjuna Sagar,178.878,42.731
2012-11-10,Nagarjuna Sagar,152.122,65.332
2012-11-11,Nagarjuna Sagar,125.366,87.934
2012-11-12,Nagarjuna Sagar,127.986,68.51
2012-11-13,Nagarjuna Sagar,130.607,67.823
2012-11-14,Nagarjuna Sagar,138.144,67.135
2012-11-15,Nagarjuna Sagar,145.681,66.447
2012-11-16,Nagarjuna Sagar,153.218,65.76
2012-11-17,Nagarjuna Sagar,160.754,65.072
2012-11-18,Nagarjuna Sagar,168.291,64.384
2012-11-19,Nagarjuna Sagar,181.103,63.697
2012-11-20,Nagarjuna Sagar,193.914,63.009
2012-11-21,Nagarjuna Sagar,206.725,62.321
2012-11-22,Nagarjuna Sagar,219.536,61.633
2012-11-23,Nagarjuna Sagar,232.348,60.946
2012-11-24,Nagarjuna Sagar,245.159,60.258
2012-11-25,Nagarjuna Sagar,257.97,59.57
2012-11-26,Nagarjuna Sagar,279.5,58.883
2012-11-27,Nagarjuna Sagar,315.811,58.195
2012-11-28,Nagarjuna Sagar,312.69,57.507
2012-11-29,Nagarjuna Sagar,366.009,56.819
2012-11-30,Nagarjuna Sagar,358.315,56.132
2012-12-01,Nagarjuna Sagar,321.081,55.444
2012-12-02,Nagarjuna Sagar,285.634,53.678
2012-12-03,Nagarjuna Sagar,254.274,48.734
2012-12-04,Nagarjuna Sagar,257.762,43.084
2012-12-05,Nagarjuna Sagar,243.015,43.084
2012-12-06,Nagarjuna Sagar,250.98,40.612
2012-12-07,Nagarjuna Sagar,252.701,39.552
2012-12-08,Nagarjuna Sagar,245.869,41.318
2012-12-09,Nagarjuna Sagar,227.182,43.084
2012-12-10,Nagarjuna Sagar,230.021,65.509
2012-12-11,Nagarjuna Sagar,209.356,87.934
2012-12-12,Nagarjuna Sagar,198.61,66.745
2012-12-13,Nagarjuna Sagar,134.071,64.043
2012-12-14,Nagarjuna Sagar,118.453,61.342
2012-12-15,Nagarjuna Sagar,95.322,58.64
2012-12-16,Nagarjuna Sagar,81.8,55.938
2012-12-17,Nagarjuna Sagar,79.775,53.237
2012-12-18,Nagarjuna Sagar,61.486,50.535
2012-12-19,Nagarjuna Sagar,43.198,47.834
2012-12-20,Nagarjuna Sagar,40.181,45.132
2012-12-21,Nagarjuna Sagar,37.164,42.431
2012-12-22,Nagarjuna Sagar,41.93,39.729
2012-12-23,Nagarjuna Sagar,69.016,37.027
2012-12-24,Nagarjuna Sagar,88.659,34.326
2012-12-25,Nagarjuna Sagar,118.181,31.624
2012-12-26,Nagarjuna Sagar,127.802,28.923
2012-12-27,Nagarjuna Sagar,130.796,26.221
2012-12-28,Nagarjuna Sagar,140.312,23.52
2012-12-29,Nagarjuna Sagar,140.269,20.818
2012-12-30,Nagarjuna Sagar,157.636,18.116
2012-12-31,Nagarjuna Sagar,189.68,15.415
2013-01-01,Nagarjuna Sagar,192.784,12.713
2013-01-02,Nagarjuna Sagar,195.887,2.472
2013-01-03,Nagarjuna Sagar,198.991,1.413
2013-01-04,Nagarjuna Sagar,206.166,12.36
2013-01-05,Nagarjuna Sagar,190.724,15.538
2013-01-06,Nagarjuna Sagar,175.282,16.951
2013-01-07,Nagarjuna Sagar,203.294,17.304
2013-01-08,Nagarjuna Sagar,183.96,54.385
2013-01-09,Nagarjuna Sagar,189.26,89.288
2013-01-10,Nagarjuna Sagar,186.117,124.19
2013-01-11,Nagarjuna Sagar,194.312,159.092
2013-01-12,Nagarjuna Sagar,173.787,139.14
2013-01-13,Nagarjuna Sagar,170.102,132.801
2013-01-14,Nagarjuna Sagar,162.54,126.462
2013-01-15,Nagarjuna Sagar,101.114,120.123
2013-01-16,Nagarjuna Sagar,78.388,113.784
2013-01-17,Nagarjuna Sagar,55.663,107.445
2013-01-18,Nagarjuna Sagar,42.506,101.106
2013-01-19,Nagarjuna Sagar,42.05,94.767
2013-01-20,Nagarjuna Sagar,35.018,88.428
2013-01-21,Nagarjuna Sagar,32.344,82.089
2013-01-22,Nagarjuna Sagar,30.379,75.75
2013-01-23,Nagarjuna Sagar,30.03,69.411
2013-01-24,Nagarjuna Sagar,30.893,63.072
2013-01-25,Nagarjuna Sagar,29.631,56.733
2013-01-26,Nagarjuna Sagar,28.209,50.394
2013-01-27,Nagarjuna Sagar,28.913,44.055
2013-01-28,Nagarjuna Sagar,27.328,37.716
2013-01-29,Nagarjuna Sagar,21.946,31.377
2013-01-30,Nagarjuna Sagar,21.745,25.038
2013-01-31,Nagarjuna Sagar,20.627,18.699
2013-02-01,Nagarjuna Sagar,43.795,12.36
2013-02-02,Nagarjuna Sagar,86.269,2.472
2013-02-03,Nagarjuna Sagar,78.822,1.413
2013-02-04,Nagarjuna Sagar,88.409,13.42
2013-02-05,Nagarjuna Sagar,87.041,18.01
2013-02-06,Nagarjuna Sagar,90.823,16.951
2013-02-07,Nagarjuna Sagar,88.946,17.657
2013-02-08,Nagarjuna Sagar,84.387,58.004
2013-02-09,Nagarjuna Sagar,79.446,98.351
2013-02-10,Nagarjuna Sagar,74.504,138.698
2013-02-11,Nagarjuna Sagar,70.883,179.045
2013-02-12,Nagarjuna Sagar,67.261,139.493
2013-02-13,Nagarjuna Sagar,63.64,131.911
2013-02-14,Nagarjuna Sagar,57.092,124.328
2013-02-15,Nagarjuna Sagar,56.832,116.746
2013-02-16,Nagarjuna Sagar,60.881,109.164
2013-02-17,Nagarjuna Sagar,70.36,101.582
2013-02-18,Nagarjuna Sagar,99.579,93.999
2013-02-19,Nagarjuna Sagar,118.635,86.417
2013-02-20,Nagarjuna Sagar,116.926,78.835
2013-02-21,Nagarjuna Sagar,97.502,71.253
2013-02-22,Nagarjuna Sagar,93.464,63.67
2013-02-23,Nagarjuna Sagar,88.923,56.088
2013-02-24,Nagarjuna Sagar,67.692,48.506
2013-02-25,Nagarjuna Sagar,54.266,40.923
2013-02-26,Nagarjuna Sagar,46.857,33.341
2013-02-27,Nagarjuna Sagar,31.501,25.759
2013-02-28,Nagarjuna Sagar,29.865,18.177
2013-03-01,Nagarjuna Sagar,27.411,10.594
2013-03-02,Nagarjuna Sagar,26.67,2.472
2013-03-03,Nagarjuna Sagar,24.238,1.766
2013-03-04,Nagarjuna Sagar,23.048,13.773
2013-03-05,Nagarjuna Sagar,21.463,14.832
2013-03-06,Nagarjuna Sagar,22.782,16.951
2013-03-07,Nagarjuna Sagar,22.192,17.657
2013-03-08,Nagarjuna Sagar,21.67,52.751
2013-03-09,Nagarjuna Sagar,21.177,87.845
2013-03-10,Nagarjuna Sagar,21.252,122.939
2013-03-11,Nagarjuna Sagar,18.963,158.033
2013-03-12,Nagarjuna Sagar,18.761,139.493
2013-03-13,Nagarjuna Sagar,18.563,133.013
2013-03-14,Nagarjuna Sagar,18.434,126.532
2013-03-15,Nagarjuna Sagar,23.711,120.052
2013-03-16,Nagarjuna Sagar,25.423,113.572
2013-03-17,Nagarjuna Sagar,24.238,107.092
2013-03-18,Nagarjuna Sagar,33.473,100.611
2013-03-19,Nagarjuna Sagar,29.524,94.131
2013-03-20,Nagarjuna Sagar,31.294,87.651
2013-03-21,Nagarjuna Sagar,30.508,81.171
2013-03-22,Nagarjuna Sagar,23.338,74.691
2013-03-23,Nagarjuna Sagar,22.775,68.21
2013-03-24,Nagarjuna Sagar,21.252,61.73
2013-03-25,Nagarjuna Sagar,20.687,55.25
2013-03-26,Nagarjuna Sagar,17.711,48.77
2013-03-27,Nagarjuna Sagar,17.626,42.289
2013-03-28,Nagarjuna Sagar,17.74,35.809
2013-03-29,Nagarjuna Sagar,21.252,29.329
2013-03-30,Nagarjuna Sagar,16.808,22.849
2013-03-31,Nagarjuna Sagar,13.883,16.368
2013-04-01,Nagarjuna Sagar,16.239,9.888
2013-04-02,Nagarjuna Sagar,15.904,2.472
2013-04-03,Nagarjuna Sagar,14.555,2.119
2013-04-04,Nagarjuna Sagar,13.816,14.479
2013-04-05,Nagarjuna Sagar,12.063,14.832
2013-04-06,Nagarjuna Sagar,11.719,16.951
2013-04-07,Nagarjuna Sagar,17.041,18.364
2013-04-08,Nagarjuna Sagar,61.149,53.149
2013-04-09,Nagarjuna Sagar,94.076,87.934
2013-04-10,Nagarjuna Sagar,123.816,122.719
2013-04-11,Nagarjuna Sagar,120.162,157.504
2013-04-12,Nagarjuna Sagar,97.2,139.493
2013-04-13,Nagarjuna Sagar,115.571,132.616
2013-04-14,Nagarjuna Sagar,124.195,125.739
2013-04-15,Nagarjuna Sagar,131.403,118.862
2013-04-16,Nagarjuna Sagar,125.348,111.985
2013-04-17,Nagarjuna Sagar,127.701,105.108
2013-04-18,Nagarjuna Sagar,135.745,98.231
2013-04-19,Nagarjuna Sagar,133.216,91.353
2013-04-20,Nagarjuna Sagar,141.716,84.476
2013-04-21,Nagarjuna Sagar,165.033,77.599
2013-04-22,Nagarjuna Sagar,147.384,70.722
2013-04-23,Nagarjuna Sagar,135.789,63.845
2013-04-24,Nagarjuna Sagar,124.195,56.968
2013-04-25,Nagarjuna Sagar,108.953,50.091
2013-04-26,Nagarjuna Sagar,93.711,43.214
2013-04-27,Nagarjuna Sagar,78.469,36.337
2013-04-28,Nagarjuna Sagar,53.19,29.46
2013-04-29,Nagarjuna Sagar,43.631,22.583
2013-04-30,Nagarjuna Sagar,34.476,15.706
2013-05-01,Nagarjuna Sagar,28.41,8.829
2013-05-02,Nagarjuna Sagar,23.195,1.766
2013-05-03,Nagarjuna Sagar,23.835,2.119
2013-05-04,Nagarjuna Sagar,23.318,14.832
2013-05-05,Nagarjuna Sagar,21.252,14.832
2013-05-06,Nagarjuna Sagar,19.006,16.951
2013-05-07,Nagarjuna Sagar,18.905,19.07
2013-05-08,Nagarjuna Sagar,17.289,58.093
2013-05-09,Nagarjuna Sagar,16.328,97.116
2013-05-10,Nagarjuna Sagar,16.067,136.138
2013-05-11,Nagarjuna Sagar,16.099,175.161
2013-05-12,Nagarjuna Sagar,17.531,139.14
2013-05-13,Nagarjuna Sagar,16.068,132.624
2013-05-14,Nagarjuna Sagar,14.906,126.109
2013-05-15,Nagarjuna Sagar,14.525,119.593
2013-05-16,Nagarjuna Sagar,14.74,113.078
2013-05-17,Nagarjuna Sagar,13.791,106.562
2013-05-18,Nagarjuna Sagar,18.833,100.046
2013-05-19,Nagarjuna Sagar,21.252,93.531
2013-05-20,Nagarjuna Sagar,21.155,87.015
2013-05-21,Nagarjuna Sagar,20.885,80.5
2013-05-22,Nagarjuna Sagar,20.771,73.984
2013-05-23,Nagarjuna Sagar,20.119,67.469
2013-05-24,Nagarjuna Sagar,19.836,60.953
2013-05-25,Nagarjuna Sagar,20.136,54.438
2013-05-26,Nagarjuna Sagar,18.542,47.922
2013-05-27,Nagarjuna Sagar,18.379,41.406
2013-05-28,Nagarjuna Sagar,13.782,34.891
2013-05-29,Nagarjuna Sagar,13.317,28.375
2013-05-30,Nagarjuna Sagar,13.175,21.86
2013-05-31,Nagarjuna Sagar,13.733,15.344
2013-06-01,Nagarjuna Sagar,13.569,8.829
2013-06-02,Nagarjuna Sagar,10.745,2.119
2013-06-03,Nagarjuna Sagar,13.337,1.766
2013-06-04,Nagarjuna Sagar,13.433,15.538
2013-06-05,Nagarjuna Sagar,13.078,14.832
2013-06-06,Nagarjuna Sagar,15.673,16.951
2013-06-07,Nagarjuna Sagar,15.845,18.717
2013-06-08,Nagarjuna Sagar,15.981,51.295
2013-06-09,Nagarjuna Sagar,15.833,83.872
2013-06-10,Nagarjuna Sagar,34.203,116.45
2013-06-11,Nagarjuna Sagar,33.416,149.028
2013-06-12,Nagarjuna Sagar,33.132,136.315
2013-06-13,Nagarjuna Sagar,33.079,129.605
2013-06-14,Nagarjuna Sagar,34.327,122.895
2013-06-15,Nagarjuna Sagar,35.069,116.185
2013-06-16,Nagarjuna Sagar,29.62,109.475
2013-06-17,Nagarjuna Sagar,32.005,102.766
2013-06-18,Nagarjuna Sagar,31.96,96.056
2013-06-19,Nagarjuna Sagar,31.836,89.346
2013-06-20,Nagarjuna Sagar,30.779,82.636
2013-06-21,Nagarjuna Sagar,32.312,75.927
2013-06-22,Nagarjuna Sagar,30.619,69.217
2013-06-23,Nagarjuna Sagar,23.851,62.507
2013-06-24,Nagarjuna Sagar,24.591,55.797
2013-06-25,Nagarjuna Sagar,26.98,49.087
2013-06-26,Nagarjuna Sagar,26.447,42.378
2013-06-27,Nagarjuna Sagar,26.449,35.668
2013-06-28,Nagarjuna Sagar,22.683,28.958
2013-06-29,Nagarjuna Sagar,23.05,22.248
2013-06-30,Nagarjuna Sagar,18.412,15.538
2013-07-01,Nagarjuna Sagar,18.009,8.829
2013-07-02,Nagarjuna Sagar,13.622,2.119
2013-07-03,Nagarjuna Sagar,13.826,3.178
2013-07-04,Nagarjuna Sagar,13.326,15.892
2013-07-05,Nagarjuna Sagar,12.956,14.832
2013-07-06,Nagarjuna Sagar,12.859,16.951
2013-07-07,Nagarjuna Sagar,14.593,19.423
2013-07-08,Nagarjuna Sagar,11.931,58.358
2013-07-09,Nagarjuna Sagar,13.065,97.292
2013-07-10,Nagarjuna Sagar,12.777,136.226
2013-07-11,Nagarjuna Sagar,13.501,175.161
2013-07-12,Nagarjuna Sagar,17.208,150.696
2013-07-13,Nagarjuna Sagar,17.672,126.232
2013-07-14,Nagarjuna Sagar,17.597,120.035
2013-07-15,Nagarjuna Sagar,18.621,113.837
2013-07-16,Nagarjuna Sagar,19.344,107.639
2013-07-17,Nagarjuna Sagar,23.172,101.441
2013-07-18,Nagarjuna Sagar,22.898,95.244
2013-07-19,Nagarjuna Sagar,27.163,89.046
2013-07-20,Nagarjuna Sagar,29.258,82.848
2013-07-21,Nagarjuna Sagar,29.37,76.65
2013-07-22,Nagarjuna Sagar,32.165,70.453
2013-07-23,Nagarjuna Sagar,34.646,64.255
2013-07-24,Nagarjuna Sagar,33.988,58.057
2013-07-25,Nagarjuna Sagar,35.234,51.86
2013-07-26,Nagarjuna Sagar,33.58,45.662
2013-07-27,Nagarjuna Sagar,34.029,39.464
2013-07-28,Nagarjuna Sagar,38.155,33.266
2013-07-29,Nagarjuna Sagar,31.154,27.069
2013-07-30,Nagarjuna Sagar,28.141,20.871
2013-07-31,Nagarjuna Sagar,29.271,14.673
2013-08-01,Nagarjuna Sagar,30.116,8.476
2013-08-02,Nagarjuna Sagar,92.564,2.119
2013-08-03,Nagarjuna Sagar,154.975,1.413
2013-08-04,Nagarjuna Sagar,214.381,15.892
2013-08-05,Nagarjuna Sagar,237.353,15.538
2013-08-06,Nagarjuna Sagar,380.425,18.01
2013-08-07,Nagarjuna Sagar,876.495,19.776
2013-08-08,Nagarjuna Sagar,6326.623,53.192
2013-08-09,Nagarjuna Sagar,3624.062,86.609
2013-08-10,Nagarjuna Sagar,921.501,120.026
2013-08-11,Nagarjuna Sagar,904.596,153.442
2013-08-12,Nagarjuna Sagar,770.789,130.311
2013-08-13,Nagarjuna Sagar,651.173,124.219
2013-08-14,Nagarjuna Sagar,593.717,118.128
2013-08-15,Nagarjuna Sagar,536.261,112.036
2013-08-16,Nagarjuna Sagar,2087.738,105.944
2013-08-17,Nagarjuna Sagar,3767.936,99.852
2013-08-18,Nagarjuna Sagar,2744.33,93.76
2013-08-19,Nagarjuna Sagar,2278.629,87.669
2013-08-20,Nagarjuna Sagar,2723.997,81.577
2013-08-21,Nagarjuna Sagar,2264.003,75.485
2013-08-22,Nagarjuna Sagar,1345.156,69.393
2013-08-23,Nagarjuna Sagar,1082.046,63.302
2013-08-24,Nagarjuna Sagar,1030.055,57.21
2013-08-25,Nagarjuna Sagar,1372.052,51.118
2013-08-26,Nagarjuna Sagar,1244.655,45.026
2013-08-27,Nagarjuna Sagar,765.953,38.934
2013-08-28,Nagarjuna Sagar,870.15,32.843
2013-08-29,Nagarjuna Sagar,1044.633,26.751
2013-08-30,Nagarjuna Sagar,995.05,20.659
2013-08-31,Nagarjuna Sagar,998.812,14.567
2013-09-01,Nagarjuna Sagar,1125.855,8.476
2013-09-02,Nagarjuna Sagar,666.348,1.766
2013-09-03,Nagarjuna Sagar,657.324,1.766
2013-09-04,Nagarjuna Sagar,513.322,15.892
2013-09-05,Nagarjuna Sagar,621.224,14.832
2013-09-06,Nagarjuna Sagar,725.432,18.01
2013-09-07,Nagarjuna Sagar,657.343,20.129
2013-09-08,Nagarjuna Sagar,756.285,53.325
2013-09-09,Nagarjuna Sagar,1159.496,86.521
2013-09-10,Nagarjuna Sagar,628.585,119.717
2013-09-11,Nagarjuna Sagar,387.198,152.912
2013-09-12,Nagarjuna Sagar,323.802,128.545
2013-09-13,Nagarjuna Sagar,313.664,122.207
2013-09-14,Nagarjuna Sagar,275.285,115.869
2013-09-15,Nagarjuna Sagar,281.717,109.531
2013-09-16,Nagarjuna Sagar,305.125,103.193
2013-09-17,Nagarjuna Sagar,1159.02,96.855
2013-09-18,Nagarjuna Sagar,2068.122,90.517
2013-09-19,Nagarjuna Sagar,5137.094,84.179
2013-09-20,Nagarjuna Sagar,6102.558,77.841
2013-09-21,Nagarjuna Sagar,4808.38,71.503
2013-09-22,Nagarjuna Sagar,4884.867,65.165
2013-09-23,Nagarjuna Sagar,5160.277,58.827
2013-09-24,Nagarjuna Sagar,4958.015,52.489
2013-09-25,Nagarjuna Sagar,4704.104,46.151
2013-09-26,Nagarjuna Sagar,2146.214,39.813
2013-09-27,Nagarjuna Sagar,1394.763,33.475
2013-09-28,Nagarjuna Sagar,693.527,27.137
2013-09-29,Nagarjuna Sagar,875.014,20.798
2013-09-30,Nagarjuna Sagar,425.642,14.46
2013-10-01,Nagarjuna Sagar,406.827,8.122
2013-10-02,Nagarjuna Sagar,432.542,1.413
2013-10-03,Nagarjuna Sagar,438.581,1.766
2013-10-04,Nagarjuna Sagar,626.566,15.892
2013-10-05,Nagarjuna Sagar,570.447,14.832
2013-10-06,Nagarjuna Sagar,713.392,18.01
2013-10-07,Nagarjuna Sagar,440.251,20.129
2013-10-08,Nagarjuna Sagar,424.096,53.016
2013-10-09,Nagarjuna Sagar,710.894,85.903
2013-10-10,Nagarjuna Sagar,628.585,118.79
2013-10-11,Nagarjuna Sagar,742.269,151.676
2013-10-12,Nagarjuna Sagar,1012.423,126.78
2013-10-13,Nagarjuna Sagar,656.515,120.829
2013-10-14,Nagarjuna Sagar,404.657,114.879
2013-10-15,Nagarjuna Sagar,363.546,108.928
2013-10-16,Nagarjuna Sagar,322.435,102.978
2013-10-17,Nagarjuna Sagar,257.575,97.027
2013-10-18,Nagarjuna Sagar,224.997,91.077
2013-10-19,Nagarjuna Sagar,221.37,85.126
2013-10-20,Nagarjuna Sagar,315.453,79.175
2013-10-21,Nagarjuna Sagar,337.281,73.225
2013-10-22,Nagarjuna Sagar,359.109,67.274
2013-10-23,Nagarjuna Sagar,380.937,61.324
2013-10-24,Nagarjuna Sagar,1039.935,55.373
2013-10-25,Nagarjuna Sagar,3942.072,49.423
2013-10-26,Nagarjuna Sagar,13433.904,43.472
2013-10-27,Nagarjuna Sagar,8004.153,37.522
2013-10-28,Nagarjuna Sagar,4092.401,31.571
2013-10-29,Nagarjuna Sagar,2934.159,25.621
2013-10-30,Nagarjuna Sagar,1615.196,19.67
2013-10-31,Nagarjuna Sagar,970.736,13.72
2013-11-01,Nagarjuna Sagar,326.275,7.769
2013-11-02,Nagarjuna Sagar,302.494,1.413
2013-11-03,Nagarjuna Sagar,318.934,2.472
2013-11-04,Nagarjuna Sagar,287.013,15.892
2013-11-05,Nagarjuna Sagar,255.092,14.832
2013-11-06,Nagarjuna Sagar,223.171,18.01
2013-11-07,Nagarjuna Sagar,206.227,20.129
2013-11-08,Nagarjuna Sagar,189.282,50.029
2013-11-09,Nagarjuna Sagar,172.338,79.929
2013-11-10,Nagarjuna Sagar,217.237,109.828
2013-11-11,Nagarjuna Sagar,514.551,139.728
2013-11-12,Nagarjuna Sagar,641.963,125.367
2013-11-13,Nagarjuna Sagar,448.869,119.141
2013-11-14,Nagarjuna Sagar,326.838,112.914
2013-11-15,Nagarjuna Sagar,291.632,106.687
2013-11-16,Nagarjuna Sagar,269.912,100.461
2013-11-17,Nagarjuna Sagar,305.126,94.234
2013-11-18,Nagarjuna Sagar,253.969,88.008
2013-11-19,Nagarjuna Sagar,230.04,81.781
2013-11-20,Nagarjuna Sagar,238.201,75.555
2013-11-21,Nagarjuna Sagar,255.767,69.328
2013-11-22,Nagarjuna Sagar,250.397,63.102
2013-11-23,Nagarjuna Sagar,243.998,56.875
2013-11-24,Nagarjuna Sagar,333.057,50.649
2013-11-25,Nagarjuna Sagar,331.618,44.422
2013-11-26,Nagarjuna Sagar,260.487,38.196
2013-11-27,Nagarjuna Sagar,232.869,31.969
2013-11-28,Nagarjuna Sagar,217.271,25.743
2013-11-29,Nagarjuna Sagar,200.884,19.516
2013-11-30,Nagarjuna Sagar,176.963,13.289
2013-12-01,Nagarjuna Sagar,192.231,7.063
2013-12-02,Nagarjuna Sagar,162.79,1.413
2013-12-03,Nagarjuna Sagar,159.882,2.472
2013-12-04,Nagarjuna Sagar,149.255,14.832
2013-12-05,Nagarjuna Sagar,153.168,14.832
2013-12-06,Nagarjuna Sagar,139.121,18.364
2013-12-07,Nagarjuna Sagar,311.675,20.129
2013-12-08,Nagarjuna Sagar,294.976,55.356
2013-12-09,Nagarjuna Sagar,309.937,90.582
2013-12-10,Nagarjuna Sagar,301.728,125.809
2013-12-11,Nagarjuna Sagar,236.21,161.035
2013-12-12,Nagarjuna Sagar,179.657,124.308
2013-12-13,Nagarjuna Sagar,160.017,123.019
2013-12-14,Nagarjuna Sagar,162.035,121.73
2013-12-15,Nagarjuna Sagar,126.602,120.441
2013-12-16,Nagarjuna Sagar,128.801,119.152
2013-12-17,Nagarjuna Sagar,111.187,117.863
2013-12-18,Nagarjuna Sagar,101.356,116.574
2013-12-19,Nagarjuna Sagar,91.332,115.285
2013-12-20,Nagarjuna Sagar,76.159,113.996
2013-12-21,Nagarjuna Sagar,81.792,112.707
2013-12-22,Nagarjuna Sagar,60.765,111.418
2013-12-23,Nagarjuna Sagar,72.391,110.129
2013-12-24,Nagarjuna Sagar,68.076,108.84
2013-12-25,Nagarjuna Sagar,65.315,107.551
2013-12-26,Nagarjuna Sagar,106.812,106.262
2013-12-27,Nagarjuna Sagar,137.507,104.973
2013-12-28,Nagarjuna Sagar,182.831,103.684
2013-12-29,Nagarjuna Sagar,205.929,102.395
2013-12-30,Nagarjuna Sagar,209.52,101.106
2013-12-31,Nagarjuna Sagar,232.629,99.817
2014-01-01,Nagarjuna Sagar,201.797,98.528
2014-01-02,Nagarjuna Sagar,192.706,65.332
2014-01-03,Nagarjuna Sagar,158.064,32.136
2014-01-04,Nagarjuna Sagar,153.348,11.301
2014-01-05,Nagarjuna Sagar,156.448,14.126
2014-01-06,Nagarjuna Sagar,160.925,14.479
2014-01-07,Nagarjuna Sagar,163.499,9.182
2014-01-08,Nagarjuna Sagar,171.082,3.178
2014-01-09,Nagarjuna Sagar,232.801,36.771
2014-01-10,Nagarjuna Sagar,257.736,70.364
2014-01-11,Nagarjuna Sagar,258.194,103.957
2014-01-12,Nagarjuna Sagar,231.81,137.55
2014-01-13,Nagarjuna Sagar,297.111,110.182
2014-01-14,Nagarjuna Sagar,298.34,109.475
2014-01-15,Nagarjuna Sagar,301.732,108.769
2014-01-16,Nagarjuna Sagar,253.611,108.063
2014-01-17,Nagarjuna Sagar,249.367,107.357
2014-01-18,Nagarjuna Sagar,249.064,106.65
2014-01-19,Nagarjuna Sagar,225.923,105.944
2014-01-20,Nagarjuna Sagar,235.549,105.238
2014-01-21,Nagarjuna Sagar,240.757,104.531
2014-01-22,Nagarjuna Sagar,243.546,103.825
2014-01-23,Nagarjuna Sagar,240.155,103.119
2014-01-24,Nagarjuna Sagar,241.673,102.413
2014-01-25,Nagarjuna Sagar,225.339,101.706
2014-01-26,Nagarjuna Sagar,225.923,101.0
2014-01-27,Nagarjuna Sagar,232.211,100.294
2014-01-28,Nagarjuna Sagar,237.301,99.587
2014-01-29,Nagarjuna Sagar,216.717,98.881
2014-01-30,Nagarjuna Sagar,197.843,98.175
2014-01-31,Nagarjuna Sagar,165.014,97.468
2014-02-01,Nagarjuna Sagar,154.608,96.762
2014-02-02,Nagarjuna Sagar,149.272,63.92
2014-02-03,Nagarjuna Sagar,136.899,31.077
2014-02-04,Nagarjuna Sagar,138.24,11.654
2014-02-05,Nagarjuna Sagar,171.522,13.773
2014-02-06,Nagarjuna Sagar,181.808,14.126
2014-02-07,Nagarjuna Sagar,191.737,8.829
2014-02-08,Nagarjuna Sagar,199.089,4.238
2014-02-09,Nagarjuna Sagar,181.621,37.07
2014-02-10,Nagarjuna Sagar,183.611,69.902
2014-02-11,Nagarjuna Sagar,167.585,102.735
2014-02-12,Nagarjuna Sagar,178.496,135.567
2014-02-13,Nagarjuna Sagar,192.991,107.98
2014-02-14,Nagarjuna Sagar,231.303,107.19
2014-02-15,Nagarjuna Sagar,239.226,106.401
2014-02-16,Nagarjuna Sagar,259.268,105.612
2014-02-17,Nagarjuna Sagar,250.26,104.822
2014-02-18,Nagarjuna Sagar,266.752,104.033
2014-02-19,Nagarjuna Sagar,240.751,103.243
2014-02-20,Nagarjuna Sagar,218.995,102.454
2014-02-21,Nagarjuna Sagar,190.91,101.665
2014-02-22,Nagarjuna Sagar,180.6,100.875
2014-02-23,Nagarjuna Sagar,142.27,100.086
2014-02-24,Nagarjuna Sagar,133.264,99.297
2014-02-25,Nagarjuna Sagar,119.652,98.507
2014-02-26,Nagarjuna Sagar,96.146,97.718
2014-02-27,Nagarjuna Sagar,139.455,96.928
2014-02-28,Nagarjuna Sagar,141.518,96.139
2014-03-01,Nagarjuna Sagar,153.014,95.35
2014-03-02,Nagarjuna Sagar,161.329,62.33
2014-03-03,Nagarjuna Sagar,170.935,29.311
2014-03-04,Nagarjuna Sagar,173.382,12.007
2014-03-05,Nagarjuna Sagar,225.882,13.773
2014-03-06,Nagarjuna Sagar,296.453,14.479
2014-03-07,Nagarjuna Sagar,303.68,8.476
2014-03-08,Nagarjuna Sagar,289.698,5.297
2014-03-09,Nagarjuna Sagar,281.717,37.617
2014-03-10,Nagarjuna Sagar,266.726,69.936
2014-03-11,Nagarjuna Sagar,229.959,102.256
2014-03-12,Nagarjuna Sagar,236.409,134.575
2014-03-13,Nagarjuna Sagar,269.394,106.35
2014-03-14,Nagarjuna Sagar,247.928,105.697
2014-03-15,Nagarjuna Sagar,250.76,105.043
2014-03-16,Nagarjuna Sagar,256.139,104.39
2014-03-17,Nagarjuna Sagar,262.416,103.737
2014-03-18,Nagarjuna Sagar,275.097,103.084
2014-03-19,Nagarjuna Sagar,288.389,102.43
2014-03-20,Nagarjuna Sagar,282.976,101.777
2014-03-21,Nagarjuna Sagar,283.599,101.124
2014-03-22,Nagarjuna Sagar,272.6,100.47
2014-03-23,Nagarjuna Sagar,259.268,99.817
2014-03-24,Nagarjuna Sagar,268.634,99.164
2014-03-25,Nagarjuna Sagar,279.728,98.51
2014-03-26,Nagarjuna Sagar,267.214,97.857
2014-03-27,Nagarjuna Sagar,268.112,97.204
2014-03-28,Nagarjuna Sagar,267.076,96.55
2014-03-29,Nagarjuna Sagar,285.92,95.897
2014-03-30,Nagarjuna Sagar,256.139,95.244
2014-03-31,Nagarjuna Sagar,243.818,94.59
2014-04-01,Nagarjuna Sagar,261.296,93.937
2014-04-02,Nagarjuna Sagar,238.326,60.741
2014-04-03,Nagarjuna Sagar,272.806,27.545
2014-04-04,Nagarjuna Sagar,259.397,12.36
2014-04-05,Nagarjuna Sagar,256.998,13.773
2014-04-06,Nagarjuna Sagar,223.008,14.479
2014-04-07,Nagarjuna Sagar,215.945,8.122
2014-04-08,Nagarjuna Sagar,189.229,6.357
2014-04-09,Nagarjuna Sagar,171.86,37.754
2014-04-10,Nagarjuna Sagar,155.464,69.152
2014-04-11,Nagarjuna Sagar,142.051,100.549
2014-04-12,Nagarjuna Sagar,118.57,131.946
2014-04-13,Nagarjuna Sagar,101.923,103.918
2014-04-14,Nagarjuna Sagar,94.306,103.305
2014-04-15,Nagarjuna Sagar,92.999,102.691
2014-04-16,Nagarjuna Sagar,91.693,102.078
2014-04-17,Nagarjuna Sagar,89.585,101.465
2014-04-18,Nagarjuna Sagar,87.853,100.851
2014-04-19,Nagarjuna Sagar,75.579,100.238
2014-04-20,Nagarjuna Sagar,72.221,99.625
2014-04-21,Nagarjuna Sagar,66.931,99.011
2014-04-22,Nagarjuna Sagar,61.641,98.398
2014-04-23,Nagarjuna Sagar,56.351,97.784
2014-04-24,Nagarjuna Sagar,52.92,97.171
2014-04-25,Nagarjuna Sagar,39.89,96.558
2014-04-26,Nagarjuna Sagar,35.538,95.944
2014-04-27,Nagarjuna Sagar,37.236,95.331
2014-04-28,Nagarjuna Sagar,42.845,94.718
2014-04-29,Nagarjuna Sagar,40.264,94.104
2014-04-30,Nagarjuna Sagar,37.276,93.491
2014-05-01,Nagarjuna Sagar,38.461,92.878
2014-05-02,Nagarjuna Sagar,36.711,59.152
2014-05-03,Nagarjuna Sagar,35.552,25.427
2014-05-04,Nagarjuna Sagar,34.393,13.066
2014-05-05,Nagarjuna Sagar,28.943,13.42
2014-05-06,Nagarjuna Sagar,24.879,14.479
2014-05-07,Nagarjuna Sagar,26.419,7.416
2014-05-08,Nagarjuna Sagar,27.372,7.416
2014-05-09,Nagarjuna Sagar,26.645,37.981
2014-05-10,Nagarjuna Sagar,41.976,68.546
2014-05-11,Nagarjuna Sagar,52.09,99.111
2014-05-12,Nagarjuna Sagar,47.436,129.676
2014-05-13,Nagarjuna Sagar,53.327,102.201
2014-05-14,Nagarjuna Sagar,48.031,101.636
2014-05-15,Nagarjuna Sagar,48.052,101.071
2014-05-16,Nagarjuna Sagar,38.851,100.506
2014-05-17,Nagarjuna Sagar,38.098,99.941
2014-05-18,Nagarjuna Sagar,37.236,99.375
2014-05-19,Nagarjuna Sagar,25.134,98.81
2014-05-20,Nagarjuna Sagar,23.549,98.245
2014-05-21,Nagarjuna Sagar,22.453,97.68
2014-05-22,Nagarjuna Sagar,19.702,97.115
2014-05-23,Nagarjuna Sagar,19.883,96.55
2014-05-24,Nagarjuna Sagar,19.269,95.985
2014-05-25,Nagarjuna Sagar,18.427,95.42
2014-05-26,Nagarjuna Sagar,17.217,94.855
2014-05-27,Nagarjuna Sagar,40.799,94.29
2014-05-28,Nagarjuna Sagar,64.381,93.725
2014-05-29,Nagarjuna Sagar,59.54,93.16
2014-05-30,Nagarjuna Sagar,51.833,92.595
2014-05-31,Nagarjuna Sagar,44.125,92.03
2014-06-01,Nagarjuna Sagar,45.058,91.465
2014-06-02,Nagarjuna Sagar,34.971,57.386
2014-06-03,Nagarjuna Sagar,34.135,23.308
2014-06-04,Nagarjuna Sagar,31.708,14.126
2014-06-05,Nagarjuna Sagar,27.357,13.42
2014-06-06,Nagarjuna Sagar,25.482,14.126
2014-06-07,Nagarjuna Sagar,24.658,7.063
2014-06-08,Nagarjuna Sagar,29.191,10.241
2014-06-09,Nagarjuna Sagar,23.973,33.196
2014-06-10,Nagarjuna Sagar,21.866,56.15
2014-06-11,Nagarjuna Sagar,20.28,79.104
2014-06-12,Nagarjuna Sagar,22.409,102.059
2014-06-13,Nagarjuna Sagar,15.766,101.502
2014-06-14,Nagarjuna Sagar,17.633,100.944
2014-06-15,Nagarjuna Sagar,0.0,100.387
2014-06-16,Nagarjuna Sagar,0.0,99.829
2014-06-17,Nagarjuna Sagar,0.0,99.271
2014-06-18,Nagarjuna Sagar,0.0,98.714
2014-06-19,Nagarjuna Sagar,0.0,98.156
2014-06-20,Nagarjuna Sagar,0.0,97.599
2014-06-21,Nagarjuna Sagar,0.0,97.041
2014-06-22,Nagarjuna Sagar,0.0,96.483
2014-06-23,Nagarjuna Sagar,0.0,95.926
2014-06-24,Nagarjuna Sagar,0.0,95.368
2014-06-25,Nagarjuna Sagar,0.0,94.811
2014-06-26,Nagarjuna Sagar,30.338,94.253
2014-06-27,Nagarjuna Sagar,64.37,93.695
2014-06-28,Nagarjuna Sagar,74.743,93.138
2014-06-29,Nagarjuna Sagar,105.444,92.58
2014-06-30,Nagarjuna Sagar,113.696,92.023
2014-07-01,Nagarjuna Sagar,111.243,91.465
2014-07-02,Nagarjuna Sagar,130.438,56.68
2014-07-03,Nagarjuna Sagar,132.862,21.895
2014-07-04,Nagarjuna Sagar,136.97,15.892
2014-07-05,Nagarjuna Sagar,140.533,13.42
2014-07-06,Nagarjuna Sagar,141.163,14.126
2014-07-07,Nagarjuna Sagar,149.096,6.357
2014-07-08,Nagarjuna Sagar,148.295,13.773
2014-07-09,Nagarjuna Sagar,154.66,41.824
2014-07-10,Nagarjuna Sagar,156.992,69.875
2014-07-11,Nagarjuna Sagar,148.058,97.926
2014-07-12,Nagarjuna Sagar,147.677,125.976
2014-07-13,Nagarjuna Sagar,132.238,100.453
2014-07-14,Nagarjuna Sagar,97.619,99.905
2014-07-15,Nagarjuna Sagar,54.153,99.358
2014-07-16,Nagarjuna Sagar,49.23,98.81
2014-07-17,Nagarjuna Sagar,66.376,98.263
2014-07-18,Nagarjuna Sagar,50.902,97.716
2014-07-19,Nagarjuna Sagar,41.528,97.168
2014-07-20,Nagarjuna Sagar,34.781,96.621
2014-07-21,Nagarjuna Sagar,22.54,96.074
2014-07-22,Nagarjuna Sagar,22.41,95.526
2014-07-23,Nagarjuna Sagar,18.101,94.979
2014-07-24,Nagarjuna Sagar,48.597,94.431
2014-07-25,Nagarjuna Sagar,79.093,93.884
2014-07-26,Nagarjuna Sagar,96.084,93.337
2014-07-27,Nagarjuna Sagar,125.286,92.789
2014-07-28,Nagarjuna Sagar,116.162,92.242
2014-07-29,Nagarjuna Sagar,107.039,91.695
2014-07-30,Nagarjuna Sagar,99.664,91.147
2014-07-31,Nagarjuna Sagar,67.501,90.6
2014-08-01,Nagarjuna Sagar,76.758,90.052
2014-08-02,Nagarjuna Sagar,81.801,55.268
2014-08-03,Nagarjuna Sagar,56.507,20.483
2014-08-04,Nagarjuna Sagar,63.177,16.245
2014-08-05,Nagarjuna Sagar,57.449,13.42
2014-08-06,Nagarjuna Sagar,46.107,14.126
2014-08-07,Nagarjuna Sagar,27.052,6.003
2014-08-08,Nagarjuna Sagar,22.878,17.304
2014-08-09,Nagarjuna Sagar,123.233,43.942
2014-08-10,Nagarjuna Sagar,185.112,70.581
2014-08-11,Nagarjuna Sagar,235.617,97.219
2014-08-12,Nagarjuna Sagar,240.788,123.858
2014-08-13,Nagarjuna Sagar,262.064,99.393
2014-08-14,Nagarjuna Sagar,430.967,98.846
2014-08-15,Nagarjuna Sagar,458.486,98.298
2014-08-16,Nagarjuna Sagar,417.375,97.751
2014-08-17,Nagarjuna Sagar,471.487,97.204
2014-08-18,Nagarjuna Sagar,326.632,96.656
2014-08-19,Nagarjuna Sagar,353.745,96.109
2014-08-20,Nagarjuna Sagar,457.738,95.561
2014-08-21,Nagarjuna Sagar,462.012,95.014
2014-08-22,Nagarjuna Sagar,460.316,94.467
2014-08-23,Nagarjuna Sagar,406.557,93.919
2014-08-24,Nagarjuna Sagar,416.559,93.372
2014-08-25,Nagarjuna Sagar,400.35,92.825
2014-08-26,Nagarjuna Sagar,414.098,92.277
2014-08-27,Nagarjuna Sagar,433.979,91.73
2014-08-28,Nagarjuna Sagar,517.482,91.182
2014-08-29,Nagarjuna Sagar,335.514,90.635
2014-08-30,Nagarjuna Sagar,183.511,90.088
2014-08-31,Nagarjuna Sagar,29.374,89.54
2014-09-01,Nagarjuna Sagar,5.947,88.993
2014-09-02,Nagarjuna Sagar,113.454,54.031
2014-09-03,Nagarjuna Sagar,375.614,19.07
2014-09-04,Nagarjuna Sagar,477.323,16.951
2014-09-05,Nagarjuna Sagar,537.907,13.42
2014-09-06,Nagarjuna Sagar,518.375,13.773
2014-09-07,Nagarjuna Sagar,353.956,5.297
2014-09-08,Nagarjuna Sagar,446.678,19.423
2014-09-09,Nagarjuna Sagar,611.509,45.303
2014-09-10,Nagarjuna Sagar,446.892,71.182
2014-09-11,Nagarjuna Sagar,763.517,97.062
2014-09-12,Nagarjuna Sagar,725.285,122.942
2014-09-13,Nagarjuna Sagar,626.014,99.327
2014-09-14,Nagarjuna Sagar,582.584,98.714
2014-09-15,Nagarjuna Sagar,696.804,98.1
2014-09-16,Nagarjuna Sagar,2461.693,97.487
2014-09-17,Nagarjuna Sagar,4226.582,96.874
2014-09-18,Nagarjuna Sagar,2957.856,96.26
2014-09-19,Nagarjuna Sagar,2744.997,95.647
2014-09-20,Nagarjuna Sagar,2697.667,95.034
2014-09-21,Nagarjuna Sagar,1302.541,94.42
2014-09-22,Nagarjuna Sagar,1857.374,93.807
2014-09-23,Nagarjuna Sagar,2078.364,93.194
2014-09-24,Nagarjuna Sagar,1328.09,92.58
2014-09-25,Nagarjuna Sagar,577.816,91.967
2014-09-26,Nagarjuna Sagar,714.084,91.353
2014-09-27,Nagarjuna Sagar,477.471,90.74
2014-09-28,Nagarjuna Sagar,498.077,90.127
2014-09-29,Nagarjuna Sagar,433.238,89.513
2014-09-30,Nagarjuna Sagar,440.607,88.9
2014-10-01,Nagarjuna Sagar,447.977,88.287
2014-10-02,Nagarjuna Sagar,849.195,53.149
2014-10-03,Nagarjuna Sagar,627.522,18.01
2014-10-04,Nagarjuna Sagar,643.001,15.892
2014-10-05,Nagarjuna Sagar,658.481,13.42
2014-10-06,Nagarjuna Sagar,867.28,13.773
2014-10-07,Nagarjuna Sagar,767.318,5.297
2014-10-08,Nagarjuna Sagar,524.767,23.308
2014-10-09,Nagarjuna Sagar,282.216,63.449
2014-10-10,Nagarjuna Sagar,404.838,103.59
2014-10-11,Nagarjuna Sagar,329.586,143.731
2014-10-12,Nagarjuna Sagar,254.334,120.529
2014-10-13,Nagarjuna Sagar,287.095,97.327
2014-10-14,Nagarjuna Sagar,380.431,96.833
2014-10-15,Nagarjuna Sagar,603.362,96.338
2014-10-16,Nagarjuna Sagar,545.547,95.844
2014-10-17,Nagarjuna Sagar,502.193,95.35
2014-10-18,Nagarjuna Sagar,458.839,94.855
2014-10-19,Nagarjuna Sagar,706.429,94.361
2014-10-20,Nagarjuna Sagar,536.26,93.866
2014-10-21,Nagarjuna Sagar,366.09,93.372
2014-10-22,Nagarjuna Sagar,195.921,92.878
2014-10-23,Nagarjuna Sagar,408.433,92.383
2014-10-24,Nagarjuna Sagar,252.663,91.889
2014-10-25,Nagarjuna Sagar,600.269,91.394
2014-10-26,Nagarjuna Sagar,592.415,90.9
2014-10-27,Nagarjuna Sagar,2113.471,90.406
2014-10-28,Nagarjuna Sagar,1269.43,89.911
2014-10-29,Nagarjuna Sagar,425.39,89.417
2014-10-30,Nagarjuna Sagar,28.083,88.922
2014-10-31,Nagarjuna Sagar,224.884,88.428
2014-11-01,Nagarjuna Sagar,218.386,87.934
2014-11-02,Nagarjuna Sagar,215.658,52.266
2014-11-03,Nagarjuna Sagar,220.972,16.598
2014-11-04,Nagarjuna Sagar,179.874,15.538
2014-11-05,Nagarjuna Sagar,344.926,13.42
2014-11-06,Nagarjuna Sagar,380.67,14.126
2014-11-07,Nagarjuna Sagar,380.073,5.297
2014-11-08,Nagarjuna Sagar,529.813,25.427
2014-11-09,Nagarjuna Sagar,449.927,64.273
2014-11-10,Nagarjuna Sagar,386.157,103.119
2014-11-11,Nagarjuna Sagar,376.304,141.965
2014-11-12,Nagarjuna Sagar,269.522,119.624
2014-11-13,Nagarjuna Sagar,162.739,97.283
2014-11-14,Nagarjuna Sagar,55.957,96.744
2014-11-15,Nagarjuna Sagar,260.444,96.205
2014-11-16,Nagarjuna Sagar,359.58,95.666
2014-11-17,Nagarjuna Sagar,329.15,95.127
2014-11-18,Nagarjuna Sagar,298.72,94.588
2014-11-19,Nagarjuna Sagar,268.29,94.049
2014-11-20,Nagarjuna Sagar,21.212,93.51
2014-11-21,Nagarjuna Sagar,144.582,92.971
2014-11-22,Nagarjuna Sagar,267.953,92.431
2014-11-23,Nagarjuna Sagar,171.804,91.892
2014-11-24,Nagarjuna Sagar,296.22,91.353
2014-11-25,Nagarjuna Sagar,293.574,90.814
2014-11-26,Nagarjuna Sagar,266.934,90.275
2014-11-27,Nagarjuna Sagar,256.832,89.736
2014-11-28,Nagarjuna Sagar,275.931,89.197
2014-11-29,Nagarjuna Sagar,298.047,88.658
2014-11-30,Nagarjuna Sagar,256.359,88.119
2014-12-01,Nagarjuna Sagar,243.066,87.58
2014-12-02,Nagarjuna Sagar,250.329,51.382
2014-12-03,Nagarjuna Sagar,230.483,15.185
2014-12-04,Nagarjuna Sagar,210.637,14.832
2014-12-05,Nagarjuna Sagar,190.791,13.42
2014-12-06,Nagarjuna Sagar,173.18,14.126
2014-12-07,Nagarjuna Sagar,61.98,4.944
2014-12-08,Nagarjuna Sagar,87.42,27.899
2014-12-09,Nagarjuna Sagar,112.861,65.097
2014-12-10,Nagarjuna Sagar,138.302,102.295
2014-12-11,Nagarjuna Sagar,163.743,139.493
2014-12-12,Nagarjuna Sagar,130.559,118.251
2014-12-13,Nagarjuna Sagar,97.375,97.009
2014-12-14,Nagarjuna Sagar,64.191,96.197
2014-12-15,Nagarjuna Sagar,109.173,95.385
2014-12-16,Nagarjuna Sagar,91.95,94.573
2014-12-17,Nagarjuna Sagar,22.967,93.76
2014-12-18,Nagarjuna Sagar,191.604,92.948
2014-12-19,Nagarjuna Sagar,19.106,92.136
2014-12-20,Nagarjuna Sagar,47.607,91.324
2014-12-21,Nagarjuna Sagar,76.108,90.511
2014-12-22,Nagarjuna Sagar,102.03,89.699
2014-12-23,Nagarjuna Sagar,21.062,88.887
2014-12-24,Nagarjuna Sagar,55.301,88.075
2014-12-25,Nagarjuna Sagar,89.54,87.263
2014-12-26,Nagarjuna Sagar,212.298,86.45
2014-12-27,Nagarjuna Sagar,19.372,85.638
2014-12-28,Nagarjuna Sagar,92.418,84.826
2014-12-29,Nagarjuna Sagar,114.952,84.014
2014-12-30,Nagarjuna Sagar,78.855,83.201
2014-12-31,Nagarjuna Sagar,42.758,82.389
2015-01-01,Nagarjuna Sagar,96.969,81.577
2015-01-02,Nagarjuna Sagar,44.447,49.441
2015-01-03,Nagarjuna Sagar,86.612,28.958
2015-01-04,Nagarjuna Sagar,89.54,16.951
2015-01-05,Nagarjuna Sagar,92.276,6.71
2015-01-06,Nagarjuna Sagar,45.441,7.769
2015-01-07,Nagarjuna Sagar,29.854,4.591
2015-01-08,Nagarjuna Sagar,34.472,1.413
2015-01-09,Nagarjuna Sagar,16.214,1.413
2015-01-10,Nagarjuna Sagar,199.273,1.413
2015-01-11,Nagarjuna Sagar,178.724,2.266
2015-01-12,Nagarjuna Sagar,130.059,3.12
2015-01-13,Nagarjuna Sagar,153.756,3.973
2015-01-14,Nagarjuna Sagar,141.001,7.946
2015-01-15,Nagarjuna Sagar,144.027,11.919
2015-01-16,Nagarjuna Sagar,124.002,15.892
2015-01-17,Nagarjuna Sagar,135.625,19.865
2015-01-18,Nagarjuna Sagar,124.98,23.837
2015-01-19,Nagarjuna Sagar,125.777,27.81
2015-01-20,Nagarjuna Sagar,167.77,31.783
2015-01-21,Nagarjuna Sagar,209.763,35.756
2015-01-22,Nagarjuna Sagar,210.898,39.729
2015-01-23,Nagarjuna Sagar,173.173,43.702
2015-01-24,Nagarjuna Sagar,136.246,47.675
2015-01-25,Nagarjuna Sagar,71.166,51.648
2015-01-26,Nagarjuna Sagar,82.628,55.621
2015-01-27,Nagarjuna Sagar,106.411,59.594
2015-01-28,Nagarjuna Sagar,95.374,63.566
2015-01-29,Nagarjuna Sagar,84.338,67.539
2015-01-30,Nagarjuna Sagar,148.949,71.512
2015-01-31,Nagarjuna Sagar,134.375,75.485
2015-02-01,Nagarjuna Sagar,117.896,79.458
2015-02-02,Nagarjuna Sagar,109.713,48.381
2015-02-03,Nagarjuna Sagar,91.883,28.252
2015-02-04,Nagarjuna Sagar,98.698,17.481
2015-02-05,Nagarjuna Sagar,78.933,6.71
2015-02-06,Nagarjuna Sagar,78.286,7.416
2015-02-07,Nagarjuna Sagar,68.34,4.591
2015-02-08,Nagarjuna Sagar,76.108,1.059
2015-02-09,Nagarjuna Sagar,93.046,1.236
2015-02-10,Nagarjuna Sagar,94.08,1.413
2015-02-11,Nagarjuna Sagar,95.594,2.479
2015-02-12,Nagarjuna Sagar,202.368,3.546
2015-02-13,Nagarjuna Sagar,214.56,4.612
2015-02-14,Nagarjuna Sagar,184.662,9.223
2015-02-15,Nagarjuna Sagar,104.6,13.835
2015-02-16,Nagarjuna Sagar,95.607,18.447
2015-02-17,Nagarjuna Sagar,80.559,23.058
2015-02-18,Nagarjuna Sagar,81.118,27.67
2015-02-19,Nagarjuna Sagar,81.116,32.282
2015-02-20,Nagarjuna Sagar,76.324,36.893
2015-02-21,Nagarjuna Sagar,105.058,41.505
2015-02-22,Nagarjuna Sagar,89.54,46.117
2015-02-23,Nagarjuna Sagar,84.819,50.728
2015-02-24,Nagarjuna Sagar,74.568,55.34
2015-02-25,Nagarjuna Sagar,64.316,59.952
2015-02-26,Nagarjuna Sagar,59.354,64.564
2015-02-27,Nagarjuna Sagar,54.391,69.175
2015-02-28,Nagarjuna Sagar,49.429,73.787
2015-03-01,Nagarjuna Sagar,44.467,78.399
2015-03-02,Nagarjuna Sagar,96.94,47.675
2015-03-03,Nagarjuna Sagar,149.413,27.192
2015-03-04,Nagarjuna Sagar,201.886,16.245
2015-03-05,Nagarjuna Sagar,134.832,6.71
2015-03-06,Nagarjuna Sagar,148.073,7.416
2015-03-07,Nagarjuna Sagar,115.351,4.238
2015-03-08,Nagarjuna Sagar,82.628,1.059
2015-03-09,Nagarjuna Sagar,75.851,1.236
2015-03-10,Nagarjuna Sagar,67.06,1.413
2015-03-11,Nagarjuna Sagar,58.268,2.225
2015-03-12,Nagarjuna Sagar,49.476,3.037
2015-03-13,Nagarjuna Sagar,40.438,3.849
2015-03-14,Nagarjuna Sagar,28.941,7.699
2015-03-15,Nagarjuna Sagar,26.453,11.548
2015-03-16,Nagarjuna Sagar,50.025,15.397
2015-03-17,Nagarjuna Sagar,100.833,19.246
2015-03-18,Nagarjuna Sagar,151.641,23.096
2015-03-19,Nagarjuna Sagar,165.174,26.945
2015-03-20,Nagarjuna Sagar,153.89,30.794
2015-03-21,Nagarjuna Sagar,157.296,34.644
2015-03-22,Nagarjuna Sagar,160.703,38.493
2015-03-23,Nagarjuna Sagar,110.399,42.342
2015-03-24,Nagarjuna Sagar,121.487,46.192
2015-03-25,Nagarjuna Sagar,132.576,50.041
2015-03-26,Nagarjuna Sagar,143.664,53.89
2015-03-27,Nagarjuna Sagar,154.752,57.739
2015-03-28,Nagarjuna Sagar,139.73,61.589
2015-03-29,Nagarjuna Sagar,174.089,65.438
2015-03-30,Nagarjuna Sagar,140.636,69.287
2015-03-31,Nagarjuna Sagar,130.144,73.137
2015-04-01,Nagarjuna Sagar,99.941,76.986
2015-04-02,Nagarjuna Sagar,104.6,47.675
2015-04-03,Nagarjuna Sagar,86.727,26.486
2015-04-04,Nagarjuna Sagar,71.416,15.185
2015-04-05,Nagarjuna Sagar,58.766,6.71
2015-04-06,Nagarjuna Sagar,33.531,7.416
2015-04-07,Nagarjuna Sagar,28.362,4.238
2015-04-08,Nagarjuna Sagar,72.596,1.059
2015-04-09,Nagarjuna Sagar,116.829,1.236
2015-04-10,Nagarjuna Sagar,111.367,1.413
2015-04-11,Nagarjuna Sagar,114.833,0.353
2015-04-12,Nagarjuna Sagar,95.362,2.174
2015-04-13,Nagarjuna Sagar,118.243,3.996
2015-04-14,Nagarjuna Sagar,130.491,7.992
2015-04-15,Nagarjuna Sagar,120.867,11.988
2015-04-16,Nagarjuna Sagar,106.421,15.985
2015-04-17,Nagarjuna Sagar,82.952,19.981
2015-04-18,Nagarjuna Sagar,60.859,23.977
2015-04-19,Nagarjuna Sagar,62.44,27.973
2015-04-20,Nagarjuna Sagar,49.876,31.969
2015-04-21,Nagarjuna Sagar,56.249,35.965
2015-04-22,Nagarjuna Sagar,60.391,39.961
2015-04-23,Nagarjuna Sagar,65.996,43.957
2015-04-24,Nagarjuna Sagar,62.945,47.954
2015-04-25,Nagarjuna Sagar,53.454,51.95
2015-04-26,Nagarjuna Sagar,47.93,55.946
2015-04-27,Nagarjuna Sagar,39.43,59.942
2015-04-28,Nagarjuna Sagar,41.884,63.938
2015-04-29,Nagarjuna Sagar,1.702,67.934
2015-04-30,Nagarjuna Sagar,0.0,71.93
2015-05-01,Nagarjuna Sagar,0.0,75.927
2015-05-02,Nagarjuna Sagar,0.0,47.675
2015-05-03,Nagarjuna Sagar,0.0,26.133
2015-05-04,Nagarjuna Sagar,3.224,14.126
2015-05-05,Nagarjuna Sagar,3.274,6.71
2015-05-06,Nagarjuna Sagar,2.813,7.416
2015-05-07,Nagarjuna Sagar,3.669,3.885
2015-05-08,Nagarjuna Sagar,3.69,1.059
2015-05-09,Nagarjuna Sagar,3.656,1.236
2015-05-10,Nagarjuna Sagar,2.938,1.413
2015-05-11,Nagarjuna Sagar,3.172,0.706
2015-05-12,Nagarjuna Sagar,8.163,2.224
2015-05-13,Nagarjuna Sagar,8.013,3.743
2015-05-14,Nagarjuna Sagar,7.713,7.487
2015-05-15,Nagarjuna Sagar,8.215,11.23
2015-05-16,Nagarjuna Sagar,7.86,14.973
2015-05-17,Nagarjuna Sagar,8.049,18.717
2015-05-18,Nagarjuna Sagar,9.05,22.46
2015-05-19,Nagarjuna Sagar,9.689,26.203
2015-05-20,Nagarjuna Sagar,9.031,29.947
2015-05-21,Nagarjuna Sagar,9.686,33.69
2015-05-22,Nagarjuna Sagar,9.385,37.434
2015-05-23,Nagarjuna Sagar,9.549,41.177
2015-05-24,Nagarjuna Sagar,9.451,44.92
2015-05-25,Nagarjuna Sagar,8.804,48.664
2015-05-26,Nagarjuna Sagar,9.682,52.407
2015-05-27,Nagarjuna Sagar,10.048,56.15
2015-05-28,Nagarjuna Sagar,8.802,59.894
2015-05-29,Nagarjuna Sagar,8.905,63.637
2015-05-30,Nagarjuna Sagar,36.139,67.38
2015-05-31,Nagarjuna Sagar,29.186,71.124
2015-06-01,Nagarjuna Sagar,11.769,74.867
2015-06-02,Nagarjuna Sagar,11.8,47.322
2015-06-03,Nagarjuna Sagar,11.092,25.78
2015-06-04,Nagarjuna Sagar,11.595,13.42
2015-06-05,Nagarjuna Sagar,11.32,6.71
2015-06-06,Nagarjuna Sagar,11.285,7.063
2015-06-07,Nagarjuna Sagar,11.888,3.885
2015-06-08,Nagarjuna Sagar,11.488,0.706
2015-06-09,Nagarjuna Sagar,11.755,1.06
2015-06-10,Nagarjuna Sagar,11.374,1.413
2015-06-11,Nagarjuna Sagar,11.26,1.059
2015-06-12,Nagarjuna Sagar,11.732,2.472
2015-06-13,Nagarjuna Sagar,10.963,3.885
2015-06-14,Nagarjuna Sagar,11.888,7.769
2015-06-15,Nagarjuna Sagar,11.638,11.654
2015-06-16,Nagarjuna Sagar,11.077,15.538
2015-06-17,Nagarjuna Sagar,11.505,19.423
2015-06-18,Nagarjuna Sagar,11.966,23.308
2015-06-19,Nagarjuna Sagar,29.648,27.192
2015-06-20,Nagarjuna Sagar,47.329,31.077
2015-06-21,Nagarjuna Sagar,65.01,34.962
2015-06-22,Nagarjuna Sagar,50.967,38.846
2015-06-23,Nagarjuna Sagar,36.924,42.731
2015-06-24,Nagarjuna Sagar,22.882,46.615
2015-06-25,Nagarjuna Sagar,14.187,50.5
2015-06-26,Nagarjuna Sagar,13.958,54.385
2015-06-27,Nagarjuna Sagar,13.7,58.269
2015-06-28,Nagarjuna Sagar,13.404,62.154
2015-06-29,Nagarjuna Sagar,14.716,66.038
2015-06-30,Nagarjuna Sagar,14.702,69.923
2015-07-01,Nagarjuna Sagar,14.245,73.808
2015-07-02,Nagarjuna Sagar,18.914,46.262
2015-07-03,Nagarjuna Sagar,23.583,25.073
2015-07-04,Nagarjuna Sagar,25.31,12.713
2015-07-05,Nagarjuna Sagar,27.844,7.063
2015-07-06,Nagarjuna Sagar,24.847,7.063
2015-07-07,Nagarjuna Sagar,26.675,3.531
2015-07-08,Nagarjuna Sagar,25.188,0.706
2015-07-09,Nagarjuna Sagar,32.85,1.06
2015-07-10,Nagarjuna Sagar,40.513,1.413
2015-07-11,Nagarjuna Sagar,48.175,1.413
2015-07-12,Nagarjuna Sagar,55.837,2.525
2015-07-13,Nagarjuna Sagar,62.103,3.637
2015-07-14,Nagarjuna Sagar,68.37,7.275
2015-07-15,Nagarjuna Sagar,74.636,10.912
2015-07-16,Nagarjuna Sagar,80.902,14.55
2015-07-17,Nagarjuna Sagar,87.168,18.187
2015-07-18,Nagarjuna Sagar,93.434,21.824
2015-07-19,Nagarjuna Sagar,93.434,25.462
2015-07-20,Nagarjuna Sagar,82.443,29.099
2015-07-21,Nagarjuna Sagar,71.452,32.737
2015-07-22,Nagarjuna Sagar,60.461,36.374
2015-07-23,Nagarjuna Sagar,49.47,40.012
2015-07-24,Nagarjuna Sagar,38.479,43.649
2015-07-25,Nagarjuna Sagar,27.488,47.286
2015-07-26,Nagarjuna Sagar,16.498,50.924
2015-07-27,Nagarjuna Sagar,43.954,54.561
2015-07-28,Nagarjuna Sagar,71.411,58.199
2015-07-29,Nagarjuna Sagar,125.0,61.836
2015-07-30,Nagarjuna Sagar,107.285,65.473
2015-07-31,Nagarjuna Sagar,90.136,69.111
2015-08-01,Nagarjuna Sagar,72.987,72.748
2015-08-02,Nagarjuna Sagar,55.837,45.203
2015-08-03,Nagarjuna Sagar,48.535,25.073
2015-08-04,Nagarjuna Sagar,41.233,12.36
2015-08-05,Nagarjuna Sagar,33.93,7.416
2015-08-06,Nagarjuna Sagar,26.628,7.063
2015-08-07,Nagarjuna Sagar,19.325,3.531
2015-08-08,Nagarjuna Sagar,12.023,0.706
2015-08-09,Nagarjuna Sagar,4.72,0.882
2015-08-10,Nagarjuna Sagar,5.449,1.059
2015-08-11,Nagarjuna Sagar,6.178,0.353
2015-08-12,Nagarjuna Sagar,6.907,2.343
2015-08-13,Nagarjuna Sagar,7.636,4.334
2015-08-14,Nagarjuna Sagar,8.365,6.324
2015-08-15,Nagarjuna Sagar,7.491,8.315
2015-08-16,Nagarjuna Sagar,7.491,10.305
2015-08-17,Nagarjuna Sagar,6.753,12.296
2015-08-18,Nagarjuna Sagar,7.885,14.286
2015-08-19,Nagarjuna Sagar,6.962,16.277
2015-08-20,Nagarjuna Sagar,7.826,18.267
2015-08-21,Nagarjuna Sagar,7.398,20.258
2015-08-22,Nagarjuna Sagar,6.754,22.248
2015-08-23,Nagarjuna Sagar,7.491,24.238
2015-08-24,Nagarjuna Sagar,8.011,26.229
2015-08-25,Nagarjuna Sagar,8.109,28.219
2015-08-26,Nagarjuna Sagar,8.206,30.21
2015-08-27,Nagarjuna Sagar,8.304,32.2
2015-08-28,Nagarjuna Sagar,9.001,34.191
2015-08-29,Nagarjuna Sagar,9.698,36.181
2015-08-30,Nagarjuna Sagar,10.396,38.172
2015-08-31,Nagarjuna Sagar,11.949,40.162
2015-09-01,Nagarjuna Sagar,13.503,42.153
2015-09-02,Nagarjuna Sagar,15.057,44.143
2015-09-03,Nagarjuna Sagar,16.61,24.014
2015-09-04,Nagarjuna Sagar,18.164,12.007
2015-09-05,Nagarjuna Sagar,19.718,7.416
2015-09-06,Nagarjuna Sagar,21.272,7.063
2015-09-07,Nagarjuna Sagar,21.503,3.178
2015-09-08,Nagarjuna Sagar,21.735,0.706
2015-09-09,Nagarjuna Sagar,21.967,0.353
2015-09-10,Nagarjuna Sagar,22.199,1.059
2015-09-11,Nagarjuna Sagar,22.431,2.969
2015-09-12,Nagarjuna Sagar,22.662,4.879
2015-09-13,Nagarjuna Sagar,22.894,6.79
2015-09-14,Nagarjuna Sagar,22.894,8.7
2015-09-15,Nagarjuna Sagar,22.894,10.61
2015-09-16,Nagarjuna Sagar,22.894,12.52
2015-09-17,Nagarjuna Sagar,22.894,14.431
2015-09-18,Nagarjuna Sagar,22.894,16.341
2015-09-19,Nagarjuna Sagar,22.894,18.251
2015-09-20,Nagarjuna Sagar,22.894,20.161
2015-09-21,Nagarjuna Sagar,22.894,22.072
2015-09-22,Nagarjuna Sagar,22.894,23.982
2015-09-23,Nagarjuna Sagar,22.894,25.892
2015-09-24,Nagarjuna Sagar,22.894,27.802
2015-09-25,Nagarjuna Sagar,22.894,29.712
2015-09-26,Nagarjuna Sagar,22.894,31.623
2015-09-27,Nagarjuna Sagar,22.894,33.533
2015-09-28,Nagarjuna Sagar,23.884,35.443
2015-09-29,Nagarjuna Sagar,24.874,37.353
2015-09-30,Nagarjuna Sagar,25.864,39.264
2015-10-01,Nagarjuna Sagar,26.854,41.174
2015-10-02,Nagarjuna Sagar,27.844,43.084
2015-10-03,Nagarjuna Sagar,26.187,22.955
2015-10-04,Nagarjuna Sagar,24.531,11.654
2015-10-05,Nagarjuna Sagar,24.531,7.769
2015-10-06,Nagarjuna Sagar,24.531,7.063
2015-10-07,Nagarjuna Sagar,24.531,3.178
2015-10-08,Nagarjuna Sagar,24.531,0.353
2015-10-09,Nagarjuna Sagar,24.531,0.353
2015-10-10,Nagarjuna Sagar,24.531,1.059
2015-10-11,Nagarjuna Sagar,24.531,2.84
2015-10-12,Nagarjuna Sagar,40.249,4.621
2015-10-13,Nagarjuna Sagar,55.967,6.402
2015-10-14,Nagarjuna Sagar,71.684,8.183
2015-10-15,Nagarjuna Sagar,87.402,9.964
2015-10-16,Nagarjuna Sagar,103.12,11.746
2015-10-17,Nagarjuna Sagar,92.774,13.527
2015-10-18,Nagarjuna Sagar,174.124,15.308
2015-10-19,Nagarjuna Sagar,173.132,17.089
2015-10-20,Nagarjuna Sagar,165.005,18.87
2015-10-21,Nagarjuna Sagar,199.946,20.651
2015-10-22,Nagarjuna Sagar,229.363,22.432
2015-10-23,Nagarjuna Sagar,146.234,24.213
2015-10-24,Nagarjuna Sagar,107.094,25.994
2015-10-25,Nagarjuna Sagar,36.332,27.775
2015-10-26,Nagarjuna Sagar,118.422,29.556
2015-10-27,Nagarjuna Sagar,97.561,31.337
2015-10-28,Nagarjuna Sagar,77.11,33.119
2015-10-29,Nagarjuna Sagar,56.667,34.9
2015-10-30,Nagarjuna Sagar,44.869,36.681
2015-10-31,Nagarjuna Sagar,33.07,38.462
2015-11-01,Nagarjuna Sagar,21.272,40.243
2015-11-02,Nagarjuna Sagar,15.633,42.024
2015-11-03,Nagarjuna Sagar,14.994,21.895
2015-11-04,Nagarjuna Sagar,14.638,10.948
2015-11-05,Nagarjuna Sagar,36.986,7.769
2015-11-06,Nagarjuna Sagar,83.395,7.063
2015-11-07,Nagarjuna Sagar,129.804,2.825
2015-11-08,Nagarjuna Sagar,176.213,0.353
2015-11-09,Nagarjuna Sagar,208.902,0.353
2015-11-10,Nagarjuna Sagar,5.274,1.059
2015-11-11,Nagarjuna Sagar,184.6,1.827
2015-11-12,Nagarjuna Sagar,148.628,2.596
2015-11-13,Nagarjuna Sagar,112.657,3.364
2015-11-14,Nagarjuna Sagar,76.685,6.728
2015-11-15,Nagarjuna Sagar,45.072,10.093
2015-11-16,Nagarjuna Sagar,33.511,13.457
2015-11-17,Nagarjuna Sagar,39.64,16.821
2015-11-18,Nagarjuna Sagar,45.768,20.185
2015-11-19,Nagarjuna Sagar,51.897,23.549
2015-11-20,Nagarjuna Sagar,38.267,26.913
2015-11-21,Nagarjuna Sagar,24.637,30.278
2015-11-22,Nagarjuna Sagar,24.531,33.642
2015-11-23,Nagarjuna Sagar,17.109,37.006
2015-11-24,Nagarjuna Sagar,14.318,40.37
2015-11-25,Nagarjuna Sagar,10.396,43.734
2015-11-26,Nagarjuna Sagar,10.762,47.099
2015-11-27,Nagarjuna Sagar,11.128,50.463
2015-11-28,Nagarjuna Sagar,6.636,53.827
2015-11-29,Nagarjuna Sagar,2.143,57.191
2015-11-30,Nagarjuna Sagar,4.217,60.555
2015-12-01,Nagarjuna Sagar,6.291,63.92
2015-12-02,Nagarjuna Sagar,8.365,41.671
2015-12-03,Nagarjuna Sagar,10.439,20.836
2015-12-04,Nagarjuna Sagar,10.96,10.241
2015-12-05,Nagarjuna Sagar,11.306,7.769
2015-12-06,Nagarjuna Sagar,11.594,6.71
2015-12-07,Nagarjuna Sagar,13.734,2.825
2015-12-08,Nagarjuna Sagar,15.873,0.353
2015-12-09,Nagarjuna Sagar,18.013,0.353
2015-12-10,Nagarjuna Sagar,14.885,1.059
2015-12-11,Nagarjuna Sagar,13.381,1.224
2015-12-12,Nagarjuna Sagar,12.75,1.389
2015-12-13,Nagarjuna Sagar,16.82,1.553
2015-12-14,Nagarjuna Sagar,11.584,1.718
2015-12-15,Nagarjuna Sagar,11.495,1.883
2015-12-16,Nagarjuna Sagar,11.326,2.048
2015-12-17,Nagarjuna Sagar,8.495,2.213
2015-12-18,Nagarjuna Sagar,5.664,2.377
2015-12-19,Nagarjuna Sagar,2.833,2.542
2015-12-20,Nagarjuna Sagar,0.003,2.707
2015-12-21,Nagarjuna Sagar,17.825,2.872
2015-12-22,Nagarjuna Sagar,35.648,3.037
2015-12-23,Nagarjuna Sagar,53.471,3.201
2015-12-24,Nagarjuna Sagar,71.294,3.366
2015-12-25,Nagarjuna Sagar,95.166,3.531
2015-12-26,Nagarjuna Sagar,98.972,3.696
2015-12-27,Nagarjuna Sagar,82.689,3.861
2015-12-28,Nagarjuna Sagar,62.248,4.025
2015-12-29,Nagarjuna Sagar,41.807,4.19
2015-12-30,Nagarjuna Sagar,21.366,4.355
2015-12-31,Nagarjuna Sagar,0.925,4.52
2016-01-01,Nagarjuna Sagar,62.05,4.685
2016-01-02,Nagarjuna Sagar,123.175,4.849
2016-01-03,Nagarjuna Sagar,184.3,5.014
2016-01-04,Nagarjuna Sagar,160.48,5.179
2016-01-05,Nagarjuna Sagar,136.66,5.344
2016-01-06,Nagarjuna Sagar,112.84,5.509
2016-01-07,Nagarjuna Sagar,89.02,5.673
2016-01-08,Nagarjuna Sagar,65.2,5.838
2016-01-09,Nagarjuna Sagar,41.38,6.003
2016-01-10,Nagarjuna Sagar,17.56,36.374
2016-01-11,Nagarjuna Sagar,16.367,54.031
2016-01-12,Nagarjuna Sagar,15.174,30.017
2016-01-13,Nagarjuna Sagar,13.981,28.517
2016-01-14,Nagarjuna Sagar,12.787,27.016
2016-01-15,Nagarjuna Sagar,11.594,25.515
2016-01-16,Nagarjuna Sagar,9.561,24.014
2016-01-17,Nagarjuna Sagar,7.529,22.513
2016-01-18,Nagarjuna Sagar,5.019,21.012
2016-01-19,Nagarjuna Sagar,2.51,19.511
2016-01-20,Nagarjuna Sagar,0.0,18.01
2016-01-21,Nagarjuna Sagar,0.0,16.51
2016-01-22,Nagarjuna Sagar,0.0,15.009
2016-01-23,Nagarjuna Sagar,0.0,13.508
2016-01-24,Nagarjuna Sagar,0.0,12.007
2016-01-25,Nagarjuna Sagar,0.0,10.506
2016-01-26,Nagarjuna Sagar,0.0,9.005
2016-01-27,Nagarjuna Sagar,0.0,7.504
2016-01-28,Nagarjuna Sagar,0.0,6.003
2016-01-29,Nagarjuna Sagar,0.0,4.503
2016-01-30,Nagarjuna Sagar,0.0,3.002
2016-01-31,Nagarjuna Sagar,2.601,1.501
2016-02-01,Nagarjuna Sagar,2.081,1.962
2016-02-02,Nagarjuna Sagar,1.561,2.423
2016-02-03,Nagarjuna Sagar,1.04,2.884
2016-02-04,Nagarjuna Sagar,0.52,3.345
2016-02-05,Nagarjuna Sagar,0.0,3.806
2016-02-06,Nagarjuna Sagar,21.857,4.267
2016-02-07,Nagarjuna Sagar,43.714,4.728
2016-02-08,Nagarjuna Sagar,68.491,5.189
2016-02-09,Nagarjuna Sagar,97.035,5.65
2016-02-10,Nagarjuna Sagar,124.632,39.199
2016-02-11,Nagarjuna Sagar,129.071,52.972
2016-02-12,Nagarjuna Sagar,133.51,30.017
2016-02-13,Nagarjuna Sagar,137.949,28.35
2016-02-14,Nagarjuna Sagar,12.648,26.682
2016-02-15,Nagarjuna Sagar,93.525,25.015
2016-02-16,Nagarjuna Sagar,174.402,23.347
2016-02-17,Nagarjuna Sagar,76.626,21.679
2016-02-18,Nagarjuna Sagar,45.561,20.012
2016-02-19,Nagarjuna Sagar,28.867,18.344
2016-02-20,Nagarjuna Sagar,29.727,16.676
2016-02-21,Nagarjuna Sagar,30.587,15.009
2016-02-22,Nagarjuna Sagar,18.926,13.341
2016-02-23,Nagarjuna Sagar,16.579,11.673
2016-02-24,Nagarjuna Sagar,14.231,10.006
2016-02-25,Nagarjuna Sagar,11.884,8.338
2016-02-26,Nagarjuna Sagar,9.536,6.671
2016-02-27,Nagarjuna Sagar,7.189,5.003
2016-02-28,Nagarjuna Sagar,4.841,3.335
2016-02-29,Nagarjuna Sagar,4.225,1.668
2016-03-01,Nagarjuna Sagar,3.608,2.032
2016-03-02,Nagarjuna Sagar,2.992,2.396
2016-03-03,Nagarjuna Sagar,2.375,2.76
2016-03-04,Nagarjuna Sagar,1.759,3.124
2016-03-05,Nagarjuna Sagar,1.142,3.488
2016-03-06,Nagarjuna Sagar,0.526,3.852
2016-03-07,Nagarjuna Sagar,4.018,4.216
2016-03-08,Nagarjuna Sagar,7.511,4.58
2016-03-09,Nagarjuna Sagar,11.004,4.944
2016-03-10,Nagarjuna Sagar,14.497,39.906
2016-03-11,Nagarjuna Sagar,17.99,51.559
2016-03-12,Nagarjuna Sagar,21.483,30.017
2016-03-13,Nagarjuna Sagar,24.976,28.517
2016-03-14,Nagarjuna Sagar,72.671,27.016
2016-03-15,Nagarjuna Sagar,83.745,25.515
2016-03-16,Nagarjuna Sagar,109.601,24.014
2016-03-17,Nagarjuna Sagar,85.253,22.513
2016-03-18,Nagarjuna Sagar,78.16,21.012
2016-03-19,Nagarjuna Sagar,56.6,19.511
2016-03-20,Nagarjuna Sagar,44.955,18.01
2016-03-21,Nagarjuna Sagar,33.801,16.51
2016-03-22,Nagarjuna Sagar,29.742,15.009
2016-03-23,Nagarjuna Sagar,25.683,13.508
2016-03-24,Nagarjuna Sagar,21.625,12.007
2016-03-25,Nagarjuna Sagar,17.566,10.506
2016-03-26,Nagarjuna Sagar,10.461,9.005
2016-03-27,Nagarjuna Sagar,3.356,7.504
2016-03-28,Nagarjuna Sagar,4.469,6.003
2016-03-29,Nagarjuna Sagar,5.583,4.503
2016-03-30,Nagarjuna Sagar,6.697,3.002
2016-03-31,Nagarjuna Sagar,7.81,1.501
2016-04-01,Nagarjuna Sagar,8.924,1.844
2016-04-02,Nagarjuna Sagar,10.038,2.188
2016-04-03,Nagarjuna Sagar,11.151,2.531
2016-04-04,Nagarjuna Sagar,9.738,2.874
2016-04-05,Nagarjuna Sagar,8.324,3.218
2016-04-06,Nagarjuna Sagar,6.911,3.561
2016-04-07,Nagarjuna Sagar,5.497,3.904
2016-04-08,Nagarjuna Sagar,4.084,4.248
2016-04-09,Nagarjuna Sagar,7.618,4.591
2016-04-10,Nagarjuna Sagar,11.151,41.671
2016-04-11,Nagarjuna Sagar,10.054,50.5
2016-04-12,Nagarjuna Sagar,8.957,30.017
2016-04-13,Nagarjuna Sagar,7.86,28.438
2016-04-14,Nagarjuna Sagar,6.763,26.858
2016-04-15,Nagarjuna Sagar,5.487,25.278
2016-04-16,Nagarjuna Sagar,4.21,23.698
2016-04-17,Nagarjuna Sagar,2.934,22.118
2016-04-18,Nagarjuna Sagar,2.499,20.538
2016-04-19,Nagarjuna Sagar,2.063,18.958
2016-04-20,Nagarjuna Sagar,1.628,17.379
2016-04-21,Nagarjuna Sagar,1.954,15.799
2016-04-22,Nagarjuna Sagar,2.281,14.219
2016-04-23,Nagarjuna Sagar,2.608,12.639
2016-04-24,Nagarjuna Sagar,2.934,11.059
2016-04-25,Nagarjuna Sagar,3.274,9.479
2016-04-26,Nagarjuna Sagar,3.614,7.899
2016-04-27,Nagarjuna Sagar,3.954,6.319
2016-04-28,Nagarjuna Sagar,4.293,4.74
2016-04-29,Nagarjuna Sagar,4.633,3.16
2016-04-30,Nagarjuna Sagar,4.973,1.58
2016-05-01,Nagarjuna Sagar,5.625,1.875
2016-05-02,Nagarjuna Sagar,5.082,2.171
2016-05-03,Nagarjuna Sagar,4.538,2.466
2016-05-04,Nagarjuna Sagar,4.486,2.761
2016-05-05,Nagarjuna Sagar,4.029,3.057
2016-05-06,Nagarjuna Sagar,3.573,3.352
2016-05-07,Nagarjuna Sagar,3.117,3.647
2016-05-08,Nagarjuna Sagar,2.66,3.943
2016-05-09,Nagarjuna Sagar,6.325,4.238
2016-05-10,Nagarjuna Sagar,9.99,41.671
2016-05-11,Nagarjuna Sagar,13.654,49.087
2016-05-12,Nagarjuna Sagar,17.319,29.664
2016-05-13,Nagarjuna Sagar,20.984,28.181
2016-05-14,Nagarjuna Sagar,24.648,26.698
2016-05-15,Nagarjuna Sagar,28.313,25.215
2016-05-16,Nagarjuna Sagar,24.275,23.731
2016-05-17,Nagarjuna Sagar,20.237,22.248
2016-05-18,Nagarjuna Sagar,16.199,20.765
2016-05-19,Nagarjuna Sagar,12.16,19.282
2016-05-20,Nagarjuna Sagar,8.122,17.799
2016-05-21,Nagarjuna Sagar,4.084,16.315
2016-05-22,Nagarjuna Sagar,90.984,14.832
2016-05-23,Nagarjuna Sagar,72.243,13.349
2016-05-24,Nagarjuna Sagar,52.472,11.866
2016-05-25,Nagarjuna Sagar,31.047,10.383
2016-05-26,Nagarjuna Sagar,29.271,8.899
2016-05-27,Nagarjuna Sagar,27.496,7.416
2016-05-28,Nagarjuna Sagar,30.307,5.933
2016-05-29,Nagarjuna Sagar,34.066,4.45
2016-05-30,Nagarjuna Sagar,28.909,2.966
2016-05-31,Nagarjuna Sagar,23.752,1.483
2016-06-01,Nagarjuna Sagar,18.596,1.789
2016-06-02,Nagarjuna Sagar,11.16,2.095
2016-06-03,Nagarjuna Sagar,5.464,2.401
2016-06-04,Nagarjuna Sagar,4.26,2.707
2016-06-05,Nagarjuna Sagar,15.39,3.014
2016-06-06,Nagarjuna Sagar,4.053,3.32
2016-06-07,Nagarjuna Sagar,11.058,3.626
2016-06-08,Nagarjuna Sagar,17.546,3.932
2016-06-09,Nagarjuna Sagar,3.581,4.238
2016-06-10,Nagarjuna Sagar,0.0,43.437
2016-06-11,Nagarjuna Sagar,0.0,48.381
2016-06-12,Nagarjuna Sagar,0.0,28.958
2016-06-13,Nagarjuna Sagar,0.0,27.434
2016-06-14,Nagarjuna Sagar,0.0,25.91
2016-06-15,Nagarjuna Sagar,0.0,24.386
2016-06-16,Nagarjuna Sagar,0.0,22.862
2016-06-17,Nagarjuna Sagar,0.0,21.337
2016-06-18,Nagarjuna Sagar,0.0,19.813
2016-06-19,Nagarjuna Sagar,0.0,18.289
2016-06-20,Nagarjuna Sagar,0.0,16.765
2016-06-21,Nagarjuna Sagar,0.0,15.241
2016-06-22,Nagarjuna Sagar,0.0,13.717
2016-06-23,Nagarjuna Sagar,0.0,12.193
2016-06-24,Nagarjuna Sagar,0.0,10.669
2016-06-25,Nagarjuna Sagar,0.0,9.145
2016-06-26,Nagarjuna Sagar,0.0,7.621
2016-06-27,Nagarjuna Sagar,0.0,6.096
2016-06-28,Nagarjuna Sagar,0.0,4.572
2016-06-29,Nagarjuna Sagar,0.0,3.048
2016-06-30,Nagarjuna Sagar,0.0,1.524
2016-07-01,Nagarjuna Sagar,0.0,1.826
2016-07-02,Nagarjuna Sagar,0.0,2.127
2016-07-03,Nagarjuna Sagar,0.0,2.429
2016-07-04,Nagarjuna Sagar,0.0,2.73
2016-07-05,Nagarjuna Sagar,0.0,3.032
2016-07-06,Nagarjuna Sagar,0.0,3.333
2016-07-07,Nagarjuna Sagar,0.0,3.635
2016-07-08,Nagarjuna Sagar,0.0,3.936
2016-07-09,Nagarjuna Sagar,0.0,4.238
2016-07-10,Nagarjuna Sagar,0.0,44.143
2016-07-11,Nagarjuna Sagar,0.0,46.969
2016-07-12,Nagarjuna Sagar,0.0,28.605
2016-07-13,Nagarjuna Sagar,0.0,27.175
2016-07-14,Nagarjuna Sagar,0.0,25.744
2016-07-15,Nagarjuna Sagar,0.0,24.314
2016-07-16,Nagarjuna Sagar,0.0,22.884
2016-07-17,Nagarjuna Sagar,0.0,21.454
2016-07-18,Nagarjuna Sagar,0.0,20.023
2016-07-19,Nagarjuna Sagar,0.0,18.593
2016-07-20,Nagarjuna Sagar,0.0,17.163
2016-07-21,Nagarjuna Sagar,0.0,15.733
2016-07-22,Nagarjuna Sagar,0.0,14.302
2016-07-23,Nagarjuna Sagar,0.0,12.872
2016-07-24,Nagarjuna Sagar,0.0,11.442
2016-07-25,Nagarjuna Sagar,0.0,10.012
2016-07-26,Nagarjuna Sagar,0.0,8.581
2016-07-27,Nagarjuna Sagar,0.0,7.151
2016-07-28,Nagarjuna Sagar,0.0,5.721
2016-07-29,Nagarjuna Sagar,0.0,4.291
2016-07-30,Nagarjuna Sagar,0.0,2.86
2016-07-31,Nagarjuna Sagar,0.0,1.43
2016-08-01,Nagarjuna Sagar,0.0,1.781
2016-08-02,Nagarjuna Sagar,0.0,2.132
2016-08-03,Nagarjuna Sagar,0.0,2.484
2016-08-04,Nagarjuna Sagar,0.0,2.835
2016-08-05,Nagarjuna Sagar,0.0,3.186
2016-08-06,Nagarjuna Sagar,0.0,3.537
2016-08-07,Nagarjuna Sagar,85.258,3.889
2016-08-08,Nagarjuna Sagar,222.971,4.24
2016-08-09,Nagarjuna Sagar,245.21,4.591
2016-08-10,Nagarjuna Sagar,158.475,25.426
2016-08-11,Nagarjuna Sagar,224.454,46.262
2016-08-12,Nagarjuna Sagar,225.399,27.899
2016-08-13,Nagarjuna Sagar,280.071,26.504
2016-08-14,Nagarjuna Sagar,235.8,25.109
2016-08-15,Nagarjuna Sagar,346.6,23.714
2016-08-16,Nagarjuna Sagar,363.724,22.319
2016-08-17,Nagarjuna Sagar,233.661,20.924
2016-08-18,Nagarjuna Sagar,304.735,19.529
2016-08-19,Nagarjuna Sagar,391.043,18.134
2016-08-20,Nagarjuna Sagar,410.387,16.739
2016-08-21,Nagarjuna Sagar,378.1,15.344
2016-08-22,Nagarjuna Sagar,351.821,13.949
2016-08-23,Nagarjuna Sagar,185.185,12.554
2016-08-24,Nagarjuna Sagar,196.265,11.159
2016-08-25,Nagarjuna Sagar,205.483,9.765
2016-08-26,Nagarjuna Sagar,193.111,8.37
2016-08-27,Nagarjuna Sagar,161.002,6.975
2016-08-28,Nagarjuna Sagar,68.17,5.58
2016-08-29,Nagarjuna Sagar,8.772,4.185
2016-08-30,Nagarjuna Sagar,22.923,2.79
2016-08-31,Nagarjuna Sagar,18.142,1.395
2016-09-01,Nagarjuna Sagar,11.029,1.789
2016-09-02,Nagarjuna Sagar,17.256,2.184
2016-09-03,Nagarjuna Sagar,13.806,2.578
2016-09-04,Nagarjuna Sagar,13.66,2.972
2016-09-05,Nagarjuna Sagar,8.143,3.367
2016-09-06,Nagarjuna Sagar,7.451,3.761
2016-09-07,Nagarjuna Sagar,8.059,4.155
2016-09-08,Nagarjuna Sagar,8.998,4.55
2016-09-09,Nagarjuna Sagar,279.588,4.944
2016-09-10,Nagarjuna Sagar,157.498,24.897
2016-09-11,Nagarjuna Sagar,122.7,44.85
2016-09-12,Nagarjuna Sagar,188.767,27.192
2016-09-13,Nagarjuna Sagar,212.1,25.761
2016-09-14,Nagarjuna Sagar,303.516,24.33
2016-09-15,Nagarjuna Sagar,146.266,22.899
2016-09-16,Nagarjuna Sagar,397.245,21.468
2016-09-17,Nagarjuna Sagar,261.123,20.036
2016-09-18,Nagarjuna Sagar,107.4,18.605
2016-09-19,Nagarjuna Sagar,265.936,17.174
2016-09-20,Nagarjuna Sagar,286.113,15.743
2016-09-21,Nagarjuna Sagar,281.199,14.312
2016-09-22,Nagarjuna Sagar,68.578,12.881
2016-09-23,Nagarjuna Sagar,4918.98,11.449
2016-09-24,Nagarjuna Sagar,3578.526,10.018
2016-09-25,Nagarjuna Sagar,1127.0,8.587
2016-09-26,Nagarjuna Sagar,909.643,7.156
2016-09-27,Nagarjuna Sagar,867.031,5.725
2016-09-28,Nagarjuna Sagar,824.419,4.294
2016-09-29,Nagarjuna Sagar,646.044,2.862
2016-09-30,Nagarjuna Sagar,467.67,1.431
2016-10-01,Nagarjuna Sagar,507.902,1.861
2016-10-02,Nagarjuna Sagar,145.7,2.29
2016-10-03,Nagarjuna Sagar,186.505,2.72
2016-10-04,Nagarjuna Sagar,187.512,3.149
2016-10-05,Nagarjuna Sagar,13.161,3.579
2016-10-06,Nagarjuna Sagar,90.386,4.008
2016-10-07,Nagarjuna Sagar,92.371,4.438
2016-10-08,Nagarjuna Sagar,42.5,4.867
2016-10-09,Nagarjuna Sagar,337.5,5.297
2016-10-10,Nagarjuna Sagar,301.473,24.544
2016-10-11,Nagarjuna Sagar,340.5,43.79
2016-10-12,Nagarjuna Sagar,68.17,26.839
2016-10-13,Nagarjuna Sagar,10.386,25.497
2016-10-14,Nagarjuna Sagar,10.66,24.155
2016-10-15,Nagarjuna Sagar,12.531,22.813
2016-10-16,Nagarjuna Sagar,24.86,21.471
2016-10-17,Nagarjuna Sagar,273.419,20.129
2016-10-18,Nagarjuna Sagar,154.639,18.787
2016-10-19,Nagarjuna Sagar,251.476,17.445
2016-10-20,Nagarjuna Sagar,248.713,16.103
2016-10-21,Nagarjuna Sagar,282.171,14.762
2016-10-22,Nagarjuna Sagar,280.948,13.42
2016-10-23,Nagarjuna Sagar,279.2,12.078
2016-10-24,Nagarjuna Sagar,277.176,10.736
2016-10-25,Nagarjuna Sagar,269.235,9.394
2016-10-26,Nagarjuna Sagar,224.728,8.052
2016-10-27,Nagarjuna Sagar,270.307,6.71
2016-10-28,Nagarjuna Sagar,185.182,5.368
2016-10-29,Nagarjuna Sagar,9.443,4.026
2016-10-30,Nagarjuna Sagar,281.8,2.684
2016-10-31,Nagarjuna Sagar,317.672,1.342
2016-11-01,Nagarjuna Sagar,296.366,1.781
2016-11-02,Nagarjuna Sagar,263.458,2.221
2016-11-03,Nagarjuna Sagar,239.907,2.66
2016-11-04,Nagarjuna Sagar,225.966,3.1
2016-11-05,Nagarjuna Sagar,236.346,3.539
2016-11-06,Nagarjuna Sagar,227.0,3.979
2016-11-07,Nagarjuna Sagar,217.839,4.418
2016-11-08,Nagarjuna Sagar,236.152,4.858
2016-11-09,Nagarjuna Sagar,230.693,5.297
2016-11-10,Nagarjuna Sagar,191.713,24.014
2016-11-11,Nagarjuna Sagar,209.735,42.731
2016-11-12,Nagarjuna Sagar,170.223,26.486
2016-11-13,Nagarjuna Sagar,227.0,25.092
2016-11-14,Nagarjuna Sagar,227.0,23.698
2016-11-15,Nagarjuna Sagar,271.409,22.304
2016-11-16,Nagarjuna Sagar,206.996,20.91
2016-11-17,Nagarjuna Sagar,212.869,19.516
2016-11-18,Nagarjuna Sagar,159.384,18.122
2016-11-19,Nagarjuna Sagar,84.554,16.728
2016-11-20,Nagarjuna Sagar,75.12,15.334
2016-11-21,Nagarjuna Sagar,76.939,13.94
2016-11-22,Nagarjuna Sagar,134.215,12.546
2016-11-23,Nagarjuna Sagar,122.77,11.152
2016-11-24,Nagarjuna Sagar,134.834,9.758
2016-11-25,Nagarjuna Sagar,72.118,8.364
2016-11-26,Nagarjuna Sagar,85.21,6.97
2016-11-27,Nagarjuna Sagar,75.12,5.576
2016-11-28,Nagarjuna Sagar,76.364,4.182
2016-11-29,Nagarjuna Sagar,139.084,2.788
2016-11-30,Nagarjuna Sagar,121.561,1.394
2016-12-01,Nagarjuna Sagar,86.288,1.906
2016-12-02,Nagarjuna Sagar,82.898,2.418
2016-12-03,Nagarjuna Sagar,79.598,2.93
2016-12-04,Nagarjuna Sagar,85.69,3.442
2016-12-05,Nagarjuna Sagar,79.642,3.955
2016-12-06,Nagarjuna Sagar,69.638,4.467
2016-12-07,Nagarjuna Sagar,72.813,4.979
2016-12-08,Nagarjuna Sagar,70.979,5.491
2016-12-09,Nagarjuna Sagar,69.532,6.003
2016-12-10,Nagarjuna Sagar,63.63,23.837
2016-12-11,Nagarjuna Sagar,65.15,41.671
2016-12-12,Nagarjuna Sagar,65.15,25.78
2016-12-13,Nagarjuna Sagar,130.339,25.303
2016-12-14,Nagarjuna Sagar,73.648,24.826
2016-12-15,Nagarjuna Sagar,57.17,24.349
2016-12-16,Nagarjuna Sagar,40.692,23.873
2016-12-17,Nagarjuna Sagar,35.168,23.396
2016-12-18,Nagarjuna Sagar,68.01,22.919
2016-12-19,Nagarjuna Sagar,52.365,22.442
2016-12-20,Nagarjuna Sagar,127.614,21.966
2016-12-21,Nagarjuna Sagar,128.404,21.489
2016-12-22,Nagarjuna Sagar,222.18,21.012
2016-12-23,Nagarjuna Sagar,127.54,20.535
2016-12-24,Nagarjuna Sagar,120.132,20.059
2016-12-25,Nagarjuna Sagar,120.8,19.582
2016-12-26,Nagarjuna Sagar,98.555,19.105
2016-12-27,Nagarjuna Sagar,88.334,18.628
2016-12-28,Nagarjuna Sagar,91.59,18.152
2016-12-29,Nagarjuna Sagar,77.423,17.675
2016-12-30,Nagarjuna Sagar,84.932,17.198
2016-12-31,Nagarjuna Sagar,105.484,16.721
2017-01-01,Nagarjuna Sagar,105.1,16.245
2017-01-02,Nagarjuna Sagar,122.439,7.416
2017-01-03,Nagarjuna Sagar,16.501,3.178
2017-01-04,Nagarjuna Sagar,110.276,4.792
2017-01-05,Nagarjuna Sagar,112.823,6.407
2017-01-06,Nagarjuna Sagar,115.098,8.021
2017-01-07,Nagarjuna Sagar,109.742,9.636
2017-01-08,Nagarjuna Sagar,105.1,11.25
2017-01-09,Nagarjuna Sagar,102.508,12.865
2017-01-10,Nagarjuna Sagar,111.916,14.479
2017-01-11,Nagarjuna Sagar,107.041,44.914
2017-01-12,Nagarjuna Sagar,117.464,75.35
2017-01-13,Nagarjuna Sagar,115.155,105.785
2017-01-14,Nagarjuna Sagar,117.884,101.035
2017-01-15,Nagarjuna Sagar,117.3,96.285
2017-01-16,Nagarjuna Sagar,117.8,91.536
2017-01-17,Nagarjuna Sagar,117.181,86.786
2017-01-18,Nagarjuna Sagar,107.451,82.036
2017-01-19,Nagarjuna Sagar,104.444,77.286
2017-01-20,Nagarjuna Sagar,102.733,72.536
2017-01-21,Nagarjuna Sagar,88.572,67.787
2017-01-22,Nagarjuna Sagar,83.91,63.037
2017-01-23,Nagarjuna Sagar,79.648,58.287
2017-01-24,Nagarjuna Sagar,69.077,53.537
2017-01-25,Nagarjuna Sagar,76.558,48.787
2017-01-26,Nagarjuna Sagar,76.77,44.037
2017-01-27,Nagarjuna Sagar,94.867,39.288
2017-01-28,Nagarjuna Sagar,84.684,34.538
2017-01-29,Nagarjuna Sagar,48.23,29.788
2017-01-30,Nagarjuna Sagar,48.408,25.038
2017-01-31,Nagarjuna Sagar,50.215,20.288
2017-02-01,Nagarjuna Sagar,51.652,15.538
2017-02-02,Nagarjuna Sagar,51.94,7.769
2017-02-03,Nagarjuna Sagar,48.805,2.472
2017-02-04,Nagarjuna Sagar,51.749,4.086
2017-02-05,Nagarjuna Sagar,49.43,5.701
2017-02-06,Nagarjuna Sagar,57.066,7.315
2017-02-07,Nagarjuna Sagar,59.404,8.93
2017-02-08,Nagarjuna Sagar,58.372,10.544
2017-02-09,Nagarjuna Sagar,74.524,12.159
2017-02-10,Nagarjuna Sagar,64.953,13.773
2017-02-11,Nagarjuna Sagar,63.826,43.693
2017-02-12,Nagarjuna Sagar,60.99,73.614
2017-02-13,Nagarjuna Sagar,59.36,103.534
2017-02-14,Nagarjuna Sagar,58.549,97.946
2017-02-15,Nagarjuna Sagar,58.002,92.358
2017-02-16,Nagarjuna Sagar,57.443,86.77
2017-02-17,Nagarjuna Sagar,54.676,81.182
2017-02-18,Nagarjuna Sagar,55.162,75.594
2017-02-19,Nagarjuna Sagar,51.88,70.006
2017-02-20,Nagarjuna Sagar,37.008,64.418
2017-02-21,Nagarjuna Sagar,44.15,58.83
2017-02-22,Nagarjuna Sagar,40.152,53.242
2017-02-23,Nagarjuna Sagar,77.569,47.654
2017-02-24,Nagarjuna Sagar,88.083,42.066
2017-02-25,Nagarjuna Sagar,62.409,36.478
2017-02-26,Nagarjuna Sagar,65.15,30.89
2017-02-27,Nagarjuna Sagar,51.825,25.302
2017-02-28,Nagarjuna Sagar,39.068,19.714
2017-03-01,Nagarjuna Sagar,39.372,14.126
2017-03-02,Nagarjuna Sagar,39.372,8.476
2017-03-03,Nagarjuna Sagar,34.515,2.472
2017-03-04,Nagarjuna Sagar,33.069,4.036
2017-03-05,Nagarjuna Sagar,30.32,5.6
2017-03-06,Nagarjuna Sagar,34.699,7.164
2017-03-07,Nagarjuna Sagar,31.8,8.728
2017-03-08,Nagarjuna Sagar,32.495,10.292
2017-03-09,Nagarjuna Sagar,65.021,11.856
2017-03-10,Nagarjuna Sagar,40.347,13.42
2017-03-11,Nagarjuna Sagar,38.809,43.284
2017-03-12,Nagarjuna Sagar,71.38,73.149
2017-03-13,Nagarjuna Sagar,64.113,103.013
2017-03-14,Nagarjuna Sagar,45.406,98.316
2017-03-15,Nagarjuna Sagar,34.493,93.619
2017-03-16,Nagarjuna Sagar,58.002,88.922
2017-03-17,Nagarjuna Sagar,18.332,84.225
2017-03-18,Nagarjuna Sagar,47.09,79.529
2017-03-19,Nagarjuna Sagar,66.57,74.832
2017-03-20,Nagarjuna Sagar,73.065,70.135
2017-03-21,Nagarjuna Sagar,56.102,65.438
2017-03-22,Nagarjuna Sagar,39.815,60.741
2017-03-23,Nagarjuna Sagar,60.573,56.044
2017-03-24,Nagarjuna Sagar,55.143,51.348
2017-03-25,Nagarjuna Sagar,42.386,46.651
2017-03-26,Nagarjuna Sagar,47.04,41.954
2017-03-27,Nagarjuna Sagar,20.228,37.257
2017-03-28,Nagarjuna Sagar,11.695,32.56
2017-03-29,Nagarjuna Sagar,50.64,27.863
2017-03-30,Nagarjuna Sagar,65.12,23.166
2017-03-31,Nagarjuna Sagar,54.552,18.47
2017-04-01,Nagarjuna Sagar,36.985,13.773
2017-04-02,Nagarjuna Sagar,30.32,8.476
2017-04-03,Nagarjuna Sagar,17.661,2.472
2017-04-04,Nagarjuna Sagar,25.417,4.036
2017-04-05,Nagarjuna Sagar,28.52,5.6
2017-04-06,Nagarjuna Sagar,27.656,7.164
2017-04-07,Nagarjuna Sagar,19.919,8.728
2017-04-08,Nagarjuna Sagar,14.894,10.292
2017-04-09,Nagarjuna Sagar,19.7,11.856
2017-04-10,Nagarjuna Sagar,25.737,13.42
2017-04-11,Nagarjuna Sagar,23.042,42.65
2017-04-12,Nagarjuna Sagar,16.248,71.881
2017-04-13,Nagarjuna Sagar,17.327,101.111
2017-04-14,Nagarjuna Sagar,18.99,96.279
2017-04-15,Nagarjuna Sagar,13.724,91.446
2017-04-16,Nagarjuna Sagar,16.94,86.614
2017-04-17,Nagarjuna Sagar,14.09,81.781
2017-04-18,Nagarjuna Sagar,24.087,76.949
2017-04-19,Nagarjuna Sagar,17.883,72.116
2017-04-20,Nagarjuna Sagar,13.925,67.284
2017-04-21,Nagarjuna Sagar,43.737,62.451
2017-04-22,Nagarjuna Sagar,2.676,57.619
2017-04-23,Nagarjuna Sagar,3.053,52.786
2017-04-24,Nagarjuna Sagar,2.985,47.954
2017-04-25,Nagarjuna Sagar,1.803,43.121
2017-04-26,Nagarjuna Sagar,1.041,38.289
2017-04-27,Nagarjuna Sagar,0.596,33.456
2017-04-28,Nagarjuna Sagar,0.57,28.623
2017-04-29,Nagarjuna Sagar,13.67,23.791
2017-04-30,Nagarjuna Sagar,10.54,18.958
2017-05-01,Nagarjuna Sagar,3.496,14.126
2017-05-02,Nagarjuna Sagar,3.439,8.829
2017-05-03,Nagarjuna Sagar,8.578,2.472
2017-05-04,Nagarjuna Sagar,8.214,4.036
2017-05-05,Nagarjuna Sagar,8.501,5.6
2017-05-06,Nagarjuna Sagar,9.057,7.164
2017-05-07,Nagarjuna Sagar,8.186,8.728
2017-05-08,Nagarjuna Sagar,7.806,10.292
2017-05-09,Nagarjuna Sagar,7.86,11.856
2017-05-10,Nagarjuna Sagar,6.161,13.42
2017-05-11,Nagarjuna Sagar,4.406,42.396
2017-05-12,Nagarjuna Sagar,3.275,71.371
2017-05-13,Nagarjuna Sagar,4.018,100.347
2017-05-14,Nagarjuna Sagar,4.455,95.809
2017-05-15,Nagarjuna Sagar,3.752,91.271
2017-05-16,Nagarjuna Sagar,3.506,86.733
2017-05-17,Nagarjuna Sagar,4.118,82.195
2017-05-18,Nagarjuna Sagar,1.74,77.657
2017-05-19,Nagarjuna Sagar,1.748,73.119
2017-05-20,Nagarjuna Sagar,1.678,68.581
2017-05-21,Nagarjuna Sagar,136.3,64.043
2017-05-22,Nagarjuna Sagar,123.22,59.505
2017-05-23,Nagarjuna Sagar,161.427,54.967
2017-05-24,Nagarjuna Sagar,188.418,50.429
2017-05-25,Nagarjuna Sagar,296.996,45.891
2017-05-26,Nagarjuna Sagar,37.704,41.353
2017-05-27,Nagarjuna Sagar,9.382,36.816
2017-05-28,Nagarjuna Sagar,1.409,32.278
2017-05-29,Nagarjuna Sagar,1.749,27.74
2017-05-30,Nagarjuna Sagar,1.707,23.202
2017-05-31,Nagarjuna Sagar,69.48,18.664
2017-06-01,Nagarjuna Sagar,137.253,14.126
2017-06-02,Nagarjuna Sagar,237.606,9.535
2017-06-03,Nagarjuna Sagar,190.037,2.472
2017-06-04,Nagarjuna Sagar,68.0,4.036
2017-06-05,Nagarjuna Sagar,78.698,5.6
2017-06-06,Nagarjuna Sagar,3.198,7.164
2017-06-07,Nagarjuna Sagar,2.402,8.728
2017-06-08,Nagarjuna Sagar,1.968,10.292
2017-06-09,Nagarjuna Sagar,3.427,11.856
2017-06-10,Nagarjuna Sagar,2.484,13.42
2017-06-11,Nagarjuna Sagar,2.0,41.765
2017-06-12,Nagarjuna Sagar,2.505,70.109
2017-06-13,Nagarjuna Sagar,2.41,98.454
2017-06-14,Nagarjuna Sagar,2.22,93.788
2017-06-15,Nagarjuna Sagar,2.2,89.123
2017-06-16,Nagarjuna Sagar,2.548,84.458
2017-06-17,Nagarjuna Sagar,2.459,79.793
2017-06-18,Nagarjuna Sagar,2.0,75.127
2017-06-19,Nagarjuna Sagar,2.471,70.462
2017-06-20,Nagarjuna Sagar,2.336,65.797
2017-06-21,Nagarjuna Sagar,2.619,61.132
2017-06-22,Nagarjuna Sagar,2.557,56.466
2017-06-23,Nagarjuna Sagar,2.43,51.801
2017-06-24,Nagarjuna Sagar,0.988,47.136
2017-06-25,Nagarjuna Sagar,1.0,42.471
2017-06-26,Nagarjuna Sagar,1.0,37.805
2017-06-27,Nagarjuna Sagar,1.055,33.14
2017-06-28,Nagarjuna Sagar,1.05,28.475
2017-06-29,Nagarjuna Sagar,0.989,23.81
2017-06-30,Nagarjuna Sagar,0.904,19.144
2017-07-01,Nagarjuna Sagar,0.9,14.479
2017-07-02,Nagarjuna Sagar,0.948,9.535
2017-07-03,Nagarjuna Sagar,0.995,3.531
2017-07-04,Nagarjuna Sagar,0.92,4.944
2017-07-05,Nagarjuna Sagar,0.973,6.356
2017-07-06,Nagarjuna Sagar,0.845,7.769
2017-07-07,Nagarjuna Sagar,0.925,9.182
2017-07-08,Nagarjuna Sagar,0.914,10.595
2017-07-09,Nagarjuna Sagar,0.788,12.007
2017-07-10,Nagarjuna Sagar,0.661,13.42
2017-07-11,Nagarjuna Sagar,0.698,41.742
2017-07-12,Nagarjuna Sagar,0.809,70.065
2017-07-13,Nagarjuna Sagar,0.887,98.387
2017-07-14,Nagarjuna Sagar,0.854,94.008
2017-07-15,Nagarjuna Sagar,0.94,89.629
2017-07-16,Nagarjuna Sagar,0.924,85.25
2017-07-17,Nagarjuna Sagar,0.908,80.871
2017-07-18,Nagarjuna Sagar,0.889,76.492
2017-07-19,Nagarjuna Sagar,2.209,72.113
2017-07-20,Nagarjuna Sagar,0.939,67.734
2017-07-21,Nagarjuna Sagar,1.0,63.355
2017-07-22,Nagarjuna Sagar,0.966,58.975
2017-07-23,Nagarjuna Sagar,1.0,54.596
2017-07-24,Nagarjuna Sagar,1.092,50.217
2017-07-25,Nagarjuna Sagar,1.052,45.838
2017-07-26,Nagarjuna Sagar,1.085,41.459
2017-07-27,Nagarjuna Sagar,1.049,37.08
2017-07-28,Nagarjuna Sagar,1.701,32.701
2017-07-29,Nagarjuna Sagar,1.544,28.322
2017-07-30,Nagarjuna Sagar,2.0,23.943
2017-07-31,Nagarjuna Sagar,1.254,19.564
2017-08-01,Nagarjuna Sagar,1.344,15.185
2017-08-02,Nagarjuna Sagar,1.589,9.182
2017-08-03,Nagarjuna Sagar,1.745,3.885
2017-08-04,Nagarjuna Sagar,138.372,5.449
2017-08-05,Nagarjuna Sagar,142.842,7.013
2017-08-06,Nagarjuna Sagar,0.0,8.577
2017-08-07,Nagarjuna Sagar,16.176,10.14
2017-08-08,Nagarjuna Sagar,8.115,11.704
2017-08-09,Nagarjuna Sagar,7.893,13.268
2017-08-10,Nagarjuna Sagar,2.937,14.832
2017-08-11,Nagarjuna Sagar,1.295,42.107
2017-08-12,Nagarjuna Sagar,1.031,69.381
2017-08-13,Nagarjuna Sagar,0.0,96.656
2017-08-14,Nagarjuna Sagar,1.235,92.313
2017-08-15,Nagarjuna Sagar,0.0,87.969
2017-08-16,Nagarjuna Sagar,0.924,83.625
2017-08-17,Nagarjuna Sagar,0.83,79.281
2017-08-18,Nagarjuna Sagar,0.945,74.938
2017-08-19,Nagarjuna Sagar,1.029,70.594
2017-08-20,Nagarjuna Sagar,0.0,66.25
2017-08-21,Nagarjuna Sagar,1.65,61.907
2017-08-22,Nagarjuna Sagar,1.654,57.563
2017-08-23,Nagarjuna Sagar,1.741,53.219
2017-08-24,Nagarjuna Sagar,1.586,48.875
2017-08-25,Nagarjuna Sagar,0.0,44.532
2017-08-26,Nagarjuna Sagar,1.887,40.188
2017-08-27,Nagarjuna Sagar,0.0,35.844
2017-08-28,Nagarjuna Sagar,1.737,31.501
2017-08-29,Nagarjuna Sagar,1.931,27.157
2017-08-30,Nagarjuna Sagar,1.976,22.813
2017-08-31,Nagarjuna Sagar,1.932,18.47
2017-09-01,Nagarjuna Sagar,2.168,14.126
2017-09-02,Nagarjuna Sagar,2.115,8.122
2017-09-03,Nagarjuna Sagar,2.062,4.591
2017-09-04,Nagarjuna Sagar,2.009,6.508
2017-09-05,Nagarjuna Sagar,1.823,8.425
2017-09-06,Nagarjuna Sagar,3.046,10.342
2017-09-07,Nagarjuna Sagar,2.046,12.259
2017-09-08,Nagarjuna Sagar,1.997,14.176
2017-09-09,Nagarjuna Sagar,1.95,16.093
2017-09-10,Nagarjuna Sagar,1.978,18.01
2017-09-11,Nagarjuna Sagar,2.005,58.799
2017-09-12,Nagarjuna Sagar,1.873,99.587
2017-09-13,Nagarjuna Sagar,1.729,95.089
2017-09-14,Nagarjuna Sagar,1.509,90.591
2017-09-15,Nagarjuna Sagar,2.023,86.093
2017-09-16,Nagarjuna Sagar,2.062,81.595
2017-09-17,Nagarjuna Sagar,2.131,77.097
2017-09-18,Nagarjuna Sagar,2.2,72.6
2017-09-19,Nagarjuna Sagar,1.968,68.102
2017-09-20,Nagarjuna Sagar,1.878,63.604
2017-09-21,Nagarjuna Sagar,1.801,59.106
2017-09-22,Nagarjuna Sagar,1.833,54.608
2017-09-23,Nagarjuna Sagar,1.774,50.11
2017-09-24,Nagarjuna Sagar,66.17,45.612
2017-09-25,Nagarjuna Sagar,130.567,41.114
2017-09-26,Nagarjuna Sagar,129.63,36.616
2017-09-27,Nagarjuna Sagar,124.322,32.118
2017-09-28,Nagarjuna Sagar,95.195,27.62
2017-09-29,Nagarjuna Sagar,44.314,23.122
2017-09-30,Nagarjuna Sagar,33.712,18.624
2017-10-01,Nagarjuna Sagar,23.111,14.126
2017-10-02,Nagarjuna Sagar,12.51,6.71
2017-10-03,Nagarjuna Sagar,1.908,4.591
2017-10-04,Nagarjuna Sagar,1.985,7.113
2017-10-05,Nagarjuna Sagar,2.558,9.636
2017-10-06,Nagarjuna Sagar,2.302,12.158
2017-10-07,Nagarjuna Sagar,3.029,14.681
2017-10-08,Nagarjuna Sagar,2.657,17.203
2017-10-09,Nagarjuna Sagar,2.285,19.726
2017-10-10,Nagarjuna Sagar,2.329,22.248
2017-10-11,Nagarjuna Sagar,2.145,60.035
2017-10-12,Nagarjuna Sagar,2.266,97.822
2017-10-13,Nagarjuna Sagar,2.519,93.584
2017-10-14,Nagarjuna Sagar,2.329,89.346
2017-10-15,Nagarjuna Sagar,2.73,85.108
2017-10-16,Nagarjuna Sagar,3.13,80.871
2017-10-17,Nagarjuna Sagar,2.7,76.633
2017-10-18,Nagarjuna Sagar,2.467,72.395
2017-10-19,Nagarjuna Sagar,2.502,68.157
2017-10-20,Nagarjuna Sagar,2.536,63.92
2017-10-21,Nagarjuna Sagar,2.688,59.682
2017-10-22,Nagarjuna Sagar,27.213,55.444
2017-10-23,Nagarjuna Sagar,51.739,51.206
2017-10-24,Nagarjuna Sagar,259.783,46.969
2017-10-25,Nagarjuna Sagar,112.545,42.731
2017-10-26,Nagarjuna Sagar,137.119,38.493
2017-10-27,Nagarjuna Sagar,193.865,34.255
2017-10-28,Nagarjuna Sagar,148.445,30.017
2017-10-29,Nagarjuna Sagar,170.966,25.78
2017-10-30,Nagarjuna Sagar,193.486,21.542
2017-10-31,Nagarjuna Sagar,162.849,17.304
2017-11-01,Nagarjuna Sagar,152.629,13.066
2017-11-02,Nagarjuna Sagar,134.849,6.003
2017-11-03,Nagarjuna Sagar,121.265,3.885
2017-11-04,Nagarjuna Sagar,122.11,7.316
2017-11-05,Nagarjuna Sagar,122.956,10.746
2017-11-06,Nagarjuna Sagar,123.801,14.177
2017-11-07,Nagarjuna Sagar,178.905,17.607
2017-11-08,Nagarjuna Sagar,191.044,21.038
2017-11-09,Nagarjuna Sagar,185.251,24.468
2017-11-10,Nagarjuna Sagar,167.243,27.899
2017-11-11,Nagarjuna Sagar,205.406,62.154
2017-11-12,Nagarjuna Sagar,191.716,96.409
2017-11-13,Nagarjuna Sagar,178.026,91.985
2017-11-14,Nagarjuna Sagar,188.951,87.562
2017-11-15,Nagarjuna Sagar,138.096,83.138
2017-11-16,Nagarjuna Sagar,127.444,78.715
2017-11-17,Nagarjuna Sagar,143.367,74.291
2017-11-18,Nagarjuna Sagar,144.109,69.867
2017-11-19,Nagarjuna Sagar,114.793,65.444
2017-11-20,Nagarjuna Sagar,85.477,61.02
2017-11-21,Nagarjuna Sagar,63.074,56.596
2017-11-22,Nagarjuna Sagar,122.651,52.173
2017-11-23,Nagarjuna Sagar,74.726,47.749
2017-11-24,Nagarjuna Sagar,61.87,43.326
2017-11-25,Nagarjuna Sagar,62.427,38.902
2017-11-26,Nagarjuna Sagar,0.0,34.478
2017-11-27,Nagarjuna Sagar,65.241,30.055
2017-11-28,Nagarjuna Sagar,69.501,25.631
2017-11-29,Nagarjuna Sagar,67.201,21.207
2017-11-30,Nagarjuna Sagar,67.393,16.784
2017-12-01,Nagarjuna Sagar,68.329,12.36
2017-12-02,Nagarjuna Sagar,75.09,5.297
2017-12-03,Nagarjuna Sagar,81.85,3.885
2017-12-04,Nagarjuna Sagar,88.611,8.022
2017-12-05,Nagarjuna Sagar,141.77,12.159
2017-12-06,Nagarjuna Sagar,147.116,16.296
2017-12-07,Nagarjuna Sagar,128.56,20.432
2017-12-08,Nagarjuna Sagar,138.966,24.569
2017-12-09,Nagarjuna Sagar,138.304,28.706
2017-12-10,Nagarjuna Sagar,137.21,32.843
2017-12-11,Nagarjuna Sagar,136.115,52.666
2017-12-12,Nagarjuna Sagar,138.393,72.49
2017-12-13,Nagarjuna Sagar,144.032,92.313
2017-12-14,Nagarjuna Sagar,142.053,90.688
2017-12-15,Nagarjuna Sagar,113.098,89.064
2017-12-16,Nagarjuna Sagar,97.878,87.439
2017-12-17,Nagarjuna Sagar,80.606,85.815
2017-12-18,Nagarjuna Sagar,63.333,84.19
2017-12-19,Nagarjuna Sagar,62.819,82.566
2017-12-20,Nagarjuna Sagar,60.431,80.941
2017-12-21,Nagarjuna Sagar,59.648,79.317
2017-12-22,Nagarjuna Sagar,57.558,77.692
2017-12-23,Nagarjuna Sagar,56.636,76.068
2017-12-24,Nagarjuna Sagar,55.208,74.443
2017-12-25,Nagarjuna Sagar,53.781,72.819
2017-12-26,Nagarjuna Sagar,52.353,71.194
2017-12-27,Nagarjuna Sagar,51.368,69.57
2017-12-28,Nagarjuna Sagar,50.306,67.945
2017-12-29,Nagarjuna Sagar,72.507,66.321
2017-12-30,Nagarjuna Sagar,18121.791,64.696
2017-12-31,Nagarjuna Sagar,9093.042,63.072
2018-01-01,Nagarjuna Sagar,64.292,61.448
2018-01-02,Nagarjuna Sagar,57.718,33.902
2018-01-03,Nagarjuna Sagar,54.929,23.661
2018-01-04,Nagarjuna Sagar,54.87,13.773
2018-01-05,Nagarjuna Sagar,54.982,4.591
2018-01-06,Nagarjuna Sagar,54.427,3.178
2018-01-07,Nagarjuna Sagar,57.0,2.119
2018-01-08,Nagarjuna Sagar,19262.305,5.65
2018-01-09,Nagarjuna Sagar,21581.932,45.203
2018-01-10,Nagarjuna Sagar,21581.932,84.755
2018-01-11,Nagarjuna Sagar,19262.305,124.308
2018-01-12,Nagarjuna Sagar,74.59,103.225
2018-01-13,Nagarjuna Sagar,19258.305,82.142
2018-01-14,Nagarjuna Sagar,189.08,80.941
2018-01-15,Nagarjuna Sagar,189.08,79.741
2018-01-16,Nagarjuna Sagar,19837.072,78.54
2018-01-17,Nagarjuna Sagar,19837.072,77.339
2018-01-18,Nagarjuna Sagar,19262.305,76.138
2018-01-19,Nagarjuna Sagar,19262.305,74.938
2018-01-20,Nagarjuna Sagar,128.263,73.737
2018-01-21,Nagarjuna Sagar,130.0,72.536
2018-01-22,Nagarjuna Sagar,63.144,71.336
2018-01-23,Nagarjuna Sagar,60.3,70.135
2018-01-24,Nagarjuna Sagar,59.097,68.934
2018-01-25,Nagarjuna Sagar,55.761,67.734
2018-01-26,Nagarjuna Sagar,55.0,66.533
2018-01-27,Nagarjuna Sagar,120.168,65.332
2018-01-28,Nagarjuna Sagar,120.0,64.131
2018-01-29,Nagarjuna Sagar,57.273,62.931
2018-01-30,Nagarjuna Sagar,55.652,61.73
2018-01-31,Nagarjuna Sagar,51.014,60.529
2018-02-01,Nagarjuna Sagar,50.536,59.329
2018-02-02,Nagarjuna Sagar,45.969,30.724
2018-02-03,Nagarjuna Sagar,48.233,23.308
2018-02-04,Nagarjuna Sagar,36.741,12.713
2018-02-05,Nagarjuna Sagar,25.249,4.591
2018-02-06,Nagarjuna Sagar,25.209,3.355
2018-02-07,Nagarjuna Sagar,25.461,2.119
2018-02-08,Nagarjuna Sagar,24.741,6.357
2018-02-09,Nagarjuna Sagar,25.509,45.203
2018-02-10,Nagarjuna Sagar,24.862,84.049
2018-02-11,Nagarjuna Sagar,24.931,122.895
2018-02-12,Nagarjuna Sagar,25.0,82.636
2018-02-13,Nagarjuna Sagar,24.891,81.161
2018-02-14,Nagarjuna Sagar,24.868,79.687
2018-02-15,Nagarjuna Sagar,25.445,78.212
2018-02-16,Nagarjuna Sagar,26.213,76.737
2018-02-17,Nagarjuna Sagar,24.616,75.262
2018-02-18,Nagarjuna Sagar,31.634,73.787
2018-02-19,Nagarjuna Sagar,38.653,72.312
2018-02-20,Nagarjuna Sagar,48.796,70.837
2018-02-21,Nagarjuna Sagar,119.798,69.362
2018-02-22,Nagarjuna Sagar,139.184,67.887
2018-02-23,Nagarjuna Sagar,128.441,66.412
2018-02-24,Nagarjuna Sagar,98.029,64.937
2018-02-25,Nagarjuna Sagar,100.348,63.463
2018-02-26,Nagarjuna Sagar,102.668,61.988
2018-02-27,Nagarjuna Sagar,98.565,60.513
2018-02-28,Nagarjuna Sagar,96.376,59.038
2018-03-01,Nagarjuna Sagar,98.103,57.563
2018-03-02,Nagarjuna Sagar,100.0,31.43
2018-03-03,Nagarjuna Sagar,162.349,21.895
2018-03-04,Nagarjuna Sagar,220.0,11.654
2018-03-05,Nagarjuna Sagar,142.971,4.591
2018-03-06,Nagarjuna Sagar,99.53,3.178
2018-03-07,Nagarjuna Sagar,49.663,1.766
2018-03-08,Nagarjuna Sagar,41.449,7.063
2018-03-09,Nagarjuna Sagar,41.02,45.321
2018-03-10,Nagarjuna Sagar,39.554,83.578
2018-03-11,Nagarjuna Sagar,40.0,121.836
2018-03-12,Nagarjuna Sagar,42.566,99.164
2018-03-13,Nagarjuna Sagar,41.562,76.492
2018-03-14,Nagarjuna Sagar,2.809,72.466
2018-03-15,Nagarjuna Sagar,56.394,68.44
2018-03-16,Nagarjuna Sagar,44.719,64.414
2018-03-17,Nagarjuna Sagar,44.007,60.388
2018-03-18,Nagarjuna Sagar,40.0,56.362
2018-03-19,Nagarjuna Sagar,43.941,52.336
2018-03-20,Nagarjuna Sagar,45.391,48.31
2018-03-21,Nagarjuna Sagar,44.614,44.285
2018-03-22,Nagarjuna Sagar,68.69,40.259
2018-03-23,Nagarjuna Sagar,103.065,36.233
2018-03-24,Nagarjuna Sagar,140.328,32.207
2018-03-25,Nagarjuna Sagar,180.0,28.181
2018-03-26,Nagarjuna Sagar,166.135,24.155
2018-03-27,Nagarjuna Sagar,177.742,20.129
2018-03-28,Nagarjuna Sagar,178.874,16.103
2018-03-29,Nagarjuna Sagar,3.2,12.078
2018-03-30,Nagarjuna Sagar,3.3,8.052
2018-03-31,Nagarjuna Sagar,170.05,4.026
2018-04-01,Nagarjuna Sagar,170.0,17.904
2018-04-02,Nagarjuna Sagar,183.182,31.783
2018-04-03,Nagarjuna Sagar,204.146,21.189
2018-04-04,Nagarjuna Sagar,167.767,9.888
2018-04-05,Nagarjuna Sagar,133.572,4.591
2018-04-06,Nagarjuna Sagar,63.161,3.178
2018-04-07,Nagarjuna Sagar,59.355,1.766
2018-04-08,Nagarjuna Sagar,60.0,8.122
2018-04-09,Nagarjuna Sagar,54.004,45.438
2018-04-10,Nagarjuna Sagar,50.839,82.754
2018-04-11,Nagarjuna Sagar,1.999,120.07
2018-04-12,Nagarjuna Sagar,1.852,98.946
2018-04-13,Nagarjuna Sagar,1.852,77.822
2018-04-14,Nagarjuna Sagar,2.078,76.54
2018-04-15,Nagarjuna Sagar,2.0,75.257
2018-04-16,Nagarjuna Sagar,2.053,73.975
2018-04-17,Nagarjuna Sagar,1.977,72.692
2018-04-18,Nagarjuna Sagar,1.824,71.41
2018-04-19,Nagarjuna Sagar,2.074,70.127
2018-04-20,Nagarjuna Sagar,1.958,68.845
2018-04-21,Nagarjuna Sagar,2.044,67.563
2018-04-22,Nagarjuna Sagar,2.0,66.28
2018-04-23,Nagarjuna Sagar,2.242,64.998
2018-04-24,Nagarjuna Sagar,2.401,63.715
2018-04-25,Nagarjuna Sagar,2.358,62.433
2018-04-26,Nagarjuna Sagar,1.449,61.15
2018-04-27,Nagarjuna Sagar,1.434,59.868
2018-04-28,Nagarjuna Sagar,1.349,58.585
2018-04-29,Nagarjuna Sagar,1.5,57.303
2018-04-30,Nagarjuna Sagar,1.5,56.02
2018-05-01,Nagarjuna Sagar,1.348,54.738
2018-05-02,Nagarjuna Sagar,1.392,32.489
2018-05-03,Nagarjuna Sagar,1.426,20.129
2018-05-04,Nagarjuna Sagar,1.355,8.829
2018-05-05,Nagarjuna Sagar,1.124,4.591
2018-05-06,Nagarjuna Sagar,1.5,3.178
2018-05-07,Nagarjuna Sagar,1.346,1.766
2018-05-08,Nagarjuna Sagar,1.407,8.476
2018-05-09,Nagarjuna Sagar,1.368,45.085
2018-05-10,Nagarjuna Sagar,1.379,81.695
2018-05-11,Nagarjuna Sagar,1.372,118.304
2018-05-12,Nagarjuna Sagar,1.401,78.399
2018-05-13,Nagarjuna Sagar,1.5,77.145
2018-05-14,Nagarjuna Sagar,1.471,75.891
2018-05-15,Nagarjuna Sagar,2.329,74.638
2018-05-16,Nagarjuna Sagar,1.438,73.384
2018-05-17,Nagarjuna Sagar,1.401,72.13
2018-05-18,Nagarjuna Sagar,1.391,70.877
2018-05-19,Nagarjuna Sagar,1.308,69.623
2018-05-20,Nagarjuna Sagar,1.5,68.369
2018-05-21,Nagarjuna Sagar,1.286,67.116
2018-05-22,Nagarjuna Sagar,1.361,65.862
2018-05-23,Nagarjuna Sagar,1.302,64.608
2018-05-24,Nagarjuna Sagar,1.397,63.355
2018-05-25,Nagarjuna Sagar,60.057,62.101
2018-05-26,Nagarjuna Sagar,59.795,60.847
2018-05-27,Nagarjuna Sagar,60.0,59.594
2018-05-28,Nagarjuna Sagar,58.949,58.34
2018-05-29,Nagarjuna Sagar,58.478,57.086
2018-05-30,Nagarjuna Sagar,43.113,55.832
2018-05-31,Nagarjuna Sagar,36.826,54.579
2018-06-01,Nagarjuna Sagar,1.702,53.325
2018-06-02,Nagarjuna Sagar,1.323,30.017
2018-06-03,Nagarjuna Sagar,2.0,19.423
2018-06-04,Nagarjuna Sagar,1.275,7.769
2018-06-05,Nagarjuna Sagar,1.269,4.591
2018-06-06,Nagarjuna Sagar,1.252,2.825
2018-06-07,Nagarjuna Sagar,1.218,1.766
2018-06-08,Nagarjuna Sagar,1.237,9.182
2018-06-09,Nagarjuna Sagar,1.218,45.321
2018-06-10,Nagarjuna Sagar,1.5,81.459
2018-06-11,Nagarjuna Sagar,1.253,117.598
2018-06-12,Nagarjuna Sagar,1.592,78.399
2018-06-13,Nagarjuna Sagar,1.229,77.005
2018-06-14,Nagarjuna Sagar,1.278,75.611
2018-06-15,Nagarjuna Sagar,1.232,74.217
2018-06-16,Nagarjuna Sagar,1.5,72.823
2018-06-17,Nagarjuna Sagar,1.5,71.429
2018-06-18,Nagarjuna Sagar,1.303,70.035
2018-06-19,Nagarjuna Sagar,1.215,68.641
2018-06-20,Nagarjuna Sagar,1.242,67.247
2018-06-21,Nagarjuna Sagar,1.244,65.853
2018-06-22,Nagarjuna Sagar,1.232,64.459
2018-06-23,Nagarjuna Sagar,1.26,63.065
2018-06-24,Nagarjuna Sagar,1.5,61.671
2018-06-25,Nagarjuna Sagar,1.262,60.277
2018-06-26,Nagarjuna Sagar,1.261,58.883
2018-06-27,Nagarjuna Sagar,1.203,57.489
2018-06-28,Nagarjuna Sagar,1.299,56.095
2018-06-29,Nagarjuna Sagar,1.243,54.701
2018-06-30,Nagarjuna Sagar,1.243,53.307
2018-07-01,Nagarjuna Sagar,1.5,51.913
2018-07-02,Nagarjuna Sagar,1.239,29.311
2018-07-03,Nagarjuna Sagar,1.22,18.717
2018-07-04,Nagarjuna Sagar,1.225,7.063
2018-07-05,Nagarjuna Sagar,1.186,4.591
2018-07-06,Nagarjuna Sagar,1.271,3.178
2018-07-07,Nagarjuna Sagar,1.304,1.766
2018-07-08,Nagarjuna Sagar,1.5,10.241
2018-07-09,Nagarjuna Sagar,1.288,45.673
2018-07-10,Nagarjuna Sagar,1.293,81.106
2018-07-11,Nagarjuna Sagar,1.259,116.538
2018-07-12,Nagarjuna Sagar,1.225,78.045
2018-07-13,Nagarjuna Sagar,1.244,76.686
2018-07-14,Nagarjuna Sagar,1.317,75.326
2018-07-15,Nagarjuna Sagar,1.5,73.967
2018-07-16,Nagarjuna Sagar,1.255,72.607
2018-07-17,Nagarjuna Sagar,1.22,71.247
2018-07-18,Nagarjuna Sagar,1.21,69.888
2018-07-19,Nagarjuna Sagar,1.241,68.528
2018-07-20,Nagarjuna Sagar,1.238,67.168
2018-07-21,Nagarjuna Sagar,1.243,65.809
2018-07-22,Nagarjuna Sagar,1.5,64.449
2018-07-23,Nagarjuna Sagar,1.255,63.09
2018-07-24,Nagarjuna Sagar,1.262,61.73
2018-07-25,Nagarjuna Sagar,1.336,60.37
2018-07-26,Nagarjuna Sagar,1.377,59.011
2018-07-27,Nagarjuna Sagar,1.396,57.651
2018-07-28,Nagarjuna Sagar,1.395,56.292
2018-07-29,Nagarjuna Sagar,60.0,54.932
2018-07-30,Nagarjuna Sagar,8.062,53.572
2018-07-31,Nagarjuna Sagar,75.214,52.213
2018-08-01,Nagarjuna Sagar,148.435,50.853
2018-08-02,Nagarjuna Sagar,158.801,30.371
2018-08-03,Nagarjuna Sagar,1.235,18.717
2018-08-04,Nagarjuna Sagar,75.287,7.063
2018-08-05,Nagarjuna Sagar,120.0,4.591
2018-08-06,Nagarjuna Sagar,135.472,2.825
2018-08-07,Nagarjuna Sagar,135.937,1.766
2018-08-08,Nagarjuna Sagar,108.248,12.007
2018-08-09,Nagarjuna Sagar,140.039,46.38
2018-08-10,Nagarjuna Sagar,157.871,80.753
2018-08-11,Nagarjuna Sagar,62.183,115.126
2018-08-12,Nagarjuna Sagar,0.0,77.339
2018-08-13,Nagarjuna Sagar,0.0,75.944
2018-08-14,Nagarjuna Sagar,0.356,74.549
2018-08-15,Nagarjuna Sagar,1.5,73.154
2018-08-16,Nagarjuna Sagar,0.961,71.759
2018-08-17,Nagarjuna Sagar,0.555,70.364
2018-08-18,Nagarjuna Sagar,0.482,68.97
2018-08-19,Nagarjuna Sagar,175.884,67.575
2018-08-20,Nagarjuna Sagar,0.0,66.18
2018-08-21,Nagarjuna Sagar,0.0,64.785
2018-08-22,Nagarjuna Sagar,0.0,63.39
2018-08-23,Nagarjuna Sagar,0.0,61.995
2018-08-24,Nagarjuna Sagar,1.284,60.6
2018-08-25,Nagarjuna Sagar,1.366,59.205
2018-08-26,Nagarjuna Sagar,2.0,57.81
2018-08-27,Nagarjuna Sagar,1.182,56.415
2018-08-28,Nagarjuna Sagar,1.177,55.02
2018-08-29,Nagarjuna Sagar,1.211,53.625
2018-08-30,Nagarjuna Sagar,118.128,52.23
2018-08-31,Nagarjuna Sagar,141.14,50.835
2018-09-01,Nagarjuna Sagar,133.809,49.441
2018-09-02,Nagarjuna Sagar,180.0,30.371
2018-09-03,Nagarjuna Sagar,185.514,18.717
2018-09-04,Nagarjuna Sagar,206.909,6.71
2018-09-05,Nagarjuna Sagar,216.719,4.944
2018-09-06,Nagarjuna Sagar,277.963,2.825
2018-09-07,Nagarjuna Sagar,327.024,1.766
2018-09-08,Nagarjuna Sagar,201.389,13.773
2018-09-09,Nagarjuna Sagar,200.0,47.204
2018-09-10,Nagarjuna Sagar,216.289,80.635
2018-09-11,Nagarjuna Sagar,218.717,114.066
2018-09-12,Nagarjuna Sagar,118.884,76.986
2018-09-13,Nagarjuna Sagar,180.0,75.462
2018-09-14,Nagarjuna Sagar,367.846,73.938
2018-09-15,Nagarjuna Sagar,305.045,72.414
2018-09-16,Nagarjuna Sagar,280.0,70.89
2018-09-17,Nagarjuna Sagar,278.594,69.365
2018-09-18,Nagarjuna Sagar,183.222,67.841
2018-09-19,Nagarjuna Sagar,175.884,66.317
2018-09-20,Nagarjuna Sagar,138.004,64.793
2018-09-21,Nagarjuna Sagar,60.0,63.269
2018-09-22,Nagarjuna Sagar,0.95,61.745
2018-09-23,Nagarjuna Sagar,20.0,60.221
2018-09-24,Nagarjuna Sagar,152.479,58.697
2018-09-25,Nagarjuna Sagar,79.706,57.173
2018-09-26,Nagarjuna Sagar,104.972,55.648
2018-09-27,Nagarjuna Sagar,63.528,54.124
2018-09-28,Nagarjuna Sagar,119.505,52.6
2018-09-29,Nagarjuna Sagar,72.646,51.076
2018-09-30,Nagarjuna Sagar,80.0,49.552
2018-10-01,Nagarjuna Sagar,32.824,48.028
2018-10-02,Nagarjuna Sagar,55.0,30.724
2018-10-03,Nagarjuna Sagar,216.727,18.717
2018-10-04,Nagarjuna Sagar,189.312,6.357
2018-10-05,Nagarjuna Sagar,186.751,4.944
2018-10-06,Nagarjuna Sagar,191.002,2.825
2018-10-07,Nagarjuna Sagar,195.0,1.766
2018-10-08,Nagarjuna Sagar,183.425,14.832
2018-10-09,Nagarjuna Sagar,168.184,48.616
2018-10-10,Nagarjuna Sagar,160.32,82.401
2018-10-11,Nagarjuna Sagar,183.24,116.185
2018-10-12,Nagarjuna Sagar,146.735,76.986
2018-10-13,Nagarjuna Sagar,131.68,75.467
2018-10-14,Nagarjuna Sagar,130.0,73.949
2018-10-15,Nagarjuna Sagar,173.343,72.43
2018-10-16,Nagarjuna Sagar,197.571,70.912
2018-10-17,Nagarjuna Sagar,202.21,69.393
2018-10-18,Nagarjuna Sagar,186.793,67.875
2018-10-19,Nagarjuna Sagar,190.0,66.356
2018-10-20,Nagarjuna Sagar,171.086,64.838
2018-10-21,Nagarjuna Sagar,180.0,63.319
2018-10-22,Nagarjuna Sagar,149.308,61.801
2018-10-23,Nagarjuna Sagar,140.069,60.282
2018-10-24,Nagarjuna Sagar,115.045,58.764
2018-10-25,Nagarjuna Sagar,115.652,57.245
2018-10-26,Nagarjuna Sagar,120.072,55.727
2018-10-27,Nagarjuna Sagar,155.491,54.208
2018-10-28,Nagarjuna Sagar,165.0,52.689
2018-10-29,Nagarjuna Sagar,131.616,51.171
2018-10-30,Nagarjuna Sagar,144.333,49.652
2018-10-31,Nagarjuna Sagar,250.172,48.134
2018-11-01,Nagarjuna Sagar,202.798,46.615
2018-11-02,Nagarjuna Sagar,128.99,31.43
2018-11-03,Nagarjuna Sagar,122.325,19.07
2018-11-04,Nagarjuna Sagar,130.0,6.003
2018-11-05,Nagarjuna Sagar,125.081,4.944
2018-11-06,Nagarjuna Sagar,114.714,2.825
2018-11-07,Nagarjuna Sagar,130.0,1.766
2018-11-08,Nagarjuna Sagar,117.399,16.598
2018-11-09,Nagarjuna Sagar,101.349,49.912
2018-11-10,Nagarjuna Sagar,120.989,83.225
2018-11-11,Nagarjuna Sagar,200.0,116.539
2018-11-12,Nagarjuna Sagar,164.045,76.986
2018-11-13,Nagarjuna Sagar,159.753,75.332
2018-11-14,Nagarjuna Sagar,167.217,73.678
2018-11-15,Nagarjuna Sagar,167.701,72.023
2018-11-16,Nagarjuna Sagar,103.91,70.369
2018-11-17,Nagarjuna Sagar,82.65,68.715
2018-11-18,Nagarjuna Sagar,80.0,67.061
2018-11-19,Nagarjuna Sagar,100.961,65.406
2018-11-20,Nagarjuna Sagar,101.179,63.752
2018-11-21,Nagarjuna Sagar,120.0,62.098
2018-11-22,Nagarjuna Sagar,53.106,60.444
2018-11-23,Nagarjuna Sagar,55.0,58.79
2018-11-24,Nagarjuna Sagar,51.376,57.135
2018-11-25,Nagarjuna Sagar,1.0,55.481
2018-11-26,Nagarjuna Sagar,1.531,53.827
2018-11-27,Nagarjuna Sagar,1.491,52.173
2018-11-28,Nagarjuna Sagar,1.683,50.519
2018-11-29,Nagarjuna Sagar,46.763,48.864
2018-11-30,Nagarjuna Sagar,45.949,47.21
2018-12-01,Nagarjuna Sagar,30.096,45.556
2018-12-02,Nagarjuna Sagar,30.0,30.724
2018-12-03,Nagarjuna Sagar,89.801,19.423
2018-12-04,Nagarjuna Sagar,90.865,12.183
2018-12-05,Nagarjuna Sagar,86.717,4.944
2018-12-06,Nagarjuna Sagar,89.628,2.825
2018-12-07,Nagarjuna Sagar,87.538,1.766
2018-12-08,Nagarjuna Sagar,88.156,18.01
2018-12-09,Nagarjuna Sagar,80.0,50.618
2018-12-10,Nagarjuna Sagar,2.815,83.225
2018-12-11,Nagarjuna Sagar,75.45,115.833
2018-12-12,Nagarjuna Sagar,68.928,75.927
2018-12-13,Nagarjuna Sagar,70.098,75.591
2018-12-14,Nagarjuna Sagar,65.646,75.256
2018-12-15,Nagarjuna Sagar,42.425,74.92
2018-12-16,Nagarjuna Sagar,40.0,74.585
2018-12-17,Nagarjuna Sagar,26.283,74.249
2018-12-18,Nagarjuna Sagar,1.529,73.914
2018-12-19,Nagarjuna Sagar,1.853,73.578
2018-12-20,Nagarjuna Sagar,1.83,73.243
2018-12-21,Nagarjuna Sagar,1.822,72.907
2018-12-22,Nagarjuna Sagar,1.737,72.572
2018-12-23,Nagarjuna Sagar,1.0,72.236
2018-12-24,Nagarjuna Sagar,2.002,71.901
2018-12-25,Nagarjuna Sagar,30.0,71.565
2018-12-26,Nagarjuna Sagar,43.693,71.23
2018-12-27,Nagarjuna Sagar,43.282,70.894
2018-12-28,Nagarjuna Sagar,42.192,70.559
2018-12-29,Nagarjuna Sagar,42.636,70.223
2018-12-30,Nagarjuna Sagar,40.0,69.888
2018-12-31,Nagarjuna Sagar,42.039,69.552
2019-01-01,Nagarjuna Sagar,45.477,69.217
2019-01-02,Nagarjuna Sagar,43.092,46.969
2019-01-03,Nagarjuna Sagar,44.082,31.783
2019-01-04,Nagarjuna Sagar,42.753,8.829
2019-01-05,Nagarjuna Sagar,17.041,2.119
2019-01-06,Nagarjuna Sagar,25.0,37.504
2019-01-07,Nagarjuna Sagar,19.059,72.889
2019-01-08,Nagarjuna Sagar,27.085,108.275
2019-01-09,Nagarjuna Sagar,22.845,143.66
2019-01-10,Nagarjuna Sagar,41.703,179.045
2019-01-11,Nagarjuna Sagar,44.041,180.458
2019-01-12,Nagarjuna Sagar,49.834,162.801
2019-01-13,Nagarjuna Sagar,45.0,158.051
2019-01-14,Nagarjuna Sagar,45.0,153.301
2019-01-15,Nagarjuna Sagar,60.097,148.551
2019-01-16,Nagarjuna Sagar,59.356,143.801
2019-01-17,Nagarjuna Sagar,55.619,139.052
2019-01-18,Nagarjuna Sagar,3.075,134.302
2019-01-19,Nagarjuna Sagar,3.093,129.552
2019-01-20,Nagarjuna Sagar,3.0,124.802
2019-01-21,Nagarjuna Sagar,3.239,120.052
2019-01-22,Nagarjuna Sagar,3.162,115.302
2019-01-23,Nagarjuna Sagar,3.29,110.553
2019-01-24,Nagarjuna Sagar,67.368,105.803
2019-01-25,Nagarjuna Sagar,148.74,101.053
2019-01-26,Nagarjuna Sagar,140.0,96.303
2019-01-27,Nagarjuna Sagar,80.0,91.553
2019-01-28,Nagarjuna Sagar,3.848,86.803
2019-01-29,Nagarjuna Sagar,2.212,82.054
2019-01-30,Nagarjuna Sagar,2.203,77.304
2019-01-31,Nagarjuna Sagar,2.267,72.554
2019-02-01,Nagarjuna Sagar,2.466,67.804
2019-02-02,Nagarjuna Sagar,2.172,46.262
2019-02-03,Nagarjuna Sagar,2.0,31.43
2019-02-04,Nagarjuna Sagar,2.034,8.829
2019-02-05,Nagarjuna Sagar,2.073,2.119
2019-02-06,Nagarjuna Sagar,2.502,37.716
2019-02-07,Nagarjuna Sagar,2.531,73.313
2019-02-08,Nagarjuna Sagar,2.222,108.911
2019-02-09,Nagarjuna Sagar,2.256,144.508
2019-02-10,Nagarjuna Sagar,2.0,180.105
2019-02-11,Nagarjuna Sagar,2.26,179.752
2019-02-12,Nagarjuna Sagar,42.615,164.213
2019-02-13,Nagarjuna Sagar,42.918,158.501
2019-02-14,Nagarjuna Sagar,153.461,152.788
2019-02-15,Nagarjuna Sagar,56.989,147.075
2019-02-16,Nagarjuna Sagar,105.659,141.363
2019-02-17,Nagarjuna Sagar,100.0,135.65
2019-02-18,Nagarjuna Sagar,1.947,129.937
2019-02-19,Nagarjuna Sagar,1.634,124.225
2019-02-20,Nagarjuna Sagar,1.666,118.512
2019-02-21,Nagarjuna Sagar,2.661,112.799
2019-02-22,Nagarjuna Sagar,2.556,107.087
2019-02-23,Nagarjuna Sagar,2.435,101.374
2019-02-24,Nagarjuna Sagar,2.0,95.661
2019-02-25,Nagarjuna Sagar,2.338,89.949
2019-02-26,Nagarjuna Sagar,2.38,84.236
2019-02-27,Nagarjuna Sagar,227.915,78.523
2019-02-28,Nagarjuna Sagar,101.858,72.811
2019-03-01,Nagarjuna Sagar,58.804,67.098
2019-03-02,Nagarjuna Sagar,112.211,45.909
2019-03-03,Nagarjuna Sagar,200.0,30.724
2019-03-04,Nagarjuna Sagar,220.0,8.829
2019-03-05,Nagarjuna Sagar,157.561,2.119
2019-03-06,Nagarjuna Sagar,138.381,37.787
2019-03-07,Nagarjuna Sagar,103.438,73.455
2019-03-08,Nagarjuna Sagar,113.107,109.122
2019-03-09,Nagarjuna Sagar,75.875,144.79
2019-03-10,Nagarjuna Sagar,75.0,180.458
2019-03-11,Nagarjuna Sagar,31.503,179.752
2019-03-12,Nagarjuna Sagar,1.501,164.919
2019-03-13,Nagarjuna Sagar,0.79,159.993
2019-03-14,Nagarjuna Sagar,0.722,155.067
2019-03-15,Nagarjuna Sagar,0.79,150.14
2019-03-16,Nagarjuna Sagar,0.796,145.214
2019-03-17,Nagarjuna Sagar,1.0,140.288
2019-03-18,Nagarjuna Sagar,0.822,135.361
2019-03-19,Nagarjuna Sagar,190.216,130.435
2019-03-20,Nagarjuna Sagar,169.502,125.508
2019-03-21,Nagarjuna Sagar,124.045,120.582
2019-03-22,Nagarjuna Sagar,9.271,115.656
2019-03-23,Nagarjuna Sagar,58.374,110.729
2019-03-24,Nagarjuna Sagar,55.0,105.803
2019-03-25,Nagarjuna Sagar,55.927,100.876
2019-03-26,Nagarjuna Sagar,120.844,95.95
2019-03-27,Nagarjuna Sagar,110.009,91.024
2019-03-28,Nagarjuna Sagar,87.727,86.097
2019-03-29,Nagarjuna Sagar,54.989,81.171
2019-03-30,Nagarjuna Sagar,47.035,76.244
2019-03-31,Nagarjuna Sagar,47.0,71.318
2019-04-01,Nagarjuna Sagar,2.44,66.392
2019-04-02,Nagarjuna Sagar,2.062,45.556
2019-04-03,Nagarjuna Sagar,2.076,30.371
2019-04-04,Nagarjuna Sagar,1.936,8.476
2019-04-05,Nagarjuna Sagar,2.295,2.119
2019-04-06,Nagarjuna Sagar,2.264,37.504
2019-04-07,Nagarjuna Sagar,2.0,72.889
2019-04-08,Nagarjuna Sagar,2.213,108.275
2019-04-09,Nagarjuna Sagar,2.273,143.66
2019-04-10,Nagarjuna Sagar,2.228,179.045
2019-04-11,Nagarjuna Sagar,2.0,180.458
2019-04-12,Nagarjuna Sagar,2.059,160.329
2019-04-13,Nagarjuna Sagar,1.927,155.31
2019-04-14,Nagarjuna Sagar,2.0,150.292
2019-04-15,Nagarjuna Sagar,3.183,145.273
2019-04-16,Nagarjuna Sagar,2.716,140.255
2019-04-17,Nagarjuna Sagar,2.0,135.237
2019-04-18,Nagarjuna Sagar,2.724,130.218
2019-04-19,Nagarjuna Sagar,2.0,125.2
2019-04-20,Nagarjuna Sagar,3.034,120.181
2019-04-21,Nagarjuna Sagar,2.0,115.163
2019-04-22,Nagarjuna Sagar,3.067,110.145
2019-04-23,Nagarjuna Sagar,3.199,105.126
2019-04-24,Nagarjuna Sagar,3.368,100.108
2019-04-25,Nagarjuna Sagar,3.011,95.089
2019-04-26,Nagarjuna Sagar,3.083,90.071
2019-04-27,Nagarjuna Sagar,3.097,85.053
2019-04-28,Nagarjuna Sagar,3.0,80.034
2019-04-29,Nagarjuna Sagar,3.01,75.016
2019-04-30,Nagarjuna Sagar,3.155,69.997
2019-05-01,Nagarjuna Sagar,3.264,64.979
2019-05-02,Nagarjuna Sagar,3.578,44.496
2019-05-03,Nagarjuna Sagar,3.677,30.017
2019-05-04,Nagarjuna Sagar,3.614,8.122
2019-05-05,Nagarjuna Sagar,3.0,2.119
2019-05-06,Nagarjuna Sagar,3.939,37.434
2019-05-07,Nagarjuna Sagar,3.902,72.748
2019-05-08,Nagarjuna Sagar,327.848,108.063
2019-05-09,Nagarjuna Sagar,91.102,143.377
2019-05-10,Nagarjuna Sagar,2.436,178.692
2019-05-11,Nagarjuna Sagar,2.638,179.399
2019-05-12,Nagarjuna Sagar,3.0,159.622
2019-05-13,Nagarjuna Sagar,3.044,154.855
2019-05-14,Nagarjuna Sagar,80.593,150.087
2019-05-15,Nagarjuna Sagar,76.79,145.32
2019-05-16,Nagarjuna Sagar,3.011,140.552
2019-05-17,Nagarjuna Sagar,3.329,135.785
2019-05-18,Nagarjuna Sagar,3.0,131.017
2019-05-19,Nagarjuna Sagar,3.0,126.25
2019-05-20,Nagarjuna Sagar,3.142,121.482
2019-05-21,Nagarjuna Sagar,2.913,116.715
2019-05-22,Nagarjuna Sagar,3.072,111.947
2019-05-23,Nagarjuna Sagar,3.023,107.18
2019-05-24,Nagarjuna Sagar,3.094,102.413
2019-05-25,Nagarjuna Sagar,2.83,97.645
2019-05-26,Nagarjuna Sagar,3.0,92.878
2019-05-27,Nagarjuna Sagar,208.999,88.11
2019-05-28,Nagarjuna Sagar,79.992,83.343
2019-05-29,Nagarjuna Sagar,57.628,78.575
2019-05-30,Nagarjuna Sagar,31.538,73.808
2019-05-31,Nagarjuna Sagar,1.88,69.04
2019-06-01,Nagarjuna Sagar,1.368,64.273
2019-06-02,Nagarjuna Sagar,1.0,43.79
2019-06-03,Nagarjuna Sagar,1.488,30.017
2019-06-04,Nagarjuna Sagar,1.553,7.416
2019-06-05,Nagarjuna Sagar,1.0,2.119
2019-06-06,Nagarjuna Sagar,1.468,37.504
2019-06-07,Nagarjuna Sagar,1.748,72.889
2019-06-08,Nagarjuna Sagar,1.512,108.275
2019-06-09,Nagarjuna Sagar,1.0,143.66
2019-06-10,Nagarjuna Sagar,1.44,179.045
2019-06-11,Nagarjuna Sagar,1.43,179.752
2019-06-12,Nagarjuna Sagar,1.426,158.21
2019-06-13,Nagarjuna Sagar,1.4,153.191
2019-06-14,Nagarjuna Sagar,1.362,148.173
2019-06-15,Nagarjuna Sagar,1.393,143.155
2019-06-16,Nagarjuna Sagar,1.0,138.136
2019-06-17,Nagarjuna Sagar,1.385,133.118
2019-06-18,Nagarjuna Sagar,1.386,128.099
2019-06-19,Nagarjuna Sagar,1.359,123.081
2019-06-20,Nagarjuna Sagar,1.363,118.063
2019-06-21,Nagarjuna Sagar,1.395,113.044
2019-06-22,Nagarjuna Sagar,1.355,108.026
2019-06-23,Nagarjuna Sagar,1.0,103.007
2019-06-24,Nagarjuna Sagar,1.34,97.989
2019-06-25,Nagarjuna Sagar,1.362,92.971
2019-06-26,Nagarjuna Sagar,1.264,87.952
2019-06-27,Nagarjuna Sagar,1.291,82.934
2019-06-28,Nagarjuna Sagar,1.279,77.915
2019-06-29,Nagarjuna Sagar,1.291,72.897
2019-06-30,Nagarjuna Sagar,1.0,67.879
2019-07-01,Nagarjuna Sagar,1.317,62.86
2019-07-02,Nagarjuna Sagar,1.294,43.084
2019-07-03,Nagarjuna Sagar,1.711,29.311
2019-07-04,Nagarjuna Sagar,1.652,6.71
2019-07-05,Nagarjuna Sagar,1.857,2.119
2019-07-06,Nagarjuna Sagar,1.87,1.884
2019-07-07,Nagarjuna Sagar,2.0,1.648
2019-07-08,Nagarjuna Sagar,1.804,1.413
2019-07-09,Nagarjuna Sagar,1.797,40.524
2019-07-10,Nagarjuna Sagar,1.783,79.635
2019-07-11,Nagarjuna Sagar,1.722,118.746
2019-07-12,Nagarjuna Sagar,1.664,157.857
2019-07-13,Nagarjuna Sagar,1.656,153.054
2019-07-14,Nagarjuna Sagar,2.0,148.251
2019-07-15,Nagarjuna Sagar,1.664,143.448
2019-07-16,Nagarjuna Sagar,1.72,138.645
2019-07-17,Nagarjuna Sagar,1.732,133.843
2019-07-18,Nagarjuna Sagar,1.766,129.04
2019-07-19,Nagarjuna Sagar,1.755,124.237
2019-07-20,Nagarjuna Sagar,1.773,119.434
2019-07-21,Nagarjuna Sagar,2.0,114.631
2019-07-22,Nagarjuna Sagar,1.819,109.829
2019-07-23,Nagarjuna Sagar,1.944,105.026
2019-07-24,Nagarjuna Sagar,1.925,100.223
2019-07-25,Nagarjuna Sagar,1.869,95.42
2019-07-26,Nagarjuna Sagar,1.787,90.617
2019-07-27,Nagarjuna Sagar,1.723,85.815
2019-07-28,Nagarjuna Sagar,2.0,81.012
2019-07-29,Nagarjuna Sagar,1.818,76.209
2019-07-30,Nagarjuna Sagar,1.73,71.406
2019-07-31,Nagarjuna Sagar,1.705,66.603
2019-08-01,Nagarjuna Sagar,1.725,61.801
2019-08-02,Nagarjuna Sagar,1.706,42.731
2019-08-03,Nagarjuna Sagar,1.732,28.252
2019-08-04,Nagarjuna Sagar,2.0,6.003
2019-08-05,Nagarjuna Sagar,1.718,1.766
2019-08-06,Nagarjuna Sagar,1.713,3.178
2019-08-07,Nagarjuna Sagar,1.725,4.591
2019-08-08,Nagarjuna Sagar,1.762,6.003
2019-08-09,Nagarjuna Sagar,1.692,43.878
2019-08-10,Nagarjuna Sagar,1.614,81.753
2019-08-11,Nagarjuna Sagar,2.0,119.628
2019-08-12,Nagarjuna Sagar,266.531,157.503
2019-08-13,Nagarjuna Sagar,7512.909,152.665
2019-08-14,Nagarjuna Sagar,14759.287,147.827
2019-08-15,Nagarjuna Sagar,15520.595,142.989
2019-08-16,Nagarjuna Sagar,24988.037,138.151
2019-08-17,Nagarjuna Sagar,21133.268,133.313
2019-08-18,Nagarjuna Sagar,18098.395,128.475
2019-08-19,Nagarjuna Sagar,9354.779,123.637
2019-08-20,Nagarjuna Sagar,226.809,118.799
2019-08-21,Nagarjuna Sagar,318.224,113.96
2019-08-22,Nagarjuna Sagar,356.842,109.122
2019-08-23,Nagarjuna Sagar,360.472,104.284
2019-08-24,Nagarjuna Sagar,332.483,99.446
2019-08-25,Nagarjuna Sagar,140.0,94.608
2019-08-26,Nagarjuna Sagar,78.777,89.77
2019-08-27,Nagarjuna Sagar,78.893,84.932
2019-08-28,Nagarjuna Sagar,135.622,80.094
2019-08-29,Nagarjuna Sagar,145.633,75.256
2019-08-30,Nagarjuna Sagar,261.125,70.417
2019-08-31,Nagarjuna Sagar,334.108,65.579
2019-09-01,Nagarjuna Sagar,240.0,60.741
2019-09-02,Nagarjuna Sagar,130.0,42.024
2019-09-03,Nagarjuna Sagar,102.72,27.192
2019-09-04,Nagarjuna Sagar,100.326,6.003
2019-09-05,Nagarjuna Sagar,165.218,1.766
2019-09-06,Nagarjuna Sagar,160.306,4.709
2019-09-07,Nagarjuna Sagar,265.023,7.651
2019-09-08,Nagarjuna Sagar,809.14,10.594
2019-09-09,Nagarjuna Sagar,927.195,47.145
2019-09-10,Nagarjuna Sagar,4995.889,83.696
2019-09-11,Nagarjuna Sagar,3843.736,120.246
2019-09-12,Nagarjuna Sagar,2691.583,156.797
2019-09-13,Nagarjuna Sagar,1539.43,151.686
2019-09-14,Nagarjuna Sagar,1354.591,146.574
2019-09-15,Nagarjuna Sagar,1169.751,141.463
2019-09-16,Nagarjuna Sagar,984.912,136.352
2019-09-17,Nagarjuna Sagar,1235.069,131.24
2019-09-18,Nagarjuna Sagar,761.415,126.129
2019-09-19,Nagarjuna Sagar,796.061,121.018
2019-09-20,Nagarjuna Sagar,830.708,115.906
2019-09-21,Nagarjuna Sagar,865.354,110.795
2019-09-22,Nagarjuna Sagar,900.0,105.684
2019-09-23,Nagarjuna Sagar,1058.629,100.572
2019-09-24,Nagarjuna Sagar,1963.961,95.461
2019-09-25,Nagarjuna Sagar,979.571,90.35
2019-09-26,Nagarjuna Sagar,2416.573,85.238
2019-09-27,Nagarjuna Sagar,2044.382,80.127
2019-09-28,Nagarjuna Sagar,1672.191,75.016
2019-09-29,Nagarjuna Sagar,1300.0,69.904
2019-09-30,Nagarjuna Sagar,2024.841,64.793
2019-10-01,Nagarjuna Sagar,2505.383,59.682
2019-10-02,Nagarjuna Sagar,900.0,41.318
2019-10-03,Nagarjuna Sagar,1582.756,26.486
2019-10-04,Nagarjuna Sagar,246.628,6.71
2019-10-05,Nagarjuna Sagar,241.122,1.766
2019-10-06,Nagarjuna Sagar,240.0,7.769
2019-10-07,Nagarjuna Sagar,721.688,13.773
2019-10-08,Nagarjuna Sagar,800.0,19.776
2019-10-09,Nagarjuna Sagar,1887.464,53.943
2019-10-10,Nagarjuna Sagar,2975.218,88.11
2019-10-11,Nagarjuna Sagar,713.194,122.277
2019-10-12,Nagarjuna Sagar,1895.273,156.444
2019-10-13,Nagarjuna Sagar,3100.0,151.571
2019-10-14,Nagarjuna Sagar,2414.251,146.697
2019-10-15,Nagarjuna Sagar,669.578,141.824
2019-10-16,Nagarjuna Sagar,1889.341,136.95
2019-10-17,Nagarjuna Sagar,1913.116,132.077
2019-10-18,Nagarjuna Sagar,1855.683,127.203
2019-10-19,Nagarjuna Sagar,922.664,122.33
2019-10-20,Nagarjuna Sagar,300.0,117.457
2019-10-21,Nagarjuna Sagar,332.534,112.583
2019-10-22,Nagarjuna Sagar,2758.748,107.71
2019-10-23,Nagarjuna Sagar,3166.998,102.836
2019-10-24,Nagarjuna Sagar,3575.249,97.963
2019-10-25,Nagarjuna Sagar,3983.499,93.089
2019-10-26,Nagarjuna Sagar,4391.75,88.216
2019-10-27,Nagarjuna Sagar,4800.0,83.343
2019-10-28,Nagarjuna Sagar,3628.061,78.469
2019-10-29,Nagarjuna Sagar,2456.122,73.596
2019-10-30,Nagarjuna Sagar,2207.292,68.722
2019-10-31,Nagarjuna Sagar,1958.461,63.849
2019-11-01,Nagarjuna Sagar,2048.871,58.975
2019-11-02,Nagarjuna Sagar,1328.862,40.612
2019-11-03,Nagarjuna Sagar,1700.0,25.427
2019-11-04,Nagarjuna Sagar,1624.853,13.596
2019-11-05,Nagarjuna Sagar,1598.733,1.766
2019-11-06,Nagarjuna Sagar,987.506,16.127
2019-11-07,Nagarjuna Sagar,977.23,30.489
2019-11-08,Nagarjuna Sagar,254.829,44.85
2019-11-09,Nagarjuna Sagar,1024.436,72.484
2019-11-10,Nagarjuna Sagar,820.0,100.118
2019-11-11,Nagarjuna Sagar,980.571,127.751
2019-11-12,Nagarjuna Sagar,800.0,155.385
2019-11-13,Nagarjuna Sagar,342.212,150.292
2019-11-14,Nagarjuna Sagar,405.026,145.199
2019-11-15,Nagarjuna Sagar,245.042,140.106
2019-11-16,Nagarjuna Sagar,241.972,135.014
2019-11-17,Nagarjuna Sagar,280.0,129.921
2019-11-18,Nagarjuna Sagar,177.213,124.828
2019-11-19,Nagarjuna Sagar,151.458,119.735
2019-11-20,Nagarjuna Sagar,142.516,114.643
2019-11-21,Nagarjuna Sagar,174.688,109.55
2019-11-22,Nagarjuna Sagar,149.352,104.457
2019-11-23,Nagarjuna Sagar,145.958,99.364
2019-11-24,Nagarjuna Sagar,140.0,94.272
2019-11-25,Nagarjuna Sagar,123.245,89.179
2019-11-26,Nagarjuna Sagar,101.133,84.086
2019-11-27,Nagarjuna Sagar,99.409,78.993
2019-11-28,Nagarjuna Sagar,98.277,73.901
2019-11-29,Nagarjuna Sagar,96.206,68.808
2019-11-30,Nagarjuna Sagar,95.816,63.715
2019-12-01,Nagarjuna Sagar,90.0,58.622
2019-12-02,Nagarjuna Sagar,54.647,39.906
2019-12-03,Nagarjuna Sagar,57.456,24.367
2019-12-04,Nagarjuna Sagar,55.562,7.769
2019-12-05,Nagarjuna Sagar,52.572,1.766
2019-12-06,Nagarjuna Sagar,52.27,33.549
2019-12-07,Nagarjuna Sagar,53.93,65.332
2019-12-08,Nagarjuna Sagar,50.0,97.115
2019-12-09,Nagarjuna Sagar,76.93,123.837
2019-12-10,Nagarjuna Sagar,74.111,150.558
2019-12-11,Nagarjuna Sagar,76.287,177.28
2019-12-12,Nagarjuna Sagar,74.766,154.325
2019-12-13,Nagarjuna Sagar,55.961,146.609
2019-12-14,Nagarjuna Sagar,52.216,138.893
2019-12-15,Nagarjuna Sagar,50.0,131.176
2019-12-16,Nagarjuna Sagar,50.593,123.46
2019-12-17,Nagarjuna Sagar,51.199,115.744
2019-12-18,Nagarjuna Sagar,49.229,108.028
2019-12-19,Nagarjuna Sagar,49.012,100.311
2019-12-20,Nagarjuna Sagar,49.275,92.595
2019-12-21,Nagarjuna Sagar,74.995,84.879
2019-12-22,Nagarjuna Sagar,70.0,77.163
2019-12-23,Nagarjuna Sagar,95.968,69.446
2019-12-24,Nagarjuna Sagar,96.198,61.73
2019-12-25,Nagarjuna Sagar,90.0,54.014
2019-12-26,Nagarjuna Sagar,92.97,46.298
2019-12-27,Nagarjuna Sagar,87.545,38.581
2019-12-28,Nagarjuna Sagar,89.333,30.865
2019-12-29,Nagarjuna Sagar,100.0,23.149
2019-12-30,Nagarjuna Sagar,107.641,15.433
2019-12-31,Nagarjuna Sagar,108.0,7.716
2020-01-01,Nagarjuna Sagar,109.428,46.942
2020-01-02,Nagarjuna Sagar,107.361,86.168
2020-01-03,Nagarjuna Sagar,105.375,83.696
2020-01-04,Nagarjuna Sagar,117.125,70.982
2020-01-05,Nagarjuna Sagar,100.0,61.801
2020-01-06,Nagarjuna Sagar,105.224,39.199
2020-01-07,Nagarjuna Sagar,100.912,37.434
2020-01-08,Nagarjuna Sagar,59.36,75.22
2020-01-09,Nagarjuna Sagar,61.538,110.064
2020-01-10,Nagarjuna Sagar,61.022,144.908
2020-01-11,Nagarjuna Sagar,103.582,179.752
2020-01-12,Nagarjuna Sagar,100.0,179.045
2020-01-13,Nagarjuna Sagar,99.49,170.093
2020-01-14,Nagarjuna Sagar,100.217,161.141
2020-01-15,Nagarjuna Sagar,100.0,152.189
2020-01-16,Nagarjuna Sagar,98.929,143.236
2020-01-17,Nagarjuna Sagar,99.083,134.284
2020-01-18,Nagarjuna Sagar,99.784,125.332
2020-01-19,Nagarjuna Sagar,100.0,116.379
2020-01-20,Nagarjuna Sagar,100.024,107.427
2020-01-21,Nagarjuna Sagar,100.827,98.475
2020-01-22,Nagarjuna Sagar,100.422,89.523
2020-01-23,Nagarjuna Sagar,110.238,80.57
2020-01-24,Nagarjuna Sagar,108.844,71.618
2020-01-25,Nagarjuna Sagar,111.577,62.666
2020-01-26,Nagarjuna Sagar,110.0,53.714
2020-01-27,Nagarjuna Sagar,146.314,44.761
2020-01-28,Nagarjuna Sagar,141.283,35.809
2020-01-29,Nagarjuna Sagar,143.528,26.857
2020-01-30,Nagarjuna Sagar,142.159,17.905
2020-01-31,Nagarjuna Sagar,140.05,8.952
2020-02-01,Nagarjuna Sagar,142.561,47.03
2020-02-02,Nagarjuna Sagar,150.0,85.108
2020-02-03,Nagarjuna Sagar,147.122,82.989
2020-02-04,Nagarjuna Sagar,156.891,70.629
2020-02-05,Nagarjuna Sagar,157.485,61.801
2020-02-06,Nagarjuna Sagar,150.059,39.199
2020-02-07,Nagarjuna Sagar,148.404,37.434
2020-02-08,Nagarjuna Sagar,109.067,78.045
2020-02-09,Nagarjuna Sagar,110.0,111.712
2020-02-10,Nagarjuna Sagar,98.866,145.378
2020-02-11,Nagarjuna Sagar,111.915,179.045
2020-02-12,Nagarjuna Sagar,117.124,178.692
2020-02-13,Nagarjuna Sagar,53.785,175.494
2020-02-14,Nagarjuna Sagar,54.831,172.296
2020-02-15,Nagarjuna Sagar,52.309,169.098
2020-02-16,Nagarjuna Sagar,50.0,165.9
2020-02-17,Nagarjuna Sagar,104.736,162.703
2020-02-18,Nagarjuna Sagar,107.349,159.505
2020-02-19,Nagarjuna Sagar,104.886,156.307
2020-02-20,Nagarjuna Sagar,106.853,153.109
2020-02-21,Nagarjuna Sagar,105.707,149.911
2020-02-22,Nagarjuna Sagar,109.374,146.713
2020-02-23,Nagarjuna Sagar,140.0,143.515
2020-02-24,Nagarjuna Sagar,144.317,140.317
2020-02-25,Nagarjuna Sagar,142.481,137.119
2020-02-26,Nagarjuna Sagar,146.215,133.921
2020-02-27,Nagarjuna Sagar,158.667,130.723
2020-02-28,Nagarjuna Sagar,147.589,127.525
2020-02-29,Nagarjuna Sagar,145.679,124.327
2020-03-01,Nagarjuna Sagar,140.0,121.129
2020-03-02,Nagarjuna Sagar,141.662,83.696
2020-03-03,Nagarjuna Sagar,143.61,84.049
2020-03-04,Nagarjuna Sagar,141.483,69.923
2020-03-05,Nagarjuna Sagar,141.972,61.801
2020-03-06,Nagarjuna Sagar,142.844,39.199
2020-03-07,Nagarjuna Sagar,145.411,37.434
2020-03-08,Nagarjuna Sagar,140.0,72.837
2020-03-09,Nagarjuna Sagar,124.355,108.239
2020-03-10,Nagarjuna Sagar,120.0,143.642
2020-03-11,Nagarjuna Sagar,51.389,179.045
2020-03-12,Nagarjuna Sagar,52.05,177.986
2020-03-13,Nagarjuna Sagar,51.464,175.055
2020-03-14,Nagarjuna Sagar,51.136,172.124
2020-03-15,Nagarjuna Sagar,150.0,169.193
2020-03-16,Nagarjuna Sagar,107.581,166.261
2020-03-17,Nagarjuna Sagar,128.008,163.33
2020-03-18,Nagarjuna Sagar,126.52,160.399
2020-03-19,Nagarjuna Sagar,128.332,157.468
2020-03-20,Nagarjuna Sagar,126.519,154.537
2020-03-21,Nagarjuna Sagar,127.981,151.606
2020-03-22,Nagarjuna Sagar,120.0,148.675
2020-03-23,Nagarjuna Sagar,50.419,145.744
2020-03-24,Nagarjuna Sagar,49.014,142.813
2020-03-25,Nagarjuna Sagar,50.0,139.881
2020-03-26,Nagarjuna Sagar,100.0,136.95
2020-03-27,Nagarjuna Sagar,100.0,134.019
2020-03-28,Nagarjuna Sagar,100.0,131.088
2020-03-29,Nagarjuna Sagar,100.0,128.157
2020-03-30,Nagarjuna Sagar,110.0,125.226
2020-03-31,Nagarjuna Sagar,100.0,122.295
2020-04-01,Nagarjuna Sagar,50.0,119.364
2020-04-02,Nagarjuna Sagar,50.0,84.049
2020-04-03,Nagarjuna Sagar,100.0,84.049
2020-04-04,Nagarjuna Sagar,100.0,69.217
2020-04-05,Nagarjuna Sagar,100.0,61.448
2020-04-06,Nagarjuna Sagar,100.0,39.199
2020-04-07,Nagarjuna Sagar,100.0,37.434
2020-04-08,Nagarjuna Sagar,100.0,72.837
2020-04-09,Nagarjuna Sagar,140.0,108.239
2020-04-10,Nagarjuna Sagar,90.0,143.642
2020-04-11,Nagarjuna Sagar,90.0,179.045
2020-04-12,Nagarjuna Sagar,160.0,177.633
2020-04-13,Nagarjuna Sagar,160.0,174.51
2020-04-14,Nagarjuna Sagar,160.0,171.388
2020-04-15,Nagarjuna Sagar,160.0,168.265
2020-04-16,Nagarjuna Sagar,150.0,165.143
2020-04-17,Nagarjuna Sagar,150.0,162.02
2020-04-18,Nagarjuna Sagar,145.0,158.897
2020-04-19,Nagarjuna Sagar,140.0,155.775
2020-04-20,Nagarjuna Sagar,110.335,152.652
2020-04-21,Nagarjuna Sagar,106.266,149.53
2020-04-22,Nagarjuna Sagar,104.093,146.407
2020-04-23,Nagarjuna Sagar,105.626,143.285
2020-04-24,Nagarjuna Sagar,107.938,140.162
2020-04-25,Nagarjuna Sagar,60.952,137.039
2020-04-26,Nagarjuna Sagar,50.0,133.917
2020-04-27,Nagarjuna Sagar,60.844,130.794
2020-04-28,Nagarjuna Sagar,58.616,127.672
2020-04-29,Nagarjuna Sagar,59.895,124.549
2020-04-30,Nagarjuna Sagar,60.681,121.427
2020-05-01,Nagarjuna Sagar,59.471,118.304
2020-05-02,Nagarjuna Sagar,59.826,82.636
2020-05-03,Nagarjuna Sagar,50.0,90.052
2020-05-04,Nagarjuna Sagar,11.006,68.51
2020-05-05,Nagarjuna Sagar,11.048,60.741
2020-05-06,Nagarjuna Sagar,11.201,38.846
2020-05-07,Nagarjuna Sagar,10.0,37.434
2020-05-08,Nagarjuna Sagar,11.291,72.44
2020-05-09,Nagarjuna Sagar,11.423,107.445
2020-05-10,Nagarjuna Sagar,10.0,142.451
2020-05-11,Nagarjuna Sagar,11.276,177.456
2020-05-12,Nagarjuna Sagar,11.343,177.28
2020-05-13,Nagarjuna Sagar,10.9,174.296
2020-05-14,Nagarjuna Sagar,11.003,171.311
2020-05-15,Nagarjuna Sagar,11.29,168.327
2020-05-16,Nagarjuna Sagar,11.438,165.343
2020-05-17,Nagarjuna Sagar,10.0,162.359
2020-05-18,Nagarjuna Sagar,11.01,159.375
2020-05-19,Nagarjuna Sagar,11.212,156.391
2020-05-20,Nagarjuna Sagar,11.111,153.407
2020-05-21,Nagarjuna Sagar,11.191,150.423
2020-05-22,Nagarjuna Sagar,11.073,147.439
2020-05-23,Nagarjuna Sagar,11.038,144.455
2020-05-24,Nagarjuna Sagar,10.0,141.471
2020-05-25,Nagarjuna Sagar,10.0,138.486
2020-05-26,Nagarjuna Sagar,11.478,135.502
2020-05-27,Nagarjuna Sagar,11.213,132.518
2020-05-28,Nagarjuna Sagar,11.232,129.534
2020-05-29,Nagarjuna Sagar,11.308,126.55
2020-05-30,Nagarjuna Sagar,11.112,123.566
2020-05-31,Nagarjuna Sagar,10.0,120.582
2020-06-01,Nagarjuna Sagar,11.255,117.598
2020-06-02,Nagarjuna Sagar,10.997,80.871
2020-06-03,Nagarjuna Sagar,11.379,91.465
2020-06-04,Nagarjuna Sagar,11.316,67.804
2020-06-05,Nagarjuna Sagar,11.192,60.388
2020-06-06,Nagarjuna Sagar,11.224,38.846
2020-06-07,Nagarjuna Sagar,10.0,37.08
2020-06-08,Nagarjuna Sagar,11.16,72.483
2020-06-09,Nagarjuna Sagar,11.29,107.886
2020-06-10,Nagarjuna Sagar,11.365,143.289
2020-06-11,Nagarjuna Sagar,11.325,178.692
2020-06-12,Nagarjuna Sagar,11.31,177.28
2020-06-13,Nagarjuna Sagar,11.391,174.12
2020-06-14,Nagarjuna Sagar,10.0,170.96
2020-06-15,Nagarjuna Sagar,11.349,167.8
2020-06-16,Nagarjuna Sagar,11.336,164.641
2020-06-17,Nagarjuna Sagar,11.293,161.481
2020-06-18,Nagarjuna Sagar,11.452,158.321
2020-06-19,Nagarjuna Sagar,11.302,155.161
2020-06-20,Nagarjuna Sagar,11.35,152.002
2020-06-21,Nagarjuna Sagar,10.0,148.842
2020-06-22,Nagarjuna Sagar,11.36,145.682
2020-06-23,Nagarjuna Sagar,11.323,142.523
2020-06-24,Nagarjuna Sagar,12.041,139.363
2020-06-25,Nagarjuna Sagar,11.316,136.203
2020-06-26,Nagarjuna Sagar,11.349,133.043
2020-06-27,Nagarjuna Sagar,11.361,129.884
2020-06-28,Nagarjuna Sagar,10.0,126.724
2020-06-29,Nagarjuna Sagar,11.381,123.564
2020-06-30,Nagarjuna Sagar,17.095,120.404
2020-07-01,Nagarjuna Sagar,11.429,117.245
2020-07-02,Nagarjuna Sagar,11.298,79.458
2020-07-03,Nagarjuna Sagar,11.348,90.759
2020-07-04,Nagarjuna Sagar,11.293,67.098
2020-07-05,Nagarjuna Sagar,33.0,52.796
2020-07-06,Nagarjuna Sagar,11.336,38.493
2020-07-07,Nagarjuna Sagar,11.366,37.08
2020-07-08,Nagarjuna Sagar,11.308,72.571
2020-07-09,Nagarjuna Sagar,12.061,108.062
2020-07-10,Nagarjuna Sagar,12.074,143.554
2020-07-11,Nagarjuna Sagar,16.768,179.045
2020-07-12,Nagarjuna Sagar,240.0,176.22
2020-07-13,Nagarjuna Sagar,12.275,173.236
2020-07-14,Nagarjuna Sagar,11.923,170.252
2020-07-15,Nagarjuna Sagar,58.792,167.268
2020-07-16,Nagarjuna Sagar,56.502,164.284
2020-07-17,Nagarjuna Sagar,48.045,161.3
2020-07-18,Nagarjuna Sagar,17.674,158.316
2020-07-19,Nagarjuna Sagar,115.0,155.332
2020-07-20,Nagarjuna Sagar,12.196,152.347
2020-07-21,Nagarjuna Sagar,17.688,149.363
2020-07-22,Nagarjuna Sagar,12.224,146.379
2020-07-23,Nagarjuna Sagar,12.244,143.395
2020-07-24,Nagarjuna Sagar,12.274,140.411
2020-07-25,Nagarjuna Sagar,12.207,137.427
2020-07-26,Nagarjuna Sagar,150.0,134.443
2020-07-27,Nagarjuna Sagar,10.234,131.459
2020-07-28,Nagarjuna Sagar,10.168,128.475
2020-07-29,Nagarjuna Sagar,46.205,125.491
2020-07-30,Nagarjuna Sagar,122.824,122.507
2020-07-31,Nagarjuna Sagar,172.874,119.522
2020-08-01,Nagarjuna Sagar,220.0,116.538
2020-08-02,Nagarjuna Sagar,100.0,78.752
2020-08-03,Nagarjuna Sagar,79.574,90.406
2020-08-04,Nagarjuna Sagar,74.162,66.038
2020-08-05,Nagarjuna Sagar,4.568,59.329
2020-08-06,Nagarjuna Sagar,4.61,38.493
2020-08-07,Nagarjuna Sagar,4.476,36.727
2020-08-08,Nagarjuna Sagar,93.406,72.306
2020-08-09,Nagarjuna Sagar,140.0,107.886
2020-08-10,Nagarjuna Sagar,165.59,143.466
2020-08-11,Nagarjuna Sagar,135.523,179.045
2020-08-12,Nagarjuna Sagar,4.559,175.514
2020-08-13,Nagarjuna Sagar,4.623,166.738
2020-08-14,Nagarjuna Sagar,4.457,157.963
2020-08-15,Nagarjuna Sagar,5.0,149.187
2020-08-16,Nagarjuna Sagar,220.0,140.411
2020-08-17,Nagarjuna Sagar,0.0,131.635
2020-08-18,Nagarjuna Sagar,0.0,122.86
2020-08-19,Nagarjuna Sagar,0.0,114.084
2020-08-20,Nagarjuna Sagar,0.0,105.308
2020-08-21,Nagarjuna Sagar,0.0,96.533
2020-08-22,Nagarjuna Sagar,3154.19,87.757
2020-08-23,Nagarjuna Sagar,9751.18,78.981
2020-08-24,Nagarjuna Sagar,5598.52,70.206
2020-08-25,Nagarjuna Sagar,1208.51,61.43
2020-08-26,Nagarjuna Sagar,0.0,52.654
2020-08-27,Nagarjuna Sagar,5730.8,43.878
2020-08-28,Nagarjuna Sagar,4896.72,35.103
2020-08-29,Nagarjuna Sagar,832.245,26.327
2020-08-30,Nagarjuna Sagar,240.0,17.551
2020-08-31,Nagarjuna Sagar,188.135,8.776
2020-09-01,Nagarjuna Sagar,136.271,43.588
2020-09-02,Nagarjuna Sagar,122.633,78.399
2020-09-03,Nagarjuna Sagar,191.503,89.346
2020-09-04,Nagarjuna Sagar,194.989,65.685
2020-09-05,Nagarjuna Sagar,258.285,58.622
2020-09-06,Nagarjuna Sagar,400.0,38.493
2020-09-07,Nagarjuna Sagar,222.44,36.727
2020-09-08,Nagarjuna Sagar,229.794,72.218
2020-09-09,Nagarjuna Sagar,226.019,107.709
2020-09-10,Nagarjuna Sagar,238.367,143.201
2020-09-11,Nagarjuna Sagar,928.221,178.692
2020-09-12,Nagarjuna Sagar,6890.16,174.454
2020-09-13,Nagarjuna Sagar,2600.0,171.239
2020-09-14,Nagarjuna Sagar,5730.8,168.023
2020-09-15,Nagarjuna Sagar,10076.84,164.808
2020-09-16,Nagarjuna Sagar,3393.963,161.592
2020-09-17,Nagarjuna Sagar,9433.9,158.377
2020-09-18,Nagarjuna Sagar,9433.9,155.161
2020-09-19,Nagarjuna Sagar,5673.1,151.946
2020-09-20,Nagarjuna Sagar,10800.0,148.731
2020-09-21,Nagarjuna Sagar,4793.2,145.515
2020-09-22,Nagarjuna Sagar,6435.36,142.3
2020-09-23,Nagarjuna Sagar,9275.59,139.084
2020-09-24,Nagarjuna Sagar,2104.584,135.869
2020-09-25,Nagarjuna Sagar,526.388,132.653
2020-09-26,Nagarjuna Sagar,4122.39,129.438
2020-09-27,Nagarjuna Sagar,11600.0,126.222
2020-09-28,Nagarjuna Sagar,15462.61,123.007
2020-09-29,Nagarjuna Sagar,6435.36,119.791
2020-09-30,Nagarjuna Sagar,3131.504,116.576
2020-10-01,Nagarjuna Sagar,2537.077,113.36
2020-10-02,Nagarjuna Sagar,7750.0,76.633
2020-10-03,Nagarjuna Sagar,2492.191,88.287
2020-10-04,Nagarjuna Sagar,2400.0,64.626
2020-10-05,Nagarjuna Sagar,1145.398,57.563
2020-10-06,Nagarjuna Sagar,1338.821,38.493
2020-10-07,Nagarjuna Sagar,1089.745,36.727
2020-10-08,Nagarjuna Sagar,961.477,72.218
2020-10-09,Nagarjuna Sagar,675.659,107.709
2020-10-10,Nagarjuna Sagar,231.811,143.201
2020-10-11,Nagarjuna Sagar,700.0,178.692
2020-10-12,Nagarjuna Sagar,306.776,174.101
2020-10-13,Nagarjuna Sagar,7168.93,170.994
2020-10-14,Nagarjuna Sagar,15462.61,167.886
2020-10-15,Nagarjuna Sagar,15505.63,164.778
2020-10-16,Nagarjuna Sagar,16947.03,161.671
2020-10-17,Nagarjuna Sagar,12482.1,158.563
2020-10-18,Nagarjuna Sagar,15500.0,155.455
2020-10-19,Nagarjuna Sagar,12348.55,152.347
2020-10-20,Nagarjuna Sagar,13463.8,149.24
2020-10-21,Nagarjuna Sagar,9919.45,146.132
2020-10-22,Nagarjuna Sagar,10240.65,143.024
2020-10-23,Nagarjuna Sagar,9919.45,139.917
2020-10-24,Nagarjuna Sagar,5033.31,136.809
2020-10-25,Nagarjuna Sagar,3650.0,133.701
2020-10-26,Nagarjuna Sagar,2124.172,130.594
2020-10-27,Nagarjuna Sagar,3711.05,127.486
2020-10-28,Nagarjuna Sagar,1994.044,124.378
2020-10-29,Nagarjuna Sagar,4323.73,121.271
2020-10-30,Nagarjuna Sagar,1350.0,118.163
2020-10-31,Nagarjuna Sagar,2674.958,115.055
2020-11-01,Nagarjuna Sagar,850.0,111.947
2020-11-02,Nagarjuna Sagar,978.763,75.573
2020-11-03,Nagarjuna Sagar,283.049,86.874
2020-11-04,Nagarjuna Sagar,199.198,63.92
2020-11-05,Nagarjuna Sagar,243.389,56.857
2020-11-06,Nagarjuna Sagar,440.754,38.14
2020-11-07,Nagarjuna Sagar,234.756,36.727
2020-11-08,Nagarjuna Sagar,300.0,72.218
2020-11-09,Nagarjuna Sagar,202.025,107.709
2020-11-10,Nagarjuna Sagar,156.15,143.201
2020-11-11,Nagarjuna Sagar,115.474,178.692
2020-11-12,Nagarjuna Sagar,112.468,178.339
2020-11-13,Nagarjuna Sagar,92.504,174.808
2020-11-14,Nagarjuna Sagar,70.0,171.276
2020-11-15,Nagarjuna Sagar,70.0,167.745
2020-11-16,Nagarjuna Sagar,59.093,164.213
2020-11-17,Nagarjuna Sagar,99.297,160.682
2020-11-18,Nagarjuna Sagar,108.536,157.15
2020-11-19,Nagarjuna Sagar,105.075,153.619
2020-11-20,Nagarjuna Sagar,141.174,150.087
2020-11-21,Nagarjuna Sagar,90.82,146.556
2020-11-22,Nagarjuna Sagar,230.0,143.024
2020-11-23,Nagarjuna Sagar,89.804,139.493
2020-11-24,Nagarjuna Sagar,89.053,135.961
2020-11-25,Nagarjuna Sagar,87.322,132.43
2020-11-26,Nagarjuna Sagar,98.053,128.899
2020-11-27,Nagarjuna Sagar,97.052,125.367
2020-11-28,Nagarjuna Sagar,195.437,121.836
2020-11-29,Nagarjuna Sagar,350.0,118.304
2020-11-30,Nagarjuna Sagar,220.0,114.773
2020-12-01,Nagarjuna Sagar,58.944,111.241
2020-12-02,Nagarjuna Sagar,57.933,74.867
2020-12-03,Nagarjuna Sagar,98.335,69.394
2020-12-04,Nagarjuna Sagar,89.467,63.92
2020-12-05,Nagarjuna Sagar,58.106,56.15
2020-12-06,Nagarjuna Sagar,60.0,38.14
2020-12-07,Nagarjuna Sagar,90.419,36.727
2020-12-08,Nagarjuna Sagar,59.096,72.306
2020-12-09,Nagarjuna Sagar,87.399,107.886
2020-12-10,Nagarjuna Sagar,96.335,143.466
2020-12-11,Nagarjuna Sagar,58.947,179.045
2020-12-12,Nagarjuna Sagar,58.045,173.395
2020-12-13,Nagarjuna Sagar,60.0,171.876
2020-12-14,Nagarjuna Sagar,97.054,170.358
2020-12-15,Nagarjuna Sagar,58.182,168.839
2020-12-16,Nagarjuna Sagar,57.573,167.321
2020-12-17,Nagarjuna Sagar,101.119,165.802
2020-12-18,Nagarjuna Sagar,103.608,164.284
2020-12-19,Nagarjuna Sagar,102.583,162.765
2020-12-20,Nagarjuna Sagar,110.0,161.247
2020-12-21,Nagarjuna Sagar,96.155,159.728
2020-12-22,Nagarjuna Sagar,94.048,158.21
2020-12-23,Nagarjuna Sagar,93.432,156.691
2020-12-24,Nagarjuna Sagar,93.091,155.173
2020-12-25,Nagarjuna Sagar,100.0,153.654
2020-12-26,Nagarjuna Sagar,94.303,152.136
2020-12-27,Nagarjuna Sagar,110.0,150.617
2020-12-28,Nagarjuna Sagar,143.402,149.099
2020-12-29,Nagarjuna Sagar,144.038,147.58
2020-12-30,Nagarjuna Sagar,143.661,146.061
2020-12-31,Nagarjuna Sagar,142.744,144.543
2021-01-01,Nagarjuna Sagar,141.738,143.024
2021-01-02,Nagarjuna Sagar,142.319,104.885
2021-01-03,Nagarjuna Sagar,160.0,80.871
2021-01-04,Nagarjuna Sagar,142.128,70.629
2021-01-05,Nagarjuna Sagar,143.049,52.619
2021-01-06,Nagarjuna Sagar,142.669,42.731
2021-01-07,Nagarjuna Sagar,143.209,44.496
2021-01-08,Nagarjuna Sagar,137.527,78.486
2021-01-09,Nagarjuna Sagar,138.083,112.477
2021-01-10,Nagarjuna Sagar,140.0,146.468
2021-01-11,Nagarjuna Sagar,133.623,180.458
2021-01-12,Nagarjuna Sagar,133.135,175.514
2021-01-13,Nagarjuna Sagar,134.084,173.836
2021-01-14,Nagarjuna Sagar,135.0,172.159
2021-01-15,Nagarjuna Sagar,93.37,170.482
2021-01-16,Nagarjuna Sagar,92.963,168.804
2021-01-17,Nagarjuna Sagar,100.0,167.127
2021-01-18,Nagarjuna Sagar,94.39,165.449
2021-01-19,Nagarjuna Sagar,93.927,163.772
2021-01-20,Nagarjuna Sagar,134.129,162.094
2021-01-21,Nagarjuna Sagar,131.874,160.417
2021-01-22,Nagarjuna Sagar,131.642,158.739
2021-01-23,Nagarjuna Sagar,132.513,157.062
2021-01-24,Nagarjuna Sagar,0.0,155.385
2021-01-25,Nagarjuna Sagar,132.543,153.707
2021-01-26,Nagarjuna Sagar,135.0,152.03
2021-01-27,Nagarjuna Sagar,133.559,150.352
2021-01-28,Nagarjuna Sagar,133.999,148.675
2021-01-29,Nagarjuna Sagar,134.751,146.997
2021-01-30,Nagarjuna Sagar,133.165,145.32
2021-01-31,Nagarjuna Sagar,135.0,143.642
2021-02-01,Nagarjuna Sagar,95.08,141.965
2021-02-02,Nagarjuna Sagar,92.397,104.178
2021-02-03,Nagarjuna Sagar,91.907,80.517
2021-02-04,Nagarjuna Sagar,91.594,69.923
2021-02-05,Nagarjuna Sagar,92.334,52.266
2021-02-06,Nagarjuna Sagar,120.329,42.378
2021-02-07,Nagarjuna Sagar,115.0,44.496
2021-02-08,Nagarjuna Sagar,142.236,78.486
2021-02-09,Nagarjuna Sagar,116.142,112.477
2021-02-10,Nagarjuna Sagar,110.864,146.468
2021-02-11,Nagarjuna Sagar,109.487,180.458
2021-02-12,Nagarjuna Sagar,110.111,175.867
2021-02-13,Nagarjuna Sagar,139.278,173.769
2021-02-14,Nagarjuna Sagar,160.0,171.671
2021-02-15,Nagarjuna Sagar,140.337,169.573
2021-02-16,Nagarjuna Sagar,141.484,167.475
2021-02-17,Nagarjuna Sagar,140.497,165.377
2021-02-18,Nagarjuna Sagar,142.058,163.278
2021-02-19,Nagarjuna Sagar,138.924,161.18
2021-02-20,Nagarjuna Sagar,138.075,159.082
2021-02-21,Nagarjuna Sagar,140.0,156.984
2021-02-22,Nagarjuna Sagar,136.221,154.886
2021-02-23,Nagarjuna Sagar,134.903,152.788
2021-02-24,Nagarjuna Sagar,134.158,150.69
2021-02-25,Nagarjuna Sagar,133.337,148.592
2021-02-26,Nagarjuna Sagar,115.239,146.494
2021-02-27,Nagarjuna Sagar,113.076,144.395
2021-02-28,Nagarjuna Sagar,110.0,142.297
2021-03-01,Nagarjuna Sagar,141.356,140.199
2021-03-02,Nagarjuna Sagar,140.945,102.766
2021-03-03,Nagarjuna Sagar,143.434,79.811
2021-03-04,Nagarjuna Sagar,144.497,70.629
2021-03-05,Nagarjuna Sagar,150.929,52.266
2021-03-06,Nagarjuna Sagar,153.801,42.378
2021-03-07,Nagarjuna Sagar,160.0,44.143
2021-03-08,Nagarjuna Sagar,155.683,77.957
2021-03-09,Nagarjuna Sagar,154.706,111.771
2021-03-10,Nagarjuna Sagar,152.047,145.585
2021-03-11,Nagarjuna Sagar,152.46,179.399
2021-03-12,Nagarjuna Sagar,147.507,175.867
2021-03-13,Nagarjuna Sagar,131.954,174.013
2021-03-14,Nagarjuna Sagar,135.0,172.159
2021-03-15,Nagarjuna Sagar,134.153,170.305
2021-03-16,Nagarjuna Sagar,131.552,168.451
2021-03-17,Nagarjuna Sagar,133.342,166.597
2021-03-18,Nagarjuna Sagar,134.267,164.743
2021-03-19,Nagarjuna Sagar,115.831,162.889
2021-03-20,Nagarjuna Sagar,111.995,161.035
2021-03-21,Nagarjuna Sagar,110.0,159.181
2021-03-22,Nagarjuna Sagar,109.532,157.327
2021-03-23,Nagarjuna Sagar,106.496,155.473
2021-03-24,Nagarjuna Sagar,107.812,153.619
2021-03-25,Nagarjuna Sagar,108.474,151.765
2021-03-26,Nagarjuna Sagar,153.45,149.911
2021-03-27,Nagarjuna Sagar,150.29,148.057
2021-03-28,Nagarjuna Sagar,160.0,146.203
2021-03-29,Nagarjuna Sagar,148.037,144.349
2021-03-30,Nagarjuna Sagar,145.682,142.495
2021-03-31,Nagarjuna Sagar,122.62,140.641
2021-04-01,Nagarjuna Sagar,117.179,138.787
2021-04-02,Nagarjuna Sagar,115.0,101.706
2021-04-03,Nagarjuna Sagar,115.789,78.399
2021-04-04,Nagarjuna Sagar,115.0,70.629
2021-04-05,Nagarjuna Sagar,115.666,51.559
2021-04-06,Nagarjuna Sagar,114.988,42.378
2021-04-07,Nagarjuna Sagar,115.352,42.378
2021-04-08,Nagarjuna Sagar,115.902,76.324
2021-04-09,Nagarjuna Sagar,115.466,110.27
2021-04-10,Nagarjuna Sagar,114.617,144.216
2021-04-11,Nagarjuna Sagar,115.0,178.162
2021-04-12,Nagarjuna Sagar,115.015,176.22
2021-04-13,Nagarjuna Sagar,115.0,174.176
2021-04-14,Nagarjuna Sagar,110.0,172.131
2021-04-15,Nagarjuna Sagar,106.974,170.087
2021-04-16,Nagarjuna Sagar,105.415,168.042
2021-04-17,Nagarjuna Sagar,77.973,165.998
2021-04-18,Nagarjuna Sagar,30.0,163.953
2021-04-19,Nagarjuna Sagar,17.882,161.908
2021-04-20,Nagarjuna Sagar,18.11,159.864
2021-04-21,Nagarjuna Sagar,58.211,157.819
2021-04-22,Nagarjuna Sagar,57.106,155.775
2021-04-23,Nagarjuna Sagar,56.367,153.73
2021-04-24,Nagarjuna Sagar,55.689,151.686
2021-04-25,Nagarjuna Sagar,60.0,149.641
2021-04-26,Nagarjuna Sagar,18.598,147.597
2021-04-27,Nagarjuna Sagar,18.769,145.552
2021-04-28,Nagarjuna Sagar,19.093,143.508
2021-04-29,Nagarjuna Sagar,18.548,141.463
2021-04-30,Nagarjuna Sagar,18.368,139.419
2021-05-01,Nagarjuna Sagar,57.301,137.374
2021-05-02,Nagarjuna Sagar,60.0,100.294
2021-05-03,Nagarjuna Sagar,56.908,77.339
2021-05-04,Nagarjuna Sagar,57.714,69.57
2021-05-05,Nagarjuna Sagar,57.291,51.206
2021-05-06,Nagarjuna Sagar,54.731,42.378
2021-05-07,Nagarjuna Sagar,54.655,42.378
2021-05-08,Nagarjuna Sagar,54.87,76.545
2021-05-09,Nagarjuna Sagar,50.0,110.711
2021-05-10,Nagarjuna Sagar,18.429,144.878
2021-05-11,Nagarjuna Sagar,17.838,179.045
2021-05-12,Nagarjuna Sagar,17.569,175.514
2021-05-13,Nagarjuna Sagar,17.789,173.519
2021-05-14,Nagarjuna Sagar,30.0,171.523
2021-05-15,Nagarjuna Sagar,17.306,169.528
2021-05-16,Nagarjuna Sagar,30.0,167.533
2021-05-17,Nagarjuna Sagar,17.508,165.538
2021-05-18,Nagarjuna Sagar,17.763,163.542
2021-05-19,Nagarjuna Sagar,17.485,161.547
2021-05-20,Nagarjuna Sagar,17.636,159.552
2021-05-21,Nagarjuna Sagar,17.192,157.556
2021-05-22,Nagarjuna Sagar,17.324,155.561
2021-05-23,Nagarjuna Sagar,30.0,153.566
2021-05-24,Nagarjuna Sagar,17.813,151.571
2021-05-25,Nagarjuna Sagar,17.668,149.575
2021-05-26,Nagarjuna Sagar,30.0,147.58
2021-05-27,Nagarjuna Sagar,17.319,145.585
2021-05-28,Nagarjuna Sagar,17.425,143.589
2021-05-29,Nagarjuna Sagar,17.474,141.594
2021-05-30,Nagarjuna Sagar,30.0,139.599
2021-05-31,Nagarjuna Sagar,17.019,137.604
2021-06-01,Nagarjuna Sagar,16.987,135.608
2021-06-02,Nagarjuna Sagar,17.124,99.587
2021-06-03,Nagarjuna Sagar,17.623,76.633
2021-06-04,Nagarjuna Sagar,18.243,68.864
2021-06-05,Nagarjuna Sagar,17.61,50.853
2021-06-06,Nagarjuna Sagar,20.0,42.731
2021-06-07,Nagarjuna Sagar,18.025,41.318
2021-06-08,Nagarjuna Sagar,17.657,75.75
2021-06-09,Nagarjuna Sagar,17.38,110.181
2021-06-10,Nagarjuna Sagar,16.701,144.613
2021-06-11,Nagarjuna Sagar,8.844,179.045
2021-06-12,Nagarjuna Sagar,9.107,174.454
2021-06-13,Nagarjuna Sagar,10.0,172.354
2021-06-14,Nagarjuna Sagar,9.038,170.254
2021-06-15,Nagarjuna Sagar,9.304,168.154
2021-06-16,Nagarjuna Sagar,9.004,166.053
2021-06-17,Nagarjuna Sagar,9.196,163.953
2021-06-18,Nagarjuna Sagar,9.011,161.853
2021-06-19,Nagarjuna Sagar,9.035,159.752
2021-06-20,Nagarjuna Sagar,10.0,157.652
2021-06-21,Nagarjuna Sagar,3.938,155.552
2021-06-22,Nagarjuna Sagar,9.126,153.452
2021-06-23,Nagarjuna Sagar,9.167,151.351
2021-06-24,Nagarjuna Sagar,9.095,149.251
2021-06-25,Nagarjuna Sagar,9.11,147.151
2021-06-26,Nagarjuna Sagar,9.307,145.05
2021-06-27,Nagarjuna Sagar,10.0,142.95
2021-06-28,Nagarjuna Sagar,9.193,140.85
2021-06-29,Nagarjuna Sagar,9.325,138.749
2021-06-30,Nagarjuna Sagar,70.424,136.649
2021-07-01,Nagarjuna Sagar,195.966,134.549
2021-07-02,Nagarjuna Sagar,205.966,98.528
2021-07-03,Nagarjuna Sagar,204.641,75.927
2021-07-04,Nagarjuna Sagar,200.0,67.804
2021-07-05,Nagarjuna Sagar,173.421,50.5
2021-07-06,Nagarjuna Sagar,205.297,42.731
2021-07-07,Nagarjuna Sagar,211.079,39.906
2021-07-08,Nagarjuna Sagar,296.601,74.868
2021-07-09,Nagarjuna Sagar,370.801,109.829
2021-07-10,Nagarjuna Sagar,192.241,144.79
2021-07-11,Nagarjuna Sagar,160.0,179.752
2021-07-12,Nagarjuna Sagar,109.157,174.101
2021-07-13,Nagarjuna Sagar,20.696,172.053
2021-07-14,Nagarjuna Sagar,10.22,170.005
2021-07-15,Nagarjuna Sagar,26.249,167.957
2021-07-16,Nagarjuna Sagar,30.128,165.908
2021-07-17,Nagarjuna Sagar,27.698,163.86
2021-07-18,Nagarjuna Sagar,160.0,161.812
2021-07-19,Nagarjuna Sagar,179.524,159.764
2021-07-20,Nagarjuna Sagar,159.568,157.715
2021-07-21,Nagarjuna Sagar,200.0,155.667
2021-07-22,Nagarjuna Sagar,193.894,153.619
2021-07-23,Nagarjuna Sagar,1812.694,151.571
2021-07-24,Nagarjuna Sagar,999.984,149.522
2021-07-25,Nagarjuna Sagar,450.0,147.474
2021-07-26,Nagarjuna Sagar,334.082,145.426
2021-07-27,Nagarjuna Sagar,310.815,143.378
2021-07-28,Nagarjuna Sagar,191.98,141.329
2021-07-29,Nagarjuna Sagar,204.546,139.281
2021-07-30,Nagarjuna Sagar,785.419,137.233
2021-07-31,Nagarjuna Sagar,1046.084,135.185
2021-08-01,Nagarjuna Sagar,807.2,133.136
2021-08-02,Nagarjuna Sagar,9992.0,97.115
2021-08-03,Nagarjuna Sagar,6918.0,74.514
2021-08-04,Nagarjuna Sagar,1362.761,67.098
2021-08-05,Nagarjuna Sagar,4424.0,50.147
2021-08-06,Nagarjuna Sagar,13848.0,42.731
2021-08-07,Nagarjuna Sagar,1158.025,38.493
2021-08-08,Nagarjuna Sagar,80.0,73.984
2021-08-09,Nagarjuna Sagar,390.4,109.476
2021-08-10,Nagarjuna Sagar,584.315,144.967
2021-08-11,Nagarjuna Sagar,631.105,180.458
2021-08-12,Nagarjuna Sagar,484.973,174.101
2021-08-13,Nagarjuna Sagar,482.741,171.965
2021-08-14,Nagarjuna Sagar,2202.304,169.828
2021-08-15,Nagarjuna Sagar,600.0,167.692
2021-08-16,Nagarjuna Sagar,2138.52,165.555
2021-08-17,Nagarjuna Sagar,1204.472,163.419
2021-08-18,Nagarjuna Sagar,1260.92,161.282
2021-08-19,Nagarjuna Sagar,219.976,159.146
2021-08-20,Nagarjuna Sagar,200.0,157.009
2021-08-21,Nagarjuna Sagar,625.241,154.872
2021-08-22,Nagarjuna Sagar,1000.0,152.736
2021-08-23,Nagarjuna Sagar,391.53,150.599
2021-08-24,Nagarjuna Sagar,955.583,148.463
2021-08-25,Nagarjuna Sagar,997.991,146.326
2021-08-26,Nagarjuna Sagar,981.422,144.19
2021-08-27,Nagarjuna Sagar,1067.204,142.053
2021-08-28,Nagarjuna Sagar,1255.929,139.917
2021-08-29,Nagarjuna Sagar,1480.0,137.78
2021-08-30,Nagarjuna Sagar,1018.256,135.644
2021-08-31,Nagarjuna Sagar,1313.653,133.507
2021-09-01,Nagarjuna Sagar,1438.622,131.371
2021-09-02,Nagarjuna Sagar,1936.389,95.703
2021-09-03,Nagarjuna Sagar,994.088,73.808
2021-09-04,Nagarjuna Sagar,1378.727,66.038
2021-09-05,Nagarjuna Sagar,1240.0,49.794
2021-09-06,Nagarjuna Sagar,562.732,43.26
2021-09-07,Nagarjuna Sagar,1461.994,36.727
2021-09-08,Nagarjuna Sagar,837.528,72.66
2021-09-09,Nagarjuna Sagar,1096.71,108.592
2021-09-10,Nagarjuna Sagar,600.0,144.525
2021-09-11,Nagarjuna Sagar,760.0,180.458
2021-09-12,Nagarjuna Sagar,360.0,173.395
2021-09-13,Nagarjuna Sagar,362.797,171.109
2021-09-14,Nagarjuna Sagar,1079.858,168.823
2021-09-15,Nagarjuna Sagar,1010.221,166.537
2021-09-16,Nagarjuna Sagar,1005.891,164.25
2021-09-17,Nagarjuna Sagar,2511.092,161.964
2021-09-18,Nagarjuna Sagar,1552.38,159.678
2021-09-19,Nagarjuna Sagar,640.0,157.392
2021-09-20,Nagarjuna Sagar,1213.295,155.106
2021-09-21,Nagarjuna Sagar,1587.339,152.82
2021-09-22,Nagarjuna Sagar,1521.249,150.533
2021-09-23,Nagarjuna Sagar,1558.548,148.247
2021-09-24,Nagarjuna Sagar,2156.873,145.961
2021-09-25,Nagarjuna Sagar,1871.489,143.675
2021-09-26,Nagarjuna Sagar,1880.0,141.389
2021-09-27,Nagarjuna Sagar,2461.768,139.103
2021-09-28,Nagarjuna Sagar,2379.955,136.816
2021-09-29,Nagarjuna Sagar,2213.419,134.53
2021-09-30,Nagarjuna Sagar,2582.65,132.244
2021-10-01,Nagarjuna Sagar,2502.6,129.958
2021-10-02,Nagarjuna Sagar,2350.0,95.35
2021-10-03,Nagarjuna Sagar,1300.0,73.808
2021-10-04,Nagarjuna Sagar,1372.094,64.979
2021-10-05,Nagarjuna Sagar,1541.246,49.441
2021-10-06,Nagarjuna Sagar,1877.142,42.202
2021-10-07,Nagarjuna Sagar,1066.33,34.962
2021-10-08,Nagarjuna Sagar,1798.545,71.16
2021-10-09,Nagarjuna Sagar,1500.0,107.357
2021-10-10,Nagarjuna Sagar,1500.0,143.555
2021-10-11,Nagarjuna Sagar,2894.525,179.752
2021-10-12,Nagarjuna Sagar,4399.0,170.217
2021-10-13,Nagarjuna Sagar,3896.0,168.133
2021-10-14,Nagarjuna Sagar,1875.372,166.05
2021-10-15,Nagarjuna Sagar,1800.0,163.966
2021-10-16,Nagarjuna Sagar,1861.522,161.882
2021-10-17,Nagarjuna Sagar,1440.0,159.799
2021-10-18,Nagarjuna Sagar,1336.397,157.715
2021-10-19,Nagarjuna Sagar,1672.368,155.632
2021-10-20,Nagarjuna Sagar,2008.339,153.548
2021-10-21,Nagarjuna Sagar,1273.487,151.465
2021-10-22,Nagarjuna Sagar,1524.5,149.381
2021-10-23,Nagarjuna Sagar,1006.525,147.297
2021-10-24,Nagarjuna Sagar,980.0,145.214
2021-10-25,Nagarjuna Sagar,949.39,143.13
2021-10-26,Nagarjuna Sagar,1008.503,141.047
2021-10-27,Nagarjuna Sagar,1478.624,138.963
2021-10-28,Nagarjuna Sagar,1110.01,136.88
2021-10-29,Nagarjuna Sagar,1346.326,134.796
2021-10-30,Nagarjuna Sagar,1851.898,132.713
2021-10-31,Nagarjuna Sagar,980.0,130.629
2021-11-01,Nagarjuna Sagar,1494.896,128.545
2021-11-02,Nagarjuna Sagar,2014.943,94.996
2021-11-03,Nagarjuna Sagar,1495.764,73.455
2021-11-04,Nagarjuna Sagar,1280.0,64.273
2021-11-05,Nagarjuna Sagar,971.046,49.087
2021-11-06,Nagarjuna Sagar,915.181,42.378
2021-11-07,Nagarjuna Sagar,920.0,34.608
2021-11-08,Nagarjuna Sagar,895.808,70.806
2021-11-09,Nagarjuna Sagar,875.853,107.004
2021-11-10,Nagarjuna Sagar,1193.825,143.201
2021-11-11,Nagarjuna Sagar,1364.892,179.399
2021-11-12,Nagarjuna Sagar,1188.304,172.336
2021-11-13,Nagarjuna Sagar,760.0,169.956
2021-11-14,Nagarjuna Sagar,760.0,167.577
2021-11-15,Nagarjuna Sagar,415.873,165.198
2021-11-16,Nagarjuna Sagar,372.732,162.819
2021-11-17,Nagarjuna Sagar,220.145,160.44
2021-11-18,Nagarjuna Sagar,188.177,158.061
2021-11-19,Nagarjuna Sagar,200.0,155.682
2021-11-20,Nagarjuna Sagar,20.491,153.303
2021-11-21,Nagarjuna Sagar,20.0,150.924
2021-11-22,Nagarjuna Sagar,16.612,148.545
2021-11-23,Nagarjuna Sagar,12.013,146.166
2021-11-24,Nagarjuna Sagar,13.343,143.786
2021-11-25,Nagarjuna Sagar,13.115,141.407
2021-11-26,Nagarjuna Sagar,13.037,139.028
2021-11-27,Nagarjuna Sagar,12.875,136.649
2021-11-28,Nagarjuna Sagar,15.0,134.27
2021-11-29,Nagarjuna Sagar,52.391,131.891
2021-11-30,Nagarjuna Sagar,50.273,129.512
2021-12-01,Nagarjuna Sagar,50.478,127.133
2021-12-02,Nagarjuna Sagar,49.19,93.937
2021-12-03,Nagarjuna Sagar,48.467,73.101
2021-12-04,Nagarjuna Sagar,75.169,63.566
2021-12-05,Nagarjuna Sagar,60.0,49.087
2021-12-06,Nagarjuna Sagar,65.091,42.378
2021-12-07,Nagarjuna Sagar,174.126,35.315
2021-12-08,Nagarjuna Sagar,209.135,71.071
2021-12-09,Nagarjuna Sagar,65.458,106.827
2021-12-10,Nagarjuna Sagar,65.606,142.583
2021-12-11,Nagarjuna Sagar,60.0,178.339
2021-12-12,Nagarjuna Sagar,60.0,171.276
2021-12-13,Nagarjuna Sagar,68.121,170.305
2021-12-14,Nagarjuna Sagar,66.903,169.334
2021-12-15,Nagarjuna Sagar,66.739,168.363
2021-12-16,Nagarjuna Sagar,68.908,167.392
2021-12-17,Nagarjuna Sagar,66.299,166.42
2021-12-18,Nagarjuna Sagar,65.157,165.449
2021-12-19,Nagarjuna Sagar,70.0,164.478
2021-12-20,Nagarjuna Sagar,85.936,163.507
2021-12-21,Nagarjuna Sagar,83.98,162.536
2021-12-22,Nagarjuna Sagar,82.467,161.565
2021-12-23,Nagarjuna Sagar,81.416,160.593
2021-12-24,Nagarjuna Sagar,81.759,159.622
2021-12-25,Nagarjuna Sagar,70.0,158.651
2021-12-26,Nagarjuna Sagar,70.0,157.68
2021-12-27,Nagarjuna Sagar,82.49,156.709
2021-12-28,Nagarjuna Sagar,81.936,155.738
2021-12-29,Nagarjuna Sagar,80.983,154.767
2021-12-30,Nagarjuna Sagar,84.04,153.795
2021-12-31,Nagarjuna Sagar,82.681,152.824
2022-01-01,Nagarjuna Sagar,80.812,151.853
2022-01-02,Nagarjuna Sagar,70.0,148.322
2022-01-03,Nagarjuna Sagar,165.372,129.252
2022-01-04,Nagarjuna Sagar,134.2,91.642
2022-01-05,Nagarjuna Sagar,84.006,54.031
2022-01-06,Nagarjuna Sagar,80.903,47.675
2022-01-07,Nagarjuna Sagar,80.903,40.259
2022-01-08,Nagarjuna Sagar,70.0,74.956
2022-01-09,Nagarjuna Sagar,70.0,109.652
2022-01-10,Nagarjuna Sagar,83.765,144.348
2022-01-11,Nagarjuna Sagar,83.02,179.045
2022-01-12,Nagarjuna Sagar,82.649,171.629
2022-01-13,Nagarjuna Sagar,82.901,170.587
2022-01-14,Nagarjuna Sagar,20.0,169.546
2022-01-15,Nagarjuna Sagar,81.621,168.504
2022-01-16,Nagarjuna Sagar,20.0,167.462
2022-01-17,Nagarjuna Sagar,0.0,166.42
2022-01-18,Nagarjuna Sagar,0.0,165.379
2022-01-19,Nagarjuna Sagar,0.0,164.337
2022-01-20,Nagarjuna Sagar,18.55,163.295
2022-01-21,Nagarjuna Sagar,18.402,162.253
2022-01-22,Nagarjuna Sagar,75.266,161.211
2022-01-23,Nagarjuna Sagar,70.0,160.17
2022-01-24,Nagarjuna Sagar,77.468,159.128
2022-01-25,Nagarjuna Sagar,78.219,158.086
2022-01-26,Nagarjuna Sagar,70.0,157.044
2022-01-27,Nagarjuna Sagar,75.854,156.003
2022-01-28,Nagarjuna Sagar,76.854,154.961
2022-01-29,Nagarjuna Sagar,75.456,153.919
2022-01-30,Nagarjuna Sagar,70.0,152.877
2022-01-31,Nagarjuna Sagar,79.058,151.835
2022-02-01,Nagarjuna Sagar,79.871,150.794
2022-02-02,Nagarjuna Sagar,79.956,150.087
2022-02-03,Nagarjuna Sagar,79.725,127.839
2022-02-04,Nagarjuna Sagar,80.434,90.935
2022-02-05,Nagarjuna Sagar,81.017,54.031
2022-02-06,Nagarjuna Sagar,70.0,47.675
2022-02-07,Nagarjuna Sagar,78.267,39.552
2022-02-08,Nagarjuna Sagar,76.476,74.514
2022-02-09,Nagarjuna Sagar,74.583,109.476
2022-02-10,Nagarjuna Sagar,76.599,144.437
2022-02-11,Nagarjuna Sagar,78.789,179.399
2022-02-12,Nagarjuna Sagar,70.0,172.336
2022-02-13,Nagarjuna Sagar,70.0,170.985
2022-02-14,Nagarjuna Sagar,170.336,169.635
2022-02-15,Nagarjuna Sagar,188.42,168.285
2022-02-16,Nagarjuna Sagar,172.365,166.935
2022-02-17,Nagarjuna Sagar,158.886,165.584
2022-02-18,Nagarjuna Sagar,122.018,164.234
2022-02-19,Nagarjuna Sagar,126.127,162.884
2022-02-20,Nagarjuna Sagar,100.0,161.533
2022-02-21,Nagarjuna Sagar,130.437,160.183
2022-02-22,Nagarjuna Sagar,86.564,158.833
2022-02-23,Nagarjuna Sagar,84.579,157.483
2022-02-24,Nagarjuna Sagar,84.626,156.132
2022-02-25,Nagarjuna Sagar,90.433,154.782
2022-02-26,Nagarjuna Sagar,91.744,153.432
2022-02-27,Nagarjuna Sagar,80.0,152.082
2022-02-28,Nagarjuna Sagar,91.981,150.731
2022-03-01,Nagarjuna Sagar,93.983,149.381
2022-03-02,Nagarjuna Sagar,94.08,151.853
2022-03-03,Nagarjuna Sagar,95.284,126.073
2022-03-04,Nagarjuna Sagar,94.645,90.052
2022-03-05,Nagarjuna Sagar,95.7,54.031
2022-03-06,Nagarjuna Sagar,80.0,47.675
2022-03-07,Nagarjuna Sagar,212.294,39.199
2022-03-08,Nagarjuna Sagar,195.79,74.337
2022-03-09,Nagarjuna Sagar,174.435,109.476
2022-03-10,Nagarjuna Sagar,89.691,144.614
2022-03-11,Nagarjuna Sagar,88.525,179.752
2022-03-12,Nagarjuna Sagar,80.0,172.336
2022-03-13,Nagarjuna Sagar,80.0,171.153
2022-03-14,Nagarjuna Sagar,93.963,169.969
2022-03-15,Nagarjuna Sagar,178.344,168.786
2022-03-16,Nagarjuna Sagar,170.801,167.603
2022-03-17,Nagarjuna Sagar,114.479,166.42
2022-03-18,Nagarjuna Sagar,80.0,165.237
2022-03-19,Nagarjuna Sagar,79.408,164.054
2022-03-20,Nagarjuna Sagar,70.0,162.871
2022-03-21,Nagarjuna Sagar,79.926,161.688
2022-03-22,Nagarjuna Sagar,78.968,160.505
2022-03-23,Nagarjuna Sagar,77.078,159.322
2022-03-24,Nagarjuna Sagar,77.858,158.139
2022-03-25,Nagarjuna Sagar,79.43,156.956
2022-03-26,Nagarjuna Sagar,80.26,155.773
2022-03-27,Nagarjuna Sagar,70.0,154.59
2022-03-28,Nagarjuna Sagar,78.751,153.407
2022-03-29,Nagarjuna Sagar,15.175,152.224
2022-03-30,Nagarjuna Sagar,19.848,151.041
2022-03-31,Nagarjuna Sagar,18.763,149.858
2022-04-01,Nagarjuna Sagar,18.915,148.675
2022-04-02,Nagarjuna Sagar,18.031,153.619
2022-04-03,Nagarjuna Sagar,15.0,124.308
2022-04-04,Nagarjuna Sagar,172.99,88.993
2022-04-05,Nagarjuna Sagar,17.988,53.678
2022-04-06,Nagarjuna Sagar,17.851,47.675
2022-04-07,Nagarjuna Sagar,17.542,38.493
2022-04-08,Nagarjuna Sagar,79.293,73.896
2022-04-09,Nagarjuna Sagar,70.0,109.299
2022-04-10,Nagarjuna Sagar,70.0,144.702
2022-04-11,Nagarjuna Sagar,77.827,180.105
2022-04-12,Nagarjuna Sagar,77.932,171.276
2022-04-13,Nagarjuna Sagar,78.3,170.068
2022-04-14,Nagarjuna Sagar,70.0,168.86
2022-04-15,Nagarjuna Sagar,70.0,167.652
2022-04-16,Nagarjuna Sagar,77.682,166.444
2022-04-17,Nagarjuna Sagar,70.0,165.235
2022-04-18,Nagarjuna Sagar,77.472,164.027
2022-04-19,Nagarjuna Sagar,79.207,162.819
2022-04-20,Nagarjuna Sagar,77.732,161.611
2022-04-21,Nagarjuna Sagar,145.73,160.403
2022-04-22,Nagarjuna Sagar,148.259,159.195
2022-04-23,Nagarjuna Sagar,145.049,157.987
2022-04-24,Nagarjuna Sagar,140.0,156.779
2022-04-25,Nagarjuna Sagar,148.387,155.57
2022-04-26,Nagarjuna Sagar,148.195,154.362
2022-04-27,Nagarjuna Sagar,123.556,153.154
2022-04-28,Nagarjuna Sagar,118.428,151.946
2022-04-29,Nagarjuna Sagar,121.087,150.738
2022-04-30,Nagarjuna Sagar,113.363,149.53
2022-05-01,Nagarjuna Sagar,110.0,148.322
2022-05-02,Nagarjuna Sagar,159.016,154.678
2022-05-03,Nagarjuna Sagar,160.0,122.542
2022-05-04,Nagarjuna Sagar,172.99,88.11
2022-05-05,Nagarjuna Sagar,198.358,53.678
2022-05-06,Nagarjuna Sagar,195.975,47.322
2022-05-07,Nagarjuna Sagar,195.241,37.434
2022-05-08,Nagarjuna Sagar,110.0,73.102
2022-05-09,Nagarjuna Sagar,80.618,108.77
2022-05-10,Nagarjuna Sagar,76.057,144.437
2022-05-11,Nagarjuna Sagar,20.362,180.105
2022-05-12,Nagarjuna Sagar,19.835,169.864
2022-05-13,Nagarjuna Sagar,18.858,168.751
2022-05-14,Nagarjuna Sagar,15.0,167.639
2022-05-15,Nagarjuna Sagar,15.0,166.526
2022-05-16,Nagarjuna Sagar,15.0,165.414
2022-05-17,Nagarjuna Sagar,18.422,164.301
2022-05-18,Nagarjuna Sagar,18.167,163.189
2022-05-19,Nagarjuna Sagar,17.621,162.077
2022-05-20,Nagarjuna Sagar,16.853,160.964
2022-05-21,Nagarjuna Sagar,16.829,159.852
2022-05-22,Nagarjuna Sagar,15.0,158.739
2022-05-23,Nagarjuna Sagar,13.284,157.627
2022-05-24,Nagarjuna Sagar,13.06,156.515
2022-05-25,Nagarjuna Sagar,13.591,155.402
2022-05-26,Nagarjuna Sagar,13.228,154.29
2022-05-27,Nagarjuna Sagar,13.077,153.177
2022-05-28,Nagarjuna Sagar,13.14,152.065
2022-05-29,Nagarjuna Sagar,15.0,150.953
2022-05-30,Nagarjuna Sagar,13.627,149.84
2022-05-31,Nagarjuna Sagar,13.51,148.728
2022-06-01,Nagarjuna Sagar,13.525,147.615
2022-06-02,Nagarjuna Sagar,14.492,156.444
2022-06-03,Nagarjuna Sagar,15.106,120.776
2022-06-04,Nagarjuna Sagar,15.735,87.227
2022-06-05,Nagarjuna Sagar,15.0,53.678
2022-06-06,Nagarjuna Sagar,15.699,47.322
2022-06-07,Nagarjuna Sagar,16.496,36.727
2022-06-08,Nagarjuna Sagar,15.441,72.571
2022-06-09,Nagarjuna Sagar,63.79,108.416
2022-06-10,Nagarjuna Sagar,64.914,144.26
2022-06-11,Nagarjuna Sagar,60.0,180.105
2022-06-12,Nagarjuna Sagar,60.0,168.804
2022-06-13,Nagarjuna Sagar,64.551,167.67
2022-06-14,Nagarjuna Sagar,63.424,166.537
2022-06-15,Nagarjuna Sagar,62.46,165.403
2022-06-16,Nagarjuna Sagar,16.238,164.269
2022-06-17,Nagarjuna Sagar,16.662,163.135
2022-06-18,Nagarjuna Sagar,16.786,162.001
2022-06-19,Nagarjuna Sagar,15.0,160.868
2022-06-20,Nagarjuna Sagar,58.888,159.734
2022-06-21,Nagarjuna Sagar,79.172,158.6
2022-06-22,Nagarjuna Sagar,76.648,157.466
2022-06-23,Nagarjuna Sagar,79.314,156.332
2022-06-24,Nagarjuna Sagar,79.545,155.199
2022-06-25,Nagarjuna Sagar,98.11,154.065
2022-06-26,Nagarjuna Sagar,130.0,152.931
2022-06-27,Nagarjuna Sagar,185.26,151.797
2022-06-28,Nagarjuna Sagar,157.835,150.664
2022-06-29,Nagarjuna Sagar,79.769,149.53
2022-06-30,Nagarjuna Sagar,72.158,148.396
2022-07-01,Nagarjuna Sagar,95.951,147.262
2022-07-02,Nagarjuna Sagar,93.141,156.444
2022-07-03,Nagarjuna Sagar,100.0,119.01
2022-07-04,Nagarjuna Sagar,36.693,86.344
2022-07-05,Nagarjuna Sagar,24.148,53.678
2022-07-06,Nagarjuna Sagar,16.579,47.322
2022-07-07,Nagarjuna Sagar,40.851,35.668
2022-07-08,Nagarjuna Sagar,17.273,71.866
2022-07-09,Nagarjuna Sagar,160.0,108.063
2022-07-10,Nagarjuna Sagar,100.0,144.26
2022-07-11,Nagarjuna Sagar,95.0,180.458
2022-07-12,Nagarjuna Sagar,41.213,168.451
2022-07-13,Nagarjuna Sagar,42.279,167.321
2022-07-14,Nagarjuna Sagar,42.11,166.191
2022-07-15,Nagarjuna Sagar,57.345,165.061
2022-07-16,Nagarjuna Sagar,44.35,163.931
2022-07-17,Nagarjuna Sagar,15.0,162.801
2022-07-18,Nagarjuna Sagar,19.281,161.671
2022-07-19,Nagarjuna Sagar,37.252,160.54
2022-07-20,Nagarjuna Sagar,36.779,159.41
2022-07-21,Nagarjuna Sagar,25.144,158.28
2022-07-22,Nagarjuna Sagar,23.671,157.15
2022-07-23,Nagarjuna Sagar,0.0,156.02
2022-07-24,Nagarjuna Sagar,920.0,154.89
2022-07-25,Nagarjuna Sagar,384.797,153.76
2022-07-26,Nagarjuna Sagar,326.593,152.63
2022-07-27,Nagarjuna Sagar,331.674,151.5
2022-07-28,Nagarjuna Sagar,358.283,150.37
2022-07-29,Nagarjuna Sagar,353.967,149.24
2022-07-30,Nagarjuna Sagar,703.269,148.11
2022-07-31,Nagarjuna Sagar,360.0,146.98
2022-08-01,Nagarjuna Sagar,294.001,145.85
2022-08-02,Nagarjuna Sagar,338.446,156.444
2022-08-03,Nagarjuna Sagar,371.562,116.892
2022-08-04,Nagarjuna Sagar,378.067,85.108
2022-08-05,Nagarjuna Sagar,354.618,53.325
2022-08-06,Nagarjuna Sagar,372.646,46.969
2022-08-07,Nagarjuna Sagar,840.0,34.608
2022-08-08,Nagarjuna Sagar,1169.864,70.982
2022-08-09,Nagarjuna Sagar,1720.0,107.356
2022-08-10,Nagarjuna Sagar,1671.116,143.731
2022-08-11,Nagarjuna Sagar,3089.16,180.105
2022-08-12,Nagarjuna Sagar,12627.66,167.392
2022-08-13,Nagarjuna Sagar,9400.0,166.297
2022-08-14,Nagarjuna Sagar,9400.0,165.202
2022-08-15,Nagarjuna Sagar,8000.0,164.107
2022-08-16,Nagarjuna Sagar,8037.96,163.013
2022-08-17,Nagarjuna Sagar,9968.0,161.918
2022-08-18,Nagarjuna Sagar,7193.0,160.823
2022-08-19,Nagarjuna Sagar,3959.0,159.728
2022-08-20,Nagarjuna Sagar,3959.0,158.633
2022-08-21,Nagarjuna Sagar,5200.0,157.539
2022-08-22,Nagarjuna Sagar,3465.0,156.444
2022-08-23,Nagarjuna Sagar,547.641,155.349
2022-08-24,Nagarjuna Sagar,1001.659,154.254
2022-08-25,Nagarjuna Sagar,2408.045,153.16
2022-08-26,Nagarjuna Sagar,1053.627,152.065
2022-08-27,Nagarjuna Sagar,1783.399,150.97
2022-08-28,Nagarjuna Sagar,5300.0,149.875
2022-08-29,Nagarjuna Sagar,6755.0,148.781
2022-08-30,Nagarjuna Sagar,10070.0,147.686
2022-08-31,Nagarjuna Sagar,600.0,146.591
2022-09-01,Nagarjuna Sagar,1603.586,145.496
2022-09-02,Nagarjuna Sagar,5051.0,155.385
2022-09-03,Nagarjuna Sagar,3723.0,114.773
2022-09-04,Nagarjuna Sagar,2700.0,84.049
2022-09-05,Nagarjuna Sagar,3723.0,53.325
2022-09-06,Nagarjuna Sagar,3723.0,46.969
2022-09-07,Nagarjuna Sagar,2692.0,33.902
2022-09-08,Nagarjuna Sagar,8748.0,69.923
2022-09-09,Nagarjuna Sagar,11732.0,105.944
2022-09-10,Nagarjuna Sagar,11800.0,141.965
2022-09-11,Nagarjuna Sagar,10000.0,177.986
2022-09-12,Nagarjuna Sagar,4144.0,165.979
2022-09-13,Nagarjuna Sagar,8042.0,164.901
2022-09-14,Nagarjuna Sagar,7193.0,163.823
2022-09-15,Nagarjuna Sagar,7193.0,162.745
2022-09-16,Nagarjuna Sagar,8748.0,161.667
2022-09-17,Nagarjuna Sagar,8748.0,160.589
2022-09-18,Nagarjuna Sagar,6300.0,159.511
2022-09-19,Nagarjuna Sagar,2692.0,158.433
2022-09-20,Nagarjuna Sagar,3959.0,157.355
2022-09-21,Nagarjuna Sagar,8042.0,156.277
2022-09-22,Nagarjuna Sagar,5331.0,155.199
2022-09-23,Nagarjuna Sagar,1044.283,154.121
2022-09-24,Nagarjuna Sagar,1085.365,153.043
2022-09-25,Nagarjuna Sagar,1320.0,151.965
2022-09-26,Nagarjuna Sagar,1155.677,150.887
2022-09-27,Nagarjuna Sagar,1240.014,149.809
2022-09-28,Nagarjuna Sagar,1363.039,148.731
2022-09-29,Nagarjuna Sagar,1357.101,147.652
2022-09-30,Nagarjuna Sagar,2088.051,146.574
2022-10-01,Nagarjuna Sagar,2692.0,145.496
2022-10-02,Nagarjuna Sagar,2600.0,153.972
2022-10-03,Nagarjuna Sagar,2692.0,120.423
2022-10-04,Nagarjuna Sagar,2848.0,86.874
2022-10-05,Nagarjuna Sagar,5200.0,53.325
2022-10-06,Nagarjuna Sagar,1145.035,46.615
2022-10-07,Nagarjuna Sagar,1927.717,33.549
2022-10-08,Nagarjuna Sagar,5400.0,69.04
2022-10-09,Nagarjuna Sagar,2600.0,104.532
2022-10-10,Nagarjuna Sagar,4144.0,140.023
2022-10-11,Nagarjuna Sagar,2692.0,175.514
2022-10-12,Nagarjuna Sagar,3337.0,165.979
2022-10-13,Nagarjuna Sagar,3734.0,164.902
2022-10-14,Nagarjuna Sagar,8748.0,163.825
2022-10-15,Nagarjuna Sagar,11469.0,162.748
2022-10-16,Nagarjuna Sagar,13000.0,161.671
2022-10-17,Nagarjuna Sagar,7193.0,160.593
2022-10-18,Nagarjuna Sagar,5331.0,159.516
2022-10-19,Nagarjuna Sagar,8748.0,158.439
2022-10-20,Nagarjuna Sagar,3734.0,157.362
2022-10-21,Nagarjuna Sagar,3337.0,156.285
2022-10-22,Nagarjuna Sagar,6756.0,155.208
2022-10-23,Nagarjuna Sagar,6700.0,154.131
2022-10-24,Nagarjuna Sagar,8000.0,153.054
2022-10-25,Nagarjuna Sagar,6756.0,151.977
2022-10-26,Nagarjuna Sagar,4144.0,150.9
2022-10-27,Nagarjuna Sagar,800.496,149.822
2022-10-28,Nagarjuna Sagar,1873.283,148.745
2022-10-29,Nagarjuna Sagar,1304.051,147.668
2022-10-30,Nagarjuna Sagar,1300.0,146.591
2022-10-31,Nagarjuna Sagar,1027.321,145.514
2022-11-01,Nagarjuna Sagar,836.485,144.437
2022-11-02,Nagarjuna Sagar,1171.956,152.559
2022-11-03,Nagarjuna Sagar,779.323,119.363
2022-11-04,Nagarjuna Sagar,748.847,86.168
2022-11-05,Nagarjuna Sagar,1335.851,52.972
2022-11-06,Nagarjuna Sagar,800.0,46.262
2022-11-07,Nagarjuna Sagar,709.694,33.549
2022-11-08,Nagarjuna Sagar,1300.0,68.687
2022-11-09,Nagarjuna Sagar,775.484,103.825
2022-11-10,Nagarjuna Sagar,833.22,138.963
2022-11-11,Nagarjuna Sagar,219.211,174.101
2022-11-12,Nagarjuna Sagar,600.0,165.626
2022-11-13,Nagarjuna Sagar,240.0,164.492
2022-11-14,Nagarjuna Sagar,285.226,163.358
2022-11-15,Nagarjuna Sagar,303.089,162.224
2022-11-16,Nagarjuna Sagar,394.22,161.091
2022-11-17,Nagarjuna Sagar,404.431,159.957
2022-11-18,Nagarjuna Sagar,243.581,158.823
2022-11-19,Nagarjuna Sagar,134.197,157.689
2022-11-20,Nagarjuna Sagar,260.0,156.555
2022-11-21,Nagarjuna Sagar,267.782,155.422
2022-11-22,Nagarjuna Sagar,150.636,154.288
2022-11-23,Nagarjuna Sagar,118.075,153.154
2022-11-24,Nagarjuna Sagar,113.678,152.02
2022-11-25,Nagarjuna Sagar,111.171,150.887
2022-11-26,Nagarjuna Sagar,330.364,149.753
2022-11-27,Nagarjuna Sagar,300.0,148.619
2022-11-28,Nagarjuna Sagar,97.228,147.485
2022-11-29,Nagarjuna Sagar,93.836,146.351
2022-11-30,Nagarjuna Sagar,322.449,145.218
2022-12-01,Nagarjuna Sagar,175.162,144.084
2022-12-02,Nagarjuna Sagar,107.184,151.147
2022-12-03,Nagarjuna Sagar,448.178,118.304
2022-12-04,Nagarjuna Sagar,220.0,85.462
2022-12-05,Nagarjuna Sagar,239.817,52.619
2022-12-06,Nagarjuna Sagar,240.267,46.262
2022-12-07,Nagarjuna Sagar,94.534,33.549
2022-12-08,Nagarjuna Sagar,94.06,68.687
2022-12-09,Nagarjuna Sagar,91.359,103.825
2022-12-10,Nagarjuna Sagar,80.0,138.963
2022-12-11,Nagarjuna Sagar,80.0,174.101
2022-12-12,Nagarjuna Sagar,90.534,164.213
2022-12-13,Nagarjuna Sagar,87.934,163.613
2022-12-14,Nagarjuna Sagar,186.871,163.013
2022-12-15,Nagarjuna Sagar,191.218,162.412
2022-12-16,Nagarjuna Sagar,91.393,161.812
2022-12-17,Nagarjuna Sagar,90.558,161.211
2022-12-18,Nagarjuna Sagar,80.0,160.611
2022-12-19,Nagarjuna Sagar,87.369,160.011
2022-12-20,Nagarjuna Sagar,88.571,159.41
2022-12-21,Nagarjuna Sagar,186.098,158.81
2022-12-22,Nagarjuna Sagar,256.143,158.21
2022-12-23,Nagarjuna Sagar,187.195,157.609
2022-12-24,Nagarjuna Sagar,185.86,157.009
2022-12-25,Nagarjuna Sagar,180.0,156.409
2022-12-26,Nagarjuna Sagar,189.596,155.808
2022-12-27,Nagarjuna Sagar,194.877,155.208
2022-12-28,Nagarjuna Sagar,195.049,154.608
2022-12-29,Nagarjuna Sagar,192.921,154.007
2022-12-30,Nagarjuna Sagar,193.378,153.407
2022-12-31,Nagarjuna Sagar,280.184,152.807
2023-01-01,Nagarjuna Sagar,190.0,152.206
2023-01-02,Nagarjuna Sagar,91.542,117.245
2023-01-03,Nagarjuna Sagar,82.77,85.344
2023-01-04,Nagarjuna Sagar,81.483,53.443
2023-01-05,Nagarjuna Sagar,80.046,21.542
2023-01-06,Nagarjuna Sagar,82.532,18.717
2023-01-07,Nagarjuna Sagar,78.902,16.951
2023-01-08,Nagarjuna Sagar,80.0,8.476
2023-01-09,Nagarjuna Sagar,19.307,23.308
2023-01-10,Nagarjuna Sagar,151.999,26.839
2023-01-11,Nagarjuna Sagar,151.033,26.839
2023-01-12,Nagarjuna Sagar,146.686,25.073
2023-01-13,Nagarjuna Sagar,155.575,31.377
2023-01-14,Nagarjuna Sagar,140.0,37.681
2023-01-15,Nagarjuna Sagar,140.0,43.984
2023-01-16,Nagarjuna Sagar,106.517,50.288
2023-01-17,Nagarjuna Sagar,81.009,56.592
2023-01-18,Nagarjuna Sagar,78.729,62.895
2023-01-19,Nagarjuna Sagar,81.522,69.199
2023-01-20,Nagarjuna Sagar,81.182,75.503
2023-01-21,Nagarjuna Sagar,79.944,81.806
2023-01-22,Nagarjuna Sagar,80.0,88.11
2023-01-23,Nagarjuna Sagar,82.218,94.414
2023-01-24,Nagarjuna Sagar,79.255,100.717
2023-01-25,Nagarjuna Sagar,108.841,107.021
2023-01-26,Nagarjuna Sagar,110.0,113.325
2023-01-27,Nagarjuna Sagar,149.31,119.628
2023-01-28,Nagarjuna Sagar,150.905,125.932
2023-01-29,Nagarjuna Sagar,140.0,132.236
2023-01-30,Nagarjuna Sagar,88.308,138.539
2023-01-31,Nagarjuna Sagar,78.532,144.843
2023-02-01,Nagarjuna Sagar,77.374,151.147
2023-02-02,Nagarjuna Sagar,79.268,115.479
2023-02-03,Nagarjuna Sagar,79.545,75.044
2023-02-04,Nagarjuna Sagar,80.49,34.608
2023-02-05,Nagarjuna Sagar,110.0,21.542
2023-02-06,Nagarjuna Sagar,148.955,18.717
2023-02-07,Nagarjuna Sagar,147.712,16.951
2023-02-08,Nagarjuna Sagar,143.892,8.476
2023-02-09,Nagarjuna Sagar,90.201,24.014
2023-02-10,Nagarjuna Sagar,76.708,26.839
2023-02-11,Nagarjuna Sagar,80.0,26.839
2023-02-12,Nagarjuna Sagar,80.0,24.014
2023-02-13,Nagarjuna Sagar,81.102,31.389
2023-02-14,Nagarjuna Sagar,78.832,38.763
2023-02-15,Nagarjuna Sagar,80.08,46.138
2023-02-16,Nagarjuna Sagar,79.863,53.512
2023-02-17,Nagarjuna Sagar,107.098,60.887
2023-02-18,Nagarjuna Sagar,107.068,68.261
2023-02-19,Nagarjuna Sagar,90.0,75.636
2023-02-20,Nagarjuna Sagar,80.032,83.01
2023-02-21,Nagarjuna Sagar,76.866,90.385
2023-02-22,Nagarjuna Sagar,20.276,97.759
2023-02-23,Nagarjuna Sagar,48.369,105.134
2023-02-24,Nagarjuna Sagar,49.196,112.508
2023-02-25,Nagarjuna Sagar,89.687,119.883
2023-02-26,Nagarjuna Sagar,90.0,127.257
2023-02-27,Nagarjuna Sagar,105.689,134.632
2023-02-28,Nagarjuna Sagar,107.942,142.007
2023-03-01,Nagarjuna Sagar,104.415,149.381
2023-03-02,Nagarjuna Sagar,136.662,114.066
2023-03-03,Nagarjuna Sagar,76.772,74.16
2023-03-04,Nagarjuna Sagar,77.693,34.255
2023-03-05,Nagarjuna Sagar,90.0,21.542
2023-03-06,Nagarjuna Sagar,49.442,18.717
2023-03-07,Nagarjuna Sagar,46.187,16.951
2023-03-08,Nagarjuna Sagar,47.236,8.476
2023-03-09,Nagarjuna Sagar,48.289,24.014
2023-03-10,Nagarjuna Sagar,45.977,27.192
2023-03-11,Nagarjuna Sagar,40.0,26.839
2023-03-12,Nagarjuna Sagar,40.0,23.308
2023-03-13,Nagarjuna Sagar,20.934,29.558
2023-03-14,Nagarjuna Sagar,48.522,35.809
2023-03-15,Nagarjuna Sagar,48.68,42.06
2023-03-16,Nagarjuna Sagar,77.924,48.31
2023-03-17,Nagarjuna Sagar,77.41,54.561
2023-03-18,Nagarjuna Sagar,20.192,60.812
2023-03-19,Nagarjuna Sagar,20.0,67.063
2023-03-20,Nagarjuna Sagar,20.8,73.313
2023-03-21,Nagarjuna Sagar,48.019,79.564
2023-03-22,Nagarjuna Sagar,80.0,85.815
2023-03-23,Nagarjuna Sagar,78.576,92.065
2023-03-24,Nagarjuna Sagar,78.631,98.316
2023-03-25,Nagarjuna Sagar,79.676,104.567
2023-03-26,Nagarjuna Sagar,80.0,110.817
2023-03-27,Nagarjuna Sagar,78.052,117.068
2023-03-28,Nagarjuna Sagar,72.835,123.319
2023-03-29,Nagarjuna Sagar,73.023,129.57
2023-03-30,Nagarjuna Sagar,80.0,135.82
2023-03-31,Nagarjuna Sagar,72.765,142.071
2023-04-01,Nagarjuna Sagar,130.537,148.322
2023-04-02,Nagarjuna Sagar,140.0,112.654
2023-04-03,Nagarjuna Sagar,143.199,73.278
2023-04-04,Nagarjuna Sagar,90.0,33.902
2023-04-05,Nagarjuna Sagar,73.189,26.31
2023-04-06,Nagarjuna Sagar,75.421,18.717
2023-04-07,Nagarjuna Sagar,90.0,16.598
2023-04-08,Nagarjuna Sagar,50.0,8.476
2023-04-09,Nagarjuna Sagar,130.0,25.073
2023-04-10,Nagarjuna Sagar,150.903,27.192
2023-04-11,Nagarjuna Sagar,150.939,26.486
2023-04-12,Nagarjuna Sagar,153.919,22.248
2023-04-13,Nagarjuna Sagar,155.193,28.828
2023-04-14,Nagarjuna Sagar,140.0,35.408
2023-04-15,Nagarjuna Sagar,148.526,41.987
2023-04-16,Nagarjuna Sagar,90.0,48.567
2023-04-17,Nagarjuna Sagar,72.562,55.147
2023-04-18,Nagarjuna Sagar,73.445,61.726
2023-04-19,Nagarjuna Sagar,73.503,68.306
2023-04-20,Nagarjuna Sagar,77.171,74.886
2023-04-21,Nagarjuna Sagar,47.826,81.465
2023-04-22,Nagarjuna Sagar,40.0,88.045
2023-04-23,Nagarjuna Sagar,40.0,94.625
2023-04-24,Nagarjuna Sagar,47.779,101.204
2023-04-25,Nagarjuna Sagar,48.649,107.784
2023-04-26,Nagarjuna Sagar,37.022,114.364
2023-04-27,Nagarjuna Sagar,16.464,120.943
2023-04-28,Nagarjuna Sagar,15.392,127.523
2023-04-29,Nagarjuna Sagar,16.087,134.103
2023-04-30,Nagarjuna Sagar,15.0,140.682
2023-05-01,Nagarjuna Sagar,16.225,147.262
2023-05-02,Nagarjuna Sagar,15.825,110.888
2023-05-03,Nagarjuna Sagar,15.968,72.395
2023-05-04,Nagarjuna Sagar,71.307,33.902
2023-05-05,Nagarjuna Sagar,80.0,21.189
2023-05-06,Nagarjuna Sagar,23.312,18.717
2023-05-07,Nagarjuna Sagar,20.0,16.598
2023-05-08,Nagarjuna Sagar,21.895,8.476
2023-05-09,Nagarjuna Sagar,15.454,25.073
2023-05-10,Nagarjuna Sagar,13.404,27.192
2023-05-11,Nagarjuna Sagar,13.805,26.486
2023-05-12,Nagarjuna Sagar,16.179,22.248
2023-05-13,Nagarjuna Sagar,15.0,28.481
2023-05-14,Nagarjuna Sagar,15.0,34.714
2023-05-15,Nagarjuna Sagar,15.822,40.947
2023-05-16,Nagarjuna Sagar,15.983,47.18
2023-05-17,Nagarjuna Sagar,15.361,53.413
2023-05-18,Nagarjuna Sagar,15.51,59.646
2023-05-19,Nagarjuna Sagar,12.479,65.88
2023-05-20,Nagarjuna Sagar,12.085,72.113
2023-05-21,Nagarjuna Sagar,15.0,78.346
2023-05-22,Nagarjuna Sagar,12.491,84.579
2023-05-23,Nagarjuna Sagar,12.641,90.812
2023-05-24,Nagarjuna Sagar,13.337,97.045
2023-05-25,Nagarjuna Sagar,13.639,103.278
2023-05-26,Nagarjuna Sagar,13.475,109.511
2023-05-27,Nagarjuna Sagar,14.062,115.744
2023-05-28,Nagarjuna Sagar,15.0,121.977
2023-05-29,Nagarjuna Sagar,14.272,128.21
2023-05-30,Nagarjuna Sagar,14.498,134.443
2023-05-31,Nagarjuna Sagar,14.639,140.676
2023-06-01,Nagarjuna Sagar,15.042,146.909
2023-06-02,Nagarjuna Sagar,15.098,109.122
2023-06-03,Nagarjuna Sagar,16.129,71.336
2023-06-04,Nagarjuna Sagar,15.0,33.549
2023-06-05,Nagarjuna Sagar,14.485,21.189
2023-06-06,Nagarjuna Sagar,39.923,18.717
2023-06-07,Nagarjuna Sagar,50.864,16.598
2023-06-08,Nagarjuna Sagar,15.816,8.476
2023-06-09,Nagarjuna Sagar,16.549,25.073
2023-06-10,Nagarjuna Sagar,15.0,27.192
2023-06-11,Nagarjuna Sagar,15.0,26.486
2023-06-12,Nagarjuna Sagar,16.728,22.248
2023-06-13,Nagarjuna Sagar,16.274,28.791
2023-06-14,Nagarjuna Sagar,16.158,35.333
2023-06-15,Nagarjuna Sagar,16.049,41.876
2023-06-16,Nagarjuna Sagar,16.232,48.418
2023-06-17,Nagarjuna Sagar,60.882,54.961
2023-06-18,Nagarjuna Sagar,60.0,61.503
2023-06-19,Nagarjuna Sagar,57.473,68.046
2023-06-20,Nagarjuna Sagar,58.181,74.588
2023-06-21,Nagarjuna Sagar,135.642,81.131
2023-06-22,Nagarjuna Sagar,139.551,87.673
2023-06-23,Nagarjuna Sagar,139.025,94.216
2023-06-24,Nagarjuna Sagar,75.081,100.758
2023-06-25,Nagarjuna Sagar,20.0,107.301
2023-06-26,Nagarjuna Sagar,14.921,113.843
2023-06-27,Nagarjuna Sagar,15.234,120.386
2023-06-28,Nagarjuna Sagar,67.348,126.928
2023-06-29,Nagarjuna Sagar,170.0,133.471
2023-06-30,Nagarjuna Sagar,182.736,140.013
2023-07-01,Nagarjuna Sagar,201.031,146.556
2023-07-02,Nagarjuna Sagar,170.0,107.71
2023-07-03,Nagarjuna Sagar,219.556,70.63
2023-07-04,Nagarjuna Sagar,191.304,33.549
2023-07-05,Nagarjuna Sagar,20.119,21.189
2023-07-06,Nagarjuna Sagar,12.214,18.717
2023-07-07,Nagarjuna Sagar,20.001,16.598
2023-07-08,Nagarjuna Sagar,170.0,8.829
2023-07-09,Nagarjuna Sagar,170.0,25.427
2023-07-10,Nagarjuna Sagar,303.345,27.545
2023-07-11,Nagarjuna Sagar,285.026,26.486
2023-07-12,Nagarjuna Sagar,138.447,16.889
2023-07-13,Nagarjuna Sagar,131.451,7.292
2023-07-14,Nagarjuna Sagar,182.779,14.585
2023-07-15,Nagarjuna Sagar,180.516,21.877
2023-07-16,Nagarjuna Sagar,160.0,29.17
2023-07-17,Nagarjuna Sagar,251.731,36.462
2023-07-18,Nagarjuna Sagar,301.735,43.755
2023-07-19,Nagarjuna Sagar,84.577,51.047
2023-07-20,Nagarjuna Sagar,218.088,58.34
2023-07-21,Nagarjuna Sagar,21.391,65.632
2023-07-22,Nagarjuna Sagar,13.241,72.925
2023-07-23,Nagarjuna Sagar,15.0,80.217
2023-07-24,Nagarjuna Sagar,15.217,87.51
2023-07-25,Nagarjuna Sagar,15.264,94.802
2023-07-26,Nagarjuna Sagar,0.0,102.095
2023-07-27,Nagarjuna Sagar,0.0,109.387
2023-07-28,Nagarjuna Sagar,0.0,116.68
2023-07-29,Nagarjuna Sagar,0.0,123.972
2023-07-30,Nagarjuna Sagar,0.0,131.265
2023-07-31,Nagarjuna Sagar,1.537,138.557
2023-08-01,Nagarjuna Sagar,7.012,145.85
2023-08-02,Nagarjuna Sagar,13.372,105.591
2023-08-03,Nagarjuna Sagar,12.802,69.393
2023-08-04,Nagarjuna Sagar,12.378,33.196
2023-08-05,Nagarjuna Sagar,12.04,21.189
2023-08-06,Nagarjuna Sagar,160.0,18.717
2023-08-07,Nagarjuna Sagar,207.48,16.245
2023-08-08,Nagarjuna Sagar,239.421,8.829
2023-08-09,Nagarjuna Sagar,251.073,25.427
2023-08-10,Nagarjuna Sagar,263.789,27.899
2023-08-11,Nagarjuna Sagar,260.378,26.486
2023-08-12,Nagarjuna Sagar,240.0,21.895
2023-08-13,Nagarjuna Sagar,240.0,28.022
2023-08-14,Nagarjuna Sagar,172.851,34.149
2023-08-15,Nagarjuna Sagar,150.0,40.276
2023-08-16,Nagarjuna Sagar,169.346,46.403
2023-08-17,Nagarjuna Sagar,170.967,52.531
2023-08-18,Nagarjuna Sagar,173.459,58.658
2023-08-19,Nagarjuna Sagar,169.494,64.785
2023-08-20,Nagarjuna Sagar,140.0,70.912
2023-08-21,Nagarjuna Sagar,176.313,77.039
2023-08-22,Nagarjuna Sagar,179.554,83.166
2023-08-23,Nagarjuna Sagar,123.861,89.293
2023-08-24,Nagarjuna Sagar,133.597,95.42
2023-08-25,Nagarjuna Sagar,124.527,101.547
2023-08-26,Nagarjuna Sagar,80.461,107.674
2023-08-27,Nagarjuna Sagar,80.0,113.802
2023-08-28,Nagarjuna Sagar,80.116,119.929
2023-08-29,Nagarjuna Sagar,60.879,126.056
2023-08-30,Nagarjuna Sagar,61.018,132.183
2023-08-31,Nagarjuna Sagar,76.193,138.31
2023-09-01,Nagarjuna Sagar,77.142,144.437
2023-09-02,Nagarjuna Sagar,75.459,107.239
2023-09-03,Nagarjuna Sagar,80.0,70.041
2023-09-04,Nagarjuna Sagar,74.252,32.843
2023-09-05,Nagarjuna Sagar,75.184,21.189
2023-09-06,Nagarjuna Sagar,106.143,18.717
2023-09-07,Nagarjuna Sagar,13.004,16.245
2023-09-08,Nagarjuna Sagar,13.237,9.182
2023-09-09,Nagarjuna Sagar,15.0,25.427
2023-09-10,Nagarjuna Sagar,15.0,28.252
2023-09-11,Nagarjuna Sagar,13.602,26.486
2023-09-12,Nagarjuna Sagar,13.583,21.895
2023-09-13,Nagarjuna Sagar,13.336,28.27
2023-09-14,Nagarjuna Sagar,13.135,34.646
2023-09-15,Nagarjuna Sagar,12.857,41.021
2023-09-16,Nagarjuna Sagar,12.622,47.396
2023-09-17,Nagarjuna Sagar,15.0,53.771
2023-09-18,Nagarjuna Sagar,58.158,60.146
2023-09-19,Nagarjuna Sagar,60.0,66.522
2023-09-20,Nagarjuna Sagar,59.128,72.897
2023-09-21,Nagarjuna Sagar,55.977,79.272
2023-09-22,Nagarjuna Sagar,58.281,85.647
2023-09-23,Nagarjuna Sagar,4.441,92.023
2023-09-24,Nagarjuna Sagar,20.0,98.398
2023-09-25,Nagarjuna Sagar,14.234,104.773
2023-09-26,Nagarjuna Sagar,13.516,111.148
2023-09-27,Nagarjuna Sagar,13.743,117.523
2023-09-28,Nagarjuna Sagar,15.0,123.899
2023-09-29,Nagarjuna Sagar,14.087,130.274
2023-09-30,Nagarjuna Sagar,14.26,136.649
2023-10-01,Nagarjuna Sagar,15.0,143.024
2023-10-02,Nagarjuna Sagar,15.0,106.179
2023-10-03,Nagarjuna Sagar,13.987,69.334
2023-10-04,Nagarjuna Sagar,13.627,32.489
2023-10-05,Nagarjuna Sagar,13.593,21.189
2023-10-06,Nagarjuna Sagar,13.634,18.717
2023-10-07,Nagarjuna Sagar,13.333,16.245
2023-10-08,Nagarjuna Sagar,15.0,9.888
2023-10-09,Nagarjuna Sagar,13.415,25.78
2023-10-10,Nagarjuna Sagar,57.427,28.605
2023-10-11,Nagarjuna Sagar,56.505,26.133
2023-10-12,Nagarjuna Sagar,56.829,21.895
2023-10-13,Nagarjuna Sagar,156.675,27.881
2023-10-14,Nagarjuna Sagar,120.0,33.867
2023-10-15,Nagarjuna Sagar,120.0,39.853
2023-10-16,Nagarjuna Sagar,158.516,45.838
2023-10-17,Nagarjuna Sagar,188.317,51.824
2023-10-18,Nagarjuna Sagar,185.08,57.81
2023-10-19,Nagarjuna Sagar,186.341,63.796
2023-10-20,Nagarjuna Sagar,187.83,69.782
2023-10-21,Nagarjuna Sagar,188.909,75.768
2023-10-22,Nagarjuna Sagar,160.0,81.753
2023-10-23,Nagarjuna Sagar,186.1,87.739
2023-10-24,Nagarjuna Sagar,160.0,93.725
2023-10-25,Nagarjuna Sagar,177.591,99.711
2023-10-26,Nagarjuna Sagar,229.581,105.697
2023-10-27,Nagarjuna Sagar,230.187,111.683
2023-10-28,Nagarjuna Sagar,234.378,117.668
2023-10-29,Nagarjuna Sagar,200.0,123.654
2023-10-30,Nagarjuna Sagar,232.045,129.64
2023-10-31,Nagarjuna Sagar,235.159,135.626
2023-11-01,Nagarjuna Sagar,238.327,141.612
2023-11-02,Nagarjuna Sagar,198.43,104.885
2023-11-03,Nagarjuna Sagar,203.332,68.157
2023-11-04,Nagarjuna Sagar,201.472,31.43
2023-11-05,Nagarjuna Sagar,238.3,20.836
2023-11-06,Nagarjuna Sagar,178.664,18.364
2023-11-07,Nagarjuna Sagar,177.02,15.892
2023-11-08,Nagarjuna Sagar,172.746,10.948
2023-11-09,Nagarjuna Sagar,107.451,26.133
2023-11-10,Nagarjuna Sagar,75.36,26.133
2023-11-11,Nagarjuna Sagar,60.0,26.133
2023-11-12,Nagarjuna Sagar,60.0,21.895
2023-11-13,Nagarjuna Sagar,57.134,28.14
2023-11-14,Nagarjuna Sagar,61.287,34.385
2023-11-15,Nagarjuna Sagar,63.172,40.63
2023-11-16,Nagarjuna Sagar,60.643,46.876
2023-11-17,Nagarjuna Sagar,63.119,53.121
2023-11-18,Nagarjuna Sagar,15.809,59.366
2023-11-19,Nagarjuna Sagar,15.0,65.611
2023-11-20,Nagarjuna Sagar,15.513,71.856
2023-11-21,Nagarjuna Sagar,15.349,78.101
2023-11-22,Nagarjuna Sagar,15.184,84.346
2023-11-23,Nagarjuna Sagar,15.494,90.591
2023-11-24,Nagarjuna Sagar,15.245,96.837
2023-11-25,Nagarjuna Sagar,15.52,103.082
2023-11-26,Nagarjuna Sagar,60.0,109.327
2023-11-27,Nagarjuna Sagar,15.0,115.572
2023-11-28,Nagarjuna Sagar,14.731,121.817
2023-11-29,Nagarjuna Sagar,15.059,128.062
2023-11-30,Nagarjuna Sagar,15.0,134.307
2023-12-01,Nagarjuna Sagar,14.779,140.552
2023-12-02,Nagarjuna Sagar,14.495,103.943
2023-12-03,Nagarjuna Sagar,15.0,67.333
2023-12-04,Nagarjuna Sagar,14.338,30.724
2023-12-05,Nagarjuna Sagar,14.079,20.836
2023-12-06,Nagarjuna Sagar,14.879,18.364
2023-12-07,Nagarjuna Sagar,14.994,15.892
2023-12-08,Nagarjuna Sagar,14.708,12.007
2023-12-09,Nagarjuna Sagar,15.0,26.486
2023-12-10,Nagarjuna Sagar,15.0,26.31
2023-12-11,Nagarjuna Sagar,14.632,26.133
2023-12-12,Nagarjuna Sagar,14.303,21.895
2023-12-13,Nagarjuna Sagar,14.595,21.948
2023-12-14,Nagarjuna Sagar,14.227,22.001
2023-12-15,Nagarjuna Sagar,15.743,22.054
2023-12-16,Nagarjuna Sagar,14.713,22.107
2023-12-17,Nagarjuna Sagar,15.0,22.16
2023-12-18,Nagarjuna Sagar,14.986,22.213
2023-12-19,Nagarjuna Sagar,14.667,22.266
2023-12-20,Nagarjuna Sagar,15.388,22.319
2023-12-21,Nagarjuna Sagar,15.164,22.372
2023-12-22,Nagarjuna Sagar,15.43,22.425
2023-12-23,Nagarjuna Sagar,15.622,22.478
2023-12-24,Nagarjuna Sagar,15.0,22.531
2023-12-25,Nagarjuna Sagar,15.0,22.584
2023-12-26,Nagarjuna Sagar,15.926,22.637
2023-12-27,Nagarjuna Sagar,15.748,22.69
2023-12-28,Nagarjuna Sagar,15.917,22.743
2023-12-29,Nagarjuna Sagar,15.669,22.796
2023-12-30,Nagarjuna Sagar,15.757,22.849
2023-12-31,Nagarjuna Sagar,15.0,22.902
2024-01-01,Nagarjuna Sagar,15.53,22.955
2024-01-02,Nagarjuna Sagar,15.969,17.304
2024-01-03,Nagarjuna Sagar,15.615,10.948
2024-01-04,Nagarjuna Sagar,75.441,6.003
2024-01-05,Nagarjuna Sagar,76.469,3.426
2024-01-06,Nagarjuna Sagar,78.86,0.85
2024-01-07,Nagarjuna Sagar,80.0,1.7
2024-01-08,Nagarjuna Sagar,78.934,2.551
2024-01-09,Nagarjuna Sagar,77.253,3.401
2024-01-10,Nagarjuna Sagar,76.223,4.251
2024-01-11,Nagarjuna Sagar,76.92,5.101
2024-01-12,Nagarjuna Sagar,78.126,5.951
2024-01-13,Nagarjuna Sagar,15.0,6.801
2024-01-14,Nagarjuna Sagar,15.0,7.652
2024-01-15,Nagarjuna Sagar,15.0,8.502
2024-01-16,Nagarjuna Sagar,16.101,9.352
2024-01-17,Nagarjuna Sagar,16.189,10.202
2024-01-18,Nagarjuna Sagar,15.953,11.052
2024-01-19,Nagarjuna Sagar,16.011,11.902
2024-01-20,Nagarjuna Sagar,15.848,12.753
2024-01-21,Nagarjuna Sagar,15.0,13.603
2024-01-22,Nagarjuna Sagar,16.031,14.453
2024-01-23,Nagarjuna Sagar,92.216,15.303
2024-01-24,Nagarjuna Sagar,96.818,16.153
2024-01-25,Nagarjuna Sagar,95.319,17.003
2024-01-26,Nagarjuna Sagar,60.0,17.854
2024-01-27,Nagarjuna Sagar,71.934,18.704
2024-01-28,Nagarjuna Sagar,70.0,19.554
2024-01-29,Nagarjuna Sagar,73.643,20.404
2024-01-30,Nagarjuna Sagar,75.053,21.254
2024-01-31,Nagarjuna Sagar,59.25,22.104
2024-02-01,Nagarjuna Sagar,110.29,22.955
2024-02-02,Nagarjuna Sagar,108.107,16.951
2024-02-03,Nagarjuna Sagar,97.582,10.241
2024-02-04,Nagarjuna Sagar,90.0,6.003
2024-02-05,Nagarjuna Sagar,97.91,3.46
2024-02-06,Nagarjuna Sagar,96.816,0.918
2024-02-07,Nagarjuna Sagar,95.682,1.836
2024-02-08,Nagarjuna Sagar,95.182,2.755
2024-02-09,Nagarjuna Sagar,95.096,3.673
2024-02-10,Nagarjuna Sagar,90.0,4.591
2024-02-11,Nagarjuna Sagar,90.0,5.509
2024-02-12,Nagarjuna Sagar,60.116,6.427
2024-02-13,Nagarjuna Sagar,15.302,7.345
2024-02-14,Nagarjuna Sagar,2.455,8.264
2024-02-15,Nagarjuna Sagar,2.492,9.182
2024-02-16,Nagarjuna Sagar,2.385,10.1
2024-02-17,Nagarjuna Sagar,2.36,11.018
2024-02-18,Nagarjuna Sagar,3.0,11.936
2024-02-19,Nagarjuna Sagar,2.354,12.855
2024-02-20,Nagarjuna Sagar,2.206,13.773
2024-02-21,Nagarjuna Sagar,2.229,14.691
2024-02-22,Nagarjuna Sagar,2.171,15.609
2024-02-23,Nagarjuna Sagar,2.182,16.527
2024-02-24,Nagarjuna Sagar,2.214,17.445
2024-02-25,Nagarjuna Sagar,3.0,18.364
2024-02-26,Nagarjuna Sagar,2.248,19.282
2024-02-27,Nagarjuna Sagar,2.195,20.2
2024-02-28,Nagarjuna Sagar,2.71,21.118
2024-02-29,Nagarjuna Sagar,2.733,22.036
2024-03-01,Nagarjuna Sagar,2.693,22.955
2024-03-02,Nagarjuna Sagar,2.633,16.245
2024-03-03,Nagarjuna Sagar,3.0,9.888
2024-03-04,Nagarjuna Sagar,2.633,4.944
2024-03-05,Nagarjuna Sagar,2.656,2.897
2024-03-06,Nagarjuna Sagar,2.487,0.85
2024-03-07,Nagarjuna Sagar,53.871,1.7
2024-03-08,Nagarjuna Sagar,53.346,2.551
2024-03-09,Nagarjuna Sagar,3.0,3.401
2024-03-10,Nagarjuna Sagar,3.0,4.251
2024-03-11,Nagarjuna Sagar,2.69,5.101
2024-03-12,Nagarjuna Sagar,2.735,5.951
2024-03-13,Nagarjuna Sagar,2.627,6.801
2024-03-14,Nagarjuna Sagar,2.659,7.652
2024-03-15,Nagarjuna Sagar,2.647,8.502
2024-03-16,Nagarjuna Sagar,2.627,9.352
2024-03-17,Nagarjuna Sagar,3.0,10.202
2024-03-18,Nagarjuna Sagar,2.712,11.052
2024-03-19,Nagarjuna Sagar,2.68,11.902
2024-03-20,Nagarjuna Sagar,2.615,12.753
2024-03-21,Nagarjuna Sagar,2.605,13.603
2024-03-22,Nagarjuna Sagar,2.583,14.453
2024-03-23,Nagarjuna Sagar,2.573,15.303
2024-03-24,Nagarjuna Sagar,3.0,16.153
2024-03-25,Nagarjuna Sagar,2.616,17.003
2024-03-26,Nagarjuna Sagar,2.65,17.854
2024-03-27,Nagarjuna Sagar,2.657,18.704
2024-03-28,Nagarjuna Sagar,2.502,19.554
2024-03-29,Nagarjuna Sagar,3.0,20.404
2024-03-30,Nagarjuna Sagar,2.563,21.254
2024-03-31,Nagarjuna Sagar,3.0,22.104
2024-04-01,Nagarjuna Sagar,2.629,22.955
2024-04-02,Nagarjuna Sagar,20.389,15.892
2024-04-03,Nagarjuna Sagar,53.835,9.535
2024-04-04,Nagarjuna Sagar,58.429,3.885
2024-04-05,Nagarjuna Sagar,71.673,2.384
2024-04-06,Nagarjuna Sagar,72.58,0.883
2024-04-07,Nagarjuna Sagar,80.0,1.766
2024-04-08,Nagarjuna Sagar,73.702,2.649
2024-04-09,Nagarjuna Sagar,60.0,3.531
2024-04-10,Nagarjuna Sagar,60.702,4.414
2024-04-11,Nagarjuna Sagar,60.0,5.297
2024-04-12,Nagarjuna Sagar,53.819,6.18
2024-04-13,Nagarjuna Sagar,50.0,7.063
2024-04-14,Nagarjuna Sagar,50.0,7.946
2024-04-15,Nagarjuna Sagar,56.532,8.829
2024-04-16,Nagarjuna Sagar,301.702,9.712
2024-04-17,Nagarjuna Sagar,300.0,10.594
2024-04-18,Nagarjuna Sagar,134.51,11.477
2024-04-19,Nagarjuna Sagar,58.035,12.36
2024-04-20,Nagarjuna Sagar,57.488,13.243
2024-04-21,Nagarjuna Sagar,60.0,14.126
2024-04-22,Nagarjuna Sagar,55.973,15.009
2024-04-23,Nagarjuna Sagar,55.148,15.892
2024-04-24,Nagarjuna Sagar,54.962,16.774
2024-04-25,Nagarjuna Sagar,55.208,17.657
2024-04-26,Nagarjuna Sagar,56.167,18.54
2024-04-27,Nagarjuna Sagar,58.248,19.423
2024-04-28,Nagarjuna Sagar,60.0,20.306
2024-04-29,Nagarjuna Sagar,52.111,21.189
2024-04-30,Nagarjuna Sagar,50.804,22.072
2024-05-01,Nagarjuna Sagar,19.697,22.955
2024-05-02,Nagarjuna Sagar,2.035,15.538
2024-05-03,Nagarjuna Sagar,2.094,9.182
2024-05-04,Nagarjuna Sagar,2.009,3.178
2024-05-05,Nagarjuna Sagar,3.0,2.007
2024-05-06,Nagarjuna Sagar,2.04,0.837
2024-05-07,Nagarjuna Sagar,2.078,1.674
2024-05-08,Nagarjuna Sagar,2.11,2.511
2024-05-09,Nagarjuna Sagar,2.091,3.348
2024-05-10,Nagarjuna Sagar,2.001,4.185
2024-05-11,Nagarjuna Sagar,3.0,5.023
2024-05-12,Nagarjuna Sagar,3.0,5.86
2024-05-13,Nagarjuna Sagar,3.0,6.697
2024-05-14,Nagarjuna Sagar,2.044,7.534
2024-05-15,Nagarjuna Sagar,2.092,8.371
2024-05-16,Nagarjuna Sagar,1.927,9.208
2024-05-17,Nagarjuna Sagar,36.66,10.045
2024-05-18,Nagarjuna Sagar,40.92,10.882
2024-05-19,Nagarjuna Sagar,40.0,11.719
2024-05-20,Nagarjuna Sagar,42.431,12.556
2024-05-21,Nagarjuna Sagar,41.489,13.393
2024-05-22,Nagarjuna Sagar,40.824,14.231
2024-05-23,Nagarjuna Sagar,40.0,15.068
2024-05-24,Nagarjuna Sagar,41.202,15.905
2024-05-25,Nagarjuna Sagar,40.448,16.742
2024-05-26,Nagarjuna Sagar,40.0,17.579
2024-05-27,Nagarjuna Sagar,2.088,18.416
2024-05-28,Nagarjuna Sagar,2.09,19.253
2024-05-29,Nagarjuna Sagar,2.063,20.09
2024-05-30,Nagarjuna Sagar,1.773,20.927
2024-05-31,Nagarjuna Sagar,1.779,21.764
2024-06-01,Nagarjuna Sagar,1.705,22.601
2024-06-02,Nagarjuna Sagar,2.0,15.185
2024-06-03,Nagarjuna Sagar,2.154,8.829
2024-06-04,Nagarjuna Sagar,1.874,2.472
2024-06-05,Nagarjuna Sagar,1.931,1.678
2024-06-06,Nagarjuna Sagar,1.907,0.883
2024-06-07,Nagarjuna Sagar,1.919,1.766
2024-06-08,Nagarjuna Sagar,2.0,2.649
2024-06-09,Nagarjuna Sagar,2.0,3.531
2024-06-10,Nagarjuna Sagar,1.774,4.414
2024-06-11,Nagarjuna Sagar,1.769,5.297
2024-06-12,Nagarjuna Sagar,1.889,6.18
2024-06-13,Nagarjuna Sagar,1.872,7.063
2024-06-14,Nagarjuna Sagar,1.808,7.946
2024-06-15,Nagarjuna Sagar,21.451,8.829
2024-06-16,Nagarjuna Sagar,20.0,9.712
2024-06-17,Nagarjuna Sagar,20.0,10.594
2024-06-18,Nagarjuna Sagar,28.142,11.477
2024-06-19,Nagarjuna Sagar,29.104,12.36
2024-06-20,Nagarjuna Sagar,28.368,13.243
2024-06-21,Nagarjuna Sagar,1.989,14.126
2024-06-22,Nagarjuna Sagar,1.818,15.009
2024-06-23,Nagarjuna Sagar,3.0,15.892
2024-06-24,Nagarjuna Sagar,1.85,16.774
2024-06-25,Nagarjuna Sagar,1.705,17.657
2024-06-26,Nagarjuna Sagar,1.61,18.54
2024-06-27,Nagarjuna Sagar,1.659,19.423
2024-06-28,Nagarjuna Sagar,1.62,20.306
2024-06-29,Nagarjuna Sagar,1.722,21.189
2024-06-30,Nagarjuna Sagar,2.0,22.072
2024-07-01,Nagarjuna Sagar,1.691,22.955
2024-07-02,Nagarjuna Sagar,1.687,14.832
2024-07-03,Nagarjuna Sagar,1.589,8.476
2024-07-04,Nagarjuna Sagar,1.529,2.119
2024-07-05,Nagarjuna Sagar,1.495,1.485
2024-07-06,Nagarjuna Sagar,1.534,0.85
2024-07-07,Nagarjuna Sagar,2.0,1.7
2024-07-08,Nagarjuna Sagar,1.521,2.551
2024-07-09,Nagarjuna Sagar,1.551,3.401
2024-07-10,Nagarjuna Sagar,1.426,4.251
2024-07-11,Nagarjuna Sagar,1.417,5.101
2024-07-12,Nagarjuna Sagar,1.39,5.951
2024-07-13,Nagarjuna Sagar,2.0,6.801
2024-07-14,Nagarjuna Sagar,2.0,7.652
2024-07-15,Nagarjuna Sagar,1.419,8.502
2024-07-16,Nagarjuna Sagar,1.384,9.352
2024-07-17,Nagarjuna Sagar,2.0,10.202
2024-07-18,Nagarjuna Sagar,1.305,11.052
2024-07-19,Nagarjuna Sagar,1.415,11.902
2024-07-20,Nagarjuna Sagar,1.548,12.753
2024-07-21,Nagarjuna Sagar,5.0,13.603
2024-07-22,Nagarjuna Sagar,1.676,14.453
2024-07-23,Nagarjuna Sagar,1.744,15.303
2024-07-24,Nagarjuna Sagar,1.555,16.153
2024-07-25,Nagarjuna Sagar,1.61,17.003
2024-07-26,Nagarjuna Sagar,1.571,17.854
2024-07-27,Nagarjuna Sagar,1.583,18.704
2024-07-28,Nagarjuna Sagar,2.0,19.554
2024-07-29,Nagarjuna Sagar,1.626,20.404
2024-07-30,Nagarjuna Sagar,1.587,21.254
2024-07-31,Nagarjuna Sagar,1.536,22.104
2024-08-01,Nagarjuna Sagar,1.532,22.955
2024-08-02,Nagarjuna Sagar,1.577,14.126
2024-08-03,Nagarjuna Sagar,1.566,8.122
2024-08-04,Nagarjuna Sagar,40.0,2.119
2024-08-05,Nagarjuna Sagar,486.559,1.478
2024-08-06,Nagarjuna Sagar,847.173,0.837
2024-08-07,Nagarjuna Sagar,3555.0,1.674
2024-08-08,Nagarjuna Sagar,6911.0,2.511
2024-08-09,Nagarjuna Sagar,6771.0,3.348
2024-08-10,Nagarjuna Sagar,9000.0,4.185
2024-08-11,Nagarjuna Sagar,5400.0,5.023
2024-08-12,Nagarjuna Sagar,4165.16,5.86
2024-08-13,Nagarjuna Sagar,166.236,6.697
2024-08-14,Nagarjuna Sagar,218.297,7.534
2024-08-15,Nagarjuna Sagar,360.0,8.371
2024-08-16,Nagarjuna Sagar,1656.978,9.208
2024-08-17,Nagarjuna Sagar,1117.138,10.045
2024-08-18,Nagarjuna Sagar,1500.0,10.882
2024-08-19,Nagarjuna Sagar,1246.288,11.719
2024-08-20,Nagarjuna Sagar,669.918,12.556
2024-08-21,Nagarjuna Sagar,1016.076,13.393
2024-08-22,Nagarjuna Sagar,546.304,14.231
2024-08-23,Nagarjuna Sagar,1034.627,15.068
2024-08-24,Nagarjuna Sagar,878.996,15.905
2024-08-25,Nagarjuna Sagar,880.0,16.742
2024-08-26,Nagarjuna Sagar,864.51,17.579
2024-08-27,Nagarjuna Sagar,1203.817,18.416
2024-08-28,Nagarjuna Sagar,1654.091,19.253
2024-08-29,Nagarjuna Sagar,5291.182,20.09
2024-08-30,Nagarjuna Sagar,9009.0,20.927
2024-08-31,Nagarjuna Sagar,7317.0,21.764
2024-09-01,Nagarjuna Sagar,17600.0,22.601
2024-09-02,Nagarjuna Sagar,17694.0,14.126
2024-09-03,Nagarjuna Sagar,15324.0,8.122
2024-09-04,Nagarjuna Sagar,6771.0,1.766
2024-09-05,Nagarjuna Sagar,645.087,1.318
2024-09-06,Nagarjuna Sagar,1662.625,0.869
2024-09-07,Nagarjuna Sagar,6911.0,1.739
2024-09-08,Nagarjuna Sagar,8400.0,2.608
2024-09-09,Nagarjuna Sagar,6375.0,3.477
2024-09-10,Nagarjuna Sagar,3434.0,4.346
2024-09-11,Nagarjuna Sagar,779.3,5.216
2024-09-12,Nagarjuna Sagar,525.995,6.085
2024-09-13,Nagarjuna Sagar,1682.274,6.954
2024-09-14,Nagarjuna Sagar,600.0,7.824
2024-09-15,Nagarjuna Sagar,1600.0,8.693
2024-09-16,Nagarjuna Sagar,1400.0,9.562
2024-09-17,Nagarjuna Sagar,1488.026,10.431
2024-09-18,Nagarjuna Sagar,1524.373,11.301
2024-09-19,Nagarjuna Sagar,1515.968,12.17
2024-09-20,Nagarjuna Sagar,596.267,13.039
2024-09-21,Nagarjuna Sagar,853.165,13.909
2024-09-22,Nagarjuna Sagar,1400.0,14.778
2024-09-23,Nagarjuna Sagar,1071.014,15.647
2024-09-24,Nagarjuna Sagar,1061.099,16.516
2024-09-25,Nagarjuna Sagar,1458.867,17.386
2024-09-26,Nagarjuna Sagar,1166.16,18.255
2024-09-27,Nagarjuna Sagar,1400.0,19.124
2024-09-28,Nagarjuna Sagar,584.568,19.994
2024-09-29,Nagarjuna Sagar,1000.0,20.863
2024-09-30,Nagarjuna Sagar,1133.763,21.732
2024-10-01,Nagarjuna Sagar,1079.713,22.601
2024-10-02,Nagarjuna Sagar,760.0,13.42
2024-10-03,Nagarjuna Sagar,931.961,7.416
2024-10-04,Nagarjuna Sagar,1554.497,1.059
2024-10-05,Nagarjuna Sagar,699.97,0.942
2024-10-06,Nagarjuna Sagar,900.0,0.824
2024-10-07,Nagarjuna Sagar,1010.705,1.648
2024-10-08,Nagarjuna Sagar,1001.827,2.472
2024-10-09,Nagarjuna Sagar,988.2,3.296
2024-10-10,Nagarjuna Sagar,993.249,4.12
2024-10-11,Nagarjuna Sagar,1026.682,4.944
2024-10-12,Nagarjuna Sagar,1000.0,5.768
2024-10-13,Nagarjuna Sagar,1000.0,6.592
2024-10-14,Nagarjuna Sagar,879.375,7.416
2024-10-15,Nagarjuna Sagar,1140.253,8.24
2024-10-16,Nagarjuna Sagar,1058.932,9.064
2024-10-17,Nagarjuna Sagar,1637.102,9.888
2024-10-18,Nagarjuna Sagar,1791.684,10.712
2024-10-19,Nagarjuna Sagar,2745.856,11.536
2024-10-20,Nagarjuna Sagar,4900.0,12.36
2024-10-21,Nagarjuna Sagar,6771.0,13.184
2024-10-22,Nagarjuna Sagar,3739.558,14.008
2024-10-23,Nagarjuna Sagar,537.795,14.832
2024-10-24,Nagarjuna Sagar,892.027,15.656
2024-10-25,Nagarjuna Sagar,4897.415,16.48
2024-10-26,Nagarjuna Sagar,1901.626,17.304
2024-10-27,Nagarjuna Sagar,1200.0,18.128
2024-10-28,Nagarjuna Sagar,1368.26,18.952
2024-10-29,Nagarjuna Sagar,1358.309,19.776
2024-10-30,Nagarjuna Sagar,1356.24,20.6
2024-10-31,Nagarjuna Sagar,800.0,21.424
2024-11-01,Nagarjuna Sagar,400.0,22.248
2024-11-02,Nagarjuna Sagar,800.0,13.42
2024-11-03,Nagarjuna Sagar,950.0,7.416
2024-11-04,Nagarjuna Sagar,950.0,5.225
2024-11-05,Nagarjuna Sagar,750.0,3.033
2024-11-06,Nagarjuna Sagar,508.959,0.842
2024-11-07,Nagarjuna Sagar,114.442,1.684
2024-11-08,Nagarjuna Sagar,372.584,2.526
2024-11-09,Nagarjuna Sagar,350.0,3.368
2024-11-10,Nagarjuna Sagar,350.0,4.211
2024-11-11,Nagarjuna Sagar,358.963,5.053
2024-11-12,Nagarjuna Sagar,251.842,5.895
2024-11-13,Nagarjuna Sagar,86.962,6.737
2024-11-14,Nagarjuna Sagar,85.841,7.579
2024-11-15,Nagarjuna Sagar,250.0,8.421
2024-11-16,Nagarjuna Sagar,87.724,9.263
2024-11-17,Nagarjuna Sagar,60.0,10.105
2024-11-18,Nagarjuna Sagar,36.909,10.948
2024-11-19,Nagarjuna Sagar,37.207,11.79
2024-11-20,Nagarjuna Sagar,37.098,12.632
2024-11-21,Nagarjuna Sagar,38.075,13.474
2024-11-22,Nagarjuna Sagar,65.209,14.316
2024-11-23,Nagarjuna Sagar,86.47,15.158
2024-11-24,Nagarjuna Sagar,60.0,16.0
2024-11-25,Nagarjuna Sagar,86.101,16.842
2024-11-26,Nagarjuna Sagar,38.626,17.684
2024-11-27,Nagarjuna Sagar,41.28,18.527
2024-11-28,Nagarjuna Sagar,40.008,19.369
2024-11-29,Nagarjuna Sagar,73.285,20.211
2024-11-30,Nagarjuna Sagar,62.852,21.053
2024-12-01,Nagarjuna Sagar,60.0,21.895
2024-12-02,Nagarjuna Sagar,64.207,13.42
2024-12-03,Nagarjuna Sagar,65.106,7.063
2024-12-04,Nagarjuna Sagar,65.766,0.353
2024-12-05,Nagarjuna Sagar,66.203,0.353
2024-12-06,Nagarjuna Sagar,88.139,0.353
2024-12-07,Nagarjuna Sagar,89.166,0.353
2024-12-08,Nagarjuna Sagar,80.0,0.353
2024-12-09,Nagarjuna Sagar,60.638,0.353
2024-12-10,Nagarjuna Sagar,59.404,0.353
2024-12-11,Nagarjuna Sagar,60.994,0.353
2024-12-12,Nagarjuna Sagar,62.381,0.353
2024-12-13,Nagarjuna Sagar,61.036,0.353
2024-12-14,Nagarjuna Sagar,60.0,0.353
2024-12-15,Nagarjuna Sagar,60.0,0.353
2024-12-16,Nagarjuna Sagar,62.139,0.353
2024-12-17,Nagarjuna Sagar,61.346,0.353
2024-12-18,Nagarjuna Sagar,61.895,0.353
2024-12-19,Nagarjuna Sagar,62.477,0.353
2024-12-20,Nagarjuna Sagar,61.592,0.353
2024-12-21,Nagarjuna Sagar,64.044,0.353
2024-12-22,Nagarjuna Sagar,60.0,0.353
2024-12-23,Nagarjuna Sagar,62.854,0.353
2024-12-24,Nagarjuna Sagar,63.97,0.353
2024-12-25,Nagarjuna Sagar,60.0,0.353
2024-12-26,Nagarjuna Sagar,38.973,0.353
2024-12-27,Nagarjuna Sagar,40.444,0.353
2024-12-28,Nagarjuna Sagar,77.892,0.353
2024-12-29,Nagarjuna Sagar,60.0,0.353
2024-12-30,Nagarjuna Sagar,76.735,0.353
2024-12-31,Nagarjuna Sagar,76.082,0.353
