Date,Reservoir_Name,Inflow (cusecs/cumecs),Storage (TMC/MCM)
2010-01-01,Jayakwadi,0.0,16.245
2010-01-02,Jayakwadi,0.0,10.594
2010-01-03,Jayakwadi,0.0,8.122
2010-01-04,Jayakwadi,0.0,5.297
2010-01-05,Jayakwadi,0.0,2.472
2010-01-06,Jayakwadi,0.0,0.706
2010-01-07,Jayakwadi,0.0,0.706
2010-01-08,Jayakwadi,0.0,7.416
2010-01-09,Jayakwadi,0.0,25.427
2010-01-10,Jayakwadi,0.0,44.143
2010-01-11,Jayakwadi,0.0,45.909
2010-01-12,Jayakwadi,0.0,51.206
2010-01-13,Jayakwadi,0.0,49.441
2010-01-14,Jayakwadi,0.0,47.675
2010-01-15,Jayakwadi,0.0,45.909
2010-01-16,Jayakwadi,0.0,44.143
2010-01-17,Jayakwadi,0.0,42.378
2010-01-18,Jayakwadi,0.0,40.612
2010-01-19,Jayakwadi,0.0,38.846
2010-01-20,Jayakwadi,0.0,37.08
2010-01-21,Jayakwadi,0.0,35.315
2010-01-22,Jayakwadi,0.0,33.549
2010-01-23,Jayakwadi,0.0,31.783
2010-01-24,Jayakwadi,0.0,30.017
2010-01-25,Jayakwadi,0.0,28.252
2010-01-26,Jayakwadi,0.0,26.486
2010-01-27,Jayakwadi,0.0,24.72
2010-01-28,Jayakwadi,0.0,22.955
2010-01-29,Jayakwadi,0.0,21.189
2010-01-30,Jayakwadi,0.0,19.423
2010-01-31,Jayakwadi,0.0,17.657
2010-02-01,Jayakwadi,0.0,15.892
2010-02-02,Jayakwadi,0.0,10.594
2010-02-03,Jayakwadi,0.0,8.122
2010-02-04,Jayakwadi,0.0,5.297
2010-02-05,Jayakwadi,0.0,2.472
2010-02-06,Jayakwadi,0.0,0.706
2010-02-07,Jayakwadi,0.0,1.059
2010-02-08,Jayakwadi,0.0,7.769
2010-02-09,Jayakwadi,0.0,27.545
2010-02-10,Jayakwadi,0.0,44.143
2010-02-11,Jayakwadi,0.0,45.909
2010-02-12,Jayakwadi,0.0,51.559
2010-02-13,Jayakwadi,0.0,49.461
2010-02-14,Jayakwadi,0.0,47.363
2010-02-15,Jayakwadi,0.0,45.265
2010-02-16,Jayakwadi,0.0,43.167
2010-02-17,Jayakwadi,0.0,41.069
2010-02-18,Jayakwadi,0.0,38.971
2010-02-19,Jayakwadi,0.0,36.873
2010-02-20,Jayakwadi,0.0,34.775
2010-02-21,Jayakwadi,0.0,32.676
2010-02-22,Jayakwadi,0.0,30.578
2010-02-23,Jayakwadi,0.0,28.48
2010-02-24,Jayakwadi,0.0,26.382
2010-02-25,Jayakwadi,0.0,24.284
2010-02-26,Jayakwadi,0.0,22.186
2010-02-27,Jayakwadi,0.0,20.088
2010-02-28,Jayakwadi,0.0,17.99
2010-03-01,Jayakwadi,0.0,15.892
2010-03-02,Jayakwadi,0.0,10.594
2010-03-03,Jayakwadi,0.0,7.769
2010-03-04,Jayakwadi,0.0,5.297
2010-03-05,Jayakwadi,0.0,2.472
2010-03-06,Jayakwadi,0.0,0.353
2010-03-07,Jayakwadi,0.0,2.472
2010-03-08,Jayakwadi,0.0,8.829
2010-03-09,Jayakwadi,0.0,29.311
2010-03-10,Jayakwadi,0.0,44.143
2010-03-11,Jayakwadi,0.0,45.909
2010-03-12,Jayakwadi,0.0,51.913
2010-03-13,Jayakwadi,0.0,50.094
2010-03-14,Jayakwadi,0.0,48.275
2010-03-15,Jayakwadi,0.0,46.456
2010-03-16,Jayakwadi,0.0,44.638
2010-03-17,Jayakwadi,0.0,42.819
2010-03-18,Jayakwadi,0.0,41.0
2010-03-19,Jayakwadi,0.0,39.182
2010-03-20,Jayakwadi,0.0,37.363
2010-03-21,Jayakwadi,0.0,35.544
2010-03-22,Jayakwadi,0.0,33.726
2010-03-23,Jayakwadi,0.0,31.907
2010-03-24,Jayakwadi,0.0,30.088
2010-03-25,Jayakwadi,0.0,28.269
2010-03-26,Jayakwadi,0.0,26.451
2010-03-27,Jayakwadi,0.0,24.632
2010-03-28,Jayakwadi,0.0,22.813
2010-03-29,Jayakwadi,0.0,20.995
2010-03-30,Jayakwadi,0.0,19.176
2010-03-31,Jayakwadi,0.0,17.357
2010-04-01,Jayakwadi,0.0,15.538
2010-04-02,Jayakwadi,0.0,10.594
2010-04-03,Jayakwadi,0.0,7.769
2010-04-04,Jayakwadi,0.0,5.297
2010-04-05,Jayakwadi,0.0,2.472
2010-04-06,Jayakwadi,0.0,0.353
2010-04-07,Jayakwadi,0.0,2.825
2010-04-08,Jayakwadi,0.0,9.888
2010-04-09,Jayakwadi,0.0,30.017
2010-04-10,Jayakwadi,0.0,44.143
2010-04-11,Jayakwadi,0.0,45.909
2010-04-12,Jayakwadi,0.0,51.913
2010-04-13,Jayakwadi,0.0,49.998
2010-04-14,Jayakwadi,0.0,48.084
2010-04-15,Jayakwadi,0.0,46.169
2010-04-16,Jayakwadi,0.0,44.255
2010-04-17,Jayakwadi,0.0,42.34
2010-04-18,Jayakwadi,0.0,40.426
2010-04-19,Jayakwadi,0.0,38.512
2010-04-20,Jayakwadi,0.0,36.597
2010-04-21,Jayakwadi,0.0,34.683
2010-04-22,Jayakwadi,0.0,32.768
2010-04-23,Jayakwadi,0.0,30.854
2010-04-24,Jayakwadi,0.0,28.939
2010-04-25,Jayakwadi,0.0,27.025
2010-04-26,Jayakwadi,0.0,25.111
2010-04-27,Jayakwadi,0.0,23.196
2010-04-28,Jayakwadi,0.0,21.282
2010-04-29,Jayakwadi,0.0,19.367
2010-04-30,Jayakwadi,0.0,17.453
2010-05-01,Jayakwadi,0.0,15.538
2010-05-02,Jayakwadi,0.0,10.241
2010-05-03,Jayakwadi,0.0,7.416
2010-05-04,Jayakwadi,0.0,5.297
2010-05-05,Jayakwadi,0.0,2.472
2010-05-06,Jayakwadi,0.0,0.353
2010-05-07,Jayakwadi,0.0,3.178
2010-05-08,Jayakwadi,0.0,9.888
2010-05-09,Jayakwadi,0.0,30.724
2010-05-10,Jayakwadi,0.0,44.496
2010-05-11,Jayakwadi,0.0,45.909
2010-05-12,Jayakwadi,0.0,51.913
2010-05-13,Jayakwadi,0.0,50.076
2010-05-14,Jayakwadi,0.0,48.24
2010-05-15,Jayakwadi,0.0,46.403
2010-05-16,Jayakwadi,0.0,44.567
2010-05-17,Jayakwadi,0.0,42.731
2010-05-18,Jayakwadi,0.0,40.894
2010-05-19,Jayakwadi,0.0,39.058
2010-05-20,Jayakwadi,0.0,37.222
2010-05-21,Jayakwadi,0.0,35.385
2010-05-22,Jayakwadi,0.0,33.549
2010-05-23,Jayakwadi,0.0,31.713
2010-05-24,Jayakwadi,0.0,29.876
2010-05-25,Jayakwadi,0.0,28.04
2010-05-26,Jayakwadi,0.0,26.203
2010-05-27,Jayakwadi,0.0,24.367
2010-05-28,Jayakwadi,0.0,22.531
2010-05-29,Jayakwadi,0.0,20.694
2010-05-30,Jayakwadi,0.0,18.858
2010-05-31,Jayakwadi,0.0,17.022
2010-06-01,Jayakwadi,0.0,15.185
2010-06-02,Jayakwadi,0.0,10.241
2010-06-03,Jayakwadi,0.0,7.416
2010-06-04,Jayakwadi,0.0,4.944
2010-06-05,Jayakwadi,0.0,2.472
2010-06-06,Jayakwadi,0.0,0.353
2010-06-07,Jayakwadi,0.0,3.178
2010-06-08,Jayakwadi,0.0,13.066
2010-06-09,Jayakwadi,0.0,31.43
2010-06-10,Jayakwadi,0.0,44.496
2010-06-11,Jayakwadi,0.0,45.909
2010-06-12,Jayakwadi,0.0,51.913
2010-06-13,Jayakwadi,0.0,49.961
2010-06-14,Jayakwadi,0.0,48.009
2010-06-15,Jayakwadi,0.0,46.058
2010-06-16,Jayakwadi,0.0,44.106
2010-06-17,Jayakwadi,0.0,42.155
2010-06-18,Jayakwadi,0.0,40.203
2010-06-19,Jayakwadi,0.0,38.251
2010-06-20,Jayakwadi,0.0,36.3
2010-06-21,Jayakwadi,0.0,34.348
2010-06-22,Jayakwadi,0.0,32.397
2010-06-23,Jayakwadi,0.0,30.445
2010-06-24,Jayakwadi,0.0,28.493
2010-06-25,Jayakwadi,0.0,26.542
2010-06-26,Jayakwadi,0.0,24.59
2010-06-27,Jayakwadi,0.0,22.639
2010-06-28,Jayakwadi,0.0,20.687
2010-06-29,Jayakwadi,0.0,18.735
2010-06-30,Jayakwadi,0.0,16.784
2010-07-01,Jayakwadi,0.0,14.832
2010-07-02,Jayakwadi,0.0,10.241
2010-07-03,Jayakwadi,364.398,7.416
2010-07-04,Jayakwadi,744.3,4.944
2010-07-05,Jayakwadi,180.537,2.472
2010-07-06,Jayakwadi,55.172,0.353
2010-07-07,Jayakwadi,0.0,3.178
2010-07-08,Jayakwadi,0.0,13.773
2010-07-09,Jayakwadi,0.0,32.136
2010-07-10,Jayakwadi,0.0,44.496
2010-07-11,Jayakwadi,0.0,45.909
2010-07-12,Jayakwadi,0.0,51.913
2010-07-13,Jayakwadi,0.0,50.041
2010-07-14,Jayakwadi,0.0,48.169
2010-07-15,Jayakwadi,0.0,46.298
2010-07-16,Jayakwadi,0.0,44.426
2010-07-17,Jayakwadi,73.589,42.554
2010-07-18,Jayakwadi,0.0,40.682
2010-07-19,Jayakwadi,0.0,38.811
2010-07-20,Jayakwadi,0.0,36.939
2010-07-21,Jayakwadi,0.0,35.067
2010-07-22,Jayakwadi,0.0,33.196
2010-07-23,Jayakwadi,0.0,31.324
2010-07-24,Jayakwadi,0.0,29.452
2010-07-25,Jayakwadi,0.0,27.581
2010-07-26,Jayakwadi,0.0,25.709
2010-07-27,Jayakwadi,0.0,23.837
2010-07-28,Jayakwadi,0.0,21.966
2010-07-29,Jayakwadi,0.0,20.094
2010-07-30,Jayakwadi,0.0,18.222
2010-07-31,Jayakwadi,0.0,16.351
2010-08-01,Jayakwadi,0.0,14.479
2010-08-02,Jayakwadi,0.0,10.241
2010-08-03,Jayakwadi,0.0,7.063
2010-08-04,Jayakwadi,0.0,4.944
2010-08-05,Jayakwadi,0.0,2.472
2010-08-06,Jayakwadi,0.0,0.353
2010-08-07,Jayakwadi,0.0,3.178
2010-08-08,Jayakwadi,0.0,14.126
2010-08-09,Jayakwadi,0.0,34.255
2010-08-10,Jayakwadi,0.0,44.496
2010-08-11,Jayakwadi,0.0,45.909
2010-08-12,Jayakwadi,0.0,51.913
2010-08-13,Jayakwadi,110.363,50.041
2010-08-14,Jayakwadi,0.0,48.169
2010-08-15,Jayakwadi,0.0,46.298
2010-08-16,Jayakwadi,0.0,44.426
2010-08-17,Jayakwadi,0.0,42.554
2010-08-18,Jayakwadi,0.0,40.682
2010-08-19,Jayakwadi,0.0,38.811
2010-08-20,Jayakwadi,0.0,36.939
2010-08-21,Jayakwadi,0.0,35.067
2010-08-22,Jayakwadi,0.0,33.196
2010-08-23,Jayakwadi,0.0,31.324
2010-08-24,Jayakwadi,0.0,29.452
2010-08-25,Jayakwadi,0.0,27.581
2010-08-26,Jayakwadi,62.354,25.709
2010-08-27,Jayakwadi,0.0,23.837
2010-08-28,Jayakwadi,142.567,21.966
2010-08-29,Jayakwadi,67.63,20.094
2010-08-30,Jayakwadi,0.0,18.222
2010-08-31,Jayakwadi,350.774,16.351
2010-09-01,Jayakwadi,125.968,14.479
2010-09-02,Jayakwadi,180.359,9.888
2010-09-03,Jayakwadi,0.0,7.063
2010-09-04,Jayakwadi,0.0,4.944
2010-09-05,Jayakwadi,0.0,2.119
2010-09-06,Jayakwadi,0.0,0.353
2010-09-07,Jayakwadi,123.509,3.178
2010-09-08,Jayakwadi,0.0,15.538
2010-09-09,Jayakwadi,253.392,35.668
2010-09-10,Jayakwadi,115.761,44.85
2010-09-11,Jayakwadi,109.1,45.909
2010-09-12,Jayakwadi,0.0,51.913
2010-09-13,Jayakwadi,0.0,49.924
2010-09-14,Jayakwadi,0.0,47.935
2010-09-15,Jayakwadi,0.0,45.946
2010-09-16,Jayakwadi,325.181,43.957
2010-09-17,Jayakwadi,0.0,41.969
2010-09-18,Jayakwadi,149.743,39.98
2010-09-19,Jayakwadi,0.0,37.991
2010-09-20,Jayakwadi,0.0,36.002
2010-09-21,Jayakwadi,0.0,34.014
2010-09-22,Jayakwadi,100.557,32.025
2010-09-23,Jayakwadi,288.203,30.036
2010-09-24,Jayakwadi,0.0,28.047
2010-09-25,Jayakwadi,125.273,26.059
2010-09-26,Jayakwadi,134.3,24.07
2010-09-27,Jayakwadi,0.0,22.081
2010-09-28,Jayakwadi,0.0,20.092
2010-09-29,Jayakwadi,0.0,18.103
2010-09-30,Jayakwadi,124.098,16.115
2010-10-01,Jayakwadi,103.31,14.126
2010-10-02,Jayakwadi,0.0,9.888
2010-10-03,Jayakwadi,0.0,6.71
2010-10-04,Jayakwadi,0.0,4.944
2010-10-05,Jayakwadi,105.81,2.119
2010-10-06,Jayakwadi,0.0,0.353
2010-10-07,Jayakwadi,0.0,3.178
2010-10-08,Jayakwadi,0.0,16.598
2010-10-09,Jayakwadi,0.0,37.434
2010-10-10,Jayakwadi,0.0,44.85
2010-10-11,Jayakwadi,0.0,45.909
2010-10-12,Jayakwadi,0.0,51.913
2010-10-13,Jayakwadi,0.0,50.006
2010-10-14,Jayakwadi,0.0,48.099
2010-10-15,Jayakwadi,0.0,46.192
2010-10-16,Jayakwadi,0.0,44.285
2010-10-17,Jayakwadi,0.0,42.378
2010-10-18,Jayakwadi,0.0,40.471
2010-10-19,Jayakwadi,0.0,38.564
2010-10-20,Jayakwadi,0.0,36.657
2010-10-21,Jayakwadi,0.0,34.75
2010-10-22,Jayakwadi,0.0,32.843
2010-10-23,Jayakwadi,200.402,30.936
2010-10-24,Jayakwadi,0.0,29.029
2010-10-25,Jayakwadi,0.0,27.122
2010-10-26,Jayakwadi,0.0,25.215
2010-10-27,Jayakwadi,0.0,23.308
2010-10-28,Jayakwadi,0.0,21.401
2010-10-29,Jayakwadi,0.0,19.494
2010-10-30,Jayakwadi,0.0,17.587
2010-10-31,Jayakwadi,0.0,15.68
2010-11-01,Jayakwadi,0.0,13.773
2010-11-02,Jayakwadi,0.0,9.888
2010-11-03,Jayakwadi,0.0,6.71
2010-11-04,Jayakwadi,0.0,4.591
2010-11-05,Jayakwadi,0.0,2.119
2010-11-06,Jayakwadi,0.0,0.0
2010-11-07,Jayakwadi,0.0,3.178
2010-11-08,Jayakwadi,0.0,16.951
2010-11-09,Jayakwadi,0.0,39.199
2010-11-10,Jayakwadi,0.0,44.85
2010-11-11,Jayakwadi,0.0,45.909
2010-11-12,Jayakwadi,0.0,51.913
2010-11-13,Jayakwadi,0.0,49.887
2010-11-14,Jayakwadi,0.0,47.861
2010-11-15,Jayakwadi,0.0,45.835
2010-11-16,Jayakwadi,0.0,43.809
2010-11-17,Jayakwadi,0.0,41.783
2010-11-18,Jayakwadi,0.0,39.757
2010-11-19,Jayakwadi,0.0,37.731
2010-11-20,Jayakwadi,0.0,35.705
2010-11-21,Jayakwadi,0.0,33.679
2010-11-22,Jayakwadi,0.0,31.653
2010-11-23,Jayakwadi,0.0,29.627
2010-11-24,Jayakwadi,0.0,27.601
2010-11-25,Jayakwadi,0.0,25.575
2010-11-26,Jayakwadi,0.0,23.549
2010-11-27,Jayakwadi,0.0,21.523
2010-11-28,Jayakwadi,0.0,19.497
2010-11-29,Jayakwadi,0.0,17.471
2010-11-30,Jayakwadi,0.0,15.446
2010-12-01,Jayakwadi,0.0,13.42
2010-12-02,Jayakwadi,0.0,9.535
2010-12-03,Jayakwadi,0.0,6.71
2010-12-04,Jayakwadi,0.0,4.591
2010-12-05,Jayakwadi,0.0,1.766
2010-12-06,Jayakwadi,0.0,0.0
2010-12-07,Jayakwadi,0.0,3.178
2010-12-08,Jayakwadi,0.0,16.951
2010-12-09,Jayakwadi,0.0,40.259
2010-12-10,Jayakwadi,0.0,44.85
2010-12-11,Jayakwadi,0.0,45.909
2010-12-12,Jayakwadi,0.0,51.913
2010-12-13,Jayakwadi,0.0,51.701
2010-12-14,Jayakwadi,0.0,51.489
2010-12-15,Jayakwadi,0.0,51.277
2010-12-16,Jayakwadi,0.0,51.065
2010-12-17,Jayakwadi,0.0,50.853
2010-12-18,Jayakwadi,0.0,50.641
2010-12-19,Jayakwadi,0.0,50.429
2010-12-20,Jayakwadi,0.0,50.217
2010-12-21,Jayakwadi,0.0,50.006
2010-12-22,Jayakwadi,0.0,49.794
2010-12-23,Jayakwadi,0.0,49.582
2010-12-24,Jayakwadi,0.0,49.37
2010-12-25,Jayakwadi,0.0,49.158
2010-12-26,Jayakwadi,0.0,48.946
2010-12-27,Jayakwadi,0.0,48.734
2010-12-28,Jayakwadi,0.0,48.522
2010-12-29,Jayakwadi,0.0,48.31
2010-12-30,Jayakwadi,0.0,48.099
2010-12-31,Jayakwadi,0.0,47.887
2011-01-01,Jayakwadi,0.0,47.675
2011-01-02,Jayakwadi,0.0,42.731
2011-01-03,Jayakwadi,0.0,36.727
2011-01-04,Jayakwadi,0.0,30.371
2011-01-05,Jayakwadi,0.0,23.308
2011-01-06,Jayakwadi,0.0,16.598
2011-01-07,Jayakwadi,0.0,11.654
2011-01-08,Jayakwadi,0.0,12.713
2011-01-09,Jayakwadi,0.0,28.605
2011-01-10,Jayakwadi,0.0,49.087
2011-01-11,Jayakwadi,0.0,46.262
2011-01-12,Jayakwadi,0.0,38.14
2011-01-13,Jayakwadi,0.0,38.617
2011-01-14,Jayakwadi,0.0,39.093
2011-01-15,Jayakwadi,0.0,39.57
2011-01-16,Jayakwadi,0.0,40.047
2011-01-17,Jayakwadi,0.0,40.524
2011-01-18,Jayakwadi,0.0,41.0
2011-01-19,Jayakwadi,0.0,41.477
2011-01-20,Jayakwadi,0.0,41.954
2011-01-21,Jayakwadi,0.0,42.431
2011-01-22,Jayakwadi,0.0,42.907
2011-01-23,Jayakwadi,0.0,43.384
2011-01-24,Jayakwadi,0.0,43.861
2011-01-25,Jayakwadi,0.0,44.338
2011-01-26,Jayakwadi,0.0,44.814
2011-01-27,Jayakwadi,0.0,45.291
2011-01-28,Jayakwadi,0.0,45.768
2011-01-29,Jayakwadi,0.0,46.245
2011-01-30,Jayakwadi,0.0,46.721
2011-01-31,Jayakwadi,0.0,47.198
2011-02-01,Jayakwadi,0.0,47.675
2011-02-02,Jayakwadi,0.0,42.731
2011-02-03,Jayakwadi,0.0,36.374
2011-02-04,Jayakwadi,0.0,30.017
2011-02-05,Jayakwadi,0.0,22.955
2011-02-06,Jayakwadi,0.0,16.245
2011-02-07,Jayakwadi,0.0,11.301
2011-02-08,Jayakwadi,0.0,12.713
2011-02-09,Jayakwadi,0.0,29.664
2011-02-10,Jayakwadi,0.0,49.087
2011-02-11,Jayakwadi,0.0,45.909
2011-02-12,Jayakwadi,0.0,37.787
2011-02-13,Jayakwadi,0.0,38.348
2011-02-14,Jayakwadi,0.0,38.908
2011-02-15,Jayakwadi,0.0,39.469
2011-02-16,Jayakwadi,0.0,40.03
2011-02-17,Jayakwadi,0.0,40.591
2011-02-18,Jayakwadi,0.0,41.152
2011-02-19,Jayakwadi,0.0,41.713
2011-02-20,Jayakwadi,0.0,42.274
2011-02-21,Jayakwadi,0.0,42.835
2011-02-22,Jayakwadi,0.0,43.395
2011-02-23,Jayakwadi,0.0,43.956
2011-02-24,Jayakwadi,0.0,44.517
2011-02-25,Jayakwadi,0.0,45.078
2011-02-26,Jayakwadi,0.0,45.639
2011-02-27,Jayakwadi,0.0,46.2
2011-02-28,Jayakwadi,0.0,46.761
2011-03-01,Jayakwadi,0.0,47.322
2011-03-02,Jayakwadi,0.0,42.378
2011-03-03,Jayakwadi,0.0,36.374
2011-03-04,Jayakwadi,0.0,30.017
2011-03-05,Jayakwadi,0.0,22.955
2011-03-06,Jayakwadi,0.0,15.892
2011-03-07,Jayakwadi,0.0,11.301
2011-03-08,Jayakwadi,0.0,12.713
2011-03-09,Jayakwadi,0.0,31.077
2011-03-10,Jayakwadi,0.0,49.087
2011-03-11,Jayakwadi,0.0,46.262
2011-03-12,Jayakwadi,0.0,37.434
2011-03-13,Jayakwadi,0.0,37.928
2011-03-14,Jayakwadi,0.0,38.422
2011-03-15,Jayakwadi,0.0,38.917
2011-03-16,Jayakwadi,0.0,39.411
2011-03-17,Jayakwadi,0.0,39.906
2011-03-18,Jayakwadi,0.0,40.4
2011-03-19,Jayakwadi,0.0,40.894
2011-03-20,Jayakwadi,0.0,41.389
2011-03-21,Jayakwadi,0.0,41.883
2011-03-22,Jayakwadi,0.0,42.378
2011-03-23,Jayakwadi,0.0,42.872
2011-03-24,Jayakwadi,0.0,43.366
2011-03-25,Jayakwadi,0.0,43.861
2011-03-26,Jayakwadi,0.0,44.355
2011-03-27,Jayakwadi,0.0,44.85
2011-03-28,Jayakwadi,0.0,45.344
2011-03-29,Jayakwadi,0.0,45.838
2011-03-30,Jayakwadi,0.0,46.333
2011-03-31,Jayakwadi,0.0,46.827
2011-04-01,Jayakwadi,0.0,47.322
2011-04-02,Jayakwadi,0.0,42.378
2011-04-03,Jayakwadi,0.0,36.021
2011-04-04,Jayakwadi,0.0,30.017
2011-04-05,Jayakwadi,0.0,22.601
2011-04-06,Jayakwadi,0.0,15.892
2011-04-07,Jayakwadi,0.0,11.301
2011-04-08,Jayakwadi,0.0,12.713
2011-04-09,Jayakwadi,0.0,32.489
2011-04-10,Jayakwadi,0.0,49.087
2011-04-11,Jayakwadi,0.0,45.909
2011-04-12,Jayakwadi,0.0,37.434
2011-04-13,Jayakwadi,0.0,37.954
2011-04-14,Jayakwadi,0.0,38.474
2011-04-15,Jayakwadi,0.0,38.995
2011-04-16,Jayakwadi,0.0,39.515
2011-04-17,Jayakwadi,0.0,40.036
2011-04-18,Jayakwadi,0.0,40.556
2011-04-19,Jayakwadi,0.0,41.077
2011-04-20,Jayakwadi,0.0,41.597
2011-04-21,Jayakwadi,0.0,42.117
2011-04-22,Jayakwadi,0.0,42.638
2011-04-23,Jayakwadi,0.0,43.158
2011-04-24,Jayakwadi,0.0,43.679
2011-04-25,Jayakwadi,0.0,44.199
2011-04-26,Jayakwadi,0.0,44.72
2011-04-27,Jayakwadi,0.0,45.24
2011-04-28,Jayakwadi,0.0,45.76
2011-04-29,Jayakwadi,0.0,46.281
2011-04-30,Jayakwadi,0.0,46.801
2011-05-01,Jayakwadi,0.0,47.322
2011-05-02,Jayakwadi,0.0,42.024
2011-05-03,Jayakwadi,0.0,36.021
2011-05-04,Jayakwadi,0.0,30.017
2011-05-05,Jayakwadi,0.0,22.248
2011-05-06,Jayakwadi,0.0,15.538
2011-05-07,Jayakwadi,0.0,11.301
2011-05-08,Jayakwadi,0.0,12.713
2011-05-09,Jayakwadi,0.0,33.549
2011-05-10,Jayakwadi,0.0,49.087
2011-05-11,Jayakwadi,0.0,45.909
2011-05-12,Jayakwadi,0.0,37.434
2011-05-13,Jayakwadi,0.0,37.91
2011-05-14,Jayakwadi,0.0,38.387
2011-05-15,Jayakwadi,0.0,38.864
2011-05-16,Jayakwadi,0.0,39.341
2011-05-17,Jayakwadi,0.0,39.817
2011-05-18,Jayakwadi,0.0,40.294
2011-05-19,Jayakwadi,0.0,40.771
2011-05-20,Jayakwadi,0.0,41.248
2011-05-21,Jayakwadi,0.0,41.724
2011-05-22,Jayakwadi,0.0,42.201
2011-05-23,Jayakwadi,0.0,42.678
2011-05-24,Jayakwadi,0.0,43.155
2011-05-25,Jayakwadi,0.0,43.631
2011-05-26,Jayakwadi,0.0,44.108
2011-05-27,Jayakwadi,0.0,44.585
2011-05-28,Jayakwadi,0.0,45.062
2011-05-29,Jayakwadi,0.0,45.538
2011-05-30,Jayakwadi,0.0,46.015
2011-05-31,Jayakwadi,0.0,46.492
2011-06-01,Jayakwadi,0.0,46.969
2011-06-02,Jayakwadi,0.0,41.671
2011-06-03,Jayakwadi,0.0,35.668
2011-06-04,Jayakwadi,0.0,29.664
2011-06-05,Jayakwadi,0.0,21.895
2011-06-06,Jayakwadi,0.0,15.538
2011-06-07,Jayakwadi,0.0,11.301
2011-06-08,Jayakwadi,0.0,12.713
2011-06-09,Jayakwadi,0.0,35.315
2011-06-10,Jayakwadi,0.0,49.087
2011-06-11,Jayakwadi,0.0,45.556
2011-06-12,Jayakwadi,0.0,37.08
2011-06-13,Jayakwadi,0.0,37.601
2011-06-14,Jayakwadi,0.0,38.121
2011-06-15,Jayakwadi,0.0,38.642
2011-06-16,Jayakwadi,0.0,39.162
2011-06-17,Jayakwadi,0.0,39.683
2011-06-18,Jayakwadi,0.0,40.203
2011-06-19,Jayakwadi,0.0,40.723
2011-06-20,Jayakwadi,0.0,41.244
2011-06-21,Jayakwadi,0.0,41.764
2011-06-22,Jayakwadi,0.0,42.285
2011-06-23,Jayakwadi,0.0,42.805
2011-06-24,Jayakwadi,0.0,43.326
2011-06-25,Jayakwadi,0.0,43.846
2011-06-26,Jayakwadi,0.0,44.366
2011-06-27,Jayakwadi,0.0,44.887
2011-06-28,Jayakwadi,0.0,45.407
2011-06-29,Jayakwadi,0.0,45.928
2011-06-30,Jayakwadi,0.0,46.448
2011-07-01,Jayakwadi,0.0,46.969
2011-07-02,Jayakwadi,0.0,41.671
2011-07-03,Jayakwadi,0.0,35.668
2011-07-04,Jayakwadi,0.0,29.664
2011-07-05,Jayakwadi,0.0,21.542
2011-07-06,Jayakwadi,0.0,15.185
2011-07-07,Jayakwadi,0.0,11.301
2011-07-08,Jayakwadi,0.0,12.713
2011-07-09,Jayakwadi,0.0,37.434
2011-07-10,Jayakwadi,0.0,49.087
2011-07-11,Jayakwadi,0.0,44.85
2011-07-12,Jayakwadi,0.0,36.727
2011-07-13,Jayakwadi,0.0,37.239
2011-07-14,Jayakwadi,0.0,37.751
2011-07-15,Jayakwadi,0.0,38.263
2011-07-16,Jayakwadi,0.0,38.776
2011-07-17,Jayakwadi,0.0,39.288
2011-07-18,Jayakwadi,0.0,39.8
2011-07-19,Jayakwadi,0.0,40.312
2011-07-20,Jayakwadi,0.0,40.824
2011-07-21,Jayakwadi,0.0,41.336
2011-07-22,Jayakwadi,0.0,41.848
2011-07-23,Jayakwadi,0.0,42.36
2011-07-24,Jayakwadi,0.0,42.872
2011-07-25,Jayakwadi,0.0,43.384
2011-07-26,Jayakwadi,0.0,43.896
2011-07-27,Jayakwadi,0.0,44.408
2011-07-28,Jayakwadi,0.0,44.92
2011-07-29,Jayakwadi,0.0,45.432
2011-07-30,Jayakwadi,0.0,45.944
2011-07-31,Jayakwadi,0.0,46.456
2011-08-01,Jayakwadi,0.0,46.969
2011-08-02,Jayakwadi,0.0,41.318
2011-08-03,Jayakwadi,0.0,35.315
2011-08-04,Jayakwadi,0.0,29.311
2011-08-05,Jayakwadi,0.0,21.189
2011-08-06,Jayakwadi,0.0,14.832
2011-08-07,Jayakwadi,0.0,11.654
2011-08-08,Jayakwadi,0.0,12.713
2011-08-09,Jayakwadi,0.0,39.552
2011-08-10,Jayakwadi,0.0,49.087
2011-08-11,Jayakwadi,0.0,44.85
2011-08-12,Jayakwadi,0.0,36.727
2011-08-13,Jayakwadi,0.0,37.222
2011-08-14,Jayakwadi,0.0,37.716
2011-08-15,Jayakwadi,0.0,38.21
2011-08-16,Jayakwadi,0.0,38.705
2011-08-17,Jayakwadi,0.0,39.199
2011-08-18,Jayakwadi,0.0,39.694
2011-08-19,Jayakwadi,0.0,40.188
2011-08-20,Jayakwadi,0.0,40.682
2011-08-21,Jayakwadi,95.235,41.177
2011-08-22,Jayakwadi,54.961,41.671
2011-08-23,Jayakwadi,0.0,42.166
2011-08-24,Jayakwadi,0.0,42.66
2011-08-25,Jayakwadi,74.677,43.155
2011-08-26,Jayakwadi,348.404,43.649
2011-08-27,Jayakwadi,0.0,44.143
2011-08-28,Jayakwadi,0.0,44.638
2011-08-29,Jayakwadi,0.0,45.132
2011-08-30,Jayakwadi,141.827,45.627
2011-08-31,Jayakwadi,180.774,46.121
2011-09-01,Jayakwadi,125.925,46.615
2011-09-02,Jayakwadi,175.094,41.318
2011-09-03,Jayakwadi,184.977,35.315
2011-09-04,Jayakwadi,201.448,29.311
2011-09-05,Jayakwadi,100.205,20.836
2011-09-06,Jayakwadi,84.396,14.832
2011-09-07,Jayakwadi,0.0,12.007
2011-09-08,Jayakwadi,0.0,12.713
2011-09-09,Jayakwadi,0.0,41.671
2011-09-10,Jayakwadi,0.0,48.734
2011-09-11,Jayakwadi,0.0,44.496
2011-09-12,Jayakwadi,0.0,36.374
2011-09-13,Jayakwadi,0.0,36.913
2011-09-14,Jayakwadi,0.0,37.452
2011-09-15,Jayakwadi,0.0,37.991
2011-09-16,Jayakwadi,73.943,38.53
2011-09-17,Jayakwadi,325.544,39.069
2011-09-18,Jayakwadi,65.432,39.608
2011-09-19,Jayakwadi,0.0,40.147
2011-09-20,Jayakwadi,0.0,40.686
2011-09-21,Jayakwadi,0.0,41.225
2011-09-22,Jayakwadi,0.0,41.764
2011-09-23,Jayakwadi,0.0,42.303
2011-09-24,Jayakwadi,0.0,42.842
2011-09-25,Jayakwadi,0.0,43.381
2011-09-26,Jayakwadi,0.0,43.92
2011-09-27,Jayakwadi,0.0,44.459
2011-09-28,Jayakwadi,0.0,44.998
2011-09-29,Jayakwadi,0.0,45.537
2011-09-30,Jayakwadi,0.0,46.076
2011-10-01,Jayakwadi,0.0,46.615
2011-10-02,Jayakwadi,0.0,40.965
2011-10-03,Jayakwadi,0.0,34.962
2011-10-04,Jayakwadi,0.0,28.958
2011-10-05,Jayakwadi,0.0,20.483
2011-10-06,Jayakwadi,0.0,14.832
2011-10-07,Jayakwadi,0.0,12.007
2011-10-08,Jayakwadi,0.0,12.713
2011-10-09,Jayakwadi,0.0,42.731
2011-10-10,Jayakwadi,0.0,48.734
2011-10-11,Jayakwadi,0.0,44.143
2011-10-12,Jayakwadi,0.0,36.021
2011-10-13,Jayakwadi,0.0,36.551
2011-10-14,Jayakwadi,0.0,37.08
2011-10-15,Jayakwadi,0.0,37.61
2011-10-16,Jayakwadi,0.0,38.14
2011-10-17,Jayakwadi,0.0,38.67
2011-10-18,Jayakwadi,0.0,39.199
2011-10-19,Jayakwadi,0.0,39.729
2011-10-20,Jayakwadi,0.0,40.259
2011-10-21,Jayakwadi,0.0,40.788
2011-10-22,Jayakwadi,0.0,41.318
2011-10-23,Jayakwadi,0.0,41.848
2011-10-24,Jayakwadi,0.0,42.378
2011-10-25,Jayakwadi,0.0,42.907
2011-10-26,Jayakwadi,0.0,43.437
2011-10-27,Jayakwadi,0.0,43.967
2011-10-28,Jayakwadi,0.0,44.496
2011-10-29,Jayakwadi,0.0,45.026
2011-10-30,Jayakwadi,0.0,45.556
2011-10-31,Jayakwadi,0.0,46.086
2011-11-01,Jayakwadi,0.0,46.615
2011-11-02,Jayakwadi,0.0,40.965
2011-11-03,Jayakwadi,0.0,34.962
2011-11-04,Jayakwadi,0.0,28.958
2011-11-05,Jayakwadi,0.0,20.483
2011-11-06,Jayakwadi,0.0,14.832
2011-11-07,Jayakwadi,0.0,12.007
2011-11-08,Jayakwadi,0.0,12.713
2011-11-09,Jayakwadi,0.0,43.084
2011-11-10,Jayakwadi,0.0,48.734
2011-11-11,Jayakwadi,0.0,43.79
2011-11-12,Jayakwadi,0.0,36.021
2011-11-13,Jayakwadi,0.0,36.579
2011-11-14,Jayakwadi,0.0,37.136
2011-11-15,Jayakwadi,0.0,37.694
2011-11-16,Jayakwadi,0.0,38.251
2011-11-17,Jayakwadi,0.0,38.809
2011-11-18,Jayakwadi,0.0,39.367
2011-11-19,Jayakwadi,0.0,39.924
2011-11-20,Jayakwadi,0.0,40.482
2011-11-21,Jayakwadi,0.0,41.039
2011-11-22,Jayakwadi,0.0,41.597
2011-11-23,Jayakwadi,0.0,42.155
2011-11-24,Jayakwadi,0.0,42.712
2011-11-25,Jayakwadi,0.0,43.27
2011-11-26,Jayakwadi,0.0,43.827
2011-11-27,Jayakwadi,0.0,44.385
2011-11-28,Jayakwadi,0.0,44.943
2011-11-29,Jayakwadi,0.0,45.5
2011-11-30,Jayakwadi,0.0,46.058
2011-12-01,Jayakwadi,0.0,46.615
2011-12-02,Jayakwadi,0.0,40.612
2011-12-03,Jayakwadi,0.0,34.608
2011-12-04,Jayakwadi,0.0,28.605
2011-12-05,Jayakwadi,0.0,20.129
2011-12-06,Jayakwadi,0.0,14.832
2011-12-07,Jayakwadi,0.0,12.007
2011-12-08,Jayakwadi,0.0,12.713
2011-12-09,Jayakwadi,0.0,43.79
2011-12-10,Jayakwadi,0.0,48.734
2011-12-11,Jayakwadi,0.0,43.437
2011-12-12,Jayakwadi,0.0,35.668
2011-12-13,Jayakwadi,0.0,35.474
2011-12-14,Jayakwadi,0.0,35.279
2011-12-15,Jayakwadi,0.0,35.085
2011-12-16,Jayakwadi,0.0,34.891
2011-12-17,Jayakwadi,0.0,34.697
2011-12-18,Jayakwadi,0.0,34.502
2011-12-19,Jayakwadi,0.0,34.308
2011-12-20,Jayakwadi,0.0,34.114
2011-12-21,Jayakwadi,0.0,33.92
2011-12-22,Jayakwadi,0.0,33.726
2011-12-23,Jayakwadi,0.0,33.531
2011-12-24,Jayakwadi,0.0,33.337
2011-12-25,Jayakwadi,0.0,33.143
2011-12-26,Jayakwadi,0.0,32.949
2011-12-27,Jayakwadi,0.0,32.754
2011-12-28,Jayakwadi,0.0,32.56
2011-12-29,Jayakwadi,0.0,32.366
2011-12-30,Jayakwadi,0.0,32.172
2011-12-31,Jayakwadi,0.0,31.977
2012-01-01,Jayakwadi,0.0,31.783
2012-01-02,Jayakwadi,0.0,25.427
2012-01-03,Jayakwadi,0.0,19.776
2012-01-04,Jayakwadi,0.0,14.479
2012-01-05,Jayakwadi,0.0,7.769
2012-01-06,Jayakwadi,0.0,1.766
2012-01-07,Jayakwadi,0.0,0.353
2012-01-08,Jayakwadi,0.0,0.0
2012-01-09,Jayakwadi,0.0,0.0
2012-01-10,Jayakwadi,0.0,1.059
2012-01-11,Jayakwadi,0.0,3.178
2012-01-12,Jayakwadi,0.0,2.825
2012-01-13,Jayakwadi,0.0,4.273
2012-01-14,Jayakwadi,0.0,5.721
2012-01-15,Jayakwadi,0.0,7.169
2012-01-16,Jayakwadi,0.0,8.617
2012-01-17,Jayakwadi,0.0,10.065
2012-01-18,Jayakwadi,0.0,11.513
2012-01-19,Jayakwadi,0.0,12.96
2012-01-20,Jayakwadi,0.0,14.408
2012-01-21,Jayakwadi,0.0,15.856
2012-01-22,Jayakwadi,0.0,17.304
2012-01-23,Jayakwadi,0.0,18.752
2012-01-24,Jayakwadi,0.0,20.2
2012-01-25,Jayakwadi,0.0,21.648
2012-01-26,Jayakwadi,0.0,23.096
2012-01-27,Jayakwadi,0.0,24.544
2012-01-28,Jayakwadi,0.0,25.992
2012-01-29,Jayakwadi,0.0,27.439
2012-01-30,Jayakwadi,0.0,28.887
2012-01-31,Jayakwadi,0.0,30.335
2012-02-01,Jayakwadi,0.0,31.783
2012-02-02,Jayakwadi,0.0,25.073
2012-02-03,Jayakwadi,0.0,19.423
2012-02-04,Jayakwadi,0.0,14.479
2012-02-05,Jayakwadi,0.0,7.769
2012-02-06,Jayakwadi,0.0,1.766
2012-02-07,Jayakwadi,0.0,0.353
2012-02-08,Jayakwadi,0.0,0.0
2012-02-09,Jayakwadi,0.0,0.0
2012-02-10,Jayakwadi,0.0,1.413
2012-02-11,Jayakwadi,0.0,3.178
2012-02-12,Jayakwadi,0.0,3.178
2012-02-13,Jayakwadi,0.0,4.767
2012-02-14,Jayakwadi,0.0,6.357
2012-02-15,Jayakwadi,0.0,7.946
2012-02-16,Jayakwadi,0.0,9.535
2012-02-17,Jayakwadi,0.0,11.124
2012-02-18,Jayakwadi,0.0,12.713
2012-02-19,Jayakwadi,0.0,14.302
2012-02-20,Jayakwadi,0.0,15.892
2012-02-21,Jayakwadi,0.0,17.481
2012-02-22,Jayakwadi,0.0,19.07
2012-02-23,Jayakwadi,0.0,20.659
2012-02-24,Jayakwadi,0.0,22.248
2012-02-25,Jayakwadi,0.0,23.837
2012-02-26,Jayakwadi,0.0,25.427
2012-02-27,Jayakwadi,0.0,27.016
2012-02-28,Jayakwadi,0.0,28.605
2012-02-29,Jayakwadi,0.0,30.194
2012-03-01,Jayakwadi,0.0,31.783
2012-03-02,Jayakwadi,0.0,25.073
2012-03-03,Jayakwadi,0.0,19.07
2012-03-04,Jayakwadi,0.0,14.126
2012-03-05,Jayakwadi,0.0,7.769
2012-03-06,Jayakwadi,0.0,1.766
2012-03-07,Jayakwadi,0.0,0.353
2012-03-08,Jayakwadi,0.0,0.0
2012-03-09,Jayakwadi,0.0,0.0
2012-03-10,Jayakwadi,0.0,1.413
2012-03-11,Jayakwadi,0.0,3.178
2012-03-12,Jayakwadi,0.0,3.531
2012-03-13,Jayakwadi,0.0,4.926
2012-03-14,Jayakwadi,0.0,6.321
2012-03-15,Jayakwadi,0.0,7.716
2012-03-16,Jayakwadi,0.0,9.111
2012-03-17,Jayakwadi,0.0,10.506
2012-03-18,Jayakwadi,0.0,11.901
2012-03-19,Jayakwadi,0.0,13.296
2012-03-20,Jayakwadi,0.0,14.691
2012-03-21,Jayakwadi,0.0,16.086
2012-03-22,Jayakwadi,0.0,17.481
2012-03-23,Jayakwadi,0.0,18.876
2012-03-24,Jayakwadi,0.0,20.271
2012-03-25,Jayakwadi,0.0,21.666
2012-03-26,Jayakwadi,0.0,23.06
2012-03-27,Jayakwadi,0.0,24.455
2012-03-28,Jayakwadi,0.0,25.85
2012-03-29,Jayakwadi,0.0,27.245
2012-03-30,Jayakwadi,0.0,28.64
2012-03-31,Jayakwadi,0.0,30.035
2012-04-01,Jayakwadi,0.0,31.43
2012-04-02,Jayakwadi,0.0,24.72
2012-04-03,Jayakwadi,0.0,19.07
2012-04-04,Jayakwadi,0.0,14.126
2012-04-05,Jayakwadi,0.0,7.769
2012-04-06,Jayakwadi,0.0,1.766
2012-04-07,Jayakwadi,0.0,0.353
2012-04-08,Jayakwadi,0.0,0.0
2012-04-09,Jayakwadi,0.0,0.0
2012-04-10,Jayakwadi,0.0,1.413
2012-04-11,Jayakwadi,0.0,3.178
2012-04-12,Jayakwadi,0.0,4.591
2012-04-13,Jayakwadi,0.0,5.985
2012-04-14,Jayakwadi,0.0,7.379
2012-04-15,Jayakwadi,0.0,8.773
2012-04-16,Jayakwadi,0.0,10.167
2012-04-17,Jayakwadi,0.0,11.561
2012-04-18,Jayakwadi,0.0,12.955
2012-04-19,Jayakwadi,0.0,14.349
2012-04-20,Jayakwadi,0.0,15.743
2012-04-21,Jayakwadi,0.0,17.137
2012-04-22,Jayakwadi,0.0,18.531
2012-04-23,Jayakwadi,0.0,19.925
2012-04-24,Jayakwadi,0.0,21.319
2012-04-25,Jayakwadi,0.0,22.713
2012-04-26,Jayakwadi,0.0,24.107
2012-04-27,Jayakwadi,0.0,25.501
2012-04-28,Jayakwadi,0.0,26.895
2012-04-29,Jayakwadi,0.0,28.289
2012-04-30,Jayakwadi,0.0,29.683
2012-05-01,Jayakwadi,0.0,31.077
2012-05-02,Jayakwadi,0.0,24.72
2012-05-03,Jayakwadi,0.0,18.717
2012-05-04,Jayakwadi,0.0,13.773
2012-05-05,Jayakwadi,0.0,7.416
2012-05-06,Jayakwadi,0.0,1.413
2012-05-07,Jayakwadi,0.0,0.706
2012-05-08,Jayakwadi,0.0,0.0
2012-05-09,Jayakwadi,0.0,0.0
2012-05-10,Jayakwadi,0.0,1.766
2012-05-11,Jayakwadi,0.0,3.178
2012-05-12,Jayakwadi,0.0,5.297
2012-05-13,Jayakwadi,0.0,6.586
2012-05-14,Jayakwadi,0.0,7.875
2012-05-15,Jayakwadi,0.0,9.164
2012-05-16,Jayakwadi,0.0,10.453
2012-05-17,Jayakwadi,0.0,11.742
2012-05-18,Jayakwadi,0.0,13.031
2012-05-19,Jayakwadi,0.0,14.32
2012-05-20,Jayakwadi,0.0,15.609
2012-05-21,Jayakwadi,0.0,16.898
2012-05-22,Jayakwadi,0.0,18.187
2012-05-23,Jayakwadi,0.0,19.476
2012-05-24,Jayakwadi,0.0,20.765
2012-05-25,Jayakwadi,0.0,22.054
2012-05-26,Jayakwadi,0.0,23.343
2012-05-27,Jayakwadi,0.0,24.632
2012-05-28,Jayakwadi,0.0,25.921
2012-05-29,Jayakwadi,0.0,27.21
2012-05-30,Jayakwadi,0.0,28.499
2012-05-31,Jayakwadi,0.0,29.788
2012-06-01,Jayakwadi,0.0,31.077
2012-06-02,Jayakwadi,0.0,24.72
2012-06-03,Jayakwadi,0.0,18.364
2012-06-04,Jayakwadi,0.0,13.773
2012-06-05,Jayakwadi,0.0,7.416
2012-06-06,Jayakwadi,0.0,1.413
2012-06-07,Jayakwadi,0.0,0.706
2012-06-08,Jayakwadi,0.0,0.0
2012-06-09,Jayakwadi,0.0,0.0
2012-06-10,Jayakwadi,0.0,1.766
2012-06-11,Jayakwadi,0.0,3.178
2012-06-12,Jayakwadi,0.0,6.357
2012-06-13,Jayakwadi,0.0,7.639
2012-06-14,Jayakwadi,0.0,8.922
2012-06-15,Jayakwadi,0.0,10.204
2012-06-16,Jayakwadi,0.0,11.487
2012-06-17,Jayakwadi,0.0,12.769
2012-06-18,Jayakwadi,0.0,14.052
2012-06-19,Jayakwadi,0.0,15.334
2012-06-20,Jayakwadi,0.0,16.616
2012-06-21,Jayakwadi,0.0,17.899
2012-06-22,Jayakwadi,0.0,19.181
2012-06-23,Jayakwadi,0.0,20.464
2012-06-24,Jayakwadi,0.0,21.746
2012-06-25,Jayakwadi,0.0,23.029
2012-06-26,Jayakwadi,0.0,24.311
2012-06-27,Jayakwadi,0.0,25.594
2012-06-28,Jayakwadi,0.0,26.876
2012-06-29,Jayakwadi,0.0,28.159
2012-06-30,Jayakwadi,0.0,29.441
2012-07-01,Jayakwadi,0.0,30.724
2012-07-02,Jayakwadi,0.0,24.72
2012-07-03,Jayakwadi,0.0,18.364
2012-07-04,Jayakwadi,0.0,13.42
2012-07-05,Jayakwadi,0.0,7.416
2012-07-06,Jayakwadi,0.0,1.413
2012-07-07,Jayakwadi,0.0,0.706
2012-07-08,Jayakwadi,0.0,0.0
2012-07-09,Jayakwadi,0.0,0.0
2012-07-10,Jayakwadi,0.0,2.119
2012-07-11,Jayakwadi,0.0,3.178
2012-07-12,Jayakwadi,0.0,6.71
2012-07-13,Jayakwadi,0.0,7.91
2012-07-14,Jayakwadi,0.0,9.111
2012-07-15,Jayakwadi,0.0,10.312
2012-07-16,Jayakwadi,0.0,11.513
2012-07-17,Jayakwadi,0.0,12.713
2012-07-18,Jayakwadi,0.0,13.914
2012-07-19,Jayakwadi,0.0,15.115
2012-07-20,Jayakwadi,0.0,16.315
2012-07-21,Jayakwadi,0.0,17.516
2012-07-22,Jayakwadi,0.0,18.717
2012-07-23,Jayakwadi,0.0,19.917
2012-07-24,Jayakwadi,0.0,21.118
2012-07-25,Jayakwadi,0.0,22.319
2012-07-26,Jayakwadi,0.0,23.52
2012-07-27,Jayakwadi,0.0,24.72
2012-07-28,Jayakwadi,0.0,25.921
2012-07-29,Jayakwadi,0.0,27.122
2012-07-30,Jayakwadi,0.0,28.322
2012-07-31,Jayakwadi,0.0,29.523
2012-08-01,Jayakwadi,0.0,30.724
2012-08-02,Jayakwadi,0.0,24.367
2012-08-03,Jayakwadi,0.0,18.01
2012-08-04,Jayakwadi,0.0,13.066
2012-08-05,Jayakwadi,0.0,7.063
2012-08-06,Jayakwadi,0.0,1.413
2012-08-07,Jayakwadi,0.0,0.706
2012-08-08,Jayakwadi,0.0,0.0
2012-08-09,Jayakwadi,0.0,0.0
2012-08-10,Jayakwadi,0.0,2.472
2012-08-11,Jayakwadi,0.0,2.825
2012-08-12,Jayakwadi,0.0,6.71
2012-08-13,Jayakwadi,0.0,7.893
2012-08-14,Jayakwadi,0.0,9.076
2012-08-15,Jayakwadi,0.0,10.259
2012-08-16,Jayakwadi,0.0,11.442
2012-08-17,Jayakwadi,0.0,12.625
2012-08-18,Jayakwadi,0.0,13.808
2012-08-19,Jayakwadi,0.0,14.991
2012-08-20,Jayakwadi,0.0,16.174
2012-08-21,Jayakwadi,0.0,17.357
2012-08-22,Jayakwadi,0.0,18.54
2012-08-23,Jayakwadi,0.0,19.723
2012-08-24,Jayakwadi,0.0,20.906
2012-08-25,Jayakwadi,0.0,22.089
2012-08-26,Jayakwadi,0.0,23.272
2012-08-27,Jayakwadi,0.0,24.455
2012-08-28,Jayakwadi,0.0,25.638
2012-08-29,Jayakwadi,0.0,26.821
2012-08-30,Jayakwadi,0.0,28.005
2012-08-31,Jayakwadi,0.0,29.188
2012-09-01,Jayakwadi,0.0,30.371
2012-09-02,Jayakwadi,0.0,24.367
2012-09-03,Jayakwadi,0.0,18.01
2012-09-04,Jayakwadi,0.0,13.066
2012-09-05,Jayakwadi,0.0,6.71
2012-09-06,Jayakwadi,0.0,1.413
2012-09-07,Jayakwadi,0.0,0.706
2012-09-08,Jayakwadi,0.0,0.0
2012-09-09,Jayakwadi,0.0,0.0
2012-09-10,Jayakwadi,0.0,2.472
2012-09-11,Jayakwadi,0.0,2.825
2012-09-12,Jayakwadi,0.0,6.71
2012-09-13,Jayakwadi,0.0,7.937
2012-09-14,Jayakwadi,0.0,9.163
2012-09-15,Jayakwadi,0.0,10.39
2012-09-16,Jayakwadi,0.0,11.617
2012-09-17,Jayakwadi,0.0,12.843
2012-09-18,Jayakwadi,0.0,14.07
2012-09-19,Jayakwadi,0.0,15.297
2012-09-20,Jayakwadi,0.0,16.524
2012-09-21,Jayakwadi,0.0,17.75
2012-09-22,Jayakwadi,0.0,18.977
2012-09-23,Jayakwadi,0.0,20.204
2012-09-24,Jayakwadi,0.0,21.43
2012-09-25,Jayakwadi,0.0,22.657
2012-09-26,Jayakwadi,0.0,23.884
2012-09-27,Jayakwadi,0.0,25.111
2012-09-28,Jayakwadi,0.0,26.337
2012-09-29,Jayakwadi,0.0,27.564
2012-09-30,Jayakwadi,0.0,28.791
2012-10-01,Jayakwadi,0.0,30.017
2012-10-02,Jayakwadi,0.0,24.367
2012-10-03,Jayakwadi,0.0,17.657
2012-10-04,Jayakwadi,0.0,12.713
2012-10-05,Jayakwadi,0.0,6.71
2012-10-06,Jayakwadi,0.0,1.413
2012-10-07,Jayakwadi,0.0,0.706
2012-10-08,Jayakwadi,0.0,0.0
2012-10-09,Jayakwadi,0.0,0.0
2012-10-10,Jayakwadi,0.0,2.472
2012-10-11,Jayakwadi,0.0,2.825
2012-10-12,Jayakwadi,0.0,7.063
2012-10-13,Jayakwadi,0.0,8.193
2012-10-14,Jayakwadi,0.0,9.323
2012-10-15,Jayakwadi,0.0,10.453
2012-10-16,Jayakwadi,0.0,11.583
2012-10-17,Jayakwadi,0.0,12.713
2012-10-18,Jayakwadi,0.0,13.843
2012-10-19,Jayakwadi,0.0,14.973
2012-10-20,Jayakwadi,0.0,16.103
2012-10-21,Jayakwadi,0.0,17.234
2012-10-22,Jayakwadi,0.0,18.364
2012-10-23,Jayakwadi,0.0,19.494
2012-10-24,Jayakwadi,0.0,20.624
2012-10-25,Jayakwadi,0.0,21.754
2012-10-26,Jayakwadi,0.0,22.884
2012-10-27,Jayakwadi,0.0,24.014
2012-10-28,Jayakwadi,0.0,25.144
2012-10-29,Jayakwadi,0.0,26.274
2012-10-30,Jayakwadi,0.0,27.404
2012-10-31,Jayakwadi,0.0,28.534
2012-11-01,Jayakwadi,0.0,29.664
2012-11-02,Jayakwadi,0.0,24.014
2012-11-03,Jayakwadi,0.0,17.657
2012-11-04,Jayakwadi,0.0,12.36
2012-11-05,Jayakwadi,0.0,6.357
2012-11-06,Jayakwadi,0.0,1.059
2012-11-07,Jayakwadi,0.0,0.353
2012-11-08,Jayakwadi,0.0,0.0
2012-11-09,Jayakwadi,0.0,0.0
2012-11-10,Jayakwadi,0.0,2.472
2012-11-11,Jayakwadi,0.0,2.825
2012-11-12,Jayakwadi,0.0,7.063
2012-11-13,Jayakwadi,0.0,8.234
2012-11-14,Jayakwadi,0.0,9.405
2012-11-15,Jayakwadi,0.0,10.576
2012-11-16,Jayakwadi,0.0,11.747
2012-11-17,Jayakwadi,0.0,12.918
2012-11-18,Jayakwadi,0.0,14.089
2012-11-19,Jayakwadi,0.0,15.26
2012-11-20,Jayakwadi,0.0,16.431
2012-11-21,Jayakwadi,0.0,17.602
2012-11-22,Jayakwadi,0.0,18.773
2012-11-23,Jayakwadi,0.0,19.943
2012-11-24,Jayakwadi,0.0,21.114
2012-11-25,Jayakwadi,0.0,22.285
2012-11-26,Jayakwadi,0.0,23.456
2012-11-27,Jayakwadi,0.0,24.627
2012-11-28,Jayakwadi,0.0,25.798
2012-11-29,Jayakwadi,0.0,26.969
2012-11-30,Jayakwadi,0.0,28.14
2012-12-01,Jayakwadi,0.0,29.311
2012-12-02,Jayakwadi,0.0,24.014
2012-12-03,Jayakwadi,0.0,17.304
2012-12-04,Jayakwadi,0.0,12.007
2012-12-05,Jayakwadi,0.0,6.003
2012-12-06,Jayakwadi,0.0,1.059
2012-12-07,Jayakwadi,0.0,0.353
2012-12-08,Jayakwadi,0.0,0.0
2012-12-09,Jayakwadi,0.0,0.0
2012-12-10,Jayakwadi,0.0,2.472
2012-12-11,Jayakwadi,0.0,2.825
2012-12-12,Jayakwadi,0.0,7.063
2012-12-13,Jayakwadi,0.0,7.01
2012-12-14,Jayakwadi,0.0,6.957
2012-12-15,Jayakwadi,0.0,6.904
2012-12-16,Jayakwadi,0.0,6.851
2012-12-17,Jayakwadi,0.0,6.798
2012-12-18,Jayakwadi,0.0,6.745
2012-12-19,Jayakwadi,0.0,6.692
2012-12-20,Jayakwadi,0.0,6.639
2012-12-21,Jayakwadi,0.0,6.586
2012-12-22,Jayakwadi,0.0,6.533
2012-12-23,Jayakwadi,0.0,6.48
2012-12-24,Jayakwadi,0.0,6.427
2012-12-25,Jayakwadi,0.0,6.374
2012-12-26,Jayakwadi,0.0,6.321
2012-12-27,Jayakwadi,0.0,6.268
2012-12-28,Jayakwadi,0.0,6.215
2012-12-29,Jayakwadi,0.0,6.162
2012-12-30,Jayakwadi,0.0,6.109
2012-12-31,Jayakwadi,0.0,6.056
2013-01-01,Jayakwadi,0.0,6.003
2013-01-02,Jayakwadi,0.0,4.238
2013-01-03,Jayakwadi,0.0,2.472
2013-01-04,Jayakwadi,0.0,0.353
2013-01-05,Jayakwadi,0.0,0.0
2013-01-06,Jayakwadi,0.0,0.0
2013-01-07,Jayakwadi,0.0,0.0
2013-01-08,Jayakwadi,0.0,3.885
2013-01-09,Jayakwadi,0.0,17.657
2013-01-10,Jayakwadi,0.0,22.601
2013-01-11,Jayakwadi,0.0,24.72
2013-01-12,Jayakwadi,0.0,23.661
2013-01-13,Jayakwadi,0.0,22.778
2013-01-14,Jayakwadi,0.0,21.895
2013-01-15,Jayakwadi,0.0,21.012
2013-01-16,Jayakwadi,0.0,20.129
2013-01-17,Jayakwadi,0.0,19.246
2013-01-18,Jayakwadi,0.0,18.364
2013-01-19,Jayakwadi,0.0,17.481
2013-01-20,Jayakwadi,0.0,16.598
2013-01-21,Jayakwadi,0.0,15.715
2013-01-22,Jayakwadi,0.0,14.832
2013-01-23,Jayakwadi,0.0,13.949
2013-01-24,Jayakwadi,0.0,13.066
2013-01-25,Jayakwadi,0.0,12.184
2013-01-26,Jayakwadi,0.0,11.301
2013-01-27,Jayakwadi,0.0,10.418
2013-01-28,Jayakwadi,0.0,9.535
2013-01-29,Jayakwadi,0.0,8.652
2013-01-30,Jayakwadi,0.0,7.769
2013-01-31,Jayakwadi,0.0,6.886
2013-02-01,Jayakwadi,0.0,6.003
2013-02-02,Jayakwadi,0.0,4.238
2013-02-03,Jayakwadi,0.0,2.472
2013-02-04,Jayakwadi,0.0,0.353
2013-02-05,Jayakwadi,0.0,0.0
2013-02-06,Jayakwadi,0.0,0.0
2013-02-07,Jayakwadi,0.0,0.0
2013-02-08,Jayakwadi,0.0,5.297
2013-02-09,Jayakwadi,0.0,17.304
2013-02-10,Jayakwadi,0.0,22.601
2013-02-11,Jayakwadi,0.0,24.72
2013-02-12,Jayakwadi,0.0,23.308
2013-02-13,Jayakwadi,0.0,22.29
2013-02-14,Jayakwadi,0.0,21.272
2013-02-15,Jayakwadi,0.0,20.254
2013-02-16,Jayakwadi,0.0,19.236
2013-02-17,Jayakwadi,0.0,18.218
2013-02-18,Jayakwadi,0.0,17.2
2013-02-19,Jayakwadi,0.0,16.182
2013-02-20,Jayakwadi,0.0,15.165
2013-02-21,Jayakwadi,0.0,14.147
2013-02-22,Jayakwadi,0.0,13.129
2013-02-23,Jayakwadi,0.0,12.111
2013-02-24,Jayakwadi,0.0,11.093
2013-02-25,Jayakwadi,0.0,10.075
2013-02-26,Jayakwadi,0.0,9.057
2013-02-27,Jayakwadi,0.0,8.039
2013-02-28,Jayakwadi,0.0,7.021
2013-03-01,Jayakwadi,0.0,6.003
2013-03-02,Jayakwadi,0.0,4.238
2013-03-03,Jayakwadi,0.0,2.119
2013-03-04,Jayakwadi,0.0,0.0
2013-03-05,Jayakwadi,0.0,0.0
2013-03-06,Jayakwadi,0.0,0.0
2013-03-07,Jayakwadi,0.0,0.0
2013-03-08,Jayakwadi,0.0,7.769
2013-03-09,Jayakwadi,0.0,17.304
2013-03-10,Jayakwadi,0.0,22.601
2013-03-11,Jayakwadi,0.0,24.367
2013-03-12,Jayakwadi,0.0,23.308
2013-03-13,Jayakwadi,0.0,22.425
2013-03-14,Jayakwadi,0.0,21.542
2013-03-15,Jayakwadi,0.0,20.659
2013-03-16,Jayakwadi,0.0,19.776
2013-03-17,Jayakwadi,0.0,18.893
2013-03-18,Jayakwadi,0.0,18.01
2013-03-19,Jayakwadi,0.0,17.128
2013-03-20,Jayakwadi,0.0,16.245
2013-03-21,Jayakwadi,0.0,15.362
2013-03-22,Jayakwadi,0.0,14.479
2013-03-23,Jayakwadi,0.0,13.596
2013-03-24,Jayakwadi,0.0,12.713
2013-03-25,Jayakwadi,0.0,11.83
2013-03-26,Jayakwadi,0.0,10.948
2013-03-27,Jayakwadi,0.0,10.065
2013-03-28,Jayakwadi,0.0,9.182
2013-03-29,Jayakwadi,0.0,8.299
2013-03-30,Jayakwadi,0.0,7.416
2013-03-31,Jayakwadi,0.0,6.533
2013-04-01,Jayakwadi,0.0,5.65
2013-04-02,Jayakwadi,0.0,3.885
2013-04-03,Jayakwadi,0.0,2.119
2013-04-04,Jayakwadi,0.0,0.0
2013-04-05,Jayakwadi,0.0,0.0
2013-04-06,Jayakwadi,0.0,0.0
2013-04-07,Jayakwadi,0.0,0.0
2013-04-08,Jayakwadi,0.0,9.535
2013-04-09,Jayakwadi,0.0,17.304
2013-04-10,Jayakwadi,0.0,22.601
2013-04-11,Jayakwadi,0.0,24.367
2013-04-12,Jayakwadi,0.0,23.308
2013-04-13,Jayakwadi,0.0,22.378
2013-04-14,Jayakwadi,0.0,21.449
2013-04-15,Jayakwadi,0.0,20.52
2013-04-16,Jayakwadi,0.0,19.59
2013-04-17,Jayakwadi,0.0,18.661
2013-04-18,Jayakwadi,0.0,17.732
2013-04-19,Jayakwadi,0.0,16.802
2013-04-20,Jayakwadi,0.0,15.873
2013-04-21,Jayakwadi,0.0,14.944
2013-04-22,Jayakwadi,0.0,14.014
2013-04-23,Jayakwadi,0.0,13.085
2013-04-24,Jayakwadi,0.0,12.156
2013-04-25,Jayakwadi,0.0,11.226
2013-04-26,Jayakwadi,0.0,10.297
2013-04-27,Jayakwadi,0.0,9.368
2013-04-28,Jayakwadi,0.0,8.438
2013-04-29,Jayakwadi,0.0,7.509
2013-04-30,Jayakwadi,0.0,6.58
2013-05-01,Jayakwadi,0.0,5.65
2013-05-02,Jayakwadi,0.0,3.885
2013-05-03,Jayakwadi,0.0,2.119
2013-05-04,Jayakwadi,0.0,0.0
2013-05-05,Jayakwadi,0.0,0.0
2013-05-06,Jayakwadi,0.0,0.0
2013-05-07,Jayakwadi,0.0,0.0
2013-05-08,Jayakwadi,0.0,11.301
2013-05-09,Jayakwadi,0.0,17.304
2013-05-10,Jayakwadi,0.0,22.601
2013-05-11,Jayakwadi,0.0,24.367
2013-05-12,Jayakwadi,0.0,23.308
2013-05-13,Jayakwadi,0.0,22.425
2013-05-14,Jayakwadi,0.0,21.542
2013-05-15,Jayakwadi,0.0,20.659
2013-05-16,Jayakwadi,0.0,19.776
2013-05-17,Jayakwadi,0.0,18.893
2013-05-18,Jayakwadi,0.0,18.01
2013-05-19,Jayakwadi,0.0,17.128
2013-05-20,Jayakwadi,0.0,16.245
2013-05-21,Jayakwadi,0.0,15.362
2013-05-22,Jayakwadi,0.0,14.479
2013-05-23,Jayakwadi,0.0,13.596
2013-05-24,Jayakwadi,0.0,12.713
2013-05-25,Jayakwadi,0.0,11.83
2013-05-26,Jayakwadi,0.0,10.948
2013-05-27,Jayakwadi,0.0,10.065
2013-05-28,Jayakwadi,0.0,9.182
2013-05-29,Jayakwadi,0.0,8.299
2013-05-30,Jayakwadi,0.0,7.416
2013-05-31,Jayakwadi,0.0,6.533
2013-06-01,Jayakwadi,0.0,5.65
2013-06-02,Jayakwadi,0.0,3.885
2013-06-03,Jayakwadi,0.0,2.119
2013-06-04,Jayakwadi,0.0,0.0
2013-06-05,Jayakwadi,0.0,0.0
2013-06-06,Jayakwadi,0.0,0.0
2013-06-07,Jayakwadi,0.0,0.0
2013-06-08,Jayakwadi,0.0,11.301
2013-06-09,Jayakwadi,0.0,17.304
2013-06-10,Jayakwadi,0.0,22.955
2013-06-11,Jayakwadi,0.0,24.367
2013-06-12,Jayakwadi,0.0,23.308
2013-06-13,Jayakwadi,0.0,22.378
2013-06-14,Jayakwadi,0.0,21.449
2013-06-15,Jayakwadi,0.0,20.52
2013-06-16,Jayakwadi,0.0,19.59
2013-06-17,Jayakwadi,0.0,18.661
2013-06-18,Jayakwadi,0.0,17.732
2013-06-19,Jayakwadi,0.0,16.802
2013-06-20,Jayakwadi,0.0,15.873
2013-06-21,Jayakwadi,0.0,14.944
2013-06-22,Jayakwadi,0.0,14.014
2013-06-23,Jayakwadi,0.0,13.085
2013-06-24,Jayakwadi,0.0,12.156
2013-06-25,Jayakwadi,0.0,11.226
2013-06-26,Jayakwadi,0.0,10.297
2013-06-27,Jayakwadi,0.0,9.368
2013-06-28,Jayakwadi,0.0,8.438
2013-06-29,Jayakwadi,0.0,7.509
2013-06-30,Jayakwadi,0.0,6.58
2013-07-01,Jayakwadi,0.0,5.65
2013-07-02,Jayakwadi,0.0,3.885
2013-07-03,Jayakwadi,0.0,2.119
2013-07-04,Jayakwadi,0.0,0.0
2013-07-05,Jayakwadi,0.0,0.0
2013-07-06,Jayakwadi,0.0,0.0
2013-07-07,Jayakwadi,0.0,0.0
2013-07-08,Jayakwadi,0.0,11.654
2013-07-09,Jayakwadi,0.0,16.951
2013-07-10,Jayakwadi,0.0,23.308
2013-07-11,Jayakwadi,0.0,24.014
2013-07-12,Jayakwadi,0.0,22.955
2013-07-13,Jayakwadi,0.0,22.089
2013-07-14,Jayakwadi,0.0,21.224
2013-07-15,Jayakwadi,0.0,20.359
2013-07-16,Jayakwadi,0.0,19.494
2013-07-17,Jayakwadi,0.0,18.628
2013-07-18,Jayakwadi,0.0,17.763
2013-07-19,Jayakwadi,0.0,16.898
2013-07-20,Jayakwadi,0.0,16.033
2013-07-21,Jayakwadi,0.0,15.168
2013-07-22,Jayakwadi,0.0,14.302
2013-07-23,Jayakwadi,0.0,13.437
2013-07-24,Jayakwadi,0.0,12.572
2013-07-25,Jayakwadi,0.0,11.707
2013-07-26,Jayakwadi,0.0,10.842
2013-07-27,Jayakwadi,0.0,9.976
2013-07-28,Jayakwadi,0.0,9.111
2013-07-29,Jayakwadi,0.0,8.246
2013-07-30,Jayakwadi,0.0,7.381
2013-07-31,Jayakwadi,0.0,6.516
2013-08-01,Jayakwadi,0.0,5.65
2013-08-02,Jayakwadi,0.0,3.885
2013-08-03,Jayakwadi,0.0,2.119
2013-08-04,Jayakwadi,0.0,0.0
2013-08-05,Jayakwadi,0.0,0.0
2013-08-06,Jayakwadi,0.0,0.0
2013-08-07,Jayakwadi,0.0,0.0
2013-08-08,Jayakwadi,0.0,11.654
2013-08-09,Jayakwadi,0.0,16.951
2013-08-10,Jayakwadi,0.0,23.308
2013-08-11,Jayakwadi,0.0,24.014
2013-08-12,Jayakwadi,0.0,22.955
2013-08-13,Jayakwadi,0.0,22.089
2013-08-14,Jayakwadi,0.0,21.224
2013-08-15,Jayakwadi,0.0,20.359
2013-08-16,Jayakwadi,0.0,19.494
2013-08-17,Jayakwadi,0.0,18.628
2013-08-18,Jayakwadi,0.0,17.763
2013-08-19,Jayakwadi,0.0,16.898
2013-08-20,Jayakwadi,0.0,16.033
2013-08-21,Jayakwadi,0.0,15.168
2013-08-22,Jayakwadi,0.0,14.302
2013-08-23,Jayakwadi,0.0,13.437
2013-08-24,Jayakwadi,0.0,12.572
2013-08-25,Jayakwadi,0.0,11.707
2013-08-26,Jayakwadi,0.0,10.842
2013-08-27,Jayakwadi,0.0,9.976
2013-08-28,Jayakwadi,0.0,9.111
2013-08-29,Jayakwadi,0.0,8.246
2013-08-30,Jayakwadi,0.0,7.381
2013-08-31,Jayakwadi,0.0,6.516
2013-09-01,Jayakwadi,0.0,5.65
2013-09-02,Jayakwadi,0.0,3.531
2013-09-03,Jayakwadi,0.0,1.766
2013-09-04,Jayakwadi,0.0,0.0
2013-09-05,Jayakwadi,0.0,0.0
2013-09-06,Jayakwadi,0.0,0.0
2013-09-07,Jayakwadi,0.0,0.0
2013-09-08,Jayakwadi,0.0,12.007
2013-09-09,Jayakwadi,0.0,16.951
2013-09-10,Jayakwadi,0.0,23.308
2013-09-11,Jayakwadi,0.0,24.014
2013-09-12,Jayakwadi,0.0,22.601
2013-09-13,Jayakwadi,0.0,21.691
2013-09-14,Jayakwadi,0.0,20.78
2013-09-15,Jayakwadi,0.0,19.869
2013-09-16,Jayakwadi,0.0,18.958
2013-09-17,Jayakwadi,0.0,18.048
2013-09-18,Jayakwadi,0.0,17.137
2013-09-19,Jayakwadi,0.0,16.226
2013-09-20,Jayakwadi,0.0,15.315
2013-09-21,Jayakwadi,0.0,14.405
2013-09-22,Jayakwadi,0.0,13.494
2013-09-23,Jayakwadi,0.0,12.583
2013-09-24,Jayakwadi,0.0,11.672
2013-09-25,Jayakwadi,0.0,10.762
2013-09-26,Jayakwadi,0.0,9.851
2013-09-27,Jayakwadi,0.0,8.94
2013-09-28,Jayakwadi,0.0,8.029
2013-09-29,Jayakwadi,0.0,7.119
2013-09-30,Jayakwadi,0.0,6.208
2013-10-01,Jayakwadi,0.0,5.297
2013-10-02,Jayakwadi,0.0,3.531
2013-10-03,Jayakwadi,0.0,1.766
2013-10-04,Jayakwadi,0.0,0.0
2013-10-05,Jayakwadi,0.0,0.0
2013-10-06,Jayakwadi,0.0,0.0
2013-10-07,Jayakwadi,0.0,0.0
2013-10-08,Jayakwadi,0.0,12.007
2013-10-09,Jayakwadi,0.0,16.598
2013-10-10,Jayakwadi,0.0,23.308
2013-10-11,Jayakwadi,0.0,24.014
2013-10-12,Jayakwadi,0.0,22.248
2013-10-13,Jayakwadi,0.0,21.401
2013-10-14,Jayakwadi,0.0,20.553
2013-10-15,Jayakwadi,0.0,19.706
2013-10-16,Jayakwadi,0.0,18.858
2013-10-17,Jayakwadi,0.0,18.01
2013-10-18,Jayakwadi,0.0,17.163
2013-10-19,Jayakwadi,0.0,16.315
2013-10-20,Jayakwadi,0.0,15.468
2013-10-21,Jayakwadi,0.0,14.62
2013-10-22,Jayakwadi,0.0,13.773
2013-10-23,Jayakwadi,0.0,12.925
2013-10-24,Jayakwadi,0.0,12.078
2013-10-25,Jayakwadi,0.0,11.23
2013-10-26,Jayakwadi,0.0,10.383
2013-10-27,Jayakwadi,0.0,9.535
2013-10-28,Jayakwadi,0.0,8.687
2013-10-29,Jayakwadi,0.0,7.84
2013-10-30,Jayakwadi,0.0,6.992
2013-10-31,Jayakwadi,0.0,6.145
2013-11-01,Jayakwadi,0.0,5.297
2013-11-02,Jayakwadi,0.0,3.531
2013-11-03,Jayakwadi,0.0,1.766
2013-11-04,Jayakwadi,0.0,0.353
2013-11-05,Jayakwadi,0.0,0.0
2013-11-06,Jayakwadi,0.0,0.0
2013-11-07,Jayakwadi,0.0,0.0
2013-11-08,Jayakwadi,0.0,12.007
2013-11-09,Jayakwadi,0.0,16.598
2013-11-10,Jayakwadi,0.0,23.661
2013-11-11,Jayakwadi,0.0,23.661
2013-11-12,Jayakwadi,0.0,22.248
2013-11-13,Jayakwadi,0.0,21.356
2013-11-14,Jayakwadi,0.0,20.464
2013-11-15,Jayakwadi,0.0,19.572
2013-11-16,Jayakwadi,0.0,18.68
2013-11-17,Jayakwadi,0.0,17.787
2013-11-18,Jayakwadi,0.0,16.895
2013-11-19,Jayakwadi,0.0,16.003
2013-11-20,Jayakwadi,0.0,15.111
2013-11-21,Jayakwadi,0.0,14.219
2013-11-22,Jayakwadi,0.0,13.327
2013-11-23,Jayakwadi,0.0,12.434
2013-11-24,Jayakwadi,0.0,11.542
2013-11-25,Jayakwadi,0.0,10.65
2013-11-26,Jayakwadi,0.0,9.758
2013-11-27,Jayakwadi,0.0,8.866
2013-11-28,Jayakwadi,0.0,7.974
2013-11-29,Jayakwadi,0.0,7.082
2013-11-30,Jayakwadi,0.0,6.189
2013-12-01,Jayakwadi,0.0,5.297
2013-12-02,Jayakwadi,0.0,3.178
2013-12-03,Jayakwadi,0.0,1.766
2013-12-04,Jayakwadi,0.0,0.0
2013-12-05,Jayakwadi,0.0,0.0
2013-12-06,Jayakwadi,0.0,0.0
2013-12-07,Jayakwadi,0.0,0.0
2013-12-08,Jayakwadi,0.0,12.007
2013-12-09,Jayakwadi,0.0,16.951
2013-12-10,Jayakwadi,0.0,24.014
2013-12-11,Jayakwadi,0.0,23.661
2013-12-12,Jayakwadi,0.0,22.248
2013-12-13,Jayakwadi,0.0,22.142
2013-12-14,Jayakwadi,0.0,22.036
2013-12-15,Jayakwadi,0.0,21.93
2013-12-16,Jayakwadi,0.0,21.824
2013-12-17,Jayakwadi,0.0,21.719
2013-12-18,Jayakwadi,0.0,21.613
2013-12-19,Jayakwadi,0.0,21.507
2013-12-20,Jayakwadi,0.0,21.401
2013-12-21,Jayakwadi,0.0,21.295
2013-12-22,Jayakwadi,0.0,21.189
2013-12-23,Jayakwadi,0.0,21.083
2013-12-24,Jayakwadi,0.0,20.977
2013-12-25,Jayakwadi,0.0,20.871
2013-12-26,Jayakwadi,0.0,20.765
2013-12-27,Jayakwadi,0.0,20.659
2013-12-28,Jayakwadi,0.0,20.553
2013-12-29,Jayakwadi,0.0,20.447
2013-12-30,Jayakwadi,0.0,20.341
2013-12-31,Jayakwadi,0.0,20.235
2014-01-01,Jayakwadi,0.0,20.129
2014-01-02,Jayakwadi,0.0,16.245
2014-01-03,Jayakwadi,0.0,13.42
2014-01-04,Jayakwadi,0.0,11.654
2014-01-05,Jayakwadi,0.0,9.182
2014-01-06,Jayakwadi,0.0,4.944
2014-01-07,Jayakwadi,0.0,2.825
2014-01-08,Jayakwadi,0.0,3.178
2014-01-09,Jayakwadi,0.0,19.07
2014-01-10,Jayakwadi,0.0,34.255
2014-01-11,Jayakwadi,0.0,28.605
2014-01-12,Jayakwadi,0.0,21.542
2014-01-13,Jayakwadi,0.0,21.471
2014-01-14,Jayakwadi,0.0,21.401
2014-01-15,Jayakwadi,0.0,21.33
2014-01-16,Jayakwadi,0.0,21.259
2014-01-17,Jayakwadi,0.0,21.189
2014-01-18,Jayakwadi,0.0,21.118
2014-01-19,Jayakwadi,0.0,21.048
2014-01-20,Jayakwadi,0.0,20.977
2014-01-21,Jayakwadi,0.0,20.906
2014-01-22,Jayakwadi,0.0,20.836
2014-01-23,Jayakwadi,0.0,20.765
2014-01-24,Jayakwadi,0.0,20.694
2014-01-25,Jayakwadi,0.0,20.624
2014-01-26,Jayakwadi,0.0,20.553
2014-01-27,Jayakwadi,0.0,20.483
2014-01-28,Jayakwadi,0.0,20.412
2014-01-29,Jayakwadi,0.0,20.341
2014-01-30,Jayakwadi,0.0,20.271
2014-01-31,Jayakwadi,0.0,20.2
2014-02-01,Jayakwadi,0.0,20.129
2014-02-02,Jayakwadi,0.0,15.892
2014-02-03,Jayakwadi,0.0,13.42
2014-02-04,Jayakwadi,0.0,11.654
2014-02-05,Jayakwadi,0.0,8.829
2014-02-06,Jayakwadi,0.0,4.944
2014-02-07,Jayakwadi,0.0,2.825
2014-02-08,Jayakwadi,0.0,4.944
2014-02-09,Jayakwadi,0.0,19.776
2014-02-10,Jayakwadi,0.0,34.255
2014-02-11,Jayakwadi,0.0,28.252
2014-02-12,Jayakwadi,0.0,21.542
2014-02-13,Jayakwadi,0.0,21.459
2014-02-14,Jayakwadi,0.0,21.376
2014-02-15,Jayakwadi,0.0,21.293
2014-02-16,Jayakwadi,0.0,21.21
2014-02-17,Jayakwadi,0.0,21.126
2014-02-18,Jayakwadi,0.0,21.043
2014-02-19,Jayakwadi,0.0,20.96
2014-02-20,Jayakwadi,0.0,20.877
2014-02-21,Jayakwadi,0.0,20.794
2014-02-22,Jayakwadi,0.0,20.711
2014-02-23,Jayakwadi,0.0,20.628
2014-02-24,Jayakwadi,0.0,20.545
2014-02-25,Jayakwadi,0.0,20.462
2014-02-26,Jayakwadi,0.0,20.379
2014-02-27,Jayakwadi,0.0,20.296
2014-02-28,Jayakwadi,0.0,20.212
2014-03-01,Jayakwadi,0.0,20.129
2014-03-02,Jayakwadi,0.0,15.892
2014-03-03,Jayakwadi,0.0,13.42
2014-03-04,Jayakwadi,0.0,11.301
2014-03-05,Jayakwadi,0.0,8.829
2014-03-06,Jayakwadi,0.0,4.591
2014-03-07,Jayakwadi,0.0,2.825
2014-03-08,Jayakwadi,0.0,5.65
2014-03-09,Jayakwadi,0.0,20.836
2014-03-10,Jayakwadi,0.0,33.902
2014-03-11,Jayakwadi,0.0,27.899
2014-03-12,Jayakwadi,0.0,21.189
2014-03-13,Jayakwadi,0.0,21.136
2014-03-14,Jayakwadi,0.0,21.083
2014-03-15,Jayakwadi,0.0,21.03
2014-03-16,Jayakwadi,0.0,20.977
2014-03-17,Jayakwadi,0.0,20.924
2014-03-18,Jayakwadi,0.0,20.871
2014-03-19,Jayakwadi,0.0,20.818
2014-03-20,Jayakwadi,0.0,20.765
2014-03-21,Jayakwadi,0.0,20.712
2014-03-22,Jayakwadi,0.0,20.659
2014-03-23,Jayakwadi,0.0,20.606
2014-03-24,Jayakwadi,0.0,20.553
2014-03-25,Jayakwadi,0.0,20.5
2014-03-26,Jayakwadi,0.0,20.447
2014-03-27,Jayakwadi,0.0,20.394
2014-03-28,Jayakwadi,0.0,20.341
2014-03-29,Jayakwadi,0.0,20.288
2014-03-30,Jayakwadi,0.0,20.235
2014-03-31,Jayakwadi,0.0,20.182
2014-04-01,Jayakwadi,0.0,20.129
2014-04-02,Jayakwadi,0.0,15.538
2014-04-03,Jayakwadi,0.0,13.066
2014-04-04,Jayakwadi,0.0,11.301
2014-04-05,Jayakwadi,0.0,8.476
2014-04-06,Jayakwadi,0.0,4.591
2014-04-07,Jayakwadi,0.0,2.472
2014-04-08,Jayakwadi,0.0,6.357
2014-04-09,Jayakwadi,0.0,21.542
2014-04-10,Jayakwadi,0.0,33.902
2014-04-11,Jayakwadi,0.0,27.545
2014-04-12,Jayakwadi,0.0,21.189
2014-04-13,Jayakwadi,0.0,21.133
2014-04-14,Jayakwadi,0.0,21.077
2014-04-15,Jayakwadi,0.0,21.022
2014-04-16,Jayakwadi,0.0,20.966
2014-04-17,Jayakwadi,0.0,20.91
2014-04-18,Jayakwadi,0.0,20.854
2014-04-19,Jayakwadi,0.0,20.798
2014-04-20,Jayakwadi,0.0,20.743
2014-04-21,Jayakwadi,0.0,20.687
2014-04-22,Jayakwadi,0.0,20.631
2014-04-23,Jayakwadi,0.0,20.575
2014-04-24,Jayakwadi,0.0,20.52
2014-04-25,Jayakwadi,0.0,20.464
2014-04-26,Jayakwadi,0.0,20.408
2014-04-27,Jayakwadi,0.0,20.352
2014-04-28,Jayakwadi,0.0,20.297
2014-04-29,Jayakwadi,0.0,20.241
2014-04-30,Jayakwadi,0.0,20.185
2014-05-01,Jayakwadi,0.0,20.129
2014-05-02,Jayakwadi,0.0,15.538
2014-05-03,Jayakwadi,0.0,13.066
2014-05-04,Jayakwadi,0.0,11.301
2014-05-05,Jayakwadi,0.0,8.476
2014-05-06,Jayakwadi,0.0,4.591
2014-05-07,Jayakwadi,0.0,2.472
2014-05-08,Jayakwadi,0.0,7.063
2014-05-09,Jayakwadi,0.0,22.248
2014-05-10,Jayakwadi,0.0,33.902
2014-05-11,Jayakwadi,0.0,27.192
2014-05-12,Jayakwadi,0.0,21.189
2014-05-13,Jayakwadi,0.0,21.118
2014-05-14,Jayakwadi,0.0,21.048
2014-05-15,Jayakwadi,0.0,20.977
2014-05-16,Jayakwadi,0.0,20.906
2014-05-17,Jayakwadi,0.0,20.836
2014-05-18,Jayakwadi,0.0,20.765
2014-05-19,Jayakwadi,0.0,20.694
2014-05-20,Jayakwadi,0.0,20.624
2014-05-21,Jayakwadi,0.0,20.553
2014-05-22,Jayakwadi,0.0,20.483
2014-05-23,Jayakwadi,0.0,20.412
2014-05-24,Jayakwadi,0.0,20.341
2014-05-25,Jayakwadi,0.0,20.271
2014-05-26,Jayakwadi,0.0,20.2
2014-05-27,Jayakwadi,0.0,20.129
2014-05-28,Jayakwadi,0.0,20.059
2014-05-29,Jayakwadi,0.0,19.988
2014-05-30,Jayakwadi,0.0,19.917
2014-05-31,Jayakwadi,0.0,19.847
2014-06-01,Jayakwadi,0.0,19.776
2014-06-02,Jayakwadi,0.0,15.538
2014-06-03,Jayakwadi,0.0,13.066
2014-06-04,Jayakwadi,0.0,11.301
2014-06-05,Jayakwadi,0.0,8.476
2014-06-06,Jayakwadi,0.0,4.591
2014-06-07,Jayakwadi,0.0,2.472
2014-06-08,Jayakwadi,0.0,8.122
2014-06-09,Jayakwadi,0.0,23.661
2014-06-10,Jayakwadi,0.0,33.549
2014-06-11,Jayakwadi,0.0,26.839
2014-06-12,Jayakwadi,0.0,21.189
2014-06-13,Jayakwadi,0.0,21.114
2014-06-14,Jayakwadi,0.0,21.04
2014-06-15,Jayakwadi,0.0,20.966
2014-06-16,Jayakwadi,0.0,20.891
2014-06-17,Jayakwadi,0.0,20.817
2014-06-18,Jayakwadi,0.0,20.743
2014-06-19,Jayakwadi,0.0,20.668
2014-06-20,Jayakwadi,0.0,20.594
2014-06-21,Jayakwadi,0.0,20.52
2014-06-22,Jayakwadi,0.0,20.445
2014-06-23,Jayakwadi,0.0,20.371
2014-06-24,Jayakwadi,0.0,20.297
2014-06-25,Jayakwadi,0.0,20.222
2014-06-26,Jayakwadi,0.0,20.148
2014-06-27,Jayakwadi,0.0,20.074
2014-06-28,Jayakwadi,0.0,19.999
2014-06-29,Jayakwadi,0.0,19.925
2014-06-30,Jayakwadi,0.0,19.851
2014-07-01,Jayakwadi,0.0,19.776
2014-07-02,Jayakwadi,0.0,15.538
2014-07-03,Jayakwadi,0.0,13.066
2014-07-04,Jayakwadi,0.0,11.301
2014-07-05,Jayakwadi,0.0,8.122
2014-07-06,Jayakwadi,0.0,4.591
2014-07-07,Jayakwadi,0.0,2.119
2014-07-08,Jayakwadi,0.0,9.888
2014-07-09,Jayakwadi,0.0,25.78
2014-07-10,Jayakwadi,0.0,33.549
2014-07-11,Jayakwadi,0.0,26.486
2014-07-12,Jayakwadi,0.0,20.836
2014-07-13,Jayakwadi,0.0,20.783
2014-07-14,Jayakwadi,0.0,20.73
2014-07-15,Jayakwadi,0.0,20.677
2014-07-16,Jayakwadi,0.0,20.624
2014-07-17,Jayakwadi,0.0,20.571
2014-07-18,Jayakwadi,0.0,20.518
2014-07-19,Jayakwadi,0.0,20.465
2014-07-20,Jayakwadi,0.0,20.412
2014-07-21,Jayakwadi,0.0,20.359
2014-07-22,Jayakwadi,0.0,20.306
2014-07-23,Jayakwadi,0.0,20.253
2014-07-24,Jayakwadi,0.0,20.2
2014-07-25,Jayakwadi,0.0,20.147
2014-07-26,Jayakwadi,0.0,20.094
2014-07-27,Jayakwadi,0.0,20.041
2014-07-28,Jayakwadi,0.0,19.988
2014-07-29,Jayakwadi,0.0,19.935
2014-07-30,Jayakwadi,0.0,19.882
2014-07-31,Jayakwadi,0.0,19.829
2014-08-01,Jayakwadi,0.0,19.776
2014-08-02,Jayakwadi,0.0,15.185
2014-08-03,Jayakwadi,0.0,13.066
2014-08-04,Jayakwadi,0.0,10.948
2014-08-05,Jayakwadi,0.0,8.122
2014-08-06,Jayakwadi,0.0,4.238
2014-08-07,Jayakwadi,0.0,2.119
2014-08-08,Jayakwadi,0.0,10.948
2014-08-09,Jayakwadi,0.0,27.192
2014-08-10,Jayakwadi,0.0,33.549
2014-08-11,Jayakwadi,0.0,26.133
2014-08-12,Jayakwadi,0.0,20.836
2014-08-13,Jayakwadi,0.0,20.765
2014-08-14,Jayakwadi,0.0,20.694
2014-08-15,Jayakwadi,0.0,20.624
2014-08-16,Jayakwadi,0.0,20.553
2014-08-17,Jayakwadi,0.0,20.483
2014-08-18,Jayakwadi,0.0,20.412
2014-08-19,Jayakwadi,0.0,20.341
2014-08-20,Jayakwadi,0.0,20.271
2014-08-21,Jayakwadi,0.0,20.2
2014-08-22,Jayakwadi,0.0,20.129
2014-08-23,Jayakwadi,0.0,20.059
2014-08-24,Jayakwadi,0.0,19.988
2014-08-25,Jayakwadi,0.0,19.917
2014-08-26,Jayakwadi,0.0,19.847
2014-08-27,Jayakwadi,0.0,19.776
2014-08-28,Jayakwadi,0.0,19.706
2014-08-29,Jayakwadi,0.0,19.635
2014-08-30,Jayakwadi,0.0,19.564
2014-08-31,Jayakwadi,0.0,19.494
2014-09-01,Jayakwadi,0.0,19.423
2014-09-02,Jayakwadi,0.0,15.185
2014-09-03,Jayakwadi,0.0,13.066
2014-09-04,Jayakwadi,0.0,10.948
2014-09-05,Jayakwadi,0.0,8.122
2014-09-06,Jayakwadi,0.0,4.238
2014-09-07,Jayakwadi,0.0,2.119
2014-09-08,Jayakwadi,0.0,11.301
2014-09-09,Jayakwadi,0.0,27.899
2014-09-10,Jayakwadi,0.0,33.196
2014-09-11,Jayakwadi,0.0,25.427
2014-09-12,Jayakwadi,0.0,20.836
2014-09-13,Jayakwadi,0.0,20.761
2014-09-14,Jayakwadi,0.0,20.687
2014-09-15,Jayakwadi,0.0,20.613
2014-09-16,Jayakwadi,0.0,20.538
2014-09-17,Jayakwadi,0.0,20.464
2014-09-18,Jayakwadi,0.0,20.39
2014-09-19,Jayakwadi,0.0,20.315
2014-09-20,Jayakwadi,0.0,20.241
2014-09-21,Jayakwadi,0.0,20.167
2014-09-22,Jayakwadi,0.0,20.092
2014-09-23,Jayakwadi,0.0,20.018
2014-09-24,Jayakwadi,0.0,19.943
2014-09-25,Jayakwadi,0.0,19.869
2014-09-26,Jayakwadi,0.0,19.795
2014-09-27,Jayakwadi,0.0,19.72
2014-09-28,Jayakwadi,0.0,19.646
2014-09-29,Jayakwadi,0.0,19.572
2014-09-30,Jayakwadi,0.0,19.497
2014-10-01,Jayakwadi,0.0,19.423
2014-10-02,Jayakwadi,0.0,15.185
2014-10-03,Jayakwadi,0.0,13.066
2014-10-04,Jayakwadi,0.0,10.948
2014-10-05,Jayakwadi,0.0,8.122
2014-10-06,Jayakwadi,0.0,4.238
2014-10-07,Jayakwadi,0.0,2.472
2014-10-08,Jayakwadi,0.0,12.007
2014-10-09,Jayakwadi,0.0,29.664
2014-10-10,Jayakwadi,0.0,33.196
2014-10-11,Jayakwadi,0.0,25.427
2014-10-12,Jayakwadi,0.0,20.836
2014-10-13,Jayakwadi,0.0,20.765
2014-10-14,Jayakwadi,0.0,20.694
2014-10-15,Jayakwadi,0.0,20.624
2014-10-16,Jayakwadi,0.0,20.553
2014-10-17,Jayakwadi,0.0,20.483
2014-10-18,Jayakwadi,0.0,20.412
2014-10-19,Jayakwadi,0.0,20.341
2014-10-20,Jayakwadi,0.0,20.271
2014-10-21,Jayakwadi,0.0,20.2
2014-10-22,Jayakwadi,0.0,20.129
2014-10-23,Jayakwadi,0.0,20.059
2014-10-24,Jayakwadi,0.0,19.988
2014-10-25,Jayakwadi,0.0,19.917
2014-10-26,Jayakwadi,0.0,19.847
2014-10-27,Jayakwadi,0.0,19.776
2014-10-28,Jayakwadi,0.0,19.706
2014-10-29,Jayakwadi,0.0,19.635
2014-10-30,Jayakwadi,0.0,19.564
2014-10-31,Jayakwadi,0.0,19.494
2014-11-01,Jayakwadi,0.0,19.423
2014-11-02,Jayakwadi,0.0,14.832
2014-11-03,Jayakwadi,0.0,13.066
2014-11-04,Jayakwadi,0.0,10.594
2014-11-05,Jayakwadi,0.0,7.769
2014-11-06,Jayakwadi,0.0,4.238
2014-11-07,Jayakwadi,0.0,2.119
2014-11-08,Jayakwadi,0.0,12.36
2014-11-09,Jayakwadi,0.0,31.783
2014-11-10,Jayakwadi,0.0,32.843
2014-11-11,Jayakwadi,0.0,25.073
2014-11-12,Jayakwadi,0.0,21.189
2014-11-13,Jayakwadi,0.0,21.077
2014-11-14,Jayakwadi,0.0,20.966
2014-11-15,Jayakwadi,0.0,20.854
2014-11-16,Jayakwadi,0.0,20.743
2014-11-17,Jayakwadi,0.0,20.631
2014-11-18,Jayakwadi,0.0,20.52
2014-11-19,Jayakwadi,0.0,20.408
2014-11-20,Jayakwadi,0.0,20.297
2014-11-21,Jayakwadi,0.0,20.185
2014-11-22,Jayakwadi,0.0,20.074
2014-11-23,Jayakwadi,0.0,19.962
2014-11-24,Jayakwadi,0.0,19.851
2014-11-25,Jayakwadi,0.0,19.739
2014-11-26,Jayakwadi,0.0,19.628
2014-11-27,Jayakwadi,0.0,19.516
2014-11-28,Jayakwadi,0.0,19.404
2014-11-29,Jayakwadi,0.0,19.293
2014-11-30,Jayakwadi,0.0,19.181
2014-12-01,Jayakwadi,0.0,19.07
2014-12-02,Jayakwadi,0.0,14.832
2014-12-03,Jayakwadi,0.0,12.713
2014-12-04,Jayakwadi,0.0,10.594
2014-12-05,Jayakwadi,0.0,7.769
2014-12-06,Jayakwadi,0.0,4.238
2014-12-07,Jayakwadi,0.0,2.119
2014-12-08,Jayakwadi,0.0,12.36
2014-12-09,Jayakwadi,0.0,33.196
2014-12-10,Jayakwadi,0.0,32.843
2014-12-11,Jayakwadi,0.0,24.72
2014-12-12,Jayakwadi,0.0,21.542
2014-12-13,Jayakwadi,0.0,21.63
2014-12-14,Jayakwadi,0.0,21.719
2014-12-15,Jayakwadi,0.0,21.807
2014-12-16,Jayakwadi,0.0,21.895
2014-12-17,Jayakwadi,0.0,21.983
2014-12-18,Jayakwadi,0.0,22.072
2014-12-19,Jayakwadi,0.0,22.16
2014-12-20,Jayakwadi,0.0,22.248
2014-12-21,Jayakwadi,0.0,22.337
2014-12-22,Jayakwadi,0.0,22.425
2014-12-23,Jayakwadi,0.0,22.513
2014-12-24,Jayakwadi,0.0,22.601
2014-12-25,Jayakwadi,0.0,22.69
2014-12-26,Jayakwadi,0.0,22.778
2014-12-27,Jayakwadi,0.0,22.866
2014-12-28,Jayakwadi,0.0,22.955
2014-12-29,Jayakwadi,0.0,23.043
2014-12-30,Jayakwadi,0.0,23.131
2014-12-31,Jayakwadi,0.0,23.219
2015-01-01,Jayakwadi,0.0,23.308
2015-01-02,Jayakwadi,0.0,19.776
2015-01-03,Jayakwadi,0.0,14.479
2015-01-04,Jayakwadi,0.0,9.535
2015-01-05,Jayakwadi,0.0,6.71
2015-01-06,Jayakwadi,0.0,2.472
2015-01-07,Jayakwadi,0.0,1.413
2015-01-08,Jayakwadi,0.0,4.238
2015-01-09,Jayakwadi,0.0,2.825
2015-01-10,Jayakwadi,0.0,0.0
2015-01-11,Jayakwadi,0.0,3.531
2015-01-12,Jayakwadi,0.0,8.476
2015-01-13,Jayakwadi,0.0,9.217
2015-01-14,Jayakwadi,0.0,9.959
2015-01-15,Jayakwadi,0.0,10.7
2015-01-16,Jayakwadi,0.0,11.442
2015-01-17,Jayakwadi,0.0,12.184
2015-01-18,Jayakwadi,0.0,12.925
2015-01-19,Jayakwadi,0.0,13.667
2015-01-20,Jayakwadi,0.0,14.408
2015-01-21,Jayakwadi,0.0,15.15
2015-01-22,Jayakwadi,0.0,15.892
2015-01-23,Jayakwadi,0.0,16.633
2015-01-24,Jayakwadi,0.0,17.375
2015-01-25,Jayakwadi,0.0,18.116
2015-01-26,Jayakwadi,0.0,18.858
2015-01-27,Jayakwadi,0.0,19.6
2015-01-28,Jayakwadi,0.0,20.341
2015-01-29,Jayakwadi,0.0,21.083
2015-01-30,Jayakwadi,0.0,21.824
2015-01-31,Jayakwadi,0.0,22.566
2015-02-01,Jayakwadi,0.0,23.308
2015-02-02,Jayakwadi,0.0,19.423
2015-02-03,Jayakwadi,0.0,14.126
2015-02-04,Jayakwadi,0.0,9.535
2015-02-05,Jayakwadi,0.0,6.71
2015-02-06,Jayakwadi,0.0,2.472
2015-02-07,Jayakwadi,0.0,1.059
2015-02-08,Jayakwadi,0.0,4.591
2015-02-09,Jayakwadi,0.0,2.825
2015-02-10,Jayakwadi,0.0,4.944
2015-02-11,Jayakwadi,0.0,3.531
2015-02-12,Jayakwadi,0.0,8.476
2015-02-13,Jayakwadi,0.0,9.327
2015-02-14,Jayakwadi,0.0,10.179
2015-02-15,Jayakwadi,0.0,11.031
2015-02-16,Jayakwadi,0.0,11.882
2015-02-17,Jayakwadi,0.0,12.734
2015-02-18,Jayakwadi,0.0,13.586
2015-02-19,Jayakwadi,0.0,14.437
2015-02-20,Jayakwadi,0.0,15.289
2015-02-21,Jayakwadi,0.0,16.141
2015-02-22,Jayakwadi,0.0,16.993
2015-02-23,Jayakwadi,0.0,17.844
2015-02-24,Jayakwadi,0.0,18.696
2015-02-25,Jayakwadi,0.0,19.548
2015-02-26,Jayakwadi,0.0,20.399
2015-02-27,Jayakwadi,0.0,21.251
2015-02-28,Jayakwadi,0.0,22.103
2015-03-01,Jayakwadi,0.0,22.955
2015-03-02,Jayakwadi,0.0,19.423
2015-03-03,Jayakwadi,0.0,14.126
2015-03-04,Jayakwadi,0.0,9.182
2015-03-05,Jayakwadi,0.0,6.71
2015-03-06,Jayakwadi,0.0,2.119
2015-03-07,Jayakwadi,0.0,1.059
2015-03-08,Jayakwadi,0.0,4.591
2015-03-09,Jayakwadi,0.0,0.0
2015-03-10,Jayakwadi,0.0,5.297
2015-03-11,Jayakwadi,0.0,3.178
2015-03-12,Jayakwadi,0.0,8.476
2015-03-13,Jayakwadi,0.0,9.199
2015-03-14,Jayakwadi,0.0,9.923
2015-03-15,Jayakwadi,0.0,10.647
2015-03-16,Jayakwadi,0.0,11.371
2015-03-17,Jayakwadi,0.0,12.095
2015-03-18,Jayakwadi,0.0,12.819
2015-03-19,Jayakwadi,0.0,13.543
2015-03-20,Jayakwadi,0.0,14.267
2015-03-21,Jayakwadi,0.0,14.991
2015-03-22,Jayakwadi,0.0,15.715
2015-03-23,Jayakwadi,0.0,16.439
2015-03-24,Jayakwadi,0.0,17.163
2015-03-25,Jayakwadi,0.0,17.887
2015-03-26,Jayakwadi,0.0,18.611
2015-03-27,Jayakwadi,0.0,19.335
2015-03-28,Jayakwadi,0.0,20.059
2015-03-29,Jayakwadi,0.0,20.783
2015-03-30,Jayakwadi,0.0,21.507
2015-03-31,Jayakwadi,0.0,22.231
2015-04-01,Jayakwadi,0.0,22.955
2015-04-02,Jayakwadi,0.0,19.423
2015-04-03,Jayakwadi,0.0,13.773
2015-04-04,Jayakwadi,0.0,9.182
2015-04-05,Jayakwadi,0.0,6.357
2015-04-06,Jayakwadi,0.0,2.119
2015-04-07,Jayakwadi,0.0,1.059
2015-04-08,Jayakwadi,0.0,4.591
2015-04-09,Jayakwadi,0.0,0.0
2015-04-10,Jayakwadi,0.0,5.297
2015-04-11,Jayakwadi,0.0,3.531
2015-04-12,Jayakwadi,0.0,8.476
2015-04-13,Jayakwadi,0.0,9.219
2015-04-14,Jayakwadi,0.0,9.962
2015-04-15,Jayakwadi,0.0,10.706
2015-04-16,Jayakwadi,0.0,11.449
2015-04-17,Jayakwadi,0.0,12.193
2015-04-18,Jayakwadi,0.0,12.936
2015-04-19,Jayakwadi,0.0,13.68
2015-04-20,Jayakwadi,0.0,14.423
2015-04-21,Jayakwadi,0.0,15.167
2015-04-22,Jayakwadi,0.0,15.91
2015-04-23,Jayakwadi,0.0,16.654
2015-04-24,Jayakwadi,0.0,17.397
2015-04-25,Jayakwadi,0.0,18.141
2015-04-26,Jayakwadi,0.0,18.884
2015-04-27,Jayakwadi,0.0,19.628
2015-04-28,Jayakwadi,0.0,20.371
2015-04-29,Jayakwadi,0.0,21.114
2015-04-30,Jayakwadi,0.0,21.858
2015-05-01,Jayakwadi,0.0,22.601
2015-05-02,Jayakwadi,0.0,19.423
2015-05-03,Jayakwadi,0.0,13.42
2015-05-04,Jayakwadi,0.0,9.182
2015-05-05,Jayakwadi,0.0,6.357
2015-05-06,Jayakwadi,0.0,1.766
2015-05-07,Jayakwadi,0.0,1.059
2015-05-08,Jayakwadi,0.0,4.591
2015-05-09,Jayakwadi,0.0,2.825
2015-05-10,Jayakwadi,0.0,5.297
2015-05-11,Jayakwadi,0.0,3.531
2015-05-12,Jayakwadi,0.0,8.476
2015-05-13,Jayakwadi,0.0,9.182
2015-05-14,Jayakwadi,0.0,9.888
2015-05-15,Jayakwadi,0.0,10.594
2015-05-16,Jayakwadi,0.0,11.301
2015-05-17,Jayakwadi,0.0,12.007
2015-05-18,Jayakwadi,0.0,12.713
2015-05-19,Jayakwadi,0.0,13.42
2015-05-20,Jayakwadi,0.0,14.126
2015-05-21,Jayakwadi,0.0,14.832
2015-05-22,Jayakwadi,0.0,15.538
2015-05-23,Jayakwadi,0.0,16.245
2015-05-24,Jayakwadi,0.0,16.951
2015-05-25,Jayakwadi,0.0,17.657
2015-05-26,Jayakwadi,0.0,18.364
2015-05-27,Jayakwadi,0.0,19.07
2015-05-28,Jayakwadi,0.0,19.776
2015-05-29,Jayakwadi,0.0,20.483
2015-05-30,Jayakwadi,0.0,21.189
2015-05-31,Jayakwadi,0.0,21.895
2015-06-01,Jayakwadi,0.0,22.601
2015-06-02,Jayakwadi,0.0,19.07
2015-06-03,Jayakwadi,0.0,13.42
2015-06-04,Jayakwadi,0.0,8.829
2015-06-05,Jayakwadi,0.0,6.357
2015-06-06,Jayakwadi,0.0,1.766
2015-06-07,Jayakwadi,0.0,1.059
2015-06-08,Jayakwadi,0.0,4.591
2015-06-09,Jayakwadi,0.0,0.0
2015-06-10,Jayakwadi,0.0,4.944
2015-06-11,Jayakwadi,0.0,4.238
2015-06-12,Jayakwadi,0.0,8.122
2015-06-13,Jayakwadi,0.0,8.866
2015-06-14,Jayakwadi,0.0,9.609
2015-06-15,Jayakwadi,0.0,10.353
2015-06-16,Jayakwadi,0.0,11.096
2015-06-17,Jayakwadi,0.0,11.84
2015-06-18,Jayakwadi,0.0,12.583
2015-06-19,Jayakwadi,0.0,13.327
2015-06-20,Jayakwadi,0.0,14.07
2015-06-21,Jayakwadi,0.0,14.814
2015-06-22,Jayakwadi,0.0,15.557
2015-06-23,Jayakwadi,0.0,16.301
2015-06-24,Jayakwadi,0.0,17.044
2015-06-25,Jayakwadi,0.0,17.787
2015-06-26,Jayakwadi,0.0,18.531
2015-06-27,Jayakwadi,0.0,19.274
2015-06-28,Jayakwadi,0.0,20.018
2015-06-29,Jayakwadi,0.0,20.761
2015-06-30,Jayakwadi,0.0,21.505
2015-07-01,Jayakwadi,0.0,22.248
2015-07-02,Jayakwadi,0.0,19.07
2015-07-03,Jayakwadi,0.0,13.066
2015-07-04,Jayakwadi,0.0,8.829
2015-07-05,Jayakwadi,0.0,6.357
2015-07-06,Jayakwadi,0.0,1.766
2015-07-07,Jayakwadi,0.0,0.706
2015-07-08,Jayakwadi,0.0,4.591
2015-07-09,Jayakwadi,0.0,2.825
2015-07-10,Jayakwadi,0.0,4.944
2015-07-11,Jayakwadi,0.0,4.944
2015-07-12,Jayakwadi,0.0,8.122
2015-07-13,Jayakwadi,0.0,8.829
2015-07-14,Jayakwadi,0.0,9.535
2015-07-15,Jayakwadi,0.0,10.241
2015-07-16,Jayakwadi,0.0,10.948
2015-07-17,Jayakwadi,0.0,11.654
2015-07-18,Jayakwadi,0.0,12.36
2015-07-19,Jayakwadi,0.0,13.066
2015-07-20,Jayakwadi,0.0,13.773
2015-07-21,Jayakwadi,0.0,14.479
2015-07-22,Jayakwadi,0.0,15.185
2015-07-23,Jayakwadi,0.0,15.892
2015-07-24,Jayakwadi,0.0,16.598
2015-07-25,Jayakwadi,0.0,17.304
2015-07-26,Jayakwadi,0.0,18.01
2015-07-27,Jayakwadi,0.0,18.717
2015-07-28,Jayakwadi,0.0,19.423
2015-07-29,Jayakwadi,0.0,20.129
2015-07-30,Jayakwadi,0.0,20.836
2015-07-31,Jayakwadi,0.0,21.542
2015-08-01,Jayakwadi,0.0,22.248
2015-08-02,Jayakwadi,0.0,19.07
2015-08-03,Jayakwadi,0.0,13.066
2015-08-04,Jayakwadi,0.0,8.476
2015-08-05,Jayakwadi,0.0,6.003
2015-08-06,Jayakwadi,0.0,1.413
2015-08-07,Jayakwadi,0.0,0.706
2015-08-08,Jayakwadi,0.0,4.591
2015-08-09,Jayakwadi,0.0,2.825
2015-08-10,Jayakwadi,0.0,4.944
2015-08-11,Jayakwadi,0.0,5.65
2015-08-12,Jayakwadi,0.0,8.122
2015-08-13,Jayakwadi,0.0,8.811
2015-08-14,Jayakwadi,0.0,9.5
2015-08-15,Jayakwadi,0.0,10.188
2015-08-16,Jayakwadi,0.0,10.877
2015-08-17,Jayakwadi,0.0,11.566
2015-08-18,Jayakwadi,0.0,12.254
2015-08-19,Jayakwadi,0.0,12.943
2015-08-20,Jayakwadi,0.0,13.631
2015-08-21,Jayakwadi,0.0,14.32
2015-08-22,Jayakwadi,0.0,15.009
2015-08-23,Jayakwadi,0.0,15.697
2015-08-24,Jayakwadi,0.0,16.386
2015-08-25,Jayakwadi,0.0,17.075
2015-08-26,Jayakwadi,0.0,17.763
2015-08-27,Jayakwadi,0.0,18.452
2015-08-28,Jayakwadi,0.0,19.141
2015-08-29,Jayakwadi,0.0,19.829
2015-08-30,Jayakwadi,0.0,20.518
2015-08-31,Jayakwadi,0.0,21.206
2015-09-01,Jayakwadi,0.0,21.895
2015-09-02,Jayakwadi,0.0,18.717
2015-09-03,Jayakwadi,0.0,13.066
2015-09-04,Jayakwadi,0.0,8.476
2015-09-05,Jayakwadi,0.0,6.003
2015-09-06,Jayakwadi,0.0,1.413
2015-09-07,Jayakwadi,0.0,0.706
2015-09-08,Jayakwadi,0.0,4.591
2015-09-09,Jayakwadi,0.0,2.825
2015-09-10,Jayakwadi,0.0,4.944
2015-09-11,Jayakwadi,0.0,6.357
2015-09-12,Jayakwadi,0.0,8.122
2015-09-13,Jayakwadi,0.0,8.847
2015-09-14,Jayakwadi,0.0,9.572
2015-09-15,Jayakwadi,0.0,10.297
2015-09-16,Jayakwadi,0.0,11.022
2015-09-17,Jayakwadi,0.0,11.747
2015-09-18,Jayakwadi,0.0,12.472
2015-09-19,Jayakwadi,0.0,13.197
2015-09-20,Jayakwadi,0.0,13.921
2015-09-21,Jayakwadi,0.0,14.646
2015-09-22,Jayakwadi,0.0,15.371
2015-09-23,Jayakwadi,0.0,16.096
2015-09-24,Jayakwadi,0.0,16.821
2015-09-25,Jayakwadi,0.0,17.546
2015-09-26,Jayakwadi,0.0,18.271
2015-09-27,Jayakwadi,0.0,18.996
2015-09-28,Jayakwadi,0.0,19.72
2015-09-29,Jayakwadi,0.0,20.445
2015-09-30,Jayakwadi,0.0,21.17
2015-10-01,Jayakwadi,0.0,21.895
2015-10-02,Jayakwadi,0.0,18.717
2015-10-03,Jayakwadi,0.0,12.713
2015-10-04,Jayakwadi,0.0,8.476
2015-10-05,Jayakwadi,0.0,6.003
2015-10-06,Jayakwadi,0.0,1.413
2015-10-07,Jayakwadi,0.0,0.706
2015-10-08,Jayakwadi,0.0,4.591
2015-10-09,Jayakwadi,0.0,2.825
2015-10-10,Jayakwadi,0.0,4.944
2015-10-11,Jayakwadi,0.0,6.71
2015-10-12,Jayakwadi,0.0,8.122
2015-10-13,Jayakwadi,0.0,8.811
2015-10-14,Jayakwadi,0.0,9.5
2015-10-15,Jayakwadi,0.0,10.188
2015-10-16,Jayakwadi,0.0,10.877
2015-10-17,Jayakwadi,0.0,11.566
2015-10-18,Jayakwadi,0.0,12.254
2015-10-19,Jayakwadi,0.0,12.943
2015-10-20,Jayakwadi,0.0,13.631
2015-10-21,Jayakwadi,0.0,14.32
2015-10-22,Jayakwadi,0.0,15.009
2015-10-23,Jayakwadi,0.0,15.697
2015-10-24,Jayakwadi,0.0,16.386
2015-10-25,Jayakwadi,0.0,17.075
2015-10-26,Jayakwadi,0.0,17.763
2015-10-27,Jayakwadi,0.0,18.452
2015-10-28,Jayakwadi,0.0,19.141
2015-10-29,Jayakwadi,0.0,19.829
2015-10-30,Jayakwadi,0.0,20.518
2015-10-31,Jayakwadi,0.0,21.206
2015-11-01,Jayakwadi,0.0,21.895
2015-11-02,Jayakwadi,0.0,18.364
2015-11-03,Jayakwadi,0.0,12.713
2015-11-04,Jayakwadi,0.0,8.122
2015-11-05,Jayakwadi,0.0,5.65
2015-11-06,Jayakwadi,0.0,1.413
2015-11-07,Jayakwadi,0.0,0.353
2015-11-08,Jayakwadi,0.0,4.238
2015-11-09,Jayakwadi,0.0,2.825
2015-11-10,Jayakwadi,0.0,4.944
2015-11-11,Jayakwadi,0.0,6.71
2015-11-12,Jayakwadi,0.0,8.122
2015-11-13,Jayakwadi,0.0,8.829
2015-11-14,Jayakwadi,0.0,9.535
2015-11-15,Jayakwadi,0.0,10.241
2015-11-16,Jayakwadi,0.0,10.948
2015-11-17,Jayakwadi,0.0,11.654
2015-11-18,Jayakwadi,0.0,12.36
2015-11-19,Jayakwadi,0.0,13.066
2015-11-20,Jayakwadi,0.0,13.773
2015-11-21,Jayakwadi,0.0,14.479
2015-11-22,Jayakwadi,0.0,15.185
2015-11-23,Jayakwadi,0.0,15.892
2015-11-24,Jayakwadi,0.0,16.598
2015-11-25,Jayakwadi,0.0,17.304
2015-11-26,Jayakwadi,0.0,18.01
2015-11-27,Jayakwadi,0.0,18.717
2015-11-28,Jayakwadi,0.0,19.423
2015-11-29,Jayakwadi,0.0,20.129
2015-11-30,Jayakwadi,0.0,20.836
2015-12-01,Jayakwadi,0.0,21.542
2015-12-02,Jayakwadi,0.0,18.01
2015-12-03,Jayakwadi,0.0,12.36
2015-12-04,Jayakwadi,0.0,8.122
2015-12-05,Jayakwadi,0.0,5.65
2015-12-06,Jayakwadi,0.0,1.413
2015-12-07,Jayakwadi,0.0,0.353
2015-12-08,Jayakwadi,0.0,4.238
2015-12-09,Jayakwadi,0.0,2.825
2015-12-10,Jayakwadi,0.0,4.591
2015-12-11,Jayakwadi,0.0,7.063
2015-12-12,Jayakwadi,0.0,8.122
2015-12-13,Jayakwadi,0.0,8.052
2015-12-14,Jayakwadi,0.0,7.981
2015-12-15,Jayakwadi,0.0,7.91
2015-12-16,Jayakwadi,0.0,7.84
2015-12-17,Jayakwadi,0.0,7.769
2015-12-18,Jayakwadi,0.0,7.699
2015-12-19,Jayakwadi,0.0,7.628
2015-12-20,Jayakwadi,0.0,7.557
2015-12-21,Jayakwadi,0.0,7.487
2015-12-22,Jayakwadi,0.0,7.416
2015-12-23,Jayakwadi,0.0,7.345
2015-12-24,Jayakwadi,0.0,7.275
2015-12-25,Jayakwadi,0.0,7.204
2015-12-26,Jayakwadi,0.0,7.134
2015-12-27,Jayakwadi,0.0,7.063
2015-12-28,Jayakwadi,0.0,6.992
2015-12-29,Jayakwadi,0.0,6.922
2015-12-30,Jayakwadi,0.0,6.851
2015-12-31,Jayakwadi,0.0,6.78
2016-01-01,Jayakwadi,0.0,6.71
2016-01-02,Jayakwadi,0.0,3.885
2016-01-03,Jayakwadi,0.0,1.766
2016-01-04,Jayakwadi,0.0,0.0
2016-01-05,Jayakwadi,0.0,0.0
2016-01-06,Jayakwadi,0.0,0.0
2016-01-07,Jayakwadi,0.0,0.0
2016-01-08,Jayakwadi,0.0,0.0
2016-01-09,Jayakwadi,0.0,50.5
2016-01-10,Jayakwadi,0.0,55.091
2016-01-11,Jayakwadi,0.0,62.507
2016-01-12,Jayakwadi,0.0,60.741
2016-01-13,Jayakwadi,0.0,58.04
2016-01-14,Jayakwadi,0.0,55.338
2016-01-15,Jayakwadi,0.0,52.637
2016-01-16,Jayakwadi,0.0,49.935
2016-01-17,Jayakwadi,0.0,47.233
2016-01-18,Jayakwadi,0.0,44.532
2016-01-19,Jayakwadi,0.0,41.83
2016-01-20,Jayakwadi,0.0,39.129
2016-01-21,Jayakwadi,0.0,36.427
2016-01-22,Jayakwadi,0.0,33.726
2016-01-23,Jayakwadi,0.0,31.024
2016-01-24,Jayakwadi,0.0,28.322
2016-01-25,Jayakwadi,0.0,25.621
2016-01-26,Jayakwadi,0.0,22.919
2016-01-27,Jayakwadi,0.0,20.218
2016-01-28,Jayakwadi,0.0,17.516
2016-01-29,Jayakwadi,0.0,14.815
2016-01-30,Jayakwadi,0.0,12.113
2016-01-31,Jayakwadi,0.0,9.411
2016-02-01,Jayakwadi,0.0,6.71
2016-02-02,Jayakwadi,0.0,3.885
2016-02-03,Jayakwadi,0.0,1.413
2016-02-04,Jayakwadi,0.0,0.0
2016-02-05,Jayakwadi,0.0,0.0
2016-02-06,Jayakwadi,0.0,0.0
2016-02-07,Jayakwadi,0.0,0.0
2016-02-08,Jayakwadi,0.0,0.0
2016-02-09,Jayakwadi,0.0,50.5
2016-02-10,Jayakwadi,0.0,55.091
2016-02-11,Jayakwadi,0.0,62.507
2016-02-12,Jayakwadi,0.0,60.388
2016-02-13,Jayakwadi,0.0,57.406
2016-02-14,Jayakwadi,0.0,54.424
2016-02-15,Jayakwadi,0.0,51.442
2016-02-16,Jayakwadi,0.0,48.46
2016-02-17,Jayakwadi,0.0,45.477
2016-02-18,Jayakwadi,0.0,42.495
2016-02-19,Jayakwadi,0.0,39.513
2016-02-20,Jayakwadi,0.0,36.531
2016-02-21,Jayakwadi,0.0,33.549
2016-02-22,Jayakwadi,0.0,30.567
2016-02-23,Jayakwadi,0.0,27.585
2016-02-24,Jayakwadi,0.0,24.603
2016-02-25,Jayakwadi,0.0,21.62
2016-02-26,Jayakwadi,0.0,18.638
2016-02-27,Jayakwadi,0.0,15.656
2016-02-28,Jayakwadi,0.0,12.674
2016-02-29,Jayakwadi,0.0,9.692
2016-03-01,Jayakwadi,0.0,6.71
2016-03-02,Jayakwadi,0.0,3.885
2016-03-03,Jayakwadi,0.0,1.413
2016-03-04,Jayakwadi,0.0,0.0
2016-03-05,Jayakwadi,0.0,0.0
2016-03-06,Jayakwadi,0.0,0.0
2016-03-07,Jayakwadi,0.0,0.0
2016-03-08,Jayakwadi,0.0,1.059
2016-03-09,Jayakwadi,0.0,50.5
2016-03-10,Jayakwadi,0.0,56.15
2016-03-11,Jayakwadi,0.0,62.507
2016-03-12,Jayakwadi,0.0,60.388
2016-03-13,Jayakwadi,0.0,57.704
2016-03-14,Jayakwadi,0.0,55.02
2016-03-15,Jayakwadi,0.0,52.336
2016-03-16,Jayakwadi,0.0,49.652
2016-03-17,Jayakwadi,0.0,46.969
2016-03-18,Jayakwadi,0.0,44.285
2016-03-19,Jayakwadi,0.0,41.601
2016-03-20,Jayakwadi,0.0,38.917
2016-03-21,Jayakwadi,0.0,36.233
2016-03-22,Jayakwadi,0.0,33.549
2016-03-23,Jayakwadi,0.0,30.865
2016-03-24,Jayakwadi,0.0,28.181
2016-03-25,Jayakwadi,0.0,25.497
2016-03-26,Jayakwadi,0.0,22.813
2016-03-27,Jayakwadi,0.0,20.129
2016-03-28,Jayakwadi,0.0,17.445
2016-03-29,Jayakwadi,0.0,14.762
2016-03-30,Jayakwadi,0.0,12.078
2016-03-31,Jayakwadi,0.0,9.394
2016-04-01,Jayakwadi,0.0,6.71
2016-04-02,Jayakwadi,0.0,3.531
2016-04-03,Jayakwadi,0.0,1.413
2016-04-04,Jayakwadi,0.0,0.0
2016-04-05,Jayakwadi,0.0,0.0
2016-04-06,Jayakwadi,0.0,0.0
2016-04-07,Jayakwadi,0.0,0.0
2016-04-08,Jayakwadi,0.0,9.182
2016-04-09,Jayakwadi,0.0,50.147
2016-04-10,Jayakwadi,0.0,57.916
2016-04-11,Jayakwadi,0.0,62.154
2016-04-12,Jayakwadi,0.0,60.035
2016-04-13,Jayakwadi,0.0,57.228
2016-04-14,Jayakwadi,0.0,54.422
2016-04-15,Jayakwadi,0.0,51.615
2016-04-16,Jayakwadi,0.0,48.809
2016-04-17,Jayakwadi,0.0,46.002
2016-04-18,Jayakwadi,0.0,43.195
2016-04-19,Jayakwadi,0.0,40.389
2016-04-20,Jayakwadi,0.0,37.582
2016-04-21,Jayakwadi,0.0,34.776
2016-04-22,Jayakwadi,0.0,31.969
2016-04-23,Jayakwadi,0.0,29.162
2016-04-24,Jayakwadi,0.0,26.356
2016-04-25,Jayakwadi,0.0,23.549
2016-04-26,Jayakwadi,0.0,20.743
2016-04-27,Jayakwadi,0.0,17.936
2016-04-28,Jayakwadi,0.0,15.13
2016-04-29,Jayakwadi,0.0,12.323
2016-04-30,Jayakwadi,0.0,9.516
2016-05-01,Jayakwadi,0.0,6.71
2016-05-02,Jayakwadi,0.0,3.531
2016-05-03,Jayakwadi,0.0,1.413
2016-05-04,Jayakwadi,0.0,0.0
2016-05-05,Jayakwadi,0.0,0.0
2016-05-06,Jayakwadi,0.0,0.0
2016-05-07,Jayakwadi,0.0,0.0
2016-05-08,Jayakwadi,0.0,20.129
2016-05-09,Jayakwadi,0.0,50.147
2016-05-10,Jayakwadi,0.0,58.975
2016-05-11,Jayakwadi,0.0,62.154
2016-05-12,Jayakwadi,0.0,60.035
2016-05-13,Jayakwadi,0.0,57.351
2016-05-14,Jayakwadi,0.0,54.667
2016-05-15,Jayakwadi,0.0,51.983
2016-05-16,Jayakwadi,0.0,49.299
2016-05-17,Jayakwadi,0.0,46.615
2016-05-18,Jayakwadi,0.0,43.931
2016-05-19,Jayakwadi,0.0,41.248
2016-05-20,Jayakwadi,0.0,38.564
2016-05-21,Jayakwadi,0.0,35.88
2016-05-22,Jayakwadi,0.0,33.196
2016-05-23,Jayakwadi,0.0,30.512
2016-05-24,Jayakwadi,0.0,27.828
2016-05-25,Jayakwadi,0.0,25.144
2016-05-26,Jayakwadi,0.0,22.46
2016-05-27,Jayakwadi,0.0,19.776
2016-05-28,Jayakwadi,0.0,17.092
2016-05-29,Jayakwadi,0.0,14.408
2016-05-30,Jayakwadi,0.0,11.724
2016-05-31,Jayakwadi,0.0,9.041
2016-06-01,Jayakwadi,0.0,6.357
2016-06-02,Jayakwadi,0.0,3.531
2016-06-03,Jayakwadi,0.0,1.059
2016-06-04,Jayakwadi,0.0,0.0
2016-06-05,Jayakwadi,0.0,0.0
2016-06-06,Jayakwadi,0.0,0.0
2016-06-07,Jayakwadi,0.0,0.0
2016-06-08,Jayakwadi,0.0,25.073
2016-06-09,Jayakwadi,0.0,49.794
2016-06-10,Jayakwadi,0.0,60.035
2016-06-11,Jayakwadi,0.0,62.154
2016-06-12,Jayakwadi,0.0,59.682
2016-06-13,Jayakwadi,0.0,56.875
2016-06-14,Jayakwadi,0.0,54.069
2016-06-15,Jayakwadi,0.0,51.262
2016-06-16,Jayakwadi,0.0,48.455
2016-06-17,Jayakwadi,0.0,45.649
2016-06-18,Jayakwadi,0.0,42.842
2016-06-19,Jayakwadi,0.0,40.036
2016-06-20,Jayakwadi,0.0,37.229
2016-06-21,Jayakwadi,0.0,34.423
2016-06-22,Jayakwadi,0.0,31.616
2016-06-23,Jayakwadi,0.0,28.809
2016-06-24,Jayakwadi,0.0,26.003
2016-06-25,Jayakwadi,0.0,23.196
2016-06-26,Jayakwadi,0.0,20.39
2016-06-27,Jayakwadi,0.0,17.583
2016-06-28,Jayakwadi,0.0,14.776
2016-06-29,Jayakwadi,0.0,11.97
2016-06-30,Jayakwadi,0.0,9.163
2016-07-01,Jayakwadi,0.0,6.357
2016-07-02,Jayakwadi,0.0,3.178
2016-07-03,Jayakwadi,0.0,1.059
2016-07-04,Jayakwadi,0.0,0.0
2016-07-05,Jayakwadi,0.0,0.0
2016-07-06,Jayakwadi,0.0,0.0
2016-07-07,Jayakwadi,0.0,0.0
2016-07-08,Jayakwadi,0.0,28.252
2016-07-09,Jayakwadi,0.0,49.794
2016-07-10,Jayakwadi,0.0,60.741
2016-07-11,Jayakwadi,0.0,62.154
2016-07-12,Jayakwadi,0.0,59.682
2016-07-13,Jayakwadi,0.0,57.016
2016-07-14,Jayakwadi,0.0,54.349
2016-07-15,Jayakwadi,0.0,51.683
2016-07-16,Jayakwadi,0.0,49.017
2016-07-17,Jayakwadi,0.0,46.351
2016-07-18,Jayakwadi,0.0,43.684
2016-07-19,Jayakwadi,0.0,41.018
2016-07-20,Jayakwadi,0.0,38.352
2016-07-21,Jayakwadi,0.0,35.685
2016-07-22,Jayakwadi,0.0,33.019
2016-07-23,Jayakwadi,0.0,30.353
2016-07-24,Jayakwadi,0.0,27.687
2016-07-25,Jayakwadi,0.0,25.02
2016-07-26,Jayakwadi,0.0,22.354
2016-07-27,Jayakwadi,0.0,19.688
2016-07-28,Jayakwadi,0.0,17.022
2016-07-29,Jayakwadi,0.0,14.355
2016-07-30,Jayakwadi,0.0,11.689
2016-07-31,Jayakwadi,0.0,9.023
2016-08-01,Jayakwadi,0.0,6.357
2016-08-02,Jayakwadi,0.0,3.178
2016-08-03,Jayakwadi,0.0,1.059
2016-08-04,Jayakwadi,0.0,0.0
2016-08-05,Jayakwadi,0.0,0.0
2016-08-06,Jayakwadi,0.0,0.0
2016-08-07,Jayakwadi,0.0,0.0
2016-08-08,Jayakwadi,0.0,33.549
2016-08-09,Jayakwadi,0.0,49.794
2016-08-10,Jayakwadi,0.0,61.448
2016-08-11,Jayakwadi,0.0,62.154
2016-08-12,Jayakwadi,0.0,59.329
2016-08-13,Jayakwadi,0.0,56.68
2016-08-14,Jayakwadi,0.0,54.031
2016-08-15,Jayakwadi,0.0,51.383
2016-08-16,Jayakwadi,0.0,48.734
2016-08-17,Jayakwadi,0.0,46.086
2016-08-18,Jayakwadi,0.0,43.437
2016-08-19,Jayakwadi,0.0,40.788
2016-08-20,Jayakwadi,0.0,38.14
2016-08-21,Jayakwadi,0.0,35.491
2016-08-22,Jayakwadi,0.0,32.843
2016-08-23,Jayakwadi,0.0,30.194
2016-08-24,Jayakwadi,0.0,27.545
2016-08-25,Jayakwadi,0.0,24.897
2016-08-26,Jayakwadi,0.0,22.248
2016-08-27,Jayakwadi,0.0,19.6
2016-08-28,Jayakwadi,0.0,16.951
2016-08-29,Jayakwadi,0.0,14.302
2016-08-30,Jayakwadi,0.0,11.654
2016-08-31,Jayakwadi,0.0,9.005
2016-09-01,Jayakwadi,0.0,6.357
2016-09-02,Jayakwadi,0.0,3.178
2016-09-03,Jayakwadi,0.0,0.706
2016-09-04,Jayakwadi,0.0,0.0
2016-09-05,Jayakwadi,0.0,0.0
2016-09-06,Jayakwadi,0.0,0.0
2016-09-07,Jayakwadi,0.0,0.0
2016-09-08,Jayakwadi,0.0,36.727
2016-09-09,Jayakwadi,0.0,49.441
2016-09-10,Jayakwadi,0.0,61.801
2016-09-11,Jayakwadi,0.0,62.154
2016-09-12,Jayakwadi,0.0,58.975
2016-09-13,Jayakwadi,0.0,56.187
2016-09-14,Jayakwadi,0.0,53.399
2016-09-15,Jayakwadi,0.0,50.611
2016-09-16,Jayakwadi,0.0,47.823
2016-09-17,Jayakwadi,0.0,45.035
2016-09-18,Jayakwadi,0.0,42.247
2016-09-19,Jayakwadi,0.0,39.459
2016-09-20,Jayakwadi,0.0,36.671
2016-09-21,Jayakwadi,0.0,33.883
2016-09-22,Jayakwadi,0.0,31.095
2016-09-23,Jayakwadi,0.0,28.307
2016-09-24,Jayakwadi,418.401,25.519
2016-09-25,Jayakwadi,2022.313,22.731
2016-09-26,Jayakwadi,1150.059,19.943
2016-09-27,Jayakwadi,277.805,17.155
2016-09-28,Jayakwadi,470.667,14.367
2016-09-29,Jayakwadi,415.991,11.579
2016-09-30,Jayakwadi,361.315,8.791
2016-10-01,Jayakwadi,201.819,6.003
2016-10-02,Jayakwadi,554.664,2.825
2016-10-03,Jayakwadi,907.51,0.706
2016-10-04,Jayakwadi,690.472,0.0
2016-10-05,Jayakwadi,195.68,0.0
2016-10-06,Jayakwadi,198.771,0.0
2016-10-07,Jayakwadi,186.592,0.0
2016-10-08,Jayakwadi,206.083,38.493
2016-10-09,Jayakwadi,103.042,49.441
2016-10-10,Jayakwadi,0.0,62.154
2016-10-11,Jayakwadi,47.011,61.801
2016-10-12,Jayakwadi,94.023,58.975
2016-10-13,Jayakwadi,141.034,56.327
2016-10-14,Jayakwadi,96.75,53.678
2016-10-15,Jayakwadi,0.0,51.03
2016-10-16,Jayakwadi,0.0,48.381
2016-10-17,Jayakwadi,0.0,45.732
2016-10-18,Jayakwadi,0.0,43.084
2016-10-19,Jayakwadi,0.0,40.435
2016-10-20,Jayakwadi,0.0,37.787
2016-10-21,Jayakwadi,166.215,35.138
2016-10-22,Jayakwadi,0.0,32.489
2016-10-23,Jayakwadi,0.0,29.841
2016-10-24,Jayakwadi,0.0,27.192
2016-10-25,Jayakwadi,0.0,24.544
2016-10-26,Jayakwadi,0.0,21.895
2016-10-27,Jayakwadi,0.0,19.246
2016-10-28,Jayakwadi,0.0,16.598
2016-10-29,Jayakwadi,0.0,13.949
2016-10-30,Jayakwadi,0.0,11.301
2016-10-31,Jayakwadi,0.0,8.652
2016-11-01,Jayakwadi,0.0,6.003
2016-11-02,Jayakwadi,0.0,2.825
2016-11-03,Jayakwadi,0.0,0.706
2016-11-04,Jayakwadi,0.0,0.0
2016-11-05,Jayakwadi,0.0,0.0
2016-11-06,Jayakwadi,0.0,0.0
2016-11-07,Jayakwadi,0.0,0.0
2016-11-08,Jayakwadi,0.0,40.612
2016-11-09,Jayakwadi,0.0,49.087
2016-11-10,Jayakwadi,0.0,62.86
2016-11-11,Jayakwadi,0.0,61.801
2016-11-12,Jayakwadi,0.0,58.622
2016-11-13,Jayakwadi,0.0,55.853
2016-11-14,Jayakwadi,0.0,53.084
2016-11-15,Jayakwadi,0.0,50.314
2016-11-16,Jayakwadi,0.0,47.545
2016-11-17,Jayakwadi,0.0,44.775
2016-11-18,Jayakwadi,0.0,42.006
2016-11-19,Jayakwadi,0.0,39.236
2016-11-20,Jayakwadi,0.0,36.467
2016-11-21,Jayakwadi,0.0,33.698
2016-11-22,Jayakwadi,0.0,30.928
2016-11-23,Jayakwadi,0.0,28.159
2016-11-24,Jayakwadi,0.0,25.389
2016-11-25,Jayakwadi,0.0,22.62
2016-11-26,Jayakwadi,0.0,19.851
2016-11-27,Jayakwadi,0.0,17.081
2016-11-28,Jayakwadi,0.0,14.312
2016-11-29,Jayakwadi,0.0,11.542
2016-11-30,Jayakwadi,0.0,8.773
2016-12-01,Jayakwadi,0.0,6.003
2016-12-02,Jayakwadi,0.0,2.825
2016-12-03,Jayakwadi,0.0,0.353
2016-12-04,Jayakwadi,0.0,0.0
2016-12-05,Jayakwadi,0.0,0.0
2016-12-06,Jayakwadi,0.0,0.0
2016-12-07,Jayakwadi,0.0,0.0
2016-12-08,Jayakwadi,0.0,43.79
2016-12-09,Jayakwadi,0.0,49.087
2016-12-10,Jayakwadi,0.0,62.86
2016-12-11,Jayakwadi,0.0,61.801
2016-12-12,Jayakwadi,0.0,58.269
2016-12-13,Jayakwadi,0.0,58.004
2016-12-14,Jayakwadi,0.0,57.739
2016-12-15,Jayakwadi,0.0,57.475
2016-12-16,Jayakwadi,0.0,57.21
2016-12-17,Jayakwadi,0.0,56.945
2016-12-18,Jayakwadi,0.0,56.68
2016-12-19,Jayakwadi,0.0,56.415
2016-12-20,Jayakwadi,0.0,56.15
2016-12-21,Jayakwadi,0.0,55.885
2016-12-22,Jayakwadi,0.0,55.621
2016-12-23,Jayakwadi,0.0,55.356
2016-12-24,Jayakwadi,0.0,55.091
2016-12-25,Jayakwadi,0.0,54.826
2016-12-26,Jayakwadi,0.0,54.561
2016-12-27,Jayakwadi,0.0,54.296
2016-12-28,Jayakwadi,0.0,54.031
2016-12-29,Jayakwadi,0.0,53.767
2016-12-30,Jayakwadi,0.0,53.502
2016-12-31,Jayakwadi,0.0,53.237
2017-01-01,Jayakwadi,0.0,52.972
2017-01-02,Jayakwadi,0.0,46.262
2017-01-03,Jayakwadi,0.0,39.552
2017-01-04,Jayakwadi,0.0,31.43
2017-01-05,Jayakwadi,0.0,22.248
2017-01-06,Jayakwadi,0.0,14.479
2017-01-07,Jayakwadi,0.0,14.126
2017-01-08,Jayakwadi,0.0,37.787
2017-01-09,Jayakwadi,0.0,60.035
2017-01-10,Jayakwadi,0.0,76.633
2017-01-11,Jayakwadi,0.0,76.633
2017-01-12,Jayakwadi,0.0,71.336
2017-01-13,Jayakwadi,0.0,70.417
2017-01-14,Jayakwadi,0.0,69.499
2017-01-15,Jayakwadi,0.0,68.581
2017-01-16,Jayakwadi,0.0,67.663
2017-01-17,Jayakwadi,0.0,66.745
2017-01-18,Jayakwadi,0.0,65.827
2017-01-19,Jayakwadi,0.0,64.908
2017-01-20,Jayakwadi,0.0,63.99
2017-01-21,Jayakwadi,0.0,63.072
2017-01-22,Jayakwadi,0.0,62.154
2017-01-23,Jayakwadi,0.0,61.236
2017-01-24,Jayakwadi,0.0,60.317
2017-01-25,Jayakwadi,0.0,59.399
2017-01-26,Jayakwadi,0.0,58.481
2017-01-27,Jayakwadi,0.0,57.563
2017-01-28,Jayakwadi,0.0,56.645
2017-01-29,Jayakwadi,0.0,55.727
2017-01-30,Jayakwadi,0.0,54.808
2017-01-31,Jayakwadi,0.0,53.89
2017-02-01,Jayakwadi,0.0,52.972
2017-02-02,Jayakwadi,0.0,46.262
2017-02-03,Jayakwadi,0.0,39.199
2017-02-04,Jayakwadi,0.0,31.077
2017-02-05,Jayakwadi,0.0,21.895
2017-02-06,Jayakwadi,0.0,14.479
2017-02-07,Jayakwadi,0.0,14.126
2017-02-08,Jayakwadi,0.0,38.846
2017-02-09,Jayakwadi,0.0,61.448
2017-02-10,Jayakwadi,0.0,76.633
2017-02-11,Jayakwadi,0.0,76.633
2017-02-12,Jayakwadi,0.0,70.982
2017-02-13,Jayakwadi,0.0,69.881
2017-02-14,Jayakwadi,0.0,68.781
2017-02-15,Jayakwadi,0.0,67.68
2017-02-16,Jayakwadi,0.0,66.579
2017-02-17,Jayakwadi,0.0,65.478
2017-02-18,Jayakwadi,0.0,64.377
2017-02-19,Jayakwadi,0.0,63.276
2017-02-20,Jayakwadi,0.0,62.175
2017-02-21,Jayakwadi,0.0,61.074
2017-02-22,Jayakwadi,0.0,59.973
2017-02-23,Jayakwadi,0.0,58.872
2017-02-24,Jayakwadi,0.0,57.771
2017-02-25,Jayakwadi,0.0,56.67
2017-02-26,Jayakwadi,0.0,55.569
2017-02-27,Jayakwadi,0.0,54.468
2017-02-28,Jayakwadi,0.0,53.367
2017-03-01,Jayakwadi,0.0,52.266
2017-03-02,Jayakwadi,0.0,45.909
2017-03-03,Jayakwadi,0.0,39.199
2017-03-04,Jayakwadi,0.0,30.724
2017-03-05,Jayakwadi,0.0,21.542
2017-03-06,Jayakwadi,0.0,14.479
2017-03-07,Jayakwadi,0.0,13.773
2017-03-08,Jayakwadi,0.0,39.552
2017-03-09,Jayakwadi,0.0,61.448
2017-03-10,Jayakwadi,0.0,76.633
2017-03-11,Jayakwadi,0.0,76.633
2017-03-12,Jayakwadi,0.0,70.982
2017-03-13,Jayakwadi,0.0,70.047
2017-03-14,Jayakwadi,0.0,69.111
2017-03-15,Jayakwadi,0.0,68.175
2017-03-16,Jayakwadi,0.0,67.239
2017-03-17,Jayakwadi,0.0,66.303
2017-03-18,Jayakwadi,0.0,65.367
2017-03-19,Jayakwadi,0.0,64.432
2017-03-20,Jayakwadi,0.0,63.496
2017-03-21,Jayakwadi,0.0,62.56
2017-03-22,Jayakwadi,0.0,61.624
2017-03-23,Jayakwadi,0.0,60.688
2017-03-24,Jayakwadi,0.0,59.752
2017-03-25,Jayakwadi,0.0,58.817
2017-03-26,Jayakwadi,0.0,57.881
2017-03-27,Jayakwadi,0.0,56.945
2017-03-28,Jayakwadi,0.0,56.009
2017-03-29,Jayakwadi,0.0,55.073
2017-03-30,Jayakwadi,0.0,54.137
2017-03-31,Jayakwadi,0.0,53.202
2017-04-01,Jayakwadi,0.0,52.266
2017-04-02,Jayakwadi,0.0,45.909
2017-04-03,Jayakwadi,0.0,38.846
2017-04-04,Jayakwadi,0.0,30.371
2017-04-05,Jayakwadi,0.0,21.189
2017-04-06,Jayakwadi,0.0,14.126
2017-04-07,Jayakwadi,0.0,13.773
2017-04-08,Jayakwadi,0.0,39.906
2017-04-09,Jayakwadi,0.0,61.801
2017-04-10,Jayakwadi,0.0,76.633
2017-04-11,Jayakwadi,0.0,76.28
2017-04-12,Jayakwadi,0.0,70.629
2017-04-13,Jayakwadi,0.0,66.912
2017-04-14,Jayakwadi,0.0,63.195
2017-04-15,Jayakwadi,0.0,59.477
2017-04-16,Jayakwadi,0.0,55.76
2017-04-17,Jayakwadi,0.0,52.043
2017-04-18,Jayakwadi,0.0,48.325
2017-04-19,Jayakwadi,0.0,44.608
2017-04-20,Jayakwadi,0.0,40.891
2017-04-21,Jayakwadi,0.0,37.173
2017-04-22,Jayakwadi,0.0,33.456
2017-04-23,Jayakwadi,0.0,29.739
2017-04-24,Jayakwadi,0.0,26.021
2017-04-25,Jayakwadi,0.0,22.304
2017-04-26,Jayakwadi,0.0,18.587
2017-04-27,Jayakwadi,0.0,14.869
2017-04-28,Jayakwadi,0.0,11.152
2017-04-29,Jayakwadi,0.0,7.435
2017-04-30,Jayakwadi,0.0,3.717
2017-05-01,Jayakwadi,0.0,0.0
2017-05-02,Jayakwadi,0.0,45.909
2017-05-03,Jayakwadi,0.0,38.493
2017-05-04,Jayakwadi,0.0,30.017
2017-05-05,Jayakwadi,0.0,20.836
2017-05-06,Jayakwadi,0.0,14.126
2017-05-07,Jayakwadi,0.0,13.773
2017-05-08,Jayakwadi,0.0,40.259
2017-05-09,Jayakwadi,0.0,62.154
2017-05-10,Jayakwadi,0.0,0.0
2017-05-11,Jayakwadi,0.0,76.28
2017-05-12,Jayakwadi,0.0,70.276
2017-05-13,Jayakwadi,0.0,69.358
2017-05-14,Jayakwadi,0.0,68.44
2017-05-15,Jayakwadi,0.0,67.522
2017-05-16,Jayakwadi,0.0,66.603
2017-05-17,Jayakwadi,0.0,65.685
2017-05-18,Jayakwadi,0.0,64.767
2017-05-19,Jayakwadi,0.0,63.849
2017-05-20,Jayakwadi,0.0,62.931
2017-05-21,Jayakwadi,0.0,62.013
2017-05-22,Jayakwadi,0.0,61.094
2017-05-23,Jayakwadi,0.0,60.176
2017-05-24,Jayakwadi,0.0,59.258
2017-05-25,Jayakwadi,0.0,58.34
2017-05-26,Jayakwadi,0.0,57.422
2017-05-27,Jayakwadi,0.0,56.503
2017-05-28,Jayakwadi,0.0,55.585
2017-05-29,Jayakwadi,0.0,54.667
2017-05-30,Jayakwadi,0.0,53.749
2017-05-31,Jayakwadi,0.0,52.831
2017-06-01,Jayakwadi,0.0,51.913
2017-06-02,Jayakwadi,0.0,45.556
2017-06-03,Jayakwadi,0.0,38.493
2017-06-04,Jayakwadi,0.0,29.664
2017-06-05,Jayakwadi,0.0,20.483
2017-06-06,Jayakwadi,0.0,14.479
2017-06-07,Jayakwadi,0.0,13.773
2017-06-08,Jayakwadi,0.0,40.612
2017-06-09,Jayakwadi,0.0,62.507
2017-06-10,Jayakwadi,0.0,76.633
2017-06-11,Jayakwadi,0.0,76.28
2017-06-12,Jayakwadi,0.0,70.276
2017-06-13,Jayakwadi,0.0,69.31
2017-06-14,Jayakwadi,0.0,68.343
2017-06-15,Jayakwadi,0.0,67.377
2017-06-16,Jayakwadi,0.0,66.41
2017-06-17,Jayakwadi,0.0,65.444
2017-06-18,Jayakwadi,0.0,64.477
2017-06-19,Jayakwadi,0.0,63.511
2017-06-20,Jayakwadi,0.0,62.544
2017-06-21,Jayakwadi,0.0,61.578
2017-06-22,Jayakwadi,0.0,60.611
2017-06-23,Jayakwadi,0.0,59.645
2017-06-24,Jayakwadi,0.0,58.678
2017-06-25,Jayakwadi,0.0,57.712
2017-06-26,Jayakwadi,0.0,56.745
2017-06-27,Jayakwadi,0.0,55.779
2017-06-28,Jayakwadi,0.0,54.812
2017-06-29,Jayakwadi,0.0,53.846
2017-06-30,Jayakwadi,0.0,52.879
2017-07-01,Jayakwadi,0.0,51.913
2017-07-02,Jayakwadi,0.0,45.556
2017-07-03,Jayakwadi,0.0,38.14
2017-07-04,Jayakwadi,0.0,29.664
2017-07-05,Jayakwadi,0.0,20.129
2017-07-06,Jayakwadi,0.0,14.479
2017-07-07,Jayakwadi,0.0,13.773
2017-07-08,Jayakwadi,0.0,40.612
2017-07-09,Jayakwadi,0.0,62.507
2017-07-10,Jayakwadi,0.0,76.633
2017-07-11,Jayakwadi,0.0,75.927
2017-07-12,Jayakwadi,0.0,69.923
2017-07-13,Jayakwadi,0.0,69.005
2017-07-14,Jayakwadi,0.0,68.087
2017-07-15,Jayakwadi,0.0,67.168
2017-07-16,Jayakwadi,0.0,66.25
2017-07-17,Jayakwadi,0.0,65.332
2017-07-18,Jayakwadi,0.0,64.414
2017-07-19,Jayakwadi,0.0,63.496
2017-07-20,Jayakwadi,0.0,62.578
2017-07-21,Jayakwadi,0.0,61.659
2017-07-22,Jayakwadi,0.0,60.741
2017-07-23,Jayakwadi,0.0,59.823
2017-07-24,Jayakwadi,0.0,58.905
2017-07-25,Jayakwadi,0.0,57.987
2017-07-26,Jayakwadi,0.0,57.069
2017-07-27,Jayakwadi,0.0,56.15
2017-07-28,Jayakwadi,0.0,55.232
2017-07-29,Jayakwadi,0.0,54.314
2017-07-30,Jayakwadi,0.0,53.396
2017-07-31,Jayakwadi,0.0,52.478
2017-08-01,Jayakwadi,0.0,51.559
2017-08-02,Jayakwadi,0.0,45.556
2017-08-03,Jayakwadi,0.0,37.787
2017-08-04,Jayakwadi,0.0,29.311
2017-08-05,Jayakwadi,0.0,19.776
2017-08-06,Jayakwadi,0.0,14.479
2017-08-07,Jayakwadi,0.0,13.42
2017-08-08,Jayakwadi,0.0,40.612
2017-08-09,Jayakwadi,0.0,62.86
2017-08-10,Jayakwadi,0.0,76.633
2017-08-11,Jayakwadi,0.0,75.927
2017-08-12,Jayakwadi,0.0,0.0
2017-08-13,Jayakwadi,0.0,2.578
2017-08-14,Jayakwadi,0.0,5.156
2017-08-15,Jayakwadi,0.0,7.734
2017-08-16,Jayakwadi,0.0,10.312
2017-08-17,Jayakwadi,0.0,12.89
2017-08-18,Jayakwadi,0.0,15.468
2017-08-19,Jayakwadi,0.0,18.046
2017-08-20,Jayakwadi,0.0,20.624
2017-08-21,Jayakwadi,0.0,23.202
2017-08-22,Jayakwadi,0.0,25.78
2017-08-23,Jayakwadi,0.0,28.358
2017-08-24,Jayakwadi,0.0,30.936
2017-08-25,Jayakwadi,0.0,33.514
2017-08-26,Jayakwadi,0.0,36.092
2017-08-27,Jayakwadi,0.0,38.67
2017-08-28,Jayakwadi,0.0,41.248
2017-08-29,Jayakwadi,0.0,43.826
2017-08-30,Jayakwadi,0.0,46.403
2017-08-31,Jayakwadi,0.0,48.981
2017-09-01,Jayakwadi,0.0,51.559
2017-09-02,Jayakwadi,0.0,0.0
2017-09-03,Jayakwadi,0.0,37.787
2017-09-04,Jayakwadi,0.0,28.958
2017-09-05,Jayakwadi,0.0,19.423
2017-09-06,Jayakwadi,0.0,14.479
2017-09-07,Jayakwadi,0.0,13.42
2017-09-08,Jayakwadi,0.0,40.612
2017-09-09,Jayakwadi,0.0,62.86
2017-09-10,Jayakwadi,0.0,76.633
2017-09-11,Jayakwadi,0.0,75.927
2017-09-12,Jayakwadi,0.0,69.923
2017-09-13,Jayakwadi,0.0,68.938
2017-09-14,Jayakwadi,0.0,67.953
2017-09-15,Jayakwadi,0.0,66.968
2017-09-16,Jayakwadi,0.0,65.983
2017-09-17,Jayakwadi,0.0,64.998
2017-09-18,Jayakwadi,0.0,64.012
2017-09-19,Jayakwadi,0.0,63.027
2017-09-20,Jayakwadi,0.0,62.042
2017-09-21,Jayakwadi,0.0,61.057
2017-09-22,Jayakwadi,0.0,60.072
2017-09-23,Jayakwadi,0.0,59.087
2017-09-24,Jayakwadi,0.0,58.102
2017-09-25,Jayakwadi,0.0,57.117
2017-09-26,Jayakwadi,0.0,56.132
2017-09-27,Jayakwadi,0.0,55.147
2017-09-28,Jayakwadi,0.0,54.162
2017-09-29,Jayakwadi,0.0,53.176
2017-09-30,Jayakwadi,0.0,52.191
2017-10-01,Jayakwadi,0.0,51.206
2017-10-02,Jayakwadi,0.0,45.203
2017-10-03,Jayakwadi,0.0,37.434
2017-10-04,Jayakwadi,0.0,28.605
2017-10-05,Jayakwadi,0.0,19.423
2017-10-06,Jayakwadi,0.0,14.479
2017-10-07,Jayakwadi,0.0,13.42
2017-10-08,Jayakwadi,0.0,40.259
2017-10-09,Jayakwadi,0.0,62.86
2017-10-10,Jayakwadi,0.0,76.633
2017-10-11,Jayakwadi,0.0,75.573
2017-10-12,Jayakwadi,0.0,0.0
2017-10-13,Jayakwadi,0.0,2.56
2017-10-14,Jayakwadi,0.0,5.121
2017-10-15,Jayakwadi,0.0,7.681
2017-10-16,Jayakwadi,0.0,10.241
2017-10-17,Jayakwadi,0.0,12.802
2017-10-18,Jayakwadi,0.0,15.362
2017-10-19,Jayakwadi,0.0,17.922
2017-10-20,Jayakwadi,0.0,20.483
2017-10-21,Jayakwadi,0.0,23.043
2017-10-22,Jayakwadi,0.0,25.603
2017-10-23,Jayakwadi,0.0,28.163
2017-10-24,Jayakwadi,0.0,30.724
2017-10-25,Jayakwadi,0.0,33.284
2017-10-26,Jayakwadi,0.0,35.844
2017-10-27,Jayakwadi,0.0,38.405
2017-10-28,Jayakwadi,0.0,40.965
2017-10-29,Jayakwadi,0.0,43.525
2017-10-30,Jayakwadi,0.0,46.086
2017-10-31,Jayakwadi,0.0,48.646
2017-11-01,Jayakwadi,0.0,51.206
2017-11-02,Jayakwadi,0.0,44.85
2017-11-03,Jayakwadi,0.0,37.08
2017-11-04,Jayakwadi,0.0,28.252
2017-11-05,Jayakwadi,0.0,19.07
2017-11-06,Jayakwadi,0.0,14.479
2017-11-07,Jayakwadi,0.0,13.42
2017-11-08,Jayakwadi,0.0,40.259
2017-11-09,Jayakwadi,0.0,62.86
2017-11-10,Jayakwadi,0.0,76.633
2017-11-11,Jayakwadi,0.0,75.573
2017-11-12,Jayakwadi,0.0,0.0
2017-11-13,Jayakwadi,0.0,2.676
2017-11-14,Jayakwadi,0.0,5.353
2017-11-15,Jayakwadi,0.0,8.029
2017-11-16,Jayakwadi,0.0,10.706
2017-11-17,Jayakwadi,0.0,13.382
2017-11-18,Jayakwadi,0.0,16.059
2017-11-19,Jayakwadi,0.0,18.735
2017-11-20,Jayakwadi,0.0,21.412
2017-11-21,Jayakwadi,0.0,24.088
2017-11-22,Jayakwadi,0.0,26.765
2017-11-23,Jayakwadi,0.0,29.441
2017-11-24,Jayakwadi,0.0,32.118
2017-11-25,Jayakwadi,0.0,34.794
2017-11-26,Jayakwadi,0.0,37.471
2017-11-27,Jayakwadi,0.0,40.147
2017-11-28,Jayakwadi,0.0,42.824
2017-11-29,Jayakwadi,0.0,45.5
2017-11-30,Jayakwadi,0.0,48.177
2017-12-01,Jayakwadi,0.0,50.853
2017-12-02,Jayakwadi,0.0,44.496
2017-12-03,Jayakwadi,0.0,36.727
2017-12-04,Jayakwadi,0.0,27.899
2017-12-05,Jayakwadi,0.0,18.717
2017-12-06,Jayakwadi,0.0,14.479
2017-12-07,Jayakwadi,0.0,13.42
2017-12-08,Jayakwadi,0.0,39.906
2017-12-09,Jayakwadi,0.0,63.566
2017-12-10,Jayakwadi,0.0,0.0
2017-12-11,Jayakwadi,0.0,75.573
2017-12-12,Jayakwadi,0.0,68.157
2017-12-13,Jayakwadi,0.0,67.945
2017-12-14,Jayakwadi,0.0,67.734
2017-12-15,Jayakwadi,0.0,67.522
2017-12-16,Jayakwadi,0.0,67.31
2017-12-17,Jayakwadi,0.0,67.098
2017-12-18,Jayakwadi,0.0,66.886
2017-12-19,Jayakwadi,0.0,66.674
2017-12-20,Jayakwadi,0.0,66.462
2017-12-21,Jayakwadi,0.0,66.25
2017-12-22,Jayakwadi,0.0,66.038
2017-12-23,Jayakwadi,0.0,65.827
2017-12-24,Jayakwadi,0.0,65.615
2017-12-25,Jayakwadi,0.0,65.403
2017-12-26,Jayakwadi,0.0,65.191
2017-12-27,Jayakwadi,0.0,64.979
2017-12-28,Jayakwadi,0.0,64.767
2017-12-29,Jayakwadi,0.0,64.555
2017-12-30,Jayakwadi,0.0,64.343
2017-12-31,Jayakwadi,0.0,64.131
2018-01-01,Jayakwadi,0.0,63.92
2018-01-02,Jayakwadi,0.0,57.21
2018-01-03,Jayakwadi,0.0,49.794
2018-01-04,Jayakwadi,0.0,40.259
2018-01-05,Jayakwadi,0.0,30.724
2018-01-06,Jayakwadi,0.0,19.776
2018-01-07,Jayakwadi,0.0,16.245
2018-01-08,Jayakwadi,0.0,24.72
2018-01-09,Jayakwadi,0.0,36.374
2018-01-10,Jayakwadi,0.0,32.843
2018-01-11,Jayakwadi,0.0,22.601
2018-01-12,Jayakwadi,0.0,20.483
2018-01-13,Jayakwadi,0.0,22.637
2018-01-14,Jayakwadi,0.0,24.791
2018-01-15,Jayakwadi,0.0,26.945
2018-01-16,Jayakwadi,0.0,29.099
2018-01-17,Jayakwadi,0.0,31.253
2018-01-18,Jayakwadi,0.0,33.408
2018-01-19,Jayakwadi,0.0,35.562
2018-01-20,Jayakwadi,0.0,37.716
2018-01-21,Jayakwadi,0.0,39.87
2018-01-22,Jayakwadi,0.0,42.024
2018-01-23,Jayakwadi,0.0,44.179
2018-01-24,Jayakwadi,0.0,46.333
2018-01-25,Jayakwadi,0.0,48.487
2018-01-26,Jayakwadi,0.0,50.641
2018-01-27,Jayakwadi,0.0,52.795
2018-01-28,Jayakwadi,0.0,54.95
2018-01-29,Jayakwadi,0.0,57.104
2018-01-30,Jayakwadi,0.0,59.258
2018-01-31,Jayakwadi,0.0,61.412
2018-02-01,Jayakwadi,0.0,63.566
2018-02-02,Jayakwadi,0.0,56.857
2018-02-03,Jayakwadi,0.0,49.441
2018-02-04,Jayakwadi,0.0,40.259
2018-02-05,Jayakwadi,0.0,30.371
2018-02-06,Jayakwadi,0.0,19.776
2018-02-07,Jayakwadi,0.0,15.892
2018-02-08,Jayakwadi,0.0,0.0
2018-02-09,Jayakwadi,0.0,36.374
2018-02-10,Jayakwadi,0.0,32.489
2018-02-11,Jayakwadi,0.0,22.601
2018-02-12,Jayakwadi,0.0,20.483
2018-02-13,Jayakwadi,0.0,22.996
2018-02-14,Jayakwadi,0.0,25.51
2018-02-15,Jayakwadi,0.0,28.023
2018-02-16,Jayakwadi,0.0,30.537
2018-02-17,Jayakwadi,0.0,33.05
2018-02-18,Jayakwadi,0.0,35.564
2018-02-19,Jayakwadi,0.0,38.078
2018-02-20,Jayakwadi,0.0,40.591
2018-02-21,Jayakwadi,0.0,43.105
2018-02-22,Jayakwadi,0.0,45.618
2018-02-23,Jayakwadi,0.0,48.132
2018-02-24,Jayakwadi,0.0,50.645
2018-02-25,Jayakwadi,0.0,53.159
2018-02-26,Jayakwadi,0.0,55.673
2018-02-27,Jayakwadi,0.0,58.186
2018-02-28,Jayakwadi,0.0,60.7
2018-03-01,Jayakwadi,0.0,63.213
2018-03-02,Jayakwadi,0.0,56.857
2018-03-03,Jayakwadi,0.0,49.087
2018-03-04,Jayakwadi,0.0,39.906
2018-03-05,Jayakwadi,0.0,30.017
2018-03-06,Jayakwadi,0.0,19.423
2018-03-07,Jayakwadi,0.0,15.892
2018-03-08,Jayakwadi,0.0,24.367
2018-03-09,Jayakwadi,0.0,36.374
2018-03-10,Jayakwadi,0.0,32.136
2018-03-11,Jayakwadi,0.0,22.601
2018-03-12,Jayakwadi,0.0,20.483
2018-03-13,Jayakwadi,0.0,22.619
2018-03-14,Jayakwadi,0.0,24.756
2018-03-15,Jayakwadi,0.0,26.892
2018-03-16,Jayakwadi,0.0,29.029
2018-03-17,Jayakwadi,0.0,31.165
2018-03-18,Jayakwadi,0.0,33.302
2018-03-19,Jayakwadi,0.0,35.438
2018-03-20,Jayakwadi,0.0,37.575
2018-03-21,Jayakwadi,0.0,39.711
2018-03-22,Jayakwadi,0.0,41.848
2018-03-23,Jayakwadi,0.0,43.984
2018-03-24,Jayakwadi,0.0,46.121
2018-03-25,Jayakwadi,0.0,48.257
2018-03-26,Jayakwadi,0.0,50.394
2018-03-27,Jayakwadi,0.0,52.531
2018-03-28,Jayakwadi,0.0,54.667
2018-03-29,Jayakwadi,0.0,56.804
2018-03-30,Jayakwadi,0.0,58.94
2018-03-31,Jayakwadi,0.0,61.077
2018-04-01,Jayakwadi,0.0,63.213
2018-04-02,Jayakwadi,0.0,56.503
2018-04-03,Jayakwadi,0.0,48.734
2018-04-04,Jayakwadi,0.0,39.552
2018-04-05,Jayakwadi,0.0,29.664
2018-04-06,Jayakwadi,0.0,19.07
2018-04-07,Jayakwadi,0.0,15.538
2018-04-08,Jayakwadi,0.0,24.367
2018-04-09,Jayakwadi,0.0,36.374
2018-04-10,Jayakwadi,0.0,32.136
2018-04-11,Jayakwadi,0.0,22.955
2018-04-12,Jayakwadi,0.0,0.0
2018-04-13,Jayakwadi,0.0,3.308
2018-04-14,Jayakwadi,0.0,6.617
2018-04-15,Jayakwadi,0.0,9.925
2018-04-16,Jayakwadi,0.0,13.234
2018-04-17,Jayakwadi,0.0,16.542
2018-04-18,Jayakwadi,0.0,19.851
2018-04-19,Jayakwadi,0.0,23.159
2018-04-20,Jayakwadi,0.0,26.467
2018-04-21,Jayakwadi,0.0,29.776
2018-04-22,Jayakwadi,0.0,33.084
2018-04-23,Jayakwadi,0.0,36.393
2018-04-24,Jayakwadi,0.0,39.701
2018-04-25,Jayakwadi,0.0,43.01
2018-04-26,Jayakwadi,0.0,46.318
2018-04-27,Jayakwadi,0.0,49.626
2018-04-28,Jayakwadi,0.0,52.935
2018-04-29,Jayakwadi,0.0,56.243
2018-04-30,Jayakwadi,0.0,59.552
2018-05-01,Jayakwadi,0.0,62.86
2018-05-02,Jayakwadi,0.0,56.15
2018-05-03,Jayakwadi,0.0,48.381
2018-05-04,Jayakwadi,0.0,0.0
2018-05-05,Jayakwadi,0.0,29.311
2018-05-06,Jayakwadi,0.0,18.717
2018-05-07,Jayakwadi,0.0,15.538
2018-05-08,Jayakwadi,0.0,24.367
2018-05-09,Jayakwadi,0.0,36.374
2018-05-10,Jayakwadi,0.0,32.136
2018-05-11,Jayakwadi,0.0,24.367
2018-05-12,Jayakwadi,0.0,20.483
2018-05-13,Jayakwadi,0.0,22.601
2018-05-14,Jayakwadi,0.0,24.72
2018-05-15,Jayakwadi,0.0,26.839
2018-05-16,Jayakwadi,0.0,28.958
2018-05-17,Jayakwadi,0.0,31.077
2018-05-18,Jayakwadi,0.0,33.196
2018-05-19,Jayakwadi,0.0,35.315
2018-05-20,Jayakwadi,0.0,37.434
2018-05-21,Jayakwadi,0.0,39.552
2018-05-22,Jayakwadi,0.0,41.671
2018-05-23,Jayakwadi,0.0,43.79
2018-05-24,Jayakwadi,0.0,45.909
2018-05-25,Jayakwadi,0.0,48.028
2018-05-26,Jayakwadi,0.0,50.147
2018-05-27,Jayakwadi,0.0,52.266
2018-05-28,Jayakwadi,0.0,54.385
2018-05-29,Jayakwadi,0.0,56.503
2018-05-30,Jayakwadi,0.0,58.622
2018-05-31,Jayakwadi,0.0,60.741
2018-06-01,Jayakwadi,0.0,62.86
2018-06-02,Jayakwadi,0.0,55.797
2018-06-03,Jayakwadi,0.0,48.028
2018-06-04,Jayakwadi,0.0,39.199
2018-06-05,Jayakwadi,0.0,28.958
2018-06-06,Jayakwadi,0.0,18.364
2018-06-07,Jayakwadi,0.0,15.185
2018-06-08,Jayakwadi,0.0,24.014
2018-06-09,Jayakwadi,0.0,0.0
2018-06-10,Jayakwadi,0.0,0.0
2018-06-11,Jayakwadi,0.0,25.073
2018-06-12,Jayakwadi,0.0,0.0
2018-06-13,Jayakwadi,0.0,3.308
2018-06-14,Jayakwadi,0.0,6.617
2018-06-15,Jayakwadi,0.0,9.925
2018-06-16,Jayakwadi,0.0,13.234
2018-06-17,Jayakwadi,0.0,16.542
2018-06-18,Jayakwadi,0.0,19.851
2018-06-19,Jayakwadi,0.0,23.159
2018-06-20,Jayakwadi,0.0,26.467
2018-06-21,Jayakwadi,0.0,29.776
2018-06-22,Jayakwadi,0.0,33.084
2018-06-23,Jayakwadi,0.0,36.393
2018-06-24,Jayakwadi,0.0,39.701
2018-06-25,Jayakwadi,0.0,43.01
2018-06-26,Jayakwadi,0.0,46.318
2018-06-27,Jayakwadi,0.0,49.626
2018-06-28,Jayakwadi,0.0,52.935
2018-06-29,Jayakwadi,0.0,56.243
2018-06-30,Jayakwadi,0.0,59.552
2018-07-01,Jayakwadi,0.0,62.86
2018-07-02,Jayakwadi,0.0,55.797
2018-07-03,Jayakwadi,0.0,48.028
2018-07-04,Jayakwadi,0.0,38.846
2018-07-05,Jayakwadi,0.0,28.605
2018-07-06,Jayakwadi,0.0,18.364
2018-07-07,Jayakwadi,0.0,15.185
2018-07-08,Jayakwadi,0.0,23.661
2018-07-09,Jayakwadi,0.0,36.021
2018-07-10,Jayakwadi,0.0,31.077
2018-07-11,Jayakwadi,0.0,25.073
2018-07-12,Jayakwadi,0.0,19.776
2018-07-13,Jayakwadi,0.0,21.913
2018-07-14,Jayakwadi,0.0,24.049
2018-07-15,Jayakwadi,0.0,26.186
2018-07-16,Jayakwadi,0.0,28.322
2018-07-17,Jayakwadi,0.0,30.459
2018-07-18,Jayakwadi,0.0,32.595
2018-07-19,Jayakwadi,0.0,34.732
2018-07-20,Jayakwadi,0.0,36.869
2018-07-21,Jayakwadi,0.0,39.005
2018-07-22,Jayakwadi,0.0,41.142
2018-07-23,Jayakwadi,0.0,43.278
2018-07-24,Jayakwadi,0.0,45.415
2018-07-25,Jayakwadi,0.0,47.551
2018-07-26,Jayakwadi,0.0,49.688
2018-07-27,Jayakwadi,0.0,51.824
2018-07-28,Jayakwadi,0.0,53.961
2018-07-29,Jayakwadi,0.0,56.097
2018-07-30,Jayakwadi,0.0,58.234
2018-07-31,Jayakwadi,0.0,60.37
2018-08-01,Jayakwadi,0.0,62.507
2018-08-02,Jayakwadi,0.0,55.444
2018-08-03,Jayakwadi,0.0,47.675
2018-08-04,Jayakwadi,0.0,38.493
2018-08-05,Jayakwadi,0.0,28.252
2018-08-06,Jayakwadi,0.0,18.01
2018-08-07,Jayakwadi,0.0,15.185
2018-08-08,Jayakwadi,0.0,23.661
2018-08-09,Jayakwadi,0.0,36.021
2018-08-10,Jayakwadi,0.0,30.724
2018-08-11,Jayakwadi,0.0,25.073
2018-08-12,Jayakwadi,0.0,19.776
2018-08-13,Jayakwadi,0.0,21.913
2018-08-14,Jayakwadi,0.0,24.049
2018-08-15,Jayakwadi,0.0,26.186
2018-08-16,Jayakwadi,0.0,28.322
2018-08-17,Jayakwadi,0.0,30.459
2018-08-18,Jayakwadi,0.0,32.595
2018-08-19,Jayakwadi,0.0,34.732
2018-08-20,Jayakwadi,0.0,36.869
2018-08-21,Jayakwadi,0.0,39.005
2018-08-22,Jayakwadi,0.0,41.142
2018-08-23,Jayakwadi,0.0,43.278
2018-08-24,Jayakwadi,0.0,45.415
2018-08-25,Jayakwadi,0.0,47.551
2018-08-26,Jayakwadi,0.0,49.688
2018-08-27,Jayakwadi,0.0,51.824
2018-08-28,Jayakwadi,0.0,53.961
2018-08-29,Jayakwadi,0.0,56.097
2018-08-30,Jayakwadi,0.0,58.234
2018-08-31,Jayakwadi,0.0,60.37
2018-09-01,Jayakwadi,0.0,62.507
2018-09-02,Jayakwadi,0.0,55.091
2018-09-03,Jayakwadi,0.0,47.322
2018-09-04,Jayakwadi,0.0,38.14
2018-09-05,Jayakwadi,0.0,27.899
2018-09-06,Jayakwadi,0.0,18.01
2018-09-07,Jayakwadi,0.0,14.832
2018-09-08,Jayakwadi,0.0,23.308
2018-09-09,Jayakwadi,0.0,36.021
2018-09-10,Jayakwadi,0.0,30.371
2018-09-11,Jayakwadi,0.0,24.72
2018-09-12,Jayakwadi,0.0,19.423
2018-09-13,Jayakwadi,0.0,21.691
2018-09-14,Jayakwadi,0.0,23.958
2018-09-15,Jayakwadi,0.0,26.226
2018-09-16,Jayakwadi,0.0,28.493
2018-09-17,Jayakwadi,0.0,30.761
2018-09-18,Jayakwadi,0.0,33.029
2018-09-19,Jayakwadi,0.0,35.296
2018-09-20,Jayakwadi,0.0,37.564
2018-09-21,Jayakwadi,0.0,39.831
2018-09-22,Jayakwadi,0.0,42.099
2018-09-23,Jayakwadi,0.0,44.366
2018-09-24,Jayakwadi,0.0,46.634
2018-09-25,Jayakwadi,0.0,48.902
2018-09-26,Jayakwadi,0.0,51.169
2018-09-27,Jayakwadi,0.0,53.437
2018-09-28,Jayakwadi,0.0,55.704
2018-09-29,Jayakwadi,0.0,57.972
2018-09-30,Jayakwadi,0.0,60.239
2018-10-01,Jayakwadi,0.0,62.507
2018-10-02,Jayakwadi,0.0,54.738
2018-10-03,Jayakwadi,0.0,46.969
2018-10-04,Jayakwadi,0.0,37.787
2018-10-05,Jayakwadi,0.0,0.0
2018-10-06,Jayakwadi,0.0,18.01
2018-10-07,Jayakwadi,0.0,14.832
2018-10-08,Jayakwadi,0.0,0.0
2018-10-09,Jayakwadi,0.0,35.668
2018-10-10,Jayakwadi,0.0,30.017
2018-10-11,Jayakwadi,0.0,24.367
2018-10-12,Jayakwadi,0.0,19.423
2018-10-13,Jayakwadi,0.0,21.56
2018-10-14,Jayakwadi,0.0,23.696
2018-10-15,Jayakwadi,0.0,25.833
2018-10-16,Jayakwadi,0.0,27.969
2018-10-17,Jayakwadi,0.0,30.106
2018-10-18,Jayakwadi,0.0,32.242
2018-10-19,Jayakwadi,0.0,34.379
2018-10-20,Jayakwadi,0.0,36.515
2018-10-21,Jayakwadi,0.0,38.652
2018-10-22,Jayakwadi,0.0,40.788
2018-10-23,Jayakwadi,0.0,42.925
2018-10-24,Jayakwadi,0.0,45.062
2018-10-25,Jayakwadi,0.0,47.198
2018-10-26,Jayakwadi,0.0,49.335
2018-10-27,Jayakwadi,0.0,51.471
2018-10-28,Jayakwadi,0.0,53.608
2018-10-29,Jayakwadi,0.0,55.744
2018-10-30,Jayakwadi,0.0,57.881
2018-10-31,Jayakwadi,0.0,60.017
2018-11-01,Jayakwadi,0.0,62.154
2018-11-02,Jayakwadi,0.0,54.738
2018-11-03,Jayakwadi,0.0,46.615
2018-11-04,Jayakwadi,0.0,37.787
2018-11-05,Jayakwadi,0.0,27.192
2018-11-06,Jayakwadi,0.0,18.01
2018-11-07,Jayakwadi,0.0,14.832
2018-11-08,Jayakwadi,0.0,0.0
2018-11-09,Jayakwadi,0.0,35.668
2018-11-10,Jayakwadi,0.0,29.664
2018-11-11,Jayakwadi,0.0,24.367
2018-11-12,Jayakwadi,0.0,19.423
2018-11-13,Jayakwadi,0.0,21.672
2018-11-14,Jayakwadi,0.0,23.921
2018-11-15,Jayakwadi,0.0,26.17
2018-11-16,Jayakwadi,0.0,28.419
2018-11-17,Jayakwadi,0.0,30.668
2018-11-18,Jayakwadi,0.0,32.917
2018-11-19,Jayakwadi,0.0,35.166
2018-11-20,Jayakwadi,0.0,37.415
2018-11-21,Jayakwadi,0.0,39.664
2018-11-22,Jayakwadi,0.0,41.913
2018-11-23,Jayakwadi,0.0,44.162
2018-11-24,Jayakwadi,0.0,46.411
2018-11-25,Jayakwadi,0.0,48.66
2018-11-26,Jayakwadi,0.0,50.909
2018-11-27,Jayakwadi,0.0,53.158
2018-11-28,Jayakwadi,0.0,55.407
2018-11-29,Jayakwadi,0.0,57.656
2018-11-30,Jayakwadi,0.0,59.905
2018-12-01,Jayakwadi,0.0,62.154
2018-12-02,Jayakwadi,0.0,54.385
2018-12-03,Jayakwadi,0.0,46.615
2018-12-04,Jayakwadi,0.0,0.0
2018-12-05,Jayakwadi,0.0,26.839
2018-12-06,Jayakwadi,0.0,18.01
2018-12-07,Jayakwadi,0.0,0.0
2018-12-08,Jayakwadi,0.0,22.248
2018-12-09,Jayakwadi,0.0,35.668
2018-12-10,Jayakwadi,0.0,29.311
2018-12-11,Jayakwadi,0.0,24.014
2018-12-12,Jayakwadi,0.0,19.07
2018-12-13,Jayakwadi,0.0,18.116
2018-12-14,Jayakwadi,0.0,17.163
2018-12-15,Jayakwadi,0.0,16.209
2018-12-16,Jayakwadi,0.0,15.256
2018-12-17,Jayakwadi,0.0,14.302
2018-12-18,Jayakwadi,0.0,13.349
2018-12-19,Jayakwadi,0.0,12.395
2018-12-20,Jayakwadi,0.0,11.442
2018-12-21,Jayakwadi,0.0,10.488
2018-12-22,Jayakwadi,0.0,9.535
2018-12-23,Jayakwadi,0.0,8.581
2018-12-24,Jayakwadi,0.0,7.628
2018-12-25,Jayakwadi,0.0,6.674
2018-12-26,Jayakwadi,0.0,5.721
2018-12-27,Jayakwadi,0.0,4.767
2018-12-28,Jayakwadi,0.0,3.814
2018-12-29,Jayakwadi,0.0,2.86
2018-12-30,Jayakwadi,0.0,1.907
2018-12-31,Jayakwadi,0.0,0.953
2019-01-01,Jayakwadi,0.0,0.0
2019-01-02,Jayakwadi,0.0,12.36
2019-01-03,Jayakwadi,0.0,3.885
2019-01-04,Jayakwadi,0.0,0.0
2019-01-05,Jayakwadi,0.0,0.0
2019-01-06,Jayakwadi,0.0,0.0
2019-01-07,Jayakwadi,0.0,0.0
2019-01-08,Jayakwadi,0.0,2.119
2019-01-09,Jayakwadi,0.0,65.685
2019-01-10,Jayakwadi,0.0,76.633
2019-01-11,Jayakwadi,0.0,76.633
2019-01-12,Jayakwadi,0.0,76.633
2019-01-13,Jayakwadi,0.0,73.613
2019-01-14,Jayakwadi,0.0,70.594
2019-01-15,Jayakwadi,0.0,67.575
2019-01-16,Jayakwadi,0.0,64.555
2019-01-17,Jayakwadi,0.0,61.536
2019-01-18,Jayakwadi,0.0,58.516
2019-01-19,Jayakwadi,0.0,55.497
2019-01-20,Jayakwadi,0.0,52.478
2019-01-21,Jayakwadi,0.0,49.458
2019-01-22,Jayakwadi,0.0,46.439
2019-01-23,Jayakwadi,0.0,43.419
2019-01-24,Jayakwadi,0.0,40.4
2019-01-25,Jayakwadi,0.0,37.381
2019-01-26,Jayakwadi,0.0,34.361
2019-01-27,Jayakwadi,0.0,31.342
2019-01-28,Jayakwadi,0.0,28.322
2019-01-29,Jayakwadi,0.0,25.303
2019-01-30,Jayakwadi,0.0,22.284
2019-01-31,Jayakwadi,0.0,19.264
2019-02-01,Jayakwadi,0.0,16.245
2019-02-02,Jayakwadi,0.0,12.007
2019-02-03,Jayakwadi,0.0,3.531
2019-02-04,Jayakwadi,0.0,0.0
2019-02-05,Jayakwadi,0.0,0.0
2019-02-06,Jayakwadi,0.0,0.0
2019-02-07,Jayakwadi,0.0,0.0
2019-02-08,Jayakwadi,0.0,5.65
2019-02-09,Jayakwadi,0.0,65.685
2019-02-10,Jayakwadi,0.0,76.633
2019-02-11,Jayakwadi,0.0,76.633
2019-02-12,Jayakwadi,0.0,76.633
2019-02-13,Jayakwadi,0.0,72.125
2019-02-14,Jayakwadi,0.0,67.617
2019-02-15,Jayakwadi,0.0,63.109
2019-02-16,Jayakwadi,0.0,58.602
2019-02-17,Jayakwadi,0.0,54.094
2019-02-18,Jayakwadi,0.0,49.586
2019-02-19,Jayakwadi,0.0,45.078
2019-02-20,Jayakwadi,0.0,40.57
2019-02-21,Jayakwadi,0.0,36.063
2019-02-22,Jayakwadi,0.0,31.555
2019-02-23,Jayakwadi,0.0,27.047
2019-02-24,Jayakwadi,0.0,22.539
2019-02-25,Jayakwadi,0.0,18.031
2019-02-26,Jayakwadi,0.0,13.523
2019-02-27,Jayakwadi,0.0,9.016
2019-02-28,Jayakwadi,0.0,4.508
2019-03-01,Jayakwadi,0.0,0.0
2019-03-02,Jayakwadi,0.0,11.654
2019-03-03,Jayakwadi,0.0,3.531
2019-03-04,Jayakwadi,0.0,0.0
2019-03-05,Jayakwadi,0.0,0.0
2019-03-06,Jayakwadi,0.0,0.0
2019-03-07,Jayakwadi,0.0,0.0
2019-03-08,Jayakwadi,0.0,7.416
2019-03-09,Jayakwadi,0.0,65.685
2019-03-10,Jayakwadi,0.0,76.633
2019-03-11,Jayakwadi,0.0,76.633
2019-03-12,Jayakwadi,0.0,76.633
2019-03-13,Jayakwadi,0.0,72.801
2019-03-14,Jayakwadi,0.0,68.97
2019-03-15,Jayakwadi,0.0,65.138
2019-03-16,Jayakwadi,0.0,61.306
2019-03-17,Jayakwadi,0.0,57.475
2019-03-18,Jayakwadi,0.0,53.643
2019-03-19,Jayakwadi,0.0,49.811
2019-03-20,Jayakwadi,0.0,45.98
2019-03-21,Jayakwadi,0.0,42.148
2019-03-22,Jayakwadi,0.0,38.316
2019-03-23,Jayakwadi,0.0,34.485
2019-03-24,Jayakwadi,0.0,30.653
2019-03-25,Jayakwadi,0.0,26.821
2019-03-26,Jayakwadi,0.0,22.99
2019-03-27,Jayakwadi,0.0,19.158
2019-03-28,Jayakwadi,0.0,15.327
2019-03-29,Jayakwadi,0.0,11.495
2019-03-30,Jayakwadi,0.0,7.663
2019-03-31,Jayakwadi,0.0,3.832
2019-04-01,Jayakwadi,0.0,0.0
2019-04-02,Jayakwadi,0.0,11.301
2019-04-03,Jayakwadi,0.0,3.178
2019-04-04,Jayakwadi,0.0,0.0
2019-04-05,Jayakwadi,0.0,0.0
2019-04-06,Jayakwadi,0.0,0.0
2019-04-07,Jayakwadi,0.0,0.0
2019-04-08,Jayakwadi,0.0,10.948
2019-04-09,Jayakwadi,0.0,65.685
2019-04-10,Jayakwadi,0.0,76.633
2019-04-11,Jayakwadi,0.0,76.633
2019-04-12,Jayakwadi,0.0,76.633
2019-04-13,Jayakwadi,0.0,72.6
2019-04-14,Jayakwadi,0.0,68.566
2019-04-15,Jayakwadi,0.0,64.533
2019-04-16,Jayakwadi,0.0,60.5
2019-04-17,Jayakwadi,0.0,56.466
2019-04-18,Jayakwadi,0.0,52.433
2019-04-19,Jayakwadi,0.0,48.4
2019-04-20,Jayakwadi,0.0,44.366
2019-04-21,Jayakwadi,0.0,40.333
2019-04-22,Jayakwadi,0.0,36.3
2019-04-23,Jayakwadi,0.0,32.266
2019-04-24,Jayakwadi,0.0,28.233
2019-04-25,Jayakwadi,0.0,24.2
2019-04-26,Jayakwadi,0.0,20.167
2019-04-27,Jayakwadi,0.0,16.133
2019-04-28,Jayakwadi,0.0,12.1
2019-04-29,Jayakwadi,0.0,8.067
2019-04-30,Jayakwadi,0.0,4.033
2019-05-01,Jayakwadi,0.0,0.0
2019-05-02,Jayakwadi,0.0,10.948
2019-05-03,Jayakwadi,0.0,2.825
2019-05-04,Jayakwadi,0.0,0.0
2019-05-05,Jayakwadi,0.0,0.0
2019-05-06,Jayakwadi,0.0,0.0
2019-05-07,Jayakwadi,0.0,0.0
2019-05-08,Jayakwadi,0.0,15.892
2019-05-09,Jayakwadi,0.0,65.685
2019-05-10,Jayakwadi,0.0,76.633
2019-05-11,Jayakwadi,0.0,76.633
2019-05-12,Jayakwadi,0.0,76.633
2019-05-13,Jayakwadi,0.0,72.801
2019-05-14,Jayakwadi,0.0,68.97
2019-05-15,Jayakwadi,0.0,65.138
2019-05-16,Jayakwadi,0.0,61.306
2019-05-17,Jayakwadi,0.0,57.475
2019-05-18,Jayakwadi,0.0,53.643
2019-05-19,Jayakwadi,0.0,49.811
2019-05-20,Jayakwadi,0.0,45.98
2019-05-21,Jayakwadi,0.0,42.148
2019-05-22,Jayakwadi,0.0,38.316
2019-05-23,Jayakwadi,0.0,34.485
2019-05-24,Jayakwadi,0.0,30.653
2019-05-25,Jayakwadi,0.0,26.821
2019-05-26,Jayakwadi,0.0,22.99
2019-05-27,Jayakwadi,0.0,19.158
2019-05-28,Jayakwadi,0.0,15.327
2019-05-29,Jayakwadi,0.0,11.495
2019-05-30,Jayakwadi,0.0,7.663
2019-05-31,Jayakwadi,0.0,3.832
2019-06-01,Jayakwadi,0.0,0.0
2019-06-02,Jayakwadi,0.0,10.948
2019-06-03,Jayakwadi,0.0,2.825
2019-06-04,Jayakwadi,0.0,0.0
2019-06-05,Jayakwadi,0.0,0.0
2019-06-06,Jayakwadi,0.0,0.0
2019-06-07,Jayakwadi,0.0,0.0
2019-06-08,Jayakwadi,0.0,25.78
2019-06-09,Jayakwadi,0.0,65.685
2019-06-10,Jayakwadi,0.0,76.633
2019-06-11,Jayakwadi,0.0,76.633
2019-06-12,Jayakwadi,0.0,76.633
2019-06-13,Jayakwadi,0.0,73.38
2019-06-14,Jayakwadi,0.0,70.127
2019-06-15,Jayakwadi,0.0,66.875
2019-06-16,Jayakwadi,0.0,63.622
2019-06-17,Jayakwadi,0.0,60.369
2019-06-18,Jayakwadi,0.0,57.117
2019-06-19,Jayakwadi,0.0,53.864
2019-06-20,Jayakwadi,0.0,50.611
2019-06-21,Jayakwadi,0.0,47.359
2019-06-22,Jayakwadi,0.0,44.106
2019-06-23,Jayakwadi,0.0,40.853
2019-06-24,Jayakwadi,0.0,37.601
2019-06-25,Jayakwadi,0.0,34.348
2019-06-26,Jayakwadi,0.0,31.095
2019-06-27,Jayakwadi,0.0,27.843
2019-06-28,Jayakwadi,0.0,24.59
2019-06-29,Jayakwadi,0.0,21.337
2019-06-30,Jayakwadi,0.0,18.085
2019-07-01,Jayakwadi,0.0,14.832
2019-07-02,Jayakwadi,0.0,10.594
2019-07-03,Jayakwadi,0.0,2.472
2019-07-04,Jayakwadi,0.0,0.0
2019-07-05,Jayakwadi,0.0,0.0
2019-07-06,Jayakwadi,0.0,0.0
2019-07-07,Jayakwadi,0.0,0.0
2019-07-08,Jayakwadi,0.0,41.671
2019-07-09,Jayakwadi,0.0,66.038
2019-07-10,Jayakwadi,0.0,76.633
2019-07-11,Jayakwadi,0.0,76.633
2019-07-12,Jayakwadi,0.0,76.633
2019-07-13,Jayakwadi,0.0,72.801
2019-07-14,Jayakwadi,0.0,68.97
2019-07-15,Jayakwadi,0.0,65.138
2019-07-16,Jayakwadi,0.0,61.306
2019-07-17,Jayakwadi,0.0,57.475
2019-07-18,Jayakwadi,0.0,53.643
2019-07-19,Jayakwadi,0.0,49.811
2019-07-20,Jayakwadi,0.0,45.98
2019-07-21,Jayakwadi,0.0,42.148
2019-07-22,Jayakwadi,0.0,38.316
2019-07-23,Jayakwadi,0.0,34.485
2019-07-24,Jayakwadi,0.0,30.653
2019-07-25,Jayakwadi,0.0,26.821
2019-07-26,Jayakwadi,0.0,22.99
2019-07-27,Jayakwadi,0.0,19.158
2019-07-28,Jayakwadi,0.0,15.327
2019-07-29,Jayakwadi,0.0,11.495
2019-07-30,Jayakwadi,0.0,7.663
2019-07-31,Jayakwadi,0.0,3.832
2019-08-01,Jayakwadi,0.0,0.0
2019-08-02,Jayakwadi,0.0,10.241
2019-08-03,Jayakwadi,0.0,2.472
2019-08-04,Jayakwadi,0.0,0.0
2019-08-05,Jayakwadi,0.0,0.0
2019-08-06,Jayakwadi,0.0,0.0
2019-08-07,Jayakwadi,0.0,0.0
2019-08-08,Jayakwadi,0.0,50.147
2019-08-09,Jayakwadi,0.0,66.038
2019-08-10,Jayakwadi,0.0,76.633
2019-08-11,Jayakwadi,0.0,76.633
2019-08-12,Jayakwadi,0.0,76.633
2019-08-13,Jayakwadi,0.0,73.543
2019-08-14,Jayakwadi,0.0,70.453
2019-08-15,Jayakwadi,0.0,67.363
2019-08-16,Jayakwadi,0.0,64.273
2019-08-17,Jayakwadi,0.0,61.183
2019-08-18,Jayakwadi,0.0,58.093
2019-08-19,Jayakwadi,0.0,55.003
2019-08-20,Jayakwadi,0.0,51.913
2019-08-21,Jayakwadi,0.0,48.823
2019-08-22,Jayakwadi,0.0,45.732
2019-08-23,Jayakwadi,0.0,42.642
2019-08-24,Jayakwadi,0.0,39.552
2019-08-25,Jayakwadi,0.0,36.462
2019-08-26,Jayakwadi,0.0,33.372
2019-08-27,Jayakwadi,0.0,30.282
2019-08-28,Jayakwadi,0.0,27.192
2019-08-29,Jayakwadi,0.0,24.102
2019-08-30,Jayakwadi,0.0,21.012
2019-08-31,Jayakwadi,0.0,17.922
2019-09-01,Jayakwadi,0.0,14.832
2019-09-02,Jayakwadi,0.0,9.888
2019-09-03,Jayakwadi,0.0,2.119
2019-09-04,Jayakwadi,0.0,0.0
2019-09-05,Jayakwadi,0.0,0.0
2019-09-06,Jayakwadi,0.0,0.0
2019-09-07,Jayakwadi,0.0,0.0
2019-09-08,Jayakwadi,0.0,52.972
2019-09-09,Jayakwadi,0.0,66.745
2019-09-10,Jayakwadi,0.0,76.633
2019-09-11,Jayakwadi,0.0,76.633
2019-09-12,Jayakwadi,0.0,76.633
2019-09-13,Jayakwadi,0.0,73.38
2019-09-14,Jayakwadi,0.0,70.127
2019-09-15,Jayakwadi,0.0,66.875
2019-09-16,Jayakwadi,0.0,63.622
2019-09-17,Jayakwadi,0.0,60.369
2019-09-18,Jayakwadi,0.0,57.117
2019-09-19,Jayakwadi,0.0,53.864
2019-09-20,Jayakwadi,0.0,50.611
2019-09-21,Jayakwadi,0.0,47.359
2019-09-22,Jayakwadi,0.0,44.106
2019-09-23,Jayakwadi,0.0,40.853
2019-09-24,Jayakwadi,0.0,37.601
2019-09-25,Jayakwadi,0.0,34.348
2019-09-26,Jayakwadi,0.0,31.095
2019-09-27,Jayakwadi,0.0,27.843
2019-09-28,Jayakwadi,0.0,24.59
2019-09-29,Jayakwadi,0.0,21.337
2019-09-30,Jayakwadi,0.0,18.085
2019-10-01,Jayakwadi,0.0,14.832
2019-10-02,Jayakwadi,0.0,9.535
2019-10-03,Jayakwadi,0.0,1.766
2019-10-04,Jayakwadi,0.0,0.0
2019-10-05,Jayakwadi,0.0,0.0
2019-10-06,Jayakwadi,0.0,0.0
2019-10-07,Jayakwadi,0.0,0.0
2019-10-08,Jayakwadi,0.0,57.21
2019-10-09,Jayakwadi,0.0,67.451
2019-10-10,Jayakwadi,0.0,76.633
2019-10-11,Jayakwadi,0.0,76.633
2019-10-12,Jayakwadi,0.0,76.633
2019-10-13,Jayakwadi,0.0,73.543
2019-10-14,Jayakwadi,0.0,70.453
2019-10-15,Jayakwadi,0.0,67.363
2019-10-16,Jayakwadi,0.0,64.273
2019-10-17,Jayakwadi,0.0,61.183
2019-10-18,Jayakwadi,0.0,58.093
2019-10-19,Jayakwadi,0.0,55.003
2019-10-20,Jayakwadi,0.0,51.913
2019-10-21,Jayakwadi,0.0,48.823
2019-10-22,Jayakwadi,0.0,45.732
2019-10-23,Jayakwadi,0.0,42.642
2019-10-24,Jayakwadi,0.0,39.552
2019-10-25,Jayakwadi,0.0,36.462
2019-10-26,Jayakwadi,0.0,33.372
2019-10-27,Jayakwadi,0.0,30.282
2019-10-28,Jayakwadi,0.0,27.192
2019-10-29,Jayakwadi,0.0,24.102
2019-10-30,Jayakwadi,0.0,21.012
2019-10-31,Jayakwadi,0.0,17.922
2019-11-01,Jayakwadi,0.0,14.832
2019-11-02,Jayakwadi,0.0,9.182
2019-11-03,Jayakwadi,0.0,1.766
2019-11-04,Jayakwadi,0.0,0.0
2019-11-05,Jayakwadi,0.0,0.0
2019-11-06,Jayakwadi,0.0,0.0
2019-11-07,Jayakwadi,0.0,0.0
2019-11-08,Jayakwadi,0.0,61.094
2019-11-09,Jayakwadi,0.0,69.217
2019-11-10,Jayakwadi,0.0,76.633
2019-11-11,Jayakwadi,0.0,76.633
2019-11-12,Jayakwadi,0.0,76.633
2019-11-13,Jayakwadi,0.0,73.362
2019-11-14,Jayakwadi,0.0,70.09
2019-11-15,Jayakwadi,0.0,66.819
2019-11-16,Jayakwadi,0.0,63.548
2019-11-17,Jayakwadi,0.0,60.277
2019-11-18,Jayakwadi,0.0,57.005
2019-11-19,Jayakwadi,0.0,53.734
2019-11-20,Jayakwadi,0.0,50.463
2019-11-21,Jayakwadi,0.0,47.192
2019-11-22,Jayakwadi,0.0,43.92
2019-11-23,Jayakwadi,0.0,40.649
2019-11-24,Jayakwadi,0.0,37.378
2019-11-25,Jayakwadi,0.0,34.107
2019-11-26,Jayakwadi,0.0,30.835
2019-11-27,Jayakwadi,0.0,27.564
2019-11-28,Jayakwadi,0.0,24.293
2019-11-29,Jayakwadi,0.0,21.022
2019-11-30,Jayakwadi,0.0,17.75
2019-12-01,Jayakwadi,0.0,14.479
2019-12-02,Jayakwadi,0.0,8.829
2019-12-03,Jayakwadi,0.0,1.413
2019-12-04,Jayakwadi,0.0,0.0
2019-12-05,Jayakwadi,0.0,0.0
2019-12-06,Jayakwadi,0.0,0.0
2019-12-07,Jayakwadi,0.0,0.0
2019-12-08,Jayakwadi,0.0,66.392
2019-12-09,Jayakwadi,0.0,71.689
2019-12-10,Jayakwadi,0.0,76.633
2019-12-11,Jayakwadi,0.0,76.633
2019-12-12,Jayakwadi,0.0,76.633
2019-12-13,Jayakwadi,0.0,76.403
2019-12-14,Jayakwadi,0.0,76.174
2019-12-15,Jayakwadi,0.0,75.944
2019-12-16,Jayakwadi,0.0,75.715
2019-12-17,Jayakwadi,0.0,75.485
2019-12-18,Jayakwadi,0.0,75.256
2019-12-19,Jayakwadi,0.0,75.026
2019-12-20,Jayakwadi,0.0,74.796
2019-12-21,Jayakwadi,0.0,74.567
2019-12-22,Jayakwadi,0.0,74.337
2019-12-23,Jayakwadi,0.0,74.108
2019-12-24,Jayakwadi,0.0,73.878
2019-12-25,Jayakwadi,0.0,73.649
2019-12-26,Jayakwadi,0.0,73.419
2019-12-27,Jayakwadi,0.0,73.19
2019-12-28,Jayakwadi,0.0,72.96
2019-12-29,Jayakwadi,0.0,72.731
2019-12-30,Jayakwadi,0.0,72.501
2019-12-31,Jayakwadi,0.0,72.271
2020-01-01,Jayakwadi,0.902,72.042
2020-01-02,Jayakwadi,1.803,66.745
2020-01-03,Jayakwadi,2.705,60.741
2020-01-04,Jayakwadi,3.606,50.147
2020-01-05,Jayakwadi,4.508,41.671
2020-01-06,Jayakwadi,5.409,29.311
2020-01-07,Jayakwadi,6.311,30.017
2020-01-08,Jayakwadi,7.212,39.199
2020-01-09,Jayakwadi,8.114,70.982
2020-01-10,Jayakwadi,9.015,75.927
2020-01-11,Jayakwadi,9.917,76.633
2020-01-12,Jayakwadi,10.818,75.573
2020-01-13,Jayakwadi,11.72,75.379
2020-01-14,Jayakwadi,12.621,75.185
2020-01-15,Jayakwadi,13.523,74.991
2020-01-16,Jayakwadi,14.424,74.796
2020-01-17,Jayakwadi,15.326,74.602
2020-01-18,Jayakwadi,16.227,74.408
2020-01-19,Jayakwadi,17.129,74.214
2020-01-20,Jayakwadi,18.03,74.02
2020-01-21,Jayakwadi,18.932,73.825
2020-01-22,Jayakwadi,19.833,73.631
2020-01-23,Jayakwadi,20.735,73.437
2020-01-24,Jayakwadi,21.636,73.243
2020-01-25,Jayakwadi,22.538,73.048
2020-01-26,Jayakwadi,23.439,72.854
2020-01-27,Jayakwadi,24.341,72.66
2020-01-28,Jayakwadi,25.242,72.466
2020-01-29,Jayakwadi,26.144,72.271
2020-01-30,Jayakwadi,27.045,72.077
2020-01-31,Jayakwadi,27.947,71.883
2020-02-01,Jayakwadi,28.848,71.689
2020-02-02,Jayakwadi,29.75,66.745
2020-02-03,Jayakwadi,30.651,60.388
2020-02-04,Jayakwadi,31.553,50.147
2020-02-05,Jayakwadi,32.454,40.965
2020-02-06,Jayakwadi,33.356,28.958
2020-02-07,Jayakwadi,34.257,30.371
2020-02-08,Jayakwadi,35.159,40.259
2020-02-09,Jayakwadi,36.06,72.395
2020-02-10,Jayakwadi,36.962,76.633
2020-02-11,Jayakwadi,37.863,76.633
2020-02-12,Jayakwadi,38.765,75.22
2020-02-13,Jayakwadi,39.666,75.004
2020-02-14,Jayakwadi,40.568,74.789
2020-02-15,Jayakwadi,41.469,74.573
2020-02-16,Jayakwadi,42.371,74.357
2020-02-17,Jayakwadi,43.272,74.141
2020-02-18,Jayakwadi,44.174,73.925
2020-02-19,Jayakwadi,45.075,73.71
2020-02-20,Jayakwadi,45.977,73.494
2020-02-21,Jayakwadi,46.879,73.278
2020-02-22,Jayakwadi,47.78,73.062
2020-02-23,Jayakwadi,48.682,72.846
2020-02-24,Jayakwadi,49.583,72.63
2020-02-25,Jayakwadi,50.485,72.415
2020-02-26,Jayakwadi,51.386,72.199
2020-02-27,Jayakwadi,52.288,71.983
2020-02-28,Jayakwadi,53.189,71.767
2020-02-29,Jayakwadi,54.091,71.551
2020-03-01,Jayakwadi,54.992,71.336
2020-03-02,Jayakwadi,55.894,66.392
2020-03-03,Jayakwadi,56.795,60.035
2020-03-04,Jayakwadi,57.697,49.794
2020-03-05,Jayakwadi,58.598,40.612
2020-03-06,Jayakwadi,59.5,28.958
2020-03-07,Jayakwadi,60.401,30.724
2020-03-08,Jayakwadi,61.303,40.965
2020-03-09,Jayakwadi,62.204,73.455
2020-03-10,Jayakwadi,63.106,76.633
2020-03-11,Jayakwadi,64.007,76.633
2020-03-12,Jayakwadi,64.909,74.867
2020-03-13,Jayakwadi,65.81,74.691
2020-03-14,Jayakwadi,66.712,74.514
2020-03-15,Jayakwadi,67.613,74.337
2020-03-16,Jayakwadi,68.515,74.161
2020-03-17,Jayakwadi,69.416,73.984
2020-03-18,Jayakwadi,70.318,73.808
2020-03-19,Jayakwadi,71.219,73.631
2020-03-20,Jayakwadi,72.121,73.455
2020-03-21,Jayakwadi,73.022,73.278
2020-03-22,Jayakwadi,73.924,73.101
2020-03-23,Jayakwadi,74.825,72.925
2020-03-24,Jayakwadi,75.727,72.748
2020-03-25,Jayakwadi,76.628,72.572
2020-03-26,Jayakwadi,77.53,72.395
2020-03-27,Jayakwadi,78.431,72.218
2020-03-28,Jayakwadi,79.333,72.042
2020-03-29,Jayakwadi,80.234,71.865
2020-03-30,Jayakwadi,81.136,71.689
2020-03-31,Jayakwadi,82.037,71.512
2020-04-01,Jayakwadi,82.939,71.336
2020-04-02,Jayakwadi,83.84,66.038
2020-04-03,Jayakwadi,84.742,60.035
2020-04-04,Jayakwadi,85.643,49.441
2020-04-05,Jayakwadi,86.545,40.259
2020-04-06,Jayakwadi,87.446,28.958
2020-04-07,Jayakwadi,88.348,30.724
2020-04-08,Jayakwadi,89.249,41.318
2020-04-09,Jayakwadi,90.151,74.514
2020-04-10,Jayakwadi,91.052,76.633
2020-04-11,Jayakwadi,91.954,76.633
2020-04-12,Jayakwadi,92.856,74.867
2020-04-13,Jayakwadi,93.757,74.663
2020-04-14,Jayakwadi,94.659,74.458
2020-04-15,Jayakwadi,95.56,74.254
2020-04-16,Jayakwadi,96.462,74.049
2020-04-17,Jayakwadi,97.363,73.845
2020-04-18,Jayakwadi,98.265,73.64
2020-04-19,Jayakwadi,99.166,73.436
2020-04-20,Jayakwadi,100.068,73.231
2020-04-21,Jayakwadi,100.969,73.027
2020-04-22,Jayakwadi,101.871,72.823
2020-04-23,Jayakwadi,102.772,72.618
2020-04-24,Jayakwadi,103.674,72.414
2020-04-25,Jayakwadi,104.575,72.209
2020-04-26,Jayakwadi,105.477,72.005
2020-04-27,Jayakwadi,106.378,71.8
2020-04-28,Jayakwadi,107.28,71.596
2020-04-29,Jayakwadi,108.181,71.391
2020-04-30,Jayakwadi,109.083,71.187
2020-05-01,Jayakwadi,109.984,70.982
2020-05-02,Jayakwadi,110.886,65.685
2020-05-03,Jayakwadi,111.787,59.682
2020-05-04,Jayakwadi,112.689,49.441
2020-05-05,Jayakwadi,113.59,39.552
2020-05-06,Jayakwadi,114.492,28.605
2020-05-07,Jayakwadi,115.393,30.724
2020-05-08,Jayakwadi,116.295,41.671
2020-05-09,Jayakwadi,117.196,74.867
2020-05-10,Jayakwadi,118.098,76.633
2020-05-11,Jayakwadi,118.999,76.633
2020-05-12,Jayakwadi,119.901,74.514
2020-05-13,Jayakwadi,120.802,74.337
2020-05-14,Jayakwadi,121.704,74.161
2020-05-15,Jayakwadi,122.605,73.984
2020-05-16,Jayakwadi,123.507,73.808
2020-05-17,Jayakwadi,124.408,73.631
2020-05-18,Jayakwadi,125.31,73.455
2020-05-19,Jayakwadi,126.211,73.278
2020-05-20,Jayakwadi,127.113,73.101
2020-05-21,Jayakwadi,128.014,72.925
2020-05-22,Jayakwadi,128.916,72.748
2020-05-23,Jayakwadi,129.817,72.572
2020-05-24,Jayakwadi,130.719,72.395
2020-05-25,Jayakwadi,131.62,72.218
2020-05-26,Jayakwadi,132.522,72.042
2020-05-27,Jayakwadi,133.423,71.865
2020-05-28,Jayakwadi,134.325,71.689
2020-05-29,Jayakwadi,135.226,71.512
2020-05-30,Jayakwadi,136.128,71.336
2020-05-31,Jayakwadi,137.029,71.159
2020-06-01,Jayakwadi,137.931,70.982
2020-06-02,Jayakwadi,138.833,65.332
2020-06-03,Jayakwadi,139.734,59.329
2020-06-04,Jayakwadi,140.636,49.087
2020-06-05,Jayakwadi,141.537,39.199
2020-06-06,Jayakwadi,142.439,28.252
2020-06-07,Jayakwadi,143.34,30.724
2020-06-08,Jayakwadi,144.242,42.378
2020-06-09,Jayakwadi,145.143,75.22
2020-06-10,Jayakwadi,146.045,76.633
2020-06-11,Jayakwadi,146.946,76.633
2020-06-12,Jayakwadi,147.848,74.514
2020-06-13,Jayakwadi,148.749,74.309
2020-06-14,Jayakwadi,149.651,74.105
2020-06-15,Jayakwadi,150.552,73.901
2020-06-16,Jayakwadi,151.454,73.696
2020-06-17,Jayakwadi,152.355,73.492
2020-06-18,Jayakwadi,153.257,73.287
2020-06-19,Jayakwadi,154.158,73.083
2020-06-20,Jayakwadi,155.06,72.878
2020-06-21,Jayakwadi,155.961,72.674
2020-06-22,Jayakwadi,156.863,72.469
2020-06-23,Jayakwadi,157.764,72.265
2020-06-24,Jayakwadi,158.666,72.061
2020-06-25,Jayakwadi,159.567,71.856
2020-06-26,Jayakwadi,160.469,71.652
2020-06-27,Jayakwadi,161.37,71.447
2020-06-28,Jayakwadi,162.272,71.243
2020-06-29,Jayakwadi,163.173,71.038
2020-06-30,Jayakwadi,164.075,70.834
2020-07-01,Jayakwadi,164.976,70.629
2020-07-02,Jayakwadi,165.878,64.979
2020-07-03,Jayakwadi,166.779,59.329
2020-07-04,Jayakwadi,167.681,48.734
2020-07-05,Jayakwadi,168.582,0.0
2020-07-06,Jayakwadi,169.484,27.899
2020-07-07,Jayakwadi,170.385,30.724
2020-07-08,Jayakwadi,171.287,42.378
2020-07-09,Jayakwadi,172.188,75.573
2020-07-10,Jayakwadi,173.09,76.633
2020-07-11,Jayakwadi,173.991,76.633
2020-07-12,Jayakwadi,174.893,74.161
2020-07-13,Jayakwadi,175.794,73.984
2020-07-14,Jayakwadi,176.696,73.808
2020-07-15,Jayakwadi,177.597,73.631
2020-07-16,Jayakwadi,178.499,73.455
2020-07-17,Jayakwadi,179.4,73.278
2020-07-18,Jayakwadi,180.302,73.101
2020-07-19,Jayakwadi,181.203,72.925
2020-07-20,Jayakwadi,182.105,72.748
2020-07-21,Jayakwadi,183.006,72.572
2020-07-22,Jayakwadi,183.908,72.395
2020-07-23,Jayakwadi,184.81,72.218
2020-07-24,Jayakwadi,185.711,72.042
2020-07-25,Jayakwadi,186.613,71.865
2020-07-26,Jayakwadi,187.514,71.689
2020-07-27,Jayakwadi,188.416,71.512
2020-07-28,Jayakwadi,189.317,71.336
2020-07-29,Jayakwadi,190.219,71.159
2020-07-30,Jayakwadi,191.12,70.982
2020-07-31,Jayakwadi,192.022,70.806
2020-08-01,Jayakwadi,192.923,70.629
2020-08-02,Jayakwadi,193.825,64.626
2020-08-03,Jayakwadi,194.726,58.622
2020-08-04,Jayakwadi,195.628,48.381
2020-08-05,Jayakwadi,196.529,38.493
2020-08-06,Jayakwadi,197.431,27.899
2020-08-07,Jayakwadi,198.332,30.724
2020-08-08,Jayakwadi,199.234,43.084
2020-08-09,Jayakwadi,200.135,0.0
2020-08-10,Jayakwadi,201.037,0.0
2020-08-11,Jayakwadi,201.938,76.633
2020-08-12,Jayakwadi,202.84,73.808
2020-08-13,Jayakwadi,203.741,73.649
2020-08-14,Jayakwadi,204.643,73.49
2020-08-15,Jayakwadi,205.544,73.331
2020-08-16,Jayakwadi,206.446,73.172
2020-08-17,Jayakwadi,207.347,73.013
2020-08-18,Jayakwadi,208.249,72.854
2020-08-19,Jayakwadi,209.15,72.695
2020-08-20,Jayakwadi,210.052,72.536
2020-08-21,Jayakwadi,210.953,72.377
2020-08-22,Jayakwadi,211.855,72.218
2020-08-23,Jayakwadi,212.756,72.06
2020-08-24,Jayakwadi,213.658,71.901
2020-08-25,Jayakwadi,214.559,71.742
2020-08-26,Jayakwadi,215.461,71.583
2020-08-27,Jayakwadi,216.362,71.424
2020-08-28,Jayakwadi,217.264,71.265
2020-08-29,Jayakwadi,218.165,71.106
2020-08-30,Jayakwadi,219.067,70.947
2020-08-31,Jayakwadi,219.968,70.788
2020-09-01,Jayakwadi,220.87,70.629
2020-09-02,Jayakwadi,221.771,64.273
2020-09-03,Jayakwadi,222.673,57.916
2020-09-04,Jayakwadi,223.574,48.028
2020-09-05,Jayakwadi,224.476,38.14
2020-09-06,Jayakwadi,225.377,27.545
2020-09-07,Jayakwadi,226.279,30.724
2020-09-08,Jayakwadi,227.18,43.084
2020-09-09,Jayakwadi,228.082,75.927
2020-09-10,Jayakwadi,228.983,76.633
2020-09-11,Jayakwadi,229.885,76.633
2020-09-12,Jayakwadi,230.787,73.808
2020-09-13,Jayakwadi,231.688,73.622
2020-09-14,Jayakwadi,232.59,73.436
2020-09-15,Jayakwadi,233.491,73.25
2020-09-16,Jayakwadi,234.393,73.064
2020-09-17,Jayakwadi,235.294,72.878
2020-09-18,Jayakwadi,236.196,72.692
2020-09-19,Jayakwadi,237.097,72.507
2020-09-20,Jayakwadi,237.999,72.321
2020-09-21,Jayakwadi,238.9,72.135
2020-09-22,Jayakwadi,239.802,71.949
2020-09-23,Jayakwadi,240.703,71.763
2020-09-24,Jayakwadi,241.605,71.577
2020-09-25,Jayakwadi,242.506,71.391
2020-09-26,Jayakwadi,243.408,71.206
2020-09-27,Jayakwadi,244.309,71.02
2020-09-28,Jayakwadi,245.211,70.834
2020-09-29,Jayakwadi,246.112,70.648
2020-09-30,Jayakwadi,247.014,70.462
2020-10-01,Jayakwadi,247.915,70.276
2020-10-02,Jayakwadi,248.817,64.273
2020-10-03,Jayakwadi,249.718,57.563
2020-10-04,Jayakwadi,250.62,47.675
2020-10-05,Jayakwadi,251.521,37.787
2020-10-06,Jayakwadi,252.423,27.192
2020-10-07,Jayakwadi,253.324,31.077
2020-10-08,Jayakwadi,254.226,43.437
2020-10-09,Jayakwadi,255.127,75.573
2020-10-10,Jayakwadi,256.029,76.633
2020-10-11,Jayakwadi,256.93,76.633
2020-10-12,Jayakwadi,257.832,73.455
2020-10-13,Jayakwadi,258.733,73.296
2020-10-14,Jayakwadi,259.635,73.137
2020-10-15,Jayakwadi,260.536,72.978
2020-10-16,Jayakwadi,261.438,72.819
2020-10-17,Jayakwadi,262.339,72.66
2020-10-18,Jayakwadi,263.241,72.501
2020-10-19,Jayakwadi,264.142,72.342
2020-10-20,Jayakwadi,265.044,72.183
2020-10-21,Jayakwadi,265.945,72.024
2020-10-22,Jayakwadi,266.847,71.865
2020-10-23,Jayakwadi,267.748,71.706
2020-10-24,Jayakwadi,268.65,71.548
2020-10-25,Jayakwadi,269.551,71.389
2020-10-26,Jayakwadi,270.453,71.23
2020-10-27,Jayakwadi,271.354,71.071
2020-10-28,Jayakwadi,272.256,70.912
2020-10-29,Jayakwadi,273.157,70.753
2020-10-30,Jayakwadi,274.059,70.594
2020-10-31,Jayakwadi,274.961,70.435
2020-11-01,Jayakwadi,275.862,70.276
2020-11-02,Jayakwadi,276.764,63.92
2020-11-03,Jayakwadi,277.665,57.21
2020-11-04,Jayakwadi,278.567,47.322
2020-11-05,Jayakwadi,279.468,37.08
2020-11-06,Jayakwadi,280.37,27.192
2020-11-07,Jayakwadi,281.271,31.077
2020-11-08,Jayakwadi,282.173,43.79
2020-11-09,Jayakwadi,283.074,75.22
2020-11-10,Jayakwadi,283.976,76.633
2020-11-11,Jayakwadi,284.877,76.633
2020-11-12,Jayakwadi,285.779,73.101
2020-11-13,Jayakwadi,286.68,72.953
2020-11-14,Jayakwadi,287.582,72.804
2020-11-15,Jayakwadi,288.483,72.655
2020-11-16,Jayakwadi,289.385,72.507
2020-11-17,Jayakwadi,290.286,72.358
2020-11-18,Jayakwadi,291.188,72.209
2020-11-19,Jayakwadi,292.089,72.061
2020-11-20,Jayakwadi,292.991,71.912
2020-11-21,Jayakwadi,293.892,71.763
2020-11-22,Jayakwadi,294.794,71.614
2020-11-23,Jayakwadi,295.695,71.466
2020-11-24,Jayakwadi,296.597,71.317
2020-11-25,Jayakwadi,297.498,71.168
2020-11-26,Jayakwadi,298.4,71.02
2020-11-27,Jayakwadi,299.301,70.871
2020-11-28,Jayakwadi,300.203,70.722
2020-11-29,Jayakwadi,301.104,70.574
2020-11-30,Jayakwadi,302.006,70.425
2020-12-01,Jayakwadi,302.907,70.276
2020-12-02,Jayakwadi,303.809,63.92
2020-12-03,Jayakwadi,304.71,56.857
2020-12-04,Jayakwadi,305.612,46.969
2020-12-05,Jayakwadi,306.513,36.727
2020-12-06,Jayakwadi,307.415,27.192
2020-12-07,Jayakwadi,308.316,31.077
2020-12-08,Jayakwadi,309.218,43.79
2020-12-09,Jayakwadi,310.119,75.573
2020-12-10,Jayakwadi,311.021,76.633
2020-12-11,Jayakwadi,311.922,76.633
2020-12-12,Jayakwadi,312.824,72.748
2020-12-13,Jayakwadi,313.725,72.572
2020-12-14,Jayakwadi,314.627,72.395
2020-12-15,Jayakwadi,315.528,72.218
2020-12-16,Jayakwadi,316.43,72.042
2020-12-17,Jayakwadi,317.331,71.865
2020-12-18,Jayakwadi,318.233,71.689
2020-12-19,Jayakwadi,319.134,71.512
2020-12-20,Jayakwadi,320.036,71.336
2020-12-21,Jayakwadi,320.938,71.159
2020-12-22,Jayakwadi,321.839,70.982
2020-12-23,Jayakwadi,322.741,70.806
2020-12-24,Jayakwadi,323.642,70.629
2020-12-25,Jayakwadi,324.544,70.453
2020-12-26,Jayakwadi,325.445,70.276
2020-12-27,Jayakwadi,326.347,70.1
2020-12-28,Jayakwadi,327.248,69.923
2020-12-29,Jayakwadi,328.15,69.746
2020-12-30,Jayakwadi,329.051,69.57
2020-12-31,Jayakwadi,329.953,69.393
2021-01-01,Jayakwadi,330.854,69.217
2021-01-02,Jayakwadi,331.756,63.566
2021-01-03,Jayakwadi,332.657,57.563
2021-01-04,Jayakwadi,333.559,49.087
2021-01-05,Jayakwadi,334.46,38.493
2021-01-06,Jayakwadi,335.362,27.192
2021-01-07,Jayakwadi,336.263,25.073
2021-01-08,Jayakwadi,337.165,30.017
2021-01-09,Jayakwadi,338.066,33.196
2021-01-10,Jayakwadi,338.968,75.927
2021-01-11,Jayakwadi,339.869,76.633
2021-01-12,Jayakwadi,340.771,0.0
2021-01-13,Jayakwadi,341.672,3.443
2021-01-14,Jayakwadi,342.574,6.886
2021-01-15,Jayakwadi,343.475,10.33
2021-01-16,Jayakwadi,344.377,13.773
2021-01-17,Jayakwadi,345.278,17.216
2021-01-18,Jayakwadi,346.18,20.659
2021-01-19,Jayakwadi,347.081,24.102
2021-01-20,Jayakwadi,347.983,27.545
2021-01-21,Jayakwadi,348.884,30.989
2021-01-22,Jayakwadi,349.786,34.432
2021-01-23,Jayakwadi,350.687,37.875
2021-01-24,Jayakwadi,351.589,41.318
2021-01-25,Jayakwadi,352.49,44.761
2021-01-26,Jayakwadi,353.392,48.205
2021-01-27,Jayakwadi,354.293,51.648
2021-01-28,Jayakwadi,355.195,55.091
2021-01-29,Jayakwadi,356.096,58.534
2021-01-30,Jayakwadi,356.998,61.977
2021-01-31,Jayakwadi,357.899,65.42
2021-02-01,Jayakwadi,358.801,68.864
2021-02-02,Jayakwadi,359.702,63.213
2021-02-03,Jayakwadi,360.604,57.21
2021-02-04,Jayakwadi,361.505,48.734
2021-02-05,Jayakwadi,362.407,38.14
2021-02-06,Jayakwadi,363.308,27.545
2021-02-07,Jayakwadi,364.21,25.073
2021-02-08,Jayakwadi,365.111,30.724
2021-02-09,Jayakwadi,366.013,33.549
2021-02-10,Jayakwadi,366.915,76.28
2021-02-11,Jayakwadi,367.816,76.633
2021-02-12,Jayakwadi,368.718,75.22
2021-02-13,Jayakwadi,369.619,74.846
2021-02-14,Jayakwadi,370.521,74.472
2021-02-15,Jayakwadi,371.422,74.098
2021-02-16,Jayakwadi,372.324,73.725
2021-02-17,Jayakwadi,373.225,73.351
2021-02-18,Jayakwadi,374.127,72.977
2021-02-19,Jayakwadi,375.028,72.603
2021-02-20,Jayakwadi,375.93,72.229
2021-02-21,Jayakwadi,376.831,71.855
2021-02-22,Jayakwadi,377.733,71.481
2021-02-23,Jayakwadi,378.634,71.107
2021-02-24,Jayakwadi,379.536,70.733
2021-02-25,Jayakwadi,380.437,70.359
2021-02-26,Jayakwadi,381.339,69.985
2021-02-27,Jayakwadi,382.24,69.611
2021-02-28,Jayakwadi,383.142,69.238
2021-03-01,Jayakwadi,384.043,68.864
2021-03-02,Jayakwadi,384.945,63.213
2021-03-03,Jayakwadi,385.846,57.21
2021-03-04,Jayakwadi,386.748,48.381
2021-03-05,Jayakwadi,387.649,37.787
2021-03-06,Jayakwadi,388.551,27.545
2021-03-07,Jayakwadi,389.452,25.073
2021-03-08,Jayakwadi,390.354,30.724
2021-03-09,Jayakwadi,391.255,33.549
2021-03-10,Jayakwadi,392.157,75.573
2021-03-11,Jayakwadi,393.058,76.633
2021-03-12,Jayakwadi,393.96,75.22
2021-03-13,Jayakwadi,394.861,74.902
2021-03-14,Jayakwadi,395.763,74.585
2021-03-15,Jayakwadi,396.664,74.267
2021-03-16,Jayakwadi,397.566,73.949
2021-03-17,Jayakwadi,398.467,73.631
2021-03-18,Jayakwadi,399.369,73.313
2021-03-19,Jayakwadi,400.27,72.995
2021-03-20,Jayakwadi,401.172,72.678
2021-03-21,Jayakwadi,402.073,72.36
2021-03-22,Jayakwadi,402.975,72.042
2021-03-23,Jayakwadi,403.876,71.724
2021-03-24,Jayakwadi,404.778,71.406
2021-03-25,Jayakwadi,405.679,71.088
2021-03-26,Jayakwadi,406.581,70.771
2021-03-27,Jayakwadi,407.482,70.453
2021-03-28,Jayakwadi,408.384,70.135
2021-03-29,Jayakwadi,409.285,69.817
2021-03-30,Jayakwadi,410.187,69.499
2021-03-31,Jayakwadi,411.088,69.181
2021-04-01,Jayakwadi,411.99,68.864
2021-04-02,Jayakwadi,412.892,62.86
2021-04-03,Jayakwadi,413.793,56.857
2021-04-04,Jayakwadi,414.695,48.381
2021-04-05,Jayakwadi,415.596,37.434
2021-04-06,Jayakwadi,416.498,27.192
2021-04-07,Jayakwadi,417.399,25.073
2021-04-08,Jayakwadi,418.301,30.724
2021-04-09,Jayakwadi,419.202,33.902
2021-04-10,Jayakwadi,420.104,75.573
2021-04-11,Jayakwadi,421.005,0.0
2021-04-12,Jayakwadi,421.907,0.0
2021-04-13,Jayakwadi,422.808,3.624
2021-04-14,Jayakwadi,423.71,7.249
2021-04-15,Jayakwadi,424.611,10.873
2021-04-16,Jayakwadi,425.513,14.498
2021-04-17,Jayakwadi,426.414,18.122
2021-04-18,Jayakwadi,427.316,21.746
2021-04-19,Jayakwadi,428.217,25.371
2021-04-20,Jayakwadi,429.119,28.995
2021-04-21,Jayakwadi,430.02,32.62
2021-04-22,Jayakwadi,430.922,36.244
2021-04-23,Jayakwadi,431.823,39.868
2021-04-24,Jayakwadi,432.725,43.493
2021-04-25,Jayakwadi,433.626,47.117
2021-04-26,Jayakwadi,434.528,50.742
2021-04-27,Jayakwadi,435.429,54.366
2021-04-28,Jayakwadi,436.331,57.99
2021-04-29,Jayakwadi,437.232,61.615
2021-04-30,Jayakwadi,438.134,65.239
2021-05-01,Jayakwadi,439.035,68.864
2021-05-02,Jayakwadi,439.937,62.86
2021-05-03,Jayakwadi,440.838,56.503
2021-05-04,Jayakwadi,441.74,48.028
2021-05-05,Jayakwadi,442.641,37.08
2021-05-06,Jayakwadi,443.543,27.192
2021-05-07,Jayakwadi,444.444,25.073
2021-05-08,Jayakwadi,445.346,31.077
2021-05-09,Jayakwadi,446.247,34.255
2021-05-10,Jayakwadi,447.149,76.28
2021-05-11,Jayakwadi,448.05,76.633
2021-05-12,Jayakwadi,448.952,0.0
2021-05-13,Jayakwadi,449.853,3.426
2021-05-14,Jayakwadi,450.755,6.851
2021-05-15,Jayakwadi,451.656,10.277
2021-05-16,Jayakwadi,452.558,13.702
2021-05-17,Jayakwadi,453.459,17.128
2021-05-18,Jayakwadi,454.361,20.553
2021-05-19,Jayakwadi,455.262,23.979
2021-05-20,Jayakwadi,456.164,27.404
2021-05-21,Jayakwadi,457.065,30.83
2021-05-22,Jayakwadi,457.967,34.255
2021-05-23,Jayakwadi,458.869,37.681
2021-05-24,Jayakwadi,459.77,41.106
2021-05-25,Jayakwadi,460.672,44.532
2021-05-26,Jayakwadi,461.573,47.957
2021-05-27,Jayakwadi,462.475,51.383
2021-05-28,Jayakwadi,463.376,54.808
2021-05-29,Jayakwadi,464.278,58.234
2021-05-30,Jayakwadi,465.179,61.659
2021-05-31,Jayakwadi,466.081,65.085
2021-06-01,Jayakwadi,466.982,68.51
2021-06-02,Jayakwadi,467.884,62.507
2021-06-03,Jayakwadi,468.785,56.15
2021-06-04,Jayakwadi,469.687,47.675
2021-06-05,Jayakwadi,470.588,0.0
2021-06-06,Jayakwadi,471.49,26.839
2021-06-07,Jayakwadi,472.391,25.073
2021-06-08,Jayakwadi,473.293,31.077
2021-06-09,Jayakwadi,474.194,34.962
2021-06-10,Jayakwadi,475.096,75.573
2021-06-11,Jayakwadi,475.997,76.633
2021-06-12,Jayakwadi,476.899,0.0
2021-06-13,Jayakwadi,477.8,0.0
2021-06-14,Jayakwadi,478.702,0.0
2021-06-15,Jayakwadi,479.603,0.0
2021-06-16,Jayakwadi,480.505,0.0
2021-06-17,Jayakwadi,481.406,0.0
2021-06-18,Jayakwadi,482.308,0.0
2021-06-19,Jayakwadi,483.209,0.0
2021-06-20,Jayakwadi,484.111,0.0
2021-06-21,Jayakwadi,485.012,0.0
2021-06-22,Jayakwadi,485.914,0.0
2021-06-23,Jayakwadi,486.815,0.0
2021-06-24,Jayakwadi,487.717,0.0
2021-06-25,Jayakwadi,488.618,0.0
2021-06-26,Jayakwadi,489.52,0.0
2021-06-27,Jayakwadi,490.421,0.0
2021-06-28,Jayakwadi,491.323,0.0
2021-06-29,Jayakwadi,492.224,0.0
2021-06-30,Jayakwadi,493.126,0.0
2021-07-01,Jayakwadi,494.027,0.0
2021-07-02,Jayakwadi,494.929,62.154
2021-07-03,Jayakwadi,495.83,55.797
2021-07-04,Jayakwadi,496.732,47.322
2021-07-05,Jayakwadi,497.633,36.374
2021-07-06,Jayakwadi,498.535,26.839
2021-07-07,Jayakwadi,499.436,24.72
2021-07-08,Jayakwadi,500.338,31.077
2021-07-09,Jayakwadi,501.239,35.315
2021-07-10,Jayakwadi,502.141,0.0
2021-07-11,Jayakwadi,503.042,76.633
2021-07-12,Jayakwadi,503.944,0.0
2021-07-13,Jayakwadi,219.205,3.408
2021-07-14,Jayakwadi,241.811,6.816
2021-07-15,Jayakwadi,232.304,10.224
2021-07-16,Jayakwadi,229.49,13.631
2021-07-17,Jayakwadi,226.676,17.039
2021-07-18,Jayakwadi,223.861,20.447
2021-07-19,Jayakwadi,221.047,23.855
2021-07-20,Jayakwadi,218.233,27.263
2021-07-21,Jayakwadi,464.876,30.671
2021-07-22,Jayakwadi,711.519,34.079
2021-07-23,Jayakwadi,691.054,37.487
2021-07-24,Jayakwadi,670.589,40.894
2021-07-25,Jayakwadi,650.125,44.302
2021-07-26,Jayakwadi,629.66,47.71
2021-07-27,Jayakwadi,609.195,51.118
2021-07-28,Jayakwadi,588.73,54.526
2021-07-29,Jayakwadi,568.266,57.934
2021-07-30,Jayakwadi,547.801,61.342
2021-07-31,Jayakwadi,527.336,64.749
2021-08-01,Jayakwadi,506.871,68.157
2021-08-02,Jayakwadi,486.406,62.154
2021-08-03,Jayakwadi,465.942,55.444
2021-08-04,Jayakwadi,445.477,46.969
2021-08-05,Jayakwadi,425.012,35.668
2021-08-06,Jayakwadi,404.547,26.839
2021-08-07,Jayakwadi,384.083,24.72
2021-08-08,Jayakwadi,363.618,31.43
2021-08-09,Jayakwadi,343.153,36.727
2021-08-10,Jayakwadi,322.688,75.573
2021-08-11,Jayakwadi,302.223,76.633
2021-08-12,Jayakwadi,281.759,74.867
2021-08-13,Jayakwadi,261.294,74.532
2021-08-14,Jayakwadi,240.829,74.196
2021-08-15,Jayakwadi,220.364,73.861
2021-08-16,Jayakwadi,199.9,73.525
2021-08-17,Jayakwadi,179.435,73.19
2021-08-18,Jayakwadi,158.97,72.854
2021-08-19,Jayakwadi,170.881,72.519
2021-08-20,Jayakwadi,182.793,72.183
2021-08-21,Jayakwadi,194.704,71.848
2021-08-22,Jayakwadi,206.615,71.512
2021-08-23,Jayakwadi,192.294,71.177
2021-08-24,Jayakwadi,177.972,70.841
2021-08-25,Jayakwadi,265.371,70.506
2021-08-26,Jayakwadi,352.77,70.17
2021-08-27,Jayakwadi,440.169,69.835
2021-08-28,Jayakwadi,527.567,69.499
2021-08-29,Jayakwadi,614.966,69.164
2021-08-30,Jayakwadi,702.365,68.828
2021-08-31,Jayakwadi,789.764,68.493
2021-09-01,Jayakwadi,427.72,68.157
2021-09-02,Jayakwadi,399.497,61.801
2021-09-03,Jayakwadi,326.174,55.091
2021-09-04,Jayakwadi,252.852,46.615
2021-09-05,Jayakwadi,1434.52,34.962
2021-09-06,Jayakwadi,2187.602,26.486
2021-09-07,Jayakwadi,384.412,25.073
2021-09-08,Jayakwadi,9080.48,31.43
2021-09-09,Jayakwadi,373.328,39.552
2021-09-10,Jayakwadi,457.221,75.22
2021-09-11,Jayakwadi,343.192,76.633
2021-09-12,Jayakwadi,229.162,74.867
2021-09-13,Jayakwadi,373.328,74.495
2021-09-14,Jayakwadi,342.902,74.124
2021-09-15,Jayakwadi,174.288,73.752
2021-09-16,Jayakwadi,220.744,73.38
2021-09-17,Jayakwadi,230.775,73.008
2021-09-18,Jayakwadi,240.806,72.637
2021-09-19,Jayakwadi,244.59,72.265
2021-09-20,Jayakwadi,477.7,71.893
2021-09-21,Jayakwadi,481.817,71.521
2021-09-22,Jayakwadi,1074.645,71.15
2021-09-23,Jayakwadi,722.062,70.778
2021-09-24,Jayakwadi,257.235,70.406
2021-09-25,Jayakwadi,1262.083,70.035
2021-09-26,Jayakwadi,508.764,69.663
2021-09-27,Jayakwadi,1255.743,69.291
2021-09-28,Jayakwadi,738.276,68.919
2021-09-29,Jayakwadi,4410.84,68.548
2021-09-30,Jayakwadi,1450.103,68.176
2021-10-01,Jayakwadi,1316.354,67.804
2021-10-02,Jayakwadi,990.255,61.448
2021-10-03,Jayakwadi,5520.547,55.091
2021-10-04,Jayakwadi,1217.766,46.262
2021-10-05,Jayakwadi,1288.504,34.608
2021-10-06,Jayakwadi,2785.438,26.486
2021-10-07,Jayakwadi,1403.354,25.427
2021-10-08,Jayakwadi,792.63,31.43
2021-10-09,Jayakwadi,1068.226,40.965
2021-10-10,Jayakwadi,838.69,76.28
2021-10-11,Jayakwadi,1195.393,76.633
2021-10-12,Jayakwadi,434.215,74.514
2021-10-13,Jayakwadi,200.068,74.161
2021-10-14,Jayakwadi,605.535,73.808
2021-10-15,Jayakwadi,415.735,73.455
2021-10-16,Jayakwadi,376.869,73.101
2021-10-17,Jayakwadi,487.018,72.748
2021-10-18,Jayakwadi,346.221,72.395
2021-10-19,Jayakwadi,191.454,72.042
2021-10-20,Jayakwadi,239.913,71.689
2021-10-21,Jayakwadi,227.577,71.336
2021-10-22,Jayakwadi,244.877,70.982
2021-10-23,Jayakwadi,244.877,70.629
2021-10-24,Jayakwadi,240.804,70.276
2021-10-25,Jayakwadi,228.425,69.923
2021-10-26,Jayakwadi,195.732,69.57
2021-10-27,Jayakwadi,245.894,69.217
2021-10-28,Jayakwadi,240.189,68.864
2021-10-29,Jayakwadi,223.435,68.51
2021-10-30,Jayakwadi,222.396,68.157
2021-10-31,Jayakwadi,221.357,67.804
2021-11-01,Jayakwadi,220.317,67.451
2021-11-02,Jayakwadi,219.278,61.448
2021-11-03,Jayakwadi,218.239,0.0
2021-11-04,Jayakwadi,217.2,45.909
2021-11-05,Jayakwadi,216.16,34.255
2021-11-06,Jayakwadi,215.121,26.486
2021-11-07,Jayakwadi,214.082,25.427
2021-11-08,Jayakwadi,213.043,31.43
2021-11-09,Jayakwadi,212.003,41.671
2021-11-10,Jayakwadi,210.964,75.927
2021-11-11,Jayakwadi,209.925,76.633
2021-11-12,Jayakwadi,208.886,74.514
2021-11-13,Jayakwadi,207.847,74.142
2021-11-14,Jayakwadi,206.807,73.77
2021-11-15,Jayakwadi,205.768,73.399
2021-11-16,Jayakwadi,204.729,73.027
2021-11-17,Jayakwadi,203.69,72.655
2021-11-18,Jayakwadi,202.65,72.284
2021-11-19,Jayakwadi,201.611,71.912
2021-11-20,Jayakwadi,200.572,71.54
2021-11-21,Jayakwadi,199.533,71.168
2021-11-22,Jayakwadi,198.493,70.797
2021-11-23,Jayakwadi,197.454,70.425
2021-11-24,Jayakwadi,196.415,70.053
2021-11-25,Jayakwadi,195.376,69.681
2021-11-26,Jayakwadi,194.336,69.31
2021-11-27,Jayakwadi,193.297,68.938
2021-11-28,Jayakwadi,192.258,68.566
2021-11-29,Jayakwadi,191.219,68.194
2021-11-30,Jayakwadi,190.18,67.823
2021-12-01,Jayakwadi,189.14,67.451
2021-12-02,Jayakwadi,188.101,61.094
2021-12-03,Jayakwadi,187.062,54.385
2021-12-04,Jayakwadi,186.023,45.556
2021-12-05,Jayakwadi,184.983,33.902
2021-12-06,Jayakwadi,183.944,26.133
2021-12-07,Jayakwadi,182.905,25.78
2021-12-08,Jayakwadi,181.866,31.43
2021-12-09,Jayakwadi,180.826,42.731
2021-12-10,Jayakwadi,179.787,76.28
2021-12-11,Jayakwadi,178.748,76.633
2021-12-12,Jayakwadi,177.709,74.161
2021-12-13,Jayakwadi,176.67,70.453
2021-12-14,Jayakwadi,175.63,66.745
2021-12-15,Jayakwadi,174.591,63.037
2021-12-16,Jayakwadi,173.552,59.329
2021-12-17,Jayakwadi,172.513,55.621
2021-12-18,Jayakwadi,171.473,51.913
2021-12-19,Jayakwadi,170.434,48.205
2021-12-20,Jayakwadi,169.395,44.496
2021-12-21,Jayakwadi,168.356,40.788
2021-12-22,Jayakwadi,167.316,37.08
2021-12-23,Jayakwadi,166.277,33.372
2021-12-24,Jayakwadi,165.238,29.664
2021-12-25,Jayakwadi,164.199,25.956
2021-12-26,Jayakwadi,163.16,22.248
2021-12-27,Jayakwadi,162.12,18.54
2021-12-28,Jayakwadi,161.081,14.832
2021-12-29,Jayakwadi,160.042,11.124
2021-12-30,Jayakwadi,159.003,7.416
2021-12-31,Jayakwadi,157.963,3.708
2022-01-01,Jayakwadi,156.924,0.0
2022-01-02,Jayakwadi,155.885,66.038
2022-01-03,Jayakwadi,154.846,59.682
2022-01-04,Jayakwadi,153.806,50.147
2022-01-05,Jayakwadi,152.767,39.552
2022-01-06,Jayakwadi,151.728,29.311
2022-01-07,Jayakwadi,150.689,26.133
2022-01-08,Jayakwadi,149.649,69.217
2022-01-09,Jayakwadi,148.61,75.927
2022-01-10,Jayakwadi,147.571,76.28
2022-01-11,Jayakwadi,146.532,76.633
2022-01-12,Jayakwadi,145.493,75.22
2022-01-13,Jayakwadi,144.453,74.991
2022-01-14,Jayakwadi,143.414,74.761
2022-01-15,Jayakwadi,142.375,74.532
2022-01-16,Jayakwadi,141.336,74.302
2022-01-17,Jayakwadi,140.296,74.073
2022-01-18,Jayakwadi,139.257,73.843
2022-01-19,Jayakwadi,138.218,73.613
2022-01-20,Jayakwadi,137.179,73.384
2022-01-21,Jayakwadi,136.139,73.154
2022-01-22,Jayakwadi,135.1,72.925
2022-01-23,Jayakwadi,134.061,72.695
2022-01-24,Jayakwadi,133.022,72.466
2022-01-25,Jayakwadi,131.983,72.236
2022-01-26,Jayakwadi,130.943,72.007
2022-01-27,Jayakwadi,129.904,71.777
2022-01-28,Jayakwadi,128.865,71.548
2022-01-29,Jayakwadi,127.826,71.318
2022-01-30,Jayakwadi,126.786,71.088
2022-01-31,Jayakwadi,125.747,70.859
2022-02-01,Jayakwadi,124.708,70.629
2022-02-02,Jayakwadi,123.669,65.685
2022-02-03,Jayakwadi,122.629,59.329
2022-02-04,Jayakwadi,121.59,0.0
2022-02-05,Jayakwadi,120.551,0.0
2022-02-06,Jayakwadi,119.512,28.958
2022-02-07,Jayakwadi,118.473,25.78
2022-02-08,Jayakwadi,117.433,69.217
2022-02-09,Jayakwadi,116.394,0.0
2022-02-10,Jayakwadi,115.355,76.633
2022-02-11,Jayakwadi,114.316,76.633
2022-02-12,Jayakwadi,113.276,74.867
2022-02-13,Jayakwadi,112.237,74.618
2022-02-14,Jayakwadi,111.198,74.369
2022-02-15,Jayakwadi,110.159,74.119
2022-02-16,Jayakwadi,109.119,73.87
2022-02-17,Jayakwadi,108.08,73.621
2022-02-18,Jayakwadi,107.041,73.371
2022-02-19,Jayakwadi,106.002,73.122
2022-02-20,Jayakwadi,104.962,72.873
2022-02-21,Jayakwadi,103.923,72.624
2022-02-22,Jayakwadi,102.884,72.374
2022-02-23,Jayakwadi,101.845,72.125
2022-02-24,Jayakwadi,100.806,71.876
2022-02-25,Jayakwadi,99.766,71.626
2022-02-26,Jayakwadi,98.727,71.377
2022-02-27,Jayakwadi,97.688,71.128
2022-02-28,Jayakwadi,96.649,70.879
2022-03-01,Jayakwadi,95.609,70.629
2022-03-02,Jayakwadi,94.57,0.0
2022-03-03,Jayakwadi,93.531,58.975
2022-03-04,Jayakwadi,92.492,49.441
2022-03-05,Jayakwadi,91.452,0.0
2022-03-06,Jayakwadi,90.413,0.0
2022-03-07,Jayakwadi,89.374,25.78
2022-03-08,Jayakwadi,88.335,68.864
2022-03-09,Jayakwadi,87.296,0.0
2022-03-10,Jayakwadi,86.256,76.633
2022-03-11,Jayakwadi,85.217,76.633
2022-03-12,Jayakwadi,84.178,74.867
2022-03-13,Jayakwadi,83.139,71.124
2022-03-14,Jayakwadi,82.099,67.38
2022-03-15,Jayakwadi,81.06,63.637
2022-03-16,Jayakwadi,80.021,59.894
2022-03-17,Jayakwadi,78.982,56.15
2022-03-18,Jayakwadi,77.942,52.407
2022-03-19,Jayakwadi,76.903,48.664
2022-03-20,Jayakwadi,75.864,44.92
2022-03-21,Jayakwadi,74.825,41.177
2022-03-22,Jayakwadi,73.786,37.434
2022-03-23,Jayakwadi,72.746,33.69
2022-03-24,Jayakwadi,71.707,29.947
2022-03-25,Jayakwadi,70.668,26.203
2022-03-26,Jayakwadi,69.629,22.46
2022-03-27,Jayakwadi,68.589,18.717
2022-03-28,Jayakwadi,67.55,14.973
2022-03-29,Jayakwadi,66.511,11.23
2022-03-30,Jayakwadi,65.472,7.487
2022-03-31,Jayakwadi,64.432,3.743
2022-04-01,Jayakwadi,63.393,0.0
2022-04-02,Jayakwadi,62.354,65.332
2022-04-03,Jayakwadi,61.315,58.622
2022-04-04,Jayakwadi,60.275,49.441
2022-04-05,Jayakwadi,59.236,38.493
2022-04-06,Jayakwadi,58.197,28.252
2022-04-07,Jayakwadi,57.158,25.78
2022-04-08,Jayakwadi,56.119,69.217
2022-04-09,Jayakwadi,55.079,0.0
2022-04-10,Jayakwadi,54.04,76.28
2022-04-11,Jayakwadi,53.001,76.633
2022-04-12,Jayakwadi,51.962,74.514
2022-04-13,Jayakwadi,50.922,70.592
2022-04-14,Jayakwadi,49.883,66.67
2022-04-15,Jayakwadi,48.844,62.749
2022-04-16,Jayakwadi,47.805,58.827
2022-04-17,Jayakwadi,46.765,54.905
2022-04-18,Jayakwadi,45.726,50.983
2022-04-19,Jayakwadi,44.687,47.061
2022-04-20,Jayakwadi,43.648,43.14
2022-04-21,Jayakwadi,42.609,39.218
2022-04-22,Jayakwadi,41.569,35.296
2022-04-23,Jayakwadi,40.53,31.374
2022-04-24,Jayakwadi,39.491,27.453
2022-04-25,Jayakwadi,38.452,23.531
2022-04-26,Jayakwadi,37.412,19.609
2022-04-27,Jayakwadi,36.373,15.687
2022-04-28,Jayakwadi,35.334,11.765
2022-04-29,Jayakwadi,34.295,7.844
2022-04-30,Jayakwadi,33.255,3.922
2022-05-01,Jayakwadi,32.216,0.0
2022-05-02,Jayakwadi,31.177,0.0
2022-05-03,Jayakwadi,30.138,58.269
2022-05-04,Jayakwadi,29.099,49.087
2022-05-05,Jayakwadi,28.059,38.14
2022-05-06,Jayakwadi,27.02,27.899
2022-05-07,Jayakwadi,25.981,25.78
2022-05-08,Jayakwadi,24.942,69.923
2022-05-09,Jayakwadi,23.902,0.0
2022-05-10,Jayakwadi,22.863,76.28
2022-05-11,Jayakwadi,21.824,76.633
2022-05-12,Jayakwadi,20.785,74.161
2022-05-13,Jayakwadi,19.745,73.967
2022-05-14,Jayakwadi,18.706,73.772
2022-05-15,Jayakwadi,17.667,73.578
2022-05-16,Jayakwadi,16.628,73.384
2022-05-17,Jayakwadi,15.588,73.19
2022-05-18,Jayakwadi,14.549,72.995
2022-05-19,Jayakwadi,13.51,72.801
2022-05-20,Jayakwadi,12.471,72.607
2022-05-21,Jayakwadi,11.432,72.413
2022-05-22,Jayakwadi,10.392,72.218
2022-05-23,Jayakwadi,9.353,72.024
2022-05-24,Jayakwadi,8.314,71.83
2022-05-25,Jayakwadi,7.275,71.636
2022-05-26,Jayakwadi,6.235,71.442
2022-05-27,Jayakwadi,5.196,71.247
2022-05-28,Jayakwadi,4.157,71.053
2022-05-29,Jayakwadi,3.118,70.859
2022-05-30,Jayakwadi,2.078,70.665
2022-05-31,Jayakwadi,1.039,70.47
2022-06-01,Jayakwadi,0.0,70.276
2022-06-02,Jayakwadi,0.0,64.626
2022-06-03,Jayakwadi,0.0,0.0
2022-06-04,Jayakwadi,0.0,0.0
2022-06-05,Jayakwadi,0.0,0.0
2022-06-06,Jayakwadi,0.0,0.0
2022-06-07,Jayakwadi,0.0,25.78
2022-06-08,Jayakwadi,0.0,70.276
2022-06-09,Jayakwadi,0.0,0.0
2022-06-10,Jayakwadi,0.0,76.633
2022-06-11,Jayakwadi,0.0,76.633
2022-06-12,Jayakwadi,0.0,74.161
2022-06-13,Jayakwadi,0.0,73.938
2022-06-14,Jayakwadi,0.0,73.715
2022-06-15,Jayakwadi,0.0,73.492
2022-06-16,Jayakwadi,0.0,73.269
2022-06-17,Jayakwadi,0.0,73.046
2022-06-18,Jayakwadi,0.0,72.823
2022-06-19,Jayakwadi,0.0,72.6
2022-06-20,Jayakwadi,0.0,72.376
2022-06-21,Jayakwadi,0.0,72.153
2022-06-22,Jayakwadi,0.0,71.93
2022-06-23,Jayakwadi,0.0,71.707
2022-06-24,Jayakwadi,0.0,71.484
2022-06-25,Jayakwadi,0.0,71.261
2022-06-26,Jayakwadi,0.0,71.038
2022-06-27,Jayakwadi,0.0,70.815
2022-06-28,Jayakwadi,0.0,70.592
2022-06-29,Jayakwadi,0.0,70.369
2022-06-30,Jayakwadi,0.0,70.146
2022-07-01,Jayakwadi,0.0,69.923
2022-07-02,Jayakwadi,0.0,0.0
2022-07-03,Jayakwadi,0.0,57.916
2022-07-04,Jayakwadi,0.0,0.0
2022-07-05,Jayakwadi,0.0,37.434
2022-07-06,Jayakwadi,0.0,0.0
2022-07-07,Jayakwadi,0.0,25.78
2022-07-08,Jayakwadi,0.0,70.982
2022-07-09,Jayakwadi,0.0,74.161
2022-07-10,Jayakwadi,0.0,76.633
2022-07-11,Jayakwadi,0.0,0.0
2022-07-12,Jayakwadi,0.0,73.808
2022-07-13,Jayakwadi,0.0,73.613
2022-07-14,Jayakwadi,150.45,73.419
2022-07-15,Jayakwadi,0.0,73.225
2022-07-16,Jayakwadi,0.0,73.031
2022-07-17,Jayakwadi,0.0,72.837
2022-07-18,Jayakwadi,0.0,72.642
2022-07-19,Jayakwadi,0.0,72.448
2022-07-20,Jayakwadi,0.0,72.254
2022-07-21,Jayakwadi,0.0,72.06
2022-07-22,Jayakwadi,0.0,71.865
2022-07-23,Jayakwadi,172.61,71.671
2022-07-24,Jayakwadi,159.169,71.477
2022-07-25,Jayakwadi,159.037,71.283
2022-07-26,Jayakwadi,159.881,71.088
2022-07-27,Jayakwadi,512.854,70.894
2022-07-28,Jayakwadi,832.243,70.7
2022-07-29,Jayakwadi,692.382,70.506
2022-07-30,Jayakwadi,293.598,70.312
2022-07-31,Jayakwadi,172.61,70.117
2022-08-01,Jayakwadi,257.0,69.923
2022-08-02,Jayakwadi,255.5,64.273
2022-08-03,Jayakwadi,261.0,57.563
2022-08-04,Jayakwadi,0.0,48.028
2022-08-05,Jayakwadi,272.4,0.0
2022-08-06,Jayakwadi,339.3,0.0
2022-08-07,Jayakwadi,406.2,26.133
2022-08-08,Jayakwadi,473.1,71.689
2022-08-09,Jayakwadi,540.0,74.514
2022-08-10,Jayakwadi,606.9,76.28
2022-08-11,Jayakwadi,639.3,0.0
2022-08-12,Jayakwadi,267.0,73.808
2022-08-13,Jayakwadi,254.3,73.596
2022-08-14,Jayakwadi,904.8,73.384
2022-08-15,Jayakwadi,901.8,73.172
2022-08-16,Jayakwadi,851.5,72.96
2022-08-17,Jayakwadi,822.2,72.748
2022-08-18,Jayakwadi,1306.0,72.536
2022-08-19,Jayakwadi,2412.0,72.324
2022-08-20,Jayakwadi,1241.0,72.113
2022-08-21,Jayakwadi,266.6,71.901
2022-08-22,Jayakwadi,150.3,71.689
2022-08-23,Jayakwadi,204.8,71.477
2022-08-24,Jayakwadi,259.3,71.265
2022-08-25,Jayakwadi,272.4,71.053
2022-08-26,Jayakwadi,848.7,70.841
2022-08-27,Jayakwadi,0.0,70.629
2022-08-28,Jayakwadi,172.61,70.417
2022-08-29,Jayakwadi,0.0,70.206
2022-08-30,Jayakwadi,0.0,69.994
2022-08-31,Jayakwadi,0.0,69.782
2022-09-01,Jayakwadi,174.2,69.57
2022-09-02,Jayakwadi,639.3,63.92
2022-09-03,Jayakwadi,1224.0,57.21
2022-09-04,Jayakwadi,2400.0,47.675
2022-09-05,Jayakwadi,266.6,36.374
2022-09-06,Jayakwadi,565.8,26.839
2022-09-07,Jayakwadi,554.7,26.486
2022-09-08,Jayakwadi,268.7,72.748
2022-09-09,Jayakwadi,257.6,75.573
2022-09-10,Jayakwadi,1155.0,76.633
2022-09-11,Jayakwadi,2220.0,76.633
2022-09-12,Jayakwadi,1019.0,0.0
2022-09-13,Jayakwadi,639.3,0.0
2022-09-14,Jayakwadi,268.7,0.0
2022-09-15,Jayakwadi,489.4,0.0
2022-09-16,Jayakwadi,565.8,0.0
2022-09-17,Jayakwadi,1948.0,0.0
2022-09-18,Jayakwadi,3172.0,0.0
2022-09-19,Jayakwadi,4004.0,0.0
2022-09-20,Jayakwadi,3054.0,0.0
2022-09-21,Jayakwadi,2937.0,0.0
2022-09-22,Jayakwadi,1016.0,0.0
2022-09-23,Jayakwadi,851.5,0.0
2022-09-24,Jayakwadi,767.6,0.0
2022-09-25,Jayakwadi,683.7,0.0
2022-09-26,Jayakwadi,699.4,0.0
2022-09-27,Jayakwadi,484.05,0.0
2022-09-28,Jayakwadi,268.7,0.0
2022-09-29,Jayakwadi,489.4,0.0
2022-09-30,Jayakwadi,570.7,0.0
2022-10-01,Jayakwadi,593.8,0.0
2022-10-02,Jayakwadi,412.8,63.566
2022-10-03,Jayakwadi,525.6,56.857
2022-10-04,Jayakwadi,295.4,47.322
2022-10-05,Jayakwadi,0.0,36.021
2022-10-06,Jayakwadi,0.0,26.486
2022-10-07,Jayakwadi,489.5,26.486
2022-10-08,Jayakwadi,822.2,72.748
2022-10-09,Jayakwadi,589.6,75.573
2022-10-10,Jayakwadi,601.0,76.633
2022-10-11,Jayakwadi,593.6,76.633
2022-10-12,Jayakwadi,912.6,0.0
2022-10-13,Jayakwadi,867.4,0.0
2022-10-14,Jayakwadi,822.2,0.0
2022-10-15,Jayakwadi,1246.0,0.0
2022-10-16,Jayakwadi,822.2,0.0
2022-10-17,Jayakwadi,570.7,0.0
2022-10-18,Jayakwadi,442.6,0.0
2022-10-19,Jayakwadi,1129.0,0.0
2022-10-20,Jayakwadi,1365.0,0.0
2022-10-21,Jayakwadi,1952.0,0.0
2022-10-22,Jayakwadi,3172.0,0.0
2022-10-23,Jayakwadi,851.5,0.0
2022-10-24,Jayakwadi,639.3,0.0
2022-10-25,Jayakwadi,912.6,0.0
2022-10-26,Jayakwadi,912.6,0.0
2022-10-27,Jayakwadi,274.1,0.0
2022-10-28,Jayakwadi,496.0,0.0
2022-10-29,Jayakwadi,542.7,0.0
2022-10-30,Jayakwadi,526.4,0.0
2022-10-31,Jayakwadi,295.4,0.0
2022-11-01,Jayakwadi,525.6,0.0
2022-11-02,Jayakwadi,489.4,63.566
2022-11-03,Jayakwadi,295.4,56.503
2022-11-04,Jayakwadi,0.0,46.969
2022-11-05,Jayakwadi,295.4,0.0
2022-11-06,Jayakwadi,295.4,26.133
2022-11-07,Jayakwadi,526.5,26.839
2022-11-08,Jayakwadi,272.4,72.042
2022-11-09,Jayakwadi,418.8,74.161
2022-11-10,Jayakwadi,0.0,76.633
2022-11-11,Jayakwadi,0.0,76.633
2022-11-12,Jayakwadi,0.0,0.0
2022-11-13,Jayakwadi,0.0,0.0
2022-11-14,Jayakwadi,0.0,0.0
2022-11-15,Jayakwadi,0.0,0.0
2022-11-16,Jayakwadi,268.7,0.0
2022-11-17,Jayakwadi,0.0,0.0
2022-11-18,Jayakwadi,0.0,0.0
2022-11-19,Jayakwadi,0.0,0.0
2022-11-20,Jayakwadi,0.0,0.0
2022-11-21,Jayakwadi,0.0,0.0
2022-11-22,Jayakwadi,0.0,0.0
2022-11-23,Jayakwadi,0.0,0.0
2022-11-24,Jayakwadi,0.0,0.0
2022-11-25,Jayakwadi,0.0,0.0
2022-11-26,Jayakwadi,0.0,0.0
2022-11-27,Jayakwadi,0.0,0.0
2022-11-28,Jayakwadi,0.0,0.0
2022-11-29,Jayakwadi,0.0,0.0
2022-11-30,Jayakwadi,0.0,0.0
2022-12-01,Jayakwadi,0.0,0.0
2022-12-02,Jayakwadi,0.0,0.0
2022-12-03,Jayakwadi,0.0,0.0
2022-12-04,Jayakwadi,0.0,46.615
2022-12-05,Jayakwadi,0.0,0.0
2022-12-06,Jayakwadi,0.0,26.133
2022-12-07,Jayakwadi,0.0,28.605
2022-12-08,Jayakwadi,0.0,72.395
2022-12-09,Jayakwadi,0.0,74.161
2022-12-10,Jayakwadi,0.0,76.633
2022-12-11,Jayakwadi,0.0,76.633
2022-12-12,Jayakwadi,0.0,0.0
2022-12-13,Jayakwadi,0.0,3.443
2022-12-14,Jayakwadi,0.0,6.886
2022-12-15,Jayakwadi,0.0,10.33
2022-12-16,Jayakwadi,0.0,13.773
2022-12-17,Jayakwadi,0.0,17.216
2022-12-18,Jayakwadi,0.0,20.659
2022-12-19,Jayakwadi,0.0,24.102
2022-12-20,Jayakwadi,0.0,27.545
2022-12-21,Jayakwadi,0.0,30.989
2022-12-22,Jayakwadi,0.0,34.432
2022-12-23,Jayakwadi,0.0,37.875
2022-12-24,Jayakwadi,0.0,41.318
2022-12-25,Jayakwadi,0.0,44.761
2022-12-26,Jayakwadi,0.0,48.205
2022-12-27,Jayakwadi,0.0,51.648
2022-12-28,Jayakwadi,0.0,55.091
2022-12-29,Jayakwadi,0.0,58.534
2022-12-30,Jayakwadi,0.0,61.977
2022-12-31,Jayakwadi,0.0,65.42
2023-01-01,Jayakwadi,0.0,68.864
2023-01-02,Jayakwadi,0.0,62.154
2023-01-03,Jayakwadi,0.0,55.797
2023-01-04,Jayakwadi,0.0,46.969
2023-01-05,Jayakwadi,0.0,38.493
2023-01-06,Jayakwadi,0.0,28.605
2023-01-07,Jayakwadi,0.0,20.483
2023-01-08,Jayakwadi,0.0,24.72
2023-01-09,Jayakwadi,0.0,25.78
2023-01-10,Jayakwadi,0.0,34.608
2023-01-11,Jayakwadi,0.0,34.962
2023-01-12,Jayakwadi,0.0,34.608
2023-01-13,Jayakwadi,0.0,36.303
2023-01-14,Jayakwadi,0.0,37.999
2023-01-15,Jayakwadi,0.0,39.694
2023-01-16,Jayakwadi,0.0,41.389
2023-01-17,Jayakwadi,0.0,43.084
2023-01-18,Jayakwadi,0.0,44.779
2023-01-19,Jayakwadi,0.0,46.474
2023-01-20,Jayakwadi,0.0,48.169
2023-01-21,Jayakwadi,0.0,49.864
2023-01-22,Jayakwadi,0.0,51.559
2023-01-23,Jayakwadi,0.0,53.255
2023-01-24,Jayakwadi,0.0,54.95
2023-01-25,Jayakwadi,0.0,56.645
2023-01-26,Jayakwadi,0.0,58.34
2023-01-27,Jayakwadi,0.0,60.035
2023-01-28,Jayakwadi,0.0,61.73
2023-01-29,Jayakwadi,0.0,63.425
2023-01-30,Jayakwadi,0.0,65.12
2023-01-31,Jayakwadi,0.0,66.815
2023-02-01,Jayakwadi,0.0,68.51
2023-02-02,Jayakwadi,0.0,62.154
2023-02-03,Jayakwadi,0.0,55.444
2023-02-04,Jayakwadi,0.0,46.615
2023-02-05,Jayakwadi,0.0,38.14
2023-02-06,Jayakwadi,0.0,28.252
2023-02-07,Jayakwadi,0.0,20.483
2023-02-08,Jayakwadi,0.0,24.72
2023-02-09,Jayakwadi,0.0,25.78
2023-02-10,Jayakwadi,0.0,35.668
2023-02-11,Jayakwadi,0.0,0.0
2023-02-12,Jayakwadi,0.0,35.315
2023-02-13,Jayakwadi,0.0,37.267
2023-02-14,Jayakwadi,0.0,39.22
2023-02-15,Jayakwadi,0.0,41.173
2023-02-16,Jayakwadi,0.0,43.125
2023-02-17,Jayakwadi,0.0,45.078
2023-02-18,Jayakwadi,0.0,47.031
2023-02-19,Jayakwadi,0.0,48.984
2023-02-20,Jayakwadi,0.0,50.936
2023-02-21,Jayakwadi,0.0,52.889
2023-02-22,Jayakwadi,0.0,54.842
2023-02-23,Jayakwadi,0.0,56.794
2023-02-24,Jayakwadi,0.0,58.747
2023-02-25,Jayakwadi,0.0,60.7
2023-02-26,Jayakwadi,0.0,62.652
2023-02-27,Jayakwadi,0.0,64.605
2023-02-28,Jayakwadi,0.0,66.558
2023-03-01,Jayakwadi,0.0,68.51
2023-03-02,Jayakwadi,0.0,61.801
2023-03-03,Jayakwadi,0.0,55.091
2023-03-04,Jayakwadi,0.0,46.262
2023-03-05,Jayakwadi,0.0,38.14
2023-03-06,Jayakwadi,0.0,27.899
2023-03-07,Jayakwadi,0.0,20.483
2023-03-08,Jayakwadi,0.0,25.073
2023-03-09,Jayakwadi,0.0,25.78
2023-03-10,Jayakwadi,0.0,44.496
2023-03-11,Jayakwadi,0.0,34.962
2023-03-12,Jayakwadi,0.0,34.962
2023-03-13,Jayakwadi,0.0,36.621
2023-03-14,Jayakwadi,0.0,38.281
2023-03-15,Jayakwadi,0.0,39.941
2023-03-16,Jayakwadi,0.0,41.601
2023-03-17,Jayakwadi,0.0,43.26
2023-03-18,Jayakwadi,0.0,44.92
2023-03-19,Jayakwadi,0.0,46.58
2023-03-20,Jayakwadi,0.0,48.24
2023-03-21,Jayakwadi,0.0,49.9
2023-03-22,Jayakwadi,0.0,51.559
2023-03-23,Jayakwadi,0.0,53.219
2023-03-24,Jayakwadi,0.0,54.879
2023-03-25,Jayakwadi,0.0,56.539
2023-03-26,Jayakwadi,0.0,58.199
2023-03-27,Jayakwadi,0.0,59.858
2023-03-28,Jayakwadi,0.0,61.518
2023-03-29,Jayakwadi,0.0,63.178
2023-03-30,Jayakwadi,0.0,64.838
2023-03-31,Jayakwadi,0.0,66.498
2023-04-01,Jayakwadi,0.0,68.157
2023-04-02,Jayakwadi,0.0,61.801
2023-04-03,Jayakwadi,0.0,54.738
2023-04-04,Jayakwadi,0.0,45.909
2023-04-05,Jayakwadi,0.0,37.787
2023-04-06,Jayakwadi,0.0,27.545
2023-04-07,Jayakwadi,0.0,20.483
2023-04-08,Jayakwadi,0.0,25.073
2023-04-09,Jayakwadi,0.0,25.427
2023-04-10,Jayakwadi,0.0,47.675
2023-04-11,Jayakwadi,0.0,34.962
2023-04-12,Jayakwadi,0.0,34.962
2023-04-13,Jayakwadi,0.0,36.709
2023-04-14,Jayakwadi,0.0,38.456
2023-04-15,Jayakwadi,0.0,40.203
2023-04-16,Jayakwadi,0.0,41.95
2023-04-17,Jayakwadi,0.0,43.697
2023-04-18,Jayakwadi,0.0,45.444
2023-04-19,Jayakwadi,0.0,47.192
2023-04-20,Jayakwadi,0.0,48.939
2023-04-21,Jayakwadi,0.0,50.686
2023-04-22,Jayakwadi,0.0,52.433
2023-04-23,Jayakwadi,0.0,54.18
2023-04-24,Jayakwadi,0.0,55.927
2023-04-25,Jayakwadi,0.0,57.674
2023-04-26,Jayakwadi,0.0,59.422
2023-04-27,Jayakwadi,0.0,61.169
2023-04-28,Jayakwadi,0.0,62.916
2023-04-29,Jayakwadi,0.0,64.663
2023-04-30,Jayakwadi,0.0,66.41
2023-05-01,Jayakwadi,0.0,68.157
2023-05-02,Jayakwadi,0.0,61.448
2023-05-03,Jayakwadi,0.0,54.385
2023-05-04,Jayakwadi,0.0,45.556
2023-05-05,Jayakwadi,0.0,37.787
2023-05-06,Jayakwadi,0.0,27.192
2023-05-07,Jayakwadi,0.0,20.483
2023-05-08,Jayakwadi,0.0,25.073
2023-05-09,Jayakwadi,0.0,25.427
2023-05-10,Jayakwadi,0.0,36.727
2023-05-11,Jayakwadi,0.0,34.962
2023-05-12,Jayakwadi,0.0,34.962
2023-05-13,Jayakwadi,0.0,33.549
2023-05-14,Jayakwadi,0.0,32.136
2023-05-15,Jayakwadi,0.0,30.724
2023-05-16,Jayakwadi,0.0,29.311
2023-05-17,Jayakwadi,0.0,27.899
2023-05-18,Jayakwadi,0.0,26.486
2023-05-19,Jayakwadi,0.0,25.073
2023-05-20,Jayakwadi,0.0,23.661
2023-05-21,Jayakwadi,0.0,22.248
2023-05-22,Jayakwadi,0.0,20.836
2023-05-23,Jayakwadi,0.0,19.423
2023-05-24,Jayakwadi,0.0,18.01
2023-05-25,Jayakwadi,0.0,16.598
2023-05-26,Jayakwadi,0.0,15.185
2023-05-27,Jayakwadi,0.0,13.773
2023-05-28,Jayakwadi,0.0,12.36
2023-05-29,Jayakwadi,0.0,10.948
2023-05-30,Jayakwadi,0.0,9.535
2023-05-31,Jayakwadi,0.0,8.122
2023-06-01,Jayakwadi,0.0,6.71
2023-06-02,Jayakwadi,0.0,61.448
2023-06-03,Jayakwadi,0.0,54.031
2023-06-04,Jayakwadi,0.0,45.203
2023-06-05,Jayakwadi,0.0,37.434
2023-06-06,Jayakwadi,0.0,27.192
2023-06-07,Jayakwadi,0.0,20.483
2023-06-08,Jayakwadi,0.0,25.427
2023-06-09,Jayakwadi,0.0,25.427
2023-06-10,Jayakwadi,0.0,36.727
2023-06-11,Jayakwadi,0.0,34.608
2023-06-12,Jayakwadi,0.0,34.962
2023-06-13,Jayakwadi,0.0,33.475
2023-06-14,Jayakwadi,0.0,31.988
2023-06-15,Jayakwadi,0.0,30.501
2023-06-16,Jayakwadi,0.0,29.014
2023-06-17,Jayakwadi,0.0,27.527
2023-06-18,Jayakwadi,0.0,26.04
2023-06-19,Jayakwadi,0.0,24.553
2023-06-20,Jayakwadi,0.0,23.066
2023-06-21,Jayakwadi,0.0,21.579
2023-06-22,Jayakwadi,0.0,20.092
2023-06-23,Jayakwadi,0.0,18.605
2023-06-24,Jayakwadi,0.0,17.118
2023-06-25,Jayakwadi,0.0,15.631
2023-06-26,Jayakwadi,0.0,14.144
2023-06-27,Jayakwadi,0.0,12.658
2023-06-28,Jayakwadi,0.0,11.171
2023-06-29,Jayakwadi,0.0,9.684
2023-06-30,Jayakwadi,0.0,8.197
2023-07-01,Jayakwadi,0.0,6.71
2023-07-02,Jayakwadi,0.0,61.094
2023-07-03,Jayakwadi,0.0,53.678
2023-07-04,Jayakwadi,0.0,44.85
2023-07-05,Jayakwadi,0.0,37.08
2023-07-06,Jayakwadi,0.0,26.839
2023-07-07,Jayakwadi,0.0,20.483
2023-07-08,Jayakwadi,0.0,25.427
2023-07-09,Jayakwadi,0.0,0.0
2023-07-10,Jayakwadi,0.0,36.727
2023-07-11,Jayakwadi,0.0,34.608
2023-07-12,Jayakwadi,0.0,34.608
2023-07-13,Jayakwadi,0.0,33.213
2023-07-14,Jayakwadi,0.0,31.819
2023-07-15,Jayakwadi,0.0,30.424
2023-07-16,Jayakwadi,0.0,29.029
2023-07-17,Jayakwadi,0.0,27.634
2023-07-18,Jayakwadi,0.0,26.239
2023-07-19,Jayakwadi,0.0,24.844
2023-07-20,Jayakwadi,0.0,23.449
2023-07-21,Jayakwadi,0.0,22.054
2023-07-22,Jayakwadi,0.0,20.659
2023-07-23,Jayakwadi,0.0,19.264
2023-07-24,Jayakwadi,0.0,17.869
2023-07-25,Jayakwadi,0.0,16.474
2023-07-26,Jayakwadi,0.0,15.079
2023-07-27,Jayakwadi,0.0,13.684
2023-07-28,Jayakwadi,0.0,12.29
2023-07-29,Jayakwadi,0.0,10.895
2023-07-30,Jayakwadi,0.0,9.5
2023-07-31,Jayakwadi,0.0,8.105
2023-08-01,Jayakwadi,0.0,6.71
2023-08-02,Jayakwadi,0.0,61.094
2023-08-03,Jayakwadi,0.0,53.325
2023-08-04,Jayakwadi,0.0,44.496
2023-08-05,Jayakwadi,0.0,36.727
2023-08-06,Jayakwadi,0.0,26.486
2023-08-07,Jayakwadi,0.0,20.483
2023-08-08,Jayakwadi,0.0,25.78
2023-08-09,Jayakwadi,0.0,24.72
2023-08-10,Jayakwadi,0.0,36.727
2023-08-11,Jayakwadi,0.0,34.608
2023-08-12,Jayakwadi,0.0,34.608
2023-08-13,Jayakwadi,0.0,33.213
2023-08-14,Jayakwadi,0.0,31.819
2023-08-15,Jayakwadi,0.0,30.424
2023-08-16,Jayakwadi,0.0,29.029
2023-08-17,Jayakwadi,0.0,27.634
2023-08-18,Jayakwadi,0.0,26.239
2023-08-19,Jayakwadi,0.0,24.844
2023-08-20,Jayakwadi,0.0,23.449
2023-08-21,Jayakwadi,0.0,22.054
2023-08-22,Jayakwadi,0.0,20.659
2023-08-23,Jayakwadi,0.0,19.264
2023-08-24,Jayakwadi,0.0,17.869
2023-08-25,Jayakwadi,0.0,16.474
2023-08-26,Jayakwadi,0.0,15.079
2023-08-27,Jayakwadi,0.0,13.684
2023-08-28,Jayakwadi,0.0,12.29
2023-08-29,Jayakwadi,0.0,10.895
2023-08-30,Jayakwadi,0.0,9.5
2023-08-31,Jayakwadi,0.0,8.105
2023-09-01,Jayakwadi,0.0,6.71
2023-09-02,Jayakwadi,0.0,60.741
2023-09-03,Jayakwadi,0.0,52.972
2023-09-04,Jayakwadi,0.0,44.143
2023-09-05,Jayakwadi,0.0,36.374
2023-09-06,Jayakwadi,0.0,26.133
2023-09-07,Jayakwadi,0.0,20.483
2023-09-08,Jayakwadi,0.0,25.78
2023-09-09,Jayakwadi,0.0,25.073
2023-09-10,Jayakwadi,0.0,36.727
2023-09-11,Jayakwadi,0.0,34.255
2023-09-12,Jayakwadi,0.0,34.608
2023-09-13,Jayakwadi,0.0,33.14
2023-09-14,Jayakwadi,0.0,31.672
2023-09-15,Jayakwadi,0.0,30.203
2023-09-16,Jayakwadi,0.0,28.735
2023-09-17,Jayakwadi,0.0,27.267
2023-09-18,Jayakwadi,0.0,25.798
2023-09-19,Jayakwadi,0.0,24.33
2023-09-20,Jayakwadi,0.0,22.862
2023-09-21,Jayakwadi,0.0,21.393
2023-09-22,Jayakwadi,0.0,19.925
2023-09-23,Jayakwadi,0.0,18.457
2023-09-24,Jayakwadi,0.0,16.988
2023-09-25,Jayakwadi,0.0,15.52
2023-09-26,Jayakwadi,0.0,14.052
2023-09-27,Jayakwadi,0.0,12.583
2023-09-28,Jayakwadi,0.0,11.115
2023-09-29,Jayakwadi,0.0,9.646
2023-09-30,Jayakwadi,0.0,8.178
2023-10-01,Jayakwadi,0.0,6.71
2023-10-02,Jayakwadi,0.0,60.388
2023-10-03,Jayakwadi,0.0,52.619
2023-10-04,Jayakwadi,0.0,44.143
2023-10-05,Jayakwadi,0.0,36.374
2023-10-06,Jayakwadi,0.0,25.78
2023-10-07,Jayakwadi,0.0,20.483
2023-10-08,Jayakwadi,0.0,26.133
2023-10-09,Jayakwadi,0.0,25.427
2023-10-10,Jayakwadi,0.0,36.374
2023-10-11,Jayakwadi,0.0,34.255
2023-10-12,Jayakwadi,0.0,34.608
2023-10-13,Jayakwadi,0.0,33.213
2023-10-14,Jayakwadi,0.0,31.819
2023-10-15,Jayakwadi,0.0,30.424
2023-10-16,Jayakwadi,0.0,29.029
2023-10-17,Jayakwadi,0.0,27.634
2023-10-18,Jayakwadi,0.0,26.239
2023-10-19,Jayakwadi,0.0,24.844
2023-10-20,Jayakwadi,0.0,23.449
2023-10-21,Jayakwadi,0.0,22.054
2023-10-22,Jayakwadi,0.0,20.659
2023-10-23,Jayakwadi,0.0,19.264
2023-10-24,Jayakwadi,0.0,17.869
2023-10-25,Jayakwadi,0.0,16.474
2023-10-26,Jayakwadi,0.0,15.079
2023-10-27,Jayakwadi,0.0,13.684
2023-10-28,Jayakwadi,0.0,12.29
2023-10-29,Jayakwadi,0.0,10.895
2023-10-30,Jayakwadi,0.0,9.5
2023-10-31,Jayakwadi,0.0,8.105
2023-11-01,Jayakwadi,0.0,6.71
2023-11-02,Jayakwadi,0.0,60.388
2023-11-03,Jayakwadi,0.0,52.266
2023-11-04,Jayakwadi,0.0,43.79
2023-11-05,Jayakwadi,0.0,36.021
2023-11-06,Jayakwadi,0.0,25.78
2023-11-07,Jayakwadi,0.0,20.483
2023-11-08,Jayakwadi,0.0,26.133
2023-11-09,Jayakwadi,0.0,26.133
2023-11-10,Jayakwadi,0.0,36.374
2023-11-11,Jayakwadi,0.0,33.902
2023-11-12,Jayakwadi,0.0,34.255
2023-11-13,Jayakwadi,0.0,35.947
2023-11-14,Jayakwadi,0.0,37.638
2023-11-15,Jayakwadi,0.0,39.329
2023-11-16,Jayakwadi,0.0,41.021
2023-11-17,Jayakwadi,0.0,42.712
2023-11-18,Jayakwadi,0.0,44.404
2023-11-19,Jayakwadi,0.0,46.095
2023-11-20,Jayakwadi,0.0,47.786
2023-11-21,Jayakwadi,0.0,49.478
2023-11-22,Jayakwadi,0.0,51.169
2023-11-23,Jayakwadi,0.0,52.86
2023-11-24,Jayakwadi,0.0,54.552
2023-11-25,Jayakwadi,0.0,56.243
2023-11-26,Jayakwadi,0.0,57.935
2023-11-27,Jayakwadi,0.0,59.626
2023-11-28,Jayakwadi,0.0,61.317
2023-11-29,Jayakwadi,0.0,63.009
2023-11-30,Jayakwadi,0.0,64.7
2023-12-01,Jayakwadi,0.0,66.392
2023-12-02,Jayakwadi,0.0,60.035
2023-12-03,Jayakwadi,0.0,51.913
2023-12-04,Jayakwadi,0.0,43.437
2023-12-05,Jayakwadi,0.0,35.668
2023-12-06,Jayakwadi,0.0,25.427
2023-12-07,Jayakwadi,0.0,20.836
2023-12-08,Jayakwadi,0.0,26.133
2023-12-09,Jayakwadi,0.0,26.486
2023-12-10,Jayakwadi,0.0,36.374
2023-12-11,Jayakwadi,0.0,33.902
2023-12-12,Jayakwadi,0.0,34.255
2023-12-13,Jayakwadi,0.0,34.185
2023-12-14,Jayakwadi,0.0,34.114
2023-12-15,Jayakwadi,0.0,34.043
2023-12-16,Jayakwadi,0.0,33.973
2023-12-17,Jayakwadi,0.0,33.902
2023-12-18,Jayakwadi,0.0,33.831
2023-12-19,Jayakwadi,0.0,33.761
2023-12-20,Jayakwadi,0.0,33.69
2023-12-21,Jayakwadi,0.0,33.62
2023-12-22,Jayakwadi,0.0,33.549
2023-12-23,Jayakwadi,0.0,33.478
2023-12-24,Jayakwadi,0.0,33.408
2023-12-25,Jayakwadi,0.0,33.337
2023-12-26,Jayakwadi,0.0,33.266
2023-12-27,Jayakwadi,0.0,33.196
2023-12-28,Jayakwadi,0.0,33.125
2023-12-29,Jayakwadi,0.0,33.055
2023-12-30,Jayakwadi,0.0,32.984
2023-12-31,Jayakwadi,0.0,32.913
2024-01-01,Jayakwadi,0.0,32.843
2024-01-02,Jayakwadi,0.0,28.958
2024-01-03,Jayakwadi,0.0,19.776
2024-01-04,Jayakwadi,0.0,15.892
2024-01-05,Jayakwadi,0.0,6.71
2024-01-06,Jayakwadi,0.0,6.461
2024-01-07,Jayakwadi,0.0,6.213
2024-01-08,Jayakwadi,0.0,5.964
2024-01-09,Jayakwadi,0.0,5.716
2024-01-10,Jayakwadi,0.0,5.467
2024-01-11,Jayakwadi,0.0,5.219
2024-01-12,Jayakwadi,0.0,4.97
2024-01-13,Jayakwadi,0.0,4.722
2024-01-14,Jayakwadi,0.0,4.473
2024-01-15,Jayakwadi,0.0,4.225
2024-01-16,Jayakwadi,0.0,3.976
2024-01-17,Jayakwadi,0.0,3.728
2024-01-18,Jayakwadi,0.0,3.479
2024-01-19,Jayakwadi,0.0,3.231
2024-01-20,Jayakwadi,0.0,2.982
2024-01-21,Jayakwadi,0.0,2.734
2024-01-22,Jayakwadi,0.0,2.485
2024-01-23,Jayakwadi,0.0,2.237
2024-01-24,Jayakwadi,0.0,1.988
2024-01-25,Jayakwadi,0.0,1.74
2024-01-26,Jayakwadi,0.0,1.491
2024-01-27,Jayakwadi,0.0,1.243
2024-01-28,Jayakwadi,0.0,0.994
2024-01-29,Jayakwadi,0.0,0.746
2024-01-30,Jayakwadi,0.0,0.497
2024-01-31,Jayakwadi,0.0,0.249
2024-02-01,Jayakwadi,0.0,0.0
2024-02-02,Jayakwadi,0.0,28.605
2024-02-03,Jayakwadi,0.0,19.776
2024-02-04,Jayakwadi,0.0,15.538
2024-02-05,Jayakwadi,0.0,6.357
2024-02-06,Jayakwadi,0.0,7.416
2024-02-07,Jayakwadi,0.0,8.476
2024-02-08,Jayakwadi,0.0,9.535
2024-02-09,Jayakwadi,0.0,10.594
2024-02-10,Jayakwadi,0.0,11.654
2024-02-11,Jayakwadi,0.0,12.713
2024-02-12,Jayakwadi,0.0,13.773
2024-02-13,Jayakwadi,0.0,14.832
2024-02-14,Jayakwadi,0.0,15.892
2024-02-15,Jayakwadi,0.0,16.951
2024-02-16,Jayakwadi,0.0,18.01
2024-02-17,Jayakwadi,0.0,19.07
2024-02-18,Jayakwadi,0.0,20.129
2024-02-19,Jayakwadi,0.0,21.189
2024-02-20,Jayakwadi,0.0,22.248
2024-02-21,Jayakwadi,0.0,23.308
2024-02-22,Jayakwadi,0.0,24.367
2024-02-23,Jayakwadi,0.0,25.427
2024-02-24,Jayakwadi,0.0,26.486
2024-02-25,Jayakwadi,0.0,27.545
2024-02-26,Jayakwadi,0.0,28.605
2024-02-27,Jayakwadi,0.0,29.664
2024-02-28,Jayakwadi,0.0,30.724
2024-02-29,Jayakwadi,0.0,31.783
2024-03-01,Jayakwadi,0.0,32.843
2024-03-02,Jayakwadi,0.0,28.252
2024-03-03,Jayakwadi,0.0,19.423
2024-03-04,Jayakwadi,0.0,15.185
2024-03-05,Jayakwadi,0.0,6.357
2024-03-06,Jayakwadi,0.0,7.338
2024-03-07,Jayakwadi,0.0,8.319
2024-03-08,Jayakwadi,0.0,9.3
2024-03-09,Jayakwadi,0.0,10.28
2024-03-10,Jayakwadi,0.0,11.261
2024-03-11,Jayakwadi,0.0,12.242
2024-03-12,Jayakwadi,0.0,13.223
2024-03-13,Jayakwadi,0.0,14.204
2024-03-14,Jayakwadi,0.0,15.185
2024-03-15,Jayakwadi,0.0,16.166
2024-03-16,Jayakwadi,0.0,17.147
2024-03-17,Jayakwadi,0.0,18.128
2024-03-18,Jayakwadi,0.0,19.109
2024-03-19,Jayakwadi,0.0,20.09
2024-03-20,Jayakwadi,0.0,21.071
2024-03-21,Jayakwadi,0.0,22.052
2024-03-22,Jayakwadi,0.0,23.033
2024-03-23,Jayakwadi,0.0,24.014
2024-03-24,Jayakwadi,0.0,24.995
2024-03-25,Jayakwadi,0.0,25.976
2024-03-26,Jayakwadi,0.0,26.957
2024-03-27,Jayakwadi,0.0,27.938
2024-03-28,Jayakwadi,0.0,28.919
2024-03-29,Jayakwadi,0.0,29.9
2024-03-30,Jayakwadi,0.0,30.881
2024-03-31,Jayakwadi,0.0,31.862
2024-04-01,Jayakwadi,0.0,32.843
2024-04-02,Jayakwadi,0.0,28.252
2024-04-03,Jayakwadi,0.0,19.07
2024-04-04,Jayakwadi,0.0,14.832
2024-04-05,Jayakwadi,0.0,6.003
2024-04-06,Jayakwadi,0.0,7.022
2024-04-07,Jayakwadi,0.0,8.041
2024-04-08,Jayakwadi,0.0,9.06
2024-04-09,Jayakwadi,0.0,10.078
2024-04-10,Jayakwadi,0.0,11.097
2024-04-11,Jayakwadi,0.0,12.116
2024-04-12,Jayakwadi,0.0,13.134
2024-04-13,Jayakwadi,0.0,14.153
2024-04-14,Jayakwadi,0.0,15.172
2024-04-15,Jayakwadi,0.0,16.19
2024-04-16,Jayakwadi,0.0,17.209
2024-04-17,Jayakwadi,0.0,18.228
2024-04-18,Jayakwadi,0.0,19.246
2024-04-19,Jayakwadi,0.0,20.265
2024-04-20,Jayakwadi,0.0,21.284
2024-04-21,Jayakwadi,0.0,22.303
2024-04-22,Jayakwadi,0.0,23.321
2024-04-23,Jayakwadi,0.0,24.34
2024-04-24,Jayakwadi,0.0,25.359
2024-04-25,Jayakwadi,0.0,26.377
2024-04-26,Jayakwadi,0.0,27.396
2024-04-27,Jayakwadi,0.0,28.415
2024-04-28,Jayakwadi,0.0,29.433
2024-04-29,Jayakwadi,0.0,30.452
2024-04-30,Jayakwadi,0.0,31.471
2024-05-01,Jayakwadi,0.0,32.489
2024-05-02,Jayakwadi,0.0,27.899
2024-05-03,Jayakwadi,0.0,19.423
2024-05-04,Jayakwadi,0.0,14.832
2024-05-05,Jayakwadi,0.0,6.003
2024-05-06,Jayakwadi,0.0,6.984
2024-05-07,Jayakwadi,0.0,7.965
2024-05-08,Jayakwadi,0.0,8.946
2024-05-09,Jayakwadi,0.0,9.927
2024-05-10,Jayakwadi,0.0,10.908
2024-05-11,Jayakwadi,0.0,11.889
2024-05-12,Jayakwadi,0.0,12.87
2024-05-13,Jayakwadi,0.0,13.851
2024-05-14,Jayakwadi,0.0,14.832
2024-05-15,Jayakwadi,0.0,15.813
2024-05-16,Jayakwadi,0.0,16.794
2024-05-17,Jayakwadi,0.0,17.775
2024-05-18,Jayakwadi,0.0,18.756
2024-05-19,Jayakwadi,0.0,19.737
2024-05-20,Jayakwadi,0.0,20.718
2024-05-21,Jayakwadi,0.0,21.699
2024-05-22,Jayakwadi,0.0,22.68
2024-05-23,Jayakwadi,0.0,23.661
2024-05-24,Jayakwadi,0.0,24.642
2024-05-25,Jayakwadi,0.0,25.623
2024-05-26,Jayakwadi,0.0,26.604
2024-05-27,Jayakwadi,0.0,27.585
2024-05-28,Jayakwadi,0.0,28.566
2024-05-29,Jayakwadi,0.0,29.547
2024-05-30,Jayakwadi,0.0,30.528
2024-05-31,Jayakwadi,0.0,31.509
2024-06-01,Jayakwadi,0.0,32.489
2024-06-02,Jayakwadi,0.0,27.545
2024-06-03,Jayakwadi,0.0,19.07
2024-06-04,Jayakwadi,0.0,14.479
2024-06-05,Jayakwadi,0.0,5.65
2024-06-06,Jayakwadi,0.0,6.683
2024-06-07,Jayakwadi,0.0,7.715
2024-06-08,Jayakwadi,0.0,8.747
2024-06-09,Jayakwadi,0.0,9.779
2024-06-10,Jayakwadi,0.0,10.812
2024-06-11,Jayakwadi,0.0,11.844
2024-06-12,Jayakwadi,0.0,12.876
2024-06-13,Jayakwadi,0.0,13.909
2024-06-14,Jayakwadi,0.0,14.941
2024-06-15,Jayakwadi,0.0,15.973
2024-06-16,Jayakwadi,0.0,17.005
2024-06-17,Jayakwadi,0.0,18.038
2024-06-18,Jayakwadi,0.0,19.07
2024-06-19,Jayakwadi,0.0,20.102
2024-06-20,Jayakwadi,0.0,21.134
2024-06-21,Jayakwadi,0.0,22.167
2024-06-22,Jayakwadi,0.0,23.199
2024-06-23,Jayakwadi,0.0,24.231
2024-06-24,Jayakwadi,0.0,25.264
2024-06-25,Jayakwadi,0.0,26.296
2024-06-26,Jayakwadi,0.0,27.328
2024-06-27,Jayakwadi,0.0,28.36
2024-06-28,Jayakwadi,0.0,29.393
2024-06-29,Jayakwadi,0.0,30.425
2024-06-30,Jayakwadi,0.0,31.457
2024-07-01,Jayakwadi,0.0,32.489
2024-07-02,Jayakwadi,0.0,27.192
2024-07-03,Jayakwadi,0.0,19.07
2024-07-04,Jayakwadi,0.0,14.126
2024-07-05,Jayakwadi,0.0,5.65
2024-07-06,Jayakwadi,0.0,6.644
2024-07-07,Jayakwadi,0.0,7.638
2024-07-08,Jayakwadi,0.0,8.632
2024-07-09,Jayakwadi,0.0,9.627
2024-07-10,Jayakwadi,0.0,10.621
2024-07-11,Jayakwadi,0.0,11.615
2024-07-12,Jayakwadi,0.0,12.609
2024-07-13,Jayakwadi,0.0,13.603
2024-07-14,Jayakwadi,0.0,14.597
2024-07-15,Jayakwadi,0.0,15.591
2024-07-16,Jayakwadi,0.0,16.585
2024-07-17,Jayakwadi,0.0,17.579
2024-07-18,Jayakwadi,0.0,18.573
2024-07-19,Jayakwadi,0.0,19.567
2024-07-20,Jayakwadi,0.0,20.561
2024-07-21,Jayakwadi,0.0,21.555
2024-07-22,Jayakwadi,0.0,22.549
2024-07-23,Jayakwadi,0.0,23.543
2024-07-24,Jayakwadi,0.0,24.537
2024-07-25,Jayakwadi,0.0,25.531
2024-07-26,Jayakwadi,0.0,26.525
2024-07-27,Jayakwadi,0.0,27.519
2024-07-28,Jayakwadi,0.0,28.513
2024-07-29,Jayakwadi,0.0,29.507
2024-07-30,Jayakwadi,0.0,30.501
2024-07-31,Jayakwadi,0.0,31.495
2024-08-01,Jayakwadi,0.0,32.489
2024-08-02,Jayakwadi,0.0,26.839
2024-08-03,Jayakwadi,0.0,19.07
2024-08-04,Jayakwadi,0.0,13.773
2024-08-05,Jayakwadi,0.0,5.65
2024-08-06,Jayakwadi,0.0,6.644
2024-08-07,Jayakwadi,0.0,7.638
2024-08-08,Jayakwadi,0.0,8.632
2024-08-09,Jayakwadi,0.0,9.627
2024-08-10,Jayakwadi,0.0,10.621
2024-08-11,Jayakwadi,0.0,11.615
2024-08-12,Jayakwadi,0.0,12.609
2024-08-13,Jayakwadi,0.0,13.603
2024-08-14,Jayakwadi,0.0,14.597
2024-08-15,Jayakwadi,0.0,15.591
2024-08-16,Jayakwadi,0.0,16.585
2024-08-17,Jayakwadi,0.0,17.579
2024-08-18,Jayakwadi,0.0,18.573
2024-08-19,Jayakwadi,0.0,19.567
2024-08-20,Jayakwadi,0.0,20.561
2024-08-21,Jayakwadi,0.0,21.555
2024-08-22,Jayakwadi,0.0,22.549
2024-08-23,Jayakwadi,0.0,23.543
2024-08-24,Jayakwadi,0.0,24.537
2024-08-25,Jayakwadi,0.0,25.531
2024-08-26,Jayakwadi,0.0,26.525
2024-08-27,Jayakwadi,0.0,27.519
2024-08-28,Jayakwadi,0.0,28.513
2024-08-29,Jayakwadi,0.0,29.507
2024-08-30,Jayakwadi,0.0,30.501
2024-08-31,Jayakwadi,0.0,31.495
2024-09-01,Jayakwadi,0.0,32.489
2024-09-02,Jayakwadi,1947.725,26.486
2024-09-03,Jayakwadi,833.057,19.07
2024-09-04,Jayakwadi,0.0,13.42
2024-09-05,Jayakwadi,0.0,5.65
2024-09-06,Jayakwadi,0.0,6.683
2024-09-07,Jayakwadi,0.0,7.715
2024-09-08,Jayakwadi,0.0,8.747
2024-09-09,Jayakwadi,0.0,9.779
2024-09-10,Jayakwadi,266.165,10.812
2024-09-11,Jayakwadi,266.165,11.844
2024-09-12,Jayakwadi,366.165,12.876
2024-09-13,Jayakwadi,0.0,13.909
2024-09-14,Jayakwadi,0.0,14.941
2024-09-15,Jayakwadi,0.0,15.973
2024-09-16,Jayakwadi,0.0,17.005
2024-09-17,Jayakwadi,0.0,18.038
2024-09-18,Jayakwadi,0.0,19.07
2024-09-19,Jayakwadi,0.0,20.102
2024-09-20,Jayakwadi,0.0,21.134
2024-09-21,Jayakwadi,0.0,22.167
2024-09-22,Jayakwadi,0.0,23.199
2024-09-23,Jayakwadi,491.311,24.231
2024-09-24,Jayakwadi,0.0,25.264
2024-09-25,Jayakwadi,491.311,26.296
2024-09-26,Jayakwadi,635.54,27.328
2024-09-27,Jayakwadi,1113.531,28.36
2024-09-28,Jayakwadi,519.68,29.393
2024-09-29,Jayakwadi,592.0,30.425
2024-09-30,Jayakwadi,598.697,31.457
2024-10-01,Jayakwadi,691.666,32.489
2024-10-02,Jayakwadi,252.0,26.133
2024-10-03,Jayakwadi,256.495,19.07
2024-10-04,Jayakwadi,0.0,13.42
2024-10-05,Jayakwadi,0.0,5.297
2024-10-06,Jayakwadi,0.0,6.304
2024-10-07,Jayakwadi,0.0,7.311
2024-10-08,Jayakwadi,256.495,8.319
2024-10-09,Jayakwadi,0.0,9.326
2024-10-10,Jayakwadi,0.0,10.333
2024-10-11,Jayakwadi,0.0,11.34
2024-10-12,Jayakwadi,0.0,12.347
2024-10-13,Jayakwadi,0.0,13.354
2024-10-14,Jayakwadi,0.0,14.361
2024-10-15,Jayakwadi,519.68,15.368
2024-10-16,Jayakwadi,0.0,16.376
2024-10-17,Jayakwadi,0.0,17.383
2024-10-18,Jayakwadi,159.169,18.39
2024-10-19,Jayakwadi,248.368,19.397
2024-10-20,Jayakwadi,0.0,20.404
2024-10-21,Jayakwadi,254.378,21.411
2024-10-22,Jayakwadi,806.66,22.418
2024-10-23,Jayakwadi,0.0,23.425
2024-10-24,Jayakwadi,256.495,24.433
2024-10-25,Jayakwadi,151.966,25.44
2024-10-26,Jayakwadi,254.378,26.447
2024-10-27,Jayakwadi,0.0,27.454
2024-10-28,Jayakwadi,151.966,28.461
2024-10-29,Jayakwadi,248.368,29.468
2024-10-30,Jayakwadi,256.495,30.475
2024-10-31,Jayakwadi,0.0,31.482
2024-11-01,Jayakwadi,0.0,32.489
2024-11-02,Jayakwadi,0.0,25.78
2024-11-03,Jayakwadi,0.0,18.717
2024-11-04,Jayakwadi,0.0,0.0
2024-11-05,Jayakwadi,0.0,5.297
2024-11-06,Jayakwadi,0.0,6.329
2024-11-07,Jayakwadi,0.0,7.362
2024-11-08,Jayakwadi,0.0,8.394
2024-11-09,Jayakwadi,0.0,9.426
2024-11-10,Jayakwadi,0.0,10.459
2024-11-11,Jayakwadi,0.0,11.491
2024-11-12,Jayakwadi,0.0,12.523
2024-11-13,Jayakwadi,0.0,13.555
2024-11-14,Jayakwadi,0.0,14.588
2024-11-15,Jayakwadi,0.0,15.62
2024-11-16,Jayakwadi,0.0,16.652
2024-11-17,Jayakwadi,0.0,17.684
2024-11-18,Jayakwadi,0.0,18.717
2024-11-19,Jayakwadi,0.0,19.749
2024-11-20,Jayakwadi,0.0,20.781
2024-11-21,Jayakwadi,0.0,21.814
2024-11-22,Jayakwadi,0.0,22.846
2024-11-23,Jayakwadi,0.0,23.878
2024-11-24,Jayakwadi,0.0,24.91
2024-11-25,Jayakwadi,0.0,25.943
2024-11-26,Jayakwadi,0.0,26.975
2024-11-27,Jayakwadi,0.0,28.007
2024-11-28,Jayakwadi,0.0,29.04
2024-11-29,Jayakwadi,0.0,30.072
2024-11-30,Jayakwadi,0.0,31.104
2024-12-01,Jayakwadi,0.0,32.136
2024-12-02,Jayakwadi,0.0,25.427
2024-12-03,Jayakwadi,0.0,18.717
2024-12-04,Jayakwadi,0.0,12.713
2024-12-05,Jayakwadi,0.0,5.297
2024-12-06,Jayakwadi,0.0,5.838
2024-12-07,Jayakwadi,0.0,6.379
2024-12-08,Jayakwadi,0.0,6.919
2024-12-09,Jayakwadi,0.0,7.46
2024-12-10,Jayakwadi,0.0,8.001
2024-12-11,Jayakwadi,0.0,8.542
2024-12-12,Jayakwadi,0.0,9.082
2024-12-13,Jayakwadi,0.0,9.623
2024-12-14,Jayakwadi,0.0,10.164
2024-12-15,Jayakwadi,0.0,10.705
2024-12-16,Jayakwadi,0.0,11.246
2024-12-17,Jayakwadi,0.0,11.786
2024-12-18,Jayakwadi,0.0,12.327
2024-12-19,Jayakwadi,0.0,12.868
2024-12-20,Jayakwadi,0.0,13.409
2024-12-21,Jayakwadi,0.0,13.949
2024-12-22,Jayakwadi,0.0,14.49
2024-12-23,Jayakwadi,0.0,15.031
2024-12-24,Jayakwadi,0.0,15.572
2024-12-25,Jayakwadi,0.0,16.112
2024-12-26,Jayakwadi,0.0,16.653
2024-12-27,Jayakwadi,0.0,17.194
2024-12-28,Jayakwadi,0.0,17.735
2024-12-29,Jayakwadi,0.0,18.275
2024-12-30,Jayakwadi,0.0,18.816
2024-12-31,Jayakwadi,0.0,19.357
