Date,Reservoir_Name,Inflow (cusecs/cumecs),Storage (TMC/MCM)
2010-01-01,Almatti,0.0,91.465
2010-01-02,Almatti,0.0,92.942
2010-01-03,Almatti,0.0,94.419
2010-01-04,Almatti,0.0,95.895
2010-01-05,Almatti,0.0,97.372
2010-01-06,Almatti,0.0,98.849
2010-01-07,Almatti,0.0,100.326
2010-01-08,Almatti,0.0,101.803
2010-01-09,Almatti,0.0,103.279
2010-01-10,Almatti,0.0,104.756
2010-01-11,Almatti,0.0,106.233
2010-01-12,Almatti,0.0,107.71
2010-01-13,Almatti,0.0,106.88
2010-01-14,Almatti,0.0,106.05
2010-01-15,Almatti,0.0,105.22
2010-01-16,Almatti,0.0,104.39
2010-01-17,Almatti,0.0,103.56
2010-01-18,Almatti,0.0,102.73
2010-01-19,Almatti,0.0,101.9
2010-01-20,Almatti,0.0,101.071
2010-01-21,Almatti,0.0,100.241
2010-01-22,Almatti,0.0,99.411
2010-01-23,Almatti,0.0,98.581
2010-01-24,Almatti,0.0,97.751
2010-01-25,Almatti,0.0,96.921
2010-01-26,Almatti,0.0,96.091
2010-01-27,Almatti,0.0,95.261
2010-01-28,Almatti,0.0,94.431
2010-01-29,Almatti,0.0,93.602
2010-01-30,Almatti,0.0,92.772
2010-01-31,Almatti,0.0,91.942
2010-02-01,Almatti,0.0,91.112
2010-02-02,Almatti,0.0,92.589
2010-02-03,Almatti,0.0,94.065
2010-02-04,Almatti,0.0,95.542
2010-02-05,Almatti,0.0,97.019
2010-02-06,Almatti,0.0,98.496
2010-02-07,Almatti,0.0,99.973
2010-02-08,Almatti,0.0,101.449
2010-02-09,Almatti,0.0,102.926
2010-02-10,Almatti,0.0,104.403
2010-02-11,Almatti,0.0,105.88
2010-02-12,Almatti,0.0,107.357
2010-02-13,Almatti,0.0,106.359
2010-02-14,Almatti,0.0,105.362
2010-02-15,Almatti,0.0,104.365
2010-02-16,Almatti,0.0,103.368
2010-02-17,Almatti,0.0,102.371
2010-02-18,Almatti,0.0,101.374
2010-02-19,Almatti,0.0,100.377
2010-02-20,Almatti,0.0,99.38
2010-02-21,Almatti,0.0,98.383
2010-02-22,Almatti,0.0,97.385
2010-02-23,Almatti,0.0,96.388
2010-02-24,Almatti,0.0,95.391
2010-02-25,Almatti,0.0,94.394
2010-02-26,Almatti,0.0,93.397
2010-02-27,Almatti,0.0,92.4
2010-02-28,Almatti,0.0,91.403
2010-03-01,Almatti,0.0,90.406
2010-03-02,Almatti,0.0,91.85
2010-03-03,Almatti,0.0,93.295
2010-03-04,Almatti,0.0,94.74
2010-03-05,Almatti,0.0,96.184
2010-03-06,Almatti,0.0,97.629
2010-03-07,Almatti,0.0,99.074
2010-03-08,Almatti,0.0,100.518
2010-03-09,Almatti,0.0,101.963
2010-03-10,Almatti,0.0,103.408
2010-03-11,Almatti,0.0,104.852
2010-03-12,Almatti,0.0,106.297
2010-03-13,Almatti,0.0,105.467
2010-03-14,Almatti,0.0,104.637
2010-03-15,Almatti,0.0,103.807
2010-03-16,Almatti,0.0,102.978
2010-03-17,Almatti,0.0,102.148
2010-03-18,Almatti,0.0,101.318
2010-03-19,Almatti,0.0,100.488
2010-03-20,Almatti,0.0,99.658
2010-03-21,Almatti,0.0,98.828
2010-03-22,Almatti,0.0,97.998
2010-03-23,Almatti,0.0,97.168
2010-03-24,Almatti,0.0,96.338
2010-03-25,Almatti,0.0,95.509
2010-03-26,Almatti,0.0,94.679
2010-03-27,Almatti,0.0,93.849
2010-03-28,Almatti,0.0,93.019
2010-03-29,Almatti,0.0,92.189
2010-03-30,Almatti,0.0,91.359
2010-03-31,Almatti,0.0,90.529
2010-04-01,Almatti,0.0,89.699
2010-04-02,Almatti,0.0,91.112
2010-04-03,Almatti,0.0,92.524
2010-04-04,Almatti,0.0,93.937
2010-04-05,Almatti,0.0,95.35
2010-04-06,Almatti,0.0,96.762
2010-04-07,Almatti,0.0,98.175
2010-04-08,Almatti,0.0,99.587
2010-04-09,Almatti,0.0,101.0
2010-04-10,Almatti,0.0,102.413
2010-04-11,Almatti,0.0,103.825
2010-04-12,Almatti,0.0,105.238
2010-04-13,Almatti,0.0,104.401
2010-04-14,Almatti,0.0,103.565
2010-04-15,Almatti,0.0,102.729
2010-04-16,Almatti,0.0,101.892
2010-04-17,Almatti,0.0,101.056
2010-04-18,Almatti,0.0,100.219
2010-04-19,Almatti,0.0,99.383
2010-04-20,Almatti,0.0,98.547
2010-04-21,Almatti,0.0,97.71
2010-04-22,Almatti,0.0,96.874
2010-04-23,Almatti,0.0,96.037
2010-04-24,Almatti,0.0,95.201
2010-04-25,Almatti,0.0,94.365
2010-04-26,Almatti,0.0,93.528
2010-04-27,Almatti,0.0,92.692
2010-04-28,Almatti,0.0,91.855
2010-04-29,Almatti,0.0,91.019
2010-04-30,Almatti,0.0,90.183
2010-05-01,Almatti,0.0,89.346
2010-05-02,Almatti,0.0,91.182
2010-05-03,Almatti,0.0,93.019
2010-05-04,Almatti,0.0,94.855
2010-05-05,Almatti,0.0,96.692
2010-05-06,Almatti,0.0,98.528
2010-05-07,Almatti,0.0,100.364
2010-05-08,Almatti,0.0,102.201
2010-05-09,Almatti,0.0,104.037
2010-05-10,Almatti,0.0,105.873
2010-05-11,Almatti,0.0,107.71
2010-05-12,Almatti,0.0,104.885
2010-05-13,Almatti,0.0,104.072
2010-05-14,Almatti,0.0,103.26
2010-05-15,Almatti,0.0,102.448
2010-05-16,Almatti,0.0,101.636
2010-05-17,Almatti,0.0,100.823
2010-05-18,Almatti,0.0,100.011
2010-05-19,Almatti,0.0,99.199
2010-05-20,Almatti,0.0,98.387
2010-05-21,Almatti,0.0,97.574
2010-05-22,Almatti,0.0,96.762
2010-05-23,Almatti,0.0,95.95
2010-05-24,Almatti,0.0,95.138
2010-05-25,Almatti,0.0,94.325
2010-05-26,Almatti,0.0,93.513
2010-05-27,Almatti,0.0,92.701
2010-05-28,Almatti,0.0,91.889
2010-05-29,Almatti,0.0,91.077
2010-05-30,Almatti,0.0,90.264
2010-05-31,Almatti,0.0,89.452
2010-06-01,Almatti,0.0,88.64
2010-06-02,Almatti,0.0,90.547
2010-06-03,Almatti,0.0,92.454
2010-06-04,Almatti,0.0,94.361
2010-06-05,Almatti,0.0,96.268
2010-06-06,Almatti,0.0,98.175
2010-06-07,Almatti,0.0,100.082
2010-06-08,Almatti,0.0,101.989
2010-06-09,Almatti,0.0,103.896
2010-06-10,Almatti,0.0,105.803
2010-06-11,Almatti,0.0,107.71
2010-06-12,Almatti,8.693,104.178
2010-06-13,Almatti,24.862,103.323
2010-06-14,Almatti,8.212,102.468
2010-06-15,Almatti,7.221,101.613
2010-06-16,Almatti,0.0,100.758
2010-06-17,Almatti,79.684,99.903
2010-06-18,Almatti,480.622,99.048
2010-06-19,Almatti,995.819,98.193
2010-06-20,Almatti,1270.549,97.338
2010-06-21,Almatti,892.094,96.483
2010-06-22,Almatti,648.711,95.628
2010-06-23,Almatti,287.105,94.773
2010-06-24,Almatti,247.489,93.918
2010-06-25,Almatti,247.518,93.063
2010-06-26,Almatti,246.64,92.208
2010-06-27,Almatti,131.05,91.353
2010-06-28,Almatti,363.425,90.498
2010-06-29,Almatti,595.801,89.643
2010-06-30,Almatti,828.176,88.789
2010-07-01,Almatti,1060.551,87.934
2010-07-02,Almatti,140.452,89.911
2010-07-03,Almatti,140.083,91.889
2010-07-04,Almatti,112.673,93.866
2010-07-05,Almatti,140.14,95.844
2010-07-06,Almatti,36.472,97.822
2010-07-07,Almatti,61.504,99.799
2010-07-08,Almatti,114.712,101.777
2010-07-09,Almatti,253.096,103.754
2010-07-10,Almatti,421.694,105.732
2010-07-11,Almatti,373.301,107.71
2010-07-12,Almatti,357.075,103.825
2010-07-13,Almatti,356.452,103.013
2010-07-14,Almatti,190.402,102.201
2010-07-15,Almatti,134.618,101.388
2010-07-16,Almatti,41.201,100.576
2010-07-17,Almatti,102.507,99.764
2010-07-18,Almatti,102.337,98.952
2010-07-19,Almatti,102.592,98.139
2010-07-20,Almatti,194.65,97.327
2010-07-21,Almatti,322.076,96.515
2010-07-22,Almatti,232.425,95.703
2010-07-23,Almatti,359.284,94.891
2010-07-24,Almatti,1293.967,94.078
2010-07-25,Almatti,1969.578,93.266
2010-07-26,Almatti,2336.281,92.454
2010-07-27,Almatti,3029.336,91.642
2010-07-28,Almatti,3688.241,90.829
2010-07-29,Almatti,4347.146,90.017
2010-07-30,Almatti,5006.05,89.205
2010-07-31,Almatti,5664.955,88.393
2010-08-01,Almatti,5480.301,87.58
2010-08-02,Almatti,4963.207,89.593
2010-08-03,Almatti,4264.574,91.606
2010-08-04,Almatti,3882.523,93.619
2010-08-05,Almatti,4124.547,95.632
2010-08-06,Almatti,3201.191,97.645
2010-08-07,Almatti,2967.011,99.658
2010-08-08,Almatti,2090.689,101.671
2010-08-09,Almatti,1614.768,103.684
2010-08-10,Almatti,977.469,105.697
2010-08-11,Almatti,757.532,107.71
2010-08-12,Almatti,560.447,103.119
2010-08-13,Almatti,845.145,102.289
2010-08-14,Almatti,819.291,101.459
2010-08-15,Almatti,598.873,100.629
2010-08-16,Almatti,596.778,99.799
2010-08-17,Almatti,535.103,98.969
2010-08-18,Almatti,456.921,98.139
2010-08-19,Almatti,455.76,97.31
2010-08-20,Almatti,621.951,96.48
2010-08-21,Almatti,782.508,95.65
2010-08-22,Almatti,673.488,94.82
2010-08-23,Almatti,859.643,93.99
2010-08-24,Almatti,667.796,93.16
2010-08-25,Almatti,527.656,92.33
2010-08-26,Almatti,445.537,91.5
2010-08-27,Almatti,497.216,90.67
2010-08-28,Almatti,461.954,89.841
2010-08-29,Almatti,426.692,89.011
2010-08-30,Almatti,391.431,88.181
2010-08-31,Almatti,356.169,87.351
2010-09-01,Almatti,758.24,86.521
2010-09-02,Almatti,1142.5,88.64
2010-09-03,Almatti,2547.95,90.759
2010-09-04,Almatti,1953.608,92.878
2010-09-05,Almatti,1214.028,94.996
2010-09-06,Almatti,1165.04,97.115
2010-09-07,Almatti,1343.295,99.234
2010-09-08,Almatti,1653.081,101.353
2010-09-09,Almatti,1856.198,103.472
2010-09-10,Almatti,1845.607,105.591
2010-09-11,Almatti,1383.023,107.71
2010-09-12,Almatti,2083.384,102.766
2010-09-13,Almatti,1958.62,101.874
2010-09-14,Almatti,680.85,100.981
2010-09-15,Almatti,628.266,100.089
2010-09-16,Almatti,425.829,99.197
2010-09-17,Almatti,310.069,98.305
2010-09-18,Almatti,340.878,97.413
2010-09-19,Almatti,366.873,96.521
2010-09-20,Almatti,691.866,95.628
2010-09-21,Almatti,621.611,94.736
2010-09-22,Almatti,483.907,93.844
2010-09-23,Almatti,310.296,92.952
2010-09-24,Almatti,304.972,92.06
2010-09-25,Almatti,440.355,91.168
2010-09-26,Almatti,586.357,90.275
2010-09-27,Almatti,664.965,89.383
2010-09-28,Almatti,660.972,88.491
2010-09-29,Almatti,656.979,87.599
2010-09-30,Almatti,652.986,86.707
2010-10-01,Almatti,648.994,85.815
2010-10-02,Almatti,1618.987,88.004
2010-10-03,Almatti,1518.038,90.194
2010-10-04,Almatti,690.11,92.383
2010-10-05,Almatti,596.438,94.573
2010-10-06,Almatti,1176.027,96.762
2010-10-07,Almatti,1479.442,98.952
2010-10-08,Almatti,1484.143,101.141
2010-10-09,Almatti,668.532,103.331
2010-10-10,Almatti,597.231,105.52
2010-10-11,Almatti,416.201,107.71
2010-10-12,Almatti,369.478,102.059
2010-10-13,Almatti,367.383,101.212
2010-10-14,Almatti,360.87,100.364
2010-10-15,Almatti,360.36,99.517
2010-10-16,Almatti,322.982,98.669
2010-10-17,Almatti,229.961,97.822
2010-10-18,Almatti,158.773,96.974
2010-10-19,Almatti,158.773,96.127
2010-10-20,Almatti,427.33,95.279
2010-10-21,Almatti,580.722,94.431
2010-10-22,Almatti,484.756,93.584
2010-10-23,Almatti,367.553,92.736
2010-10-24,Almatti,355.008,91.889
2010-10-25,Almatti,487.106,91.041
2010-10-26,Almatti,662.954,90.194
2010-10-27,Almatti,466.52,89.346
2010-10-28,Almatti,433.63,88.499
2010-10-29,Almatti,400.74,87.651
2010-10-30,Almatti,367.85,86.803
2010-10-31,Almatti,334.96,85.956
2010-11-01,Almatti,335.243,85.108
2010-11-02,Almatti,335.13,87.368
2010-11-03,Almatti,100.723,89.629
2010-11-04,Almatti,19.709,91.889
2010-11-05,Almatti,17.5,94.149
2010-11-06,Almatti,17.953,96.409
2010-11-07,Almatti,18.236,98.669
2010-11-08,Almatti,15.801,100.929
2010-11-09,Almatti,19.029,103.189
2010-11-10,Almatti,12.856,105.45
2010-11-11,Almatti,108.793,107.71
2010-11-12,Almatti,158.15,101.706
2010-11-13,Almatti,232.595,100.795
2010-11-14,Almatti,300.583,99.885
2010-11-15,Almatti,296.93,98.974
2010-11-16,Almatti,295.939,98.063
2010-11-17,Almatti,298.12,97.153
2010-11-18,Almatti,299.196,96.242
2010-11-19,Almatti,297.129,95.331
2010-11-20,Almatti,301.943,94.42
2010-11-21,Almatti,304.095,93.51
2010-11-22,Almatti,254.823,92.599
2010-11-23,Almatti,246.725,91.688
2010-11-24,Almatti,100.78,90.777
2010-11-25,Almatti,67.054,89.867
2010-11-26,Almatti,70.481,88.956
2010-11-27,Almatti,12.997,88.045
2010-11-28,Almatti,13.96,87.134
2010-11-29,Almatti,14.923,86.224
2010-11-30,Almatti,15.886,85.313
2010-12-01,Almatti,16.849,84.402
2010-12-02,Almatti,0.0,86.733
2010-12-03,Almatti,0.0,89.064
2010-12-04,Almatti,0.0,91.394
2010-12-05,Almatti,0.0,93.725
2010-12-06,Almatti,0.0,96.056
2010-12-07,Almatti,0.0,98.387
2010-12-08,Almatti,0.0,100.717
2010-12-09,Almatti,0.0,103.048
2010-12-10,Almatti,0.0,105.379
2010-12-11,Almatti,0.0,107.71
2010-12-12,Almatti,0.0,101.0
2010-12-13,Almatti,0.0,100.4
2010-12-14,Almatti,0.0,99.799
2010-12-15,Almatti,0.0,99.199
2010-12-16,Almatti,0.0,98.599
2010-12-17,Almatti,0.0,97.998
2010-12-18,Almatti,0.0,97.398
2010-12-19,Almatti,0.0,96.798
2010-12-20,Almatti,0.0,96.197
2010-12-21,Almatti,0.0,95.597
2010-12-22,Almatti,0.0,94.996
2010-12-23,Almatti,0.0,94.396
2010-12-24,Almatti,0.0,93.796
2010-12-25,Almatti,0.0,93.195
2010-12-26,Almatti,0.0,92.595
2010-12-27,Almatti,0.0,91.995
2010-12-28,Almatti,0.0,91.394
2010-12-29,Almatti,0.0,90.794
2010-12-30,Almatti,0.0,90.194
2010-12-31,Almatti,0.0,89.593
2011-01-01,Almatti,0.0,88.993
2011-01-02,Almatti,0.0,89.876
2011-01-03,Almatti,0.0,90.759
2011-01-04,Almatti,0.0,91.642
2011-01-05,Almatti,0.0,92.524
2011-01-06,Almatti,0.0,93.407
2011-01-07,Almatti,0.0,94.29
2011-01-08,Almatti,0.0,95.173
2011-01-09,Almatti,0.0,96.056
2011-01-10,Almatti,0.0,96.939
2011-01-11,Almatti,0.0,97.822
2011-01-12,Almatti,0.0,88.604
2011-01-13,Almatti,0.0,79.387
2011-01-14,Almatti,0.0,70.17
2011-01-15,Almatti,0.0,71.177
2011-01-16,Almatti,0.0,72.183
2011-01-17,Almatti,0.0,73.19
2011-01-18,Almatti,0.0,74.196
2011-01-19,Almatti,0.0,75.203
2011-01-20,Almatti,0.0,76.209
2011-01-21,Almatti,0.0,77.216
2011-01-22,Almatti,0.0,78.222
2011-01-23,Almatti,0.0,79.228
2011-01-24,Almatti,0.0,80.235
2011-01-25,Almatti,0.0,81.241
2011-01-26,Almatti,0.0,82.248
2011-01-27,Almatti,0.0,83.254
2011-01-28,Almatti,0.0,84.261
2011-01-29,Almatti,0.0,85.267
2011-01-30,Almatti,0.0,86.274
2011-01-31,Almatti,0.0,87.28
2011-02-01,Almatti,0.0,88.287
2011-02-02,Almatti,0.0,89.028
2011-02-03,Almatti,0.0,89.77
2011-02-04,Almatti,0.0,90.511
2011-02-05,Almatti,0.0,91.253
2011-02-06,Almatti,0.0,91.995
2011-02-07,Almatti,0.0,92.736
2011-02-08,Almatti,0.0,93.478
2011-02-09,Almatti,0.0,94.22
2011-02-10,Almatti,0.0,94.961
2011-02-11,Almatti,0.0,95.703
2011-02-12,Almatti,0.0,87.179
2011-02-13,Almatti,0.0,78.655
2011-02-14,Almatti,0.0,70.131
2011-02-15,Almatti,0.0,71.294
2011-02-16,Almatti,0.0,72.457
2011-02-17,Almatti,0.0,73.621
2011-02-18,Almatti,0.0,74.784
2011-02-19,Almatti,0.0,75.947
2011-02-20,Almatti,0.0,77.111
2011-02-21,Almatti,0.0,78.274
2011-02-22,Almatti,0.0,79.437
2011-02-23,Almatti,0.0,80.601
2011-02-24,Almatti,0.0,81.764
2011-02-25,Almatti,0.0,82.927
2011-02-26,Almatti,0.0,84.09
2011-02-27,Almatti,0.0,85.254
2011-02-28,Almatti,0.0,86.417
2011-03-01,Almatti,0.0,87.58
2011-03-02,Almatti,0.0,87.523
2011-03-03,Almatti,0.0,87.465
2011-03-04,Almatti,0.0,87.407
2011-03-05,Almatti,0.0,87.349
2011-03-06,Almatti,0.0,87.291
2011-03-07,Almatti,0.0,87.234
2011-03-08,Almatti,0.0,87.176
2011-03-09,Almatti,0.0,87.118
2011-03-10,Almatti,0.0,87.06
2011-03-11,Almatti,0.0,87.002
2011-03-12,Almatti,0.0,86.945
2011-03-13,Almatti,0.0,78.187
2011-03-14,Almatti,0.0,69.429
2011-03-15,Almatti,0.0,70.417
2011-03-16,Almatti,0.0,71.406
2011-03-17,Almatti,0.0,72.395
2011-03-18,Almatti,0.0,73.384
2011-03-19,Almatti,0.0,74.373
2011-03-20,Almatti,0.0,75.361
2011-03-21,Almatti,0.0,76.35
2011-03-22,Almatti,0.0,77.339
2011-03-23,Almatti,0.0,78.328
2011-03-24,Almatti,0.0,79.317
2011-03-25,Almatti,0.0,80.306
2011-03-26,Almatti,0.0,81.294
2011-03-27,Almatti,0.0,82.283
2011-03-28,Almatti,0.0,83.272
2011-03-29,Almatti,0.0,84.261
2011-03-30,Almatti,0.0,85.25
2011-03-31,Almatti,0.0,86.238
2011-04-01,Almatti,0.0,87.227
2011-04-02,Almatti,0.0,88.004
2011-04-03,Almatti,0.0,88.781
2011-04-04,Almatti,0.0,89.558
2011-04-05,Almatti,0.0,90.335
2011-04-06,Almatti,0.0,91.112
2011-04-07,Almatti,0.0,91.889
2011-04-08,Almatti,0.0,92.666
2011-04-09,Almatti,0.0,93.443
2011-04-10,Almatti,0.0,94.22
2011-04-11,Almatti,0.0,94.996
2011-04-12,Almatti,0.0,86.075
2011-04-13,Almatti,0.0,77.153
2011-04-14,Almatti,0.0,68.232
2011-04-15,Almatti,0.0,69.328
2011-04-16,Almatti,0.0,70.425
2011-04-17,Almatti,0.0,71.521
2011-04-18,Almatti,0.0,72.618
2011-04-19,Almatti,0.0,73.715
2011-04-20,Almatti,0.0,74.811
2011-04-21,Almatti,0.0,75.908
2011-04-22,Almatti,0.0,77.005
2011-04-23,Almatti,0.0,78.101
2011-04-24,Almatti,0.0,79.198
2011-04-25,Almatti,0.0,80.294
2011-04-26,Almatti,0.0,81.391
2011-04-27,Almatti,0.0,82.488
2011-04-28,Almatti,0.0,83.584
2011-04-29,Almatti,0.0,84.681
2011-04-30,Almatti,0.0,85.777
2011-05-01,Almatti,0.0,86.874
2011-05-02,Almatti,0.0,87.58
2011-05-03,Almatti,0.0,88.287
2011-05-04,Almatti,0.0,88.993
2011-05-05,Almatti,0.0,89.699
2011-05-06,Almatti,0.0,90.406
2011-05-07,Almatti,0.0,91.112
2011-05-08,Almatti,0.0,91.818
2011-05-09,Almatti,0.0,92.524
2011-05-10,Almatti,0.0,93.231
2011-05-11,Almatti,0.0,93.937
2011-05-12,Almatti,0.0,85.308
2011-05-13,Almatti,0.0,76.68
2011-05-14,Almatti,0.0,68.051
2011-05-15,Almatti,0.0,69.058
2011-05-16,Almatti,0.0,70.064
2011-05-17,Almatti,0.0,71.071
2011-05-18,Almatti,0.0,72.077
2011-05-19,Almatti,0.0,73.084
2011-05-20,Almatti,0.0,74.09
2011-05-21,Almatti,0.0,75.097
2011-05-22,Almatti,0.0,76.103
2011-05-23,Almatti,0.0,77.11
2011-05-24,Almatti,0.0,78.116
2011-05-25,Almatti,0.0,79.123
2011-05-26,Almatti,0.0,80.129
2011-05-27,Almatti,0.0,81.135
2011-05-28,Almatti,11.332,82.142
2011-05-29,Almatti,22.665,83.148
2011-05-30,Almatti,33.997,84.155
2011-05-31,Almatti,45.33,85.161
2011-06-01,Almatti,56.662,86.168
2011-06-02,Almatti,81.241,86.839
2011-06-03,Almatti,153.987,87.51
2011-06-04,Almatti,125.076,88.181
2011-06-05,Almatti,96.419,88.852
2011-06-06,Almatti,67.422,89.523
2011-06-07,Almatti,35.948,90.194
2011-06-08,Almatti,4.474,90.865
2011-06-09,Almatti,139.007,91.536
2011-06-10,Almatti,201.021,92.207
2011-06-11,Almatti,186.183,92.878
2011-06-12,Almatti,83.167,84.309
2011-06-13,Almatti,446.245,75.741
2011-06-14,Almatti,330.797,67.172
2011-06-15,Almatti,677.82,68.269
2011-06-16,Almatti,447.661,69.365
2011-06-17,Almatti,279.884,70.462
2011-06-18,Almatti,469.89,71.559
2011-06-19,Almatti,681.077,72.655
2011-06-20,Almatti,1440.648,73.752
2011-06-21,Almatti,985.143,74.849
2011-06-22,Almatti,569.735,75.945
2011-06-23,Almatti,396.549,77.042
2011-06-24,Almatti,332.496,78.138
2011-06-25,Almatti,484.473,79.235
2011-06-26,Almatti,567.101,80.332
2011-06-27,Almatti,331.845,81.428
2011-06-28,Almatti,427.647,82.525
2011-06-29,Almatti,523.448,83.621
2011-06-30,Almatti,619.25,84.718
2011-07-01,Almatti,715.051,85.815
2011-07-02,Almatti,810.853,86.45
2011-07-03,Almatti,610.511,87.086
2011-07-04,Almatti,557.7,87.722
2011-07-05,Almatti,888.554,88.357
2011-07-06,Almatti,1073.265,88.993
2011-07-07,Almatti,813.996,89.629
2011-07-08,Almatti,596.608,90.264
2011-07-09,Almatti,1097.363,90.9
2011-07-10,Almatti,303.387,91.536
2011-07-11,Almatti,303.387,92.171
2011-07-12,Almatti,303.16,83.472
2011-07-13,Almatti,639.508,74.773
2011-07-14,Almatti,662.756,66.074
2011-07-15,Almatti,856.585,67.151
2011-07-16,Almatti,872.272,68.228
2011-07-17,Almatti,921.034,69.305
2011-07-18,Almatti,1128.964,70.382
2011-07-19,Almatti,2533.99,71.459
2011-07-20,Almatti,2369.525,72.536
2011-07-21,Almatti,2369.525,73.613
2011-07-22,Almatti,4035.236,74.691
2011-07-23,Almatti,4126.189,75.768
2011-07-24,Almatti,3769.822,76.845
2011-07-25,Almatti,3587.603,77.922
2011-07-26,Almatti,3581.94,78.999
2011-07-27,Almatti,3156.422,80.076
2011-07-28,Almatti,2594.425,81.153
2011-07-29,Almatti,2032.428,82.23
2011-07-30,Almatti,1470.43,83.307
2011-07-31,Almatti,908.433,84.384
2011-08-01,Almatti,856.783,85.461
2011-08-02,Almatti,1013.12,86.062
2011-08-03,Almatti,1412.473,86.662
2011-08-04,Almatti,1739.221,87.263
2011-08-05,Almatti,2034.849,87.863
2011-08-06,Almatti,2276.646,88.463
2011-08-07,Almatti,2457.987,89.064
2011-08-08,Almatti,2562.901,89.664
2011-08-09,Almatti,2510.77,90.264
2011-08-10,Almatti,2252.01,90.865
2011-08-11,Almatti,1934.607,91.465
2011-08-12,Almatti,1494.96,82.884
2011-08-13,Almatti,815.072,74.302
2011-08-14,Almatti,1098.467,65.721
2011-08-15,Almatti,1574.558,66.798
2011-08-16,Almatti,2274.834,67.875
2011-08-17,Almatti,2139.224,68.952
2011-08-18,Almatti,1800.753,70.029
2011-08-19,Almatti,1509.401,71.106
2011-08-20,Almatti,1391.348,72.183
2011-08-21,Almatti,955.722,73.26
2011-08-22,Almatti,1069.669,74.337
2011-08-23,Almatti,829.684,75.414
2011-08-24,Almatti,701.182,76.492
2011-08-25,Almatti,424.215,77.569
2011-08-26,Almatti,436.278,78.646
2011-08-27,Almatti,140.253,79.723
2011-08-28,Almatti,988.943,80.8
2011-08-29,Almatti,1837.633,81.877
2011-08-30,Almatti,2686.323,82.954
2011-08-31,Almatti,3535.013,84.031
2011-09-01,Almatti,4383.703,85.108
2011-09-02,Almatti,5055.69,85.673
2011-09-03,Almatti,4768.953,86.238
2011-09-04,Almatti,4038.804,86.803
2011-09-05,Almatti,4446.934,87.368
2011-09-06,Almatti,5723.741,87.934
2011-09-07,Almatti,6700.842,88.499
2011-09-08,Almatti,7559.041,89.064
2011-09-09,Almatti,6877.228,89.629
2011-09-10,Almatti,6558.578,90.194
2011-09-11,Almatti,4587.329,90.759
2011-09-12,Almatti,5215.199,82.215
2011-09-13,Almatti,1564.194,73.671
2011-09-14,Almatti,440.638,65.128
2011-09-15,Almatti,536.349,66.261
2011-09-16,Almatti,582.336,67.395
2011-09-17,Almatti,568.461,68.529
2011-09-18,Almatti,456.468,69.663
2011-09-19,Almatti,394.878,70.797
2011-09-20,Almatti,449.983,71.93
2011-09-21,Almatti,472.636,73.064
2011-09-22,Almatti,449.36,74.198
2011-09-23,Almatti,374.264,75.332
2011-09-24,Almatti,149.371,76.466
2011-09-25,Almatti,158.433,77.599
2011-09-26,Almatti,41.541,78.733
2011-09-27,Almatti,131.957,79.867
2011-09-28,Almatti,98.967,81.001
2011-09-29,Almatti,65.978,82.134
2011-09-30,Almatti,32.989,83.268
2011-10-01,Almatti,0.0,84.402
2011-10-02,Almatti,0.0,84.932
2011-10-03,Almatti,302.905,85.461
2011-10-04,Almatti,50.036,85.991
2011-10-05,Almatti,130.937,86.521
2011-10-06,Almatti,20.558,87.051
2011-10-07,Almatti,0.0,87.58
2011-10-08,Almatti,23.531,88.11
2011-10-09,Almatti,0.0,88.64
2011-10-10,Almatti,0.0,89.17
2011-10-11,Almatti,141.782,89.699
2011-10-12,Almatti,296.93,81.247
2011-10-13,Almatti,253.776,72.795
2011-10-14,Almatti,240.382,64.343
2011-10-15,Almatti,240.382,65.438
2011-10-16,Almatti,240.382,66.533
2011-10-17,Almatti,490.788,67.628
2011-10-18,Almatti,444.433,68.722
2011-10-19,Almatti,398.078,69.817
2011-10-20,Almatti,240.07,70.912
2011-10-21,Almatti,346.655,72.007
2011-10-22,Almatti,289.455,73.101
2011-10-23,Almatti,128.304,74.196
2011-10-24,Almatti,72.888,75.291
2011-10-25,Almatti,0.0,76.386
2011-10-26,Almatti,0.0,77.48
2011-10-27,Almatti,0.0,78.575
2011-10-28,Almatti,0.0,79.67
2011-10-29,Almatti,0.0,80.765
2011-10-30,Almatti,0.0,81.859
2011-10-31,Almatti,0.0,82.954
2011-11-01,Almatti,0.0,84.049
2011-11-02,Almatti,0.0,84.508
2011-11-03,Almatti,0.0,84.967
2011-11-04,Almatti,0.0,85.426
2011-11-05,Almatti,0.0,85.885
2011-11-06,Almatti,0.0,86.344
2011-11-07,Almatti,0.0,86.803
2011-11-08,Almatti,0.0,87.263
2011-11-09,Almatti,0.0,87.722
2011-11-10,Almatti,0.0,88.181
2011-11-11,Almatti,0.0,88.64
2011-11-12,Almatti,0.0,80.356
2011-11-13,Almatti,0.0,72.073
2011-11-14,Almatti,0.0,63.789
2011-11-15,Almatti,0.0,64.96
2011-11-16,Almatti,0.0,66.131
2011-11-17,Almatti,0.0,67.302
2011-11-18,Almatti,0.0,68.473
2011-11-19,Almatti,0.0,69.644
2011-11-20,Almatti,0.0,70.815
2011-11-21,Almatti,0.0,71.986
2011-11-22,Almatti,0.0,73.157
2011-11-23,Almatti,0.0,74.328
2011-11-24,Almatti,0.0,75.499
2011-11-25,Almatti,0.0,76.67
2011-11-26,Almatti,0.0,77.841
2011-11-27,Almatti,0.0,79.012
2011-11-28,Almatti,0.0,80.183
2011-11-29,Almatti,0.0,81.354
2011-11-30,Almatti,0.0,82.525
2011-12-01,Almatti,0.0,83.696
2011-12-02,Almatti,0.0,84.084
2011-12-03,Almatti,0.0,84.473
2011-12-04,Almatti,0.0,84.861
2011-12-05,Almatti,0.0,85.25
2011-12-06,Almatti,0.0,85.638
2011-12-07,Almatti,0.0,86.027
2011-12-08,Almatti,0.0,86.415
2011-12-09,Almatti,0.0,86.803
2011-12-10,Almatti,0.0,87.192
2011-12-11,Almatti,0.0,87.58
2011-12-12,Almatti,0.0,78.128
2011-12-13,Almatti,0.0,68.675
2011-12-14,Almatti,0.0,59.223
2011-12-15,Almatti,0.0,58.463
2011-12-16,Almatti,0.0,57.704
2011-12-17,Almatti,0.0,56.945
2011-12-18,Almatti,0.0,56.186
2011-12-19,Almatti,0.0,55.426
2011-12-20,Almatti,0.0,54.667
2011-12-21,Almatti,0.0,53.908
2011-12-22,Almatti,0.0,53.149
2011-12-23,Almatti,0.0,52.389
2011-12-24,Almatti,0.0,51.63
2011-12-25,Almatti,0.0,50.871
2011-12-26,Almatti,0.0,50.112
2011-12-27,Almatti,0.0,49.352
2011-12-28,Almatti,0.0,48.593
2011-12-29,Almatti,0.0,47.834
2011-12-30,Almatti,0.0,47.074
2011-12-31,Almatti,0.0,46.315
2012-01-01,Almatti,0.0,45.556
2012-01-02,Almatti,0.0,34.432
2012-01-03,Almatti,0.0,23.308
2012-01-04,Almatti,0.0,12.184
2012-01-05,Almatti,0.0,1.059
2012-01-06,Almatti,0.0,10.43
2012-01-07,Almatti,0.0,19.8
2012-01-08,Almatti,0.0,29.17
2012-01-09,Almatti,0.0,38.54
2012-01-10,Almatti,0.0,47.91
2012-01-11,Almatti,0.0,57.28
2012-01-12,Almatti,0.0,66.651
2012-01-13,Almatti,0.0,76.021
2012-01-14,Almatti,0.0,65.827
2012-01-15,Almatti,0.0,64.661
2012-01-16,Almatti,0.0,63.496
2012-01-17,Almatti,0.0,62.33
2012-01-18,Almatti,0.0,61.165
2012-01-19,Almatti,0.0,60.0
2012-01-20,Almatti,0.0,58.834
2012-01-21,Almatti,0.0,57.669
2012-01-22,Almatti,0.0,56.503
2012-01-23,Almatti,0.0,55.338
2012-01-24,Almatti,0.0,54.173
2012-01-25,Almatti,0.0,53.007
2012-01-26,Almatti,0.0,51.842
2012-01-27,Almatti,0.0,50.677
2012-01-28,Almatti,0.0,49.511
2012-01-29,Almatti,0.0,48.346
2012-01-30,Almatti,0.0,47.18
2012-01-31,Almatti,0.0,46.015
2012-02-01,Almatti,0.0,44.85
2012-02-02,Almatti,0.0,33.814
2012-02-03,Almatti,0.0,22.778
2012-02-04,Almatti,0.0,11.742
2012-02-05,Almatti,0.0,0.706
2012-02-06,Almatti,0.0,10.04
2012-02-07,Almatti,0.0,19.374
2012-02-08,Almatti,0.0,28.708
2012-02-09,Almatti,0.0,38.042
2012-02-10,Almatti,0.0,47.376
2012-02-11,Almatti,0.0,56.709
2012-02-12,Almatti,0.0,66.043
2012-02-13,Almatti,0.0,75.377
2012-02-14,Almatti,0.0,64.861
2012-02-15,Almatti,0.0,63.566
2012-02-16,Almatti,0.0,62.272
2012-02-17,Almatti,0.0,60.977
2012-02-18,Almatti,0.0,59.682
2012-02-19,Almatti,0.0,58.387
2012-02-20,Almatti,0.0,57.092
2012-02-21,Almatti,0.0,55.797
2012-02-22,Almatti,0.0,54.502
2012-02-23,Almatti,0.0,53.207
2012-02-24,Almatti,0.0,51.913
2012-02-25,Almatti,0.0,50.618
2012-02-26,Almatti,0.0,49.323
2012-02-27,Almatti,0.0,48.028
2012-02-28,Almatti,0.0,46.733
2012-02-29,Almatti,0.0,45.438
2012-03-01,Almatti,0.0,44.143
2012-03-02,Almatti,0.0,33.196
2012-03-03,Almatti,0.0,22.248
2012-03-04,Almatti,0.0,11.301
2012-03-05,Almatti,0.0,0.353
2012-03-06,Almatti,0.0,9.694
2012-03-07,Almatti,0.0,19.035
2012-03-08,Almatti,0.0,28.375
2012-03-09,Almatti,0.0,37.716
2012-03-10,Almatti,0.0,47.057
2012-03-11,Almatti,0.0,56.398
2012-03-12,Almatti,0.0,65.738
2012-03-13,Almatti,0.0,75.079
2012-03-14,Almatti,0.0,64.414
2012-03-15,Almatti,0.0,63.249
2012-03-16,Almatti,0.0,62.083
2012-03-17,Almatti,0.0,60.918
2012-03-18,Almatti,0.0,59.752
2012-03-19,Almatti,0.0,58.587
2012-03-20,Almatti,0.0,57.422
2012-03-21,Almatti,0.0,56.256
2012-03-22,Almatti,0.0,55.091
2012-03-23,Almatti,0.0,53.925
2012-03-24,Almatti,0.0,52.76
2012-03-25,Almatti,0.0,51.595
2012-03-26,Almatti,0.0,50.429
2012-03-27,Almatti,0.0,49.264
2012-03-28,Almatti,0.0,48.099
2012-03-29,Almatti,0.0,46.933
2012-03-30,Almatti,0.0,45.768
2012-03-31,Almatti,0.0,44.602
2012-04-01,Almatti,0.0,43.437
2012-04-02,Almatti,0.0,32.666
2012-04-03,Almatti,0.0,21.895
2012-04-04,Almatti,0.0,11.124
2012-04-05,Almatti,0.0,0.353
2012-04-06,Almatti,0.0,9.625
2012-04-07,Almatti,0.0,18.896
2012-04-08,Almatti,0.0,28.168
2012-04-09,Almatti,0.0,37.44
2012-04-10,Almatti,0.0,46.711
2012-04-11,Almatti,0.0,55.983
2012-04-12,Almatti,0.0,65.255
2012-04-13,Almatti,0.0,74.526
2012-04-14,Almatti,0.0,63.585
2012-04-15,Almatti,0.0,62.358
2012-04-16,Almatti,0.0,61.132
2012-04-17,Almatti,0.0,59.905
2012-04-18,Almatti,0.0,58.678
2012-04-19,Almatti,0.0,57.451
2012-04-20,Almatti,0.0,56.225
2012-04-21,Almatti,0.0,54.998
2012-04-22,Almatti,0.0,53.771
2012-04-23,Almatti,0.0,52.545
2012-04-24,Almatti,0.0,51.318
2012-04-25,Almatti,0.0,50.091
2012-04-26,Almatti,0.0,48.864
2012-04-27,Almatti,0.0,47.638
2012-04-28,Almatti,0.0,46.411
2012-04-29,Almatti,0.0,45.184
2012-04-30,Almatti,0.0,43.957
2012-05-01,Almatti,0.0,42.731
2012-05-02,Almatti,0.0,48.099
2012-05-03,Almatti,0.0,53.466
2012-05-04,Almatti,0.0,58.834
2012-05-05,Almatti,0.0,64.202
2012-05-06,Almatti,0.0,69.57
2012-05-07,Almatti,0.0,74.938
2012-05-08,Almatti,0.0,80.306
2012-05-09,Almatti,0.0,85.673
2012-05-10,Almatti,0.0,91.041
2012-05-11,Almatti,0.0,96.409
2012-05-12,Almatti,0.0,85.803
2012-05-13,Almatti,0.0,75.197
2012-05-14,Almatti,0.0,64.591
2012-05-15,Almatti,0.0,63.337
2012-05-16,Almatti,0.0,62.083
2012-05-17,Almatti,0.0,60.83
2012-05-18,Almatti,0.0,59.576
2012-05-19,Almatti,0.0,58.322
2012-05-20,Almatti,0.0,57.069
2012-05-21,Almatti,0.0,55.815
2012-05-22,Almatti,0.0,54.561
2012-05-23,Almatti,0.0,53.307
2012-05-24,Almatti,0.0,52.054
2012-05-25,Almatti,0.0,50.8
2012-05-26,Almatti,0.0,49.546
2012-05-27,Almatti,0.0,48.293
2012-05-28,Almatti,0.0,47.039
2012-05-29,Almatti,0.0,45.785
2012-05-30,Almatti,0.0,44.532
2012-05-31,Almatti,0.0,43.278
2012-06-01,Almatti,0.0,42.024
2012-06-02,Almatti,0.0,48.536
2012-06-03,Almatti,0.0,55.047
2012-06-04,Almatti,0.0,61.558
2012-06-05,Almatti,0.0,68.069
2012-06-06,Almatti,0.0,74.58
2012-06-07,Almatti,0.0,81.091
2012-06-08,Almatti,0.0,87.602
2012-06-09,Almatti,0.0,94.114
2012-06-10,Almatti,0.0,105.238
2012-06-11,Almatti,0.0,96.409
2012-06-12,Almatti,0.0,85.734
2012-06-13,Almatti,0.0,75.059
2012-06-14,Almatti,0.0,64.384
2012-06-15,Almatti,0.0,63.027
2012-06-16,Almatti,0.0,61.671
2012-06-17,Almatti,0.0,60.314
2012-06-18,Almatti,0.0,58.957
2012-06-19,Almatti,0.0,57.6
2012-06-20,Almatti,0.0,56.243
2012-06-21,Almatti,0.0,54.886
2012-06-22,Almatti,0.0,53.53
2012-06-23,Almatti,0.0,52.173
2012-06-24,Almatti,0.0,50.816
2012-06-25,Almatti,0.0,49.459
2012-06-26,Almatti,0.0,48.102
2012-06-27,Almatti,0.0,46.745
2012-06-28,Almatti,71.379,45.389
2012-06-29,Almatti,142.758,44.032
2012-06-30,Almatti,214.137,42.675
2012-07-01,Almatti,285.516,41.318
2012-07-02,Almatti,356.895,48.271
2012-07-03,Almatti,428.273,55.223
2012-07-04,Almatti,499.652,62.176
2012-07-05,Almatti,571.031,69.128
2012-07-06,Almatti,642.41,76.081
2012-07-07,Almatti,713.789,83.034
2012-07-08,Almatti,785.168,89.986
2012-07-09,Almatti,856.547,96.939
2012-07-10,Almatti,927.926,105.238
2012-07-11,Almatti,999.305,96.409
2012-07-12,Almatti,1070.684,84.377
2012-07-13,Almatti,1142.062,72.345
2012-07-14,Almatti,1213.441,60.312
2012-07-15,Almatti,1284.82,48.28
2012-07-16,Almatti,1356.199,36.248
2012-07-17,Almatti,1427.578,24.216
2012-07-18,Almatti,1498.957,12.184
2012-07-19,Almatti,1570.336,14.214
2012-07-20,Almatti,1641.715,16.245
2012-07-21,Almatti,1713.094,18.275
2012-07-22,Almatti,1784.473,20.306
2012-07-23,Almatti,1855.852,22.337
2012-07-24,Almatti,1927.23,24.367
2012-07-25,Almatti,1998.609,26.398
2012-07-26,Almatti,2069.988,28.428
2012-07-27,Almatti,2141.367,30.459
2012-07-28,Almatti,2212.746,32.489
2012-07-29,Almatti,2284.125,34.52
2012-07-30,Almatti,2355.504,36.551
2012-07-31,Almatti,2426.883,38.581
2012-08-01,Almatti,2498.262,40.612
2012-08-02,Almatti,2569.641,31.165
2012-08-03,Almatti,2702.503,21.719
2012-08-04,Almatti,2699.53,12.272
2012-08-05,Almatti,2548.516,2.825
2012-08-06,Almatti,2559.163,2.119
2012-08-07,Almatti,2702.277,1.413
2012-08-08,Almatti,2170.062,1.984
2012-08-09,Almatti,2151.939,2.556
2012-08-10,Almatti,1708.384,3.128
2012-08-11,Almatti,1602.734,3.699
2012-08-12,Almatti,1888.337,4.271
2012-08-13,Almatti,1888.224,4.843
2012-08-14,Almatti,1886.95,5.414
2012-08-15,Almatti,1934.522,5.986
2012-08-16,Almatti,1652.26,7.981
2012-08-17,Almatti,1585.658,9.976
2012-08-18,Almatti,779.846,11.972
2012-08-19,Almatti,504.408,13.967
2012-08-20,Almatti,445.566,15.962
2012-08-21,Almatti,328.589,17.958
2012-08-22,Almatti,194.423,19.953
2012-08-23,Almatti,191.818,21.948
2012-08-24,Almatti,190.856,23.943
2012-08-25,Almatti,34.348,25.939
2012-08-26,Almatti,98.231,27.934
2012-08-27,Almatti,157.527,29.929
2012-08-28,Almatti,327.52,31.924
2012-08-29,Almatti,497.513,33.92
2012-08-30,Almatti,667.506,35.915
2012-08-31,Almatti,837.499,37.91
2012-09-01,Almatti,758.552,39.906
2012-09-02,Almatti,679.604,30.665
2012-09-03,Almatti,505.031,21.424
2012-09-04,Almatti,857.774,12.184
2012-09-05,Almatti,1294.929,2.943
2012-09-06,Almatti,2699.53,2.707
2012-09-07,Almatti,2601.469,2.472
2012-09-08,Almatti,2754.55,2.708
2012-09-09,Almatti,2697.803,2.945
2012-09-10,Almatti,2378.87,3.181
2012-09-11,Almatti,1441.809,3.417
2012-09-12,Almatti,1500.368,3.654
2012-09-13,Almatti,1298.016,3.89
2012-09-14,Almatti,1214.226,4.126
2012-09-15,Almatti,1216.35,6.189
2012-09-16,Almatti,806.889,8.252
2012-09-17,Almatti,581.699,10.316
2012-09-18,Almatti,356.509,12.379
2012-09-19,Almatti,375.51,14.442
2012-09-20,Almatti,371.998,16.505
2012-09-21,Almatti,368.487,18.568
2012-09-22,Almatti,368.147,20.631
2012-09-23,Almatti,367.553,22.694
2012-09-24,Almatti,171.487,24.757
2012-09-25,Almatti,134.307,26.821
2012-09-26,Almatti,136.799,28.884
2012-09-27,Almatti,87.499,30.947
2012-09-28,Almatti,65.624,33.01
2012-09-29,Almatti,43.75,35.073
2012-09-30,Almatti,21.875,37.136
2012-10-01,Almatti,0.0,39.199
2012-10-02,Almatti,0.0,27.192
2012-10-03,Almatti,0.0,15.185
2012-10-04,Almatti,602.951,3.178
2012-10-05,Almatti,640.159,3.296
2012-10-06,Almatti,639.479,3.414
2012-10-07,Almatti,483.284,3.531
2012-10-08,Almatti,772.767,3.577
2012-10-09,Almatti,1349.779,3.622
2012-10-10,Almatti,1202.475,3.668
2012-10-11,Almatti,1033.622,3.713
2012-10-12,Almatti,582.817,3.758
2012-10-13,Almatti,413.114,3.804
2012-10-14,Almatti,424.3,3.849
2012-10-15,Almatti,418.721,5.774
2012-10-16,Almatti,416.484,7.699
2012-10-17,Almatti,419.882,9.623
2012-10-18,Almatti,427.471,11.548
2012-10-19,Almatti,204.08,13.473
2012-10-20,Almatti,0.0,15.397
2012-10-21,Almatti,0.0,17.322
2012-10-22,Almatti,0.0,19.246
2012-10-23,Almatti,0.0,21.171
2012-10-24,Almatti,0.0,23.096
2012-10-25,Almatti,0.0,25.02
2012-10-26,Almatti,0.0,26.945
2012-10-27,Almatti,0.0,28.87
2012-10-28,Almatti,0.0,30.794
2012-10-29,Almatti,0.0,32.719
2012-10-30,Almatti,0.0,34.644
2012-10-31,Almatti,0.0,36.568
2012-11-01,Almatti,0.0,38.493
2012-11-02,Almatti,0.0,26.721
2012-11-03,Almatti,0.0,14.95
2012-11-04,Almatti,0.0,3.178
2012-11-05,Almatti,0.0,3.531
2012-11-06,Almatti,0.0,3.885
2012-11-07,Almatti,0.0,4.238
2012-11-08,Almatti,0.0,12.235
2012-11-09,Almatti,0.0,20.233
2012-11-10,Almatti,0.0,28.23
2012-11-11,Almatti,0.0,36.228
2012-11-12,Almatti,0.0,44.226
2012-11-13,Almatti,0.0,52.223
2012-11-14,Almatti,0.0,60.221
2012-11-15,Almatti,0.0,58.901
2012-11-16,Almatti,0.0,57.581
2012-11-17,Almatti,0.0,56.262
2012-11-18,Almatti,0.0,54.942
2012-11-19,Almatti,0.0,53.623
2012-11-20,Almatti,0.0,52.303
2012-11-21,Almatti,0.0,50.983
2012-11-22,Almatti,0.0,49.664
2012-11-23,Almatti,0.0,48.344
2012-11-24,Almatti,0.0,47.024
2012-11-25,Almatti,0.0,45.705
2012-11-26,Almatti,0.0,44.385
2012-11-27,Almatti,0.0,43.065
2012-11-28,Almatti,0.0,41.746
2012-11-29,Almatti,0.0,40.426
2012-11-30,Almatti,0.0,39.106
2012-12-01,Almatti,0.0,37.787
2012-12-02,Almatti,0.0,26.251
2012-12-03,Almatti,0.0,14.714
2012-12-04,Almatti,0.0,3.178
2012-12-05,Almatti,0.0,3.767
2012-12-06,Almatti,0.0,4.355
2012-12-07,Almatti,0.0,4.944
2012-12-08,Almatti,0.0,12.925
2012-12-09,Almatti,0.0,20.906
2012-12-10,Almatti,0.0,28.887
2012-12-11,Almatti,0.0,36.869
2012-12-12,Almatti,0.0,44.85
2012-12-13,Almatti,0.0,52.831
2012-12-14,Almatti,0.0,60.812
2012-12-15,Almatti,0.0,59.788
2012-12-16,Almatti,0.0,58.764
2012-12-17,Almatti,0.0,57.739
2012-12-18,Almatti,0.0,56.715
2012-12-19,Almatti,0.0,55.691
2012-12-20,Almatti,0.0,54.667
2012-12-21,Almatti,0.0,53.643
2012-12-22,Almatti,0.0,52.619
2012-12-23,Almatti,0.0,51.595
2012-12-24,Almatti,0.0,50.571
2012-12-25,Almatti,0.0,49.546
2012-12-26,Almatti,0.0,48.522
2012-12-27,Almatti,0.0,47.498
2012-12-28,Almatti,0.0,46.474
2012-12-29,Almatti,0.0,45.45
2012-12-30,Almatti,0.0,44.426
2012-12-31,Almatti,0.0,43.402
2013-01-01,Almatti,0.0,42.378
2013-01-02,Almatti,0.0,32.489
2013-01-03,Almatti,0.0,23.661
2013-01-04,Almatti,0.0,20.483
2013-01-05,Almatti,0.0,19.07
2013-01-06,Almatti,0.0,16.951
2013-01-07,Almatti,0.0,26.383
2013-01-08,Almatti,0.0,35.814
2013-01-09,Almatti,0.0,45.246
2013-01-10,Almatti,0.0,54.677
2013-01-11,Almatti,0.0,64.109
2013-01-12,Almatti,0.0,73.54
2013-01-13,Almatti,0.0,82.972
2013-01-14,Almatti,0.0,80.835
2013-01-15,Almatti,0.0,78.699
2013-01-16,Almatti,0.0,76.562
2013-01-17,Almatti,0.0,74.426
2013-01-18,Almatti,0.0,72.289
2013-01-19,Almatti,0.0,70.153
2013-01-20,Almatti,0.0,68.016
2013-01-21,Almatti,0.0,65.88
2013-01-22,Almatti,0.0,63.743
2013-01-23,Almatti,0.0,61.606
2013-01-24,Almatti,0.0,59.47
2013-01-25,Almatti,0.0,57.333
2013-01-26,Almatti,0.0,55.197
2013-01-27,Almatti,0.0,53.06
2013-01-28,Almatti,0.0,50.924
2013-01-29,Almatti,0.0,48.787
2013-01-30,Almatti,0.0,46.651
2013-01-31,Almatti,0.0,44.514
2013-02-01,Almatti,0.0,42.378
2013-02-02,Almatti,0.0,32.136
2013-02-03,Almatti,0.0,23.308
2013-02-04,Almatti,0.0,20.483
2013-02-05,Almatti,0.0,19.07
2013-02-06,Almatti,0.0,16.951
2013-02-07,Almatti,0.0,27.327
2013-02-08,Almatti,0.0,37.703
2013-02-09,Almatti,0.0,48.078
2013-02-10,Almatti,0.0,58.454
2013-02-11,Almatti,0.0,68.83
2013-02-12,Almatti,0.0,79.206
2013-02-13,Almatti,0.0,89.582
2013-02-14,Almatti,0.0,79.458
2013-02-15,Almatti,0.0,76.986
2013-02-16,Almatti,0.0,74.514
2013-02-17,Almatti,0.0,72.042
2013-02-18,Almatti,0.0,69.57
2013-02-19,Almatti,0.0,67.098
2013-02-20,Almatti,0.0,64.626
2013-02-21,Almatti,0.0,62.154
2013-02-22,Almatti,0.0,59.682
2013-02-23,Almatti,0.0,57.21
2013-02-24,Almatti,0.0,54.738
2013-02-25,Almatti,0.0,52.266
2013-02-26,Almatti,0.0,49.794
2013-02-27,Almatti,0.0,47.322
2013-02-28,Almatti,0.0,44.85
2013-03-01,Almatti,0.0,42.378
2013-03-02,Almatti,0.0,32.136
2013-03-03,Almatti,0.0,23.308
2013-03-04,Almatti,0.0,20.483
2013-03-05,Almatti,0.0,18.364
2013-03-06,Almatti,0.0,16.951
2013-03-07,Almatti,0.0,26.302
2013-03-08,Almatti,0.0,35.653
2013-03-09,Almatti,0.0,45.003
2013-03-10,Almatti,0.0,54.354
2013-03-11,Almatti,0.0,63.705
2013-03-12,Almatti,0.0,73.056
2013-03-13,Almatti,0.0,82.407
2013-03-14,Almatti,0.0,81.118
2013-03-15,Almatti,0.0,79.829
2013-03-16,Almatti,0.0,78.54
2013-03-17,Almatti,0.0,77.251
2013-03-18,Almatti,0.0,75.962
2013-03-19,Almatti,0.0,74.673
2013-03-20,Almatti,0.0,73.384
2013-03-21,Almatti,0.0,72.095
2013-03-22,Almatti,0.0,70.806
2013-03-23,Almatti,0.0,69.517
2013-03-24,Almatti,0.0,68.228
2013-03-25,Almatti,0.0,66.939
2013-03-26,Almatti,0.0,65.65
2013-03-27,Almatti,0.0,64.361
2013-03-28,Almatti,0.0,63.072
2013-03-29,Almatti,0.0,61.783
2013-03-30,Almatti,0.0,60.494
2013-03-31,Almatti,0.0,59.205
2013-04-01,Almatti,0.0,57.916
2013-04-02,Almatti,0.0,48.028
2013-04-03,Almatti,0.0,38.14
2013-04-04,Almatti,0.0,28.252
2013-04-05,Almatti,0.0,18.364
2013-04-06,Almatti,0.0,16.951
2013-04-07,Almatti,0.0,26.189
2013-04-08,Almatti,0.0,35.426
2013-04-09,Almatti,0.0,44.664
2013-04-10,Almatti,0.0,53.901
2013-04-11,Almatti,0.0,63.139
2013-04-12,Almatti,0.0,72.376
2013-04-13,Almatti,0.0,81.614
2013-04-14,Almatti,0.0,80.239
2013-04-15,Almatti,0.0,78.863
2013-04-16,Almatti,0.0,77.488
2013-04-17,Almatti,0.0,76.112
2013-04-18,Almatti,0.0,74.737
2013-04-19,Almatti,0.0,73.362
2013-04-20,Almatti,0.0,71.986
2013-04-21,Almatti,0.0,70.611
2013-04-22,Almatti,0.0,69.235
2013-04-23,Almatti,0.0,67.86
2013-04-24,Almatti,0.0,66.485
2013-04-25,Almatti,0.0,65.109
2013-04-26,Almatti,0.0,63.734
2013-04-27,Almatti,0.0,62.358
2013-04-28,Almatti,0.0,60.983
2013-04-29,Almatti,0.0,59.607
2013-04-30,Almatti,0.0,58.232
2013-05-01,Almatti,0.0,56.857
2013-05-02,Almatti,0.0,44.85
2013-05-03,Almatti,0.0,32.843
2013-05-04,Almatti,0.0,20.836
2013-05-05,Almatti,0.0,18.364
2013-05-06,Almatti,0.0,16.951
2013-05-07,Almatti,0.0,27.347
2013-05-08,Almatti,0.0,37.743
2013-05-09,Almatti,0.0,48.139
2013-05-10,Almatti,0.0,58.535
2013-05-11,Almatti,0.0,68.931
2013-05-12,Almatti,0.0,79.327
2013-05-13,Almatti,0.0,89.723
2013-05-14,Almatti,0.0,79.67
2013-05-15,Almatti,0.0,78.363
2013-05-16,Almatti,0.0,77.057
2013-05-17,Almatti,0.0,75.75
2013-05-18,Almatti,0.0,74.443
2013-05-19,Almatti,0.0,73.137
2013-05-20,Almatti,0.0,71.83
2013-05-21,Almatti,0.0,70.523
2013-05-22,Almatti,0.0,69.217
2013-05-23,Almatti,0.0,67.91
2013-05-24,Almatti,0.0,66.603
2013-05-25,Almatti,0.0,65.297
2013-05-26,Almatti,0.0,63.99
2013-05-27,Almatti,0.0,62.684
2013-05-28,Almatti,0.0,61.377
2013-05-29,Almatti,0.0,60.07
2013-05-30,Almatti,0.0,58.764
2013-05-31,Almatti,0.0,57.457
2013-06-01,Almatti,0.0,56.15
2013-06-02,Almatti,0.0,44.379
2013-06-03,Almatti,0.0,32.607
2013-06-04,Almatti,0.0,20.836
2013-06-05,Almatti,0.0,18.01
2013-06-06,Almatti,0.0,16.951
2013-06-07,Almatti,0.0,27.722
2013-06-08,Almatti,0.0,38.493
2013-06-09,Almatti,0.0,49.264
2013-06-10,Almatti,0.0,60.035
2013-06-11,Almatti,0.0,70.806
2013-06-12,Almatti,0.0,81.577
2013-06-13,Almatti,0.0,80.201
2013-06-14,Almatti,27.297,78.826
2013-06-15,Almatti,27.864,77.451
2013-06-16,Almatti,28.543,76.075
2013-06-17,Almatti,66.884,74.7
2013-06-18,Almatti,490.986,73.324
2013-06-19,Almatti,437.212,71.949
2013-06-20,Almatti,711.687,70.574
2013-06-21,Almatti,1333.384,69.198
2013-06-22,Almatti,529.298,67.823
2013-06-23,Almatti,858.765,66.447
2013-06-24,Almatti,579.08,65.072
2013-06-25,Almatti,254.144,63.697
2013-06-26,Almatti,174.488,62.321
2013-06-27,Almatti,176.131,60.946
2013-06-28,Almatti,345.218,59.57
2013-06-29,Almatti,514.305,58.195
2013-06-30,Almatti,683.392,56.819
2013-07-01,Almatti,852.479,55.444
2013-07-02,Almatti,659.075,43.908
2013-07-03,Almatti,678.302,32.372
2013-07-04,Almatti,698.095,20.836
2013-07-05,Almatti,845.541,18.01
2013-07-06,Almatti,1421.166,16.951
2013-07-07,Almatti,1407.687,27.212
2013-07-08,Almatti,1225.865,37.474
2013-07-09,Almatti,1338.254,47.735
2013-07-10,Almatti,1398.767,57.997
2013-07-11,Almatti,914.549,68.258
2013-07-12,Almatti,740.854,78.52
2013-07-13,Almatti,915.37,88.781
2013-07-14,Almatti,1288.02,78.257
2013-07-15,Almatti,2456.741,76.951
2013-07-16,Almatti,2239.756,75.644
2013-07-17,Almatti,2022.771,74.337
2013-07-18,Almatti,1805.787,73.031
2013-07-19,Almatti,1588.802,71.724
2013-07-20,Almatti,2074.728,70.417
2013-07-21,Almatti,2560.655,69.111
2013-07-22,Almatti,3046.581,67.804
2013-07-23,Almatti,3429.482,66.498
2013-07-24,Almatti,3434.352,65.191
2013-07-25,Almatti,4367.194,63.884
2013-07-26,Almatti,5516.575,62.578
2013-07-27,Almatti,5669.882,61.271
2013-07-28,Almatti,6979.593,59.964
2013-07-29,Almatti,6065.837,58.658
2013-07-30,Almatti,6721.258,57.351
2013-07-31,Almatti,7037.218,56.044
2013-08-01,Almatti,5820.5,54.738
2013-08-02,Almatti,5910.575,43.437
2013-08-03,Almatti,5583.459,32.136
2013-08-04,Almatti,6560.617,20.836
2013-08-05,Almatti,5732.604,18.01
2013-08-06,Almatti,5732.604,16.951
2013-08-07,Almatti,5039.068,28.991
2013-08-08,Almatti,4590.019,41.032
2013-08-09,Almatti,2647.427,53.072
2013-08-10,Almatti,2107.793,65.112
2013-08-11,Almatti,611.785,77.153
2013-08-12,Almatti,441.884,89.193
2013-08-13,Almatti,441.884,78.875
2013-08-14,Almatti,702.314,77.586
2013-08-15,Almatti,961.895,76.297
2013-08-16,Almatti,1136.497,75.008
2013-08-17,Almatti,1368.695,73.719
2013-08-18,Almatti,1368.695,72.43
2013-08-19,Almatti,926.499,71.141
2013-08-20,Almatti,808.446,69.852
2013-08-21,Almatti,1065.705,68.563
2013-08-22,Almatti,1274.541,67.274
2013-08-23,Almatti,1207.289,65.985
2013-08-24,Almatti,1207.289,64.696
2013-08-25,Almatti,1207.289,63.407
2013-08-26,Almatti,1042.117,62.118
2013-08-27,Almatti,754.219,60.83
2013-08-28,Almatti,584.318,59.541
2013-08-29,Almatti,324.709,58.252
2013-08-30,Almatti,102.932,56.963
2013-08-31,Almatti,74.615,55.674
2013-09-01,Almatti,74.615,54.385
2013-09-02,Almatti,74.615,43.084
2013-09-03,Almatti,74.615,31.783
2013-09-04,Almatti,74.615,20.483
2013-09-05,Almatti,74.615,18.01
2013-09-06,Almatti,73.511,16.598
2013-09-07,Almatti,43.693,28.615
2013-09-08,Almatti,0.0,40.633
2013-09-09,Almatti,0.0,52.65
2013-09-10,Almatti,0.0,64.667
2013-09-11,Almatti,0.0,76.684
2013-09-12,Almatti,0.0,88.702
2013-09-13,Almatti,223.731,78.138
2013-09-14,Almatti,185.39,76.819
2013-09-15,Almatti,462.216,75.499
2013-09-16,Almatti,82.997,74.179
2013-09-17,Almatti,1234.983,72.86
2013-09-18,Almatti,1516.254,71.54
2013-09-19,Almatti,1705.665,70.22
2013-09-20,Almatti,853.583,68.901
2013-09-21,Almatti,442.734,67.581
2013-09-22,Almatti,920.864,66.261
2013-09-23,Almatti,806.124,64.942
2013-09-24,Almatti,466.322,63.622
2013-09-25,Almatti,442.734,62.303
2013-09-26,Almatti,442.734,60.983
2013-09-27,Almatti,442.734,59.663
2013-09-28,Almatti,432.115,58.344
2013-09-29,Almatti,421.496,57.024
2013-09-30,Almatti,410.877,55.704
2013-10-01,Almatti,400.259,54.385
2013-10-02,Almatti,400.259,43.084
2013-10-03,Almatti,400.259,31.783
2013-10-04,Almatti,400.259,20.483
2013-10-05,Almatti,400.259,18.01
2013-10-06,Almatti,400.259,16.598
2013-10-07,Almatti,400.259,26.957
2013-10-08,Almatti,423.28,37.316
2013-10-09,Almatti,637.412,47.675
2013-10-10,Almatti,442.734,58.034
2013-10-11,Almatti,386.1,68.393
2013-10-12,Almatti,329.467,78.752
2013-10-13,Almatti,17.981,77.18
2013-10-14,Almatti,17.981,75.609
2013-10-15,Almatti,75.323,74.037
2013-10-16,Almatti,17.981,72.466
2013-10-17,Almatti,0.0,70.894
2013-10-18,Almatti,0.0,69.323
2013-10-19,Almatti,0.0,67.751
2013-10-20,Almatti,0.0,66.18
2013-10-21,Almatti,0.0,64.608
2013-10-22,Almatti,0.0,63.037
2013-10-23,Almatti,0.0,61.465
2013-10-24,Almatti,0.0,59.894
2013-10-25,Almatti,0.0,58.322
2013-10-26,Almatti,0.0,56.751
2013-10-27,Almatti,17.896,55.179
2013-10-28,Almatti,74.615,53.608
2013-10-29,Almatti,74.615,52.036
2013-10-30,Almatti,74.615,50.465
2013-10-31,Almatti,21.351,48.893
2013-11-01,Almatti,74.615,47.322
2013-11-02,Almatti,74.615,38.375
2013-11-03,Almatti,74.615,29.429
2013-11-04,Almatti,74.615,20.483
2013-11-05,Almatti,74.615,18.01
2013-11-06,Almatti,66.233,16.598
2013-11-07,Almatti,52.868,26.78
2013-11-08,Almatti,23.078,36.963
2013-11-09,Almatti,0.0,47.145
2013-11-10,Almatti,0.0,57.327
2013-11-11,Almatti,0.0,67.51
2013-11-12,Almatti,0.0,77.692
2013-11-13,Almatti,0.0,75.945
2013-11-14,Almatti,0.0,74.198
2013-11-15,Almatti,0.0,72.451
2013-11-16,Almatti,0.0,70.704
2013-11-17,Almatti,0.0,68.957
2013-11-18,Almatti,0.0,67.209
2013-11-19,Almatti,0.0,65.462
2013-11-20,Almatti,0.0,63.715
2013-11-21,Almatti,0.0,61.968
2013-11-22,Almatti,0.0,60.221
2013-11-23,Almatti,0.0,58.474
2013-11-24,Almatti,0.0,56.727
2013-11-25,Almatti,0.0,54.979
2013-11-26,Almatti,0.0,53.232
2013-11-27,Almatti,0.0,51.485
2013-11-28,Almatti,0.0,49.738
2013-11-29,Almatti,0.0,47.991
2013-11-30,Almatti,0.0,46.244
2013-12-01,Almatti,0.0,44.496
2013-12-02,Almatti,0.0,33.549
2013-12-03,Almatti,0.0,22.601
2013-12-04,Almatti,0.0,18.717
2013-12-05,Almatti,0.0,17.657
2013-12-06,Almatti,0.0,16.598
2013-12-07,Almatti,0.0,28.43
2013-12-08,Almatti,0.0,40.263
2013-12-09,Almatti,0.0,52.095
2013-12-10,Almatti,0.0,63.927
2013-12-11,Almatti,0.0,75.76
2013-12-12,Almatti,0.0,87.592
2013-12-13,Almatti,0.0,76.474
2013-12-14,Almatti,0.0,75.609
2013-12-15,Almatti,0.0,74.743
2013-12-16,Almatti,0.0,73.878
2013-12-17,Almatti,0.0,73.013
2013-12-18,Almatti,0.0,72.148
2013-12-19,Almatti,0.0,71.283
2013-12-20,Almatti,0.0,70.417
2013-12-21,Almatti,0.0,69.552
2013-12-22,Almatti,0.0,68.687
2013-12-23,Almatti,0.0,67.822
2013-12-24,Almatti,0.0,66.957
2013-12-25,Almatti,0.0,66.091
2013-12-26,Almatti,0.0,65.226
2013-12-27,Almatti,0.0,64.361
2013-12-28,Almatti,0.0,63.496
2013-12-29,Almatti,0.0,62.631
2013-12-30,Almatti,0.0,61.765
2013-12-31,Almatti,0.0,60.9
2014-01-01,Almatti,0.0,60.035
2014-01-02,Almatti,0.0,49.441
2014-01-03,Almatti,0.0,38.846
2014-01-04,Almatti,0.0,28.252
2014-01-05,Almatti,0.0,17.657
2014-01-06,Almatti,0.0,7.063
2014-01-07,Almatti,0.0,7.063
2014-01-08,Almatti,0.0,18.405
2014-01-09,Almatti,0.0,29.747
2014-01-10,Almatti,0.0,41.089
2014-01-11,Almatti,0.0,52.431
2014-01-12,Almatti,0.0,63.772
2014-01-13,Almatti,0.0,75.114
2014-01-14,Almatti,0.0,74.302
2014-01-15,Almatti,0.0,73.49
2014-01-16,Almatti,0.0,72.678
2014-01-17,Almatti,0.0,71.865
2014-01-18,Almatti,0.0,71.053
2014-01-19,Almatti,0.0,70.241
2014-01-20,Almatti,0.0,69.429
2014-01-21,Almatti,0.0,68.616
2014-01-22,Almatti,0.0,67.804
2014-01-23,Almatti,0.0,66.992
2014-01-24,Almatti,0.0,66.18
2014-01-25,Almatti,0.0,65.367
2014-01-26,Almatti,0.0,64.555
2014-01-27,Almatti,0.0,63.743
2014-01-28,Almatti,0.0,62.931
2014-01-29,Almatti,0.0,62.118
2014-01-30,Almatti,0.0,61.306
2014-01-31,Almatti,0.0,60.494
2014-02-01,Almatti,0.0,59.682
2014-02-02,Almatti,0.0,51.63
2014-02-03,Almatti,0.0,43.578
2014-02-04,Almatti,0.0,35.527
2014-02-05,Almatti,0.0,27.475
2014-02-06,Almatti,0.0,19.423
2014-02-07,Almatti,0.0,30.578
2014-02-08,Almatti,0.0,41.734
2014-02-09,Almatti,0.0,52.889
2014-02-10,Almatti,0.0,64.044
2014-02-11,Almatti,0.0,75.199
2014-02-12,Almatti,0.0,86.355
2014-02-13,Almatti,0.0,74.618
2014-02-14,Almatti,0.0,73.662
2014-02-15,Almatti,0.0,72.707
2014-02-16,Almatti,0.0,71.751
2014-02-17,Almatti,0.0,70.796
2014-02-18,Almatti,0.0,69.84
2014-02-19,Almatti,0.0,68.884
2014-02-20,Almatti,0.0,67.929
2014-02-21,Almatti,0.0,66.973
2014-02-22,Almatti,0.0,66.018
2014-02-23,Almatti,0.0,65.062
2014-02-24,Almatti,0.0,64.107
2014-02-25,Almatti,0.0,63.151
2014-02-26,Almatti,0.0,62.195
2014-02-27,Almatti,0.0,61.24
2014-02-28,Almatti,0.0,60.284
2014-03-01,Almatti,0.0,59.329
2014-03-02,Almatti,0.0,51.348
2014-03-03,Almatti,0.0,43.366
2014-03-04,Almatti,0.0,35.385
2014-03-05,Almatti,0.0,27.404
2014-03-06,Almatti,0.0,19.423
2014-03-07,Almatti,0.0,30.555
2014-03-08,Almatti,0.0,41.687
2014-03-09,Almatti,0.0,52.819
2014-03-10,Almatti,0.0,63.951
2014-03-11,Almatti,0.0,75.083
2014-03-12,Almatti,0.0,86.215
2014-03-13,Almatti,0.0,74.408
2014-03-14,Almatti,0.0,73.596
2014-03-15,Almatti,0.0,72.784
2014-03-16,Almatti,0.0,71.971
2014-03-17,Almatti,0.0,71.159
2014-03-18,Almatti,0.0,70.347
2014-03-19,Almatti,0.0,69.535
2014-03-20,Almatti,0.0,68.722
2014-03-21,Almatti,0.0,67.91
2014-03-22,Almatti,0.0,67.098
2014-03-23,Almatti,0.0,66.286
2014-03-24,Almatti,0.0,65.473
2014-03-25,Almatti,0.0,64.661
2014-03-26,Almatti,0.0,63.849
2014-03-27,Almatti,0.0,63.037
2014-03-28,Almatti,0.0,62.224
2014-03-29,Almatti,0.0,61.412
2014-03-30,Almatti,0.0,60.6
2014-03-31,Almatti,0.0,59.788
2014-04-01,Almatti,0.0,58.975
2014-04-02,Almatti,0.0,48.593
2014-04-03,Almatti,0.0,38.21
2014-04-04,Almatti,0.0,27.828
2014-04-05,Almatti,0.0,17.445
2014-04-06,Almatti,0.0,7.063
2014-04-07,Almatti,0.0,7.063
2014-04-08,Almatti,0.0,18.277
2014-04-09,Almatti,0.0,29.491
2014-04-10,Almatti,0.0,40.705
2014-04-11,Almatti,0.0,51.919
2014-04-12,Almatti,0.0,63.133
2014-04-13,Almatti,0.0,74.347
2014-04-14,Almatti,0.0,73.473
2014-04-15,Almatti,0.0,72.6
2014-04-16,Almatti,0.0,71.726
2014-04-17,Almatti,0.0,70.852
2014-04-18,Almatti,0.0,69.979
2014-04-19,Almatti,0.0,69.105
2014-04-20,Almatti,0.0,68.232
2014-04-21,Almatti,0.0,67.358
2014-04-22,Almatti,0.0,66.485
2014-04-23,Almatti,0.0,65.611
2014-04-24,Almatti,0.0,64.737
2014-04-25,Almatti,0.0,63.864
2014-04-26,Almatti,0.0,62.99
2014-04-27,Almatti,0.0,62.117
2014-04-28,Almatti,0.0,61.243
2014-04-29,Almatti,0.0,60.369
2014-04-30,Almatti,0.0,59.496
2014-05-01,Almatti,0.0,58.622
2014-05-02,Almatti,0.0,50.712
2014-05-03,Almatti,0.0,42.801
2014-05-04,Almatti,0.0,34.891
2014-05-05,Almatti,0.0,26.98
2014-05-06,Almatti,0.0,19.07
2014-05-07,Almatti,0.0,7.063
2014-05-08,Almatti,0.0,18.225
2014-05-09,Almatti,0.0,29.388
2014-05-10,Almatti,0.0,40.55
2014-05-11,Almatti,0.0,51.712
2014-05-12,Almatti,0.0,62.875
2014-05-13,Almatti,0.0,74.037
2014-05-14,Almatti,0.0,73.207
2014-05-15,Almatti,0.0,72.377
2014-05-16,Almatti,0.0,71.548
2014-05-17,Almatti,0.0,70.718
2014-05-18,Almatti,0.0,69.888
2014-05-19,Almatti,0.0,69.058
2014-05-20,Almatti,0.0,68.228
2014-05-21,Almatti,0.0,67.398
2014-05-22,Almatti,0.0,66.568
2014-05-23,Almatti,0.0,65.738
2014-05-24,Almatti,0.0,64.908
2014-05-25,Almatti,0.0,64.078
2014-05-26,Almatti,0.0,63.249
2014-05-27,Almatti,0.0,62.419
2014-05-28,Almatti,0.0,61.589
2014-05-29,Almatti,0.0,60.759
2014-05-30,Almatti,0.0,59.929
2014-05-31,Almatti,0.0,59.099
2014-06-01,Almatti,0.0,58.269
2014-06-02,Almatti,0.0,48.028
2014-06-03,Almatti,0.0,37.787
2014-06-04,Almatti,0.0,27.545
2014-06-05,Almatti,0.0,17.304
2014-06-06,Almatti,0.0,7.063
2014-06-07,Almatti,0.0,7.063
2014-06-08,Almatti,0.0,18.045
2014-06-09,Almatti,0.0,29.026
2014-06-10,Almatti,0.0,40.008
2014-06-11,Almatti,0.0,50.989
2014-06-12,Almatti,0.0,61.971
2014-06-13,Almatti,0.0,72.953
2014-06-14,Almatti,0.0,72.098
2014-06-15,Almatti,0.0,71.243
2014-06-16,Almatti,0.0,70.388
2014-06-17,Almatti,54.397,69.533
2014-06-18,Almatti,0.0,68.678
2014-06-19,Almatti,0.0,67.823
2014-06-20,Almatti,0.0,66.968
2014-06-21,Almatti,11.072,66.113
2014-06-22,Almatti,11.129,65.258
2014-06-23,Almatti,0.0,64.403
2014-06-24,Almatti,0.0,63.548
2014-06-25,Almatti,0.0,62.693
2014-06-26,Almatti,0.0,61.838
2014-06-27,Almatti,0.0,60.983
2014-06-28,Almatti,0.0,60.128
2014-06-29,Almatti,0.0,59.273
2014-06-30,Almatti,0.0,58.418
2014-07-01,Almatti,0.0,57.563
2014-07-02,Almatti,0.0,47.463
2014-07-03,Almatti,0.0,37.363
2014-07-04,Almatti,0.0,27.263
2014-07-05,Almatti,0.0,17.163
2014-07-06,Almatti,0.0,7.063
2014-07-07,Almatti,0.0,6.71
2014-07-08,Almatti,0.0,15.957
2014-07-09,Almatti,0.0,25.205
2014-07-10,Almatti,0.0,34.452
2014-07-11,Almatti,0.0,43.699
2014-07-12,Almatti,0.0,52.947
2014-07-13,Almatti,0.0,62.194
2014-07-14,Almatti,0.0,71.442
2014-07-15,Almatti,0.0,70.612
2014-07-16,Almatti,43.834,69.782
2014-07-17,Almatti,1114.523,68.952
2014-07-18,Almatti,1595.031,68.122
2014-07-19,Almatti,1474.26,67.292
2014-07-20,Almatti,1944.943,66.462
2014-07-21,Almatti,2221.57,65.632
2014-07-22,Almatti,2016.329,64.802
2014-07-23,Almatti,1711.385,63.973
2014-07-24,Almatti,3112.673,63.143
2014-07-25,Almatti,3332.185,62.313
2014-07-26,Almatti,4396.983,61.483
2014-07-27,Almatti,4705.552,60.653
2014-07-28,Almatti,4114.551,59.823
2014-07-29,Almatti,3072.406,58.993
2014-07-30,Almatti,2296.44,58.163
2014-07-31,Almatti,2465.803,57.333
2014-08-01,Almatti,2928.132,56.503
2014-08-02,Almatti,3032.932,46.545
2014-08-03,Almatti,4981.16,36.586
2014-08-04,Almatti,4503.115,26.627
2014-08-05,Almatti,4242.203,16.669
2014-08-06,Almatti,3483.425,6.71
2014-08-07,Almatti,2686.164,6.71
2014-08-08,Almatti,2914.058,15.801
2014-08-09,Almatti,3486.512,24.892
2014-08-10,Almatti,4015.782,33.983
2014-08-11,Almatti,2842.303,43.074
2014-08-12,Almatti,2403.138,52.165
2014-08-13,Almatti,1310.079,61.256
2014-08-14,Almatti,1200.634,70.347
2014-08-15,Almatti,950.03,69.499
2014-08-16,Almatti,288.181,68.652
2014-08-17,Almatti,553.396,67.804
2014-08-18,Almatti,584.177,66.957
2014-08-19,Almatti,577.664,66.109
2014-08-20,Almatti,695.632,65.262
2014-08-21,Almatti,719.248,64.414
2014-08-22,Almatti,651.287,63.566
2014-08-23,Almatti,438.911,62.719
2014-08-24,Almatti,438.911,61.871
2014-08-25,Almatti,651.287,61.024
2014-08-26,Almatti,651.287,60.176
2014-08-27,Almatti,778.713,59.329
2014-08-28,Almatti,1076.04,58.481
2014-08-29,Almatti,1443.678,57.634
2014-08-30,Almatti,1443.678,56.786
2014-08-31,Almatti,1622.385,55.938
2014-09-01,Almatti,1747.857,55.091
2014-09-02,Almatti,2008.004,43.26
2014-09-03,Almatti,2441.62,31.43
2014-09-04,Almatti,2521.615,19.6
2014-09-05,Almatti,2533.508,7.769
2014-09-06,Almatti,1399.702,6.357
2014-09-07,Almatti,1342.219,6.71
2014-09-08,Almatti,2417.551,18.817
2014-09-09,Almatti,3111.625,30.925
2014-09-10,Almatti,2822.567,43.033
2014-09-11,Almatti,1203.466,55.14
2014-09-12,Almatti,1411.595,67.248
2014-09-13,Almatti,1619.724,79.356
2014-09-14,Almatti,1550.347,69.198
2014-09-15,Almatti,991.09,68.306
2014-09-16,Almatti,778.713,67.414
2014-09-17,Almatti,438.911,66.522
2014-09-18,Almatti,438.911,65.63
2014-09-19,Almatti,438.911,64.737
2014-09-20,Almatti,438.911,63.845
2014-09-21,Almatti,438.911,62.953
2014-09-22,Almatti,438.911,62.061
2014-09-23,Almatti,368.119,61.169
2014-09-24,Almatti,297.327,60.277
2014-09-25,Almatti,155.743,59.384
2014-09-26,Almatti,70.792,58.492
2014-09-27,Almatti,70.792,57.6
2014-09-28,Almatti,70.792,56.708
2014-09-29,Almatti,70.792,55.816
2014-09-30,Almatti,153.307,54.924
2014-10-01,Almatti,212.376,54.031
2014-10-02,Almatti,212.376,42.466
2014-10-03,Almatti,240.693,30.9
2014-10-04,Almatti,297.327,19.335
2014-10-05,Almatti,353.961,7.769
2014-10-06,Almatti,382.277,6.71
2014-10-07,Almatti,400.259,6.71
2014-10-08,Almatti,339.802,18.731
2014-10-09,Almatti,254.852,30.753
2014-10-10,Almatti,155.743,42.775
2014-10-11,Almatti,155.743,54.797
2014-10-12,Almatti,155.743,66.818
2014-10-13,Almatti,155.743,78.84
2014-10-14,Almatti,155.743,68.51
2014-10-15,Almatti,155.743,67.628
2014-10-16,Almatti,40.776,66.745
2014-10-17,Almatti,0.0,65.862
2014-10-18,Almatti,0.0,64.979
2014-10-19,Almatti,0.0,64.096
2014-10-20,Almatti,0.0,63.213
2014-10-21,Almatti,0.0,62.33
2014-10-22,Almatti,0.0,61.448
2014-10-23,Almatti,0.0,60.565
2014-10-24,Almatti,0.0,59.682
2014-10-25,Almatti,0.0,58.799
2014-10-26,Almatti,0.0,57.916
2014-10-27,Almatti,74.7,57.033
2014-10-28,Almatti,70.792,56.15
2014-10-29,Almatti,70.792,55.267
2014-10-30,Almatti,70.792,54.385
2014-10-31,Almatti,70.792,53.502
2014-11-01,Almatti,70.792,52.619
2014-11-02,Almatti,46.156,41.406
2014-11-03,Almatti,0.0,30.194
2014-11-04,Almatti,0.0,18.982
2014-11-05,Almatti,0.0,7.769
2014-11-06,Almatti,0.0,6.71
2014-11-07,Almatti,0.0,6.71
2014-11-08,Almatti,0.0,18.583
2014-11-09,Almatti,0.0,30.456
2014-11-10,Almatti,0.0,42.329
2014-11-11,Almatti,0.0,54.202
2014-11-12,Almatti,0.0,66.075
2014-11-13,Almatti,0.0,77.948
2014-11-14,Almatti,0.0,67.321
2014-11-15,Almatti,0.0,66.373
2014-11-16,Almatti,0.0,65.425
2014-11-17,Almatti,0.0,64.477
2014-11-18,Almatti,0.0,63.529
2014-11-19,Almatti,0.0,62.581
2014-11-20,Almatti,0.0,61.633
2014-11-21,Almatti,0.0,60.685
2014-11-22,Almatti,0.0,59.738
2014-11-23,Almatti,0.0,58.79
2014-11-24,Almatti,0.0,57.842
2014-11-25,Almatti,0.0,56.894
2014-11-26,Almatti,0.0,55.946
2014-11-27,Almatti,0.0,54.998
2014-11-28,Almatti,0.0,54.05
2014-11-29,Almatti,0.0,53.102
2014-11-30,Almatti,0.0,52.154
2014-12-01,Almatti,0.0,51.206
2014-12-02,Almatti,0.0,40.347
2014-12-03,Almatti,0.0,29.488
2014-12-04,Almatti,0.0,18.628
2014-12-05,Almatti,0.0,7.769
2014-12-06,Almatti,0.0,6.71
2014-12-07,Almatti,0.0,6.71
2014-12-08,Almatti,0.0,18.546
2014-12-09,Almatti,0.0,30.382
2014-12-10,Almatti,0.0,42.219
2014-12-11,Almatti,0.0,54.055
2014-12-12,Almatti,0.0,65.891
2014-12-13,Almatti,0.0,77.728
2014-12-14,Almatti,0.0,67.027
2014-12-15,Almatti,0.0,66.286
2014-12-16,Almatti,0.0,65.544
2014-12-17,Almatti,0.0,64.802
2014-12-18,Almatti,0.0,64.061
2014-12-19,Almatti,0.0,63.319
2014-12-20,Almatti,0.0,62.578
2014-12-21,Almatti,0.0,61.836
2014-12-22,Almatti,0.0,61.094
2014-12-23,Almatti,0.0,60.353
2014-12-24,Almatti,0.0,59.611
2014-12-25,Almatti,0.0,58.87
2014-12-26,Almatti,0.0,58.128
2014-12-27,Almatti,0.0,57.386
2014-12-28,Almatti,0.0,56.645
2014-12-29,Almatti,0.0,55.903
2014-12-30,Almatti,0.0,55.162
2014-12-31,Almatti,0.0,54.42
2015-01-01,Almatti,0.0,53.678
2015-01-02,Almatti,0.0,42.466
2015-01-03,Almatti,0.0,31.253
2015-01-04,Almatti,0.0,20.041
2015-01-05,Almatti,0.0,8.829
2015-01-06,Almatti,0.0,6.357
2015-01-07,Almatti,0.0,14.394
2015-01-08,Almatti,0.0,22.432
2015-01-09,Almatti,0.0,30.469
2015-01-10,Almatti,0.0,38.507
2015-01-11,Almatti,0.0,46.545
2015-01-12,Almatti,0.0,34.82
2015-01-13,Almatti,0.0,23.096
2015-01-14,Almatti,0.0,24.65
2015-01-15,Almatti,0.0,26.203
2015-01-16,Almatti,0.0,27.757
2015-01-17,Almatti,0.0,29.311
2015-01-18,Almatti,0.0,30.865
2015-01-19,Almatti,0.0,32.419
2015-01-20,Almatti,0.0,33.973
2015-01-21,Almatti,0.0,35.527
2015-01-22,Almatti,0.0,37.08
2015-01-23,Almatti,0.0,38.634
2015-01-24,Almatti,0.0,40.188
2015-01-25,Almatti,0.0,41.742
2015-01-26,Almatti,0.0,43.296
2015-01-27,Almatti,0.0,44.85
2015-01-28,Almatti,0.0,46.403
2015-01-29,Almatti,0.0,47.957
2015-01-30,Almatti,0.0,49.511
2015-01-31,Almatti,0.0,51.065
2015-02-01,Almatti,0.0,52.619
2015-02-02,Almatti,0.0,41.583
2015-02-03,Almatti,0.0,30.547
2015-02-04,Almatti,0.0,19.511
2015-02-05,Almatti,0.0,8.476
2015-02-06,Almatti,0.0,6.357
2015-02-07,Almatti,0.0,14.41
2015-02-08,Almatti,0.0,22.463
2015-02-09,Almatti,0.0,30.516
2015-02-10,Almatti,0.0,38.569
2015-02-11,Almatti,0.0,46.622
2015-02-12,Almatti,0.0,34.975
2015-02-13,Almatti,0.0,23.328
2015-02-14,Almatti,0.0,25.115
2015-02-15,Almatti,0.0,26.901
2015-02-16,Almatti,0.0,28.688
2015-02-17,Almatti,0.0,30.474
2015-02-18,Almatti,0.0,32.261
2015-02-19,Almatti,0.0,34.047
2015-02-20,Almatti,0.0,35.834
2015-02-21,Almatti,1.019,37.621
2015-02-22,Almatti,0.0,39.407
2015-02-23,Almatti,0.0,41.194
2015-02-24,Almatti,0.0,42.98
2015-02-25,Almatti,0.0,44.767
2015-02-26,Almatti,0.0,46.553
2015-02-27,Almatti,0.0,48.34
2015-02-28,Almatti,0.0,50.126
2015-03-01,Almatti,0.0,51.913
2015-03-02,Almatti,0.0,39.906
2015-03-03,Almatti,0.0,27.899
2015-03-04,Almatti,0.0,15.892
2015-03-05,Almatti,0.0,8.476
2015-03-06,Almatti,0.0,6.357
2015-03-07,Almatti,0.0,14.272
2015-03-08,Almatti,0.0,22.187
2015-03-09,Almatti,0.0,30.102
2015-03-10,Almatti,0.0,38.017
2015-03-11,Almatti,0.0,45.933
2015-03-12,Almatti,0.0,34.302
2015-03-13,Almatti,0.0,22.672
2015-03-14,Almatti,0.0,24.155
2015-03-15,Almatti,0.0,25.638
2015-03-16,Almatti,0.0,27.122
2015-03-17,Almatti,0.0,28.605
2015-03-18,Almatti,0.0,30.088
2015-03-19,Almatti,0.0,31.571
2015-03-20,Almatti,0.0,33.055
2015-03-21,Almatti,0.0,34.538
2015-03-22,Almatti,0.0,36.021
2015-03-23,Almatti,0.0,37.504
2015-03-24,Almatti,0.0,38.987
2015-03-25,Almatti,0.0,40.471
2015-03-26,Almatti,0.0,41.954
2015-03-27,Almatti,0.0,43.437
2015-03-28,Almatti,0.0,44.92
2015-03-29,Almatti,0.0,46.403
2015-03-30,Almatti,0.0,47.887
2015-03-31,Almatti,0.0,49.37
2015-04-01,Almatti,0.0,50.853
2015-04-02,Almatti,0.0,39.14
2015-04-03,Almatti,0.0,27.428
2015-04-04,Almatti,0.0,15.715
2015-04-05,Almatti,0.0,8.476
2015-04-06,Almatti,0.0,6.357
2015-04-07,Almatti,0.0,14.111
2015-04-08,Almatti,0.0,21.865
2015-04-09,Almatti,0.0,29.62
2015-04-10,Almatti,0.0,37.374
2015-04-11,Almatti,0.0,45.128
2015-04-12,Almatti,0.0,33.753
2015-04-13,Almatti,0.0,22.378
2015-04-14,Almatti,0.0,23.921
2015-04-15,Almatti,0.0,25.464
2015-04-16,Almatti,0.0,27.006
2015-04-17,Almatti,0.0,28.549
2015-04-18,Almatti,0.0,30.092
2015-04-19,Almatti,0.0,31.635
2015-04-20,Almatti,0.0,33.177
2015-04-21,Almatti,0.0,34.72
2015-04-22,Almatti,0.0,36.263
2015-04-23,Almatti,0.0,37.805
2015-04-24,Almatti,0.0,39.348
2015-04-25,Almatti,0.0,40.891
2015-04-26,Almatti,0.0,42.433
2015-04-27,Almatti,0.0,43.976
2015-04-28,Almatti,0.0,45.519
2015-04-29,Almatti,0.0,47.061
2015-04-30,Almatti,0.0,48.604
2015-05-01,Almatti,0.0,50.147
2015-05-02,Almatti,0.0,38.611
2015-05-03,Almatti,0.0,27.075
2015-05-04,Almatti,0.0,15.538
2015-05-05,Almatti,0.0,8.476
2015-05-06,Almatti,0.0,6.003
2015-05-07,Almatti,0.0,13.727
2015-05-08,Almatti,0.0,21.45
2015-05-09,Almatti,0.0,29.173
2015-05-10,Almatti,0.0,36.897
2015-05-11,Almatti,0.0,44.62
2015-05-12,Almatti,0.0,33.443
2015-05-13,Almatti,0.0,22.266
2015-05-14,Almatti,0.0,23.696
2015-05-15,Almatti,0.0,25.126
2015-05-16,Almatti,0.0,26.557
2015-05-17,Almatti,0.0,27.987
2015-05-18,Almatti,0.0,29.417
2015-05-19,Almatti,0.0,30.847
2015-05-20,Almatti,0.0,32.278
2015-05-21,Almatti,0.0,33.708
2015-05-22,Almatti,0.0,35.138
2015-05-23,Almatti,0.0,36.568
2015-05-24,Almatti,0.0,37.999
2015-05-25,Almatti,0.0,39.429
2015-05-26,Almatti,0.0,40.859
2015-05-27,Almatti,0.0,42.289
2015-05-28,Almatti,0.0,43.72
2015-05-29,Almatti,0.0,45.15
2015-05-30,Almatti,0.0,46.58
2015-05-31,Almatti,0.0,48.01
2015-06-01,Almatti,0.0,49.441
2015-06-02,Almatti,0.0,38.081
2015-06-03,Almatti,0.0,26.721
2015-06-04,Almatti,0.0,15.362
2015-06-05,Almatti,0.0,8.476
2015-06-06,Almatti,0.0,6.003
2015-06-07,Almatti,0.0,13.729
2015-06-08,Almatti,0.0,21.455
2015-06-09,Almatti,0.0,29.181
2015-06-10,Almatti,0.0,36.907
2015-06-11,Almatti,0.0,44.633
2015-06-12,Almatti,0.0,33.468
2015-06-13,Almatti,0.0,22.304
2015-06-14,Almatti,0.0,23.772
2015-06-15,Almatti,0.0,25.241
2015-06-16,Almatti,0.0,26.709
2015-06-17,Almatti,0.0,28.177
2015-06-18,Almatti,0.0,29.646
2015-06-19,Almatti,0.0,31.114
2015-06-20,Almatti,0.0,32.582
2015-06-21,Almatti,0.0,34.051
2015-06-22,Almatti,0.0,35.519
2015-06-23,Almatti,0.0,36.987
2015-06-24,Almatti,0.0,38.456
2015-06-25,Almatti,0.0,39.924
2015-06-26,Almatti,0.0,41.393
2015-06-27,Almatti,0.0,42.861
2015-06-28,Almatti,0.0,44.329
2015-06-29,Almatti,0.0,45.798
2015-06-30,Almatti,0.0,47.266
2015-07-01,Almatti,0.0,48.734
2015-07-02,Almatti,0.0,38.581
2015-07-03,Almatti,0.0,28.428
2015-07-04,Almatti,0.0,18.275
2015-07-05,Almatti,0.0,8.122
2015-07-06,Almatti,0.0,6.003
2015-07-07,Almatti,0.0,13.817
2015-07-08,Almatti,0.0,21.631
2015-07-09,Almatti,0.0,29.445
2015-07-10,Almatti,0.0,37.259
2015-07-11,Almatti,0.0,45.073
2015-07-12,Almatti,0.0,33.643
2015-07-13,Almatti,0.0,22.213
2015-07-14,Almatti,0.0,23.59
2015-07-15,Almatti,0.0,24.967
2015-07-16,Almatti,0.0,26.345
2015-07-17,Almatti,0.0,27.722
2015-07-18,Almatti,0.0,29.099
2015-07-19,Almatti,0.0,30.477
2015-07-20,Almatti,0.0,31.854
2015-07-21,Almatti,0.0,33.231
2015-07-22,Almatti,0.0,34.608
2015-07-23,Almatti,0.0,35.986
2015-07-24,Almatti,0.0,37.363
2015-07-25,Almatti,0.0,38.74
2015-07-26,Almatti,0.0,40.117
2015-07-27,Almatti,0.0,41.495
2015-07-28,Almatti,0.0,42.872
2015-07-29,Almatti,0.0,44.249
2015-07-30,Almatti,0.0,45.627
2015-07-31,Almatti,0.0,47.004
2015-08-01,Almatti,0.0,48.381
2015-08-02,Almatti,0.0,38.316
2015-08-03,Almatti,0.0,28.252
2015-08-04,Almatti,0.0,18.187
2015-08-05,Almatti,0.0,8.122
2015-08-06,Almatti,0.0,6.003
2015-08-07,Almatti,0.0,13.936
2015-08-08,Almatti,0.0,21.869
2015-08-09,Almatti,0.0,29.802
2015-08-10,Almatti,0.0,37.735
2015-08-11,Almatti,0.0,45.668
2015-08-12,Almatti,0.0,33.773
2015-08-13,Almatti,0.0,21.877
2015-08-14,Almatti,0.0,23.272
2015-08-15,Almatti,0.0,24.667
2015-08-16,Almatti,0.0,26.062
2015-08-17,Almatti,0.0,27.457
2015-08-18,Almatti,0.0,28.852
2015-08-19,Almatti,0.0,30.247
2015-08-20,Almatti,0.0,31.642
2015-08-21,Almatti,0.0,33.037
2015-08-22,Almatti,0.0,34.432
2015-08-23,Almatti,0.0,35.827
2015-08-24,Almatti,0.0,37.222
2015-08-25,Almatti,0.0,38.617
2015-08-26,Almatti,0.0,40.012
2015-08-27,Almatti,0.0,41.406
2015-08-28,Almatti,0.0,42.801
2015-08-29,Almatti,0.0,44.196
2015-08-30,Almatti,0.0,45.591
2015-08-31,Almatti,0.0,46.986
2015-09-01,Almatti,0.0,48.381
2015-09-02,Almatti,0.0,38.228
2015-09-03,Almatti,0.0,28.075
2015-09-04,Almatti,0.0,17.922
2015-09-05,Almatti,0.0,7.769
2015-09-06,Almatti,0.0,6.003
2015-09-07,Almatti,0.0,14.035
2015-09-08,Almatti,0.0,22.067
2015-09-09,Almatti,0.0,30.099
2015-09-10,Almatti,0.0,38.131
2015-09-11,Almatti,0.0,46.163
2015-09-12,Almatti,0.0,34.057
2015-09-13,Almatti,0.0,21.951
2015-09-14,Almatti,0.0,23.419
2015-09-15,Almatti,0.0,24.888
2015-09-16,Almatti,0.0,26.356
2015-09-17,Almatti,0.0,27.824
2015-09-18,Almatti,0.0,29.293
2015-09-19,Almatti,0.0,30.761
2015-09-20,Almatti,0.0,32.229
2015-09-21,Almatti,0.0,33.698
2015-09-22,Almatti,0.0,35.166
2015-09-23,Almatti,0.0,36.634
2015-09-24,Almatti,0.0,38.103
2015-09-25,Almatti,0.0,39.571
2015-09-26,Almatti,0.0,41.039
2015-09-27,Almatti,0.0,42.508
2015-09-28,Almatti,0.0,43.976
2015-09-29,Almatti,0.0,45.444
2015-09-30,Almatti,0.0,46.913
2015-10-01,Almatti,0.0,48.381
2015-10-02,Almatti,0.0,38.228
2015-10-03,Almatti,0.0,28.075
2015-10-04,Almatti,0.0,17.922
2015-10-05,Almatti,0.0,7.769
2015-10-06,Almatti,0.0,6.003
2015-10-07,Almatti,28.317,14.029
2015-10-08,Almatti,56.634,22.055
2015-10-09,Almatti,84.951,30.081
2015-10-10,Almatti,113.267,38.107
2015-10-11,Almatti,141.584,46.133
2015-10-12,Almatti,99.874,33.996
2015-10-13,Almatti,66.573,21.86
2015-10-14,Almatti,49.93,23.237
2015-10-15,Almatti,33.286,24.614
2015-10-16,Almatti,16.643,25.992
2015-10-17,Almatti,0.0,27.369
2015-10-18,Almatti,0.0,28.746
2015-10-19,Almatti,0.0,30.123
2015-10-20,Almatti,0.0,31.501
2015-10-21,Almatti,0.0,32.878
2015-10-22,Almatti,0.0,34.255
2015-10-23,Almatti,0.0,35.632
2015-10-24,Almatti,0.0,37.01
2015-10-25,Almatti,0.0,38.387
2015-10-26,Almatti,0.0,39.764
2015-10-27,Almatti,0.0,41.142
2015-10-28,Almatti,0.0,42.519
2015-10-29,Almatti,0.0,43.896
2015-10-30,Almatti,0.0,45.273
2015-10-31,Almatti,0.0,46.651
2015-11-01,Almatti,0.0,48.028
2015-11-02,Almatti,0.0,37.963
2015-11-03,Almatti,0.0,27.899
2015-11-04,Almatti,0.0,17.834
2015-11-05,Almatti,0.0,7.769
2015-11-06,Almatti,0.0,6.003
2015-11-07,Almatti,0.0,8.136
2015-11-08,Almatti,0.0,10.269
2015-11-09,Almatti,0.0,12.402
2015-11-10,Almatti,0.0,14.535
2015-11-11,Almatti,0.0,16.668
2015-11-12,Almatti,0.0,18.8
2015-11-13,Almatti,0.0,20.933
2015-11-14,Almatti,0.0,23.066
2015-11-15,Almatti,0.0,24.534
2015-11-16,Almatti,0.0,26.003
2015-11-17,Almatti,0.0,27.471
2015-11-18,Almatti,0.0,28.939
2015-11-19,Almatti,0.0,30.408
2015-11-20,Almatti,0.0,31.876
2015-11-21,Almatti,0.0,33.344
2015-11-22,Almatti,0.0,34.813
2015-11-23,Almatti,0.0,36.281
2015-11-24,Almatti,0.0,37.75
2015-11-25,Almatti,0.0,39.218
2015-11-26,Almatti,0.0,40.686
2015-11-27,Almatti,0.0,42.155
2015-11-28,Almatti,0.0,43.623
2015-11-29,Almatti,0.0,45.091
2015-11-30,Almatti,0.0,46.56
2015-12-01,Almatti,0.0,48.028
2015-12-02,Almatti,0.0,37.963
2015-12-03,Almatti,0.0,27.899
2015-12-04,Almatti,0.0,17.834
2015-12-05,Almatti,0.0,7.769
2015-12-06,Almatti,0.0,6.003
2015-12-07,Almatti,0.0,7.712
2015-12-08,Almatti,0.0,9.42
2015-12-09,Almatti,0.0,11.129
2015-12-10,Almatti,0.0,12.837
2015-12-11,Almatti,0.0,14.545
2015-12-12,Almatti,0.0,16.254
2015-12-13,Almatti,0.0,17.962
2015-12-14,Almatti,0.0,19.67
2015-12-15,Almatti,0.0,19.441
2015-12-16,Almatti,0.0,19.211
2015-12-17,Almatti,0.0,18.982
2015-12-18,Almatti,0.0,18.752
2015-12-19,Almatti,0.0,18.523
2015-12-20,Almatti,0.0,18.293
2015-12-21,Almatti,0.0,18.063
2015-12-22,Almatti,0.0,17.834
2015-12-23,Almatti,0.0,17.604
2015-12-24,Almatti,0.0,17.375
2015-12-25,Almatti,0.0,17.145
2015-12-26,Almatti,0.0,16.916
2015-12-27,Almatti,0.0,16.686
2015-12-28,Almatti,0.0,16.457
2015-12-29,Almatti,0.0,16.227
2015-12-30,Almatti,0.0,15.998
2015-12-31,Almatti,0.0,15.768
2016-01-01,Almatti,0.0,15.538
2016-01-02,Almatti,0.0,14.126
2016-01-03,Almatti,0.0,12.36
2016-01-04,Almatti,0.0,8.476
2016-01-05,Almatti,0.0,5.297
2016-01-06,Almatti,0.0,1.413
2016-01-07,Almatti,0.0,1.766
2016-01-08,Almatti,0.0,10.726
2016-01-09,Almatti,0.0,19.685
2016-01-10,Almatti,0.0,28.645
2016-01-11,Almatti,0.0,37.605
2016-01-12,Almatti,0.0,46.565
2016-01-13,Almatti,0.0,55.525
2016-01-14,Almatti,0.0,64.485
2016-01-15,Almatti,0.0,61.765
2016-01-16,Almatti,0.0,59.046
2016-01-17,Almatti,0.0,56.327
2016-01-18,Almatti,0.0,53.608
2016-01-19,Almatti,0.0,50.888
2016-01-20,Almatti,0.0,48.169
2016-01-21,Almatti,0.0,45.45
2016-01-22,Almatti,0.0,42.731
2016-01-23,Almatti,0.0,40.012
2016-01-24,Almatti,0.0,37.292
2016-01-25,Almatti,0.0,34.573
2016-01-26,Almatti,0.0,31.854
2016-01-27,Almatti,0.0,29.135
2016-01-28,Almatti,0.0,26.415
2016-01-29,Almatti,0.0,23.696
2016-01-30,Almatti,0.0,20.977
2016-01-31,Almatti,0.0,18.258
2016-02-01,Almatti,0.0,15.538
2016-02-02,Almatti,0.0,14.126
2016-02-03,Almatti,0.0,12.36
2016-02-04,Almatti,0.0,8.476
2016-02-05,Almatti,0.0,5.297
2016-02-06,Almatti,0.0,1.413
2016-02-07,Almatti,0.0,1.766
2016-02-08,Almatti,0.0,10.505
2016-02-09,Almatti,0.0,19.244
2016-02-10,Almatti,0.0,27.983
2016-02-11,Almatti,0.0,36.722
2016-02-12,Almatti,0.0,45.461
2016-02-13,Almatti,0.0,54.2
2016-02-14,Almatti,0.0,62.939
2016-02-15,Almatti,0.0,59.976
2016-02-16,Almatti,0.0,57.014
2016-02-17,Almatti,0.0,54.051
2016-02-18,Almatti,0.0,51.089
2016-02-19,Almatti,0.0,48.126
2016-02-20,Almatti,0.0,45.164
2016-02-21,Almatti,0.0,42.201
2016-02-22,Almatti,0.0,39.239
2016-02-23,Almatti,0.0,36.276
2016-02-24,Almatti,0.0,33.314
2016-02-25,Almatti,0.0,30.351
2016-02-26,Almatti,0.0,27.388
2016-02-27,Almatti,0.0,24.426
2016-02-28,Almatti,0.0,21.463
2016-02-29,Almatti,0.0,18.501
2016-03-01,Almatti,0.0,15.538
2016-03-02,Almatti,0.0,14.126
2016-03-03,Almatti,0.0,12.36
2016-03-04,Almatti,0.0,8.476
2016-03-05,Almatti,0.0,4.944
2016-03-06,Almatti,0.0,1.059
2016-03-07,Almatti,0.0,1.766
2016-03-08,Almatti,0.0,13.865
2016-03-09,Almatti,0.0,25.965
2016-03-10,Almatti,0.0,38.065
2016-03-11,Almatti,0.0,50.164
2016-03-12,Almatti,0.0,62.264
2016-03-13,Almatti,0.0,74.364
2016-03-14,Almatti,0.0,62.542
2016-03-15,Almatti,0.0,59.911
2016-03-16,Almatti,0.0,57.28
2016-03-17,Almatti,0.0,54.649
2016-03-18,Almatti,0.0,52.019
2016-03-19,Almatti,0.0,49.388
2016-03-20,Almatti,0.0,46.757
2016-03-21,Almatti,0.0,44.126
2016-03-22,Almatti,0.0,41.495
2016-03-23,Almatti,0.0,38.864
2016-03-24,Almatti,0.0,36.233
2016-03-25,Almatti,0.0,33.602
2016-03-26,Almatti,0.0,30.971
2016-03-27,Almatti,0.0,28.34
2016-03-28,Almatti,0.0,25.709
2016-03-29,Almatti,0.0,23.078
2016-03-30,Almatti,0.0,20.447
2016-03-31,Almatti,0.0,17.816
2016-04-01,Almatti,0.0,15.185
2016-04-02,Almatti,0.0,14.126
2016-04-03,Almatti,0.0,12.007
2016-04-04,Almatti,0.0,8.476
2016-04-05,Almatti,0.0,4.944
2016-04-06,Almatti,0.0,1.059
2016-04-07,Almatti,0.0,2.472
2016-04-08,Almatti,0.0,14.38
2016-04-09,Almatti,0.0,26.288
2016-04-10,Almatti,0.0,38.196
2016-04-11,Almatti,0.0,50.103
2016-04-12,Almatti,0.0,62.011
2016-04-13,Almatti,0.0,73.919
2016-04-14,Almatti,0.0,61.949
2016-04-15,Almatti,0.0,59.199
2016-04-16,Almatti,0.0,56.448
2016-04-17,Almatti,0.0,53.697
2016-04-18,Almatti,0.0,50.946
2016-04-19,Almatti,0.0,48.195
2016-04-20,Almatti,0.0,45.444
2016-04-21,Almatti,0.0,42.694
2016-04-22,Almatti,0.0,39.943
2016-04-23,Almatti,0.0,37.192
2016-04-24,Almatti,0.0,34.441
2016-04-25,Almatti,0.0,31.69
2016-04-26,Almatti,0.0,28.939
2016-04-27,Almatti,0.0,26.189
2016-04-28,Almatti,0.0,23.438
2016-04-29,Almatti,0.0,20.687
2016-04-30,Almatti,0.0,17.936
2016-05-01,Almatti,0.0,15.185
2016-05-02,Almatti,0.0,13.773
2016-05-03,Almatti,0.0,12.007
2016-05-04,Almatti,0.0,8.476
2016-05-05,Almatti,0.0,4.944
2016-05-06,Almatti,0.0,1.413
2016-05-07,Almatti,0.0,4.591
2016-05-08,Almatti,0.0,12.779
2016-05-09,Almatti,0.0,20.967
2016-05-10,Almatti,0.0,29.155
2016-05-11,Almatti,0.0,37.343
2016-05-12,Almatti,0.0,45.531
2016-05-13,Almatti,0.0,53.719
2016-05-14,Almatti,0.0,61.907
2016-05-15,Almatti,0.0,59.311
2016-05-16,Almatti,0.0,56.715
2016-05-17,Almatti,0.0,54.12
2016-05-18,Almatti,0.0,51.524
2016-05-19,Almatti,0.0,48.928
2016-05-20,Almatti,0.0,46.333
2016-05-21,Almatti,0.0,43.737
2016-05-22,Almatti,0.0,41.142
2016-05-23,Almatti,0.0,38.546
2016-05-24,Almatti,0.0,35.95
2016-05-25,Almatti,0.0,33.355
2016-05-26,Almatti,0.0,30.759
2016-05-27,Almatti,0.0,28.163
2016-05-28,Almatti,0.0,25.568
2016-05-29,Almatti,0.0,22.972
2016-05-30,Almatti,0.0,20.377
2016-05-31,Almatti,0.0,17.781
2016-06-01,Almatti,0.0,15.185
2016-06-02,Almatti,0.0,13.773
2016-06-03,Almatti,0.0,12.007
2016-06-04,Almatti,0.0,8.122
2016-06-05,Almatti,7.702,4.944
2016-06-06,Almatti,7.674,1.413
2016-06-07,Almatti,11.511,7.769
2016-06-08,Almatti,15.348,15.419
2016-06-09,Almatti,15.348,23.069
2016-06-10,Almatti,7.646,30.718
2016-06-11,Almatti,7.646,38.368
2016-06-12,Almatti,0.0,46.018
2016-06-13,Almatti,0.0,53.668
2016-06-14,Almatti,0.0,61.317
2016-06-15,Almatti,0.0,58.604
2016-06-16,Almatti,0.0,55.89
2016-06-17,Almatti,0.0,53.176
2016-06-18,Almatti,0.0,50.463
2016-06-19,Almatti,7.674,47.749
2016-06-20,Almatti,38.398,45.035
2016-06-21,Almatti,30.724,42.322
2016-06-22,Almatti,46.496,39.608
2016-06-23,Almatti,24.268,36.895
2016-06-24,Almatti,8.07,34.181
2016-06-25,Almatti,5.38,31.467
2016-06-26,Almatti,2.69,28.754
2016-06-27,Almatti,0.0,26.04
2016-06-28,Almatti,0.0,23.326
2016-06-29,Almatti,3.993,20.613
2016-06-30,Almatti,7.985,17.899
2016-07-01,Almatti,16.169,15.185
2016-07-02,Almatti,8.099,13.773
2016-07-03,Almatti,0.0,12.007
2016-07-04,Almatti,195.415,8.122
2016-07-05,Almatti,650.891,4.944
2016-07-06,Almatti,1090.34,1.413
2016-07-07,Almatti,1225.907,12.007
2016-07-08,Almatti,1361.474,19.045
2016-07-09,Almatti,935.051,26.082
2016-07-10,Almatti,508.627,33.12
2016-07-11,Almatti,565.063,40.158
2016-07-12,Almatti,2326.824,47.196
2016-07-13,Almatti,3609.407,54.233
2016-07-14,Almatti,4042.421,61.271
2016-07-15,Almatti,4475.435,58.711
2016-07-16,Almatti,4908.449,56.15
2016-07-17,Almatti,5341.463,53.59
2016-07-18,Almatti,4525.967,51.03
2016-07-19,Almatti,2708.676,48.469
2016-07-20,Almatti,1298.979,45.909
2016-07-21,Almatti,784.037,43.349
2016-07-22,Almatti,842.709,40.788
2016-07-23,Almatti,761.412,38.228
2016-07-24,Almatti,472.042,35.668
2016-07-25,Almatti,660.802,33.108
2016-07-26,Almatti,725.704,30.547
2016-07-27,Almatti,790.606,27.987
2016-07-28,Almatti,719.814,25.427
2016-07-29,Almatti,578.23,22.866
2016-07-30,Almatti,436.646,20.306
2016-07-31,Almatti,436.646,17.746
2016-08-01,Almatti,436.646,15.185
2016-08-02,Almatti,436.646,13.773
2016-08-03,Almatti,581.883,12.007
2016-08-04,Almatti,2896.587,8.122
2016-08-05,Almatti,3452.758,4.944
2016-08-06,Almatti,3813.345,1.413
2016-08-07,Almatti,4398.881,8.895
2016-08-08,Almatti,4984.416,16.377
2016-08-09,Almatti,5276.873,23.859
2016-08-10,Almatti,5569.329,31.342
2016-08-11,Almatti,6094.663,38.824
2016-08-12,Almatti,5960.045,46.306
2016-08-13,Almatti,5300.8,53.789
2016-08-14,Almatti,4206.822,61.271
2016-08-15,Almatti,3112.843,58.711
2016-08-16,Almatti,2018.864,56.15
2016-08-17,Almatti,924.885,53.59
2016-08-18,Almatti,578.23,51.03
2016-08-19,Almatti,507.438,48.469
2016-08-20,Almatti,649.022,45.909
2016-08-21,Almatti,719.814,43.349
2016-08-22,Almatti,564.072,40.788
2016-08-23,Almatti,408.329,38.228
2016-08-24,Almatti,493.279,35.668
2016-08-25,Almatti,577.664,33.108
2016-08-26,Almatti,613.343,30.547
2016-08-27,Almatti,649.022,27.987
2016-08-28,Almatti,721.796,25.427
2016-08-29,Almatti,573.275,22.866
2016-08-30,Almatti,424.753,20.306
2016-08-31,Almatti,424.753,17.746
2016-09-01,Almatti,424.753,15.185
2016-09-02,Almatti,424.753,13.773
2016-09-03,Almatti,195.953,12.007
2016-09-04,Almatti,82.685,8.122
2016-09-05,Almatti,68.527,3.885
2016-09-06,Almatti,68.527,1.413
2016-09-07,Almatti,57.908,8.822
2016-09-08,Almatti,47.289,16.231
2016-09-09,Almatti,23.645,23.64
2016-09-10,Almatti,0.0,31.049
2016-09-11,Almatti,18.972,38.458
2016-09-12,Almatti,0.0,45.867
2016-09-13,Almatti,0.0,53.276
2016-09-14,Almatti,0.0,60.685
2016-09-15,Almatti,0.0,58.009
2016-09-16,Almatti,0.0,55.333
2016-09-17,Almatti,0.0,52.656
2016-09-18,Almatti,0.0,49.98
2016-09-19,Almatti,322.274,47.303
2016-09-20,Almatti,1350.6,44.627
2016-09-21,Almatti,1594.776,41.95
2016-09-22,Almatti,1673.837,39.274
2016-09-23,Almatti,778.713,36.597
2016-09-24,Almatti,1389.14,33.921
2016-09-25,Almatti,1598.429,31.244
2016-09-26,Almatti,1805.539,28.568
2016-09-27,Almatti,2012.648,25.891
2016-09-28,Almatti,1413.832,23.215
2016-09-29,Almatti,841.421,20.538
2016-09-30,Almatti,269.01,17.862
2016-10-01,Almatti,198.218,15.185
2016-10-02,Almatti,278.411,13.773
2016-10-03,Almatti,283.168,11.654
2016-10-04,Almatti,297.327,8.122
2016-10-05,Almatti,311.485,3.178
2016-10-06,Almatti,311.485,1.413
2016-10-07,Almatti,252.96,8.855
2016-10-08,Almatti,194.435,16.298
2016-10-09,Almatti,135.91,23.74
2016-10-10,Almatti,77.384,31.183
2016-10-11,Almatti,18.859,38.625
2016-10-12,Almatti,0.0,46.068
2016-10-13,Almatti,42.475,53.511
2016-10-14,Almatti,49.554,60.953
2016-10-15,Almatti,56.634,58.41
2016-10-16,Almatti,56.634,55.868
2016-10-17,Almatti,56.634,53.325
2016-10-18,Almatti,56.634,50.782
2016-10-19,Almatti,42.475,48.24
2016-10-20,Almatti,21.238,45.697
2016-10-21,Almatti,0.0,43.155
2016-10-22,Almatti,0.0,40.612
2016-10-23,Almatti,0.0,38.069
2016-10-24,Almatti,0.0,35.527
2016-10-25,Almatti,0.0,32.984
2016-10-26,Almatti,0.0,30.441
2016-10-27,Almatti,0.0,27.899
2016-10-28,Almatti,0.0,25.356
2016-10-29,Almatti,0.0,22.813
2016-10-30,Almatti,0.0,20.271
2016-10-31,Almatti,0.0,17.728
2016-11-01,Almatti,0.0,15.185
2016-11-02,Almatti,0.0,13.42
2016-11-03,Almatti,0.0,11.654
2016-11-04,Almatti,0.0,7.769
2016-11-05,Almatti,0.0,2.472
2016-11-06,Almatti,0.0,1.413
2016-11-07,Almatti,0.0,8.778
2016-11-08,Almatti,0.0,16.143
2016-11-09,Almatti,0.0,23.507
2016-11-10,Almatti,0.0,30.872
2016-11-11,Almatti,0.0,38.237
2016-11-12,Almatti,0.0,45.602
2016-11-13,Almatti,0.0,52.967
2016-11-14,Almatti,0.0,60.332
2016-11-15,Almatti,0.0,57.656
2016-11-16,Almatti,0.0,54.979
2016-11-17,Almatti,0.0,52.303
2016-11-18,Almatti,0.0,49.626
2016-11-19,Almatti,0.0,46.95
2016-11-20,Almatti,0.0,44.273
2016-11-21,Almatti,0.0,41.597
2016-11-22,Almatti,0.0,38.92
2016-11-23,Almatti,0.0,36.244
2016-11-24,Almatti,0.0,33.568
2016-11-25,Almatti,0.0,30.891
2016-11-26,Almatti,0.0,28.215
2016-11-27,Almatti,0.0,25.538
2016-11-28,Almatti,0.0,22.862
2016-11-29,Almatti,0.0,20.185
2016-11-30,Almatti,0.0,17.509
2016-12-01,Almatti,0.0,14.832
2016-12-02,Almatti,0.0,13.42
2016-12-03,Almatti,0.0,11.654
2016-12-04,Almatti,0.0,7.769
2016-12-05,Almatti,0.0,2.472
2016-12-06,Almatti,0.0,1.413
2016-12-07,Almatti,0.0,9.142
2016-12-08,Almatti,0.0,16.872
2016-12-09,Almatti,0.0,24.601
2016-12-10,Almatti,0.0,32.331
2016-12-11,Almatti,0.0,40.06
2016-12-12,Almatti,0.0,47.79
2016-12-13,Almatti,0.0,55.519
2016-12-14,Almatti,0.0,63.249
2016-12-15,Almatti,0.0,62.03
2016-12-16,Almatti,0.0,60.812
2016-12-17,Almatti,0.0,59.594
2016-12-18,Almatti,0.0,58.375
2016-12-19,Almatti,0.0,57.157
2016-12-20,Almatti,0.0,55.938
2016-12-21,Almatti,0.0,54.72
2016-12-22,Almatti,0.0,53.502
2016-12-23,Almatti,0.0,52.283
2016-12-24,Almatti,0.0,51.065
2016-12-25,Almatti,0.0,49.847
2016-12-26,Almatti,0.0,48.628
2016-12-27,Almatti,0.0,47.41
2016-12-28,Almatti,0.0,46.192
2016-12-29,Almatti,0.0,44.973
2016-12-30,Almatti,0.0,43.755
2016-12-31,Almatti,0.0,42.537
2017-01-01,Almatti,0.0,41.318
2017-01-02,Almatti,0.0,31.371
2017-01-03,Almatti,0.0,21.424
2017-01-04,Almatti,0.0,11.477
2017-01-05,Almatti,0.0,1.53
2017-01-06,Almatti,0.0,2.707
2017-01-07,Almatti,0.0,3.885
2017-01-08,Almatti,0.0,15.044
2017-01-09,Almatti,0.0,26.203
2017-01-10,Almatti,0.0,37.363
2017-01-11,Almatti,0.0,48.522
2017-01-12,Almatti,0.0,59.682
2017-01-13,Almatti,0.0,70.841
2017-01-14,Almatti,0.0,82.001
2017-01-15,Almatti,0.0,79.741
2017-01-16,Almatti,0.0,77.48
2017-01-17,Almatti,0.0,75.22
2017-01-18,Almatti,0.0,72.96
2017-01-19,Almatti,0.0,70.7
2017-01-20,Almatti,0.0,68.44
2017-01-21,Almatti,0.0,66.18
2017-01-22,Almatti,0.0,63.92
2017-01-23,Almatti,0.0,61.659
2017-01-24,Almatti,0.0,59.399
2017-01-25,Almatti,0.0,57.139
2017-01-26,Almatti,0.0,54.879
2017-01-27,Almatti,0.0,52.619
2017-01-28,Almatti,0.0,50.359
2017-01-29,Almatti,0.0,48.099
2017-01-30,Almatti,0.0,45.838
2017-01-31,Almatti,0.0,43.578
2017-02-01,Almatti,0.0,41.318
2017-02-02,Almatti,0.0,31.636
2017-02-03,Almatti,0.0,21.954
2017-02-04,Almatti,0.0,12.272
2017-02-05,Almatti,0.0,2.59
2017-02-06,Almatti,0.0,4.826
2017-02-07,Almatti,0.0,7.063
2017-02-08,Almatti,0.0,17.648
2017-02-09,Almatti,0.0,28.234
2017-02-10,Almatti,0.0,38.819
2017-02-11,Almatti,0.0,49.405
2017-02-12,Almatti,0.0,59.99
2017-02-13,Almatti,0.0,70.576
2017-02-14,Almatti,0.0,81.161
2017-02-15,Almatti,0.0,78.482
2017-02-16,Almatti,0.0,75.802
2017-02-17,Almatti,0.0,73.122
2017-02-18,Almatti,0.0,70.442
2017-02-19,Almatti,0.0,67.763
2017-02-20,Almatti,0.0,65.083
2017-02-21,Almatti,0.0,62.403
2017-02-22,Almatti,0.0,59.723
2017-02-23,Almatti,0.0,57.044
2017-02-24,Almatti,0.0,54.364
2017-02-25,Almatti,0.0,51.684
2017-02-26,Almatti,0.0,49.004
2017-02-27,Almatti,0.0,46.325
2017-02-28,Almatti,0.0,43.645
2017-03-01,Almatti,0.0,40.965
2017-03-02,Almatti,0.0,31.665
2017-03-03,Almatti,0.0,22.366
2017-03-04,Almatti,0.0,13.066
2017-03-05,Almatti,0.0,3.767
2017-03-06,Almatti,0.0,7.181
2017-03-07,Almatti,0.0,10.594
2017-03-08,Almatti,0.0,20.785
2017-03-09,Almatti,0.0,30.976
2017-03-10,Almatti,0.0,41.167
2017-03-11,Almatti,0.0,51.358
2017-03-12,Almatti,0.0,61.548
2017-03-13,Almatti,0.0,71.739
2017-03-14,Almatti,0.0,81.93
2017-03-15,Almatti,0.0,79.635
2017-03-16,Almatti,0.0,77.339
2017-03-17,Almatti,0.0,75.044
2017-03-18,Almatti,0.0,72.748
2017-03-19,Almatti,0.0,70.453
2017-03-20,Almatti,0.0,68.157
2017-03-21,Almatti,0.0,65.862
2017-03-22,Almatti,0.0,63.566
2017-03-23,Almatti,0.0,61.271
2017-03-24,Almatti,0.0,58.975
2017-03-25,Almatti,0.0,56.68
2017-03-26,Almatti,0.0,54.385
2017-03-27,Almatti,0.0,52.089
2017-03-28,Almatti,0.0,49.794
2017-03-29,Almatti,0.0,47.498
2017-03-30,Almatti,0.0,45.203
2017-03-31,Almatti,0.0,42.907
2017-04-01,Almatti,0.0,40.612
2017-04-02,Almatti,0.0,36.315
2017-04-03,Almatti,0.0,32.019
2017-04-04,Almatti,0.0,27.722
2017-04-05,Almatti,0.0,23.425
2017-04-06,Almatti,0.0,19.129
2017-04-07,Almatti,0.0,14.832
2017-04-08,Almatti,0.0,24.338
2017-04-09,Almatti,0.0,33.844
2017-04-10,Almatti,0.0,43.349
2017-04-11,Almatti,0.0,52.855
2017-04-12,Almatti,0.0,62.361
2017-04-13,Almatti,0.0,71.867
2017-04-14,Almatti,0.0,81.372
2017-04-15,Almatti,0.0,78.975
2017-04-16,Almatti,0.0,76.577
2017-04-17,Almatti,0.0,74.179
2017-04-18,Almatti,0.0,71.782
2017-04-19,Almatti,0.0,69.384
2017-04-20,Almatti,0.0,66.986
2017-04-21,Almatti,0.0,64.589
2017-04-22,Almatti,0.0,62.191
2017-04-23,Almatti,0.0,59.793
2017-04-24,Almatti,0.0,57.396
2017-04-25,Almatti,0.0,54.998
2017-04-26,Almatti,0.0,52.6
2017-04-27,Almatti,0.0,50.203
2017-04-28,Almatti,0.0,47.805
2017-04-29,Almatti,0.0,45.407
2017-04-30,Almatti,0.0,43.01
2017-05-01,Almatti,0.0,40.612
2017-05-02,Almatti,0.0,36.845
2017-05-03,Almatti,0.0,33.078
2017-05-04,Almatti,0.0,29.311
2017-05-05,Almatti,0.0,25.544
2017-05-06,Almatti,0.0,21.777
2017-05-07,Almatti,0.0,18.01
2017-05-08,Almatti,0.0,27.091
2017-05-09,Almatti,0.0,36.172
2017-05-10,Almatti,0.0,45.253
2017-05-11,Almatti,0.0,54.334
2017-05-12,Almatti,0.0,63.415
2017-05-13,Almatti,0.0,72.496
2017-05-14,Almatti,0.0,81.577
2017-05-15,Almatti,0.0,79.281
2017-05-16,Almatti,0.0,76.986
2017-05-17,Almatti,0.0,74.691
2017-05-18,Almatti,0.0,72.395
2017-05-19,Almatti,0.0,70.1
2017-05-20,Almatti,0.0,67.804
2017-05-21,Almatti,0.0,65.509
2017-05-22,Almatti,0.0,63.213
2017-05-23,Almatti,0.0,60.918
2017-05-24,Almatti,0.0,58.622
2017-05-25,Almatti,0.0,56.327
2017-05-26,Almatti,0.0,54.031
2017-05-27,Almatti,0.0,51.736
2017-05-28,Almatti,0.0,49.441
2017-05-29,Almatti,0.0,47.145
2017-05-30,Almatti,0.0,44.85
2017-05-31,Almatti,0.0,42.554
2017-06-01,Almatti,0.0,40.259
2017-06-02,Almatti,0.0,37.022
2017-06-03,Almatti,0.0,33.784
2017-06-04,Almatti,0.0,30.547
2017-06-05,Almatti,0.0,27.31
2017-06-06,Almatti,0.0,24.073
2017-06-07,Almatti,29.166,20.836
2017-06-08,Almatti,58.333,32.467
2017-06-09,Almatti,16.056,44.098
2017-06-10,Almatti,5.239,55.729
2017-06-11,Almatti,0.0,67.36
2017-06-12,Almatti,0.0,78.991
2017-06-13,Almatti,0.0,90.622
2017-06-14,Almatti,0.0,81.019
2017-06-15,Almatti,0.0,78.622
2017-06-16,Almatti,0.0,76.224
2017-06-17,Almatti,0.0,73.826
2017-06-18,Almatti,0.0,71.429
2017-06-19,Almatti,51.395,69.031
2017-06-20,Almatti,62.58,66.633
2017-06-21,Almatti,91.095,64.236
2017-06-22,Almatti,59.324,61.838
2017-06-23,Almatti,42.589,59.44
2017-06-24,Almatti,36.274,57.042
2017-06-25,Almatti,12.12,54.645
2017-06-26,Almatti,6.06,52.247
2017-06-27,Almatti,0.0,49.849
2017-06-28,Almatti,132.905,47.452
2017-06-29,Almatti,265.81,45.054
2017-06-30,Almatti,552.263,42.656
2017-07-01,Almatti,776.731,40.259
2017-07-02,Almatti,1011.138,37.375
2017-07-03,Almatti,1186.504,34.491
2017-07-04,Almatti,1297.619,31.607
2017-07-05,Almatti,1148.163,28.723
2017-07-06,Almatti,830.222,25.839
2017-07-07,Almatti,767.939,22.955
2017-07-08,Almatti,705.656,34.255
2017-07-09,Almatti,676.164,45.556
2017-07-10,Almatti,646.672,56.857
2017-07-11,Almatti,310.381,68.157
2017-07-12,Almatti,211.725,79.458
2017-07-13,Almatti,211.725,90.759
2017-07-14,Almatti,249.962,81.224
2017-07-15,Almatti,288.199,78.928
2017-07-16,Almatti,326.437,76.633
2017-07-17,Almatti,777.779,74.337
2017-07-18,Almatti,921.005,72.042
2017-07-19,Almatti,1088.839,69.746
2017-07-20,Almatti,1897.342,67.451
2017-07-21,Almatti,2352.167,65.156
2017-07-22,Almatti,3082.968,62.86
2017-07-23,Almatti,3685.381,60.565
2017-07-24,Almatti,4030.195,58.269
2017-07-25,Almatti,4047.978,55.974
2017-07-26,Almatti,2450.257,53.678
2017-07-27,Almatti,2522.804,51.383
2017-07-28,Almatti,2541.21,49.087
2017-07-29,Almatti,1972.495,46.792
2017-07-30,Almatti,1057.125,44.496
2017-07-31,Almatti,1384.864,42.201
2017-08-01,Almatti,1010.119,39.906
2017-08-02,Almatti,590.378,37.492
2017-08-03,Almatti,594.682,35.079
2017-08-04,Almatti,594.682,32.666
2017-08-05,Almatti,594.682,30.253
2017-08-06,Almatti,594.739,27.84
2017-08-07,Almatti,382.362,25.427
2017-08-08,Almatti,169.986,36.315
2017-08-09,Almatti,99.194,47.204
2017-08-10,Almatti,28.402,58.093
2017-08-11,Almatti,28.402,68.981
2017-08-12,Almatti,169.986,79.87
2017-08-13,Almatti,169.986,90.759
2017-08-14,Almatti,148.748,81.224
2017-08-15,Almatti,127.511,78.928
2017-08-16,Almatti,106.273,76.633
2017-08-17,Almatti,85.035,74.337
2017-08-18,Almatti,85.035,72.042
2017-08-19,Almatti,85.035,69.746
2017-08-20,Almatti,0.0,67.451
2017-08-21,Almatti,0.0,65.156
2017-08-22,Almatti,0.0,62.86
2017-08-23,Almatti,14.527,60.565
2017-08-24,Almatti,14.527,58.269
2017-08-25,Almatti,14.527,55.974
2017-08-26,Almatti,260.501,53.678
2017-08-27,Almatti,506.475,51.383
2017-08-28,Almatti,588.764,49.087
2017-08-29,Almatti,689.19,46.792
2017-08-30,Almatti,789.615,44.496
2017-08-31,Almatti,997.433,42.201
2017-09-01,Almatti,1610.634,39.906
2017-09-02,Almatti,1501.727,37.787
2017-09-03,Almatti,926.81,35.668
2017-09-04,Almatti,538.671,33.549
2017-09-05,Almatti,538.671,31.43
2017-09-06,Almatti,371.121,29.311
2017-09-07,Almatti,270.836,27.192
2017-09-08,Almatti,170.552,37.685
2017-09-09,Almatti,241.344,48.179
2017-09-10,Almatti,312.137,58.672
2017-09-11,Almatti,312.137,69.165
2017-09-12,Almatti,326.295,79.658
2017-09-13,Almatti,340.453,90.152
2017-09-14,Almatti,297.978,80.666
2017-09-15,Almatti,716.813,78.268
2017-09-16,Almatti,1276.523,75.871
2017-09-17,Almatti,946.151,73.473
2017-09-18,Almatti,1040.531,71.075
2017-09-19,Almatti,710.187,68.678
2017-09-20,Almatti,710.187,66.28
2017-09-21,Almatti,1349.836,63.882
2017-09-22,Almatti,2826.644,61.485
2017-09-23,Almatti,3435.287,59.087
2017-09-24,Almatti,2505.956,56.689
2017-09-25,Almatti,1487.626,54.292
2017-09-26,Almatti,1072.529,51.894
2017-09-27,Almatti,657.432,49.496
2017-09-28,Almatti,384.543,47.099
2017-09-29,Almatti,475.836,44.701
2017-09-30,Almatti,1229.319,42.303
2017-10-01,Almatti,1531.63,39.906
2017-10-02,Almatti,1035.887,38.14
2017-10-03,Almatti,786.869,36.374
2017-10-04,Almatti,993.355,34.608
2017-10-05,Almatti,619.318,32.843
2017-10-06,Almatti,511.969,31.077
2017-10-07,Almatti,398.701,29.311
2017-10-08,Almatti,547.365,39.435
2017-10-09,Almatti,696.028,49.558
2017-10-10,Almatti,844.692,59.682
2017-10-11,Almatti,993.355,69.805
2017-10-12,Almatti,680.68,79.929
2017-10-13,Almatti,1276.523,90.052
2017-10-14,Almatti,851.771,80.871
2017-10-15,Almatti,674.79,78.575
2017-10-16,Almatti,2218.993,76.28
2017-10-17,Almatti,2552.056,73.984
2017-10-18,Almatti,1878.851,71.689
2017-10-19,Almatti,828.154,69.393
2017-10-20,Almatti,370.384,67.098
2017-10-21,Almatti,394.312,64.802
2017-10-22,Almatti,427.018,62.507
2017-10-23,Almatti,397.484,60.212
2017-10-24,Almatti,370.384,57.916
2017-10-25,Almatti,370.384,55.621
2017-10-26,Almatti,266.518,53.325
2017-10-27,Almatti,143.85,51.03
2017-10-28,Almatti,143.85,48.734
2017-10-29,Almatti,143.85,46.439
2017-10-30,Almatti,143.85,44.143
2017-10-31,Almatti,143.85,41.848
2017-11-01,Almatti,143.85,39.552
2017-11-02,Almatti,42.957,38.022
2017-11-03,Almatti,12.176,36.492
2017-11-04,Almatti,0.0,34.962
2017-11-05,Almatti,0.0,33.431
2017-11-06,Almatti,0.0,31.901
2017-11-07,Almatti,0.0,30.371
2017-11-08,Almatti,0.0,40.236
2017-11-09,Almatti,0.0,50.101
2017-11-10,Almatti,0.0,59.967
2017-11-11,Almatti,0.0,69.832
2017-11-12,Almatti,0.0,79.698
2017-11-13,Almatti,0.0,89.563
2017-11-14,Almatti,0.0,80.313
2017-11-15,Almatti,0.0,77.915
2017-11-16,Almatti,0.0,75.518
2017-11-17,Almatti,0.0,73.12
2017-11-18,Almatti,0.0,70.722
2017-11-19,Almatti,0.0,68.325
2017-11-20,Almatti,0.0,65.927
2017-11-21,Almatti,0.0,63.529
2017-11-22,Almatti,0.0,61.132
2017-11-23,Almatti,0.0,58.734
2017-11-24,Almatti,0.0,56.336
2017-11-25,Almatti,0.0,53.939
2017-11-26,Almatti,0.0,51.541
2017-11-27,Almatti,0.0,49.143
2017-11-28,Almatti,0.0,46.745
2017-11-29,Almatti,0.0,44.348
2017-11-30,Almatti,0.0,41.95
2017-12-01,Almatti,0.0,39.552
2017-12-02,Almatti,0.0,30.194
2017-12-03,Almatti,0.0,20.836
2017-12-04,Almatti,0.0,11.477
2017-12-05,Almatti,0.0,18.01
2017-12-06,Almatti,0.0,24.544
2017-12-07,Almatti,0.0,31.077
2017-12-08,Almatti,0.0,39.867
2017-12-09,Almatti,0.0,48.658
2017-12-10,Almatti,0.0,57.448
2017-12-11,Almatti,0.0,66.239
2017-12-12,Almatti,0.0,75.029
2017-12-13,Almatti,0.0,83.819
2017-12-14,Almatti,0.0,82.884
2017-12-15,Almatti,0.0,81.948
2017-12-16,Almatti,0.0,81.012
2017-12-17,Almatti,0.0,80.076
2017-12-18,Almatti,0.0,79.14
2017-12-19,Almatti,0.0,78.204
2017-12-20,Almatti,0.0,77.268
2017-12-21,Almatti,0.0,76.333
2017-12-22,Almatti,0.0,75.397
2017-12-23,Almatti,0.0,74.461
2017-12-24,Almatti,0.0,73.525
2017-12-25,Almatti,0.0,72.589
2017-12-26,Almatti,0.0,71.653
2017-12-27,Almatti,0.0,70.718
2017-12-28,Almatti,0.0,69.782
2017-12-29,Almatti,0.0,68.846
2017-12-30,Almatti,0.0,67.91
2017-12-31,Almatti,0.0,66.974
2018-01-01,Almatti,0.0,66.038
2018-01-02,Almatti,0.0,54.738
2018-01-03,Almatti,0.0,43.437
2018-01-04,Almatti,0.0,32.136
2018-01-05,Almatti,0.0,20.836
2018-01-06,Almatti,0.0,9.535
2018-01-07,Almatti,0.0,20.836
2018-01-08,Almatti,0.0,26.133
2018-01-09,Almatti,0.0,31.43
2018-01-10,Almatti,0.0,36.727
2018-01-11,Almatti,0.0,42.024
2018-01-12,Almatti,0.0,47.322
2018-01-13,Almatti,0.0,52.619
2018-01-14,Almatti,0.0,53.325
2018-01-15,Almatti,0.0,54.031
2018-01-16,Almatti,0.0,54.738
2018-01-17,Almatti,0.0,55.444
2018-01-18,Almatti,0.0,56.15
2018-01-19,Almatti,0.0,56.857
2018-01-20,Almatti,0.0,57.563
2018-01-21,Almatti,0.0,58.269
2018-01-22,Almatti,0.0,58.975
2018-01-23,Almatti,0.0,59.682
2018-01-24,Almatti,0.0,60.388
2018-01-25,Almatti,0.0,61.094
2018-01-26,Almatti,0.0,61.801
2018-01-27,Almatti,0.0,62.507
2018-01-28,Almatti,0.0,63.213
2018-01-29,Almatti,0.0,63.92
2018-01-30,Almatti,0.0,64.626
2018-01-31,Almatti,0.0,65.332
2018-02-01,Almatti,0.0,66.038
2018-02-02,Almatti,0.0,56.292
2018-02-03,Almatti,0.0,46.545
2018-02-04,Almatti,0.0,36.798
2018-02-05,Almatti,0.0,27.051
2018-02-06,Almatti,0.0,17.304
2018-02-07,Almatti,0.0,23.308
2018-02-08,Almatti,0.0,28.099
2018-02-09,Almatti,0.0,32.891
2018-02-10,Almatti,0.0,37.683
2018-02-11,Almatti,0.0,42.475
2018-02-12,Almatti,0.0,47.266
2018-02-13,Almatti,0.0,52.058
2018-02-14,Almatti,0.0,52.91
2018-02-15,Almatti,0.0,53.761
2018-02-16,Almatti,0.0,54.613
2018-02-17,Almatti,0.0,55.465
2018-02-18,Almatti,0.0,56.317
2018-02-19,Almatti,0.0,57.168
2018-02-20,Almatti,0.0,58.02
2018-02-21,Almatti,0.0,58.872
2018-02-22,Almatti,0.0,59.723
2018-02-23,Almatti,0.0,60.575
2018-02-24,Almatti,0.0,61.427
2018-02-25,Almatti,0.0,62.278
2018-02-26,Almatti,0.0,63.13
2018-02-27,Almatti,0.0,63.982
2018-02-28,Almatti,0.0,64.834
2018-03-01,Almatti,0.0,65.685
2018-03-02,Almatti,0.0,56.186
2018-03-03,Almatti,0.0,46.686
2018-03-04,Almatti,0.0,37.186
2018-03-05,Almatti,0.0,27.687
2018-03-06,Almatti,0.0,18.187
2018-03-07,Almatti,0.0,25.073
2018-03-08,Almatti,0.0,28.946
2018-03-09,Almatti,0.0,32.819
2018-03-10,Almatti,0.0,36.692
2018-03-11,Almatti,0.0,40.565
2018-03-12,Almatti,0.0,44.438
2018-03-13,Almatti,0.0,48.31
2018-03-14,Almatti,0.0,45.768
2018-03-15,Almatti,0.0,43.225
2018-03-16,Almatti,0.0,40.682
2018-03-17,Almatti,0.0,38.14
2018-03-18,Almatti,0.0,35.597
2018-03-19,Almatti,0.0,33.055
2018-03-20,Almatti,0.0,30.512
2018-03-21,Almatti,0.0,27.969
2018-03-22,Almatti,0.0,25.427
2018-03-23,Almatti,0.0,22.884
2018-03-24,Almatti,0.0,20.341
2018-03-25,Almatti,0.0,17.799
2018-03-26,Almatti,0.0,15.256
2018-03-27,Almatti,0.0,12.713
2018-03-28,Almatti,0.0,10.171
2018-03-29,Almatti,0.0,7.628
2018-03-30,Almatti,0.0,5.085
2018-03-31,Almatti,0.0,2.543
2018-04-01,Almatti,0.0,12.917
2018-04-02,Almatti,0.0,23.292
2018-04-03,Almatti,0.0,33.667
2018-04-04,Almatti,0.0,22.484
2018-04-05,Almatti,0.0,11.301
2018-04-06,Almatti,0.0,9.535
2018-04-07,Almatti,0.0,15.499
2018-04-08,Almatti,0.0,21.462
2018-04-09,Almatti,0.0,27.426
2018-04-10,Almatti,0.0,33.39
2018-04-11,Almatti,0.0,39.353
2018-04-12,Almatti,0.0,45.317
2018-04-13,Almatti,0.0,51.281
2018-04-14,Almatti,0.0,52.061
2018-04-15,Almatti,0.0,52.842
2018-04-16,Almatti,0.0,53.623
2018-04-17,Almatti,0.0,54.403
2018-04-18,Almatti,0.0,55.184
2018-04-19,Almatti,0.0,55.964
2018-04-20,Almatti,0.0,56.745
2018-04-21,Almatti,0.0,57.526
2018-04-22,Almatti,0.0,58.306
2018-04-23,Almatti,0.0,59.087
2018-04-24,Almatti,0.0,59.868
2018-04-25,Almatti,0.0,60.648
2018-04-26,Almatti,0.0,61.429
2018-04-27,Almatti,0.0,62.21
2018-04-28,Almatti,0.0,62.99
2018-04-29,Almatti,0.0,63.771
2018-04-30,Almatti,0.0,64.551
2018-05-01,Almatti,0.0,65.332
2018-05-02,Almatti,0.0,55.974
2018-05-03,Almatti,0.0,46.615
2018-05-04,Almatti,0.0,37.257
2018-05-05,Almatti,0.0,27.899
2018-05-06,Almatti,0.0,18.54
2018-05-07,Almatti,0.0,26.133
2018-05-08,Almatti,0.0,30.259
2018-05-09,Almatti,0.0,34.385
2018-05-10,Almatti,0.0,38.511
2018-05-11,Almatti,0.0,42.637
2018-05-12,Almatti,0.0,46.763
2018-05-13,Almatti,0.0,50.888
2018-05-14,Almatti,0.0,51.63
2018-05-15,Almatti,0.0,52.372
2018-05-16,Almatti,0.0,53.113
2018-05-17,Almatti,0.0,53.855
2018-05-18,Almatti,0.0,54.596
2018-05-19,Almatti,0.0,55.338
2018-05-20,Almatti,0.0,56.08
2018-05-21,Almatti,0.0,56.821
2018-05-22,Almatti,0.0,57.563
2018-05-23,Almatti,0.0,58.305
2018-05-24,Almatti,0.0,59.046
2018-05-25,Almatti,0.0,59.788
2018-05-26,Almatti,0.0,60.529
2018-05-27,Almatti,0.0,61.271
2018-05-28,Almatti,0.0,62.013
2018-05-29,Almatti,0.0,62.754
2018-05-30,Almatti,0.0,63.496
2018-05-31,Almatti,0.0,64.237
2018-06-01,Almatti,0.0,64.979
2018-06-02,Almatti,0.0,53.89
2018-06-03,Almatti,0.0,42.801
2018-06-04,Almatti,12.12,31.713
2018-06-05,Almatti,0.0,20.624
2018-06-06,Almatti,0.0,9.535
2018-06-07,Almatti,0.0,15.446
2018-06-08,Almatti,0.0,21.356
2018-06-09,Almatti,0.0,27.267
2018-06-10,Almatti,0.0,33.177
2018-06-11,Almatti,0.0,39.088
2018-06-12,Almatti,0.0,44.998
2018-06-13,Almatti,0.0,50.909
2018-06-14,Almatti,0.0,51.671
2018-06-15,Almatti,73.086,52.433
2018-06-16,Almatti,60.938,53.195
2018-06-17,Almatti,60.938,53.957
2018-06-18,Almatti,24.891,54.719
2018-06-19,Almatti,0.0,55.481
2018-06-20,Almatti,0.0,56.243
2018-06-21,Almatti,0.0,57.005
2018-06-22,Almatti,0.0,57.767
2018-06-23,Almatti,0.0,58.529
2018-06-24,Almatti,76.342,59.291
2018-06-25,Almatti,101.941,60.054
2018-06-26,Almatti,127.482,60.816
2018-06-27,Almatti,103.243,61.578
2018-06-28,Almatti,239.589,62.34
2018-06-29,Almatti,852.847,63.102
2018-06-30,Almatti,989.192,63.864
2018-07-01,Almatti,989.192,64.626
2018-07-02,Almatti,847.58,55.797
2018-07-03,Almatti,555.548,46.969
2018-07-04,Almatti,228.121,38.14
2018-07-05,Almatti,133.061,29.311
2018-07-06,Almatti,333.657,20.483
2018-07-07,Almatti,929.869,30.017
2018-07-08,Almatti,1511.638,33.372
2018-07-09,Almatti,1614.57,36.727
2018-07-10,Almatti,1497.876,40.082
2018-07-11,Almatti,1938.741,43.437
2018-07-12,Almatti,1797.129,46.792
2018-07-13,Almatti,1743.383,50.147
2018-07-14,Almatti,2573.605,50.853
2018-07-15,Almatti,2850.572,51.559
2018-07-16,Almatti,3156.394,52.266
2018-07-17,Almatti,4001.057,52.972
2018-07-18,Almatti,3552.83,53.678
2018-07-19,Almatti,4589.963,54.385
2018-07-20,Almatti,4866.42,55.091
2018-07-21,Almatti,4924.951,55.797
2018-07-22,Almatti,4680.633,56.503
2018-07-23,Almatti,4844.106,57.21
2018-07-24,Almatti,4676.386,57.916
2018-07-25,Almatti,4279.355,58.622
2018-07-26,Almatti,4176.763,59.329
2018-07-27,Almatti,3785.962,60.035
2018-07-28,Almatti,2623.669,60.741
2018-07-29,Almatti,1979.093,61.448
2018-07-30,Almatti,1310.872,62.154
2018-07-31,Almatti,1197.18,62.86
2018-08-01,Almatti,485.974,63.566
2018-08-02,Almatti,674.111,52.76
2018-08-03,Almatti,365.287,41.954
2018-08-04,Almatti,591.822,31.148
2018-08-05,Almatti,778.204,20.341
2018-08-06,Almatti,703.872,9.535
2018-08-07,Almatti,810.088,15.233
2018-08-08,Almatti,1299.743,20.932
2018-08-09,Almatti,874.991,26.63
2018-08-10,Almatti,874.991,32.328
2018-08-11,Almatti,874.991,38.026
2018-08-12,Almatti,874.991,43.725
2018-08-13,Almatti,1016.575,49.423
2018-08-14,Almatti,1016.575,50.112
2018-08-15,Almatti,2693.952,50.8
2018-08-16,Almatti,2927.764,51.489
2018-08-17,Almatti,3602.356,52.177
2018-08-18,Almatti,3955.948,52.866
2018-08-19,Almatti,3590.973,53.555
2018-08-20,Almatti,3636.959,54.243
2018-08-21,Almatti,4363.484,54.932
2018-08-22,Almatti,4620.177,55.621
2018-08-23,Almatti,4121.97,56.309
2018-08-24,Almatti,3646.36,56.998
2018-08-25,Almatti,3537.171,57.687
2018-08-26,Almatti,3498.546,58.375
2018-08-27,Almatti,3568.744,59.064
2018-08-28,Almatti,2576.833,59.752
2018-08-29,Almatti,1814.968,60.441
2018-08-30,Almatti,3164.153,61.13
2018-08-31,Almatti,3511.091,61.818
2018-09-01,Almatti,2486.361,62.507
2018-09-02,Almatti,1579.004,51.913
2018-09-03,Almatti,804.17,41.318
2018-09-04,Almatti,1158.159,30.724
2018-09-05,Almatti,816.007,20.129
2018-09-06,Almatti,874.991,9.535
2018-09-07,Almatti,662.614,15.135
2018-09-08,Almatti,591.822,20.735
2018-09-09,Almatti,535.188,26.335
2018-09-10,Almatti,535.188,31.935
2018-09-11,Almatti,521.03,37.534
2018-09-12,Almatti,286.227,43.134
2018-09-13,Almatti,25.485,48.734
2018-09-14,Almatti,0.0,49.441
2018-09-15,Almatti,0.0,50.147
2018-09-16,Almatti,0.0,50.853
2018-09-17,Almatti,0.0,51.559
2018-09-18,Almatti,0.0,52.266
2018-09-19,Almatti,0.0,52.972
2018-09-20,Almatti,0.0,53.678
2018-09-21,Almatti,0.0,54.385
2018-09-22,Almatti,0.0,55.091
2018-09-23,Almatti,0.0,55.797
2018-09-24,Almatti,0.0,56.503
2018-09-25,Almatti,0.0,57.21
2018-09-26,Almatti,0.0,57.916
2018-09-27,Almatti,0.0,58.622
2018-09-28,Almatti,358.888,59.329
2018-09-29,Almatti,358.888,60.035
2018-09-30,Almatti,85.602,60.741
2018-10-01,Almatti,0.0,61.448
2018-10-02,Almatti,0.0,51.065
2018-10-03,Almatti,0.0,40.682
2018-10-04,Almatti,0.0,30.3
2018-10-05,Almatti,0.0,19.917
2018-10-06,Almatti,98.628,9.535
2018-10-07,Almatti,150.108,15.122
2018-10-08,Almatti,0.0,20.71
2018-10-09,Almatti,0.0,26.297
2018-10-10,Almatti,0.0,31.884
2018-10-11,Almatti,0.0,37.471
2018-10-12,Almatti,0.0,43.059
2018-10-13,Almatti,0.0,48.646
2018-10-14,Almatti,0.0,49.264
2018-10-15,Almatti,0.0,49.882
2018-10-16,Almatti,0.0,50.5
2018-10-17,Almatti,0.0,51.118
2018-10-18,Almatti,0.0,51.736
2018-10-19,Almatti,0.0,52.354
2018-10-20,Almatti,0.0,52.972
2018-10-21,Almatti,0.0,53.59
2018-10-22,Almatti,0.0,54.208
2018-10-23,Almatti,0.0,54.826
2018-10-24,Almatti,0.0,55.444
2018-10-25,Almatti,0.0,56.062
2018-10-26,Almatti,0.0,56.68
2018-10-27,Almatti,0.0,57.298
2018-10-28,Almatti,0.0,57.916
2018-10-29,Almatti,0.0,58.534
2018-10-30,Almatti,0.0,59.152
2018-10-31,Almatti,0.0,59.77
2018-11-01,Almatti,0.0,60.388
2018-11-02,Almatti,0.0,50.217
2018-11-03,Almatti,0.0,40.047
2018-11-04,Almatti,0.0,29.876
2018-11-05,Almatti,0.0,19.706
2018-11-06,Almatti,0.0,9.535
2018-11-07,Almatti,0.0,15.116
2018-11-08,Almatti,0.0,20.698
2018-11-09,Almatti,0.0,26.279
2018-11-10,Almatti,0.0,31.86
2018-11-11,Almatti,0.0,37.442
2018-11-12,Almatti,0.0,43.023
2018-11-13,Almatti,0.0,48.604
2018-11-14,Almatti,0.0,49.18
2018-11-15,Almatti,0.0,49.757
2018-11-16,Almatti,0.0,50.333
2018-11-17,Almatti,0.0,50.909
2018-11-18,Almatti,0.0,51.485
2018-11-19,Almatti,0.0,52.061
2018-11-20,Almatti,0.0,52.637
2018-11-21,Almatti,0.0,53.214
2018-11-22,Almatti,0.0,53.79
2018-11-23,Almatti,0.0,54.366
2018-11-24,Almatti,0.0,54.942
2018-11-25,Almatti,0.0,55.518
2018-11-26,Almatti,0.0,56.095
2018-11-27,Almatti,0.0,56.671
2018-11-28,Almatti,0.0,57.247
2018-11-29,Almatti,0.0,57.823
2018-11-30,Almatti,0.0,58.399
2018-12-01,Almatti,0.0,58.975
2018-12-02,Almatti,0.0,46.969
2018-12-03,Almatti,0.0,34.962
2018-12-04,Almatti,0.0,22.955
2018-12-05,Almatti,0.0,10.948
2018-12-06,Almatti,0.0,9.535
2018-12-07,Almatti,0.0,14.963
2018-12-08,Almatti,0.0,20.392
2018-12-09,Almatti,0.0,25.82
2018-12-10,Almatti,0.0,31.248
2018-12-11,Almatti,0.0,36.677
2018-12-12,Almatti,0.0,42.105
2018-12-13,Almatti,0.0,47.534
2018-12-14,Almatti,0.0,47.392
2018-12-15,Almatti,0.0,47.251
2018-12-16,Almatti,0.0,47.11
2018-12-17,Almatti,0.0,46.969
2018-12-18,Almatti,0.0,46.827
2018-12-19,Almatti,0.0,46.686
2018-12-20,Almatti,0.0,46.545
2018-12-21,Almatti,0.0,46.403
2018-12-22,Almatti,0.0,46.262
2018-12-23,Almatti,0.0,46.121
2018-12-24,Almatti,0.0,45.98
2018-12-25,Almatti,0.0,45.838
2018-12-26,Almatti,0.0,45.697
2018-12-27,Almatti,0.0,45.556
2018-12-28,Almatti,0.0,45.415
2018-12-29,Almatti,0.0,45.273
2018-12-30,Almatti,0.0,45.132
2018-12-31,Almatti,0.0,44.991
2019-01-01,Almatti,0.0,44.85
2019-01-02,Almatti,0.0,38.493
2019-01-03,Almatti,0.0,33.549
2019-01-04,Almatti,0.0,25.073
2019-01-05,Almatti,0.0,18.364
2019-01-06,Almatti,0.0,10.948
2019-01-07,Almatti,0.0,8.829
2019-01-08,Almatti,0.0,20.235
2019-01-09,Almatti,0.0,31.642
2019-01-10,Almatti,0.0,43.049
2019-01-11,Almatti,0.0,54.455
2019-01-12,Almatti,0.0,65.862
2019-01-13,Almatti,0.0,77.268
2019-01-14,Almatti,0.0,88.675
2019-01-15,Almatti,0.0,100.082
2019-01-16,Almatti,0.0,96.833
2019-01-17,Almatti,0.0,93.584
2019-01-18,Almatti,0.0,90.335
2019-01-19,Almatti,0.0,87.086
2019-01-20,Almatti,0.0,83.837
2019-01-21,Almatti,0.0,80.588
2019-01-22,Almatti,0.0,77.339
2019-01-23,Almatti,0.0,74.09
2019-01-24,Almatti,0.0,70.841
2019-01-25,Almatti,0.0,67.592
2019-01-26,Almatti,0.0,64.343
2019-01-27,Almatti,0.0,61.094
2019-01-28,Almatti,0.0,57.845
2019-01-29,Almatti,0.0,54.596
2019-01-30,Almatti,0.0,51.348
2019-01-31,Almatti,0.0,48.099
2019-02-01,Almatti,0.0,44.85
2019-02-02,Almatti,0.0,38.14
2019-02-03,Almatti,0.0,32.489
2019-02-04,Almatti,0.0,24.72
2019-02-05,Almatti,0.0,18.01
2019-02-06,Almatti,0.0,10.594
2019-02-07,Almatti,0.0,8.829
2019-02-08,Almatti,0.0,20.005
2019-02-09,Almatti,0.0,31.181
2019-02-10,Almatti,0.0,42.357
2019-02-11,Almatti,0.0,53.533
2019-02-12,Almatti,0.0,64.709
2019-02-13,Almatti,0.0,75.885
2019-02-14,Almatti,0.0,87.061
2019-02-15,Almatti,0.0,98.237
2019-02-16,Almatti,0.0,94.373
2019-02-17,Almatti,0.0,90.509
2019-02-18,Almatti,0.0,86.646
2019-02-19,Almatti,0.0,82.782
2019-02-20,Almatti,0.0,78.918
2019-02-21,Almatti,0.0,75.054
2019-02-22,Almatti,0.0,71.19
2019-02-23,Almatti,0.0,67.326
2019-02-24,Almatti,0.0,63.463
2019-02-25,Almatti,0.0,59.599
2019-02-26,Almatti,0.0,55.735
2019-02-27,Almatti,0.0,51.871
2019-02-28,Almatti,0.0,48.007
2019-03-01,Almatti,0.0,44.143
2019-03-02,Almatti,0.0,38.14
2019-03-03,Almatti,0.0,32.136
2019-03-04,Almatti,0.0,24.72
2019-03-05,Almatti,0.0,17.304
2019-03-06,Almatti,0.0,10.594
2019-03-07,Almatti,0.0,22.169
2019-03-08,Almatti,0.0,33.743
2019-03-09,Almatti,0.0,45.318
2019-03-10,Almatti,0.0,56.892
2019-03-11,Almatti,0.0,68.466
2019-03-12,Almatti,0.0,80.041
2019-03-13,Almatti,0.0,91.615
2019-03-14,Almatti,0.0,103.189
2019-03-15,Almatti,0.0,99.87
2019-03-16,Almatti,0.0,96.55
2019-03-17,Almatti,0.0,93.231
2019-03-18,Almatti,0.0,89.911
2019-03-19,Almatti,0.0,86.592
2019-03-20,Almatti,0.0,83.272
2019-03-21,Almatti,0.0,79.952
2019-03-22,Almatti,0.0,76.633
2019-03-23,Almatti,0.0,73.313
2019-03-24,Almatti,0.0,69.994
2019-03-25,Almatti,0.0,66.674
2019-03-26,Almatti,0.0,63.355
2019-03-27,Almatti,0.0,60.035
2019-03-28,Almatti,0.0,56.715
2019-03-29,Almatti,0.0,53.396
2019-03-30,Almatti,0.0,50.076
2019-03-31,Almatti,0.0,46.757
2019-04-01,Almatti,0.0,43.437
2019-04-02,Almatti,0.0,37.787
2019-04-03,Almatti,0.0,32.136
2019-04-04,Almatti,0.0,24.72
2019-04-05,Almatti,0.0,16.951
2019-04-06,Almatti,0.0,10.594
2019-04-07,Almatti,0.0,22.086
2019-04-08,Almatti,0.0,33.577
2019-04-09,Almatti,0.0,45.068
2019-04-10,Almatti,0.0,56.559
2019-04-11,Almatti,0.0,68.05
2019-04-12,Almatti,0.0,79.542
2019-04-13,Almatti,0.0,91.033
2019-04-14,Almatti,0.0,102.524
2019-04-15,Almatti,0.0,99.048
2019-04-16,Almatti,0.0,95.573
2019-04-17,Almatti,0.0,92.097
2019-04-18,Almatti,0.0,88.621
2019-04-19,Almatti,0.0,85.146
2019-04-20,Almatti,0.0,81.67
2019-04-21,Almatti,0.0,78.194
2019-04-22,Almatti,0.0,74.718
2019-04-23,Almatti,0.0,71.243
2019-04-24,Almatti,0.0,67.767
2019-04-25,Almatti,0.0,64.291
2019-04-26,Almatti,0.0,60.816
2019-04-27,Almatti,0.0,57.34
2019-04-28,Almatti,0.0,53.864
2019-04-29,Almatti,0.0,50.388
2019-04-30,Almatti,0.0,46.913
2019-05-01,Almatti,0.0,43.437
2019-05-02,Almatti,0.0,37.787
2019-05-03,Almatti,0.0,31.783
2019-05-04,Almatti,0.0,24.367
2019-05-05,Almatti,0.0,16.598
2019-05-06,Almatti,0.0,10.594
2019-05-07,Almatti,0.0,17.304
2019-05-08,Almatti,0.0,29.437
2019-05-09,Almatti,0.0,41.57
2019-05-10,Almatti,0.0,53.704
2019-05-11,Almatti,0.0,65.837
2019-05-12,Almatti,0.0,77.97
2019-05-13,Almatti,0.0,90.103
2019-05-14,Almatti,0.0,102.236
2019-05-15,Almatti,0.0,98.969
2019-05-16,Almatti,0.0,95.703
2019-05-17,Almatti,0.0,92.436
2019-05-18,Almatti,0.0,89.17
2019-05-19,Almatti,0.0,85.903
2019-05-20,Almatti,0.0,82.636
2019-05-21,Almatti,0.0,79.37
2019-05-22,Almatti,0.0,76.103
2019-05-23,Almatti,0.0,72.837
2019-05-24,Almatti,0.0,69.57
2019-05-25,Almatti,0.0,66.303
2019-05-26,Almatti,0.0,63.037
2019-05-27,Almatti,0.0,59.77
2019-05-28,Almatti,0.0,56.503
2019-05-29,Almatti,0.0,53.237
2019-05-30,Almatti,0.0,49.97
2019-05-31,Almatti,0.0,46.704
2019-06-01,Almatti,0.0,43.437
2019-06-02,Almatti,0.0,37.787
2019-06-03,Almatti,0.0,31.783
2019-06-04,Almatti,0.0,24.367
2019-06-05,Almatti,0.0,16.245
2019-06-06,Almatti,0.0,10.241
2019-06-07,Almatti,0.0,20.129
2019-06-08,Almatti,0.0,31.759
2019-06-09,Almatti,0.0,43.389
2019-06-10,Almatti,0.0,55.019
2019-06-11,Almatti,0.0,66.649
2019-06-12,Almatti,0.0,78.279
2019-06-13,Almatti,0.0,89.909
2019-06-14,Almatti,0.0,101.539
2019-06-15,Almatti,0.0,98.1
2019-06-16,Almatti,0.0,94.662
2019-06-17,Almatti,0.0,91.223
2019-06-18,Almatti,0.0,87.785
2019-06-19,Almatti,0.0,84.346
2019-06-20,Almatti,0.0,80.908
2019-06-21,Almatti,0.0,77.469
2019-06-22,Almatti,0.0,74.031
2019-06-23,Almatti,0.0,70.592
2019-06-24,Almatti,0.0,67.154
2019-06-25,Almatti,0.0,63.715
2019-06-26,Almatti,0.0,60.277
2019-06-27,Almatti,0.0,56.838
2019-06-28,Almatti,0.0,53.399
2019-06-29,Almatti,0.0,49.961
2019-06-30,Almatti,0.0,46.522
2019-07-01,Almatti,0.0,43.084
2019-07-02,Almatti,0.0,37.434
2019-07-03,Almatti,477.847,31.43
2019-07-04,Almatti,1135.279,24.367
2019-07-05,Almatti,1153.402,15.892
2019-07-06,Almatti,911.519,10.241
2019-07-07,Almatti,1178.632,21.573
2019-07-08,Almatti,1339.443,32.904
2019-07-09,Almatti,1976.799,44.236
2019-07-10,Almatti,2678.689,55.568
2019-07-11,Almatti,2953.164,66.899
2019-07-12,Almatti,3018.066,78.231
2019-07-13,Almatti,3096.079,89.562
2019-07-14,Almatti,3229.112,100.894
2019-07-15,Almatti,3159.027,97.663
2019-07-16,Almatti,2344.861,94.431
2019-07-17,Almatti,1616.496,91.2
2019-07-18,Almatti,1309.343,87.969
2019-07-19,Almatti,1214.311,84.738
2019-07-20,Almatti,744.705,81.506
2019-07-21,Almatti,542.409,78.275
2019-07-22,Almatti,376.897,75.044
2019-07-23,Almatti,429.68,71.812
2019-07-24,Almatti,216.964,68.581
2019-07-25,Almatti,323.18,65.35
2019-07-26,Almatti,330.712,62.118
2019-07-27,Almatti,639.763,58.887
2019-07-28,Almatti,825.691,55.656
2019-07-29,Almatti,2603.508,52.425
2019-07-30,Almatti,2909.613,49.193
2019-07-31,Almatti,3393.774,45.962
2019-08-01,Almatti,4259.109,42.731
2019-08-02,Almatti,5828.513,36.727
2019-08-03,Almatti,6289.54,30.371
2019-08-04,Almatti,6301.716,24.014
2019-08-05,Almatti,6944.877,15.892
2019-08-06,Almatti,7909.801,10.241
2019-08-07,Almatti,10275.476,21.493
2019-08-08,Almatti,10401.287,32.746
2019-08-09,Almatti,9897.474,43.998
2019-08-10,Almatti,14162.416,55.25
2019-08-11,Almatti,16991.495,66.502
2019-08-12,Almatti,17840.774,77.754
2019-08-13,Almatti,17247.253,89.006
2019-08-14,Almatti,16671.402,100.258
2019-08-15,Almatti,15244.488,97.062
2019-08-16,Almatti,13867.609,93.866
2019-08-17,Almatti,12924.007,90.67
2019-08-18,Almatti,10936.702,87.474
2019-08-19,Almatti,8431.681,84.278
2019-08-20,Almatti,4648.55,81.082
2019-08-21,Almatti,1276.07,77.886
2019-08-22,Almatti,581.94,74.691
2019-08-23,Almatti,671.421,71.495
2019-08-24,Almatti,495.29,68.299
2019-08-25,Almatti,679.349,65.103
2019-08-26,Almatti,311.23,61.907
2019-08-27,Almatti,311.23,58.711
2019-08-28,Almatti,325.389,55.515
2019-08-29,Almatti,339.547,52.319
2019-08-30,Almatti,363.164,49.123
2019-08-31,Almatti,280.563,45.927
2019-09-01,Almatti,197.963,42.731
2019-09-02,Almatti,410.339,36.021
2019-09-03,Almatti,740.712,30.371
2019-09-04,Almatti,1707.024,24.014
2019-09-05,Almatti,1669.929,15.538
2019-09-06,Almatti,1753.379,10.241
2019-09-07,Almatti,3020.671,21.328
2019-09-08,Almatti,4413.181,32.415
2019-09-09,Almatti,4863.135,43.502
2019-09-10,Almatti,5106.745,54.589
2019-09-11,Almatti,6336.659,65.676
2019-09-12,Almatti,5949.907,76.763
2019-09-13,Almatti,5843.634,87.85
2019-09-14,Almatti,4544.542,98.937
2019-09-15,Almatti,3203.258,95.61
2019-09-16,Almatti,1114.268,92.283
2019-09-17,Almatti,1783.706,88.956
2019-09-18,Almatti,1684.598,85.629
2019-09-19,Almatti,971.947,82.302
2019-09-20,Almatti,794.995,78.975
2019-09-21,Almatti,1160.736,75.648
2019-09-22,Almatti,901.155,72.321
2019-09-23,Almatti,812.665,68.994
2019-09-24,Almatti,476.403,65.667
2019-09-25,Almatti,641.575,62.34
2019-09-26,Almatti,1635.043,59.013
2019-09-27,Almatti,3490.674,55.686
2019-09-28,Almatti,2429.161,52.359
2019-09-29,Almatti,1106.651,49.032
2019-09-30,Almatti,1104.102,45.705
2019-10-01,Almatti,594.399,42.378
2019-10-02,Almatti,594.399,36.021
2019-10-03,Almatti,783.159,29.664
2019-10-04,Almatti,452.815,24.014
2019-10-05,Almatti,452.815,14.832
2019-10-06,Almatti,494.129,9.888
2019-10-07,Almatti,934.173,20.942
2019-10-08,Almatti,1543.013,31.995
2019-10-09,Almatti,679.349,43.049
2019-10-10,Almatti,617.959,54.102
2019-10-11,Almatti,877.567,65.156
2019-10-12,Almatti,1198.482,76.209
2019-10-13,Almatti,1564.251,87.263
2019-10-14,Almatti,747.735,98.316
2019-10-15,Almatti,877.567,95.208
2019-10-16,Almatti,877.567,92.101
2019-10-17,Almatti,618.27,88.993
2019-10-18,Almatti,452.815,85.885
2019-10-19,Almatti,452.815,82.778
2019-10-20,Almatti,735.983,79.67
2019-10-21,Almatti,877.567,76.562
2019-10-22,Almatti,4117.949,73.455
2019-10-23,Almatti,5929.718,70.347
2019-10-24,Almatti,5765.14,67.239
2019-10-25,Almatti,4067.12,64.131
2019-10-26,Almatti,3053.547,61.024
2019-10-27,Almatti,1922.742,57.916
2019-10-28,Almatti,1767.41,54.808
2019-10-29,Almatti,1612.078,51.701
2019-10-30,Almatti,898.154,48.593
2019-10-31,Almatti,716.36,45.485
2019-11-01,Almatti,716.36,42.378
2019-11-02,Almatti,787.152,35.668
2019-11-03,Almatti,716.36,29.664
2019-11-04,Almatti,716.36,21.895
2019-11-05,Almatti,633.731,14.126
2019-11-06,Almatti,474.477,9.888
2019-11-07,Almatti,610.171,20.782
2019-11-08,Almatti,924.007,31.676
2019-11-09,Almatti,790.691,42.57
2019-11-10,Almatti,633.816,53.465
2019-11-11,Almatti,498.745,64.359
2019-11-12,Almatti,350.591,75.253
2019-11-13,Almatti,291.607,86.147
2019-11-14,Almatti,150.023,97.041
2019-11-15,Almatti,150.023,93.825
2019-11-16,Almatti,150.023,90.61
2019-11-17,Almatti,150.023,87.395
2019-11-18,Almatti,150.023,84.179
2019-11-19,Almatti,107.547,80.964
2019-11-20,Almatti,107.547,77.748
2019-11-21,Almatti,107.547,74.533
2019-11-22,Almatti,107.547,71.317
2019-11-23,Almatti,107.547,68.102
2019-11-24,Almatti,53.179,64.886
2019-11-25,Almatti,0.0,61.671
2019-11-26,Almatti,0.0,58.455
2019-11-27,Almatti,0.0,55.24
2019-11-28,Almatti,0.0,52.024
2019-11-29,Almatti,0.0,48.809
2019-11-30,Almatti,61.448,45.593
2019-12-01,Almatti,102.734,42.378
2019-12-02,Almatti,0.0,35.668
2019-12-03,Almatti,0.0,29.664
2019-12-04,Almatti,0.0,23.661
2019-12-05,Almatti,0.0,13.773
2019-12-06,Almatti,0.0,9.888
2019-12-07,Almatti,0.0,20.174
2019-12-08,Almatti,0.0,30.459
2019-12-09,Almatti,0.0,40.744
2019-12-10,Almatti,0.0,51.03
2019-12-11,Almatti,0.0,61.315
2019-12-12,Almatti,0.0,71.6
2019-12-13,Almatti,0.0,81.886
2019-12-14,Almatti,0.0,92.171
2019-12-15,Almatti,0.0,87.051
2019-12-16,Almatti,0.0,81.93
2019-12-17,Almatti,0.0,76.809
2019-12-18,Almatti,0.0,71.689
2019-12-19,Almatti,0.0,66.568
2019-12-20,Almatti,0.0,61.448
2019-12-21,Almatti,0.0,56.327
2019-12-22,Almatti,0.0,51.206
2019-12-23,Almatti,0.0,46.086
2019-12-24,Almatti,0.0,40.965
2019-12-25,Almatti,0.0,35.844
2019-12-26,Almatti,0.0,30.724
2019-12-27,Almatti,0.0,25.603
2019-12-28,Almatti,0.0,20.483
2019-12-29,Almatti,0.0,15.362
2019-12-30,Almatti,0.0,10.241
2019-12-31,Almatti,0.0,5.121
2020-01-01,Almatti,0.0,6.975
2020-01-02,Almatti,0.0,8.829
2020-01-03,Almatti,0.0,10.683
2020-01-04,Almatti,0.0,12.537
2020-01-05,Almatti,0.0,14.391
2020-01-06,Almatti,0.0,16.245
2020-01-07,Almatti,0.0,27.245
2020-01-08,Almatti,0.0,38.246
2020-01-09,Almatti,0.0,49.246
2020-01-10,Almatti,0.0,60.247
2020-01-11,Almatti,0.0,71.247
2020-01-12,Almatti,0.0,82.248
2020-01-13,Almatti,0.0,93.248
2020-01-14,Almatti,0.0,104.249
2020-01-15,Almatti,0.0,103.578
2020-01-16,Almatti,0.0,102.907
2020-01-17,Almatti,0.0,102.236
2020-01-18,Almatti,0.0,101.565
2020-01-19,Almatti,0.0,100.894
2020-01-20,Almatti,0.0,100.223
2020-01-21,Almatti,0.0,99.552
2020-01-22,Almatti,0.0,98.881
2020-01-23,Almatti,0.0,98.21
2020-01-24,Almatti,0.0,97.539
2020-01-25,Almatti,0.0,96.868
2020-01-26,Almatti,0.0,96.197
2020-01-27,Almatti,0.0,95.526
2020-01-28,Almatti,0.0,94.855
2020-01-29,Almatti,0.0,94.184
2020-01-30,Almatti,0.0,93.513
2020-01-31,Almatti,0.0,92.842
2020-02-01,Almatti,0.0,92.171
2020-02-02,Almatti,0.0,93.295
2020-02-03,Almatti,0.0,94.419
2020-02-04,Almatti,0.0,95.542
2020-02-05,Almatti,0.0,96.666
2020-02-06,Almatti,0.0,97.79
2020-02-07,Almatti,0.0,98.913
2020-02-08,Almatti,0.0,100.037
2020-02-09,Almatti,0.0,101.16
2020-02-10,Almatti,0.0,102.284
2020-02-11,Almatti,0.0,103.408
2020-02-12,Almatti,0.0,104.531
2020-02-13,Almatti,0.0,103.59
2020-02-14,Almatti,0.0,102.648
2020-02-15,Almatti,0.0,101.706
2020-02-16,Almatti,0.0,100.765
2020-02-17,Almatti,0.0,99.823
2020-02-18,Almatti,0.0,98.881
2020-02-19,Almatti,0.0,97.939
2020-02-20,Almatti,0.0,96.998
2020-02-21,Almatti,0.0,96.056
2020-02-22,Almatti,0.0,95.114
2020-02-23,Almatti,0.0,94.172
2020-02-24,Almatti,0.0,93.231
2020-02-25,Almatti,0.0,92.289
2020-02-26,Almatti,0.0,91.347
2020-02-27,Almatti,0.0,90.406
2020-02-28,Almatti,0.0,89.464
2020-02-29,Almatti,0.0,88.522
2020-03-01,Almatti,0.0,87.58
2020-03-02,Almatti,0.0,89.057
2020-03-03,Almatti,0.0,90.534
2020-03-04,Almatti,0.0,92.011
2020-03-05,Almatti,0.0,93.488
2020-03-06,Almatti,0.0,94.964
2020-03-07,Almatti,0.0,96.441
2020-03-08,Almatti,0.0,97.918
2020-03-09,Almatti,0.0,99.395
2020-03-10,Almatti,0.0,100.872
2020-03-11,Almatti,0.0,102.348
2020-03-12,Almatti,0.0,103.825
2020-03-13,Almatti,0.0,102.96
2020-03-14,Almatti,0.0,102.095
2020-03-15,Almatti,0.0,101.229
2020-03-16,Almatti,0.0,100.364
2020-03-17,Almatti,0.0,99.499
2020-03-18,Almatti,0.0,98.634
2020-03-19,Almatti,0.0,97.769
2020-03-20,Almatti,0.0,96.903
2020-03-21,Almatti,0.0,96.038
2020-03-22,Almatti,0.0,95.173
2020-03-23,Almatti,0.0,94.308
2020-03-24,Almatti,0.0,93.443
2020-03-25,Almatti,0.0,92.577
2020-03-26,Almatti,0.0,91.712
2020-03-27,Almatti,0.0,90.847
2020-03-28,Almatti,0.0,89.982
2020-03-29,Almatti,0.0,89.117
2020-03-30,Almatti,0.0,88.251
2020-03-31,Almatti,0.0,87.386
2020-04-01,Almatti,0.0,86.521
2020-04-02,Almatti,0.0,87.799
2020-04-03,Almatti,0.0,89.077
2020-04-04,Almatti,0.0,90.354
2020-04-05,Almatti,0.0,91.632
2020-04-06,Almatti,0.0,92.91
2020-04-07,Almatti,0.0,94.188
2020-04-08,Almatti,0.0,95.466
2020-04-09,Almatti,0.0,96.744
2020-04-10,Almatti,0.0,98.021
2020-04-11,Almatti,0.0,99.299
2020-04-12,Almatti,0.0,100.577
2020-04-13,Almatti,0.0,101.855
2020-04-14,Almatti,0.0,100.944
2020-04-15,Almatti,0.0,100.033
2020-04-16,Almatti,0.0,99.123
2020-04-17,Almatti,0.0,98.212
2020-04-18,Almatti,0.0,97.301
2020-04-19,Almatti,0.0,96.39
2020-04-20,Almatti,0.0,95.48
2020-04-21,Almatti,0.0,94.569
2020-04-22,Almatti,0.0,93.658
2020-04-23,Almatti,0.0,92.747
2020-04-24,Almatti,0.0,91.837
2020-04-25,Almatti,0.0,90.926
2020-04-26,Almatti,0.0,90.015
2020-04-27,Almatti,0.0,89.104
2020-04-28,Almatti,0.0,88.194
2020-04-29,Almatti,0.0,87.283
2020-04-30,Almatti,0.0,86.372
2020-05-01,Almatti,0.0,85.461
2020-05-02,Almatti,0.0,86.742
2020-05-03,Almatti,0.0,88.022
2020-05-04,Almatti,0.0,89.302
2020-05-05,Almatti,0.0,90.582
2020-05-06,Almatti,0.0,91.862
2020-05-07,Almatti,0.0,93.142
2020-05-08,Almatti,0.0,94.423
2020-05-09,Almatti,0.0,95.703
2020-05-10,Almatti,0.0,96.983
2020-05-11,Almatti,0.0,98.263
2020-05-12,Almatti,0.0,99.543
2020-05-13,Almatti,0.0,100.823
2020-05-14,Almatti,0.0,99.941
2020-05-15,Almatti,0.0,99.058
2020-05-16,Almatti,0.0,98.175
2020-05-17,Almatti,0.0,97.292
2020-05-18,Almatti,0.0,96.409
2020-05-19,Almatti,0.0,95.526
2020-05-20,Almatti,0.0,94.643
2020-05-21,Almatti,0.0,93.76
2020-05-22,Almatti,0.0,92.878
2020-05-23,Almatti,0.0,91.995
2020-05-24,Almatti,0.0,91.112
2020-05-25,Almatti,0.0,90.229
2020-05-26,Almatti,0.0,89.346
2020-05-27,Almatti,0.0,88.463
2020-05-28,Almatti,0.0,87.58
2020-05-29,Almatti,0.0,86.698
2020-05-30,Almatti,0.0,85.815
2020-05-31,Almatti,0.0,84.932
2020-06-01,Almatti,0.0,84.049
2020-06-02,Almatti,0.0,85.387
2020-06-03,Almatti,0.0,86.725
2020-06-04,Almatti,0.0,88.064
2020-06-05,Almatti,361.351,89.402
2020-06-06,Almatti,397.852,90.74
2020-06-07,Almatti,384.883,92.078
2020-06-08,Almatti,454.485,93.417
2020-06-09,Almatti,372.876,94.755
2020-06-10,Almatti,296.846,96.093
2020-06-11,Almatti,413.199,97.431
2020-06-12,Almatti,235.228,98.77
2020-06-13,Almatti,102.818,100.108
2020-06-14,Almatti,15.008,99.216
2020-06-15,Almatti,15.008,98.323
2020-06-16,Almatti,15.008,97.431
2020-06-17,Almatti,280.79,96.539
2020-06-18,Almatti,435.853,95.647
2020-06-19,Almatti,1207.968,94.755
2020-06-20,Almatti,1623.858,93.863
2020-06-21,Almatti,1770.369,92.971
2020-06-22,Almatti,1518.661,92.078
2020-06-23,Almatti,849.76,91.186
2020-06-24,Almatti,580.948,90.294
2020-06-25,Almatti,594.371,89.402
2020-06-26,Almatti,464.283,88.51
2020-06-27,Almatti,820.197,87.618
2020-06-28,Almatti,339.717,86.725
2020-06-29,Almatti,349.232,85.833
2020-06-30,Almatti,285.66,84.941
2020-07-01,Almatti,349.232,84.049
2020-07-02,Almatti,195.868,85.333
2020-07-03,Almatti,298.431,86.618
2020-07-04,Almatti,298.12,87.903
2020-07-05,Almatti,265.017,89.187
2020-07-06,Almatti,827.73,90.472
2020-07-07,Almatti,241.401,91.756
2020-07-08,Almatti,753.341,93.041
2020-07-09,Almatti,1405.535,94.325
2020-07-10,Almatti,2039.662,95.61
2020-07-11,Almatti,2089.528,96.895
2020-07-12,Almatti,1978.441,98.179
2020-07-13,Almatti,1611.37,99.464
2020-07-14,Almatti,1175.489,98.634
2020-07-15,Almatti,783.187,97.804
2020-07-16,Almatti,699.596,96.974
2020-07-17,Almatti,856.075,96.144
2020-07-18,Almatti,1024.504,95.314
2020-07-19,Almatti,1348.193,94.484
2020-07-20,Almatti,1431.445,93.654
2020-07-21,Almatti,1473.41,92.825
2020-07-22,Almatti,1282.074,91.995
2020-07-23,Almatti,822.265,91.165
2020-07-24,Almatti,538.332,90.335
2020-07-25,Almatti,493.195,89.505
2020-07-26,Almatti,499.736,88.675
2020-07-27,Almatti,483.369,87.845
2020-07-28,Almatti,316.554,87.015
2020-07-29,Almatti,133.004,86.185
2020-07-30,Almatti,347.08,85.356
2020-07-31,Almatti,264.649,84.526
2020-08-01,Almatti,315.959,83.696
2020-08-02,Almatti,185.192,84.605
2020-08-03,Almatti,233.642,85.514
2020-08-04,Almatti,283.168,86.424
2020-08-05,Almatti,108.85,87.333
2020-08-06,Almatti,1628.36,88.243
2020-08-07,Almatti,3578.513,89.152
2020-08-08,Almatti,4974.477,90.061
2020-08-09,Almatti,4775.551,90.971
2020-08-10,Almatti,5238.645,91.88
2020-08-11,Almatti,4833.516,92.789
2020-08-12,Almatti,4930.388,93.699
2020-08-13,Almatti,3184.144,94.608
2020-08-14,Almatti,2886.393,89.629
2020-08-15,Almatti,3315.365,84.649
2020-08-16,Almatti,3388.79,79.67
2020-08-17,Almatti,3612.72,74.691
2020-08-18,Almatti,4727.073,69.711
2020-08-19,Almatti,5830.552,64.732
2020-08-20,Almatti,6844.607,59.752
2020-08-21,Almatti,7759.609,54.773
2020-08-22,Almatti,8099.807,49.794
2020-08-23,Almatti,7352.554,44.814
2020-08-24,Almatti,3284.754,39.835
2020-08-25,Almatti,5422.138,34.856
2020-08-26,Almatti,4313.109,29.876
2020-08-27,Almatti,3117.826,24.897
2020-08-28,Almatti,2094.965,19.917
2020-08-29,Almatti,1072.104,14.938
2020-08-30,Almatti,762.346,9.959
2020-08-31,Almatti,762.346,4.979
2020-09-01,Almatti,762.346,8.08
2020-09-02,Almatti,1037.274,11.181
2020-09-03,Almatti,1385.317,14.281
2020-09-04,Almatti,1385.317,17.382
2020-09-05,Almatti,1184.749,20.483
2020-09-06,Almatti,960.564,19.07
2020-09-07,Almatti,521.653,30.307
2020-09-08,Almatti,514.574,41.544
2020-09-09,Almatti,1216.577,52.781
2020-09-10,Almatti,1658.319,64.018
2020-09-11,Almatti,1695.046,75.255
2020-09-12,Almatti,1335.139,86.492
2020-09-13,Almatti,1212.556,97.729
2020-09-14,Almatti,1385.317,96.929
2020-09-15,Almatti,1149.324,96.13
2020-09-16,Almatti,812.184,95.331
2020-09-17,Almatti,526.354,94.532
2020-09-18,Almatti,479.178,93.733
2020-09-19,Almatti,841.407,92.933
2020-09-20,Almatti,1314.525,92.134
2020-09-21,Almatti,1481.368,91.335
2020-09-22,Almatti,1478.054,90.536
2020-09-23,Almatti,1102.148,89.736
2020-09-24,Almatti,1102.148,88.937
2020-09-25,Almatti,1302.717,88.138
2020-09-26,Almatti,1528.515,87.339
2020-09-27,Almatti,1926.735,86.54
2020-09-28,Almatti,1703.541,85.74
2020-09-29,Almatti,1102.148,84.941
2020-09-30,Almatti,1102.148,84.142
2020-10-01,Almatti,1102.148,83.343
2020-10-02,Almatti,1102.148,84.489
2020-10-03,Almatti,861.455,85.635
2020-10-04,Almatti,555.86,86.781
2020-10-05,Almatti,479.178,87.928
2020-10-06,Almatti,479.178,89.074
2020-10-07,Almatti,479.178,90.22
2020-10-08,Almatti,479.178,91.366
2020-10-09,Almatti,439.761,92.513
2020-10-10,Almatti,439.761,93.659
2020-10-11,Almatti,364.24,94.805
2020-10-12,Almatti,613.201,95.951
2020-10-13,Almatti,1487.484,97.098
2020-10-14,Almatti,1971.221,96.374
2020-10-15,Almatti,2782.697,95.65
2020-10-16,Almatti,3064.591,94.926
2020-10-17,Almatti,4756.437,94.202
2020-10-18,Almatti,4725.261,93.478
2020-10-19,Almatti,3643.755,92.754
2020-10-20,Almatti,1956.779,92.03
2020-10-21,Almatti,1447.472,91.306
2020-10-22,Almatti,1676.216,90.582
2020-10-23,Almatti,2195.405,89.858
2020-10-24,Almatti,1174.809,89.134
2020-10-25,Almatti,697.897,88.41
2020-10-26,Almatti,616.713,87.686
2020-10-27,Almatti,840.897,86.962
2020-10-28,Almatti,852.705,86.238
2020-10-29,Almatti,864.513,85.514
2020-10-30,Almatti,864.513,84.791
2020-10-31,Almatti,805.501,84.067
2020-11-01,Almatti,445.651,83.343
2020-11-02,Almatti,439.761,85.991
2020-11-03,Almatti,439.761,88.64
2020-11-04,Almatti,439.761,91.288
2020-11-05,Almatti,433.842,93.937
2020-11-06,Almatti,405.554,96.586
2020-11-07,Almatti,305.256,99.234
2020-11-08,Almatti,177.801,101.883
2020-11-09,Almatti,29.591,104.531
2020-11-10,Almatti,29.591,107.18
2020-11-11,Almatti,29.591,109.829
2020-11-12,Almatti,29.591,103.11
2020-11-13,Almatti,29.591,96.39
2020-11-14,Almatti,29.591,95.666
2020-11-15,Almatti,0.0,94.941
2020-11-16,Almatti,0.0,94.216
2020-11-17,Almatti,0.0,93.491
2020-11-18,Almatti,0.0,92.766
2020-11-19,Almatti,0.0,92.041
2020-11-20,Almatti,0.0,91.316
2020-11-21,Almatti,0.0,90.591
2020-11-22,Almatti,0.0,89.867
2020-11-23,Almatti,0.0,89.142
2020-11-24,Almatti,0.0,88.417
2020-11-25,Almatti,0.0,87.692
2020-11-26,Almatti,0.0,86.967
2020-11-27,Almatti,0.0,86.242
2020-11-28,Almatti,0.0,85.517
2020-11-29,Almatti,0.0,84.792
2020-11-30,Almatti,0.0,84.067
2020-12-01,Almatti,0.0,83.343
2020-12-02,Almatti,0.0,85.113
2020-12-03,Almatti,0.0,86.884
2020-12-04,Almatti,0.0,88.654
2020-12-05,Almatti,0.0,90.425
2020-12-06,Almatti,0.0,92.195
2020-12-07,Almatti,0.0,93.966
2020-12-08,Almatti,0.0,95.736
2020-12-09,Almatti,0.0,97.507
2020-12-10,Almatti,0.0,99.278
2020-12-11,Almatti,0.0,101.048
2020-12-12,Almatti,0.0,102.819
2020-12-13,Almatti,0.0,95.809
2020-12-14,Almatti,0.0,95.208
2020-12-15,Almatti,0.0,94.608
2020-12-16,Almatti,0.0,94.008
2020-12-17,Almatti,0.0,93.407
2020-12-18,Almatti,0.0,92.807
2020-12-19,Almatti,0.0,92.207
2020-12-20,Almatti,0.0,91.606
2020-12-21,Almatti,0.0,91.006
2020-12-22,Almatti,0.0,90.406
2020-12-23,Almatti,0.0,89.805
2020-12-24,Almatti,0.0,89.205
2020-12-25,Almatti,0.0,88.604
2020-12-26,Almatti,0.0,88.004
2020-12-27,Almatti,0.0,87.404
2020-12-28,Almatti,0.0,86.803
2020-12-29,Almatti,0.0,86.203
2020-12-30,Almatti,0.0,85.603
2020-12-31,Almatti,0.0,85.002
2021-01-01,Almatti,0.0,84.402
2021-01-02,Almatti,0.0,86.203
2021-01-03,Almatti,0.0,88.004
2021-01-04,Almatti,0.0,89.805
2021-01-05,Almatti,0.0,91.606
2021-01-06,Almatti,0.0,93.407
2021-01-07,Almatti,0.0,95.208
2021-01-08,Almatti,0.0,97.009
2021-01-09,Almatti,0.0,98.81
2021-01-10,Almatti,0.0,100.611
2021-01-11,Almatti,0.0,102.413
2021-01-12,Almatti,0.0,93.584
2021-01-13,Almatti,0.0,93.072
2021-01-14,Almatti,0.0,92.56
2021-01-15,Almatti,0.0,92.048
2021-01-16,Almatti,0.0,91.536
2021-01-17,Almatti,0.0,91.024
2021-01-18,Almatti,0.0,90.511
2021-01-19,Almatti,0.0,89.999
2021-01-20,Almatti,0.0,89.487
2021-01-21,Almatti,0.0,88.975
2021-01-22,Almatti,0.0,88.463
2021-01-23,Almatti,0.0,87.951
2021-01-24,Almatti,0.0,87.439
2021-01-25,Almatti,0.0,86.927
2021-01-26,Almatti,0.0,86.415
2021-01-27,Almatti,0.0,85.903
2021-01-28,Almatti,0.0,85.391
2021-01-29,Almatti,0.0,84.879
2021-01-30,Almatti,0.0,84.367
2021-01-31,Almatti,0.0,83.855
2021-02-01,Almatti,0.0,83.343
2021-02-02,Almatti,0.0,84.306
2021-02-03,Almatti,0.0,85.269
2021-02-04,Almatti,0.0,86.232
2021-02-05,Almatti,0.0,87.195
2021-02-06,Almatti,0.0,88.158
2021-02-07,Almatti,0.0,89.121
2021-02-08,Almatti,220.05,90.085
2021-02-09,Almatti,0.0,91.048
2021-02-10,Almatti,2.888,92.011
2021-02-11,Almatti,12.205,92.974
2021-02-12,Almatti,14.951,93.937
2021-02-13,Almatti,0.0,93.251
2021-02-14,Almatti,0.0,92.566
2021-02-15,Almatti,0.0,91.88
2021-02-16,Almatti,20664.502,91.195
2021-02-17,Almatti,0.0,90.509
2021-02-18,Almatti,17.783,89.824
2021-02-19,Almatti,0.0,89.138
2021-02-20,Almatti,19.312,88.453
2021-02-21,Almatti,20.983,87.767
2021-02-22,Almatti,0.0,87.082
2021-02-23,Almatti,0.0,86.396
2021-02-24,Almatti,0.0,85.711
2021-02-25,Almatti,0.0,85.025
2021-02-26,Almatti,0.0,84.34
2021-02-27,Almatti,0.0,83.654
2021-02-28,Almatti,0.0,82.969
2021-03-01,Almatti,0.057,82.283
2021-03-02,Almatti,0.0,85.344
2021-03-03,Almatti,9.571,88.404
2021-03-04,Almatti,19.086,91.465
2021-03-05,Almatti,0.0,94.526
2021-03-06,Almatti,4.559,97.586
2021-03-07,Almatti,8.269,100.647
2021-03-08,Almatti,0.0,103.707
2021-03-09,Almatti,16.48,106.768
2021-03-10,Almatti,3.851,109.829
2021-03-11,Almatti,5.409,99.941
2021-03-12,Almatti,2.888,94.996
2021-03-13,Almatti,0.0,94.308
2021-03-14,Almatti,0.0,93.619
2021-03-15,Almatti,0.0,92.931
2021-03-16,Almatti,0.0,92.242
2021-03-17,Almatti,13.847,91.553
2021-03-18,Almatti,0.0,90.865
2021-03-19,Almatti,0.0,90.176
2021-03-20,Almatti,16.169,89.487
2021-03-21,Almatti,2.152,88.799
2021-03-22,Almatti,1.841,88.11
2021-03-23,Almatti,1.841,87.421
2021-03-24,Almatti,1.841,86.733
2021-03-25,Almatti,2.152,86.044
2021-03-26,Almatti,1.841,85.356
2021-03-27,Almatti,0.0,84.667
2021-03-28,Almatti,0.0,83.978
2021-03-29,Almatti,0.0,83.29
2021-03-30,Almatti,0.0,82.601
2021-03-31,Almatti,0.0,81.912
2021-04-01,Almatti,0.0,81.224
2021-04-02,Almatti,0.0,82.861
2021-04-03,Almatti,0.51,84.498
2021-04-04,Almatti,0.0,86.136
2021-04-05,Almatti,6.739,87.773
2021-04-06,Almatti,0.991,89.41
2021-04-07,Almatti,0.0,91.048
2021-04-08,Almatti,3.228,92.685
2021-04-09,Almatti,0.0,94.322
2021-04-10,Almatti,0.0,95.96
2021-04-11,Almatti,0.0,97.597
2021-04-12,Almatti,0.0,99.234
2021-04-13,Almatti,0.0,98.231
2021-04-14,Almatti,0.0,97.227
2021-04-15,Almatti,0.0,96.223
2021-04-16,Almatti,0.0,95.219
2021-04-17,Almatti,0.0,94.216
2021-04-18,Almatti,0.0,93.212
2021-04-19,Almatti,0.0,92.208
2021-04-20,Almatti,0.0,91.205
2021-04-21,Almatti,0.0,90.201
2021-04-22,Almatti,0.0,89.197
2021-04-23,Almatti,0.0,88.194
2021-04-24,Almatti,90.671,87.19
2021-04-25,Almatti,0.0,86.186
2021-04-26,Almatti,0.0,85.183
2021-04-27,Almatti,0.0,84.179
2021-04-28,Almatti,0.0,83.175
2021-04-29,Almatti,5.012,82.172
2021-04-30,Almatti,0.0,81.168
2021-05-01,Almatti,0.0,80.164
2021-05-02,Almatti,0.0,82.091
2021-05-03,Almatti,0.0,84.017
2021-05-04,Almatti,0.736,85.943
2021-05-05,Almatti,0.0,87.869
2021-05-06,Almatti,0.0,89.796
2021-05-07,Almatti,0.0,91.722
2021-05-08,Almatti,0.0,93.648
2021-05-09,Almatti,0.0,95.574
2021-05-10,Almatti,0.0,97.501
2021-05-11,Almatti,0.0,99.427
2021-05-12,Almatti,0.0,101.353
2021-05-13,Almatti,0.0,100.276
2021-05-14,Almatti,0.0,99.199
2021-05-15,Almatti,0.0,98.122
2021-05-16,Almatti,0.0,97.045
2021-05-17,Almatti,0.0,95.968
2021-05-18,Almatti,0.0,94.891
2021-05-19,Almatti,0.0,93.813
2021-05-20,Almatti,0.0,92.736
2021-05-21,Almatti,0.0,91.659
2021-05-22,Almatti,0.0,90.582
2021-05-23,Almatti,271.021,89.505
2021-05-24,Almatti,225.799,88.428
2021-05-25,Almatti,174.347,87.351
2021-05-26,Almatti,111.88,86.274
2021-05-27,Almatti,66.261,85.197
2021-05-28,Almatti,53.151,84.12
2021-05-29,Almatti,26.193,83.042
2021-05-30,Almatti,39.304,81.965
2021-05-31,Almatti,26.193,80.888
2021-06-01,Almatti,12.771,79.811
2021-06-02,Almatti,0.0,81.866
2021-06-03,Almatti,185.815,83.92
2021-06-04,Almatti,26.193,85.975
2021-06-05,Almatti,0.0,88.03
2021-06-06,Almatti,36.925,90.085
2021-06-07,Almatti,70.594,92.139
2021-06-08,Almatti,462.98,94.194
2021-06-09,Almatti,329.92,96.249
2021-06-10,Almatti,196.859,98.303
2021-06-11,Almatti,83.167,100.358
2021-06-12,Almatti,199.662,102.413
2021-06-13,Almatti,90.755,101.223
2021-06-14,Almatti,49.13,100.033
2021-06-15,Almatti,89.141,98.844
2021-06-16,Almatti,159.282,97.654
2021-06-17,Almatti,390.319,96.465
2021-06-18,Almatti,1054.321,95.275
2021-06-19,Almatti,3346.853,94.086
2021-06-20,Almatti,4268.793,92.896
2021-06-21,Almatti,3996.753,91.707
2021-06-22,Almatti,4390.697,90.517
2021-06-23,Almatti,3318.649,89.328
2021-06-24,Almatti,1657.583,88.138
2021-06-25,Almatti,982.198,86.948
2021-06-26,Almatti,579.108,85.759
2021-06-27,Almatti,622.687,84.569
2021-06-28,Almatti,753.455,83.38
2021-06-29,Almatti,579.108,82.19
2021-06-30,Almatti,319.216,81.001
2021-07-01,Almatti,447.01,79.811
2021-07-02,Almatti,228.743,82.495
2021-07-03,Almatti,252.36,85.179
2021-07-04,Almatti,295.939,87.863
2021-07-05,Almatti,87.612,90.547
2021-07-06,Almatti,160.443,93.231
2021-07-07,Almatti,69.263,95.915
2021-07-08,Almatti,112.871,98.599
2021-07-09,Almatti,114.513,101.282
2021-07-10,Almatti,286.227,103.966
2021-07-11,Almatti,166.305,106.65
2021-07-12,Almatti,268.132,103.472
2021-07-13,Almatti,174.828,102.289
2021-07-14,Almatti,700.191,101.106
2021-07-15,Almatti,1444.839,99.923
2021-07-16,Almatti,1289.351,98.74
2021-07-17,Almatti,1515.008,97.557
2021-07-18,Almatti,1479.47,96.374
2021-07-19,Almatti,1162.775,95.191
2021-07-20,Almatti,1115.57,94.008
2021-07-21,Almatti,1487.172,92.825
2021-07-22,Almatti,1895.445,91.642
2021-07-23,Almatti,2299.356,90.459
2021-07-24,Almatti,4494.45,89.275
2021-07-25,Almatti,6547.563,88.092
2021-07-26,Almatti,8353.045,86.909
2021-07-27,Almatti,10063.694,85.726
2021-07-28,Almatti,11685.57,84.543
2021-07-29,Almatti,11984.822,83.36
2021-07-30,Almatti,12337.424,82.177
2021-07-31,Almatti,11570.122,80.994
2021-08-01,Almatti,10964.481,79.811
2021-08-02,Almatti,9788.313,82.53
2021-08-03,Almatti,8751.321,85.25
2021-08-04,Almatti,7093.625,87.969
2021-08-05,Almatti,4936.759,90.688
2021-08-06,Almatti,2865.693,93.407
2021-08-07,Almatti,3082.175,96.127
2021-08-08,Almatti,2702.447,98.846
2021-08-09,Almatti,2345.428,101.565
2021-08-10,Almatti,1418.363,104.284
2021-08-11,Almatti,1120.186,107.003
2021-08-12,Almatti,682.379,104.178
2021-08-13,Almatti,733.067,102.96
2021-08-14,Almatti,575.71,101.742
2021-08-15,Almatti,862.078,100.523
2021-08-16,Almatti,577.154,99.305
2021-08-17,Almatti,772.399,98.086
2021-08-18,Almatti,919.873,96.868
2021-08-19,Almatti,806.096,95.65
2021-08-20,Almatti,735.304,94.431
2021-08-21,Almatti,496.394,93.213
2021-08-22,Almatti,497.074,91.995
2021-08-23,Almatti,590.293,90.776
2021-08-24,Almatti,623.707,89.558
2021-08-25,Almatti,349.543,88.34
2021-08-26,Almatti,49.101,87.121
2021-08-27,Almatti,63.033,85.903
2021-08-28,Almatti,94.663,84.685
2021-08-29,Almatti,126.293,83.466
2021-08-30,Almatti,378.794,82.248
2021-08-31,Almatti,173.865,81.03
2021-09-01,Almatti,257.344,79.811
2021-09-02,Almatti,146.285,82.583
2021-09-03,Almatti,116.637,85.356
2021-09-04,Almatti,88.264,88.128
2021-09-05,Almatti,54.397,90.9
2021-09-06,Almatti,60.626,93.672
2021-09-07,Almatti,153.789,96.444
2021-09-08,Almatti,231.519,99.217
2021-09-09,Almatti,513.639,101.989
2021-09-10,Almatti,983.869,104.761
2021-09-11,Almatti,1405.139,107.533
2021-09-12,Almatti,1260.355,105.238
2021-09-13,Almatti,1515.404,103.899
2021-09-14,Almatti,1898.05,102.561
2021-09-15,Almatti,2594.106,101.223
2021-09-16,Almatti,2883.306,99.885
2021-09-17,Almatti,2970.211,98.547
2021-09-18,Almatti,2313.628,97.208
2021-09-19,Almatti,1265.848,95.87
2021-09-20,Almatti,238.371,94.532
2021-09-21,Almatti,81.581,93.194
2021-09-22,Almatti,309.928,91.855
2021-09-23,Almatti,314.232,90.517
2021-09-24,Almatti,181.964,89.179
2021-09-25,Almatti,189.043,87.841
2021-09-26,Almatti,248.622,86.502
2021-09-27,Almatti,340.227,85.164
2021-09-28,Almatti,467.568,83.826
2021-09-29,Almatti,504.04,82.488
2021-09-30,Almatti,428.689,81.149
2021-10-01,Almatti,293.532,79.811
2021-10-02,Almatti,331.307,82.601
2021-10-03,Almatti,378.483,85.391
2021-10-04,Almatti,418.07,88.181
2021-10-05,Almatti,404.931,90.971
2021-10-06,Almatti,402.835,93.76
2021-10-07,Almatti,460.432,96.55
2021-10-08,Almatti,454.938,99.34
2021-10-09,Almatti,361.889,102.13
2021-10-10,Almatti,532.951,104.92
2021-10-11,Almatti,694.697,107.71
2021-10-12,Almatti,807.143,105.591
2021-10-13,Almatti,498.15,104.284
2021-10-14,Almatti,469.238,102.978
2021-10-15,Almatti,605.669,101.671
2021-10-16,Almatti,452.73,100.364
2021-10-17,Almatti,387.629,99.058
2021-10-18,Almatti,395.898,97.751
2021-10-19,Almatti,358.208,96.444
2021-10-20,Almatti,318.734,95.138
2021-10-21,Almatti,222.995,93.831
2021-10-22,Almatti,166.361,92.524
2021-10-23,Almatti,0.0,91.218
2021-10-24,Almatti,0.0,89.911
2021-10-25,Almatti,0.0,88.604
2021-10-26,Almatti,0.0,87.298
2021-10-27,Almatti,0.0,85.991
2021-10-28,Almatti,0.0,84.685
2021-10-29,Almatti,0.0,83.378
2021-10-30,Almatti,0.0,82.071
2021-10-31,Almatti,0.0,80.765
2021-11-01,Almatti,0.0,79.458
2021-11-02,Almatti,0.0,81.898
2021-11-03,Almatti,0.0,84.338
2021-11-04,Almatti,0.0,86.778
2021-11-05,Almatti,0.0,89.218
2021-11-06,Almatti,0.0,91.658
2021-11-07,Almatti,0.0,94.098
2021-11-08,Almatti,0.0,96.537
2021-11-09,Almatti,0.0,98.977
2021-11-10,Almatti,0.0,101.417
2021-11-11,Almatti,0.0,103.857
2021-11-12,Almatti,0.0,106.297
2021-11-13,Almatti,0.0,104.885
2021-11-14,Almatti,0.0,103.472
2021-11-15,Almatti,0.0,102.059
2021-11-16,Almatti,0.0,100.647
2021-11-17,Almatti,0.0,99.234
2021-11-18,Almatti,0.0,97.822
2021-11-19,Almatti,0.0,96.409
2021-11-20,Almatti,114.966,94.996
2021-11-21,Almatti,93.899,93.584
2021-11-22,Almatti,192.555,92.171
2021-11-23,Almatti,192.555,90.759
2021-11-24,Almatti,242.052,89.346
2021-11-25,Almatti,192.555,87.934
2021-11-26,Almatti,220.815,86.521
2021-11-27,Almatti,65.582,85.108
2021-11-28,Almatti,65.922,83.696
2021-11-29,Almatti,65.582,82.283
2021-11-30,Almatti,164.238,80.871
2021-12-01,Almatti,115.08,79.458
2021-12-02,Almatti,115.08,81.93
2021-12-03,Almatti,320.887,84.402
2021-12-04,Almatti,1349.326,86.874
2021-12-05,Almatti,815.44,89.346
2021-12-06,Almatti,336.291,91.818
2021-12-07,Almatti,389.385,94.29
2021-12-08,Almatti,234.322,96.762
2021-12-09,Almatti,310.183,99.234
2021-12-10,Almatti,144.246,101.706
2021-12-11,Almatti,258.731,104.178
2021-12-12,Almatti,155.091,106.65
2021-12-13,Almatti,262.724,106.403
2021-12-14,Almatti,125.076,106.156
2021-12-15,Almatti,103.215,105.909
2021-12-16,Almatti,100.525,105.661
2021-12-17,Almatti,99.732,105.414
2021-12-18,Almatti,103.47,105.167
2021-12-19,Almatti,105.565,104.92
2021-12-20,Almatti,15.942,104.673
2021-12-21,Almatti,48.224,104.425
2021-12-22,Almatti,24.126,104.178
2021-12-23,Almatti,16.424,103.931
2021-12-24,Almatti,16.424,103.684
2021-12-25,Almatti,16.424,103.437
2021-12-26,Almatti,16.424,103.189
2021-12-27,Almatti,16.424,102.942
2021-12-28,Almatti,16.424,102.695
2021-12-29,Almatti,16.424,102.448
2021-12-30,Almatti,0.0,102.201
2021-12-31,Almatti,16.424,101.953
2022-01-01,Almatti,0.0,101.706
2022-01-02,Almatti,0.0,90.759
2022-01-03,Almatti,0.0,79.811
2022-01-04,Almatti,0.0,68.864
2022-01-05,Almatti,0.0,57.916
2022-01-06,Almatti,0.0,46.969
2022-01-07,Almatti,0.0,36.021
2022-01-08,Almatti,0.0,47.966
2022-01-09,Almatti,0.0,59.911
2022-01-10,Almatti,0.0,71.857
2022-01-11,Almatti,0.0,83.802
2022-01-12,Almatti,0.0,95.747
2022-01-13,Almatti,0.0,107.692
2022-01-14,Almatti,0.0,107.321
2022-01-15,Almatti,0.0,106.95
2022-01-16,Almatti,16.424,106.58
2022-01-17,Almatti,16.424,106.209
2022-01-18,Almatti,0.0,105.838
2022-01-19,Almatti,16.056,105.467
2022-01-20,Almatti,16.056,105.096
2022-01-21,Almatti,0.0,104.726
2022-01-22,Almatti,16.056,104.355
2022-01-23,Almatti,16.056,103.984
2022-01-24,Almatti,0.0,103.613
2022-01-25,Almatti,0.0,103.242
2022-01-26,Almatti,0.0,102.872
2022-01-27,Almatti,0.0,102.501
2022-01-28,Almatti,0.0,102.13
2022-01-29,Almatti,0.0,101.759
2022-01-30,Almatti,0.0,101.388
2022-01-31,Almatti,0.0,101.018
2022-02-01,Almatti,0.0,100.647
2022-02-02,Almatti,0.0,89.935
2022-02-03,Almatti,0.0,79.223
2022-02-04,Almatti,0.0,68.51
2022-02-05,Almatti,0.0,57.798
2022-02-06,Almatti,0.0,47.086
2022-02-07,Almatti,0.0,36.374
2022-02-08,Almatti,0.0,48.184
2022-02-09,Almatti,0.0,59.993
2022-02-10,Almatti,0.0,71.803
2022-02-11,Almatti,0.0,83.613
2022-02-12,Almatti,0.0,95.422
2022-02-13,Almatti,0.0,107.232
2022-02-14,Almatti,0.0,106.754
2022-02-15,Almatti,0.0,106.276
2022-02-16,Almatti,0.0,105.799
2022-02-17,Almatti,0.0,105.321
2022-02-18,Almatti,0.0,104.843
2022-02-19,Almatti,0.0,104.365
2022-02-20,Almatti,0.0,103.887
2022-02-21,Almatti,0.0,103.41
2022-02-22,Almatti,0.0,102.932
2022-02-23,Almatti,0.0,102.454
2022-02-24,Almatti,0.0,101.976
2022-02-25,Almatti,0.0,101.499
2022-02-26,Almatti,0.0,101.021
2022-02-27,Almatti,0.0,100.543
2022-02-28,Almatti,0.0,100.065
2022-03-01,Almatti,0.0,99.587
2022-03-02,Almatti,0.0,89.111
2022-03-03,Almatti,0.0,78.634
2022-03-04,Almatti,0.0,68.157
2022-03-05,Almatti,0.0,57.681
2022-03-06,Almatti,0.0,47.204
2022-03-07,Almatti,0.0,36.727
2022-03-08,Almatti,0.0,48.372
2022-03-09,Almatti,0.0,60.017
2022-03-10,Almatti,0.0,71.662
2022-03-11,Almatti,0.0,83.307
2022-03-12,Almatti,0.0,94.952
2022-03-13,Almatti,0.0,106.597
2022-03-14,Almatti,0.0,106.191
2022-03-15,Almatti,0.0,105.785
2022-03-16,Almatti,0.0,105.379
2022-03-17,Almatti,0.0,104.973
2022-03-18,Almatti,0.0,104.567
2022-03-19,Almatti,0.0,104.161
2022-03-20,Almatti,0.0,103.754
2022-03-21,Almatti,0.0,103.348
2022-03-22,Almatti,0.0,102.942
2022-03-23,Almatti,0.0,102.536
2022-03-24,Almatti,0.0,102.13
2022-03-25,Almatti,0.0,101.724
2022-03-26,Almatti,0.0,101.318
2022-03-27,Almatti,0.0,100.912
2022-03-28,Almatti,0.0,100.506
2022-03-29,Almatti,0.0,100.099
2022-03-30,Almatti,0.0,99.693
2022-03-31,Almatti,0.0,99.287
2022-04-01,Almatti,0.0,98.881
2022-04-02,Almatti,0.0,88.522
2022-04-03,Almatti,0.0,78.163
2022-04-04,Almatti,0.0,67.804
2022-04-05,Almatti,0.0,57.445
2022-04-06,Almatti,0.0,47.086
2022-04-07,Almatti,0.0,36.727
2022-04-08,Almatti,0.0,48.251
2022-04-09,Almatti,0.0,59.775
2022-04-10,Almatti,0.0,71.298
2022-04-11,Almatti,0.0,82.822
2022-04-12,Almatti,0.0,94.346
2022-04-13,Almatti,0.0,105.87
2022-04-14,Almatti,0.0,105.442
2022-04-15,Almatti,0.0,105.015
2022-04-16,Almatti,0.0,104.587
2022-04-17,Almatti,0.0,104.16
2022-04-18,Almatti,0.0,103.732
2022-04-19,Almatti,0.0,103.305
2022-04-20,Almatti,0.0,102.877
2022-04-21,Almatti,0.0,102.45
2022-04-22,Almatti,0.0,102.022
2022-04-23,Almatti,0.0,101.595
2022-04-24,Almatti,0.0,101.167
2022-04-25,Almatti,0.0,100.74
2022-04-26,Almatti,0.0,100.312
2022-04-27,Almatti,0.0,99.885
2022-04-28,Almatti,0.0,99.457
2022-04-29,Almatti,0.0,99.03
2022-04-30,Almatti,0.0,98.602
2022-05-01,Almatti,0.0,98.175
2022-05-02,Almatti,0.0,88.11
2022-05-03,Almatti,0.0,78.045
2022-05-04,Almatti,0.0,67.981
2022-05-05,Almatti,0.0,57.916
2022-05-06,Almatti,0.0,47.851
2022-05-07,Almatti,0.0,37.787
2022-05-08,Almatti,0.0,49.017
2022-05-09,Almatti,0.0,60.247
2022-05-10,Almatti,0.0,71.477
2022-05-11,Almatti,0.0,82.707
2022-05-12,Almatti,0.0,93.937
2022-05-13,Almatti,0.0,105.167
2022-05-14,Almatti,0.0,104.743
2022-05-15,Almatti,0.0,104.32
2022-05-16,Almatti,0.0,103.896
2022-05-17,Almatti,0.0,103.472
2022-05-18,Almatti,0.0,103.048
2022-05-19,Almatti,0.0,102.624
2022-05-20,Almatti,0.0,102.201
2022-05-21,Almatti,53.717,101.777
2022-05-22,Almatti,795.052,101.353
2022-05-23,Almatti,1216.86,100.929
2022-05-24,Almatti,682.323,100.506
2022-05-25,Almatti,229.366,100.082
2022-05-26,Almatti,253.294,99.658
2022-05-27,Almatti,278.864,99.234
2022-05-28,Almatti,126.463,98.81
2022-05-29,Almatti,303.443,98.387
2022-05-30,Almatti,196.915,97.963
2022-05-31,Almatti,17.67,97.539
2022-06-01,Almatti,84.837,97.115
2022-06-02,Almatti,17.67,87.816
2022-06-03,Almatti,17.67,78.516
2022-06-04,Almatti,107.462,69.217
2022-06-05,Almatti,62.552,59.917
2022-06-06,Almatti,57.625,50.618
2022-06-07,Almatti,102.195,41.318
2022-06-08,Almatti,102.847,51.894
2022-06-09,Almatti,58.927,62.47
2022-06-10,Almatti,105.14,73.046
2022-06-11,Almatti,81.892,83.621
2022-06-12,Almatti,58.927,94.197
2022-06-13,Almatti,35.679,104.773
2022-06-14,Almatti,12.743,104.308
2022-06-15,Almatti,12.743,103.844
2022-06-16,Almatti,12.743,103.379
2022-06-17,Almatti,12.743,102.914
2022-06-18,Almatti,0.0,102.45
2022-06-19,Almatti,0.0,101.985
2022-06-20,Almatti,0.0,101.52
2022-06-21,Almatti,0.0,101.056
2022-06-22,Almatti,0.0,100.591
2022-06-23,Almatti,0.0,100.126
2022-06-24,Almatti,0.0,99.662
2022-06-25,Almatti,0.0,99.197
2022-06-26,Almatti,0.0,98.732
2022-06-27,Almatti,0.0,98.268
2022-06-28,Almatti,0.0,97.803
2022-06-29,Almatti,0.0,97.338
2022-06-30,Almatti,0.0,96.874
2022-07-01,Almatti,22.937,96.409
2022-07-02,Almatti,104.517,84.261
2022-07-03,Almatti,128.134,72.113
2022-07-04,Almatti,58.956,59.964
2022-07-05,Almatti,359.171,47.816
2022-07-06,Almatti,1213.603,35.668
2022-07-07,Almatti,1219.493,45.203
2022-07-08,Almatti,2129.625,57.21
2022-07-09,Almatti,2219.758,69.217
2022-07-10,Almatti,2127.983,81.224
2022-07-11,Almatti,2319.433,93.231
2022-07-12,Almatti,2969.078,105.238
2022-07-13,Almatti,2953.589,104.743
2022-07-14,Almatti,3178.396,104.249
2022-07-15,Almatti,3427.16,103.754
2022-07-16,Almatti,3677.566,103.26
2022-07-17,Almatti,3783.442,102.766
2022-07-18,Almatti,3761.468,102.271
2022-07-19,Almatti,3864.372,101.777
2022-07-20,Almatti,3651.656,101.282
2022-07-21,Almatti,3044.684,100.788
2022-07-22,Almatti,2363.324,100.294
2022-07-23,Almatti,1385.005,99.799
2022-07-24,Almatti,730.631,99.305
2022-07-25,Almatti,1001.001,98.81
2022-07-26,Almatti,907.3,98.316
2022-07-27,Almatti,824.643,97.822
2022-07-28,Almatti,768.916,97.327
2022-07-29,Almatti,768.916,96.833
2022-07-30,Almatti,768.916,96.338
2022-07-31,Almatti,620.79,95.844
2022-08-01,Almatti,773.843,95.35
2022-08-02,Almatti,778.742,83.484
2022-08-03,Almatti,830.193,71.618
2022-08-04,Almatti,419.882,59.752
2022-08-05,Almatti,709.79,47.887
2022-08-06,Almatti,853.413,36.021
2022-08-07,Almatti,754.502,47.557
2022-08-08,Almatti,1048.884,59.093
2022-08-09,Almatti,2250.963,70.629
2022-08-10,Almatti,2893.585,82.165
2022-08-11,Almatti,3718.851,93.702
2022-08-12,Almatti,4390.442,105.238
2022-08-13,Almatti,5275.315,104.69
2022-08-14,Almatti,5449.662,104.143
2022-08-15,Almatti,6047.119,103.596
2022-08-16,Almatti,6071.67,103.048
2022-08-17,Almatti,5774.739,102.501
2022-08-18,Almatti,5401.467,101.953
2022-08-19,Almatti,4391.008,101.406
2022-08-20,Almatti,3289.511,100.859
2022-08-21,Almatti,2574.398,100.311
2022-08-22,Almatti,1890.376,99.764
2022-08-23,Almatti,2089.33,99.217
2022-08-24,Almatti,1723.562,98.669
2022-08-25,Almatti,1574.785,98.122
2022-08-26,Almatti,1273.918,97.574
2022-08-27,Almatti,1216.237,97.027
2022-08-28,Almatti,1132.985,96.48
2022-08-29,Almatti,778.373,95.932
2022-08-30,Almatti,637.129,95.385
2022-08-31,Almatti,707.921,94.838
2022-09-01,Almatti,466.039,94.29
2022-09-02,Almatti,720.692,82.636
2022-09-03,Almatti,720.692,70.982
2022-09-04,Almatti,879.946,59.329
2022-09-05,Almatti,850.44,47.675
2022-09-06,Almatti,437.524,36.021
2022-09-07,Almatti,975.544,47.557
2022-09-08,Almatti,1110.049,59.093
2022-09-09,Almatti,756.088,70.629
2022-09-10,Almatti,838.66,82.165
2022-09-11,Almatti,1266.386,93.702
2022-09-12,Almatti,1486.38,105.238
2022-09-13,Almatti,2670.392,104.606
2022-09-14,Almatti,3372.112,103.974
2022-09-15,Almatti,3706.42,103.342
2022-09-16,Almatti,3595.956,102.71
2022-09-17,Almatti,4077.626,102.078
2022-09-18,Almatti,3687.731,101.446
2022-09-19,Almatti,3632.343,100.814
2022-09-20,Almatti,3057.795,100.182
2022-09-21,Almatti,2052.065,99.55
2022-09-22,Almatti,1256.192,98.918
2022-09-23,Almatti,720.692,98.286
2022-09-24,Almatti,268.359,97.654
2022-09-25,Almatti,216.227,97.022
2022-09-26,Almatti,258.703,96.39
2022-09-27,Almatti,258.703,95.759
2022-09-28,Almatti,258.703,95.127
2022-09-29,Almatti,298.545,94.495
2022-09-30,Almatti,397.653,93.863
2022-10-01,Almatti,468.446,93.231
2022-10-02,Almatti,437.524,81.859
2022-10-03,Almatti,579.108,70.488
2022-10-04,Almatti,579.108,59.117
2022-10-05,Almatti,366.731,47.745
2022-10-06,Almatti,395.048,36.374
2022-10-07,Almatti,395.048,47.793
2022-10-08,Almatti,756.088,59.211
2022-10-09,Almatti,1003.861,70.629
2022-10-10,Almatti,1003.861,82.048
2022-10-11,Almatti,1117.128,93.466
2022-10-12,Almatti,579.108,104.885
2022-10-13,Almatti,1483.463,104.249
2022-10-14,Almatti,2716.01,103.613
2022-10-15,Almatti,2247.961,102.978
2022-10-16,Almatti,2475.657,102.342
2022-10-17,Almatti,2334.752,101.706
2022-10-18,Almatti,2122.376,101.071
2022-10-19,Almatti,1381.352,100.435
2022-10-20,Almatti,910.896,99.799
2022-10-21,Almatti,1734.633,99.164
2022-10-22,Almatti,1331.855,98.528
2022-10-23,Almatti,1598.939,97.892
2022-10-24,Almatti,2667.73,97.257
2022-10-25,Almatti,1883.863,96.621
2022-10-26,Almatti,775.089,95.985
2022-10-27,Almatti,437.524,95.35
2022-10-28,Almatti,352.573,94.714
2022-10-29,Almatti,352.573,94.078
2022-10-30,Almatti,451.682,93.443
2022-10-31,Almatti,2475.657,92.807
2022-11-01,Almatti,380.89,92.171
2022-11-02,Almatti,380.89,81.082
2022-11-03,Almatti,286.255,69.994
2022-11-04,Almatti,158.829,58.905
2022-11-05,Almatti,156.677,47.816
2022-11-06,Almatti,156.677,36.727
2022-11-07,Almatti,41.796,48.087
2022-11-08,Almatti,41.796,59.446
2022-11-09,Almatti,45.562,70.806
2022-11-10,Almatti,41.796,82.165
2022-11-11,Almatti,41.796,93.525
2022-11-12,Almatti,0.0,104.885
2022-11-13,Almatti,0.0,104.16
2022-11-14,Almatti,0.0,103.435
2022-11-15,Almatti,0.0,102.71
2022-11-16,Almatti,0.0,101.985
2022-11-17,Almatti,0.0,101.26
2022-11-18,Almatti,0.0,100.535
2022-11-19,Almatti,0.0,99.81
2022-11-20,Almatti,0.0,99.086
2022-11-21,Almatti,0.0,98.361
2022-11-22,Almatti,0.0,97.636
2022-11-23,Almatti,0.0,96.911
2022-11-24,Almatti,0.0,96.186
2022-11-25,Almatti,0.0,95.461
2022-11-26,Almatti,0.0,94.736
2022-11-27,Almatti,0.0,94.011
2022-11-28,Almatti,0.0,93.286
2022-11-29,Almatti,0.0,92.562
2022-11-30,Almatti,0.0,91.837
2022-12-01,Almatti,0.0,91.112
2022-12-02,Almatti,0.0,80.235
2022-12-03,Almatti,0.0,69.358
2022-12-04,Almatti,0.0,58.481
2022-12-05,Almatti,0.0,47.604
2022-12-06,Almatti,0.0,36.727
2022-12-07,Almatti,0.0,48.028
2022-12-08,Almatti,0.0,59.329
2022-12-09,Almatti,0.0,70.629
2022-12-10,Almatti,0.0,81.93
2022-12-11,Almatti,0.0,93.231
2022-12-12,Almatti,0.0,104.531
2022-12-13,Almatti,0.0,103.401
2022-12-14,Almatti,0.0,102.271
2022-12-15,Almatti,0.0,101.141
2022-12-16,Almatti,0.0,100.011
2022-12-17,Almatti,0.0,98.881
2022-12-18,Almatti,0.0,97.751
2022-12-19,Almatti,0.0,96.621
2022-12-20,Almatti,0.0,95.491
2022-12-21,Almatti,0.0,94.361
2022-12-22,Almatti,0.0,93.231
2022-12-23,Almatti,0.0,92.101
2022-12-24,Almatti,0.0,90.971
2022-12-25,Almatti,0.0,89.841
2022-12-26,Almatti,0.0,88.71
2022-12-27,Almatti,0.0,87.58
2022-12-28,Almatti,0.0,86.45
2022-12-29,Almatti,0.0,85.32
2022-12-30,Almatti,0.0,84.19
2022-12-31,Almatti,0.0,83.06
2023-01-01,Almatti,0.0,81.93
2023-01-02,Almatti,0.0,72.226
2023-01-03,Almatti,0.0,62.523
2023-01-04,Almatti,0.0,52.819
2023-01-05,Almatti,0.0,43.116
2023-01-06,Almatti,0.0,33.412
2023-01-07,Almatti,0.0,23.709
2023-01-08,Almatti,0.0,14.005
2023-01-09,Almatti,0.0,20.947
2023-01-10,Almatti,0.0,27.89
2023-01-11,Almatti,0.0,34.832
2023-01-12,Almatti,0.0,41.774
2023-01-13,Almatti,0.0,48.717
2023-01-14,Almatti,0.0,50.465
2023-01-15,Almatti,0.0,52.213
2023-01-16,Almatti,0.0,53.961
2023-01-17,Almatti,0.0,55.709
2023-01-18,Almatti,0.0,57.457
2023-01-19,Almatti,0.0,59.205
2023-01-20,Almatti,0.0,60.953
2023-01-21,Almatti,0.0,62.701
2023-01-22,Almatti,0.0,64.449
2023-01-23,Almatti,0.0,66.197
2023-01-24,Almatti,0.0,67.945
2023-01-25,Almatti,0.0,69.693
2023-01-26,Almatti,0.0,71.442
2023-01-27,Almatti,0.0,73.19
2023-01-28,Almatti,0.0,74.938
2023-01-29,Almatti,0.0,76.686
2023-01-30,Almatti,0.0,78.434
2023-01-31,Almatti,0.0,80.182
2023-02-01,Almatti,0.0,81.93
2023-02-02,Almatti,0.0,72.114
2023-02-03,Almatti,0.0,62.298
2023-02-04,Almatti,0.0,52.482
2023-02-05,Almatti,0.0,42.666
2023-02-06,Almatti,0.0,32.85
2023-02-07,Almatti,0.0,23.034
2023-02-08,Almatti,0.0,13.218
2023-02-09,Almatti,0.0,19.373
2023-02-10,Almatti,0.0,25.527
2023-02-11,Almatti,0.0,31.682
2023-02-12,Almatti,0.0,37.837
2023-02-13,Almatti,0.0,43.992
2023-02-14,Almatti,0.0,50.147
2023-02-15,Almatti,0.0,52.266
2023-02-16,Almatti,0.0,54.385
2023-02-17,Almatti,0.0,56.503
2023-02-18,Almatti,0.0,58.622
2023-02-19,Almatti,0.0,60.741
2023-02-20,Almatti,0.0,62.86
2023-02-21,Almatti,0.0,64.979
2023-02-22,Almatti,0.0,67.098
2023-02-23,Almatti,0.0,69.217
2023-02-24,Almatti,0.0,71.336
2023-02-25,Almatti,0.0,73.455
2023-02-26,Almatti,0.0,75.573
2023-02-27,Almatti,0.0,77.692
2023-02-28,Almatti,0.0,79.811
2023-03-01,Almatti,0.0,81.93
2023-03-02,Almatti,0.0,72.082
2023-03-03,Almatti,0.0,62.233
2023-03-04,Almatti,0.0,52.385
2023-03-05,Almatti,0.0,42.536
2023-03-06,Almatti,0.0,32.688
2023-03-07,Almatti,0.0,22.839
2023-03-08,Almatti,0.0,12.991
2023-03-09,Almatti,0.0,18.919
2023-03-10,Almatti,0.0,24.846
2023-03-11,Almatti,0.0,30.774
2023-03-12,Almatti,0.0,36.702
2023-03-13,Almatti,0.0,42.63
2023-03-14,Almatti,0.0,48.558
2023-03-15,Almatti,0.0,50.412
2023-03-16,Almatti,0.0,52.266
2023-03-17,Almatti,0.0,54.12
2023-03-18,Almatti,0.0,55.974
2023-03-19,Almatti,0.0,57.828
2023-03-20,Almatti,0.0,59.682
2023-03-21,Almatti,0.0,61.536
2023-03-22,Almatti,0.0,63.39
2023-03-23,Almatti,0.0,65.244
2023-03-24,Almatti,0.0,67.098
2023-03-25,Almatti,0.0,68.952
2023-03-26,Almatti,0.0,70.806
2023-03-27,Almatti,0.0,72.66
2023-03-28,Almatti,0.0,74.514
2023-03-29,Almatti,0.0,76.368
2023-03-30,Almatti,0.0,78.222
2023-03-31,Almatti,0.0,80.076
2023-04-01,Almatti,0.0,81.93
2023-04-02,Almatti,0.0,82.034
2023-04-03,Almatti,0.0,82.137
2023-04-04,Almatti,0.0,82.241
2023-04-05,Almatti,0.0,82.345
2023-04-06,Almatti,0.0,82.448
2023-04-07,Almatti,0.0,82.552
2023-04-08,Almatti,0.0,82.655
2023-04-09,Almatti,0.0,82.759
2023-04-10,Almatti,0.0,82.863
2023-04-11,Almatti,0.0,82.966
2023-04-12,Almatti,0.0,71.289
2023-04-13,Almatti,0.0,59.612
2023-04-14,Almatti,0.0,47.935
2023-04-15,Almatti,0.0,49.831
2023-04-16,Almatti,0.0,51.727
2023-04-17,Almatti,0.0,53.623
2023-04-18,Almatti,0.0,55.518
2023-04-19,Almatti,0.0,57.414
2023-04-20,Almatti,0.0,59.31
2023-04-21,Almatti,0.0,61.206
2023-04-22,Almatti,0.0,63.102
2023-04-23,Almatti,0.0,64.998
2023-04-24,Almatti,0.0,66.893
2023-04-25,Almatti,0.0,68.789
2023-04-26,Almatti,0.0,70.685
2023-04-27,Almatti,0.0,72.581
2023-04-28,Almatti,0.0,74.477
2023-04-29,Almatti,0.0,76.373
2023-04-30,Almatti,0.0,78.268
2023-05-01,Almatti,0.0,80.164
2023-05-02,Almatti,0.0,79.322
2023-05-03,Almatti,0.0,78.479
2023-05-04,Almatti,0.0,77.636
2023-05-05,Almatti,0.0,76.793
2023-05-06,Almatti,0.0,75.951
2023-05-07,Almatti,0.0,75.108
2023-05-08,Almatti,0.0,74.265
2023-05-09,Almatti,0.0,73.422
2023-05-10,Almatti,0.0,72.58
2023-05-11,Almatti,0.0,71.737
2023-05-12,Almatti,0.0,70.894
2023-05-13,Almatti,0.0,58.843
2023-05-14,Almatti,0.0,46.792
2023-05-15,Almatti,0.0,48.646
2023-05-16,Almatti,0.0,50.5
2023-05-17,Almatti,0.0,52.354
2023-05-18,Almatti,0.0,54.208
2023-05-19,Almatti,0.0,56.062
2023-05-20,Almatti,0.0,57.916
2023-05-21,Almatti,0.0,59.77
2023-05-22,Almatti,0.0,61.624
2023-05-23,Almatti,0.0,63.478
2023-05-24,Almatti,0.0,65.332
2023-05-25,Almatti,0.0,67.186
2023-05-26,Almatti,0.0,69.04
2023-05-27,Almatti,0.0,70.894
2023-05-28,Almatti,0.0,72.748
2023-05-29,Almatti,0.0,74.602
2023-05-30,Almatti,0.0,76.456
2023-05-31,Almatti,0.0,78.31
2023-06-01,Almatti,0.0,80.164
2023-06-02,Almatti,0.0,70.466
2023-06-03,Almatti,0.0,60.768
2023-06-04,Almatti,0.0,51.07
2023-06-05,Almatti,0.0,41.371
2023-06-06,Almatti,0.0,31.673
2023-06-07,Almatti,0.0,21.975
2023-06-08,Almatti,0.0,12.276
2023-06-09,Almatti,0.0,17.49
2023-06-10,Almatti,0.0,22.704
2023-06-11,Almatti,0.0,27.917
2023-06-12,Almatti,0.0,33.131
2023-06-13,Almatti,0.0,38.344
2023-06-14,Almatti,0.0,43.558
2023-06-15,Almatti,0.0,48.771
2023-06-16,Almatti,0.0,50.667
2023-06-17,Almatti,0.0,52.563
2023-06-18,Almatti,0.0,54.459
2023-06-19,Almatti,0.0,56.355
2023-06-20,Almatti,0.0,58.251
2023-06-21,Almatti,0.0,60.146
2023-06-22,Almatti,0.0,62.042
2023-06-23,Almatti,0.0,63.938
2023-06-24,Almatti,0.0,65.834
2023-06-25,Almatti,0.0,67.73
2023-06-26,Almatti,0.0,69.626
2023-06-27,Almatti,0.0,71.521
2023-06-28,Almatti,0.0,73.417
2023-06-29,Almatti,0.0,75.313
2023-06-30,Almatti,0.0,77.209
2023-07-01,Almatti,0.0,79.105
2023-07-02,Almatti,0.0,67.098
2023-07-03,Almatti,0.0,55.091
2023-07-04,Almatti,0.0,43.084
2023-07-05,Almatti,0.0,31.077
2023-07-06,Almatti,0.0,19.07
2023-07-07,Almatti,0.0,7.063
2023-07-08,Almatti,0.0,7.643
2023-07-09,Almatti,0.0,8.224
2023-07-10,Almatti,0.0,8.804
2023-07-11,Almatti,0.0,9.385
2023-07-12,Almatti,542.891,9.965
2023-07-13,Almatti,567.13,10.546
2023-07-14,Almatti,282.97,11.126
2023-07-15,Almatti,235.794,11.707
2023-07-16,Almatti,242.024,15.609
2023-07-17,Almatti,344.928,19.511
2023-07-18,Almatti,517.349,23.414
2023-07-19,Almatti,613.683,27.316
2023-07-20,Almatti,910.273,31.218
2023-07-21,Almatti,2004.266,35.12
2023-07-22,Almatti,2377.058,39.023
2023-07-23,Almatti,3051.678,42.925
2023-07-24,Almatti,3240.722,46.827
2023-07-25,Almatti,3292.202,50.73
2023-07-26,Almatti,3921.119,54.632
2023-07-27,Almatti,4580.165,58.534
2023-07-28,Almatti,4466.388,62.436
2023-07-29,Almatti,3991.203,66.339
2023-07-30,Almatti,3867.317,70.241
2023-07-31,Almatti,3879.012,74.143
2023-08-01,Almatti,3629.03,78.045
2023-08-02,Almatti,3001.869,66.215
2023-08-03,Almatti,2719.946,54.385
2023-08-04,Almatti,2487.38,42.554
2023-08-05,Almatti,2428.198,30.724
2023-08-06,Almatti,2149.617,18.893
2023-08-07,Almatti,1890.15,7.063
2023-08-08,Almatti,1656.082,12.126
2023-08-09,Almatti,1365.212,17.189
2023-08-10,Almatti,822.944,22.253
2023-08-11,Almatti,474.817,27.316
2023-08-12,Almatti,360.502,32.379
2023-08-13,Almatti,387.743,37.442
2023-08-14,Almatti,118.393,42.506
2023-08-15,Almatti,135.723,47.569
2023-08-16,Almatti,141.896,49.299
2023-08-17,Almatti,60.966,51.03
2023-08-18,Almatti,25.513,52.76
2023-08-19,Almatti,25.513,54.491
2023-08-20,Almatti,25.513,56.221
2023-08-21,Almatti,25.513,57.951
2023-08-22,Almatti,25.513,59.682
2023-08-23,Almatti,0.0,61.412
2023-08-24,Almatti,0.0,63.143
2023-08-25,Almatti,0.0,64.873
2023-08-26,Almatti,0.0,66.603
2023-08-27,Almatti,0.0,68.334
2023-08-28,Almatti,0.0,70.064
2023-08-29,Almatti,0.0,71.795
2023-08-30,Almatti,0.0,73.525
2023-08-31,Almatti,0.0,75.256
2023-09-01,Almatti,163.303,76.986
2023-09-02,Almatti,105.622,65.273
2023-09-03,Almatti,162.114,53.561
2023-09-04,Almatti,144.019,41.848
2023-09-05,Almatti,152.231,30.135
2023-09-06,Almatti,22.2,18.422
2023-09-07,Almatti,10.137,6.71
2023-09-08,Almatti,6.853,11.83
2023-09-09,Almatti,0.0,16.951
2023-09-10,Almatti,0.0,22.072
2023-09-11,Almatti,0.0,27.192
2023-09-12,Almatti,0.0,32.313
2023-09-13,Almatti,370.752,37.434
2023-09-14,Almatti,171.402,42.554
2023-09-15,Almatti,117.968,47.675
2023-09-16,Almatti,11.468,49.441
2023-09-17,Almatti,11.468,51.206
2023-09-18,Almatti,11.468,52.972
2023-09-19,Almatti,11.468,54.738
2023-09-20,Almatti,11.468,56.503
2023-09-21,Almatti,64.874,58.269
2023-09-22,Almatti,40.295,60.035
2023-09-23,Almatti,212.829,61.801
2023-09-24,Almatti,120.715,63.566
2023-09-25,Almatti,133.571,65.332
2023-09-26,Almatti,50.715,67.098
2023-09-27,Almatti,58.871,68.864
2023-09-28,Almatti,63.911,70.629
2023-09-29,Almatti,524.796,72.395
2023-09-30,Almatti,425.631,74.161
2023-10-01,Almatti,335.64,75.927
2023-10-02,Almatti,422.686,64.39
2023-10-03,Almatti,580.58,52.854
2023-10-04,Almatti,1106.169,41.318
2023-10-05,Almatti,486.767,29.782
2023-10-06,Almatti,307.578,18.246
2023-10-07,Almatti,307.125,6.71
2023-10-08,Almatti,336.999,11.74
2023-10-09,Almatti,123.631,16.77
2023-10-10,Almatti,17.132,21.8
2023-10-11,Almatti,67.139,26.83
2023-10-12,Almatti,13.734,31.86
2023-10-13,Almatti,13.734,36.891
2023-10-14,Almatti,0.0,41.921
2023-10-15,Almatti,0.0,46.951
2023-10-16,Almatti,0.0,48.593
2023-10-17,Almatti,0.0,50.235
2023-10-18,Almatti,0.0,51.877
2023-10-19,Almatti,0.0,53.519
2023-10-20,Almatti,0.0,55.162
2023-10-21,Almatti,0.0,56.804
2023-10-22,Almatti,0.0,58.446
2023-10-23,Almatti,0.0,60.088
2023-10-24,Almatti,0.0,61.73
2023-10-25,Almatti,0.0,63.372
2023-10-26,Almatti,0.0,65.014
2023-10-27,Almatti,0.0,66.656
2023-10-28,Almatti,0.0,68.299
2023-10-29,Almatti,0.0,69.941
2023-10-30,Almatti,0.0,71.583
2023-10-31,Almatti,0.0,73.225
2023-11-01,Almatti,0.0,74.867
2023-11-02,Almatti,0.0,63.508
2023-11-03,Almatti,0.0,52.148
2023-11-04,Almatti,0.0,40.788
2023-11-05,Almatti,0.0,29.429
2023-11-06,Almatti,0.0,18.069
2023-11-07,Almatti,0.0,6.71
2023-11-08,Almatti,0.0,15.812
2023-11-09,Almatti,0.0,24.914
2023-11-10,Almatti,0.0,34.015
2023-11-11,Almatti,0.0,43.117
2023-11-12,Almatti,0.0,52.219
2023-11-13,Almatti,0.0,43.697
2023-11-14,Almatti,0.0,45.37
2023-11-15,Almatti,0.0,47.043
2023-11-16,Almatti,0.0,48.716
2023-11-17,Almatti,0.0,50.388
2023-11-18,Almatti,0.0,52.061
2023-11-19,Almatti,0.0,53.734
2023-11-20,Almatti,0.0,55.407
2023-11-21,Almatti,0.0,57.08
2023-11-22,Almatti,0.0,58.752
2023-11-23,Almatti,0.0,60.425
2023-11-24,Almatti,0.0,62.098
2023-11-25,Almatti,0.0,63.771
2023-11-26,Almatti,0.0,65.444
2023-11-27,Almatti,0.0,67.116
2023-11-28,Almatti,0.0,68.789
2023-11-29,Almatti,0.0,70.462
2023-11-30,Almatti,0.0,72.135
2023-12-01,Almatti,0.0,73.808
2023-12-02,Almatti,0.0,62.919
2023-12-03,Almatti,0.0,52.03
2023-12-04,Almatti,0.0,41.142
2023-12-05,Almatti,0.0,30.253
2023-12-06,Almatti,0.0,19.364
2023-12-07,Almatti,0.0,8.476
2023-12-08,Almatti,0.0,16.898
2023-12-09,Almatti,0.0,25.321
2023-12-10,Almatti,0.0,33.743
2023-12-11,Almatti,0.0,42.166
2023-12-12,Almatti,0.0,50.588
2023-12-13,Almatti,0.0,41.495
2023-12-14,Almatti,0.0,41.318
2023-12-15,Almatti,0.0,41.142
2023-12-16,Almatti,0.0,40.965
2023-12-17,Almatti,0.0,40.788
2023-12-18,Almatti,0.0,40.612
2023-12-19,Almatti,0.0,40.435
2023-12-20,Almatti,0.0,40.259
2023-12-21,Almatti,0.0,40.082
2023-12-22,Almatti,0.0,39.906
2023-12-23,Almatti,0.0,39.729
2023-12-24,Almatti,0.0,39.552
2023-12-25,Almatti,0.0,39.376
2023-12-26,Almatti,0.0,39.199
2023-12-27,Almatti,0.0,39.023
2023-12-28,Almatti,0.0,38.846
2023-12-29,Almatti,0.0,38.67
2023-12-30,Almatti,0.0,38.493
2023-12-31,Almatti,0.0,38.316
2024-01-01,Almatti,0.0,38.14
2024-01-02,Almatti,0.0,34.608
2024-01-03,Almatti,0.0,31.077
2024-01-04,Almatti,0.0,21.189
2024-01-05,Almatti,0.0,13.773
2024-01-06,Almatti,0.0,14.675
2024-01-07,Almatti,0.0,15.578
2024-01-08,Almatti,0.0,16.48
2024-01-09,Almatti,0.0,17.383
2024-01-10,Almatti,0.0,18.285
2024-01-11,Almatti,0.0,19.188
2024-01-12,Almatti,0.0,20.09
2024-01-13,Almatti,0.0,20.993
2024-01-14,Almatti,0.0,21.895
2024-01-15,Almatti,0.0,22.798
2024-01-16,Almatti,0.0,23.7
2024-01-17,Almatti,0.0,24.603
2024-01-18,Almatti,0.0,25.505
2024-01-19,Almatti,0.0,26.408
2024-01-20,Almatti,0.0,27.31
2024-01-21,Almatti,0.0,28.212
2024-01-22,Almatti,0.0,29.115
2024-01-23,Almatti,0.0,30.017
2024-01-24,Almatti,0.0,30.92
2024-01-25,Almatti,0.0,31.822
2024-01-26,Almatti,0.0,32.725
2024-01-27,Almatti,0.0,33.627
2024-01-28,Almatti,0.0,34.53
2024-01-29,Almatti,0.0,35.432
2024-01-30,Almatti,0.0,36.335
2024-01-31,Almatti,0.0,37.237
2024-02-01,Almatti,0.0,38.14
2024-02-02,Almatti,0.0,34.255
2024-02-03,Almatti,0.0,31.077
2024-02-04,Almatti,0.0,21.189
2024-02-05,Almatti,0.0,13.42
2024-02-06,Almatti,0.0,14.408
2024-02-07,Almatti,0.0,15.397
2024-02-08,Almatti,0.0,16.386
2024-02-09,Almatti,0.0,17.375
2024-02-10,Almatti,0.0,18.364
2024-02-11,Almatti,0.0,19.352
2024-02-12,Almatti,0.0,20.341
2024-02-13,Almatti,0.0,21.33
2024-02-14,Almatti,0.0,22.319
2024-02-15,Almatti,0.0,23.308
2024-02-16,Almatti,0.0,24.296
2024-02-17,Almatti,0.0,25.285
2024-02-18,Almatti,0.0,26.274
2024-02-19,Almatti,0.0,27.263
2024-02-20,Almatti,0.0,28.252
2024-02-21,Almatti,0.0,29.241
2024-02-22,Almatti,0.0,30.229
2024-02-23,Almatti,0.0,31.218
2024-02-24,Almatti,0.0,32.207
2024-02-25,Almatti,0.0,33.196
2024-02-26,Almatti,0.0,34.185
2024-02-27,Almatti,0.0,35.173
2024-02-28,Almatti,0.0,36.162
2024-02-29,Almatti,0.0,37.151
2024-03-01,Almatti,0.0,38.14
2024-03-02,Almatti,0.0,34.255
2024-03-03,Almatti,0.0,30.724
2024-03-04,Almatti,0.0,20.836
2024-03-05,Almatti,0.0,13.42
2024-03-06,Almatti,0.0,14.322
2024-03-07,Almatti,0.0,15.225
2024-03-08,Almatti,0.0,16.127
2024-03-09,Almatti,0.0,17.03
2024-03-10,Almatti,0.0,17.932
2024-03-11,Almatti,0.0,18.834
2024-03-12,Almatti,0.0,19.737
2024-03-13,Almatti,0.0,20.639
2024-03-14,Almatti,0.0,21.542
2024-03-15,Almatti,0.0,22.444
2024-03-16,Almatti,0.0,23.347
2024-03-17,Almatti,0.0,24.249
2024-03-18,Almatti,0.0,25.152
2024-03-19,Almatti,8.495,26.054
2024-03-20,Almatti,8.495,26.957
2024-03-21,Almatti,5.663,27.859
2024-03-22,Almatti,19.454,28.762
2024-03-23,Almatti,0.0,29.664
2024-03-24,Almatti,0.0,30.567
2024-03-25,Almatti,0.0,31.469
2024-03-26,Almatti,0.0,32.372
2024-03-27,Almatti,0.0,33.274
2024-03-28,Almatti,0.0,34.177
2024-03-29,Almatti,0.0,35.079
2024-03-30,Almatti,0.0,35.982
2024-03-31,Almatti,0.0,36.884
2024-04-01,Almatti,0.0,37.787
2024-04-02,Almatti,0.0,34.255
2024-04-03,Almatti,0.0,30.724
2024-04-04,Almatti,0.0,19.776
2024-04-05,Almatti,0.0,13.066
2024-04-06,Almatti,0.0,14.017
2024-04-07,Almatti,0.0,14.968
2024-04-08,Almatti,0.0,15.919
2024-04-09,Almatti,0.0,16.87
2024-04-10,Almatti,0.0,17.82
2024-04-11,Almatti,0.0,18.771
2024-04-12,Almatti,0.0,19.722
2024-04-13,Almatti,0.0,20.673
2024-04-14,Almatti,0.0,21.623
2024-04-15,Almatti,0.0,22.574
2024-04-16,Almatti,0.0,23.525
2024-04-17,Almatti,0.0,24.476
2024-04-18,Almatti,0.0,25.427
2024-04-19,Almatti,0.0,26.377
2024-04-20,Almatti,0.0,27.328
2024-04-21,Almatti,0.0,28.279
2024-04-22,Almatti,0.0,29.23
2024-04-23,Almatti,0.0,30.18
2024-04-24,Almatti,0.0,31.131
2024-04-25,Almatti,0.0,32.082
2024-04-26,Almatti,0.0,33.033
2024-04-27,Almatti,0.0,33.984
2024-04-28,Almatti,0.0,34.934
2024-04-29,Almatti,0.0,35.885
2024-04-30,Almatti,0.0,36.836
2024-05-01,Almatti,0.0,37.787
2024-05-02,Almatti,0.0,33.902
2024-05-03,Almatti,0.0,30.371
2024-05-04,Almatti,0.0,18.364
2024-05-05,Almatti,0.0,13.066
2024-05-06,Almatti,0.0,13.982
2024-05-07,Almatti,0.0,14.898
2024-05-08,Almatti,0.0,15.813
2024-05-09,Almatti,0.0,16.729
2024-05-10,Almatti,0.0,17.644
2024-05-11,Almatti,0.0,18.56
2024-05-12,Almatti,0.0,19.475
2024-05-13,Almatti,0.0,20.391
2024-05-14,Almatti,0.0,21.307
2024-05-15,Almatti,0.0,22.222
2024-05-16,Almatti,0.0,23.138
2024-05-17,Almatti,0.0,24.053
2024-05-18,Almatti,0.0,24.969
2024-05-19,Almatti,0.0,25.884
2024-05-20,Almatti,0.0,26.8
2024-05-21,Almatti,0.0,27.715
2024-05-22,Almatti,0.0,28.631
2024-05-23,Almatti,0.0,29.547
2024-05-24,Almatti,0.0,30.462
2024-05-25,Almatti,0.0,31.378
2024-05-26,Almatti,0.0,32.293
2024-05-27,Almatti,0.0,33.209
2024-05-28,Almatti,0.0,34.124
2024-05-29,Almatti,0.0,35.04
2024-05-30,Almatti,0.0,35.956
2024-05-31,Almatti,0.0,36.871
2024-06-01,Almatti,0.0,37.787
2024-06-02,Almatti,0.0,33.902
2024-06-03,Almatti,0.0,30.371
2024-06-04,Almatti,0.0,21.719
2024-06-05,Almatti,0.0,13.066
2024-06-06,Almatti,0.0,14.017
2024-06-07,Almatti,50.064,14.968
2024-06-08,Almatti,73.001,15.919
2024-06-09,Almatti,190.119,16.87
2024-06-10,Almatti,109.841,17.82
2024-06-11,Almatti,601.761,18.771
2024-06-12,Almatti,212.093,19.722
2024-06-13,Almatti,131.787,20.673
2024-06-14,Almatti,258.306,21.623
2024-06-15,Almatti,377.605,22.574
2024-06-16,Almatti,215.038,23.525
2024-06-17,Almatti,127.851,24.476
2024-06-18,Almatti,328.107,25.427
2024-06-19,Almatti,149.824,26.377
2024-06-20,Almatti,58.05,27.328
2024-06-21,Almatti,122.272,28.279
2024-06-22,Almatti,106.216,29.23
2024-06-23,Almatti,169.165,30.18
2024-06-24,Almatti,383.155,31.131
2024-06-25,Almatti,376.274,32.082
2024-06-26,Almatti,215.35,33.033
2024-06-27,Almatti,181.596,33.984
2024-06-28,Almatti,187.826,34.934
2024-06-29,Almatti,223.562,35.885
2024-06-30,Almatti,298.941,36.836
2024-07-01,Almatti,565.714,37.787
2024-07-02,Almatti,701.153,33.902
2024-07-03,Almatti,775.457,29.664
2024-07-04,Almatti,979.31,21.189
2024-07-05,Almatti,1526.306,12.713
2024-07-06,Almatti,1757.712,13.642
2024-07-07,Almatti,1679.359,14.571
2024-07-08,Almatti,1716.086,15.499
2024-07-09,Almatti,2227.63,16.428
2024-07-10,Almatti,2396.879,17.357
2024-07-11,Almatti,1967.794,18.285
2024-07-12,Almatti,959.205,19.214
2024-07-13,Almatti,564.043,20.142
2024-07-14,Almatti,670.486,21.071
2024-07-15,Almatti,711.404,22.0
2024-07-16,Almatti,1746.668,22.928
2024-07-17,Almatti,2625.991,23.857
2024-07-18,Almatti,2046.912,24.786
2024-07-19,Almatti,1231.16,25.714
2024-07-20,Almatti,1854.187,26.643
2024-07-21,Almatti,2469.71,27.572
2024-07-22,Almatti,3267.934,28.5
2024-07-23,Almatti,3646.162,29.429
2024-07-24,Almatti,4525.372,30.358
2024-07-25,Almatti,4996.961,31.286
2024-07-26,Almatti,5779.412,32.215
2024-07-27,Almatti,6179.585,33.143
2024-07-28,Almatti,7215.954,34.072
2024-07-29,Almatti,7684.767,35.001
2024-07-30,Almatti,8567.913,35.929
2024-07-31,Almatti,9153.676,36.858
2024-08-01,Almatti,9666.918,37.787
2024-08-02,Almatti,9656.158,33.902
2024-08-03,Almatti,9059.012,28.958
2024-08-04,Almatti,8874.132,16.951
2024-08-05,Almatti,8597.221,12.713
2024-08-06,Almatti,8570.377,13.629
2024-08-07,Almatti,8369.894,14.544
2024-08-08,Almatti,7870.922,15.46
2024-08-09,Almatti,7062.561,16.376
2024-08-10,Almatti,4707.732,17.291
2024-08-11,Almatti,2269.878,18.207
2024-08-12,Almatti,1552.613,19.122
2024-08-13,Almatti,1050.244,20.038
2024-08-14,Almatti,937.939,20.953
2024-08-15,Almatti,791.144,21.869
2024-08-16,Almatti,641.518,22.784
2024-08-17,Almatti,635.204,23.7
2024-08-18,Almatti,494.639,24.616
2024-08-19,Almatti,565.431,25.531
2024-08-20,Almatti,905.233,26.447
2024-08-21,Almatti,990.183,27.362
2024-08-22,Almatti,905.771,28.278
2024-08-23,Almatti,1268.397,29.193
2024-08-24,Almatti,814.761,30.109
2024-08-25,Almatti,816.601,31.025
2024-08-26,Almatti,1874.887,31.94
2024-08-27,Almatti,2797.166,32.856
2024-08-28,Almatti,3797.516,33.771
2024-08-29,Almatti,4343.323,34.687
2024-08-30,Almatti,4722.117,35.602
2024-08-31,Almatti,5056.653,36.518
2024-09-01,Almatti,4891.424,37.434
2024-09-02,Almatti,3755.125,33.549
2024-09-03,Almatti,1837.99,27.899
2024-09-04,Almatti,1283.376,16.598
2024-09-05,Almatti,1155.95,12.713
2024-09-06,Almatti,1821.396,13.664
2024-09-07,Almatti,2052.971,14.615
2024-09-08,Almatti,2610.927,15.566
2024-09-09,Almatti,2654.534,16.516
2024-09-10,Almatti,2175.47,17.467
2024-09-11,Almatti,1974.109,18.418
2024-09-12,Almatti,1152.212,19.369
2024-09-13,Almatti,1120.356,20.32
2024-09-14,Almatti,925.678,21.27
2024-09-15,Almatti,905.743,22.221
2024-09-16,Almatti,757.985,23.172
2024-09-17,Almatti,551.81,24.123
2024-09-18,Almatti,525.674,25.073
2024-09-19,Almatti,493.959,26.024
2024-09-20,Almatti,479.801,26.975
2024-09-21,Almatti,459.129,27.926
2024-09-22,Almatti,457.147,28.877
2024-09-23,Almatti,376.189,29.827
2024-09-24,Almatti,424.809,30.778
2024-09-25,Almatti,497.81,31.729
2024-09-26,Almatti,1021.105,32.68
2024-09-27,Almatti,1559.579,33.63
2024-09-28,Almatti,1190.922,34.581
2024-09-29,Almatti,795.93,35.532
2024-09-30,Almatti,817.762,36.483
2024-10-01,Almatti,825.748,37.434
2024-10-02,Almatti,836.848,33.549
2024-10-03,Almatti,1340.321,27.192
2024-10-04,Almatti,753.511,16.598
2024-10-05,Almatti,760.845,12.36
2024-10-06,Almatti,594.937,13.276
2024-10-07,Almatti,566.62,14.191
2024-10-08,Almatti,530.091,15.107
2024-10-09,Almatti,597.74,16.022
2024-10-10,Almatti,729.414,16.938
2024-10-11,Almatti,536.208,17.854
2024-10-12,Almatti,505.059,18.769
2024-10-13,Almatti,1007.372,19.685
2024-10-14,Almatti,790.635,20.6
2024-10-15,Almatti,616.344,21.516
2024-10-16,Almatti,660.349,22.431
2024-10-17,Almatti,1074.228,23.347
2024-10-18,Almatti,1360.823,24.262
2024-10-19,Almatti,1772.097,25.178
2024-10-20,Almatti,1659.226,26.094
2024-10-21,Almatti,1574.218,27.009
2024-10-22,Almatti,1078.674,27.925
2024-10-23,Almatti,922.704,28.84
2024-10-24,Almatti,1158.697,29.756
2024-10-25,Almatti,1209.186,30.671
2024-10-26,Almatti,1023.937,31.587
2024-10-27,Almatti,690.931,32.503
2024-10-28,Almatti,605.358,33.418
2024-10-29,Almatti,634.609,34.334
2024-10-30,Almatti,580.807,35.249
2024-10-31,Almatti,537.397,36.165
2024-11-01,Almatti,523.239,37.08
2024-11-02,Almatti,495.403,33.549
2024-11-03,Almatti,462.357,26.133
2024-11-04,Almatti,253.266,18.893
2024-11-05,Almatti,194.055,11.654
2024-11-06,Almatti,184.881,12.632
2024-11-07,Almatti,109.615,13.61
2024-11-08,Almatti,82.997,14.588
2024-11-09,Almatti,47.516,15.566
2024-11-10,Almatti,0.0,16.544
2024-11-11,Almatti,0.0,17.522
2024-11-12,Almatti,0.0,18.499
2024-11-13,Almatti,0.0,19.477
2024-11-14,Almatti,0.0,20.455
2024-11-15,Almatti,0.0,21.433
2024-11-16,Almatti,0.0,22.411
2024-11-17,Almatti,0.0,23.389
2024-11-18,Almatti,0.0,24.367
2024-11-19,Almatti,0.0,25.345
2024-11-20,Almatti,0.0,26.323
2024-11-21,Almatti,0.0,27.301
2024-11-22,Almatti,0.0,28.279
2024-11-23,Almatti,0.0,29.257
2024-11-24,Almatti,0.0,30.235
2024-11-25,Almatti,0.0,31.213
2024-11-26,Almatti,0.0,32.191
2024-11-27,Almatti,0.0,33.169
2024-11-28,Almatti,0.0,34.147
2024-11-29,Almatti,0.0,35.125
2024-11-30,Almatti,0.0,36.102
2024-12-01,Almatti,0.0,37.08
2024-12-02,Almatti,0.0,33.549
2024-12-03,Almatti,0.0,25.427
2024-12-04,Almatti,0.0,16.245
2024-12-05,Almatti,0.0,10.948
2024-12-06,Almatti,0.0,11.676
2024-12-07,Almatti,0.0,12.404
2024-12-08,Almatti,0.0,13.133
2024-12-09,Almatti,0.0,13.861
2024-12-10,Almatti,0.0,14.589
2024-12-11,Almatti,0.0,15.318
2024-12-12,Almatti,0.0,16.046
2024-12-13,Almatti,0.0,16.774
2024-12-14,Almatti,0.0,17.503
2024-12-15,Almatti,0.0,18.231
2024-12-16,Almatti,0.0,18.96
2024-12-17,Almatti,0.0,19.688
2024-12-18,Almatti,0.0,20.416
2024-12-19,Almatti,0.0,21.145
2024-12-20,Almatti,0.0,21.873
2024-12-21,Almatti,0.0,22.601
2024-12-22,Almatti,0.0,23.33
2024-12-23,Almatti,0.0,24.058
2024-12-24,Almatti,0.0,24.786
2024-12-25,Almatti,0.0,25.515
2024-12-26,Almatti,0.0,26.243
2024-12-27,Almatti,0.0,26.972
2024-12-28,Almatti,0.0,27.7
2024-12-29,Almatti,0.0,28.428
2024-12-30,Almatti,0.0,29.157
2024-12-31,Almatti,0.0,29.885
