Date,Reservoir_Name,Inflow (cusecs/cumecs),Storage (TMC/MCM)
2010-01-01,Jayakwadi,0.0,16.245
2010-01-02,Jayakwadi,0.0,10.594
2010-01-03,Jayakwadi,0.0,8.122
2010-01-04,Jayakwadi,0.0,5.297
2010-01-05,Jayakwadi,0.0,2.472
2010-01-06,Jayakwadi,0.0,0.706
2010-01-07,Jayakwadi,0.0,0.706
2010-01-08,Jayakwadi,0.0,7.416
2010-01-09,Jayakwadi,0.0,15.821
2010-01-10,Jayakwadi,0.0,24.226
2010-01-11,Jayakwadi,0.0,32.631
2010-01-12,Jayakwadi,0.0,41.036
2010-01-13,Jayakwadi,0.0,49.441
2010-01-14,Jayakwadi,0.0,47.675
2010-01-15,Jayakwadi,0.0,45.909
2010-01-16,Jayakwadi,0.0,44.143
2010-01-17,Jayakwadi,0.0,42.378
2010-01-18,Jayakwadi,0.0,40.612
2010-01-19,Jayakwadi,0.0,38.846
2010-01-20,Jayakwadi,0.0,37.08
2010-01-21,Jayakwadi,0.0,35.315
2010-01-22,Jayakwadi,0.0,33.549
2010-01-23,Jayakwadi,0.0,31.783
2010-01-24,Jayakwadi,0.0,30.017
2010-01-25,Jayakwadi,0.0,28.252
2010-01-26,Jayakwadi,0.0,26.486
2010-01-27,Jayakwadi,0.0,24.72
2010-01-28,Jayakwadi,0.0,22.955
2010-01-29,Jayakwadi,0.0,21.189
2010-01-30,Jayakwadi,0.0,19.423
2010-01-31,Jayakwadi,0.0,17.657
2010-02-01,Jayakwadi,0.0,15.892
2010-02-02,Jayakwadi,0.0,10.594
2010-02-03,Jayakwadi,0.0,8.122
2010-02-04,Jayakwadi,0.0,5.297
2010-02-05,Jayakwadi,0.0,2.472
2010-02-06,Jayakwadi,0.0,0.706
2010-02-07,Jayakwadi,0.0,1.059
2010-02-08,Jayakwadi,0.0,7.769
2010-02-09,Jayakwadi,0.0,16.107
2010-02-10,Jayakwadi,0.0,24.446
2010-02-11,Jayakwadi,0.0,32.784
2010-02-12,Jayakwadi,0.0,41.123
2010-02-13,Jayakwadi,0.0,49.461
2010-02-14,Jayakwadi,0.0,47.363
2010-02-15,Jayakwadi,0.0,45.265
2010-02-16,Jayakwadi,0.0,43.167
2010-02-17,Jayakwadi,0.0,41.069
2010-02-18,Jayakwadi,0.0,38.971
2010-02-19,Jayakwadi,0.0,36.873
2010-02-20,Jayakwadi,0.0,34.775
2010-02-21,Jayakwadi,0.0,32.676
2010-02-22,Jayakwadi,0.0,30.578
2010-02-23,Jayakwadi,0.0,28.48
2010-02-24,Jayakwadi,0.0,26.382
2010-02-25,Jayakwadi,0.0,24.284
2010-02-26,Jayakwadi,0.0,22.186
2010-02-27,Jayakwadi,0.0,20.088
2010-02-28,Jayakwadi,0.0,17.99
2010-03-01,Jayakwadi,0.0,15.892
2010-03-02,Jayakwadi,0.0,10.594
2010-03-03,Jayakwadi,0.0,7.769
2010-03-04,Jayakwadi,0.0,5.297
2010-03-05,Jayakwadi,0.0,2.472
2010-03-06,Jayakwadi,0.0,0.353
2010-03-07,Jayakwadi,0.0,2.472
2010-03-08,Jayakwadi,0.0,8.829
2010-03-09,Jayakwadi,0.0,17.082
2010-03-10,Jayakwadi,0.0,25.335
2010-03-11,Jayakwadi,0.0,33.588
2010-03-12,Jayakwadi,0.0,41.841
2010-03-13,Jayakwadi,0.0,50.094
2010-03-14,Jayakwadi,0.0,48.275
2010-03-15,Jayakwadi,0.0,46.456
2010-03-16,Jayakwadi,0.0,44.638
2010-03-17,Jayakwadi,0.0,42.819
2010-03-18,Jayakwadi,0.0,41.0
2010-03-19,Jayakwadi,0.0,39.182
2010-03-20,Jayakwadi,0.0,37.363
2010-03-21,Jayakwadi,0.0,35.544
2010-03-22,Jayakwadi,0.0,33.726
2010-03-23,Jayakwadi,0.0,31.907
2010-03-24,Jayakwadi,0.0,30.088
2010-03-25,Jayakwadi,0.0,28.269
2010-03-26,Jayakwadi,0.0,26.451
2010-03-27,Jayakwadi,0.0,24.632
2010-03-28,Jayakwadi,0.0,22.813
2010-03-29,Jayakwadi,0.0,20.995
2010-03-30,Jayakwadi,0.0,19.176
2010-03-31,Jayakwadi,0.0,17.357
2010-04-01,Jayakwadi,0.0,15.538
2010-04-02,Jayakwadi,0.0,10.594
2010-04-03,Jayakwadi,0.0,7.769
2010-04-04,Jayakwadi,0.0,5.297
2010-04-05,Jayakwadi,0.0,2.472
2010-04-06,Jayakwadi,0.0,0.353
2010-04-07,Jayakwadi,0.0,2.825
2010-04-08,Jayakwadi,0.0,9.888
2010-04-09,Jayakwadi,0.0,17.91
2010-04-10,Jayakwadi,0.0,25.932
2010-04-11,Jayakwadi,0.0,33.954
2010-04-12,Jayakwadi,0.0,41.976
2010-04-13,Jayakwadi,0.0,49.998
2010-04-14,Jayakwadi,0.0,48.084
2010-04-15,Jayakwadi,0.0,46.169
2010-04-16,Jayakwadi,0.0,44.255
2010-04-17,Jayakwadi,0.0,42.34
2010-04-18,Jayakwadi,0.0,40.426
2010-04-19,Jayakwadi,0.0,38.512
2010-04-20,Jayakwadi,0.0,36.597
2010-04-21,Jayakwadi,0.0,34.683
2010-04-22,Jayakwadi,0.0,32.768
2010-04-23,Jayakwadi,0.0,30.854
2010-04-24,Jayakwadi,0.0,28.939
2010-04-25,Jayakwadi,0.0,27.025
2010-04-26,Jayakwadi,0.0,25.111
2010-04-27,Jayakwadi,0.0,23.196
2010-04-28,Jayakwadi,0.0,21.282
2010-04-29,Jayakwadi,0.0,19.367
2010-04-30,Jayakwadi,0.0,17.453
2010-05-01,Jayakwadi,0.0,15.538
2010-05-02,Jayakwadi,0.0,10.241
2010-05-03,Jayakwadi,0.0,7.416
2010-05-04,Jayakwadi,0.0,5.297
2010-05-05,Jayakwadi,0.0,2.472
2010-05-06,Jayakwadi,0.0,0.353
2010-05-07,Jayakwadi,0.0,3.178
2010-05-08,Jayakwadi,0.0,9.888
2010-05-09,Jayakwadi,0.0,17.926
2010-05-10,Jayakwadi,0.0,25.963
2010-05-11,Jayakwadi,0.0,34.001
2010-05-12,Jayakwadi,0.0,42.038
2010-05-13,Jayakwadi,0.0,50.076
2010-05-14,Jayakwadi,0.0,48.24
2010-05-15,Jayakwadi,0.0,46.403
2010-05-16,Jayakwadi,0.0,44.567
2010-05-17,Jayakwadi,0.0,42.731
2010-05-18,Jayakwadi,0.0,40.894
2010-05-19,Jayakwadi,0.0,39.058
2010-05-20,Jayakwadi,0.0,37.222
2010-05-21,Jayakwadi,0.0,35.385
2010-05-22,Jayakwadi,0.0,33.549
2010-05-23,Jayakwadi,0.0,31.713
2010-05-24,Jayakwadi,0.0,29.876
2010-05-25,Jayakwadi,0.0,28.04
2010-05-26,Jayakwadi,0.0,26.203
2010-05-27,Jayakwadi,0.0,24.367
2010-05-28,Jayakwadi,0.0,22.531
2010-05-29,Jayakwadi,0.0,20.694
2010-05-30,Jayakwadi,0.0,18.858
2010-05-31,Jayakwadi,0.0,17.022
2010-06-01,Jayakwadi,0.0,15.185
2010-06-02,Jayakwadi,0.0,10.241
2010-06-03,Jayakwadi,0.0,7.416
2010-06-04,Jayakwadi,0.0,4.944
2010-06-05,Jayakwadi,0.0,2.472
2010-06-06,Jayakwadi,0.0,0.353
2010-06-07,Jayakwadi,0.0,3.178
2010-06-08,Jayakwadi,0.0,13.066
2010-06-09,Jayakwadi,0.0,22.778
2010-06-10,Jayakwadi,0.0,32.49
2010-06-11,Jayakwadi,0.0,42.201
2010-06-12,Jayakwadi,0.0,51.913
2010-06-13,Jayakwadi,0.0,49.961
2010-06-14,Jayakwadi,0.0,48.009
2010-06-15,Jayakwadi,0.0,46.058
2010-06-16,Jayakwadi,0.0,44.106
2010-06-17,Jayakwadi,0.0,42.155
2010-06-18,Jayakwadi,0.0,40.203
2010-06-19,Jayakwadi,0.0,38.251
2010-06-20,Jayakwadi,0.0,36.3
2010-06-21,Jayakwadi,0.0,34.348
2010-06-22,Jayakwadi,0.0,32.397
2010-06-23,Jayakwadi,0.0,30.445
2010-06-24,Jayakwadi,0.0,28.493
2010-06-25,Jayakwadi,0.0,26.542
2010-06-26,Jayakwadi,0.0,24.59
2010-06-27,Jayakwadi,0.0,22.639
2010-06-28,Jayakwadi,0.0,20.687
2010-06-29,Jayakwadi,0.0,18.735
2010-06-30,Jayakwadi,0.0,16.784
2010-07-01,Jayakwadi,0.0,14.832
2010-07-02,Jayakwadi,0.0,10.241
2010-07-03,Jayakwadi,364.398,7.416
2010-07-04,Jayakwadi,744.3,4.944
2010-07-05,Jayakwadi,180.537,2.472
2010-07-06,Jayakwadi,55.172,0.353
2010-07-07,Jayakwadi,0.0,3.178
2010-07-08,Jayakwadi,0.0,12.925
2010-07-09,Jayakwadi,0.0,22.672
2010-07-10,Jayakwadi,0.0,32.419
2010-07-11,Jayakwadi,0.0,42.166
2010-07-12,Jayakwadi,0.0,51.913
2010-07-13,Jayakwadi,0.0,50.041
2010-07-14,Jayakwadi,0.0,48.169
2010-07-15,Jayakwadi,0.0,46.298
2010-07-16,Jayakwadi,0.0,44.426
2010-07-17,Jayakwadi,73.589,42.554
2010-07-18,Jayakwadi,0.0,40.682
2010-07-19,Jayakwadi,0.0,38.811
2010-07-20,Jayakwadi,0.0,36.939
2010-07-21,Jayakwadi,0.0,35.067
2010-07-22,Jayakwadi,0.0,33.196
2010-07-23,Jayakwadi,0.0,31.324
2010-07-24,Jayakwadi,0.0,29.452
2010-07-25,Jayakwadi,0.0,27.581
2010-07-26,Jayakwadi,0.0,25.709
2010-07-27,Jayakwadi,0.0,23.837
2010-07-28,Jayakwadi,0.0,21.966
2010-07-29,Jayakwadi,0.0,20.094
2010-07-30,Jayakwadi,0.0,18.222
2010-07-31,Jayakwadi,0.0,16.351
2010-08-01,Jayakwadi,0.0,14.479
2010-08-02,Jayakwadi,0.0,10.241
2010-08-03,Jayakwadi,0.0,7.063
2010-08-04,Jayakwadi,0.0,4.944
2010-08-05,Jayakwadi,0.0,2.472
2010-08-06,Jayakwadi,0.0,0.353
2010-08-07,Jayakwadi,0.0,3.178
2010-08-08,Jayakwadi,0.0,12.925
2010-08-09,Jayakwadi,0.0,22.672
2010-08-10,Jayakwadi,0.0,32.419
2010-08-11,Jayakwadi,0.0,42.166
2010-08-12,Jayakwadi,0.0,51.913
2010-08-13,Jayakwadi,110.363,50.041
2010-08-14,Jayakwadi,0.0,48.169
2010-08-15,Jayakwadi,0.0,46.298
2010-08-16,Jayakwadi,0.0,44.426
2010-08-17,Jayakwadi,0.0,42.554
2010-08-18,Jayakwadi,0.0,40.682
2010-08-19,Jayakwadi,0.0,38.811
2010-08-20,Jayakwadi,0.0,36.939
2010-08-21,Jayakwadi,0.0,35.067
2010-08-22,Jayakwadi,0.0,33.196
2010-08-23,Jayakwadi,0.0,31.324
2010-08-24,Jayakwadi,0.0,29.452
2010-08-25,Jayakwadi,0.0,27.581
2010-08-26,Jayakwadi,62.354,25.709
2010-08-27,Jayakwadi,0.0,23.837
2010-08-28,Jayakwadi,142.567,21.966
2010-08-29,Jayakwadi,67.63,20.094
2010-08-30,Jayakwadi,0.0,18.222
2010-08-31,Jayakwadi,350.774,16.351
2010-09-01,Jayakwadi,125.968,14.479
2010-09-02,Jayakwadi,180.359,9.888
2010-09-03,Jayakwadi,0.0,7.063
2010-09-04,Jayakwadi,0.0,4.944
2010-09-05,Jayakwadi,0.0,2.119
2010-09-06,Jayakwadi,0.0,0.353
2010-09-07,Jayakwadi,123.509,3.178
2010-09-08,Jayakwadi,0.0,12.925
2010-09-09,Jayakwadi,253.392,22.672
2010-09-10,Jayakwadi,115.761,32.419
2010-09-11,Jayakwadi,109.1,42.166
2010-09-12,Jayakwadi,0.0,51.913
2010-09-13,Jayakwadi,0.0,49.924
2010-09-14,Jayakwadi,0.0,47.935
2010-09-15,Jayakwadi,0.0,45.946
2010-09-16,Jayakwadi,325.181,43.957
2010-09-17,Jayakwadi,0.0,41.969
2010-09-18,Jayakwadi,149.743,39.98
2010-09-19,Jayakwadi,0.0,37.991
2010-09-20,Jayakwadi,0.0,36.002
2010-09-21,Jayakwadi,0.0,34.014
2010-09-22,Jayakwadi,100.557,32.025
2010-09-23,Jayakwadi,288.203,30.036
2010-09-24,Jayakwadi,0.0,28.047
2010-09-25,Jayakwadi,125.273,26.059
2010-09-26,Jayakwadi,134.3,24.07
2010-09-27,Jayakwadi,0.0,22.081
2010-09-28,Jayakwadi,0.0,20.092
2010-09-29,Jayakwadi,0.0,18.103
2010-09-30,Jayakwadi,124.098,16.115
2010-10-01,Jayakwadi,103.31,14.126
2010-10-02,Jayakwadi,0.0,9.888
2010-10-03,Jayakwadi,0.0,6.71
2010-10-04,Jayakwadi,0.0,4.944
2010-10-05,Jayakwadi,105.81,2.119
2010-10-06,Jayakwadi,0.0,0.353
2010-10-07,Jayakwadi,0.0,3.178
2010-10-08,Jayakwadi,0.0,12.925
2010-10-09,Jayakwadi,0.0,22.672
2010-10-10,Jayakwadi,0.0,32.419
2010-10-11,Jayakwadi,0.0,42.166
2010-10-12,Jayakwadi,0.0,51.913
2010-10-13,Jayakwadi,0.0,50.006
2010-10-14,Jayakwadi,0.0,48.099
2010-10-15,Jayakwadi,0.0,46.192
2010-10-16,Jayakwadi,0.0,44.285
2010-10-17,Jayakwadi,0.0,42.378
2010-10-18,Jayakwadi,0.0,40.471
2010-10-19,Jayakwadi,0.0,38.564
2010-10-20,Jayakwadi,0.0,36.657
2010-10-21,Jayakwadi,0.0,34.75
2010-10-22,Jayakwadi,0.0,32.843
2010-10-23,Jayakwadi,200.402,30.936
2010-10-24,Jayakwadi,0.0,29.029
2010-10-25,Jayakwadi,0.0,27.122
2010-10-26,Jayakwadi,0.0,25.215
2010-10-27,Jayakwadi,0.0,23.308
2010-10-28,Jayakwadi,0.0,21.401
2010-10-29,Jayakwadi,0.0,19.494
2010-10-30,Jayakwadi,0.0,17.587
2010-10-31,Jayakwadi,0.0,15.68
2010-11-01,Jayakwadi,0.0,13.773
2010-11-02,Jayakwadi,0.0,9.888
2010-11-03,Jayakwadi,0.0,6.71
2010-11-04,Jayakwadi,0.0,4.591
2010-11-05,Jayakwadi,0.0,2.119
2010-11-06,Jayakwadi,0.0,2.649
2010-11-07,Jayakwadi,0.0,3.178
2010-11-08,Jayakwadi,0.0,12.925
2010-11-09,Jayakwadi,0.0,22.672
2010-11-10,Jayakwadi,0.0,32.419
2010-11-11,Jayakwadi,0.0,42.166
2010-11-12,Jayakwadi,0.0,51.913
2010-11-13,Jayakwadi,0.0,49.887
2010-11-14,Jayakwadi,0.0,47.861
2010-11-15,Jayakwadi,0.0,45.835
2010-11-16,Jayakwadi,0.0,43.809
2010-11-17,Jayakwadi,0.0,41.783
2010-11-18,Jayakwadi,0.0,39.757
2010-11-19,Jayakwadi,0.0,37.731
2010-11-20,Jayakwadi,0.0,35.705
2010-11-21,Jayakwadi,0.0,33.679
2010-11-22,Jayakwadi,0.0,31.653
2010-11-23,Jayakwadi,0.0,29.627
2010-11-24,Jayakwadi,0.0,27.601
2010-11-25,Jayakwadi,0.0,25.575
2010-11-26,Jayakwadi,0.0,23.549
2010-11-27,Jayakwadi,0.0,21.523
2010-11-28,Jayakwadi,0.0,19.497
2010-11-29,Jayakwadi,0.0,17.471
2010-11-30,Jayakwadi,0.0,15.446
2010-12-01,Jayakwadi,0.0,13.42
2010-12-02,Jayakwadi,0.0,9.535
2010-12-03,Jayakwadi,0.0,6.71
2010-12-04,Jayakwadi,0.0,4.591
2010-12-05,Jayakwadi,0.0,1.766
2010-12-06,Jayakwadi,0.0,2.472
2010-12-07,Jayakwadi,0.0,3.178
2010-12-08,Jayakwadi,0.0,12.925
2010-12-09,Jayakwadi,0.0,22.672
2010-12-10,Jayakwadi,0.0,32.419
2010-12-11,Jayakwadi,0.0,42.166
2010-12-12,Jayakwadi,0.0,51.913
2010-12-13,Jayakwadi,0.0,51.701
2010-12-14,Jayakwadi,0.0,51.489
2010-12-15,Jayakwadi,0.0,51.277
2010-12-16,Jayakwadi,0.0,51.065
2010-12-17,Jayakwadi,0.0,50.853
2010-12-18,Jayakwadi,0.0,50.641
2010-12-19,Jayakwadi,0.0,50.429
2010-12-20,Jayakwadi,0.0,50.217
2010-12-21,Jayakwadi,0.0,50.006
2010-12-22,Jayakwadi,0.0,49.794
2010-12-23,Jayakwadi,0.0,49.582
2010-12-24,Jayakwadi,0.0,49.37
2010-12-25,Jayakwadi,0.0,49.158
2010-12-26,Jayakwadi,0.0,48.946
2010-12-27,Jayakwadi,0.0,48.734
2010-12-28,Jayakwadi,0.0,48.522
2010-12-29,Jayakwadi,0.0,48.31
2010-12-30,Jayakwadi,0.0,48.099
2010-12-31,Jayakwadi,0.0,47.887
2011-01-01,Jayakwadi,0.0,47.675
2011-01-02,Jayakwadi,0.0,42.731
2011-01-03,Jayakwadi,0.0,36.727
2011-01-04,Jayakwadi,0.0,30.371
2011-01-05,Jayakwadi,0.0,23.308
2011-01-06,Jayakwadi,0.0,16.598
2011-01-07,Jayakwadi,0.0,11.654
2011-01-08,Jayakwadi,0.0,12.713
2011-01-09,Jayakwadi,0.0,19.07
2011-01-10,Jayakwadi,0.0,25.426
2011-01-11,Jayakwadi,0.0,31.783
2011-01-12,Jayakwadi,0.0,38.14
2011-01-13,Jayakwadi,0.0,38.617
2011-01-14,Jayakwadi,0.0,39.093
2011-01-15,Jayakwadi,0.0,39.57
2011-01-16,Jayakwadi,0.0,40.047
2011-01-17,Jayakwadi,0.0,40.524
2011-01-18,Jayakwadi,0.0,41.0
2011-01-19,Jayakwadi,0.0,41.477
2011-01-20,Jayakwadi,0.0,41.954
2011-01-21,Jayakwadi,0.0,42.431
2011-01-22,Jayakwadi,0.0,42.907
2011-01-23,Jayakwadi,0.0,43.384
2011-01-24,Jayakwadi,0.0,43.861
2011-01-25,Jayakwadi,0.0,44.338
2011-01-26,Jayakwadi,0.0,44.814
2011-01-27,Jayakwadi,0.0,45.291
2011-01-28,Jayakwadi,0.0,45.768
2011-01-29,Jayakwadi,0.0,46.245
2011-01-30,Jayakwadi,0.0,46.721
2011-01-31,Jayakwadi,0.0,47.198
2011-02-01,Jayakwadi,0.0,47.675
2011-02-02,Jayakwadi,0.0,42.731
2011-02-03,Jayakwadi,0.0,36.374
2011-02-04,Jayakwadi,0.0,30.017
2011-02-05,Jayakwadi,0.0,22.955
2011-02-06,Jayakwadi,0.0,16.245
2011-02-07,Jayakwadi,0.0,11.301
2011-02-08,Jayakwadi,0.0,12.713
2011-02-09,Jayakwadi,0.0,18.981
2011-02-10,Jayakwadi,0.0,25.25
2011-02-11,Jayakwadi,0.0,31.518
2011-02-12,Jayakwadi,0.0,37.787
2011-02-13,Jayakwadi,0.0,38.348
2011-02-14,Jayakwadi,0.0,38.908
2011-02-15,Jayakwadi,0.0,39.469
2011-02-16,Jayakwadi,0.0,40.03
2011-02-17,Jayakwadi,0.0,40.591
2011-02-18,Jayakwadi,0.0,41.152
2011-02-19,Jayakwadi,0.0,41.713
2011-02-20,Jayakwadi,0.0,42.274
2011-02-21,Jayakwadi,0.0,42.835
2011-02-22,Jayakwadi,0.0,43.395
2011-02-23,Jayakwadi,0.0,43.956
2011-02-24,Jayakwadi,0.0,44.517
2011-02-25,Jayakwadi,0.0,45.078
2011-02-26,Jayakwadi,0.0,45.639
2011-02-27,Jayakwadi,0.0,46.2
2011-02-28,Jayakwadi,0.0,46.761
2011-03-01,Jayakwadi,0.0,47.322
2011-03-02,Jayakwadi,0.0,42.378
2011-03-03,Jayakwadi,0.0,36.374
2011-03-04,Jayakwadi,0.0,30.017
2011-03-05,Jayakwadi,0.0,22.955
2011-03-06,Jayakwadi,0.0,15.892
2011-03-07,Jayakwadi,0.0,11.301
2011-03-08,Jayakwadi,0.0,12.713
2011-03-09,Jayakwadi,0.0,18.893
2011-03-10,Jayakwadi,0.0,25.073
2011-03-11,Jayakwadi,0.0,31.254
2011-03-12,Jayakwadi,0.0,37.434
2011-03-13,Jayakwadi,0.0,37.928
2011-03-14,Jayakwadi,0.0,38.422
2011-03-15,Jayakwadi,0.0,38.917
2011-03-16,Jayakwadi,0.0,39.411
2011-03-17,Jayakwadi,0.0,39.906
2011-03-18,Jayakwadi,0.0,40.4
2011-03-19,Jayakwadi,0.0,40.894
2011-03-20,Jayakwadi,0.0,41.389
2011-03-21,Jayakwadi,0.0,41.883
2011-03-22,Jayakwadi,0.0,42.378
2011-03-23,Jayakwadi,0.0,42.872
2011-03-24,Jayakwadi,0.0,43.366
2011-03-25,Jayakwadi,0.0,43.861
2011-03-26,Jayakwadi,0.0,44.355
2011-03-27,Jayakwadi,0.0,44.85
2011-03-28,Jayakwadi,0.0,45.344
2011-03-29,Jayakwadi,0.0,45.838
2011-03-30,Jayakwadi,0.0,46.333
2011-03-31,Jayakwadi,0.0,46.827
2011-04-01,Jayakwadi,0.0,47.322
2011-04-02,Jayakwadi,0.0,42.378
2011-04-03,Jayakwadi,0.0,36.021
2011-04-04,Jayakwadi,0.0,30.017
2011-04-05,Jayakwadi,0.0,22.601
2011-04-06,Jayakwadi,0.0,15.892
2011-04-07,Jayakwadi,0.0,11.301
2011-04-08,Jayakwadi,0.0,12.713
2011-04-09,Jayakwadi,0.0,18.893
2011-04-10,Jayakwadi,0.0,25.073
2011-04-11,Jayakwadi,0.0,31.254
2011-04-12,Jayakwadi,0.0,37.434
2011-04-13,Jayakwadi,0.0,37.954
2011-04-14,Jayakwadi,0.0,38.474
2011-04-15,Jayakwadi,0.0,38.995
2011-04-16,Jayakwadi,0.0,39.515
2011-04-17,Jayakwadi,0.0,40.036
2011-04-18,Jayakwadi,0.0,40.556
2011-04-19,Jayakwadi,0.0,41.077
2011-04-20,Jayakwadi,0.0,41.597
2011-04-21,Jayakwadi,0.0,42.117
2011-04-22,Jayakwadi,0.0,42.638
2011-04-23,Jayakwadi,0.0,43.158
2011-04-24,Jayakwadi,0.0,43.679
2011-04-25,Jayakwadi,0.0,44.199
2011-04-26,Jayakwadi,0.0,44.72
2011-04-27,Jayakwadi,0.0,45.24
2011-04-28,Jayakwadi,0.0,45.76
2011-04-29,Jayakwadi,0.0,46.281
2011-04-30,Jayakwadi,0.0,46.801
2011-05-01,Jayakwadi,0.0,47.322
2011-05-02,Jayakwadi,0.0,42.024
2011-05-03,Jayakwadi,0.0,36.021
2011-05-04,Jayakwadi,0.0,30.017
2011-05-05,Jayakwadi,0.0,22.248
2011-05-06,Jayakwadi,0.0,15.538
2011-05-07,Jayakwadi,0.0,11.301
2011-05-08,Jayakwadi,0.0,12.713
2011-05-09,Jayakwadi,0.0,18.893
2011-05-10,Jayakwadi,0.0,25.073
2011-05-11,Jayakwadi,0.0,31.254
2011-05-12,Jayakwadi,0.0,37.434
2011-05-13,Jayakwadi,0.0,37.91
2011-05-14,Jayakwadi,0.0,38.387
2011-05-15,Jayakwadi,0.0,38.864
2011-05-16,Jayakwadi,0.0,39.341
2011-05-17,Jayakwadi,0.0,39.817
2011-05-18,Jayakwadi,0.0,40.294
2011-05-19,Jayakwadi,0.0,40.771
2011-05-20,Jayakwadi,0.0,41.248
2011-05-21,Jayakwadi,0.0,41.724
2011-05-22,Jayakwadi,0.0,42.201
2011-05-23,Jayakwadi,0.0,42.678
2011-05-24,Jayakwadi,0.0,43.155
2011-05-25,Jayakwadi,0.0,43.631
2011-05-26,Jayakwadi,0.0,44.108
2011-05-27,Jayakwadi,0.0,44.585
2011-05-28,Jayakwadi,0.0,45.062
2011-05-29,Jayakwadi,0.0,45.538
2011-05-30,Jayakwadi,0.0,46.015
2011-05-31,Jayakwadi,0.0,46.492
2011-06-01,Jayakwadi,0.0,46.969
2011-06-02,Jayakwadi,0.0,41.671
2011-06-03,Jayakwadi,0.0,35.668
2011-06-04,Jayakwadi,0.0,29.664
2011-06-05,Jayakwadi,0.0,21.895
2011-06-06,Jayakwadi,0.0,15.538
2011-06-07,Jayakwadi,0.0,11.301
2011-06-08,Jayakwadi,0.0,12.713
2011-06-09,Jayakwadi,0.0,18.805
2011-06-10,Jayakwadi,0.0,24.896
2011-06-11,Jayakwadi,0.0,30.988
2011-06-12,Jayakwadi,0.0,37.08
2011-06-13,Jayakwadi,0.0,37.601
2011-06-14,Jayakwadi,0.0,38.121
2011-06-15,Jayakwadi,0.0,38.642
2011-06-16,Jayakwadi,0.0,39.162
2011-06-17,Jayakwadi,0.0,39.683
2011-06-18,Jayakwadi,0.0,40.203
2011-06-19,Jayakwadi,0.0,40.723
2011-06-20,Jayakwadi,0.0,41.244
2011-06-21,Jayakwadi,0.0,41.764
2011-06-22,Jayakwadi,0.0,42.285
2011-06-23,Jayakwadi,0.0,42.805
2011-06-24,Jayakwadi,0.0,43.326
2011-06-25,Jayakwadi,0.0,43.846
2011-06-26,Jayakwadi,0.0,44.366
2011-06-27,Jayakwadi,0.0,44.887
2011-06-28,Jayakwadi,0.0,45.407
2011-06-29,Jayakwadi,0.0,45.928
2011-06-30,Jayakwadi,0.0,46.448
2011-07-01,Jayakwadi,0.0,46.969
2011-07-02,Jayakwadi,0.0,41.671
2011-07-03,Jayakwadi,0.0,35.668
2011-07-04,Jayakwadi,0.0,29.664
2011-07-05,Jayakwadi,0.0,21.542
2011-07-06,Jayakwadi,0.0,15.185
2011-07-07,Jayakwadi,0.0,11.301
2011-07-08,Jayakwadi,0.0,12.713
2011-07-09,Jayakwadi,0.0,18.716
2011-07-10,Jayakwadi,0.0,24.72
2011-07-11,Jayakwadi,0.0,30.723
2011-07-12,Jayakwadi,0.0,36.727
2011-07-13,Jayakwadi,0.0,37.239
2011-07-14,Jayakwadi,0.0,37.751
2011-07-15,Jayakwadi,0.0,38.263
2011-07-16,Jayakwadi,0.0,38.776
2011-07-17,Jayakwadi,0.0,39.288
2011-07-18,Jayakwadi,0.0,39.8
2011-07-19,Jayakwadi,0.0,40.312
2011-07-20,Jayakwadi,0.0,40.824
2011-07-21,Jayakwadi,0.0,41.336
2011-07-22,Jayakwadi,0.0,41.848
2011-07-23,Jayakwadi,0.0,42.36
2011-07-24,Jayakwadi,0.0,42.872
2011-07-25,Jayakwadi,0.0,43.384
2011-07-26,Jayakwadi,0.0,43.896
2011-07-27,Jayakwadi,0.0,44.408
2011-07-28,Jayakwadi,0.0,44.92
2011-07-29,Jayakwadi,0.0,45.432
2011-07-30,Jayakwadi,0.0,45.944
2011-07-31,Jayakwadi,0.0,46.456
2011-08-01,Jayakwadi,0.0,46.969
2011-08-02,Jayakwadi,0.0,41.318
2011-08-03,Jayakwadi,0.0,35.315
2011-08-04,Jayakwadi,0.0,29.311
2011-08-05,Jayakwadi,0.0,21.189
2011-08-06,Jayakwadi,0.0,14.832
2011-08-07,Jayakwadi,0.0,11.654
2011-08-08,Jayakwadi,0.0,12.713
2011-08-09,Jayakwadi,0.0,18.716
2011-08-10,Jayakwadi,0.0,24.72
2011-08-11,Jayakwadi,0.0,30.723
2011-08-12,Jayakwadi,0.0,36.727
2011-08-13,Jayakwadi,0.0,37.222
2011-08-14,Jayakwadi,0.0,37.716
2011-08-15,Jayakwadi,0.0,38.21
2011-08-16,Jayakwadi,0.0,38.705
2011-08-17,Jayakwadi,0.0,39.199
2011-08-18,Jayakwadi,0.0,39.694
2011-08-19,Jayakwadi,0.0,40.188
2011-08-20,Jayakwadi,0.0,40.682
2011-08-21,Jayakwadi,95.235,41.177
2011-08-22,Jayakwadi,54.961,41.671
2011-08-23,Jayakwadi,0.0,42.166
2011-08-24,Jayakwadi,0.0,42.66
2011-08-25,Jayakwadi,74.677,43.155
2011-08-26,Jayakwadi,348.404,43.649
2011-08-27,Jayakwadi,0.0,44.143
2011-08-28,Jayakwadi,0.0,44.638
2011-08-29,Jayakwadi,0.0,45.132
2011-08-30,Jayakwadi,141.827,45.627
2011-08-31,Jayakwadi,180.774,46.121
2011-09-01,Jayakwadi,125.925,46.615
2011-09-02,Jayakwadi,175.094,41.318
2011-09-03,Jayakwadi,184.977,35.315
2011-09-04,Jayakwadi,201.448,29.311
2011-09-05,Jayakwadi,100.205,20.836
2011-09-06,Jayakwadi,84.396,14.832
2011-09-07,Jayakwadi,0.0,12.007
2011-09-08,Jayakwadi,0.0,12.713
2011-09-09,Jayakwadi,0.0,18.628
2011-09-10,Jayakwadi,0.0,24.544
2011-09-11,Jayakwadi,0.0,30.459
2011-09-12,Jayakwadi,0.0,36.374
2011-09-13,Jayakwadi,0.0,36.913
2011-09-14,Jayakwadi,0.0,37.452
2011-09-15,Jayakwadi,0.0,37.991
2011-09-16,Jayakwadi,73.943,38.53
2011-09-17,Jayakwadi,325.544,39.069
2011-09-18,Jayakwadi,65.432,39.608
2011-09-19,Jayakwadi,0.0,40.147
2011-09-20,Jayakwadi,0.0,40.686
2011-09-21,Jayakwadi,0.0,41.225
2011-09-22,Jayakwadi,0.0,41.764
2011-09-23,Jayakwadi,0.0,42.303
2011-09-24,Jayakwadi,0.0,42.842
2011-09-25,Jayakwadi,0.0,43.381
2011-09-26,Jayakwadi,0.0,43.92
2011-09-27,Jayakwadi,0.0,44.459
2011-09-28,Jayakwadi,0.0,44.998
2011-09-29,Jayakwadi,0.0,45.537
2011-09-30,Jayakwadi,0.0,46.076
2011-10-01,Jayakwadi,0.0,46.615
2011-10-02,Jayakwadi,0.0,40.965
2011-10-03,Jayakwadi,0.0,34.962
2011-10-04,Jayakwadi,0.0,28.958
2011-10-05,Jayakwadi,0.0,20.483
2011-10-06,Jayakwadi,0.0,14.832
2011-10-07,Jayakwadi,0.0,12.007
2011-10-08,Jayakwadi,0.0,12.713
2011-10-09,Jayakwadi,0.0,18.54
2011-10-10,Jayakwadi,0.0,24.367
2011-10-11,Jayakwadi,0.0,30.194
2011-10-12,Jayakwadi,0.0,36.021
2011-10-13,Jayakwadi,0.0,36.551
2011-10-14,Jayakwadi,0.0,37.08
2011-10-15,Jayakwadi,0.0,37.61
2011-10-16,Jayakwadi,0.0,38.14
2011-10-17,Jayakwadi,0.0,38.67
2011-10-18,Jayakwadi,0.0,39.199
2011-10-19,Jayakwadi,0.0,39.729
2011-10-20,Jayakwadi,0.0,40.259
2011-10-21,Jayakwadi,0.0,40.788
2011-10-22,Jayakwadi,0.0,41.318
2011-10-23,Jayakwadi,0.0,41.848
2011-10-24,Jayakwadi,0.0,42.378
2011-10-25,Jayakwadi,0.0,42.907
2011-10-26,Jayakwadi,0.0,43.437
2011-10-27,Jayakwadi,0.0,43.967
2011-10-28,Jayakwadi,0.0,44.496
2011-10-29,Jayakwadi,0.0,45.026
2011-10-30,Jayakwadi,0.0,45.556
2011-10-31,Jayakwadi,0.0,46.086
2011-11-01,Jayakwadi,0.0,46.615
2011-11-02,Jayakwadi,0.0,40.965
2011-11-03,Jayakwadi,0.0,34.962
2011-11-04,Jayakwadi,0.0,28.958
2011-11-05,Jayakwadi,0.0,20.483
2011-11-06,Jayakwadi,0.0,14.832
2011-11-07,Jayakwadi,0.0,12.007
2011-11-08,Jayakwadi,0.0,12.713
2011-11-09,Jayakwadi,0.0,18.54
2011-11-10,Jayakwadi,0.0,24.367
2011-11-11,Jayakwadi,0.0,30.194
2011-11-12,Jayakwadi,0.0,36.021
2011-11-13,Jayakwadi,0.0,36.579
2011-11-14,Jayakwadi,0.0,37.136
2011-11-15,Jayakwadi,0.0,37.694
2011-11-16,Jayakwadi,0.0,38.251
2011-11-17,Jayakwadi,0.0,38.809
2011-11-18,Jayakwadi,0.0,39.367
2011-11-19,Jayakwadi,0.0,39.924
2011-11-20,Jayakwadi,0.0,40.482
2011-11-21,Jayakwadi,0.0,41.039
2011-11-22,Jayakwadi,0.0,41.597
2011-11-23,Jayakwadi,0.0,42.155
2011-11-24,Jayakwadi,0.0,42.712
2011-11-25,Jayakwadi,0.0,43.27
2011-11-26,Jayakwadi,0.0,43.827
2011-11-27,Jayakwadi,0.0,44.385
2011-11-28,Jayakwadi,0.0,44.943
2011-11-29,Jayakwadi,0.0,45.5
2011-11-30,Jayakwadi,0.0,46.058
2011-12-01,Jayakwadi,0.0,46.615
2011-12-02,Jayakwadi,0.0,40.612
2011-12-03,Jayakwadi,0.0,34.608
2011-12-04,Jayakwadi,0.0,28.605
2011-12-05,Jayakwadi,0.0,20.129
2011-12-06,Jayakwadi,0.0,14.832
2011-12-07,Jayakwadi,0.0,12.007
2011-12-08,Jayakwadi,0.0,12.713
2011-12-09,Jayakwadi,0.0,22.954
2011-12-10,Jayakwadi,0.0,33.196
2011-12-11,Jayakwadi,0.0,43.437
2011-12-12,Jayakwadi,0.0,35.668
2011-12-13,Jayakwadi,0.0,35.474
2011-12-14,Jayakwadi,0.0,35.279
2011-12-15,Jayakwadi,0.0,35.085
2011-12-16,Jayakwadi,0.0,34.891
2011-12-17,Jayakwadi,0.0,34.697
2011-12-18,Jayakwadi,0.0,34.502
2011-12-19,Jayakwadi,0.0,34.308
2011-12-20,Jayakwadi,0.0,34.114
2011-12-21,Jayakwadi,0.0,33.92
2011-12-22,Jayakwadi,0.0,33.726
2011-12-23,Jayakwadi,0.0,33.531
2011-12-24,Jayakwadi,0.0,33.337
2011-12-25,Jayakwadi,0.0,33.143
2011-12-26,Jayakwadi,0.0,32.949
2011-12-27,Jayakwadi,0.0,32.754
2011-12-28,Jayakwadi,0.0,32.56
2011-12-29,Jayakwadi,0.0,32.366
2011-12-30,Jayakwadi,0.0,32.172
2011-12-31,Jayakwadi,0.0,31.977
2012-01-01,Jayakwadi,0.0,31.783
2012-01-02,Jayakwadi,0.0,25.427
2012-01-03,Jayakwadi,0.0,19.776
2012-01-04,Jayakwadi,0.0,14.479
2012-01-05,Jayakwadi,0.0,7.769
2012-01-06,Jayakwadi,0.0,1.766
2012-01-07,Jayakwadi,0.0,0.353
2012-01-08,Jayakwadi,0.0,0.588
2012-01-09,Jayakwadi,0.0,0.824
2012-01-10,Jayakwadi,0.0,1.059
2012-01-11,Jayakwadi,0.0,3.178
2012-01-12,Jayakwadi,0.0,2.825
2012-01-13,Jayakwadi,0.0,4.273
2012-01-14,Jayakwadi,0.0,5.721
2012-01-15,Jayakwadi,0.0,7.169
2012-01-16,Jayakwadi,0.0,8.617
2012-01-17,Jayakwadi,0.0,10.065
2012-01-18,Jayakwadi,0.0,11.513
2012-01-19,Jayakwadi,0.0,12.96
2012-01-20,Jayakwadi,0.0,14.408
2012-01-21,Jayakwadi,0.0,15.856
2012-01-22,Jayakwadi,0.0,17.304
2012-01-23,Jayakwadi,0.0,18.752
2012-01-24,Jayakwadi,0.0,20.2
2012-01-25,Jayakwadi,0.0,21.648
2012-01-26,Jayakwadi,0.0,23.096
2012-01-27,Jayakwadi,0.0,24.544
2012-01-28,Jayakwadi,0.0,25.992
2012-01-29,Jayakwadi,0.0,27.439
2012-01-30,Jayakwadi,0.0,28.887
2012-01-31,Jayakwadi,0.0,30.335
2012-02-01,Jayakwadi,0.0,31.783
2012-02-02,Jayakwadi,0.0,25.073
2012-02-03,Jayakwadi,0.0,19.423
2012-02-04,Jayakwadi,0.0,14.479
2012-02-05,Jayakwadi,0.0,7.769
2012-02-06,Jayakwadi,0.0,1.766
2012-02-07,Jayakwadi,0.0,0.353
2012-02-08,Jayakwadi,0.0,0.706
2012-02-09,Jayakwadi,0.0,1.06
2012-02-10,Jayakwadi,0.0,1.413
2012-02-11,Jayakwadi,0.0,3.178
2012-02-12,Jayakwadi,0.0,3.178
2012-02-13,Jayakwadi,0.0,4.767
2012-02-14,Jayakwadi,0.0,6.357
2012-02-15,Jayakwadi,0.0,7.946
2012-02-16,Jayakwadi,0.0,9.535
2012-02-17,Jayakwadi,0.0,11.124
2012-02-18,Jayakwadi,0.0,12.713
2012-02-19,Jayakwadi,0.0,14.302
2012-02-20,Jayakwadi,0.0,15.892
2012-02-21,Jayakwadi,0.0,17.481
2012-02-22,Jayakwadi,0.0,19.07
2012-02-23,Jayakwadi,0.0,20.659
2012-02-24,Jayakwadi,0.0,22.248
2012-02-25,Jayakwadi,0.0,23.837
2012-02-26,Jayakwadi,0.0,25.427
2012-02-27,Jayakwadi,0.0,27.016
2012-02-28,Jayakwadi,0.0,28.605
2012-02-29,Jayakwadi,0.0,30.194
2012-03-01,Jayakwadi,0.0,31.783
2012-03-02,Jayakwadi,0.0,25.073
2012-03-03,Jayakwadi,0.0,19.07
2012-03-04,Jayakwadi,0.0,14.126
2012-03-05,Jayakwadi,0.0,7.769
2012-03-06,Jayakwadi,0.0,1.766
2012-03-07,Jayakwadi,0.0,0.353
2012-03-08,Jayakwadi,0.0,0.706
2012-03-09,Jayakwadi,0.0,1.06
2012-03-10,Jayakwadi,0.0,1.413
2012-03-11,Jayakwadi,0.0,3.178
2012-03-12,Jayakwadi,0.0,3.531
2012-03-13,Jayakwadi,0.0,4.926
2012-03-14,Jayakwadi,0.0,6.321
2012-03-15,Jayakwadi,0.0,7.716
2012-03-16,Jayakwadi,0.0,9.111
2012-03-17,Jayakwadi,0.0,10.506
2012-03-18,Jayakwadi,0.0,11.901
2012-03-19,Jayakwadi,0.0,13.296
2012-03-20,Jayakwadi,0.0,14.691
2012-03-21,Jayakwadi,0.0,16.086
2012-03-22,Jayakwadi,0.0,17.481
2012-03-23,Jayakwadi,0.0,18.876
2012-03-24,Jayakwadi,0.0,20.271
2012-03-25,Jayakwadi,0.0,21.666
2012-03-26,Jayakwadi,0.0,23.06
2012-03-27,Jayakwadi,0.0,24.455
2012-03-28,Jayakwadi,0.0,25.85
2012-03-29,Jayakwadi,0.0,27.245
2012-03-30,Jayakwadi,0.0,28.64
2012-03-31,Jayakwadi,0.0,30.035
2012-04-01,Jayakwadi,0.0,31.43
2012-04-02,Jayakwadi,0.0,24.72
2012-04-03,Jayakwadi,0.0,19.07
2012-04-04,Jayakwadi,0.0,14.126
2012-04-05,Jayakwadi,0.0,7.769
2012-04-06,Jayakwadi,0.0,1.766
2012-04-07,Jayakwadi,0.0,0.353
2012-04-08,Jayakwadi,0.0,0.706
2012-04-09,Jayakwadi,0.0,1.06
2012-04-10,Jayakwadi,0.0,1.413
2012-04-11,Jayakwadi,0.0,3.178
2012-04-12,Jayakwadi,0.0,4.591
2012-04-13,Jayakwadi,0.0,5.985
2012-04-14,Jayakwadi,0.0,7.379
2012-04-15,Jayakwadi,0.0,8.773
2012-04-16,Jayakwadi,0.0,10.167
2012-04-17,Jayakwadi,0.0,11.561
2012-04-18,Jayakwadi,0.0,12.955
2012-04-19,Jayakwadi,0.0,14.349
2012-04-20,Jayakwadi,0.0,15.743
2012-04-21,Jayakwadi,0.0,17.137
2012-04-22,Jayakwadi,0.0,18.531
2012-04-23,Jayakwadi,0.0,19.925
2012-04-24,Jayakwadi,0.0,21.319
2012-04-25,Jayakwadi,0.0,22.713
2012-04-26,Jayakwadi,0.0,24.107
2012-04-27,Jayakwadi,0.0,25.501
2012-04-28,Jayakwadi,0.0,26.895
2012-04-29,Jayakwadi,0.0,28.289
2012-04-30,Jayakwadi,0.0,29.683
2012-05-01,Jayakwadi,0.0,31.077
2012-05-02,Jayakwadi,0.0,24.72
2012-05-03,Jayakwadi,0.0,18.717
2012-05-04,Jayakwadi,0.0,13.773
2012-05-05,Jayakwadi,0.0,7.416
2012-05-06,Jayakwadi,0.0,1.413
2012-05-07,Jayakwadi,0.0,0.706
2012-05-08,Jayakwadi,0.0,1.059
2012-05-09,Jayakwadi,0.0,1.413
2012-05-10,Jayakwadi,0.0,1.766
2012-05-11,Jayakwadi,0.0,3.178
2012-05-12,Jayakwadi,0.0,5.297
2012-05-13,Jayakwadi,0.0,6.586
2012-05-14,Jayakwadi,0.0,7.875
2012-05-15,Jayakwadi,0.0,9.164
2012-05-16,Jayakwadi,0.0,10.453
2012-05-17,Jayakwadi,0.0,11.742
2012-05-18,Jayakwadi,0.0,13.031
2012-05-19,Jayakwadi,0.0,14.32
2012-05-20,Jayakwadi,0.0,15.609
2012-05-21,Jayakwadi,0.0,16.898
2012-05-22,Jayakwadi,0.0,18.187
2012-05-23,Jayakwadi,0.0,19.476
2012-05-24,Jayakwadi,0.0,20.765
2012-05-25,Jayakwadi,0.0,22.054
2012-05-26,Jayakwadi,0.0,23.343
2012-05-27,Jayakwadi,0.0,24.632
2012-05-28,Jayakwadi,0.0,25.921
2012-05-29,Jayakwadi,0.0,27.21
2012-05-30,Jayakwadi,0.0,28.499
2012-05-31,Jayakwadi,0.0,29.788
2012-06-01,Jayakwadi,0.0,31.077
2012-06-02,Jayakwadi,0.0,24.72
2012-06-03,Jayakwadi,0.0,18.364
2012-06-04,Jayakwadi,0.0,13.773
2012-06-05,Jayakwadi,0.0,7.416
2012-06-06,Jayakwadi,0.0,1.413
2012-06-07,Jayakwadi,0.0,0.706
2012-06-08,Jayakwadi,0.0,1.059
2012-06-09,Jayakwadi,0.0,1.413
2012-06-10,Jayakwadi,0.0,1.766
2012-06-11,Jayakwadi,0.0,3.178
2012-06-12,Jayakwadi,0.0,6.357
2012-06-13,Jayakwadi,0.0,7.639
2012-06-14,Jayakwadi,0.0,8.922
2012-06-15,Jayakwadi,0.0,10.204
2012-06-16,Jayakwadi,0.0,11.487
2012-06-17,Jayakwadi,0.0,12.769
2012-06-18,Jayakwadi,0.0,14.052
2012-06-19,Jayakwadi,0.0,15.334
2012-06-20,Jayakwadi,0.0,16.616
2012-06-21,Jayakwadi,0.0,17.899
2012-06-22,Jayakwadi,0.0,19.181
2012-06-23,Jayakwadi,0.0,20.464
2012-06-24,Jayakwadi,0.0,21.746
2012-06-25,Jayakwadi,0.0,23.029
2012-06-26,Jayakwadi,0.0,24.311
2012-06-27,Jayakwadi,0.0,25.594
2012-06-28,Jayakwadi,0.0,26.876
2012-06-29,Jayakwadi,0.0,28.159
2012-06-30,Jayakwadi,0.0,29.441
2012-07-01,Jayakwadi,0.0,30.724
2012-07-02,Jayakwadi,0.0,24.72
2012-07-03,Jayakwadi,0.0,18.364
2012-07-04,Jayakwadi,0.0,13.42
2012-07-05,Jayakwadi,0.0,7.416
2012-07-06,Jayakwadi,0.0,1.413
2012-07-07,Jayakwadi,0.0,0.706
2012-07-08,Jayakwadi,0.0,1.177
2012-07-09,Jayakwadi,0.0,1.648
2012-07-10,Jayakwadi,0.0,2.119
2012-07-11,Jayakwadi,0.0,3.178
2012-07-12,Jayakwadi,0.0,6.71
2012-07-13,Jayakwadi,0.0,7.91
2012-07-14,Jayakwadi,0.0,9.111
2012-07-15,Jayakwadi,0.0,10.312
2012-07-16,Jayakwadi,0.0,11.513
2012-07-17,Jayakwadi,0.0,12.713
2012-07-18,Jayakwadi,0.0,13.914
2012-07-19,Jayakwadi,0.0,15.115
2012-07-20,Jayakwadi,0.0,16.315
2012-07-21,Jayakwadi,0.0,17.516
2012-07-22,Jayakwadi,0.0,18.717
2012-07-23,Jayakwadi,0.0,19.917
2012-07-24,Jayakwadi,0.0,21.118
2012-07-25,Jayakwadi,0.0,22.319
2012-07-26,Jayakwadi,0.0,23.52
2012-07-27,Jayakwadi,0.0,24.72
2012-07-28,Jayakwadi,0.0,25.921
2012-07-29,Jayakwadi,0.0,27.122
2012-07-30,Jayakwadi,0.0,28.322
2012-07-31,Jayakwadi,0.0,29.523
2012-08-01,Jayakwadi,0.0,30.724
2012-08-02,Jayakwadi,0.0,24.367
2012-08-03,Jayakwadi,0.0,18.01
2012-08-04,Jayakwadi,0.0,13.066
2012-08-05,Jayakwadi,0.0,7.063
2012-08-06,Jayakwadi,0.0,1.413
2012-08-07,Jayakwadi,0.0,0.706
2012-08-08,Jayakwadi,0.0,1.295
2012-08-09,Jayakwadi,0.0,1.883
2012-08-10,Jayakwadi,0.0,2.472
2012-08-11,Jayakwadi,0.0,2.825
2012-08-12,Jayakwadi,0.0,6.71
2012-08-13,Jayakwadi,0.0,7.893
2012-08-14,Jayakwadi,0.0,9.076
2012-08-15,Jayakwadi,0.0,10.259
2012-08-16,Jayakwadi,0.0,11.442
2012-08-17,Jayakwadi,0.0,12.625
2012-08-18,Jayakwadi,0.0,13.808
2012-08-19,Jayakwadi,0.0,14.991
2012-08-20,Jayakwadi,0.0,16.174
2012-08-21,Jayakwadi,0.0,17.357
2012-08-22,Jayakwadi,0.0,18.54
2012-08-23,Jayakwadi,0.0,19.723
2012-08-24,Jayakwadi,0.0,20.906
2012-08-25,Jayakwadi,0.0,22.089
2012-08-26,Jayakwadi,0.0,23.272
2012-08-27,Jayakwadi,0.0,24.455
2012-08-28,Jayakwadi,0.0,25.638
2012-08-29,Jayakwadi,0.0,26.821
2012-08-30,Jayakwadi,0.0,28.005
2012-08-31,Jayakwadi,0.0,29.188
2012-09-01,Jayakwadi,0.0,30.371
2012-09-02,Jayakwadi,0.0,24.367
2012-09-03,Jayakwadi,0.0,18.01
2012-09-04,Jayakwadi,0.0,13.066
2012-09-05,Jayakwadi,0.0,6.71
2012-09-06,Jayakwadi,0.0,1.413
2012-09-07,Jayakwadi,0.0,0.706
2012-09-08,Jayakwadi,0.0,1.295
2012-09-09,Jayakwadi,0.0,1.883
2012-09-10,Jayakwadi,0.0,2.472
2012-09-11,Jayakwadi,0.0,2.825
2012-09-12,Jayakwadi,0.0,6.71
2012-09-13,Jayakwadi,0.0,7.937
2012-09-14,Jayakwadi,0.0,9.163
2012-09-15,Jayakwadi,0.0,10.39
2012-09-16,Jayakwadi,0.0,11.617
2012-09-17,Jayakwadi,0.0,12.843
2012-09-18,Jayakwadi,0.0,14.07
2012-09-19,Jayakwadi,0.0,15.297
2012-09-20,Jayakwadi,0.0,16.524
2012-09-21,Jayakwadi,0.0,17.75
2012-09-22,Jayakwadi,0.0,18.977
2012-09-23,Jayakwadi,0.0,20.204
2012-09-24,Jayakwadi,0.0,21.43
2012-09-25,Jayakwadi,0.0,22.657
2012-09-26,Jayakwadi,0.0,23.884
2012-09-27,Jayakwadi,0.0,25.111
2012-09-28,Jayakwadi,0.0,26.337
2012-09-29,Jayakwadi,0.0,27.564
2012-09-30,Jayakwadi,0.0,28.791
2012-10-01,Jayakwadi,0.0,30.017
2012-10-02,Jayakwadi,0.0,24.367
2012-10-03,Jayakwadi,0.0,17.657
2012-10-04,Jayakwadi,0.0,12.713
2012-10-05,Jayakwadi,0.0,6.71
2012-10-06,Jayakwadi,0.0,1.413
2012-10-07,Jayakwadi,0.0,0.706
2012-10-08,Jayakwadi,0.0,1.295
2012-10-09,Jayakwadi,0.0,1.883
2012-10-10,Jayakwadi,0.0,2.472
2012-10-11,Jayakwadi,0.0,2.825
2012-10-12,Jayakwadi,0.0,7.063
2012-10-13,Jayakwadi,0.0,8.193
2012-10-14,Jayakwadi,0.0,9.323
2012-10-15,Jayakwadi,0.0,10.453
2012-10-16,Jayakwadi,0.0,11.583
2012-10-17,Jayakwadi,0.0,12.713
2012-10-18,Jayakwadi,0.0,13.843
2012-10-19,Jayakwadi,0.0,14.973
2012-10-20,Jayakwadi,0.0,16.103
2012-10-21,Jayakwadi,0.0,17.234
2012-10-22,Jayakwadi,0.0,18.364
2012-10-23,Jayakwadi,0.0,19.494
2012-10-24,Jayakwadi,0.0,20.624
2012-10-25,Jayakwadi,0.0,21.754
2012-10-26,Jayakwadi,0.0,22.884
2012-10-27,Jayakwadi,0.0,24.014
2012-10-28,Jayakwadi,0.0,25.144
2012-10-29,Jayakwadi,0.0,26.274
2012-10-30,Jayakwadi,0.0,27.404
2012-10-31,Jayakwadi,0.0,28.534
2012-11-01,Jayakwadi,0.0,29.664
2012-11-02,Jayakwadi,0.0,24.014
2012-11-03,Jayakwadi,0.0,17.657
2012-11-04,Jayakwadi,0.0,12.36
2012-11-05,Jayakwadi,0.0,6.357
2012-11-06,Jayakwadi,0.0,1.059
2012-11-07,Jayakwadi,0.0,0.353
2012-11-08,Jayakwadi,0.0,1.059
2012-11-09,Jayakwadi,0.0,1.766
2012-11-10,Jayakwadi,0.0,2.472
2012-11-11,Jayakwadi,0.0,2.825
2012-11-12,Jayakwadi,0.0,7.063
2012-11-13,Jayakwadi,0.0,8.234
2012-11-14,Jayakwadi,0.0,9.405
2012-11-15,Jayakwadi,0.0,10.576
2012-11-16,Jayakwadi,0.0,11.747
2012-11-17,Jayakwadi,0.0,12.918
2012-11-18,Jayakwadi,0.0,14.089
2012-11-19,Jayakwadi,0.0,15.26
2012-11-20,Jayakwadi,0.0,16.431
2012-11-21,Jayakwadi,0.0,17.602
2012-11-22,Jayakwadi,0.0,18.773
2012-11-23,Jayakwadi,0.0,19.943
2012-11-24,Jayakwadi,0.0,21.114
2012-11-25,Jayakwadi,0.0,22.285
2012-11-26,Jayakwadi,0.0,23.456
2012-11-27,Jayakwadi,0.0,24.627
2012-11-28,Jayakwadi,0.0,25.798
2012-11-29,Jayakwadi,0.0,26.969
2012-11-30,Jayakwadi,0.0,28.14
2012-12-01,Jayakwadi,0.0,29.311
2012-12-02,Jayakwadi,0.0,24.014
2012-12-03,Jayakwadi,0.0,17.304
2012-12-04,Jayakwadi,0.0,12.007
2012-12-05,Jayakwadi,0.0,6.003
2012-12-06,Jayakwadi,0.0,1.059
2012-12-07,Jayakwadi,0.0,0.353
2012-12-08,Jayakwadi,0.0,1.059
2012-12-09,Jayakwadi,0.0,1.766
2012-12-10,Jayakwadi,0.0,2.472
2012-12-11,Jayakwadi,0.0,2.825
2012-12-12,Jayakwadi,0.0,7.063
2012-12-13,Jayakwadi,0.0,7.01
2012-12-14,Jayakwadi,0.0,6.957
2012-12-15,Jayakwadi,0.0,6.904
2012-12-16,Jayakwadi,0.0,6.851
2012-12-17,Jayakwadi,0.0,6.798
2012-12-18,Jayakwadi,0.0,6.745
2012-12-19,Jayakwadi,0.0,6.692
2012-12-20,Jayakwadi,0.0,6.639
2012-12-21,Jayakwadi,0.0,6.586
2012-12-22,Jayakwadi,0.0,6.533
2012-12-23,Jayakwadi,0.0,6.48
2012-12-24,Jayakwadi,0.0,6.427
2012-12-25,Jayakwadi,0.0,6.374
2012-12-26,Jayakwadi,0.0,6.321
2012-12-27,Jayakwadi,0.0,6.268
2012-12-28,Jayakwadi,0.0,6.215
2012-12-29,Jayakwadi,0.0,6.162
2012-12-30,Jayakwadi,0.0,6.109
2012-12-31,Jayakwadi,0.0,6.056
2013-01-01,Jayakwadi,0.0,6.003
2013-01-02,Jayakwadi,0.0,4.238
2013-01-03,Jayakwadi,0.0,2.472
2013-01-04,Jayakwadi,0.0,0.353
2013-01-05,Jayakwadi,0.0,1.236
2013-01-06,Jayakwadi,0.0,2.119
2013-01-07,Jayakwadi,0.0,3.002
2013-01-08,Jayakwadi,0.0,3.885
2013-01-09,Jayakwadi,0.0,13.243
2013-01-10,Jayakwadi,0.0,22.601
2013-01-11,Jayakwadi,0.0,24.72
2013-01-12,Jayakwadi,0.0,23.661
2013-01-13,Jayakwadi,0.0,22.778
2013-01-14,Jayakwadi,0.0,21.895
2013-01-15,Jayakwadi,0.0,21.012
2013-01-16,Jayakwadi,0.0,20.129
2013-01-17,Jayakwadi,0.0,19.246
2013-01-18,Jayakwadi,0.0,18.364
2013-01-19,Jayakwadi,0.0,17.481
2013-01-20,Jayakwadi,0.0,16.598
2013-01-21,Jayakwadi,0.0,15.715
2013-01-22,Jayakwadi,0.0,14.832
2013-01-23,Jayakwadi,0.0,13.949
2013-01-24,Jayakwadi,0.0,13.066
2013-01-25,Jayakwadi,0.0,12.184
2013-01-26,Jayakwadi,0.0,11.301
2013-01-27,Jayakwadi,0.0,10.418
2013-01-28,Jayakwadi,0.0,9.535
2013-01-29,Jayakwadi,0.0,8.652
2013-01-30,Jayakwadi,0.0,7.769
2013-01-31,Jayakwadi,0.0,6.886
2013-02-01,Jayakwadi,0.0,6.003
2013-02-02,Jayakwadi,0.0,4.238
2013-02-03,Jayakwadi,0.0,2.472
2013-02-04,Jayakwadi,0.0,0.353
2013-02-05,Jayakwadi,0.0,1.589
2013-02-06,Jayakwadi,0.0,2.825
2013-02-07,Jayakwadi,0.0,4.061
2013-02-08,Jayakwadi,0.0,5.297
2013-02-09,Jayakwadi,0.0,13.949
2013-02-10,Jayakwadi,0.0,22.601
2013-02-11,Jayakwadi,0.0,24.72
2013-02-12,Jayakwadi,0.0,23.308
2013-02-13,Jayakwadi,0.0,22.29
2013-02-14,Jayakwadi,0.0,21.272
2013-02-15,Jayakwadi,0.0,20.254
2013-02-16,Jayakwadi,0.0,19.236
2013-02-17,Jayakwadi,0.0,18.218
2013-02-18,Jayakwadi,0.0,17.2
2013-02-19,Jayakwadi,0.0,16.182
2013-02-20,Jayakwadi,0.0,15.165
2013-02-21,Jayakwadi,0.0,14.147
2013-02-22,Jayakwadi,0.0,13.129
2013-02-23,Jayakwadi,0.0,12.111
2013-02-24,Jayakwadi,0.0,11.093
2013-02-25,Jayakwadi,0.0,10.075
2013-02-26,Jayakwadi,0.0,9.057
2013-02-27,Jayakwadi,0.0,8.039
2013-02-28,Jayakwadi,0.0,7.021
2013-03-01,Jayakwadi,0.0,6.003
2013-03-02,Jayakwadi,0.0,4.238
2013-03-03,Jayakwadi,0.0,2.119
2013-03-04,Jayakwadi,0.0,3.249
2013-03-05,Jayakwadi,0.0,4.379
2013-03-06,Jayakwadi,0.0,5.509
2013-03-07,Jayakwadi,0.0,6.639
2013-03-08,Jayakwadi,0.0,7.769
2013-03-09,Jayakwadi,0.0,17.304
2013-03-10,Jayakwadi,0.0,22.601
2013-03-11,Jayakwadi,0.0,24.367
2013-03-12,Jayakwadi,0.0,23.308
2013-03-13,Jayakwadi,0.0,22.425
2013-03-14,Jayakwadi,0.0,21.542
2013-03-15,Jayakwadi,0.0,20.659
2013-03-16,Jayakwadi,0.0,19.776
2013-03-17,Jayakwadi,0.0,18.893
2013-03-18,Jayakwadi,0.0,18.01
2013-03-19,Jayakwadi,0.0,17.128
2013-03-20,Jayakwadi,0.0,16.245
2013-03-21,Jayakwadi,0.0,15.362
2013-03-22,Jayakwadi,0.0,14.479
2013-03-23,Jayakwadi,0.0,13.596
2013-03-24,Jayakwadi,0.0,12.713
2013-03-25,Jayakwadi,0.0,11.83
2013-03-26,Jayakwadi,0.0,10.948
2013-03-27,Jayakwadi,0.0,10.065
2013-03-28,Jayakwadi,0.0,9.182
2013-03-29,Jayakwadi,0.0,8.299
2013-03-30,Jayakwadi,0.0,7.416
2013-03-31,Jayakwadi,0.0,6.533
2013-04-01,Jayakwadi,0.0,5.65
2013-04-02,Jayakwadi,0.0,3.885
2013-04-03,Jayakwadi,0.0,2.119
2013-04-04,Jayakwadi,0.0,3.602
2013-04-05,Jayakwadi,0.0,5.085
2013-04-06,Jayakwadi,0.0,6.569
2013-04-07,Jayakwadi,0.0,8.052
2013-04-08,Jayakwadi,0.0,9.535
2013-04-09,Jayakwadi,0.0,17.304
2013-04-10,Jayakwadi,0.0,22.601
2013-04-11,Jayakwadi,0.0,24.367
2013-04-12,Jayakwadi,0.0,23.308
2013-04-13,Jayakwadi,0.0,22.378
2013-04-14,Jayakwadi,0.0,21.449
2013-04-15,Jayakwadi,0.0,20.52
2013-04-16,Jayakwadi,0.0,19.59
2013-04-17,Jayakwadi,0.0,18.661
2013-04-18,Jayakwadi,0.0,17.732
2013-04-19,Jayakwadi,0.0,16.802
2013-04-20,Jayakwadi,0.0,15.873
2013-04-21,Jayakwadi,0.0,14.944
2013-04-22,Jayakwadi,0.0,14.014
2013-04-23,Jayakwadi,0.0,13.085
2013-04-24,Jayakwadi,0.0,12.156
2013-04-25,Jayakwadi,0.0,11.226
2013-04-26,Jayakwadi,0.0,10.297
2013-04-27,Jayakwadi,0.0,9.368
2013-04-28,Jayakwadi,0.0,8.438
2013-04-29,Jayakwadi,0.0,7.509
2013-04-30,Jayakwadi,0.0,6.58
2013-05-01,Jayakwadi,0.0,5.65
2013-05-02,Jayakwadi,0.0,3.885
2013-05-03,Jayakwadi,0.0,2.119
2013-05-04,Jayakwadi,0.0,3.955
2013-05-05,Jayakwadi,0.0,5.792
2013-05-06,Jayakwadi,0.0,7.628
2013-05-07,Jayakwadi,0.0,9.465
2013-05-08,Jayakwadi,0.0,11.301
2013-05-09,Jayakwadi,0.0,17.304
2013-05-10,Jayakwadi,0.0,22.601
2013-05-11,Jayakwadi,0.0,24.367
2013-05-12,Jayakwadi,0.0,23.308
2013-05-13,Jayakwadi,0.0,22.425
2013-05-14,Jayakwadi,0.0,21.542
2013-05-15,Jayakwadi,0.0,20.659
2013-05-16,Jayakwadi,0.0,19.776
2013-05-17,Jayakwadi,0.0,18.893
2013-05-18,Jayakwadi,0.0,18.01
2013-05-19,Jayakwadi,0.0,17.128
2013-05-20,Jayakwadi,0.0,16.245
2013-05-21,Jayakwadi,0.0,15.362
2013-05-22,Jayakwadi,0.0,14.479
2013-05-23,Jayakwadi,0.0,13.596
2013-05-24,Jayakwadi,0.0,12.713
2013-05-25,Jayakwadi,0.0,11.83
2013-05-26,Jayakwadi,0.0,10.948
2013-05-27,Jayakwadi,0.0,10.065
2013-05-28,Jayakwadi,0.0,9.182
2013-05-29,Jayakwadi,0.0,8.299
2013-05-30,Jayakwadi,0.0,7.416
2013-05-31,Jayakwadi,0.0,6.533
2013-06-01,Jayakwadi,0.0,5.65
2013-06-02,Jayakwadi,0.0,3.885
2013-06-03,Jayakwadi,0.0,2.119
2013-06-04,Jayakwadi,0.0,3.955
2013-06-05,Jayakwadi,0.0,5.792
2013-06-06,Jayakwadi,0.0,7.628
2013-06-07,Jayakwadi,0.0,9.465
2013-06-08,Jayakwadi,0.0,11.301
2013-06-09,Jayakwadi,0.0,17.304
2013-06-10,Jayakwadi,0.0,22.955
2013-06-11,Jayakwadi,0.0,24.367
2013-06-12,Jayakwadi,0.0,23.308
2013-06-13,Jayakwadi,0.0,22.378
2013-06-14,Jayakwadi,0.0,21.449
2013-06-15,Jayakwadi,0.0,20.52
2013-06-16,Jayakwadi,0.0,19.59
2013-06-17,Jayakwadi,0.0,18.661
2013-06-18,Jayakwadi,0.0,17.732
2013-06-19,Jayakwadi,0.0,16.802
2013-06-20,Jayakwadi,0.0,15.873
2013-06-21,Jayakwadi,0.0,14.944
2013-06-22,Jayakwadi,0.0,14.014
2013-06-23,Jayakwadi,0.0,13.085
2013-06-24,Jayakwadi,0.0,12.156
2013-06-25,Jayakwadi,0.0,11.226
2013-06-26,Jayakwadi,0.0,10.297
2013-06-27,Jayakwadi,0.0,9.368
2013-06-28,Jayakwadi,0.0,8.438
2013-06-29,Jayakwadi,0.0,7.509
2013-06-30,Jayakwadi,0.0,6.58
2013-07-01,Jayakwadi,0.0,5.65
2013-07-02,Jayakwadi,0.0,3.885
2013-07-03,Jayakwadi,0.0,2.119
2013-07-04,Jayakwadi,0.0,4.026
2013-07-05,Jayakwadi,0.0,5.933
2013-07-06,Jayakwadi,0.0,7.84
2013-07-07,Jayakwadi,0.0,9.747
2013-07-08,Jayakwadi,0.0,11.654
2013-07-09,Jayakwadi,0.0,16.951
2013-07-10,Jayakwadi,0.0,23.308
2013-07-11,Jayakwadi,0.0,24.014
2013-07-12,Jayakwadi,0.0,22.955
2013-07-13,Jayakwadi,0.0,22.089
2013-07-14,Jayakwadi,0.0,21.224
2013-07-15,Jayakwadi,0.0,20.359
2013-07-16,Jayakwadi,0.0,19.494
2013-07-17,Jayakwadi,0.0,18.628
2013-07-18,Jayakwadi,0.0,17.763
2013-07-19,Jayakwadi,0.0,16.898
2013-07-20,Jayakwadi,0.0,16.033
2013-07-21,Jayakwadi,0.0,15.168
2013-07-22,Jayakwadi,0.0,14.302
2013-07-23,Jayakwadi,0.0,13.437
2013-07-24,Jayakwadi,0.0,12.572
2013-07-25,Jayakwadi,0.0,11.707
2013-07-26,Jayakwadi,0.0,10.842
2013-07-27,Jayakwadi,0.0,9.976
2013-07-28,Jayakwadi,0.0,9.111
2013-07-29,Jayakwadi,0.0,8.246
2013-07-30,Jayakwadi,0.0,7.381
2013-07-31,Jayakwadi,0.0,6.516
2013-08-01,Jayakwadi,0.0,5.65
2013-08-02,Jayakwadi,0.0,3.885
2013-08-03,Jayakwadi,0.0,2.119
2013-08-04,Jayakwadi,0.0,4.026
2013-08-05,Jayakwadi,0.0,5.933
2013-08-06,Jayakwadi,0.0,7.84
2013-08-07,Jayakwadi,0.0,9.747
2013-08-08,Jayakwadi,0.0,11.654
2013-08-09,Jayakwadi,0.0,16.951
2013-08-10,Jayakwadi,0.0,23.308
2013-08-11,Jayakwadi,0.0,24.014
2013-08-12,Jayakwadi,0.0,22.955
2013-08-13,Jayakwadi,0.0,22.089
2013-08-14,Jayakwadi,0.0,21.224
2013-08-15,Jayakwadi,0.0,20.359
2013-08-16,Jayakwadi,0.0,19.494
2013-08-17,Jayakwadi,0.0,18.628
2013-08-18,Jayakwadi,0.0,17.763
2013-08-19,Jayakwadi,0.0,16.898
2013-08-20,Jayakwadi,0.0,16.033
2013-08-21,Jayakwadi,0.0,15.168
2013-08-22,Jayakwadi,0.0,14.302
2013-08-23,Jayakwadi,0.0,13.437
2013-08-24,Jayakwadi,0.0,12.572
2013-08-25,Jayakwadi,0.0,11.707
2013-08-26,Jayakwadi,0.0,10.842
2013-08-27,Jayakwadi,0.0,9.976
2013-08-28,Jayakwadi,0.0,9.111
2013-08-29,Jayakwadi,0.0,8.246
2013-08-30,Jayakwadi,0.0,7.381
2013-08-31,Jayakwadi,0.0,6.516
2013-09-01,Jayakwadi,0.0,5.65
2013-09-02,Jayakwadi,0.0,3.531
2013-09-03,Jayakwadi,0.0,1.766
2013-09-04,Jayakwadi,0.0,3.814
2013-09-05,Jayakwadi,0.0,5.862
2013-09-06,Jayakwadi,0.0,7.911
2013-09-07,Jayakwadi,0.0,9.959
2013-09-08,Jayakwadi,0.0,12.007
2013-09-09,Jayakwadi,0.0,16.951
2013-09-10,Jayakwadi,0.0,23.308
2013-09-11,Jayakwadi,0.0,24.014
2013-09-12,Jayakwadi,0.0,22.601
2013-09-13,Jayakwadi,0.0,21.691
2013-09-14,Jayakwadi,0.0,20.78
2013-09-15,Jayakwadi,0.0,19.869
2013-09-16,Jayakwadi,0.0,18.958
2013-09-17,Jayakwadi,0.0,18.048
2013-09-18,Jayakwadi,0.0,17.137
2013-09-19,Jayakwadi,0.0,16.226
2013-09-20,Jayakwadi,0.0,15.315
2013-09-21,Jayakwadi,0.0,14.405
2013-09-22,Jayakwadi,0.0,13.494
2013-09-23,Jayakwadi,0.0,12.583
2013-09-24,Jayakwadi,0.0,11.672
2013-09-25,Jayakwadi,0.0,10.762
2013-09-26,Jayakwadi,0.0,9.851
2013-09-27,Jayakwadi,0.0,8.94
2013-09-28,Jayakwadi,0.0,8.029
2013-09-29,Jayakwadi,0.0,7.119
2013-09-30,Jayakwadi,0.0,6.208
2013-10-01,Jayakwadi,0.0,5.297
2013-10-02,Jayakwadi,0.0,3.531
2013-10-03,Jayakwadi,0.0,1.766
2013-10-04,Jayakwadi,0.0,3.814
2013-10-05,Jayakwadi,0.0,5.862
2013-10-06,Jayakwadi,0.0,7.911
2013-10-07,Jayakwadi,0.0,9.959
2013-10-08,Jayakwadi,0.0,12.007
2013-10-09,Jayakwadi,0.0,16.598
2013-10-10,Jayakwadi,0.0,23.308
2013-10-11,Jayakwadi,0.0,24.014
2013-10-12,Jayakwadi,0.0,22.248
2013-10-13,Jayakwadi,0.0,21.401
2013-10-14,Jayakwadi,0.0,20.553
2013-10-15,Jayakwadi,0.0,19.706
2013-10-16,Jayakwadi,0.0,18.858
2013-10-17,Jayakwadi,0.0,18.01
2013-10-18,Jayakwadi,0.0,17.163
2013-10-19,Jayakwadi,0.0,16.315
2013-10-20,Jayakwadi,0.0,15.468
2013-10-21,Jayakwadi,0.0,14.62
2013-10-22,Jayakwadi,0.0,13.773
2013-10-23,Jayakwadi,0.0,12.925
2013-10-24,Jayakwadi,0.0,12.078
2013-10-25,Jayakwadi,0.0,11.23
2013-10-26,Jayakwadi,0.0,10.383
2013-10-27,Jayakwadi,0.0,9.535
2013-10-28,Jayakwadi,0.0,8.687
2013-10-29,Jayakwadi,0.0,7.84
2013-10-30,Jayakwadi,0.0,6.992
2013-10-31,Jayakwadi,0.0,6.145
2013-11-01,Jayakwadi,0.0,5.297
2013-11-02,Jayakwadi,0.0,3.531
2013-11-03,Jayakwadi,0.0,1.766
2013-11-04,Jayakwadi,0.0,0.353
2013-11-05,Jayakwadi,0.0,3.266
2013-11-06,Jayakwadi,0.0,6.18
2013-11-07,Jayakwadi,0.0,9.093
2013-11-08,Jayakwadi,0.0,12.007
2013-11-09,Jayakwadi,0.0,16.598
2013-11-10,Jayakwadi,0.0,23.661
2013-11-11,Jayakwadi,0.0,23.661
2013-11-12,Jayakwadi,0.0,22.248
2013-11-13,Jayakwadi,0.0,21.356
2013-11-14,Jayakwadi,0.0,20.464
2013-11-15,Jayakwadi,0.0,19.572
2013-11-16,Jayakwadi,0.0,18.68
2013-11-17,Jayakwadi,0.0,17.787
2013-11-18,Jayakwadi,0.0,16.895
2013-11-19,Jayakwadi,0.0,16.003
2013-11-20,Jayakwadi,0.0,15.111
2013-11-21,Jayakwadi,0.0,14.219
2013-11-22,Jayakwadi,0.0,13.327
2013-11-23,Jayakwadi,0.0,12.434
2013-11-24,Jayakwadi,0.0,11.542
2013-11-25,Jayakwadi,0.0,10.65
2013-11-26,Jayakwadi,0.0,9.758
2013-11-27,Jayakwadi,0.0,8.866
2013-11-28,Jayakwadi,0.0,7.974
2013-11-29,Jayakwadi,0.0,7.082
2013-11-30,Jayakwadi,0.0,6.189
2013-12-01,Jayakwadi,0.0,5.297
2013-12-02,Jayakwadi,0.0,3.178
2013-12-03,Jayakwadi,0.0,1.766
2013-12-04,Jayakwadi,0.0,3.814
2013-12-05,Jayakwadi,0.0,5.862
2013-12-06,Jayakwadi,0.0,7.911
2013-12-07,Jayakwadi,0.0,9.959
2013-12-08,Jayakwadi,0.0,12.007
2013-12-09,Jayakwadi,0.0,16.951
2013-12-10,Jayakwadi,0.0,24.014
2013-12-11,Jayakwadi,0.0,23.661
2013-12-12,Jayakwadi,0.0,22.248
2013-12-13,Jayakwadi,0.0,22.142
2013-12-14,Jayakwadi,0.0,22.036
2013-12-15,Jayakwadi,0.0,21.93
2013-12-16,Jayakwadi,0.0,21.824
2013-12-17,Jayakwadi,0.0,21.719
2013-12-18,Jayakwadi,0.0,21.613
2013-12-19,Jayakwadi,0.0,21.507
2013-12-20,Jayakwadi,0.0,21.401
2013-12-21,Jayakwadi,0.0,21.295
2013-12-22,Jayakwadi,0.0,21.189
2013-12-23,Jayakwadi,0.0,21.083
2013-12-24,Jayakwadi,0.0,20.977
2013-12-25,Jayakwadi,0.0,20.871
2013-12-26,Jayakwadi,0.0,20.765
2013-12-27,Jayakwadi,0.0,20.659
2013-12-28,Jayakwadi,0.0,20.553
2013-12-29,Jayakwadi,0.0,20.447
2013-12-30,Jayakwadi,0.0,20.341
2013-12-31,Jayakwadi,0.0,20.235
2014-01-01,Jayakwadi,0.0,20.129
2014-01-02,Jayakwadi,0.0,16.245
2014-01-03,Jayakwadi,0.0,13.42
2014-01-04,Jayakwadi,0.0,11.654
2014-01-05,Jayakwadi,0.0,9.182
2014-01-06,Jayakwadi,0.0,4.944
2014-01-07,Jayakwadi,0.0,2.825
2014-01-08,Jayakwadi,0.0,3.178
2014-01-09,Jayakwadi,0.0,11.654
2014-01-10,Jayakwadi,0.0,20.129
2014-01-11,Jayakwadi,0.0,28.605
2014-01-12,Jayakwadi,0.0,21.542
2014-01-13,Jayakwadi,0.0,21.471
2014-01-14,Jayakwadi,0.0,21.401
2014-01-15,Jayakwadi,0.0,21.33
2014-01-16,Jayakwadi,0.0,21.259
2014-01-17,Jayakwadi,0.0,21.189
2014-01-18,Jayakwadi,0.0,21.118
2014-01-19,Jayakwadi,0.0,21.048
2014-01-20,Jayakwadi,0.0,20.977
2014-01-21,Jayakwadi,0.0,20.906
2014-01-22,Jayakwadi,0.0,20.836
2014-01-23,Jayakwadi,0.0,20.765
2014-01-24,Jayakwadi,0.0,20.694
2014-01-25,Jayakwadi,0.0,20.624
2014-01-26,Jayakwadi,0.0,20.553
2014-01-27,Jayakwadi,0.0,20.483
2014-01-28,Jayakwadi,0.0,20.412
2014-01-29,Jayakwadi,0.0,20.341
2014-01-30,Jayakwadi,0.0,20.271
2014-01-31,Jayakwadi,0.0,20.2
2014-02-01,Jayakwadi,0.0,20.129
2014-02-02,Jayakwadi,0.0,15.892
2014-02-03,Jayakwadi,0.0,13.42
2014-02-04,Jayakwadi,0.0,11.654
2014-02-05,Jayakwadi,0.0,8.829
2014-02-06,Jayakwadi,0.0,4.944
2014-02-07,Jayakwadi,0.0,2.825
2014-02-08,Jayakwadi,0.0,4.944
2014-02-09,Jayakwadi,0.0,12.713
2014-02-10,Jayakwadi,0.0,20.483
2014-02-11,Jayakwadi,0.0,28.252
2014-02-12,Jayakwadi,0.0,21.542
2014-02-13,Jayakwadi,0.0,21.459
2014-02-14,Jayakwadi,0.0,21.376
2014-02-15,Jayakwadi,0.0,21.293
2014-02-16,Jayakwadi,0.0,21.21
2014-02-17,Jayakwadi,0.0,21.126
2014-02-18,Jayakwadi,0.0,21.043
2014-02-19,Jayakwadi,0.0,20.96
2014-02-20,Jayakwadi,0.0,20.877
2014-02-21,Jayakwadi,0.0,20.794
2014-02-22,Jayakwadi,0.0,20.711
2014-02-23,Jayakwadi,0.0,20.628
2014-02-24,Jayakwadi,0.0,20.545
2014-02-25,Jayakwadi,0.0,20.462
2014-02-26,Jayakwadi,0.0,20.379
2014-02-27,Jayakwadi,0.0,20.296
2014-02-28,Jayakwadi,0.0,20.212
2014-03-01,Jayakwadi,0.0,20.129
2014-03-02,Jayakwadi,0.0,15.892
2014-03-03,Jayakwadi,0.0,13.42
2014-03-04,Jayakwadi,0.0,11.301
2014-03-05,Jayakwadi,0.0,8.829
2014-03-06,Jayakwadi,0.0,4.591
2014-03-07,Jayakwadi,0.0,2.825
2014-03-08,Jayakwadi,0.0,5.65
2014-03-09,Jayakwadi,0.0,13.066
2014-03-10,Jayakwadi,0.0,20.483
2014-03-11,Jayakwadi,0.0,27.899
2014-03-12,Jayakwadi,0.0,21.189
2014-03-13,Jayakwadi,0.0,21.136
2014-03-14,Jayakwadi,0.0,21.083
2014-03-15,Jayakwadi,0.0,21.03
2014-03-16,Jayakwadi,0.0,20.977
2014-03-17,Jayakwadi,0.0,20.924
2014-03-18,Jayakwadi,0.0,20.871
2014-03-19,Jayakwadi,0.0,20.818
2014-03-20,Jayakwadi,0.0,20.765
2014-03-21,Jayakwadi,0.0,20.712
2014-03-22,Jayakwadi,0.0,20.659
2014-03-23,Jayakwadi,0.0,20.606
2014-03-24,Jayakwadi,0.0,20.553
2014-03-25,Jayakwadi,0.0,20.5
2014-03-26,Jayakwadi,0.0,20.447
2014-03-27,Jayakwadi,0.0,20.394
2014-03-28,Jayakwadi,0.0,20.341
2014-03-29,Jayakwadi,0.0,20.288
2014-03-30,Jayakwadi,0.0,20.235
2014-03-31,Jayakwadi,0.0,20.182
2014-04-01,Jayakwadi,0.0,20.129
2014-04-02,Jayakwadi,0.0,15.538
2014-04-03,Jayakwadi,0.0,13.066
2014-04-04,Jayakwadi,0.0,11.301
2014-04-05,Jayakwadi,0.0,8.476
2014-04-06,Jayakwadi,0.0,4.591
2014-04-07,Jayakwadi,0.0,2.472
2014-04-08,Jayakwadi,0.0,6.357
2014-04-09,Jayakwadi,0.0,13.42
2014-04-10,Jayakwadi,0.0,20.482
2014-04-11,Jayakwadi,0.0,27.545
2014-04-12,Jayakwadi,0.0,21.189
2014-04-13,Jayakwadi,0.0,21.133
2014-04-14,Jayakwadi,0.0,21.077
2014-04-15,Jayakwadi,0.0,21.022
2014-04-16,Jayakwadi,0.0,20.966
2014-04-17,Jayakwadi,0.0,20.91
2014-04-18,Jayakwadi,0.0,20.854
2014-04-19,Jayakwadi,0.0,20.798
2014-04-20,Jayakwadi,0.0,20.743
2014-04-21,Jayakwadi,0.0,20.687
2014-04-22,Jayakwadi,0.0,20.631
2014-04-23,Jayakwadi,0.0,20.575
2014-04-24,Jayakwadi,0.0,20.52
2014-04-25,Jayakwadi,0.0,20.464
2014-04-26,Jayakwadi,0.0,20.408
2014-04-27,Jayakwadi,0.0,20.352
2014-04-28,Jayakwadi,0.0,20.297
2014-04-29,Jayakwadi,0.0,20.241
2014-04-30,Jayakwadi,0.0,20.185
2014-05-01,Jayakwadi,0.0,20.129
2014-05-02,Jayakwadi,0.0,15.538
2014-05-03,Jayakwadi,0.0,13.066
2014-05-04,Jayakwadi,0.0,11.301
2014-05-05,Jayakwadi,0.0,8.476
2014-05-06,Jayakwadi,0.0,4.591
2014-05-07,Jayakwadi,0.0,2.472
2014-05-08,Jayakwadi,0.0,7.063
2014-05-09,Jayakwadi,0.0,13.773
2014-05-10,Jayakwadi,0.0,20.482
2014-05-11,Jayakwadi,0.0,27.192
2014-05-12,Jayakwadi,0.0,21.189
2014-05-13,Jayakwadi,0.0,21.118
2014-05-14,Jayakwadi,0.0,21.048
2014-05-15,Jayakwadi,0.0,20.977
2014-05-16,Jayakwadi,0.0,20.906
2014-05-17,Jayakwadi,0.0,20.836
2014-05-18,Jayakwadi,0.0,20.765
2014-05-19,Jayakwadi,0.0,20.694
2014-05-20,Jayakwadi,0.0,20.624
2014-05-21,Jayakwadi,0.0,20.553
2014-05-22,Jayakwadi,0.0,20.483
2014-05-23,Jayakwadi,0.0,20.412
2014-05-24,Jayakwadi,0.0,20.341
2014-05-25,Jayakwadi,0.0,20.271
2014-05-26,Jayakwadi,0.0,20.2
2014-05-27,Jayakwadi,0.0,20.129
2014-05-28,Jayakwadi,0.0,20.059
2014-05-29,Jayakwadi,0.0,19.988
2014-05-30,Jayakwadi,0.0,19.917
2014-05-31,Jayakwadi,0.0,19.847
2014-06-01,Jayakwadi,0.0,19.776
2014-06-02,Jayakwadi,0.0,15.538
2014-06-03,Jayakwadi,0.0,13.066
2014-06-04,Jayakwadi,0.0,11.301
2014-06-05,Jayakwadi,0.0,8.476
2014-06-06,Jayakwadi,0.0,4.591
2014-06-07,Jayakwadi,0.0,2.472
2014-06-08,Jayakwadi,0.0,8.122
2014-06-09,Jayakwadi,0.0,14.361
2014-06-10,Jayakwadi,0.0,20.6
2014-06-11,Jayakwadi,0.0,26.839
2014-06-12,Jayakwadi,0.0,21.189
2014-06-13,Jayakwadi,0.0,21.114
2014-06-14,Jayakwadi,0.0,21.04
2014-06-15,Jayakwadi,0.0,20.966
2014-06-16,Jayakwadi,0.0,20.891
2014-06-17,Jayakwadi,0.0,20.817
2014-06-18,Jayakwadi,0.0,20.743
2014-06-19,Jayakwadi,0.0,20.668
2014-06-20,Jayakwadi,0.0,20.594
2014-06-21,Jayakwadi,0.0,20.52
2014-06-22,Jayakwadi,0.0,20.445
2014-06-23,Jayakwadi,0.0,20.371
2014-06-24,Jayakwadi,0.0,20.297
2014-06-25,Jayakwadi,0.0,20.222
2014-06-26,Jayakwadi,0.0,20.148
2014-06-27,Jayakwadi,0.0,20.074
2014-06-28,Jayakwadi,0.0,19.999
2014-06-29,Jayakwadi,0.0,19.925
2014-06-30,Jayakwadi,0.0,19.851
2014-07-01,Jayakwadi,0.0,19.776
2014-07-02,Jayakwadi,0.0,15.538
2014-07-03,Jayakwadi,0.0,13.066
2014-07-04,Jayakwadi,0.0,11.301
2014-07-05,Jayakwadi,0.0,8.122
2014-07-06,Jayakwadi,0.0,4.591
2014-07-07,Jayakwadi,0.0,2.119
2014-07-08,Jayakwadi,0.0,9.888
2014-07-09,Jayakwadi,0.0,15.421
2014-07-10,Jayakwadi,0.0,20.953
2014-07-11,Jayakwadi,0.0,26.486
2014-07-12,Jayakwadi,0.0,20.836
2014-07-13,Jayakwadi,0.0,20.783
2014-07-14,Jayakwadi,0.0,20.73
2014-07-15,Jayakwadi,0.0,20.677
2014-07-16,Jayakwadi,0.0,20.624
2014-07-17,Jayakwadi,0.0,20.571
2014-07-18,Jayakwadi,0.0,20.518
2014-07-19,Jayakwadi,0.0,20.465
2014-07-20,Jayakwadi,0.0,20.412
2014-07-21,Jayakwadi,0.0,20.359
2014-07-22,Jayakwadi,0.0,20.306
2014-07-23,Jayakwadi,0.0,20.253
2014-07-24,Jayakwadi,0.0,20.2
2014-07-25,Jayakwadi,0.0,20.147
2014-07-26,Jayakwadi,0.0,20.094
2014-07-27,Jayakwadi,0.0,20.041
2014-07-28,Jayakwadi,0.0,19.988
2014-07-29,Jayakwadi,0.0,19.935
2014-07-30,Jayakwadi,0.0,19.882
2014-07-31,Jayakwadi,991.06,19.829
2014-08-01,Jayakwadi,672.832,19.776
2014-08-02,Jayakwadi,449.995,15.185
2014-08-03,Jayakwadi,298.172,13.066
2014-08-04,Jayakwadi,469.85,10.948
2014-08-05,Jayakwadi,542.364,8.122
2014-08-06,Jayakwadi,603.829,4.238
2014-08-07,Jayakwadi,284.2,2.119
2014-08-08,Jayakwadi,453.252,10.948
2014-08-09,Jayakwadi,259.04,16.01
2014-08-10,Jayakwadi,128.911,21.071
2014-08-11,Jayakwadi,0.0,26.133
2014-08-12,Jayakwadi,0.0,20.836
2014-08-13,Jayakwadi,0.0,20.765
2014-08-14,Jayakwadi,0.0,20.694
2014-08-15,Jayakwadi,51.122,20.624
2014-08-16,Jayakwadi,34.975,20.553
2014-08-17,Jayakwadi,18.829,20.483
2014-08-18,Jayakwadi,17.964,20.412
2014-08-19,Jayakwadi,17.099,20.341
2014-08-20,Jayakwadi,16.234,20.271
2014-08-21,Jayakwadi,15.369,20.2
2014-08-22,Jayakwadi,99.182,20.129
2014-08-23,Jayakwadi,182.996,20.059
2014-08-24,Jayakwadi,128.911,19.988
2014-08-25,Jayakwadi,212.428,19.917
2014-08-26,Jayakwadi,145.699,19.847
2014-08-27,Jayakwadi,220.0,19.776
2014-08-28,Jayakwadi,131.96,19.706
2014-08-29,Jayakwadi,43.921,19.635
2014-08-30,Jayakwadi,146.442,19.564
2014-08-31,Jayakwadi,248.964,19.494
2014-09-01,Jayakwadi,221.542,19.423
2014-09-02,Jayakwadi,566.645,15.185
2014-09-03,Jayakwadi,232.087,13.066
2014-09-04,Jayakwadi,392.851,10.948
2014-09-05,Jayakwadi,440.396,8.122
2014-09-06,Jayakwadi,817.848,4.238
2014-09-07,Jayakwadi,534.828,2.119
2014-09-08,Jayakwadi,182.969,11.301
2014-09-09,Jayakwadi,842.004,16.01
2014-09-10,Jayakwadi,795.944,20.718
2014-09-11,Jayakwadi,495.544,25.427
2014-09-12,Jayakwadi,339.188,20.836
2014-09-13,Jayakwadi,77.693,20.761
2014-09-14,Jayakwadi,261.01,20.687
2014-09-15,Jayakwadi,15.869,20.613
2014-09-16,Jayakwadi,0.0,20.538
2014-09-17,Jayakwadi,0.0,20.464
2014-09-18,Jayakwadi,0.0,20.39
2014-09-19,Jayakwadi,0.0,20.315
2014-09-20,Jayakwadi,0.0,20.241
2014-09-21,Jayakwadi,0.0,20.167
2014-09-22,Jayakwadi,0.0,20.092
2014-09-23,Jayakwadi,0.0,20.018
2014-09-24,Jayakwadi,0.0,19.943
2014-09-25,Jayakwadi,0.0,19.869
2014-09-26,Jayakwadi,0.0,19.795
2014-09-27,Jayakwadi,0.0,19.72
2014-09-28,Jayakwadi,0.0,19.646
2014-09-29,Jayakwadi,0.0,19.572
2014-09-30,Jayakwadi,0.0,19.497
2014-10-01,Jayakwadi,0.0,19.423
2014-10-02,Jayakwadi,0.0,15.185
2014-10-03,Jayakwadi,0.0,13.066
2014-10-04,Jayakwadi,0.0,10.948
2014-10-05,Jayakwadi,0.0,8.122
2014-10-06,Jayakwadi,0.0,4.238
2014-10-07,Jayakwadi,0.0,2.472
2014-10-08,Jayakwadi,0.0,12.007
2014-10-09,Jayakwadi,0.0,16.48
2014-10-10,Jayakwadi,0.0,20.954
2014-10-11,Jayakwadi,0.0,25.427
2014-10-12,Jayakwadi,0.0,20.836
2014-10-13,Jayakwadi,0.0,20.765
2014-10-14,Jayakwadi,0.0,20.694
2014-10-15,Jayakwadi,0.0,20.624
2014-10-16,Jayakwadi,0.0,20.553
2014-10-17,Jayakwadi,0.0,20.483
2014-10-18,Jayakwadi,0.0,20.412
2014-10-19,Jayakwadi,0.0,20.341
2014-10-20,Jayakwadi,0.0,20.271
2014-10-21,Jayakwadi,0.0,20.2
2014-10-22,Jayakwadi,0.0,20.129
2014-10-23,Jayakwadi,0.0,20.059
2014-10-24,Jayakwadi,0.0,19.988
2014-10-25,Jayakwadi,0.0,19.917
2014-10-26,Jayakwadi,0.0,19.847
2014-10-27,Jayakwadi,0.0,19.776
2014-10-28,Jayakwadi,0.0,19.706
2014-10-29,Jayakwadi,0.0,19.635
2014-10-30,Jayakwadi,0.0,19.564
2014-10-31,Jayakwadi,0.0,19.494
2014-11-01,Jayakwadi,0.0,19.423
2014-11-02,Jayakwadi,0.0,14.832
2014-11-03,Jayakwadi,0.0,13.066
2014-11-04,Jayakwadi,0.0,10.594
2014-11-05,Jayakwadi,0.0,7.769
2014-11-06,Jayakwadi,0.0,4.238
2014-11-07,Jayakwadi,0.0,2.119
2014-11-08,Jayakwadi,0.0,12.36
2014-11-09,Jayakwadi,0.0,22.602
2014-11-10,Jayakwadi,0.0,32.843
2014-11-11,Jayakwadi,0.0,25.073
2014-11-12,Jayakwadi,0.0,21.189
2014-11-13,Jayakwadi,0.0,21.077
2014-11-14,Jayakwadi,0.0,20.966
2014-11-15,Jayakwadi,0.0,20.854
2014-11-16,Jayakwadi,0.0,20.743
2014-11-17,Jayakwadi,0.0,20.631
2014-11-18,Jayakwadi,0.0,20.52
2014-11-19,Jayakwadi,0.0,20.408
2014-11-20,Jayakwadi,0.0,20.297
2014-11-21,Jayakwadi,0.0,20.185
2014-11-22,Jayakwadi,0.0,20.074
2014-11-23,Jayakwadi,0.0,19.962
2014-11-24,Jayakwadi,0.0,19.851
2014-11-25,Jayakwadi,0.0,19.739
2014-11-26,Jayakwadi,0.0,19.628
2014-11-27,Jayakwadi,0.0,19.516
2014-11-28,Jayakwadi,0.0,19.404
2014-11-29,Jayakwadi,0.0,19.293
2014-11-30,Jayakwadi,0.0,19.181
2014-12-01,Jayakwadi,0.0,19.07
2014-12-02,Jayakwadi,0.0,14.832
2014-12-03,Jayakwadi,0.0,12.713
2014-12-04,Jayakwadi,0.0,10.594
2014-12-05,Jayakwadi,0.0,7.769
2014-12-06,Jayakwadi,0.0,4.238
2014-12-07,Jayakwadi,0.0,2.119
2014-12-08,Jayakwadi,0.0,12.36
2014-12-09,Jayakwadi,0.0,22.602
2014-12-10,Jayakwadi,0.0,32.843
2014-12-11,Jayakwadi,0.0,24.72
2014-12-12,Jayakwadi,0.0,21.542
2014-12-13,Jayakwadi,0.0,21.63
2014-12-14,Jayakwadi,0.0,21.719
2014-12-15,Jayakwadi,0.0,21.807
2014-12-16,Jayakwadi,0.0,21.895
2014-12-17,Jayakwadi,0.0,21.983
2014-12-18,Jayakwadi,0.0,22.072
2014-12-19,Jayakwadi,0.0,22.16
2014-12-20,Jayakwadi,0.0,22.248
2014-12-21,Jayakwadi,0.0,22.337
2014-12-22,Jayakwadi,0.0,22.425
2014-12-23,Jayakwadi,0.0,22.513
2014-12-24,Jayakwadi,0.0,22.601
2014-12-25,Jayakwadi,0.0,22.69
2014-12-26,Jayakwadi,0.0,22.778
2014-12-27,Jayakwadi,0.0,22.866
2014-12-28,Jayakwadi,0.0,22.955
2014-12-29,Jayakwadi,0.0,23.043
2014-12-30,Jayakwadi,0.0,23.131
2014-12-31,Jayakwadi,0.0,23.219
2015-01-01,Jayakwadi,0.0,23.308
2015-01-02,Jayakwadi,0.0,19.776
2015-01-03,Jayakwadi,0.0,14.479
2015-01-04,Jayakwadi,0.0,9.535
2015-01-05,Jayakwadi,0.0,6.71
2015-01-06,Jayakwadi,0.0,2.472
2015-01-07,Jayakwadi,0.0,1.413
2015-01-08,Jayakwadi,0.0,4.238
2015-01-09,Jayakwadi,0.0,2.825
2015-01-10,Jayakwadi,0.0,3.178
2015-01-11,Jayakwadi,0.0,3.531
2015-01-12,Jayakwadi,0.0,8.476
2015-01-13,Jayakwadi,0.0,9.217
2015-01-14,Jayakwadi,0.0,9.959
2015-01-15,Jayakwadi,0.0,10.7
2015-01-16,Jayakwadi,0.0,11.442
2015-01-17,Jayakwadi,0.0,12.184
2015-01-18,Jayakwadi,0.0,12.925
2015-01-19,Jayakwadi,0.0,13.667
2015-01-20,Jayakwadi,0.0,14.408
2015-01-21,Jayakwadi,0.0,15.15
2015-01-22,Jayakwadi,0.0,15.892
2015-01-23,Jayakwadi,0.0,16.633
2015-01-24,Jayakwadi,0.0,17.375
2015-01-25,Jayakwadi,0.0,18.116
2015-01-26,Jayakwadi,0.0,18.858
2015-01-27,Jayakwadi,0.0,19.6
2015-01-28,Jayakwadi,0.0,20.341
2015-01-29,Jayakwadi,0.0,21.083
2015-01-30,Jayakwadi,0.0,21.824
2015-01-31,Jayakwadi,0.0,22.566
2015-02-01,Jayakwadi,0.0,23.308
2015-02-02,Jayakwadi,0.0,19.423
2015-02-03,Jayakwadi,0.0,14.126
2015-02-04,Jayakwadi,0.0,9.535
2015-02-05,Jayakwadi,0.0,6.71
2015-02-06,Jayakwadi,0.0,2.472
2015-02-07,Jayakwadi,0.0,1.059
2015-02-08,Jayakwadi,0.0,4.591
2015-02-09,Jayakwadi,0.0,2.825
2015-02-10,Jayakwadi,0.0,4.944
2015-02-11,Jayakwadi,0.0,3.531
2015-02-12,Jayakwadi,0.0,8.476
2015-02-13,Jayakwadi,0.0,9.327
2015-02-14,Jayakwadi,0.0,10.179
2015-02-15,Jayakwadi,0.0,11.031
2015-02-16,Jayakwadi,0.0,11.882
2015-02-17,Jayakwadi,0.0,12.734
2015-02-18,Jayakwadi,0.0,13.586
2015-02-19,Jayakwadi,0.0,14.437
2015-02-20,Jayakwadi,0.0,15.289
2015-02-21,Jayakwadi,0.0,16.141
2015-02-22,Jayakwadi,0.0,16.993
2015-02-23,Jayakwadi,0.0,17.844
2015-02-24,Jayakwadi,0.0,18.696
2015-02-25,Jayakwadi,0.0,19.548
2015-02-26,Jayakwadi,0.0,20.399
2015-02-27,Jayakwadi,0.0,21.251
2015-02-28,Jayakwadi,0.0,22.103
2015-03-01,Jayakwadi,0.0,22.955
2015-03-02,Jayakwadi,0.0,19.423
2015-03-03,Jayakwadi,0.0,14.126
2015-03-04,Jayakwadi,0.0,9.182
2015-03-05,Jayakwadi,0.0,6.71
2015-03-06,Jayakwadi,0.0,2.119
2015-03-07,Jayakwadi,0.0,1.059
2015-03-08,Jayakwadi,0.0,4.591
2015-03-09,Jayakwadi,0.0,4.944
2015-03-10,Jayakwadi,0.0,5.297
2015-03-11,Jayakwadi,0.0,3.178
2015-03-12,Jayakwadi,0.0,8.476
2015-03-13,Jayakwadi,0.0,9.199
2015-03-14,Jayakwadi,0.0,9.923
2015-03-15,Jayakwadi,0.0,10.647
2015-03-16,Jayakwadi,0.0,11.371
2015-03-17,Jayakwadi,0.0,12.095
2015-03-18,Jayakwadi,0.0,12.819
2015-03-19,Jayakwadi,0.0,13.543
2015-03-20,Jayakwadi,0.0,14.267
2015-03-21,Jayakwadi,0.0,14.991
2015-03-22,Jayakwadi,0.0,15.715
2015-03-23,Jayakwadi,0.0,16.439
2015-03-24,Jayakwadi,0.0,17.163
2015-03-25,Jayakwadi,0.0,17.887
2015-03-26,Jayakwadi,0.0,18.611
2015-03-27,Jayakwadi,0.0,19.335
2015-03-28,Jayakwadi,0.0,20.059
2015-03-29,Jayakwadi,0.0,20.783
2015-03-30,Jayakwadi,0.0,21.507
2015-03-31,Jayakwadi,0.0,22.231
2015-04-01,Jayakwadi,0.0,22.955
2015-04-02,Jayakwadi,0.0,19.423
2015-04-03,Jayakwadi,0.0,13.773
2015-04-04,Jayakwadi,0.0,9.182
2015-04-05,Jayakwadi,0.0,6.357
2015-04-06,Jayakwadi,0.0,2.119
2015-04-07,Jayakwadi,0.0,1.059
2015-04-08,Jayakwadi,0.0,4.591
2015-04-09,Jayakwadi,0.0,4.944
2015-04-10,Jayakwadi,0.0,5.297
2015-04-11,Jayakwadi,0.0,3.531
2015-04-12,Jayakwadi,0.0,8.476
2015-04-13,Jayakwadi,0.0,9.219
2015-04-14,Jayakwadi,0.0,9.962
2015-04-15,Jayakwadi,0.0,10.706
2015-04-16,Jayakwadi,0.0,11.449
2015-04-17,Jayakwadi,0.0,12.193
2015-04-18,Jayakwadi,0.0,12.936
2015-04-19,Jayakwadi,0.0,13.68
2015-04-20,Jayakwadi,0.0,14.423
2015-04-21,Jayakwadi,0.0,15.167
2015-04-22,Jayakwadi,0.0,15.91
2015-04-23,Jayakwadi,0.0,16.654
2015-04-24,Jayakwadi,0.0,17.397
2015-04-25,Jayakwadi,0.0,18.141
2015-04-26,Jayakwadi,0.0,18.884
2015-04-27,Jayakwadi,0.0,19.628
2015-04-28,Jayakwadi,0.0,20.371
2015-04-29,Jayakwadi,0.0,21.114
2015-04-30,Jayakwadi,0.0,21.858
2015-05-01,Jayakwadi,0.0,22.601
2015-05-02,Jayakwadi,0.0,19.423
2015-05-03,Jayakwadi,0.0,13.42
2015-05-04,Jayakwadi,0.0,9.182
2015-05-05,Jayakwadi,0.0,6.357
2015-05-06,Jayakwadi,0.0,1.766
2015-05-07,Jayakwadi,0.0,1.059
2015-05-08,Jayakwadi,0.0,4.591
2015-05-09,Jayakwadi,0.0,2.825
2015-05-10,Jayakwadi,0.0,5.297
2015-05-11,Jayakwadi,0.0,3.531
2015-05-12,Jayakwadi,0.0,8.476
2015-05-13,Jayakwadi,0.0,9.182
2015-05-14,Jayakwadi,0.0,9.888
2015-05-15,Jayakwadi,0.0,10.594
2015-05-16,Jayakwadi,0.0,11.301
2015-05-17,Jayakwadi,0.0,12.007
2015-05-18,Jayakwadi,0.0,12.713
2015-05-19,Jayakwadi,0.0,13.42
2015-05-20,Jayakwadi,0.0,14.126
2015-05-21,Jayakwadi,0.0,14.832
2015-05-22,Jayakwadi,0.0,15.538
2015-05-23,Jayakwadi,0.0,16.245
2015-05-24,Jayakwadi,0.0,16.951
2015-05-25,Jayakwadi,0.0,17.657
2015-05-26,Jayakwadi,0.0,18.364
2015-05-27,Jayakwadi,0.0,19.07
2015-05-28,Jayakwadi,0.0,19.776
2015-05-29,Jayakwadi,0.0,20.483
2015-05-30,Jayakwadi,0.0,21.189
2015-05-31,Jayakwadi,0.0,21.895
2015-06-01,Jayakwadi,0.0,22.601
2015-06-02,Jayakwadi,0.0,19.07
2015-06-03,Jayakwadi,0.0,13.42
2015-06-04,Jayakwadi,0.0,8.829
2015-06-05,Jayakwadi,0.0,6.357
2015-06-06,Jayakwadi,0.0,1.766
2015-06-07,Jayakwadi,0.0,1.059
2015-06-08,Jayakwadi,0.0,4.591
2015-06-09,Jayakwadi,0.0,4.768
2015-06-10,Jayakwadi,0.0,4.944
2015-06-11,Jayakwadi,0.0,4.238
2015-06-12,Jayakwadi,0.0,8.122
2015-06-13,Jayakwadi,0.0,8.866
2015-06-14,Jayakwadi,0.0,9.609
2015-06-15,Jayakwadi,0.0,10.353
2015-06-16,Jayakwadi,0.0,11.096
2015-06-17,Jayakwadi,0.0,11.84
2015-06-18,Jayakwadi,0.0,12.583
2015-06-19,Jayakwadi,0.0,13.327
2015-06-20,Jayakwadi,0.0,14.07
2015-06-21,Jayakwadi,0.0,14.814
2015-06-22,Jayakwadi,0.0,15.557
2015-06-23,Jayakwadi,0.0,16.301
2015-06-24,Jayakwadi,0.0,17.044
2015-06-25,Jayakwadi,0.0,17.787
2015-06-26,Jayakwadi,0.0,18.531
2015-06-27,Jayakwadi,0.0,19.274
2015-06-28,Jayakwadi,0.0,20.018
2015-06-29,Jayakwadi,0.0,20.761
2015-06-30,Jayakwadi,0.0,21.505
2015-07-01,Jayakwadi,0.0,22.248
2015-07-02,Jayakwadi,0.0,19.07
2015-07-03,Jayakwadi,0.0,13.066
2015-07-04,Jayakwadi,0.0,8.829
2015-07-05,Jayakwadi,0.0,6.357
2015-07-06,Jayakwadi,0.0,1.766
2015-07-07,Jayakwadi,0.0,0.706
2015-07-08,Jayakwadi,0.0,4.591
2015-07-09,Jayakwadi,0.0,2.825
2015-07-10,Jayakwadi,0.0,4.944
2015-07-11,Jayakwadi,0.0,4.944
2015-07-12,Jayakwadi,0.0,8.122
2015-07-13,Jayakwadi,0.0,8.829
2015-07-14,Jayakwadi,0.0,9.535
2015-07-15,Jayakwadi,0.0,10.241
2015-07-16,Jayakwadi,0.0,10.948
2015-07-17,Jayakwadi,0.0,11.654
2015-07-18,Jayakwadi,0.0,12.36
2015-07-19,Jayakwadi,0.0,13.066
2015-07-20,Jayakwadi,0.0,13.773
2015-07-21,Jayakwadi,0.0,14.479
2015-07-22,Jayakwadi,0.0,15.185
2015-07-23,Jayakwadi,0.0,15.892
2015-07-24,Jayakwadi,0.0,16.598
2015-07-25,Jayakwadi,0.0,17.304
2015-07-26,Jayakwadi,0.0,18.01
2015-07-27,Jayakwadi,0.0,18.717
2015-07-28,Jayakwadi,0.0,19.423
2015-07-29,Jayakwadi,0.0,20.129
2015-07-30,Jayakwadi,0.0,20.836
2015-07-31,Jayakwadi,0.0,21.542
2015-08-01,Jayakwadi,0.0,22.248
2015-08-02,Jayakwadi,0.0,19.07
2015-08-03,Jayakwadi,0.0,13.066
2015-08-04,Jayakwadi,0.0,8.476
2015-08-05,Jayakwadi,0.0,6.003
2015-08-06,Jayakwadi,0.0,1.413
2015-08-07,Jayakwadi,0.0,0.706
2015-08-08,Jayakwadi,0.0,4.591
2015-08-09,Jayakwadi,0.0,2.825
2015-08-10,Jayakwadi,0.0,4.944
2015-08-11,Jayakwadi,0.0,5.65
2015-08-12,Jayakwadi,0.0,8.122
2015-08-13,Jayakwadi,0.0,8.811
2015-08-14,Jayakwadi,0.0,9.5
2015-08-15,Jayakwadi,0.0,10.188
2015-08-16,Jayakwadi,0.0,10.877
2015-08-17,Jayakwadi,0.0,11.566
2015-08-18,Jayakwadi,0.0,12.254
2015-08-19,Jayakwadi,0.0,12.943
2015-08-20,Jayakwadi,0.0,13.631
2015-08-21,Jayakwadi,0.0,14.32
2015-08-22,Jayakwadi,0.0,15.009
2015-08-23,Jayakwadi,0.0,15.697
2015-08-24,Jayakwadi,0.0,16.386
2015-08-25,Jayakwadi,0.0,17.075
2015-08-26,Jayakwadi,0.0,17.763
2015-08-27,Jayakwadi,0.0,18.452
2015-08-28,Jayakwadi,0.0,19.141
2015-08-29,Jayakwadi,0.0,19.829
2015-08-30,Jayakwadi,0.0,20.518
2015-08-31,Jayakwadi,0.0,21.206
2015-09-01,Jayakwadi,0.0,21.895
2015-09-02,Jayakwadi,0.0,18.717
2015-09-03,Jayakwadi,0.0,13.066
2015-09-04,Jayakwadi,0.0,8.476
2015-09-05,Jayakwadi,0.0,6.003
2015-09-06,Jayakwadi,0.0,1.413
2015-09-07,Jayakwadi,0.0,0.706
2015-09-08,Jayakwadi,0.0,4.591
2015-09-09,Jayakwadi,0.0,2.825
2015-09-10,Jayakwadi,0.0,4.944
2015-09-11,Jayakwadi,0.0,6.357
2015-09-12,Jayakwadi,0.0,8.122
2015-09-13,Jayakwadi,0.0,8.847
2015-09-14,Jayakwadi,0.0,9.572
2015-09-15,Jayakwadi,0.0,10.297
2015-09-16,Jayakwadi,0.0,11.022
2015-09-17,Jayakwadi,0.0,11.747
2015-09-18,Jayakwadi,0.0,12.472
2015-09-19,Jayakwadi,0.0,13.197
2015-09-20,Jayakwadi,0.0,13.921
2015-09-21,Jayakwadi,0.0,14.646
2015-09-22,Jayakwadi,0.0,15.371
2015-09-23,Jayakwadi,0.0,16.096
2015-09-24,Jayakwadi,0.0,16.821
2015-09-25,Jayakwadi,0.0,17.546
2015-09-26,Jayakwadi,0.0,18.271
2015-09-27,Jayakwadi,0.0,18.996
2015-09-28,Jayakwadi,0.0,19.72
2015-09-29,Jayakwadi,0.0,20.445
2015-09-30,Jayakwadi,0.0,21.17
2015-10-01,Jayakwadi,0.0,21.895
2015-10-02,Jayakwadi,0.0,18.717
2015-10-03,Jayakwadi,0.0,12.713
2015-10-04,Jayakwadi,0.0,8.476
2015-10-05,Jayakwadi,0.0,6.003
2015-10-06,Jayakwadi,0.0,1.413
2015-10-07,Jayakwadi,0.0,0.706
2015-10-08,Jayakwadi,0.0,4.591
2015-10-09,Jayakwadi,0.0,2.825
2015-10-10,Jayakwadi,0.0,4.944
2015-10-11,Jayakwadi,0.0,6.71
2015-10-12,Jayakwadi,0.0,8.122
2015-10-13,Jayakwadi,0.0,8.811
2015-10-14,Jayakwadi,0.0,9.5
2015-10-15,Jayakwadi,0.0,10.188
2015-10-16,Jayakwadi,0.0,10.877
2015-10-17,Jayakwadi,0.0,11.566
2015-10-18,Jayakwadi,0.0,12.254
2015-10-19,Jayakwadi,0.0,12.943
2015-10-20,Jayakwadi,0.0,13.631
2015-10-21,Jayakwadi,0.0,14.32
2015-10-22,Jayakwadi,0.0,15.009
2015-10-23,Jayakwadi,0.0,15.697
2015-10-24,Jayakwadi,0.0,16.386
2015-10-25,Jayakwadi,0.0,17.075
2015-10-26,Jayakwadi,0.0,17.763
2015-10-27,Jayakwadi,0.0,18.452
2015-10-28,Jayakwadi,0.0,19.141
2015-10-29,Jayakwadi,0.0,19.829
2015-10-30,Jayakwadi,0.0,20.518
2015-10-31,Jayakwadi,0.0,21.206
2015-11-01,Jayakwadi,0.0,21.895
2015-11-02,Jayakwadi,0.0,18.364
2015-11-03,Jayakwadi,0.0,12.713
2015-11-04,Jayakwadi,0.0,8.122
2015-11-05,Jayakwadi,0.0,5.65
2015-11-06,Jayakwadi,0.0,1.413
2015-11-07,Jayakwadi,0.0,0.353
2015-11-08,Jayakwadi,0.0,4.238
2015-11-09,Jayakwadi,0.0,2.825
2015-11-10,Jayakwadi,0.0,4.944
2015-11-11,Jayakwadi,0.0,6.71
2015-11-12,Jayakwadi,0.0,8.122
2015-11-13,Jayakwadi,0.0,8.829
2015-11-14,Jayakwadi,0.0,9.535
2015-11-15,Jayakwadi,0.0,10.241
2015-11-16,Jayakwadi,0.0,10.948
2015-11-17,Jayakwadi,0.0,11.654
2015-11-18,Jayakwadi,0.0,12.36
2015-11-19,Jayakwadi,0.0,13.066
2015-11-20,Jayakwadi,0.0,13.773
2015-11-21,Jayakwadi,0.0,14.479
2015-11-22,Jayakwadi,0.0,15.185
2015-11-23,Jayakwadi,0.0,15.892
2015-11-24,Jayakwadi,0.0,16.598
2015-11-25,Jayakwadi,0.0,17.304
2015-11-26,Jayakwadi,0.0,18.01
2015-11-27,Jayakwadi,0.0,18.717
2015-11-28,Jayakwadi,0.0,19.423
2015-11-29,Jayakwadi,0.0,20.129
2015-11-30,Jayakwadi,0.0,20.836
2015-12-01,Jayakwadi,0.0,21.542
2015-12-02,Jayakwadi,0.0,18.01
2015-12-03,Jayakwadi,0.0,12.36
2015-12-04,Jayakwadi,0.0,8.122
2015-12-05,Jayakwadi,0.0,5.65
2015-12-06,Jayakwadi,0.0,1.413
2015-12-07,Jayakwadi,0.0,0.353
2015-12-08,Jayakwadi,0.0,4.238
2015-12-09,Jayakwadi,0.0,2.825
2015-12-10,Jayakwadi,0.0,4.591
2015-12-11,Jayakwadi,0.0,7.063
2015-12-12,Jayakwadi,0.0,8.122
2015-12-13,Jayakwadi,0.0,8.052
2015-12-14,Jayakwadi,0.0,7.981
2015-12-15,Jayakwadi,0.0,7.91
2015-12-16,Jayakwadi,0.0,7.84
2015-12-17,Jayakwadi,0.0,7.769
2015-12-18,Jayakwadi,0.0,7.699
2015-12-19,Jayakwadi,0.0,7.628
2015-12-20,Jayakwadi,0.0,7.557
2015-12-21,Jayakwadi,0.0,7.487
2015-12-22,Jayakwadi,0.0,7.416
2015-12-23,Jayakwadi,0.0,7.345
2015-12-24,Jayakwadi,0.0,7.275
2015-12-25,Jayakwadi,0.0,7.204
2015-12-26,Jayakwadi,0.0,7.134
2015-12-27,Jayakwadi,0.0,7.063
2015-12-28,Jayakwadi,0.0,6.992
2015-12-29,Jayakwadi,0.0,6.922
2015-12-30,Jayakwadi,0.0,6.851
2015-12-31,Jayakwadi,0.0,6.78
2016-01-01,Jayakwadi,0.0,6.71
2016-01-02,Jayakwadi,0.0,3.885
2016-01-03,Jayakwadi,0.0,1.766
2016-01-04,Jayakwadi,0.0,9.888
2016-01-05,Jayakwadi,0.0,18.011
2016-01-06,Jayakwadi,0.0,26.133
2016-01-07,Jayakwadi,0.0,34.255
2016-01-08,Jayakwadi,0.0,42.378
2016-01-09,Jayakwadi,0.0,50.5
2016-01-10,Jayakwadi,0.0,55.091
2016-01-11,Jayakwadi,0.0,62.507
2016-01-12,Jayakwadi,0.0,60.741
2016-01-13,Jayakwadi,0.0,58.04
2016-01-14,Jayakwadi,0.0,55.338
2016-01-15,Jayakwadi,0.0,52.637
2016-01-16,Jayakwadi,0.0,49.935
2016-01-17,Jayakwadi,0.0,47.233
2016-01-18,Jayakwadi,0.0,44.532
2016-01-19,Jayakwadi,0.0,41.83
2016-01-20,Jayakwadi,0.0,39.129
2016-01-21,Jayakwadi,0.0,36.427
2016-01-22,Jayakwadi,0.0,33.726
2016-01-23,Jayakwadi,0.0,31.024
2016-01-24,Jayakwadi,0.0,28.322
2016-01-25,Jayakwadi,0.0,25.621
2016-01-26,Jayakwadi,0.0,22.919
2016-01-27,Jayakwadi,0.0,20.218
2016-01-28,Jayakwadi,0.0,17.516
2016-01-29,Jayakwadi,0.0,14.815
2016-01-30,Jayakwadi,0.0,12.113
2016-01-31,Jayakwadi,0.0,9.411
2016-02-01,Jayakwadi,0.0,6.71
2016-02-02,Jayakwadi,0.0,3.885
2016-02-03,Jayakwadi,0.0,1.413
2016-02-04,Jayakwadi,0.0,9.594
2016-02-05,Jayakwadi,0.0,17.775
2016-02-06,Jayakwadi,0.0,25.957
2016-02-07,Jayakwadi,0.0,34.138
2016-02-08,Jayakwadi,0.0,42.319
2016-02-09,Jayakwadi,0.0,50.5
2016-02-10,Jayakwadi,0.0,55.091
2016-02-11,Jayakwadi,0.0,62.507
2016-02-12,Jayakwadi,0.0,60.388
2016-02-13,Jayakwadi,0.0,57.406
2016-02-14,Jayakwadi,0.0,54.424
2016-02-15,Jayakwadi,0.0,51.442
2016-02-16,Jayakwadi,0.0,48.46
2016-02-17,Jayakwadi,0.0,45.477
2016-02-18,Jayakwadi,0.0,42.495
2016-02-19,Jayakwadi,0.0,39.513
2016-02-20,Jayakwadi,0.0,36.531
2016-02-21,Jayakwadi,0.0,33.549
2016-02-22,Jayakwadi,0.0,30.567
2016-02-23,Jayakwadi,0.0,27.585
2016-02-24,Jayakwadi,0.0,24.603
2016-02-25,Jayakwadi,0.0,21.62
2016-02-26,Jayakwadi,0.0,18.638
2016-02-27,Jayakwadi,0.0,15.656
2016-02-28,Jayakwadi,0.0,12.674
2016-02-29,Jayakwadi,0.0,9.692
2016-03-01,Jayakwadi,0.0,6.71
2016-03-02,Jayakwadi,0.0,3.885
2016-03-03,Jayakwadi,0.0,1.413
2016-03-04,Jayakwadi,0.0,1.342
2016-03-05,Jayakwadi,0.0,1.271
2016-03-06,Jayakwadi,0.0,1.201
2016-03-07,Jayakwadi,0.0,1.13
2016-03-08,Jayakwadi,0.0,1.059
2016-03-09,Jayakwadi,0.0,10.052
2016-03-10,Jayakwadi,0.0,19.046
2016-03-11,Jayakwadi,0.0,28.04
2016-03-12,Jayakwadi,0.0,37.033
2016-03-13,Jayakwadi,0.0,46.027
2016-03-14,Jayakwadi,0.0,55.02
2016-03-15,Jayakwadi,0.0,52.336
2016-03-16,Jayakwadi,0.0,49.652
2016-03-17,Jayakwadi,0.0,46.969
2016-03-18,Jayakwadi,0.0,44.285
2016-03-19,Jayakwadi,0.0,41.601
2016-03-20,Jayakwadi,0.0,38.917
2016-03-21,Jayakwadi,0.0,36.233
2016-03-22,Jayakwadi,0.0,33.549
2016-03-23,Jayakwadi,0.0,30.865
2016-03-24,Jayakwadi,0.0,28.181
2016-03-25,Jayakwadi,0.0,25.497
2016-03-26,Jayakwadi,0.0,22.813
2016-03-27,Jayakwadi,0.0,20.129
2016-03-28,Jayakwadi,0.0,17.445
2016-03-29,Jayakwadi,0.0,14.762
2016-03-30,Jayakwadi,0.0,12.078
2016-03-31,Jayakwadi,0.0,9.394
2016-04-01,Jayakwadi,0.0,6.71
2016-04-02,Jayakwadi,0.0,3.531
2016-04-03,Jayakwadi,0.0,1.413
2016-04-04,Jayakwadi,0.0,2.967
2016-04-05,Jayakwadi,0.0,4.521
2016-04-06,Jayakwadi,0.0,6.074
2016-04-07,Jayakwadi,0.0,7.628
2016-04-08,Jayakwadi,0.0,9.182
2016-04-09,Jayakwadi,0.0,18.791
2016-04-10,Jayakwadi,0.0,28.4
2016-04-11,Jayakwadi,0.0,38.01
2016-04-12,Jayakwadi,0.0,47.619
2016-04-13,Jayakwadi,0.0,57.228
2016-04-14,Jayakwadi,0.0,54.422
2016-04-15,Jayakwadi,0.0,51.615
2016-04-16,Jayakwadi,0.0,48.809
2016-04-17,Jayakwadi,0.0,46.002
2016-04-18,Jayakwadi,0.0,43.195
2016-04-19,Jayakwadi,0.0,40.389
2016-04-20,Jayakwadi,0.0,37.582
2016-04-21,Jayakwadi,0.0,34.776
2016-04-22,Jayakwadi,0.0,31.969
2016-04-23,Jayakwadi,0.0,29.162
2016-04-24,Jayakwadi,0.0,26.356
2016-04-25,Jayakwadi,0.0,23.549
2016-04-26,Jayakwadi,0.0,20.743
2016-04-27,Jayakwadi,0.0,17.936
2016-04-28,Jayakwadi,0.0,15.13
2016-04-29,Jayakwadi,0.0,12.323
2016-04-30,Jayakwadi,0.0,9.516
2016-05-01,Jayakwadi,0.0,6.71
2016-05-02,Jayakwadi,0.0,3.531
2016-05-03,Jayakwadi,0.0,1.413
2016-05-04,Jayakwadi,0.0,5.156
2016-05-05,Jayakwadi,0.0,8.899
2016-05-06,Jayakwadi,0.0,12.643
2016-05-07,Jayakwadi,0.0,16.386
2016-05-08,Jayakwadi,0.0,20.129
2016-05-09,Jayakwadi,0.0,30.106
2016-05-10,Jayakwadi,0.0,40.082
2016-05-11,Jayakwadi,0.0,50.058
2016-05-12,Jayakwadi,0.0,60.035
2016-05-13,Jayakwadi,0.0,57.351
2016-05-14,Jayakwadi,0.0,54.667
2016-05-15,Jayakwadi,0.0,51.983
2016-05-16,Jayakwadi,0.0,49.299
2016-05-17,Jayakwadi,0.0,46.615
2016-05-18,Jayakwadi,0.0,43.931
2016-05-19,Jayakwadi,0.0,41.248
2016-05-20,Jayakwadi,0.0,38.564
2016-05-21,Jayakwadi,0.0,35.88
2016-05-22,Jayakwadi,0.0,33.196
2016-05-23,Jayakwadi,0.0,30.512
2016-05-24,Jayakwadi,0.0,27.828
2016-05-25,Jayakwadi,0.0,25.144
2016-05-26,Jayakwadi,0.0,22.46
2016-05-27,Jayakwadi,0.0,19.776
2016-05-28,Jayakwadi,0.0,17.092
2016-05-29,Jayakwadi,0.0,14.408
2016-05-30,Jayakwadi,0.0,11.724
2016-05-31,Jayakwadi,0.0,9.041
2016-06-01,Jayakwadi,0.0,6.357
2016-06-02,Jayakwadi,0.0,3.531
2016-06-03,Jayakwadi,0.0,1.059
2016-06-04,Jayakwadi,0.0,5.862
2016-06-05,Jayakwadi,0.0,10.665
2016-06-06,Jayakwadi,0.0,15.467
2016-06-07,Jayakwadi,0.0,20.27
2016-06-08,Jayakwadi,0.0,25.073
2016-06-09,Jayakwadi,0.0,33.725
2016-06-10,Jayakwadi,0.0,42.378
2016-06-11,Jayakwadi,0.0,51.03
2016-06-12,Jayakwadi,0.0,59.682
2016-06-13,Jayakwadi,0.0,56.875
2016-06-14,Jayakwadi,0.0,54.069
2016-06-15,Jayakwadi,0.0,51.262
2016-06-16,Jayakwadi,0.0,48.455
2016-06-17,Jayakwadi,0.0,45.649
2016-06-18,Jayakwadi,0.0,42.842
2016-06-19,Jayakwadi,0.0,40.036
2016-06-20,Jayakwadi,0.0,37.229
2016-06-21,Jayakwadi,0.0,34.423
2016-06-22,Jayakwadi,0.0,31.616
2016-06-23,Jayakwadi,0.0,28.809
2016-06-24,Jayakwadi,0.0,26.003
2016-06-25,Jayakwadi,0.0,23.196
2016-06-26,Jayakwadi,0.0,20.39
2016-06-27,Jayakwadi,0.0,17.583
2016-06-28,Jayakwadi,0.0,14.776
2016-06-29,Jayakwadi,0.0,11.97
2016-06-30,Jayakwadi,0.0,9.163
2016-07-01,Jayakwadi,0.0,6.357
2016-07-02,Jayakwadi,0.0,3.178
2016-07-03,Jayakwadi,0.0,1.059
2016-07-04,Jayakwadi,0.0,6.498
2016-07-05,Jayakwadi,0.0,11.936
2016-07-06,Jayakwadi,0.0,17.375
2016-07-07,Jayakwadi,0.0,22.813
2016-07-08,Jayakwadi,0.0,28.252
2016-07-09,Jayakwadi,0.0,36.11
2016-07-10,Jayakwadi,0.0,43.967
2016-07-11,Jayakwadi,0.0,51.824
2016-07-12,Jayakwadi,477.912,59.682
2016-07-13,Jayakwadi,760.145,57.016
2016-07-14,Jayakwadi,266.657,54.349
2016-07-15,Jayakwadi,49.84,51.683
2016-07-16,Jayakwadi,134.537,49.017
2016-07-17,Jayakwadi,86.136,46.351
2016-07-18,Jayakwadi,37.736,43.684
2016-07-19,Jayakwadi,49.105,41.018
2016-07-20,Jayakwadi,60.475,38.352
2016-07-21,Jayakwadi,71.845,35.685
2016-07-22,Jayakwadi,55.403,33.019
2016-07-23,Jayakwadi,46.446,30.353
2016-07-24,Jayakwadi,60.586,27.687
2016-07-25,Jayakwadi,74.726,25.02
2016-07-26,Jayakwadi,74.769,22.354
2016-07-27,Jayakwadi,85.462,19.688
2016-07-28,Jayakwadi,96.155,17.022
2016-07-29,Jayakwadi,106.848,14.355
2016-07-30,Jayakwadi,117.541,11.689
2016-07-31,Jayakwadi,128.234,9.023
2016-08-01,Jayakwadi,138.927,6.357
2016-08-02,Jayakwadi,507.663,3.178
2016-08-03,Jayakwadi,726.622,1.059
2016-08-04,Jayakwadi,945.581,7.557
2016-08-05,Jayakwadi,1164.54,14.055
2016-08-06,Jayakwadi,944.699,20.553
2016-08-07,Jayakwadi,899.367,27.051
2016-08-08,Jayakwadi,854.034,33.549
2016-08-09,Jayakwadi,512.743,43.084
2016-08-10,Jayakwadi,608.974,52.619
2016-08-11,Jayakwadi,864.952,62.154
2016-08-12,Jayakwadi,661.125,59.329
2016-08-13,Jayakwadi,483.203,56.68
2016-08-14,Jayakwadi,361.737,54.031
2016-08-15,Jayakwadi,240.271,51.383
2016-08-16,Jayakwadi,118.805,48.734
2016-08-17,Jayakwadi,109.188,46.086
2016-08-18,Jayakwadi,72.681,43.437
2016-08-19,Jayakwadi,0.0,40.788
2016-08-20,Jayakwadi,0.0,38.14
2016-08-21,Jayakwadi,0.0,35.491
2016-08-22,Jayakwadi,54.376,32.843
2016-08-23,Jayakwadi,43.272,30.194
2016-08-24,Jayakwadi,0.0,27.545
2016-08-25,Jayakwadi,0.0,24.897
2016-08-26,Jayakwadi,0.0,22.248
2016-08-27,Jayakwadi,0.0,19.6
2016-08-28,Jayakwadi,0.0,16.951
2016-08-29,Jayakwadi,0.0,14.302
2016-08-30,Jayakwadi,0.0,11.654
2016-08-31,Jayakwadi,0.0,9.005
2016-09-01,Jayakwadi,0.0,6.357
2016-09-02,Jayakwadi,0.0,3.178
2016-09-03,Jayakwadi,0.0,0.706
2016-09-04,Jayakwadi,0.0,7.91
2016-09-05,Jayakwadi,0.0,15.114
2016-09-06,Jayakwadi,0.0,22.319
2016-09-07,Jayakwadi,0.0,29.523
2016-09-08,Jayakwadi,0.0,36.727
2016-09-09,Jayakwadi,0.0,45.203
2016-09-10,Jayakwadi,0.0,53.678
2016-09-11,Jayakwadi,0.0,62.154
2016-09-12,Jayakwadi,0.0,58.975
2016-09-13,Jayakwadi,0.0,56.187
2016-09-14,Jayakwadi,0.0,53.399
2016-09-15,Jayakwadi,0.0,50.611
2016-09-16,Jayakwadi,0.0,47.823
2016-09-17,Jayakwadi,0.0,45.035
2016-09-18,Jayakwadi,0.0,42.247
2016-09-19,Jayakwadi,0.0,39.459
2016-09-20,Jayakwadi,0.0,36.671
2016-09-21,Jayakwadi,0.0,33.883
2016-09-22,Jayakwadi,0.0,31.095
2016-09-23,Jayakwadi,0.0,28.307
2016-09-24,Jayakwadi,479.029,25.519
2016-09-25,Jayakwadi,267.235,22.731
2016-09-26,Jayakwadi,55.441,19.943
2016-09-27,Jayakwadi,104.637,17.155
2016-09-28,Jayakwadi,0.0,14.367
2016-09-29,Jayakwadi,0.0,11.579
2016-09-30,Jayakwadi,0.0,8.791
2016-10-01,Jayakwadi,0.0,6.003
2016-10-02,Jayakwadi,0.0,2.825
2016-10-03,Jayakwadi,0.0,0.706
2016-10-04,Jayakwadi,154.168,8.263
2016-10-05,Jayakwadi,0.0,15.821
2016-10-06,Jayakwadi,0.0,23.378
2016-10-07,Jayakwadi,0.0,30.936
2016-10-08,Jayakwadi,0.0,38.493
2016-10-09,Jayakwadi,0.0,46.262
2016-10-10,Jayakwadi,0.0,54.032
2016-10-11,Jayakwadi,0.0,61.801
2016-10-12,Jayakwadi,0.0,58.975
2016-10-13,Jayakwadi,0.0,56.327
2016-10-14,Jayakwadi,0.0,53.678
2016-10-15,Jayakwadi,0.0,51.03
2016-10-16,Jayakwadi,0.0,48.381
2016-10-17,Jayakwadi,0.0,45.732
2016-10-18,Jayakwadi,0.0,43.084
2016-10-19,Jayakwadi,0.0,40.435
2016-10-20,Jayakwadi,0.0,37.787
2016-10-21,Jayakwadi,0.0,35.138
2016-10-22,Jayakwadi,0.0,32.489
2016-10-23,Jayakwadi,0.0,29.841
2016-10-24,Jayakwadi,0.0,27.192
2016-10-25,Jayakwadi,0.0,24.544
2016-10-26,Jayakwadi,0.0,21.895
2016-10-27,Jayakwadi,0.0,19.246
2016-10-28,Jayakwadi,0.0,16.598
2016-10-29,Jayakwadi,0.0,13.949
2016-10-30,Jayakwadi,0.0,11.301
2016-10-31,Jayakwadi,0.0,8.652
2016-11-01,Jayakwadi,0.0,6.003
2016-11-02,Jayakwadi,0.0,2.825
2016-11-03,Jayakwadi,0.0,0.706
2016-11-04,Jayakwadi,0.0,8.687
2016-11-05,Jayakwadi,0.0,16.668
2016-11-06,Jayakwadi,0.0,24.65
2016-11-07,Jayakwadi,0.0,32.631
2016-11-08,Jayakwadi,0.0,40.612
2016-11-09,Jayakwadi,0.0,49.087
2016-11-10,Jayakwadi,0.0,55.444
2016-11-11,Jayakwadi,0.0,61.801
2016-11-12,Jayakwadi,0.0,58.622
2016-11-13,Jayakwadi,0.0,55.853
2016-11-14,Jayakwadi,0.0,53.084
2016-11-15,Jayakwadi,0.0,50.314
2016-11-16,Jayakwadi,0.0,47.545
2016-11-17,Jayakwadi,0.0,44.775
2016-11-18,Jayakwadi,0.0,42.006
2016-11-19,Jayakwadi,0.0,39.236
2016-11-20,Jayakwadi,0.0,36.467
2016-11-21,Jayakwadi,0.0,33.698
2016-11-22,Jayakwadi,0.0,30.928
2016-11-23,Jayakwadi,0.0,28.159
2016-11-24,Jayakwadi,0.0,25.389
2016-11-25,Jayakwadi,0.0,22.62
2016-11-26,Jayakwadi,0.0,19.851
2016-11-27,Jayakwadi,0.0,17.081
2016-11-28,Jayakwadi,0.0,14.312
2016-11-29,Jayakwadi,0.0,11.542
2016-11-30,Jayakwadi,0.0,8.773
2016-12-01,Jayakwadi,0.0,6.003
2016-12-02,Jayakwadi,0.0,2.825
2016-12-03,Jayakwadi,0.0,0.353
2016-12-04,Jayakwadi,0.0,9.04
2016-12-05,Jayakwadi,0.0,17.728
2016-12-06,Jayakwadi,0.0,26.415
2016-12-07,Jayakwadi,0.0,35.103
2016-12-08,Jayakwadi,0.0,43.79
2016-12-09,Jayakwadi,0.0,49.087
2016-12-10,Jayakwadi,0.0,55.444
2016-12-11,Jayakwadi,0.0,61.801
2016-12-12,Jayakwadi,0.0,58.269
2016-12-13,Jayakwadi,0.0,58.004
2016-12-14,Jayakwadi,0.0,57.739
2016-12-15,Jayakwadi,0.0,57.475
2016-12-16,Jayakwadi,0.0,57.21
2016-12-17,Jayakwadi,0.0,56.945
2016-12-18,Jayakwadi,0.0,56.68
2016-12-19,Jayakwadi,0.0,56.415
2016-12-20,Jayakwadi,0.0,56.15
2016-12-21,Jayakwadi,0.0,55.885
2016-12-22,Jayakwadi,0.0,55.621
2016-12-23,Jayakwadi,0.0,55.356
2016-12-24,Jayakwadi,0.0,55.091
2016-12-25,Jayakwadi,0.0,54.826
2016-12-26,Jayakwadi,0.0,54.561
2016-12-27,Jayakwadi,0.0,54.296
2016-12-28,Jayakwadi,0.0,54.031
2016-12-29,Jayakwadi,0.0,53.767
2016-12-30,Jayakwadi,0.0,53.502
2016-12-31,Jayakwadi,0.0,53.237
2017-01-01,Jayakwadi,0.0,52.972
2017-01-02,Jayakwadi,0.0,46.262
2017-01-03,Jayakwadi,0.0,39.552
2017-01-04,Jayakwadi,0.0,31.43
2017-01-05,Jayakwadi,0.0,22.248
2017-01-06,Jayakwadi,0.0,14.479
2017-01-07,Jayakwadi,0.0,14.126
2017-01-08,Jayakwadi,0.0,23.508
2017-01-09,Jayakwadi,0.0,32.89
2017-01-10,Jayakwadi,0.0,42.272
2017-01-11,Jayakwadi,0.0,51.653
2017-01-12,Jayakwadi,0.0,61.035
2017-01-13,Jayakwadi,0.0,70.417
2017-01-14,Jayakwadi,0.0,69.499
2017-01-15,Jayakwadi,0.0,68.581
2017-01-16,Jayakwadi,0.0,67.663
2017-01-17,Jayakwadi,0.0,66.745
2017-01-18,Jayakwadi,0.0,65.827
2017-01-19,Jayakwadi,0.0,64.908
2017-01-20,Jayakwadi,0.0,63.99
2017-01-21,Jayakwadi,0.0,63.072
2017-01-22,Jayakwadi,0.0,62.154
2017-01-23,Jayakwadi,0.0,61.236
2017-01-24,Jayakwadi,0.0,60.317
2017-01-25,Jayakwadi,0.0,59.399
2017-01-26,Jayakwadi,0.0,58.481
2017-01-27,Jayakwadi,0.0,57.563
2017-01-28,Jayakwadi,0.0,56.645
2017-01-29,Jayakwadi,0.0,55.727
2017-01-30,Jayakwadi,0.0,54.808
2017-01-31,Jayakwadi,0.0,53.89
2017-02-01,Jayakwadi,0.0,52.972
2017-02-02,Jayakwadi,0.0,46.262
2017-02-03,Jayakwadi,0.0,39.199
2017-02-04,Jayakwadi,0.0,31.077
2017-02-05,Jayakwadi,0.0,21.895
2017-02-06,Jayakwadi,0.0,14.479
2017-02-07,Jayakwadi,0.0,14.126
2017-02-08,Jayakwadi,0.0,23.418
2017-02-09,Jayakwadi,0.0,32.711
2017-02-10,Jayakwadi,0.0,42.004
2017-02-11,Jayakwadi,0.0,51.296
2017-02-12,Jayakwadi,0.0,60.588
2017-02-13,Jayakwadi,0.0,69.881
2017-02-14,Jayakwadi,0.0,68.781
2017-02-15,Jayakwadi,0.0,67.68
2017-02-16,Jayakwadi,0.0,66.579
2017-02-17,Jayakwadi,0.0,65.478
2017-02-18,Jayakwadi,0.0,64.377
2017-02-19,Jayakwadi,0.0,63.276
2017-02-20,Jayakwadi,0.0,62.175
2017-02-21,Jayakwadi,0.0,61.074
2017-02-22,Jayakwadi,0.0,59.973
2017-02-23,Jayakwadi,0.0,58.872
2017-02-24,Jayakwadi,0.0,57.771
2017-02-25,Jayakwadi,0.0,56.67
2017-02-26,Jayakwadi,0.0,55.569
2017-02-27,Jayakwadi,0.0,54.468
2017-02-28,Jayakwadi,0.0,53.367
2017-03-01,Jayakwadi,0.0,52.266
2017-03-02,Jayakwadi,0.0,45.909
2017-03-03,Jayakwadi,0.0,39.199
2017-03-04,Jayakwadi,0.0,30.724
2017-03-05,Jayakwadi,0.0,21.542
2017-03-06,Jayakwadi,0.0,14.479
2017-03-07,Jayakwadi,0.0,13.773
2017-03-08,Jayakwadi,0.0,23.152
2017-03-09,Jayakwadi,0.0,32.531
2017-03-10,Jayakwadi,0.0,41.91
2017-03-11,Jayakwadi,0.0,51.289
2017-03-12,Jayakwadi,0.0,60.668
2017-03-13,Jayakwadi,0.0,70.047
2017-03-14,Jayakwadi,0.0,69.111
2017-03-15,Jayakwadi,0.0,68.175
2017-03-16,Jayakwadi,0.0,67.239
2017-03-17,Jayakwadi,0.0,66.303
2017-03-18,Jayakwadi,0.0,65.367
2017-03-19,Jayakwadi,0.0,64.432
2017-03-20,Jayakwadi,0.0,63.496
2017-03-21,Jayakwadi,0.0,62.56
2017-03-22,Jayakwadi,0.0,61.624
2017-03-23,Jayakwadi,0.0,60.688
2017-03-24,Jayakwadi,0.0,59.752
2017-03-25,Jayakwadi,0.0,58.817
2017-03-26,Jayakwadi,0.0,57.881
2017-03-27,Jayakwadi,0.0,56.945
2017-03-28,Jayakwadi,0.0,56.009
2017-03-29,Jayakwadi,0.0,55.073
2017-03-30,Jayakwadi,0.0,54.137
2017-03-31,Jayakwadi,0.0,53.202
2017-04-01,Jayakwadi,0.0,52.266
2017-04-02,Jayakwadi,0.0,45.909
2017-04-03,Jayakwadi,0.0,38.846
2017-04-04,Jayakwadi,0.0,30.371
2017-04-05,Jayakwadi,0.0,21.189
2017-04-06,Jayakwadi,0.0,14.126
2017-04-07,Jayakwadi,0.0,13.773
2017-04-08,Jayakwadi,0.0,22.63
2017-04-09,Jayakwadi,0.0,31.486
2017-04-10,Jayakwadi,0.0,40.342
2017-04-11,Jayakwadi,0.0,49.199
2017-04-12,Jayakwadi,0.0,58.056
2017-04-13,Jayakwadi,0.0,66.912
2017-04-14,Jayakwadi,0.0,63.195
2017-04-15,Jayakwadi,0.0,59.477
2017-04-16,Jayakwadi,0.0,55.76
2017-04-17,Jayakwadi,0.0,52.043
2017-04-18,Jayakwadi,0.0,48.325
2017-04-19,Jayakwadi,0.0,44.608
2017-04-20,Jayakwadi,0.0,40.891
2017-04-21,Jayakwadi,0.0,37.173
2017-04-22,Jayakwadi,0.0,33.456
2017-04-23,Jayakwadi,0.0,29.739
2017-04-24,Jayakwadi,0.0,26.021
2017-04-25,Jayakwadi,0.0,22.304
2017-04-26,Jayakwadi,0.0,18.587
2017-04-27,Jayakwadi,0.0,14.869
2017-04-28,Jayakwadi,0.0,11.152
2017-04-29,Jayakwadi,0.0,7.435
2017-04-30,Jayakwadi,0.0,3.717
2017-05-01,Jayakwadi,0.0,10.292
2017-05-02,Jayakwadi,0.0,16.867
2017-05-03,Jayakwadi,0.0,23.442
2017-05-04,Jayakwadi,0.0,30.017
2017-05-05,Jayakwadi,0.0,20.836
2017-05-06,Jayakwadi,0.0,14.126
2017-05-07,Jayakwadi,0.0,13.773
2017-05-08,Jayakwadi,0.0,23.037
2017-05-09,Jayakwadi,0.0,32.301
2017-05-10,Jayakwadi,0.0,41.566
2017-05-11,Jayakwadi,0.0,50.83
2017-05-12,Jayakwadi,0.0,60.094
2017-05-13,Jayakwadi,0.0,69.358
2017-05-14,Jayakwadi,0.0,68.44
2017-05-15,Jayakwadi,0.0,67.522
2017-05-16,Jayakwadi,0.0,66.603
2017-05-17,Jayakwadi,0.0,65.685
2017-05-18,Jayakwadi,0.0,64.767
2017-05-19,Jayakwadi,0.0,63.849
2017-05-20,Jayakwadi,0.0,62.931
2017-05-21,Jayakwadi,0.0,62.013
2017-05-22,Jayakwadi,0.0,61.094
2017-05-23,Jayakwadi,0.0,60.176
2017-05-24,Jayakwadi,0.0,59.258
2017-05-25,Jayakwadi,0.0,58.34
2017-05-26,Jayakwadi,0.0,57.422
2017-05-27,Jayakwadi,0.0,56.503
2017-05-28,Jayakwadi,0.0,55.585
2017-05-29,Jayakwadi,0.0,54.667
2017-05-30,Jayakwadi,0.0,53.749
2017-05-31,Jayakwadi,0.0,52.831
2017-06-01,Jayakwadi,0.0,51.913
2017-06-02,Jayakwadi,0.0,45.556
2017-06-03,Jayakwadi,0.0,38.493
2017-06-04,Jayakwadi,0.0,29.664
2017-06-05,Jayakwadi,0.0,20.483
2017-06-06,Jayakwadi,0.0,14.479
2017-06-07,Jayakwadi,0.0,13.773
2017-06-08,Jayakwadi,0.0,23.029
2017-06-09,Jayakwadi,0.0,32.285
2017-06-10,Jayakwadi,0.0,41.542
2017-06-11,Jayakwadi,0.0,50.798
2017-06-12,Jayakwadi,0.0,60.054
2017-06-13,Jayakwadi,0.0,69.31
2017-06-14,Jayakwadi,0.0,68.343
2017-06-15,Jayakwadi,0.0,67.377
2017-06-16,Jayakwadi,0.0,66.41
2017-06-17,Jayakwadi,0.0,65.444
2017-06-18,Jayakwadi,0.0,64.477
2017-06-19,Jayakwadi,0.0,63.511
2017-06-20,Jayakwadi,0.0,62.544
2017-06-21,Jayakwadi,0.0,61.578
2017-06-22,Jayakwadi,0.0,60.611
2017-06-23,Jayakwadi,0.0,59.645
2017-06-24,Jayakwadi,0.0,58.678
2017-06-25,Jayakwadi,0.0,57.712
2017-06-26,Jayakwadi,0.0,56.745
2017-06-27,Jayakwadi,0.0,55.779
2017-06-28,Jayakwadi,0.0,54.812
2017-06-29,Jayakwadi,0.0,53.846
2017-06-30,Jayakwadi,0.0,52.879
2017-07-01,Jayakwadi,0.0,51.913
2017-07-02,Jayakwadi,0.0,45.556
2017-07-03,Jayakwadi,56.31,38.14
2017-07-04,Jayakwadi,94.649,29.664
2017-07-05,Jayakwadi,132.989,20.129
2017-07-06,Jayakwadi,171.328,14.479
2017-07-07,Jayakwadi,209.668,13.773
2017-07-08,Jayakwadi,248.008,22.978
2017-07-09,Jayakwadi,286.347,32.184
2017-07-10,Jayakwadi,324.687,41.389
2017-07-11,Jayakwadi,363.026,50.594
2017-07-12,Jayakwadi,401.366,59.8
2017-07-13,Jayakwadi,439.706,69.005
2017-07-14,Jayakwadi,478.045,68.087
2017-07-15,Jayakwadi,516.385,67.168
2017-07-16,Jayakwadi,431.061,66.25
2017-07-17,Jayakwadi,345.737,65.332
2017-07-18,Jayakwadi,330.908,64.414
2017-07-19,Jayakwadi,43.411,63.496
2017-07-20,Jayakwadi,40.729,62.578
2017-07-21,Jayakwadi,32.506,61.659
2017-07-22,Jayakwadi,1012.163,60.741
2017-07-23,Jayakwadi,1353.808,59.823
2017-07-24,Jayakwadi,1695.454,58.905
2017-07-25,Jayakwadi,864.573,57.987
2017-07-26,Jayakwadi,364.911,57.069
2017-07-27,Jayakwadi,253.339,56.15
2017-07-28,Jayakwadi,207.876,55.232
2017-07-29,Jayakwadi,1471.913,54.314
2017-07-30,Jayakwadi,900.732,53.396
2017-07-31,Jayakwadi,329.55,52.478
2017-08-01,Jayakwadi,145.669,51.559
2017-08-02,Jayakwadi,179.834,45.556
2017-08-03,Jayakwadi,132.193,37.787
2017-08-04,Jayakwadi,64.863,29.311
2017-08-05,Jayakwadi,61.55,19.776
2017-08-06,Jayakwadi,50.059,14.479
2017-08-07,Jayakwadi,38.568,13.42
2017-08-08,Jayakwadi,27.358,12.239
2017-08-09,Jayakwadi,26.864,11.059
2017-08-10,Jayakwadi,24.901,9.878
2017-08-11,Jayakwadi,19.4,8.698
2017-08-12,Jayakwadi,16.2,7.517
2017-08-13,Jayakwadi,13.001,6.337
2017-08-14,Jayakwadi,9.801,5.156
2017-08-15,Jayakwadi,0.0,7.734
2017-08-16,Jayakwadi,0.0,10.312
2017-08-17,Jayakwadi,0.0,12.89
2017-08-18,Jayakwadi,0.0,15.468
2017-08-19,Jayakwadi,0.0,18.046
2017-08-20,Jayakwadi,0.0,20.624
2017-08-21,Jayakwadi,549.676,23.202
2017-08-22,Jayakwadi,461.746,25.78
2017-08-23,Jayakwadi,194.882,28.358
2017-08-24,Jayakwadi,91.509,30.936
2017-08-25,Jayakwadi,85.186,33.514
2017-08-26,Jayakwadi,78.864,36.092
2017-08-27,Jayakwadi,224.717,38.67
2017-08-28,Jayakwadi,370.57,41.248
2017-08-29,Jayakwadi,754.629,43.826
2017-08-30,Jayakwadi,535.819,46.403
2017-08-31,Jayakwadi,1117.967,48.981
2017-09-01,Jayakwadi,401.229,51.559
2017-09-02,Jayakwadi,281.492,44.673
2017-09-03,Jayakwadi,161.756,37.787
2017-09-04,Jayakwadi,42.019,28.958
2017-09-05,Jayakwadi,131.669,19.423
2017-09-06,Jayakwadi,24.215,14.479
2017-09-07,Jayakwadi,11.809,13.42
2017-09-08,Jayakwadi,25.276,22.673
2017-09-09,Jayakwadi,38.743,31.926
2017-09-10,Jayakwadi,52.21,41.179
2017-09-11,Jayakwadi,65.677,50.432
2017-09-12,Jayakwadi,119.773,59.685
2017-09-13,Jayakwadi,16.811,68.938
2017-09-14,Jayakwadi,55.177,67.953
2017-09-15,Jayakwadi,93.543,66.968
2017-09-16,Jayakwadi,131.909,65.983
2017-09-17,Jayakwadi,254.371,64.998
2017-09-18,Jayakwadi,376.833,64.012
2017-09-19,Jayakwadi,499.295,63.027
2017-09-20,Jayakwadi,621.757,62.042
2017-09-21,Jayakwadi,744.219,61.057
2017-09-22,Jayakwadi,156.704,60.072
2017-09-23,Jayakwadi,120.856,59.087
2017-09-24,Jayakwadi,146.747,58.102
2017-09-25,Jayakwadi,172.638,57.117
2017-09-26,Jayakwadi,198.529,56.132
2017-09-27,Jayakwadi,224.42,55.147
2017-09-28,Jayakwadi,250.311,54.162
2017-09-29,Jayakwadi,276.202,53.176
2017-09-30,Jayakwadi,302.093,52.191
2017-10-01,Jayakwadi,327.984,51.206
2017-10-02,Jayakwadi,353.874,45.203
2017-10-03,Jayakwadi,379.765,37.434
2017-10-04,Jayakwadi,405.656,28.605
2017-10-05,Jayakwadi,431.547,19.423
2017-10-06,Jayakwadi,457.438,14.479
2017-10-07,Jayakwadi,483.329,13.42
2017-10-08,Jayakwadi,509.22,12.234
2017-10-09,Jayakwadi,535.111,11.049
2017-10-10,Jayakwadi,561.002,9.863
2017-10-11,Jayakwadi,645.076,8.678
2017-10-12,Jayakwadi,1051.137,7.492
2017-10-13,Jayakwadi,519.946,6.307
2017-10-14,Jayakwadi,475.357,5.121
2017-10-15,Jayakwadi,474.065,7.681
2017-10-16,Jayakwadi,472.774,10.241
2017-10-17,Jayakwadi,471.482,12.802
2017-10-18,Jayakwadi,470.191,15.362
2017-10-19,Jayakwadi,468.899,17.922
2017-10-20,Jayakwadi,467.608,20.483
2017-10-21,Jayakwadi,466.316,23.043
2017-10-22,Jayakwadi,465.025,25.603
2017-10-23,Jayakwadi,463.733,28.163
2017-10-24,Jayakwadi,462.442,30.724
2017-10-25,Jayakwadi,461.15,33.284
2017-10-26,Jayakwadi,459.859,35.844
2017-10-27,Jayakwadi,458.567,38.405
2017-10-28,Jayakwadi,457.276,40.965
2017-10-29,Jayakwadi,455.984,43.525
2017-10-30,Jayakwadi,454.693,46.086
2017-10-31,Jayakwadi,453.401,48.646
2017-11-01,Jayakwadi,452.109,51.206
2017-11-02,Jayakwadi,450.818,44.85
2017-11-03,Jayakwadi,449.526,37.08
2017-11-04,Jayakwadi,448.235,28.252
2017-11-05,Jayakwadi,446.943,19.07
2017-11-06,Jayakwadi,445.652,14.479
2017-11-07,Jayakwadi,444.36,13.42
2017-11-08,Jayakwadi,443.069,12.268
2017-11-09,Jayakwadi,441.777,11.115
2017-11-10,Jayakwadi,440.486,9.963
2017-11-11,Jayakwadi,439.194,8.81
2017-11-12,Jayakwadi,437.903,7.658
2017-11-13,Jayakwadi,436.611,6.505
2017-11-14,Jayakwadi,435.32,5.353
2017-11-15,Jayakwadi,434.028,8.029
2017-11-16,Jayakwadi,432.737,10.706
2017-11-17,Jayakwadi,431.445,13.382
2017-11-18,Jayakwadi,430.153,16.059
2017-11-19,Jayakwadi,428.862,18.735
2017-11-20,Jayakwadi,427.57,21.412
2017-11-21,Jayakwadi,426.279,24.088
2017-11-22,Jayakwadi,424.987,26.765
2017-11-23,Jayakwadi,423.696,29.441
2017-11-24,Jayakwadi,422.404,32.118
2017-11-25,Jayakwadi,421.113,34.794
2017-11-26,Jayakwadi,419.821,37.471
2017-11-27,Jayakwadi,418.53,40.147
2017-11-28,Jayakwadi,417.238,42.824
2017-11-29,Jayakwadi,415.947,45.5
2017-11-30,Jayakwadi,414.655,48.177
2017-12-01,Jayakwadi,413.364,50.853
2017-12-02,Jayakwadi,412.072,44.496
2017-12-03,Jayakwadi,410.781,36.727
2017-12-04,Jayakwadi,409.489,27.899
2017-12-05,Jayakwadi,408.197,18.717
2017-12-06,Jayakwadi,406.906,14.479
2017-12-07,Jayakwadi,405.614,13.42
2017-12-08,Jayakwadi,404.323,22.508
2017-12-09,Jayakwadi,403.031,31.595
2017-12-10,Jayakwadi,401.74,40.682
2017-12-11,Jayakwadi,400.448,49.77
2017-12-12,Jayakwadi,399.157,58.857
2017-12-13,Jayakwadi,397.865,67.945
2017-12-14,Jayakwadi,396.574,67.734
2017-12-15,Jayakwadi,395.282,67.522
2017-12-16,Jayakwadi,393.991,67.31
2017-12-17,Jayakwadi,392.699,67.098
2017-12-18,Jayakwadi,391.408,66.886
2017-12-19,Jayakwadi,390.116,66.674
2017-12-20,Jayakwadi,388.825,66.462
2017-12-21,Jayakwadi,387.533,66.25
2017-12-22,Jayakwadi,386.241,66.038
2017-12-23,Jayakwadi,384.95,65.827
2017-12-24,Jayakwadi,383.658,65.615
2017-12-25,Jayakwadi,382.367,65.403
2017-12-26,Jayakwadi,381.075,65.191
2017-12-27,Jayakwadi,379.784,64.979
2017-12-28,Jayakwadi,378.492,64.767
2017-12-29,Jayakwadi,377.201,64.555
2017-12-30,Jayakwadi,375.909,64.343
2017-12-31,Jayakwadi,374.618,64.131
2018-01-01,Jayakwadi,373.326,63.92
2018-01-02,Jayakwadi,372.035,57.21
2018-01-03,Jayakwadi,370.743,49.794
2018-01-04,Jayakwadi,369.452,40.259
2018-01-05,Jayakwadi,368.16,30.724
2018-01-06,Jayakwadi,366.869,23.484
2018-01-07,Jayakwadi,365.577,16.245
2018-01-08,Jayakwadi,364.285,24.72
2018-01-09,Jayakwadi,362.994,28.782
2018-01-10,Jayakwadi,361.702,32.843
2018-01-11,Jayakwadi,360.411,22.601
2018-01-12,Jayakwadi,359.119,20.483
2018-01-13,Jayakwadi,357.828,22.637
2018-01-14,Jayakwadi,356.536,24.791
2018-01-15,Jayakwadi,355.245,26.945
2018-01-16,Jayakwadi,353.953,29.099
2018-01-17,Jayakwadi,352.662,31.253
2018-01-18,Jayakwadi,351.37,33.408
2018-01-19,Jayakwadi,350.079,35.562
2018-01-20,Jayakwadi,348.787,37.716
2018-01-21,Jayakwadi,347.496,39.87
2018-01-22,Jayakwadi,346.204,42.024
2018-01-23,Jayakwadi,344.913,44.179
2018-01-24,Jayakwadi,343.621,46.333
2018-01-25,Jayakwadi,342.329,48.487
2018-01-26,Jayakwadi,341.038,50.641
2018-01-27,Jayakwadi,339.746,52.795
2018-01-28,Jayakwadi,338.455,54.95
2018-01-29,Jayakwadi,337.163,57.104
2018-01-30,Jayakwadi,335.872,59.258
2018-01-31,Jayakwadi,334.58,61.412
2018-02-01,Jayakwadi,333.289,63.566
2018-02-02,Jayakwadi,331.997,56.857
2018-02-03,Jayakwadi,330.706,49.441
2018-02-04,Jayakwadi,329.414,40.259
2018-02-05,Jayakwadi,328.123,30.371
2018-02-06,Jayakwadi,326.831,23.132
2018-02-07,Jayakwadi,325.54,15.892
2018-02-08,Jayakwadi,324.248,26.133
2018-02-09,Jayakwadi,322.957,36.374
2018-02-10,Jayakwadi,321.665,32.489
2018-02-11,Jayakwadi,320.373,22.601
2018-02-12,Jayakwadi,319.082,20.483
2018-02-13,Jayakwadi,317.79,22.996
2018-02-14,Jayakwadi,316.499,25.51
2018-02-15,Jayakwadi,315.207,28.023
2018-02-16,Jayakwadi,313.916,30.537
2018-02-17,Jayakwadi,312.624,33.05
2018-02-18,Jayakwadi,311.333,35.564
2018-02-19,Jayakwadi,310.041,38.078
2018-02-20,Jayakwadi,308.75,40.591
2018-02-21,Jayakwadi,307.458,43.105
2018-02-22,Jayakwadi,306.167,45.618
2018-02-23,Jayakwadi,304.875,48.132
2018-02-24,Jayakwadi,303.584,50.645
2018-02-25,Jayakwadi,302.292,53.159
2018-02-26,Jayakwadi,301.001,55.673
2018-02-27,Jayakwadi,299.709,58.186
2018-02-28,Jayakwadi,298.418,60.7
2018-03-01,Jayakwadi,297.126,63.213
2018-03-02,Jayakwadi,295.834,56.857
2018-03-03,Jayakwadi,294.543,49.087
2018-03-04,Jayakwadi,293.251,39.906
2018-03-05,Jayakwadi,291.96,30.017
2018-03-06,Jayakwadi,290.668,22.954
2018-03-07,Jayakwadi,289.377,15.892
2018-03-08,Jayakwadi,288.085,24.367
2018-03-09,Jayakwadi,286.794,28.252
2018-03-10,Jayakwadi,285.502,32.136
2018-03-11,Jayakwadi,284.211,22.601
2018-03-12,Jayakwadi,282.919,20.483
2018-03-13,Jayakwadi,281.628,22.619
2018-03-14,Jayakwadi,280.336,24.756
2018-03-15,Jayakwadi,279.045,26.892
2018-03-16,Jayakwadi,277.753,29.029
2018-03-17,Jayakwadi,276.462,31.165
2018-03-18,Jayakwadi,275.17,33.302
2018-03-19,Jayakwadi,273.878,35.438
2018-03-20,Jayakwadi,272.587,37.575
2018-03-21,Jayakwadi,271.295,39.711
2018-03-22,Jayakwadi,270.004,41.848
2018-03-23,Jayakwadi,268.712,43.984
2018-03-24,Jayakwadi,267.421,46.121
2018-03-25,Jayakwadi,266.129,48.257
2018-03-26,Jayakwadi,264.838,50.394
2018-03-27,Jayakwadi,263.546,52.531
2018-03-28,Jayakwadi,262.255,54.667
2018-03-29,Jayakwadi,260.963,56.804
2018-03-30,Jayakwadi,259.672,58.94
2018-03-31,Jayakwadi,258.38,61.077
2018-04-01,Jayakwadi,257.089,63.213
2018-04-02,Jayakwadi,255.797,56.503
2018-04-03,Jayakwadi,254.506,48.734
2018-04-04,Jayakwadi,253.214,39.552
2018-04-05,Jayakwadi,251.922,29.664
2018-04-06,Jayakwadi,250.631,22.601
2018-04-07,Jayakwadi,249.339,15.538
2018-04-08,Jayakwadi,248.048,24.367
2018-04-09,Jayakwadi,246.756,28.252
2018-04-10,Jayakwadi,245.465,32.136
2018-04-11,Jayakwadi,244.173,22.955
2018-04-12,Jayakwadi,242.882,13.131
2018-04-13,Jayakwadi,241.59,3.308
2018-04-14,Jayakwadi,240.299,6.617
2018-04-15,Jayakwadi,239.007,9.925
2018-04-16,Jayakwadi,237.716,13.234
2018-04-17,Jayakwadi,236.424,16.542
2018-04-18,Jayakwadi,235.133,19.851
2018-04-19,Jayakwadi,233.841,23.159
2018-04-20,Jayakwadi,232.55,26.467
2018-04-21,Jayakwadi,231.258,29.776
2018-04-22,Jayakwadi,229.966,33.084
2018-04-23,Jayakwadi,228.675,36.393
2018-04-24,Jayakwadi,227.383,39.701
2018-04-25,Jayakwadi,226.092,43.01
2018-04-26,Jayakwadi,224.8,46.318
2018-04-27,Jayakwadi,223.509,49.626
2018-04-28,Jayakwadi,222.217,52.935
2018-04-29,Jayakwadi,220.926,56.243
2018-04-30,Jayakwadi,219.634,59.552
2018-05-01,Jayakwadi,218.343,62.86
2018-05-02,Jayakwadi,217.051,56.15
2018-05-03,Jayakwadi,215.76,48.381
2018-05-04,Jayakwadi,214.468,38.846
2018-05-05,Jayakwadi,213.177,29.311
2018-05-06,Jayakwadi,211.885,22.424
2018-05-07,Jayakwadi,210.594,15.538
2018-05-08,Jayakwadi,209.302,24.367
2018-05-09,Jayakwadi,208.01,28.252
2018-05-10,Jayakwadi,206.719,32.136
2018-05-11,Jayakwadi,205.427,24.367
2018-05-12,Jayakwadi,204.136,20.483
2018-05-13,Jayakwadi,202.844,22.601
2018-05-14,Jayakwadi,201.553,24.72
2018-05-15,Jayakwadi,200.261,26.839
2018-05-16,Jayakwadi,198.97,28.958
2018-05-17,Jayakwadi,197.678,31.077
2018-05-18,Jayakwadi,196.387,33.196
2018-05-19,Jayakwadi,195.095,35.315
2018-05-20,Jayakwadi,193.804,37.434
2018-05-21,Jayakwadi,192.512,39.552
2018-05-22,Jayakwadi,191.221,41.671
2018-05-23,Jayakwadi,189.929,43.79
2018-05-24,Jayakwadi,188.638,45.909
2018-05-25,Jayakwadi,187.346,48.028
2018-05-26,Jayakwadi,186.054,50.147
2018-05-27,Jayakwadi,184.763,52.266
2018-05-28,Jayakwadi,183.471,54.385
2018-05-29,Jayakwadi,182.18,56.503
2018-05-30,Jayakwadi,180.888,58.622
2018-05-31,Jayakwadi,179.597,60.741
2018-06-01,Jayakwadi,178.305,62.86
2018-06-02,Jayakwadi,177.014,55.797
2018-06-03,Jayakwadi,175.722,48.028
2018-06-04,Jayakwadi,174.431,39.199
2018-06-05,Jayakwadi,173.139,28.958
2018-06-06,Jayakwadi,171.848,22.072
2018-06-07,Jayakwadi,170.556,15.185
2018-06-08,Jayakwadi,169.265,24.014
2018-06-09,Jayakwadi,167.973,24.367
2018-06-10,Jayakwadi,166.682,24.72
2018-06-11,Jayakwadi,165.39,25.073
2018-06-12,Jayakwadi,164.098,18.921
2018-06-13,Jayakwadi,162.807,12.769
2018-06-14,Jayakwadi,161.515,6.617
2018-06-15,Jayakwadi,160.224,9.925
2018-06-16,Jayakwadi,158.932,13.234
2018-06-17,Jayakwadi,157.641,16.542
2018-06-18,Jayakwadi,156.349,19.851
2018-06-19,Jayakwadi,155.058,23.159
2018-06-20,Jayakwadi,153.766,26.467
2018-06-21,Jayakwadi,152.475,29.776
2018-06-22,Jayakwadi,151.183,33.084
2018-06-23,Jayakwadi,149.892,36.393
2018-06-24,Jayakwadi,148.6,39.701
2018-06-25,Jayakwadi,147.309,43.01
2018-06-26,Jayakwadi,146.017,46.318
2018-06-27,Jayakwadi,144.726,49.626
2018-06-28,Jayakwadi,143.434,52.935
2018-06-29,Jayakwadi,142.142,56.243
2018-06-30,Jayakwadi,140.851,59.552
2018-07-01,Jayakwadi,139.559,62.86
2018-07-02,Jayakwadi,138.268,55.797
2018-07-03,Jayakwadi,136.976,48.028
2018-07-04,Jayakwadi,135.685,38.846
2018-07-05,Jayakwadi,134.393,28.605
2018-07-06,Jayakwadi,133.102,18.364
2018-07-07,Jayakwadi,131.81,15.185
2018-07-08,Jayakwadi,130.519,23.661
2018-07-09,Jayakwadi,129.227,27.369
2018-07-10,Jayakwadi,127.936,31.077
2018-07-11,Jayakwadi,126.644,25.073
2018-07-12,Jayakwadi,125.353,19.776
2018-07-13,Jayakwadi,124.061,21.913
2018-07-14,Jayakwadi,122.77,24.049
2018-07-15,Jayakwadi,121.478,26.186
2018-07-16,Jayakwadi,123.427,28.322
2018-07-17,Jayakwadi,758.108,30.459
2018-07-18,Jayakwadi,810.654,32.595
2018-07-19,Jayakwadi,343.481,34.732
2018-07-20,Jayakwadi,122.828,36.869
2018-07-21,Jayakwadi,137.522,39.005
2018-07-22,Jayakwadi,376.623,41.142
2018-07-23,Jayakwadi,615.724,43.278
2018-07-24,Jayakwadi,422.739,45.415
2018-07-25,Jayakwadi,89.875,47.551
2018-07-26,Jayakwadi,181.348,49.688
2018-07-27,Jayakwadi,73.959,51.824
2018-07-28,Jayakwadi,73.636,53.961
2018-07-29,Jayakwadi,46.452,56.097
2018-07-30,Jayakwadi,19.269,58.234
2018-07-31,Jayakwadi,33.451,60.37
2018-08-01,Jayakwadi,20.225,62.507
2018-08-02,Jayakwadi,27.261,55.444
2018-08-03,Jayakwadi,19.504,47.675
2018-08-04,Jayakwadi,16.978,38.493
2018-08-05,Jayakwadi,0.0,28.252
2018-08-06,Jayakwadi,2.411,18.01
2018-08-07,Jayakwadi,36.979,15.185
2018-08-08,Jayakwadi,5.972,23.661
2018-08-09,Jayakwadi,0.88,27.193
2018-08-10,Jayakwadi,24.269,30.724
2018-08-11,Jayakwadi,35.933,25.073
2018-08-12,Jayakwadi,0.0,19.776
2018-08-13,Jayakwadi,48.549,21.913
2018-08-14,Jayakwadi,110.907,24.049
2018-08-15,Jayakwadi,0.0,26.186
2018-08-16,Jayakwadi,34.2,28.322
2018-08-17,Jayakwadi,155.828,30.459
2018-08-18,Jayakwadi,446.931,32.595
2018-08-19,Jayakwadi,0.0,34.732
2018-08-20,Jayakwadi,295.371,36.869
2018-08-21,Jayakwadi,288.866,39.005
2018-08-22,Jayakwadi,0.0,41.142
2018-08-23,Jayakwadi,490.597,43.278
2018-08-24,Jayakwadi,349.281,45.415
2018-08-25,Jayakwadi,266.016,47.551
2018-08-26,Jayakwadi,0.0,49.688
2018-08-27,Jayakwadi,264.546,51.824
2018-08-28,Jayakwadi,234.784,53.961
2018-08-29,Jayakwadi,152.315,56.097
2018-08-30,Jayakwadi,41.873,58.234
2018-08-31,Jayakwadi,66.646,60.37
2018-09-01,Jayakwadi,17.961,62.507
2018-09-02,Jayakwadi,0.0,55.091
2018-09-03,Jayakwadi,0.0,47.322
2018-09-04,Jayakwadi,18.083,38.14
2018-09-05,Jayakwadi,16.507,27.899
2018-09-06,Jayakwadi,1.11,18.01
2018-09-07,Jayakwadi,32.113,14.832
2018-09-08,Jayakwadi,6.319,23.308
2018-09-09,Jayakwadi,1.866,26.84
2018-09-10,Jayakwadi,0.0,30.371
2018-09-11,Jayakwadi,0.0,24.72
2018-09-12,Jayakwadi,0.0,19.423
2018-09-13,Jayakwadi,0.0,21.691
2018-09-14,Jayakwadi,0.0,23.958
2018-09-15,Jayakwadi,0.0,26.226
2018-09-16,Jayakwadi,0.0,28.493
2018-09-17,Jayakwadi,0.0,30.761
2018-09-18,Jayakwadi,0.0,33.029
2018-09-19,Jayakwadi,0.0,35.296
2018-09-20,Jayakwadi,0.0,37.564
2018-09-21,Jayakwadi,0.0,39.831
2018-09-22,Jayakwadi,0.0,42.099
2018-09-23,Jayakwadi,0.0,44.366
2018-09-24,Jayakwadi,0.0,46.634
2018-09-25,Jayakwadi,0.0,48.902
2018-09-26,Jayakwadi,0.0,51.169
2018-09-27,Jayakwadi,0.0,53.437
2018-09-28,Jayakwadi,0.0,55.704
2018-09-29,Jayakwadi,0.0,57.972
2018-09-30,Jayakwadi,0.0,60.239
2018-10-01,Jayakwadi,11.861,62.507
2018-10-02,Jayakwadi,23.721,54.738
2018-10-03,Jayakwadi,35.582,46.969
2018-10-04,Jayakwadi,47.442,37.787
2018-10-05,Jayakwadi,59.303,27.898
2018-10-06,Jayakwadi,71.164,18.01
2018-10-07,Jayakwadi,83.024,14.832
2018-10-08,Jayakwadi,94.885,19.894
2018-10-09,Jayakwadi,106.745,24.955
2018-10-10,Jayakwadi,118.606,30.017
2018-10-11,Jayakwadi,130.466,24.367
2018-10-12,Jayakwadi,142.327,19.423
2018-10-13,Jayakwadi,154.188,21.56
2018-10-14,Jayakwadi,166.048,23.696
2018-10-15,Jayakwadi,177.909,25.833
2018-10-16,Jayakwadi,189.769,27.969
2018-10-17,Jayakwadi,201.63,30.106
2018-10-18,Jayakwadi,213.491,32.242
2018-10-19,Jayakwadi,225.351,34.379
2018-10-20,Jayakwadi,237.212,36.515
2018-10-21,Jayakwadi,249.072,38.652
2018-10-22,Jayakwadi,260.933,40.788
2018-10-23,Jayakwadi,272.794,42.925
2018-10-24,Jayakwadi,284.654,45.062
2018-10-25,Jayakwadi,296.515,47.198
2018-10-26,Jayakwadi,308.375,49.335
2018-10-27,Jayakwadi,320.236,51.471
2018-10-28,Jayakwadi,332.096,53.608
2018-10-29,Jayakwadi,343.957,55.744
2018-10-30,Jayakwadi,355.818,57.881
2018-10-31,Jayakwadi,367.678,60.017
2018-11-01,Jayakwadi,379.539,62.154
2018-11-02,Jayakwadi,391.399,54.738
2018-11-03,Jayakwadi,403.26,46.615
2018-11-04,Jayakwadi,221.518,37.787
2018-11-05,Jayakwadi,39.777,27.898
2018-11-06,Jayakwadi,39.498,18.01
2018-11-07,Jayakwadi,39.219,14.832
2018-11-08,Jayakwadi,38.94,19.776
2018-11-09,Jayakwadi,38.661,24.72
2018-11-10,Jayakwadi,38.382,29.664
2018-11-11,Jayakwadi,38.103,24.367
2018-11-12,Jayakwadi,37.824,19.423
2018-11-13,Jayakwadi,37.545,21.672
2018-11-14,Jayakwadi,37.266,23.921
2018-11-15,Jayakwadi,36.987,26.17
2018-11-16,Jayakwadi,36.707,28.419
2018-11-17,Jayakwadi,36.428,30.668
2018-11-18,Jayakwadi,36.149,32.917
2018-11-19,Jayakwadi,35.87,35.166
2018-11-20,Jayakwadi,35.591,37.415
2018-11-21,Jayakwadi,35.312,39.664
2018-11-22,Jayakwadi,35.033,41.913
2018-11-23,Jayakwadi,34.754,44.162
2018-11-24,Jayakwadi,34.475,46.411
2018-11-25,Jayakwadi,34.196,48.66
2018-11-26,Jayakwadi,33.917,50.909
2018-11-27,Jayakwadi,33.638,53.158
2018-11-28,Jayakwadi,33.359,55.407
2018-11-29,Jayakwadi,33.08,57.656
2018-11-30,Jayakwadi,32.801,59.905
2018-12-01,Jayakwadi,32.522,62.154
2018-12-02,Jayakwadi,32.243,54.385
2018-12-03,Jayakwadi,31.964,46.615
2018-12-04,Jayakwadi,31.685,36.727
2018-12-05,Jayakwadi,31.406,26.839
2018-12-06,Jayakwadi,31.126,18.01
2018-12-07,Jayakwadi,30.847,20.129
2018-12-08,Jayakwadi,30.568,22.248
2018-12-09,Jayakwadi,30.289,25.78
2018-12-10,Jayakwadi,30.01,29.311
2018-12-11,Jayakwadi,29.731,24.014
2018-12-12,Jayakwadi,29.452,19.07
2018-12-13,Jayakwadi,29.173,18.116
2018-12-14,Jayakwadi,28.894,17.163
2018-12-15,Jayakwadi,28.615,16.209
2018-12-16,Jayakwadi,28.336,15.256
2018-12-17,Jayakwadi,28.057,14.302
2018-12-18,Jayakwadi,27.778,13.349
2018-12-19,Jayakwadi,27.499,12.395
2018-12-20,Jayakwadi,27.22,11.442
2018-12-21,Jayakwadi,26.941,10.488
2018-12-22,Jayakwadi,26.662,9.535
2018-12-23,Jayakwadi,26.383,8.581
2018-12-24,Jayakwadi,26.104,7.628
2018-12-25,Jayakwadi,25.825,6.674
2018-12-26,Jayakwadi,25.546,5.721
2018-12-27,Jayakwadi,25.266,4.767
2018-12-28,Jayakwadi,24.987,3.814
2018-12-29,Jayakwadi,24.708,2.86
2018-12-30,Jayakwadi,24.429,1.907
2018-12-31,Jayakwadi,24.15,0.953
2019-01-01,Jayakwadi,23.871,6.656
2019-01-02,Jayakwadi,23.592,12.36
2019-01-03,Jayakwadi,23.313,3.885
2019-01-04,Jayakwadi,23.034,3.532
2019-01-05,Jayakwadi,22.755,3.179
2019-01-06,Jayakwadi,22.476,2.825
2019-01-07,Jayakwadi,22.197,2.472
2019-01-08,Jayakwadi,21.918,2.119
2019-01-09,Jayakwadi,21.639,11.47
2019-01-10,Jayakwadi,21.36,20.821
2019-01-11,Jayakwadi,21.081,30.172
2019-01-12,Jayakwadi,20.802,39.522
2019-01-13,Jayakwadi,20.523,48.873
2019-01-14,Jayakwadi,20.244,58.224
2019-01-15,Jayakwadi,19.965,67.575
2019-01-16,Jayakwadi,19.685,64.555
2019-01-17,Jayakwadi,19.406,61.536
2019-01-18,Jayakwadi,19.127,58.516
2019-01-19,Jayakwadi,18.848,55.497
2019-01-20,Jayakwadi,18.569,52.478
2019-01-21,Jayakwadi,18.29,49.458
2019-01-22,Jayakwadi,18.011,46.439
2019-01-23,Jayakwadi,17.732,43.419
2019-01-24,Jayakwadi,17.453,40.4
2019-01-25,Jayakwadi,17.174,37.381
2019-01-26,Jayakwadi,16.895,34.361
2019-01-27,Jayakwadi,21.731,31.342
2019-01-28,Jayakwadi,26.568,28.322
2019-01-29,Jayakwadi,31.404,25.303
2019-01-30,Jayakwadi,36.24,22.284
2019-01-31,Jayakwadi,41.077,19.264
2019-02-01,Jayakwadi,45.913,16.245
2019-02-02,Jayakwadi,50.75,12.007
2019-02-03,Jayakwadi,55.586,3.531
2019-02-04,Jayakwadi,60.422,3.955
2019-02-05,Jayakwadi,65.259,4.379
2019-02-06,Jayakwadi,70.095,4.802
2019-02-07,Jayakwadi,74.931,5.226
2019-02-08,Jayakwadi,79.768,5.65
2019-02-09,Jayakwadi,84.604,13.858
2019-02-10,Jayakwadi,89.44,22.067
2019-02-11,Jayakwadi,94.277,30.275
2019-02-12,Jayakwadi,99.113,38.484
2019-02-13,Jayakwadi,103.949,46.692
2019-02-14,Jayakwadi,108.786,54.901
2019-02-15,Jayakwadi,113.622,63.109
2019-02-16,Jayakwadi,118.459,58.602
2019-02-17,Jayakwadi,123.295,54.094
2019-02-18,Jayakwadi,128.131,49.586
2019-02-19,Jayakwadi,132.968,45.078
2019-02-20,Jayakwadi,137.804,40.57
2019-02-21,Jayakwadi,142.64,36.063
2019-02-22,Jayakwadi,147.477,31.555
2019-02-23,Jayakwadi,152.313,27.047
2019-02-24,Jayakwadi,157.149,22.539
2019-02-25,Jayakwadi,161.986,18.031
2019-02-26,Jayakwadi,166.822,13.523
2019-02-27,Jayakwadi,171.658,9.016
2019-02-28,Jayakwadi,176.495,4.508
2019-03-01,Jayakwadi,181.331,8.081
2019-03-02,Jayakwadi,186.168,11.654
2019-03-03,Jayakwadi,191.004,3.531
2019-03-04,Jayakwadi,195.84,4.308
2019-03-05,Jayakwadi,200.677,5.085
2019-03-06,Jayakwadi,205.513,5.862
2019-03-07,Jayakwadi,210.349,6.639
2019-03-08,Jayakwadi,215.186,7.416
2019-03-09,Jayakwadi,220.022,17.675
2019-03-10,Jayakwadi,224.858,27.934
2019-03-11,Jayakwadi,229.695,38.193
2019-03-12,Jayakwadi,234.531,48.452
2019-03-13,Jayakwadi,239.367,58.711
2019-03-14,Jayakwadi,244.204,68.97
2019-03-15,Jayakwadi,249.04,65.138
2019-03-16,Jayakwadi,253.877,61.306
2019-03-17,Jayakwadi,258.713,57.475
2019-03-18,Jayakwadi,263.549,53.643
2019-03-19,Jayakwadi,268.386,49.811
2019-03-20,Jayakwadi,273.222,45.98
2019-03-21,Jayakwadi,278.058,42.148
2019-03-22,Jayakwadi,282.895,38.316
2019-03-23,Jayakwadi,287.731,34.485
2019-03-24,Jayakwadi,292.567,30.653
2019-03-25,Jayakwadi,297.404,26.821
2019-03-26,Jayakwadi,302.24,22.99
2019-03-27,Jayakwadi,307.076,19.158
2019-03-28,Jayakwadi,311.913,15.327
2019-03-29,Jayakwadi,316.749,11.495
2019-03-30,Jayakwadi,321.586,7.663
2019-03-31,Jayakwadi,326.422,3.832
2019-04-01,Jayakwadi,331.258,7.566
2019-04-02,Jayakwadi,336.095,11.301
2019-04-03,Jayakwadi,340.931,3.178
2019-04-04,Jayakwadi,345.767,4.732
2019-04-05,Jayakwadi,350.604,6.286
2019-04-06,Jayakwadi,355.44,7.84
2019-04-07,Jayakwadi,360.276,9.394
2019-04-08,Jayakwadi,365.113,10.948
2019-04-09,Jayakwadi,369.949,20.551
2019-04-10,Jayakwadi,374.785,30.154
2019-04-11,Jayakwadi,379.622,39.757
2019-04-12,Jayakwadi,384.458,49.36
2019-04-13,Jayakwadi,389.295,58.963
2019-04-14,Jayakwadi,394.131,68.566
2019-04-15,Jayakwadi,398.967,64.533
2019-04-16,Jayakwadi,403.804,60.5
2019-04-17,Jayakwadi,408.64,56.466
2019-04-18,Jayakwadi,413.476,52.433
2019-04-19,Jayakwadi,418.313,48.4
2019-04-20,Jayakwadi,423.149,44.366
2019-04-21,Jayakwadi,427.985,40.333
2019-04-22,Jayakwadi,432.822,36.3
2019-04-23,Jayakwadi,437.658,32.266
2019-04-24,Jayakwadi,442.494,28.233
2019-04-25,Jayakwadi,447.331,24.2
2019-04-26,Jayakwadi,452.167,20.167
2019-04-27,Jayakwadi,457.004,16.133
2019-04-28,Jayakwadi,461.84,12.1
2019-04-29,Jayakwadi,466.676,8.067
2019-04-30,Jayakwadi,471.513,4.033
2019-05-01,Jayakwadi,476.349,7.491
2019-05-02,Jayakwadi,481.185,10.948
2019-05-03,Jayakwadi,486.022,2.825
2019-05-04,Jayakwadi,490.858,5.438
2019-05-05,Jayakwadi,495.694,8.052
2019-05-06,Jayakwadi,500.531,10.665
2019-05-07,Jayakwadi,505.367,13.279
2019-05-08,Jayakwadi,510.203,15.892
2019-05-09,Jayakwadi,515.04,24.738
2019-05-10,Jayakwadi,519.876,33.585
2019-05-11,Jayakwadi,524.713,42.431
2019-05-12,Jayakwadi,529.549,51.277
2019-05-13,Jayakwadi,534.385,60.124
2019-05-14,Jayakwadi,539.222,68.97
2019-05-15,Jayakwadi,544.058,65.138
2019-05-16,Jayakwadi,548.894,61.306
2019-05-17,Jayakwadi,553.731,57.475
2019-05-18,Jayakwadi,558.567,53.643
2019-05-19,Jayakwadi,563.403,49.811
2019-05-20,Jayakwadi,568.24,45.98
2019-05-21,Jayakwadi,573.076,42.148
2019-05-22,Jayakwadi,577.912,38.316
2019-05-23,Jayakwadi,582.749,34.485
2019-05-24,Jayakwadi,587.585,30.653
2019-05-25,Jayakwadi,592.422,26.821
2019-05-26,Jayakwadi,597.258,22.99
2019-05-27,Jayakwadi,602.094,19.158
2019-05-28,Jayakwadi,606.931,15.327
2019-05-29,Jayakwadi,611.767,11.495
2019-05-30,Jayakwadi,616.603,7.663
2019-05-31,Jayakwadi,621.44,3.832
2019-06-01,Jayakwadi,626.276,7.39
2019-06-02,Jayakwadi,631.112,10.948
2019-06-03,Jayakwadi,635.949,2.825
2019-06-04,Jayakwadi,640.785,7.416
2019-06-05,Jayakwadi,645.621,12.007
2019-06-06,Jayakwadi,650.458,16.598
2019-06-07,Jayakwadi,655.294,21.189
2019-06-08,Jayakwadi,660.131,25.78
2019-06-09,Jayakwadi,664.967,35.3
2019-06-10,Jayakwadi,669.803,44.82
2019-06-11,Jayakwadi,674.64,54.34
2019-06-12,Jayakwadi,679.476,63.86
2019-06-13,Jayakwadi,684.312,73.38
2019-06-14,Jayakwadi,689.149,70.127
2019-06-15,Jayakwadi,693.985,66.875
2019-06-16,Jayakwadi,698.821,63.622
2019-06-17,Jayakwadi,703.658,60.369
2019-06-18,Jayakwadi,708.494,57.117
2019-06-19,Jayakwadi,713.33,53.864
2019-06-20,Jayakwadi,718.167,50.611
2019-06-21,Jayakwadi,723.003,47.359
2019-06-22,Jayakwadi,727.84,44.106
2019-06-23,Jayakwadi,732.676,40.853
2019-06-24,Jayakwadi,737.512,37.601
2019-06-25,Jayakwadi,742.349,34.348
2019-06-26,Jayakwadi,747.185,31.095
2019-06-27,Jayakwadi,752.021,27.843
2019-06-28,Jayakwadi,756.858,24.59
2019-06-29,Jayakwadi,761.694,21.337
2019-06-30,Jayakwadi,766.53,18.085
2019-07-01,Jayakwadi,771.367,14.832
2019-07-02,Jayakwadi,776.203,10.594
2019-07-03,Jayakwadi,781.039,2.472
2019-07-04,Jayakwadi,785.876,10.312
2019-07-05,Jayakwadi,790.712,18.152
2019-07-06,Jayakwadi,795.549,25.991
2019-07-07,Jayakwadi,800.385,33.831
2019-07-08,Jayakwadi,805.221,41.671
2019-07-09,Jayakwadi,41.387,50.412
2019-07-10,Jayakwadi,17.078,59.152
2019-07-11,Jayakwadi,8.073,67.892
2019-07-12,Jayakwadi,95.351,76.633
2019-07-13,Jayakwadi,41.15,72.801
2019-07-14,Jayakwadi,23.155,68.97
2019-07-15,Jayakwadi,5.161,65.138
2019-07-16,Jayakwadi,3.791,61.306
2019-07-17,Jayakwadi,11.101,57.475
2019-07-18,Jayakwadi,3.896,53.643
2019-07-19,Jayakwadi,3.827,49.811
2019-07-20,Jayakwadi,3.78,45.98
2019-07-21,Jayakwadi,25.297,42.148
2019-07-22,Jayakwadi,46.813,38.316
2019-07-23,Jayakwadi,16.674,34.485
2019-07-24,Jayakwadi,3.815,30.653
2019-07-25,Jayakwadi,23.886,26.821
2019-07-26,Jayakwadi,17.16,22.99
2019-07-27,Jayakwadi,107.5,19.158
2019-07-28,Jayakwadi,734.478,15.327
2019-07-29,Jayakwadi,618.473,11.495
2019-07-30,Jayakwadi,1374.789,7.663
2019-07-31,Jayakwadi,1220.959,3.832
2019-08-01,Jayakwadi,1226.285,7.036
2019-08-02,Jayakwadi,739.09,10.241
2019-08-03,Jayakwadi,1309.254,2.472
2019-08-04,Jayakwadi,2150.666,12.007
2019-08-05,Jayakwadi,1955.354,21.542
2019-08-06,Jayakwadi,1760.043,31.077
2019-08-07,Jayakwadi,1564.731,40.612
2019-08-08,Jayakwadi,1131.048,50.147
2019-08-09,Jayakwadi,793.058,58.976
2019-08-10,Jayakwadi,1063.908,67.804
2019-08-11,Jayakwadi,816.864,76.633
2019-08-12,Jayakwadi,569.819,76.633
2019-08-13,Jayakwadi,322.775,73.543
2019-08-14,Jayakwadi,132.804,70.453
2019-08-15,Jayakwadi,104.356,67.363
2019-08-16,Jayakwadi,75.908,64.273
2019-08-17,Jayakwadi,182.569,61.183
2019-08-18,Jayakwadi,191.36,58.093
2019-08-19,Jayakwadi,200.15,55.003
2019-08-20,Jayakwadi,147.462,51.913
2019-08-21,Jayakwadi,51.099,48.823
2019-08-22,Jayakwadi,39.227,45.732
2019-08-23,Jayakwadi,38.64,42.642
2019-08-24,Jayakwadi,23.086,39.552
2019-08-25,Jayakwadi,20.445,36.462
2019-08-26,Jayakwadi,17.804,33.372
2019-08-27,Jayakwadi,0.0,30.282
2019-08-28,Jayakwadi,9.361,27.192
2019-08-29,Jayakwadi,18.722,24.102
2019-08-30,Jayakwadi,28.083,21.012
2019-08-31,Jayakwadi,37.445,17.922
2019-09-01,Jayakwadi,46.806,14.832
2019-09-02,Jayakwadi,56.167,9.888
2019-09-03,Jayakwadi,65.528,2.119
2019-09-04,Jayakwadi,49.073,12.29
2019-09-05,Jayakwadi,115.64,22.46
2019-09-06,Jayakwadi,152.501,32.631
2019-09-07,Jayakwadi,119.195,42.801
2019-09-08,Jayakwadi,165.578,52.972
2019-09-09,Jayakwadi,211.962,60.859
2019-09-10,Jayakwadi,383.022,68.746
2019-09-11,Jayakwadi,554.083,76.633
2019-09-12,Jayakwadi,450.589,76.633
2019-09-13,Jayakwadi,381.807,73.38
2019-09-14,Jayakwadi,310.077,70.127
2019-09-15,Jayakwadi,322.779,66.875
2019-09-16,Jayakwadi,335.48,63.622
2019-09-17,Jayakwadi,247.18,60.369
2019-09-18,Jayakwadi,200.628,57.117
2019-09-19,Jayakwadi,204.242,53.864
2019-09-20,Jayakwadi,172.048,50.611
2019-09-21,Jayakwadi,299.688,47.359
2019-09-22,Jayakwadi,219.119,44.106
2019-09-23,Jayakwadi,138.549,40.853
2019-09-24,Jayakwadi,111.923,37.601
2019-09-25,Jayakwadi,167.253,34.348
2019-09-26,Jayakwadi,2050.465,31.095
2019-09-27,Jayakwadi,1161.548,27.843
2019-09-28,Jayakwadi,754.828,24.59
2019-09-29,Jayakwadi,451.672,21.337
2019-09-30,Jayakwadi,148.516,18.085
2019-10-01,Jayakwadi,101.643,14.832
2019-10-02,Jayakwadi,89.098,9.535
2019-10-03,Jayakwadi,76.553,1.766
2019-10-04,Jayakwadi,113.195,11.124
2019-10-05,Jayakwadi,49.566,20.483
2019-10-06,Jayakwadi,219.547,29.841
2019-10-07,Jayakwadi,389.529,39.199
2019-10-08,Jayakwadi,270.264,48.558
2019-10-09,Jayakwadi,150.999,57.916
2019-10-10,Jayakwadi,32.219,67.275
2019-10-11,Jayakwadi,53.615,76.633
2019-10-12,Jayakwadi,4.179,76.633
2019-10-13,Jayakwadi,15.096,73.543
2019-10-14,Jayakwadi,26.012,70.453
2019-10-15,Jayakwadi,36.929,67.363
2019-10-16,Jayakwadi,47.846,64.273
2019-10-17,Jayakwadi,58.762,61.183
2019-10-18,Jayakwadi,69.679,58.093
2019-10-19,Jayakwadi,80.595,55.003
2019-10-20,Jayakwadi,91.512,51.913
2019-10-21,Jayakwadi,102.429,48.823
2019-10-22,Jayakwadi,113.345,45.732
2019-10-23,Jayakwadi,124.262,42.642
2019-10-24,Jayakwadi,373.926,39.552
2019-10-25,Jayakwadi,339.748,36.462
2019-10-26,Jayakwadi,166.395,33.372
2019-10-27,Jayakwadi,183.59,30.282
2019-10-28,Jayakwadi,200.784,27.192
2019-10-29,Jayakwadi,220.257,24.102
2019-10-30,Jayakwadi,339.178,21.012
2019-10-31,Jayakwadi,16.063,17.922
2019-11-01,Jayakwadi,144.005,14.832
2019-11-02,Jayakwadi,164.65,9.182
2019-11-03,Jayakwadi,185.294,1.766
2019-11-04,Jayakwadi,205.938,11.124
2019-11-05,Jayakwadi,119.795,20.483
2019-11-06,Jayakwadi,122.101,29.841
2019-11-07,Jayakwadi,116.3,39.199
2019-11-08,Jayakwadi,119.023,48.558
2019-11-09,Jayakwadi,79.657,57.916
2019-11-10,Jayakwadi,40.291,67.275
2019-11-11,Jayakwadi,0.924,76.633
2019-11-12,Jayakwadi,1.039,76.633
2019-11-13,Jayakwadi,1.154,73.362
2019-11-14,Jayakwadi,1.27,70.09
2019-11-15,Jayakwadi,1.385,66.819
2019-11-16,Jayakwadi,1.5,63.548
2019-11-17,Jayakwadi,1.615,60.277
2019-11-18,Jayakwadi,1.73,57.005
2019-11-19,Jayakwadi,1.845,53.734
2019-11-20,Jayakwadi,1.96,50.463
2019-11-21,Jayakwadi,2.075,47.192
2019-11-22,Jayakwadi,2.19,43.92
2019-11-23,Jayakwadi,2.305,40.649
2019-11-24,Jayakwadi,2.42,37.378
2019-11-25,Jayakwadi,2.535,34.107
2019-11-26,Jayakwadi,2.65,30.835
2019-11-27,Jayakwadi,2.765,27.564
2019-11-28,Jayakwadi,2.88,24.293
2019-11-29,Jayakwadi,2.995,21.022
2019-11-30,Jayakwadi,3.11,17.75
2019-12-01,Jayakwadi,3.225,14.479
2019-12-02,Jayakwadi,3.34,8.829
2019-12-03,Jayakwadi,3.455,1.413
2019-12-04,Jayakwadi,3.57,10.816
2019-12-05,Jayakwadi,3.685,20.218
2019-12-06,Jayakwadi,3.8,29.62
2019-12-07,Jayakwadi,3.915,39.023
2019-12-08,Jayakwadi,4.03,48.425
2019-12-09,Jayakwadi,4.145,57.828
2019-12-10,Jayakwadi,4.26,67.23
2019-12-11,Jayakwadi,4.375,76.633
2019-12-12,Jayakwadi,4.49,76.633
2019-12-13,Jayakwadi,4.605,76.403
2019-12-14,Jayakwadi,4.72,76.174
2019-12-15,Jayakwadi,4.835,75.944
2019-12-16,Jayakwadi,4.95,75.715
2019-12-17,Jayakwadi,5.065,75.485
2019-12-18,Jayakwadi,5.18,75.256
2019-12-19,Jayakwadi,5.295,75.026
2019-12-20,Jayakwadi,5.41,74.796
2019-12-21,Jayakwadi,5.525,74.567
2019-12-22,Jayakwadi,5.64,74.337
2019-12-23,Jayakwadi,5.755,74.108
2019-12-24,Jayakwadi,5.87,73.878
2019-12-25,Jayakwadi,5.985,73.649
2019-12-26,Jayakwadi,6.1,73.419
2019-12-27,Jayakwadi,6.215,73.19
2019-12-28,Jayakwadi,6.33,72.96
2019-12-29,Jayakwadi,6.445,72.731
2019-12-30,Jayakwadi,6.56,72.501
2019-12-31,Jayakwadi,6.675,72.271
2020-01-01,Jayakwadi,6.791,72.042
2020-01-02,Jayakwadi,6.906,66.745
2020-01-03,Jayakwadi,7.021,60.741
2020-01-04,Jayakwadi,7.136,51.206
2020-01-05,Jayakwadi,7.251,41.671
2020-01-06,Jayakwadi,7.366,35.844
2020-01-07,Jayakwadi,7.481,30.017
2020-01-08,Jayakwadi,7.596,39.199
2020-01-09,Jayakwadi,7.711,48.292
2020-01-10,Jayakwadi,7.826,57.386
2020-01-11,Jayakwadi,7.941,66.48
2020-01-12,Jayakwadi,8.056,75.573
2020-01-13,Jayakwadi,8.171,75.379
2020-01-14,Jayakwadi,8.286,75.185
2020-01-15,Jayakwadi,8.401,74.991
2020-01-16,Jayakwadi,8.516,74.796
2020-01-17,Jayakwadi,8.631,74.602
2020-01-18,Jayakwadi,8.746,74.408
2020-01-19,Jayakwadi,8.861,74.214
2020-01-20,Jayakwadi,8.976,74.02
2020-01-21,Jayakwadi,9.091,73.825
2020-01-22,Jayakwadi,9.206,73.631
2020-01-23,Jayakwadi,9.321,73.437
2020-01-24,Jayakwadi,9.436,73.243
2020-01-25,Jayakwadi,9.551,73.048
2020-01-26,Jayakwadi,9.666,72.854
2020-01-27,Jayakwadi,9.781,72.66
2020-01-28,Jayakwadi,9.896,72.466
2020-01-29,Jayakwadi,10.011,72.271
2020-01-30,Jayakwadi,10.126,72.077
2020-01-31,Jayakwadi,10.241,71.883
2020-02-01,Jayakwadi,10.356,71.689
2020-02-02,Jayakwadi,10.471,66.745
2020-02-03,Jayakwadi,10.586,60.388
2020-02-04,Jayakwadi,10.701,50.147
2020-02-05,Jayakwadi,10.816,40.965
2020-02-06,Jayakwadi,10.931,35.668
2020-02-07,Jayakwadi,11.046,30.371
2020-02-08,Jayakwadi,11.161,40.259
2020-02-09,Jayakwadi,11.276,48.999
2020-02-10,Jayakwadi,11.391,57.74
2020-02-11,Jayakwadi,11.506,66.48
2020-02-12,Jayakwadi,11.621,75.22
2020-02-13,Jayakwadi,11.736,75.004
2020-02-14,Jayakwadi,11.851,74.789
2020-02-15,Jayakwadi,11.966,74.573
2020-02-16,Jayakwadi,12.081,74.357
2020-02-17,Jayakwadi,12.197,74.141
2020-02-18,Jayakwadi,12.312,73.925
2020-02-19,Jayakwadi,12.427,73.71
2020-02-20,Jayakwadi,12.542,73.494
2020-02-21,Jayakwadi,12.657,73.278
2020-02-22,Jayakwadi,12.772,73.062
2020-02-23,Jayakwadi,12.887,72.846
2020-02-24,Jayakwadi,13.002,72.63
2020-02-25,Jayakwadi,13.117,72.415
2020-02-26,Jayakwadi,13.232,72.199
2020-02-27,Jayakwadi,13.347,71.983
2020-02-28,Jayakwadi,13.462,71.767
2020-02-29,Jayakwadi,13.577,71.551
2020-03-01,Jayakwadi,13.692,71.336
2020-03-02,Jayakwadi,13.807,66.392
2020-03-03,Jayakwadi,13.922,60.035
2020-03-04,Jayakwadi,14.037,49.794
2020-03-05,Jayakwadi,14.152,40.612
2020-03-06,Jayakwadi,14.267,35.668
2020-03-07,Jayakwadi,14.382,30.724
2020-03-08,Jayakwadi,14.497,40.965
2020-03-09,Jayakwadi,14.612,49.44
2020-03-10,Jayakwadi,14.727,57.916
2020-03-11,Jayakwadi,14.842,66.392
2020-03-12,Jayakwadi,14.957,74.867
2020-03-13,Jayakwadi,15.072,74.691
2020-03-14,Jayakwadi,15.187,74.514
2020-03-15,Jayakwadi,15.302,74.337
2020-03-16,Jayakwadi,15.417,74.161
2020-03-17,Jayakwadi,15.532,73.984
2020-03-18,Jayakwadi,15.647,73.808
2020-03-19,Jayakwadi,15.762,73.631
2020-03-20,Jayakwadi,15.877,73.455
2020-03-21,Jayakwadi,15.992,73.278
2020-03-22,Jayakwadi,16.107,73.101
2020-03-23,Jayakwadi,16.222,72.925
2020-03-24,Jayakwadi,16.337,72.748
2020-03-25,Jayakwadi,16.452,72.572
2020-03-26,Jayakwadi,16.567,72.395
2020-03-27,Jayakwadi,16.682,72.218
2020-03-28,Jayakwadi,16.797,72.042
2020-03-29,Jayakwadi,16.912,71.865
2020-03-30,Jayakwadi,17.027,71.689
2020-03-31,Jayakwadi,17.142,71.512
2020-04-01,Jayakwadi,17.257,71.336
2020-04-02,Jayakwadi,17.372,66.038
2020-04-03,Jayakwadi,17.487,60.035
2020-04-04,Jayakwadi,17.603,50.147
2020-04-05,Jayakwadi,17.718,40.259
2020-04-06,Jayakwadi,17.833,35.492
2020-04-07,Jayakwadi,17.948,30.724
2020-04-08,Jayakwadi,18.063,39.553
2020-04-09,Jayakwadi,18.178,48.381
2020-04-10,Jayakwadi,18.293,57.21
2020-04-11,Jayakwadi,18.408,66.038
2020-04-12,Jayakwadi,18.523,74.867
2020-04-13,Jayakwadi,18.638,74.663
2020-04-14,Jayakwadi,18.753,74.458
2020-04-15,Jayakwadi,18.868,74.254
2020-04-16,Jayakwadi,18.983,74.049
2020-04-17,Jayakwadi,19.098,73.845
2020-04-18,Jayakwadi,19.213,73.64
2020-04-19,Jayakwadi,19.328,73.436
2020-04-20,Jayakwadi,19.443,73.231
2020-04-21,Jayakwadi,19.558,73.027
2020-04-22,Jayakwadi,19.673,72.823
2020-04-23,Jayakwadi,19.788,72.618
2020-04-24,Jayakwadi,19.903,72.414
2020-04-25,Jayakwadi,20.018,72.209
2020-04-26,Jayakwadi,20.133,72.005
2020-04-27,Jayakwadi,20.248,71.8
2020-04-28,Jayakwadi,20.363,71.596
2020-04-29,Jayakwadi,20.478,71.391
2020-04-30,Jayakwadi,20.593,71.187
2020-05-01,Jayakwadi,20.708,70.982
2020-05-02,Jayakwadi,20.823,65.685
2020-05-03,Jayakwadi,20.938,59.682
2020-05-04,Jayakwadi,21.053,49.441
2020-05-05,Jayakwadi,21.168,39.552
2020-05-06,Jayakwadi,21.283,35.138
2020-05-07,Jayakwadi,21.398,30.724
2020-05-08,Jayakwadi,21.513,39.482
2020-05-09,Jayakwadi,21.628,48.24
2020-05-10,Jayakwadi,21.743,56.998
2020-05-11,Jayakwadi,21.858,65.756
2020-05-12,Jayakwadi,21.973,74.514
2020-05-13,Jayakwadi,22.088,74.337
2020-05-14,Jayakwadi,22.203,74.161
2020-05-15,Jayakwadi,22.318,73.984
2020-05-16,Jayakwadi,22.433,73.808
2020-05-17,Jayakwadi,22.548,73.631
2020-05-18,Jayakwadi,22.663,73.455
2020-05-19,Jayakwadi,22.778,73.278
2020-05-20,Jayakwadi,22.893,73.101
2020-05-21,Jayakwadi,23.008,72.925
2020-05-22,Jayakwadi,23.124,72.748
2020-05-23,Jayakwadi,23.239,72.572
2020-05-24,Jayakwadi,23.354,72.395
2020-05-25,Jayakwadi,23.469,72.218
2020-05-26,Jayakwadi,23.584,72.042
2020-05-27,Jayakwadi,23.699,71.865
2020-05-28,Jayakwadi,23.814,71.689
2020-05-29,Jayakwadi,23.929,71.512
2020-05-30,Jayakwadi,24.044,71.336
2020-05-31,Jayakwadi,24.159,71.159
2020-06-01,Jayakwadi,24.274,70.982
2020-06-02,Jayakwadi,24.389,65.332
2020-06-03,Jayakwadi,24.504,59.329
2020-06-04,Jayakwadi,24.619,49.087
2020-06-05,Jayakwadi,24.734,39.199
2020-06-06,Jayakwadi,24.849,34.962
2020-06-07,Jayakwadi,24.964,30.724
2020-06-08,Jayakwadi,25.079,39.482
2020-06-09,Jayakwadi,25.194,48.24
2020-06-10,Jayakwadi,25.309,56.998
2020-06-11,Jayakwadi,25.424,65.756
2020-06-12,Jayakwadi,25.539,74.514
2020-06-13,Jayakwadi,25.654,74.309
2020-06-14,Jayakwadi,25.769,74.105
2020-06-15,Jayakwadi,96.796,73.901
2020-06-16,Jayakwadi,118.57,73.696
2020-06-17,Jayakwadi,31.125,73.492
2020-06-18,Jayakwadi,30.311,73.287
2020-06-19,Jayakwadi,39.315,73.083
2020-06-20,Jayakwadi,24.513,72.878
2020-06-21,Jayakwadi,40.0,72.674
2020-06-22,Jayakwadi,11.599,72.469
2020-06-23,Jayakwadi,8.765,72.265
2020-06-24,Jayakwadi,8.515,72.061
2020-06-25,Jayakwadi,0.0,71.856
2020-06-26,Jayakwadi,486.3,71.652
2020-06-27,Jayakwadi,486.3,71.447
2020-06-28,Jayakwadi,486.7,71.243
2020-06-29,Jayakwadi,8.304,71.038
2020-06-30,Jayakwadi,8.205,70.834
2020-07-01,Jayakwadi,64.475,70.629
2020-07-02,Jayakwadi,11.087,64.979
2020-07-03,Jayakwadi,34.413,59.329
2020-07-04,Jayakwadi,15.662,52.178
2020-07-05,Jayakwadi,13.9,45.026
2020-07-06,Jayakwadi,0.0,37.875
2020-07-07,Jayakwadi,15.759,30.724
2020-07-08,Jayakwadi,35.153,39.411
2020-07-09,Jayakwadi,31.331,48.099
2020-07-10,Jayakwadi,20.924,56.786
2020-07-11,Jayakwadi,20.514,65.474
2020-07-12,Jayakwadi,40.0,74.161
2020-07-13,Jayakwadi,52.152,73.984
2020-07-14,Jayakwadi,21.381,73.808
2020-07-15,Jayakwadi,11.411,73.631
2020-07-16,Jayakwadi,11.286,73.455
2020-07-17,Jayakwadi,11.013,73.278
2020-07-18,Jayakwadi,11.322,73.101
2020-07-19,Jayakwadi,10.25,72.925
2020-07-20,Jayakwadi,11.97,72.748
2020-07-21,Jayakwadi,11.512,72.572
2020-07-22,Jayakwadi,11.207,72.395
2020-07-23,Jayakwadi,11.568,72.218
2020-07-24,Jayakwadi,12.002,72.042
2020-07-25,Jayakwadi,35.422,71.865
2020-07-26,Jayakwadi,50.0,71.689
2020-07-27,Jayakwadi,33.396,71.512
2020-07-28,Jayakwadi,33.245,71.336
2020-07-29,Jayakwadi,28.647,71.159
2020-07-30,Jayakwadi,23.657,70.982
2020-07-31,Jayakwadi,11.55,70.806
2020-08-01,Jayakwadi,7.0,70.629
2020-08-02,Jayakwadi,10.5,64.626
2020-08-03,Jayakwadi,11.273,58.622
2020-08-04,Jayakwadi,11.745,48.381
2020-08-05,Jayakwadi,12.16,38.493
2020-08-06,Jayakwadi,11.187,34.608
2020-08-07,Jayakwadi,73.851,30.724
2020-08-08,Jayakwadi,53.001,39.341
2020-08-09,Jayakwadi,42.0,47.958
2020-08-10,Jayakwadi,48.183,56.574
2020-08-11,Jayakwadi,47.005,65.191
2020-08-12,Jayakwadi,46.851,73.808
2020-08-13,Jayakwadi,76.378,73.649
2020-08-14,Jayakwadi,620.57,73.49
2020-08-15,Jayakwadi,500.0,73.331
2020-08-16,Jayakwadi,539.8,73.172
2020-08-17,Jayakwadi,378.838,73.013
2020-08-18,Jayakwadi,405.027,72.854
2020-08-19,Jayakwadi,217.452,72.695
2020-08-20,Jayakwadi,131.906,72.536
2020-08-21,Jayakwadi,224.789,72.377
2020-08-22,Jayakwadi,601.682,72.218
2020-08-23,Jayakwadi,320.0,72.06
2020-08-24,Jayakwadi,393.796,71.901
2020-08-25,Jayakwadi,282.774,71.742
2020-08-26,Jayakwadi,382.392,71.583
2020-08-27,Jayakwadi,211.796,71.424
2020-08-28,Jayakwadi,128.715,71.265
2020-08-29,Jayakwadi,97.928,71.106
2020-08-30,Jayakwadi,300.0,70.947
2020-08-31,Jayakwadi,384.751,70.788
2020-09-01,Jayakwadi,447.6,70.629
2020-09-02,Jayakwadi,264.339,64.273
2020-09-03,Jayakwadi,80.152,57.916
2020-09-04,Jayakwadi,102.582,48.028
2020-09-05,Jayakwadi,84.984,38.14
2020-09-06,Jayakwadi,130.0,34.432
2020-09-07,Jayakwadi,107.993,30.724
2020-09-08,Jayakwadi,158.583,39.341
2020-09-09,Jayakwadi,180.333,47.958
2020-09-10,Jayakwadi,162.518,56.574
2020-09-11,Jayakwadi,216.828,65.191
2020-09-12,Jayakwadi,215.955,73.808
2020-09-13,Jayakwadi,215.0,73.622
2020-09-14,Jayakwadi,163.12,73.436
2020-09-15,Jayakwadi,104.775,73.25
2020-09-16,Jayakwadi,81.096,73.064
2020-09-17,Jayakwadi,80.47,72.878
2020-09-18,Jayakwadi,111.965,72.692
2020-09-19,Jayakwadi,113.924,72.507
2020-09-20,Jayakwadi,300.0,72.321
2020-09-21,Jayakwadi,423.557,72.135
2020-09-22,Jayakwadi,578.374,71.949
2020-09-23,Jayakwadi,516.909,71.763
2020-09-24,Jayakwadi,510.491,71.577
2020-09-25,Jayakwadi,179.925,71.391
2020-09-26,Jayakwadi,257.128,71.206
2020-09-27,Jayakwadi,195.0,71.02
2020-09-28,Jayakwadi,111.76,70.834
2020-09-29,Jayakwadi,126.814,70.648
2020-09-30,Jayakwadi,104.964,70.462
2020-10-01,Jayakwadi,79.544,70.276
2020-10-02,Jayakwadi,30.0,64.273
2020-10-03,Jayakwadi,108.77,57.563
2020-10-04,Jayakwadi,55.0,47.675
2020-10-05,Jayakwadi,84.612,37.787
2020-10-06,Jayakwadi,28.599,34.432
2020-10-07,Jayakwadi,7.81,31.077
2020-10-08,Jayakwadi,53.001,39.553
2020-10-09,Jayakwadi,487.5,48.028
2020-10-10,Jayakwadi,488.3,56.504
2020-10-11,Jayakwadi,446.235,64.979
2020-10-12,Jayakwadi,404.17,73.455
2020-10-13,Jayakwadi,362.105,73.296
2020-10-14,Jayakwadi,320.04,73.137
2020-10-15,Jayakwadi,277.975,72.978
2020-10-16,Jayakwadi,235.909,72.819
2020-10-17,Jayakwadi,193.844,72.66
2020-10-18,Jayakwadi,151.779,72.501
2020-10-19,Jayakwadi,109.714,72.342
2020-10-20,Jayakwadi,67.649,72.183
2020-10-21,Jayakwadi,38.372,72.024
2020-10-22,Jayakwadi,38.212,71.865
2020-10-23,Jayakwadi,38.051,71.706
2020-10-24,Jayakwadi,37.89,71.548
2020-10-25,Jayakwadi,37.73,71.389
2020-10-26,Jayakwadi,37.569,71.23
2020-10-27,Jayakwadi,37.409,71.071
2020-10-28,Jayakwadi,37.248,70.912
2020-10-29,Jayakwadi,37.087,70.753
2020-10-30,Jayakwadi,36.927,70.594
2020-10-31,Jayakwadi,36.766,70.435
2020-11-01,Jayakwadi,36.606,70.276
2020-11-02,Jayakwadi,36.445,63.92
2020-11-03,Jayakwadi,36.284,57.21
2020-11-04,Jayakwadi,36.124,47.322
2020-11-05,Jayakwadi,35.963,37.08
2020-11-06,Jayakwadi,35.803,27.192
2020-11-07,Jayakwadi,35.642,31.077
2020-11-08,Jayakwadi,35.481,39.482
2020-11-09,Jayakwadi,35.321,47.887
2020-11-10,Jayakwadi,35.16,56.291
2020-11-11,Jayakwadi,35.0,64.696
2020-11-12,Jayakwadi,34.839,73.101
2020-11-13,Jayakwadi,34.678,72.953
2020-11-14,Jayakwadi,34.518,72.804
2020-11-15,Jayakwadi,34.357,72.655
2020-11-16,Jayakwadi,34.197,72.507
2020-11-17,Jayakwadi,34.036,72.358
2020-11-18,Jayakwadi,33.876,72.209
2020-11-19,Jayakwadi,33.715,72.061
2020-11-20,Jayakwadi,33.554,71.912
2020-11-21,Jayakwadi,33.394,71.763
2020-11-22,Jayakwadi,33.233,71.614
2020-11-23,Jayakwadi,33.073,71.466
2020-11-24,Jayakwadi,32.912,71.317
2020-11-25,Jayakwadi,32.751,71.168
2020-11-26,Jayakwadi,32.591,71.02
2020-11-27,Jayakwadi,32.43,70.871
2020-11-28,Jayakwadi,32.27,70.722
2020-11-29,Jayakwadi,32.109,70.574
2020-11-30,Jayakwadi,31.948,70.425
2020-12-01,Jayakwadi,31.788,70.276
2020-12-02,Jayakwadi,31.627,63.92
2020-12-03,Jayakwadi,31.467,56.857
2020-12-04,Jayakwadi,31.306,46.969
2020-12-05,Jayakwadi,31.145,36.727
2020-12-06,Jayakwadi,30.985,27.192
2020-12-07,Jayakwadi,30.824,31.077
2020-12-08,Jayakwadi,30.664,39.411
2020-12-09,Jayakwadi,30.503,47.745
2020-12-10,Jayakwadi,30.342,56.08
2020-12-11,Jayakwadi,30.182,64.414
2020-12-12,Jayakwadi,30.021,72.748
2020-12-13,Jayakwadi,29.861,72.572
2020-12-14,Jayakwadi,29.7,72.395
2020-12-15,Jayakwadi,29.539,72.218
2020-12-16,Jayakwadi,29.379,72.042
2020-12-17,Jayakwadi,29.218,71.865
2020-12-18,Jayakwadi,29.058,71.689
2020-12-19,Jayakwadi,28.897,71.512
2020-12-20,Jayakwadi,28.737,71.336
2020-12-21,Jayakwadi,28.576,71.159
2020-12-22,Jayakwadi,28.415,70.982
2020-12-23,Jayakwadi,28.255,70.806
2020-12-24,Jayakwadi,28.094,70.629
2020-12-25,Jayakwadi,27.934,70.453
2020-12-26,Jayakwadi,27.773,70.276
2020-12-27,Jayakwadi,27.612,70.1
2020-12-28,Jayakwadi,27.452,69.923
2020-12-29,Jayakwadi,27.291,69.746
2020-12-30,Jayakwadi,27.131,69.57
2020-12-31,Jayakwadi,26.97,69.393
2021-01-01,Jayakwadi,26.809,69.217
2021-01-02,Jayakwadi,26.649,63.566
2021-01-03,Jayakwadi,26.488,57.563
2021-01-04,Jayakwadi,26.328,49.087
2021-01-05,Jayakwadi,26.167,41.082
2021-01-06,Jayakwadi,26.006,33.078
2021-01-07,Jayakwadi,25.846,25.073
2021-01-08,Jayakwadi,25.685,30.017
2021-01-09,Jayakwadi,25.525,33.196
2021-01-10,Jayakwadi,25.364,27.934
2021-01-11,Jayakwadi,25.203,22.672
2021-01-12,Jayakwadi,25.043,17.41
2021-01-13,Jayakwadi,24.882,12.148
2021-01-14,Jayakwadi,24.722,6.886
2021-01-15,Jayakwadi,24.561,10.33
2021-01-16,Jayakwadi,24.4,13.773
2021-01-17,Jayakwadi,24.24,17.216
2021-01-18,Jayakwadi,24.079,20.659
2021-01-19,Jayakwadi,23.919,24.102
2021-01-20,Jayakwadi,23.758,27.545
2021-01-21,Jayakwadi,23.598,30.989
2021-01-22,Jayakwadi,23.437,34.432
2021-01-23,Jayakwadi,23.276,37.875
2021-01-24,Jayakwadi,23.116,41.318
2021-01-25,Jayakwadi,22.955,44.761
2021-01-26,Jayakwadi,22.795,48.205
2021-01-27,Jayakwadi,22.634,51.648
2021-01-28,Jayakwadi,22.473,55.091
2021-01-29,Jayakwadi,22.313,58.534
2021-01-30,Jayakwadi,22.152,61.977
2021-01-31,Jayakwadi,21.992,65.42
2021-02-01,Jayakwadi,21.831,68.864
2021-02-02,Jayakwadi,21.67,63.213
2021-02-03,Jayakwadi,21.51,57.21
2021-02-04,Jayakwadi,21.349,48.734
2021-02-05,Jayakwadi,21.189,40.847
2021-02-06,Jayakwadi,21.028,32.96
2021-02-07,Jayakwadi,20.867,25.073
2021-02-08,Jayakwadi,20.707,30.724
2021-02-09,Jayakwadi,20.546,33.549
2021-02-10,Jayakwadi,20.386,41.734
2021-02-11,Jayakwadi,20.225,49.918
2021-02-12,Jayakwadi,20.064,58.103
2021-02-13,Jayakwadi,19.904,66.287
2021-02-14,Jayakwadi,19.743,74.472
2021-02-15,Jayakwadi,19.583,74.098
2021-02-16,Jayakwadi,19.422,73.725
2021-02-17,Jayakwadi,19.261,73.351
2021-02-18,Jayakwadi,19.101,72.977
2021-02-19,Jayakwadi,18.94,72.603
2021-02-20,Jayakwadi,18.78,72.229
2021-02-21,Jayakwadi,18.619,71.855
2021-02-22,Jayakwadi,18.459,71.481
2021-02-23,Jayakwadi,18.298,71.107
2021-02-24,Jayakwadi,18.137,70.733
2021-02-25,Jayakwadi,17.977,70.359
2021-02-26,Jayakwadi,17.816,69.985
2021-02-27,Jayakwadi,17.656,69.611
2021-02-28,Jayakwadi,17.495,69.238
2021-03-01,Jayakwadi,17.334,68.864
2021-03-02,Jayakwadi,17.174,63.213
2021-03-03,Jayakwadi,17.013,57.21
2021-03-04,Jayakwadi,16.853,48.381
2021-03-05,Jayakwadi,16.692,40.612
2021-03-06,Jayakwadi,16.531,32.842
2021-03-07,Jayakwadi,16.371,25.073
2021-03-08,Jayakwadi,16.21,30.724
2021-03-09,Jayakwadi,16.05,33.549
2021-03-10,Jayakwadi,15.889,41.756
2021-03-11,Jayakwadi,15.728,49.963
2021-03-12,Jayakwadi,15.568,58.171
2021-03-13,Jayakwadi,15.407,66.378
2021-03-14,Jayakwadi,15.247,74.585
2021-03-15,Jayakwadi,15.086,74.267
2021-03-16,Jayakwadi,14.925,73.949
2021-03-17,Jayakwadi,14.765,73.631
2021-03-18,Jayakwadi,14.604,73.313
2021-03-19,Jayakwadi,14.444,72.995
2021-03-20,Jayakwadi,14.283,72.678
2021-03-21,Jayakwadi,14.122,72.36
2021-03-22,Jayakwadi,13.962,72.042
2021-03-23,Jayakwadi,13.801,71.724
2021-03-24,Jayakwadi,13.641,71.406
2021-03-25,Jayakwadi,13.48,71.088
2021-03-26,Jayakwadi,13.32,70.771
2021-03-27,Jayakwadi,13.159,70.453
2021-03-28,Jayakwadi,12.998,70.135
2021-03-29,Jayakwadi,12.838,69.817
2021-03-30,Jayakwadi,12.677,69.499
2021-03-31,Jayakwadi,12.517,69.181
2021-04-01,Jayakwadi,12.356,68.864
2021-04-02,Jayakwadi,12.195,62.86
2021-04-03,Jayakwadi,12.035,56.857
2021-04-04,Jayakwadi,11.874,48.381
2021-04-05,Jayakwadi,11.714,40.612
2021-04-06,Jayakwadi,11.553,32.842
2021-04-07,Jayakwadi,11.392,25.073
2021-04-08,Jayakwadi,11.232,30.724
2021-04-09,Jayakwadi,11.071,33.902
2021-04-10,Jayakwadi,10.911,26.332
2021-04-11,Jayakwadi,10.75,18.763
2021-04-12,Jayakwadi,10.589,11.194
2021-04-13,Jayakwadi,10.429,3.624
2021-04-14,Jayakwadi,10.268,7.249
2021-04-15,Jayakwadi,10.108,10.873
2021-04-16,Jayakwadi,9.947,14.498
2021-04-17,Jayakwadi,9.786,18.122
2021-04-18,Jayakwadi,9.626,21.746
2021-04-19,Jayakwadi,9.465,25.371
2021-04-20,Jayakwadi,9.305,28.995
2021-04-21,Jayakwadi,9.144,32.62
2021-04-22,Jayakwadi,8.983,36.244
2021-04-23,Jayakwadi,8.823,39.868
2021-04-24,Jayakwadi,8.662,43.493
2021-04-25,Jayakwadi,8.502,47.117
2021-04-26,Jayakwadi,8.341,50.742
2021-04-27,Jayakwadi,8.181,54.366
2021-04-28,Jayakwadi,8.02,57.99
2021-04-29,Jayakwadi,7.859,61.615
2021-04-30,Jayakwadi,7.699,65.239
2021-05-01,Jayakwadi,7.538,68.864
2021-05-02,Jayakwadi,7.378,62.86
2021-05-03,Jayakwadi,7.217,56.503
2021-05-04,Jayakwadi,7.056,48.028
2021-05-05,Jayakwadi,6.896,40.376
2021-05-06,Jayakwadi,6.735,32.725
2021-05-07,Jayakwadi,6.575,25.073
2021-05-08,Jayakwadi,6.414,31.077
2021-05-09,Jayakwadi,6.253,34.255
2021-05-10,Jayakwadi,6.093,28.774
2021-05-11,Jayakwadi,5.932,23.293
2021-05-12,Jayakwadi,5.772,17.813
2021-05-13,Jayakwadi,5.611,12.332
2021-05-14,Jayakwadi,5.45,6.851
2021-05-15,Jayakwadi,5.29,10.277
2021-05-16,Jayakwadi,5.129,13.702
2021-05-17,Jayakwadi,4.969,17.128
2021-05-18,Jayakwadi,4.808,20.553
2021-05-19,Jayakwadi,4.647,23.979
2021-05-20,Jayakwadi,4.487,27.404
2021-05-21,Jayakwadi,4.326,30.83
2021-05-22,Jayakwadi,4.166,34.255
2021-05-23,Jayakwadi,4.005,37.681
2021-05-24,Jayakwadi,3.844,41.106
2021-05-25,Jayakwadi,3.684,44.532
2021-05-26,Jayakwadi,3.523,47.957
2021-05-27,Jayakwadi,3.363,51.383
2021-05-28,Jayakwadi,3.202,54.808
2021-05-29,Jayakwadi,3.042,58.234
2021-05-30,Jayakwadi,2.881,61.659
2021-05-31,Jayakwadi,2.72,65.085
2021-06-01,Jayakwadi,2.56,68.51
2021-06-02,Jayakwadi,2.399,62.507
2021-06-03,Jayakwadi,2.239,56.15
2021-06-04,Jayakwadi,2.078,47.675
2021-06-05,Jayakwadi,1.917,40.141
2021-06-06,Jayakwadi,1.757,32.607
2021-06-07,Jayakwadi,1.596,25.073
2021-06-08,Jayakwadi,1.436,31.077
2021-06-09,Jayakwadi,1.275,34.962
2021-06-10,Jayakwadi,1.211,45.035
2021-06-11,Jayakwadi,1.148,55.108
2021-06-12,Jayakwadi,1.084,65.181
2021-06-13,Jayakwadi,1.02,75.254
2021-06-14,Jayakwadi,0.956,74.565
2021-06-15,Jayakwadi,0.892,73.875
2021-06-16,Jayakwadi,0.829,73.186
2021-06-17,Jayakwadi,0.765,72.496
2021-06-18,Jayakwadi,0.701,71.807
2021-06-19,Jayakwadi,0.638,71.117
2021-06-20,Jayakwadi,0.574,70.428
2021-06-21,Jayakwadi,0.51,69.738
2021-06-22,Jayakwadi,0.446,69.049
2021-06-23,Jayakwadi,0.382,68.359
2021-06-24,Jayakwadi,0.319,67.67
2021-06-25,Jayakwadi,0.255,66.98
2021-06-26,Jayakwadi,0.191,66.291
2021-06-27,Jayakwadi,0.127,65.601
2021-06-28,Jayakwadi,0.064,64.912
2021-06-29,Jayakwadi,0.0,64.222
2021-06-30,Jayakwadi,0.572,63.533
2021-07-01,Jayakwadi,1.144,62.843
2021-07-02,Jayakwadi,1.715,62.154
2021-07-03,Jayakwadi,2.287,55.797
2021-07-04,Jayakwadi,2.859,47.322
2021-07-05,Jayakwadi,3.431,37.08
2021-07-06,Jayakwadi,4.003,26.839
2021-07-07,Jayakwadi,4.574,24.72
2021-07-08,Jayakwadi,5.146,31.077
2021-07-09,Jayakwadi,5.718,35.315
2021-07-10,Jayakwadi,6.29,29.615
2021-07-11,Jayakwadi,6.861,23.915
2021-07-12,Jayakwadi,7.433,18.216
2021-07-13,Jayakwadi,8.005,12.516
2021-07-14,Jayakwadi,17.075,6.816
2021-07-15,Jayakwadi,26.145,10.224
2021-07-16,Jayakwadi,35.215,13.631
2021-07-17,Jayakwadi,44.285,17.039
2021-07-18,Jayakwadi,53.356,20.447
2021-07-19,Jayakwadi,62.426,23.855
2021-07-20,Jayakwadi,71.496,27.263
2021-07-21,Jayakwadi,80.566,30.671
2021-07-22,Jayakwadi,89.636,34.079
2021-07-23,Jayakwadi,98.706,37.487
2021-07-24,Jayakwadi,102.124,40.894
2021-07-25,Jayakwadi,99.599,44.302
2021-07-26,Jayakwadi,97.074,47.71
2021-07-27,Jayakwadi,225.003,51.118
2021-07-28,Jayakwadi,203.701,54.526
2021-07-29,Jayakwadi,100.019,57.934
2021-07-30,Jayakwadi,330.031,61.342
2021-07-31,Jayakwadi,310.97,64.749
2021-08-01,Jayakwadi,290.0,68.157
2021-08-02,Jayakwadi,50.628,62.154
2021-08-03,Jayakwadi,40.1,55.444
2021-08-04,Jayakwadi,60.262,46.969
2021-08-05,Jayakwadi,183.946,36.904
2021-08-06,Jayakwadi,168.094,26.839
2021-08-07,Jayakwadi,158.954,24.72
2021-08-08,Jayakwadi,40.2,31.43
2021-08-09,Jayakwadi,21.281,36.727
2021-08-10,Jayakwadi,6.896,46.178
2021-08-11,Jayakwadi,6.0,55.629
2021-08-12,Jayakwadi,17.02,65.081
2021-08-13,Jayakwadi,44.543,74.532
2021-08-14,Jayakwadi,18.353,74.196
2021-08-15,Jayakwadi,30.0,73.861
2021-08-16,Jayakwadi,2.442,73.525
2021-08-17,Jayakwadi,2.924,73.19
2021-08-18,Jayakwadi,22.468,72.854
2021-08-19,Jayakwadi,62.315,72.519
2021-08-20,Jayakwadi,180.0,72.183
2021-08-21,Jayakwadi,82.271,71.848
2021-08-22,Jayakwadi,196.0,71.512
2021-08-23,Jayakwadi,82.72,71.177
2021-08-24,Jayakwadi,78.396,70.841
2021-08-25,Jayakwadi,26.62,70.506
2021-08-26,Jayakwadi,20.386,70.17
2021-08-27,Jayakwadi,54.724,69.835
2021-08-28,Jayakwadi,28.52,69.499
2021-08-29,Jayakwadi,50.0,69.164
2021-08-30,Jayakwadi,23.012,68.828
2021-08-31,Jayakwadi,18.389,68.493
2021-09-01,Jayakwadi,8.749,68.157
2021-09-02,Jayakwadi,8.122,61.801
2021-09-03,Jayakwadi,25.876,55.091
2021-09-04,Jayakwadi,16.969,46.615
2021-09-05,Jayakwadi,15.316,36.55
2021-09-06,Jayakwadi,13.663,26.486
2021-09-07,Jayakwadi,12.841,25.073
2021-09-08,Jayakwadi,22.042,31.43
2021-09-09,Jayakwadi,42.534,39.552
2021-09-10,Jayakwadi,111.873,48.288
2021-09-11,Jayakwadi,181.212,57.024
2021-09-12,Jayakwadi,94.558,65.759
2021-09-13,Jayakwadi,7.905,74.495
2021-09-14,Jayakwadi,818.211,74.124
2021-09-15,Jayakwadi,907.067,73.752
2021-09-16,Jayakwadi,178.113,73.38
2021-09-17,Jayakwadi,79.387,73.008
2021-09-18,Jayakwadi,110.649,72.637
2021-09-19,Jayakwadi,14.732,72.265
2021-09-20,Jayakwadi,12.362,71.893
2021-09-21,Jayakwadi,13.018,71.521
2021-09-22,Jayakwadi,12.119,71.15
2021-09-23,Jayakwadi,405.264,70.778
2021-09-24,Jayakwadi,138.874,70.406
2021-09-25,Jayakwadi,18.389,70.035
2021-09-26,Jayakwadi,22.034,69.663
2021-09-27,Jayakwadi,25.678,69.291
2021-09-28,Jayakwadi,27.327,68.919
2021-09-29,Jayakwadi,743.168,68.548
2021-09-30,Jayakwadi,926.513,68.176
2021-10-01,Jayakwadi,274.433,67.804
2021-10-02,Jayakwadi,239.378,61.448
2021-10-03,Jayakwadi,204.322,55.091
2021-10-04,Jayakwadi,169.267,46.262
2021-10-05,Jayakwadi,154.464,36.374
2021-10-06,Jayakwadi,172.803,26.486
2021-10-07,Jayakwadi,174.503,25.427
2021-10-08,Jayakwadi,145.51,31.43
2021-10-09,Jayakwadi,301.671,40.965
2021-10-10,Jayakwadi,283.038,49.264
2021-10-11,Jayakwadi,264.404,57.563
2021-10-12,Jayakwadi,183.692,65.862
2021-10-13,Jayakwadi,129.577,74.161
2021-10-14,Jayakwadi,181.347,73.808
2021-10-15,Jayakwadi,154.112,73.455
2021-10-16,Jayakwadi,126.878,73.101
2021-10-17,Jayakwadi,63.439,72.748
2021-10-18,Jayakwadi,0.0,72.395
2021-10-19,Jayakwadi,0.0,72.042
2021-10-20,Jayakwadi,0.0,71.689
2021-10-21,Jayakwadi,0.0,71.336
2021-10-22,Jayakwadi,0.0,70.982
2021-10-23,Jayakwadi,0.0,70.629
2021-10-24,Jayakwadi,0.0,70.276
2021-10-25,Jayakwadi,0.0,69.923
2021-10-26,Jayakwadi,0.0,69.57
2021-10-27,Jayakwadi,0.0,69.217
2021-10-28,Jayakwadi,0.0,68.864
2021-10-29,Jayakwadi,0.0,68.51
2021-10-30,Jayakwadi,0.0,68.157
2021-10-31,Jayakwadi,0.0,67.804
2021-11-01,Jayakwadi,0.0,67.451
2021-11-02,Jayakwadi,0.0,61.448
2021-11-03,Jayakwadi,0.0,53.678
2021-11-04,Jayakwadi,0.0,45.909
2021-11-05,Jayakwadi,0.0,36.198
2021-11-06,Jayakwadi,0.0,26.486
2021-11-07,Jayakwadi,0.0,25.427
2021-11-08,Jayakwadi,0.0,31.43
2021-11-09,Jayakwadi,0.0,41.671
2021-11-10,Jayakwadi,0.0,49.789
2021-11-11,Jayakwadi,0.0,57.906
2021-11-12,Jayakwadi,0.0,66.024
2021-11-13,Jayakwadi,0.0,74.142
2021-11-14,Jayakwadi,0.0,73.77
2021-11-15,Jayakwadi,0.0,73.399
2021-11-16,Jayakwadi,0.0,73.027
2021-11-17,Jayakwadi,0.0,72.655
2021-11-18,Jayakwadi,0.0,72.284
2021-11-19,Jayakwadi,0.0,71.912
2021-11-20,Jayakwadi,0.0,71.54
2021-11-21,Jayakwadi,0.0,71.168
2021-11-22,Jayakwadi,0.0,70.797
2021-11-23,Jayakwadi,0.0,70.425
2021-11-24,Jayakwadi,0.0,70.053
2021-11-25,Jayakwadi,0.0,69.681
2021-11-26,Jayakwadi,0.0,69.31
2021-11-27,Jayakwadi,0.0,68.938
2021-11-28,Jayakwadi,0.0,68.566
2021-11-29,Jayakwadi,0.0,68.194
2021-11-30,Jayakwadi,0.0,67.823
2021-12-01,Jayakwadi,0.0,67.451
2021-12-02,Jayakwadi,0.0,61.094
2021-12-03,Jayakwadi,0.0,54.385
2021-12-04,Jayakwadi,0.0,45.556
2021-12-05,Jayakwadi,0.0,35.844
2021-12-06,Jayakwadi,0.0,26.133
2021-12-07,Jayakwadi,0.0,25.78
2021-12-08,Jayakwadi,0.0,31.43
2021-12-09,Jayakwadi,0.0,39.235
2021-12-10,Jayakwadi,0.0,47.039
2021-12-11,Jayakwadi,0.0,54.844
2021-12-12,Jayakwadi,0.0,62.648
2021-12-13,Jayakwadi,0.0,70.453
2021-12-14,Jayakwadi,0.0,66.745
2021-12-15,Jayakwadi,0.0,63.037
2021-12-16,Jayakwadi,0.0,59.329
2021-12-17,Jayakwadi,0.0,55.621
2021-12-18,Jayakwadi,0.0,51.913
2021-12-19,Jayakwadi,0.0,48.205
2021-12-20,Jayakwadi,0.0,44.496
2021-12-21,Jayakwadi,0.0,40.788
2021-12-22,Jayakwadi,0.0,37.08
2021-12-23,Jayakwadi,0.0,33.372
2021-12-24,Jayakwadi,0.0,29.664
2021-12-25,Jayakwadi,0.0,25.956
2021-12-26,Jayakwadi,0.0,22.248
2021-12-27,Jayakwadi,0.0,18.54
2021-12-28,Jayakwadi,0.0,14.832
2021-12-29,Jayakwadi,0.0,11.124
2021-12-30,Jayakwadi,0.0,7.416
2021-12-31,Jayakwadi,0.0,3.708
2022-01-01,Jayakwadi,0.0,11.395
2022-01-02,Jayakwadi,0.0,19.082
2022-01-03,Jayakwadi,0.0,26.769
2022-01-04,Jayakwadi,0.0,34.455
2022-01-05,Jayakwadi,0.0,42.142
2022-01-06,Jayakwadi,0.0,34.138
2022-01-07,Jayakwadi,0.0,26.133
2022-01-08,Jayakwadi,0.0,35.95
2022-01-09,Jayakwadi,0.0,45.768
2022-01-10,Jayakwadi,0.0,55.585
2022-01-11,Jayakwadi,0.0,65.403
2022-01-12,Jayakwadi,0.0,75.22
2022-01-13,Jayakwadi,0.0,74.991
2022-01-14,Jayakwadi,0.0,74.761
2022-01-15,Jayakwadi,0.0,74.532
2022-01-16,Jayakwadi,0.0,74.302
2022-01-17,Jayakwadi,0.0,74.073
2022-01-18,Jayakwadi,0.0,73.843
2022-01-19,Jayakwadi,0.0,73.613
2022-01-20,Jayakwadi,0.0,73.384
2022-01-21,Jayakwadi,0.0,73.154
2022-01-22,Jayakwadi,0.0,72.925
2022-01-23,Jayakwadi,0.0,72.695
2022-01-24,Jayakwadi,0.0,72.466
2022-01-25,Jayakwadi,0.0,72.236
2022-01-26,Jayakwadi,0.0,72.007
2022-01-27,Jayakwadi,0.0,71.777
2022-01-28,Jayakwadi,0.0,71.548
2022-01-29,Jayakwadi,0.0,71.318
2022-01-30,Jayakwadi,0.0,71.088
2022-01-31,Jayakwadi,0.0,70.859
2022-02-01,Jayakwadi,0.0,70.629
2022-02-02,Jayakwadi,0.0,65.685
2022-02-03,Jayakwadi,0.0,59.329
2022-02-04,Jayakwadi,0.0,49.205
2022-02-05,Jayakwadi,0.0,39.082
2022-02-06,Jayakwadi,0.0,28.958
2022-02-07,Jayakwadi,0.0,25.78
2022-02-08,Jayakwadi,0.0,35.597
2022-02-09,Jayakwadi,0.0,45.415
2022-02-10,Jayakwadi,0.0,55.232
2022-02-11,Jayakwadi,0.0,65.05
2022-02-12,Jayakwadi,0.0,74.867
2022-02-13,Jayakwadi,0.0,74.618
2022-02-14,Jayakwadi,0.0,74.369
2022-02-15,Jayakwadi,0.0,74.119
2022-02-16,Jayakwadi,0.0,73.87
2022-02-17,Jayakwadi,0.0,73.621
2022-02-18,Jayakwadi,0.0,73.371
2022-02-19,Jayakwadi,0.0,73.122
2022-02-20,Jayakwadi,0.0,72.873
2022-02-21,Jayakwadi,0.0,72.624
2022-02-22,Jayakwadi,0.0,72.374
2022-02-23,Jayakwadi,0.0,72.125
2022-02-24,Jayakwadi,0.0,71.876
2022-02-25,Jayakwadi,0.0,71.626
2022-02-26,Jayakwadi,0.0,71.377
2022-02-27,Jayakwadi,0.0,71.128
2022-02-28,Jayakwadi,0.0,70.879
2022-03-01,Jayakwadi,0.0,70.629
2022-03-02,Jayakwadi,0.0,64.802
2022-03-03,Jayakwadi,0.0,58.975
2022-03-04,Jayakwadi,0.0,49.441
2022-03-05,Jayakwadi,0.0,41.554
2022-03-06,Jayakwadi,0.0,33.667
2022-03-07,Jayakwadi,0.0,25.78
2022-03-08,Jayakwadi,0.0,35.597
2022-03-09,Jayakwadi,0.0,45.415
2022-03-10,Jayakwadi,0.0,55.232
2022-03-11,Jayakwadi,0.0,65.05
2022-03-12,Jayakwadi,0.0,74.867
2022-03-13,Jayakwadi,0.0,71.124
2022-03-14,Jayakwadi,0.0,67.38
2022-03-15,Jayakwadi,0.0,63.637
2022-03-16,Jayakwadi,0.0,59.894
2022-03-17,Jayakwadi,0.0,56.15
2022-03-18,Jayakwadi,0.0,52.407
2022-03-19,Jayakwadi,0.0,48.664
2022-03-20,Jayakwadi,0.0,44.92
2022-03-21,Jayakwadi,0.0,41.177
2022-03-22,Jayakwadi,0.0,37.434
2022-03-23,Jayakwadi,0.0,33.69
2022-03-24,Jayakwadi,0.0,29.947
2022-03-25,Jayakwadi,0.0,26.203
2022-03-26,Jayakwadi,0.0,22.46
2022-03-27,Jayakwadi,0.0,18.717
2022-03-28,Jayakwadi,0.0,14.973
2022-03-29,Jayakwadi,0.0,11.23
2022-03-30,Jayakwadi,0.0,7.487
2022-03-31,Jayakwadi,0.0,3.743
2022-04-01,Jayakwadi,0.0,11.305
2022-04-02,Jayakwadi,0.0,18.867
2022-04-03,Jayakwadi,0.0,26.43
2022-04-04,Jayakwadi,0.0,33.992
2022-04-05,Jayakwadi,0.0,41.554
2022-04-06,Jayakwadi,0.0,33.667
2022-04-07,Jayakwadi,0.0,25.78
2022-04-08,Jayakwadi,0.0,35.527
2022-04-09,Jayakwadi,0.0,45.274
2022-04-10,Jayakwadi,0.0,55.02
2022-04-11,Jayakwadi,0.0,64.767
2022-04-12,Jayakwadi,0.0,74.514
2022-04-13,Jayakwadi,0.0,70.592
2022-04-14,Jayakwadi,0.0,66.67
2022-04-15,Jayakwadi,0.0,62.749
2022-04-16,Jayakwadi,0.0,58.827
2022-04-17,Jayakwadi,0.0,54.905
2022-04-18,Jayakwadi,0.0,50.983
2022-04-19,Jayakwadi,0.0,47.061
2022-04-20,Jayakwadi,0.0,43.14
2022-04-21,Jayakwadi,0.0,39.218
2022-04-22,Jayakwadi,0.0,35.296
2022-04-23,Jayakwadi,0.0,31.374
2022-04-24,Jayakwadi,0.0,27.453
2022-04-25,Jayakwadi,0.0,23.531
2022-04-26,Jayakwadi,0.0,19.609
2022-04-27,Jayakwadi,0.0,15.687
2022-04-28,Jayakwadi,0.0,11.765
2022-04-29,Jayakwadi,0.0,7.844
2022-04-30,Jayakwadi,0.0,3.922
2022-05-01,Jayakwadi,0.0,11.401
2022-05-02,Jayakwadi,0.0,18.88
2022-05-03,Jayakwadi,0.0,26.36
2022-05-04,Jayakwadi,0.0,33.839
2022-05-05,Jayakwadi,0.0,41.318
2022-05-06,Jayakwadi,0.0,33.549
2022-05-07,Jayakwadi,0.0,25.78
2022-05-08,Jayakwadi,0.0,35.456
2022-05-09,Jayakwadi,0.0,45.132
2022-05-10,Jayakwadi,0.0,54.809
2022-05-11,Jayakwadi,0.0,64.485
2022-05-12,Jayakwadi,0.0,74.161
2022-05-13,Jayakwadi,0.0,73.967
2022-05-14,Jayakwadi,0.0,73.772
2022-05-15,Jayakwadi,0.0,73.578
2022-05-16,Jayakwadi,0.0,73.384
2022-05-17,Jayakwadi,0.0,73.19
2022-05-18,Jayakwadi,0.0,72.995
2022-05-19,Jayakwadi,0.0,72.801
2022-05-20,Jayakwadi,0.0,72.607
2022-05-21,Jayakwadi,0.0,72.413
2022-05-22,Jayakwadi,0.0,72.218
2022-05-23,Jayakwadi,0.0,72.024
2022-05-24,Jayakwadi,0.0,71.83
2022-05-25,Jayakwadi,0.0,71.636
2022-05-26,Jayakwadi,0.0,71.442
2022-05-27,Jayakwadi,0.0,71.247
2022-05-28,Jayakwadi,0.0,71.053
2022-05-29,Jayakwadi,0.0,70.859
2022-05-30,Jayakwadi,0.0,70.665
2022-05-31,Jayakwadi,0.0,70.47
2022-06-01,Jayakwadi,0.0,70.276
2022-06-02,Jayakwadi,0.0,64.626
2022-06-03,Jayakwadi,0.0,56.857
2022-06-04,Jayakwadi,0.0,49.088
2022-06-05,Jayakwadi,0.0,41.318
2022-06-06,Jayakwadi,0.0,33.549
2022-06-07,Jayakwadi,0.0,25.78
2022-06-08,Jayakwadi,0.0,35.456
2022-06-09,Jayakwadi,0.0,45.132
2022-06-10,Jayakwadi,0.0,54.809
2022-06-11,Jayakwadi,0.0,64.485
2022-06-12,Jayakwadi,0.0,74.161
2022-06-13,Jayakwadi,0.0,73.938
2022-06-14,Jayakwadi,0.0,73.715
2022-06-15,Jayakwadi,0.0,73.492
2022-06-16,Jayakwadi,0.0,73.269
2022-06-17,Jayakwadi,0.0,73.046
2022-06-18,Jayakwadi,0.0,72.823
2022-06-19,Jayakwadi,0.0,72.6
2022-06-20,Jayakwadi,0.0,72.376
2022-06-21,Jayakwadi,0.0,72.153
2022-06-22,Jayakwadi,0.0,71.93
2022-06-23,Jayakwadi,0.0,71.707
2022-06-24,Jayakwadi,1.264,71.484
2022-06-25,Jayakwadi,57.03,71.261
2022-06-26,Jayakwadi,0.0,71.038
2022-06-27,Jayakwadi,0.0,70.815
2022-06-28,Jayakwadi,0.0,70.592
2022-06-29,Jayakwadi,0.0,70.369
2022-06-30,Jayakwadi,0.0,70.146
2022-07-01,Jayakwadi,0.0,69.923
2022-07-02,Jayakwadi,0.0,63.92
2022-07-03,Jayakwadi,119.3,57.916
2022-07-04,Jayakwadi,0.0,47.675
2022-07-05,Jayakwadi,0.0,37.434
2022-07-06,Jayakwadi,0.0,31.607
2022-07-07,Jayakwadi,0.0,25.78
2022-07-08,Jayakwadi,0.0,35.386
2022-07-09,Jayakwadi,0.0,44.991
2022-07-10,Jayakwadi,340.4,54.597
2022-07-11,Jayakwadi,491.063,64.202
2022-07-12,Jayakwadi,1781.945,73.808
2022-07-13,Jayakwadi,1588.779,73.613
2022-07-14,Jayakwadi,1457.253,73.419
2022-07-15,Jayakwadi,1183.515,73.225
2022-07-16,Jayakwadi,1225.108,73.031
2022-07-17,Jayakwadi,725.7,72.837
2022-07-18,Jayakwadi,526.236,72.642
2022-07-19,Jayakwadi,787.104,72.448
2022-07-20,Jayakwadi,515.342,72.254
2022-07-21,Jayakwadi,500.3,72.06
2022-07-22,Jayakwadi,499.969,71.865
2022-07-23,Jayakwadi,323.1,71.671
2022-07-24,Jayakwadi,386.0,71.477
2022-07-25,Jayakwadi,734.725,71.283
2022-07-26,Jayakwadi,472.492,71.088
2022-07-27,Jayakwadi,328.312,70.894
2022-07-28,Jayakwadi,280.715,70.7
2022-07-29,Jayakwadi,283.6,70.506
2022-07-30,Jayakwadi,286.5,70.312
2022-07-31,Jayakwadi,105.0,70.117
2022-08-01,Jayakwadi,114.631,69.923
2022-08-02,Jayakwadi,68.264,64.273
2022-08-03,Jayakwadi,67.47,57.563
2022-08-04,Jayakwadi,82.752,48.028
2022-08-05,Jayakwadi,79.424,40.73
2022-08-06,Jayakwadi,170.377,33.431
2022-08-07,Jayakwadi,166.3,26.133
2022-08-08,Jayakwadi,360.677,35.668
2022-08-09,Jayakwadi,511.5,45.203
2022-08-10,Jayakwadi,309.058,54.738
2022-08-11,Jayakwadi,226.422,64.273
2022-08-12,Jayakwadi,484.66,73.808
2022-08-13,Jayakwadi,510.41,73.596
2022-08-14,Jayakwadi,511.5,73.384
2022-08-15,Jayakwadi,408.4,73.172
2022-08-16,Jayakwadi,405.555,72.96
2022-08-17,Jayakwadi,1133.552,72.748
2022-08-18,Jayakwadi,1079.956,72.536
2022-08-19,Jayakwadi,610.605,72.324
2022-08-20,Jayakwadi,563.517,72.113
2022-08-21,Jayakwadi,197.3,71.901
2022-08-22,Jayakwadi,337.082,71.689
2022-08-23,Jayakwadi,329.081,71.477
2022-08-24,Jayakwadi,338.194,71.265
2022-08-25,Jayakwadi,344.326,71.053
2022-08-26,Jayakwadi,325.885,70.841
2022-08-27,Jayakwadi,220.471,70.629
2022-08-28,Jayakwadi,137.4,70.417
2022-08-29,Jayakwadi,111.295,70.206
2022-08-30,Jayakwadi,109.329,69.994
2022-08-31,Jayakwadi,44.67,69.782
2022-09-01,Jayakwadi,122.512,69.57
2022-09-02,Jayakwadi,1286.961,63.92
2022-09-03,Jayakwadi,798.159,57.21
2022-09-04,Jayakwadi,565.142,47.675
2022-09-05,Jayakwadi,332.125,40.612
2022-09-06,Jayakwadi,127.296,33.549
2022-09-07,Jayakwadi,235.506,26.486
2022-09-08,Jayakwadi,116.445,36.391
2022-09-09,Jayakwadi,1018.92,46.296
2022-09-10,Jayakwadi,804.754,56.201
2022-09-11,Jayakwadi,570.824,66.106
2022-09-12,Jayakwadi,336.895,76.011
2022-09-13,Jayakwadi,334.359,75.389
2022-09-14,Jayakwadi,405.603,74.766
2022-09-15,Jayakwadi,301.722,74.144
2022-09-16,Jayakwadi,891.736,73.522
2022-09-17,Jayakwadi,1075.007,72.9
2022-09-18,Jayakwadi,1305.881,72.277
2022-09-19,Jayakwadi,1536.755,71.655
2022-09-20,Jayakwadi,1241.423,71.033
2022-09-21,Jayakwadi,686.78,70.411
2022-09-22,Jayakwadi,510.836,69.788
2022-09-23,Jayakwadi,342.812,69.166
2022-09-24,Jayakwadi,403.789,68.544
2022-09-25,Jayakwadi,322.399,67.922
2022-09-26,Jayakwadi,241.009,67.299
2022-09-27,Jayakwadi,162.487,66.677
2022-09-28,Jayakwadi,299.225,66.055
2022-09-29,Jayakwadi,225.656,65.433
2022-09-30,Jayakwadi,211.188,64.81
2022-10-01,Jayakwadi,403.909,64.188
2022-10-02,Jayakwadi,314.5,63.566
2022-10-03,Jayakwadi,206.34,56.857
2022-10-04,Jayakwadi,140.484,47.322
2022-10-05,Jayakwadi,156.4,40.377
2022-10-06,Jayakwadi,79.366,33.431
2022-10-07,Jayakwadi,66.083,26.486
2022-10-08,Jayakwadi,140.638,36.397
2022-10-09,Jayakwadi,186.7,46.307
2022-10-10,Jayakwadi,123.417,56.218
2022-10-11,Jayakwadi,183.567,66.128
2022-10-12,Jayakwadi,432.211,76.039
2022-10-13,Jayakwadi,445.441,75.445
2022-10-14,Jayakwadi,249.337,74.851
2022-10-15,Jayakwadi,181.192,74.257
2022-10-16,Jayakwadi,186.7,73.663
2022-10-17,Jayakwadi,96.296,73.069
2022-10-18,Jayakwadi,166.026,72.475
2022-10-19,Jayakwadi,535.76,71.881
2022-10-20,Jayakwadi,783.594,71.287
2022-10-21,Jayakwadi,595.562,70.693
2022-10-22,Jayakwadi,408.731,70.1
2022-10-23,Jayakwadi,301.8,69.506
2022-10-24,Jayakwadi,186.7,68.912
2022-10-25,Jayakwadi,128.741,68.318
2022-10-26,Jayakwadi,58.419,67.724
2022-10-27,Jayakwadi,52.997,67.13
2022-10-28,Jayakwadi,50.665,66.536
2022-10-29,Jayakwadi,48.686,65.942
2022-10-30,Jayakwadi,156.4,65.348
2022-10-31,Jayakwadi,29.48,64.754
2022-11-01,Jayakwadi,42.177,64.16
2022-11-02,Jayakwadi,25.906,63.566
2022-11-03,Jayakwadi,0.0,56.503
2022-11-04,Jayakwadi,0.0,46.969
2022-11-05,Jayakwadi,0.0,40.259
2022-11-06,Jayakwadi,0.0,33.549
2022-11-07,Jayakwadi,0.0,26.839
2022-11-08,Jayakwadi,0.0,36.537
2022-11-09,Jayakwadi,0.0,46.235
2022-11-10,Jayakwadi,0.0,55.932
2022-11-11,Jayakwadi,0.0,65.63
2022-11-12,Jayakwadi,0.0,75.328
2022-11-13,Jayakwadi,0.0,74.023
2022-11-14,Jayakwadi,0.0,72.718
2022-11-15,Jayakwadi,0.0,71.412
2022-11-16,Jayakwadi,0.0,70.107
2022-11-17,Jayakwadi,0.0,68.802
2022-11-18,Jayakwadi,0.0,67.497
2022-11-19,Jayakwadi,0.0,66.192
2022-11-20,Jayakwadi,0.0,64.887
2022-11-21,Jayakwadi,0.0,63.582
2022-11-22,Jayakwadi,0.0,62.277
2022-11-23,Jayakwadi,0.0,60.971
2022-11-24,Jayakwadi,0.0,59.666
2022-11-25,Jayakwadi,0.0,58.361
2022-11-26,Jayakwadi,0.0,57.056
2022-11-27,Jayakwadi,0.0,55.751
2022-11-28,Jayakwadi,0.0,54.446
2022-11-29,Jayakwadi,0.0,53.141
2022-11-30,Jayakwadi,0.0,51.836
2022-12-01,Jayakwadi,0.0,50.53
2022-12-02,Jayakwadi,0.0,49.225
2022-12-03,Jayakwadi,0.0,47.92
2022-12-04,Jayakwadi,0.0,46.615
2022-12-05,Jayakwadi,0.0,36.374
2022-12-06,Jayakwadi,0.0,26.133
2022-12-07,Jayakwadi,0.0,28.605
2022-12-08,Jayakwadi,0.0,26.957
2022-12-09,Jayakwadi,0.0,25.309
2022-12-10,Jayakwadi,0.0,23.661
2022-12-11,Jayakwadi,0.0,22.013
2022-12-12,Jayakwadi,0.0,20.365
2022-12-13,Jayakwadi,0.0,18.717
2022-12-14,Jayakwadi,0.0,17.069
2022-12-15,Jayakwadi,0.0,15.421
2022-12-16,Jayakwadi,0.0,13.773
2022-12-17,Jayakwadi,0.0,17.216
2022-12-18,Jayakwadi,0.0,20.659
2022-12-19,Jayakwadi,0.0,24.102
2022-12-20,Jayakwadi,0.0,27.545
2022-12-21,Jayakwadi,0.0,30.989
2022-12-22,Jayakwadi,0.0,34.432
2022-12-23,Jayakwadi,0.0,37.875
2022-12-24,Jayakwadi,0.0,41.318
2022-12-25,Jayakwadi,0.0,44.761
2022-12-26,Jayakwadi,0.0,48.205
2022-12-27,Jayakwadi,7.015,51.648
2022-12-28,Jayakwadi,6.354,55.091
2022-12-29,Jayakwadi,0.0,58.534
2022-12-30,Jayakwadi,0.0,61.977
2022-12-31,Jayakwadi,0.0,65.42
2023-01-01,Jayakwadi,0.0,68.864
2023-01-02,Jayakwadi,0.0,62.154
2023-01-03,Jayakwadi,0.0,55.797
2023-01-04,Jayakwadi,0.0,46.969
2023-01-05,Jayakwadi,0.0,38.493
2023-01-06,Jayakwadi,0.0,28.605
2023-01-07,Jayakwadi,0.0,20.483
2023-01-08,Jayakwadi,0.0,24.72
2023-01-09,Jayakwadi,0.0,25.78
2023-01-10,Jayakwadi,0.0,34.608
2023-01-11,Jayakwadi,0.0,34.962
2023-01-12,Jayakwadi,0.0,34.608
2023-01-13,Jayakwadi,0.0,36.303
2023-01-14,Jayakwadi,0.0,37.999
2023-01-15,Jayakwadi,0.0,39.694
2023-01-16,Jayakwadi,0.0,41.389
2023-01-17,Jayakwadi,0.0,43.084
2023-01-18,Jayakwadi,0.0,44.779
2023-01-19,Jayakwadi,0.0,46.474
2023-01-20,Jayakwadi,0.0,48.169
2023-01-21,Jayakwadi,0.0,49.864
2023-01-22,Jayakwadi,0.0,51.559
2023-01-23,Jayakwadi,0.0,53.255
2023-01-24,Jayakwadi,0.0,54.95
2023-01-25,Jayakwadi,0.0,56.645
2023-01-26,Jayakwadi,0.0,58.34
2023-01-27,Jayakwadi,0.0,60.035
2023-01-28,Jayakwadi,0.0,61.73
2023-01-29,Jayakwadi,0.0,63.425
2023-01-30,Jayakwadi,0.0,65.12
2023-01-31,Jayakwadi,0.0,66.815
2023-02-01,Jayakwadi,0.0,68.51
2023-02-02,Jayakwadi,0.0,62.154
2023-02-03,Jayakwadi,0.0,55.444
2023-02-04,Jayakwadi,0.0,46.615
2023-02-05,Jayakwadi,0.0,38.14
2023-02-06,Jayakwadi,0.0,28.252
2023-02-07,Jayakwadi,0.0,20.483
2023-02-08,Jayakwadi,0.0,24.72
2023-02-09,Jayakwadi,0.0,25.78
2023-02-10,Jayakwadi,0.0,35.668
2023-02-11,Jayakwadi,0.0,35.492
2023-02-12,Jayakwadi,0.0,35.315
2023-02-13,Jayakwadi,0.0,37.267
2023-02-14,Jayakwadi,0.0,39.22
2023-02-15,Jayakwadi,0.0,41.173
2023-02-16,Jayakwadi,0.0,43.125
2023-02-17,Jayakwadi,0.0,45.078
2023-02-18,Jayakwadi,0.0,47.031
2023-02-19,Jayakwadi,0.0,48.984
2023-02-20,Jayakwadi,0.0,50.936
2023-02-21,Jayakwadi,0.0,52.889
2023-02-22,Jayakwadi,0.0,54.842
2023-02-23,Jayakwadi,0.0,56.794
2023-02-24,Jayakwadi,0.0,58.747
2023-02-25,Jayakwadi,0.0,60.7
2023-02-26,Jayakwadi,0.0,62.652
2023-02-27,Jayakwadi,0.0,64.605
2023-02-28,Jayakwadi,0.0,66.558
2023-03-01,Jayakwadi,0.0,68.51
2023-03-02,Jayakwadi,0.0,61.801
2023-03-03,Jayakwadi,0.0,55.091
2023-03-04,Jayakwadi,0.0,46.262
2023-03-05,Jayakwadi,0.0,38.14
2023-03-06,Jayakwadi,0.0,27.899
2023-03-07,Jayakwadi,0.0,20.483
2023-03-08,Jayakwadi,0.0,25.073
2023-03-09,Jayakwadi,0.0,25.78
2023-03-10,Jayakwadi,0.0,30.371
2023-03-11,Jayakwadi,0.0,34.962
2023-03-12,Jayakwadi,0.0,34.962
2023-03-13,Jayakwadi,0.0,36.621
2023-03-14,Jayakwadi,2.589,38.281
2023-03-15,Jayakwadi,0.0,39.941
2023-03-16,Jayakwadi,0.0,41.601
2023-03-17,Jayakwadi,0.0,43.26
2023-03-18,Jayakwadi,0.0,44.92
2023-03-19,Jayakwadi,0.0,46.58
2023-03-20,Jayakwadi,0.0,48.24
2023-03-21,Jayakwadi,0.0,49.9
2023-03-22,Jayakwadi,0.0,51.559
2023-03-23,Jayakwadi,0.0,53.219
2023-03-24,Jayakwadi,0.0,54.879
2023-03-25,Jayakwadi,2.134,56.539
2023-03-26,Jayakwadi,0.0,58.199
2023-03-27,Jayakwadi,0.0,59.858
2023-03-28,Jayakwadi,0.0,61.518
2023-03-29,Jayakwadi,0.0,63.178
2023-03-30,Jayakwadi,0.0,64.838
2023-03-31,Jayakwadi,0.0,66.498
2023-04-01,Jayakwadi,0.0,68.157
2023-04-02,Jayakwadi,0.0,61.801
2023-04-03,Jayakwadi,0.0,54.738
2023-04-04,Jayakwadi,0.0,45.909
2023-04-05,Jayakwadi,0.0,37.787
2023-04-06,Jayakwadi,0.0,27.545
2023-04-07,Jayakwadi,0.0,20.483
2023-04-08,Jayakwadi,0.0,25.073
2023-04-09,Jayakwadi,0.0,25.427
2023-04-10,Jayakwadi,0.0,28.605
2023-04-11,Jayakwadi,0.0,31.784
2023-04-12,Jayakwadi,0.0,34.962
2023-04-13,Jayakwadi,0.0,36.709
2023-04-14,Jayakwadi,0.0,38.456
2023-04-15,Jayakwadi,0.0,40.203
2023-04-16,Jayakwadi,0.0,41.95
2023-04-17,Jayakwadi,0.0,43.697
2023-04-18,Jayakwadi,0.0,45.444
2023-04-19,Jayakwadi,0.0,47.192
2023-04-20,Jayakwadi,0.0,48.939
2023-04-21,Jayakwadi,0.0,50.686
2023-04-22,Jayakwadi,0.0,52.433
2023-04-23,Jayakwadi,0.0,54.18
2023-04-24,Jayakwadi,0.0,55.927
2023-04-25,Jayakwadi,0.0,57.674
2023-04-26,Jayakwadi,0.0,59.422
2023-04-27,Jayakwadi,0.0,61.169
2023-04-28,Jayakwadi,0.0,62.916
2023-04-29,Jayakwadi,0.0,64.663
2023-04-30,Jayakwadi,0.0,66.41
2023-05-01,Jayakwadi,0.0,68.157
2023-05-02,Jayakwadi,0.0,61.448
2023-05-03,Jayakwadi,0.0,54.385
2023-05-04,Jayakwadi,0.0,45.556
2023-05-05,Jayakwadi,0.0,37.787
2023-05-06,Jayakwadi,0.0,29.135
2023-05-07,Jayakwadi,0.0,20.483
2023-05-08,Jayakwadi,0.0,25.073
2023-05-09,Jayakwadi,0.0,25.427
2023-05-10,Jayakwadi,0.0,30.194
2023-05-11,Jayakwadi,0.0,34.962
2023-05-12,Jayakwadi,0.0,34.962
2023-05-13,Jayakwadi,0.0,33.549
2023-05-14,Jayakwadi,0.0,32.136
2023-05-15,Jayakwadi,0.0,30.724
2023-05-16,Jayakwadi,0.0,29.311
2023-05-17,Jayakwadi,0.0,27.899
2023-05-18,Jayakwadi,0.0,26.486
2023-05-19,Jayakwadi,0.0,25.073
2023-05-20,Jayakwadi,0.0,23.661
2023-05-21,Jayakwadi,0.0,22.248
2023-05-22,Jayakwadi,0.0,20.836
2023-05-23,Jayakwadi,0.0,19.423
2023-05-24,Jayakwadi,0.0,18.01
2023-05-25,Jayakwadi,0.0,16.598
2023-05-26,Jayakwadi,0.0,15.185
2023-05-27,Jayakwadi,0.0,13.773
2023-05-28,Jayakwadi,0.0,12.36
2023-05-29,Jayakwadi,0.0,10.948
2023-05-30,Jayakwadi,0.0,9.535
2023-05-31,Jayakwadi,0.0,8.122
2023-06-01,Jayakwadi,0.0,6.71
2023-06-02,Jayakwadi,0.0,14.391
2023-06-03,Jayakwadi,0.0,22.072
2023-06-04,Jayakwadi,0.0,29.753
2023-06-05,Jayakwadi,0.0,37.434
2023-06-06,Jayakwadi,0.0,27.192
2023-06-07,Jayakwadi,0.0,20.483
2023-06-08,Jayakwadi,0.0,25.427
2023-06-09,Jayakwadi,0.0,25.427
2023-06-10,Jayakwadi,0.0,30.018
2023-06-11,Jayakwadi,0.0,34.608
2023-06-12,Jayakwadi,0.0,34.962
2023-06-13,Jayakwadi,0.0,33.475
2023-06-14,Jayakwadi,0.0,31.988
2023-06-15,Jayakwadi,0.0,30.501
2023-06-16,Jayakwadi,0.0,29.014
2023-06-17,Jayakwadi,0.0,27.527
2023-06-18,Jayakwadi,0.0,26.04
2023-06-19,Jayakwadi,0.0,24.553
2023-06-20,Jayakwadi,0.0,23.066
2023-06-21,Jayakwadi,0.0,21.579
2023-06-22,Jayakwadi,0.0,20.092
2023-06-23,Jayakwadi,0.0,18.605
2023-06-24,Jayakwadi,0.0,17.118
2023-06-25,Jayakwadi,0.0,15.631
2023-06-26,Jayakwadi,0.0,14.144
2023-06-27,Jayakwadi,0.0,12.658
2023-06-28,Jayakwadi,0.0,11.171
2023-06-29,Jayakwadi,0.0,9.684
2023-06-30,Jayakwadi,0.0,8.197
2023-07-01,Jayakwadi,0.0,6.71
2023-07-02,Jayakwadi,0.0,14.302
2023-07-03,Jayakwadi,0.0,21.895
2023-07-04,Jayakwadi,0.0,29.487
2023-07-05,Jayakwadi,0.0,37.08
2023-07-06,Jayakwadi,0.0,26.839
2023-07-07,Jayakwadi,0.0,20.483
2023-07-08,Jayakwadi,0.0,25.427
2023-07-09,Jayakwadi,0.0,31.077
2023-07-10,Jayakwadi,0.0,36.727
2023-07-11,Jayakwadi,0.0,34.608
2023-07-12,Jayakwadi,0.0,34.608
2023-07-13,Jayakwadi,0.0,33.213
2023-07-14,Jayakwadi,0.0,31.819
2023-07-15,Jayakwadi,0.0,30.424
2023-07-16,Jayakwadi,0.0,29.029
2023-07-17,Jayakwadi,0.0,27.634
2023-07-18,Jayakwadi,0.0,26.239
2023-07-19,Jayakwadi,0.0,24.844
2023-07-20,Jayakwadi,0.0,23.449
2023-07-21,Jayakwadi,0.0,22.054
2023-07-22,Jayakwadi,0.0,20.659
2023-07-23,Jayakwadi,0.0,19.264
2023-07-24,Jayakwadi,0.0,17.869
2023-07-25,Jayakwadi,0.0,16.474
2023-07-26,Jayakwadi,0.0,15.079
2023-07-27,Jayakwadi,0.0,13.684
2023-07-28,Jayakwadi,0.0,12.29
2023-07-29,Jayakwadi,568.974,10.895
2023-07-30,Jayakwadi,0.0,9.5
2023-07-31,Jayakwadi,88.576,8.105
2023-08-01,Jayakwadi,93.071,6.71
2023-08-02,Jayakwadi,92.26,14.214
2023-08-03,Jayakwadi,83.757,21.718
2023-08-04,Jayakwadi,15.646,29.223
2023-08-05,Jayakwadi,51.948,36.727
2023-08-06,Jayakwadi,14.42,26.486
2023-08-07,Jayakwadi,56.419,20.483
2023-08-08,Jayakwadi,63.758,25.78
2023-08-09,Jayakwadi,44.555,24.72
2023-08-10,Jayakwadi,10.412,29.664
2023-08-11,Jayakwadi,5.546,34.608
2023-08-12,Jayakwadi,5.482,34.608
2023-08-13,Jayakwadi,4.286,33.213
2023-08-14,Jayakwadi,3.089,31.819
2023-08-15,Jayakwadi,3.344,30.424
2023-08-16,Jayakwadi,10.009,29.029
2023-08-17,Jayakwadi,12.794,27.634
2023-08-18,Jayakwadi,10.256,26.239
2023-08-19,Jayakwadi,3.158,24.844
2023-08-20,Jayakwadi,2.598,23.449
2023-08-21,Jayakwadi,2.859,22.054
2023-08-22,Jayakwadi,0.0,20.659
2023-08-23,Jayakwadi,0.0,19.264
2023-08-24,Jayakwadi,0.0,17.869
2023-08-25,Jayakwadi,0.0,16.474
2023-08-26,Jayakwadi,0.0,15.079
2023-08-27,Jayakwadi,0.12,13.684
2023-08-28,Jayakwadi,123.391,12.29
2023-08-29,Jayakwadi,92.885,10.895
2023-08-30,Jayakwadi,4.635,9.5
2023-08-31,Jayakwadi,1.236,8.105
2023-09-01,Jayakwadi,0.0,6.71
2023-09-02,Jayakwadi,0.0,14.126
2023-09-03,Jayakwadi,0.0,21.542
2023-09-04,Jayakwadi,0.0,28.958
2023-09-05,Jayakwadi,0.0,36.374
2023-09-06,Jayakwadi,0.0,26.133
2023-09-07,Jayakwadi,0.0,20.483
2023-09-08,Jayakwadi,0.0,25.78
2023-09-09,Jayakwadi,563.79,25.073
2023-09-10,Jayakwadi,389.8,29.664
2023-09-11,Jayakwadi,68.089,34.255
2023-09-12,Jayakwadi,46.875,34.608
2023-09-13,Jayakwadi,37.27,33.14
2023-09-14,Jayakwadi,2.645,31.672
2023-09-15,Jayakwadi,2.045,30.203
2023-09-16,Jayakwadi,1.136,28.735
2023-09-17,Jayakwadi,1.019,27.267
2023-09-18,Jayakwadi,0.0,25.798
2023-09-19,Jayakwadi,0.0,24.33
2023-09-20,Jayakwadi,127.503,22.862
2023-09-21,Jayakwadi,64.653,21.393
2023-09-22,Jayakwadi,38.359,19.925
2023-09-23,Jayakwadi,334.037,18.457
2023-09-24,Jayakwadi,389.8,16.988
2023-09-25,Jayakwadi,330.579,15.52
2023-09-26,Jayakwadi,141.625,14.052
2023-09-27,Jayakwadi,150.158,12.583
2023-09-28,Jayakwadi,389.8,11.115
2023-09-29,Jayakwadi,192.57,9.646
2023-09-30,Jayakwadi,129.783,8.178
2023-10-01,Jayakwadi,131.8,6.71
2023-10-02,Jayakwadi,123.6,14.126
2023-10-03,Jayakwadi,121.308,21.542
2023-10-04,Jayakwadi,0.292,28.958
2023-10-05,Jayakwadi,2.672,36.374
2023-10-06,Jayakwadi,0.0,28.428
2023-10-07,Jayakwadi,0.0,20.483
2023-10-08,Jayakwadi,0.0,26.133
2023-10-09,Jayakwadi,0.0,25.427
2023-10-10,Jayakwadi,0.0,29.841
2023-10-11,Jayakwadi,0.0,34.255
2023-10-12,Jayakwadi,0.0,34.608
2023-10-13,Jayakwadi,0.0,33.213
2023-10-14,Jayakwadi,0.0,31.819
2023-10-15,Jayakwadi,0.0,30.424
2023-10-16,Jayakwadi,0.0,29.029
2023-10-17,Jayakwadi,0.0,27.634
2023-10-18,Jayakwadi,0.0,26.239
2023-10-19,Jayakwadi,0.0,24.844
2023-10-20,Jayakwadi,0.0,23.449
2023-10-21,Jayakwadi,0.0,22.054
2023-10-22,Jayakwadi,0.0,20.659
2023-10-23,Jayakwadi,0.0,19.264
2023-10-24,Jayakwadi,0.0,17.869
2023-10-25,Jayakwadi,0.0,16.474
2023-10-26,Jayakwadi,0.0,15.079
2023-10-27,Jayakwadi,0.0,13.684
2023-10-28,Jayakwadi,0.0,12.29
2023-10-29,Jayakwadi,0.0,10.895
2023-10-30,Jayakwadi,0.0,9.5
2023-10-31,Jayakwadi,0.0,8.105
2023-11-01,Jayakwadi,0.0,6.71
2023-11-02,Jayakwadi,0.0,14.038
2023-11-03,Jayakwadi,0.0,21.365
2023-11-04,Jayakwadi,0.0,28.693
2023-11-05,Jayakwadi,0.0,36.021
2023-11-06,Jayakwadi,0.0,25.78
2023-11-07,Jayakwadi,0.0,20.483
2023-11-08,Jayakwadi,0.0,26.133
2023-11-09,Jayakwadi,0.0,26.133
2023-11-10,Jayakwadi,0.0,36.374
2023-11-11,Jayakwadi,0.0,33.902
2023-11-12,Jayakwadi,0.0,34.255
2023-11-13,Jayakwadi,0.0,35.947
2023-11-14,Jayakwadi,0.0,37.638
2023-11-15,Jayakwadi,0.0,39.329
2023-11-16,Jayakwadi,0.0,41.021
2023-11-17,Jayakwadi,0.0,42.712
2023-11-18,Jayakwadi,0.0,44.404
2023-11-19,Jayakwadi,0.0,46.095
2023-11-20,Jayakwadi,0.0,47.786
2023-11-21,Jayakwadi,0.0,49.478
2023-11-22,Jayakwadi,0.0,51.169
2023-11-23,Jayakwadi,0.0,52.86
2023-11-24,Jayakwadi,0.0,54.552
2023-11-25,Jayakwadi,0.0,56.243
2023-11-26,Jayakwadi,0.0,57.935
2023-11-27,Jayakwadi,0.0,59.626
2023-11-28,Jayakwadi,0.0,61.317
2023-11-29,Jayakwadi,0.0,63.009
2023-11-30,Jayakwadi,0.0,64.7
2023-12-01,Jayakwadi,0.0,66.392
2023-12-02,Jayakwadi,0.0,60.035
2023-12-03,Jayakwadi,0.0,51.913
2023-12-04,Jayakwadi,0.0,43.437
2023-12-05,Jayakwadi,0.0,35.668
2023-12-06,Jayakwadi,0.0,25.427
2023-12-07,Jayakwadi,0.0,20.836
2023-12-08,Jayakwadi,0.0,26.133
2023-12-09,Jayakwadi,0.0,26.486
2023-12-10,Jayakwadi,0.0,36.374
2023-12-11,Jayakwadi,0.0,33.902
2023-12-12,Jayakwadi,0.0,34.255
2023-12-13,Jayakwadi,0.0,34.185
2023-12-14,Jayakwadi,0.0,34.114
2023-12-15,Jayakwadi,0.0,34.043
2023-12-16,Jayakwadi,0.0,33.973
2023-12-17,Jayakwadi,0.0,33.902
2023-12-18,Jayakwadi,0.0,33.831
2023-12-19,Jayakwadi,0.0,33.761
2023-12-20,Jayakwadi,0.0,33.69
2023-12-21,Jayakwadi,0.0,33.62
2023-12-22,Jayakwadi,0.0,33.549
2023-12-23,Jayakwadi,0.0,33.478
2023-12-24,Jayakwadi,0.0,33.408
2023-12-25,Jayakwadi,0.0,33.337
2023-12-26,Jayakwadi,0.0,33.266
2023-12-27,Jayakwadi,0.0,33.196
2023-12-28,Jayakwadi,0.0,33.125
2023-12-29,Jayakwadi,0.0,33.055
2023-12-30,Jayakwadi,0.0,32.984
2023-12-31,Jayakwadi,0.0,32.913
2024-01-01,Jayakwadi,0.0,32.843
2024-01-02,Jayakwadi,0.0,28.958
2024-01-03,Jayakwadi,0.0,19.776
2024-01-04,Jayakwadi,0.0,15.892
2024-01-05,Jayakwadi,0.0,6.71
2024-01-06,Jayakwadi,0.0,6.461
2024-01-07,Jayakwadi,0.0,6.213
2024-01-08,Jayakwadi,0.0,5.964
2024-01-09,Jayakwadi,0.0,5.716
2024-01-10,Jayakwadi,0.0,5.467
2024-01-11,Jayakwadi,0.0,5.219
2024-01-12,Jayakwadi,0.0,4.97
2024-01-13,Jayakwadi,0.0,4.722
2024-01-14,Jayakwadi,0.0,4.473
2024-01-15,Jayakwadi,0.0,4.225
2024-01-16,Jayakwadi,0.0,3.976
2024-01-17,Jayakwadi,0.0,3.728
2024-01-18,Jayakwadi,0.0,3.479
2024-01-19,Jayakwadi,0.0,3.231
2024-01-20,Jayakwadi,0.0,2.982
2024-01-21,Jayakwadi,0.0,2.734
2024-01-22,Jayakwadi,0.0,2.485
2024-01-23,Jayakwadi,0.0,2.237
2024-01-24,Jayakwadi,0.0,1.988
2024-01-25,Jayakwadi,0.0,1.74
2024-01-26,Jayakwadi,0.0,1.491
2024-01-27,Jayakwadi,0.0,1.243
2024-01-28,Jayakwadi,0.0,0.994
2024-01-29,Jayakwadi,0.0,0.746
2024-01-30,Jayakwadi,0.0,0.497
2024-01-31,Jayakwadi,0.0,0.249
2024-02-01,Jayakwadi,0.0,6.758
2024-02-02,Jayakwadi,0.0,13.267
2024-02-03,Jayakwadi,0.0,19.776
2024-02-04,Jayakwadi,0.0,15.538
2024-02-05,Jayakwadi,0.0,6.357
2024-02-06,Jayakwadi,0.0,7.416
2024-02-07,Jayakwadi,0.0,8.476
2024-02-08,Jayakwadi,0.0,9.535
2024-02-09,Jayakwadi,0.0,10.594
2024-02-10,Jayakwadi,0.0,11.654
2024-02-11,Jayakwadi,0.0,12.713
2024-02-12,Jayakwadi,0.0,13.773
2024-02-13,Jayakwadi,0.0,14.832
2024-02-14,Jayakwadi,0.0,15.892
2024-02-15,Jayakwadi,0.0,16.951
2024-02-16,Jayakwadi,0.0,18.01
2024-02-17,Jayakwadi,0.0,19.07
2024-02-18,Jayakwadi,0.0,20.129
2024-02-19,Jayakwadi,0.0,21.189
2024-02-20,Jayakwadi,0.0,22.248
2024-02-21,Jayakwadi,0.0,23.308
2024-02-22,Jayakwadi,0.0,24.367
2024-02-23,Jayakwadi,0.0,25.427
2024-02-24,Jayakwadi,0.0,26.486
2024-02-25,Jayakwadi,0.0,27.545
2024-02-26,Jayakwadi,0.0,28.605
2024-02-27,Jayakwadi,0.0,29.664
2024-02-28,Jayakwadi,0.0,30.724
2024-02-29,Jayakwadi,0.0,31.783
2024-03-01,Jayakwadi,0.0,32.843
2024-03-02,Jayakwadi,0.0,28.252
2024-03-03,Jayakwadi,0.0,19.423
2024-03-04,Jayakwadi,0.0,15.185
2024-03-05,Jayakwadi,0.0,6.357
2024-03-06,Jayakwadi,0.0,7.338
2024-03-07,Jayakwadi,0.0,8.319
2024-03-08,Jayakwadi,0.0,9.3
2024-03-09,Jayakwadi,0.0,10.28
2024-03-10,Jayakwadi,0.0,11.261
2024-03-11,Jayakwadi,0.0,12.242
2024-03-12,Jayakwadi,0.0,13.223
2024-03-13,Jayakwadi,0.0,14.204
2024-03-14,Jayakwadi,0.0,15.185
2024-03-15,Jayakwadi,0.0,16.166
2024-03-16,Jayakwadi,0.0,17.147
2024-03-17,Jayakwadi,0.0,18.128
2024-03-18,Jayakwadi,0.0,19.109
2024-03-19,Jayakwadi,0.0,20.09
2024-03-20,Jayakwadi,0.0,21.071
2024-03-21,Jayakwadi,0.0,22.052
2024-03-22,Jayakwadi,0.0,23.033
2024-03-23,Jayakwadi,0.0,24.014
2024-03-24,Jayakwadi,0.0,24.995
2024-03-25,Jayakwadi,0.0,25.976
2024-03-26,Jayakwadi,0.0,26.957
2024-03-27,Jayakwadi,0.0,27.938
2024-03-28,Jayakwadi,0.0,28.919
2024-03-29,Jayakwadi,0.0,29.9
2024-03-30,Jayakwadi,0.0,30.881
2024-03-31,Jayakwadi,0.0,31.862
2024-04-01,Jayakwadi,0.0,32.843
2024-04-02,Jayakwadi,0.0,28.252
2024-04-03,Jayakwadi,0.0,19.07
2024-04-04,Jayakwadi,0.0,14.832
2024-04-05,Jayakwadi,0.0,6.003
2024-04-06,Jayakwadi,0.0,7.022
2024-04-07,Jayakwadi,0.0,8.041
2024-04-08,Jayakwadi,0.0,9.06
2024-04-09,Jayakwadi,0.0,10.078
2024-04-10,Jayakwadi,0.0,11.097
2024-04-11,Jayakwadi,0.0,12.116
2024-04-12,Jayakwadi,0.0,13.134
2024-04-13,Jayakwadi,0.0,14.153
2024-04-14,Jayakwadi,0.0,15.172
2024-04-15,Jayakwadi,0.0,16.19
2024-04-16,Jayakwadi,0.0,17.209
2024-04-17,Jayakwadi,0.0,18.228
2024-04-18,Jayakwadi,0.0,19.246
2024-04-19,Jayakwadi,0.0,20.265
2024-04-20,Jayakwadi,0.0,21.284
2024-04-21,Jayakwadi,0.0,22.303
2024-04-22,Jayakwadi,0.0,23.321
2024-04-23,Jayakwadi,0.0,24.34
2024-04-24,Jayakwadi,0.0,25.359
2024-04-25,Jayakwadi,0.0,26.377
2024-04-26,Jayakwadi,0.0,27.396
2024-04-27,Jayakwadi,0.0,28.415
2024-04-28,Jayakwadi,0.0,29.433
2024-04-29,Jayakwadi,0.0,30.452
2024-04-30,Jayakwadi,0.0,31.471
2024-05-01,Jayakwadi,0.0,32.489
2024-05-02,Jayakwadi,0.0,27.899
2024-05-03,Jayakwadi,0.0,19.423
2024-05-04,Jayakwadi,0.0,14.832
2024-05-05,Jayakwadi,0.0,6.003
2024-05-06,Jayakwadi,0.0,6.984
2024-05-07,Jayakwadi,0.0,7.965
2024-05-08,Jayakwadi,0.0,8.946
2024-05-09,Jayakwadi,0.0,9.927
2024-05-10,Jayakwadi,0.0,10.908
2024-05-11,Jayakwadi,0.0,11.889
2024-05-12,Jayakwadi,0.0,12.87
2024-05-13,Jayakwadi,0.0,13.851
2024-05-14,Jayakwadi,0.0,14.832
2024-05-15,Jayakwadi,0.0,15.813
2024-05-16,Jayakwadi,0.0,16.794
2024-05-17,Jayakwadi,0.0,17.775
2024-05-18,Jayakwadi,0.0,18.756
2024-05-19,Jayakwadi,0.0,19.737
2024-05-20,Jayakwadi,0.0,20.718
2024-05-21,Jayakwadi,0.0,21.699
2024-05-22,Jayakwadi,0.0,22.68
2024-05-23,Jayakwadi,0.0,23.661
2024-05-24,Jayakwadi,0.0,24.642
2024-05-25,Jayakwadi,0.0,25.623
2024-05-26,Jayakwadi,0.0,26.604
2024-05-27,Jayakwadi,0.0,27.585
2024-05-28,Jayakwadi,0.0,28.566
2024-05-29,Jayakwadi,0.0,29.547
2024-05-30,Jayakwadi,0.0,30.528
2024-05-31,Jayakwadi,0.0,31.509
2024-06-01,Jayakwadi,0.0,32.489
2024-06-02,Jayakwadi,0.0,27.545
2024-06-03,Jayakwadi,0.0,19.07
2024-06-04,Jayakwadi,0.0,14.479
2024-06-05,Jayakwadi,0.0,5.65
2024-06-06,Jayakwadi,0.0,6.683
2024-06-07,Jayakwadi,0.0,7.715
2024-06-08,Jayakwadi,0.0,8.747
2024-06-09,Jayakwadi,0.0,9.779
2024-06-10,Jayakwadi,0.0,10.812
2024-06-11,Jayakwadi,0.0,11.844
2024-06-12,Jayakwadi,0.0,12.876
2024-06-13,Jayakwadi,0.0,13.909
2024-06-14,Jayakwadi,0.0,14.941
2024-06-15,Jayakwadi,0.0,15.973
2024-06-16,Jayakwadi,0.0,17.005
2024-06-17,Jayakwadi,0.0,18.038
2024-06-18,Jayakwadi,0.0,19.07
2024-06-19,Jayakwadi,0.0,20.102
2024-06-20,Jayakwadi,0.0,21.134
2024-06-21,Jayakwadi,0.0,22.167
2024-06-22,Jayakwadi,0.0,23.199
2024-06-23,Jayakwadi,0.0,24.231
2024-06-24,Jayakwadi,0.0,25.264
2024-06-25,Jayakwadi,0.0,26.296
2024-06-26,Jayakwadi,0.0,27.328
2024-06-27,Jayakwadi,0.0,28.36
2024-06-28,Jayakwadi,0.0,29.393
2024-06-29,Jayakwadi,0.0,30.425
2024-06-30,Jayakwadi,0.0,31.457
2024-07-01,Jayakwadi,0.0,32.489
2024-07-02,Jayakwadi,0.0,27.192
2024-07-03,Jayakwadi,0.0,19.07
2024-07-04,Jayakwadi,0.0,14.126
2024-07-05,Jayakwadi,0.0,5.65
2024-07-06,Jayakwadi,0.0,6.644
2024-07-07,Jayakwadi,0.0,7.638
2024-07-08,Jayakwadi,0.0,8.632
2024-07-09,Jayakwadi,0.0,9.627
2024-07-10,Jayakwadi,0.0,10.621
2024-07-11,Jayakwadi,0.0,11.615
2024-07-12,Jayakwadi,0.0,12.609
2024-07-13,Jayakwadi,0.0,13.603
2024-07-14,Jayakwadi,0.0,14.597
2024-07-15,Jayakwadi,0.0,15.591
2024-07-16,Jayakwadi,0.0,16.585
2024-07-17,Jayakwadi,0.0,17.579
2024-07-18,Jayakwadi,0.0,18.573
2024-07-19,Jayakwadi,0.0,19.567
2024-07-20,Jayakwadi,0.0,20.561
2024-07-21,Jayakwadi,0.0,21.555
2024-07-22,Jayakwadi,0.0,22.549
2024-07-23,Jayakwadi,0.0,23.543
2024-07-24,Jayakwadi,0.0,24.537
2024-07-25,Jayakwadi,137.651,25.531
2024-07-26,Jayakwadi,507.989,26.525
2024-07-27,Jayakwadi,240.072,27.519
2024-07-28,Jayakwadi,180.931,28.513
2024-07-29,Jayakwadi,121.79,29.507
2024-07-30,Jayakwadi,100.97,30.501
2024-07-31,Jayakwadi,132.475,31.495
2024-08-01,Jayakwadi,417.355,32.489
2024-08-02,Jayakwadi,40.133,26.839
2024-08-03,Jayakwadi,169.121,19.07
2024-08-04,Jayakwadi,796.34,13.773
2024-08-05,Jayakwadi,1423.559,5.65
2024-08-06,Jayakwadi,655.716,6.644
2024-08-07,Jayakwadi,253.365,7.638
2024-08-08,Jayakwadi,189.977,8.632
2024-08-09,Jayakwadi,248.164,9.627
2024-08-10,Jayakwadi,124.971,10.621
2024-08-11,Jayakwadi,165.954,11.615
2024-08-12,Jayakwadi,206.937,12.609
2024-08-13,Jayakwadi,123.18,13.603
2024-08-14,Jayakwadi,67.805,14.597
2024-08-15,Jayakwadi,70.448,15.591
2024-08-16,Jayakwadi,73.092,16.585
2024-08-17,Jayakwadi,36.089,17.579
2024-08-18,Jayakwadi,21.296,18.573
2024-08-19,Jayakwadi,6.504,19.567
2024-08-20,Jayakwadi,57.181,20.561
2024-08-21,Jayakwadi,44.951,21.555
2024-08-22,Jayakwadi,174.089,22.549
2024-08-23,Jayakwadi,35.045,23.543
2024-08-24,Jayakwadi,89.809,24.537
2024-08-25,Jayakwadi,493.196,25.531
2024-08-26,Jayakwadi,896.583,26.525
2024-08-27,Jayakwadi,0.0,27.519
2024-08-28,Jayakwadi,579.14,28.513
2024-08-29,Jayakwadi,1060.701,29.507
2024-08-30,Jayakwadi,672.08,30.501
2024-08-31,Jayakwadi,258.747,31.495
2024-09-01,Jayakwadi,191.9,32.489
2024-09-02,Jayakwadi,125.052,26.486
2024-09-03,Jayakwadi,116.848,19.07
2024-09-04,Jayakwadi,169.436,13.42
2024-09-05,Jayakwadi,114.867,5.65
2024-09-06,Jayakwadi,88.12,6.683
2024-09-07,Jayakwadi,410.662,7.715
2024-09-08,Jayakwadi,323.07,8.747
2024-09-09,Jayakwadi,235.477,9.779
2024-09-10,Jayakwadi,233.072,10.812
2024-09-11,Jayakwadi,141.831,11.844
2024-09-12,Jayakwadi,77.599,12.876
2024-09-13,Jayakwadi,81.433,13.909
2024-09-14,Jayakwadi,119.96,14.941
2024-09-15,Jayakwadi,86.534,15.973
2024-09-16,Jayakwadi,53.108,17.005
2024-09-17,Jayakwadi,19.682,18.038
2024-09-18,Jayakwadi,44.063,19.07
2024-09-19,Jayakwadi,7.917,20.102
2024-09-20,Jayakwadi,9.076,21.134
2024-09-21,Jayakwadi,5.559,22.167
2024-09-22,Jayakwadi,0.236,23.199
2024-09-23,Jayakwadi,4.099,24.231
2024-09-24,Jayakwadi,29.592,25.264
2024-09-25,Jayakwadi,55.085,26.296
2024-09-26,Jayakwadi,895.063,27.328
2024-09-27,Jayakwadi,639.944,28.36
2024-09-28,Jayakwadi,179.511,29.393
2024-09-29,Jayakwadi,282.22,30.425
2024-09-30,Jayakwadi,384.929,31.457
2024-10-01,Jayakwadi,156.221,32.489
2024-10-02,Jayakwadi,118.574,26.133
2024-10-03,Jayakwadi,80.927,19.07
2024-10-04,Jayakwadi,45.782,13.42
2024-10-05,Jayakwadi,83.417,5.297
2024-10-06,Jayakwadi,67.426,6.304
2024-10-07,Jayakwadi,51.434,7.311
2024-10-08,Jayakwadi,26.03,8.319
2024-10-09,Jayakwadi,68.559,9.326
2024-10-10,Jayakwadi,111.087,10.333
2024-10-11,Jayakwadi,153.616,11.34
2024-10-12,Jayakwadi,196.145,12.347
2024-10-13,Jayakwadi,238.674,13.354
2024-10-14,Jayakwadi,281.202,14.361
2024-10-15,Jayakwadi,150.557,15.368
2024-10-16,Jayakwadi,194.181,16.376
2024-10-17,Jayakwadi,76.362,17.383
2024-10-18,Jayakwadi,36.222,18.39
2024-10-19,Jayakwadi,25.717,19.397
2024-10-20,Jayakwadi,156.441,20.404
2024-10-21,Jayakwadi,287.166,21.411
2024-10-22,Jayakwadi,350.476,22.418
2024-10-23,Jayakwadi,244.455,23.425
2024-10-24,Jayakwadi,79.209,24.433
2024-10-25,Jayakwadi,114.671,25.44
2024-10-26,Jayakwadi,76.447,26.447
2024-10-27,Jayakwadi,38.224,27.454
2024-10-28,Jayakwadi,0.0,28.461
2024-10-29,Jayakwadi,0.0,29.468
2024-10-30,Jayakwadi,0.0,30.475
2024-10-31,Jayakwadi,0.0,31.482
2024-11-01,Jayakwadi,0.0,32.489
2024-11-02,Jayakwadi,0.0,25.78
2024-11-03,Jayakwadi,0.0,18.717
2024-11-04,Jayakwadi,0.0,12.007
2024-11-05,Jayakwadi,0.0,5.297
2024-11-06,Jayakwadi,0.0,6.329
2024-11-07,Jayakwadi,0.0,7.362
2024-11-08,Jayakwadi,0.0,8.394
2024-11-09,Jayakwadi,0.0,9.426
2024-11-10,Jayakwadi,0.0,10.459
2024-11-11,Jayakwadi,0.0,11.491
2024-11-12,Jayakwadi,0.0,12.523
2024-11-13,Jayakwadi,0.0,13.555
2024-11-14,Jayakwadi,0.0,14.588
2024-11-15,Jayakwadi,0.0,15.62
2024-11-16,Jayakwadi,0.0,16.652
2024-11-17,Jayakwadi,0.0,17.684
2024-11-18,Jayakwadi,0.0,18.717
2024-11-19,Jayakwadi,0.0,19.749
2024-11-20,Jayakwadi,0.0,20.781
2024-11-21,Jayakwadi,0.0,21.814
2024-11-22,Jayakwadi,0.0,22.846
2024-11-23,Jayakwadi,0.0,23.878
2024-11-24,Jayakwadi,0.0,24.91
2024-11-25,Jayakwadi,0.0,25.943
2024-11-26,Jayakwadi,0.0,26.975
2024-11-27,Jayakwadi,0.0,28.007
2024-11-28,Jayakwadi,0.0,29.04
2024-11-29,Jayakwadi,0.0,30.072
2024-11-30,Jayakwadi,0.0,31.104
2024-12-01,Jayakwadi,0.0,32.136
2024-12-02,Jayakwadi,0.0,25.427
2024-12-03,Jayakwadi,0.0,18.717
2024-12-04,Jayakwadi,0.0,12.713
2024-12-05,Jayakwadi,0.0,5.297
2024-12-06,Jayakwadi,0.0,5.838
2024-12-07,Jayakwadi,0.0,6.379
2024-12-08,Jayakwadi,0.0,6.919
2024-12-09,Jayakwadi,0.0,7.46
2024-12-10,Jayakwadi,0.0,8.001
2024-12-11,Jayakwadi,0.0,8.542
2024-12-12,Jayakwadi,0.0,9.082
2024-12-13,Jayakwadi,0.0,9.623
2024-12-14,Jayakwadi,0.0,10.164
2024-12-15,Jayakwadi,0.0,10.705
2024-12-16,Jayakwadi,0.0,11.246
2024-12-17,Jayakwadi,0.0,11.786
2024-12-18,Jayakwadi,0.0,12.327
2024-12-19,Jayakwadi,0.0,12.868
2024-12-20,Jayakwadi,0.0,13.409
2024-12-21,Jayakwadi,0.0,13.949
2024-12-22,Jayakwadi,0.0,14.49
2024-12-23,Jayakwadi,0.0,15.031
2024-12-24,Jayakwadi,0.0,15.572
2024-12-25,Jayakwadi,0.0,16.112
2024-12-26,Jayakwadi,0.0,16.653
2024-12-27,Jayakwadi,0.0,17.194
2024-12-28,Jayakwadi,0.0,17.735
2024-12-29,Jayakwadi,0.0,18.275
2024-12-30,Jayakwadi,0.0,18.816
2024-12-31,Jayakwadi,0.0,19.357
