Date,Reservoir_Name,Inflow (cusecs/cumecs),Storage (TMC/MCM)
2010-01-01,Krishnaraja Sagara,145.945,38.493
2010-01-02,Krishnaraja Sagara,110.237,33.549
2010-01-03,Krishnaraja Sagara,99.081,34.212
2010-01-04,Krishnaraja Sagara,90.133,34.875
2010-01-05,Krishnaraja Sagara,67.734,35.538
2010-01-06,Krishnaraja Sagara,67.734,36.201
2010-01-07,Krishnaraja Sagara,72.236,36.864
2010-01-08,Krishnaraja Sagara,85.658,37.527
2010-01-09,Krishnaraja Sagara,54.736,38.19
2010-01-10,Krishnaraja Sagara,60.372,38.853
2010-01-11,Krishnaraja Sagara,64.846,39.516
2010-01-12,Krishnaraja Sagara,44.656,40.178
2010-01-13,Krishnaraja Sagara,63.09,40.841
2010-01-14,Krishnaraja Sagara,60.117,40.718
2010-01-15,Krishnaraja Sagara,52.216,40.594
2010-01-16,Krishnaraja Sagara,40.493,40.471
2010-01-17,Krishnaraja Sagara,44.429,40.347
2010-01-18,Krishnaraja Sagara,38.001,40.223
2010-01-19,Krishnaraja Sagara,38.596,40.1
2010-01-20,Krishnaraja Sagara,29.166,39.976
2010-01-21,Krishnaraja Sagara,36.529,39.853
2010-01-22,Krishnaraja Sagara,27.637,39.729
2010-01-23,Krishnaraja Sagara,25.938,39.605
2010-01-24,Krishnaraja Sagara,24.013,39.482
2010-01-25,Krishnaraja Sagara,25.344,39.358
2010-01-26,Krishnaraja Sagara,27.411,39.235
2010-01-27,Krishnaraja Sagara,21.039,39.111
2010-01-28,Krishnaraja Sagara,27.835,38.987
2010-01-29,Krishnaraja Sagara,28.827,38.864
2010-01-30,Krishnaraja Sagara,20.756,38.74
2010-01-31,Krishnaraja Sagara,16.084,38.617
2010-02-01,Krishnaraja Sagara,11.723,38.493
2010-02-02,Krishnaraja Sagara,8.438,38.689
2010-02-03,Krishnaraja Sagara,8.665,38.884
2010-02-04,Krishnaraja Sagara,6.258,39.08
2010-02-05,Krishnaraja Sagara,7.051,39.275
2010-02-06,Krishnaraja Sagara,5.89,39.471
2010-02-07,Krishnaraja Sagara,6.57,39.667
2010-02-08,Krishnaraja Sagara,6.541,39.862
2010-02-09,Krishnaraja Sagara,6.286,40.058
2010-02-10,Krishnaraja Sagara,6.286,40.254
2010-02-11,Krishnaraja Sagara,6.286,40.449
2010-02-12,Krishnaraja Sagara,6.371,40.645
2010-02-13,Krishnaraja Sagara,6.031,40.84
2010-02-14,Krishnaraja Sagara,5.607,40.716
2010-02-15,Krishnaraja Sagara,7.221,40.591
2010-02-16,Krishnaraja Sagara,5.72,40.466
2010-02-17,Krishnaraja Sagara,5.352,40.342
2010-02-18,Krishnaraja Sagara,10.421,40.217
2010-02-19,Krishnaraja Sagara,7.192,40.093
2010-02-20,Krishnaraja Sagara,6.881,39.968
2010-02-21,Krishnaraja Sagara,4.078,39.843
2010-02-22,Krishnaraja Sagara,5.324,39.719
2010-02-23,Krishnaraja Sagara,5.012,39.594
2010-02-24,Krishnaraja Sagara,9.146,39.469
2010-02-25,Krishnaraja Sagara,6.824,39.345
2010-02-26,Krishnaraja Sagara,6.513,39.22
2010-02-27,Krishnaraja Sagara,6.994,39.095
2010-02-28,Krishnaraja Sagara,8.438,38.971
2010-03-01,Krishnaraja Sagara,8.127,38.846
2010-03-02,Krishnaraja Sagara,8.523,39.014
2010-03-03,Krishnaraja Sagara,10.336,39.182
2010-03-04,Krishnaraja Sagara,10.109,39.349
2010-03-05,Krishnaraja Sagara,10.449,39.517
2010-03-06,Krishnaraja Sagara,12.063,39.685
2010-03-07,Krishnaraja Sagara,12.12,39.853
2010-03-08,Krishnaraja Sagara,8.807,40.02
2010-03-09,Krishnaraja Sagara,8.608,40.188
2010-03-10,Krishnaraja Sagara,11.695,40.356
2010-03-11,Krishnaraja Sagara,8.382,40.524
2010-03-12,Krishnaraja Sagara,8.382,40.691
2010-03-13,Krishnaraja Sagara,11.695,40.859
2010-03-14,Krishnaraja Sagara,12.261,40.753
2010-03-15,Krishnaraja Sagara,10.364,40.647
2010-03-16,Krishnaraja Sagara,10.137,40.541
2010-03-17,Krishnaraja Sagara,10.194,40.435
2010-03-18,Krishnaraja Sagara,9.175,40.329
2010-03-19,Krishnaraja Sagara,9.005,40.223
2010-03-20,Krishnaraja Sagara,6.145,40.117
2010-03-21,Krishnaraja Sagara,8.042,40.012
2010-03-22,Krishnaraja Sagara,4.814,39.906
2010-03-23,Krishnaraja Sagara,5.833,39.8
2010-03-24,Krishnaraja Sagara,4.757,39.694
2010-03-25,Krishnaraja Sagara,5.522,39.588
2010-03-26,Krishnaraja Sagara,4.304,39.482
2010-03-27,Krishnaraja Sagara,4.701,39.376
2010-03-28,Krishnaraja Sagara,4.587,39.27
2010-03-29,Krishnaraja Sagara,5.465,39.164
2010-03-30,Krishnaraja Sagara,3.936,39.058
2010-03-31,Krishnaraja Sagara,5.72,38.952
2010-04-01,Krishnaraja Sagara,5.805,38.846
2010-04-02,Krishnaraja Sagara,4.955,38.986
2010-04-03,Krishnaraja Sagara,4.304,39.125
2010-04-04,Krishnaraja Sagara,4.304,39.264
2010-04-05,Krishnaraja Sagara,4.389,39.404
2010-04-06,Krishnaraja Sagara,4.701,39.543
2010-04-07,Krishnaraja Sagara,3.908,39.683
2010-04-08,Krishnaraja Sagara,3.879,39.822
2010-04-09,Krishnaraja Sagara,7.136,39.961
2010-04-10,Krishnaraja Sagara,7.617,40.101
2010-04-11,Krishnaraja Sagara,5.04,40.24
2010-04-12,Krishnaraja Sagara,5.012,40.38
2010-04-13,Krishnaraja Sagara,4.984,40.519
2010-04-14,Krishnaraja Sagara,9.968,40.426
2010-04-15,Krishnaraja Sagara,12.516,40.333
2010-04-16,Krishnaraja Sagara,17.585,40.24
2010-04-17,Krishnaraja Sagara,17.585,40.147
2010-04-18,Krishnaraja Sagara,17.188,40.054
2010-04-19,Krishnaraja Sagara,10.789,39.961
2010-04-20,Krishnaraja Sagara,21.039,39.868
2010-04-21,Krishnaraja Sagara,18.491,39.775
2010-04-22,Krishnaraja Sagara,25.995,39.683
2010-04-23,Krishnaraja Sagara,23.73,39.59
2010-04-24,Krishnaraja Sagara,22.455,39.497
2010-04-25,Krishnaraja Sagara,23.361,39.404
2010-04-26,Krishnaraja Sagara,20.954,39.311
2010-04-27,Krishnaraja Sagara,17.103,39.218
2010-04-28,Krishnaraja Sagara,13.111,39.125
2010-04-29,Krishnaraja Sagara,17.641,39.032
2010-04-30,Krishnaraja Sagara,17.585,38.939
2010-05-01,Krishnaraja Sagara,25.967,38.846
2010-05-02,Krishnaraja Sagara,21.804,39.007
2010-05-03,Krishnaraja Sagara,19.68,39.167
2010-05-04,Krishnaraja Sagara,24.183,39.328
2010-05-05,Krishnaraja Sagara,26.42,39.488
2010-05-06,Krishnaraja Sagara,26.618,39.649
2010-05-07,Krishnaraja Sagara,24.891,39.809
2010-05-08,Krishnaraja Sagara,25.032,39.97
2010-05-09,Krishnaraja Sagara,35.991,40.13
2010-05-10,Krishnaraja Sagara,32.848,40.291
2010-05-11,Krishnaraja Sagara,37.067,40.451
2010-05-12,Krishnaraja Sagara,40.238,40.612
2010-05-13,Krishnaraja Sagara,40.578,40.541
2010-05-14,Krishnaraja Sagara,38.851,40.471
2010-05-15,Krishnaraja Sagara,36.953,40.4
2010-05-16,Krishnaraja Sagara,36.953,40.329
2010-05-17,Krishnaraja Sagara,34.858,40.259
2010-05-18,Krishnaraja Sagara,29.11,40.188
2010-05-19,Krishnaraja Sagara,26.561,40.117
2010-05-20,Krishnaraja Sagara,24.862,40.047
2010-05-21,Krishnaraja Sagara,26.165,39.976
2010-05-22,Krishnaraja Sagara,23.56,39.906
2010-05-23,Krishnaraja Sagara,22.087,39.835
2010-05-24,Krishnaraja Sagara,33.924,39.764
2010-05-25,Krishnaraja Sagara,30.95,39.694
2010-05-26,Krishnaraja Sagara,32.225,39.623
2010-05-27,Krishnaraja Sagara,30.582,39.552
2010-05-28,Krishnaraja Sagara,30.554,39.482
2010-05-29,Krishnaraja Sagara,29.619,39.411
2010-05-30,Krishnaraja Sagara,27.552,39.341
2010-05-31,Krishnaraja Sagara,25.797,39.27
2010-06-01,Krishnaraja Sagara,24.126,39.199
2010-06-02,Krishnaraja Sagara,24.947,39.328
2010-06-03,Krishnaraja Sagara,23.928,39.456
2010-06-04,Krishnaraja Sagara,28.572,39.585
2010-06-05,Krishnaraja Sagara,31.658,39.713
2010-06-06,Krishnaraja Sagara,39.813,39.841
2010-06-07,Krishnaraja Sagara,31.177,39.97
2010-06-08,Krishnaraja Sagara,33.046,40.098
2010-06-09,Krishnaraja Sagara,32.536,40.227
2010-06-10,Krishnaraja Sagara,29.846,40.355
2010-06-11,Krishnaraja Sagara,31.233,40.483
2010-06-12,Krishnaraja Sagara,24.975,40.612
2010-06-13,Krishnaraja Sagara,23.276,40.538
2010-06-14,Krishnaraja Sagara,23.928,40.463
2010-06-15,Krishnaraja Sagara,25.372,40.389
2010-06-16,Krishnaraja Sagara,26.788,40.314
2010-06-17,Krishnaraja Sagara,48.139,40.24
2010-06-18,Krishnaraja Sagara,81.241,40.166
2010-06-19,Krishnaraja Sagara,90.529,40.091
2010-06-20,Krishnaraja Sagara,76.342,40.017
2010-06-21,Krishnaraja Sagara,85.574,39.943
2010-06-22,Krishnaraja Sagara,70.481,39.868
2010-06-23,Krishnaraja Sagara,88.377,39.794
2010-06-24,Krishnaraja Sagara,88.575,39.72
2010-06-25,Krishnaraja Sagara,83.053,39.645
2010-06-26,Krishnaraja Sagara,76.484,39.571
2010-06-27,Krishnaraja Sagara,78.07,39.497
2010-06-28,Krishnaraja Sagara,67.762,39.422
2010-06-29,Krishnaraja Sagara,89.056,39.348
2010-06-30,Krishnaraja Sagara,86.678,39.274
2010-07-01,Krishnaraja Sagara,88.603,39.199
2010-07-02,Krishnaraja Sagara,88.037,39.328
2010-07-03,Krishnaraja Sagara,91.605,39.456
2010-07-04,Krishnaraja Sagara,88.802,39.585
2010-07-05,Krishnaraja Sagara,88.717,39.713
2010-07-06,Krishnaraja Sagara,97.976,39.841
2010-07-07,Krishnaraja Sagara,115.08,39.97
2010-07-08,Krishnaraja Sagara,177.603,40.098
2010-07-09,Krishnaraja Sagara,204.136,40.227
2010-07-10,Krishnaraja Sagara,190.261,40.355
2010-07-11,Krishnaraja Sagara,160.585,40.483
2010-07-12,Krishnaraja Sagara,138.866,40.612
2010-07-13,Krishnaraja Sagara,105.763,40.541
2010-07-14,Krishnaraja Sagara,74.134,40.471
2010-07-15,Krishnaraja Sagara,65.185,40.4
2010-07-16,Krishnaraja Sagara,65.214,40.329
2010-07-17,Krishnaraja Sagara,49.979,40.259
2010-07-18,Krishnaraja Sagara,49.979,40.188
2010-07-19,Krishnaraja Sagara,50.008,40.117
2010-07-20,Krishnaraja Sagara,53.349,40.047
2010-07-21,Krishnaraja Sagara,58.503,39.976
2010-07-22,Krishnaraja Sagara,104.149,39.906
2010-07-23,Krishnaraja Sagara,149.881,39.835
2010-07-24,Krishnaraja Sagara,144.586,39.764
2010-07-25,Krishnaraja Sagara,138.101,39.694
2010-07-26,Krishnaraja Sagara,128.615,39.623
2010-07-27,Krishnaraja Sagara,129.974,39.552
2010-07-28,Krishnaraja Sagara,193.291,39.482
2010-07-29,Krishnaraja Sagara,421.185,39.411
2010-07-30,Krishnaraja Sagara,779.534,39.341
2010-07-31,Krishnaraja Sagara,1023.654,39.27
2010-08-01,Krishnaraja Sagara,810.683,39.199
2010-08-02,Krishnaraja Sagara,656.356,39.283
2010-08-03,Krishnaraja Sagara,414.191,39.367
2010-08-04,Krishnaraja Sagara,267.084,39.451
2010-08-05,Krishnaraja Sagara,322.104,39.535
2010-08-06,Krishnaraja Sagara,463.943,39.619
2010-08-07,Krishnaraja Sagara,311.23,39.703
2010-08-08,Krishnaraja Sagara,156.62,39.786
2010-08-09,Krishnaraja Sagara,124.113,39.87
2010-08-10,Krishnaraja Sagara,124.198,39.954
2010-08-11,Krishnaraja Sagara,142.83,40.038
2010-08-12,Krishnaraja Sagara,118.364,40.122
2010-08-13,Krishnaraja Sagara,122.414,40.206
2010-08-14,Krishnaraja Sagara,125.642,40.153
2010-08-15,Krishnaraja Sagara,91.18,40.1
2010-08-16,Krishnaraja Sagara,82.006,40.047
2010-08-17,Krishnaraja Sagara,65.553,39.994
2010-08-18,Krishnaraja Sagara,108.397,39.941
2010-08-19,Krishnaraja Sagara,202.126,39.888
2010-08-20,Krishnaraja Sagara,201.984,39.835
2010-08-21,Krishnaraja Sagara,175.961,39.782
2010-08-22,Krishnaraja Sagara,189.157,39.729
2010-08-23,Krishnaraja Sagara,225.374,39.676
2010-08-24,Krishnaraja Sagara,179.84,39.623
2010-08-25,Krishnaraja Sagara,234.945,39.57
2010-08-26,Krishnaraja Sagara,334.28,39.517
2010-08-27,Krishnaraja Sagara,309.9,39.464
2010-08-28,Krishnaraja Sagara,323.548,39.411
2010-08-29,Krishnaraja Sagara,301.405,39.358
2010-08-30,Krishnaraja Sagara,266.008,39.305
2010-08-31,Krishnaraja Sagara,259.581,39.252
2010-09-01,Krishnaraja Sagara,507.41,39.199
2010-09-02,Krishnaraja Sagara,455.703,39.296
2010-09-03,Krishnaraja Sagara,264.593,39.392
2010-09-04,Krishnaraja Sagara,176.754,39.488
2010-09-05,Krishnaraja Sagara,154.78,39.585
2010-09-06,Krishnaraja Sagara,162.086,39.681
2010-09-07,Krishnaraja Sagara,162.086,39.777
2010-09-08,Krishnaraja Sagara,165.767,39.873
2010-09-09,Krishnaraja Sagara,259.665,39.97
2010-09-10,Krishnaraja Sagara,391.962,40.066
2010-09-11,Krishnaraja Sagara,381.711,40.162
2010-09-12,Krishnaraja Sagara,391.905,40.259
2010-09-13,Krishnaraja Sagara,324.766,40.203
2010-09-14,Krishnaraja Sagara,205.014,40.147
2010-09-15,Krishnaraja Sagara,209.658,40.091
2010-09-16,Krishnaraja Sagara,174.347,40.036
2010-09-17,Krishnaraja Sagara,190.063,39.98
2010-09-18,Krishnaraja Sagara,182.247,39.924
2010-09-19,Krishnaraja Sagara,158.716,39.868
2010-09-20,Krishnaraja Sagara,135.128,39.813
2010-09-21,Krishnaraja Sagara,127.256,39.757
2010-09-22,Krishnaraja Sagara,178.255,39.701
2010-09-23,Krishnaraja Sagara,324.483,39.645
2010-09-24,Krishnaraja Sagara,300.102,39.59
2010-09-25,Krishnaraja Sagara,446.585,39.534
2010-09-26,Krishnaraja Sagara,346.343,39.478
2010-09-27,Krishnaraja Sagara,265.159,39.422
2010-09-28,Krishnaraja Sagara,241.713,39.367
2010-09-29,Krishnaraja Sagara,252.303,39.311
2010-09-30,Krishnaraja Sagara,168.4,39.255
2010-10-01,Krishnaraja Sagara,147.446,39.199
2010-10-02,Krishnaraja Sagara,133.316,39.285
2010-10-03,Krishnaraja Sagara,187.854,39.37
2010-10-04,Krishnaraja Sagara,318.253,39.455
2010-10-05,Krishnaraja Sagara,325.106,39.541
2010-10-06,Krishnaraja Sagara,301.688,39.626
2010-10-07,Krishnaraja Sagara,326.691,39.711
2010-10-08,Krishnaraja Sagara,277.194,39.797
2010-10-09,Krishnaraja Sagara,209.516,39.882
2010-10-10,Krishnaraja Sagara,244.573,39.967
2010-10-11,Krishnaraja Sagara,288.124,40.053
2010-10-12,Krishnaraja Sagara,177.49,40.138
2010-10-13,Krishnaraja Sagara,129.266,40.223
2010-10-14,Krishnaraja Sagara,153.987,40.188
2010-10-15,Krishnaraja Sagara,190.233,40.153
2010-10-16,Krishnaraja Sagara,252.246,40.117
2010-10-17,Krishnaraja Sagara,295.798,40.082
2010-10-18,Krishnaraja Sagara,260.628,40.047
2010-10-19,Krishnaraja Sagara,216.765,40.012
2010-10-20,Krishnaraja Sagara,180.18,39.976
2010-10-21,Krishnaraja Sagara,143.595,39.941
2010-10-22,Krishnaraja Sagara,152.741,39.906
2010-10-23,Krishnaraja Sagara,157.3,39.87
2010-10-24,Krishnaraja Sagara,212.206,39.835
2010-10-25,Krishnaraja Sagara,221.353,39.8
2010-10-26,Krishnaraja Sagara,175.621,39.764
2010-10-27,Krishnaraja Sagara,171.034,39.729
2010-10-28,Krishnaraja Sagara,540.597,39.694
2010-10-29,Krishnaraja Sagara,595.985,39.658
2010-10-30,Krishnaraja Sagara,338.641,39.623
2010-10-31,Krishnaraja Sagara,301.036,39.588
2010-11-01,Krishnaraja Sagara,285.49,39.552
2010-11-02,Krishnaraja Sagara,247.772,39.607
2010-11-03,Krishnaraja Sagara,431.039,39.661
2010-11-04,Krishnaraja Sagara,603.375,39.715
2010-11-05,Krishnaraja Sagara,479.064,39.769
2010-11-06,Krishnaraja Sagara,663.52,39.823
2010-11-07,Krishnaraja Sagara,902.684,39.878
2010-11-08,Krishnaraja Sagara,549.375,39.932
2010-11-09,Krishnaraja Sagara,522.304,39.986
2010-11-10,Krishnaraja Sagara,516.698,40.04
2010-11-11,Krishnaraja Sagara,536.151,40.095
2010-11-12,Krishnaraja Sagara,493.619,40.149
2010-11-13,Krishnaraja Sagara,846.73,40.203
2010-11-14,Krishnaraja Sagara,534.537,40.147
2010-11-15,Krishnaraja Sagara,339.349,40.091
2010-11-16,Krishnaraja Sagara,335.441,40.036
2010-11-17,Krishnaraja Sagara,303.755,39.98
2010-11-18,Krishnaraja Sagara,336.093,39.924
2010-11-19,Krishnaraja Sagara,380.125,39.868
2010-11-20,Krishnaraja Sagara,448.511,39.813
2010-11-21,Krishnaraja Sagara,369.761,39.757
2010-11-22,Krishnaraja Sagara,336.744,39.701
2010-11-23,Krishnaraja Sagara,300.272,39.645
2010-11-24,Krishnaraja Sagara,358.718,39.59
2010-11-25,Krishnaraja Sagara,406.941,39.534
2010-11-26,Krishnaraja Sagara,344.984,39.478
2010-11-27,Krishnaraja Sagara,296.987,39.422
2010-11-28,Krishnaraja Sagara,283.027,39.367
2010-11-29,Krishnaraja Sagara,283.027,39.311
2010-11-30,Krishnaraja Sagara,283.027,39.255
2010-12-01,Krishnaraja Sagara,264.649,39.199
2010-12-02,Krishnaraja Sagara,188.873,39.279
2010-12-03,Krishnaraja Sagara,202.522,39.358
2010-12-04,Krishnaraja Sagara,188.703,39.438
2010-12-05,Krishnaraja Sagara,188.534,39.517
2010-12-06,Krishnaraja Sagara,188.392,39.597
2010-12-07,Krishnaraja Sagara,179.161,39.676
2010-12-08,Krishnaraja Sagara,192.724,39.755
2010-12-09,Krishnaraja Sagara,192.583,39.835
2010-12-10,Krishnaraja Sagara,166.645,39.914
2010-12-11,Krishnaraja Sagara,145.35,39.994
2010-12-12,Krishnaraja Sagara,131.617,40.073
2010-12-13,Krishnaraja Sagara,131.588,40.153
2010-12-14,Krishnaraja Sagara,131.843,40.047
2010-12-15,Krishnaraja Sagara,149.994,39.941
2010-12-16,Krishnaraja Sagara,141.018,39.835
2010-12-17,Krishnaraja Sagara,132.041,39.729
2010-12-18,Krishnaraja Sagara,132.041,39.623
2010-12-19,Krishnaraja Sagara,136.516,39.517
2010-12-20,Krishnaraja Sagara,113.664,39.411
2010-12-21,Krishnaraja Sagara,105.169,39.305
2010-12-22,Krishnaraja Sagara,122.669,39.199
2010-12-23,Krishnaraja Sagara,103.583,39.093
2010-12-24,Krishnaraja Sagara,108.057,38.987
2010-12-25,Krishnaraja Sagara,103.555,38.881
2010-12-26,Krishnaraja Sagara,99.081,38.776
2010-12-27,Krishnaraja Sagara,80.703,38.67
2010-12-28,Krishnaraja Sagara,98.514,38.564
2010-12-29,Krishnaraja Sagara,96.645,38.458
2010-12-30,Krishnaraja Sagara,107.689,38.352
2010-12-31,Krishnaraja Sagara,103.3,38.246
2011-01-01,Krishnaraja Sagara,57.455,38.14
2011-01-02,Krishnaraja Sagara,87.329,34.665
2011-01-03,Krishnaraja Sagara,78.608,31.19
2011-01-04,Krishnaraja Sagara,65.44,27.715
2011-01-05,Krishnaraja Sagara,52.301,24.24
2011-01-06,Krishnaraja Sagara,61.051,20.765
2011-01-07,Krishnaraja Sagara,52.301,24.932
2011-01-08,Krishnaraja Sagara,56.69,29.099
2011-01-09,Krishnaraja Sagara,43.523,33.266
2011-01-10,Krishnaraja Sagara,39.134,37.434
2011-01-11,Krishnaraja Sagara,34.773,39.552
2011-01-12,Krishnaraja Sagara,47.912,37.08
2011-01-13,Krishnaraja Sagara,43.325,37.133
2011-01-14,Krishnaraja Sagara,47.204,37.186
2011-01-15,Krishnaraja Sagara,33.527,37.239
2011-01-16,Krishnaraja Sagara,46.751,37.292
2011-01-17,Krishnaraja Sagara,59.55,37.345
2011-01-18,Krishnaraja Sagara,76.286,37.398
2011-01-19,Krishnaraja Sagara,62.439,37.451
2011-01-20,Krishnaraja Sagara,66.573,37.504
2011-01-21,Krishnaraja Sagara,66.46,37.557
2011-01-22,Krishnaraja Sagara,62.609,37.61
2011-01-23,Krishnaraja Sagara,62.155,37.663
2011-01-24,Krishnaraja Sagara,69.518,37.716
2011-01-25,Krishnaraja Sagara,48.393,37.769
2011-01-26,Krishnaraja Sagara,48.677,37.822
2011-01-27,Krishnaraja Sagara,53.066,37.875
2011-01-28,Krishnaraja Sagara,60.853,37.928
2011-01-29,Krishnaraja Sagara,47.629,37.981
2011-01-30,Krishnaraja Sagara,55.444,38.034
2011-01-31,Krishnaraja Sagara,64.477,38.087
2011-02-01,Krishnaraja Sagara,56.266,38.14
2011-02-02,Krishnaraja Sagara,24.692,34.665
2011-02-03,Krishnaraja Sagara,14.158,31.19
2011-02-04,Krishnaraja Sagara,19.907,27.715
2011-02-05,Krishnaraja Sagara,16.141,24.24
2011-02-06,Krishnaraja Sagara,12.233,20.765
2011-02-07,Krishnaraja Sagara,16.141,24.932
2011-02-08,Krishnaraja Sagara,10.93,29.099
2011-02-09,Krishnaraja Sagara,12.516,33.266
2011-02-10,Krishnaraja Sagara,12.516,37.434
2011-02-11,Krishnaraja Sagara,8.127,39.552
2011-02-12,Krishnaraja Sagara,7.702,36.727
2011-02-13,Krishnaraja Sagara,8.608,36.81
2011-02-14,Krishnaraja Sagara,11.1,36.893
2011-02-15,Krishnaraja Sagara,14.272,36.977
2011-02-16,Krishnaraja Sagara,17.585,37.06
2011-02-17,Krishnaraja Sagara,9.345,37.143
2011-02-18,Krishnaraja Sagara,12.403,37.226
2011-02-19,Krishnaraja Sagara,8.353,37.309
2011-02-20,Krishnaraja Sagara,9.684,37.392
2011-02-21,Krishnaraja Sagara,7.476,37.475
2011-02-22,Krishnaraja Sagara,7.759,37.558
2011-02-23,Krishnaraja Sagara,14.781,37.641
2011-02-24,Krishnaraja Sagara,51.622,37.724
2011-02-25,Krishnaraja Sagara,45.222,37.807
2011-02-26,Krishnaraja Sagara,52.075,37.891
2011-02-27,Krishnaraja Sagara,44.571,37.974
2011-02-28,Krishnaraja Sagara,33.612,38.057
2011-03-01,Krishnaraja Sagara,17.981,38.14
2011-03-02,Krishnaraja Sagara,14.158,34.608
2011-03-03,Krishnaraja Sagara,14.158,31.077
2011-03-04,Krishnaraja Sagara,15.999,27.545
2011-03-05,Krishnaraja Sagara,41.966,24.014
2011-03-06,Krishnaraja Sagara,39.955,20.483
2011-03-07,Krishnaraja Sagara,30.299,24.72
2011-03-08,Krishnaraja Sagara,26.901,28.958
2011-03-09,Krishnaraja Sagara,33.725,33.196
2011-03-10,Krishnaraja Sagara,33.725,37.434
2011-03-11,Krishnaraja Sagara,35.113,39.906
2011-03-12,Krishnaraja Sagara,31.715,36.727
2011-03-13,Krishnaraja Sagara,28.798,36.816
2011-03-14,Krishnaraja Sagara,16.395,36.904
2011-03-15,Krishnaraja Sagara,7.362,36.992
2011-03-16,Krishnaraja Sagara,7.419,37.08
2011-03-17,Krishnaraja Sagara,7.646,37.169
2011-03-18,Krishnaraja Sagara,7.192,37.257
2011-03-19,Krishnaraja Sagara,29.11,37.345
2011-03-20,Krishnaraja Sagara,22.314,37.434
2011-03-21,Krishnaraja Sagara,5.805,37.522
2011-03-22,Krishnaraja Sagara,18.151,37.61
2011-03-23,Krishnaraja Sagara,18.066,37.698
2011-03-24,Krishnaraja Sagara,11.525,37.787
2011-03-25,Krishnaraja Sagara,25.542,37.875
2011-03-26,Krishnaraja Sagara,22.71,37.963
2011-03-27,Krishnaraja Sagara,31.828,38.052
2011-03-28,Krishnaraja Sagara,28.912,38.14
2011-03-29,Krishnaraja Sagara,33.414,38.228
2011-03-30,Krishnaraja Sagara,17.698,38.316
2011-03-31,Krishnaraja Sagara,17.358,38.405
2011-04-01,Krishnaraja Sagara,16.622,38.493
2011-04-02,Krishnaraja Sagara,17.896,34.877
2011-04-03,Krishnaraja Sagara,9.345,31.261
2011-04-04,Krishnaraja Sagara,5.493,27.644
2011-04-05,Krishnaraja Sagara,5.352,24.028
2011-04-06,Krishnaraja Sagara,4.248,20.412
2011-04-07,Krishnaraja Sagara,4.87,24.579
2011-04-08,Krishnaraja Sagara,8.127,28.746
2011-04-09,Krishnaraja Sagara,15.489,32.913
2011-04-10,Krishnaraja Sagara,17.868,37.08
2011-04-11,Krishnaraja Sagara,20.53,40.965
2011-04-12,Krishnaraja Sagara,23.276,36.727
2011-04-13,Krishnaraja Sagara,23.276,36.82
2011-04-14,Krishnaraja Sagara,31.46,36.913
2011-04-15,Krishnaraja Sagara,34.178,37.006
2011-04-16,Krishnaraja Sagara,36.925,37.099
2011-04-17,Krishnaraja Sagara,47.884,37.192
2011-04-18,Krishnaraja Sagara,53.377,37.285
2011-04-19,Krishnaraja Sagara,43.325,37.378
2011-04-20,Krishnaraja Sagara,26.703,37.471
2011-04-21,Krishnaraja Sagara,33.584,37.564
2011-04-22,Krishnaraja Sagara,78.919,37.657
2011-04-23,Krishnaraja Sagara,133.117,37.75
2011-04-24,Krishnaraja Sagara,101.544,37.842
2011-04-25,Krishnaraja Sagara,117.402,37.935
2011-04-26,Krishnaraja Sagara,79.344,38.028
2011-04-27,Krishnaraja Sagara,52.103,38.121
2011-04-28,Krishnaraja Sagara,52.103,38.214
2011-04-29,Krishnaraja Sagara,46.638,38.307
2011-04-30,Krishnaraja Sagara,43.919,38.4
2011-05-01,Krishnaraja Sagara,48.677,38.493
2011-05-02,Krishnaraja Sagara,51.395,34.82
2011-05-03,Krishnaraja Sagara,59.805,31.148
2011-05-04,Krishnaraja Sagara,53.632,27.475
2011-05-05,Krishnaraja Sagara,50.489,23.802
2011-05-06,Krishnaraja Sagara,43.212,20.129
2011-05-07,Krishnaraja Sagara,24.636,24.367
2011-05-08,Krishnaraja Sagara,15.688,28.605
2011-05-09,Krishnaraja Sagara,8.58,32.843
2011-05-10,Krishnaraja Sagara,8.835,37.08
2011-05-11,Krishnaraja Sagara,7.532,40.965
2011-05-12,Krishnaraja Sagara,8.722,36.374
2011-05-13,Krishnaraja Sagara,5.295,36.48
2011-05-14,Krishnaraja Sagara,4.417,36.586
2011-05-15,Krishnaraja Sagara,12.997,36.692
2011-05-16,Krishnaraja Sagara,9.854,36.798
2011-05-17,Krishnaraja Sagara,17.84,36.904
2011-05-18,Krishnaraja Sagara,16.99,37.01
2011-05-19,Krishnaraja Sagara,18.038,37.116
2011-05-20,Krishnaraja Sagara,84.016,37.222
2011-05-21,Krishnaraja Sagara,60.825,37.328
2011-05-22,Krishnaraja Sagara,34.433,37.434
2011-05-23,Krishnaraja Sagara,28.373,37.539
2011-05-24,Krishnaraja Sagara,23.871,37.645
2011-05-25,Krishnaraja Sagara,20.02,37.751
2011-05-26,Krishnaraja Sagara,34.688,37.857
2011-05-27,Krishnaraja Sagara,33.584,37.963
2011-05-28,Krishnaraja Sagara,56.662,38.069
2011-05-29,Krishnaraja Sagara,50.291,38.175
2011-05-30,Krishnaraja Sagara,46.355,38.281
2011-05-31,Krishnaraja Sagara,31.885,38.387
2011-06-01,Krishnaraja Sagara,36.982,38.493
2011-06-02,Krishnaraja Sagara,32.932,38.297
2011-06-03,Krishnaraja Sagara,29.166,38.101
2011-06-04,Krishnaraja Sagara,50.942,37.904
2011-06-05,Krishnaraja Sagara,46.779,37.708
2011-06-06,Krishnaraja Sagara,46.808,37.512
2011-06-07,Krishnaraja Sagara,72.038,37.316
2011-06-08,Krishnaraja Sagara,123.716,37.12
2011-06-09,Krishnaraja Sagara,114.853,36.923
2011-06-10,Krishnaraja Sagara,93.332,36.727
2011-06-11,Krishnaraja Sagara,89.056,40.965
2011-06-12,Krishnaraja Sagara,88.972,36.374
2011-06-13,Krishnaraja Sagara,106.783,36.486
2011-06-14,Krishnaraja Sagara,159.452,36.597
2011-06-15,Krishnaraja Sagara,156.422,36.709
2011-06-16,Krishnaraja Sagara,204.759,36.82
2011-06-17,Krishnaraja Sagara,206.175,36.932
2011-06-18,Krishnaraja Sagara,188.562,37.043
2011-06-19,Krishnaraja Sagara,211.244,37.155
2011-06-20,Krishnaraja Sagara,384.401,37.266
2011-06-21,Krishnaraja Sagara,289.115,37.378
2011-06-22,Krishnaraja Sagara,186.976,37.489
2011-06-23,Krishnaraja Sagara,116.835,37.601
2011-06-24,Krishnaraja Sagara,84.866,37.712
2011-06-25,Krishnaraja Sagara,93.87,37.824
2011-06-26,Krishnaraja Sagara,115.023,37.935
2011-06-27,Krishnaraja Sagara,205.184,38.047
2011-06-28,Krishnaraja Sagara,325.162,38.158
2011-06-29,Krishnaraja Sagara,381.739,38.27
2011-06-30,Krishnaraja Sagara,357.047,38.381
2011-07-01,Krishnaraja Sagara,215.236,38.493
2011-07-02,Krishnaraja Sagara,154.695,38.258
2011-07-03,Krishnaraja Sagara,120.007,38.022
2011-07-04,Krishnaraja Sagara,149.315,37.787
2011-07-05,Krishnaraja Sagara,158.404,37.551
2011-07-06,Krishnaraja Sagara,126.406,37.316
2011-07-07,Krishnaraja Sagara,123.688,37.08
2011-07-08,Krishnaraja Sagara,155.714,36.845
2011-07-09,Krishnaraja Sagara,174.432,36.61
2011-07-10,Krishnaraja Sagara,161.123,36.374
2011-07-11,Krishnaraja Sagara,147.814,40.965
2011-07-12,Krishnaraja Sagara,122.074,36.021
2011-07-13,Krishnaraja Sagara,131.079,36.145
2011-07-14,Krishnaraja Sagara,122.555,36.268
2011-07-15,Krishnaraja Sagara,145.067,36.392
2011-07-16,Krishnaraja Sagara,281.498,36.515
2011-07-17,Krishnaraja Sagara,427.924,36.639
2011-07-18,Krishnaraja Sagara,558.267,36.763
2011-07-19,Krishnaraja Sagara,712.848,36.886
2011-07-20,Krishnaraja Sagara,749.32,37.01
2011-07-21,Krishnaraja Sagara,718.88,37.133
2011-07-22,Krishnaraja Sagara,549.857,37.257
2011-07-23,Krishnaraja Sagara,454.599,37.381
2011-07-24,Krishnaraja Sagara,421.864,37.504
2011-07-25,Krishnaraja Sagara,466.463,37.628
2011-07-26,Krishnaraja Sagara,593.408,37.751
2011-07-27,Krishnaraja Sagara,479.857,37.875
2011-07-28,Krishnaraja Sagara,310.919,37.999
2011-07-29,Krishnaraja Sagara,279.063,38.122
2011-07-30,Krishnaraja Sagara,298.629,38.246
2011-07-31,Krishnaraja Sagara,266.688,38.369
2011-08-01,Krishnaraja Sagara,243.185,38.493
2011-08-02,Krishnaraja Sagara,334.224,38.258
2011-08-03,Krishnaraja Sagara,276.174,38.022
2011-08-04,Krishnaraja Sagara,504.635,37.787
2011-08-05,Krishnaraja Sagara,639.479,37.551
2011-08-06,Krishnaraja Sagara,709.139,37.316
2011-08-07,Krishnaraja Sagara,900.023,37.08
2011-08-08,Krishnaraja Sagara,854.376,36.845
2011-08-09,Krishnaraja Sagara,767.981,36.61
2011-08-10,Krishnaraja Sagara,522.502,36.374
2011-08-11,Krishnaraja Sagara,445.481,40.965
2011-08-12,Krishnaraja Sagara,374.689,36.021
2011-08-13,Krishnaraja Sagara,325.984,36.145
2011-08-14,Krishnaraja Sagara,390.036,36.268
2011-08-15,Krishnaraja Sagara,405.695,36.392
2011-08-16,Krishnaraja Sagara,430.331,36.515
2011-08-17,Krishnaraja Sagara,339.151,36.639
2011-08-18,Krishnaraja Sagara,179.076,36.763
2011-08-19,Krishnaraja Sagara,156.054,36.886
2011-08-20,Krishnaraja Sagara,146.257,37.01
2011-08-21,Krishnaraja Sagara,128.077,37.133
2011-08-22,Krishnaraja Sagara,201.673,37.257
2011-08-23,Krishnaraja Sagara,277.788,37.381
2011-08-24,Krishnaraja Sagara,256.89,37.504
2011-08-25,Krishnaraja Sagara,282.461,37.628
2011-08-26,Krishnaraja Sagara,321.481,37.751
2011-08-27,Krishnaraja Sagara,299.026,37.875
2011-08-28,Krishnaraja Sagara,298.771,37.999
2011-08-29,Krishnaraja Sagara,316.554,38.122
2011-08-30,Krishnaraja Sagara,280.139,38.246
2011-08-31,Krishnaraja Sagara,378.596,38.369
2011-09-01,Krishnaraja Sagara,513.441,38.493
2011-09-02,Krishnaraja Sagara,663.634,38.74
2011-09-03,Krishnaraja Sagara,939.638,38.987
2011-09-04,Krishnaraja Sagara,1096.23,39.235
2011-09-05,Krishnaraja Sagara,1302.886,39.482
2011-09-06,Krishnaraja Sagara,1114.494,39.729
2011-09-07,Krishnaraja Sagara,878.332,39.976
2011-09-08,Krishnaraja Sagara,641.915,40.223
2011-09-09,Krishnaraja Sagara,506.73,40.471
2011-09-10,Krishnaraja Sagara,427.046,40.718
2011-09-11,Krishnaraja Sagara,399.324,40.965
2011-09-12,Krishnaraja Sagara,426.423,38.391
2011-09-13,Krishnaraja Sagara,453.749,35.817
2011-09-14,Krishnaraja Sagara,392.556,35.965
2011-09-15,Krishnaraja Sagara,365.401,36.114
2011-09-16,Krishnaraja Sagara,365.032,36.263
2011-09-17,Krishnaraja Sagara,436.702,36.411
2011-09-18,Krishnaraja Sagara,279.034,36.56
2011-09-19,Krishnaraja Sagara,225.317,36.709
2011-09-20,Krishnaraja Sagara,225.827,36.857
2011-09-21,Krishnaraja Sagara,221.296,37.006
2011-09-22,Krishnaraja Sagara,175.564,37.155
2011-09-23,Krishnaraja Sagara,157.866,37.303
2011-09-24,Krishnaraja Sagara,144.671,37.452
2011-09-25,Krishnaraja Sagara,135.694,37.601
2011-09-26,Krishnaraja Sagara,126.35,37.75
2011-09-27,Krishnaraja Sagara,102.79,37.898
2011-09-28,Krishnaraja Sagara,85.687,38.047
2011-09-29,Krishnaraja Sagara,63.854,38.196
2011-09-30,Krishnaraja Sagara,76.625,38.344
2011-10-01,Krishnaraja Sagara,75.549,38.493
2011-10-02,Krishnaraja Sagara,164.549,38.74
2011-10-03,Krishnaraja Sagara,203.995,38.987
2011-10-04,Krishnaraja Sagara,172.988,39.235
2011-10-05,Krishnaraja Sagara,133.74,39.482
2011-10-06,Krishnaraja Sagara,103.668,39.729
2011-10-07,Krishnaraja Sagara,101.289,39.976
2011-10-08,Krishnaraja Sagara,98.316,40.223
2011-10-09,Krishnaraja Sagara,102.535,40.471
2011-10-10,Krishnaraja Sagara,187.203,40.718
2011-10-11,Krishnaraja Sagara,216.596,40.965
2011-10-12,Krishnaraja Sagara,363.9,38.387
2011-10-13,Krishnaraja Sagara,459.413,35.809
2011-10-14,Krishnaraja Sagara,348.326,35.95
2011-10-15,Krishnaraja Sagara,292.032,36.092
2011-10-16,Krishnaraja Sagara,310.636,36.233
2011-10-17,Krishnaraja Sagara,288.775,36.374
2011-10-18,Krishnaraja Sagara,233.642,36.515
2011-10-19,Krishnaraja Sagara,180.265,36.657
2011-10-20,Krishnaraja Sagara,157.413,36.798
2011-10-21,Krishnaraja Sagara,192.271,36.939
2011-10-22,Krishnaraja Sagara,227.356,37.08
2011-10-23,Krishnaraja Sagara,179.161,37.222
2011-10-24,Krishnaraja Sagara,209.828,37.363
2011-10-25,Krishnaraja Sagara,344.163,37.504
2011-10-26,Krishnaraja Sagara,372.31,37.645
2011-10-27,Krishnaraja Sagara,301.121,37.787
2011-10-28,Krishnaraja Sagara,238.626,37.928
2011-10-29,Krishnaraja Sagara,184.881,38.069
2011-10-30,Krishnaraja Sagara,168.4,38.21
2011-10-31,Krishnaraja Sagara,177.377,38.352
2011-11-01,Krishnaraja Sagara,181.851,38.493
2011-11-02,Krishnaraja Sagara,180.492,38.74
2011-11-03,Krishnaraja Sagara,305.709,38.987
2011-11-04,Krishnaraja Sagara,576.503,39.235
2011-11-05,Krishnaraja Sagara,508.117,39.482
2011-11-06,Krishnaraja Sagara,330.203,39.729
2011-11-07,Krishnaraja Sagara,247.121,39.976
2011-11-08,Krishnaraja Sagara,188.392,40.223
2011-11-09,Krishnaraja Sagara,256.607,40.471
2011-11-10,Krishnaraja Sagara,242.109,40.718
2011-11-11,Krishnaraja Sagara,139.036,40.965
2011-11-12,Krishnaraja Sagara,129.889,38.391
2011-11-13,Krishnaraja Sagara,129.861,35.817
2011-11-14,Krishnaraja Sagara,129.861,35.965
2011-11-15,Krishnaraja Sagara,130.116,36.114
2011-11-16,Krishnaraja Sagara,126.746,36.263
2011-11-17,Krishnaraja Sagara,117.798,36.411
2011-11-18,Krishnaraja Sagara,117.402,36.56
2011-11-19,Krishnaraja Sagara,111.738,36.709
2011-11-20,Krishnaraja Sagara,111.738,36.857
2011-11-21,Krishnaraja Sagara,94.692,37.006
2011-11-22,Krishnaraja Sagara,107.689,37.155
2011-11-23,Krishnaraja Sagara,124.141,37.303
2011-11-24,Krishnaraja Sagara,110.634,37.452
2011-11-25,Krishnaraja Sagara,110.889,37.601
2011-11-26,Krishnaraja Sagara,106.953,37.75
2011-11-27,Krishnaraja Sagara,132.523,37.898
2011-11-28,Krishnaraja Sagara,162.539,38.047
2011-11-29,Krishnaraja Sagara,196.859,38.196
2011-11-30,Krishnaraja Sagara,231.15,38.344
2011-12-01,Krishnaraja Sagara,187.854,38.493
2011-12-02,Krishnaraja Sagara,149.683,34.667
2011-12-03,Krishnaraja Sagara,145.379,30.841
2011-12-04,Krishnaraja Sagara,145.096,27.016
2011-12-05,Krishnaraja Sagara,144.246,23.19
2011-12-06,Krishnaraja Sagara,139.942,19.364
2011-12-07,Krishnaraja Sagara,135.638,15.538
2011-12-08,Krishnaraja Sagara,126.775,20.009
2011-12-09,Krishnaraja Sagara,135.524,24.48
2011-12-10,Krishnaraja Sagara,131.305,28.951
2011-12-11,Krishnaraja Sagara,136.827,33.422
2011-12-12,Krishnaraja Sagara,136.827,37.893
2011-12-13,Krishnaraja Sagara,127.596,35.173
2011-12-14,Krishnaraja Sagara,139.857,35.032
2011-12-15,Krishnaraja Sagara,144.048,34.891
2011-12-16,Krishnaraja Sagara,139.857,34.75
2011-12-17,Krishnaraja Sagara,135.411,34.608
2011-12-18,Krishnaraja Sagara,127.369,34.467
2011-12-19,Krishnaraja Sagara,127.341,34.326
2011-12-20,Krishnaraja Sagara,126.916,34.185
2011-12-21,Krishnaraja Sagara,114.343,34.043
2011-12-22,Krishnaraja Sagara,113.579,33.902
2011-12-23,Krishnaraja Sagara,113.579,33.761
2011-12-24,Krishnaraja Sagara,140.735,33.62
2011-12-25,Krishnaraja Sagara,120.262,33.478
2011-12-26,Krishnaraja Sagara,116.411,33.337
2011-12-27,Krishnaraja Sagara,114.712,33.196
2011-12-28,Krishnaraja Sagara,118.704,33.055
2011-12-29,Krishnaraja Sagara,118.081,32.913
2011-12-30,Krishnaraja Sagara,109.813,32.772
2011-12-31,Krishnaraja Sagara,82.6,32.631
2012-01-01,Krishnaraja Sagara,139.432,32.489
2012-01-02,Krishnaraja Sagara,107.717,28.252
2012-01-03,Krishnaraja Sagara,144.104,23.779
2012-01-04,Krishnaraja Sagara,84.299,19.305
2012-01-05,Krishnaraja Sagara,80.307,14.832
2012-01-06,Krishnaraja Sagara,72.293,10.359
2012-01-07,Krishnaraja Sagara,80.335,5.886
2012-01-08,Krishnaraja Sagara,80.335,1.413
2012-01-09,Krishnaraja Sagara,68.782,5.458
2012-01-10,Krishnaraja Sagara,73.879,9.504
2012-01-11,Krishnaraja Sagara,69.773,13.55
2012-01-12,Krishnaraja Sagara,61.249,17.596
2012-01-13,Krishnaraja Sagara,54.17,15.062
2012-01-14,Krishnaraja Sagara,81.298,15.998
2012-01-15,Krishnaraja Sagara,73.624,16.933
2012-01-16,Krishnaraja Sagara,60.938,17.869
2012-01-17,Krishnaraja Sagara,56.294,18.805
2012-01-18,Krishnaraja Sagara,57.115,19.741
2012-01-19,Krishnaraja Sagara,85.262,20.677
2012-01-20,Krishnaraja Sagara,92.879,21.613
2012-01-21,Krishnaraja Sagara,47.034,22.548
2012-01-22,Krishnaraja Sagara,38.794,23.484
2012-01-23,Krishnaraja Sagara,44.174,24.42
2012-01-24,Krishnaraja Sagara,46.156,25.356
2012-01-25,Krishnaraja Sagara,46.27,26.292
2012-01-26,Krishnaraja Sagara,46.1,27.228
2012-01-27,Krishnaraja Sagara,43.268,28.163
2012-01-28,Krishnaraja Sagara,47.402,29.099
2012-01-29,Krishnaraja Sagara,46.949,30.035
2012-01-30,Krishnaraja Sagara,50.517,30.971
2012-01-31,Krishnaraja Sagara,50.97,31.907
2012-02-01,Krishnaraja Sagara,48.082,32.843
2012-02-02,Krishnaraja Sagara,43.778,28.252
2012-02-03,Krishnaraja Sagara,39.785,23.779
2012-02-04,Krishnaraja Sagara,50.602,19.305
2012-02-05,Krishnaraja Sagara,63.713,14.832
2012-02-06,Krishnaraja Sagara,48.563,10.359
2012-02-07,Krishnaraja Sagara,49.3,5.886
2012-02-08,Krishnaraja Sagara,58.446,1.413
2012-02-09,Krishnaraja Sagara,53.292,5.43
2012-02-10,Krishnaraja Sagara,30.072,9.447
2012-02-11,Krishnaraja Sagara,36.812,13.464
2012-02-12,Krishnaraja Sagara,32.819,17.481
2012-02-13,Krishnaraja Sagara,39.332,14.832
2012-02-14,Krishnaraja Sagara,39.134,15.892
2012-02-15,Krishnaraja Sagara,45.958,16.951
2012-02-16,Krishnaraja Sagara,38.794,18.01
2012-02-17,Krishnaraja Sagara,21.408,19.07
2012-02-18,Krishnaraja Sagara,44.089,20.129
2012-02-19,Krishnaraja Sagara,37.01,21.189
2012-02-20,Krishnaraja Sagara,24.154,22.248
2012-02-21,Krishnaraja Sagara,18.179,23.308
2012-02-22,Krishnaraja Sagara,16.027,24.367
2012-02-23,Krishnaraja Sagara,18.264,25.427
2012-02-24,Krishnaraja Sagara,18.179,26.486
2012-02-25,Krishnaraja Sagara,18.406,27.545
2012-02-26,Krishnaraja Sagara,20.36,28.605
2012-02-27,Krishnaraja Sagara,13.875,29.664
2012-02-28,Krishnaraja Sagara,27.949,30.724
2012-02-29,Krishnaraja Sagara,25.513,31.783
2012-03-01,Krishnaraja Sagara,25.315,32.843
2012-03-02,Krishnaraja Sagara,24.579,27.899
2012-03-03,Krishnaraja Sagara,24.806,23.025
2012-03-04,Krishnaraja Sagara,25.259,18.152
2012-03-05,Krishnaraja Sagara,15.065,13.278
2012-03-06,Krishnaraja Sagara,14.866,8.405
2012-03-07,Krishnaraja Sagara,23.107,3.531
2012-03-08,Krishnaraja Sagara,20.388,1.766
2012-03-09,Krishnaraja Sagara,18.576,5.686
2012-03-10,Krishnaraja Sagara,35.651,9.606
2012-03-11,Krishnaraja Sagara,33.697,13.526
2012-03-12,Krishnaraja Sagara,33.612,17.445
2012-03-13,Krishnaraja Sagara,38.171,14.408
2012-03-14,Krishnaraja Sagara,20.275,15.397
2012-03-15,Krishnaraja Sagara,20.275,16.386
2012-03-16,Krishnaraja Sagara,17.443,17.375
2012-03-17,Krishnaraja Sagara,23.333,18.364
2012-03-18,Krishnaraja Sagara,17.84,19.352
2012-03-19,Krishnaraja Sagara,20.558,20.341
2012-03-20,Krishnaraja Sagara,23.305,21.33
2012-03-21,Krishnaraja Sagara,20.558,22.319
2012-03-22,Krishnaraja Sagara,22.399,23.308
2012-03-23,Krishnaraja Sagara,10.845,24.296
2012-03-24,Krishnaraja Sagara,12.006,25.285
2012-03-25,Krishnaraja Sagara,7.929,26.274
2012-03-26,Krishnaraja Sagara,9.798,27.263
2012-03-27,Krishnaraja Sagara,8.325,28.252
2012-03-28,Krishnaraja Sagara,7.957,29.241
2012-03-29,Krishnaraja Sagara,13.989,30.229
2012-03-30,Krishnaraja Sagara,18.717,31.218
2012-03-31,Krishnaraja Sagara,11.978,32.207
2012-04-01,Krishnaraja Sagara,7.447,33.196
2012-04-02,Krishnaraja Sagara,9.628,28.291
2012-04-03,Krishnaraja Sagara,15.348,23.386
2012-04-04,Krishnaraja Sagara,15.744,18.481
2012-04-05,Krishnaraja Sagara,13.677,13.577
2012-04-06,Krishnaraja Sagara,14.187,8.672
2012-04-07,Krishnaraja Sagara,8.325,3.767
2012-04-08,Krishnaraja Sagara,10.222,2.119
2012-04-09,Krishnaraja Sagara,13.309,5.959
2012-04-10,Krishnaraja Sagara,18.066,9.8
2012-04-11,Krishnaraja Sagara,21.776,13.64
2012-04-12,Krishnaraja Sagara,20.02,17.481
2012-04-13,Krishnaraja Sagara,19.992,14.126
2012-04-14,Krishnaraja Sagara,24.069,15.185
2012-04-15,Krishnaraja Sagara,22.512,16.245
2012-04-16,Krishnaraja Sagara,25.91,17.304
2012-04-17,Krishnaraja Sagara,26.703,18.364
2012-04-18,Krishnaraja Sagara,27.637,19.423
2012-04-19,Krishnaraja Sagara,27.382,20.483
2012-04-20,Krishnaraja Sagara,27.241,21.542
2012-04-21,Krishnaraja Sagara,30.752,22.601
2012-04-22,Krishnaraja Sagara,27.099,23.661
2012-04-23,Krishnaraja Sagara,25.23,24.72
2012-04-24,Krishnaraja Sagara,25.202,25.78
2012-04-25,Krishnaraja Sagara,27.071,26.839
2012-04-26,Krishnaraja Sagara,48.988,27.899
2012-04-27,Krishnaraja Sagara,64.223,28.958
2012-04-28,Krishnaraja Sagara,62.099,30.017
2012-04-29,Krishnaraja Sagara,60.683,31.077
2012-04-30,Krishnaraja Sagara,51.367,32.136
2012-05-01,Krishnaraja Sagara,46.128,33.196
2012-05-02,Krishnaraja Sagara,38.652,28.756
2012-05-03,Krishnaraja Sagara,42.39,24.317
2012-05-04,Krishnaraja Sagara,39.474,19.877
2012-05-05,Krishnaraja Sagara,36.925,15.438
2012-05-06,Krishnaraja Sagara,35.141,10.998
2012-05-07,Krishnaraja Sagara,25.995,6.558
2012-05-08,Krishnaraja Sagara,20.048,2.119
2012-05-09,Krishnaraja Sagara,15.829,5.953
2012-05-10,Krishnaraja Sagara,10.222,9.787
2012-05-11,Krishnaraja Sagara,12.318,13.62
2012-05-12,Krishnaraja Sagara,22.937,17.454
2012-05-13,Krishnaraja Sagara,25.542,14.073
2012-05-14,Krishnaraja Sagara,35.0,15.079
2012-05-15,Krishnaraja Sagara,36.302,16.086
2012-05-16,Krishnaraja Sagara,38.766,17.092
2012-05-17,Krishnaraja Sagara,24.381,18.099
2012-05-18,Krishnaraja Sagara,10.506,19.105
2012-05-19,Krishnaraja Sagara,18.066,20.112
2012-05-20,Krishnaraja Sagara,15.036,21.118
2012-05-21,Krishnaraja Sagara,8.495,22.125
2012-05-22,Krishnaraja Sagara,8.665,23.131
2012-05-23,Krishnaraja Sagara,9.316,24.138
2012-05-24,Krishnaraja Sagara,8.467,25.144
2012-05-25,Krishnaraja Sagara,6.116,26.151
2012-05-26,Krishnaraja Sagara,10.307,27.157
2012-05-27,Krishnaraja Sagara,10.392,28.163
2012-05-28,Krishnaraja Sagara,10.591,29.17
2012-05-29,Krishnaraja Sagara,8.693,30.176
2012-05-30,Krishnaraja Sagara,9.543,31.183
2012-05-31,Krishnaraja Sagara,9.996,32.189
2012-06-01,Krishnaraja Sagara,11.383,33.196
2012-06-02,Krishnaraja Sagara,11.298,28.756
2012-06-03,Krishnaraja Sagara,7.674,24.317
2012-06-04,Krishnaraja Sagara,8.807,19.877
2012-06-05,Krishnaraja Sagara,6.57,15.438
2012-06-06,Krishnaraja Sagara,7.674,10.998
2012-06-07,Krishnaraja Sagara,8.807,6.558
2012-06-08,Krishnaraja Sagara,9.939,2.119
2012-06-09,Krishnaraja Sagara,8.382,5.962
2012-06-10,Krishnaraja Sagara,7.674,9.804
2012-06-11,Krishnaraja Sagara,8.807,13.647
2012-06-12,Krishnaraja Sagara,8.807,17.49
2012-06-13,Krishnaraja Sagara,9.939,13.791
2012-06-14,Krishnaraja Sagara,8.807,14.869
2012-06-15,Krishnaraja Sagara,8.807,15.947
2012-06-16,Krishnaraja Sagara,7.504,17.025
2012-06-17,Krishnaraja Sagara,8.693,18.103
2012-06-18,Krishnaraja Sagara,12.091,19.181
2012-06-19,Krishnaraja Sagara,13.224,20.259
2012-06-20,Krishnaraja Sagara,14.357,21.337
2012-06-21,Krishnaraja Sagara,17.783,22.416
2012-06-22,Krishnaraja Sagara,24.579,23.494
2012-06-23,Krishnaraja Sagara,35.877,24.572
2012-06-24,Krishnaraja Sagara,36.953,25.65
2012-06-25,Krishnaraja Sagara,43.098,26.728
2012-06-26,Krishnaraja Sagara,48.932,27.806
2012-06-27,Krishnaraja Sagara,49.781,28.884
2012-06-28,Krishnaraja Sagara,50.404,29.962
2012-06-29,Krishnaraja Sagara,62.524,31.04
2012-06-30,Krishnaraja Sagara,64.421,32.118
2012-07-01,Krishnaraja Sagara,37.067,33.196
2012-07-02,Krishnaraja Sagara,21.351,28.857
2012-07-03,Krishnaraja Sagara,30.837,24.518
2012-07-04,Krishnaraja Sagara,77.107,20.18
2012-07-05,Krishnaraja Sagara,311.004,15.841
2012-07-06,Krishnaraja Sagara,331.534,11.502
2012-07-07,Krishnaraja Sagara,261.364,7.164
2012-07-08,Krishnaraja Sagara,118.619,2.825
2012-07-09,Krishnaraja Sagara,77.305,6.445
2012-07-10,Krishnaraja Sagara,49.668,10.065
2012-07-11,Krishnaraja Sagara,50.404,13.684
2012-07-12,Krishnaraja Sagara,43.098,17.304
2012-07-13,Krishnaraja Sagara,48.648,13.42
2012-07-14,Krishnaraja Sagara,55.303,14.479
2012-07-15,Krishnaraja Sagara,56.096,15.538
2012-07-16,Krishnaraja Sagara,56.096,16.598
2012-07-17,Krishnaraja Sagara,56.067,17.657
2012-07-18,Krishnaraja Sagara,58.644,18.717
2012-07-19,Krishnaraja Sagara,63.798,19.776
2012-07-20,Krishnaraja Sagara,63.741,20.836
2012-07-21,Krishnaraja Sagara,61.533,21.895
2012-07-22,Krishnaraja Sagara,55.274,22.955
2012-07-23,Krishnaraja Sagara,60.287,24.014
2012-07-24,Krishnaraja Sagara,66.516,25.073
2012-07-25,Krishnaraja Sagara,72.746,26.133
2012-07-26,Krishnaraja Sagara,87.188,27.192
2012-07-27,Krishnaraja Sagara,86.451,28.252
2012-07-28,Krishnaraja Sagara,87.697,29.311
2012-07-29,Krishnaraja Sagara,116.439,30.371
2012-07-30,Krishnaraja Sagara,154.044,31.43
2012-07-31,Krishnaraja Sagara,116.524,32.489
2012-08-01,Krishnaraja Sagara,112.899,33.549
2012-08-02,Krishnaraja Sagara,88.122,29.563
2012-08-03,Krishnaraja Sagara,91.039,25.578
2012-08-04,Krishnaraja Sagara,70.679,21.592
2012-08-05,Krishnaraja Sagara,51.197,17.607
2012-08-06,Krishnaraja Sagara,52.641,13.621
2012-08-07,Krishnaraja Sagara,236.672,9.636
2012-08-08,Krishnaraja Sagara,877.737,5.65
2012-08-09,Krishnaraja Sagara,823.482,8.396
2012-08-10,Krishnaraja Sagara,607.0,11.142
2012-08-11,Krishnaraja Sagara,594.512,13.887
2012-08-12,Krishnaraja Sagara,446.358,16.633
2012-08-13,Krishnaraja Sagara,392.811,12.078
2012-08-14,Krishnaraja Sagara,431.889,13.208
2012-08-15,Krishnaraja Sagara,297.44,14.338
2012-08-16,Krishnaraja Sagara,188.647,15.468
2012-08-17,Krishnaraja Sagara,156.054,16.598
2012-08-18,Krishnaraja Sagara,110.577,17.728
2012-08-19,Krishnaraja Sagara,90.217,18.858
2012-08-20,Krishnaraja Sagara,100.525,19.988
2012-08-21,Krishnaraja Sagara,94.89,21.118
2012-08-22,Krishnaraja Sagara,80.986,22.248
2012-08-23,Krishnaraja Sagara,48.025,23.378
2012-08-24,Krishnaraja Sagara,75.408,24.508
2012-08-25,Krishnaraja Sagara,86.027,25.638
2012-08-26,Krishnaraja Sagara,85.602,26.769
2012-08-27,Krishnaraja Sagara,103.951,27.899
2012-08-28,Krishnaraja Sagara,186.636,29.029
2012-08-29,Krishnaraja Sagara,192.186,30.159
2012-08-30,Krishnaraja Sagara,189.723,31.289
2012-08-31,Krishnaraja Sagara,344.814,32.419
2012-09-01,Krishnaraja Sagara,419.854,33.549
2012-09-02,Krishnaraja Sagara,395.105,29.702
2012-09-03,Krishnaraja Sagara,398.871,25.855
2012-09-04,Krishnaraja Sagara,402.326,22.009
2012-09-05,Krishnaraja Sagara,474.024,18.162
2012-09-06,Krishnaraja Sagara,466.803,14.315
2012-09-07,Krishnaraja Sagara,365.287,10.468
2012-09-08,Krishnaraja Sagara,301.235,6.622
2012-09-09,Krishnaraja Sagara,270.992,11.477
2012-09-10,Krishnaraja Sagara,255.22,16.333
2012-09-11,Krishnaraja Sagara,240.778,21.189
2012-09-12,Krishnaraja Sagara,249.755,18.252
2012-09-13,Krishnaraja Sagara,223.731,15.315
2012-09-14,Krishnaraja Sagara,217.445,12.379
2012-09-15,Krishnaraja Sagara,194.112,13.624
2012-09-16,Krishnaraja Sagara,184.144,14.869
2012-09-17,Krishnaraja Sagara,174.092,16.115
2012-09-18,Krishnaraja Sagara,167.409,17.36
2012-09-19,Krishnaraja Sagara,167.381,18.605
2012-09-20,Krishnaraja Sagara,156.422,19.851
2012-09-21,Krishnaraja Sagara,165.285,21.096
2012-09-22,Krishnaraja Sagara,131.957,22.341
2012-09-23,Krishnaraja Sagara,128.558,23.586
2012-09-24,Krishnaraja Sagara,105.112,24.832
2012-09-25,Krishnaraja Sagara,95.031,26.077
2012-09-26,Krishnaraja Sagara,99.166,27.322
2012-09-27,Krishnaraja Sagara,95.654,28.568
2012-09-28,Krishnaraja Sagara,121.621,29.813
2012-09-29,Krishnaraja Sagara,160.698,31.058
2012-09-30,Krishnaraja Sagara,148.607,32.304
2012-10-01,Krishnaraja Sagara,158.206,33.549
2012-10-02,Krishnaraja Sagara,176.499,29.677
2012-10-03,Krishnaraja Sagara,161.038,25.805
2012-10-04,Krishnaraja Sagara,147.021,21.933
2012-10-05,Krishnaraja Sagara,138.554,18.061
2012-10-06,Krishnaraja Sagara,359.709,14.189
2012-10-07,Krishnaraja Sagara,163.728,10.317
2012-10-08,Krishnaraja Sagara,178.594,6.445
2012-10-09,Krishnaraja Sagara,156.366,11.124
2012-10-10,Krishnaraja Sagara,127.228,15.803
2012-10-11,Krishnaraja Sagara,95.796,20.483
2012-10-12,Krishnaraja Sagara,98.316,17.528
2012-10-13,Krishnaraja Sagara,87.046,14.573
2012-10-14,Krishnaraja Sagara,133.061,11.619
2012-10-15,Krishnaraja Sagara,249.528,12.837
2012-10-16,Krishnaraja Sagara,205.184,14.055
2012-10-17,Krishnaraja Sagara,215.123,15.274
2012-10-18,Krishnaraja Sagara,177.575,16.492
2012-10-19,Krishnaraja Sagara,117.6,17.71
2012-10-20,Krishnaraja Sagara,102.309,18.929
2012-10-21,Krishnaraja Sagara,117.911,20.147
2012-10-22,Krishnaraja Sagara,107.491,21.365
2012-10-23,Krishnaraja Sagara,98.203,22.584
2012-10-24,Krishnaraja Sagara,82.402,23.802
2012-10-25,Krishnaraja Sagara,86.366,25.02
2012-10-26,Krishnaraja Sagara,74.134,26.239
2012-10-27,Krishnaraja Sagara,66.714,27.457
2012-10-28,Krishnaraja Sagara,40.267,28.676
2012-10-29,Krishnaraja Sagara,53.689,29.894
2012-10-30,Krishnaraja Sagara,43.013,31.112
2012-10-31,Krishnaraja Sagara,40.946,32.331
2012-11-01,Krishnaraja Sagara,102.507,33.549
2012-11-02,Krishnaraja Sagara,154.667,29.639
2012-11-03,Krishnaraja Sagara,181.03,25.729
2012-11-04,Krishnaraja Sagara,161.293,21.819
2012-11-05,Krishnaraja Sagara,139.659,17.91
2012-11-06,Krishnaraja Sagara,135.581,14.0
2012-11-07,Krishnaraja Sagara,153.817,10.09
2012-11-08,Krishnaraja Sagara,116.552,6.18
2012-11-09,Krishnaraja Sagara,86.366,10.948
2012-11-10,Krishnaraja Sagara,68.923,15.715
2012-11-11,Krishnaraja Sagara,69.206,20.483
2012-11-12,Krishnaraja Sagara,67.536,17.465
2012-11-13,Krishnaraja Sagara,64.393,14.448
2012-11-14,Krishnaraja Sagara,70.226,11.431
2012-11-15,Krishnaraja Sagara,65.185,12.732
2012-11-16,Krishnaraja Sagara,39.304,14.033
2012-11-17,Krishnaraja Sagara,36.161,15.334
2012-11-18,Krishnaraja Sagara,38.398,16.635
2012-11-19,Krishnaraja Sagara,32.791,17.936
2012-11-20,Krishnaraja Sagara,31.007,19.237
2012-11-21,Krishnaraja Sagara,29.733,20.538
2012-11-22,Krishnaraja Sagara,24.296,21.839
2012-11-23,Krishnaraja Sagara,32.366,23.14
2012-11-24,Krishnaraja Sagara,32.338,24.441
2012-11-25,Krishnaraja Sagara,37.208,25.743
2012-11-26,Krishnaraja Sagara,51.084,27.044
2012-11-27,Krishnaraja Sagara,69.603,28.345
2012-11-28,Krishnaraja Sagara,71.5,29.646
2012-11-29,Krishnaraja Sagara,63.656,30.947
2012-11-30,Krishnaraja Sagara,53.207,32.248
2012-12-01,Krishnaraja Sagara,57.766,33.549
2012-12-02,Krishnaraja Sagara,50.262,29.626
2012-12-03,Krishnaraja Sagara,38.766,25.704
2012-12-04,Krishnaraja Sagara,42.758,21.782
2012-12-05,Krishnaraja Sagara,69.886,17.859
2012-12-06,Krishnaraja Sagara,78.721,13.937
2012-12-07,Krishnaraja Sagara,98.939,10.014
2012-12-08,Krishnaraja Sagara,61.278,6.092
2012-12-09,Krishnaraja Sagara,77.645,10.771
2012-12-10,Krishnaraja Sagara,57.398,15.45
2012-12-11,Krishnaraja Sagara,60.853,20.129
2012-12-12,Krishnaraja Sagara,55.105,16.092
2012-12-13,Krishnaraja Sagara,50.206,12.054
2012-12-14,Krishnaraja Sagara,51.508,8.016
2012-12-15,Krishnaraja Sagara,51.055,7.787
2012-12-16,Krishnaraja Sagara,54.057,7.557
2012-12-17,Krishnaraja Sagara,53.66,7.328
2012-12-18,Krishnaraja Sagara,56.351,7.098
2012-12-19,Krishnaraja Sagara,60.117,6.869
2012-12-20,Krishnaraja Sagara,61.419,6.639
2012-12-21,Krishnaraja Sagara,60.003,6.41
2012-12-22,Krishnaraja Sagara,64.449,6.18
2012-12-23,Krishnaraja Sagara,67.394,5.951
2012-12-24,Krishnaraja Sagara,66.29,5.721
2012-12-25,Krishnaraja Sagara,66.233,5.491
2012-12-26,Krishnaraja Sagara,64.336,5.262
2012-12-27,Krishnaraja Sagara,68.414,5.032
2012-12-28,Krishnaraja Sagara,67.706,4.803
2012-12-29,Krishnaraja Sagara,66.63,4.573
2012-12-30,Krishnaraja Sagara,63.288,4.344
2012-12-31,Krishnaraja Sagara,53.179,4.114
2013-01-01,Krishnaraja Sagara,49.356,3.885
2013-01-02,Krishnaraja Sagara,32.423,3.178
2013-01-03,Krishnaraja Sagara,23.05,0.706
2013-01-04,Krishnaraja Sagara,21.832,2.649
2013-01-05,Krishnaraja Sagara,18.661,4.591
2013-01-06,Krishnaraja Sagara,20.275,6.533
2013-01-07,Krishnaraja Sagara,18.661,8.476
2013-01-08,Krishnaraja Sagara,20.275,12.407
2013-01-09,Krishnaraja Sagara,20.275,16.339
2013-01-10,Krishnaraja Sagara,18.661,20.271
2013-01-11,Krishnaraja Sagara,17.075,24.202
2013-01-12,Krishnaraja Sagara,19.227,28.134
2013-01-13,Krishnaraja Sagara,16.339,32.066
2013-01-14,Krishnaraja Sagara,12.714,30.583
2013-01-15,Krishnaraja Sagara,11.383,29.099
2013-01-16,Krishnaraja Sagara,16.339,27.616
2013-01-17,Krishnaraja Sagara,10.137,26.133
2013-01-18,Krishnaraja Sagara,13.167,24.65
2013-01-19,Krishnaraja Sagara,11.638,23.166
2013-01-20,Krishnaraja Sagara,10.137,21.683
2013-01-21,Krishnaraja Sagara,13.167,20.2
2013-01-22,Krishnaraja Sagara,11.638,18.717
2013-01-23,Krishnaraja Sagara,10.137,17.234
2013-01-24,Krishnaraja Sagara,10.137,15.75
2013-01-25,Krishnaraja Sagara,11.638,14.267
2013-01-26,Krishnaraja Sagara,8.608,12.784
2013-01-27,Krishnaraja Sagara,10.137,11.301
2013-01-28,Krishnaraja Sagara,10.137,9.817
2013-01-29,Krishnaraja Sagara,8.608,8.334
2013-01-30,Krishnaraja Sagara,10.137,6.851
2013-01-31,Krishnaraja Sagara,10.137,5.368
2013-02-01,Krishnaraja Sagara,8.608,3.885
2013-02-02,Krishnaraja Sagara,9.996,3.178
2013-02-03,Krishnaraja Sagara,9.996,0.706
2013-02-04,Krishnaraja Sagara,8.637,2.649
2013-02-05,Krishnaraja Sagara,10.137,4.591
2013-02-06,Krishnaraja Sagara,8.637,6.533
2013-02-07,Krishnaraja Sagara,10.109,8.476
2013-02-08,Krishnaraja Sagara,10.109,12.364
2013-02-09,Krishnaraja Sagara,8.608,16.252
2013-02-10,Krishnaraja Sagara,8.75,20.14
2013-02-11,Krishnaraja Sagara,9.571,24.028
2013-02-12,Krishnaraja Sagara,11.129,27.916
2013-02-13,Krishnaraja Sagara,9.231,31.804
2013-02-14,Krishnaraja Sagara,10.251,30.059
2013-02-15,Krishnaraja Sagara,8.042,28.314
2013-02-16,Krishnaraja Sagara,97.127,26.569
2013-02-17,Krishnaraja Sagara,116.127,24.824
2013-02-18,Krishnaraja Sagara,101.035,23.079
2013-02-19,Krishnaraja Sagara,25.089,21.334
2013-02-20,Krishnaraja Sagara,12.629,19.589
2013-02-21,Krishnaraja Sagara,10.902,17.844
2013-02-22,Krishnaraja Sagara,12.091,16.099
2013-02-23,Krishnaraja Sagara,10.817,14.354
2013-02-24,Krishnaraja Sagara,9.458,12.609
2013-02-25,Krishnaraja Sagara,9.345,10.864
2013-02-26,Krishnaraja Sagara,8.07,9.119
2013-02-27,Krishnaraja Sagara,9.345,7.375
2013-02-28,Krishnaraja Sagara,8.07,5.63
2013-03-01,Krishnaraja Sagara,8.07,3.885
2013-03-02,Krishnaraja Sagara,9.345,3.178
2013-03-03,Krishnaraja Sagara,9.458,0.706
2013-03-04,Krishnaraja Sagara,9.43,2.737
2013-03-05,Krishnaraja Sagara,10.675,4.767
2013-03-06,Krishnaraja Sagara,10.364,6.798
2013-03-07,Krishnaraja Sagara,9.968,8.829
2013-03-08,Krishnaraja Sagara,11.1,13.702
2013-03-09,Krishnaraja Sagara,11.185,18.576
2013-03-10,Krishnaraja Sagara,10.562,23.449
2013-03-11,Krishnaraja Sagara,10.534,28.322
2013-03-12,Krishnaraja Sagara,9.288,33.196
2013-03-13,Krishnaraja Sagara,10.477,31.73
2013-03-14,Krishnaraja Sagara,11.667,30.265
2013-03-15,Krishnaraja Sagara,10.449,28.799
2013-03-16,Krishnaraja Sagara,10.421,27.334
2013-03-17,Krishnaraja Sagara,10.506,25.868
2013-03-18,Krishnaraja Sagara,10.477,24.402
2013-03-19,Krishnaraja Sagara,10.449,22.937
2013-03-20,Krishnaraja Sagara,11.525,21.471
2013-03-21,Krishnaraja Sagara,12.601,20.006
2013-03-22,Krishnaraja Sagara,13.026,18.54
2013-03-23,Krishnaraja Sagara,12.912,17.075
2013-03-24,Krishnaraja Sagara,12.771,15.609
2013-03-25,Krishnaraja Sagara,10.024,14.144
2013-03-26,Krishnaraja Sagara,9.968,12.678
2013-03-27,Krishnaraja Sagara,11.1,11.212
2013-03-28,Krishnaraja Sagara,10.251,9.747
2013-03-29,Krishnaraja Sagara,11.327,8.281
2013-03-30,Krishnaraja Sagara,10.166,6.816
2013-03-31,Krishnaraja Sagara,9.005,5.35
2013-04-01,Krishnaraja Sagara,10.024,3.885
2013-04-02,Krishnaraja Sagara,10.93,3.178
2013-04-03,Krishnaraja Sagara,9.628,0.706
2013-04-04,Krishnaraja Sagara,9.911,2.913
2013-04-05,Krishnaraja Sagara,9.769,5.121
2013-04-06,Krishnaraja Sagara,9.401,7.328
2013-04-07,Krishnaraja Sagara,10.222,9.535
2013-04-08,Krishnaraja Sagara,10.194,14.267
2013-04-09,Krishnaraja Sagara,9.061,18.999
2013-04-10,Krishnaraja Sagara,9.033,23.731
2013-04-11,Krishnaraja Sagara,9.061,28.464
2013-04-12,Krishnaraja Sagara,9.288,33.196
2013-04-13,Krishnaraja Sagara,9.231,31.653
2013-04-14,Krishnaraja Sagara,8.127,30.11
2013-04-15,Krishnaraja Sagara,9.118,28.568
2013-04-16,Krishnaraja Sagara,8.92,27.025
2013-04-17,Krishnaraja Sagara,9.458,25.482
2013-04-18,Krishnaraja Sagara,9.033,23.94
2013-04-19,Krishnaraja Sagara,8.778,22.397
2013-04-20,Krishnaraja Sagara,9.146,20.854
2013-04-21,Krishnaraja Sagara,9.033,19.312
2013-04-22,Krishnaraja Sagara,8.92,17.769
2013-04-23,Krishnaraja Sagara,8.835,16.226
2013-04-24,Krishnaraja Sagara,8.58,14.683
2013-04-25,Krishnaraja Sagara,9.288,13.141
2013-04-26,Krishnaraja Sagara,10.789,11.598
2013-04-27,Krishnaraja Sagara,10.789,10.055
2013-04-28,Krishnaraja Sagara,10.817,8.513
2013-04-29,Krishnaraja Sagara,13.451,6.97
2013-04-30,Krishnaraja Sagara,10.052,5.427
2013-05-01,Krishnaraja Sagara,9.288,3.885
2013-05-02,Krishnaraja Sagara,9.458,3.178
2013-05-03,Krishnaraja Sagara,9.514,0.706
2013-05-04,Krishnaraja Sagara,9.43,3.531
2013-05-05,Krishnaraja Sagara,9.798,6.357
2013-05-06,Krishnaraja Sagara,9.458,9.182
2013-05-07,Krishnaraja Sagara,10.591,12.007
2013-05-08,Krishnaraja Sagara,6.116,16.245
2013-05-09,Krishnaraja Sagara,6.57,20.483
2013-05-10,Krishnaraja Sagara,7.617,24.72
2013-05-11,Krishnaraja Sagara,7.108,28.958
2013-05-12,Krishnaraja Sagara,6.796,33.196
2013-05-13,Krishnaraja Sagara,6.683,31.73
2013-05-14,Krishnaraja Sagara,45.25,30.265
2013-05-15,Krishnaraja Sagara,48.818,28.799
2013-05-16,Krishnaraja Sagara,31.658,27.334
2013-05-17,Krishnaraja Sagara,24.324,25.868
2013-05-18,Krishnaraja Sagara,9.146,24.402
2013-05-19,Krishnaraja Sagara,8.127,22.937
2013-05-20,Krishnaraja Sagara,68.187,21.471
2013-05-21,Krishnaraja Sagara,123.999,20.006
2013-05-22,Krishnaraja Sagara,94.323,18.54
2013-05-23,Krishnaraja Sagara,38.879,17.075
2013-05-24,Krishnaraja Sagara,15.914,15.609
2013-05-25,Krishnaraja Sagara,16.764,14.144
2013-05-26,Krishnaraja Sagara,16.679,12.678
2013-05-27,Krishnaraja Sagara,15.716,11.212
2013-05-28,Krishnaraja Sagara,7.447,9.747
2013-05-29,Krishnaraja Sagara,3.964,8.281
2013-05-30,Krishnaraja Sagara,4.644,6.816
2013-05-31,Krishnaraja Sagara,13.394,5.35
2013-06-01,Krishnaraja Sagara,10.534,3.885
2013-06-02,Krishnaraja Sagara,10.704,3.178
2013-06-03,Krishnaraja Sagara,11.327,0.706
2013-06-04,Krishnaraja Sagara,11.157,4.414
2013-06-05,Krishnaraja Sagara,11.044,8.122
2013-06-06,Krishnaraja Sagara,10.874,11.83
2013-06-07,Krishnaraja Sagara,8.976,15.538
2013-06-08,Krishnaraja Sagara,6.881,18.999
2013-06-09,Krishnaraja Sagara,5.975,22.46
2013-06-10,Krishnaraja Sagara,6.598,25.921
2013-06-11,Krishnaraja Sagara,5.607,29.382
2013-06-12,Krishnaraja Sagara,6.428,32.843
2013-06-13,Krishnaraja Sagara,13.62,31.319
2013-06-14,Krishnaraja Sagara,50.461,29.794
2013-06-15,Krishnaraja Sagara,176.442,28.27
2013-06-16,Krishnaraja Sagara,113.72,26.746
2013-06-17,Krishnaraja Sagara,212.858,25.222
2013-06-18,Krishnaraja Sagara,333.516,23.698
2013-06-19,Krishnaraja Sagara,327.201,22.174
2013-06-20,Krishnaraja Sagara,355.49,20.65
2013-06-21,Krishnaraja Sagara,233.331,19.126
2013-06-22,Krishnaraja Sagara,210.111,17.602
2013-06-23,Krishnaraja Sagara,167.098,16.077
2013-06-24,Krishnaraja Sagara,112.446,14.553
2013-06-25,Krishnaraja Sagara,106.868,13.029
2013-06-26,Krishnaraja Sagara,219.059,11.505
2013-06-27,Krishnaraja Sagara,574.266,9.981
2013-06-28,Krishnaraja Sagara,675.838,8.457
2013-06-29,Krishnaraja Sagara,514.942,6.933
2013-06-30,Krishnaraja Sagara,279.431,5.409
2013-07-01,Krishnaraja Sagara,164.238,3.885
2013-07-02,Krishnaraja Sagara,123.773,3.178
2013-07-03,Krishnaraja Sagara,154.638,0.353
2013-07-04,Krishnaraja Sagara,389.498,4.944
2013-07-05,Krishnaraja Sagara,922.223,9.535
2013-07-06,Krishnaraja Sagara,1252.992,14.126
2013-07-07,Krishnaraja Sagara,1088.669,18.717
2013-07-08,Krishnaraja Sagara,814.364,23.219
2013-07-09,Krishnaraja Sagara,543.938,27.722
2013-07-10,Krishnaraja Sagara,403.968,32.225
2013-07-11,Krishnaraja Sagara,319.046,36.727
2013-07-12,Krishnaraja Sagara,399.494,32.843
2013-07-13,Krishnaraja Sagara,448.794,31.395
2013-07-14,Krishnaraja Sagara,571.406,29.947
2013-07-15,Krishnaraja Sagara,505.427,28.499
2013-07-16,Krishnaraja Sagara,273.881,27.051
2013-07-17,Krishnaraja Sagara,252.728,25.603
2013-07-18,Krishnaraja Sagara,326.833,24.155
2013-07-19,Krishnaraja Sagara,351.809,22.707
2013-07-20,Krishnaraja Sagara,678.726,21.259
2013-07-21,Krishnaraja Sagara,1240.476,19.812
2013-07-22,Krishnaraja Sagara,1119.337,18.364
2013-07-23,Krishnaraja Sagara,1071.963,16.916
2013-07-24,Krishnaraja Sagara,804.736,15.468
2013-07-25,Krishnaraja Sagara,640.81,14.02
2013-07-26,Krishnaraja Sagara,822.888,12.572
2013-07-27,Krishnaraja Sagara,1417.23,11.124
2013-07-28,Krishnaraja Sagara,1619.242,9.676
2013-07-29,Krishnaraja Sagara,1513.394,8.228
2013-07-30,Krishnaraja Sagara,1350.799,6.78
2013-07-31,Krishnaraja Sagara,859.161,5.333
2013-08-01,Krishnaraja Sagara,719.021,3.885
2013-08-02,Krishnaraja Sagara,1485.134,3.178
2013-08-03,Krishnaraja Sagara,2497.121,0.353
2013-08-04,Krishnaraja Sagara,2702.588,4.856
2013-08-05,Krishnaraja Sagara,2383.599,9.358
2013-08-06,Krishnaraja Sagara,1513.79,13.861
2013-08-07,Krishnaraja Sagara,951.729,18.364
2013-08-08,Krishnaraja Sagara,788.228,22.866
2013-08-09,Krishnaraja Sagara,655.762,27.369
2013-08-10,Krishnaraja Sagara,417.39,31.871
2013-08-11,Krishnaraja Sagara,304.887,36.374
2013-08-12,Krishnaraja Sagara,299.677,32.843
2013-08-13,Krishnaraja Sagara,371.404,31.395
2013-08-14,Krishnaraja Sagara,288.265,29.947
2013-08-15,Krishnaraja Sagara,145.435,28.499
2013-08-16,Krishnaraja Sagara,165.002,27.051
2013-08-17,Krishnaraja Sagara,157.81,25.603
2013-08-18,Krishnaraja Sagara,117.996,24.155
2013-08-19,Krishnaraja Sagara,90.557,22.707
2013-08-20,Krishnaraja Sagara,58.559,21.259
2013-08-21,Krishnaraja Sagara,67.253,19.812
2013-08-22,Krishnaraja Sagara,157.838,18.364
2013-08-23,Krishnaraja Sagara,217.275,16.916
2013-08-24,Krishnaraja Sagara,189.836,15.468
2013-08-25,Krishnaraja Sagara,148.692,14.02
2013-08-26,Krishnaraja Sagara,116.665,12.572
2013-08-27,Krishnaraja Sagara,102.96,11.124
2013-08-28,Krishnaraja Sagara,70.934,9.676
2013-08-29,Krishnaraja Sagara,43.495,8.228
2013-08-30,Krishnaraja Sagara,20.643,6.78
2013-08-31,Krishnaraja Sagara,25.202,5.333
2013-09-01,Krishnaraja Sagara,20.02,3.885
2013-09-02,Krishnaraja Sagara,20.983,3.178
2013-09-03,Krishnaraja Sagara,42.305,0.353
2013-09-04,Krishnaraja Sagara,82.629,4.812
2013-09-05,Krishnaraja Sagara,37.831,9.27
2013-09-06,Krishnaraja Sagara,51.423,13.729
2013-09-07,Krishnaraja Sagara,46.638,18.187
2013-09-08,Krishnaraja Sagara,50.999,22.646
2013-09-09,Krishnaraja Sagara,147.446,27.104
2013-09-10,Krishnaraja Sagara,151.835,31.562
2013-09-11,Krishnaraja Sagara,90.444,36.021
2013-09-12,Krishnaraja Sagara,42.249,32.489
2013-09-13,Krishnaraja Sagara,164.974,30.984
2013-09-14,Krishnaraja Sagara,217.587,29.478
2013-09-15,Krishnaraja Sagara,140.168,27.973
2013-09-16,Krishnaraja Sagara,91.407,26.467
2013-09-17,Krishnaraja Sagara,64.166,24.962
2013-09-18,Krishnaraja Sagara,90.472,23.456
2013-09-19,Krishnaraja Sagara,147.446,21.951
2013-09-20,Krishnaraja Sagara,269.378,20.445
2013-09-21,Krishnaraja Sagara,370.299,18.94
2013-09-22,Krishnaraja Sagara,485.464,17.434
2013-09-23,Krishnaraja Sagara,377.124,15.929
2013-09-24,Krishnaraja Sagara,245.111,14.423
2013-09-25,Krishnaraja Sagara,145.435,12.918
2013-09-26,Krishnaraja Sagara,104.291,11.412
2013-09-27,Krishnaraja Sagara,108.85,9.907
2013-09-28,Krishnaraja Sagara,85.998,8.401
2013-09-29,Krishnaraja Sagara,58.559,6.896
2013-09-30,Krishnaraja Sagara,53.972,5.39
2013-10-01,Krishnaraja Sagara,72.265,3.885
2013-10-02,Krishnaraja Sagara,86.083,2.825
2013-10-03,Krishnaraja Sagara,85.375,0.353
2013-10-04,Krishnaraja Sagara,80.901,4.767
2013-10-05,Krishnaraja Sagara,71.953,9.182
2013-10-06,Krishnaraja Sagara,58.134,13.596
2013-10-07,Krishnaraja Sagara,34.688,18.01
2013-10-08,Krishnaraja Sagara,61.561,22.425
2013-10-09,Krishnaraja Sagara,92.908,26.839
2013-10-10,Krishnaraja Sagara,110.832,31.253
2013-10-11,Krishnaraja Sagara,115.306,35.668
2013-10-12,Krishnaraja Sagara,75.011,32.489
2013-10-13,Krishnaraja Sagara,52.556,31.059
2013-10-14,Krishnaraja Sagara,39.162,29.629
2013-10-15,Krishnaraja Sagara,43.551,28.199
2013-10-16,Krishnaraja Sagara,77.673,26.769
2013-10-17,Krishnaraja Sagara,72.973,25.338
2013-10-18,Krishnaraja Sagara,81.751,23.908
2013-10-19,Krishnaraja Sagara,116.807,22.478
2013-10-20,Krishnaraja Sagara,156.252,21.048
2013-10-21,Krishnaraja Sagara,341.331,19.617
2013-10-22,Krishnaraja Sagara,244.233,18.187
2013-10-23,Krishnaraja Sagara,124.254,16.757
2013-10-24,Krishnaraja Sagara,115.306,15.327
2013-10-25,Krishnaraja Sagara,115.306,13.896
2013-10-26,Krishnaraja Sagara,110.832,12.466
2013-10-27,Krishnaraja Sagara,92.908,11.036
2013-10-28,Krishnaraja Sagara,66.063,9.606
2013-10-29,Krishnaraja Sagara,70.339,8.175
2013-10-30,Krishnaraja Sagara,56.747,6.745
2013-10-31,Krishnaraja Sagara,43.551,5.315
2013-11-01,Krishnaraja Sagara,52.301,3.885
2013-11-02,Krishnaraja Sagara,41.286,2.825
2013-11-03,Krishnaraja Sagara,23.418,0.353
2013-11-04,Krishnaraja Sagara,27.949,4.767
2013-11-05,Krishnaraja Sagara,37.208,9.182
2013-11-06,Krishnaraja Sagara,36.953,13.596
2013-11-07,Krishnaraja Sagara,36.642,18.01
2013-11-08,Krishnaraja Sagara,22.908,22.425
2013-11-09,Krishnaraja Sagara,27.212,26.839
2013-11-10,Krishnaraja Sagara,19.312,31.253
2013-11-11,Krishnaraja Sagara,15.15,35.668
2013-11-12,Krishnaraja Sagara,19.425,32.489
2013-11-13,Krishnaraja Sagara,60.626,30.984
2013-11-14,Krishnaraja Sagara,48.054,29.478
2013-11-15,Krishnaraja Sagara,65.525,27.973
2013-11-16,Krishnaraja Sagara,48.818,26.467
2013-11-17,Krishnaraja Sagara,48.592,24.962
2013-11-18,Krishnaraja Sagara,60.287,23.456
2013-11-19,Krishnaraja Sagara,84.894,21.951
2013-11-20,Krishnaraja Sagara,89.0,20.445
2013-11-21,Krishnaraja Sagara,73.199,18.94
2013-11-22,Krishnaraja Sagara,60.938,17.434
2013-11-23,Krishnaraja Sagara,64.931,15.929
2013-11-24,Krishnaraja Sagara,184.994,14.423
2013-11-25,Krishnaraja Sagara,331.534,12.918
2013-11-26,Krishnaraja Sagara,214.812,11.412
2013-11-27,Krishnaraja Sagara,136.855,9.907
2013-11-28,Krishnaraja Sagara,112.22,8.401
2013-11-29,Krishnaraja Sagara,99.902,6.896
2013-11-30,Krishnaraja Sagara,112.22,5.39
2013-12-01,Krishnaraja Sagara,99.505,3.885
2013-12-02,Krishnaraja Sagara,91.718,2.472
2013-12-03,Krishnaraja Sagara,95.853,0.353
2013-12-04,Krishnaraja Sagara,91.605,4.723
2013-12-05,Krishnaraja Sagara,107.661,9.094
2013-12-06,Krishnaraja Sagara,91.605,13.464
2013-12-07,Krishnaraja Sagara,91.577,17.834
2013-12-08,Krishnaraja Sagara,91.407,22.204
2013-12-09,Krishnaraja Sagara,94.89,26.574
2013-12-10,Krishnaraja Sagara,94.89,30.944
2013-12-11,Krishnaraja Sagara,94.89,35.315
2013-12-12,Krishnaraja Sagara,84.044,32.136
2013-12-13,Krishnaraja Sagara,73.454,32.048
2013-12-14,Krishnaraja Sagara,100.836,31.96
2013-12-15,Krishnaraja Sagara,104.744,31.871
2013-12-16,Krishnaraja Sagara,89.056,31.783
2013-12-17,Krishnaraja Sagara,82.289,31.695
2013-12-18,Krishnaraja Sagara,91.209,31.607
2013-12-19,Krishnaraja Sagara,79.429,31.518
2013-12-20,Krishnaraja Sagara,78.523,31.43
2013-12-21,Krishnaraja Sagara,73.595,31.342
2013-12-22,Krishnaraja Sagara,67.309,31.253
2013-12-23,Krishnaraja Sagara,66.573,31.165
2013-12-24,Krishnaraja Sagara,62.637,31.077
2013-12-25,Krishnaraja Sagara,47.969,30.989
2013-12-26,Krishnaraja Sagara,44.684,30.9
2013-12-27,Krishnaraja Sagara,53.037,30.812
2013-12-28,Krishnaraja Sagara,56.181,30.724
2013-12-29,Krishnaraja Sagara,56.096,30.635
2013-12-30,Krishnaraja Sagara,53.094,30.547
2013-12-31,Krishnaraja Sagara,53.377,30.459
2014-01-01,Krishnaraja Sagara,53.377,30.371
2014-01-02,Krishnaraja Sagara,43.891,29.664
2014-01-03,Krishnaraja Sagara,39.955,25.073
2014-01-04,Krishnaraja Sagara,43.806,20.483
2014-01-05,Krishnaraja Sagara,32.678,15.892
2014-01-06,Krishnaraja Sagara,17.698,11.301
2014-01-07,Krishnaraja Sagara,25.372,6.71
2014-01-08,Krishnaraja Sagara,29.223,11.175
2014-01-09,Krishnaraja Sagara,36.897,15.639
2014-01-10,Krishnaraja Sagara,40.72,20.104
2014-01-11,Krishnaraja Sagara,36.812,24.569
2014-01-12,Krishnaraja Sagara,27.864,29.034
2014-01-13,Krishnaraja Sagara,34.773,33.498
2014-01-14,Krishnaraja Sagara,35.368,37.963
2014-01-15,Krishnaraja Sagara,30.497,37.522
2014-01-16,Krishnaraja Sagara,11.327,37.08
2014-01-17,Krishnaraja Sagara,16.084,36.639
2014-01-18,Krishnaraja Sagara,20.87,36.198
2014-01-19,Krishnaraja Sagara,18.604,35.756
2014-01-20,Krishnaraja Sagara,29.138,35.315
2014-01-21,Krishnaraja Sagara,25.57,34.873
2014-01-22,Krishnaraja Sagara,15.036,34.432
2014-01-23,Krishnaraja Sagara,24.777,33.99
2014-01-24,Krishnaraja Sagara,24.437,33.549
2014-01-25,Krishnaraja Sagara,21.606,33.108
2014-01-26,Krishnaraja Sagara,24.494,32.666
2014-01-27,Krishnaraja Sagara,15.914,32.225
2014-01-28,Krishnaraja Sagara,14.045,31.783
2014-01-29,Krishnaraja Sagara,16.424,31.342
2014-01-30,Krishnaraja Sagara,9.43,30.9
2014-01-31,Krishnaraja Sagara,5.947,30.459
2014-02-01,Krishnaraja Sagara,9.43,30.017
2014-02-02,Krishnaraja Sagara,5.918,29.664
2014-02-03,Krishnaraja Sagara,9.43,25.073
2014-02-04,Krishnaraja Sagara,9.43,20.483
2014-02-05,Krishnaraja Sagara,9.43,15.892
2014-02-06,Krishnaraja Sagara,5.918,11.301
2014-02-07,Krishnaraja Sagara,20.105,6.71
2014-02-08,Krishnaraja Sagara,16.112,11.108
2014-02-09,Krishnaraja Sagara,11.893,15.506
2014-02-10,Krishnaraja Sagara,12.403,19.904
2014-02-11,Krishnaraja Sagara,10.024,24.302
2014-02-12,Krishnaraja Sagara,11.412,28.7
2014-02-13,Krishnaraja Sagara,7.844,33.098
2014-02-14,Krishnaraja Sagara,6.116,37.496
2014-02-15,Krishnaraja Sagara,6.683,36.997
2014-02-16,Krishnaraja Sagara,6.456,36.499
2014-02-17,Krishnaraja Sagara,5.777,36.0
2014-02-18,Krishnaraja Sagara,5.635,35.502
2014-02-19,Krishnaraja Sagara,7.136,35.003
2014-02-20,Krishnaraja Sagara,5.663,34.505
2014-02-21,Krishnaraja Sagara,5.522,34.006
2014-02-22,Krishnaraja Sagara,8.07,33.507
2014-02-23,Krishnaraja Sagara,5.04,33.009
2014-02-24,Krishnaraja Sagara,6.23,32.51
2014-02-25,Krishnaraja Sagara,6.201,32.012
2014-02-26,Krishnaraja Sagara,6.06,31.513
2014-02-27,Krishnaraja Sagara,7.476,31.015
2014-02-28,Krishnaraja Sagara,4.446,30.516
2014-03-01,Krishnaraja Sagara,4.729,30.017
2014-03-02,Krishnaraja Sagara,4.729,29.664
2014-03-03,Krishnaraja Sagara,5.012,25.073
2014-03-04,Krishnaraja Sagara,5.012,20.483
2014-03-05,Krishnaraja Sagara,5.012,15.892
2014-03-06,Krishnaraja Sagara,5.012,11.301
2014-03-07,Krishnaraja Sagara,5.012,6.71
2014-03-08,Krishnaraja Sagara,7.957,11.129
2014-03-09,Krishnaraja Sagara,5.012,15.549
2014-03-10,Krishnaraja Sagara,5.012,19.968
2014-03-11,Krishnaraja Sagara,5.012,24.387
2014-03-12,Krishnaraja Sagara,6.796,28.807
2014-03-13,Krishnaraja Sagara,5.352,33.226
2014-03-14,Krishnaraja Sagara,5.04,37.645
2014-03-15,Krishnaraja Sagara,4.049,37.222
2014-03-16,Krishnaraja Sagara,4.644,36.798
2014-03-17,Krishnaraja Sagara,3.653,36.374
2014-03-18,Krishnaraja Sagara,5.069,35.95
2014-03-19,Krishnaraja Sagara,3.823,35.527
2014-03-20,Krishnaraja Sagara,2.945,35.103
2014-03-21,Krishnaraja Sagara,4.219,34.679
2014-03-22,Krishnaraja Sagara,3.483,34.255
2014-03-23,Krishnaraja Sagara,4.87,33.831
2014-03-24,Krishnaraja Sagara,4.049,33.408
2014-03-25,Krishnaraja Sagara,3.313,32.984
2014-03-26,Krishnaraja Sagara,4.842,32.56
2014-03-27,Krishnaraja Sagara,4.644,32.136
2014-03-28,Krishnaraja Sagara,4.955,31.713
2014-03-29,Krishnaraja Sagara,4.786,31.289
2014-03-30,Krishnaraja Sagara,3.256,30.865
2014-03-31,Krishnaraja Sagara,3.256,30.441
2014-04-01,Krishnaraja Sagara,3.256,30.017
2014-04-02,Krishnaraja Sagara,4.417,29.664
2014-04-03,Krishnaraja Sagara,4.417,25.073
2014-04-04,Krishnaraja Sagara,4.417,20.483
2014-04-05,Krishnaraja Sagara,4.417,15.892
2014-04-06,Krishnaraja Sagara,4.616,11.301
2014-04-07,Krishnaraja Sagara,4.587,6.71
2014-04-08,Krishnaraja Sagara,2.86,11.078
2014-04-09,Krishnaraja Sagara,3.426,15.446
2014-04-10,Krishnaraja Sagara,3.426,19.813
2014-04-11,Krishnaraja Sagara,3.426,24.181
2014-04-12,Krishnaraja Sagara,4.729,28.549
2014-04-13,Krishnaraja Sagara,5.465,32.917
2014-04-14,Krishnaraja Sagara,4.729,37.285
2014-04-15,Krishnaraja Sagara,5.21,36.857
2014-04-16,Krishnaraja Sagara,4.134,36.43
2014-04-17,Krishnaraja Sagara,2.917,36.002
2014-04-18,Krishnaraja Sagara,4.672,35.575
2014-04-19,Krishnaraja Sagara,4.587,35.147
2014-04-20,Krishnaraja Sagara,4.587,34.72
2014-04-21,Krishnaraja Sagara,4.276,34.292
2014-04-22,Krishnaraja Sagara,4.332,33.865
2014-04-23,Krishnaraja Sagara,3.993,33.437
2014-04-24,Krishnaraja Sagara,4.191,33.01
2014-04-25,Krishnaraja Sagara,4.417,32.582
2014-04-26,Krishnaraja Sagara,3.625,32.155
2014-04-27,Krishnaraja Sagara,4.814,31.727
2014-04-28,Krishnaraja Sagara,5.409,31.3
2014-04-29,Krishnaraja Sagara,4.955,30.872
2014-04-30,Krishnaraja Sagara,4.955,30.445
2014-05-01,Krishnaraja Sagara,4.955,30.017
2014-05-02,Krishnaraja Sagara,5.097,29.664
2014-05-03,Krishnaraja Sagara,5.097,25.073
2014-05-04,Krishnaraja Sagara,5.097,20.483
2014-05-05,Krishnaraja Sagara,5.097,15.892
2014-05-06,Krishnaraja Sagara,5.324,11.301
2014-05-07,Krishnaraja Sagara,5.352,6.71
2014-05-08,Krishnaraja Sagara,6.966,11.038
2014-05-09,Krishnaraja Sagara,16.622,15.367
2014-05-10,Krishnaraja Sagara,18.604,19.695
2014-05-11,Krishnaraja Sagara,21.832,24.024
2014-05-12,Krishnaraja Sagara,41.144,28.353
2014-05-13,Krishnaraja Sagara,40.408,32.681
2014-05-14,Krishnaraja Sagara,35.453,37.01
2014-05-15,Krishnaraja Sagara,33.64,36.621
2014-05-16,Krishnaraja Sagara,31.403,36.233
2014-05-17,Krishnaraja Sagara,25.457,35.844
2014-05-18,Krishnaraja Sagara,30.299,35.456
2014-05-19,Krishnaraja Sagara,22.002,35.067
2014-05-20,Krishnaraja Sagara,20.785,34.679
2014-05-21,Krishnaraja Sagara,18.151,34.291
2014-05-22,Krishnaraja Sagara,14.838,33.902
2014-05-23,Krishnaraja Sagara,14.81,33.514
2014-05-24,Krishnaraja Sagara,14.611,33.125
2014-05-25,Krishnaraja Sagara,14.725,32.737
2014-05-26,Krishnaraja Sagara,13.507,32.348
2014-05-27,Krishnaraja Sagara,13.309,31.96
2014-05-28,Krishnaraja Sagara,13.026,31.571
2014-05-29,Krishnaraja Sagara,13.507,31.183
2014-05-30,Krishnaraja Sagara,10.591,30.794
2014-05-31,Krishnaraja Sagara,10.76,30.406
2014-06-01,Krishnaraja Sagara,9.458,30.017
2014-06-02,Krishnaraja Sagara,10.109,29.664
2014-06-03,Krishnaraja Sagara,17.273,25.144
2014-06-04,Krishnaraja Sagara,14.47,20.624
2014-06-05,Krishnaraja Sagara,12.771,16.103
2014-06-06,Krishnaraja Sagara,13.875,11.583
2014-06-07,Krishnaraja Sagara,16.084,7.063
2014-06-08,Krishnaraja Sagara,16.056,11.29
2014-06-09,Krishnaraja Sagara,16.056,15.517
2014-06-10,Krishnaraja Sagara,18.576,19.744
2014-06-11,Krishnaraja Sagara,19.709,23.971
2014-06-12,Krishnaraja Sagara,18.576,28.199
2014-06-13,Krishnaraja Sagara,18.576,32.426
2014-06-14,Krishnaraja Sagara,17.471,36.653
2014-06-15,Krishnaraja Sagara,18.604,36.263
2014-06-16,Krishnaraja Sagara,17.471,35.872
2014-06-17,Krishnaraja Sagara,17.5,35.482
2014-06-18,Krishnaraja Sagara,16.254,35.092
2014-06-19,Krishnaraja Sagara,15.121,34.701
2014-06-20,Krishnaraja Sagara,16.254,34.311
2014-06-21,Krishnaraja Sagara,119.016,33.921
2014-06-22,Krishnaraja Sagara,342.209,33.53
2014-06-23,Krishnaraja Sagara,342.181,33.14
2014-06-24,Krishnaraja Sagara,307.011,32.75
2014-06-25,Krishnaraja Sagara,196.434,32.359
2014-06-26,Krishnaraja Sagara,140.253,31.969
2014-06-27,Krishnaraja Sagara,83.62,31.579
2014-06-28,Krishnaraja Sagara,57.823,31.188
2014-06-29,Krishnaraja Sagara,55.897,30.798
2014-06-30,Krishnaraja Sagara,49.781,30.408
2014-07-01,Krishnaraja Sagara,49.724,30.017
2014-07-02,Krishnaraja Sagara,58.304,29.311
2014-07-03,Krishnaraja Sagara,56.889,24.862
2014-07-04,Krishnaraja Sagara,58.333,20.412
2014-07-05,Krishnaraja Sagara,64.194,15.962
2014-07-06,Krishnaraja Sagara,84.073,11.513
2014-07-07,Krishnaraja Sagara,64.761,7.063
2014-07-08,Krishnaraja Sagara,46.666,11.296
2014-07-09,Krishnaraja Sagara,40.635,15.528
2014-07-10,Krishnaraja Sagara,39.672,19.761
2014-07-11,Krishnaraja Sagara,46.355,23.994
2014-07-12,Krishnaraja Sagara,40.153,28.227
2014-07-13,Krishnaraja Sagara,66.714,32.459
2014-07-14,Krishnaraja Sagara,172.45,36.692
2014-07-15,Krishnaraja Sagara,519.954,36.321
2014-07-16,Krishnaraja Sagara,696.0,35.95
2014-07-17,Krishnaraja Sagara,729.074,35.58
2014-07-18,Krishnaraja Sagara,778.883,35.209
2014-07-19,Krishnaraja Sagara,826.569,34.838
2014-07-20,Krishnaraja Sagara,742.213,34.467
2014-07-21,Krishnaraja Sagara,697.982,34.096
2014-07-22,Krishnaraja Sagara,740.967,33.726
2014-07-23,Krishnaraja Sagara,938.194,33.355
2014-07-24,Krishnaraja Sagara,853.158,32.984
2014-07-25,Krishnaraja Sagara,989.844,32.613
2014-07-26,Krishnaraja Sagara,916.305,32.242
2014-07-27,Krishnaraja Sagara,726.497,31.871
2014-07-28,Krishnaraja Sagara,508.033,31.501
2014-07-29,Krishnaraja Sagara,532.272,31.13
2014-07-30,Krishnaraja Sagara,355.32,30.759
2014-07-31,Krishnaraja Sagara,360.473,30.388
2014-08-01,Krishnaraja Sagara,395.785,30.017
2014-08-02,Krishnaraja Sagara,854.914,28.958
2014-08-03,Krishnaraja Sagara,1250.557,24.579
2014-08-04,Krishnaraja Sagara,980.244,20.2
2014-08-05,Krishnaraja Sagara,1329.872,15.821
2014-08-06,Krishnaraja Sagara,1332.506,11.442
2014-08-07,Krishnaraja Sagara,1219.267,7.063
2014-08-08,Krishnaraja Sagara,1669.137,12.007
2014-08-09,Krishnaraja Sagara,1384.156,16.951
2014-08-10,Krishnaraja Sagara,822.463,21.895
2014-08-11,Krishnaraja Sagara,456.326,26.839
2014-08-12,Krishnaraja Sagara,429.453,31.783
2014-08-13,Krishnaraja Sagara,321.538,36.727
2014-08-14,Krishnaraja Sagara,347.419,36.374
2014-08-15,Krishnaraja Sagara,490.873,36.021
2014-08-16,Krishnaraja Sagara,337.225,35.668
2014-08-17,Krishnaraja Sagara,209.035,35.315
2014-08-18,Krishnaraja Sagara,130.427,34.962
2014-08-19,Krishnaraja Sagara,194.48,34.608
2014-08-20,Krishnaraja Sagara,166.56,34.255
2014-08-21,Krishnaraja Sagara,134.533,33.902
2014-08-22,Krishnaraja Sagara,102.535,33.549
2014-08-23,Krishnaraja Sagara,79.655,33.196
2014-08-24,Krishnaraja Sagara,103.696,32.843
2014-08-25,Krishnaraja Sagara,129.38,32.489
2014-08-26,Krishnaraja Sagara,89.085,32.136
2014-08-27,Krishnaraja Sagara,75.294,31.783
2014-08-28,Krishnaraja Sagara,56.322,31.43
2014-08-29,Krishnaraja Sagara,53.972,31.077
2014-08-30,Krishnaraja Sagara,66.035,30.724
2014-08-31,Krishnaraja Sagara,96.419,30.371
2014-09-01,Krishnaraja Sagara,222.485,30.017
2014-09-02,Krishnaraja Sagara,534.764,28.958
2014-09-03,Krishnaraja Sagara,657.715,24.65
2014-09-04,Krishnaraja Sagara,546.034,20.341
2014-09-05,Krishnaraja Sagara,493.704,16.033
2014-09-06,Krishnaraja Sagara,493.704,11.724
2014-09-07,Krishnaraja Sagara,428.519,7.416
2014-09-08,Krishnaraja Sagara,285.066,12.246
2014-09-09,Krishnaraja Sagara,363.305,17.075
2014-09-10,Krishnaraja Sagara,441.545,21.904
2014-09-11,Krishnaraja Sagara,363.305,26.734
2014-09-12,Krishnaraja Sagara,206.826,31.563
2014-09-13,Krishnaraja Sagara,180.746,36.393
2014-09-14,Krishnaraja Sagara,180.746,36.058
2014-09-15,Krishnaraja Sagara,180.746,35.724
2014-09-16,Krishnaraja Sagara,180.746,35.389
2014-09-17,Krishnaraja Sagara,171.6,35.054
2014-09-18,Krishnaraja Sagara,153.307,34.72
2014-09-19,Krishnaraja Sagara,135.015,34.385
2014-09-20,Krishnaraja Sagara,125.868,34.051
2014-09-21,Krishnaraja Sagara,125.868,33.716
2014-09-22,Krishnaraja Sagara,112.135,33.382
2014-09-23,Krishnaraja Sagara,121.281,33.047
2014-09-24,Krishnaraja Sagara,201.503,32.713
2014-09-25,Krishnaraja Sagara,445.566,32.378
2014-09-26,Krishnaraja Sagara,406.573,32.043
2014-09-27,Krishnaraja Sagara,560.872,31.709
2014-09-28,Krishnaraja Sagara,400.372,31.374
2014-09-29,Krishnaraja Sagara,228.687,31.04
2014-09-30,Krishnaraja Sagara,192.838,30.705
2014-10-01,Krishnaraja Sagara,323.237,30.371
2014-10-02,Krishnaraja Sagara,301.773,28.605
2014-10-03,Krishnaraja Sagara,177.915,24.367
2014-10-04,Krishnaraja Sagara,177.915,20.129
2014-10-05,Krishnaraja Sagara,168.768,15.892
2014-10-06,Krishnaraja Sagara,147.984,11.654
2014-10-07,Krishnaraja Sagara,168.4,7.416
2014-10-08,Krishnaraja Sagara,218.691,12.189
2014-10-09,Krishnaraja Sagara,147.587,16.963
2014-10-10,Krishnaraja Sagara,216.001,21.736
2014-10-11,Krishnaraja Sagara,332.213,26.51
2014-10-12,Krishnaraja Sagara,358.293,31.283
2014-10-13,Krishnaraja Sagara,358.293,36.056
2014-10-14,Krishnaraja Sagara,227.894,35.738
2014-10-15,Krishnaraja Sagara,149.655,35.421
2014-10-16,Krishnaraja Sagara,126.803,35.103
2014-10-17,Krishnaraja Sagara,56.351,34.785
2014-10-18,Krishnaraja Sagara,101.346,34.467
2014-10-19,Krishnaraja Sagara,119.639,34.149
2014-10-20,Krishnaraja Sagara,129.436,33.831
2014-10-21,Krishnaraja Sagara,125.529,33.514
2014-10-22,Krishnaraja Sagara,116.354,33.196
2014-10-23,Krishnaraja Sagara,120.941,32.878
2014-10-24,Krishnaraja Sagara,84.356,32.56
2014-10-25,Krishnaraja Sagara,98.061,32.242
2014-10-26,Krishnaraja Sagara,150.504,31.924
2014-10-27,Krishnaraja Sagara,177.943,31.607
2014-10-28,Krishnaraja Sagara,216.992,31.289
2014-10-29,Krishnaraja Sagara,145.888,30.971
2014-10-30,Krishnaraja Sagara,121.055,30.653
2014-10-31,Krishnaraja Sagara,121.055,30.335
2014-11-01,Krishnaraja Sagara,94.975,30.017
2014-11-02,Krishnaraja Sagara,67.536,28.252
2014-11-03,Krishnaraja Sagara,67.536,24.085
2014-11-04,Krishnaraja Sagara,67.536,19.917
2014-11-05,Krishnaraja Sagara,67.536,15.75
2014-11-06,Krishnaraja Sagara,64.449,11.583
2014-11-07,Krishnaraja Sagara,56.804,7.416
2014-11-08,Krishnaraja Sagara,52.245,12.187
2014-11-09,Krishnaraja Sagara,47.657,16.957
2014-11-10,Krishnaraja Sagara,43.098,21.728
2014-11-11,Krishnaraja Sagara,45.93,26.498
2014-11-12,Krishnaraja Sagara,47.657,31.269
2014-11-13,Krishnaraja Sagara,53.717,36.04
2014-11-14,Krishnaraja Sagara,52.499,35.705
2014-11-15,Krishnaraja Sagara,52.16,35.37
2014-11-16,Krishnaraja Sagara,55.586,35.036
2014-11-17,Krishnaraja Sagara,51.084,34.701
2014-11-18,Krishnaraja Sagara,51.282,34.367
2014-11-19,Krishnaraja Sagara,51.537,34.032
2014-11-20,Krishnaraja Sagara,55.614,33.698
2014-11-21,Krishnaraja Sagara,50.262,33.363
2014-11-22,Krishnaraja Sagara,45.873,33.029
2014-11-23,Krishnaraja Sagara,51.055,32.694
2014-11-24,Krishnaraja Sagara,50.914,32.359
2014-11-25,Krishnaraja Sagara,50.631,32.025
2014-11-26,Krishnaraja Sagara,49.781,31.69
2014-11-27,Krishnaraja Sagara,49.753,31.356
2014-11-28,Krishnaraja Sagara,47.601,31.021
2014-11-29,Krishnaraja Sagara,47.601,30.687
2014-11-30,Krishnaraja Sagara,46.836,30.352
2014-12-01,Krishnaraja Sagara,46.185,30.017
2014-12-02,Krishnaraja Sagara,46.666,27.899
2014-12-03,Krishnaraja Sagara,47.402,23.802
2014-12-04,Krishnaraja Sagara,47.969,19.706
2014-12-05,Krishnaraja Sagara,51.423,15.609
2014-12-06,Krishnaraja Sagara,59.437,11.513
2014-12-07,Krishnaraja Sagara,56.181,7.416
2014-12-08,Krishnaraja Sagara,56.464,12.234
2014-12-09,Krishnaraja Sagara,59.947,17.051
2014-12-10,Krishnaraja Sagara,63.77,21.869
2014-12-11,Krishnaraja Sagara,135.609,26.686
2014-12-12,Krishnaraja Sagara,179.359,31.504
2014-12-13,Krishnaraja Sagara,163.303,36.321
2014-12-14,Krishnaraja Sagara,167.324,36.268
2014-12-15,Krishnaraja Sagara,163.501,36.215
2014-12-16,Krishnaraja Sagara,159.99,36.162
2014-12-17,Krishnaraja Sagara,147.956,36.109
2014-12-18,Krishnaraja Sagara,143.935,36.056
2014-12-19,Krishnaraja Sagara,107.831,36.003
2014-12-20,Krishnaraja Sagara,99.392,35.95
2014-12-21,Krishnaraja Sagara,101.827,35.897
2014-12-22,Krishnaraja Sagara,109.671,35.844
2014-12-23,Krishnaraja Sagara,101.657,35.791
2014-12-24,Krishnaraja Sagara,102.62,35.738
2014-12-25,Krishnaraja Sagara,98.599,35.685
2014-12-26,Krishnaraja Sagara,94.408,35.632
2014-12-27,Krishnaraja Sagara,109.784,35.58
2014-12-28,Krishnaraja Sagara,93.87,35.527
2014-12-29,Krishnaraja Sagara,82.091,35.474
2014-12-30,Krishnaraja Sagara,69.999,35.421
2014-12-31,Krishnaraja Sagara,77.645,35.368
2015-01-01,Krishnaraja Sagara,72.151,35.315
2015-01-02,Krishnaraja Sagara,51.508,30.724
2015-01-03,Krishnaraja Sagara,46.553,29.412
2015-01-04,Krishnaraja Sagara,51.027,28.1
2015-01-05,Krishnaraja Sagara,39.417,26.789
2015-01-06,Krishnaraja Sagara,35.481,25.477
2015-01-07,Krishnaraja Sagara,35.481,24.165
2015-01-08,Krishnaraja Sagara,39.417,22.854
2015-01-09,Krishnaraja Sagara,35.481,21.542
2015-01-10,Krishnaraja Sagara,39.417,21.542
2015-01-11,Krishnaraja Sagara,27.666,21.895
2015-01-12,Krishnaraja Sagara,52.641,24.747
2015-01-13,Krishnaraja Sagara,28.572,27.598
2015-01-14,Krishnaraja Sagara,32.281,28.005
2015-01-15,Krishnaraja Sagara,21.464,28.411
2015-01-16,Krishnaraja Sagara,14.442,28.817
2015-01-17,Krishnaraja Sagara,16.254,29.223
2015-01-18,Krishnaraja Sagara,16.82,29.629
2015-01-19,Krishnaraja Sagara,14.442,30.035
2015-01-20,Krishnaraja Sagara,40.635,30.441
2015-01-21,Krishnaraja Sagara,40.918,30.847
2015-01-22,Krishnaraja Sagara,34.377,31.253
2015-01-23,Krishnaraja Sagara,23.871,31.66
2015-01-24,Krishnaraja Sagara,26.873,32.066
2015-01-25,Krishnaraja Sagara,33.782,32.472
2015-01-26,Krishnaraja Sagara,42.617,32.878
2015-01-27,Krishnaraja Sagara,25.655,33.284
2015-01-28,Krishnaraja Sagara,25.683,33.69
2015-01-29,Krishnaraja Sagara,17.5,34.096
2015-01-30,Krishnaraja Sagara,21.068,34.502
2015-01-31,Krishnaraja Sagara,17.5,34.909
2015-02-01,Krishnaraja Sagara,17.5,35.315
2015-02-02,Krishnaraja Sagara,13.96,30.724
2015-02-03,Krishnaraja Sagara,9.628,29.62
2015-02-04,Krishnaraja Sagara,9.628,28.517
2015-02-05,Krishnaraja Sagara,9.628,27.413
2015-02-06,Krishnaraja Sagara,13.196,26.309
2015-02-07,Krishnaraja Sagara,13.196,25.206
2015-02-08,Krishnaraja Sagara,9.628,24.102
2015-02-09,Krishnaraja Sagara,9.628,22.999
2015-02-10,Krishnaraja Sagara,9.628,21.895
2015-02-11,Krishnaraja Sagara,10.364,22.248
2015-02-12,Krishnaraja Sagara,11.383,26.839
2015-02-13,Krishnaraja Sagara,9.146,27.338
2015-02-14,Krishnaraja Sagara,10.137,27.836
2015-02-15,Krishnaraja Sagara,7.589,28.335
2015-02-16,Krishnaraja Sagara,7.362,28.833
2015-02-17,Krishnaraja Sagara,9.146,29.332
2015-02-18,Krishnaraja Sagara,6.173,29.831
2015-02-19,Krishnaraja Sagara,5.947,30.329
2015-02-20,Krishnaraja Sagara,8.523,30.828
2015-02-21,Krishnaraja Sagara,8.099,31.326
2015-02-22,Krishnaraja Sagara,8.552,31.825
2015-02-23,Krishnaraja Sagara,7.192,32.323
2015-02-24,Krishnaraja Sagara,7.051,32.822
2015-02-25,Krishnaraja Sagara,8.665,33.32
2015-02-26,Krishnaraja Sagara,6.201,33.819
2015-02-27,Krishnaraja Sagara,6.145,34.318
2015-02-28,Krishnaraja Sagara,8.58,34.816
2015-03-01,Krishnaraja Sagara,8.438,35.315
2015-03-02,Krishnaraja Sagara,6.598,30.724
2015-03-03,Krishnaraja Sagara,7.872,29.311
2015-03-04,Krishnaraja Sagara,5.182,27.899
2015-03-05,Krishnaraja Sagara,5.182,26.486
2015-03-06,Krishnaraja Sagara,5.182,25.073
2015-03-07,Krishnaraja Sagara,8.127,23.661
2015-03-08,Krishnaraja Sagara,8.127,22.248
2015-03-09,Krishnaraja Sagara,8.127,20.836
2015-03-10,Krishnaraja Sagara,8.127,22.248
2015-03-11,Krishnaraja Sagara,11.015,22.955
2015-03-12,Krishnaraja Sagara,7.985,26.839
2015-03-13,Krishnaraja Sagara,10.987,27.281
2015-03-14,Krishnaraja Sagara,11.978,27.722
2015-03-15,Krishnaraja Sagara,10.76,28.163
2015-03-16,Krishnaraja Sagara,10.675,28.605
2015-03-17,Krishnaraja Sagara,9.543,29.046
2015-03-18,Krishnaraja Sagara,10.421,29.488
2015-03-19,Krishnaraja Sagara,7.532,29.929
2015-03-20,Krishnaraja Sagara,7.504,30.371
2015-03-21,Krishnaraja Sagara,7.419,30.812
2015-03-22,Krishnaraja Sagara,9.146,31.253
2015-03-23,Krishnaraja Sagara,10.137,31.695
2015-03-24,Krishnaraja Sagara,8.07,32.136
2015-03-25,Krishnaraja Sagara,7.532,32.578
2015-03-26,Krishnaraja Sagara,10.137,33.019
2015-03-27,Krishnaraja Sagara,7.589,33.461
2015-03-28,Krishnaraja Sagara,7.617,33.902
2015-03-29,Krishnaraja Sagara,7.249,34.344
2015-03-30,Krishnaraja Sagara,7.985,34.785
2015-03-31,Krishnaraja Sagara,7.221,35.226
2015-04-01,Krishnaraja Sagara,6.088,35.668
2015-04-02,Krishnaraja Sagara,6.315,30.724
2015-04-03,Krishnaraja Sagara,6.881,29.311
2015-04-04,Krishnaraja Sagara,7.164,27.899
2015-04-05,Krishnaraja Sagara,6.003,26.486
2015-04-06,Krishnaraja Sagara,6.003,25.073
2015-04-07,Krishnaraja Sagara,8.297,23.661
2015-04-08,Krishnaraja Sagara,6.003,22.248
2015-04-09,Krishnaraja Sagara,6.003,20.836
2015-04-10,Krishnaraja Sagara,8.297,22.248
2015-04-11,Krishnaraja Sagara,6.003,23.661
2015-04-12,Krishnaraja Sagara,7.419,27.192
2015-04-13,Krishnaraja Sagara,7.108,27.62
2015-04-14,Krishnaraja Sagara,6.938,28.047
2015-04-15,Krishnaraja Sagara,7.9,28.475
2015-04-16,Krishnaraja Sagara,7.334,28.902
2015-04-17,Krishnaraja Sagara,8.92,29.33
2015-04-18,Krishnaraja Sagara,8.184,29.757
2015-04-19,Krishnaraja Sagara,8.325,30.185
2015-04-20,Krishnaraja Sagara,7.221,30.612
2015-04-21,Krishnaraja Sagara,7.957,31.04
2015-04-22,Krishnaraja Sagara,6.654,31.467
2015-04-23,Krishnaraja Sagara,7.447,31.895
2015-04-24,Krishnaraja Sagara,6.909,32.322
2015-04-25,Krishnaraja Sagara,6.824,32.75
2015-04-26,Krishnaraja Sagara,7.532,33.177
2015-04-27,Krishnaraja Sagara,6.966,33.605
2015-04-28,Krishnaraja Sagara,7.759,34.032
2015-04-29,Krishnaraja Sagara,8.014,34.46
2015-04-30,Krishnaraja Sagara,7.73,34.887
2015-05-01,Krishnaraja Sagara,7.362,35.315
2015-05-02,Krishnaraja Sagara,7.476,30.724
2015-05-03,Krishnaraja Sagara,9.146,29.311
2015-05-04,Krishnaraja Sagara,9.146,27.899
2015-05-05,Krishnaraja Sagara,7.447,26.486
2015-05-06,Krishnaraja Sagara,7.447,25.073
2015-05-07,Krishnaraja Sagara,9.146,23.661
2015-05-08,Krishnaraja Sagara,9.146,22.248
2015-05-09,Krishnaraja Sagara,9.203,20.836
2015-05-10,Krishnaraja Sagara,9.203,22.248
2015-05-11,Krishnaraja Sagara,7.079,24.72
2015-05-12,Krishnaraja Sagara,8.24,27.192
2015-05-13,Krishnaraja Sagara,7.9,27.616
2015-05-14,Krishnaraja Sagara,8.637,28.04
2015-05-15,Krishnaraja Sagara,8.325,28.464
2015-05-16,Krishnaraja Sagara,9.146,28.887
2015-05-17,Krishnaraja Sagara,10.336,29.311
2015-05-18,Krishnaraja Sagara,33.187,29.735
2015-05-19,Krishnaraja Sagara,14.187,30.159
2015-05-20,Krishnaraja Sagara,17.5,30.583
2015-05-21,Krishnaraja Sagara,13.62,31.006
2015-05-22,Krishnaraja Sagara,18.406,31.43
2015-05-23,Krishnaraja Sagara,14.47,31.854
2015-05-24,Krishnaraja Sagara,12.828,32.278
2015-05-25,Krishnaraja Sagara,13.224,32.701
2015-05-26,Krishnaraja Sagara,11.751,33.125
2015-05-27,Krishnaraja Sagara,12.601,33.549
2015-05-28,Krishnaraja Sagara,23.22,33.973
2015-05-29,Krishnaraja Sagara,17.67,34.396
2015-05-30,Krishnaraja Sagara,26.108,34.82
2015-05-31,Krishnaraja Sagara,23.305,35.244
2015-06-01,Krishnaraja Sagara,26.674,35.668
2015-06-02,Krishnaraja Sagara,18.463,30.724
2015-06-03,Krishnaraja Sagara,19.765,29.362
2015-06-04,Krishnaraja Sagara,22.37,27.999
2015-06-05,Krishnaraja Sagara,24.692,26.637
2015-06-06,Krishnaraja Sagara,19.284,25.275
2015-06-07,Krishnaraja Sagara,15.404,23.913
2015-06-08,Krishnaraja Sagara,14.13,22.551
2015-06-09,Krishnaraja Sagara,14.102,21.189
2015-06-10,Krishnaraja Sagara,12.828,22.955
2015-06-11,Krishnaraja Sagara,11.525,25.427
2015-06-12,Krishnaraja Sagara,11.525,27.192
2015-06-13,Krishnaraja Sagara,11.525,27.638
2015-06-14,Krishnaraja Sagara,12.828,28.084
2015-06-15,Krishnaraja Sagara,14.13,28.531
2015-06-16,Krishnaraja Sagara,11.525,28.977
2015-06-17,Krishnaraja Sagara,14.13,29.423
2015-06-18,Krishnaraja Sagara,15.319,29.869
2015-06-19,Krishnaraja Sagara,24.806,30.315
2015-06-20,Krishnaraja Sagara,30.271,30.761
2015-06-21,Krishnaraja Sagara,74.332,31.207
2015-06-22,Krishnaraja Sagara,381.4,31.653
2015-06-23,Krishnaraja Sagara,732.755,32.099
2015-06-24,Krishnaraja Sagara,831.468,32.545
2015-06-25,Krishnaraja Sagara,780.667,32.991
2015-06-26,Krishnaraja Sagara,799.894,33.437
2015-06-27,Krishnaraja Sagara,805.444,33.883
2015-06-28,Krishnaraja Sagara,1033.848,34.33
2015-06-29,Krishnaraja Sagara,942.583,34.776
2015-06-30,Krishnaraja Sagara,547.903,35.222
2015-07-01,Krishnaraja Sagara,260.77,35.668
2015-07-02,Krishnaraja Sagara,140.791,30.724
2015-07-03,Krishnaraja Sagara,141.075,29.463
2015-07-04,Krishnaraja Sagara,142.519,28.201
2015-07-05,Krishnaraja Sagara,101.233,26.94
2015-07-06,Krishnaraja Sagara,94.38,25.679
2015-07-07,Krishnaraja Sagara,69.036,24.418
2015-07-08,Krishnaraja Sagara,59.494,23.156
2015-07-09,Krishnaraja Sagara,56.294,21.895
2015-07-10,Krishnaraja Sagara,62.58,23.661
2015-07-11,Krishnaraja Sagara,73.624,25.78
2015-07-12,Krishnaraja Sagara,111.54,27.545
2015-07-13,Krishnaraja Sagara,146.483,27.952
2015-07-14,Krishnaraja Sagara,130.965,28.358
2015-07-15,Krishnaraja Sagara,95.428,28.764
2015-07-16,Krishnaraja Sagara,74.813,29.17
2015-07-17,Krishnaraja Sagara,81.864,29.576
2015-07-18,Krishnaraja Sagara,72.406,29.982
2015-07-19,Krishnaraja Sagara,95.484,30.388
2015-07-20,Krishnaraja Sagara,445.566,30.794
2015-07-21,Krishnaraja Sagara,663.832,31.201
2015-07-22,Krishnaraja Sagara,460.602,31.607
2015-07-23,Krishnaraja Sagara,344.729,32.013
2015-07-24,Krishnaraja Sagara,275.042,32.419
2015-07-25,Krishnaraja Sagara,203.23,32.825
2015-07-26,Krishnaraja Sagara,167.381,33.231
2015-07-27,Krishnaraja Sagara,162.284,33.637
2015-07-28,Krishnaraja Sagara,144.104,34.043
2015-07-29,Krishnaraja Sagara,142.066,34.449
2015-07-30,Krishnaraja Sagara,151.552,34.856
2015-07-31,Krishnaraja Sagara,100.213,35.262
2015-08-01,Krishnaraja Sagara,58.446,35.668
2015-08-02,Krishnaraja Sagara,45.93,30.724
2015-08-03,Krishnaraja Sagara,34.858,29.563
2015-08-04,Krishnaraja Sagara,25.145,28.403
2015-08-05,Krishnaraja Sagara,23.305,27.243
2015-08-06,Krishnaraja Sagara,39.162,26.082
2015-08-07,Krishnaraja Sagara,75.379,24.922
2015-08-08,Krishnaraja Sagara,178.708,23.762
2015-08-09,Krishnaraja Sagara,238.343,22.601
2015-08-10,Krishnaraja Sagara,203.541,24.367
2015-08-11,Krishnaraja Sagara,152.373,26.133
2015-08-12,Krishnaraja Sagara,157.612,27.545
2015-08-13,Krishnaraja Sagara,264.253,27.969
2015-08-14,Krishnaraja Sagara,282.914,28.393
2015-08-15,Krishnaraja Sagara,366.788,28.817
2015-08-16,Krishnaraja Sagara,327.286,29.241
2015-08-17,Krishnaraja Sagara,282.999,29.664
2015-08-18,Krishnaraja Sagara,345.635,30.088
2015-08-19,Krishnaraja Sagara,402.128,30.512
2015-08-20,Krishnaraja Sagara,425.602,30.936
2015-08-21,Krishnaraja Sagara,292.343,31.359
2015-08-22,Krishnaraja Sagara,235.964,31.783
2015-08-23,Krishnaraja Sagara,304.18,32.207
2015-08-24,Krishnaraja Sagara,291.522,32.631
2015-08-25,Krishnaraja Sagara,207.676,33.055
2015-08-26,Krishnaraja Sagara,264.564,33.478
2015-08-27,Krishnaraja Sagara,197.057,33.902
2015-08-28,Krishnaraja Sagara,232.425,34.326
2015-08-29,Krishnaraja Sagara,205.297,34.75
2015-08-30,Krishnaraja Sagara,123.66,35.173
2015-08-31,Krishnaraja Sagara,95.768,35.597
2015-09-01,Krishnaraja Sagara,73.199,36.021
2015-09-02,Krishnaraja Sagara,65.61,34.388
2015-09-03,Krishnaraja Sagara,63.26,32.754
2015-09-04,Krishnaraja Sagara,70.792,31.121
2015-09-05,Krishnaraja Sagara,80.731,29.488
2015-09-06,Krishnaraja Sagara,150.957,27.854
2015-09-07,Krishnaraja Sagara,273.909,26.221
2015-09-08,Krishnaraja Sagara,231.802,24.588
2015-09-09,Krishnaraja Sagara,194.452,22.955
2015-09-10,Krishnaraja Sagara,267.056,24.72
2015-09-11,Krishnaraja Sagara,196.944,26.486
2015-09-12,Krishnaraja Sagara,135.213,27.545
2015-09-13,Krishnaraja Sagara,120.092,27.992
2015-09-14,Krishnaraja Sagara,96.475,28.438
2015-09-15,Krishnaraja Sagara,80.675,28.884
2015-09-16,Krishnaraja Sagara,98.061,29.33
2015-09-17,Krishnaraja Sagara,96.419,29.776
2015-09-18,Krishnaraja Sagara,98.259,30.222
2015-09-19,Krishnaraja Sagara,143.51,30.668
2015-09-20,Krishnaraja Sagara,129.238,31.114
2015-09-21,Krishnaraja Sagara,113.664,31.56
2015-09-22,Krishnaraja Sagara,192.611,32.006
2015-09-23,Krishnaraja Sagara,181.766,32.452
2015-09-24,Krishnaraja Sagara,152.996,32.898
2015-09-25,Krishnaraja Sagara,192.781,33.344
2015-09-26,Krishnaraja Sagara,313.524,33.791
2015-09-27,Krishnaraja Sagara,357.557,34.237
2015-09-28,Krishnaraja Sagara,425.942,34.683
2015-09-29,Krishnaraja Sagara,367.553,35.129
2015-09-30,Krishnaraja Sagara,292.881,35.575
2015-10-01,Krishnaraja Sagara,359.624,36.021
2015-10-02,Krishnaraja Sagara,297.61,34.476
2015-10-03,Krishnaraja Sagara,204.419,32.931
2015-10-04,Krishnaraja Sagara,124.056,31.386
2015-10-05,Krishnaraja Sagara,263.63,29.841
2015-10-06,Krishnaraja Sagara,239.504,28.296
2015-10-07,Krishnaraja Sagara,260.94,26.751
2015-10-08,Krishnaraja Sagara,174.432,25.206
2015-10-09,Krishnaraja Sagara,121.706,23.661
2015-10-10,Krishnaraja Sagara,135.496,25.073
2015-10-11,Krishnaraja Sagara,117.572,26.486
2015-10-12,Krishnaraja Sagara,152.175,27.545
2015-10-13,Krishnaraja Sagara,153.392,27.969
2015-10-14,Krishnaraja Sagara,129.097,28.393
2015-10-15,Krishnaraja Sagara,98.175,28.817
2015-10-16,Krishnaraja Sagara,107.462,29.241
2015-10-17,Krishnaraja Sagara,85.12,29.664
2015-10-18,Krishnaraja Sagara,91.265,30.088
2015-10-19,Krishnaraja Sagara,62.977,30.512
2015-10-20,Krishnaraja Sagara,58.191,30.936
2015-10-21,Krishnaraja Sagara,67.422,31.359
2015-10-22,Krishnaraja Sagara,57.88,31.783
2015-10-23,Krishnaraja Sagara,53.122,32.207
2015-10-24,Krishnaraja Sagara,50.517,32.631
2015-10-25,Krishnaraja Sagara,38.171,33.055
2015-10-26,Krishnaraja Sagara,36.953,33.478
2015-10-27,Krishnaraja Sagara,46.015,33.902
2015-10-28,Krishnaraja Sagara,49.356,34.326
2015-10-29,Krishnaraja Sagara,121.904,34.75
2015-10-30,Krishnaraja Sagara,100.808,35.173
2015-10-31,Krishnaraja Sagara,101.827,35.597
2015-11-01,Krishnaraja Sagara,93.049,36.021
2015-11-02,Krishnaraja Sagara,194.31,34.52
2015-11-03,Krishnaraja Sagara,297.072,33.019
2015-11-04,Krishnaraja Sagara,341.756,31.518
2015-11-05,Krishnaraja Sagara,339.802,30.017
2015-11-06,Krishnaraja Sagara,309.843,28.517
2015-11-07,Krishnaraja Sagara,138.271,27.016
2015-11-08,Krishnaraja Sagara,109.869,25.515
2015-11-09,Krishnaraja Sagara,92.709,24.014
2015-11-10,Krishnaraja Sagara,127.029,25.073
2015-11-11,Krishnaraja Sagara,135.723,26.839
2015-11-12,Krishnaraja Sagara,155.969,27.192
2015-11-13,Krishnaraja Sagara,124.368,27.638
2015-11-14,Krishnaraja Sagara,92.681,28.084
2015-11-15,Krishnaraja Sagara,121.479,28.531
2015-11-16,Krishnaraja Sagara,138.271,28.977
2015-11-17,Krishnaraja Sagara,109.869,29.423
2015-11-18,Krishnaraja Sagara,74.077,29.869
2015-11-19,Krishnaraja Sagara,96.192,30.315
2015-11-20,Krishnaraja Sagara,103.895,30.761
2015-11-21,Krishnaraja Sagara,90.529,31.207
2015-11-22,Krishnaraja Sagara,80.193,31.653
2015-11-23,Krishnaraja Sagara,87.471,32.099
2015-11-24,Krishnaraja Sagara,100.808,32.545
2015-11-25,Krishnaraja Sagara,87.471,32.991
2015-11-26,Krishnaraja Sagara,64.959,33.437
2015-11-27,Krishnaraja Sagara,56.209,33.883
2015-11-28,Krishnaraja Sagara,57.37,34.33
2015-11-29,Krishnaraja Sagara,47.034,34.776
2015-11-30,Krishnaraja Sagara,54.142,35.222
2015-12-01,Krishnaraja Sagara,57.851,35.668
2015-12-02,Krishnaraja Sagara,73.709,34.255
2015-12-03,Krishnaraja Sagara,73.256,32.843
2015-12-04,Krishnaraja Sagara,68.414,31.43
2015-12-05,Krishnaraja Sagara,71.698,30.017
2015-12-06,Krishnaraja Sagara,55.558,28.605
2015-12-07,Krishnaraja Sagara,50.064,27.192
2015-12-08,Krishnaraja Sagara,50.064,25.78
2015-12-09,Krishnaraja Sagara,53.406,24.367
2015-12-10,Krishnaraja Sagara,54.085,25.427
2015-12-11,Krishnaraja Sagara,50.8,27.545
2015-12-12,Krishnaraja Sagara,49.385,26.839
2015-12-13,Krishnaraja Sagara,55.756,26.68
2015-12-14,Krishnaraja Sagara,48.932,26.521
2015-12-15,Krishnaraja Sagara,59.607,26.362
2015-12-16,Krishnaraja Sagara,50.715,26.203
2015-12-17,Krishnaraja Sagara,46.27,26.045
2015-12-18,Krishnaraja Sagara,36.953,25.886
2015-12-19,Krishnaraja Sagara,34.377,25.727
2015-12-20,Krishnaraja Sagara,33.301,25.568
2015-12-21,Krishnaraja Sagara,38.454,25.409
2015-12-22,Krishnaraja Sagara,32.026,25.25
2015-12-23,Krishnaraja Sagara,30.242,25.091
2015-12-24,Krishnaraja Sagara,16.424,24.932
2015-12-25,Krishnaraja Sagara,22.399,24.773
2015-12-26,Krishnaraja Sagara,25.429,24.614
2015-12-27,Krishnaraja Sagara,22.37,24.455
2015-12-28,Krishnaraja Sagara,28.204,24.296
2015-12-29,Krishnaraja Sagara,40.238,24.138
2015-12-30,Krishnaraja Sagara,35.396,23.979
2015-12-31,Krishnaraja Sagara,29.336,23.82
2016-01-01,Krishnaraja Sagara,19.907,23.661
2016-01-02,Krishnaraja Sagara,17.443,19.07
2016-01-03,Krishnaraja Sagara,15.178,14.479
2016-01-04,Krishnaraja Sagara,12.573,9.888
2016-01-05,Krishnaraja Sagara,9.599,6.357
2016-01-06,Krishnaraja Sagara,9.599,5.297
2016-01-07,Krishnaraja Sagara,9.118,5.65
2016-01-08,Krishnaraja Sagara,10.619,9.535
2016-01-09,Krishnaraja Sagara,22.342,13.42
2016-01-10,Krishnaraja Sagara,18.293,11.301
2016-01-11,Krishnaraja Sagara,14.357,8.476
2016-01-12,Krishnaraja Sagara,23.475,5.65
2016-01-13,Krishnaraja Sagara,22.427,6.533
2016-01-14,Krishnaraja Sagara,16.367,7.416
2016-01-15,Krishnaraja Sagara,18.378,8.299
2016-01-16,Krishnaraja Sagara,18.236,9.182
2016-01-17,Krishnaraja Sagara,23.333,10.065
2016-01-18,Krishnaraja Sagara,23.078,10.948
2016-01-19,Krishnaraja Sagara,16.48,11.83
2016-01-20,Krishnaraja Sagara,11.015,12.713
2016-01-21,Krishnaraja Sagara,17.613,13.596
2016-01-22,Krishnaraja Sagara,26.221,14.479
2016-01-23,Krishnaraja Sagara,16.084,15.362
2016-01-24,Krishnaraja Sagara,10.874,16.245
2016-01-25,Krishnaraja Sagara,16.084,17.128
2016-01-26,Krishnaraja Sagara,10.874,18.01
2016-01-27,Krishnaraja Sagara,8.269,18.893
2016-01-28,Krishnaraja Sagara,10.874,19.776
2016-01-29,Krishnaraja Sagara,8.269,20.659
2016-01-30,Krishnaraja Sagara,8.269,21.542
2016-01-31,Krishnaraja Sagara,8.269,22.425
2016-02-01,Krishnaraja Sagara,6.343,23.308
2016-02-02,Krishnaraja Sagara,7.504,18.364
2016-02-03,Krishnaraja Sagara,8.438,13.42
2016-02-04,Krishnaraja Sagara,8.722,9.888
2016-02-05,Krishnaraja Sagara,8.127,6.357
2016-02-06,Krishnaraja Sagara,8.552,4.944
2016-02-07,Krishnaraja Sagara,6.541,7.416
2016-02-08,Krishnaraja Sagara,8.495,10.418
2016-02-09,Krishnaraja Sagara,10.817,13.42
2016-02-10,Krishnaraja Sagara,8.976,11.301
2016-02-11,Krishnaraja Sagara,9.854,6.357
2016-02-12,Krishnaraja Sagara,10.109,5.65
2016-02-13,Krishnaraja Sagara,12.205,6.631
2016-02-14,Krishnaraja Sagara,12.176,7.612
2016-02-15,Krishnaraja Sagara,13.507,8.593
2016-02-16,Krishnaraja Sagara,12.063,9.574
2016-02-17,Krishnaraja Sagara,12.431,10.555
2016-02-18,Krishnaraja Sagara,10.675,11.536
2016-02-19,Krishnaraja Sagara,11.327,12.517
2016-02-20,Krishnaraja Sagara,9.175,13.498
2016-02-21,Krishnaraja Sagara,9.571,14.479
2016-02-22,Krishnaraja Sagara,10.506,15.46
2016-02-23,Krishnaraja Sagara,8.353,16.441
2016-02-24,Krishnaraja Sagara,8.325,17.422
2016-02-25,Krishnaraja Sagara,10.477,18.403
2016-02-26,Krishnaraja Sagara,8.325,19.384
2016-02-27,Krishnaraja Sagara,8.325,20.365
2016-02-28,Krishnaraja Sagara,8.325,21.346
2016-02-29,Krishnaraja Sagara,10.477,22.327
2016-03-01,Krishnaraja Sagara,8.297,23.308
2016-03-02,Krishnaraja Sagara,8.297,18.364
2016-03-03,Krishnaraja Sagara,7.532,13.42
2016-03-04,Krishnaraja Sagara,8.24,9.888
2016-03-05,Krishnaraja Sagara,8.212,6.357
2016-03-06,Krishnaraja Sagara,7.957,4.944
2016-03-07,Krishnaraja Sagara,8.438,8.476
2016-03-08,Krishnaraja Sagara,8.665,10.948
2016-03-09,Krishnaraja Sagara,8.495,13.42
2016-03-10,Krishnaraja Sagara,8.863,11.301
2016-03-11,Krishnaraja Sagara,9.26,6.71
2016-03-12,Krishnaraja Sagara,9.883,5.65
2016-03-13,Krishnaraja Sagara,8.665,6.533
2016-03-14,Krishnaraja Sagara,9.26,7.416
2016-03-15,Krishnaraja Sagara,7.589,8.299
2016-03-16,Krishnaraja Sagara,8.325,9.182
2016-03-17,Krishnaraja Sagara,9.146,10.065
2016-03-18,Krishnaraja Sagara,8.297,10.948
2016-03-19,Krishnaraja Sagara,9.911,11.83
2016-03-20,Krishnaraja Sagara,9.288,12.713
2016-03-21,Krishnaraja Sagara,8.948,13.596
2016-03-22,Krishnaraja Sagara,8.807,14.479
2016-03-23,Krishnaraja Sagara,8.382,15.362
2016-03-24,Krishnaraja Sagara,6.938,16.245
2016-03-25,Krishnaraja Sagara,6.909,17.128
2016-03-26,Krishnaraja Sagara,6.909,18.01
2016-03-27,Krishnaraja Sagara,6.909,18.893
2016-03-28,Krishnaraja Sagara,5.295,19.776
2016-03-29,Krishnaraja Sagara,5.295,20.659
2016-03-30,Krishnaraja Sagara,5.295,21.542
2016-03-31,Krishnaraja Sagara,5.295,22.425
2016-04-01,Krishnaraja Sagara,5.295,23.308
2016-04-02,Krishnaraja Sagara,6.088,18.776
2016-04-03,Krishnaraja Sagara,4.559,14.244
2016-04-04,Krishnaraja Sagara,4.616,9.712
2016-04-05,Krishnaraja Sagara,4.955,6.357
2016-04-06,Krishnaraja Sagara,4.927,4.944
2016-04-07,Krishnaraja Sagara,4.786,9.182
2016-04-08,Krishnaraja Sagara,4.332,11.477
2016-04-09,Krishnaraja Sagara,5.097,13.773
2016-04-10,Krishnaraja Sagara,3.879,11.301
2016-04-11,Krishnaraja Sagara,3.625,7.063
2016-04-12,Krishnaraja Sagara,4.474,5.65
2016-04-13,Krishnaraja Sagara,4.446,6.58
2016-04-14,Krishnaraja Sagara,4.446,7.509
2016-04-15,Krishnaraja Sagara,4.531,8.438
2016-04-16,Krishnaraja Sagara,4.587,9.368
2016-04-17,Krishnaraja Sagara,4.559,10.297
2016-04-18,Krishnaraja Sagara,4.559,11.226
2016-04-19,Krishnaraja Sagara,4.701,12.156
2016-04-20,Krishnaraja Sagara,4.672,13.085
2016-04-21,Krishnaraja Sagara,4.672,14.014
2016-04-22,Krishnaraja Sagara,4.644,14.944
2016-04-23,Krishnaraja Sagara,4.616,15.873
2016-04-24,Krishnaraja Sagara,4.616,16.802
2016-04-25,Krishnaraja Sagara,4.616,17.732
2016-04-26,Krishnaraja Sagara,4.587,18.661
2016-04-27,Krishnaraja Sagara,4.587,19.59
2016-04-28,Krishnaraja Sagara,3.087,20.52
2016-04-29,Krishnaraja Sagara,4.559,21.449
2016-04-30,Krishnaraja Sagara,4.531,22.378
2016-05-01,Krishnaraja Sagara,4.786,23.308
2016-05-02,Krishnaraja Sagara,3.285,18.776
2016-05-03,Krishnaraja Sagara,3.228,14.244
2016-05-04,Krishnaraja Sagara,3.2,9.712
2016-05-05,Krishnaraja Sagara,3.738,6.357
2016-05-06,Krishnaraja Sagara,3.285,4.944
2016-05-07,Krishnaraja Sagara,3.256,9.535
2016-05-08,Krishnaraja Sagara,3.228,11.654
2016-05-09,Krishnaraja Sagara,4.616,13.773
2016-05-10,Krishnaraja Sagara,3.2,10.594
2016-05-11,Krishnaraja Sagara,3.2,7.063
2016-05-12,Krishnaraja Sagara,3.2,6.003
2016-05-13,Krishnaraja Sagara,4.616,6.869
2016-05-14,Krishnaraja Sagara,3.2,7.734
2016-05-15,Krishnaraja Sagara,4.616,8.599
2016-05-16,Krishnaraja Sagara,3.2,9.464
2016-05-17,Krishnaraja Sagara,3.058,10.33
2016-05-18,Krishnaraja Sagara,4.446,11.195
2016-05-19,Krishnaraja Sagara,4.389,12.06
2016-05-20,Krishnaraja Sagara,4.304,12.925
2016-05-21,Krishnaraja Sagara,4.304,13.79
2016-05-22,Krishnaraja Sagara,4.304,14.656
2016-05-23,Krishnaraja Sagara,2.917,15.521
2016-05-24,Krishnaraja Sagara,2.917,16.386
2016-05-25,Krishnaraja Sagara,4.304,17.251
2016-05-26,Krishnaraja Sagara,2.917,18.116
2016-05-27,Krishnaraja Sagara,4.304,18.982
2016-05-28,Krishnaraja Sagara,3.511,19.847
2016-05-29,Krishnaraja Sagara,3.936,20.712
2016-05-30,Krishnaraja Sagara,4.701,21.577
2016-05-31,Krishnaraja Sagara,3.908,22.442
2016-06-01,Krishnaraja Sagara,4.984,23.308
2016-06-02,Krishnaraja Sagara,4.587,19.07
2016-06-03,Krishnaraja Sagara,4.899,14.832
2016-06-04,Krishnaraja Sagara,5.21,10.594
2016-06-05,Krishnaraja Sagara,5.21,6.357
2016-06-06,Krishnaraja Sagara,3.908,4.944
2016-06-07,Krishnaraja Sagara,3.908,7.887
2016-06-08,Krishnaraja Sagara,5.21,10.83
2016-06-09,Krishnaraja Sagara,5.21,13.773
2016-06-10,Krishnaraja Sagara,5.21,10.241
2016-06-11,Krishnaraja Sagara,4.417,7.416
2016-06-12,Krishnaraja Sagara,4.927,6.003
2016-06-13,Krishnaraja Sagara,4.106,6.896
2016-06-14,Krishnaraja Sagara,4.531,7.788
2016-06-15,Krishnaraja Sagara,6.343,8.68
2016-06-16,Krishnaraja Sagara,8.976,9.572
2016-06-17,Krishnaraja Sagara,8.297,10.464
2016-06-18,Krishnaraja Sagara,14.017,11.356
2016-06-19,Krishnaraja Sagara,19.227,12.249
2016-06-20,Krishnaraja Sagara,20.416,13.141
2016-06-21,Krishnaraja Sagara,20.303,14.033
2016-06-22,Krishnaraja Sagara,19.227,14.925
2016-06-23,Krishnaraja Sagara,21.039,15.817
2016-06-24,Krishnaraja Sagara,21.719,16.709
2016-06-25,Krishnaraja Sagara,23.248,17.602
2016-06-26,Krishnaraja Sagara,26.165,18.494
2016-06-27,Krishnaraja Sagara,39.445,19.386
2016-06-28,Krishnaraja Sagara,42.758,20.278
2016-06-29,Krishnaraja Sagara,60.202,21.17
2016-06-30,Krishnaraja Sagara,488.862,22.062
2016-07-01,Krishnaraja Sagara,663.605,22.955
2016-07-02,Krishnaraja Sagara,604.253,18.805
2016-07-03,Krishnaraja Sagara,458.478,14.656
2016-07-04,Krishnaraja Sagara,347.589,10.506
2016-07-05,Krishnaraja Sagara,215.888,6.357
2016-07-06,Krishnaraja Sagara,329.976,4.944
2016-07-07,Krishnaraja Sagara,323.463,7.769
2016-07-08,Krishnaraja Sagara,260.09,10.594
2016-07-09,Krishnaraja Sagara,236.361,13.42
2016-07-10,Krishnaraja Sagara,219.342,9.888
2016-07-11,Krishnaraja Sagara,180.69,7.416
2016-07-12,Krishnaraja Sagara,346.655,6.003
2016-07-13,Krishnaraja Sagara,554.302,6.851
2016-07-14,Krishnaraja Sagara,559.569,7.699
2016-07-15,Krishnaraja Sagara,415.663,8.546
2016-07-16,Krishnaraja Sagara,338.669,9.394
2016-07-17,Krishnaraja Sagara,285.604,10.241
2016-07-18,Krishnaraja Sagara,268.076,11.089
2016-07-19,Krishnaraja Sagara,215.746,11.936
2016-07-20,Krishnaraja Sagara,191.592,12.784
2016-07-21,Krishnaraja Sagara,242.052,13.631
2016-07-22,Krishnaraja Sagara,241.967,14.479
2016-07-23,Krishnaraja Sagara,213.792,15.327
2016-07-24,Krishnaraja Sagara,270.454,16.174
2016-07-25,Krishnaraja Sagara,218.351,17.022
2016-07-26,Krishnaraja Sagara,218.889,17.869
2016-07-27,Krishnaraja Sagara,189.27,18.717
2016-07-28,Krishnaraja Sagara,164.549,19.564
2016-07-29,Krishnaraja Sagara,205.637,20.412
2016-07-30,Krishnaraja Sagara,168.117,21.259
2016-07-31,Krishnaraja Sagara,126.435,22.107
2016-08-01,Krishnaraja Sagara,118.364,22.955
2016-08-02,Krishnaraja Sagara,123.15,18.805
2016-08-03,Krishnaraja Sagara,122.952,14.656
2016-08-04,Krishnaraja Sagara,116.637,10.506
2016-08-05,Krishnaraja Sagara,143.623,6.357
2016-08-06,Krishnaraja Sagara,212.801,4.944
2016-08-07,Krishnaraja Sagara,269.208,7.534
2016-08-08,Krishnaraja Sagara,200.398,10.124
2016-08-09,Krishnaraja Sagara,221.296,12.713
2016-08-10,Krishnaraja Sagara,271.927,9.182
2016-08-11,Krishnaraja Sagara,265.839,7.416
2016-08-12,Krishnaraja Sagara,217.87,6.003
2016-08-13,Krishnaraja Sagara,208.044,6.833
2016-08-14,Krishnaraja Sagara,200.455,7.663
2016-08-15,Krishnaraja Sagara,185.645,8.493
2016-08-16,Krishnaraja Sagara,192.696,9.323
2016-08-17,Krishnaraja Sagara,218.663,10.153
2016-08-18,Krishnaraja Sagara,310.579,10.983
2016-08-19,Krishnaraja Sagara,340.029,11.813
2016-08-20,Krishnaraja Sagara,311.712,12.643
2016-08-21,Krishnaraja Sagara,246.3,13.473
2016-08-22,Krishnaraja Sagara,198.841,14.302
2016-08-23,Krishnaraja Sagara,167.154,15.132
2016-08-24,Krishnaraja Sagara,121.677,15.962
2016-08-25,Krishnaraja Sagara,118.223,16.792
2016-08-26,Krishnaraja Sagara,165.314,17.622
2016-08-27,Krishnaraja Sagara,160.019,18.452
2016-08-28,Krishnaraja Sagara,182.785,19.282
2016-08-29,Krishnaraja Sagara,192.838,20.112
2016-08-30,Krishnaraja Sagara,208.78,20.942
2016-08-31,Krishnaraja Sagara,243.666,21.771
2016-09-01,Krishnaraja Sagara,123.093,22.601
2016-09-02,Krishnaraja Sagara,102.026,18.452
2016-09-03,Krishnaraja Sagara,100.072,14.302
2016-09-04,Krishnaraja Sagara,98.401,10.153
2016-09-05,Krishnaraja Sagara,98.854,6.003
2016-09-06,Krishnaraja Sagara,73.227,4.944
2016-09-07,Krishnaraja Sagara,56.747,7.416
2016-09-08,Krishnaraja Sagara,74.898,9.888
2016-09-09,Krishnaraja Sagara,353.111,12.36
2016-09-10,Krishnaraja Sagara,357.189,8.829
2016-09-11,Krishnaraja Sagara,335.47,7.416
2016-09-12,Krishnaraja Sagara,336.263,6.003
2016-09-13,Krishnaraja Sagara,278.836,6.858
2016-09-14,Krishnaraja Sagara,234.775,7.713
2016-09-15,Krishnaraja Sagara,228.092,8.568
2016-09-16,Krishnaraja Sagara,202.947,9.423
2016-09-17,Krishnaraja Sagara,196.151,10.278
2016-09-18,Krishnaraja Sagara,207.676,11.133
2016-09-19,Krishnaraja Sagara,197.793,11.988
2016-09-20,Krishnaraja Sagara,171.997,12.843
2016-09-21,Krishnaraja Sagara,170.496,13.698
2016-09-22,Krishnaraja Sagara,157.697,14.553
2016-09-23,Krishnaraja Sagara,116.156,15.408
2016-09-24,Krishnaraja Sagara,55.274,16.263
2016-09-25,Krishnaraja Sagara,37.152,17.118
2016-09-26,Krishnaraja Sagara,33.555,17.973
2016-09-27,Krishnaraja Sagara,86.735,18.828
2016-09-28,Krishnaraja Sagara,84.809,19.683
2016-09-29,Krishnaraja Sagara,103.526,20.538
2016-09-30,Krishnaraja Sagara,77.588,21.393
2016-10-01,Krishnaraja Sagara,39.106,22.248
2016-10-02,Krishnaraja Sagara,30.072,18.187
2016-10-03,Krishnaraja Sagara,30.101,14.126
2016-10-04,Krishnaraja Sagara,24.834,10.065
2016-10-05,Krishnaraja Sagara,57.88,6.003
2016-10-06,Krishnaraja Sagara,119.554,4.944
2016-10-07,Krishnaraja Sagara,130.796,7.298
2016-10-08,Krishnaraja Sagara,114.23,9.653
2016-10-09,Krishnaraja Sagara,130.059,12.007
2016-10-10,Krishnaraja Sagara,114.938,8.122
2016-10-11,Krishnaraja Sagara,88.094,7.416
2016-10-12,Krishnaraja Sagara,64.846,6.003
2016-10-13,Krishnaraja Sagara,36.642,6.798
2016-10-14,Krishnaraja Sagara,46.298,7.593
2016-10-15,Krishnaraja Sagara,28.713,8.387
2016-10-16,Krishnaraja Sagara,33.386,9.182
2016-10-17,Krishnaraja Sagara,27.354,9.976
2016-10-18,Krishnaraja Sagara,31.913,10.771
2016-10-19,Krishnaraja Sagara,30.412,11.566
2016-10-20,Krishnaraja Sagara,31.941,12.36
2016-10-21,Krishnaraja Sagara,27.439,13.155
2016-10-22,Krishnaraja Sagara,21.606,13.949
2016-10-23,Krishnaraja Sagara,18.717,14.744
2016-10-24,Krishnaraja Sagara,14.045,15.538
2016-10-25,Krishnaraja Sagara,19.652,16.333
2016-10-26,Krishnaraja Sagara,9.514,17.128
2016-10-27,Krishnaraja Sagara,7.759,17.922
2016-10-28,Krishnaraja Sagara,9.599,18.717
2016-10-29,Krishnaraja Sagara,14.583,19.511
2016-10-30,Krishnaraja Sagara,41.088,20.306
2016-10-31,Krishnaraja Sagara,120.233,21.101
2016-11-01,Krishnaraja Sagara,190.402,21.895
2016-11-02,Krishnaraja Sagara,240.268,16.951
2016-11-03,Krishnaraja Sagara,170.382,12.007
2016-11-04,Krishnaraja Sagara,108.17,7.063
2016-11-05,Krishnaraja Sagara,40.125,6.003
2016-11-06,Krishnaraja Sagara,20.445,4.944
2016-11-07,Krishnaraja Sagara,21.974,7.357
2016-11-08,Krishnaraja Sagara,22.399,9.77
2016-11-09,Krishnaraja Sagara,22.427,12.184
2016-11-10,Krishnaraja Sagara,17.613,7.769
2016-11-11,Krishnaraja Sagara,15.376,7.063
2016-11-12,Krishnaraja Sagara,8.184,6.003
2016-11-13,Krishnaraja Sagara,18.264,6.84
2016-11-14,Krishnaraja Sagara,11.61,7.676
2016-11-15,Krishnaraja Sagara,39.615,8.513
2016-11-16,Krishnaraja Sagara,35.339,9.349
2016-11-17,Krishnaraja Sagara,31.998,10.185
2016-11-18,Krishnaraja Sagara,31.205,11.022
2016-11-19,Krishnaraja Sagara,28.543,11.858
2016-11-20,Krishnaraja Sagara,27.241,12.695
2016-11-21,Krishnaraja Sagara,25.91,13.531
2016-11-22,Krishnaraja Sagara,23.248,14.367
2016-11-23,Krishnaraja Sagara,21.917,15.204
2016-11-24,Krishnaraja Sagara,20.558,16.04
2016-11-25,Krishnaraja Sagara,22.172,16.877
2016-11-26,Krishnaraja Sagara,22.399,17.713
2016-11-27,Krishnaraja Sagara,21.039,18.549
2016-11-28,Krishnaraja Sagara,21.039,19.386
2016-11-29,Krishnaraja Sagara,19.652,20.222
2016-11-30,Krishnaraja Sagara,21.039,21.059
2016-12-01,Krishnaraja Sagara,16.792,21.895
2016-12-02,Krishnaraja Sagara,15.574,16.951
2016-12-03,Krishnaraja Sagara,14.187,12.007
2016-12-04,Krishnaraja Sagara,12.799,7.063
2016-12-05,Krishnaraja Sagara,12.799,6.003
2016-12-06,Krishnaraja Sagara,11.412,4.591
2016-12-07,Krishnaraja Sagara,10.052,7.063
2016-12-08,Krishnaraja Sagara,10.052,9.535
2016-12-09,Krishnaraja Sagara,8.665,12.007
2016-12-10,Krishnaraja Sagara,7.306,7.416
2016-12-11,Krishnaraja Sagara,8.665,6.71
2016-12-12,Krishnaraja Sagara,7.277,6.003
2016-12-13,Krishnaraja Sagara,7.306,6.003
2016-12-14,Krishnaraja Sagara,22.455,6.003
2016-12-15,Krishnaraja Sagara,16.933,6.003
2016-12-16,Krishnaraja Sagara,11.412,6.003
2016-12-17,Krishnaraja Sagara,14.187,6.003
2016-12-18,Krishnaraja Sagara,17.018,6.003
2016-12-19,Krishnaraja Sagara,18.944,6.003
2016-12-20,Krishnaraja Sagara,17.415,6.003
2016-12-21,Krishnaraja Sagara,18.831,6.003
2016-12-22,Krishnaraja Sagara,15.999,6.003
2016-12-23,Krishnaraja Sagara,15.999,6.003
2016-12-24,Krishnaraja Sagara,14.555,6.003
2016-12-25,Krishnaraja Sagara,15.999,6.003
2016-12-26,Krishnaraja Sagara,14.555,6.003
2016-12-27,Krishnaraja Sagara,13.139,6.003
2016-12-28,Krishnaraja Sagara,10.307,6.003
2016-12-29,Krishnaraja Sagara,8.891,6.003
2016-12-30,Krishnaraja Sagara,10.307,6.003
2016-12-31,Krishnaraja Sagara,8.891,6.003
2017-01-01,Krishnaraja Sagara,7.476,6.003
2017-01-02,Krishnaraja Sagara,7.617,6.003
2017-01-03,Krishnaraja Sagara,7.617,7.063
2017-01-04,Krishnaraja Sagara,7.617,5.297
2017-01-05,Krishnaraja Sagara,9.033,3.178
2017-01-06,Krishnaraja Sagara,7.617,2.119
2017-01-07,Krishnaraja Sagara,9.033,3.531
2017-01-08,Krishnaraja Sagara,10.449,7.981
2017-01-09,Krishnaraja Sagara,9.033,12.431
2017-01-10,Krishnaraja Sagara,7.617,16.88
2017-01-11,Krishnaraja Sagara,9.033,21.33
2017-01-12,Krishnaraja Sagara,7.617,25.78
2017-01-13,Krishnaraja Sagara,9.033,24.791
2017-01-14,Krishnaraja Sagara,6.173,23.802
2017-01-15,Krishnaraja Sagara,6.173,22.813
2017-01-16,Krishnaraja Sagara,7.617,21.824
2017-01-17,Krishnaraja Sagara,6.031,20.836
2017-01-18,Krishnaraja Sagara,7.476,19.847
2017-01-19,Krishnaraja Sagara,6.031,18.858
2017-01-20,Krishnaraja Sagara,6.031,17.869
2017-01-21,Krishnaraja Sagara,7.476,16.88
2017-01-22,Krishnaraja Sagara,6.031,15.892
2017-01-23,Krishnaraja Sagara,6.031,14.903
2017-01-24,Krishnaraja Sagara,7.476,13.914
2017-01-25,Krishnaraja Sagara,6.031,12.925
2017-01-26,Krishnaraja Sagara,6.031,11.936
2017-01-27,Krishnaraja Sagara,7.476,10.948
2017-01-28,Krishnaraja Sagara,6.031,9.959
2017-01-29,Krishnaraja Sagara,6.031,8.97
2017-01-30,Krishnaraja Sagara,4.616,7.981
2017-01-31,Krishnaraja Sagara,6.031,6.992
2017-02-01,Krishnaraja Sagara,6.031,6.003
2017-02-02,Krishnaraja Sagara,6.031,6.533
2017-02-03,Krishnaraja Sagara,4.587,7.063
2017-02-04,Krishnaraja Sagara,4.587,4.944
2017-02-05,Krishnaraja Sagara,5.918,3.178
2017-02-06,Krishnaraja Sagara,5.777,2.119
2017-02-07,Krishnaraja Sagara,5.777,3.885
2017-02-08,Krishnaraja Sagara,4.389,8.193
2017-02-09,Krishnaraja Sagara,4.389,12.501
2017-02-10,Krishnaraja Sagara,4.389,16.81
2017-02-11,Krishnaraja Sagara,5.239,21.118
2017-02-12,Krishnaraja Sagara,4.389,25.427
2017-02-13,Krishnaraja Sagara,4.389,24.284
2017-02-14,Krishnaraja Sagara,4.389,23.141
2017-02-15,Krishnaraja Sagara,3.002,21.999
2017-02-16,Krishnaraja Sagara,3.002,20.856
2017-02-17,Krishnaraja Sagara,3.002,19.714
2017-02-18,Krishnaraja Sagara,4.389,18.571
2017-02-19,Krishnaraja Sagara,2.973,17.429
2017-02-20,Krishnaraja Sagara,2.973,16.286
2017-02-21,Krishnaraja Sagara,2.973,15.144
2017-02-22,Krishnaraja Sagara,2.973,14.001
2017-02-23,Krishnaraja Sagara,2.973,12.859
2017-02-24,Krishnaraja Sagara,2.973,11.716
2017-02-25,Krishnaraja Sagara,4.361,10.574
2017-02-26,Krishnaraja Sagara,59.494,9.431
2017-02-27,Krishnaraja Sagara,250.491,8.289
2017-02-28,Krishnaraja Sagara,172.733,7.146
2017-03-01,Krishnaraja Sagara,32.338,6.003
2017-03-02,Krishnaraja Sagara,32.366,6.003
2017-03-03,Krishnaraja Sagara,10.789,7.063
2017-03-04,Krishnaraja Sagara,9.826,4.944
2017-03-05,Krishnaraja Sagara,9.741,3.178
2017-03-06,Krishnaraja Sagara,9.656,2.119
2017-03-07,Krishnaraja Sagara,9.571,3.885
2017-03-08,Krishnaraja Sagara,9.911,8.193
2017-03-09,Krishnaraja Sagara,9.996,12.501
2017-03-10,Krishnaraja Sagara,9.146,16.81
2017-03-11,Krishnaraja Sagara,9.09,21.118
2017-03-12,Krishnaraja Sagara,9.033,25.427
2017-03-13,Krishnaraja Sagara,8.976,24.455
2017-03-14,Krishnaraja Sagara,5.975,23.484
2017-03-15,Krishnaraja Sagara,5.89,22.513
2017-03-16,Krishnaraja Sagara,9.005,21.542
2017-03-17,Krishnaraja Sagara,6.541,20.571
2017-03-18,Krishnaraja Sagara,6.4,19.6
2017-03-19,Krishnaraja Sagara,6.371,18.628
2017-03-20,Krishnaraja Sagara,6.315,17.657
2017-03-21,Krishnaraja Sagara,6.116,16.686
2017-03-22,Krishnaraja Sagara,5.89,15.715
2017-03-23,Krishnaraja Sagara,7.277,14.744
2017-03-24,Krishnaraja Sagara,6.23,13.773
2017-03-25,Krishnaraja Sagara,6.116,12.802
2017-03-26,Krishnaraja Sagara,7.391,11.83
2017-03-27,Krishnaraja Sagara,7.277,10.859
2017-03-28,Krishnaraja Sagara,7.051,9.888
2017-03-29,Krishnaraja Sagara,7.447,8.917
2017-03-30,Krishnaraja Sagara,7.306,7.946
2017-03-31,Krishnaraja Sagara,7.136,6.975
2017-04-01,Krishnaraja Sagara,6.428,6.003
2017-04-02,Krishnaraja Sagara,7.079,6.003
2017-04-03,Krishnaraja Sagara,5.862,7.063
2017-04-04,Krishnaraja Sagara,6.966,4.944
2017-04-05,Krishnaraja Sagara,6.768,3.178
2017-04-06,Krishnaraja Sagara,7.532,2.119
2017-04-07,Krishnaraja Sagara,7.306,4.238
2017-04-08,Krishnaraja Sagara,7.249,8.405
2017-04-09,Krishnaraja Sagara,7.164,12.572
2017-04-10,Krishnaraja Sagara,7.108,16.739
2017-04-11,Krishnaraja Sagara,9.514,20.906
2017-04-12,Krishnaraja Sagara,8.24,25.073
2017-04-13,Krishnaraja Sagara,8.353,24.07
2017-04-14,Krishnaraja Sagara,8.297,23.066
2017-04-15,Krishnaraja Sagara,7.334,22.062
2017-04-16,Krishnaraja Sagara,8.467,21.059
2017-04-17,Krishnaraja Sagara,9.571,20.055
2017-04-18,Krishnaraja Sagara,10.732,19.051
2017-04-19,Krishnaraja Sagara,12.318,18.048
2017-04-20,Krishnaraja Sagara,12.346,17.044
2017-04-21,Krishnaraja Sagara,11.129,16.04
2017-04-22,Krishnaraja Sagara,11.044,15.037
2017-04-23,Krishnaraja Sagara,10.959,14.033
2017-04-24,Krishnaraja Sagara,10.902,13.029
2017-04-25,Krishnaraja Sagara,10.817,12.026
2017-04-26,Krishnaraja Sagara,10.874,11.022
2017-04-27,Krishnaraja Sagara,9.741,10.018
2017-04-28,Krishnaraja Sagara,10.817,9.015
2017-04-29,Krishnaraja Sagara,10.732,8.011
2017-04-30,Krishnaraja Sagara,10.675,7.007
2017-05-01,Krishnaraja Sagara,10.817,6.003
2017-05-02,Krishnaraja Sagara,10.307,6.003
2017-05-03,Krishnaraja Sagara,10.477,7.063
2017-05-04,Krishnaraja Sagara,9.514,4.591
2017-05-05,Krishnaraja Sagara,9.43,3.178
2017-05-06,Krishnaraja Sagara,10.449,2.119
2017-05-07,Krishnaraja Sagara,10.364,4.591
2017-05-08,Krishnaraja Sagara,10.732,8.687
2017-05-09,Krishnaraja Sagara,9.883,12.784
2017-05-10,Krishnaraja Sagara,10.194,16.88
2017-05-11,Krishnaraja Sagara,6.909,20.977
2017-05-12,Krishnaraja Sagara,6.796,25.073
2017-05-13,Krishnaraja Sagara,6.683,24.12
2017-05-14,Krishnaraja Sagara,5.522,23.166
2017-05-15,Krishnaraja Sagara,5.38,22.213
2017-05-16,Krishnaraja Sagara,5.409,21.259
2017-05-17,Krishnaraja Sagara,5.182,20.306
2017-05-18,Krishnaraja Sagara,6.06,19.352
2017-05-19,Krishnaraja Sagara,6.541,18.399
2017-05-20,Krishnaraja Sagara,6.315,17.445
2017-05-21,Krishnaraja Sagara,6.881,16.492
2017-05-22,Krishnaraja Sagara,6.485,15.538
2017-05-23,Krishnaraja Sagara,7.108,14.585
2017-05-24,Krishnaraja Sagara,8.722,13.631
2017-05-25,Krishnaraja Sagara,7.759,12.678
2017-05-26,Krishnaraja Sagara,7.73,11.724
2017-05-27,Krishnaraja Sagara,8.665,10.771
2017-05-28,Krishnaraja Sagara,10.591,9.817
2017-05-29,Krishnaraja Sagara,14.951,8.864
2017-05-30,Krishnaraja Sagara,15.942,7.91
2017-05-31,Krishnaraja Sagara,14.951,6.957
2017-06-01,Krishnaraja Sagara,14.951,6.003
2017-06-02,Krishnaraja Sagara,14.583,6.003
2017-06-03,Krishnaraja Sagara,14.64,7.063
2017-06-04,Krishnaraja Sagara,13.564,4.591
2017-06-05,Krishnaraja Sagara,15.603,3.178
2017-06-06,Krishnaraja Sagara,14.753,2.119
2017-06-07,Krishnaraja Sagara,13.366,4.944
2017-06-08,Krishnaraja Sagara,13.337,8.97
2017-06-09,Krishnaraja Sagara,12.403,12.996
2017-06-10,Krishnaraja Sagara,13.309,17.022
2017-06-11,Krishnaraja Sagara,12.346,21.048
2017-06-12,Krishnaraja Sagara,13.252,25.073
2017-06-13,Krishnaraja Sagara,13.224,24.07
2017-06-14,Krishnaraja Sagara,17.018,23.066
2017-06-15,Krishnaraja Sagara,32.14,22.062
2017-06-16,Krishnaraja Sagara,42.9,21.059
2017-06-17,Krishnaraja Sagara,39.559,20.055
2017-06-18,Krishnaraja Sagara,35.736,19.051
2017-06-19,Krishnaraja Sagara,36.727,18.048
2017-06-20,Krishnaraja Sagara,36.784,17.044
2017-06-21,Krishnaraja Sagara,36.104,16.04
2017-06-22,Krishnaraja Sagara,34.178,15.037
2017-06-23,Krishnaraja Sagara,30.242,14.033
2017-06-24,Krishnaraja Sagara,28.26,13.029
2017-06-25,Krishnaraja Sagara,28.289,12.026
2017-06-26,Krishnaraja Sagara,28.232,11.022
2017-06-27,Krishnaraja Sagara,28.204,10.018
2017-06-28,Krishnaraja Sagara,77.758,9.015
2017-06-29,Krishnaraja Sagara,173.073,8.011
2017-06-30,Krishnaraja Sagara,221.381,7.007
2017-07-01,Krishnaraja Sagara,211.13,6.003
2017-07-02,Krishnaraja Sagara,185.957,6.003
2017-07-03,Krishnaraja Sagara,154.837,6.71
2017-07-04,Krishnaraja Sagara,152.43,4.591
2017-07-05,Krishnaraja Sagara,161.095,3.178
2017-07-06,Krishnaraja Sagara,164.861,2.119
2017-07-07,Krishnaraja Sagara,144.473,5.297
2017-07-08,Krishnaraja Sagara,127.341,9.252
2017-07-09,Krishnaraja Sagara,114.712,13.208
2017-07-10,Krishnaraja Sagara,116.722,17.163
2017-07-11,Krishnaraja Sagara,96.419,21.118
2017-07-12,Krishnaraja Sagara,75.974,25.073
2017-07-13,Krishnaraja Sagara,41.484,24.12
2017-07-14,Krishnaraja Sagara,34.405,23.166
2017-07-15,Krishnaraja Sagara,47.997,22.213
2017-07-16,Krishnaraja Sagara,47.884,21.259
2017-07-17,Krishnaraja Sagara,50.574,20.306
2017-07-18,Krishnaraja Sagara,44.231,19.352
2017-07-19,Krishnaraja Sagara,60.06,18.399
2017-07-20,Krishnaraja Sagara,94.465,17.445
2017-07-21,Krishnaraja Sagara,426.82,16.492
2017-07-22,Krishnaraja Sagara,624.443,15.538
2017-07-23,Krishnaraja Sagara,502.936,14.585
2017-07-24,Krishnaraja Sagara,314.487,13.631
2017-07-25,Krishnaraja Sagara,209.148,12.678
2017-07-26,Krishnaraja Sagara,191.818,11.724
2017-07-27,Krishnaraja Sagara,174.913,10.771
2017-07-28,Krishnaraja Sagara,156.054,9.817
2017-07-29,Krishnaraja Sagara,137.082,8.864
2017-07-30,Krishnaraja Sagara,134.76,7.91
2017-07-31,Krishnaraja Sagara,144.558,6.957
2017-08-01,Krishnaraja Sagara,135.864,6.003
2017-08-02,Krishnaraja Sagara,135.213,6.003
2017-08-03,Krishnaraja Sagara,131.418,6.71
2017-08-04,Krishnaraja Sagara,129.521,4.591
2017-08-05,Krishnaraja Sagara,131.645,2.825
2017-08-06,Krishnaraja Sagara,199.266,1.766
2017-08-07,Krishnaraja Sagara,382.532,5.297
2017-08-08,Krishnaraja Sagara,289.936,9.252
2017-08-09,Krishnaraja Sagara,238.4,13.208
2017-08-10,Krishnaraja Sagara,251.737,17.163
2017-08-11,Krishnaraja Sagara,244.686,21.118
2017-08-12,Krishnaraja Sagara,226.223,25.073
2017-08-13,Krishnaraja Sagara,221.693,24.12
2017-08-14,Krishnaraja Sagara,206.968,23.166
2017-08-15,Krishnaraja Sagara,217.955,22.213
2017-08-16,Krishnaraja Sagara,217.926,21.259
2017-08-17,Krishnaraja Sagara,180.18,20.306
2017-08-18,Krishnaraja Sagara,105.282,19.352
2017-08-19,Krishnaraja Sagara,31.12,18.399
2017-08-20,Krishnaraja Sagara,41.852,17.445
2017-08-21,Krishnaraja Sagara,116.127,16.492
2017-08-22,Krishnaraja Sagara,307.096,15.538
2017-08-23,Krishnaraja Sagara,368.799,14.585
2017-08-24,Krishnaraja Sagara,369.591,13.631
2017-08-25,Krishnaraja Sagara,323.747,12.678
2017-08-26,Krishnaraja Sagara,292.626,11.724
2017-08-27,Krishnaraja Sagara,305.426,10.771
2017-08-28,Krishnaraja Sagara,341.614,9.817
2017-08-29,Krishnaraja Sagara,468.361,8.864
2017-08-30,Krishnaraja Sagara,783.81,7.91
2017-08-31,Krishnaraja Sagara,783.697,6.957
2017-09-01,Krishnaraja Sagara,563.335,6.003
2017-09-02,Krishnaraja Sagara,350.138,6.003
2017-09-03,Krishnaraja Sagara,346.4,6.71
2017-09-04,Krishnaraja Sagara,346.343,4.591
2017-09-05,Krishnaraja Sagara,238.23,2.825
2017-09-06,Krishnaraja Sagara,449.728,1.766
2017-09-07,Krishnaraja Sagara,363.277,5.65
2017-09-08,Krishnaraja Sagara,286.113,9.535
2017-09-09,Krishnaraja Sagara,342.209,13.42
2017-09-10,Krishnaraja Sagara,361.068,17.304
2017-09-11,Krishnaraja Sagara,283.876,21.189
2017-09-12,Krishnaraja Sagara,228.574,25.073
2017-09-13,Krishnaraja Sagara,185.504,24.07
2017-09-14,Krishnaraja Sagara,152.798,23.066
2017-09-15,Krishnaraja Sagara,101.601,22.062
2017-09-16,Krishnaraja Sagara,113.013,21.059
2017-09-17,Krishnaraja Sagara,113.381,20.055
2017-09-18,Krishnaraja Sagara,157.47,19.051
2017-09-19,Krishnaraja Sagara,290.191,18.048
2017-09-20,Krishnaraja Sagara,429.283,17.044
2017-09-21,Krishnaraja Sagara,536.236,16.04
2017-09-22,Krishnaraja Sagara,396.946,15.037
2017-09-23,Krishnaraja Sagara,245.592,14.033
2017-09-24,Krishnaraja Sagara,186.608,13.029
2017-09-25,Krishnaraja Sagara,157.074,12.026
2017-09-26,Krishnaraja Sagara,290.304,11.022
2017-09-27,Krishnaraja Sagara,283.338,10.018
2017-09-28,Krishnaraja Sagara,278.411,9.015
2017-09-29,Krishnaraja Sagara,340.085,8.011
2017-09-30,Krishnaraja Sagara,256.154,7.007
2017-10-01,Krishnaraja Sagara,169.844,6.003
2017-10-02,Krishnaraja Sagara,106.641,6.003
2017-10-03,Krishnaraja Sagara,158.093,6.71
2017-10-04,Krishnaraja Sagara,175.196,4.591
2017-10-05,Krishnaraja Sagara,160.585,2.825
2017-10-06,Krishnaraja Sagara,195.16,1.766
2017-10-07,Krishnaraja Sagara,213.509,5.65
2017-10-08,Krishnaraja Sagara,167.069,9.535
2017-10-09,Krishnaraja Sagara,151.92,13.42
2017-10-10,Krishnaraja Sagara,145.18,17.304
2017-10-11,Krishnaraja Sagara,220.702,21.189
2017-10-12,Krishnaraja Sagara,165.795,25.073
2017-10-13,Krishnaraja Sagara,146.143,24.12
2017-10-14,Krishnaraja Sagara,129.266,23.166
2017-10-15,Krishnaraja Sagara,140.112,22.213
2017-10-16,Krishnaraja Sagara,146.766,21.259
2017-10-17,Krishnaraja Sagara,129.38,20.306
2017-10-18,Krishnaraja Sagara,111.852,19.352
2017-10-19,Krishnaraja Sagara,69.065,18.399
2017-10-20,Krishnaraja Sagara,59.749,17.445
2017-10-21,Krishnaraja Sagara,59.749,16.492
2017-10-22,Krishnaraja Sagara,45.109,15.538
2017-10-23,Krishnaraja Sagara,45.109,14.585
2017-10-24,Krishnaraja Sagara,24.437,13.631
2017-10-25,Krishnaraja Sagara,45.873,12.678
2017-10-26,Krishnaraja Sagara,40.776,11.724
2017-10-27,Krishnaraja Sagara,39.7,10.771
2017-10-28,Krishnaraja Sagara,78.013,9.817
2017-10-29,Krishnaraja Sagara,56.775,8.864
2017-10-30,Krishnaraja Sagara,54.482,7.91
2017-10-31,Krishnaraja Sagara,59.918,6.957
2017-11-01,Krishnaraja Sagara,54.623,6.003
2017-11-02,Krishnaraja Sagara,50.744,6.003
2017-11-03,Krishnaraja Sagara,58.616,6.71
2017-11-04,Krishnaraja Sagara,55.982,4.591
2017-11-05,Krishnaraja Sagara,59.947,2.825
2017-11-06,Krishnaraja Sagara,70.169,1.766
2017-11-07,Krishnaraja Sagara,83.846,5.65
2017-11-08,Krishnaraja Sagara,68.753,9.535
2017-11-09,Krishnaraja Sagara,65.469,13.42
2017-11-10,Krishnaraja Sagara,76.201,17.304
2017-11-11,Krishnaraja Sagara,83.025,21.189
2017-11-12,Krishnaraja Sagara,76.229,25.073
2017-11-13,Krishnaraja Sagara,89.991,24.07
2017-11-14,Krishnaraja Sagara,83.733,23.066
2017-11-15,Krishnaraja Sagara,66.969,22.062
2017-11-16,Krishnaraja Sagara,53.321,21.059
2017-11-17,Krishnaraja Sagara,50.631,20.055
2017-11-18,Krishnaraja Sagara,33.725,19.051
2017-11-19,Krishnaraja Sagara,30.214,18.048
2017-11-20,Krishnaraja Sagara,23.22,17.044
2017-11-21,Krishnaraja Sagara,27.382,16.04
2017-11-22,Krishnaraja Sagara,33.555,15.037
2017-11-23,Krishnaraja Sagara,33.471,14.033
2017-11-24,Krishnaraja Sagara,22.597,13.029
2017-11-25,Krishnaraja Sagara,17.981,12.026
2017-11-26,Krishnaraja Sagara,15.121,11.022
2017-11-27,Krishnaraja Sagara,21.946,10.018
2017-11-28,Krishnaraja Sagara,20.586,9.015
2017-11-29,Krishnaraja Sagara,23.531,8.011
2017-11-30,Krishnaraja Sagara,25.315,7.007
2017-12-01,Krishnaraja Sagara,26.306,6.003
2017-12-02,Krishnaraja Sagara,45.477,6.003
2017-12-03,Krishnaraja Sagara,44.146,6.71
2017-12-04,Krishnaraja Sagara,43.636,4.238
2017-12-05,Krishnaraja Sagara,61.108,2.825
2017-12-06,Krishnaraja Sagara,65.157,1.766
2017-12-07,Krishnaraja Sagara,34.122,6.003
2017-12-08,Krishnaraja Sagara,37.237,9.817
2017-12-09,Krishnaraja Sagara,27.949,13.631
2017-12-10,Krishnaraja Sagara,24.834,17.445
2017-12-11,Krishnaraja Sagara,24.834,21.259
2017-12-12,Krishnaraja Sagara,24.834,25.073
2017-12-13,Krishnaraja Sagara,18.632,24.879
2017-12-14,Krishnaraja Sagara,21.747,24.685
2017-12-15,Krishnaraja Sagara,15.546,24.491
2017-12-16,Krishnaraja Sagara,18.632,24.296
2017-12-17,Krishnaraja Sagara,12.431,24.102
2017-12-18,Krishnaraja Sagara,9.345,23.908
2017-12-19,Krishnaraja Sagara,9.345,23.714
2017-12-20,Krishnaraja Sagara,9.033,23.52
2017-12-21,Krishnaraja Sagara,11.129,23.325
2017-12-22,Krishnaraja Sagara,10.845,23.131
2017-12-23,Krishnaraja Sagara,10.024,22.937
2017-12-24,Krishnaraja Sagara,11.298,22.743
2017-12-25,Krishnaraja Sagara,11.072,22.548
2017-12-26,Krishnaraja Sagara,10.959,22.354
2017-12-27,Krishnaraja Sagara,9.288,22.16
2017-12-28,Krishnaraja Sagara,10.336,21.966
2017-12-29,Krishnaraja Sagara,8.41,21.771
2017-12-30,Krishnaraja Sagara,8.467,21.577
2017-12-31,Krishnaraja Sagara,7.73,21.383
2018-01-01,Krishnaraja Sagara,8.24,21.189
2018-01-02,Krishnaraja Sagara,6.541,16.598
2018-01-03,Krishnaraja Sagara,7.476,12.242
2018-01-04,Krishnaraja Sagara,7.476,7.887
2018-01-05,Krishnaraja Sagara,4.672,3.531
2018-01-06,Krishnaraja Sagara,7.476,4.238
2018-01-07,Krishnaraja Sagara,7.476,8.478
2018-01-08,Krishnaraja Sagara,4.672,12.718
2018-01-09,Krishnaraja Sagara,4.672,16.959
2018-01-10,Krishnaraja Sagara,7.391,21.199
2018-01-11,Krishnaraja Sagara,7.362,25.439
2018-01-12,Krishnaraja Sagara,4.616,29.679
2018-01-13,Krishnaraja Sagara,7.362,33.92
2018-01-14,Krishnaraja Sagara,5.89,33.231
2018-01-15,Krishnaraja Sagara,4.559,32.542
2018-01-16,Krishnaraja Sagara,5.805,31.854
2018-01-17,Krishnaraja Sagara,4.446,31.165
2018-01-18,Krishnaraja Sagara,4.87,30.477
2018-01-19,Krishnaraja Sagara,5.295,29.788
2018-01-20,Krishnaraja Sagara,3.993,29.099
2018-01-21,Krishnaraja Sagara,4.842,28.411
2018-01-22,Krishnaraja Sagara,4.814,27.722
2018-01-23,Krishnaraja Sagara,5.324,27.033
2018-01-24,Krishnaraja Sagara,4.417,26.345
2018-01-25,Krishnaraja Sagara,5.324,25.656
2018-01-26,Krishnaraja Sagara,4.531,24.967
2018-01-27,Krishnaraja Sagara,4.531,24.279
2018-01-28,Krishnaraja Sagara,4.531,23.59
2018-01-29,Krishnaraja Sagara,4.531,22.902
2018-01-30,Krishnaraja Sagara,6.938,22.213
2018-01-31,Krishnaraja Sagara,6.938,21.524
2018-02-01,Krishnaraja Sagara,6.938,20.836
2018-02-02,Krishnaraja Sagara,4.276,16.598
2018-02-03,Krishnaraja Sagara,4.276,12.242
2018-02-04,Krishnaraja Sagara,4.531,7.887
2018-02-05,Krishnaraja Sagara,4.531,3.531
2018-02-06,Krishnaraja Sagara,5.55,4.591
2018-02-07,Krishnaraja Sagara,5.154,8.716
2018-02-08,Krishnaraja Sagara,4.417,12.841
2018-02-09,Krishnaraja Sagara,3.794,16.966
2018-02-10,Krishnaraja Sagara,5.182,21.091
2018-02-11,Krishnaraja Sagara,4.899,25.216
2018-02-12,Krishnaraja Sagara,3.596,29.341
2018-02-13,Krishnaraja Sagara,4.078,33.466
2018-02-14,Krishnaraja Sagara,4.729,32.676
2018-02-15,Krishnaraja Sagara,3.54,31.887
2018-02-16,Krishnaraja Sagara,4.786,31.098
2018-02-17,Krishnaraja Sagara,5.437,30.308
2018-02-18,Krishnaraja Sagara,3.794,29.519
2018-02-19,Krishnaraja Sagara,3.936,28.73
2018-02-20,Krishnaraja Sagara,5.069,27.94
2018-02-21,Krishnaraja Sagara,4.672,27.151
2018-02-22,Krishnaraja Sagara,4.644,26.361
2018-02-23,Krishnaraja Sagara,4.644,25.572
2018-02-24,Krishnaraja Sagara,4.644,24.783
2018-02-25,Krishnaraja Sagara,6.598,23.993
2018-02-26,Krishnaraja Sagara,4.757,23.204
2018-02-27,Krishnaraja Sagara,4.729,22.414
2018-02-28,Krishnaraja Sagara,4.729,21.625
2018-03-01,Krishnaraja Sagara,4.729,20.836
2018-03-02,Krishnaraja Sagara,4.729,16.598
2018-03-03,Krishnaraja Sagara,3.71,12.242
2018-03-04,Krishnaraja Sagara,3.71,7.887
2018-03-05,Krishnaraja Sagara,4.899,3.531
2018-03-06,Krishnaraja Sagara,4.899,4.591
2018-03-07,Krishnaraja Sagara,3.738,8.733
2018-03-08,Krishnaraja Sagara,3.964,12.875
2018-03-09,Krishnaraja Sagara,5.097,17.017
2018-03-10,Krishnaraja Sagara,4.134,21.159
2018-03-11,Krishnaraja Sagara,5.465,25.3
2018-03-12,Krishnaraja Sagara,5.267,29.442
2018-03-13,Krishnaraja Sagara,4.332,33.584
2018-03-14,Krishnaraja Sagara,5.21,32.913
2018-03-15,Krishnaraja Sagara,4.842,32.242
2018-03-16,Krishnaraja Sagara,4.616,31.571
2018-03-17,Krishnaraja Sagara,5.267,30.9
2018-03-18,Krishnaraja Sagara,5.522,30.229
2018-03-19,Krishnaraja Sagara,4.616,29.558
2018-03-20,Krishnaraja Sagara,4.899,28.887
2018-03-21,Krishnaraja Sagara,5.522,28.216
2018-03-22,Krishnaraja Sagara,4.587,27.545
2018-03-23,Krishnaraja Sagara,4.786,26.874
2018-03-24,Krishnaraja Sagara,4.361,26.203
2018-03-25,Krishnaraja Sagara,4.332,25.533
2018-03-26,Krishnaraja Sagara,4.332,24.862
2018-03-27,Krishnaraja Sagara,4.304,24.191
2018-03-28,Krishnaraja Sagara,4.304,23.52
2018-03-29,Krishnaraja Sagara,4.304,22.849
2018-03-30,Krishnaraja Sagara,4.248,22.178
2018-03-31,Krishnaraja Sagara,4.219,21.507
2018-04-01,Krishnaraja Sagara,4.219,20.836
2018-04-02,Krishnaraja Sagara,4.927,16.598
2018-04-03,Krishnaraja Sagara,6.343,12.242
2018-04-04,Krishnaraja Sagara,4.842,7.887
2018-04-05,Krishnaraja Sagara,4.814,3.531
2018-04-06,Krishnaraja Sagara,3.908,4.944
2018-04-07,Krishnaraja Sagara,4.276,8.983
2018-04-08,Krishnaraja Sagara,4.248,13.021
2018-04-09,Krishnaraja Sagara,4.531,17.06
2018-04-10,Krishnaraja Sagara,4.332,21.099
2018-04-11,Krishnaraja Sagara,4.417,25.137
2018-04-12,Krishnaraja Sagara,4.446,29.176
2018-04-13,Krishnaraja Sagara,4.332,33.214
2018-04-14,Krishnaraja Sagara,2.605,32.527
2018-04-15,Krishnaraja Sagara,3.228,31.839
2018-04-16,Krishnaraja Sagara,4.729,31.151
2018-04-17,Krishnaraja Sagara,4.389,30.464
2018-04-18,Krishnaraja Sagara,4.672,29.776
2018-04-19,Krishnaraja Sagara,4.757,29.088
2018-04-20,Krishnaraja Sagara,3.596,28.4
2018-04-21,Krishnaraja Sagara,7.108,27.713
2018-04-22,Krishnaraja Sagara,4.757,27.025
2018-04-23,Krishnaraja Sagara,4.757,26.337
2018-04-24,Krishnaraja Sagara,4.757,25.65
2018-04-25,Krishnaraja Sagara,4.729,24.962
2018-04-26,Krishnaraja Sagara,4.729,24.274
2018-04-27,Krishnaraja Sagara,4.729,23.586
2018-04-28,Krishnaraja Sagara,4.729,22.899
2018-04-29,Krishnaraja Sagara,4.248,22.211
2018-04-30,Krishnaraja Sagara,3.653,21.523
2018-05-01,Krishnaraja Sagara,2.945,20.836
2018-05-02,Krishnaraja Sagara,9.741,16.598
2018-05-03,Krishnaraja Sagara,3.256,12.125
2018-05-04,Krishnaraja Sagara,5.38,7.652
2018-05-05,Krishnaraja Sagara,5.239,3.178
2018-05-06,Krishnaraja Sagara,5.805,4.944
2018-05-07,Krishnaraja Sagara,5.72,8.988
2018-05-08,Krishnaraja Sagara,5.578,13.031
2018-05-09,Krishnaraja Sagara,7.617,17.075
2018-05-10,Krishnaraja Sagara,6.598,21.118
2018-05-11,Krishnaraja Sagara,8.042,25.162
2018-05-12,Krishnaraja Sagara,7.391,29.205
2018-05-13,Krishnaraja Sagara,9.345,33.249
2018-05-14,Krishnaraja Sagara,9.175,32.595
2018-05-15,Krishnaraja Sagara,6.909,31.942
2018-05-16,Krishnaraja Sagara,8.948,31.289
2018-05-17,Krishnaraja Sagara,9.713,30.635
2018-05-18,Krishnaraja Sagara,13.649,29.982
2018-05-19,Krishnaraja Sagara,15.574,29.329
2018-05-20,Krishnaraja Sagara,18.548,28.676
2018-05-21,Krishnaraja Sagara,28.657,28.022
2018-05-22,Krishnaraja Sagara,70.537,27.369
2018-05-23,Krishnaraja Sagara,80.533,26.716
2018-05-24,Krishnaraja Sagara,82.94,26.062
2018-05-25,Krishnaraja Sagara,78.013,25.409
2018-05-26,Krishnaraja Sagara,87.018,24.756
2018-05-27,Krishnaraja Sagara,95.428,24.102
2018-05-28,Krishnaraja Sagara,97.693,23.449
2018-05-29,Krishnaraja Sagara,92.596,22.796
2018-05-30,Krishnaraja Sagara,82.572,22.142
2018-05-31,Krishnaraja Sagara,59.267,21.489
2018-06-01,Krishnaraja Sagara,47.686,20.836
2018-06-02,Krishnaraja Sagara,66.856,16.245
2018-06-03,Krishnaraja Sagara,54.397,11.301
2018-06-04,Krishnaraja Sagara,49.016,6.357
2018-06-05,Krishnaraja Sagara,43.07,3.178
2018-06-06,Krishnaraja Sagara,43.07,4.944
2018-06-07,Krishnaraja Sagara,49.554,8.935
2018-06-08,Krishnaraja Sagara,44.288,12.926
2018-06-09,Krishnaraja Sagara,44.316,16.917
2018-06-10,Krishnaraja Sagara,57.681,20.907
2018-06-11,Krishnaraja Sagara,240.07,24.898
2018-06-12,Krishnaraja Sagara,506.39,28.889
2018-06-13,Krishnaraja Sagara,647.635,32.88
2018-06-14,Krishnaraja Sagara,803.717,32.211
2018-06-15,Krishnaraja Sagara,795.59,31.542
2018-06-16,Krishnaraja Sagara,878.87,30.872
2018-06-17,Krishnaraja Sagara,663.294,30.203
2018-06-18,Krishnaraja Sagara,319.895,29.534
2018-06-19,Krishnaraja Sagara,219.541,28.865
2018-06-20,Krishnaraja Sagara,181.171,28.196
2018-06-21,Krishnaraja Sagara,183.89,27.527
2018-06-22,Krishnaraja Sagara,220.192,26.858
2018-06-23,Krishnaraja Sagara,232.368,26.189
2018-06-24,Krishnaraja Sagara,147.078,25.519
2018-06-25,Krishnaraja Sagara,161.831,24.85
2018-06-26,Krishnaraja Sagara,118.308,24.181
2018-06-27,Krishnaraja Sagara,121.366,23.512
2018-06-28,Krishnaraja Sagara,113.126,22.843
2018-06-29,Krishnaraja Sagara,287.926,22.174
2018-06-30,Krishnaraja Sagara,470.173,21.505
2018-07-01,Krishnaraja Sagara,338.613,20.836
2018-07-02,Krishnaraja Sagara,215.293,15.892
2018-07-03,Krishnaraja Sagara,171.005,10.948
2018-07-04,Krishnaraja Sagara,127.143,6.357
2018-07-05,Krishnaraja Sagara,126.746,3.178
2018-07-06,Krishnaraja Sagara,103.13,5.297
2018-07-07,Krishnaraja Sagara,70.934,9.242
2018-07-08,Krishnaraja Sagara,86.819,13.188
2018-07-09,Krishnaraja Sagara,635.345,17.133
2018-07-10,Krishnaraja Sagara,891.697,21.078
2018-07-11,Krishnaraja Sagara,1010.855,25.023
2018-07-12,Krishnaraja Sagara,1069.895,28.968
2018-07-13,Krishnaraja Sagara,1125.227,32.913
2018-07-14,Krishnaraja Sagara,1188.203,32.278
2018-07-15,Krishnaraja Sagara,1236.144,31.642
2018-07-16,Krishnaraja Sagara,1862.597,31.006
2018-07-17,Krishnaraja Sagara,2037.794,30.371
2018-07-18,Krishnaraja Sagara,2020.492,29.735
2018-07-19,Krishnaraja Sagara,1662.737,29.099
2018-07-20,Krishnaraja Sagara,1357.849,28.464
2018-07-21,Krishnaraja Sagara,1153.6,27.828
2018-07-22,Krishnaraja Sagara,892.943,27.192
2018-07-23,Krishnaraja Sagara,1360.993,26.557
2018-07-24,Krishnaraja Sagara,1363.315,25.921
2018-07-25,Krishnaraja Sagara,1139.555,25.285
2018-07-26,Krishnaraja Sagara,1412.812,24.65
2018-07-27,Krishnaraja Sagara,1283.631,24.014
2018-07-28,Krishnaraja Sagara,983.727,23.378
2018-07-29,Krishnaraja Sagara,649.73,22.743
2018-07-30,Krishnaraja Sagara,472.693,22.107
2018-07-31,Krishnaraja Sagara,266.773,21.471
2018-08-01,Krishnaraja Sagara,230.358,20.836
2018-08-02,Krishnaraja Sagara,243.751,15.892
2018-08-03,Krishnaraja Sagara,268.33,10.948
2018-08-04,Krishnaraja Sagara,229.48,6.357
2018-08-05,Krishnaraja Sagara,173.441,3.178
2018-08-06,Krishnaraja Sagara,191.365,4.944
2018-08-07,Krishnaraja Sagara,155.544,9.712
2018-08-08,Krishnaraja Sagara,124.198,14.479
2018-08-09,Krishnaraja Sagara,359.907,19.246
2018-08-10,Krishnaraja Sagara,1350.968,24.014
2018-08-11,Krishnaraja Sagara,1147.908,28.781
2018-08-12,Krishnaraja Sagara,896.851,33.549
2018-08-13,Krishnaraja Sagara,779.506,32.913
2018-08-14,Krishnaraja Sagara,1627.199,32.278
2018-08-15,Krishnaraja Sagara,2828.74,31.642
2018-08-16,Krishnaraja Sagara,3487.078,31.006
2018-08-17,Krishnaraja Sagara,2837.66,30.371
2018-08-18,Krishnaraja Sagara,3774.041,29.735
2018-08-19,Krishnaraja Sagara,3274.504,29.099
2018-08-20,Krishnaraja Sagara,2672.601,28.464
2018-08-21,Krishnaraja Sagara,2063.109,27.828
2018-08-22,Krishnaraja Sagara,805.274,27.192
2018-08-23,Krishnaraja Sagara,732.189,26.557
2018-08-24,Krishnaraja Sagara,694.782,25.921
2018-08-25,Krishnaraja Sagara,599.468,25.285
2018-08-26,Krishnaraja Sagara,584.601,24.65
2018-08-27,Krishnaraja Sagara,287.756,24.014
2018-08-28,Krishnaraja Sagara,253.266,23.378
2018-08-29,Krishnaraja Sagara,289.88,22.743
2018-08-30,Krishnaraja Sagara,279.77,22.107
2018-08-31,Krishnaraja Sagara,293.844,21.471
2018-09-01,Krishnaraja Sagara,324.369,20.836
2018-09-02,Krishnaraja Sagara,201.361,15.892
2018-09-03,Krishnaraja Sagara,201.361,10.948
2018-09-04,Krishnaraja Sagara,154.893,6.003
2018-09-05,Krishnaraja Sagara,111.965,3.178
2018-09-06,Krishnaraja Sagara,61.646,5.297
2018-09-07,Krishnaraja Sagara,25.032,9.19
2018-09-08,Krishnaraja Sagara,37.463,13.082
2018-09-09,Krishnaraja Sagara,34.971,16.975
2018-09-10,Krishnaraja Sagara,33.046,20.868
2018-09-11,Krishnaraja Sagara,35.962,24.76
2018-09-12,Krishnaraja Sagara,30.865,28.653
2018-09-13,Krishnaraja Sagara,71.019,32.545
2018-09-14,Krishnaraja Sagara,53.151,31.895
2018-09-15,Krishnaraja Sagara,30.271,31.244
2018-09-16,Krishnaraja Sagara,40.946,30.594
2018-09-17,Krishnaraja Sagara,30.327,29.943
2018-09-18,Krishnaraja Sagara,29.45,29.293
2018-09-19,Krishnaraja Sagara,29.166,28.642
2018-09-20,Krishnaraja Sagara,30.327,27.992
2018-09-21,Krishnaraja Sagara,28.94,27.341
2018-09-22,Krishnaraja Sagara,30.809,26.69
2018-09-23,Krishnaraja Sagara,30.554,26.04
2018-09-24,Krishnaraja Sagara,31.375,25.389
2018-09-25,Krishnaraja Sagara,31.658,24.739
2018-09-26,Krishnaraja Sagara,174.262,24.088
2018-09-27,Krishnaraja Sagara,274.022,23.438
2018-09-28,Krishnaraja Sagara,492.402,22.787
2018-09-29,Krishnaraja Sagara,438.77,22.137
2018-09-30,Krishnaraja Sagara,358.491,21.486
2018-10-01,Krishnaraja Sagara,238.371,20.836
2018-10-02,Krishnaraja Sagara,254.937,16.421
2018-10-03,Krishnaraja Sagara,214.019,12.007
2018-10-04,Krishnaraja Sagara,163.077,7.593
2018-10-05,Krishnaraja Sagara,185.56,3.178
2018-10-06,Krishnaraja Sagara,185.56,5.297
2018-10-07,Krishnaraja Sagara,158.121,9.194
2018-10-08,Krishnaraja Sagara,112.39,13.092
2018-10-09,Krishnaraja Sagara,112.39,16.989
2018-10-10,Krishnaraja Sagara,112.39,20.886
2018-10-11,Krishnaraja Sagara,112.39,24.783
2018-10-12,Krishnaraja Sagara,113.749,28.681
2018-10-13,Krishnaraja Sagara,113.749,32.578
2018-10-14,Krishnaraja Sagara,113.749,31.96
2018-10-15,Krishnaraja Sagara,114.485,31.342
2018-10-16,Krishnaraja Sagara,115.221,30.724
2018-10-17,Krishnaraja Sagara,100.072,30.106
2018-10-18,Krishnaraja Sagara,82.091,29.488
2018-10-19,Krishnaraja Sagara,300.102,28.87
2018-10-20,Krishnaraja Sagara,183.323,28.252
2018-10-21,Krishnaraja Sagara,185.702,27.634
2018-10-22,Krishnaraja Sagara,112.39,27.016
2018-10-23,Krishnaraja Sagara,119.356,26.398
2018-10-24,Krishnaraja Sagara,126.293,25.78
2018-10-25,Krishnaraja Sagara,126.293,25.162
2018-10-26,Krishnaraja Sagara,127.652,24.544
2018-10-27,Krishnaraja Sagara,127.652,23.926
2018-10-28,Krishnaraja Sagara,81.921,23.308
2018-10-29,Krishnaraja Sagara,59.692,22.69
2018-10-30,Krishnaraja Sagara,45.987,22.072
2018-10-31,Krishnaraja Sagara,32.225,21.454
2018-11-01,Krishnaraja Sagara,28.062,20.836
2018-11-02,Krishnaraja Sagara,26.929,16.333
2018-11-03,Krishnaraja Sagara,25.853,11.83
2018-11-04,Krishnaraja Sagara,25.485,7.328
2018-11-05,Krishnaraja Sagara,26.051,2.825
2018-11-06,Krishnaraja Sagara,26.306,6.003
2018-11-07,Krishnaraja Sagara,25.315,9.843
2018-11-08,Krishnaraja Sagara,25.004,13.682
2018-11-09,Krishnaraja Sagara,25.74,17.522
2018-11-10,Krishnaraja Sagara,26.023,21.361
2018-11-11,Krishnaraja Sagara,25.145,25.201
2018-11-12,Krishnaraja Sagara,24.862,29.04
2018-11-13,Krishnaraja Sagara,25.683,32.88
2018-11-14,Krishnaraja Sagara,25.995,32.211
2018-11-15,Krishnaraja Sagara,25.23,31.542
2018-11-16,Krishnaraja Sagara,24.975,30.872
2018-11-17,Krishnaraja Sagara,25.74,30.203
2018-11-18,Krishnaraja Sagara,21.974,29.534
2018-11-19,Krishnaraja Sagara,21.323,28.865
2018-11-20,Krishnaraja Sagara,25.202,28.196
2018-11-21,Krishnaraja Sagara,22.229,27.527
2018-11-22,Krishnaraja Sagara,22.427,26.858
2018-11-23,Krishnaraja Sagara,29.903,26.189
2018-11-24,Krishnaraja Sagara,29.704,25.519
2018-11-25,Krishnaraja Sagara,31.545,24.85
2018-11-26,Krishnaraja Sagara,43.381,24.181
2018-11-27,Krishnaraja Sagara,42.447,23.512
2018-11-28,Krishnaraja Sagara,53.689,22.843
2018-11-29,Krishnaraja Sagara,45.845,22.174
2018-11-30,Krishnaraja Sagara,46.525,21.505
2018-12-01,Krishnaraja Sagara,50.291,20.836
2018-12-02,Krishnaraja Sagara,42.957,16.333
2018-12-03,Krishnaraja Sagara,38.681,11.83
2018-12-04,Krishnaraja Sagara,39.729,7.328
2018-12-05,Krishnaraja Sagara,37.293,2.825
2018-12-06,Krishnaraja Sagara,37.661,7.769
2018-12-07,Krishnaraja Sagara,31.885,12.65
2018-12-08,Krishnaraja Sagara,35.623,17.531
2018-12-09,Krishnaraja Sagara,36.274,22.412
2018-12-10,Krishnaraja Sagara,36.727,27.292
2018-12-11,Krishnaraja Sagara,34.178,32.173
2018-12-12,Krishnaraja Sagara,38.851,37.054
2018-12-13,Krishnaraja Sagara,38.851,33.143
2018-12-14,Krishnaraja Sagara,42.589,33.09
2018-12-15,Krishnaraja Sagara,39.757,33.037
2018-12-16,Krishnaraja Sagara,39.757,32.984
2018-12-17,Krishnaraja Sagara,36.019,32.931
2018-12-18,Krishnaraja Sagara,38.341,32.878
2018-12-19,Krishnaraja Sagara,36.869,32.825
2018-12-20,Krishnaraja Sagara,36.5,32.772
2018-12-21,Krishnaraja Sagara,32.763,32.719
2018-12-22,Krishnaraja Sagara,36.5,32.666
2018-12-23,Krishnaraja Sagara,33.527,32.613
2018-12-24,Krishnaraja Sagara,33.386,32.56
2018-12-25,Krishnaraja Sagara,29.733,32.507
2018-12-26,Krishnaraja Sagara,26.08,32.454
2018-12-27,Krishnaraja Sagara,29.733,32.401
2018-12-28,Krishnaraja Sagara,26.08,32.348
2018-12-29,Krishnaraja Sagara,17.613,32.295
2018-12-30,Krishnaraja Sagara,16.48,32.242
2018-12-31,Krishnaraja Sagara,12.828,32.189
2019-01-01,Krishnaraja Sagara,16.452,32.136
2019-01-02,Krishnaraja Sagara,16.82,27.545
2019-01-03,Krishnaraja Sagara,13.167,22.601
2019-01-04,Krishnaraja Sagara,13.167,18.54
2019-01-05,Krishnaraja Sagara,12.743,14.479
2019-01-06,Krishnaraja Sagara,12.601,10.418
2019-01-07,Krishnaraja Sagara,8.92,6.357
2019-01-08,Krishnaraja Sagara,12.573,11.175
2019-01-09,Krishnaraja Sagara,8.891,15.992
2019-01-10,Krishnaraja Sagara,8.891,20.81
2019-01-11,Krishnaraja Sagara,12.573,25.628
2019-01-12,Krishnaraja Sagara,11.893,30.446
2019-01-13,Krishnaraja Sagara,11.497,35.264
2019-01-14,Krishnaraja Sagara,7.362,40.082
2019-01-15,Krishnaraja Sagara,6.598,39.641
2019-01-16,Krishnaraja Sagara,6.456,39.199
2019-01-17,Krishnaraja Sagara,7.674,38.758
2019-01-18,Krishnaraja Sagara,7.504,38.316
2019-01-19,Krishnaraja Sagara,10.902,37.875
2019-01-20,Krishnaraja Sagara,8.438,37.434
2019-01-21,Krishnaraja Sagara,8.297,36.992
2019-01-22,Krishnaraja Sagara,8.155,36.551
2019-01-23,Krishnaraja Sagara,7.815,36.109
2019-01-24,Krishnaraja Sagara,8.184,35.668
2019-01-25,Krishnaraja Sagara,6.286,35.226
2019-01-26,Krishnaraja Sagara,6.145,34.785
2019-01-27,Krishnaraja Sagara,5.833,34.344
2019-01-28,Krishnaraja Sagara,5.72,33.902
2019-01-29,Krishnaraja Sagara,5.012,33.461
2019-01-30,Krishnaraja Sagara,5.862,33.019
2019-01-31,Krishnaraja Sagara,5.833,32.578
2019-02-01,Krishnaraja Sagara,5.493,32.136
2019-02-02,Krishnaraja Sagara,5.409,27.545
2019-02-03,Krishnaraja Sagara,6.371,22.601
2019-02-04,Krishnaraja Sagara,6.57,18.54
2019-02-05,Krishnaraja Sagara,7.702,14.479
2019-02-06,Krishnaraja Sagara,8.07,10.418
2019-02-07,Krishnaraja Sagara,4.814,6.357
2019-02-08,Krishnaraja Sagara,4.814,8.122
2019-02-09,Krishnaraja Sagara,8.07,12.592
2019-02-10,Krishnaraja Sagara,8.07,17.061
2019-02-11,Krishnaraja Sagara,4.814,21.53
2019-02-12,Krishnaraja Sagara,4.814,25.999
2019-02-13,Krishnaraja Sagara,4.814,30.469
2019-02-14,Krishnaraja Sagara,8.07,34.938
2019-02-15,Krishnaraja Sagara,4.814,39.407
2019-02-16,Krishnaraja Sagara,4.814,38.888
2019-02-17,Krishnaraja Sagara,4.814,38.368
2019-02-18,Krishnaraja Sagara,4.219,37.849
2019-02-19,Krishnaraja Sagara,5.409,37.33
2019-02-20,Krishnaraja Sagara,5.267,36.81
2019-02-21,Krishnaraja Sagara,5.635,36.291
2019-02-22,Krishnaraja Sagara,3.823,35.772
2019-02-23,Krishnaraja Sagara,4.021,35.252
2019-02-24,Krishnaraja Sagara,4.899,34.733
2019-02-25,Krishnaraja Sagara,3.993,34.214
2019-02-26,Krishnaraja Sagara,3.823,33.694
2019-02-27,Krishnaraja Sagara,4.078,33.175
2019-02-28,Krishnaraja Sagara,2.917,32.656
2019-03-01,Krishnaraja Sagara,2.803,32.136
2019-03-02,Krishnaraja Sagara,3.681,27.192
2019-03-03,Krishnaraja Sagara,2.407,22.248
2019-03-04,Krishnaraja Sagara,1.926,18.275
2019-03-05,Krishnaraja Sagara,3.908,14.302
2019-03-06,Krishnaraja Sagara,4.361,10.33
2019-03-07,Krishnaraja Sagara,2.01,6.357
2019-03-08,Krishnaraja Sagara,3.766,8.122
2019-03-09,Krishnaraja Sagara,3.766,12.625
2019-03-10,Krishnaraja Sagara,3.2,17.128
2019-03-11,Krishnaraja Sagara,3.2,21.63
2019-03-12,Krishnaraja Sagara,3.2,26.133
2019-03-13,Krishnaraja Sagara,5.947,30.635
2019-03-14,Krishnaraja Sagara,5.947,35.138
2019-03-15,Krishnaraja Sagara,3.2,39.641
2019-03-16,Krishnaraja Sagara,3.2,39.199
2019-03-17,Krishnaraja Sagara,3.625,38.758
2019-03-18,Krishnaraja Sagara,3.653,38.316
2019-03-19,Krishnaraja Sagara,3.653,37.875
2019-03-20,Krishnaraja Sagara,3.653,37.434
2019-03-21,Krishnaraja Sagara,2.18,36.992
2019-03-22,Krishnaraja Sagara,2.294,36.551
2019-03-23,Krishnaraja Sagara,3.455,36.109
2019-03-24,Krishnaraja Sagara,3.993,35.668
2019-03-25,Krishnaraja Sagara,2.435,35.226
2019-03-26,Krishnaraja Sagara,3.936,34.785
2019-03-27,Krishnaraja Sagara,1.699,34.344
2019-03-28,Krishnaraja Sagara,1.642,33.902
2019-03-29,Krishnaraja Sagara,1.614,33.461
2019-03-30,Krishnaraja Sagara,1.727,33.019
2019-03-31,Krishnaraja Sagara,1.982,32.578
2019-04-01,Krishnaraja Sagara,1.671,32.136
2019-04-02,Krishnaraja Sagara,3.625,27.84
2019-04-03,Krishnaraja Sagara,2.945,23.543
2019-04-04,Krishnaraja Sagara,1.756,19.246
2019-04-05,Krishnaraja Sagara,3.2,14.95
2019-04-06,Krishnaraja Sagara,2.124,10.653
2019-04-07,Krishnaraja Sagara,3.653,6.357
2019-04-08,Krishnaraja Sagara,2.747,7.769
2019-04-09,Krishnaraja Sagara,2.294,12.312
2019-04-10,Krishnaraja Sagara,2.888,16.855
2019-04-11,Krishnaraja Sagara,2.888,21.399
2019-04-12,Krishnaraja Sagara,2.86,25.942
2019-04-13,Krishnaraja Sagara,2.86,30.485
2019-04-14,Krishnaraja Sagara,2.86,35.028
2019-04-15,Krishnaraja Sagara,4.955,39.571
2019-04-16,Krishnaraja Sagara,4.955,39.106
2019-04-17,Krishnaraja Sagara,2.86,38.642
2019-04-18,Krishnaraja Sagara,2.86,38.177
2019-04-19,Krishnaraja Sagara,5.125,37.712
2019-04-20,Krishnaraja Sagara,5.125,37.248
2019-04-21,Krishnaraja Sagara,3.341,36.783
2019-04-22,Krishnaraja Sagara,4.304,36.318
2019-04-23,Krishnaraja Sagara,4.304,35.854
2019-04-24,Krishnaraja Sagara,4.786,35.389
2019-04-25,Krishnaraja Sagara,3.058,34.924
2019-04-26,Krishnaraja Sagara,3.285,34.46
2019-04-27,Krishnaraja Sagara,4.361,33.995
2019-04-28,Krishnaraja Sagara,2.917,33.53
2019-04-29,Krishnaraja Sagara,3.087,33.066
2019-04-30,Krishnaraja Sagara,4.276,32.601
2019-05-01,Krishnaraja Sagara,4.163,32.136
2019-05-02,Krishnaraja Sagara,4.332,27.899
2019-05-03,Krishnaraja Sagara,3.455,23.661
2019-05-04,Krishnaraja Sagara,4.276,19.423
2019-05-05,Krishnaraja Sagara,4.417,15.185
2019-05-06,Krishnaraja Sagara,3.03,10.948
2019-05-07,Krishnaraja Sagara,3.766,6.71
2019-05-08,Krishnaraja Sagara,4.644,7.769
2019-05-09,Krishnaraja Sagara,4.361,12.322
2019-05-10,Krishnaraja Sagara,3.851,16.875
2019-05-11,Krishnaraja Sagara,4.049,21.428
2019-05-12,Krishnaraja Sagara,4.049,25.982
2019-05-13,Krishnaraja Sagara,4.049,30.535
2019-05-14,Krishnaraja Sagara,5.578,35.088
2019-05-15,Krishnaraja Sagara,5.578,39.641
2019-05-16,Krishnaraja Sagara,4.219,39.199
2019-05-17,Krishnaraja Sagara,4.021,38.758
2019-05-18,Krishnaraja Sagara,4.021,38.316
2019-05-19,Krishnaraja Sagara,3.993,37.875
2019-05-20,Krishnaraja Sagara,3.993,37.434
2019-05-21,Krishnaraja Sagara,5.522,36.992
2019-05-22,Krishnaraja Sagara,3.964,36.551
2019-05-23,Krishnaraja Sagara,3.936,36.109
2019-05-24,Krishnaraja Sagara,3.936,35.668
2019-05-25,Krishnaraja Sagara,5.465,35.226
2019-05-26,Krishnaraja Sagara,5.465,34.785
2019-05-27,Krishnaraja Sagara,3.908,34.344
2019-05-28,Krishnaraja Sagara,3.879,33.902
2019-05-29,Krishnaraja Sagara,5.409,33.461
2019-05-30,Krishnaraja Sagara,3.879,33.019
2019-05-31,Krishnaraja Sagara,3.851,32.578
2019-06-01,Krishnaraja Sagara,5.38,32.136
2019-06-02,Krishnaraja Sagara,3.455,27.899
2019-06-03,Krishnaraja Sagara,3.426,23.661
2019-06-04,Krishnaraja Sagara,3.398,19.423
2019-06-05,Krishnaraja Sagara,3.398,15.185
2019-06-06,Krishnaraja Sagara,3.37,10.948
2019-06-07,Krishnaraja Sagara,3.37,6.71
2019-06-08,Krishnaraja Sagara,4.814,8.476
2019-06-09,Krishnaraja Sagara,3.313,12.918
2019-06-10,Krishnaraja Sagara,3.313,17.36
2019-06-11,Krishnaraja Sagara,3.285,21.802
2019-06-12,Krishnaraja Sagara,3.285,26.244
2019-06-13,Krishnaraja Sagara,3.256,30.687
2019-06-14,Krishnaraja Sagara,3.228,35.129
2019-06-15,Krishnaraja Sagara,3.2,39.571
2019-06-16,Krishnaraja Sagara,3.171,39.106
2019-06-17,Krishnaraja Sagara,3.143,38.642
2019-06-18,Krishnaraja Sagara,4.417,38.177
2019-06-19,Krishnaraja Sagara,5.833,37.712
2019-06-20,Krishnaraja Sagara,5.777,37.248
2019-06-21,Krishnaraja Sagara,4.332,36.783
2019-06-22,Krishnaraja Sagara,5.748,36.318
2019-06-23,Krishnaraja Sagara,5.748,35.854
2019-06-24,Krishnaraja Sagara,7.164,35.389
2019-06-25,Krishnaraja Sagara,7.164,34.924
2019-06-26,Krishnaraja Sagara,8.58,34.46
2019-06-27,Krishnaraja Sagara,8.58,33.995
2019-06-28,Krishnaraja Sagara,18.548,33.53
2019-06-29,Krishnaraja Sagara,27.071,33.066
2019-06-30,Krishnaraja Sagara,25.683,32.601
2019-07-01,Krishnaraja Sagara,21.832,32.136
2019-07-02,Krishnaraja Sagara,18.944,27.957
2019-07-03,Krishnaraja Sagara,18.661,23.779
2019-07-04,Krishnaraja Sagara,18.746,19.6
2019-07-05,Krishnaraja Sagara,40.805,15.421
2019-07-06,Krishnaraja Sagara,62.92,11.242
2019-07-07,Krishnaraja Sagara,131.702,7.063
2019-07-08,Krishnaraja Sagara,340.907,9.888
2019-07-09,Krishnaraja Sagara,209.743,14.138
2019-07-10,Krishnaraja Sagara,226.11,18.389
2019-07-11,Krishnaraja Sagara,189.666,22.639
2019-07-12,Krishnaraja Sagara,241.996,26.89
2019-07-13,Krishnaraja Sagara,173.497,31.14
2019-07-14,Krishnaraja Sagara,138.809,35.39
2019-07-15,Krishnaraja Sagara,102.167,39.641
2019-07-16,Krishnaraja Sagara,83.308,39.199
2019-07-17,Krishnaraja Sagara,73.001,38.758
2019-07-18,Krishnaraja Sagara,72.095,38.316
2019-07-19,Krishnaraja Sagara,55.19,37.875
2019-07-20,Krishnaraja Sagara,28.175,37.434
2019-07-21,Krishnaraja Sagara,9.514,36.992
2019-07-22,Krishnaraja Sagara,18.151,36.551
2019-07-23,Krishnaraja Sagara,104.857,36.109
2019-07-24,Krishnaraja Sagara,199.549,35.668
2019-07-25,Krishnaraja Sagara,256.721,35.226
2019-07-26,Krishnaraja Sagara,204.448,34.785
2019-07-27,Krishnaraja Sagara,143.51,34.344
2019-07-28,Krishnaraja Sagara,139.347,33.902
2019-07-29,Krishnaraja Sagara,123.235,33.461
2019-07-30,Krishnaraja Sagara,90.614,33.019
2019-07-31,Krishnaraja Sagara,96.107,32.578
2019-08-01,Krishnaraja Sagara,184.371,32.136
2019-08-02,Krishnaraja Sagara,184.399,28.134
2019-08-03,Krishnaraja Sagara,144.529,24.132
2019-08-04,Krishnaraja Sagara,135.411,20.129
2019-08-05,Krishnaraja Sagara,160.103,16.127
2019-08-06,Krishnaraja Sagara,358.35,12.125
2019-08-07,Krishnaraja Sagara,643.33,8.122
2019-08-08,Krishnaraja Sagara,871.423,12.007
2019-08-09,Krishnaraja Sagara,1448.463,16.686
2019-08-10,Krishnaraja Sagara,3073.935,21.365
2019-08-11,Krishnaraja Sagara,5315.667,26.045
2019-08-12,Krishnaraja Sagara,5782.3,30.724
2019-08-13,Krishnaraja Sagara,2557.521,35.403
2019-08-14,Krishnaraja Sagara,1099.94,40.082
2019-08-15,Krishnaraja Sagara,531.451,39.641
2019-08-16,Krishnaraja Sagara,523.862,39.199
2019-08-17,Krishnaraja Sagara,621.668,38.758
2019-08-18,Krishnaraja Sagara,665.134,38.316
2019-08-19,Krishnaraja Sagara,489.287,37.875
2019-08-20,Krishnaraja Sagara,241.911,37.434
2019-08-21,Krishnaraja Sagara,241.911,36.992
2019-08-22,Krishnaraja Sagara,239.079,36.551
2019-08-23,Krishnaraja Sagara,239.079,36.109
2019-08-24,Krishnaraja Sagara,240.495,35.668
2019-08-25,Krishnaraja Sagara,236.219,35.226
2019-08-26,Krishnaraja Sagara,229.508,34.785
2019-08-27,Krishnaraja Sagara,232.0,34.344
2019-08-28,Krishnaraja Sagara,250.321,33.902
2019-08-29,Krishnaraja Sagara,250.321,33.461
2019-08-30,Krishnaraja Sagara,247.489,33.019
2019-08-31,Krishnaraja Sagara,247.489,32.578
2019-09-01,Krishnaraja Sagara,248.509,32.136
2019-09-02,Krishnaraja Sagara,249.415,28.252
2019-09-03,Krishnaraja Sagara,249.415,24.367
2019-09-04,Krishnaraja Sagara,347.872,20.483
2019-09-05,Krishnaraja Sagara,510.213,16.598
2019-09-06,Krishnaraja Sagara,1266.528,12.713
2019-09-07,Krishnaraja Sagara,1579.344,8.829
2019-09-08,Krishnaraja Sagara,1188.288,12.804
2019-09-09,Krishnaraja Sagara,1292.607,16.778
2019-09-10,Krishnaraja Sagara,1292.607,20.753
2019-09-11,Krishnaraja Sagara,1172.317,24.728
2019-09-12,Krishnaraja Sagara,582.591,28.703
2019-09-13,Krishnaraja Sagara,408.725,32.678
2019-09-14,Krishnaraja Sagara,408.725,36.653
2019-09-15,Krishnaraja Sagara,408.725,34.497
2019-09-16,Krishnaraja Sagara,405.894,32.341
2019-09-17,Krishnaraja Sagara,262.469,30.185
2019-09-18,Krishnaraja Sagara,249.415,28.029
2019-09-19,Krishnaraja Sagara,249.415,25.873
2019-09-20,Krishnaraja Sagara,250.831,23.717
2019-09-21,Krishnaraja Sagara,252.246,21.561
2019-09-22,Krishnaraja Sagara,252.246,19.404
2019-09-23,Krishnaraja Sagara,250.831,17.248
2019-09-24,Krishnaraja Sagara,249.415,15.092
2019-09-25,Krishnaraja Sagara,334.394,12.936
2019-09-26,Krishnaraja Sagara,380.493,10.78
2019-09-27,Krishnaraja Sagara,324.823,8.624
2019-09-28,Krishnaraja Sagara,246.583,6.468
2019-09-29,Krishnaraja Sagara,246.583,4.312
2019-09-30,Krishnaraja Sagara,194.423,2.156
2019-10-01,Krishnaraja Sagara,194.423,5.767
2019-10-02,Krishnaraja Sagara,146.455,9.377
2019-10-03,Krishnaraja Sagara,146.455,12.987
2019-10-04,Krishnaraja Sagara,132.381,16.598
2019-10-05,Krishnaraja Sagara,108.51,11.654
2019-10-06,Krishnaraja Sagara,88.179,6.71
2019-10-07,Krishnaraja Sagara,87.471,9.182
2019-10-08,Krishnaraja Sagara,86.735,13.591
2019-10-09,Krishnaraja Sagara,155.261,18.0
2019-10-10,Krishnaraja Sagara,223.788,22.41
2019-10-11,Krishnaraja Sagara,155.261,26.819
2019-10-12,Krishnaraja Sagara,86.735,31.228
2019-10-13,Krishnaraja Sagara,123.15,35.638
2019-10-14,Krishnaraja Sagara,130.909,40.047
2019-10-15,Krishnaraja Sagara,130.909,39.588
2019-10-16,Krishnaraja Sagara,233.699,39.129
2019-10-17,Krishnaraja Sagara,698.293,38.67
2019-10-18,Krishnaraja Sagara,466.69,38.21
2019-10-19,Krishnaraja Sagara,242.279,37.751
2019-10-20,Krishnaraja Sagara,242.279,37.292
2019-10-21,Krishnaraja Sagara,235.228,36.833
2019-10-22,Krishnaraja Sagara,213.141,36.374
2019-10-23,Krishnaraja Sagara,549.8,35.915
2019-10-24,Krishnaraja Sagara,680.284,35.456
2019-10-25,Krishnaraja Sagara,295.373,34.997
2019-10-26,Krishnaraja Sagara,191.054,34.538
2019-10-27,Krishnaraja Sagara,293.986,34.079
2019-10-28,Krishnaraja Sagara,398.305,33.62
2019-10-29,Krishnaraja Sagara,398.305,33.16
2019-10-30,Krishnaraja Sagara,268.642,32.701
2019-10-31,Krishnaraja Sagara,228.29,32.242
2019-11-01,Krishnaraja Sagara,221.324,31.783
2019-11-02,Krishnaraja Sagara,219.965,28.134
2019-11-03,Krishnaraja Sagara,219.965,24.485
2019-11-04,Krishnaraja Sagara,221.381,20.836
2019-11-05,Krishnaraja Sagara,222.797,17.186
2019-11-06,Krishnaraja Sagara,222.797,13.537
2019-11-07,Krishnaraja Sagara,170.637,9.888
2019-11-08,Krishnaraja Sagara,170.637,14.19
2019-11-09,Krishnaraja Sagara,169.221,18.491
2019-11-10,Krishnaraja Sagara,304.859,22.793
2019-11-11,Krishnaraja Sagara,304.859,27.094
2019-11-12,Krishnaraja Sagara,167.806,31.396
2019-11-13,Krishnaraja Sagara,167.806,35.697
2019-11-14,Krishnaraja Sagara,169.221,39.999
2019-11-15,Krishnaraja Sagara,170.637,39.515
2019-11-16,Krishnaraja Sagara,170.637,39.032
2019-11-17,Krishnaraja Sagara,169.221,38.549
2019-11-18,Krishnaraja Sagara,167.806,38.065
2019-11-19,Krishnaraja Sagara,167.806,37.582
2019-11-20,Krishnaraja Sagara,130.173,37.099
2019-11-21,Krishnaraja Sagara,111.88,36.616
2019-11-22,Krishnaraja Sagara,102.734,36.132
2019-11-23,Krishnaraja Sagara,98.175,35.649
2019-11-24,Krishnaraja Sagara,89.0,35.166
2019-11-25,Krishnaraja Sagara,98.146,34.683
2019-11-26,Krishnaraja Sagara,79.854,34.199
2019-11-27,Krishnaraja Sagara,84.413,33.716
2019-11-28,Krishnaraja Sagara,97.58,33.233
2019-11-29,Krishnaraja Sagara,97.325,32.75
2019-11-30,Krishnaraja Sagara,92.851,32.266
2019-12-01,Krishnaraja Sagara,96.9,31.783
2019-12-02,Krishnaraja Sagara,106.301,28.252
2019-12-03,Krishnaraja Sagara,123.858,24.72
2019-12-04,Krishnaraja Sagara,140.706,21.189
2019-12-05,Krishnaraja Sagara,131.758,17.657
2019-12-06,Krishnaraja Sagara,113.805,14.126
2019-12-07,Krishnaraja Sagara,91.407,10.594
2019-12-08,Krishnaraja Sagara,95.909,14.928
2019-12-09,Krishnaraja Sagara,95.909,19.262
2019-12-10,Krishnaraja Sagara,86.791,23.595
2019-12-11,Krishnaraja Sagara,82.119,27.929
2019-12-12,Krishnaraja Sagara,82.119,32.262
2019-12-13,Krishnaraja Sagara,82.119,36.596
2019-12-14,Krishnaraja Sagara,81.779,40.93
2019-12-15,Krishnaraja Sagara,93.955,40.912
2019-12-16,Krishnaraja Sagara,102.705,40.894
2019-12-17,Krishnaraja Sagara,89.566,40.877
2019-12-18,Krishnaraja Sagara,93.955,40.859
2019-12-19,Krishnaraja Sagara,98.231,40.841
2019-12-20,Krishnaraja Sagara,91.605,40.824
2019-12-21,Krishnaraja Sagara,91.662,40.806
2019-12-22,Krishnaraja Sagara,95.937,40.788
2019-12-23,Krishnaraja Sagara,100.242,40.771
2019-12-24,Krishnaraja Sagara,91.662,40.753
2019-12-25,Krishnaraja Sagara,86.338,40.735
2019-12-26,Krishnaraja Sagara,86.338,40.718
2019-12-27,Krishnaraja Sagara,86.338,40.7
2019-12-28,Krishnaraja Sagara,57.851,40.682
2019-12-29,Krishnaraja Sagara,56.464,40.665
2019-12-30,Krishnaraja Sagara,56.464,40.647
2019-12-31,Krishnaraja Sagara,52.188,40.63
2020-01-01,Krishnaraja Sagara,39.304,40.612
2020-01-02,Krishnaraja Sagara,39.757,36.551
2020-01-03,Krishnaraja Sagara,31.177,32.489
2020-01-04,Krishnaraja Sagara,22.597,28.428
2020-01-05,Krishnaraja Sagara,22.597,24.367
2020-01-06,Krishnaraja Sagara,18.01,20.306
2020-01-07,Krishnaraja Sagara,17.16,16.245
2020-01-08,Krishnaraja Sagara,12.856,20.977
2020-01-09,Krishnaraja Sagara,12.856,25.709
2020-01-10,Krishnaraja Sagara,12.856,30.441
2020-01-11,Krishnaraja Sagara,17.132,35.173
2020-01-12,Krishnaraja Sagara,17.132,39.906
2020-01-13,Krishnaraja Sagara,12.856,39.941
2020-01-14,Krishnaraja Sagara,10.534,39.976
2020-01-15,Krishnaraja Sagara,8.07,40.012
2020-01-16,Krishnaraja Sagara,7.759,40.047
2020-01-17,Krishnaraja Sagara,12.176,40.082
2020-01-18,Krishnaraja Sagara,11.836,40.117
2020-01-19,Krishnaraja Sagara,9.288,40.153
2020-01-20,Krishnaraja Sagara,9.741,40.188
2020-01-21,Krishnaraja Sagara,9.401,40.223
2020-01-22,Krishnaraja Sagara,17.471,40.259
2020-01-23,Krishnaraja Sagara,21.238,40.294
2020-01-24,Krishnaraja Sagara,18.349,40.329
2020-01-25,Krishnaraja Sagara,18.151,40.365
2020-01-26,Krishnaraja Sagara,15.036,40.4
2020-01-27,Krishnaraja Sagara,19.312,40.435
2020-01-28,Krishnaraja Sagara,15.688,40.471
2020-01-29,Krishnaraja Sagara,19.425,40.506
2020-01-30,Krishnaraja Sagara,16.056,40.541
2020-01-31,Krishnaraja Sagara,12.912,40.577
2020-02-01,Krishnaraja Sagara,16.565,40.612
2020-02-02,Krishnaraja Sagara,14.838,36.61
2020-02-03,Krishnaraja Sagara,13.479,32.607
2020-02-04,Krishnaraja Sagara,13.479,28.605
2020-02-05,Krishnaraja Sagara,17.33,24.603
2020-02-06,Krishnaraja Sagara,17.33,20.6
2020-02-07,Krishnaraja Sagara,13.479,16.598
2020-02-08,Krishnaraja Sagara,13.479,21.189
2020-02-09,Krishnaraja Sagara,13.366,25.78
2020-02-10,Krishnaraja Sagara,16.905,30.371
2020-02-11,Krishnaraja Sagara,15.022,34.962
2020-02-12,Krishnaraja Sagara,13.139,39.552
2020-02-13,Krishnaraja Sagara,13.139,39.611
2020-02-14,Krishnaraja Sagara,12.29,39.67
2020-02-15,Krishnaraja Sagara,17.273,39.729
2020-02-16,Krishnaraja Sagara,16.962,39.788
2020-02-17,Krishnaraja Sagara,17.443,39.847
2020-02-18,Krishnaraja Sagara,13.026,39.906
2020-02-19,Krishnaraja Sagara,12.743,39.964
2020-02-20,Krishnaraja Sagara,12.431,40.023
2020-02-21,Krishnaraja Sagara,12.658,40.082
2020-02-22,Krishnaraja Sagara,13.762,40.141
2020-02-23,Krishnaraja Sagara,9.968,40.2
2020-02-24,Krishnaraja Sagara,6.145,40.259
2020-02-25,Krishnaraja Sagara,6.428,40.318
2020-02-26,Krishnaraja Sagara,8.891,40.376
2020-02-27,Krishnaraja Sagara,6.145,40.435
2020-02-28,Krishnaraja Sagara,4.701,40.494
2020-02-29,Krishnaraja Sagara,7.023,40.553
2020-03-01,Krishnaraja Sagara,4.87,40.612
2020-03-02,Krishnaraja Sagara,17.868,36.61
2020-03-03,Krishnaraja Sagara,25.825,32.607
2020-03-04,Krishnaraja Sagara,19.369,28.605
2020-03-05,Krishnaraja Sagara,5.805,24.603
2020-03-06,Krishnaraja Sagara,2.265,20.6
2020-03-07,Krishnaraja Sagara,2.265,16.598
2020-03-08,Krishnaraja Sagara,2.265,21.189
2020-03-09,Krishnaraja Sagara,4.587,25.78
2020-03-10,Krishnaraja Sagara,4.559,30.371
2020-03-11,Krishnaraja Sagara,4.559,34.962
2020-03-12,Krishnaraja Sagara,4.559,39.552
2020-03-13,Krishnaraja Sagara,7.9,39.605
2020-03-14,Krishnaraja Sagara,4.361,39.658
2020-03-15,Krishnaraja Sagara,6.06,39.711
2020-03-16,Krishnaraja Sagara,8.92,39.764
2020-03-17,Krishnaraja Sagara,7.023,39.817
2020-03-18,Krishnaraja Sagara,5.578,39.87
2020-03-19,Krishnaraja Sagara,8.608,39.923
2020-03-20,Krishnaraja Sagara,7.391,39.976
2020-03-21,Krishnaraja Sagara,7.391,40.029
2020-03-22,Krishnaraja Sagara,4.049,40.082
2020-03-23,Krishnaraja Sagara,3.002,40.135
2020-03-24,Krishnaraja Sagara,3.002,40.188
2020-03-25,Krishnaraja Sagara,5.918,40.241
2020-03-26,Krishnaraja Sagara,5.182,40.294
2020-03-27,Krishnaraja Sagara,4.87,40.347
2020-03-28,Krishnaraja Sagara,3.256,40.4
2020-03-29,Krishnaraja Sagara,2.294,40.453
2020-03-30,Krishnaraja Sagara,4.644,40.506
2020-03-31,Krishnaraja Sagara,3.143,40.559
2020-04-01,Krishnaraja Sagara,2.549,40.612
2020-04-02,Krishnaraja Sagara,4.502,36.61
2020-04-03,Krishnaraja Sagara,3.653,32.607
2020-04-04,Krishnaraja Sagara,1.246,28.605
2020-04-05,Krishnaraja Sagara,2.662,24.603
2020-04-06,Krishnaraja Sagara,2.662,20.6
2020-04-07,Krishnaraja Sagara,2.633,16.598
2020-04-08,Krishnaraja Sagara,2.917,21.118
2020-04-09,Krishnaraja Sagara,5.72,25.638
2020-04-10,Krishnaraja Sagara,19.765,30.159
2020-04-11,Krishnaraja Sagara,22.54,34.679
2020-04-12,Krishnaraja Sagara,22.54,39.199
2020-04-13,Krishnaraja Sagara,14.102,39.274
2020-04-14,Krishnaraja Sagara,5.692,39.348
2020-04-15,Krishnaraja Sagara,5.692,39.422
2020-04-16,Krishnaraja Sagara,8.155,39.497
2020-04-17,Krishnaraja Sagara,5.04,39.571
2020-04-18,Krishnaraja Sagara,4.786,39.645
2020-04-19,Krishnaraja Sagara,3.625,39.72
2020-04-20,Krishnaraja Sagara,3.879,39.794
2020-04-21,Krishnaraja Sagara,3.143,39.868
2020-04-22,Krishnaraja Sagara,3.823,39.943
2020-04-23,Krishnaraja Sagara,3.03,40.017
2020-04-24,Krishnaraja Sagara,3.341,40.091
2020-04-25,Krishnaraja Sagara,3.058,40.166
2020-04-26,Krishnaraja Sagara,3.087,40.24
2020-04-27,Krishnaraja Sagara,3.37,40.314
2020-04-28,Krishnaraja Sagara,3.285,40.389
2020-04-29,Krishnaraja Sagara,6.116,40.463
2020-04-30,Krishnaraja Sagara,4.474,40.538
2020-05-01,Krishnaraja Sagara,5.267,40.612
2020-05-02,Krishnaraja Sagara,18.123,36.668
2020-05-03,Krishnaraja Sagara,6.994,32.725
2020-05-04,Krishnaraja Sagara,9.713,28.781
2020-05-05,Krishnaraja Sagara,9.713,24.838
2020-05-06,Krishnaraja Sagara,7.362,20.895
2020-05-07,Krishnaraja Sagara,5.04,16.951
2020-05-08,Krishnaraja Sagara,5.04,21.401
2020-05-09,Krishnaraja Sagara,5.012,25.85
2020-05-10,Krishnaraja Sagara,2.662,30.3
2020-05-11,Krishnaraja Sagara,2.662,34.75
2020-05-12,Krishnaraja Sagara,3.511,39.199
2020-05-13,Krishnaraja Sagara,3.511,39.27
2020-05-14,Krishnaraja Sagara,3.37,39.341
2020-05-15,Krishnaraja Sagara,3.341,39.411
2020-05-16,Krishnaraja Sagara,3.341,39.482
2020-05-17,Krishnaraja Sagara,3.936,39.552
2020-05-18,Krishnaraja Sagara,29.931,39.623
2020-05-19,Krishnaraja Sagara,14.498,39.694
2020-05-20,Krishnaraja Sagara,14.47,39.764
2020-05-21,Krishnaraja Sagara,18.264,39.835
2020-05-22,Krishnaraja Sagara,18.859,39.906
2020-05-23,Krishnaraja Sagara,15.121,39.976
2020-05-24,Krishnaraja Sagara,16.452,40.047
2020-05-25,Krishnaraja Sagara,20.388,40.117
2020-05-26,Krishnaraja Sagara,25.542,40.188
2020-05-27,Krishnaraja Sagara,12.912,40.259
2020-05-28,Krishnaraja Sagara,13.111,40.329
2020-05-29,Krishnaraja Sagara,20.813,40.4
2020-05-30,Krishnaraja Sagara,20.077,40.471
2020-05-31,Krishnaraja Sagara,18.038,40.541
2020-06-01,Krishnaraja Sagara,26.193,40.612
2020-06-02,Krishnaraja Sagara,25.797,36.727
2020-06-03,Krishnaraja Sagara,23.701,32.843
2020-06-04,Krishnaraja Sagara,21.606,28.958
2020-06-05,Krishnaraja Sagara,19.51,25.073
2020-06-06,Krishnaraja Sagara,19.51,21.189
2020-06-07,Krishnaraja Sagara,23.701,17.304
2020-06-08,Krishnaraja Sagara,36.302,21.613
2020-06-09,Krishnaraja Sagara,47.94,25.921
2020-06-10,Krishnaraja Sagara,44.486,30.229
2020-06-11,Krishnaraja Sagara,55.02,34.538
2020-06-12,Krishnaraja Sagara,50.942,38.846
2020-06-13,Krishnaraja Sagara,36.302,38.939
2020-06-14,Krishnaraja Sagara,38.426,39.032
2020-06-15,Krishnaraja Sagara,38.454,39.125
2020-06-16,Krishnaraja Sagara,36.359,39.218
2020-06-17,Krishnaraja Sagara,53.151,39.311
2020-06-18,Krishnaraja Sagara,85.687,39.404
2020-06-19,Krishnaraja Sagara,84.384,39.497
2020-06-20,Krishnaraja Sagara,170.043,39.59
2020-06-21,Krishnaraja Sagara,153.081,39.683
2020-06-22,Krishnaraja Sagara,90.076,39.775
2020-06-23,Krishnaraja Sagara,66.092,39.868
2020-06-24,Krishnaraja Sagara,95.739,39.961
2020-06-25,Krishnaraja Sagara,96.391,40.054
2020-06-26,Krishnaraja Sagara,74.643,40.147
2020-06-27,Krishnaraja Sagara,55.926,40.24
2020-06-28,Krishnaraja Sagara,55.954,40.333
2020-06-29,Krishnaraja Sagara,53.632,40.426
2020-06-30,Krishnaraja Sagara,51.31,40.519
2020-07-01,Krishnaraja Sagara,49.979,40.612
2020-07-02,Krishnaraja Sagara,78.098,36.845
2020-07-03,Krishnaraja Sagara,68.527,33.078
2020-07-04,Krishnaraja Sagara,63.741,29.311
2020-07-05,Krishnaraja Sagara,96.022,25.544
2020-07-06,Krishnaraja Sagara,163.983,21.777
2020-07-07,Krishnaraja Sagara,179.076,18.01
2020-07-08,Krishnaraja Sagara,254.059,22.178
2020-07-09,Krishnaraja Sagara,350.902,26.345
2020-07-10,Krishnaraja Sagara,388.62,30.512
2020-07-11,Krishnaraja Sagara,294.354,34.679
2020-07-12,Krishnaraja Sagara,238.003,38.846
2020-07-13,Krishnaraja Sagara,170.128,38.917
2020-07-14,Krishnaraja Sagara,145.039,38.987
2020-07-15,Krishnaraja Sagara,84.894,39.058
2020-07-16,Krishnaraja Sagara,78.806,39.129
2020-07-17,Krishnaraja Sagara,90.161,39.199
2020-07-18,Krishnaraja Sagara,243.157,39.27
2020-07-19,Krishnaraja Sagara,475.185,39.341
2020-07-20,Krishnaraja Sagara,413.992,39.411
2020-07-21,Krishnaraja Sagara,300.612,39.482
2020-07-22,Krishnaraja Sagara,195.188,39.552
2020-07-23,Krishnaraja Sagara,153.987,39.623
2020-07-24,Krishnaraja Sagara,122.895,39.694
2020-07-25,Krishnaraja Sagara,90.529,39.764
2020-07-26,Krishnaraja Sagara,79.231,39.835
2020-07-27,Krishnaraja Sagara,85.772,39.906
2020-07-28,Krishnaraja Sagara,45.732,39.976
2020-07-29,Krishnaraja Sagara,65.695,40.047
2020-07-30,Krishnaraja Sagara,40.21,40.117
2020-07-31,Krishnaraja Sagara,44.995,40.188
2020-08-01,Krishnaraja Sagara,129.691,40.259
2020-08-02,Krishnaraja Sagara,102.054,40.329
2020-08-03,Krishnaraja Sagara,93.077,40.4
2020-08-04,Krishnaraja Sagara,143.17,40.471
2020-08-05,Krishnaraja Sagara,580.156,40.541
2020-08-06,Krishnaraja Sagara,1049.649,40.612
2020-08-07,Krishnaraja Sagara,1386.28,40.682
2020-08-08,Krishnaraja Sagara,1920.364,40.753
2020-08-09,Krishnaraja Sagara,2751.406,40.824
2020-08-10,Krishnaraja Sagara,2207.298,40.894
2020-08-11,Krishnaraja Sagara,1155.157,40.965
2020-08-12,Krishnaraja Sagara,726.893,38.493
2020-08-13,Krishnaraja Sagara,510.468,38.581
2020-08-14,Krishnaraja Sagara,382.787,38.67
2020-08-15,Krishnaraja Sagara,257.117,38.758
2020-08-16,Krishnaraja Sagara,266.292,38.846
2020-08-17,Krishnaraja Sagara,247.999,38.934
2020-08-18,Krishnaraja Sagara,495.573,39.023
2020-08-19,Krishnaraja Sagara,877.964,39.111
2020-08-20,Krishnaraja Sagara,423.054,39.199
2020-08-21,Krishnaraja Sagara,556.398,39.288
2020-08-22,Krishnaraja Sagara,201.814,39.376
2020-08-23,Krishnaraja Sagara,119.469,39.464
2020-08-24,Krishnaraja Sagara,124.056,39.552
2020-08-25,Krishnaraja Sagara,154.327,39.641
2020-08-26,Krishnaraja Sagara,113.154,39.729
2020-08-27,Krishnaraja Sagara,81.128,39.817
2020-08-28,Krishnaraja Sagara,44.542,39.906
2020-08-29,Krishnaraja Sagara,45.307,39.994
2020-08-30,Krishnaraja Sagara,49.611,40.082
2020-08-31,Krishnaraja Sagara,49.243,40.17
2020-09-01,Krishnaraja Sagara,79.061,40.259
2020-09-02,Krishnaraja Sagara,191.932,40.337
2020-09-03,Krishnaraja Sagara,255.531,40.416
2020-09-04,Krishnaraja Sagara,256.607,40.494
2020-09-05,Krishnaraja Sagara,236.984,40.573
2020-09-06,Krishnaraja Sagara,169.759,40.651
2020-09-07,Krishnaraja Sagara,119.469,40.73
2020-09-08,Krishnaraja Sagara,127.964,40.808
2020-09-09,Krishnaraja Sagara,191.365,40.887
2020-09-10,Krishnaraja Sagara,250.802,40.965
2020-09-11,Krishnaraja Sagara,168.485,40.965
2020-09-12,Krishnaraja Sagara,173.101,38.493
2020-09-13,Krishnaraja Sagara,177.66,38.586
2020-09-14,Krishnaraja Sagara,212.688,38.679
2020-09-15,Krishnaraja Sagara,281.356,38.772
2020-09-16,Krishnaraja Sagara,246.611,38.865
2020-09-17,Krishnaraja Sagara,199.945,38.958
2020-09-18,Krishnaraja Sagara,200.002,39.051
2020-09-19,Krishnaraja Sagara,212.291,39.144
2020-09-20,Krishnaraja Sagara,284.16,39.236
2020-09-21,Krishnaraja Sagara,776.618,39.329
2020-09-22,Krishnaraja Sagara,1083.912,39.422
2020-09-23,Krishnaraja Sagara,908.348,39.515
2020-09-24,Krishnaraja Sagara,752.209,39.608
2020-09-25,Krishnaraja Sagara,372.055,39.701
2020-09-26,Krishnaraja Sagara,350.732,39.794
2020-09-27,Krishnaraja Sagara,309.645,39.887
2020-09-28,Krishnaraja Sagara,287.671,39.98
2020-09-29,Krishnaraja Sagara,241.967,40.073
2020-09-30,Krishnaraja Sagara,205.382,40.166
2020-10-01,Krishnaraja Sagara,187.089,40.259
2020-10-02,Krishnaraja Sagara,183.861,40.337
2020-10-03,Krishnaraja Sagara,188.449,40.416
2020-10-04,Krishnaraja Sagara,174.715,40.494
2020-10-05,Krishnaraja Sagara,174.715,40.573
2020-10-06,Krishnaraja Sagara,174.715,40.651
2020-10-07,Krishnaraja Sagara,176.131,40.73
2020-10-08,Krishnaraja Sagara,180.378,40.808
2020-10-09,Krishnaraja Sagara,229.706,40.887
2020-10-10,Krishnaraja Sagara,307.946,40.965
2020-10-11,Krishnaraja Sagara,334.026,40.965
2020-10-12,Krishnaraja Sagara,247.518,38.493
2020-10-13,Krishnaraja Sagara,244.658,38.581
2020-10-14,Krishnaraja Sagara,243.95,38.67
2020-10-15,Krishnaraja Sagara,164.974,38.758
2020-10-16,Krishnaraja Sagara,86.735,38.846
2020-10-17,Krishnaraja Sagara,321.453,38.934
2020-10-18,Krishnaraja Sagara,347.533,39.023
2020-10-19,Krishnaraja Sagara,217.134,39.111
2020-10-20,Krishnaraja Sagara,191.054,39.199
2020-10-21,Krishnaraja Sagara,192.47,39.288
2020-10-22,Krishnaraja Sagara,193.885,39.376
2020-10-23,Krishnaraja Sagara,192.47,39.464
2020-10-24,Krishnaraja Sagara,191.054,39.552
2020-10-25,Krishnaraja Sagara,191.054,39.641
2020-10-26,Krishnaraja Sagara,164.974,39.729
2020-10-27,Krishnaraja Sagara,138.894,39.817
2020-10-28,Krishnaraja Sagara,156.082,39.906
2020-10-29,Krishnaraja Sagara,164.124,39.994
2020-10-30,Krishnaraja Sagara,109.218,40.082
2020-10-31,Krishnaraja Sagara,132.098,40.17
2020-11-01,Krishnaraja Sagara,109.218,40.259
2020-11-02,Krishnaraja Sagara,103.272,40.337
2020-11-03,Krishnaraja Sagara,139.857,40.416
2020-11-04,Krishnaraja Sagara,167.296,40.494
2020-11-05,Krishnaraja Sagara,149.003,40.573
2020-11-06,Krishnaraja Sagara,199.294,40.651
2020-11-07,Krishnaraja Sagara,222.174,40.73
2020-11-08,Krishnaraja Sagara,167.296,40.808
2020-11-09,Krishnaraja Sagara,126.123,40.887
2020-11-10,Krishnaraja Sagara,116.977,40.965
2020-11-11,Krishnaraja Sagara,94.607,40.965
2020-11-12,Krishnaraja Sagara,125.359,38.493
2020-11-13,Krishnaraja Sagara,111.936,38.586
2020-11-14,Krishnaraja Sagara,120.885,38.679
2020-11-15,Krishnaraja Sagara,107.094,38.772
2020-11-16,Krishnaraja Sagara,119.44,38.865
2020-11-17,Krishnaraja Sagara,132.891,38.958
2020-11-18,Krishnaraja Sagara,128.389,39.051
2020-11-19,Krishnaraja Sagara,106.018,39.144
2020-11-20,Krishnaraja Sagara,119.327,39.236
2020-11-21,Krishnaraja Sagara,97.014,39.329
2020-11-22,Krishnaraja Sagara,88.235,39.422
2020-11-23,Krishnaraja Sagara,74.105,39.515
2020-11-24,Krishnaraja Sagara,78.183,39.608
2020-11-25,Krishnaraja Sagara,82.714,39.701
2020-11-26,Krishnaraja Sagara,91.577,39.794
2020-11-27,Krishnaraja Sagara,82.997,39.887
2020-11-28,Krishnaraja Sagara,82.714,39.98
2020-11-29,Krishnaraja Sagara,90.416,40.073
2020-11-30,Krishnaraja Sagara,94.692,40.166
2020-12-01,Krishnaraja Sagara,94.805,40.259
2020-12-02,Krishnaraja Sagara,99.137,40.337
2020-12-03,Krishnaraja Sagara,94.946,40.416
2020-12-04,Krishnaraja Sagara,98.854,40.494
2020-12-05,Krishnaraja Sagara,98.09,40.573
2020-12-06,Krishnaraja Sagara,100.157,40.651
2020-12-07,Krishnaraja Sagara,105.084,40.73
2020-12-08,Krishnaraja Sagara,113.466,40.808
2020-12-09,Krishnaraja Sagara,101.827,40.887
2020-12-10,Krishnaraja Sagara,101.827,40.965
2020-12-11,Krishnaraja Sagara,100.412,40.965
2020-12-12,Krishnaraja Sagara,98.996,38.493
2020-12-13,Krishnaraja Sagara,90.529,38.422
2020-12-14,Krishnaraja Sagara,85.687,38.352
2020-12-15,Krishnaraja Sagara,71.642,38.281
2020-12-16,Krishnaraja Sagara,68.414,38.21
2020-12-17,Krishnaraja Sagara,59.664,38.14
2020-12-18,Krishnaraja Sagara,51.452,38.069
2020-12-19,Krishnaraja Sagara,60.683,37.999
2020-12-20,Krishnaraja Sagara,65.185,37.928
2020-12-21,Krishnaraja Sagara,68.64,37.857
2020-12-22,Krishnaraja Sagara,64.506,37.787
2020-12-23,Krishnaraja Sagara,66.488,37.716
2020-12-24,Krishnaraja Sagara,61.646,37.645
2020-12-25,Krishnaraja Sagara,73.964,37.575
2020-12-26,Krishnaraja Sagara,50.829,37.504
2020-12-27,Krishnaraja Sagara,39.983,37.434
2020-12-28,Krishnaraja Sagara,31.772,37.363
2020-12-29,Krishnaraja Sagara,33.046,37.292
2020-12-30,Krishnaraja Sagara,30.497,37.222
2020-12-31,Krishnaraja Sagara,34.178,37.151
2021-01-01,Krishnaraja Sagara,26.136,37.08
2021-01-02,Krishnaraja Sagara,21.153,32.843
2021-01-03,Krishnaraja Sagara,25.145,28.958
2021-01-04,Krishnaraja Sagara,21.124,25.073
2021-01-05,Krishnaraja Sagara,21.153,21.189
2021-01-06,Krishnaraja Sagara,21.124,17.304
2021-01-07,Krishnaraja Sagara,33.187,13.42
2021-01-08,Krishnaraja Sagara,49.243,17.978
2021-01-09,Krishnaraja Sagara,49.243,22.537
2021-01-10,Krishnaraja Sagara,53.264,27.095
2021-01-11,Krishnaraja Sagara,53.292,31.654
2021-01-12,Krishnaraja Sagara,49.271,36.212
2021-01-13,Krishnaraja Sagara,46.44,40.771
2021-01-14,Krishnaraja Sagara,34.405,40.577
2021-01-15,Krishnaraja Sagara,36.925,40.382
2021-01-16,Krishnaraja Sagara,28.685,40.188
2021-01-17,Krishnaraja Sagara,37.237,39.994
2021-01-18,Krishnaraja Sagara,29.563,39.8
2021-01-19,Krishnaraja Sagara,29.336,39.605
2021-01-20,Krishnaraja Sagara,25.967,39.411
2021-01-21,Krishnaraja Sagara,24.013,39.217
2021-01-22,Krishnaraja Sagara,35.962,39.023
2021-01-23,Krishnaraja Sagara,35.792,38.828
2021-01-24,Krishnaraja Sagara,31.517,38.634
2021-01-25,Krishnaraja Sagara,43.013,38.44
2021-01-26,Krishnaraja Sagara,25.513,38.246
2021-01-27,Krishnaraja Sagara,25.344,38.052
2021-01-28,Krishnaraja Sagara,20.898,37.857
2021-01-29,Krishnaraja Sagara,12.233,37.663
2021-01-30,Krishnaraja Sagara,12.884,37.469
2021-01-31,Krishnaraja Sagara,16.254,37.275
2021-02-01,Krishnaraja Sagara,12.488,37.08
2021-02-02,Krishnaraja Sagara,12.516,32.843
2021-02-03,Krishnaraja Sagara,12.516,28.887
2021-02-04,Krishnaraja Sagara,12.516,24.932
2021-02-05,Krishnaraja Sagara,8.75,20.977
2021-02-06,Krishnaraja Sagara,8.807,17.022
2021-02-07,Krishnaraja Sagara,8.523,13.066
2021-02-08,Krishnaraja Sagara,8.523,17.909
2021-02-09,Krishnaraja Sagara,8.523,22.752
2021-02-10,Krishnaraja Sagara,12.176,27.595
2021-02-11,Krishnaraja Sagara,10.052,32.438
2021-02-12,Krishnaraja Sagara,9.175,37.281
2021-02-13,Krishnaraja Sagara,12.516,40.737
2021-02-14,Krishnaraja Sagara,9.005,40.508
2021-02-15,Krishnaraja Sagara,8.467,40.279
2021-02-16,Krishnaraja Sagara,8.042,40.051
2021-02-17,Krishnaraja Sagara,9.175,39.822
2021-02-18,Krishnaraja Sagara,8.92,39.594
2021-02-19,Krishnaraja Sagara,17.075,39.365
2021-02-20,Krishnaraja Sagara,24.636,39.137
2021-02-21,Krishnaraja Sagara,27.835,38.908
2021-02-22,Krishnaraja Sagara,33.555,38.68
2021-02-23,Krishnaraja Sagara,20.7,38.451
2021-02-24,Krishnaraja Sagara,14.243,38.223
2021-02-25,Krishnaraja Sagara,19.369,37.994
2021-02-26,Krishnaraja Sagara,16.849,37.766
2021-02-27,Krishnaraja Sagara,16.622,37.537
2021-02-28,Krishnaraja Sagara,12.403,37.309
2021-03-01,Krishnaraja Sagara,8.608,37.08
2021-03-02,Krishnaraja Sagara,10.279,32.843
2021-03-03,Krishnaraja Sagara,11.1,28.817
2021-03-04,Krishnaraja Sagara,7.985,24.791
2021-03-05,Krishnaraja Sagara,8.325,20.765
2021-03-06,Krishnaraja Sagara,11.1,16.739
2021-03-07,Krishnaraja Sagara,11.1,12.713
2021-03-08,Krishnaraja Sagara,7.9,17.631
2021-03-09,Krishnaraja Sagara,7.674,22.55
2021-03-10,Krishnaraja Sagara,5.04,27.468
2021-03-11,Krishnaraja Sagara,6.881,32.386
2021-03-12,Krishnaraja Sagara,6.286,37.304
2021-03-13,Krishnaraja Sagara,8.863,40.771
2021-03-14,Krishnaraja Sagara,5.465,40.577
2021-03-15,Krishnaraja Sagara,6.031,40.382
2021-03-16,Krishnaraja Sagara,4.531,40.188
2021-03-17,Krishnaraja Sagara,4.644,39.994
2021-03-18,Krishnaraja Sagara,3.625,39.8
2021-03-19,Krishnaraja Sagara,4.049,39.605
2021-03-20,Krishnaraja Sagara,4.587,39.411
2021-03-21,Krishnaraja Sagara,3.568,39.217
2021-03-22,Krishnaraja Sagara,6.343,39.023
2021-03-23,Krishnaraja Sagara,5.663,38.828
2021-03-24,Krishnaraja Sagara,3.228,38.634
2021-03-25,Krishnaraja Sagara,4.191,38.44
2021-03-26,Krishnaraja Sagara,5.777,38.246
2021-03-27,Krishnaraja Sagara,8.495,38.052
2021-03-28,Krishnaraja Sagara,5.777,37.857
2021-03-29,Krishnaraja Sagara,5.663,37.663
2021-03-30,Krishnaraja Sagara,7.447,37.469
2021-03-31,Krishnaraja Sagara,6.116,37.275
2021-04-01,Krishnaraja Sagara,6.258,37.08
2021-04-02,Krishnaraja Sagara,4.955,32.843
2021-04-03,Krishnaraja Sagara,4.955,28.746
2021-04-04,Krishnaraja Sagara,2.35,24.65
2021-04-05,Krishnaraja Sagara,2.322,20.553
2021-04-06,Krishnaraja Sagara,2.294,16.457
2021-04-07,Krishnaraja Sagara,2.294,12.36
2021-04-08,Krishnaraja Sagara,2.294,17.094
2021-04-09,Krishnaraja Sagara,4.899,21.827
2021-04-10,Krishnaraja Sagara,2.294,26.56
2021-04-11,Krishnaraja Sagara,2.379,31.294
2021-04-12,Krishnaraja Sagara,2.917,36.027
2021-04-13,Krishnaraja Sagara,4.474,40.761
2021-04-14,Krishnaraja Sagara,3.879,40.556
2021-04-15,Krishnaraja Sagara,3.058,40.352
2021-04-16,Krishnaraja Sagara,2.294,40.147
2021-04-17,Krishnaraja Sagara,3.653,39.943
2021-04-18,Krishnaraja Sagara,5.465,39.738
2021-04-19,Krishnaraja Sagara,4.616,39.534
2021-04-20,Krishnaraja Sagara,4.276,39.329
2021-04-21,Krishnaraja Sagara,5.267,39.125
2021-04-22,Krishnaraja Sagara,5.295,38.92
2021-04-23,Krishnaraja Sagara,8.042,38.716
2021-04-24,Krishnaraja Sagara,40.606,38.512
2021-04-25,Krishnaraja Sagara,23.446,38.307
2021-04-26,Krishnaraja Sagara,9.741,38.103
2021-04-27,Krishnaraja Sagara,9.741,37.898
2021-04-28,Krishnaraja Sagara,11.921,37.694
2021-04-29,Krishnaraja Sagara,5.437,37.489
2021-04-30,Krishnaraja Sagara,5.437,37.285
2021-05-01,Krishnaraja Sagara,3.71,37.08
2021-05-02,Krishnaraja Sagara,3.71,32.843
2021-05-03,Krishnaraja Sagara,3.681,28.676
2021-05-04,Krishnaraja Sagara,3.681,24.508
2021-05-05,Krishnaraja Sagara,3.653,20.341
2021-05-06,Krishnaraja Sagara,4.757,16.174
2021-05-07,Krishnaraja Sagara,6.57,12.007
2021-05-08,Krishnaraja Sagara,7.872,16.798
2021-05-09,Krishnaraja Sagara,5.239,21.589
2021-05-10,Krishnaraja Sagara,6.23,26.38
2021-05-11,Krishnaraja Sagara,8.948,31.171
2021-05-12,Krishnaraja Sagara,10.506,35.962
2021-05-13,Krishnaraja Sagara,12.063,40.753
2021-05-14,Krishnaraja Sagara,14.668,40.541
2021-05-15,Krishnaraja Sagara,25.315,40.329
2021-05-16,Krishnaraja Sagara,27.892,40.117
2021-05-17,Krishnaraja Sagara,19.142,39.906
2021-05-18,Krishnaraja Sagara,74.36,39.694
2021-05-19,Krishnaraja Sagara,80.25,39.482
2021-05-20,Krishnaraja Sagara,83.393,39.27
2021-05-21,Krishnaraja Sagara,32.394,39.058
2021-05-22,Krishnaraja Sagara,32.055,38.846
2021-05-23,Krishnaraja Sagara,23.22,38.634
2021-05-24,Krishnaraja Sagara,28.458,38.422
2021-05-25,Krishnaraja Sagara,26.816,38.21
2021-05-26,Krishnaraja Sagara,41.682,37.999
2021-05-27,Krishnaraja Sagara,33.244,37.787
2021-05-28,Krishnaraja Sagara,32.593,37.575
2021-05-29,Krishnaraja Sagara,25.4,37.363
2021-05-30,Krishnaraja Sagara,31.318,37.151
2021-05-31,Krishnaraja Sagara,31.007,36.939
2021-06-01,Krishnaraja Sagara,25.712,36.727
2021-06-02,Krishnaraja Sagara,21.351,32.489
2021-06-03,Krishnaraja Sagara,22.115,28.393
2021-06-04,Krishnaraja Sagara,21.153,24.296
2021-06-05,Krishnaraja Sagara,19.51,20.2
2021-06-06,Krishnaraja Sagara,14.838,16.103
2021-06-07,Krishnaraja Sagara,16.679,12.007
2021-06-08,Krishnaraja Sagara,22.71,16.796
2021-06-09,Krishnaraja Sagara,13.932,21.585
2021-06-10,Krishnaraja Sagara,18.746,26.374
2021-06-11,Krishnaraja Sagara,22.738,31.164
2021-06-12,Krishnaraja Sagara,21.492,35.953
2021-06-13,Krishnaraja Sagara,17.217,40.742
2021-06-14,Krishnaraja Sagara,18.859,40.519
2021-06-15,Krishnaraja Sagara,34.49,40.296
2021-06-16,Krishnaraja Sagara,180.633,40.073
2021-06-17,Krishnaraja Sagara,196.349,39.85
2021-06-18,Krishnaraja Sagara,387.997,39.627
2021-06-19,Krishnaraja Sagara,469.72,39.404
2021-06-20,Krishnaraja Sagara,558.635,39.181
2021-06-21,Krishnaraja Sagara,558.238,38.958
2021-06-22,Krishnaraja Sagara,337.537,38.735
2021-06-23,Krishnaraja Sagara,273.173,38.512
2021-06-24,Krishnaraja Sagara,140.593,38.289
2021-06-25,Krishnaraja Sagara,174.715,38.065
2021-06-26,Krishnaraja Sagara,122.046,37.842
2021-06-27,Krishnaraja Sagara,88.915,37.619
2021-06-28,Krishnaraja Sagara,77.248,37.396
2021-06-29,Krishnaraja Sagara,76.201,37.173
2021-06-30,Krishnaraja Sagara,59.947,36.95
2021-07-01,Krishnaraja Sagara,40.465,36.727
2021-07-02,Krishnaraja Sagara,36.557,32.489
2021-07-03,Krishnaraja Sagara,40.153,28.322
2021-07-04,Krishnaraja Sagara,32.876,24.155
2021-07-05,Krishnaraja Sagara,44.259,19.988
2021-07-06,Krishnaraja Sagara,41.569,15.821
2021-07-07,Krishnaraja Sagara,40.578,11.654
2021-07-08,Krishnaraja Sagara,51.452,16.507
2021-07-09,Krishnaraja Sagara,50.744,21.359
2021-07-10,Krishnaraja Sagara,50.772,26.212
2021-07-11,Krishnaraja Sagara,50.319,31.065
2021-07-12,Krishnaraja Sagara,45.817,35.918
2021-07-13,Krishnaraja Sagara,79.712,40.771
2021-07-14,Krishnaraja Sagara,114.089,40.577
2021-07-15,Krishnaraja Sagara,171.005,40.382
2021-07-16,Krishnaraja Sagara,557.729,40.188
2021-07-17,Krishnaraja Sagara,598.278,39.994
2021-07-18,Krishnaraja Sagara,617.307,39.8
2021-07-19,Krishnaraja Sagara,365.74,39.605
2021-07-20,Krishnaraja Sagara,393.378,39.411
2021-07-21,Krishnaraja Sagara,385.562,39.217
2021-07-22,Krishnaraja Sagara,311.995,39.023
2021-07-23,Krishnaraja Sagara,588.877,38.828
2021-07-24,Krishnaraja Sagara,871.479,38.634
2021-07-25,Krishnaraja Sagara,1163.369,38.44
2021-07-26,Krishnaraja Sagara,950.2,38.246
2021-07-27,Krishnaraja Sagara,810.088,38.052
2021-07-28,Krishnaraja Sagara,630.022,37.857
2021-07-29,Krishnaraja Sagara,495.771,37.663
2021-07-30,Krishnaraja Sagara,366.76,37.469
2021-07-31,Krishnaraja Sagara,420.25,37.275
2021-08-01,Krishnaraja Sagara,336.461,37.08
2021-08-02,Krishnaraja Sagara,273.994,32.489
2021-08-03,Krishnaraja Sagara,211.782,32.641
2021-08-04,Krishnaraja Sagara,178.028,32.792
2021-08-05,Krishnaraja Sagara,245.96,32.944
2021-08-06,Krishnaraja Sagara,422.374,33.095
2021-08-07,Krishnaraja Sagara,607.51,33.246
2021-08-08,Krishnaraja Sagara,674.79,33.398
2021-08-09,Krishnaraja Sagara,709.79,33.549
2021-08-10,Krishnaraja Sagara,371.177,33.196
2021-08-11,Krishnaraja Sagara,275.381,37.08
2021-08-12,Krishnaraja Sagara,169.646,40.965
2021-08-13,Krishnaraja Sagara,118.733,40.771
2021-08-14,Krishnaraja Sagara,110.322,40.577
2021-08-15,Krishnaraja Sagara,85.12,40.382
2021-08-16,Krishnaraja Sagara,104.489,40.188
2021-08-17,Krishnaraja Sagara,95.343,39.994
2021-08-18,Krishnaraja Sagara,120.516,39.8
2021-08-19,Krishnaraja Sagara,95.343,39.605
2021-08-20,Krishnaraja Sagara,128.219,39.411
2021-08-21,Krishnaraja Sagara,245.111,39.217
2021-08-22,Krishnaraja Sagara,178.849,39.023
2021-08-23,Krishnaraja Sagara,162.057,38.828
2021-08-24,Krishnaraja Sagara,153.676,38.634
2021-08-25,Krishnaraja Sagara,112.05,38.44
2021-08-26,Krishnaraja Sagara,76.484,38.246
2021-08-27,Krishnaraja Sagara,65.61,38.052
2021-08-28,Krishnaraja Sagara,114.91,37.857
2021-08-29,Krishnaraja Sagara,97.75,37.663
2021-08-30,Krishnaraja Sagara,108.623,37.469
2021-08-31,Krishnaraja Sagara,146.37,37.275
2021-09-01,Krishnaraja Sagara,160.557,37.08
2021-09-02,Krishnaraja Sagara,154.27,32.489
2021-09-03,Krishnaraja Sagara,162.001,28.181
2021-09-04,Krishnaraja Sagara,230.131,23.873
2021-09-05,Krishnaraja Sagara,255.758,19.564
2021-09-06,Krishnaraja Sagara,213.452,15.256
2021-09-07,Krishnaraja Sagara,289.483,10.948
2021-09-08,Krishnaraja Sagara,273.116,15.177
2021-09-09,Krishnaraja Sagara,410.311,19.407
2021-09-10,Krishnaraja Sagara,436.561,23.637
2021-09-11,Krishnaraja Sagara,322.557,27.867
2021-09-12,Krishnaraja Sagara,260.798,32.097
2021-09-13,Krishnaraja Sagara,252.077,36.326
2021-09-14,Krishnaraja Sagara,397.908,40.556
2021-09-15,Krishnaraja Sagara,445.424,40.352
2021-09-16,Krishnaraja Sagara,392.925,40.147
2021-09-17,Krishnaraja Sagara,309.192,39.943
2021-09-18,Krishnaraja Sagara,231.717,39.738
2021-09-19,Krishnaraja Sagara,169.08,39.534
2021-09-20,Krishnaraja Sagara,144.331,39.329
2021-09-21,Krishnaraja Sagara,159.452,39.125
2021-09-22,Krishnaraja Sagara,142.49,38.92
2021-09-23,Krishnaraja Sagara,119.469,38.716
2021-09-24,Krishnaraja Sagara,135.496,38.512
2021-09-25,Krishnaraja Sagara,137.563,38.307
2021-09-26,Krishnaraja Sagara,137.592,38.103
2021-09-27,Krishnaraja Sagara,132.551,37.898
2021-09-28,Krishnaraja Sagara,131.532,37.694
2021-09-29,Krishnaraja Sagara,124.169,37.489
2021-09-30,Krishnaraja Sagara,132.551,37.285
2021-10-01,Krishnaraja Sagara,179.359,37.08
2021-10-02,Krishnaraja Sagara,201.446,32.489
2021-10-03,Krishnaraja Sagara,279.147,28.181
2021-10-04,Krishnaraja Sagara,331.958,23.873
2021-10-05,Krishnaraja Sagara,390.942,19.564
2021-10-06,Krishnaraja Sagara,323.577,15.256
2021-10-07,Krishnaraja Sagara,390.631,10.948
2021-10-08,Krishnaraja Sagara,336.772,15.18
2021-10-09,Krishnaraja Sagara,255.05,19.413
2021-10-10,Krishnaraja Sagara,210.338,23.646
2021-10-11,Krishnaraja Sagara,277.25,27.878
2021-10-12,Krishnaraja Sagara,311.768,32.111
2021-10-13,Krishnaraja Sagara,328.759,36.344
2021-10-14,Krishnaraja Sagara,293.787,40.577
2021-10-15,Krishnaraja Sagara,295.288,40.382
2021-10-16,Krishnaraja Sagara,289.087,40.188
2021-10-17,Krishnaraja Sagara,341.529,39.994
2021-10-18,Krishnaraja Sagara,408.952,39.8
2021-10-19,Krishnaraja Sagara,390.348,39.605
2021-10-20,Krishnaraja Sagara,277.279,39.411
2021-10-21,Krishnaraja Sagara,247.376,39.217
2021-10-22,Krishnaraja Sagara,263.63,39.023
2021-10-23,Krishnaraja Sagara,298.488,38.828
2021-10-24,Krishnaraja Sagara,372.791,38.634
2021-10-25,Krishnaraja Sagara,463.972,38.44
2021-10-26,Krishnaraja Sagara,547.676,38.246
2021-10-27,Krishnaraja Sagara,395.983,38.052
2021-10-28,Krishnaraja Sagara,321.255,37.857
2021-10-29,Krishnaraja Sagara,248.254,37.663
2021-10-30,Krishnaraja Sagara,194.905,37.469
2021-10-31,Krishnaraja Sagara,182.559,37.275
2021-11-01,Krishnaraja Sagara,190.742,37.08
2021-11-02,Krishnaraja Sagara,135.156,32.136
2021-11-03,Krishnaraja Sagara,143.68,27.828
2021-11-04,Krishnaraja Sagara,156.62,23.52
2021-11-05,Krishnaraja Sagara,183.833,19.211
2021-11-06,Krishnaraja Sagara,242.817,14.903
2021-11-07,Krishnaraja Sagara,301.801,10.594
2021-11-08,Krishnaraja Sagara,301.801,14.875
2021-11-09,Krishnaraja Sagara,298.969,19.155
2021-11-10,Krishnaraja Sagara,296.138,23.435
2021-11-11,Krishnaraja Sagara,183.833,27.715
2021-11-12,Krishnaraja Sagara,184.569,31.996
2021-11-13,Krishnaraja Sagara,185.305,36.276
2021-11-14,Krishnaraja Sagara,171.26,40.556
2021-11-15,Krishnaraja Sagara,225.714,40.352
2021-11-16,Krishnaraja Sagara,324.681,40.147
2021-11-17,Krishnaraja Sagara,354.187,39.943
2021-11-18,Krishnaraja Sagara,485.209,39.738
2021-11-19,Krishnaraja Sagara,528.902,39.534
2021-11-20,Krishnaraja Sagara,527.486,39.329
2021-11-21,Krishnaraja Sagara,336.036,39.125
2021-11-22,Krishnaraja Sagara,174.403,38.92
2021-11-23,Krishnaraja Sagara,121.083,38.716
2021-11-24,Krishnaraja Sagara,122.499,38.512
2021-11-25,Krishnaraja Sagara,185.73,38.307
2021-11-26,Krishnaraja Sagara,313.241,38.103
2021-11-27,Krishnaraja Sagara,410.198,37.898
2021-11-28,Krishnaraja Sagara,438.628,37.694
2021-11-29,Krishnaraja Sagara,204.334,37.489
2021-11-30,Krishnaraja Sagara,201.814,37.285
2021-12-01,Krishnaraja Sagara,153.109,37.08
2021-12-02,Krishnaraja Sagara,153.506,32.666
2021-12-03,Krishnaraja Sagara,168.938,28.252
2021-12-04,Krishnaraja Sagara,205.58,23.837
2021-12-05,Krishnaraja Sagara,178.141,19.423
2021-12-06,Krishnaraja Sagara,159.849,15.009
2021-12-07,Krishnaraja Sagara,129.578,10.594
2021-12-08,Krishnaraja Sagara,128.898,14.903
2021-12-09,Krishnaraja Sagara,185.305,19.211
2021-12-10,Krishnaraja Sagara,183.89,23.52
2021-12-11,Krishnaraja Sagara,182.474,27.828
2021-12-12,Krishnaraja Sagara,193.885,32.136
2021-12-13,Krishnaraja Sagara,176.839,36.445
2021-12-14,Krishnaraja Sagara,151.325,40.753
2021-12-15,Krishnaraja Sagara,142.802,40.647
2021-12-16,Krishnaraja Sagara,139.97,40.541
2021-12-17,Krishnaraja Sagara,97.24,40.435
2021-12-18,Krishnaraja Sagara,52.839,40.329
2021-12-19,Krishnaraja Sagara,55.671,40.223
2021-12-20,Krishnaraja Sagara,86.508,40.117
2021-12-21,Krishnaraja Sagara,128.927,40.012
2021-12-22,Krishnaraja Sagara,80.533,39.906
2021-12-23,Krishnaraja Sagara,80.533,39.8
2021-12-24,Krishnaraja Sagara,62.24,39.694
2021-12-25,Krishnaraja Sagara,77.135,39.588
2021-12-26,Krishnaraja Sagara,58.842,39.482
2021-12-27,Krishnaraja Sagara,77.192,39.376
2021-12-28,Krishnaraja Sagara,58.559,39.27
2021-12-29,Krishnaraja Sagara,49.611,39.164
2021-12-30,Krishnaraja Sagara,58.191,39.058
2021-12-31,Krishnaraja Sagara,37.265,38.952
2022-01-01,Krishnaraja Sagara,53.321,38.846
2022-01-02,Krishnaraja Sagara,40.72,34.82
2022-01-03,Krishnaraja Sagara,40.72,30.794
2022-01-04,Krishnaraja Sagara,49.696,26.769
2022-01-05,Krishnaraja Sagara,49.668,22.743
2022-01-06,Krishnaraja Sagara,40.72,18.717
2022-01-07,Krishnaraja Sagara,58.644,20.836
2022-01-08,Krishnaraja Sagara,49.668,25.78
2022-01-09,Krishnaraja Sagara,48.252,30.724
2022-01-10,Krishnaraja Sagara,37.888,35.668
2022-01-11,Krishnaraja Sagara,37.888,40.612
2022-01-12,Krishnaraja Sagara,46.864,36.021
2022-01-13,Krishnaraja Sagara,28.94,36.162
2022-01-14,Krishnaraja Sagara,40.097,36.303
2022-01-15,Krishnaraja Sagara,33.584,36.445
2022-01-16,Krishnaraja Sagara,26.25,36.586
2022-01-17,Krishnaraja Sagara,36.415,36.727
2022-01-18,Krishnaraja Sagara,37.633,36.869
2022-01-19,Krishnaraja Sagara,31.46,37.01
2022-01-20,Krishnaraja Sagara,25.655,37.151
2022-01-21,Krishnaraja Sagara,34.603,37.292
2022-01-22,Krishnaraja Sagara,42.9,37.434
2022-01-23,Krishnaraja Sagara,24.891,37.575
2022-01-24,Krishnaraja Sagara,24.862,37.716
2022-01-25,Krishnaraja Sagara,21.436,37.857
2022-01-26,Krishnaraja Sagara,25.74,37.999
2022-01-27,Krishnaraja Sagara,33.357,38.14
2022-01-28,Krishnaraja Sagara,33.074,38.281
2022-01-29,Krishnaraja Sagara,25.485,38.422
2022-01-30,Krishnaraja Sagara,25.768,38.564
2022-01-31,Krishnaraja Sagara,25.542,38.705
2022-02-01,Krishnaraja Sagara,28.968,38.846
2022-02-02,Krishnaraja Sagara,29.053,34.75
2022-02-03,Krishnaraja Sagara,22.455,30.653
2022-02-04,Krishnaraja Sagara,22.455,26.557
2022-02-05,Krishnaraja Sagara,26.448,22.46
2022-02-06,Krishnaraja Sagara,14.413,18.364
2022-02-07,Krishnaraja Sagara,18.434,21.542
2022-02-08,Krishnaraja Sagara,14.385,26.309
2022-02-09,Krishnaraja Sagara,14.385,31.077
2022-02-10,Krishnaraja Sagara,18.406,35.844
2022-02-11,Krishnaraja Sagara,14.045,40.612
2022-02-12,Krishnaraja Sagara,9.684,35.668
2022-02-13,Krishnaraja Sagara,10.364,35.855
2022-02-14,Krishnaraja Sagara,6.513,36.042
2022-02-15,Krishnaraja Sagara,9.911,36.229
2022-02-16,Krishnaraja Sagara,10.081,36.416
2022-02-17,Krishnaraja Sagara,9.713,36.603
2022-02-18,Krishnaraja Sagara,10.675,36.79
2022-02-19,Krishnaraja Sagara,11.667,36.977
2022-02-20,Krishnaraja Sagara,11.355,37.163
2022-02-21,Krishnaraja Sagara,11.78,37.35
2022-02-22,Krishnaraja Sagara,13.167,37.537
2022-02-23,Krishnaraja Sagara,10.081,37.724
2022-02-24,Krishnaraja Sagara,14.725,37.911
2022-02-25,Krishnaraja Sagara,9.09,38.098
2022-02-26,Krishnaraja Sagara,8.778,38.285
2022-02-27,Krishnaraja Sagara,15.772,38.472
2022-02-28,Krishnaraja Sagara,17.868,38.659
2022-03-01,Krishnaraja Sagara,10.222,38.846
2022-03-02,Krishnaraja Sagara,9.968,34.75
2022-03-03,Krishnaraja Sagara,14.13,30.653
2022-03-04,Krishnaraja Sagara,12.601,26.557
2022-03-05,Krishnaraja Sagara,9.656,22.46
2022-03-06,Krishnaraja Sagara,8.92,18.364
2022-03-07,Krishnaraja Sagara,8.92,22.248
2022-03-08,Krishnaraja Sagara,6.824,26.045
2022-03-09,Krishnaraja Sagara,8.24,29.841
2022-03-10,Krishnaraja Sagara,11.78,33.637
2022-03-11,Krishnaraja Sagara,18.491,37.434
2022-03-12,Krishnaraja Sagara,18.491,35.668
2022-03-13,Krishnaraja Sagara,11.667,35.827
2022-03-14,Krishnaraja Sagara,18.491,35.986
2022-03-15,Krishnaraja Sagara,11.638,36.145
2022-03-16,Krishnaraja Sagara,10.477,36.303
2022-03-17,Krishnaraja Sagara,10.591,36.462
2022-03-18,Krishnaraja Sagara,11.723,36.621
2022-03-19,Krishnaraja Sagara,9.968,36.78
2022-03-20,Krishnaraja Sagara,7.306,36.939
2022-03-21,Krishnaraja Sagara,11.468,37.098
2022-03-22,Krishnaraja Sagara,5.692,37.257
2022-03-23,Krishnaraja Sagara,5.89,37.416
2022-03-24,Krishnaraja Sagara,7.674,37.575
2022-03-25,Krishnaraja Sagara,5.012,37.734
2022-03-26,Krishnaraja Sagara,11.213,37.893
2022-03-27,Krishnaraja Sagara,10.591,38.052
2022-03-28,Krishnaraja Sagara,7.192,38.21
2022-03-29,Krishnaraja Sagara,7.787,38.369
2022-03-30,Krishnaraja Sagara,12.459,38.528
2022-03-31,Krishnaraja Sagara,9.231,38.687
2022-04-01,Krishnaraja Sagara,13.734,38.846
2022-04-02,Krishnaraja Sagara,13.224,34.75
2022-04-03,Krishnaraja Sagara,12.006,30.653
2022-04-04,Krishnaraja Sagara,7.9,26.557
2022-04-05,Krishnaraja Sagara,4.927,22.46
2022-04-06,Krishnaraja Sagara,4.927,18.364
2022-04-07,Krishnaraja Sagara,5.21,22.178
2022-04-08,Krishnaraja Sagara,7.504,25.992
2022-04-09,Krishnaraja Sagara,15.631,29.806
2022-04-10,Krishnaraja Sagara,12.714,33.62
2022-04-11,Krishnaraja Sagara,12.714,37.434
2022-04-12,Krishnaraja Sagara,12.601,35.315
2022-04-13,Krishnaraja Sagara,12.488,35.501
2022-04-14,Krishnaraja Sagara,24.154,35.686
2022-04-15,Krishnaraja Sagara,23.616,35.872
2022-04-16,Krishnaraja Sagara,17.726,36.058
2022-04-17,Krishnaraja Sagara,18.264,36.244
2022-04-18,Krishnaraja Sagara,25.315,36.43
2022-04-19,Krishnaraja Sagara,41.937,36.616
2022-04-20,Krishnaraja Sagara,41.881,36.802
2022-04-21,Krishnaraja Sagara,32.876,36.987
2022-04-22,Krishnaraja Sagara,27.382,37.173
2022-04-23,Krishnaraja Sagara,16.82,37.359
2022-04-24,Krishnaraja Sagara,18.831,37.545
2022-04-25,Krishnaraja Sagara,18.717,37.731
2022-04-26,Krishnaraja Sagara,35.651,37.917
2022-04-27,Krishnaraja Sagara,28.175,38.103
2022-04-28,Krishnaraja Sagara,29.478,38.289
2022-04-29,Krishnaraja Sagara,12.884,38.474
2022-04-30,Krishnaraja Sagara,17.925,38.66
2022-05-01,Krishnaraja Sagara,43.268,38.846
2022-05-02,Krishnaraja Sagara,43.665,34.75
2022-05-03,Krishnaraja Sagara,36.076,30.653
2022-05-04,Krishnaraja Sagara,15.801,26.557
2022-05-05,Krishnaraja Sagara,28.487,22.46
2022-05-06,Krishnaraja Sagara,43.693,18.364
2022-05-07,Krishnaraja Sagara,38.624,22.142
2022-05-08,Krishnaraja Sagara,36.104,25.921
2022-05-09,Krishnaraja Sagara,43.721,29.7
2022-05-10,Krishnaraja Sagara,23.446,33.478
2022-05-11,Krishnaraja Sagara,34.547,37.257
2022-05-12,Krishnaraja Sagara,41.031,34.962
2022-05-13,Krishnaraja Sagara,38.483,35.156
2022-05-14,Krishnaraja Sagara,35.764,35.35
2022-05-15,Krishnaraja Sagara,33.159,35.544
2022-05-16,Krishnaraja Sagara,38.369,35.738
2022-05-17,Krishnaraja Sagara,79.995,35.933
2022-05-18,Krishnaraja Sagara,124.481,36.127
2022-05-19,Krishnaraja Sagara,449.813,36.321
2022-05-20,Krishnaraja Sagara,476.119,36.515
2022-05-21,Krishnaraja Sagara,353.621,36.71
2022-05-22,Krishnaraja Sagara,194.395,36.904
2022-05-23,Krishnaraja Sagara,103.979,37.098
2022-05-24,Krishnaraja Sagara,81.099,37.292
2022-05-25,Krishnaraja Sagara,81.326,37.487
2022-05-26,Krishnaraja Sagara,82.119,37.681
2022-05-27,Krishnaraja Sagara,105.565,37.875
2022-05-28,Krishnaraja Sagara,99.534,38.069
2022-05-29,Krishnaraja Sagara,95.173,38.263
2022-05-30,Krishnaraja Sagara,83.591,38.458
2022-05-31,Krishnaraja Sagara,112.984,38.652
2022-06-01,Krishnaraja Sagara,118.704,38.846
2022-06-02,Krishnaraja Sagara,74.756,34.75
2022-06-03,Krishnaraja Sagara,68.98,30.653
2022-06-04,Krishnaraja Sagara,88.688,26.557
2022-06-05,Krishnaraja Sagara,113.522,22.46
2022-06-06,Krishnaraja Sagara,102.479,18.364
2022-06-07,Krishnaraja Sagara,120.63,22.142
2022-06-08,Krishnaraja Sagara,96.164,25.921
2022-06-09,Krishnaraja Sagara,78.494,29.7
2022-06-10,Krishnaraja Sagara,60.825,33.478
2022-06-11,Krishnaraja Sagara,43.127,37.257
2022-06-12,Krishnaraja Sagara,43.155,34.962
2022-06-13,Krishnaraja Sagara,43.296,35.166
2022-06-14,Krishnaraja Sagara,43.296,35.37
2022-06-15,Krishnaraja Sagara,40.352,35.575
2022-06-16,Krishnaraja Sagara,46.241,35.779
2022-06-17,Krishnaraja Sagara,61.023,35.984
2022-06-18,Krishnaraja Sagara,72.548,36.188
2022-06-19,Krishnaraja Sagara,102.167,36.393
2022-06-20,Krishnaraja Sagara,85.97,36.597
2022-06-21,Krishnaraja Sagara,79.967,36.802
2022-06-22,Krishnaraja Sagara,67.904,37.006
2022-06-23,Krishnaraja Sagara,67.989,37.211
2022-06-24,Krishnaraja Sagara,56.124,37.415
2022-06-25,Krishnaraja Sagara,50.093,37.619
2022-06-26,Krishnaraja Sagara,56.124,37.824
2022-06-27,Krishnaraja Sagara,68.244,38.028
2022-06-28,Krishnaraja Sagara,80.392,38.233
2022-06-29,Krishnaraja Sagara,99.449,38.437
2022-06-30,Krishnaraja Sagara,112.956,38.642
2022-07-01,Krishnaraja Sagara,119.271,38.846
2022-07-02,Krishnaraja Sagara,212.999,34.82
2022-07-03,Krishnaraja Sagara,248.31,30.794
2022-07-04,Krishnaraja Sagara,636.166,26.769
2022-07-05,Krishnaraja Sagara,755.918,22.743
2022-07-06,Krishnaraja Sagara,834.441,18.717
2022-07-07,Krishnaraja Sagara,951.503,22.319
2022-07-08,Krishnaraja Sagara,1100.336,25.921
2022-07-09,Krishnaraja Sagara,971.381,29.523
2022-07-10,Krishnaraja Sagara,855.622,33.125
2022-07-11,Krishnaraja Sagara,1429.066,36.727
2022-07-12,Krishnaraja Sagara,2046.798,34.608
2022-07-13,Krishnaraja Sagara,1621.621,34.82
2022-07-14,Krishnaraja Sagara,1858.576,35.032
2022-07-15,Krishnaraja Sagara,2057.106,35.244
2022-07-16,Krishnaraja Sagara,2419.533,35.456
2022-07-17,Krishnaraja Sagara,2461.215,35.668
2022-07-18,Krishnaraja Sagara,2196.991,35.88
2022-07-19,Krishnaraja Sagara,1858.52,36.092
2022-07-20,Krishnaraja Sagara,1689.808,36.303
2022-07-21,Krishnaraja Sagara,1077.739,36.515
2022-07-22,Krishnaraja Sagara,605.046,36.727
2022-07-23,Krishnaraja Sagara,494.356,36.939
2022-07-24,Krishnaraja Sagara,489.598,37.151
2022-07-25,Krishnaraja Sagara,391.849,37.363
2022-07-26,Krishnaraja Sagara,376.331,37.575
2022-07-27,Krishnaraja Sagara,382.674,37.787
2022-07-28,Krishnaraja Sagara,356.452,37.999
2022-07-29,Krishnaraja Sagara,369.252,38.21
2022-07-30,Krishnaraja Sagara,446.5,38.422
2022-07-31,Krishnaraja Sagara,481.16,38.634
2022-08-01,Krishnaraja Sagara,560.192,38.846
2022-08-02,Krishnaraja Sagara,673.205,34.82
2022-08-03,Krishnaraja Sagara,1016.235,30.794
2022-08-04,Krishnaraja Sagara,1917.39,26.769
2022-08-05,Krishnaraja Sagara,1861.351,22.743
2022-08-06,Krishnaraja Sagara,2116.005,18.717
2022-08-07,Krishnaraja Sagara,2170.628,23.096
2022-08-08,Krishnaraja Sagara,2515.499,27.475
2022-08-09,Krishnaraja Sagara,2478.064,31.854
2022-08-10,Krishnaraja Sagara,2764.376,36.233
2022-08-11,Krishnaraja Sagara,2468.096,40.612
2022-08-12,Krishnaraja Sagara,1846.542,37.548
2022-08-13,Krishnaraja Sagara,2067.441,34.485
2022-08-14,Krishnaraja Sagara,1705.156,34.714
2022-08-15,Krishnaraja Sagara,765.065,34.944
2022-08-16,Krishnaraja Sagara,514.376,35.173
2022-08-17,Krishnaraja Sagara,536.378,35.403
2022-08-18,Krishnaraja Sagara,267.509,35.632
2022-08-19,Krishnaraja Sagara,322.331,35.862
2022-08-20,Krishnaraja Sagara,215.576,36.092
2022-08-21,Krishnaraja Sagara,199.747,36.321
2022-08-22,Krishnaraja Sagara,199.747,36.551
2022-08-23,Krishnaraja Sagara,211.499,36.78
2022-08-24,Krishnaraja Sagara,340.397,37.01
2022-08-25,Krishnaraja Sagara,670.6,37.239
2022-08-26,Krishnaraja Sagara,452.192,37.469
2022-08-27,Krishnaraja Sagara,650.183,37.698
2022-08-28,Krishnaraja Sagara,651.854,37.928
2022-08-29,Krishnaraja Sagara,770.7,38.157
2022-08-30,Krishnaraja Sagara,863.352,38.387
2022-08-31,Krishnaraja Sagara,726.525,38.617
2022-09-01,Krishnaraja Sagara,477.479,38.846
2022-09-02,Krishnaraja Sagara,759.288,34.891
2022-09-03,Krishnaraja Sagara,1041.437,30.936
2022-09-04,Krishnaraja Sagara,588.311,26.98
2022-09-05,Krishnaraja Sagara,359.426,23.025
2022-09-06,Krishnaraja Sagara,513.045,19.07
2022-09-07,Krishnaraja Sagara,907.555,23.308
2022-09-08,Krishnaraja Sagara,685.069,27.545
2022-09-09,Krishnaraja Sagara,594.71,31.783
2022-09-10,Krishnaraja Sagara,579.787,36.021
2022-09-11,Krishnaraja Sagara,525.561,40.259
2022-09-12,Krishnaraja Sagara,613.371,37.211
2022-09-13,Krishnaraja Sagara,819.659,34.162
2022-09-14,Krishnaraja Sagara,860.237,34.423
2022-09-15,Krishnaraja Sagara,691.667,34.683
2022-09-16,Krishnaraja Sagara,556.738,34.943
2022-09-17,Krishnaraja Sagara,399.551,35.203
2022-09-18,Krishnaraja Sagara,492.911,35.463
2022-09-19,Krishnaraja Sagara,348.779,35.724
2022-09-20,Krishnaraja Sagara,287.303,35.984
2022-09-21,Krishnaraja Sagara,261.11,36.244
2022-09-22,Krishnaraja Sagara,226.082,36.504
2022-09-23,Krishnaraja Sagara,217.049,36.764
2022-09-24,Krishnaraja Sagara,189.61,37.025
2022-09-25,Krishnaraja Sagara,143.68,37.285
2022-09-26,Krishnaraja Sagara,124.991,37.545
2022-09-27,Krishnaraja Sagara,170.014,37.805
2022-09-28,Krishnaraja Sagara,178.453,38.065
2022-09-29,Krishnaraja Sagara,160.387,38.326
2022-09-30,Krishnaraja Sagara,151.24,38.586
2022-10-01,Krishnaraja Sagara,169.023,38.846
2022-10-02,Krishnaraja Sagara,160.84,34.891
2022-10-03,Krishnaraja Sagara,172.138,30.936
2022-10-04,Krishnaraja Sagara,200.059,26.98
2022-10-05,Krishnaraja Sagara,164.238,23.025
2022-10-06,Krishnaraja Sagara,155.29,19.07
2022-10-07,Krishnaraja Sagara,155.29,23.237
2022-10-08,Krishnaraja Sagara,137.365,27.404
2022-10-09,Krishnaraja Sagara,110.492,31.571
2022-10-10,Krishnaraja Sagara,226.96,35.738
2022-10-11,Krishnaraja Sagara,401.816,39.906
2022-10-12,Krishnaraja Sagara,444.631,37.027
2022-10-13,Krishnaraja Sagara,497.725,34.149
2022-10-14,Krishnaraja Sagara,560.447,34.396
2022-10-15,Krishnaraja Sagara,784.009,34.644
2022-10-16,Krishnaraja Sagara,1110.53,34.891
2022-10-17,Krishnaraja Sagara,1537.916,35.138
2022-10-18,Krishnaraja Sagara,1040.163,35.385
2022-10-19,Krishnaraja Sagara,741.788,35.632
2022-10-20,Krishnaraja Sagara,741.788,35.88
2022-10-21,Krishnaraja Sagara,959.658,36.127
2022-10-22,Krishnaraja Sagara,850.723,36.374
2022-10-23,Krishnaraja Sagara,959.658,36.621
2022-10-24,Krishnaraja Sagara,414.983,36.869
2022-10-25,Krishnaraja Sagara,306.048,37.116
2022-10-26,Krishnaraja Sagara,321.934,37.363
2022-10-27,Krishnaraja Sagara,181.879,37.61
2022-10-28,Krishnaraja Sagara,179.047,37.857
2022-10-29,Krishnaraja Sagara,148.748,38.105
2022-10-30,Krishnaraja Sagara,135.043,38.352
2022-10-31,Krishnaraja Sagara,162.34,38.599
2022-11-01,Krishnaraja Sagara,162.199,38.846
2022-11-02,Krishnaraja Sagara,133.231,34.891
2022-11-03,Krishnaraja Sagara,162.652,30.936
2022-11-04,Krishnaraja Sagara,203.966,26.98
2022-11-05,Krishnaraja Sagara,206.571,23.025
2022-11-06,Krishnaraja Sagara,165.569,19.07
2022-11-07,Krishnaraja Sagara,142.547,23.237
2022-11-08,Krishnaraja Sagara,142.32,27.404
2022-11-09,Krishnaraja Sagara,120.347,31.571
2022-11-10,Krishnaraja Sagara,134.307,35.738
2022-11-11,Krishnaraja Sagara,124.991,39.906
2022-11-12,Krishnaraja Sagara,151.438,37.034
2022-11-13,Krishnaraja Sagara,167.834,34.162
2022-11-14,Krishnaraja Sagara,173.016,34.423
2022-11-15,Krishnaraja Sagara,142.179,34.683
2022-11-16,Krishnaraja Sagara,104.942,34.943
2022-11-17,Krishnaraja Sagara,113.154,35.203
2022-11-18,Krishnaraja Sagara,95.371,35.463
2022-11-19,Krishnaraja Sagara,103.866,35.724
2022-11-20,Krishnaraja Sagara,103.187,35.984
2022-11-21,Krishnaraja Sagara,84.214,36.244
2022-11-22,Krishnaraja Sagara,92.483,36.504
2022-11-23,Krishnaraja Sagara,127.171,36.764
2022-11-24,Krishnaraja Sagara,136.912,37.025
2022-11-25,Krishnaraja Sagara,129.493,37.285
2022-11-26,Krishnaraja Sagara,137.592,37.545
2022-11-27,Krishnaraja Sagara,153.704,37.805
2022-11-28,Krishnaraja Sagara,144.982,38.065
2022-11-29,Krishnaraja Sagara,144.841,38.326
2022-11-30,Krishnaraja Sagara,144.671,38.586
2022-12-01,Krishnaraja Sagara,126.944,38.846
2022-12-02,Krishnaraja Sagara,108.425,34.891
2022-12-03,Krishnaraja Sagara,123.603,30.936
2022-12-04,Krishnaraja Sagara,106.443,26.98
2022-12-05,Krishnaraja Sagara,105.282,23.025
2022-12-06,Krishnaraja Sagara,104.631,19.07
2022-12-07,Krishnaraja Sagara,104.149,23.166
2022-12-08,Krishnaraja Sagara,102.28,27.263
2022-12-09,Krishnaraja Sagara,60.796,31.359
2022-12-10,Krishnaraja Sagara,64.732,35.456
2022-12-11,Krishnaraja Sagara,89.141,39.552
2022-12-12,Krishnaraja Sagara,131.56,36.71
2022-12-13,Krishnaraja Sagara,165.031,33.867
2022-12-14,Krishnaraja Sagara,163.643,33.831
2022-12-15,Krishnaraja Sagara,181.568,33.796
2022-12-16,Krishnaraja Sagara,199.974,33.761
2022-12-17,Krishnaraja Sagara,114.796,33.726
2022-12-18,Krishnaraja Sagara,107.689,33.69
2022-12-19,Krishnaraja Sagara,100.553,33.655
2022-12-20,Krishnaraja Sagara,100.128,33.62
2022-12-21,Krishnaraja Sagara,91.718,33.584
2022-12-22,Krishnaraja Sagara,66.545,33.549
2022-12-23,Krishnaraja Sagara,63.939,33.514
2022-12-24,Krishnaraja Sagara,71.16,33.478
2022-12-25,Krishnaraja Sagara,62.92,33.443
2022-12-26,Krishnaraja Sagara,54.51,33.408
2022-12-27,Krishnaraja Sagara,63.147,33.372
2022-12-28,Krishnaraja Sagara,64.194,33.337
2022-12-29,Krishnaraja Sagara,55.982,33.302
2022-12-30,Krishnaraja Sagara,64.449,33.266
2022-12-31,Krishnaraja Sagara,56.209,33.231
2023-01-01,Krishnaraja Sagara,43.353,33.196
2023-01-02,Krishnaraja Sagara,42.928,29.21
2023-01-03,Krishnaraja Sagara,34.915,25.225
2023-01-04,Krishnaraja Sagara,30.894,21.239
2023-01-05,Krishnaraja Sagara,34.915,17.254
2023-01-06,Krishnaraja Sagara,26.873,13.268
2023-01-07,Krishnaraja Sagara,22.88,9.283
2023-01-08,Krishnaraja Sagara,26.901,5.297
2023-01-09,Krishnaraja Sagara,18.859,9.182
2023-01-10,Krishnaraja Sagara,22.88,13.066
2023-01-11,Krishnaraja Sagara,22.342,14.126
2023-01-12,Krishnaraja Sagara,18.236,12.36
2023-01-13,Krishnaraja Sagara,22.37,13.402
2023-01-14,Krishnaraja Sagara,26.646,14.444
2023-01-15,Krishnaraja Sagara,25.712,15.485
2023-01-16,Krishnaraja Sagara,25.174,16.527
2023-01-17,Krishnaraja Sagara,20.643,17.569
2023-01-18,Krishnaraja Sagara,29.138,18.611
2023-01-19,Krishnaraja Sagara,25.967,19.653
2023-01-20,Krishnaraja Sagara,25.485,20.694
2023-01-21,Krishnaraja Sagara,21.492,21.736
2023-01-22,Krishnaraja Sagara,18.632,22.778
2023-01-23,Krishnaraja Sagara,19.312,23.82
2023-01-24,Krishnaraja Sagara,22.597,24.862
2023-01-25,Krishnaraja Sagara,14.923,25.903
2023-01-26,Krishnaraja Sagara,20.275,26.945
2023-01-27,Krishnaraja Sagara,20.162,27.987
2023-01-28,Krishnaraja Sagara,23.333,29.029
2023-01-29,Krishnaraja Sagara,16.339,30.07
2023-01-30,Krishnaraja Sagara,17.698,31.112
2023-01-31,Krishnaraja Sagara,17.556,32.154
2023-02-01,Krishnaraja Sagara,16.82,33.196
2023-02-02,Krishnaraja Sagara,16.424,29.244
2023-02-03,Krishnaraja Sagara,10.591,25.292
2023-02-04,Krishnaraja Sagara,10.562,21.34
2023-02-05,Krishnaraja Sagara,10.675,17.388
2023-02-06,Krishnaraja Sagara,10.562,13.436
2023-02-07,Krishnaraja Sagara,10.562,9.485
2023-02-08,Krishnaraja Sagara,10.562,5.533
2023-02-09,Krishnaraja Sagara,10.534,9.3
2023-02-10,Krishnaraja Sagara,10.506,13.066
2023-02-11,Krishnaraja Sagara,5.833,14.126
2023-02-12,Krishnaraja Sagara,8.24,12.36
2023-02-13,Krishnaraja Sagara,8.184,13.586
2023-02-14,Krishnaraja Sagara,17.415,14.811
2023-02-15,Krishnaraja Sagara,10.137,16.037
2023-02-16,Krishnaraja Sagara,9.911,17.263
2023-02-17,Krishnaraja Sagara,8.637,18.488
2023-02-18,Krishnaraja Sagara,6.683,19.714
2023-02-19,Krishnaraja Sagara,9.288,20.94
2023-02-20,Krishnaraja Sagara,4.191,22.165
2023-02-21,Krishnaraja Sagara,11.1,23.391
2023-02-22,Krishnaraja Sagara,8.495,24.616
2023-02-23,Krishnaraja Sagara,11.213,25.842
2023-02-24,Krishnaraja Sagara,6.088,27.068
2023-02-25,Krishnaraja Sagara,5.918,28.293
2023-02-26,Krishnaraja Sagara,7.079,29.519
2023-02-27,Krishnaraja Sagara,8.127,30.745
2023-02-28,Krishnaraja Sagara,7.391,31.97
2023-03-01,Krishnaraja Sagara,3.936,33.196
2023-03-02,Krishnaraja Sagara,3.738,29.294
2023-03-03,Krishnaraja Sagara,5.437,25.393
2023-03-04,Krishnaraja Sagara,9.798,21.491
2023-03-05,Krishnaraja Sagara,7.108,17.59
2023-03-06,Krishnaraja Sagara,9.373,13.689
2023-03-07,Krishnaraja Sagara,9.316,9.787
2023-03-08,Krishnaraja Sagara,15.15,5.886
2023-03-09,Krishnaraja Sagara,14.696,10.006
2023-03-10,Krishnaraja Sagara,17.811,14.126
2023-03-11,Krishnaraja Sagara,23.276,14.126
2023-03-12,Krishnaraja Sagara,17.471,12.007
2023-03-13,Krishnaraja Sagara,11.751,13.066
2023-03-14,Krishnaraja Sagara,11.751,14.126
2023-03-15,Krishnaraja Sagara,6.116,15.185
2023-03-16,Krishnaraja Sagara,6.116,16.245
2023-03-17,Krishnaraja Sagara,6.485,17.304
2023-03-18,Krishnaraja Sagara,10.307,18.364
2023-03-19,Krishnaraja Sagara,9.968,19.423
2023-03-20,Krishnaraja Sagara,3.766,20.483
2023-03-21,Krishnaraja Sagara,6.003,21.542
2023-03-22,Krishnaraja Sagara,5.89,22.601
2023-03-23,Krishnaraja Sagara,3.71,23.661
2023-03-24,Krishnaraja Sagara,3.908,24.72
2023-03-25,Krishnaraja Sagara,6.4,25.78
2023-03-26,Krishnaraja Sagara,6.768,26.839
2023-03-27,Krishnaraja Sagara,9.005,27.899
2023-03-28,Krishnaraja Sagara,9.713,28.958
2023-03-29,Krishnaraja Sagara,11.695,30.017
2023-03-30,Krishnaraja Sagara,12.658,31.077
2023-03-31,Krishnaraja Sagara,12.488,32.136
2023-04-01,Krishnaraja Sagara,11.553,33.196
2023-04-02,Krishnaraja Sagara,12.629,29.328
2023-04-03,Krishnaraja Sagara,9.061,25.46
2023-04-04,Krishnaraja Sagara,10.93,21.592
2023-04-05,Krishnaraja Sagara,10.959,17.725
2023-04-06,Krishnaraja Sagara,11.1,13.857
2023-04-07,Krishnaraja Sagara,8.184,9.989
2023-04-08,Krishnaraja Sagara,12.544,6.121
2023-04-09,Krishnaraja Sagara,7.221,10.477
2023-04-10,Krishnaraja Sagara,11.695,14.832
2023-04-11,Krishnaraja Sagara,12.063,14.126
2023-04-12,Krishnaraja Sagara,7.759,12.007
2023-04-13,Krishnaraja Sagara,4.417,13.122
2023-04-14,Krishnaraja Sagara,4.417,14.237
2023-04-15,Krishnaraja Sagara,8.75,15.353
2023-04-16,Krishnaraja Sagara,4.417,16.468
2023-04-17,Krishnaraja Sagara,4.417,17.583
2023-04-18,Krishnaraja Sagara,8.608,18.698
2023-04-19,Krishnaraja Sagara,4.984,19.813
2023-04-20,Krishnaraja Sagara,5.663,20.929
2023-04-21,Krishnaraja Sagara,7.221,22.044
2023-04-22,Krishnaraja Sagara,4.219,23.159
2023-04-23,Krishnaraja Sagara,10.534,24.274
2023-04-24,Krishnaraja Sagara,6.824,25.389
2023-04-25,Krishnaraja Sagara,13.451,26.505
2023-04-26,Krishnaraja Sagara,12.573,27.62
2023-04-27,Krishnaraja Sagara,8.835,28.735
2023-04-28,Krishnaraja Sagara,8.693,29.85
2023-04-29,Krishnaraja Sagara,12.516,30.965
2023-04-30,Krishnaraja Sagara,8.778,32.081
2023-05-01,Krishnaraja Sagara,10.477,33.196
2023-05-02,Krishnaraja Sagara,15.574,29.345
2023-05-03,Krishnaraja Sagara,14.385,25.494
2023-05-04,Krishnaraja Sagara,25.117,21.643
2023-05-05,Krishnaraja Sagara,29.761,17.792
2023-05-06,Krishnaraja Sagara,27.779,13.941
2023-05-07,Krishnaraja Sagara,26.165,10.09
2023-05-08,Krishnaraja Sagara,22.738,6.239
2023-05-09,Krishnaraja Sagara,19.227,10.712
2023-05-10,Krishnaraja Sagara,22.484,15.185
2023-05-11,Krishnaraja Sagara,29.336,14.126
2023-05-12,Krishnaraja Sagara,39.587,12.007
2023-05-13,Krishnaraja Sagara,43.013,13.049
2023-05-14,Krishnaraja Sagara,25.938,14.091
2023-05-15,Krishnaraja Sagara,29.365,15.132
2023-05-16,Krishnaraja Sagara,23.078,16.174
2023-05-17,Krishnaraja Sagara,19.369,17.216
2023-05-18,Krishnaraja Sagara,17.811,18.258
2023-05-19,Krishnaraja Sagara,12.006,19.299
2023-05-20,Krishnaraja Sagara,14.385,20.341
2023-05-21,Krishnaraja Sagara,12.403,21.383
2023-05-22,Krishnaraja Sagara,16.509,22.425
2023-05-23,Krishnaraja Sagara,10.987,23.467
2023-05-24,Krishnaraja Sagara,16.509,24.508
2023-05-25,Krishnaraja Sagara,11.44,25.55
2023-05-26,Krishnaraja Sagara,12.686,26.592
2023-05-27,Krishnaraja Sagara,10.506,27.634
2023-05-28,Krishnaraja Sagara,11.695,28.676
2023-05-29,Krishnaraja Sagara,9.741,29.717
2023-05-30,Krishnaraja Sagara,19.199,30.759
2023-05-31,Krishnaraja Sagara,49.13,31.801
2023-06-01,Krishnaraja Sagara,71.896,32.843
2023-06-02,Krishnaraja Sagara,61.419,29.042
2023-06-03,Krishnaraja Sagara,26.731,25.242
2023-06-04,Krishnaraja Sagara,20.898,21.441
2023-06-05,Krishnaraja Sagara,47.374,17.641
2023-06-06,Krishnaraja Sagara,53.292,13.84
2023-06-07,Krishnaraja Sagara,54.453,10.039
2023-06-08,Krishnaraja Sagara,85.12,6.239
2023-06-09,Krishnaraja Sagara,104.829,10.712
2023-06-10,Krishnaraja Sagara,90.755,15.185
2023-06-11,Krishnaraja Sagara,37.718,14.126
2023-06-12,Krishnaraja Sagara,22.257,12.007
2023-06-13,Krishnaraja Sagara,16.112,13.104
2023-06-14,Krishnaraja Sagara,18.236,14.2
2023-06-15,Krishnaraja Sagara,16.141,15.297
2023-06-16,Krishnaraja Sagara,12.261,16.393
2023-06-17,Krishnaraja Sagara,7.589,17.49
2023-06-18,Krishnaraja Sagara,9.033,18.587
2023-06-19,Krishnaraja Sagara,8.184,19.683
2023-06-20,Krishnaraja Sagara,9.798,20.78
2023-06-21,Krishnaraja Sagara,9.968,21.877
2023-06-22,Krishnaraja Sagara,11.921,22.973
2023-06-23,Krishnaraja Sagara,14.64,24.07
2023-06-24,Krishnaraja Sagara,14.555,25.166
2023-06-25,Krishnaraja Sagara,15.631,26.263
2023-06-26,Krishnaraja Sagara,21.521,27.36
2023-06-27,Krishnaraja Sagara,18.859,28.456
2023-06-28,Krishnaraja Sagara,21.521,29.553
2023-06-29,Krishnaraja Sagara,18.887,30.649
2023-06-30,Krishnaraja Sagara,19.001,31.746
2023-07-01,Krishnaraja Sagara,16.452,32.843
2023-07-02,Krishnaraja Sagara,18.802,29.093
2023-07-03,Krishnaraja Sagara,24.324,25.342
2023-07-04,Krishnaraja Sagara,32.593,21.592
2023-07-05,Krishnaraja Sagara,35.368,17.842
2023-07-06,Krishnaraja Sagara,40.89,14.092
2023-07-07,Krishnaraja Sagara,112.305,10.342
2023-07-08,Krishnaraja Sagara,380.833,6.592
2023-07-09,Krishnaraja Sagara,412.18,11.065
2023-07-10,Krishnaraja Sagara,312.307,15.538
2023-07-11,Krishnaraja Sagara,215.888,14.126
2023-07-12,Krishnaraja Sagara,140.905,12.007
2023-07-13,Krishnaraja Sagara,84.526,13.049
2023-07-14,Krishnaraja Sagara,69.631,14.091
2023-07-15,Krishnaraja Sagara,54.708,15.132
2023-07-16,Krishnaraja Sagara,67.592,16.174
2023-07-17,Krishnaraja Sagara,59.918,17.216
2023-07-18,Krishnaraja Sagara,52.273,18.258
2023-07-19,Krishnaraja Sagara,48.45,19.299
2023-07-20,Krishnaraja Sagara,52.754,20.341
2023-07-21,Krishnaraja Sagara,77.192,21.383
2023-07-22,Krishnaraja Sagara,177.717,22.425
2023-07-23,Krishnaraja Sagara,269.491,23.467
2023-07-24,Krishnaraja Sagara,836.933,24.508
2023-07-25,Krishnaraja Sagara,1359.917,25.55
2023-07-26,Krishnaraja Sagara,1458.544,26.592
2023-07-27,Krishnaraja Sagara,1142.33,27.634
2023-07-28,Krishnaraja Sagara,950.483,28.676
2023-07-29,Krishnaraja Sagara,494.271,29.717
2023-07-30,Krishnaraja Sagara,303.415,30.759
2023-07-31,Krishnaraja Sagara,248.282,31.801
2023-08-01,Krishnaraja Sagara,180.633,32.843
2023-08-02,Krishnaraja Sagara,145.209,27.899
2023-08-03,Krishnaraja Sagara,116.58,22.955
2023-08-04,Krishnaraja Sagara,114.032,18.01
2023-08-05,Krishnaraja Sagara,149.23,13.066
2023-08-06,Krishnaraja Sagara,120.545,8.122
2023-08-07,Krishnaraja Sagara,156.281,3.178
2023-08-08,Krishnaraja Sagara,141.924,7.298
2023-08-09,Krishnaraja Sagara,149.06,11.418
2023-08-10,Krishnaraja Sagara,137.337,15.538
2023-08-11,Krishnaraja Sagara,154.497,14.126
2023-08-12,Krishnaraja Sagara,140.706,11.654
2023-08-13,Krishnaraja Sagara,119.582,12.713
2023-08-14,Krishnaraja Sagara,112.135,13.773
2023-08-15,Krishnaraja Sagara,134.59,14.832
2023-08-16,Krishnaraja Sagara,87.159,15.892
2023-08-17,Krishnaraja Sagara,86.848,16.951
2023-08-18,Krishnaraja Sagara,62.835,18.01
2023-08-19,Krishnaraja Sagara,66.516,19.07
2023-08-20,Krishnaraja Sagara,138.13,20.129
2023-08-21,Krishnaraja Sagara,141.103,21.189
2023-08-22,Krishnaraja Sagara,149.201,22.248
2023-08-23,Krishnaraja Sagara,135.666,23.308
2023-08-24,Krishnaraja Sagara,98.854,24.367
2023-08-25,Krishnaraja Sagara,92.766,25.427
2023-08-26,Krishnaraja Sagara,69.688,26.486
2023-08-27,Krishnaraja Sagara,88.009,27.545
2023-08-28,Krishnaraja Sagara,37.605,28.605
2023-08-29,Krishnaraja Sagara,53.547,29.664
2023-08-30,Krishnaraja Sagara,65.129,30.724
2023-08-31,Krishnaraja Sagara,45.59,31.783
2023-09-01,Krishnaraja Sagara,46.298,32.843
2023-09-02,Krishnaraja Sagara,81.269,28.134
2023-09-03,Krishnaraja Sagara,110.917,23.425
2023-09-04,Krishnaraja Sagara,118.902,18.717
2023-09-05,Krishnaraja Sagara,112.928,14.008
2023-09-06,Krishnaraja Sagara,68.867,9.3
2023-09-07,Krishnaraja Sagara,81.921,4.591
2023-09-08,Krishnaraja Sagara,81.354,8.122
2023-09-09,Krishnaraja Sagara,96.702,11.654
2023-09-10,Krishnaraja Sagara,114.258,15.185
2023-09-11,Krishnaraja Sagara,104.376,14.479
2023-09-12,Krishnaraja Sagara,99.166,11.654
2023-09-13,Krishnaraja Sagara,77.616,12.769
2023-09-14,Krishnaraja Sagara,84.526,13.884
2023-09-15,Krishnaraja Sagara,103.668,14.999
2023-09-16,Krishnaraja Sagara,84.328,16.115
2023-09-17,Krishnaraja Sagara,84.611,17.23
2023-09-18,Krishnaraja Sagara,118.251,18.345
2023-09-19,Krishnaraja Sagara,198.416,19.46
2023-09-20,Krishnaraja Sagara,170.354,20.575
2023-09-21,Krishnaraja Sagara,151.099,21.691
2023-09-22,Krishnaraja Sagara,165.512,22.806
2023-09-23,Krishnaraja Sagara,145.747,23.921
2023-09-24,Krishnaraja Sagara,174.319,25.036
2023-09-25,Krishnaraja Sagara,169.703,26.151
2023-09-26,Krishnaraja Sagara,202.012,27.267
2023-09-27,Krishnaraja Sagara,210.989,28.382
2023-09-28,Krishnaraja Sagara,146.766,29.497
2023-09-29,Krishnaraja Sagara,136.912,30.612
2023-09-30,Krishnaraja Sagara,117.6,31.727
2023-10-01,Krishnaraja Sagara,117.685,32.843
2023-10-02,Krishnaraja Sagara,164.549,28.252
2023-10-03,Krishnaraja Sagara,334.139,23.661
2023-10-04,Krishnaraja Sagara,256.324,19.07
2023-10-05,Krishnaraja Sagara,165.965,14.479
2023-10-06,Krishnaraja Sagara,114.57,9.888
2023-10-07,Krishnaraja Sagara,83.874,5.297
2023-10-08,Krishnaraja Sagara,104.263,8.476
2023-10-09,Krishnaraja Sagara,99.194,11.654
2023-10-10,Krishnaraja Sagara,126.831,14.832
2023-10-11,Krishnaraja Sagara,157.951,14.832
2023-10-12,Krishnaraja Sagara,160.896,11.654
2023-10-13,Krishnaraja Sagara,166.616,12.713
2023-10-14,Krishnaraja Sagara,157.158,13.773
2023-10-15,Krishnaraja Sagara,125.217,14.832
2023-10-16,Krishnaraja Sagara,101.063,15.892
2023-10-17,Krishnaraja Sagara,90.671,16.951
2023-10-18,Krishnaraja Sagara,117.317,18.01
2023-10-19,Krishnaraja Sagara,119.44,19.07
2023-10-20,Krishnaraja Sagara,90.104,20.129
2023-10-21,Krishnaraja Sagara,76.201,21.189
2023-10-22,Krishnaraja Sagara,67.083,22.248
2023-10-23,Krishnaraja Sagara,66.969,23.308
2023-10-24,Krishnaraja Sagara,57.993,24.367
2023-10-25,Krishnaraja Sagara,50.8,25.427
2023-10-26,Krishnaraja Sagara,15.036,26.486
2023-10-27,Krishnaraja Sagara,15.036,27.545
2023-10-28,Krishnaraja Sagara,20.105,28.605
2023-10-29,Krishnaraja Sagara,25.174,29.664
2023-10-30,Krishnaraja Sagara,15.036,30.724
2023-10-31,Krishnaraja Sagara,15.036,31.783
2023-11-01,Krishnaraja Sagara,15.036,32.843
2023-11-02,Krishnaraja Sagara,14.3,28.369
2023-11-03,Krishnaraja Sagara,14.3,23.896
2023-11-04,Krishnaraja Sagara,24.437,19.423
2023-11-05,Krishnaraja Sagara,19.369,14.95
2023-11-06,Krishnaraja Sagara,30.865,10.477
2023-11-07,Krishnaraja Sagara,77.673,6.003
2023-11-08,Krishnaraja Sagara,96.589,8.946
2023-11-09,Krishnaraja Sagara,116.949,11.889
2023-11-10,Krishnaraja Sagara,161.038,14.832
2023-11-11,Krishnaraja Sagara,161.038,15.185
2023-11-12,Krishnaraja Sagara,132.495,11.654
2023-11-13,Krishnaraja Sagara,105.933,12.75
2023-11-14,Krishnaraja Sagara,82.232,13.847
2023-11-15,Krishnaraja Sagara,62.58,14.944
2023-11-16,Krishnaraja Sagara,57.143,16.04
2023-11-17,Krishnaraja Sagara,47.742,17.137
2023-11-18,Krishnaraja Sagara,44.967,18.234
2023-11-19,Krishnaraja Sagara,42.985,19.33
2023-11-20,Krishnaraja Sagara,37.718,20.427
2023-11-21,Krishnaraja Sagara,39.559,21.523
2023-11-22,Krishnaraja Sagara,44.514,22.62
2023-11-23,Krishnaraja Sagara,41.059,23.717
2023-11-24,Krishnaraja Sagara,42.135,24.813
2023-11-25,Krishnaraja Sagara,52.556,25.91
2023-11-26,Krishnaraja Sagara,52.528,27.006
2023-11-27,Krishnaraja Sagara,38.879,28.103
2023-11-28,Krishnaraja Sagara,36.614,29.2
2023-11-29,Krishnaraja Sagara,46.921,30.296
2023-11-30,Krishnaraja Sagara,35.849,31.393
2023-12-01,Krishnaraja Sagara,34.971,32.489
2023-12-02,Krishnaraja Sagara,30.129,28.134
2023-12-03,Krishnaraja Sagara,25.91,23.779
2023-12-04,Krishnaraja Sagara,24.551,19.423
2023-12-05,Krishnaraja Sagara,22.229,15.068
2023-12-06,Krishnaraja Sagara,26.873,10.712
2023-12-07,Krishnaraja Sagara,19.85,6.357
2023-12-08,Krishnaraja Sagara,24.522,9.3
2023-12-09,Krishnaraja Sagara,24.494,12.242
2023-12-10,Krishnaraja Sagara,33.839,15.185
2023-12-11,Krishnaraja Sagara,33.272,15.538
2023-12-12,Krishnaraja Sagara,35.623,11.654
2023-12-13,Krishnaraja Sagara,30.922,11.671
2023-12-14,Krishnaraja Sagara,28.6,11.689
2023-12-15,Krishnaraja Sagara,28.628,11.707
2023-12-16,Krishnaraja Sagara,28.628,11.724
2023-12-17,Krishnaraja Sagara,33.329,11.742
2023-12-18,Krishnaraja Sagara,28.657,11.76
2023-12-19,Krishnaraja Sagara,33.329,11.777
2023-12-20,Krishnaraja Sagara,34.093,11.795
2023-12-21,Krishnaraja Sagara,29.421,11.813
2023-12-22,Krishnaraja Sagara,32.253,11.83
2023-12-23,Krishnaraja Sagara,36.925,11.848
2023-12-24,Krishnaraja Sagara,32.253,11.866
2023-12-25,Krishnaraja Sagara,32.253,11.883
2023-12-26,Krishnaraja Sagara,27.581,11.901
2023-12-27,Krishnaraja Sagara,32.253,11.919
2023-12-28,Krishnaraja Sagara,22.88,11.936
2023-12-29,Krishnaraja Sagara,21.039,11.954
2023-12-30,Krishnaraja Sagara,18.717,11.972
2023-12-31,Krishnaraja Sagara,23.39,11.989
2024-01-01,Krishnaraja Sagara,25.712,12.007
2024-01-02,Krishnaraja Sagara,16.594,8.829
2024-01-03,Krishnaraja Sagara,25.938,7.769
2024-01-04,Krishnaraja Sagara,16.565,4.944
2024-01-05,Krishnaraja Sagara,25.91,2.825
2024-01-06,Krishnaraja Sagara,25.91,3.165
2024-01-07,Krishnaraja Sagara,30.582,3.505
2024-01-08,Krishnaraja Sagara,35.254,3.845
2024-01-09,Krishnaraja Sagara,40.238,4.185
2024-01-10,Krishnaraja Sagara,28.43,4.526
2024-01-11,Krishnaraja Sagara,21.238,4.866
2024-01-12,Krishnaraja Sagara,15.489,5.206
2024-01-13,Krishnaraja Sagara,24.607,5.546
2024-01-14,Krishnaraja Sagara,25.882,5.886
2024-01-15,Krishnaraja Sagara,15.603,6.226
2024-01-16,Krishnaraja Sagara,11.723,6.566
2024-01-17,Krishnaraja Sagara,11.355,6.906
2024-01-18,Krishnaraja Sagara,9.373,7.246
2024-01-19,Krishnaraja Sagara,11.893,7.586
2024-01-20,Krishnaraja Sagara,9.911,7.926
2024-01-21,Krishnaraja Sagara,14.102,8.266
2024-01-22,Krishnaraja Sagara,9.911,8.606
2024-01-23,Krishnaraja Sagara,13.875,8.946
2024-01-24,Krishnaraja Sagara,18.321,9.286
2024-01-25,Krishnaraja Sagara,14.102,9.627
2024-01-26,Krishnaraja Sagara,18.604,9.967
2024-01-27,Krishnaraja Sagara,15.744,10.307
2024-01-28,Krishnaraja Sagara,18.066,10.647
2024-01-29,Krishnaraja Sagara,20.728,10.987
2024-01-30,Krishnaraja Sagara,16.65,11.327
2024-01-31,Krishnaraja Sagara,12.573,11.667
2024-02-01,Krishnaraja Sagara,16.65,12.007
2024-02-02,Krishnaraja Sagara,12.544,8.829
2024-02-03,Krishnaraja Sagara,16.622,7.416
2024-02-04,Krishnaraja Sagara,12.544,4.944
2024-02-05,Krishnaraja Sagara,12.544,2.825
2024-02-06,Krishnaraja Sagara,16.622,3.192
2024-02-07,Krishnaraja Sagara,11.468,3.56
2024-02-08,Krishnaraja Sagara,9.316,3.927
2024-02-09,Krishnaraja Sagara,9.288,4.294
2024-02-10,Krishnaraja Sagara,9.514,4.662
2024-02-11,Krishnaraja Sagara,13.819,5.029
2024-02-12,Krishnaraja Sagara,13.762,5.396
2024-02-13,Krishnaraja Sagara,11.865,5.763
2024-02-14,Krishnaraja Sagara,11.865,6.131
2024-02-15,Krishnaraja Sagara,13.904,6.498
2024-02-16,Krishnaraja Sagara,9.798,6.865
2024-02-17,Krishnaraja Sagara,7.759,7.232
2024-02-18,Krishnaraja Sagara,10.052,7.6
2024-02-19,Krishnaraja Sagara,11.95,7.967
2024-02-20,Krishnaraja Sagara,13.932,8.334
2024-02-21,Krishnaraja Sagara,11.921,8.702
2024-02-22,Krishnaraja Sagara,11.893,9.069
2024-02-23,Krishnaraja Sagara,9.911,9.436
2024-02-24,Krishnaraja Sagara,9.911,9.803
2024-02-25,Krishnaraja Sagara,7.9,10.171
2024-02-26,Krishnaraja Sagara,7.9,10.538
2024-02-27,Krishnaraja Sagara,5.89,10.905
2024-02-28,Krishnaraja Sagara,7.872,11.272
2024-02-29,Krishnaraja Sagara,5.862,11.64
2024-03-01,Krishnaraja Sagara,7.815,12.007
2024-03-02,Krishnaraja Sagara,7.9,8.829
2024-03-03,Krishnaraja Sagara,8.325,7.416
2024-03-04,Krishnaraja Sagara,6.485,4.944
2024-03-05,Krishnaraja Sagara,6.371,2.825
2024-03-06,Krishnaraja Sagara,8.269,3.165
2024-03-07,Krishnaraja Sagara,6.315,3.505
2024-03-08,Krishnaraja Sagara,6.315,3.845
2024-03-09,Krishnaraja Sagara,3.851,4.185
2024-03-10,Krishnaraja Sagara,3.738,4.526
2024-03-11,Krishnaraja Sagara,4.786,4.866
2024-03-12,Krishnaraja Sagara,4.729,5.206
2024-03-13,Krishnaraja Sagara,3.228,5.546
2024-03-14,Krishnaraja Sagara,5.069,5.886
2024-03-15,Krishnaraja Sagara,3.625,6.226
2024-03-16,Krishnaraja Sagara,3.653,6.566
2024-03-17,Krishnaraja Sagara,3.823,6.906
2024-03-18,Krishnaraja Sagara,3.794,7.246
2024-03-19,Krishnaraja Sagara,3.738,7.586
2024-03-20,Krishnaraja Sagara,2.152,7.926
2024-03-21,Krishnaraja Sagara,2.124,8.266
2024-03-22,Krishnaraja Sagara,3.115,8.606
2024-03-23,Krishnaraja Sagara,2.124,8.946
2024-03-24,Krishnaraja Sagara,2.067,9.286
2024-03-25,Krishnaraja Sagara,2.01,9.627
2024-03-26,Krishnaraja Sagara,1.954,9.967
2024-03-27,Krishnaraja Sagara,1.897,10.307
2024-03-28,Krishnaraja Sagara,1.841,10.647
2024-03-29,Krishnaraja Sagara,1.586,10.987
2024-03-30,Krishnaraja Sagara,1.841,11.327
2024-03-31,Krishnaraja Sagara,2.435,11.667
2024-04-01,Krishnaraja Sagara,2.379,12.007
2024-04-02,Krishnaraja Sagara,1.472,8.829
2024-04-03,Krishnaraja Sagara,1.416,7.416
2024-04-04,Krishnaraja Sagara,1.416,4.944
2024-04-05,Krishnaraja Sagara,2.209,2.825
2024-04-06,Krishnaraja Sagara,2.152,3.178
2024-04-07,Krishnaraja Sagara,2.124,3.531
2024-04-08,Krishnaraja Sagara,2.067,3.885
2024-04-09,Krishnaraja Sagara,2.01,4.238
2024-04-10,Krishnaraja Sagara,1.982,4.591
2024-04-11,Krishnaraja Sagara,2.69,4.944
2024-04-12,Krishnaraja Sagara,2.464,5.297
2024-04-13,Krishnaraja Sagara,2.407,5.65
2024-04-14,Krishnaraja Sagara,2.379,6.003
2024-04-15,Krishnaraja Sagara,2.322,6.357
2024-04-16,Krishnaraja Sagara,3.879,6.71
2024-04-17,Krishnaraja Sagara,2.237,7.063
2024-04-18,Krishnaraja Sagara,2.435,7.416
2024-04-19,Krishnaraja Sagara,2.917,7.769
2024-04-20,Krishnaraja Sagara,2.86,8.122
2024-04-21,Krishnaraja Sagara,2.803,8.476
2024-04-22,Krishnaraja Sagara,2.747,8.829
2024-04-23,Krishnaraja Sagara,1.161,9.182
2024-04-24,Krishnaraja Sagara,2.662,9.535
2024-04-25,Krishnaraja Sagara,2.039,9.888
2024-04-26,Krishnaraja Sagara,2.322,10.241
2024-04-27,Krishnaraja Sagara,2.209,10.594
2024-04-28,Krishnaraja Sagara,2.124,10.948
2024-04-29,Krishnaraja Sagara,2.549,11.301
2024-04-30,Krishnaraja Sagara,2.52,11.654
2024-05-01,Krishnaraja Sagara,2.803,12.007
2024-05-02,Krishnaraja Sagara,1.671,8.829
2024-05-03,Krishnaraja Sagara,1.642,7.416
2024-05-04,Krishnaraja Sagara,4.531,4.591
2024-05-05,Krishnaraja Sagara,3.002,2.825
2024-05-06,Krishnaraja Sagara,3.313,3.165
2024-05-07,Krishnaraja Sagara,4.672,3.505
2024-05-08,Krishnaraja Sagara,3.2,3.845
2024-05-09,Krishnaraja Sagara,4.134,4.185
2024-05-10,Krishnaraja Sagara,4.276,4.526
2024-05-11,Krishnaraja Sagara,7.108,4.866
2024-05-12,Krishnaraja Sagara,4.248,5.206
2024-05-13,Krishnaraja Sagara,7.079,5.546
2024-05-14,Krishnaraja Sagara,22.71,5.886
2024-05-15,Krishnaraja Sagara,25.57,6.226
2024-05-16,Krishnaraja Sagara,50.149,6.566
2024-05-17,Krishnaraja Sagara,44.174,6.906
2024-05-18,Krishnaraja Sagara,32.649,7.246
2024-05-19,Krishnaraja Sagara,28.317,7.586
2024-05-20,Krishnaraja Sagara,40.097,7.926
2024-05-21,Krishnaraja Sagara,51.876,8.266
2024-05-22,Krishnaraja Sagara,41.229,8.606
2024-05-23,Krishnaraja Sagara,55.813,8.946
2024-05-24,Krishnaraja Sagara,71.047,9.286
2024-05-25,Krishnaraja Sagara,95.286,9.627
2024-05-26,Krishnaraja Sagara,96.419,9.967
2024-05-27,Krishnaraja Sagara,81.921,10.307
2024-05-28,Krishnaraja Sagara,66.941,10.647
2024-05-29,Krishnaraja Sagara,50.914,10.987
2024-05-30,Krishnaraja Sagara,42.9,11.327
2024-05-31,Krishnaraja Sagara,26.873,11.667
2024-06-01,Krishnaraja Sagara,34.915,12.007
2024-06-02,Krishnaraja Sagara,34.886,8.829
2024-06-03,Krishnaraja Sagara,41.541,7.416
2024-06-04,Krishnaraja Sagara,44.911,4.591
2024-06-05,Krishnaraja Sagara,28.345,2.472
2024-06-06,Krishnaraja Sagara,41.626,2.839
2024-06-07,Krishnaraja Sagara,51.622,3.205
2024-06-08,Krishnaraja Sagara,40.295,3.572
2024-06-09,Krishnaraja Sagara,32.31,3.939
2024-06-10,Krishnaraja Sagara,41.201,4.306
2024-06-11,Krishnaraja Sagara,49.809,4.672
2024-06-12,Krishnaraja Sagara,49.838,5.039
2024-06-13,Krishnaraja Sagara,66.969,5.406
2024-06-14,Krishnaraja Sagara,68.074,5.773
2024-06-15,Krishnaraja Sagara,68.697,6.139
2024-06-16,Krishnaraja Sagara,59.947,6.506
2024-06-17,Krishnaraja Sagara,60.032,6.873
2024-06-18,Krishnaraja Sagara,52.358,7.24
2024-06-19,Krishnaraja Sagara,34.235,7.606
2024-06-20,Krishnaraja Sagara,34.263,7.973
2024-06-21,Krishnaraja Sagara,37.888,8.34
2024-06-22,Krishnaraja Sagara,40.012,8.706
2024-06-23,Krishnaraja Sagara,34.377,9.073
2024-06-24,Krishnaraja Sagara,36.217,9.44
2024-06-25,Krishnaraja Sagara,43.495,9.807
2024-06-26,Krishnaraja Sagara,63.458,10.173
2024-06-27,Krishnaraja Sagara,109.19,10.54
2024-06-28,Krishnaraja Sagara,380.493,10.907
2024-06-29,Krishnaraja Sagara,527.939,11.274
2024-06-30,Krishnaraja Sagara,364.353,11.64
2024-07-01,Krishnaraja Sagara,265.301,12.007
2024-07-02,Krishnaraja Sagara,248.82,8.476
2024-07-03,Krishnaraja Sagara,400.259,7.416
2024-07-04,Krishnaraja Sagara,316.837,4.591
2024-07-05,Krishnaraja Sagara,274.277,2.472
2024-07-06,Krishnaraja Sagara,175.14,2.825
2024-07-07,Krishnaraja Sagara,312.25,3.178
2024-07-08,Krishnaraja Sagara,238.569,3.531
2024-07-09,Krishnaraja Sagara,186.891,3.885
2024-07-10,Krishnaraja Sagara,160.443,4.238
2024-07-11,Krishnaraja Sagara,174.035,4.591
2024-07-12,Krishnaraja Sagara,132.325,4.944
2024-07-13,Krishnaraja Sagara,96.447,5.297
2024-07-14,Krishnaraja Sagara,82.062,5.65
2024-07-15,Krishnaraja Sagara,286.595,6.003
2024-07-16,Krishnaraja Sagara,734.341,6.357
2024-07-17,Krishnaraja Sagara,1038.492,6.71
2024-07-18,Krishnaraja Sagara,1041.267,7.063
2024-07-19,Krishnaraja Sagara,1263.413,7.416
2024-07-20,Krishnaraja Sagara,1454.778,7.769
2024-07-21,Krishnaraja Sagara,1971.334,8.122
2024-07-22,Krishnaraja Sagara,1699.464,8.476
2024-07-23,Krishnaraja Sagara,1133.495,8.829
2024-07-24,Krishnaraja Sagara,901.948,9.182
2024-07-25,Krishnaraja Sagara,1190.582,9.535
2024-07-26,Krishnaraja Sagara,1895.671,9.888
2024-07-27,Krishnaraja Sagara,3160.132,10.241
2024-07-28,Krishnaraja Sagara,3314.94,10.594
2024-07-29,Krishnaraja Sagara,1614.4,10.948
2024-07-30,Krishnaraja Sagara,1103.706,11.301
2024-07-31,Krishnaraja Sagara,2704.315,11.654
2024-08-01,Krishnaraja Sagara,3843.247,12.007
2024-08-02,Krishnaraja Sagara,2800.819,8.476
2024-08-03,Krishnaraja Sagara,2081.288,7.416
2024-08-04,Krishnaraja Sagara,2175.753,4.591
2024-08-05,Krishnaraja Sagara,963.594,2.472
2024-08-06,Krishnaraja Sagara,464.396,2.825
2024-08-07,Krishnaraja Sagara,388.904,3.178
2024-08-08,Krishnaraja Sagara,362.626,3.531
2024-08-09,Krishnaraja Sagara,492.798,3.885
2024-08-10,Krishnaraja Sagara,324.653,4.238
2024-08-11,Krishnaraja Sagara,347.278,4.591
2024-08-12,Krishnaraja Sagara,596.353,4.944
2024-08-13,Krishnaraja Sagara,401.816,5.297
2024-08-14,Krishnaraja Sagara,434.664,5.65
2024-08-15,Krishnaraja Sagara,484.841,6.003
2024-08-16,Krishnaraja Sagara,593.549,6.357
2024-08-17,Krishnaraja Sagara,470.768,6.71
2024-08-18,Krishnaraja Sagara,371.715,7.063
2024-08-19,Krishnaraja Sagara,345.749,7.416
2024-08-20,Krishnaraja Sagara,294.297,7.769
2024-08-21,Krishnaraja Sagara,247.687,8.122
2024-08-22,Krishnaraja Sagara,229.989,8.476
2024-08-23,Krishnaraja Sagara,168.06,8.829
2024-08-24,Krishnaraja Sagara,132.919,9.182
2024-08-25,Krishnaraja Sagara,132.948,9.535
2024-08-26,Krishnaraja Sagara,123.999,9.888
2024-08-27,Krishnaraja Sagara,132.948,10.241
2024-08-28,Krishnaraja Sagara,159.877,10.594
2024-08-29,Krishnaraja Sagara,205.297,10.948
2024-08-30,Krishnaraja Sagara,413.992,11.301
2024-08-31,Krishnaraja Sagara,529.242,11.654
2024-09-01,Krishnaraja Sagara,430.982,12.007
2024-09-02,Krishnaraja Sagara,318.508,8.476
2024-09-03,Krishnaraja Sagara,318.508,7.063
2024-09-04,Krishnaraja Sagara,429.878,4.591
2024-09-05,Krishnaraja Sagara,441.658,2.472
2024-09-06,Krishnaraja Sagara,456.014,2.825
2024-09-07,Krishnaraja Sagara,345.664,3.178
2024-09-08,Krishnaraja Sagara,258.193,3.531
2024-09-09,Krishnaraja Sagara,258.193,3.885
2024-09-10,Krishnaraja Sagara,256.352,4.238
2024-09-11,Krishnaraja Sagara,373.329,4.591
2024-09-12,Krishnaraja Sagara,325.927,4.944
2024-09-13,Krishnaraja Sagara,326.55,5.297
2024-09-14,Krishnaraja Sagara,422.884,5.65
2024-09-15,Krishnaraja Sagara,422.884,6.003
2024-09-16,Krishnaraja Sagara,203.372,6.357
2024-09-17,Krishnaraja Sagara,203.372,6.71
2024-09-18,Krishnaraja Sagara,115.165,7.063
2024-09-19,Krishnaraja Sagara,117.373,7.416
2024-09-20,Krishnaraja Sagara,117.345,7.769
2024-09-21,Krishnaraja Sagara,85.63,8.122
2024-09-22,Krishnaraja Sagara,90.501,8.476
2024-09-23,Krishnaraja Sagara,90.472,8.829
2024-09-24,Krishnaraja Sagara,99.534,9.182
2024-09-25,Krishnaraja Sagara,99.59,9.535
2024-09-26,Krishnaraja Sagara,117.883,9.888
2024-09-27,Krishnaraja Sagara,117.855,10.241
2024-09-28,Krishnaraja Sagara,126.973,10.594
2024-09-29,Krishnaraja Sagara,126.973,10.948
2024-09-30,Krishnaraja Sagara,131.362,11.301
2024-10-01,Krishnaraja Sagara,139.857,11.654
2024-10-02,Krishnaraja Sagara,136.827,8.476
2024-10-03,Krishnaraja Sagara,155.12,6.71
2024-10-04,Krishnaraja Sagara,155.148,4.238
2024-10-05,Krishnaraja Sagara,159.735,2.472
2024-10-06,Krishnaraja Sagara,159.764,2.799
2024-10-07,Krishnaraja Sagara,191.79,3.126
2024-10-08,Krishnaraja Sagara,200.993,3.453
2024-10-09,Krishnaraja Sagara,182.7,3.78
2024-10-10,Krishnaraja Sagara,173.554,4.107
2024-10-11,Krishnaraja Sagara,173.554,4.434
2024-10-12,Krishnaraja Sagara,164.436,4.761
2024-10-13,Krishnaraja Sagara,173.582,5.088
2024-10-14,Krishnaraja Sagara,191.903,5.415
2024-10-15,Krishnaraja Sagara,270.086,5.742
2024-10-16,Krishnaraja Sagara,256.069,6.069
2024-10-17,Krishnaraja Sagara,242.024,6.396
2024-10-18,Krishnaraja Sagara,243.44,6.723
2024-10-19,Krishnaraja Sagara,244.856,7.05
2024-10-20,Krishnaraja Sagara,243.44,7.377
2024-10-21,Krishnaraja Sagara,118.11,7.704
2024-10-22,Krishnaraja Sagara,283.338,8.031
2024-10-23,Krishnaraja Sagara,365.939,8.358
2024-10-24,Krishnaraja Sagara,458.874,8.685
2024-10-25,Krishnaraja Sagara,489.853,9.012
2024-10-26,Krishnaraja Sagara,427.896,9.339
2024-10-27,Krishnaraja Sagara,242.024,9.666
2024-10-28,Krishnaraja Sagara,180.067,9.993
2024-10-29,Krishnaraja Sagara,149.683,10.32
2024-10-30,Krishnaraja Sagara,150.391,10.647
2024-10-31,Krishnaraja Sagara,179.416,10.974
2024-11-01,Krishnaraja Sagara,178.0,11.301
2024-11-02,Krishnaraja Sagara,175.225,8.476
2024-11-03,Krishnaraja Sagara,174.63,6.71
2024-11-04,Krishnaraja Sagara,166.815,4.591
2024-11-05,Krishnaraja Sagara,221.721,2.472
2024-11-06,Krishnaraja Sagara,222.457,2.812
2024-11-07,Krishnaraja Sagara,214.727,3.151
2024-11-08,Krishnaraja Sagara,197.878,3.491
2024-11-09,Krishnaraja Sagara,166.899,3.83
2024-11-10,Krishnaraja Sagara,168.315,4.17
2024-11-11,Krishnaraja Sagara,169.731,4.509
2024-11-12,Krishnaraja Sagara,166.899,4.849
2024-11-13,Krishnaraja Sagara,164.068,5.189
2024-11-14,Krishnaraja Sagara,163.332,5.528
2024-11-15,Krishnaraja Sagara,148.522,5.868
2024-11-16,Krishnaraja Sagara,134.42,6.207
2024-11-17,Krishnaraja Sagara,127.341,6.547
2024-11-18,Krishnaraja Sagara,120.262,6.886
2024-11-19,Krishnaraja Sagara,121.677,7.226
2024-11-20,Krishnaraja Sagara,123.093,7.565
2024-11-21,Krishnaraja Sagara,124.509,7.905
2024-11-22,Krishnaraja Sagara,125.925,8.245
2024-11-23,Krishnaraja Sagara,125.189,8.584
2024-11-24,Krishnaraja Sagara,124.453,8.924
2024-11-25,Krishnaraja Sagara,125.868,9.263
2024-11-26,Krishnaraja Sagara,127.284,9.603
2024-11-27,Krishnaraja Sagara,112.163,9.942
2024-11-28,Krishnaraja Sagara,133.117,10.282
2024-11-29,Krishnaraja Sagara,134.307,10.622
2024-11-30,Krishnaraja Sagara,129.918,10.961
2024-12-01,Krishnaraja Sagara,139.602,11.301
2024-12-02,Krishnaraja Sagara,141.613,8.476
2024-12-03,Krishnaraja Sagara,125.359,6.357
2024-12-04,Krishnaraja Sagara,92.256,4.238
2024-12-05,Krishnaraja Sagara,84.639,2.119
2024-12-06,Krishnaraja Sagara,86.819,2.053
2024-12-07,Krishnaraja Sagara,101.289,1.986
2024-12-08,Krishnaraja Sagara,102.111,1.92
2024-12-09,Krishnaraja Sagara,102.932,1.854
2024-12-10,Krishnaraja Sagara,131.815,1.788
2024-12-11,Krishnaraja Sagara,160.67,1.722
2024-12-12,Krishnaraja Sagara,159.254,1.655
2024-12-13,Krishnaraja Sagara,157.838,1.589
2024-12-14,Krishnaraja Sagara,156.422,1.523
2024-12-15,Krishnaraja Sagara,155.006,1.457
2024-12-16,Krishnaraja Sagara,124.028,1.391
2024-12-17,Krishnaraja Sagara,85.007,1.324
2024-12-18,Krishnaraja Sagara,78.381,1.258
2024-12-19,Krishnaraja Sagara,76.229,1.192
2024-12-20,Krishnaraja Sagara,86.65,1.126
2024-12-21,Krishnaraja Sagara,87.471,1.059
2024-12-22,Krishnaraja Sagara,88.292,0.993
2024-12-23,Krishnaraja Sagara,86.876,0.927
2024-12-24,Krishnaraja Sagara,85.46,0.861
2024-12-25,Krishnaraja Sagara,86.168,0.795
2024-12-26,Krishnaraja Sagara,86.876,0.728
2024-12-27,Krishnaraja Sagara,77.73,0.662
2024-12-28,Krishnaraja Sagara,50.404,0.596
2024-12-29,Krishnaraja Sagara,45.845,0.53
2024-12-30,Krishnaraja Sagara,45.817,0.464
2024-12-31,Krishnaraja Sagara,35.254,0.397
