Date,Reservoir_Name,Inflow (cusecs/cumecs),Storage (TMC/MCM)
2010-01-01,Mettur,297.028,55.091
2010-01-02,Mettur,296.507,45.909
2010-01-03,Mettur,291.4,36.727
2010-01-04,Mettur,378.734,34.255
2010-01-05,Mettur,387.087,34.962
2010-01-06,Mettur,376.312,38.14
2010-01-07,Mettur,376.312,42.024
2010-01-08,Mettur,371.388,43.79
2010-01-09,Mettur,379.4,49.087
2010-01-10,Mettur,287.8,56.955
2010-01-11,Mettur,320.322,64.823
2010-01-12,Mettur,210.609,72.692
2010-01-13,Mettur,212.105,80.56
2010-01-14,Mettur,166.9,88.428
2010-01-15,Mettur,168.848,86.556
2010-01-16,Mettur,166.473,84.685
2010-01-17,Mettur,177.7,82.813
2010-01-18,Mettur,164.215,80.941
2010-01-19,Mettur,193.143,79.07
2010-01-20,Mettur,259.076,77.198
2010-01-21,Mettur,285.652,75.326
2010-01-22,Mettur,285.434,73.455
2010-01-23,Mettur,265.923,71.583
2010-01-24,Mettur,284.3,69.711
2010-01-25,Mettur,274.643,67.839
2010-01-26,Mettur,273.8,65.968
2010-01-27,Mettur,275.927,64.096
2010-01-28,Mettur,278.696,62.224
2010-01-29,Mettur,301.329,60.353
2010-01-30,Mettur,53.75,58.481
2010-01-31,Mettur,43.67,56.609
2010-02-01,Mettur,65.523,54.738
2010-02-02,Mettur,87.376,45.732
2010-02-03,Mettur,109.23,36.727
2010-02-04,Mettur,83.89,34.255
2010-02-05,Mettur,100.868,34.962
2010-02-06,Mettur,107.059,38.493
2010-02-07,Mettur,98.9,42.024
2010-02-08,Mettur,96.172,45.203
2010-02-09,Mettur,102.477,48.734
2010-02-10,Mettur,99.25,39.906
2010-02-11,Mettur,116.411,31.077
2010-02-12,Mettur,105.1,39.514
2010-02-13,Mettur,97.959,47.952
2010-02-14,Mettur,100.9,56.39
2010-02-15,Mettur,101.278,64.827
2010-02-16,Mettur,101.483,73.264
2010-02-17,Mettur,102.446,81.702
2010-02-18,Mettur,99.265,79.396
2010-02-19,Mettur,100.793,77.09
2010-02-20,Mettur,82.711,74.784
2010-02-21,Mettur,107.2,72.478
2010-02-22,Mettur,111.545,70.172
2010-02-23,Mettur,104.563,67.866
2010-02-24,Mettur,104.089,65.561
2010-02-25,Mettur,117.977,63.255
2010-02-26,Mettur,102.496,60.949
2010-02-27,Mettur,100.9,58.643
2010-02-28,Mettur,87.12,56.337
2010-03-01,Mettur,97.674,54.031
2010-03-02,Mettur,79.641,45.379
2010-03-03,Mettur,103.591,36.727
2010-03-04,Mettur,105.427,34.255
2010-03-05,Mettur,104.237,34.962
2010-03-06,Mettur,104.301,38.493
2010-03-07,Mettur,107.2,42.024
2010-03-08,Mettur,110.293,46.615
2010-03-09,Mettur,105.155,48.381
2010-03-10,Mettur,116.783,40.258
2010-03-11,Mettur,118.674,32.136
2010-03-12,Mettur,115.901,40.7
2010-03-13,Mettur,115.168,49.264
2010-03-14,Mettur,127.1,57.828
2010-03-15,Mettur,135.776,66.391
2010-03-16,Mettur,135.175,74.955
2010-03-17,Mettur,115.465,83.519
2010-03-18,Mettur,117.529,81.506
2010-03-19,Mettur,104.265,79.493
2010-03-20,Mettur,99.626,77.48
2010-03-21,Mettur,96.88,75.467
2010-03-22,Mettur,91.017,73.455
2010-03-23,Mettur,94.008,71.442
2010-03-24,Mettur,93.297,69.429
2010-03-25,Mettur,93.761,67.416
2010-03-26,Mettur,98.155,65.403
2010-03-27,Mettur,94.629,63.39
2010-03-28,Mettur,92.91,61.377
2010-03-29,Mettur,94.923,59.364
2010-03-30,Mettur,98.174,57.351
2010-03-31,Mettur,118.94,55.338
2010-04-01,Mettur,105.437,53.325
2010-04-02,Mettur,109.3,45.026
2010-04-03,Mettur,110.502,36.727
2010-04-04,Mettur,109.3,34.255
2010-04-05,Mettur,117.007,35.315
2010-04-06,Mettur,109.528,38.846
2010-04-07,Mettur,110.055,42.024
2010-04-08,Mettur,109.668,47.675
2010-04-09,Mettur,98.697,48.028
2010-04-10,Mettur,98.66,41.495
2010-04-11,Mettur,103.0,34.962
2010-04-12,Mettur,95.972,42.92
2010-04-13,Mettur,89.951,50.878
2010-04-14,Mettur,85.24,58.836
2010-04-15,Mettur,86.349,66.795
2010-04-16,Mettur,84.475,74.753
2010-04-17,Mettur,83.246,82.711
2010-04-18,Mettur,81.53,80.536
2010-04-19,Mettur,83.128,78.361
2010-04-20,Mettur,82.997,76.187
2010-04-21,Mettur,82.176,74.012
2010-04-22,Mettur,83.164,71.837
2010-04-23,Mettur,91.5,69.663
2010-04-24,Mettur,100.898,67.488
2010-04-25,Mettur,98.9,65.314
2010-04-26,Mettur,84.031,63.139
2010-04-27,Mettur,83.567,60.964
2010-04-28,Mettur,92.153,58.79
2010-04-29,Mettur,101.504,56.615
2010-04-30,Mettur,95.604,54.44
2010-05-01,Mettur,117.59,52.266
2010-05-02,Mettur,153.8,44.496
2010-05-03,Mettur,133.242,36.727
2010-05-04,Mettur,122.316,34.255
2010-05-05,Mettur,120.518,35.315
2010-05-06,Mettur,115.696,38.846
2010-05-07,Mettur,152.362,42.024
2010-05-08,Mettur,150.899,48.028
2010-05-09,Mettur,148.8,48.028
2010-05-10,Mettur,115.913,43.437
2010-05-11,Mettur,101.318,38.846
2010-05-12,Mettur,91.272,48.113
2010-05-13,Mettur,91.625,57.379
2010-05-14,Mettur,91.301,66.646
2010-05-15,Mettur,81.832,75.912
2010-05-16,Mettur,83.37,85.179
2010-05-17,Mettur,79.819,83.078
2010-05-18,Mettur,111.194,80.977
2010-05-19,Mettur,106.519,78.875
2010-05-20,Mettur,125.687,76.774
2010-05-21,Mettur,87.193,74.673
2010-05-22,Mettur,80.165,72.572
2010-05-23,Mettur,76.12,70.47
2010-05-24,Mettur,70.575,68.369
2010-05-25,Mettur,101.568,66.268
2010-05-26,Mettur,87.774,64.167
2010-05-27,Mettur,76.12,62.066
2010-05-28,Mettur,35.722,59.964
2010-05-29,Mettur,33.923,57.863
2010-05-30,Mettur,46.36,55.762
2010-05-31,Mettur,35.459,53.661
2010-06-01,Mettur,33.981,51.559
2010-06-02,Mettur,68.106,43.966
2010-06-03,Mettur,50.403,36.374
2010-06-04,Mettur,94.41,34.255
2010-06-05,Mettur,106.669,35.315
2010-06-06,Mettur,110.3,39.199
2010-06-07,Mettur,135.588,42.024
2010-06-08,Mettur,114.107,48.381
2010-06-09,Mettur,87.449,47.675
2010-06-10,Mettur,63.236,39.199
2010-06-11,Mettur,85.831,41.671
2010-06-12,Mettur,85.139,50.24
2010-06-13,Mettur,102.5,58.808
2010-06-14,Mettur,95.301,67.377
2010-06-15,Mettur,107.059,75.945
2010-06-16,Mettur,99.967,84.514
2010-06-17,Mettur,108.322,82.246
2010-06-18,Mettur,106.104,79.978
2010-06-19,Mettur,109.348,77.711
2010-06-20,Mettur,96.93,75.443
2010-06-21,Mettur,86.512,73.176
2010-06-22,Mettur,87.679,70.908
2010-06-23,Mettur,86.423,68.641
2010-06-24,Mettur,88.533,66.373
2010-06-25,Mettur,86.638,64.105
2010-06-26,Mettur,85.87,61.838
2010-06-27,Mettur,81.22,59.57
2010-06-28,Mettur,89.718,57.303
2010-06-29,Mettur,90.017,55.035
2010-06-30,Mettur,85.761,52.768
2010-07-01,Mettur,86.101,50.5
2010-07-02,Mettur,85.7,43.437
2010-07-03,Mettur,82.031,36.374
2010-07-04,Mettur,81.22,34.255
2010-07-05,Mettur,53.783,35.668
2010-07-06,Mettur,65.235,39.552
2010-07-07,Mettur,86.634,41.671
2010-07-08,Mettur,57.234,48.381
2010-07-09,Mettur,97.285,47.675
2010-07-10,Mettur,97.038,40.259
2010-07-11,Mettur,96.93,45.556
2010-07-12,Mettur,98.641,53.41
2010-07-13,Mettur,99.764,61.264
2010-07-14,Mettur,117.837,69.118
2010-07-15,Mettur,118.333,76.972
2010-07-16,Mettur,68.783,84.826
2010-07-17,Mettur,100.751,82.636
2010-07-18,Mettur,88.0,80.447
2010-07-19,Mettur,98.469,78.257
2010-07-20,Mettur,71.469,76.068
2010-07-21,Mettur,62.967,73.878
2010-07-22,Mettur,62.825,71.689
2010-07-23,Mettur,95.012,69.499
2010-07-24,Mettur,93.697,67.31
2010-07-25,Mettur,65.65,65.12
2010-07-26,Mettur,54.887,62.931
2010-07-27,Mettur,65.013,60.741
2010-07-28,Mettur,49.773,58.552
2010-07-29,Mettur,72.114,56.362
2010-07-30,Mettur,385.119,54.173
2010-07-31,Mettur,378.636,51.983
2010-08-01,Mettur,412.8,49.794
2010-08-02,Mettur,169.715,43.084
2010-08-03,Mettur,156.419,36.374
2010-08-04,Mettur,181.047,33.902
2010-08-05,Mettur,160.402,35.315
2010-08-06,Mettur,168.11,40.259
2010-08-07,Mettur,174.624,41.671
2010-08-08,Mettur,166.4,48.734
2010-08-09,Mettur,178.946,47.675
2010-08-10,Mettur,179.457,40.965
2010-08-11,Mettur,177.566,50.143
2010-08-12,Mettur,180.678,59.321
2010-08-13,Mettur,178.584,68.5
2010-08-14,Mettur,178.825,77.678
2010-08-15,Mettur,179.3,86.856
2010-08-16,Mettur,221.853,84.614
2010-08-17,Mettur,336.705,82.371
2010-08-18,Mettur,371.534,80.129
2010-08-19,Mettur,350.263,77.886
2010-08-20,Mettur,340.696,75.644
2010-08-21,Mettur,352.712,73.402
2010-08-22,Mettur,321.2,71.159
2010-08-23,Mettur,302.442,68.917
2010-08-24,Mettur,291.373,66.674
2010-08-25,Mettur,282.822,64.432
2010-08-26,Mettur,284.799,62.189
2010-08-27,Mettur,277.586,59.947
2010-08-28,Mettur,277.651,57.704
2010-08-29,Mettur,285.4,55.462
2010-08-30,Mettur,280.137,53.219
2010-08-31,Mettur,285.988,50.977
2010-09-01,Mettur,272.984,48.734
2010-09-02,Mettur,354.27,42.554
2010-09-03,Mettur,368.111,36.374
2010-09-04,Mettur,367.164,33.902
2010-09-05,Mettur,395.9,35.315
2010-09-06,Mettur,371.31,40.965
2010-09-07,Mettur,371.739,41.671
2010-09-08,Mettur,470.378,48.734
2010-09-09,Mettur,483.986,46.262
2010-09-10,Mettur,484.6,40.612
2010-09-11,Mettur,504.691,49.768
2010-09-12,Mettur,494.1,58.924
2010-09-13,Mettur,499.273,68.079
2010-09-14,Mettur,500.199,77.235
2010-09-15,Mettur,504.876,86.391
2010-09-16,Mettur,464.643,83.993
2010-09-17,Mettur,485.115,81.595
2010-09-18,Mettur,452.869,79.198
2010-09-19,Mettur,430.1,76.8
2010-09-20,Mettur,374.426,74.402
2010-09-21,Mettur,384.295,72.005
2010-09-22,Mettur,388.814,69.607
2010-09-23,Mettur,468.359,67.209
2010-09-24,Mettur,478.156,64.812
2010-09-25,Mettur,404.505,62.414
2010-09-26,Mettur,391.7,60.016
2010-09-27,Mettur,393.407,57.619
2010-09-28,Mettur,415.102,55.221
2010-09-29,Mettur,400.919,52.823
2010-09-30,Mettur,419.689,50.426
2010-10-01,Mettur,423.436,48.028
2010-10-02,Mettur,417.1,42.201
2010-10-03,Mettur,447.9,36.374
2010-10-04,Mettur,476.55,33.902
2010-10-05,Mettur,256.001,35.668
2010-10-06,Mettur,218.162,41.318
2010-10-07,Mettur,201.781,41.671
2010-10-08,Mettur,138.388,49.087
2010-10-09,Mettur,433.693,45.203
2010-10-10,Mettur,434.5,40.259
2010-10-11,Mettur,379.783,49.547
2010-10-12,Mettur,391.892,58.835
2010-10-13,Mettur,385.267,68.122
2010-10-14,Mettur,444.85,77.41
2010-10-15,Mettur,484.6,86.698
2010-10-16,Mettur,465.813,84.402
2010-10-17,Mettur,487.0,82.107
2010-10-18,Mettur,459.934,79.811
2010-10-19,Mettur,525.752,77.516
2010-10-20,Mettur,529.448,75.22
2010-10-21,Mettur,492.022,72.925
2010-10-22,Mettur,532.163,70.629
2010-10-23,Mettur,531.341,68.334
2010-10-24,Mettur,540.4,66.038
2010-10-25,Mettur,549.988,63.743
2010-10-26,Mettur,460.558,61.448
2010-10-27,Mettur,528.587,59.152
2010-10-28,Mettur,642.536,56.857
2010-10-29,Mettur,470.798,54.561
2010-10-30,Mettur,247.948,52.266
2010-10-31,Mettur,221.3,49.97
2010-11-01,Mettur,204.887,47.675
2010-11-02,Mettur,197.67,38.493
2010-11-03,Mettur,301.789,36.021
2010-11-04,Mettur,231.238,33.902
2010-11-05,Mettur,249.0,35.668
2010-11-06,Mettur,340.033,41.671
2010-11-07,Mettur,249.0,41.671
2010-11-08,Mettur,167.263,49.087
2010-11-09,Mettur,162.198,44.143
2010-11-10,Mettur,135.656,39.906
2010-11-11,Mettur,334.987,49.17
2010-11-12,Mettur,240.57,58.433
2010-11-13,Mettur,208.142,67.697
2010-11-14,Mettur,275.2,76.96
2010-11-15,Mettur,220.866,86.224
2010-11-16,Mettur,228.985,83.77
2010-11-17,Mettur,271.8,81.317
2010-11-18,Mettur,268.891,78.863
2010-11-19,Mettur,261.892,76.41
2010-11-20,Mettur,210.322,73.956
2010-11-21,Mettur,321.2,71.503
2010-11-22,Mettur,388.609,69.049
2010-11-23,Mettur,397.196,66.596
2010-11-24,Mettur,403.015,64.143
2010-11-25,Mettur,270.798,61.689
2010-11-26,Mettur,182.715,59.236
2010-11-27,Mettur,184.594,56.782
2010-11-28,Mettur,195.4,54.329
2010-11-29,Mettur,159.069,51.875
2010-11-30,Mettur,149.399,49.422
2010-12-01,Mettur,143.29,46.969
2010-12-02,Mettur,187.704,38.493
2010-12-03,Mettur,166.771,36.021
2010-12-04,Mettur,234.03,33.902
2010-12-05,Mettur,457.4,35.668
2010-12-06,Mettur,442.265,42.024
2010-12-07,Mettur,343.404,42.024
2010-12-08,Mettur,341.482,49.441
2010-12-09,Mettur,293.391,43.084
2010-12-10,Mettur,338.119,39.552
2010-12-11,Mettur,263.431,48.522
2010-12-12,Mettur,286.9,57.492
2010-12-13,Mettur,229.594,66.462
2010-12-14,Mettur,324.522,75.432
2010-12-15,Mettur,183.601,84.402
2010-12-16,Mettur,183.665,93.372
2010-12-17,Mettur,326.2,93.319
2010-12-18,Mettur,235.728,93.266
2010-12-19,Mettur,240.3,93.213
2010-12-20,Mettur,264.411,93.16
2010-12-21,Mettur,218.187,93.107
2010-12-22,Mettur,253.289,93.054
2010-12-23,Mettur,239.334,93.001
2010-12-24,Mettur,192.582,92.948
2010-12-25,Mettur,194.6,92.895
2010-12-26,Mettur,209.4,92.842
2010-12-27,Mettur,165.585,92.789
2010-12-28,Mettur,162.535,92.736
2010-12-29,Mettur,301.855,92.683
2010-12-30,Mettur,238.556,92.63
2010-12-31,Mettur,250.452,92.577
2011-01-01,Mettur,246.464,92.524
2011-01-02,Mettur,253.3,84.402
2011-01-03,Mettur,238.556,76.28
2011-01-04,Mettur,224.393,75.573
2011-01-05,Mettur,230.751,80.871
2011-01-06,Mettur,178.104,86.521
2011-01-07,Mettur,176.003,80.164
2011-01-08,Mettur,179.449,73.808
2011-01-09,Mettur,237.1,67.451
2011-01-10,Mettur,296.712,61.095
2011-01-11,Mettur,323.91,54.738
2011-01-12,Mettur,351.017,61.707
2011-01-13,Mettur,374.304,68.675
2011-01-14,Mettur,367.861,75.644
2011-01-15,Mettur,375.5,76.562
2011-01-16,Mettur,367.7,77.48
2011-01-17,Mettur,369.114,78.399
2011-01-18,Mettur,355.648,79.317
2011-01-19,Mettur,354.367,80.235
2011-01-20,Mettur,363.49,81.153
2011-01-21,Mettur,358.561,82.071
2011-01-22,Mettur,301.023,82.989
2011-01-23,Mettur,329.9,83.908
2011-01-24,Mettur,289.261,84.826
2011-01-25,Mettur,218.543,85.744
2011-01-26,Mettur,221.5,86.662
2011-01-27,Mettur,214.636,87.58
2011-01-28,Mettur,226.442,88.499
2011-01-29,Mettur,237.298,89.417
2011-01-30,Mettur,78.54,90.335
2011-01-31,Mettur,29.483,91.253
2011-02-01,Mettur,29.71,92.171
2011-02-02,Mettur,26.39,84.226
2011-02-03,Mettur,53.669,76.28
2011-02-04,Mettur,98.296,75.573
2011-02-05,Mettur,91.837,81.224
2011-02-06,Mettur,82.42,86.521
2011-02-07,Mettur,121.853,80.376
2011-02-08,Mettur,105.782,74.231
2011-02-09,Mettur,121.221,68.087
2011-02-10,Mettur,104.541,61.942
2011-02-11,Mettur,97.737,55.797
2011-02-12,Mettur,112.441,62.922
2011-02-13,Mettur,121.2,70.048
2011-02-14,Mettur,131.131,77.173
2011-02-15,Mettur,129.124,78.149
2011-02-16,Mettur,144.3,79.126
2011-02-17,Mettur,138.39,80.102
2011-02-18,Mettur,138.102,81.078
2011-02-19,Mettur,141.578,82.055
2011-02-20,Mettur,143.0,83.031
2011-02-21,Mettur,120.464,84.007
2011-02-22,Mettur,139.079,84.984
2011-02-23,Mettur,114.645,85.96
2011-02-24,Mettur,142.11,86.936
2011-02-25,Mettur,106.691,87.913
2011-02-26,Mettur,138.58,88.889
2011-02-27,Mettur,138.0,89.865
2011-02-28,Mettur,137.068,90.842
2011-03-01,Mettur,135.372,91.818
2011-03-02,Mettur,136.399,84.049
2011-03-03,Mettur,136.21,76.28
2011-03-04,Mettur,134.936,75.573
2011-03-05,Mettur,134.306,81.224
2011-03-06,Mettur,135.6,86.874
2011-03-07,Mettur,134.664,80.871
2011-03-08,Mettur,130.82,74.867
2011-03-09,Mettur,140.21,68.864
2011-03-10,Mettur,141.393,62.86
2011-03-11,Mettur,138.622,56.857
2011-03-12,Mettur,137.569,63.743
2011-03-13,Mettur,133.1,70.63
2011-03-14,Mettur,137.644,77.516
2011-03-15,Mettur,136.103,78.31
2011-03-16,Mettur,137.803,79.105
2011-03-17,Mettur,139.381,79.899
2011-03-18,Mettur,137.351,80.694
2011-03-19,Mettur,135.162,81.489
2011-03-20,Mettur,133.1,82.283
2011-03-21,Mettur,135.534,83.078
2011-03-22,Mettur,109.46,83.872
2011-03-23,Mettur,108.031,84.667
2011-03-24,Mettur,108.487,85.461
2011-03-25,Mettur,110.491,86.256
2011-03-26,Mettur,102.937,87.051
2011-03-27,Mettur,109.7,87.845
2011-03-28,Mettur,134.837,88.64
2011-03-29,Mettur,133.767,89.434
2011-03-30,Mettur,112.124,90.229
2011-03-31,Mettur,106.994,91.024
2011-04-01,Mettur,108.93,91.818
2011-04-02,Mettur,108.064,84.049
2011-04-03,Mettur,105.3,76.28
2011-04-04,Mettur,104.402,75.573
2011-04-05,Mettur,104.443,81.577
2011-04-06,Mettur,82.997,86.874
2011-04-07,Mettur,84.158,80.544
2011-04-08,Mettur,88.641,74.215
2011-04-09,Mettur,102.712,67.885
2011-04-10,Mettur,96.68,61.555
2011-04-11,Mettur,102.145,55.226
2011-04-12,Mettur,101.322,62.776
2011-04-13,Mettur,96.68,70.327
2011-04-14,Mettur,88.41,77.878
2011-04-15,Mettur,84.521,78.677
2011-04-16,Mettur,80.47,79.477
2011-04-17,Mettur,82.42,80.276
2011-04-18,Mettur,109.32,81.075
2011-04-19,Mettur,117.307,81.874
2011-04-20,Mettur,116.582,82.673
2011-04-21,Mettur,132.43,83.473
2011-04-22,Mettur,114.2,84.272
2011-04-23,Mettur,159.534,85.071
2011-04-24,Mettur,206.4,85.87
2011-04-25,Mettur,158.874,86.67
2011-04-26,Mettur,134.814,87.469
2011-04-27,Mettur,101.291,88.268
2011-04-28,Mettur,109.221,89.067
2011-04-29,Mettur,38.328,89.867
2011-04-30,Mettur,35.126,90.666
2011-05-01,Mettur,49.01,91.465
2011-05-02,Mettur,84.741,83.872
2011-05-03,Mettur,73.916,76.28
2011-05-04,Mettur,105.359,75.573
2011-05-05,Mettur,104.366,81.577
2011-05-06,Mettur,101.489,87.227
2011-05-07,Mettur,89.075,80.853
2011-05-08,Mettur,76.63,74.479
2011-05-09,Mettur,98.076,68.104
2011-05-10,Mettur,38.433,61.73
2011-05-11,Mettur,39.737,55.356
2011-05-12,Mettur,37.218,63.037
2011-05-13,Mettur,37.513,70.718
2011-05-14,Mettur,87.419,78.399
2011-05-15,Mettur,84.39,79.105
2011-05-16,Mettur,98.056,79.811
2011-05-17,Mettur,80.47,80.517
2011-05-18,Mettur,88.093,81.224
2011-05-19,Mettur,108.474,81.93
2011-05-20,Mettur,101.631,82.636
2011-05-21,Mettur,110.382,83.343
2011-05-22,Mettur,103.1,84.049
2011-05-23,Mettur,107.95,84.755
2011-05-24,Mettur,106.715,85.461
2011-05-25,Mettur,112.92,86.168
2011-05-26,Mettur,158.801,86.874
2011-05-27,Mettur,157.156,87.58
2011-05-28,Mettur,133.803,88.287
2011-05-29,Mettur,107.5,88.993
2011-05-30,Mettur,102.068,89.699
2011-05-31,Mettur,106.959,90.406
2011-06-01,Mettur,102.613,91.112
2011-06-02,Mettur,106.72,83.696
2011-06-03,Mettur,132.261,76.28
2011-06-04,Mettur,141.153,75.573
2011-06-05,Mettur,101.8,81.93
2011-06-06,Mettur,105.215,87.227
2011-06-07,Mettur,398.424,86.172
2011-06-08,Mettur,386.368,85.118
2011-06-09,Mettur,391.214,84.063
2011-06-10,Mettur,384.631,83.008
2011-06-11,Mettur,402.569,81.953
2011-06-12,Mettur,150.1,80.898
2011-06-13,Mettur,417.963,79.844
2011-06-14,Mettur,490.819,78.789
2011-06-15,Mettur,479.308,79.514
2011-06-16,Mettur,397.839,80.239
2011-06-17,Mettur,378.147,80.964
2011-06-18,Mettur,383.329,81.688
2011-06-19,Mettur,399.5,82.413
2011-06-20,Mettur,380.432,83.138
2011-06-21,Mettur,466.073,83.863
2011-06-22,Mettur,476.696,84.588
2011-06-23,Mettur,470.847,85.313
2011-06-24,Mettur,479.019,86.038
2011-06-25,Mettur,487.705,86.763
2011-06-26,Mettur,483.9,87.487
2011-06-27,Mettur,482.407,88.212
2011-06-28,Mettur,476.932,88.937
2011-06-29,Mettur,539.582,89.662
2011-06-30,Mettur,585.573,90.387
2011-07-01,Mettur,569.906,91.112
2011-07-02,Mettur,602.314,83.696
2011-07-03,Mettur,613.1,76.28
2011-07-04,Mettur,653.013,75.573
2011-07-05,Mettur,703.006,82.283
2011-07-06,Mettur,697.716,86.874
2011-07-07,Mettur,720.479,85.608
2011-07-08,Mettur,627.96,84.341
2011-07-09,Mettur,575.041,83.075
2011-07-10,Mettur,576.7,81.809
2011-07-11,Mettur,573.063,80.543
2011-07-12,Mettur,483.111,79.276
2011-07-13,Mettur,433.119,78.01
2011-07-14,Mettur,447.237,78.681
2011-07-15,Mettur,476.173,79.352
2011-07-16,Mettur,434.221,80.023
2011-07-17,Mettur,447.3,80.694
2011-07-18,Mettur,437.263,81.365
2011-07-19,Mettur,470.634,82.036
2011-07-20,Mettur,455.412,82.707
2011-07-21,Mettur,463.06,83.378
2011-07-22,Mettur,507.661,84.049
2011-07-23,Mettur,518.082,84.72
2011-07-24,Mettur,502.7,85.391
2011-07-25,Mettur,508.559,86.062
2011-07-26,Mettur,520.559,86.733
2011-07-27,Mettur,539.357,87.404
2011-07-28,Mettur,550.458,88.075
2011-07-29,Mettur,486.736,88.746
2011-07-30,Mettur,520.797,89.417
2011-07-31,Mettur,502.7,90.088
2011-08-01,Mettur,519.185,90.759
2011-08-02,Mettur,469.656,83.52
2011-08-03,Mettur,459.777,76.28
2011-08-04,Mettur,460.829,75.573
2011-08-05,Mettur,444.574,82.283
2011-08-06,Mettur,438.795,85.815
2011-08-07,Mettur,451.8,84.344
2011-08-08,Mettur,467.376,82.872
2011-08-09,Mettur,474.908,81.4
2011-08-10,Mettur,496.826,79.929
2011-08-11,Mettur,490.706,78.458
2011-08-12,Mettur,517.644,76.986
2011-08-13,Mettur,519.23,77.657
2011-08-14,Mettur,507.5,78.328
2011-08-15,Mettur,541.5,78.999
2011-08-16,Mettur,524.287,79.67
2011-08-17,Mettur,517.194,80.341
2011-08-18,Mettur,651.521,81.012
2011-08-19,Mettur,390.896,81.683
2011-08-20,Mettur,397.336,82.354
2011-08-21,Mettur,412.2,83.025
2011-08-22,Mettur,395.3,83.696
2011-08-23,Mettur,376.856,84.367
2011-08-24,Mettur,377.828,85.038
2011-08-25,Mettur,385.376,85.709
2011-08-26,Mettur,375.214,86.38
2011-08-27,Mettur,360.763,87.051
2011-08-28,Mettur,378.7,87.722
2011-08-29,Mettur,346.274,88.393
2011-08-30,Mettur,458.858,89.064
2011-08-31,Mettur,382.8,89.735
2011-09-01,Mettur,382.8,90.406
2011-09-02,Mettur,417.29,83.343
2011-09-03,Mettur,465.639,76.28
2011-09-04,Mettur,438.4,75.573
2011-09-05,Mettur,474.429,82.283
2011-09-06,Mettur,461.788,85.108
2011-09-07,Mettur,573.953,83.637
2011-09-08,Mettur,661.267,82.165
2011-09-09,Mettur,650.718,80.694
2011-09-10,Mettur,666.695,79.223
2011-09-11,Mettur,723.4,77.751
2011-09-12,Mettur,661.237,76.28
2011-09-13,Mettur,665.73,76.986
2011-09-14,Mettur,715.985,77.692
2011-09-15,Mettur,779.99,78.399
2011-09-16,Mettur,725.623,79.105
2011-09-17,Mettur,625.527,79.811
2011-09-18,Mettur,592.2,80.517
2011-09-19,Mettur,581.069,81.224
2011-09-20,Mettur,682.324,81.93
2011-09-21,Mettur,660.997,82.636
2011-09-22,Mettur,646.881,83.343
2011-09-23,Mettur,597.108,84.049
2011-09-24,Mettur,603.235,84.755
2011-09-25,Mettur,613.1,85.461
2011-09-26,Mettur,602.892,86.168
2011-09-27,Mettur,629.303,86.874
2011-09-28,Mettur,581.521,87.58
2011-09-29,Mettur,657.184,88.287
2011-09-30,Mettur,593.084,88.993
2011-10-01,Mettur,707.454,89.699
2011-10-02,Mettur,561.5,82.989
2011-10-03,Mettur,446.128,76.28
2011-10-04,Mettur,549.929,75.573
2011-10-05,Mettur,511.34,82.283
2011-10-06,Mettur,479.2,84.049
2011-10-07,Mettur,509.193,82.636
2011-10-08,Mettur,557.147,81.224
2011-10-09,Mettur,592.2,79.811
2011-10-10,Mettur,533.42,78.398
2011-10-11,Mettur,580.328,76.986
2011-10-12,Mettur,602.678,75.573
2011-10-13,Mettur,638.554,76.262
2011-10-14,Mettur,555.545,76.951
2011-10-15,Mettur,501.184,77.639
2011-10-16,Mettur,689.3,78.328
2011-10-17,Mettur,623.64,79.017
2011-10-18,Mettur,597.127,79.705
2011-10-19,Mettur,643.534,80.394
2011-10-20,Mettur,565.385,81.082
2011-10-21,Mettur,383.612,81.771
2011-10-22,Mettur,355.632,82.46
2011-10-23,Mettur,438.4,83.148
2011-10-24,Mettur,411.558,83.837
2011-10-25,Mettur,228.745,84.526
2011-10-26,Mettur,290.4,85.214
2011-10-27,Mettur,182.692,85.903
2011-10-28,Mettur,150.157,86.592
2011-10-29,Mettur,91.089,87.28
2011-10-30,Mettur,223.5,87.969
2011-10-31,Mettur,212.014,88.657
2011-11-01,Mettur,103.596,89.346
2011-11-02,Mettur,180.731,82.813
2011-11-03,Mettur,224.735,76.28
2011-11-04,Mettur,268.244,75.573
2011-11-05,Mettur,303.715,82.636
2011-11-06,Mettur,202.3,83.343
2011-11-07,Mettur,202.3,77.163
2011-11-08,Mettur,523.662,70.983
2011-11-09,Mettur,228.745,64.803
2011-11-10,Mettur,121.3,58.622
2011-11-11,Mettur,116.846,66.568
2011-11-12,Mettur,394.027,74.514
2011-11-13,Mettur,408.0,75.239
2011-11-14,Mettur,524.036,75.964
2011-11-15,Mettur,554.893,76.689
2011-11-16,Mettur,516.76,77.413
2011-11-17,Mettur,362.943,78.138
2011-11-18,Mettur,91.893,78.863
2011-11-19,Mettur,100.096,79.588
2011-11-20,Mettur,157.8,80.313
2011-11-21,Mettur,184.012,81.038
2011-11-22,Mettur,376.266,81.763
2011-11-23,Mettur,364.834,82.488
2011-11-24,Mettur,394.541,83.213
2011-11-25,Mettur,281.296,83.937
2011-11-26,Mettur,267.038,84.662
2011-11-27,Mettur,269.4,85.387
2011-11-28,Mettur,226.594,86.112
2011-11-29,Mettur,234.551,86.837
2011-11-30,Mettur,381.596,87.562
2011-12-01,Mettur,264.337,88.287
2011-12-02,Mettur,207.175,82.284
2011-12-03,Mettur,248.453,76.28
2011-12-04,Mettur,161.0,75.573
2011-12-05,Mettur,147.485,82.636
2011-12-06,Mettur,124.5,82.989
2011-12-07,Mettur,317.007,76.765
2011-12-08,Mettur,362.423,70.541
2011-12-09,Mettur,356.866,64.317
2011-12-10,Mettur,476.502,58.093
2011-12-11,Mettur,483.6,65.774
2011-12-12,Mettur,569.589,73.455
2011-12-13,Mettur,545.596,73.013
2011-12-14,Mettur,390.597,72.572
2011-12-15,Mettur,390.465,72.13
2011-12-16,Mettur,347.037,71.689
2011-12-17,Mettur,213.392,71.247
2011-12-18,Mettur,228.2,70.806
2011-12-19,Mettur,179.053,70.364
2011-12-20,Mettur,191.061,69.923
2011-12-21,Mettur,232.272,69.482
2011-12-22,Mettur,232.921,69.04
2011-12-23,Mettur,232.272,68.599
2011-12-24,Mettur,388.521,68.157
2011-12-25,Mettur,384.3,67.716
2011-12-26,Mettur,337.639,67.274
2011-12-27,Mettur,373.465,66.833
2011-12-28,Mettur,412.118,66.392
2011-12-29,Mettur,413.274,65.95
2011-12-30,Mettur,224.448,65.509
2011-12-31,Mettur,188.18,65.067
2012-01-01,Mettur,287.1,64.626
2012-01-02,Mettur,188.17,56.621
2012-01-03,Mettur,180.993,48.617
2012-01-04,Mettur,177.448,40.612
2012-01-05,Mettur,254.521,40.259
2012-01-06,Mettur,348.485,41.318
2012-01-07,Mettur,254.521,39.906
2012-01-08,Mettur,287.1,36.727
2012-01-09,Mettur,274.856,38.846
2012-01-10,Mettur,40.302,35.668
2012-01-11,Mettur,367.594,29.664
2012-01-12,Mettur,390.664,24.667
2012-01-13,Mettur,389.959,19.67
2012-01-14,Mettur,368.764,22.036
2012-01-15,Mettur,371.2,24.402
2012-01-16,Mettur,344.575,26.769
2012-01-17,Mettur,372.749,29.135
2012-01-18,Mettur,349.235,31.501
2012-01-19,Mettur,379.617,33.867
2012-01-20,Mettur,409.545,36.233
2012-01-21,Mettur,379.284,38.599
2012-01-22,Mettur,393.2,40.965
2012-01-23,Mettur,341.773,43.331
2012-01-24,Mettur,339.567,45.697
2012-01-25,Mettur,309.907,48.063
2012-01-26,Mettur,305.9,50.429
2012-01-27,Mettur,314.138,52.795
2012-01-28,Mettur,258.606,55.162
2012-01-29,Mettur,215.5,57.528
2012-01-30,Mettur,224.046,59.894
2012-01-31,Mettur,220.254,62.26
2012-02-01,Mettur,212.757,64.626
2012-02-02,Mettur,216.497,56.621
2012-02-03,Mettur,212.757,48.617
2012-02-04,Mettur,205.364,40.612
2012-02-05,Mettur,228.2,40.259
2012-02-06,Mettur,194.476,41.318
2012-02-07,Mettur,123.504,39.552
2012-02-08,Mettur,96.515,36.374
2012-02-09,Mettur,83.92,38.846
2012-02-10,Mettur,90.97,35.315
2012-02-11,Mettur,92.825,30.371
2012-02-12,Mettur,99.22,25.319
2012-02-13,Mettur,122.966,20.267
2012-02-14,Mettur,118.235,22.876
2012-02-15,Mettur,132.346,25.485
2012-02-16,Mettur,131.525,28.095
2012-02-17,Mettur,135.6,30.704
2012-02-18,Mettur,146.817,33.314
2012-02-19,Mettur,124.5,35.923
2012-02-20,Mettur,121.863,38.532
2012-02-21,Mettur,127.682,41.142
2012-02-22,Mettur,134.635,43.751
2012-02-23,Mettur,97.668,46.36
2012-02-24,Mettur,126.685,48.97
2012-02-25,Mettur,114.643,51.579
2012-02-26,Mettur,97.27,54.188
2012-02-27,Mettur,121.068,56.798
2012-02-28,Mettur,119.9,59.407
2012-02-29,Mettur,108.529,62.016
2012-03-01,Mettur,98.608,64.626
2012-03-02,Mettur,110.24,56.621
2012-03-03,Mettur,109.888,48.617
2012-03-04,Mettur,129.0,40.612
2012-03-05,Mettur,117.022,40.612
2012-03-06,Mettur,124.93,41.318
2012-03-07,Mettur,116.226,39.552
2012-03-08,Mettur,116.984,36.374
2012-03-09,Mettur,122.277,38.846
2012-03-10,Mettur,127.319,34.608
2012-03-11,Mettur,109.3,31.783
2012-03-12,Mettur,111.154,26.062
2012-03-13,Mettur,126.67,20.341
2012-03-14,Mettur,115.994,22.672
2012-03-15,Mettur,124.253,25.003
2012-03-16,Mettur,119.389,27.334
2012-03-17,Mettur,122.089,29.664
2012-03-18,Mettur,113.5,31.995
2012-03-19,Mettur,88.606,34.326
2012-03-20,Mettur,114.152,36.657
2012-03-21,Mettur,105.96,38.987
2012-03-22,Mettur,98.913,41.318
2012-03-23,Mettur,104.637,43.649
2012-03-24,Mettur,104.342,45.98
2012-03-25,Mettur,97.27,48.31
2012-03-26,Mettur,98.826,50.641
2012-03-27,Mettur,50.792,52.972
2012-03-28,Mettur,99.308,55.303
2012-03-29,Mettur,99.608,57.634
2012-03-30,Mettur,97.329,59.964
2012-03-31,Mettur,98.883,62.295
2012-04-01,Mettur,107.3,64.626
2012-04-02,Mettur,98.572,56.621
2012-04-03,Mettur,52.007,48.617
2012-04-04,Mettur,52.787,40.612
2012-04-05,Mettur,60.01,40.612
2012-04-06,Mettur,61.48,41.318
2012-04-07,Mettur,84.656,39.552
2012-04-08,Mettur,87.85,36.374
2012-04-09,Mettur,87.824,38.846
2012-04-10,Mettur,82.839,34.608
2012-04-11,Mettur,82.81,32.489
2012-04-12,Mettur,82.552,26.467
2012-04-13,Mettur,80.73,20.445
2012-04-14,Mettur,79.01,22.88
2012-04-15,Mettur,80.73,25.315
2012-04-16,Mettur,89.698,27.75
2012-04-17,Mettur,78.417,30.185
2012-04-18,Mettur,75.03,32.62
2012-04-19,Mettur,75.618,35.054
2012-04-20,Mettur,85.884,37.489
2012-04-21,Mettur,75.855,39.924
2012-04-22,Mettur,72.33,42.359
2012-04-23,Mettur,75.662,44.794
2012-04-24,Mettur,77.979,47.229
2012-04-25,Mettur,75.805,49.664
2012-04-26,Mettur,72.444,52.098
2012-04-27,Mettur,77.979,54.533
2012-04-28,Mettur,89.079,56.968
2012-04-29,Mettur,80.73,59.403
2012-04-30,Mettur,92.846,61.838
2012-05-01,Mettur,87.191,64.273
2012-05-02,Mettur,97.455,56.268
2012-05-03,Mettur,75.623,48.264
2012-05-04,Mettur,53.008,40.259
2012-05-05,Mettur,75.252,40.612
2012-05-06,Mettur,53.0,41.318
2012-05-07,Mettur,88.373,39.552
2012-05-08,Mettur,54.706,36.374
2012-05-09,Mettur,44.034,39.199
2012-05-10,Mettur,74.844,34.608
2012-05-11,Mettur,52.777,32.843
2012-05-12,Mettur,74.276,26.742
2012-05-13,Mettur,79.01,20.641
2012-05-14,Mettur,84.224,22.919
2012-05-15,Mettur,52.955,25.197
2012-05-16,Mettur,63.693,27.475
2012-05-17,Mettur,63.585,29.753
2012-05-18,Mettur,75.26,32.03
2012-05-19,Mettur,53.027,34.308
2012-05-20,Mettur,89.69,36.586
2012-05-21,Mettur,74.38,38.864
2012-05-22,Mettur,62.3,41.142
2012-05-23,Mettur,89.973,43.419
2012-05-24,Mettur,88.413,45.697
2012-05-25,Mettur,82.813,47.975
2012-05-26,Mettur,76.716,50.253
2012-05-27,Mettur,72.33,52.531
2012-05-28,Mettur,90.134,54.808
2012-05-29,Mettur,75.718,57.086
2012-05-30,Mettur,53.808,59.364
2012-05-31,Mettur,53.323,61.642
2012-06-01,Mettur,65.568,63.92
2012-06-02,Mettur,77.453,56.033
2012-06-03,Mettur,72.8,48.146
2012-06-04,Mettur,87.034,40.259
2012-06-05,Mettur,84.283,40.612
2012-06-06,Mettur,74.927,41.318
2012-06-07,Mettur,77.434,39.199
2012-06-08,Mettur,89.135,36.021
2012-06-09,Mettur,95.618,39.552
2012-06-10,Mettur,78.32,33.549
2012-06-11,Mettur,87.27,32.843
2012-06-12,Mettur,83.145,26.793
2012-06-13,Mettur,84.163,20.743
2012-06-14,Mettur,87.252,23.122
2012-06-15,Mettur,91.269,25.501
2012-06-16,Mettur,91.059,27.88
2012-06-17,Mettur,82.11,30.259
2012-06-18,Mettur,63.512,32.638
2012-06-19,Mettur,53.075,35.017
2012-06-20,Mettur,66.8,37.396
2012-06-21,Mettur,53.473,39.775
2012-06-22,Mettur,56.709,42.155
2012-06-23,Mettur,56.042,44.534
2012-06-24,Mettur,49.75,46.913
2012-06-25,Mettur,57.074,49.292
2012-06-26,Mettur,32.261,51.671
2012-06-27,Mettur,32.456,54.05
2012-06-28,Mettur,32.899,56.429
2012-06-29,Mettur,33.126,58.808
2012-06-30,Mettur,53.527,61.187
2012-07-01,Mettur,52.77,63.566
2012-07-02,Mettur,53.824,55.797
2012-07-03,Mettur,54.037,48.028
2012-07-04,Mettur,50.322,40.259
2012-07-05,Mettur,54.453,40.612
2012-07-06,Mettur,50.619,41.318
2012-07-07,Mettur,54.963,39.199
2012-07-08,Mettur,57.47,36.021
2012-07-09,Mettur,49.127,39.552
2012-07-10,Mettur,55.052,33.196
2012-07-11,Mettur,50.87,32.843
2012-07-12,Mettur,55.992,26.38
2012-07-13,Mettur,49.783,19.917
2012-07-14,Mettur,55.31,22.178
2012-07-15,Mettur,67.49,24.438
2012-07-16,Mettur,56.143,26.698
2012-07-17,Mettur,76.055,28.958
2012-07-18,Mettur,96.731,31.218
2012-07-19,Mettur,94.966,33.478
2012-07-20,Mettur,56.22,35.738
2012-07-21,Mettur,55.992,37.999
2012-07-22,Mettur,51.25,40.259
2012-07-23,Mettur,56.0,42.519
2012-07-24,Mettur,50.383,44.779
2012-07-25,Mettur,50.449,47.039
2012-07-26,Mettur,53.283,49.299
2012-07-27,Mettur,52.796,51.559
2012-07-28,Mettur,55.31,53.82
2012-07-29,Mettur,54.31,56.08
2012-07-30,Mettur,55.052,58.34
2012-07-31,Mettur,54.453,60.6
2012-08-01,Mettur,58.314,62.86
2012-08-02,Mettur,52.907,55.209
2012-08-03,Mettur,55.255,47.557
2012-08-04,Mettur,56.526,39.906
2012-08-05,Mettur,59.08,40.612
2012-08-06,Mettur,55.981,41.318
2012-08-07,Mettur,56.778,39.199
2012-08-08,Mettur,58.521,36.021
2012-08-09,Mettur,58.928,40.612
2012-08-10,Mettur,56.189,34.255
2012-08-11,Mettur,59.649,32.843
2012-08-12,Mettur,74.62,26.036
2012-08-13,Mettur,110.415,19.229
2012-08-14,Mettur,111.495,21.507
2012-08-15,Mettur,106.8,23.784
2012-08-16,Mettur,108.216,26.062
2012-08-17,Mettur,196.813,28.34
2012-08-18,Mettur,108.414,30.618
2012-08-19,Mettur,94.04,32.896
2012-08-20,Mettur,104.6,35.173
2012-08-21,Mettur,107.921,37.451
2012-08-22,Mettur,110.806,39.729
2012-08-23,Mettur,97.698,42.007
2012-08-24,Mettur,112.116,44.285
2012-08-25,Mettur,113.245,46.562
2012-08-26,Mettur,94.04,48.84
2012-08-27,Mettur,107.968,51.118
2012-08-28,Mettur,95.706,53.396
2012-08-29,Mettur,100.998,55.674
2012-08-30,Mettur,109.074,57.951
2012-08-31,Mettur,95.887,60.229
2012-09-01,Mettur,95.087,62.507
2012-09-02,Mettur,94.04,54.973
2012-09-03,Mettur,97.839,47.44
2012-09-04,Mettur,91.262,39.906
2012-09-05,Mettur,92.032,40.612
2012-09-06,Mettur,98.199,41.318
2012-09-07,Mettur,91.45,38.846
2012-09-08,Mettur,95.887,36.021
2012-09-09,Mettur,92.0,41.318
2012-09-10,Mettur,124.256,34.255
2012-09-11,Mettur,111.362,32.843
2012-09-12,Mettur,111.812,25.92
2012-09-13,Mettur,108.462,18.996
2012-09-14,Mettur,107.327,21.393
2012-09-15,Mettur,112.237,23.791
2012-09-16,Mettur,118.1,26.189
2012-09-17,Mettur,118.224,28.586
2012-09-18,Mettur,194.138,30.984
2012-09-19,Mettur,526.9,33.382
2012-09-20,Mettur,498.752,35.779
2012-09-21,Mettur,513.402,38.177
2012-09-22,Mettur,425.089,40.575
2012-09-23,Mettur,526.9,42.972
2012-09-24,Mettur,431.757,45.37
2012-09-25,Mettur,527.691,47.768
2012-09-26,Mettur,523.388,50.165
2012-09-27,Mettur,492.708,52.563
2012-09-28,Mettur,502.313,54.961
2012-09-29,Mettur,459.227,57.358
2012-09-30,Mettur,432.9,59.756
2012-10-01,Mettur,438.95,62.154
2012-10-02,Mettur,428.4,54.738
2012-10-03,Mettur,418.572,47.322
2012-10-04,Mettur,442.19,39.906
2012-10-05,Mettur,453.345,40.612
2012-10-06,Mettur,513.807,41.318
2012-10-07,Mettur,441.8,38.846
2012-10-08,Mettur,470.519,36.021
2012-10-09,Mettur,575.556,41.671
2012-10-10,Mettur,646.456,33.549
2012-10-11,Mettur,585.569,30.724
2012-10-12,Mettur,536.254,24.782
2012-10-13,Mettur,587.851,18.84
2012-10-14,Mettur,567.2,21.083
2012-10-15,Mettur,726.495,23.325
2012-10-16,Mettur,597.304,25.568
2012-10-17,Mettur,542.713,27.81
2012-10-18,Mettur,440.898,30.053
2012-10-19,Mettur,258.606,32.295
2012-10-20,Mettur,119.447,34.538
2012-10-21,Mettur,87.98,36.78
2012-10-22,Mettur,96.541,39.023
2012-10-23,Mettur,80.21,41.265
2012-10-24,Mettur,100.3,43.508
2012-10-25,Mettur,66.095,45.75
2012-10-26,Mettur,57.582,47.993
2012-10-27,Mettur,48.27,50.235
2012-10-28,Mettur,46.82,52.478
2012-10-29,Mettur,60.129,54.72
2012-10-30,Mettur,66.074,56.963
2012-10-31,Mettur,61.559,59.205
2012-11-01,Mettur,54.106,61.448
2012-11-02,Mettur,32.456,54.267
2012-11-03,Mettur,57.868,47.087
2012-11-04,Mettur,96.11,39.906
2012-11-05,Mettur,92.327,40.612
2012-11-06,Mettur,119.821,41.318
2012-11-07,Mettur,132.382,38.846
2012-11-08,Mettur,290.136,35.668
2012-11-09,Mettur,219.91,42.378
2012-11-10,Mettur,219.91,33.549
2012-11-11,Mettur,290.8,30.724
2012-11-12,Mettur,219.91,25.008
2012-11-13,Mettur,410.8,19.293
2012-11-14,Mettur,387.785,21.635
2012-11-15,Mettur,387.785,23.977
2012-11-16,Mettur,387.785,26.319
2012-11-17,Mettur,383.961,28.661
2012-11-18,Mettur,402.2,31.003
2012-11-19,Mettur,401.938,33.344
2012-11-20,Mettur,411.2,35.686
2012-11-21,Mettur,387.785,38.028
2012-11-22,Mettur,392.485,40.37
2012-11-23,Mettur,397.206,42.712
2012-11-24,Mettur,392.484,45.054
2012-11-25,Mettur,406.5,47.396
2012-11-26,Mettur,296.814,49.738
2012-11-27,Mettur,262.153,52.08
2012-11-28,Mettur,82.11,54.422
2012-11-29,Mettur,64.33,56.764
2012-11-30,Mettur,29.012,59.106
2012-12-01,Mettur,30.269,61.448
2012-12-02,Mettur,53.36,54.267
2012-12-03,Mettur,30.252,47.087
2012-12-04,Mettur,52.907,39.906
2012-12-05,Mettur,54.18,40.612
2012-12-06,Mettur,253.389,41.318
2012-12-07,Mettur,307.551,38.493
2012-12-08,Mettur,354.717,36.374
2012-12-09,Mettur,347.1,42.731
2012-12-10,Mettur,307.551,36.728
2012-12-11,Mettur,319.854,30.724
2012-12-12,Mettur,352.146,23.476
2012-12-13,Mettur,418.937,16.227
2012-12-14,Mettur,402.991,15.856
2012-12-15,Mettur,401.691,15.485
2012-12-16,Mettur,402.1,15.115
2012-12-17,Mettur,393.126,14.744
2012-12-18,Mettur,412.089,14.373
2012-12-19,Mettur,404.617,14.002
2012-12-20,Mettur,343.864,13.631
2012-12-21,Mettur,344.287,13.261
2012-12-22,Mettur,305.361,12.89
2012-12-23,Mettur,118.8,12.519
2012-12-24,Mettur,49.127,12.148
2012-12-25,Mettur,35.78,11.777
2012-12-26,Mettur,30.601,11.407
2012-12-27,Mettur,31.273,11.036
2012-12-28,Mettur,29.267,10.665
2012-12-29,Mettur,52.348,10.294
2012-12-30,Mettur,28.94,9.923
2012-12-31,Mettur,34.407,9.553
2013-01-01,Mettur,33.41,9.182
2013-01-02,Mettur,33.306,9.535
2013-01-03,Mettur,30.598,8.122
2013-01-04,Mettur,20.828,6.357
2013-01-05,Mettur,17.099,5.297
2013-01-06,Mettur,22.81,3.531
2013-01-07,Mettur,56.843,9.514
2013-01-08,Mettur,55.177,15.498
2013-01-09,Mettur,56.942,21.481
2013-01-10,Mettur,63.326,27.465
2013-01-11,Mettur,62.737,33.448
2013-01-12,Mettur,67.264,39.432
2013-01-13,Mettur,28.94,45.415
2013-01-14,Mettur,22.81,43.508
2013-01-15,Mettur,12.962,41.601
2013-01-16,Mettur,13.195,39.694
2013-01-17,Mettur,13.044,37.787
2013-01-18,Mettur,12.814,35.88
2013-01-19,Mettur,35.261,33.973
2013-01-20,Mettur,44.94,32.066
2013-01-21,Mettur,35.675,30.159
2013-01-22,Mettur,32.586,28.252
2013-01-23,Mettur,32.949,26.345
2013-01-24,Mettur,35.884,24.438
2013-01-25,Mettur,22.81,22.531
2013-01-26,Mettur,20.56,20.624
2013-01-27,Mettur,17.4,18.717
2013-01-28,Mettur,17.334,16.81
2013-01-29,Mettur,17.48,14.903
2013-01-30,Mettur,17.391,12.996
2013-01-31,Mettur,16.278,11.089
2013-02-01,Mettur,16.076,9.182
2013-02-02,Mettur,13.643,9.535
2013-02-03,Mettur,11.04,7.769
2013-02-04,Mettur,16.328,6.357
2013-02-05,Mettur,16.659,4.944
2013-02-06,Mettur,262.453,3.531
2013-02-07,Mettur,208.456,9.422
2013-02-08,Mettur,87.948,15.313
2013-02-09,Mettur,49.127,21.204
2013-02-10,Mettur,20.56,27.094
2013-02-11,Mettur,17.673,32.985
2013-02-12,Mettur,17.55,38.876
2013-02-13,Mettur,13.665,44.767
2013-02-14,Mettur,13.643,42.565
2013-02-15,Mettur,13.905,40.363
2013-02-16,Mettur,13.652,38.161
2013-02-17,Mettur,12.71,35.959
2013-02-18,Mettur,12.766,33.757
2013-02-19,Mettur,12.622,31.555
2013-02-20,Mettur,13.663,29.353
2013-02-21,Mettur,14.374,27.151
2013-02-22,Mettur,14.789,24.949
2013-02-23,Mettur,10.155,22.747
2013-02-24,Mettur,8.75,20.545
2013-02-25,Mettur,54.438,18.343
2013-02-26,Mettur,100.126,16.141
2013-02-27,Mettur,145.814,13.939
2013-02-28,Mettur,191.502,11.737
2013-03-01,Mettur,208.456,9.535
2013-03-02,Mettur,191.502,9.535
2013-03-03,Mettur,192.6,7.416
2013-03-04,Mettur,29.84,6.357
2013-03-05,Mettur,8.321,4.944
2013-03-06,Mettur,7.47,3.885
2013-03-07,Mettur,7.784,9.772
2013-03-08,Mettur,7.597,15.66
2013-03-09,Mettur,7.842,21.547
2013-03-10,Mettur,9.484,27.435
2013-03-11,Mettur,7.71,33.322
2013-03-12,Mettur,7.084,39.21
2013-03-13,Mettur,6.964,45.097
2013-03-14,Mettur,6.798,43.225
2013-03-15,Mettur,6.579,41.353
2013-03-16,Mettur,6.758,39.482
2013-03-17,Mettur,7.369,37.61
2013-03-18,Mettur,5.264,35.738
2013-03-19,Mettur,4.28,33.867
2013-03-20,Mettur,4.328,31.995
2013-03-21,Mettur,4.391,30.123
2013-03-22,Mettur,14.819,28.252
2013-03-23,Mettur,13.81,26.38
2013-03-24,Mettur,12.71,24.508
2013-03-25,Mettur,13.379,22.637
2013-03-26,Mettur,13.631,20.765
2013-03-27,Mettur,3.617,18.893
2013-03-28,Mettur,7.244,17.022
2013-03-29,Mettur,8.75,15.15
2013-03-30,Mettur,7.107,13.278
2013-03-31,Mettur,7.369,11.407
2013-04-01,Mettur,4.426,9.535
2013-04-02,Mettur,4.917,9.535
2013-04-03,Mettur,5.407,7.416
2013-04-04,Mettur,5.898,6.357
2013-04-05,Mettur,6.388,4.944
2013-04-06,Mettur,6.879,3.885
2013-04-07,Mettur,7.369,11.007
2013-04-08,Mettur,3.684,18.128
2013-04-09,Mettur,0.0,25.25
2013-04-10,Mettur,0.0,32.372
2013-04-11,Mettur,0.0,39.493
2013-04-12,Mettur,0.0,46.615
2013-04-13,Mettur,0.0,44.682
2013-04-14,Mettur,0.0,42.749
2013-04-15,Mettur,11.812,40.816
2013-04-16,Mettur,11.722,38.883
2013-04-17,Mettur,9.692,36.95
2013-04-18,Mettur,7.269,35.017
2013-04-19,Mettur,4.846,33.084
2013-04-20,Mettur,2.423,31.151
2013-04-21,Mettur,0.0,29.218
2013-04-22,Mettur,0.0,27.285
2013-04-23,Mettur,0.0,25.352
2013-04-24,Mettur,0.0,23.419
2013-04-25,Mettur,0.0,21.486
2013-04-26,Mettur,0.0,19.553
2013-04-27,Mettur,0.0,17.62
2013-04-28,Mettur,0.0,15.687
2013-04-29,Mettur,0.0,13.754
2013-04-30,Mettur,0.0,11.821
2013-05-01,Mettur,0.0,9.888
2013-05-02,Mettur,0.0,9.182
2013-05-03,Mettur,0.0,7.416
2013-05-04,Mettur,7.72,6.357
2013-05-05,Mettur,15.44,4.944
2013-05-06,Mettur,11.58,3.885
2013-05-07,Mettur,7.72,11.007
2013-05-08,Mettur,3.86,18.128
2013-05-09,Mettur,0.0,25.25
2013-05-10,Mettur,0.0,32.372
2013-05-11,Mettur,0.0,39.493
2013-05-12,Mettur,0.0,46.615
2013-05-13,Mettur,0.0,44.779
2013-05-14,Mettur,0.0,42.943
2013-05-15,Mettur,4.562,41.106
2013-05-16,Mettur,9.124,39.27
2013-05-17,Mettur,13.686,37.434
2013-05-18,Mettur,18.248,35.597
2013-05-19,Mettur,22.81,33.761
2013-05-20,Mettur,15.207,31.924
2013-05-21,Mettur,7.603,30.088
2013-05-22,Mettur,0.0,28.252
2013-05-23,Mettur,0.0,26.415
2013-05-24,Mettur,0.0,24.579
2013-05-25,Mettur,0.0,22.743
2013-05-26,Mettur,0.0,20.906
2013-05-27,Mettur,0.0,19.07
2013-05-28,Mettur,0.0,17.234
2013-05-29,Mettur,0.0,15.397
2013-05-30,Mettur,0.0,13.561
2013-05-31,Mettur,0.0,11.724
2013-06-01,Mettur,0.0,9.888
2013-06-02,Mettur,0.0,8.476
2013-06-03,Mettur,4.035,7.416
2013-06-04,Mettur,8.071,6.357
2013-06-05,Mettur,11.986,4.944
2013-06-06,Mettur,7.275,3.885
2013-06-07,Mettur,4.293,11.007
2013-06-08,Mettur,1.311,18.128
2013-06-09,Mettur,5.107,25.25
2013-06-10,Mettur,3.176,32.372
2013-06-11,Mettur,5.14,39.493
2013-06-12,Mettur,4.402,46.615
2013-06-13,Mettur,3.664,44.682
2013-06-14,Mettur,2.926,42.749
2013-06-15,Mettur,2.188,40.816
2013-06-16,Mettur,2.199,38.883
2013-06-17,Mettur,1.413,36.95
2013-06-18,Mettur,0.627,35.017
2013-06-19,Mettur,0.0,33.084
2013-06-20,Mettur,0.0,31.151
2013-06-21,Mettur,0.0,29.218
2013-06-22,Mettur,0.0,27.285
2013-06-23,Mettur,0.0,25.352
2013-06-24,Mettur,0.044,23.419
2013-06-25,Mettur,0.089,21.486
2013-06-26,Mettur,0.133,19.553
2013-06-27,Mettur,0.177,17.62
2013-06-28,Mettur,0.0,15.687
2013-06-29,Mettur,3.048,13.754
2013-06-30,Mettur,6.096,11.821
2013-07-01,Mettur,6.822,9.888
2013-07-02,Mettur,7.548,7.769
2013-07-03,Mettur,7.651,7.416
2013-07-04,Mettur,7.936,6.357
2013-07-05,Mettur,8.229,4.944
2013-07-06,Mettur,8.773,3.885
2013-07-07,Mettur,10.44,11.007
2013-07-08,Mettur,93.764,18.128
2013-07-09,Mettur,91.211,25.25
2013-07-10,Mettur,114.226,32.372
2013-07-11,Mettur,96.173,39.493
2013-07-12,Mettur,129.437,46.615
2013-07-13,Mettur,73.255,44.761
2013-07-14,Mettur,171.8,42.907
2013-07-15,Mettur,131.146,41.053
2013-07-16,Mettur,120.647,39.199
2013-07-17,Mettur,122.318,37.345
2013-07-18,Mettur,115.758,35.491
2013-07-19,Mettur,111.095,33.637
2013-07-20,Mettur,108.532,31.783
2013-07-21,Mettur,116.4,29.929
2013-07-22,Mettur,96.435,28.075
2013-07-23,Mettur,95.972,26.221
2013-07-24,Mettur,103.253,24.367
2013-07-25,Mettur,100.283,22.513
2013-07-26,Mettur,104.439,20.659
2013-07-27,Mettur,122.274,18.805
2013-07-28,Mettur,165.7,16.951
2013-07-29,Mettur,219.405,15.097
2013-07-30,Mettur,236.52,13.243
2013-07-31,Mettur,349.311,11.389
2013-08-01,Mettur,351.718,9.535
2013-08-02,Mettur,337.268,7.416
2013-08-03,Mettur,440.424,7.416
2013-08-04,Mettur,685.9,6.003
2013-08-05,Mettur,2178.271,4.944
2013-08-06,Mettur,3074.24,3.531
2013-08-07,Mettur,1661.926,10.653
2013-08-08,Mettur,1282.425,17.775
2013-08-09,Mettur,1169.0,24.896
2013-08-10,Mettur,943.0,32.018
2013-08-11,Mettur,717.0,39.14
2013-08-12,Mettur,657.637,46.262
2013-08-13,Mettur,598.273,44.426
2013-08-14,Mettur,598.527,42.589
2013-08-15,Mettur,422.9,40.753
2013-08-16,Mettur,362.616,38.917
2013-08-17,Mettur,364.02,37.08
2013-08-18,Mettur,349.5,35.244
2013-08-19,Mettur,342.79,33.408
2013-08-20,Mettur,347.357,31.571
2013-08-21,Mettur,342.79,29.735
2013-08-22,Mettur,457.6,27.899
2013-08-23,Mettur,452.28,26.062
2013-08-24,Mettur,461.116,24.226
2013-08-25,Mettur,467.3,22.389
2013-08-26,Mettur,527.424,20.553
2013-08-27,Mettur,526.743,18.717
2013-08-28,Mettur,555.003,16.88
2013-08-29,Mettur,602.256,15.044
2013-08-30,Mettur,561.136,13.208
2013-08-31,Mettur,599.237,11.371
2013-09-01,Mettur,568.5,9.535
2013-09-02,Mettur,601.53,7.416
2013-09-03,Mettur,560.49,7.063
2013-09-04,Mettur,608.532,6.003
2013-09-05,Mettur,537.501,4.591
2013-09-06,Mettur,585.117,3.531
2013-09-07,Mettur,605.295,11.3
2013-09-08,Mettur,389.9,19.07
2013-09-09,Mettur,174.8,26.839
2013-09-10,Mettur,144.666,34.609
2013-09-11,Mettur,150.414,42.378
2013-09-12,Mettur,212.006,46.262
2013-09-13,Mettur,173.134,44.329
2013-09-14,Mettur,173.134,42.396
2013-09-15,Mettur,171.8,40.463
2013-09-16,Mettur,586.595,38.53
2013-09-17,Mettur,559.108,36.597
2013-09-18,Mettur,570.674,34.664
2013-09-19,Mettur,552.945,32.731
2013-09-20,Mettur,545.392,30.798
2013-09-21,Mettur,565.59,28.865
2013-09-22,Mettur,637.6,26.932
2013-09-23,Mettur,594.785,24.999
2013-09-24,Mettur,581.084,23.066
2013-09-25,Mettur,687.74,21.133
2013-09-26,Mettur,650.559,19.2
2013-09-27,Mettur,677.728,17.267
2013-09-28,Mettur,670.816,15.334
2013-09-29,Mettur,729.6,13.401
2013-09-30,Mettur,675.902,11.468
2013-10-01,Mettur,676.057,9.535
2013-10-02,Mettur,698.3,7.416
2013-10-03,Mettur,690.099,7.063
2013-10-04,Mettur,678.817,6.003
2013-10-05,Mettur,724.578,4.591
2013-10-06,Mettur,679.8,3.531
2013-10-07,Mettur,676.545,11.371
2013-10-08,Mettur,697.083,19.211
2013-10-09,Mettur,723.507,27.051
2013-10-10,Mettur,604.56,34.891
2013-10-11,Mettur,358.2,42.731
2013-10-12,Mettur,374.737,45.556
2013-10-13,Mettur,315.4,43.755
2013-10-14,Mettur,365.593,41.954
2013-10-15,Mettur,642.742,40.153
2013-10-16,Mettur,442.3,38.352
2013-10-17,Mettur,544.814,36.551
2013-10-18,Mettur,567.661,34.75
2013-10-19,Mettur,496.921,32.949
2013-10-20,Mettur,171.8,31.148
2013-10-21,Mettur,150.872,29.346
2013-10-22,Mettur,190.097,27.545
2013-10-23,Mettur,118.751,25.744
2013-10-24,Mettur,82.338,23.943
2013-10-25,Mettur,176.748,22.142
2013-10-26,Mettur,180.351,20.341
2013-10-27,Mettur,177.9,18.54
2013-10-28,Mettur,159.163,16.739
2013-10-29,Mettur,496.623,14.938
2013-10-30,Mettur,450.311,13.137
2013-10-31,Mettur,450.327,11.336
2013-11-01,Mettur,453.655,9.535
2013-11-02,Mettur,492.9,7.416
2013-11-03,Mettur,503.4,7.063
2013-11-04,Mettur,499.916,6.003
2013-11-05,Mettur,189.905,4.591
2013-11-06,Mettur,101.986,3.531
2013-11-07,Mettur,121.68,11.3
2013-11-08,Mettur,109.926,19.07
2013-11-09,Mettur,111.729,26.839
2013-11-10,Mettur,92.82,34.609
2013-11-11,Mettur,334.163,42.378
2013-11-12,Mettur,290.812,44.85
2013-11-13,Mettur,297.659,42.991
2013-11-14,Mettur,291.678,41.132
2013-11-15,Mettur,101.9,39.274
2013-11-16,Mettur,137.532,37.415
2013-11-17,Mettur,140.0,35.556
2013-11-18,Mettur,139.383,33.698
2013-11-19,Mettur,121.626,31.839
2013-11-20,Mettur,126.374,29.98
2013-11-21,Mettur,35.287,28.122
2013-11-22,Mettur,105.497,26.263
2013-11-23,Mettur,15.743,24.404
2013-11-24,Mettur,145.5,22.546
2013-11-25,Mettur,179.761,20.687
2013-11-26,Mettur,187.019,18.828
2013-11-27,Mettur,165.498,16.97
2013-11-28,Mettur,183.362,15.111
2013-11-29,Mettur,168.781,13.252
2013-11-30,Mettur,169.004,11.394
2013-12-01,Mettur,191.6,9.535
2013-12-02,Mettur,190.704,7.416
2013-12-03,Mettur,194.417,7.063
2013-12-04,Mettur,200.218,6.003
2013-12-05,Mettur,125.525,4.591
2013-12-06,Mettur,136.555,3.531
2013-12-07,Mettur,145.498,11.23
2013-12-08,Mettur,139.0,18.928
2013-12-09,Mettur,137.094,26.627
2013-12-10,Mettur,274.566,34.325
2013-12-11,Mettur,303.143,42.024
2013-12-12,Mettur,316.326,44.143
2013-12-13,Mettur,349.065,43.437
2013-12-14,Mettur,365.763,42.731
2013-12-15,Mettur,355.3,42.024
2013-12-16,Mettur,350.407,41.318
2013-12-17,Mettur,325.694,40.612
2013-12-18,Mettur,308.118,39.906
2013-12-19,Mettur,278.381,39.199
2013-12-20,Mettur,304.39,38.493
2013-12-21,Mettur,300.505,37.787
2013-12-22,Mettur,278.5,37.08
2013-12-23,Mettur,301.231,36.374
2013-12-24,Mettur,298.385,35.668
2013-12-25,Mettur,278.5,34.962
2013-12-26,Mettur,295.368,34.255
2013-12-27,Mettur,286.472,33.549
2013-12-28,Mettur,286.472,32.843
2013-12-29,Mettur,282.3,32.136
2013-12-30,Mettur,286.472,31.43
2013-12-31,Mettur,286.472,30.724
2014-01-01,Mettur,286.472,30.017
2014-01-02,Mettur,286.472,23.66
2014-01-03,Mettur,286.472,17.304
2014-01-04,Mettur,286.472,16.598
2014-01-05,Mettur,270.9,8.829
2014-01-06,Mettur,286.472,11.654
2014-01-07,Mettur,282.036,15.538
2014-01-08,Mettur,190.704,24.432
2014-01-09,Mettur,179.736,33.325
2014-01-10,Mettur,176.137,42.219
2014-01-11,Mettur,179.736,51.112
2014-01-12,Mettur,194.8,60.006
2014-01-13,Mettur,176.137,68.899
2014-01-14,Mettur,196.4,66.815
2014-01-15,Mettur,179.736,64.732
2014-01-16,Mettur,169.021,62.648
2014-01-17,Mettur,151.503,60.565
2014-01-18,Mettur,148.596,58.481
2014-01-19,Mettur,152.8,56.398
2014-01-20,Mettur,155.085,54.314
2014-01-21,Mettur,76.055,52.23
2014-01-22,Mettur,76.661,50.147
2014-01-23,Mettur,74.517,48.063
2014-01-24,Mettur,77.007,45.98
2014-01-25,Mettur,71.63,43.896
2014-01-26,Mettur,66.29,41.813
2014-01-27,Mettur,60.521,39.729
2014-01-28,Mettur,53.108,37.645
2014-01-29,Mettur,19.009,35.562
2014-01-30,Mettur,12.417,33.478
2014-01-31,Mettur,21.272,31.395
2014-02-01,Mettur,20.027,29.311
2014-02-02,Mettur,25.57,23.307
2014-02-03,Mettur,19.312,17.304
2014-02-04,Mettur,24.353,16.598
2014-02-05,Mettur,18.825,8.829
2014-02-06,Mettur,11.855,12.007
2014-02-07,Mettur,24.644,15.892
2014-02-08,Mettur,24.879,24.769
2014-02-09,Mettur,26.74,33.646
2014-02-10,Mettur,24.554,42.523
2014-02-11,Mettur,20.654,51.4
2014-02-12,Mettur,20.108,60.277
2014-02-13,Mettur,18.053,69.154
2014-02-14,Mettur,11.646,66.62
2014-02-15,Mettur,12.479,64.086
2014-02-16,Mettur,9.673,61.551
2014-02-17,Mettur,11.117,59.017
2014-02-18,Mettur,11.561,56.483
2014-02-19,Mettur,10.259,53.948
2014-02-20,Mettur,11.522,51.414
2014-02-21,Mettur,12.785,48.88
2014-02-22,Mettur,14.047,46.345
2014-02-23,Mettur,15.31,43.811
2014-02-24,Mettur,28.527,41.277
2014-02-25,Mettur,41.744,38.742
2014-02-26,Mettur,39.914,36.208
2014-02-27,Mettur,27.5,33.674
2014-02-28,Mettur,28.208,31.139
2014-03-01,Mettur,43.418,28.605
2014-03-02,Mettur,35.89,22.954
2014-03-03,Mettur,34.937,17.304
2014-03-04,Mettur,25.849,16.245
2014-03-05,Mettur,13.537,8.476
2014-03-06,Mettur,11.506,12.36
2014-03-07,Mettur,10.952,16.245
2014-03-08,Mettur,8.755,25.177
2014-03-09,Mettur,13.94,34.108
2014-03-10,Mettur,11.8,43.04
2014-03-11,Mettur,8.937,51.972
2014-03-12,Mettur,5.361,60.903
2014-03-13,Mettur,7.371,69.835
2014-03-14,Mettur,9.236,67.628
2014-03-15,Mettur,9.326,65.42
2014-03-16,Mettur,8.402,63.213
2014-03-17,Mettur,7.734,61.006
2014-03-18,Mettur,7.742,58.799
2014-03-19,Mettur,8.695,56.592
2014-03-20,Mettur,7.748,54.385
2014-03-21,Mettur,5.544,52.177
2014-03-22,Mettur,1.819,49.97
2014-03-23,Mettur,2.082,47.763
2014-03-24,Mettur,2.157,45.556
2014-03-25,Mettur,1.639,43.349
2014-03-26,Mettur,7.248,41.142
2014-03-27,Mettur,5.444,38.934
2014-03-28,Mettur,5.487,36.727
2014-03-29,Mettur,4.754,34.52
2014-03-30,Mettur,4.021,32.313
2014-03-31,Mettur,21.18,30.106
2014-04-01,Mettur,26.554,27.899
2014-04-02,Mettur,30.298,19.07
2014-04-03,Mettur,40.998,17.304
2014-04-04,Mettur,51.699,16.245
2014-04-05,Mettur,62.399,8.476
2014-04-06,Mettur,73.1,12.713
2014-04-07,Mettur,51.188,16.245
2014-04-08,Mettur,51.0,25.04
2014-04-09,Mettur,52.245,33.834
2014-04-10,Mettur,53.689,42.628
2014-04-11,Mettur,43.976,51.423
2014-04-12,Mettur,40.521,60.218
2014-04-13,Mettur,32.79,69.012
2014-04-14,Mettur,32.79,66.689
2014-04-15,Mettur,19.846,64.366
2014-04-16,Mettur,13.788,62.042
2014-04-17,Mettur,15.296,59.719
2014-04-18,Mettur,34.11,57.396
2014-04-19,Mettur,188.441,55.072
2014-04-20,Mettur,180.8,52.749
2014-04-21,Mettur,174.158,50.426
2014-04-22,Mettur,164.181,48.102
2014-04-23,Mettur,169.594,45.779
2014-04-24,Mettur,174.9,43.456
2014-04-25,Mettur,171.325,41.132
2014-04-26,Mettur,47.883,38.809
2014-04-27,Mettur,51.13,36.486
2014-04-28,Mettur,44.861,34.162
2014-04-29,Mettur,36.714,31.839
2014-04-30,Mettur,38.267,29.516
2014-05-01,Mettur,45.036,27.192
2014-05-02,Mettur,45.579,18.717
2014-05-03,Mettur,39.523,17.304
2014-05-04,Mettur,7.822,15.892
2014-05-05,Mettur,5.848,8.476
2014-05-06,Mettur,8.124,13.42
2014-05-07,Mettur,15.459,16.245
2014-05-08,Mettur,14.026,24.997
2014-05-09,Mettur,1.774,33.749
2014-05-10,Mettur,6.668,42.501
2014-05-11,Mettur,2.355,51.254
2014-05-12,Mettur,1.147,60.006
2014-05-13,Mettur,5.26,68.758
2014-05-14,Mettur,11.67,66.533
2014-05-15,Mettur,12.792,64.308
2014-05-16,Mettur,9.641,62.083
2014-05-17,Mettur,10.435,59.858
2014-05-18,Mettur,9.636,57.634
2014-05-19,Mettur,9.175,55.409
2014-05-20,Mettur,9.211,53.184
2014-05-21,Mettur,8.728,50.959
2014-05-22,Mettur,8.356,48.734
2014-05-23,Mettur,8.164,46.509
2014-05-24,Mettur,8.381,44.285
2014-05-25,Mettur,8.402,42.06
2014-05-26,Mettur,8.001,39.835
2014-05-27,Mettur,6.603,37.61
2014-05-28,Mettur,6.512,35.385
2014-05-29,Mettur,8.355,33.16
2014-05-30,Mettur,7.917,30.936
2014-05-31,Mettur,7.841,28.711
2014-06-01,Mettur,7.521,26.486
2014-06-02,Mettur,7.713,18.717
2014-06-03,Mettur,7.205,17.304
2014-06-04,Mettur,7.118,15.538
2014-06-05,Mettur,5.169,8.476
2014-06-06,Mettur,7.102,13.773
2014-06-07,Mettur,9.036,16.245
2014-06-08,Mettur,12.77,24.804
2014-06-09,Mettur,13.467,33.363
2014-06-10,Mettur,12.271,41.922
2014-06-11,Mettur,10.368,50.482
2014-06-12,Mettur,12.944,59.041
2014-06-13,Mettur,12.858,67.6
2014-06-14,Mettur,11.99,65.276
2014-06-15,Mettur,9.607,62.953
2014-06-16,Mettur,8.186,60.63
2014-06-17,Mettur,8.41,58.306
2014-06-18,Mettur,8.002,55.983
2014-06-19,Mettur,7.91,53.66
2014-06-20,Mettur,7.69,51.336
2014-06-21,Mettur,7.744,49.013
2014-06-22,Mettur,8.885,46.69
2014-06-23,Mettur,34.294,44.366
2014-06-24,Mettur,34.234,42.043
2014-06-25,Mettur,34.858,39.72
2014-06-26,Mettur,37.993,37.396
2014-06-27,Mettur,45.609,35.073
2014-06-28,Mettur,43.391,32.75
2014-06-29,Mettur,34.86,30.426
2014-06-30,Mettur,31.266,28.103
2014-07-01,Mettur,44.083,25.78
2014-07-02,Mettur,46.558,18.717
2014-07-03,Mettur,29.908,17.304
2014-07-04,Mettur,20.779,15.538
2014-07-05,Mettur,28.481,8.476
2014-07-06,Mettur,21.42,14.126
2014-07-07,Mettur,20.426,16.245
2014-07-08,Mettur,21.482,24.706
2014-07-09,Mettur,21.223,33.167
2014-07-10,Mettur,28.814,41.628
2014-07-11,Mettur,28.485,50.088
2014-07-12,Mettur,31.106,58.549
2014-07-13,Mettur,32.18,67.01
2014-07-14,Mettur,10.93,64.802
2014-07-15,Mettur,9.876,62.595
2014-07-16,Mettur,8.822,60.388
2014-07-17,Mettur,7.768,58.181
2014-07-18,Mettur,6.715,55.974
2014-07-19,Mettur,6.331,53.767
2014-07-20,Mettur,4.59,51.559
2014-07-21,Mettur,7.781,49.352
2014-07-22,Mettur,10.972,47.145
2014-07-23,Mettur,11.345,44.938
2014-07-24,Mettur,11.146,42.731
2014-07-25,Mettur,10.117,40.524
2014-07-26,Mettur,9.901,38.316
2014-07-27,Mettur,10.36,36.109
2014-07-28,Mettur,49.865,33.902
2014-07-29,Mettur,199.3,31.695
2014-07-30,Mettur,192.102,29.488
2014-07-31,Mettur,174.301,27.281
2014-08-01,Mettur,161.604,25.073
2014-08-02,Mettur,158.224,18.717
2014-08-03,Mettur,199.3,17.304
2014-08-04,Mettur,165.073,15.185
2014-08-05,Mettur,126.781,8.476
2014-08-06,Mettur,88.489,14.126
2014-08-07,Mettur,50.197,16.245
2014-08-08,Mettur,11.905,24.591
2014-08-09,Mettur,11.993,32.937
2014-08-10,Mettur,12.95,41.283
2014-08-11,Mettur,192.102,49.629
2014-08-12,Mettur,325.777,57.975
2014-08-13,Mettur,323.46,66.321
2014-08-14,Mettur,437.063,64.131
2014-08-15,Mettur,408.1,61.942
2014-08-16,Mettur,377.967,59.752
2014-08-17,Mettur,397.9,57.563
2014-08-18,Mettur,401.756,55.373
2014-08-19,Mettur,483.915,53.184
2014-08-20,Mettur,522.993,50.994
2014-08-21,Mettur,478.793,48.805
2014-08-22,Mettur,726.757,46.615
2014-08-23,Mettur,714.457,44.426
2014-08-24,Mettur,719.0,42.236
2014-08-25,Mettur,662.234,40.047
2014-08-26,Mettur,554.184,37.857
2014-08-27,Mettur,542.456,35.668
2014-08-28,Mettur,557.93,33.478
2014-08-29,Mettur,572.7,31.289
2014-08-30,Mettur,535.755,29.099
2014-08-31,Mettur,526.8,26.91
2014-09-01,Mettur,529.499,24.72
2014-09-02,Mettur,555.522,18.717
2014-09-03,Mettur,583.305,17.304
2014-09-04,Mettur,580.765,14.832
2014-09-05,Mettur,605.694,8.829
2014-09-06,Mettur,641.656,14.479
2014-09-07,Mettur,656.5,16.245
2014-09-08,Mettur,643.113,24.457
2014-09-09,Mettur,651.666,32.669
2014-09-10,Mettur,646.46,40.882
2014-09-11,Mettur,652.03,49.094
2014-09-12,Mettur,658.512,57.306
2014-09-13,Mettur,645.201,65.518
2014-09-14,Mettur,783.7,63.232
2014-09-15,Mettur,725.983,60.946
2014-09-16,Mettur,729.232,58.66
2014-09-17,Mettur,684.54,56.373
2014-09-18,Mettur,699.685,54.087
2014-09-19,Mettur,729.627,51.801
2014-09-20,Mettur,693.214,49.515
2014-09-21,Mettur,706.4,47.229
2014-09-22,Mettur,694.034,44.943
2014-09-23,Mettur,638.826,42.656
2014-09-24,Mettur,627.108,40.37
2014-09-25,Mettur,638.826,38.084
2014-09-26,Mettur,588.214,35.798
2014-09-27,Mettur,627.108,33.512
2014-09-28,Mettur,644.3,31.226
2014-09-29,Mettur,576.216,28.939
2014-09-30,Mettur,603.385,26.653
2014-10-01,Mettur,706.636,24.367
2014-10-02,Mettur,627.108,18.717
2014-10-03,Mettur,650.4,17.304
2014-10-04,Mettur,588.216,14.479
2014-10-05,Mettur,608.1,8.829
2014-10-06,Mettur,662.7,14.479
2014-10-07,Mettur,642.722,16.245
2014-10-08,Mettur,610.048,24.303
2014-10-09,Mettur,530.565,32.36
2014-10-10,Mettur,434.695,40.418
2014-10-11,Mettur,426.683,48.476
2014-10-12,Mettur,561.1,56.533
2014-10-13,Mettur,598.718,64.591
2014-10-14,Mettur,576.652,62.436
2014-10-15,Mettur,592.872,60.282
2014-10-16,Mettur,567.471,58.128
2014-10-17,Mettur,566.188,55.974
2014-10-18,Mettur,302.496,53.82
2014-10-19,Mettur,95.76,51.665
2014-10-20,Mettur,174.366,49.511
2014-10-21,Mettur,137.471,47.357
2014-10-22,Mettur,95.76,45.203
2014-10-23,Mettur,108.083,43.049
2014-10-24,Mettur,175.141,40.894
2014-10-25,Mettur,111.46,38.74
2014-10-26,Mettur,73.19,36.586
2014-10-27,Mettur,238.77,34.432
2014-10-28,Mettur,404.349,32.278
2014-10-29,Mettur,592.031,30.123
2014-10-30,Mettur,325.822,27.969
2014-10-31,Mettur,118.297,25.815
2014-11-01,Mettur,155.164,23.661
2014-11-02,Mettur,15.84,18.717
2014-11-03,Mettur,24.645,17.304
2014-11-04,Mettur,33.45,14.479
2014-11-05,Mettur,16.515,9.182
2014-11-06,Mettur,57.81,14.479
2014-11-07,Mettur,111.442,16.245
2014-11-08,Mettur,165.073,24.113
2014-11-09,Mettur,207.2,31.982
2014-11-10,Mettur,440.231,39.85
2014-11-11,Mettur,404.471,47.718
2014-11-12,Mettur,459.692,55.587
2014-11-13,Mettur,344.778,63.455
2014-11-14,Mettur,155.797,61.224
2014-11-15,Mettur,137.86,58.994
2014-11-16,Mettur,23.99,56.764
2014-11-17,Mettur,129.725,54.533
2014-11-18,Mettur,16.672,52.303
2014-11-19,Mettur,228.144,50.072
2014-11-20,Mettur,199.583,47.842
2014-11-21,Mettur,211.218,45.612
2014-11-22,Mettur,215.2,43.381
2014-11-23,Mettur,98.75,41.151
2014-11-24,Mettur,89.81,38.92
2014-11-25,Mettur,80.871,36.69
2014-11-26,Mettur,71.931,34.46
2014-11-27,Mettur,62.992,32.229
2014-11-28,Mettur,60.95,29.999
2014-11-29,Mettur,64.333,27.768
2014-11-30,Mettur,15.84,25.538
2014-12-01,Mettur,8.919,23.308
2014-12-02,Mettur,8.571,18.717
2014-12-03,Mettur,8.035,17.304
2014-12-04,Mettur,370.948,14.479
2014-12-05,Mettur,420.148,9.182
2014-12-06,Mettur,421.186,14.479
2014-12-07,Mettur,443.7,16.245
2014-12-08,Mettur,416.358,24.267
2014-12-09,Mettur,415.829,32.29
2014-12-10,Mettur,533.875,40.312
2014-12-11,Mettur,556.743,48.334
2014-12-12,Mettur,522.628,56.357
2014-12-13,Mettur,513.865,64.379
2014-12-14,Mettur,622.8,64.131
2014-12-15,Mettur,536.153,63.884
2014-12-16,Mettur,476.795,63.637
2014-12-17,Mettur,462.593,63.39
2014-12-18,Mettur,150.084,63.143
2014-12-19,Mettur,66.579,62.895
2014-12-20,Mettur,61.546,62.648
2014-12-21,Mettur,65.47,62.401
2014-12-22,Mettur,59.703,62.154
2014-12-23,Mettur,33.297,61.907
2014-12-24,Mettur,54.739,61.659
2014-12-25,Mettur,37.37,61.412
2014-12-26,Mettur,52.562,61.165
2014-12-27,Mettur,52.28,60.918
2014-12-28,Mettur,245.3,60.671
2014-12-29,Mettur,179.211,60.423
2014-12-30,Mettur,67.698,60.176
2014-12-31,Mettur,64.512,59.929
2015-01-01,Mettur,17.519,59.682
2015-01-02,Mettur,55.042,51.56
2015-01-03,Mettur,302.496,43.437
2015-01-04,Mettur,279.3,35.315
2015-01-05,Mettur,317.945,30.724
2015-01-06,Mettur,313.003,34.255
2015-01-07,Mettur,368.323,42.378
2015-01-08,Mettur,357.756,48.028
2015-01-09,Mettur,375.531,53.678
2015-01-10,Mettur,356.018,54.052
2015-01-11,Mettur,357.8,54.427
2015-01-12,Mettur,368.935,54.801
2015-01-13,Mettur,353.258,55.176
2015-01-14,Mettur,334.411,55.55
2015-01-15,Mettur,368.8,55.78
2015-01-16,Mettur,352.548,56.009
2015-01-17,Mettur,336.643,56.239
2015-01-18,Mettur,346.9,56.468
2015-01-19,Mettur,353.558,56.698
2015-01-20,Mettur,288.056,56.927
2015-01-21,Mettur,307.394,57.157
2015-01-22,Mettur,279.691,57.386
2015-01-23,Mettur,307.394,57.616
2015-01-24,Mettur,297.594,57.845
2015-01-25,Mettur,170.1,58.075
2015-01-26,Mettur,178.4,58.305
2015-01-27,Mettur,185.228,58.534
2015-01-28,Mettur,188.815,58.764
2015-01-29,Mettur,196.07,58.993
2015-01-30,Mettur,199.739,59.223
2015-01-31,Mettur,207.157,59.452
2015-02-01,Mettur,186.8,59.682
2015-02-02,Mettur,188.815,51.148
2015-02-03,Mettur,188.815,42.613
2015-02-04,Mettur,158.277,34.079
2015-02-05,Mettur,159.068,30.724
2015-02-06,Mettur,136.227,34.255
2015-02-07,Mettur,3.75,40.376
2015-02-08,Mettur,2.142,46.498
2015-02-09,Mettur,1.627,52.619
2015-02-10,Mettur,3.487,53.346
2015-02-11,Mettur,5.348,54.073
2015-02-12,Mettur,1.819,54.8
2015-02-13,Mettur,1.49,55.527
2015-02-14,Mettur,3.572,56.254
2015-02-15,Mettur,5.654,56.483
2015-02-16,Mettur,47.927,56.711
2015-02-17,Mettur,45.533,56.94
2015-02-18,Mettur,39.113,57.168
2015-02-19,Mettur,46.946,57.397
2015-02-20,Mettur,42.961,57.625
2015-02-21,Mettur,49.47,57.854
2015-02-22,Mettur,57.2,58.082
2015-02-23,Mettur,61.449,58.311
2015-02-24,Mettur,61.051,58.539
2015-02-25,Mettur,54.922,58.768
2015-02-26,Mettur,36.814,58.996
2015-02-27,Mettur,35.747,59.225
2015-02-28,Mettur,35.408,59.453
2015-03-01,Mettur,42.02,59.682
2015-03-02,Mettur,63.215,51.442
2015-03-03,Mettur,70.914,43.202
2015-03-04,Mettur,58.842,34.962
2015-03-05,Mettur,70.843,30.724
2015-03-06,Mettur,136.796,34.608
2015-03-07,Mettur,59.616,40.258
2015-03-08,Mettur,71.21,45.909
2015-03-09,Mettur,34.055,51.559
2015-03-10,Mettur,25.956,52.59
2015-03-11,Mettur,20.971,53.621
2015-03-12,Mettur,20.848,54.653
2015-03-13,Mettur,17.525,55.684
2015-03-14,Mettur,15.293,56.715
2015-03-15,Mettur,10.82,56.821
2015-03-16,Mettur,21.955,56.927
2015-03-17,Mettur,11.935,57.033
2015-03-18,Mettur,9.291,57.139
2015-03-19,Mettur,8.863,57.245
2015-03-20,Mettur,9.144,57.351
2015-03-21,Mettur,34.281,57.457
2015-03-22,Mettur,71.21,57.563
2015-03-23,Mettur,20.796,57.669
2015-03-24,Mettur,8.049,57.775
2015-03-25,Mettur,8.556,57.881
2015-03-26,Mettur,9.062,57.987
2015-03-27,Mettur,9.069,58.093
2015-03-28,Mettur,12.052,58.199
2015-03-29,Mettur,11.89,58.305
2015-03-30,Mettur,15.976,58.41
2015-03-31,Mettur,12.281,58.516
2015-04-01,Mettur,20.505,58.622
2015-04-02,Mettur,28.73,50.735
2015-04-03,Mettur,39.67,42.849
2015-04-04,Mettur,27.362,34.962
2015-04-05,Mettur,37.37,30.371
2015-04-06,Mettur,52.786,34.962
2015-04-07,Mettur,26.295,33.691
2015-04-08,Mettur,12.434,32.419
2015-04-09,Mettur,31.085,31.148
2015-04-10,Mettur,53.219,29.876
2015-04-11,Mettur,48.785,28.605
2015-04-12,Mettur,39.67,35.798
2015-04-13,Mettur,21.507,42.991
2015-04-14,Mettur,39.67,50.184
2015-04-15,Mettur,47.612,57.377
2015-04-16,Mettur,155.738,57.433
2015-04-17,Mettur,93.822,57.489
2015-04-18,Mettur,31.907,57.544
2015-04-19,Mettur,17.5,57.6
2015-04-20,Mettur,7.262,57.656
2015-04-21,Mettur,4.146,57.712
2015-04-22,Mettur,1.03,57.767
2015-04-23,Mettur,1.029,57.823
2015-04-24,Mettur,1.028,57.879
2015-04-25,Mettur,55.264,57.935
2015-04-26,Mettur,109.5,57.99
2015-04-27,Mettur,199.585,58.046
2015-04-28,Mettur,192.102,58.102
2015-04-29,Mettur,212.839,58.158
2015-04-30,Mettur,203.479,58.213
2015-05-01,Mettur,187.413,58.269
2015-05-02,Mettur,127.914,50.382
2015-05-03,Mettur,77.15,42.495
2015-05-04,Mettur,92.78,34.608
2015-05-05,Mettur,111.758,30.371
2015-05-06,Mettur,51.675,35.315
2015-05-07,Mettur,14.576,34.255
2015-05-08,Mettur,10.795,33.196
2015-05-09,Mettur,10.725,32.136
2015-05-10,Mettur,57.2,31.077
2015-05-11,Mettur,9.554,30.017
2015-05-12,Mettur,51.485,39.305
2015-05-13,Mettur,7.251,48.593
2015-05-14,Mettur,7.252,57.881
2015-05-15,Mettur,7.254,57.863
2015-05-16,Mettur,14.892,57.845
2015-05-17,Mettur,10.82,57.828
2015-05-18,Mettur,25.388,57.81
2015-05-19,Mettur,31.824,57.792
2015-05-20,Mettur,7.398,57.775
2015-05-21,Mettur,5.904,57.757
2015-05-22,Mettur,10.568,57.739
2015-05-23,Mettur,6.084,57.722
2015-05-24,Mettur,1.6,57.704
2015-05-25,Mettur,0.97,57.687
2015-05-26,Mettur,4.835,57.669
2015-05-27,Mettur,8.7,57.651
2015-05-28,Mettur,54.345,57.634
2015-05-29,Mettur,14.599,57.616
2015-05-30,Mettur,20.654,57.598
2015-05-31,Mettur,26.71,57.581
2015-06-01,Mettur,51.472,57.563
2015-06-02,Mettur,101.197,49.911
2015-06-03,Mettur,95.917,42.26
2015-06-04,Mettur,98.874,34.608
2015-06-05,Mettur,98.975,30.371
2015-06-06,Mettur,98.189,35.668
2015-06-07,Mettur,97.97,35.244
2015-06-08,Mettur,27.333,34.82
2015-06-09,Mettur,95.616,34.397
2015-06-10,Mettur,28.371,33.973
2015-06-11,Mettur,19.243,33.549
2015-06-12,Mettur,28.872,41.74
2015-06-13,Mettur,3.156,49.93
2015-06-14,Mettur,1.257,58.121
2015-06-15,Mettur,5.87,58.046
2015-06-16,Mettur,6.195,57.972
2015-06-17,Mettur,6.521,57.897
2015-06-18,Mettur,6.846,57.823
2015-06-19,Mettur,10.275,57.749
2015-06-20,Mettur,9.105,57.674
2015-06-21,Mettur,7.765,57.6
2015-06-22,Mettur,7.674,57.526
2015-06-23,Mettur,7.581,57.451
2015-06-24,Mettur,5.561,57.377
2015-06-25,Mettur,6.292,57.303
2015-06-26,Mettur,19.697,57.228
2015-06-27,Mettur,10.306,57.154
2015-06-28,Mettur,11.62,57.08
2015-06-29,Mettur,11.116,57.005
2015-06-30,Mettur,7.273,56.931
2015-07-01,Mettur,6.328,56.857
2015-07-02,Mettur,1.66,49.559
2015-07-03,Mettur,0.609,42.26
2015-07-04,Mettur,0.0,34.962
2015-07-05,Mettur,0.0,30.371
2015-07-06,Mettur,5.116,36.021
2015-07-07,Mettur,3.074,36.162
2015-07-08,Mettur,9.816,36.303
2015-07-09,Mettur,5.905,36.445
2015-07-10,Mettur,42.049,36.586
2015-07-11,Mettur,108.952,36.727
2015-07-12,Mettur,36.56,43.943
2015-07-13,Mettur,108.656,51.159
2015-07-14,Mettur,24.78,58.375
2015-07-15,Mettur,97.661,58.252
2015-07-16,Mettur,21.392,58.128
2015-07-17,Mettur,23.831,58.004
2015-07-18,Mettur,26.27,57.881
2015-07-19,Mettur,54.19,57.757
2015-07-20,Mettur,22.909,57.634
2015-07-21,Mettur,100.026,57.51
2015-07-22,Mettur,26.318,57.386
2015-07-23,Mettur,104.033,57.263
2015-07-24,Mettur,25.656,57.139
2015-07-25,Mettur,22.518,57.016
2015-07-26,Mettur,19.38,56.892
2015-07-27,Mettur,231.622,56.768
2015-07-28,Mettur,248.125,56.645
2015-07-29,Mettur,252.357,56.521
2015-07-30,Mettur,211.523,56.398
2015-07-31,Mettur,219.386,56.274
2015-08-01,Mettur,211.523,56.15
2015-08-02,Mettur,338.5,48.969
2015-08-03,Mettur,219.386,41.789
2015-08-04,Mettur,117.196,34.608
2015-08-05,Mettur,38.197,30.371
2015-08-06,Mettur,115.683,36.374
2015-08-07,Mettur,27.117,36.727
2015-08-08,Mettur,56.073,37.08
2015-08-09,Mettur,85.03,37.434
2015-08-10,Mettur,292.405,37.787
2015-08-11,Mettur,330.861,38.14
2015-08-12,Mettur,353.935,44.967
2015-08-13,Mettur,339.822,51.795
2015-08-14,Mettur,312.638,58.622
2015-08-15,Mettur,433.3,58.446
2015-08-16,Mettur,485.6,58.269
2015-08-17,Mettur,328.265,58.093
2015-08-18,Mettur,309.056,57.916
2015-08-19,Mettur,329.059,57.739
2015-08-20,Mettur,316.141,57.563
2015-08-21,Mettur,340.548,57.386
2015-08-22,Mettur,320.222,57.21
2015-08-23,Mettur,447.3,57.033
2015-08-24,Mettur,250.621,56.857
2015-08-25,Mettur,276.181,56.68
2015-08-26,Mettur,323.091,56.503
2015-08-27,Mettur,366.28,56.327
2015-08-28,Mettur,346.606,56.15
2015-08-29,Mettur,369.536,55.974
2015-08-30,Mettur,447.3,55.797
2015-08-31,Mettur,555.583,55.621
2015-09-01,Mettur,569.793,55.444
2015-09-02,Mettur,530.954,48.381
2015-09-03,Mettur,516.449,41.318
2015-09-04,Mettur,468.727,34.255
2015-09-05,Mettur,585.608,30.371
2015-09-06,Mettur,520.2,36.374
2015-09-07,Mettur,593.683,36.868
2015-09-08,Mettur,486.691,37.363
2015-09-09,Mettur,524.008,37.857
2015-09-10,Mettur,522.068,38.352
2015-09-11,Mettur,556.341,38.846
2015-09-12,Mettur,557.569,45.5
2015-09-13,Mettur,500.3,52.154
2015-09-14,Mettur,525.129,58.808
2015-09-15,Mettur,533.623,58.548
2015-09-16,Mettur,549.654,58.288
2015-09-17,Mettur,438.0,58.028
2015-09-18,Mettur,463.517,57.767
2015-09-19,Mettur,477.61,57.507
2015-09-20,Mettur,442.6,57.247
2015-09-21,Mettur,506.467,56.987
2015-09-22,Mettur,473.829,56.727
2015-09-23,Mettur,501.946,56.466
2015-09-24,Mettur,424.1,56.206
2015-09-25,Mettur,503.532,55.946
2015-09-26,Mettur,486.188,55.686
2015-09-27,Mettur,428.7,55.425
2015-09-28,Mettur,561.013,55.165
2015-09-29,Mettur,543.504,54.905
2015-09-30,Mettur,435.326,54.645
2015-10-01,Mettur,443.024,54.385
2015-10-02,Mettur,388.0,45.556
2015-10-03,Mettur,424.341,36.727
2015-10-04,Mettur,383.5,34.255
2015-10-05,Mettur,439.002,30.371
2015-10-06,Mettur,503.885,36.374
2015-10-07,Mettur,480.715,37.01
2015-10-08,Mettur,415.015,37.645
2015-10-09,Mettur,377.644,38.281
2015-10-10,Mettur,374.579,38.916
2015-10-11,Mettur,344.8,39.552
2015-10-12,Mettur,441.606,46.062
2015-10-13,Mettur,405.49,52.571
2015-10-14,Mettur,394.394,59.081
2015-10-15,Mettur,377.182,58.781
2015-10-16,Mettur,431.087,58.481
2015-10-17,Mettur,441.045,58.181
2015-10-18,Mettur,414.9,57.881
2015-10-19,Mettur,425.92,57.581
2015-10-20,Mettur,395.823,57.28
2015-10-21,Mettur,311.8,56.98
2015-10-22,Mettur,299.8,56.68
2015-10-23,Mettur,371.745,56.38
2015-10-24,Mettur,295.8,56.08
2015-10-25,Mettur,127.6,55.78
2015-10-26,Mettur,105.13,55.479
2015-10-27,Mettur,115.793,55.179
2015-10-28,Mettur,115.197,54.879
2015-10-29,Mettur,165.144,54.579
2015-10-30,Mettur,119.916,54.279
2015-10-31,Mettur,133.758,53.978
2015-11-01,Mettur,147.6,53.678
2015-11-02,Mettur,175.162,45.202
2015-11-03,Mettur,135.499,36.727
2015-11-04,Mettur,134.576,33.902
2015-11-05,Mettur,903.025,30.371
2015-11-06,Mettur,526.031,36.374
2015-11-07,Mettur,180.705,37.292
2015-11-08,Mettur,82.16,38.21
2015-11-09,Mettur,175.152,39.129
2015-11-10,Mettur,147.6,40.047
2015-11-11,Mettur,180.447,40.965
2015-11-12,Mettur,168.788,50.147
2015-11-13,Mettur,164.845,59.329
2015-11-14,Mettur,34.18,58.975
2015-11-15,Mettur,102.8,58.622
2015-11-16,Mettur,37.704,58.269
2015-11-17,Mettur,137.467,57.916
2015-11-18,Mettur,131.162,57.563
2015-11-19,Mettur,32.665,57.21
2015-11-20,Mettur,123.443,56.857
2015-11-21,Mettur,134.372,56.503
2015-11-22,Mettur,131.0,56.15
2015-11-23,Mettur,131.791,55.797
2015-11-24,Mettur,136.628,55.444
2015-11-25,Mettur,143.2,55.091
2015-11-26,Mettur,32.618,54.738
2015-11-27,Mettur,29.525,54.385
2015-11-28,Mettur,131.789,54.031
2015-11-29,Mettur,32.33,53.678
2015-11-30,Mettur,34.073,53.325
2015-12-01,Mettur,84.606,52.972
2015-12-02,Mettur,135.139,46.615
2015-12-03,Mettur,158.475,40.259
2015-12-04,Mettur,31.839,33.902
2015-12-05,Mettur,37.569,30.371
2015-12-06,Mettur,126.8,36.374
2015-12-07,Mettur,38.181,39.716
2015-12-08,Mettur,112.409,43.059
2015-12-09,Mettur,143.522,46.401
2015-12-10,Mettur,32.073,49.743
2015-12-11,Mettur,30.962,53.085
2015-12-12,Mettur,124.73,56.428
2015-12-13,Mettur,30.49,59.77
2015-12-14,Mettur,23.633,59.505
2015-12-15,Mettur,23.828,59.24
2015-12-16,Mettur,135.064,58.975
2015-12-17,Mettur,21.368,58.711
2015-12-18,Mettur,132.49,58.446
2015-12-19,Mettur,21.42,58.181
2015-12-20,Mettur,19.03,57.916
2015-12-21,Mettur,116.893,57.651
2015-12-22,Mettur,21.777,57.386
2015-12-23,Mettur,39.574,57.121
2015-12-24,Mettur,236.9,56.857
2015-12-25,Mettur,194.6,56.592
2015-12-26,Mettur,215.532,56.327
2015-12-27,Mettur,288.2,56.062
2015-12-28,Mettur,314.683,55.797
2015-12-29,Mettur,327.163,55.532
2015-12-30,Mettur,346.463,55.267
2015-12-31,Mettur,394.001,55.003
2016-01-01,Mettur,435.4,54.738
2016-01-02,Mettur,373.472,45.733
2016-01-03,Mettur,371.5,36.728
2016-01-04,Mettur,475.452,27.722
2016-01-05,Mettur,487.394,18.717
2016-01-06,Mettur,470.981,15.185
2016-01-07,Mettur,457.789,13.42
2016-01-08,Mettur,491.969,22.484
2016-01-09,Mettur,483.5,31.548
2016-01-10,Mettur,483.8,40.612
2016-01-11,Mettur,406.981,31.883
2016-01-12,Mettur,406.283,23.155
2016-01-13,Mettur,370.422,14.426
2016-01-14,Mettur,341.014,16.492
2016-01-15,Mettur,381.2,18.558
2016-01-16,Mettur,196.094,20.624
2016-01-17,Mettur,213.1,22.69
2016-01-18,Mettur,199.697,24.756
2016-01-19,Mettur,189.166,26.821
2016-01-20,Mettur,182.886,28.887
2016-01-21,Mettur,173.197,30.953
2016-01-22,Mettur,189.166,33.019
2016-01-23,Mettur,182.886,35.085
2016-01-24,Mettur,166.9,37.151
2016-01-25,Mettur,100.885,39.217
2016-01-26,Mettur,34.87,41.283
2016-01-27,Mettur,33.864,43.349
2016-01-28,Mettur,32.857,45.415
2016-01-29,Mettur,116.277,47.481
2016-01-30,Mettur,199.697,49.546
2016-01-31,Mettur,89.94,51.612
2016-02-01,Mettur,36.043,53.678
2016-02-02,Mettur,33.101,44.85
2016-02-03,Mettur,35.216,36.021
2016-02-04,Mettur,19.714,27.193
2016-02-05,Mettur,14.645,18.364
2016-02-06,Mettur,173.198,15.185
2016-02-07,Mettur,166.9,13.42
2016-02-08,Mettur,166.968,22.131
2016-02-09,Mettur,179.636,30.841
2016-02-10,Mettur,173.14,39.552
2016-02-11,Mettur,166.644,31.234
2016-02-12,Mettur,189.166,22.915
2016-02-13,Mettur,179.636,14.597
2016-02-14,Mettur,166.9,16.833
2016-02-15,Mettur,179.636,19.07
2016-02-16,Mettur,182.886,21.307
2016-02-17,Mettur,182.886,23.543
2016-02-18,Mettur,173.197,25.78
2016-02-19,Mettur,179.636,28.016
2016-02-20,Mettur,182.886,30.253
2016-02-21,Mettur,166.9,32.489
2016-02-22,Mettur,14.566,34.726
2016-02-23,Mettur,11.678,36.963
2016-02-24,Mettur,4.875,39.199
2016-02-25,Mettur,2.129,41.436
2016-02-26,Mettur,2.553,43.672
2016-02-27,Mettur,2.27,45.909
2016-02-28,Mettur,1.449,48.146
2016-02-29,Mettur,1.156,50.382
2016-03-01,Mettur,1.237,52.619
2016-03-02,Mettur,1.209,44.055
2016-03-03,Mettur,5.776,35.492
2016-03-04,Mettur,8.981,26.928
2016-03-05,Mettur,14.347,18.364
2016-03-06,Mettur,14.5,15.185
2016-03-07,Mettur,36.116,13.42
2016-03-08,Mettur,33.851,21.778
2016-03-09,Mettur,37.166,30.135
2016-03-10,Mettur,99.079,38.493
2016-03-11,Mettur,98.955,30.429
2016-03-12,Mettur,98.255,22.366
2016-03-13,Mettur,42.52,14.302
2016-03-14,Mettur,37.66,16.245
2016-03-15,Mettur,33.201,18.187
2016-03-16,Mettur,37.034,20.129
2016-03-17,Mettur,36.909,22.072
2016-03-18,Mettur,44.328,24.014
2016-03-19,Mettur,34.429,25.956
2016-03-20,Mettur,37.57,27.899
2016-03-21,Mettur,44.178,29.841
2016-03-22,Mettur,44.506,31.783
2016-03-23,Mettur,44.228,33.726
2016-03-24,Mettur,34.581,35.668
2016-03-25,Mettur,34.24,37.61
2016-03-26,Mettur,20.12,39.552
2016-03-27,Mettur,28.07,41.495
2016-03-28,Mettur,36.929,43.437
2016-03-29,Mettur,20.297,45.379
2016-03-30,Mettur,17.195,47.322
2016-03-31,Mettur,19.805,49.264
2016-04-01,Mettur,23.5,51.206
2016-04-02,Mettur,11.795,42.907
2016-04-03,Mettur,14.47,34.608
2016-04-04,Mettur,11.646,26.309
2016-04-05,Mettur,9.932,18.01
2016-04-06,Mettur,10.952,14.832
2016-04-07,Mettur,9.729,13.42
2016-04-08,Mettur,6.497,21.425
2016-04-09,Mettur,7.726,29.429
2016-04-10,Mettur,12.5,37.434
2016-04-11,Mettur,34.443,29.739
2016-04-12,Mettur,5.646,22.044
2016-04-13,Mettur,17.27,14.349
2016-04-14,Mettur,28.07,16.338
2016-04-15,Mettur,31.893,18.326
2016-04-16,Mettur,22.025,20.315
2016-04-17,Mettur,20.05,22.304
2016-04-18,Mettur,26.167,24.293
2016-04-19,Mettur,11.791,26.282
2016-04-20,Mettur,14.47,28.27
2016-04-21,Mettur,10.21,30.259
2016-04-22,Mettur,13.025,32.248
2016-04-23,Mettur,11.475,34.237
2016-04-24,Mettur,50.45,36.225
2016-04-25,Mettur,18.843,38.214
2016-04-26,Mettur,27.471,40.203
2016-04-27,Mettur,52.398,42.192
2016-04-28,Mettur,77.325,44.181
2016-04-29,Mettur,102.251,46.169
2016-04-30,Mettur,44.522,48.158
2016-05-01,Mettur,45.26,50.147
2016-05-02,Mettur,43.537,40.847
2016-05-03,Mettur,35.537,31.548
2016-05-04,Mettur,33.943,22.248
2016-05-05,Mettur,18.377,18.01
2016-05-06,Mettur,20.453,14.832
2016-05-07,Mettur,23.737,13.773
2016-05-08,Mettur,21.04,21.424
2016-05-09,Mettur,18.422,29.076
2016-05-10,Mettur,13.136,36.727
2016-05-11,Mettur,11.31,29.099
2016-05-12,Mettur,18.327,21.471
2016-05-13,Mettur,26.487,13.843
2016-05-14,Mettur,29.52,15.68
2016-05-15,Mettur,14.17,17.516
2016-05-16,Mettur,14.72,19.352
2016-05-17,Mettur,13.993,21.189
2016-05-18,Mettur,12.18,23.025
2016-05-19,Mettur,9.656,24.862
2016-05-20,Mettur,5.397,26.698
2016-05-21,Mettur,4.571,28.534
2016-05-22,Mettur,2.817,30.371
2016-05-23,Mettur,1.266,32.207
2016-05-24,Mettur,0.486,34.043
2016-05-25,Mettur,0.132,35.88
2016-05-26,Mettur,1.308,37.716
2016-05-27,Mettur,5.726,39.552
2016-05-28,Mettur,11.257,41.389
2016-05-29,Mettur,9.209,43.225
2016-05-30,Mettur,4.782,45.062
2016-05-31,Mettur,4.498,46.898
2016-06-01,Mettur,4.474,48.734
2016-06-02,Mettur,5.734,39.788
2016-06-03,Mettur,5.549,30.841
2016-06-04,Mettur,3.984,21.895
2016-06-05,Mettur,2.645,17.657
2016-06-06,Mettur,1.305,14.832
2016-06-07,Mettur,1.417,13.773
2016-06-08,Mettur,5.882,21.189
2016-06-09,Mettur,10.262,28.605
2016-06-10,Mettur,11.427,36.021
2016-06-11,Mettur,9.817,28.636
2016-06-12,Mettur,7.222,21.251
2016-06-13,Mettur,4.626,13.866
2016-06-14,Mettur,1.437,15.724
2016-06-15,Mettur,0.701,17.583
2016-06-16,Mettur,0.506,19.442
2016-06-17,Mettur,1.454,21.3
2016-06-18,Mettur,10.273,23.159
2016-06-19,Mettur,9.94,25.018
2016-06-20,Mettur,9.607,26.876
2016-06-21,Mettur,9.773,28.735
2016-06-22,Mettur,10.182,30.594
2016-06-23,Mettur,10.197,32.452
2016-06-24,Mettur,10.723,34.311
2016-06-25,Mettur,10.781,36.17
2016-06-26,Mettur,10.737,38.028
2016-06-27,Mettur,10.694,39.887
2016-06-28,Mettur,11.287,41.746
2016-06-29,Mettur,19.608,43.604
2016-06-30,Mettur,10.762,45.463
2016-07-01,Mettur,10.691,47.322
2016-07-02,Mettur,3.012,38.846
2016-07-03,Mettur,2.239,30.371
2016-07-04,Mettur,1.467,21.895
2016-07-05,Mettur,9.854,17.657
2016-07-06,Mettur,8.447,14.479
2016-07-07,Mettur,10.105,14.126
2016-07-08,Mettur,11.763,21.189
2016-07-09,Mettur,8.519,28.252
2016-07-10,Mettur,9.114,35.315
2016-07-11,Mettur,9.708,28.111
2016-07-12,Mettur,10.678,20.906
2016-07-13,Mettur,11.667,13.702
2016-07-14,Mettur,14.401,15.397
2016-07-15,Mettur,14.919,17.092
2016-07-16,Mettur,32.775,18.787
2016-07-17,Mettur,32.22,20.483
2016-07-18,Mettur,31.665,22.178
2016-07-19,Mettur,45.587,23.873
2016-07-20,Mettur,33.774,25.568
2016-07-21,Mettur,15.011,27.263
2016-07-22,Mettur,16.885,28.958
2016-07-23,Mettur,15.097,30.653
2016-07-24,Mettur,15.442,32.348
2016-07-25,Mettur,15.786,34.043
2016-07-26,Mettur,182.62,35.738
2016-07-27,Mettur,188.943,37.434
2016-07-28,Mettur,176.382,39.129
2016-07-29,Mettur,188.943,40.824
2016-07-30,Mettur,120.266,42.519
2016-07-31,Mettur,119.978,44.214
2016-08-01,Mettur,119.69,45.909
2016-08-02,Mettur,102.059,37.904
2016-08-03,Mettur,31.727,29.9
2016-08-04,Mettur,9.672,21.895
2016-08-05,Mettur,10.764,17.304
2016-08-06,Mettur,1.871,14.479
2016-08-07,Mettur,1.035,14.479
2016-08-08,Mettur,0.2,21.071
2016-08-09,Mettur,0.168,27.663
2016-08-10,Mettur,0.21,34.255
2016-08-11,Mettur,0.266,27.38
2016-08-12,Mettur,0.181,20.506
2016-08-13,Mettur,0.212,13.631
2016-08-14,Mettur,1.841,15.256
2016-08-15,Mettur,3.469,16.88
2016-08-16,Mettur,5.098,18.505
2016-08-17,Mettur,6.726,20.129
2016-08-18,Mettur,8.355,21.754
2016-08-19,Mettur,9.794,23.378
2016-08-20,Mettur,9.885,25.003
2016-08-21,Mettur,8.862,26.627
2016-08-22,Mettur,7.839,28.252
2016-08-23,Mettur,7.564,29.876
2016-08-24,Mettur,6.736,31.501
2016-08-25,Mettur,6.945,33.125
2016-08-26,Mettur,7.154,34.75
2016-08-27,Mettur,8.587,36.374
2016-08-28,Mettur,10.353,37.999
2016-08-29,Mettur,12.119,39.623
2016-08-30,Mettur,2.791,41.248
2016-08-31,Mettur,3.06,42.872
2016-09-01,Mettur,8.608,44.496
2016-09-02,Mettur,5.074,36.962
2016-09-03,Mettur,6.79,29.429
2016-09-04,Mettur,8.142,21.895
2016-09-05,Mettur,9.493,17.304
2016-09-06,Mettur,10.845,14.479
2016-09-07,Mettur,7.844,14.479
2016-09-08,Mettur,7.023,20.836
2016-09-09,Mettur,8.45,27.192
2016-09-10,Mettur,7.988,33.549
2016-09-11,Mettur,9.291,26.92
2016-09-12,Mettur,10.593,20.29
2016-09-13,Mettur,9.347,13.661
2016-09-14,Mettur,8.101,15.315
2016-09-15,Mettur,7.621,16.97
2016-09-16,Mettur,5.743,18.624
2016-09-17,Mettur,9.946,20.278
2016-09-18,Mettur,6.474,21.932
2016-09-19,Mettur,3.002,23.586
2016-09-20,Mettur,1.83,25.241
2016-09-21,Mettur,153.247,26.895
2016-09-22,Mettur,363.976,28.549
2016-09-23,Mettur,389.626,30.203
2016-09-24,Mettur,391.779,31.858
2016-09-25,Mettur,385.43,33.512
2016-09-26,Mettur,379.08,35.166
2016-09-27,Mettur,376.059,36.82
2016-09-28,Mettur,365.812,38.474
2016-09-29,Mettur,353.118,40.129
2016-09-30,Mettur,332.749,41.783
2016-10-01,Mettur,370.542,43.437
2016-10-02,Mettur,366.011,34.255
2016-10-03,Mettur,361.48,25.073
2016-10-04,Mettur,347.861,21.542
2016-10-05,Mettur,348.834,17.304
2016-10-06,Mettur,367.747,14.479
2016-10-07,Mettur,353.532,14.832
2016-10-08,Mettur,379.06,20.836
2016-10-09,Mettur,381.919,26.839
2016-10-10,Mettur,384.778,32.843
2016-10-11,Mettur,385.162,26.398
2016-10-12,Mettur,385.546,19.953
2016-10-13,Mettur,385.93,13.508
2016-10-14,Mettur,535.593,15.009
2016-10-15,Mettur,471.488,16.51
2016-10-16,Mettur,422.942,18.01
2016-10-17,Mettur,374.397,19.511
2016-10-18,Mettur,379.643,21.012
2016-10-19,Mettur,374.294,22.513
2016-10-20,Mettur,377.702,24.014
2016-10-21,Mettur,380.288,25.515
2016-10-22,Mettur,367.067,27.016
2016-10-23,Mettur,354.719,28.517
2016-10-24,Mettur,342.371,30.017
2016-10-25,Mettur,354.238,31.518
2016-10-26,Mettur,360.065,33.019
2016-10-27,Mettur,338.214,34.52
2016-10-28,Mettur,316.727,36.021
2016-10-29,Mettur,243.467,37.522
2016-10-30,Mettur,170.207,39.023
2016-10-31,Mettur,96.948,40.524
2016-11-01,Mettur,97.228,42.024
2016-11-02,Mettur,96.253,33.549
2016-11-03,Mettur,96.969,25.073
2016-11-04,Mettur,98.158,21.542
2016-11-05,Mettur,101.367,16.951
2016-11-06,Mettur,109.607,14.126
2016-11-07,Mettur,117.847,15.185
2016-11-08,Mettur,119.913,20.953
2016-11-09,Mettur,30.047,26.721
2016-11-10,Mettur,97.307,32.489
2016-11-11,Mettur,31.493,26.058
2016-11-12,Mettur,13.882,19.628
2016-11-13,Mettur,10.23,13.197
2016-11-14,Mettur,6.578,14.739
2016-11-15,Mettur,2.925,16.282
2016-11-16,Mettur,1.57,17.825
2016-11-17,Mettur,0.723,19.367
2016-11-18,Mettur,1.299,20.91
2016-11-19,Mettur,1.876,22.453
2016-11-20,Mettur,2.453,23.995
2016-11-21,Mettur,3.03,25.538
2016-11-22,Mettur,3.606,27.081
2016-11-23,Mettur,4.183,28.623
2016-11-24,Mettur,89.547,30.166
2016-11-25,Mettur,6.799,31.709
2016-11-26,Mettur,6.919,33.252
2016-11-27,Mettur,6.643,34.794
2016-11-28,Mettur,6.367,36.337
2016-11-29,Mettur,4.7,37.88
2016-11-30,Mettur,31.192,39.422
2016-12-01,Mettur,6.625,40.965
2016-12-02,Mettur,5.932,33.019
2016-12-03,Mettur,2.855,25.073
2016-12-04,Mettur,8.469,21.542
2016-12-05,Mettur,14.084,16.951
2016-12-06,Mettur,1.583,14.126
2016-12-07,Mettur,13.537,15.538
2016-12-08,Mettur,1.276,14.761
2016-12-09,Mettur,0.734,13.984
2016-12-10,Mettur,6.838,13.208
2016-12-11,Mettur,3.915,12.431
2016-12-12,Mettur,0.992,11.654
2016-12-13,Mettur,4.091,11.601
2016-12-14,Mettur,7.19,11.548
2016-12-15,Mettur,9.418,11.495
2016-12-16,Mettur,10.056,11.442
2016-12-17,Mettur,9.216,11.389
2016-12-18,Mettur,9.682,11.336
2016-12-19,Mettur,10.147,11.283
2016-12-20,Mettur,10.081,11.23
2016-12-21,Mettur,13.409,11.177
2016-12-22,Mettur,14.646,11.124
2016-12-23,Mettur,10.191,11.071
2016-12-24,Mettur,8.712,11.018
2016-12-25,Mettur,4.844,10.965
2016-12-26,Mettur,0.977,10.912
2016-12-27,Mettur,2.845,10.859
2016-12-28,Mettur,5.395,10.806
2016-12-29,Mettur,5.985,10.753
2016-12-30,Mettur,5.969,10.7
2016-12-31,Mettur,4.122,10.647
2017-01-01,Mettur,2.429,10.594
2017-01-02,Mettur,0.737,9.182
2017-01-03,Mettur,5.552,8.122
2017-01-04,Mettur,5.522,6.71
2017-01-05,Mettur,7.106,4.944
2017-01-06,Mettur,10.017,5.297
2017-01-07,Mettur,9.905,4.591
2017-01-08,Mettur,9.617,9.888
2017-01-09,Mettur,9.329,16.951
2017-01-10,Mettur,8.822,24.014
2017-01-11,Mettur,8.268,31.077
2017-01-12,Mettur,8.374,38.14
2017-01-13,Mettur,9.784,36.763
2017-01-14,Mettur,9.281,35.385
2017-01-15,Mettur,8.778,34.008
2017-01-16,Mettur,8.275,32.631
2017-01-17,Mettur,9.214,31.253
2017-01-18,Mettur,7.032,29.876
2017-01-19,Mettur,6.102,28.499
2017-01-20,Mettur,5.874,27.122
2017-01-21,Mettur,5.397,25.744
2017-01-22,Mettur,5.451,24.367
2017-01-23,Mettur,5.505,22.99
2017-01-24,Mettur,4.915,21.613
2017-01-25,Mettur,4.849,20.235
2017-01-26,Mettur,4.84,18.858
2017-01-27,Mettur,4.83,17.481
2017-01-28,Mettur,6.196,16.103
2017-01-29,Mettur,5.826,14.726
2017-01-30,Mettur,5.455,13.349
2017-01-31,Mettur,5.206,11.972
2017-02-01,Mettur,6.136,10.594
2017-02-02,Mettur,5.477,9.358
2017-02-03,Mettur,4.668,8.122
2017-02-04,Mettur,5.863,6.357
2017-02-05,Mettur,5.953,4.944
2017-02-06,Mettur,6.044,5.297
2017-02-07,Mettur,5.504,4.238
2017-02-08,Mettur,4.998,10.241
2017-02-09,Mettur,4.989,17.304
2017-02-10,Mettur,4.106,24.367
2017-02-11,Mettur,1.636,31.43
2017-02-12,Mettur,1.622,38.493
2017-02-13,Mettur,1.608,36.852
2017-02-14,Mettur,1.594,35.211
2017-02-15,Mettur,1.58,33.57
2017-02-16,Mettur,1.566,31.929
2017-02-17,Mettur,1.552,30.288
2017-02-18,Mettur,1.538,28.646
2017-02-19,Mettur,1.524,27.005
2017-02-20,Mettur,1.51,25.364
2017-02-21,Mettur,1.496,23.723
2017-02-22,Mettur,1.482,22.082
2017-02-23,Mettur,1.468,20.441
2017-02-24,Mettur,1.453,18.8
2017-02-25,Mettur,1.439,17.159
2017-02-26,Mettur,1.425,15.518
2017-02-27,Mettur,1.411,13.877
2017-02-28,Mettur,1.397,12.235
2017-03-01,Mettur,1.383,10.594
2017-03-02,Mettur,1.369,9.182
2017-03-03,Mettur,1.355,8.122
2017-03-04,Mettur,1.341,6.357
2017-03-05,Mettur,1.327,4.944
2017-03-06,Mettur,1.313,5.297
2017-03-07,Mettur,1.299,4.238
2017-03-08,Mettur,1.285,10.594
2017-03-09,Mettur,1.271,17.657
2017-03-10,Mettur,1.257,24.72
2017-03-11,Mettur,1.242,31.783
2017-03-12,Mettur,1.228,38.846
2017-03-13,Mettur,1.214,37.416
2017-03-14,Mettur,1.2,35.986
2017-03-15,Mettur,1.186,34.555
2017-03-16,Mettur,1.172,33.125
2017-03-17,Mettur,1.158,31.695
2017-03-18,Mettur,1.144,30.265
2017-03-19,Mettur,1.13,28.834
2017-03-20,Mettur,1.116,27.404
2017-03-21,Mettur,1.102,25.974
2017-03-22,Mettur,1.088,24.544
2017-03-23,Mettur,1.074,23.113
2017-03-24,Mettur,1.06,21.683
2017-03-25,Mettur,1.046,20.253
2017-03-26,Mettur,1.031,18.823
2017-03-27,Mettur,1.017,17.392
2017-03-28,Mettur,0.734,15.962
2017-03-29,Mettur,0.791,14.532
2017-03-30,Mettur,0.848,13.102
2017-03-31,Mettur,0.905,11.671
2017-04-01,Mettur,0.962,10.241
2017-04-02,Mettur,1.019,9.182
2017-04-03,Mettur,1.076,7.769
2017-04-04,Mettur,1.133,6.357
2017-04-05,Mettur,1.19,4.944
2017-04-06,Mettur,1.247,5.297
2017-04-07,Mettur,1.304,4.238
2017-04-08,Mettur,1.361,11.301
2017-04-09,Mettur,1.418,18.276
2017-04-10,Mettur,1.475,25.25
2017-04-11,Mettur,1.532,32.224
2017-04-12,Mettur,1.589,39.199
2017-04-13,Mettur,1.646,37.675
2017-04-14,Mettur,1.703,36.151
2017-04-15,Mettur,1.76,34.627
2017-04-16,Mettur,1.817,33.103
2017-04-17,Mettur,1.874,31.579
2017-04-18,Mettur,1.932,30.055
2017-04-19,Mettur,1.989,28.531
2017-04-20,Mettur,2.046,27.006
2017-04-21,Mettur,2.103,25.482
2017-04-22,Mettur,2.16,23.958
2017-04-23,Mettur,2.217,22.434
2017-04-24,Mettur,2.274,20.91
2017-04-25,Mettur,2.331,19.386
2017-04-26,Mettur,2.388,17.862
2017-04-27,Mettur,2.445,16.338
2017-04-28,Mettur,2.502,14.814
2017-04-29,Mettur,2.559,13.289
2017-04-30,Mettur,2.616,11.765
2017-05-01,Mettur,2.673,10.241
2017-05-02,Mettur,2.73,9.182
2017-05-03,Mettur,2.787,7.769
2017-05-04,Mettur,2.844,6.357
2017-05-05,Mettur,2.901,4.944
2017-05-06,Mettur,2.958,5.297
2017-05-07,Mettur,3.015,4.238
2017-05-08,Mettur,3.072,11.654
2017-05-09,Mettur,3.129,18.629
2017-05-10,Mettur,3.186,25.603
2017-05-11,Mettur,3.243,32.578
2017-05-12,Mettur,3.3,39.552
2017-05-13,Mettur,3.357,38.087
2017-05-14,Mettur,3.415,36.621
2017-05-15,Mettur,3.472,35.156
2017-05-16,Mettur,2.552,33.69
2017-05-17,Mettur,2.392,32.225
2017-05-18,Mettur,2.233,30.759
2017-05-19,Mettur,2.073,29.294
2017-05-20,Mettur,1.914,27.828
2017-05-21,Mettur,1.754,26.362
2017-05-22,Mettur,1.595,24.897
2017-05-23,Mettur,1.435,23.431
2017-05-24,Mettur,1.276,21.966
2017-05-25,Mettur,1.116,20.5
2017-05-26,Mettur,0.957,19.035
2017-05-27,Mettur,0.797,17.569
2017-05-28,Mettur,0.638,16.103
2017-05-29,Mettur,0.478,14.638
2017-05-30,Mettur,0.319,13.172
2017-05-31,Mettur,0.159,11.707
2017-06-01,Mettur,0.0,10.241
2017-06-02,Mettur,0.0,9.182
2017-06-03,Mettur,0.0,7.769
2017-06-04,Mettur,0.0,6.357
2017-06-05,Mettur,0.0,4.591
2017-06-06,Mettur,0.0,5.297
2017-06-07,Mettur,0.0,4.238
2017-06-08,Mettur,0.0,12.007
2017-06-09,Mettur,0.0,19.07
2017-06-10,Mettur,0.0,26.133
2017-06-11,Mettur,0.0,33.196
2017-06-12,Mettur,0.0,40.259
2017-06-13,Mettur,0.0,38.679
2017-06-14,Mettur,0.0,37.099
2017-06-15,Mettur,0.0,35.519
2017-06-16,Mettur,0.0,33.939
2017-06-17,Mettur,0.0,32.359
2017-06-18,Mettur,0.0,30.78
2017-06-19,Mettur,0.0,29.2
2017-06-20,Mettur,0.0,27.62
2017-06-21,Mettur,0.0,26.04
2017-06-22,Mettur,0.0,24.46
2017-06-23,Mettur,0.0,22.88
2017-06-24,Mettur,0.0,21.3
2017-06-25,Mettur,0.0,19.72
2017-06-26,Mettur,0.0,18.141
2017-06-27,Mettur,0.0,16.561
2017-06-28,Mettur,0.0,14.981
2017-06-29,Mettur,0.0,13.401
2017-06-30,Mettur,0.0,11.821
2017-07-01,Mettur,0.542,10.241
2017-07-02,Mettur,1.085,9.182
2017-07-03,Mettur,1.627,7.769
2017-07-04,Mettur,2.17,6.357
2017-07-05,Mettur,2.712,4.591
2017-07-06,Mettur,3.255,5.297
2017-07-07,Mettur,3.797,4.238
2017-07-08,Mettur,3.749,12.007
2017-07-09,Mettur,3.426,19.07
2017-07-10,Mettur,3.103,26.133
2017-07-11,Mettur,1.126,33.196
2017-07-12,Mettur,3.096,40.259
2017-07-13,Mettur,5.066,38.758
2017-07-14,Mettur,7.035,37.257
2017-07-15,Mettur,9.005,35.756
2017-07-16,Mettur,10.975,34.255
2017-07-17,Mettur,12.944,32.754
2017-07-18,Mettur,14.914,31.253
2017-07-19,Mettur,16.884,29.753
2017-07-20,Mettur,15.536,28.252
2017-07-21,Mettur,10.403,26.751
2017-07-22,Mettur,13.9,25.25
2017-07-23,Mettur,15.76,23.749
2017-07-24,Mettur,17.621,22.248
2017-07-25,Mettur,15.723,20.747
2017-07-26,Mettur,7.942,19.246
2017-07-27,Mettur,49.386,17.746
2017-07-28,Mettur,23.521,16.245
2017-07-29,Mettur,5.089,14.744
2017-07-30,Mettur,3.047,13.243
2017-07-31,Mettur,1.005,11.742
2017-08-01,Mettur,41.056,10.241
2017-08-02,Mettur,81.106,9.182
2017-08-03,Mettur,121.157,7.769
2017-08-04,Mettur,99.549,6.357
2017-08-05,Mettur,87.636,4.591
2017-08-06,Mettur,66.479,5.297
2017-08-07,Mettur,45.322,4.238
2017-08-08,Mettur,99.18,12.36
2017-08-09,Mettur,129.906,19.423
2017-08-10,Mettur,206.1,26.486
2017-08-11,Mettur,195.6,33.549
2017-08-12,Mettur,187.8,40.612
2017-08-13,Mettur,100.072,39.076
2017-08-14,Mettur,12.343,37.539
2017-08-15,Mettur,9.194,36.003
2017-08-16,Mettur,6.044,34.467
2017-08-17,Mettur,3.289,32.931
2017-08-18,Mettur,2.31,31.395
2017-08-19,Mettur,7.412,29.859
2017-08-20,Mettur,6.457,28.322
2017-08-21,Mettur,5.502,26.786
2017-08-22,Mettur,3.722,25.25
2017-08-23,Mettur,3.689,23.714
2017-08-24,Mettur,3.463,22.178
2017-08-25,Mettur,4.002,20.641
2017-08-26,Mettur,4.541,19.105
2017-08-27,Mettur,5.08,17.569
2017-08-28,Mettur,5.619,16.033
2017-08-29,Mettur,6.158,14.497
2017-08-30,Mettur,6.698,12.96
2017-08-31,Mettur,7.237,11.424
2017-09-01,Mettur,7.776,9.888
2017-09-02,Mettur,8.315,8.829
2017-09-03,Mettur,8.854,7.769
2017-09-04,Mettur,9.393,6.003
2017-09-05,Mettur,11.054,4.591
2017-09-06,Mettur,9.063,5.297
2017-09-07,Mettur,8.249,4.238
2017-09-08,Mettur,6.24,12.36
2017-09-09,Mettur,49.785,19.511
2017-09-10,Mettur,31.865,26.662
2017-09-11,Mettur,13.946,33.814
2017-09-12,Mettur,21.999,40.965
2017-09-13,Mettur,31.982,39.329
2017-09-14,Mettur,290.2,37.694
2017-09-15,Mettur,294.0,36.058
2017-09-16,Mettur,280.8,34.423
2017-09-17,Mettur,212.338,32.787
2017-09-18,Mettur,143.876,31.151
2017-09-19,Mettur,94.23,29.516
2017-09-20,Mettur,35.16,27.88
2017-09-21,Mettur,53.1,26.244
2017-09-22,Mettur,37.55,24.609
2017-09-23,Mettur,38.539,22.973
2017-09-24,Mettur,35.0,21.337
2017-09-25,Mettur,49.7,19.702
2017-09-26,Mettur,105.028,18.066
2017-09-27,Mettur,16.59,16.431
2017-09-28,Mettur,37.803,14.795
2017-09-29,Mettur,14.212,13.159
2017-09-30,Mettur,13.0,11.524
2017-10-01,Mettur,58.1,9.888
2017-10-02,Mettur,103.2,8.829
2017-10-03,Mettur,148.3,7.769
2017-10-04,Mettur,417.3,6.003
2017-10-05,Mettur,515.0,4.591
2017-10-06,Mettur,486.18,5.297
2017-10-07,Mettur,471.17,4.591
2017-10-08,Mettur,441.585,12.36
2017-10-09,Mettur,412.0,19.511
2017-10-10,Mettur,427.23,26.662
2017-10-11,Mettur,421.92,33.814
2017-10-12,Mettur,541.33,40.965
2017-10-13,Mettur,541.33,39.411
2017-10-14,Mettur,552.19,37.857
2017-10-15,Mettur,505.435,36.303
2017-10-16,Mettur,458.68,34.75
2017-10-17,Mettur,520.0,33.196
2017-10-18,Mettur,571.735,31.642
2017-10-19,Mettur,623.47,30.088
2017-10-20,Mettur,563.15,28.534
2017-10-21,Mettur,579.1,26.98
2017-10-22,Mettur,500.5,25.427
2017-10-23,Mettur,421.9,23.873
2017-10-24,Mettur,440.5,22.319
2017-10-25,Mettur,427.2,20.765
2017-10-26,Mettur,423.2,19.211
2017-10-27,Mettur,436.2,17.657
2017-10-28,Mettur,466.2,16.103
2017-10-29,Mettur,416.5,14.55
2017-10-30,Mettur,366.8,12.996
2017-10-31,Mettur,271.5,11.442
2017-11-01,Mettur,230.1,9.888
2017-11-02,Mettur,152.3,8.829
2017-11-03,Mettur,124.609,7.416
2017-11-04,Mettur,123.502,6.003
2017-11-05,Mettur,122.396,4.591
2017-11-06,Mettur,121.289,5.297
2017-11-07,Mettur,155.646,4.591
2017-11-08,Mettur,148.28,12.713
2017-11-09,Mettur,148.373,19.864
2017-11-10,Mettur,149.579,27.015
2017-11-11,Mettur,133.102,34.167
2017-11-12,Mettur,125.101,41.318
2017-11-13,Mettur,117.1,39.664
2017-11-14,Mettur,134.844,38.01
2017-11-15,Mettur,208.0,36.356
2017-11-16,Mettur,222.0,34.701
2017-11-17,Mettur,232.8,33.047
2017-11-18,Mettur,208.0,31.393
2017-11-19,Mettur,213.45,29.739
2017-11-20,Mettur,218.9,28.084
2017-11-21,Mettur,218.9,26.43
2017-11-22,Mettur,215.3,24.776
2017-11-23,Mettur,215.3,23.122
2017-11-24,Mettur,208.4,21.468
2017-11-25,Mettur,218.9,19.813
2017-11-26,Mettur,225.85,18.159
2017-11-27,Mettur,232.8,16.505
2017-11-28,Mettur,225.8,14.851
2017-11-29,Mettur,190.2,13.197
2017-11-30,Mettur,180.5,11.542
2017-12-01,Mettur,124.069,9.888
2017-12-02,Mettur,87.174,8.829
2017-12-03,Mettur,50.28,7.416
2017-12-04,Mettur,13.385,6.003
2017-12-05,Mettur,8.259,4.591
2017-12-06,Mettur,31.309,5.297
2017-12-07,Mettur,5.601,4.944
2017-12-08,Mettur,5.088,12.713
2017-12-09,Mettur,5.904,19.864
2017-12-10,Mettur,6.17,27.015
2017-12-11,Mettur,6.436,34.167
2017-12-12,Mettur,3.577,41.318
2017-12-13,Mettur,3.491,40.63
2017-12-14,Mettur,2.721,39.941
2017-12-15,Mettur,280.8,39.252
2017-12-16,Mettur,282.602,38.564
2017-12-17,Mettur,279.576,37.875
2017-12-18,Mettur,276.551,37.186
2017-12-19,Mettur,265.937,36.498
2017-12-20,Mettur,268.301,35.809
2017-12-21,Mettur,286.228,35.12
2017-12-22,Mettur,279.383,34.432
2017-12-23,Mettur,232.8,33.743
2017-12-24,Mettur,219.6,33.055
2017-12-25,Mettur,206.4,32.366
2017-12-26,Mettur,193.2,31.677
2017-12-27,Mettur,208.6,30.989
2017-12-28,Mettur,190.2,30.3
2017-12-29,Mettur,208.6,29.611
2017-12-30,Mettur,323.246,28.923
2017-12-31,Mettur,312.258,28.234
2018-01-01,Mettur,301.27,27.545
2018-01-02,Mettur,314.61,20.129
2018-01-03,Mettur,313.636,12.713
2018-01-04,Mettur,340.205,10.948
2018-01-05,Mettur,330.342,9.535
2018-01-06,Mettur,336.223,10.948
2018-01-07,Mettur,108.96,19.017
2018-01-08,Mettur,109.091,27.087
2018-01-09,Mettur,51.412,35.156
2018-01-10,Mettur,48.463,43.225
2018-01-11,Mettur,50.646,51.294
2018-01-12,Mettur,103.912,59.364
2018-01-13,Mettur,91.12,67.433
2018-01-14,Mettur,100.0,65.297
2018-01-15,Mettur,91.75,63.16
2018-01-16,Mettur,53.066,61.024
2018-01-17,Mettur,56.572,58.887
2018-01-18,Mettur,96.495,56.751
2018-01-19,Mettur,332.495,54.614
2018-01-20,Mettur,323.297,52.478
2018-01-21,Mettur,208.0,50.341
2018-01-22,Mettur,234.0,48.205
2018-01-23,Mettur,230.91,46.068
2018-01-24,Mettur,214.06,43.931
2018-01-25,Mettur,217.27,41.795
2018-01-26,Mettur,56.0,39.658
2018-01-27,Mettur,54.404,37.522
2018-01-28,Mettur,31.0,35.385
2018-01-29,Mettur,18.185,33.249
2018-01-30,Mettur,3.705,31.112
2018-01-31,Mettur,2.785,28.976
2018-02-01,Mettur,2.227,26.839
2018-02-02,Mettur,2.242,19.776
2018-02-03,Mettur,2.765,12.713
2018-02-04,Mettur,18.0,10.594
2018-02-05,Mettur,2.197,9.535
2018-02-06,Mettur,2.839,10.948
2018-02-07,Mettur,2.237,19.002
2018-02-08,Mettur,2.897,27.056
2018-02-09,Mettur,3.317,35.11
2018-02-10,Mettur,4.027,43.164
2018-02-11,Mettur,3.0,51.218
2018-02-12,Mettur,2.461,59.272
2018-02-13,Mettur,2.313,67.326
2018-02-14,Mettur,2.173,64.73
2018-02-15,Mettur,2.933,62.133
2018-02-16,Mettur,2.112,59.536
2018-02-17,Mettur,2.019,56.94
2018-02-18,Mettur,1.67,54.343
2018-02-19,Mettur,1.754,51.746
2018-02-20,Mettur,1.394,49.15
2018-02-21,Mettur,1.564,46.553
2018-02-22,Mettur,1.734,43.956
2018-02-23,Mettur,1.904,41.36
2018-02-24,Mettur,2.074,38.763
2018-02-25,Mettur,2.244,36.166
2018-02-26,Mettur,2.414,33.57
2018-02-27,Mettur,2.583,30.973
2018-02-28,Mettur,2.753,28.376
2018-03-01,Mettur,2.923,25.78
2018-03-02,Mettur,3.093,19.246
2018-03-03,Mettur,3.263,12.713
2018-03-04,Mettur,3.433,10.594
2018-03-05,Mettur,3.603,9.535
2018-03-06,Mettur,3.773,11.301
2018-03-07,Mettur,3.943,19.355
2018-03-08,Mettur,4.113,27.41
2018-03-09,Mettur,4.283,35.464
2018-03-10,Mettur,4.453,43.518
2018-03-11,Mettur,4.622,51.572
2018-03-12,Mettur,4.792,59.627
2018-03-13,Mettur,4.962,67.681
2018-03-14,Mettur,5.132,65.438
2018-03-15,Mettur,5.302,63.196
2018-03-16,Mettur,5.472,60.953
2018-03-17,Mettur,5.642,58.711
2018-03-18,Mettur,3.589,56.468
2018-03-19,Mettur,1.536,54.226
2018-03-20,Mettur,47.412,51.983
2018-03-21,Mettur,45.153,49.741
2018-03-22,Mettur,40.565,47.498
2018-03-23,Mettur,21.523,45.256
2018-03-24,Mettur,23.916,43.013
2018-03-25,Mettur,12.954,40.771
2018-03-26,Mettur,1.992,38.528
2018-03-27,Mettur,1.889,36.286
2018-03-28,Mettur,1.787,34.043
2018-03-29,Mettur,1.684,31.801
2018-03-30,Mettur,1.582,29.558
2018-03-31,Mettur,1.479,27.316
2018-04-01,Mettur,1.549,25.073
2018-04-02,Mettur,1.62,18.893
2018-04-03,Mettur,1.69,12.713
2018-04-04,Mettur,1.76,10.594
2018-04-05,Mettur,1.831,9.535
2018-04-06,Mettur,1.901,11.301
2018-04-07,Mettur,1.971,19.33
2018-04-08,Mettur,2.042,27.36
2018-04-09,Mettur,2.112,35.389
2018-04-10,Mettur,2.182,43.419
2018-04-11,Mettur,2.253,51.448
2018-04-12,Mettur,2.323,59.478
2018-04-13,Mettur,2.393,67.507
2018-04-14,Mettur,2.464,65.091
2018-04-15,Mettur,2.534,62.674
2018-04-16,Mettur,2.604,60.258
2018-04-17,Mettur,2.675,57.842
2018-04-18,Mettur,2.745,55.425
2018-04-19,Mettur,6.109,53.009
2018-04-20,Mettur,6.703,50.593
2018-04-21,Mettur,3.813,48.177
2018-04-22,Mettur,2.433,45.76
2018-04-23,Mettur,1.053,43.344
2018-04-24,Mettur,7.27,40.928
2018-04-25,Mettur,10.002,38.512
2018-04-26,Mettur,4.678,36.095
2018-04-27,Mettur,3.951,33.679
2018-04-28,Mettur,9.056,31.263
2018-04-29,Mettur,6.852,28.847
2018-04-30,Mettur,4.648,26.43
2018-05-01,Mettur,2.444,24.014
2018-05-02,Mettur,3.328,18.364
2018-05-03,Mettur,2.914,12.713
2018-05-04,Mettur,3.507,10.594
2018-05-05,Mettur,2.801,9.535
2018-05-06,Mettur,3.122,11.301
2018-05-07,Mettur,3.442,19.295
2018-05-08,Mettur,3.083,27.288
2018-05-09,Mettur,3.386,35.282
2018-05-10,Mettur,3.601,43.276
2018-05-11,Mettur,2.252,51.27
2018-05-12,Mettur,3.169,59.263
2018-05-13,Mettur,27.678,67.257
2018-05-14,Mettur,52.187,64.944
2018-05-15,Mettur,99.776,62.631
2018-05-16,Mettur,97.625,60.317
2018-05-17,Mettur,52.873,58.004
2018-05-18,Mettur,109.375,55.691
2018-05-19,Mettur,45.73,53.378
2018-05-20,Mettur,37.703,51.065
2018-05-21,Mettur,29.676,48.752
2018-05-22,Mettur,25.082,46.439
2018-05-23,Mettur,7.311,44.126
2018-05-24,Mettur,3.319,41.813
2018-05-25,Mettur,8.211,39.499
2018-05-26,Mettur,10.181,37.186
2018-05-27,Mettur,6.915,34.873
2018-05-28,Mettur,3.649,32.56
2018-05-29,Mettur,3.032,30.247
2018-05-30,Mettur,1.707,27.934
2018-05-31,Mettur,3.725,25.621
2018-06-01,Mettur,5.743,23.308
2018-06-02,Mettur,7.761,14.126
2018-06-03,Mettur,9.779,12.713
2018-06-04,Mettur,11.797,10.594
2018-06-05,Mettur,8.872,9.535
2018-06-06,Mettur,4.67,11.654
2018-06-07,Mettur,60.807,19.572
2018-06-08,Mettur,12.915,27.49
2018-06-09,Mettur,3.909,35.408
2018-06-10,Mettur,6.369,43.325
2018-06-11,Mettur,8.829,51.243
2018-06-12,Mettur,9.514,59.161
2018-06-13,Mettur,5.407,67.079
2018-06-14,Mettur,10.524,64.589
2018-06-15,Mettur,9.959,62.098
2018-06-16,Mettur,9.98,59.607
2018-06-17,Mettur,10.002,57.117
2018-06-18,Mettur,10.023,54.626
2018-06-19,Mettur,11.479,52.136
2018-06-20,Mettur,7.023,49.645
2018-06-21,Mettur,6.798,47.154
2018-06-22,Mettur,5.825,44.664
2018-06-23,Mettur,2.82,42.173
2018-06-24,Mettur,6.061,39.683
2018-06-25,Mettur,9.303,37.192
2018-06-26,Mettur,12.544,34.701
2018-06-27,Mettur,15.785,32.211
2018-06-28,Mettur,19.026,29.72
2018-06-29,Mettur,22.268,27.229
2018-06-30,Mettur,25.509,24.739
2018-07-01,Mettur,28.75,22.248
2018-07-02,Mettur,31.992,13.773
2018-07-03,Mettur,35.233,12.713
2018-07-04,Mettur,27.714,10.594
2018-07-05,Mettur,24.549,9.535
2018-07-06,Mettur,29.773,11.654
2018-07-07,Mettur,32.51,19.542
2018-07-08,Mettur,23.087,27.429
2018-07-09,Mettur,13.664,35.317
2018-07-10,Mettur,14.677,43.205
2018-07-11,Mettur,16.169,51.093
2018-07-12,Mettur,13.688,58.98
2018-07-13,Mettur,15.604,66.868
2018-07-14,Mettur,16.314,64.52
2018-07-15,Mettur,15.093,62.171
2018-07-16,Mettur,13.872,59.823
2018-07-17,Mettur,15.253,57.475
2018-07-18,Mettur,40.387,55.126
2018-07-19,Mettur,118.485,52.778
2018-07-20,Mettur,372.39,50.429
2018-07-21,Mettur,558.038,48.081
2018-07-22,Mettur,658.891,45.732
2018-07-23,Mettur,759.744,43.384
2018-07-24,Mettur,1956.0,41.036
2018-07-25,Mettur,2398.228,38.687
2018-07-26,Mettur,619.334,36.339
2018-07-27,Mettur,2311.072,33.99
2018-07-28,Mettur,1823.336,31.642
2018-07-29,Mettur,1408.738,29.294
2018-07-30,Mettur,994.139,26.945
2018-07-31,Mettur,658.828,24.597
2018-08-01,Mettur,526.648,22.248
2018-08-02,Mettur,482.874,14.126
2018-08-03,Mettur,508.971,12.713
2018-08-04,Mettur,494.029,10.594
2018-08-05,Mettur,500.59,9.535
2018-08-06,Mettur,507.151,11.654
2018-08-07,Mettur,508.397,19.491
2018-08-08,Mettur,493.874,27.329
2018-08-09,Mettur,528.008,35.166
2018-08-10,Mettur,848.605,43.003
2018-08-11,Mettur,1742.011,50.84
2018-08-12,Mettur,4017.476,58.678
2018-08-13,Mettur,3099.542,66.515
2018-08-14,Mettur,2649.329,64.167
2018-08-15,Mettur,4362.664,61.818
2018-08-16,Mettur,6076.0,59.47
2018-08-17,Mettur,6422.0,57.121
2018-08-18,Mettur,6808.0,54.773
2018-08-19,Mettur,6311.0,52.425
2018-08-20,Mettur,5968.0,50.076
2018-08-21,Mettur,3812.001,47.728
2018-08-22,Mettur,2149.33,45.379
2018-08-23,Mettur,486.66,43.031
2018-08-24,Mettur,791.694,40.682
2018-08-25,Mettur,515.401,38.334
2018-08-26,Mettur,681.613,35.986
2018-08-27,Mettur,847.825,33.637
2018-08-28,Mettur,666.965,31.289
2018-08-29,Mettur,459.477,28.94
2018-08-30,Mettur,245.0,26.592
2018-08-31,Mettur,404.825,24.244
2018-09-01,Mettur,523.614,21.895
2018-09-02,Mettur,544.82,13.773
2018-09-03,Mettur,566.025,12.713
2018-09-04,Mettur,282.551,10.241
2018-09-05,Mettur,273.1,9.535
2018-09-06,Mettur,270.0,12.007
2018-09-07,Mettur,244.6,19.726
2018-09-08,Mettur,454.544,27.444
2018-09-09,Mettur,493.498,35.163
2018-09-10,Mettur,532.453,42.882
2018-09-11,Mettur,613.589,50.601
2018-09-12,Mettur,610.818,58.319
2018-09-13,Mettur,616.974,66.038
2018-09-14,Mettur,623.13,63.566
2018-09-15,Mettur,669.049,61.094
2018-09-16,Mettur,664.027,58.622
2018-09-17,Mettur,659.005,56.15
2018-09-18,Mettur,639.838,53.678
2018-09-19,Mettur,585.73,51.206
2018-09-20,Mettur,653.45,48.734
2018-09-21,Mettur,617.898,46.262
2018-09-22,Mettur,582.346,43.79
2018-09-23,Mettur,609.334,41.318
2018-09-24,Mettur,636.322,38.846
2018-09-25,Mettur,643.497,36.374
2018-09-26,Mettur,637.693,33.902
2018-09-27,Mettur,774.581,31.43
2018-09-28,Mettur,810.675,28.958
2018-09-29,Mettur,789.5,26.486
2018-09-30,Mettur,607.55,24.014
2018-10-01,Mettur,425.6,21.542
2018-10-02,Mettur,506.15,13.773
2018-10-03,Mettur,586.7,12.713
2018-10-04,Mettur,392.8,10.241
2018-10-05,Mettur,237.1,9.888
2018-10-06,Mettur,181.9,12.007
2018-10-07,Mettur,200.9,19.746
2018-10-08,Mettur,219.9,27.485
2018-10-09,Mettur,216.7,35.224
2018-10-10,Mettur,188.5,42.963
2018-10-11,Mettur,322.9,50.702
2018-10-12,Mettur,278.4,58.441
2018-10-13,Mettur,231.9,66.18
2018-10-14,Mettur,305.9,63.849
2018-10-15,Mettur,379.9,61.518
2018-10-16,Mettur,416.8,59.187
2018-10-17,Mettur,384.2,56.857
2018-10-18,Mettur,385.533,54.526
2018-10-19,Mettur,386.867,52.195
2018-10-20,Mettur,388.2,49.864
2018-10-21,Mettur,386.2,47.534
2018-10-22,Mettur,384.2,45.203
2018-10-23,Mettur,367.8,42.872
2018-10-24,Mettur,372.2,40.541
2018-10-25,Mettur,367.8,38.21
2018-10-26,Mettur,372.2,35.88
2018-10-27,Mettur,447.0,33.549
2018-10-28,Mettur,452.809,31.218
2018-10-29,Mettur,458.618,28.887
2018-10-30,Mettur,480.062,26.557
2018-10-31,Mettur,456.035,24.226
2018-11-01,Mettur,382.973,21.895
2018-11-02,Mettur,267.2,13.773
2018-11-03,Mettur,123.0,12.36
2018-11-04,Mettur,136.95,10.241
2018-11-05,Mettur,150.9,9.888
2018-11-06,Mettur,89.182,12.007
2018-11-07,Mettur,27.463,21.306
2018-11-08,Mettur,104.7,30.606
2018-11-09,Mettur,104.7,39.906
2018-11-10,Mettur,123.0,49.205
2018-11-11,Mettur,179.75,58.504
2018-11-12,Mettur,236.5,67.804
2018-11-13,Mettur,191.9,65.351
2018-11-14,Mettur,90.58,62.897
2018-11-15,Mettur,80.02,60.444
2018-11-16,Mettur,7.962,57.99
2018-11-17,Mettur,162.1,55.537
2018-11-18,Mettur,123.55,53.084
2018-11-19,Mettur,85.0,50.63
2018-11-20,Mettur,139.1,48.177
2018-11-21,Mettur,139.1,45.723
2018-11-22,Mettur,139.1,43.27
2018-11-23,Mettur,119.95,40.816
2018-11-24,Mettur,100.8,38.363
2018-11-25,Mettur,88.075,35.909
2018-11-26,Mettur,75.35,33.456
2018-11-27,Mettur,91.0,31.003
2018-11-28,Mettur,70.12,28.549
2018-11-29,Mettur,75.35,26.096
2018-11-30,Mettur,96.0,23.642
2018-12-01,Mettur,127.7,21.189
2018-12-02,Mettur,110.345,13.773
2018-12-03,Mettur,92.99,12.36
2018-12-04,Mettur,148.5,10.241
2018-12-05,Mettur,170.1,9.535
2018-12-06,Mettur,181.3,12.007
2018-12-07,Mettur,181.3,21.189
2018-12-08,Mettur,178.3,30.371
2018-12-09,Mettur,178.3,39.552
2018-12-10,Mettur,178.3,48.734
2018-12-11,Mettur,252.9,57.916
2018-12-12,Mettur,259.9,67.098
2018-12-13,Mettur,243.8,66.127
2018-12-14,Mettur,252.9,65.156
2018-12-15,Mettur,302.4,64.184
2018-12-16,Mettur,315.129,63.213
2018-12-17,Mettur,327.858,62.242
2018-12-18,Mettur,333.051,61.271
2018-12-19,Mettur,357.908,60.3
2018-12-20,Mettur,480.084,59.329
2018-12-21,Mettur,472.158,58.357
2018-12-22,Mettur,442.843,57.386
2018-12-23,Mettur,369.272,56.415
2018-12-24,Mettur,295.7,55.444
2018-12-25,Mettur,254.55,54.473
2018-12-26,Mettur,213.4,53.502
2018-12-27,Mettur,216.1,52.531
2018-12-28,Mettur,227.1,51.559
2018-12-29,Mettur,216.1,50.588
2018-12-30,Mettur,216.1,49.617
2018-12-31,Mettur,216.1,48.646
2019-01-01,Mettur,221.8,47.675
2019-01-02,Mettur,221.8,39.2
2019-01-03,Mettur,216.1,30.724
2019-01-04,Mettur,207.8,26.839
2019-01-05,Mettur,213.4,19.776
2019-01-06,Mettur,237.0,15.538
2019-01-07,Mettur,260.6,13.773
2019-01-08,Mettur,267.3,17.304
2019-01-09,Mettur,260.6,25.674
2019-01-10,Mettur,254.7,34.043
2019-01-11,Mettur,254.7,42.413
2019-01-12,Mettur,260.6,50.782
2019-01-13,Mettur,211.05,59.152
2019-01-14,Mettur,161.5,67.522
2019-01-15,Mettur,165.35,75.891
2019-01-16,Mettur,169.2,84.261
2019-01-17,Mettur,118.3,81.93
2019-01-18,Mettur,132.6,79.599
2019-01-19,Mettur,80.63,77.268
2019-01-20,Mettur,62.575,74.938
2019-01-21,Mettur,44.52,72.607
2019-01-22,Mettur,39.07,70.276
2019-01-23,Mettur,11.81,67.945
2019-01-24,Mettur,41.62,65.615
2019-01-25,Mettur,12.79,63.284
2019-01-26,Mettur,46.26,60.953
2019-01-27,Mettur,79.73,58.622
2019-01-28,Mettur,113.2,56.292
2019-01-29,Mettur,9.602,53.961
2019-01-30,Mettur,5.211,51.63
2019-01-31,Mettur,12.146,49.299
2019-02-01,Mettur,13.858,46.969
2019-02-02,Mettur,13.649,38.846
2019-02-03,Mettur,12.582,30.724
2019-02-04,Mettur,11.516,26.133
2019-02-05,Mettur,18.169,19.423
2019-02-06,Mettur,18.171,15.538
2019-02-07,Mettur,15.6,13.773
2019-02-08,Mettur,14.841,18.01
2019-02-09,Mettur,12.919,26.065
2019-02-10,Mettur,13.301,34.12
2019-02-11,Mettur,13.683,42.175
2019-02-12,Mettur,12.353,50.23
2019-02-13,Mettur,12.798,58.284
2019-02-14,Mettur,11.826,66.339
2019-02-15,Mettur,12.777,74.394
2019-02-16,Mettur,13.441,82.449
2019-02-17,Mettur,9.44,79.666
2019-02-18,Mettur,5.438,76.882
2019-02-19,Mettur,2.421,74.098
2019-02-20,Mettur,2.269,71.315
2019-02-21,Mettur,1.247,68.531
2019-02-22,Mettur,5.41,65.748
2019-02-23,Mettur,3.585,62.964
2019-02-24,Mettur,8.751,60.18
2019-02-25,Mettur,13.917,57.397
2019-02-26,Mettur,12.788,54.613
2019-02-27,Mettur,11.315,51.829
2019-02-28,Mettur,1764.815,49.046
2019-03-01,Mettur,2808.572,46.262
2019-03-02,Mettur,2466.727,38.316
2019-03-03,Mettur,2059.292,30.371
2019-03-04,Mettur,1651.857,25.78
2019-03-05,Mettur,14.148,19.423
2019-03-06,Mettur,13.19,15.538
2019-03-07,Mettur,12.52,13.773
2019-03-08,Mettur,12.351,18.364
2019-03-09,Mettur,1498.467,26.566
2019-03-10,Mettur,756.352,34.768
2019-03-11,Mettur,14.238,42.969
2019-03-12,Mettur,15.349,51.171
2019-03-13,Mettur,14.153,59.373
2019-03-14,Mettur,14.975,67.574
2019-03-15,Mettur,13.491,75.776
2019-03-16,Mettur,12.533,83.978
2019-03-17,Mettur,13.074,81.577
2019-03-18,Mettur,13.615,79.175
2019-03-19,Mettur,12.351,76.774
2019-03-20,Mettur,11.891,74.373
2019-03-21,Mettur,11.152,71.971
2019-03-22,Mettur,7.906,69.57
2019-03-23,Mettur,7.444,67.168
2019-03-24,Mettur,7.737,64.767
2019-03-25,Mettur,8.03,62.366
2019-03-26,Mettur,8.158,59.964
2019-03-27,Mettur,7.635,57.563
2019-03-28,Mettur,7.204,55.162
2019-03-29,Mettur,7.136,52.76
2019-03-30,Mettur,7.295,50.359
2019-03-31,Mettur,10.587,47.957
2019-04-01,Mettur,13.879,45.556
2019-04-02,Mettur,6168.334,37.963
2019-04-03,Mettur,5835.676,30.371
2019-04-04,Mettur,5606.352,25.073
2019-04-05,Mettur,5551.081,19.423
2019-04-06,Mettur,5381.216,15.538
2019-04-07,Mettur,5259.408,13.773
2019-04-08,Mettur,5137.6,19.07
2019-04-09,Mettur,4459.875,27.102
2019-04-10,Mettur,4303.457,35.134
2019-04-11,Mettur,2807.857,43.165
2019-04-12,Mettur,1930.727,51.197
2019-04-13,Mettur,2462.5,59.229
2019-04-14,Mettur,1235.0,67.26
2019-04-15,Mettur,7.499,75.292
2019-04-16,Mettur,6.081,83.324
2019-04-17,Mettur,6.42,80.759
2019-04-18,Mettur,6.76,78.194
2019-04-19,Mettur,7.099,75.629
2019-04-20,Mettur,7.438,73.064
2019-04-21,Mettur,777.406,70.499
2019-04-22,Mettur,1547.375,67.934
2019-04-23,Mettur,1325.222,65.369
2019-04-24,Mettur,1270.649,62.804
2019-04-25,Mettur,16.014,60.239
2019-04-26,Mettur,15.787,57.674
2019-04-27,Mettur,11.68,55.109
2019-04-28,Mettur,10.961,52.545
2019-04-29,Mettur,10.242,49.98
2019-04-30,Mettur,9.997,47.415
2019-05-01,Mettur,10.69,44.85
2019-05-02,Mettur,9.914,37.61
2019-05-03,Mettur,8.479,30.371
2019-05-04,Mettur,8.393,24.72
2019-05-05,Mettur,8.026,19.07
2019-05-06,Mettur,7.658,15.538
2019-05-07,Mettur,8.076,13.42
2019-05-08,Mettur,7.308,19.423
2019-05-09,Mettur,4.906,27.457
2019-05-10,Mettur,3.251,35.491
2019-05-11,Mettur,3.37,43.525
2019-05-12,Mettur,3.294,51.56
2019-05-13,Mettur,3.219,59.594
2019-05-14,Mettur,19.4,67.628
2019-05-15,Mettur,21.49,75.662
2019-05-16,Mettur,21.49,83.696
2019-05-17,Mettur,19.4,81.224
2019-05-18,Mettur,15.086,78.752
2019-05-19,Mettur,10.771,76.28
2019-05-20,Mettur,6.457,73.808
2019-05-21,Mettur,8.558,71.336
2019-05-22,Mettur,17.6,68.864
2019-05-23,Mettur,9.185,66.392
2019-05-24,Mettur,7.573,63.92
2019-05-25,Mettur,7.353,61.448
2019-05-26,Mettur,7.258,58.975
2019-05-27,Mettur,7.164,56.503
2019-05-28,Mettur,3.104,54.031
2019-05-29,Mettur,3.067,51.559
2019-05-30,Mettur,2.702,49.087
2019-05-31,Mettur,14.277,46.615
2019-06-01,Mettur,4.361,44.143
2019-06-02,Mettur,6.64,37.08
2019-06-03,Mettur,8.919,30.017
2019-06-04,Mettur,8.933,24.014
2019-06-05,Mettur,14.732,19.07
2019-06-06,Mettur,20.53,15.185
2019-06-07,Mettur,13.476,13.42
2019-06-08,Mettur,12.485,19.776
2019-06-09,Mettur,10.954,27.673
2019-06-10,Mettur,9.422,35.57
2019-06-11,Mettur,10.352,43.467
2019-06-12,Mettur,9.336,51.364
2019-06-13,Mettur,7.636,59.261
2019-06-14,Mettur,8.377,67.158
2019-06-15,Mettur,7.717,75.055
2019-06-16,Mettur,7.717,82.952
2019-06-17,Mettur,0.494,80.294
2019-06-18,Mettur,0.888,77.637
2019-06-19,Mettur,0.804,74.979
2019-06-20,Mettur,1.969,72.321
2019-06-21,Mettur,3.133,69.663
2019-06-22,Mettur,4.298,67.005
2019-06-23,Mettur,4.042,64.347
2019-06-24,Mettur,3.786,61.689
2019-06-25,Mettur,4.204,59.031
2019-06-26,Mettur,5.47,56.373
2019-06-27,Mettur,4.435,53.715
2019-06-28,Mettur,5.336,51.058
2019-06-29,Mettur,5.254,48.4
2019-06-30,Mettur,3.153,45.742
2019-07-01,Mettur,1.053,43.084
2019-07-02,Mettur,1.001,36.55
2019-07-03,Mettur,0.958,30.017
2019-07-04,Mettur,0.449,23.661
2019-07-05,Mettur,0.48,19.07
2019-07-06,Mettur,0.466,15.185
2019-07-07,Mettur,0.452,13.42
2019-07-08,Mettur,0.438,20.129
2019-07-09,Mettur,0.423,28.048
2019-07-10,Mettur,0.409,35.968
2019-07-11,Mettur,0.395,43.887
2019-07-12,Mettur,0.381,51.806
2019-07-13,Mettur,3.236,59.726
2019-07-14,Mettur,2.95,67.645
2019-07-15,Mettur,2.665,75.565
2019-07-16,Mettur,6.903,83.484
2019-07-17,Mettur,20.28,80.959
2019-07-18,Mettur,29.02,78.434
2019-07-19,Mettur,18.54,75.909
2019-07-20,Mettur,25.08,73.384
2019-07-21,Mettur,19.11,70.859
2019-07-22,Mettur,13.14,68.334
2019-07-23,Mettur,16.166,65.809
2019-07-24,Mettur,10.675,63.284
2019-07-25,Mettur,6.578,60.759
2019-07-26,Mettur,6.823,58.234
2019-07-27,Mettur,11.691,55.709
2019-07-28,Mettur,8.228,53.184
2019-07-29,Mettur,4.765,50.659
2019-07-30,Mettur,5.049,48.134
2019-07-31,Mettur,5.242,45.609
2019-08-01,Mettur,4.417,43.084
2019-08-02,Mettur,3.984,36.55
2019-08-03,Mettur,18.44,30.017
2019-08-04,Mettur,16.596,22.955
2019-08-05,Mettur,14.752,19.07
2019-08-06,Mettur,9.573,15.185
2019-08-07,Mettur,6.592,13.42
2019-08-08,Mettur,5.319,20.483
2019-08-09,Mettur,4.288,28.358
2019-08-10,Mettur,2.765,36.233
2019-08-11,Mettur,3.847,44.108
2019-08-12,Mettur,4.928,51.983
2019-08-13,Mettur,6.01,59.859
2019-08-14,Mettur,12.644,67.734
2019-08-15,Mettur,130.422,75.609
2019-08-16,Mettur,248.2,83.484
2019-08-17,Mettur,262.127,80.959
2019-08-18,Mettur,266.357,78.434
2019-08-19,Mettur,270.587,75.909
2019-08-20,Mettur,255.2,73.384
2019-08-21,Mettur,248.2,70.859
2019-08-22,Mettur,234.0,68.334
2019-08-23,Mettur,234.0,65.809
2019-08-24,Mettur,283.534,63.284
2019-08-25,Mettur,258.767,60.759
2019-08-26,Mettur,234.0,58.234
2019-08-27,Mettur,202.9,55.709
2019-08-28,Mettur,197.2,53.184
2019-08-29,Mettur,208.4,50.659
2019-08-30,Mettur,241.8,48.134
2019-08-31,Mettur,236.6,45.609
2019-09-01,Mettur,15374.772,43.084
2019-09-02,Mettur,15374.772,36.55
2019-09-03,Mettur,15374.772,30.017
2019-09-04,Mettur,36095.91,22.601
2019-09-05,Mettur,17572.75,18.717
2019-09-06,Mettur,17572.75,15.185
2019-09-07,Mettur,65939.414,13.42
2019-09-08,Mettur,75433.707,20.836
2019-09-09,Mettur,84928.0,29.118
2019-09-10,Mettur,113409.94,37.399
2019-09-11,Mettur,101356.125,45.681
2019-09-12,Mettur,89302.31,53.962
2019-09-13,Mettur,19708.107,62.244
2019-09-14,Mettur,45938.344,70.525
2019-09-15,Mettur,31864.047,78.807
2019-09-16,Mettur,17789.75,73.882
2019-09-17,Mettur,17784.75,68.957
2019-09-18,Mettur,13081.458,64.031
2019-09-19,Mettur,12040.8,59.106
2019-09-20,Mettur,12551.633,54.18
2019-09-21,Mettur,8362.909,49.255
2019-09-22,Mettur,9253.802,44.329
2019-09-23,Mettur,10144.694,39.404
2019-09-24,Mettur,13579.449,34.478
2019-09-25,Mettur,73208.57,29.553
2019-09-26,Mettur,47391.58,24.627
2019-09-27,Mettur,37040.87,19.702
2019-09-28,Mettur,36095.91,14.776
2019-09-29,Mettur,23666.128,9.851
2019-09-30,Mettur,11236.346,4.925
2019-10-01,Mettur,310.7,13.171
2019-10-02,Mettur,314.2,21.418
2019-10-03,Mettur,317.7,29.664
2019-10-04,Mettur,297.9,22.248
2019-10-05,Mettur,445.6,18.717
2019-10-06,Mettur,476.175,15.185
2019-10-07,Mettur,506.75,13.066
2019-10-08,Mettur,537.325,22.111
2019-10-09,Mettur,567.9,31.156
2019-10-10,Mettur,618.9,40.201
2019-10-11,Mettur,602.3,49.246
2019-10-12,Mettur,593.2,58.291
2019-10-13,Mettur,614.35,67.336
2019-10-14,Mettur,635.5,76.381
2019-10-15,Mettur,512.6,85.426
2019-10-16,Mettur,535.3,82.707
2019-10-17,Mettur,228.3,79.988
2019-10-18,Mettur,124.1,77.268
2019-10-19,Mettur,175.0,74.549
2019-10-20,Mettur,142.8,71.83
2019-10-21,Mettur,110.6,69.111
2019-10-22,Mettur,95.6,66.392
2019-10-23,Mettur,248.2,63.672
2019-10-24,Mettur,1513.0,60.953
2019-10-25,Mettur,1181.2,58.234
2019-10-26,Mettur,686.7,55.515
2019-10-27,Mettur,591.95,52.795
2019-10-28,Mettur,497.2,50.076
2019-10-29,Mettur,792.4,47.357
2019-10-30,Mettur,678.2,44.638
2019-10-31,Mettur,608.1,41.919
2019-11-01,Mettur,524.218,39.199
2019-11-02,Mettur,7367.059,32.843
2019-11-03,Mettur,3844.264,29.664
2019-11-04,Mettur,321.47,21.895
2019-11-05,Mettur,9645.51,18.717
2019-11-06,Mettur,5513.429,15.185
2019-11-07,Mettur,4751.316,13.066
2019-11-08,Mettur,594.357,22.043
2019-11-09,Mettur,597.921,31.021
2019-11-10,Mettur,576.686,39.998
2019-11-11,Mettur,555.451,48.976
2019-11-12,Mettur,530.538,57.953
2019-11-13,Mettur,505.624,66.93
2019-11-14,Mettur,363.304,75.908
2019-11-15,Mettur,11429.269,84.885
2019-11-16,Mettur,7880.5,81.986
2019-11-17,Mettur,9435.75,79.086
2019-11-18,Mettur,10991.0,76.187
2019-11-19,Mettur,12069.583,73.287
2019-11-20,Mettur,11574.391,70.388
2019-11-21,Mettur,11299.19,67.488
2019-11-22,Mettur,12069.583,64.589
2019-11-23,Mettur,10991.0,61.689
2019-11-24,Mettur,9435.75,58.79
2019-11-25,Mettur,7880.5,55.89
2019-11-26,Mettur,8368.448,52.991
2019-11-27,Mettur,7358.548,50.091
2019-11-28,Mettur,7199.841,47.192
2019-11-29,Mettur,7617.213,44.292
2019-11-30,Mettur,7488.78,41.393
2019-12-01,Mettur,9239.89,38.493
2019-12-02,Mettur,10991.0,32.843
2019-12-03,Mettur,652.483,29.664
2019-12-04,Mettur,510.156,21.895
2019-12-05,Mettur,364.687,18.364
2019-12-06,Mettur,329.979,15.185
2019-12-07,Mettur,10256.538,13.066
2019-12-08,Mettur,8172.484,21.965
2019-12-09,Mettur,6088.429,30.865
2019-12-10,Mettur,3605.51,39.764
2019-12-11,Mettur,4632.326,48.663
2019-12-12,Mettur,3093.714,57.563
2019-12-13,Mettur,2648.174,66.462
2019-12-14,Mettur,4152.444,75.361
2019-12-15,Mettur,6083.953,84.261
2019-12-16,Mettur,8015.462,93.16
2019-12-17,Mettur,4532.414,93.054
2019-12-18,Mettur,4701.807,92.948
2019-12-19,Mettur,3804.632,92.842
2019-12-20,Mettur,7199.841,92.736
2019-12-21,Mettur,3093.714,92.63
2019-12-22,Mettur,7042.357,92.524
2019-12-23,Mettur,10991.0,92.418
2019-12-24,Mettur,12069.583,92.313
2019-12-25,Mettur,6827.262,92.207
2019-12-26,Mettur,1584.941,92.101
2019-12-27,Mettur,1898.333,91.995
2019-12-28,Mettur,1326.474,91.889
2019-12-29,Mettur,1126.006,91.783
2019-12-30,Mettur,925.538,91.677
2019-12-31,Mettur,59.474,91.571
2020-01-01,Mettur,57.761,91.465
2020-01-02,Mettur,10793.571,83.813
2020-01-03,Mettur,10793.571,76.162
2020-01-04,Mettur,10386.316,68.51
2020-01-05,Mettur,360.0,64.979
2020-01-06,Mettur,10551.504,66.392
2020-01-07,Mettur,8756.19,64.979
2020-01-08,Mettur,10551.504,63.566
2020-01-09,Mettur,9482.0,62.154
2020-01-10,Mettur,8891.68,60.741
2020-01-11,Mettur,9335.537,64.626
2020-01-12,Mettur,267.0,66.392
2020-01-13,Mettur,9335.537,63.072
2020-01-14,Mettur,8891.68,59.752
2020-01-15,Mettur,235.5,56.433
2020-01-16,Mettur,8622.677,53.113
2020-01-17,Mettur,8756.19,49.794
2020-01-18,Mettur,8622.677,46.474
2020-01-19,Mettur,105.0,43.155
2020-01-20,Mettur,2950.734,39.835
2020-01-21,Mettur,3694.063,36.515
2020-01-22,Mettur,2870.571,33.196
2020-01-23,Mettur,2870.571,29.876
2020-01-24,Mettur,3494.184,26.557
2020-01-25,Mettur,3494.184,23.237
2020-01-26,Mettur,40.0,19.917
2020-01-27,Mettur,46.496,16.598
2020-01-28,Mettur,43.258,13.278
2020-01-29,Mettur,47.024,9.959
2020-01-30,Mettur,11.022,6.639
2020-01-31,Mettur,6.311,3.32
2020-02-01,Mettur,5.201,12.25
2020-02-02,Mettur,15.0,21.179
2020-02-03,Mettur,17.127,30.109
2020-02-04,Mettur,17.346,39.038
2020-02-05,Mettur,17.908,47.968
2020-02-06,Mettur,40.42,56.897
2020-02-07,Mettur,12.505,65.827
2020-02-08,Mettur,44.471,65.262
2020-02-09,Mettur,19.0,64.696
2020-02-10,Mettur,44.331,64.131
2020-02-11,Mettur,41.819,63.566
2020-02-12,Mettur,57.501,66.745
2020-02-13,Mettur,69.31,68.02
2020-02-14,Mettur,21.77,69.295
2020-02-15,Mettur,17.737,70.57
2020-02-16,Mettur,41.0,71.846
2020-02-17,Mettur,48.166,73.121
2020-02-18,Mettur,17.549,74.396
2020-02-19,Mettur,37.458,75.671
2020-02-20,Mettur,11.723,76.947
2020-02-21,Mettur,12.629,78.222
2020-02-22,Mettur,11.304,79.497
2020-02-23,Mettur,11.0,80.772
2020-02-24,Mettur,11.188,82.048
2020-02-25,Mettur,4.787,83.323
2020-02-26,Mettur,8.319,84.598
2020-02-27,Mettur,3.527,85.873
2020-02-28,Mettur,14.541,87.149
2020-02-29,Mettur,9.428,88.424
2020-03-01,Mettur,8.0,89.699
2020-03-02,Mettur,9.619,80.694
2020-03-03,Mettur,7.682,71.689
2020-03-04,Mettur,8.742,68.157
2020-03-05,Mettur,25.13,64.979
2020-03-06,Mettur,16.077,66.745
2020-03-07,Mettur,12.589,65.897
2020-03-08,Mettur,21.0,65.05
2020-03-09,Mettur,37.21,64.202
2020-03-10,Mettur,25.124,63.355
2020-03-11,Mettur,43.382,62.507
2020-03-12,Mettur,8.966,67.451
2020-03-13,Mettur,8.279,68.528
2020-03-14,Mettur,39.101,69.605
2020-03-15,Mettur,7.0,70.682
2020-03-16,Mettur,212.606,71.759
2020-03-17,Mettur,44.464,72.837
2020-03-18,Mettur,13.289,73.914
2020-03-19,Mettur,15.272,74.991
2020-03-20,Mettur,48.924,76.068
2020-03-21,Mettur,6.16,77.145
2020-03-22,Mettur,7.0,78.222
2020-03-23,Mettur,69.14,79.299
2020-03-24,Mettur,26.916,80.376
2020-03-25,Mettur,25.993,81.453
2020-03-26,Mettur,25.07,82.53
2020-03-27,Mettur,24.148,83.607
2020-03-28,Mettur,23.225,84.685
2020-03-29,Mettur,22.302,85.762
2020-03-30,Mettur,21.379,86.839
2020-03-31,Mettur,20.456,87.916
2020-04-01,Mettur,19.533,88.993
2020-04-02,Mettur,18.611,80.341
2020-04-03,Mettur,17.688,71.689
2020-04-04,Mettur,16.765,68.157
2020-04-05,Mettur,15.842,64.979
2020-04-06,Mettur,14.919,66.745
2020-04-07,Mettur,13.997,65.597
2020-04-08,Mettur,13.074,64.45
2020-04-09,Mettur,12.151,63.302
2020-04-10,Mettur,11.228,62.154
2020-04-11,Mettur,10.305,61.448
2020-04-12,Mettur,9.383,67.804
2020-04-13,Mettur,8.46,68.864
2020-04-14,Mettur,7.537,69.923
2020-04-15,Mettur,6.614,70.982
2020-04-16,Mettur,5.691,72.042
2020-04-17,Mettur,4.768,73.101
2020-04-18,Mettur,3.846,74.161
2020-04-19,Mettur,2.923,75.22
2020-04-20,Mettur,2.0,76.28
2020-04-21,Mettur,40.0,77.339
2020-04-22,Mettur,8.5,78.399
2020-04-23,Mettur,5.0,79.458
2020-04-24,Mettur,4.5,80.517
2020-04-25,Mettur,38.0,81.577
2020-04-26,Mettur,36.0,82.636
2020-04-27,Mettur,6.937,83.696
2020-04-28,Mettur,41.845,84.755
2020-04-29,Mettur,69.14,85.815
2020-04-30,Mettur,47.498,86.874
2020-05-01,Mettur,47.955,87.934
2020-05-02,Mettur,8.036,79.812
2020-05-03,Mettur,5.0,71.689
2020-05-04,Mettur,46.111,67.804
2020-05-05,Mettur,186.228,64.979
2020-05-06,Mettur,2.801,66.745
2020-05-07,Mettur,2.0,65.686
2020-05-08,Mettur,2.244,64.626
2020-05-09,Mettur,24.123,63.566
2020-05-10,Mettur,4.0,62.507
2020-05-11,Mettur,5.967,60.388
2020-05-12,Mettur,7.394,68.157
2020-05-13,Mettur,8.147,69.111
2020-05-14,Mettur,8.089,70.064
2020-05-15,Mettur,7.884,71.018
2020-05-16,Mettur,17.207,71.971
2020-05-17,Mettur,5.0,72.925
2020-05-18,Mettur,12.081,73.878
2020-05-19,Mettur,12.338,74.832
2020-05-20,Mettur,7.296,75.785
2020-05-21,Mettur,9.902,76.739
2020-05-22,Mettur,42.019,77.692
2020-05-23,Mettur,10.956,78.646
2020-05-24,Mettur,39.0,79.599
2020-05-25,Mettur,9.5,80.553
2020-05-26,Mettur,15.613,81.506
2020-05-27,Mettur,15.111,82.46
2020-05-28,Mettur,7.346,83.413
2020-05-29,Mettur,7.162,84.367
2020-05-30,Mettur,51.75,85.32
2020-05-31,Mettur,15.0,86.274
2020-06-01,Mettur,12.417,87.227
2020-06-02,Mettur,9.926,79.282
2020-06-03,Mettur,5.674,71.336
2020-06-04,Mettur,6.071,67.804
2020-06-05,Mettur,4.77,64.979
2020-06-06,Mettur,3.056,67.098
2020-06-07,Mettur,2.5,66.038
2020-06-08,Mettur,1.925,64.979
2020-06-09,Mettur,1.973,63.92
2020-06-10,Mettur,3.681,62.86
2020-06-11,Mettur,6.065,59.329
2020-06-12,Mettur,6.026,68.51
2020-06-13,Mettur,7.347,69.458
2020-06-14,Mettur,140.0,70.406
2020-06-15,Mettur,262.1,71.354
2020-06-16,Mettur,255.9,72.302
2020-06-17,Mettur,267.5,73.25
2020-06-18,Mettur,277.1,74.198
2020-06-19,Mettur,236.0,75.146
2020-06-20,Mettur,262.1,76.094
2020-06-21,Mettur,292.0,77.042
2020-06-22,Mettur,262.1,77.99
2020-06-23,Mettur,287.0,78.938
2020-06-24,Mettur,262.1,79.885
2020-06-25,Mettur,287.0,80.833
2020-06-26,Mettur,287.0,81.781
2020-06-27,Mettur,302.7,82.729
2020-06-28,Mettur,256.0,83.677
2020-06-29,Mettur,262.1,84.625
2020-06-30,Mettur,262.1,85.573
2020-07-01,Mettur,287.0,86.521
2020-07-02,Mettur,313.5,78.928
2020-07-03,Mettur,434.195,71.336
2020-07-04,Mettur,542.234,67.451
2020-07-05,Mettur,428.0,64.979
2020-07-06,Mettur,393.92,67.098
2020-07-07,Mettur,450.269,66.127
2020-07-08,Mettur,424.128,65.156
2020-07-09,Mettur,457.961,64.184
2020-07-10,Mettur,417.081,63.213
2020-07-11,Mettur,433.327,58.975
2020-07-12,Mettur,434.0,64.334
2020-07-13,Mettur,333.767,69.693
2020-07-14,Mettur,407.036,70.523
2020-07-15,Mettur,344.1,71.353
2020-07-16,Mettur,378.312,72.183
2020-07-17,Mettur,228.2,73.013
2020-07-18,Mettur,255.7,73.843
2020-07-19,Mettur,228.0,74.673
2020-07-20,Mettur,288.3,75.503
2020-07-21,Mettur,303.9,76.333
2020-07-22,Mettur,247.8,77.163
2020-07-23,Mettur,274.8,77.992
2020-07-24,Mettur,282.4,78.822
2020-07-25,Mettur,282.4,79.652
2020-07-26,Mettur,274.0,80.482
2020-07-27,Mettur,266.9,81.312
2020-07-28,Mettur,282.4,82.142
2020-07-29,Mettur,303.9,82.972
2020-07-30,Mettur,203.7,83.802
2020-07-31,Mettur,178.7,84.632
2020-08-01,Mettur,178.0,85.461
2020-08-02,Mettur,65.0,78.221
2020-08-03,Mettur,77.52,70.982
2020-08-04,Mettur,68.05,67.098
2020-08-05,Mettur,68.05,64.979
2020-08-06,Mettur,52.245,67.098
2020-08-07,Mettur,60.67,65.95
2020-08-08,Mettur,52.01,64.802
2020-08-09,Mettur,53.0,63.655
2020-08-10,Mettur,12.947,62.507
2020-08-11,Mettur,143.8,58.975
2020-08-12,Mettur,267.0,64.652
2020-08-13,Mettur,261.1,70.329
2020-08-14,Mettur,1.76,71.088
2020-08-15,Mettur,410.0,71.848
2020-08-16,Mettur,407.0,72.607
2020-08-17,Mettur,395.398,73.366
2020-08-18,Mettur,456.557,74.125
2020-08-19,Mettur,428.435,74.885
2020-08-20,Mettur,484.284,75.644
2020-08-21,Mettur,577.423,76.403
2020-08-22,Mettur,535.915,77.163
2020-08-23,Mettur,494.406,77.922
2020-08-24,Mettur,452.898,78.681
2020-08-25,Mettur,646.724,79.44
2020-08-26,Mettur,593.282,80.2
2020-08-27,Mettur,538.933,80.959
2020-08-28,Mettur,483.988,81.718
2020-08-29,Mettur,429.044,82.477
2020-08-30,Mettur,427.984,83.237
2020-08-31,Mettur,426.923,83.996
2020-09-01,Mettur,462.111,84.755
2020-09-02,Mettur,482.318,77.868
2020-09-03,Mettur,288.2,70.982
2020-09-04,Mettur,288.2,67.098
2020-09-05,Mettur,237.0,64.979
2020-09-06,Mettur,160.0,67.098
2020-09-07,Mettur,175.8,65.473
2020-09-08,Mettur,175.8,63.849
2020-09-09,Mettur,215.7,62.224
2020-09-10,Mettur,179.6,60.6
2020-09-11,Mettur,224.7,58.975
2020-09-12,Mettur,175.8,64.821
2020-09-13,Mettur,175.0,70.667
2020-09-14,Mettur,175.8,71.41
2020-09-15,Mettur,424.399,72.153
2020-09-16,Mettur,391.81,72.897
2020-09-17,Mettur,476.703,73.64
2020-09-18,Mettur,514.925,74.384
2020-09-19,Mettur,515.764,75.127
2020-09-20,Mettur,525.0,75.871
2020-09-21,Mettur,587.161,76.614
2020-09-22,Mettur,614.449,77.358
2020-09-23,Mettur,555.568,78.101
2020-09-24,Mettur,606.712,78.845
2020-09-25,Mettur,675.382,79.588
2020-09-26,Mettur,672.588,80.332
2020-09-27,Mettur,674.0,81.075
2020-09-28,Mettur,701.906,81.819
2020-09-29,Mettur,638.684,82.562
2020-09-30,Mettur,248.3,83.305
2020-10-01,Mettur,159.1,84.049
2020-10-02,Mettur,175.0,77.516
2020-10-03,Mettur,151.7,70.982
2020-10-04,Mettur,151.0,67.098
2020-10-05,Mettur,147.8,64.979
2020-10-06,Mettur,164.4,67.098
2020-10-07,Mettur,164.4,58.092
2020-10-08,Mettur,480.704,49.087
2020-10-09,Mettur,549.663,54.738
2020-10-10,Mettur,641.86,62.154
2020-10-11,Mettur,635.422,58.975
2020-10-12,Mettur,635.422,50.5
2020-10-13,Mettur,457.951,42.024
2020-10-14,Mettur,483.917,33.549
2020-10-15,Mettur,417.1,25.073
2020-10-16,Mettur,467.251,16.598
2020-10-17,Mettur,547.315,20.747
2020-10-18,Mettur,637.0,24.897
2020-10-19,Mettur,511.262,29.046
2020-10-20,Mettur,555.828,33.196
2020-10-21,Mettur,341.4,37.345
2020-10-22,Mettur,341.4,41.495
2020-10-23,Mettur,333.7,45.644
2020-10-24,Mettur,248.3,49.794
2020-10-25,Mettur,242.0,53.943
2020-10-26,Mettur,240.1,58.093
2020-10-27,Mettur,262.7,62.242
2020-10-28,Mettur,262.7,66.392
2020-10-29,Mettur,248.3,70.541
2020-10-30,Mettur,270.0,74.691
2020-10-31,Mettur,309.9,78.84
2020-11-01,Mettur,315.0,82.989
2020-11-02,Mettur,417.1,76.809
2020-11-03,Mettur,596.4,70.629
2020-11-04,Mettur,625.008,66.745
2020-11-05,Mettur,603.312,64.979
2020-11-06,Mettur,660.695,67.098
2020-11-07,Mettur,488.509,62.86
2020-11-08,Mettur,417.0,58.622
2020-11-09,Mettur,341.4,54.738
2020-11-10,Mettur,262.7,62.86
2020-11-11,Mettur,309.9,58.269
2020-11-12,Mettur,294.2,64.923
2020-11-13,Mettur,318.9,71.577
2020-11-14,Mettur,180.0,72.172
2020-11-15,Mettur,102.0,72.767
2020-11-16,Mettur,109.7,73.362
2020-11-17,Mettur,309.9,73.956
2020-11-18,Mettur,184.4,74.551
2020-11-19,Mettur,159.1,75.146
2020-11-20,Mettur,79.07,75.741
2020-11-21,Mettur,66.4,76.335
2020-11-22,Mettur,53.0,76.93
2020-11-23,Mettur,60.1,77.525
2020-11-24,Mettur,60.1,78.12
2020-11-25,Mettur,57.549,78.715
2020-11-26,Mettur,13.596,79.309
2020-11-27,Mettur,114.2,79.904
2020-11-28,Mettur,159.0,80.499
2020-11-29,Mettur,50.0,81.094
2020-11-30,Mettur,13.0,81.688
2020-12-01,Mettur,40.53,82.283
2020-12-02,Mettur,66.54,73.101
2020-12-03,Mettur,12.815,70.629
2020-12-04,Mettur,66.54,66.745
2020-12-05,Mettur,74.89,64.979
2020-12-06,Mettur,75.0,67.098
2020-12-07,Mettur,79.19,64.273
2020-12-08,Mettur,71.48,61.448
2020-12-09,Mettur,83.22,55.091
2020-12-10,Mettur,74.89,63.566
2020-12-11,Mettur,74.89,57.916
2020-12-12,Mettur,60.26,64.802
2020-12-13,Mettur,57.0,71.689
2020-12-14,Mettur,9.467,71.689
2020-12-15,Mettur,10.676,71.689
2020-12-16,Mettur,54.738,71.689
2020-12-17,Mettur,59.107,71.689
2020-12-18,Mettur,17.616,71.689
2020-12-19,Mettur,74.89,71.689
2020-12-20,Mettur,71.0,71.689
2020-12-21,Mettur,18.632,71.689
2020-12-22,Mettur,65.003,71.689
2020-12-23,Mettur,51.224,71.689
2020-12-24,Mettur,9.913,71.689
2020-12-25,Mettur,9.0,71.689
2020-12-26,Mettur,5.606,71.689
2020-12-27,Mettur,60.0,71.689
2020-12-28,Mettur,66.33,71.689
2020-12-29,Mettur,97.54,71.689
2020-12-30,Mettur,226.6,71.689
2020-12-31,Mettur,196.7,71.689
2021-01-01,Mettur,97.54,71.689
2021-01-02,Mettur,66.63,72.748
2021-01-03,Mettur,60.0,68.864
2021-01-04,Mettur,83.22,64.273
2021-01-05,Mettur,66.63,62.154
2021-01-06,Mettur,66.63,61.448
2021-01-07,Mettur,15.137,54.826
2021-01-08,Mettur,88.86,48.205
2021-01-09,Mettur,83.22,41.584
2021-01-10,Mettur,74.89,34.962
2021-01-11,Mettur,14.686,44.003
2021-01-12,Mettur,66.46,53.043
2021-01-13,Mettur,19.274,62.084
2021-01-14,Mettur,15.0,71.124
2021-01-15,Mettur,20.314,80.164
2021-01-16,Mettur,19.303,89.205
2021-01-17,Mettur,18.0,88.11
2021-01-18,Mettur,168.68,87.015
2021-01-19,Mettur,88.86,85.921
2021-01-20,Mettur,14.346,84.826
2021-01-21,Mettur,5.598,83.731
2021-01-22,Mettur,3.244,82.636
2021-01-23,Mettur,2.775,81.542
2021-01-24,Mettur,6.5,80.447
2021-01-25,Mettur,63.16,79.352
2021-01-26,Mettur,18.5,78.257
2021-01-27,Mettur,18.418,77.163
2021-01-28,Mettur,17.476,76.068
2021-01-29,Mettur,20.773,74.973
2021-01-30,Mettur,44.969,73.878
2021-01-31,Mettur,41.0,72.784
2021-02-01,Mettur,35.448,71.689
2021-02-02,Mettur,41.706,72.395
2021-02-03,Mettur,22.284,68.864
2021-02-04,Mettur,43.562,63.92
2021-02-05,Mettur,41.848,62.154
2021-02-06,Mettur,46.676,61.448
2021-02-07,Mettur,46.0,52.619
2021-02-08,Mettur,55.897,43.79
2021-02-09,Mettur,12.357,39.552
2021-02-10,Mettur,38.22,35.315
2021-02-11,Mettur,22.118,44.168
2021-02-12,Mettur,41.741,53.021
2021-02-13,Mettur,31.787,61.874
2021-02-14,Mettur,42.0,70.726
2021-02-15,Mettur,44.442,79.579
2021-02-16,Mettur,44.47,88.432
2021-02-17,Mettur,46.415,87.144
2021-02-18,Mettur,59.665,85.856
2021-02-19,Mettur,39.727,84.568
2021-02-20,Mettur,31.642,83.28
2021-02-21,Mettur,36.282,81.992
2021-02-22,Mettur,40.921,80.704
2021-02-23,Mettur,44.521,79.416
2021-02-24,Mettur,49.046,78.129
2021-02-25,Mettur,17.559,76.841
2021-02-26,Mettur,20.22,75.553
2021-02-27,Mettur,33.37,74.265
2021-02-28,Mettur,41.5,72.977
2021-03-01,Mettur,18.282,71.689
2021-03-02,Mettur,39.233,72.395
2021-03-03,Mettur,42.451,68.51
2021-03-04,Mettur,19.14,63.92
2021-03-05,Mettur,18.599,62.154
2021-03-06,Mettur,41.101,61.094
2021-03-07,Mettur,18.6,52.089
2021-03-08,Mettur,15.101,43.084
2021-03-09,Mettur,26.638,39.552
2021-03-10,Mettur,20.219,36.021
2021-03-11,Mettur,30.209,44.873
2021-03-12,Mettur,48.213,53.725
2021-03-13,Mettur,19.73,62.578
2021-03-14,Mettur,39.0,71.43
2021-03-15,Mettur,20.061,80.282
2021-03-16,Mettur,44.598,89.134
2021-03-17,Mettur,19.748,88.022
2021-03-18,Mettur,22.08,86.909
2021-03-19,Mettur,31.033,85.797
2021-03-20,Mettur,31.417,84.685
2021-03-21,Mettur,30.5,83.572
2021-03-22,Mettur,32.701,82.46
2021-03-23,Mettur,31.545,81.347
2021-03-24,Mettur,29.12,80.235
2021-03-25,Mettur,44.54,79.123
2021-03-26,Mettur,17.052,78.01
2021-03-27,Mettur,16.587,76.898
2021-03-28,Mettur,16.0,75.785
2021-03-29,Mettur,45.51,74.673
2021-03-30,Mettur,19.882,73.56
2021-03-31,Mettur,19.68,72.448
2021-04-01,Mettur,31.933,71.336
2021-04-02,Mettur,40.98,72.395
2021-04-03,Mettur,50.027,68.51
2021-04-04,Mettur,34.44,63.566
2021-04-05,Mettur,18.854,62.154
2021-04-06,Mettur,18.067,61.094
2021-04-07,Mettur,17.28,53.914
2021-04-08,Mettur,18.962,46.733
2021-04-09,Mettur,18.793,39.552
2021-04-10,Mettur,38.396,36.727
2021-04-11,Mettur,11.0,45.422
2021-04-12,Mettur,5.405,54.118
2021-04-13,Mettur,5.425,62.814
2021-04-14,Mettur,11.0,71.509
2021-04-15,Mettur,20.205,80.204
2021-04-16,Mettur,29.41,88.9
2021-04-17,Mettur,32.444,87.729
2021-04-18,Mettur,27.19,86.558
2021-04-19,Mettur,21.935,85.387
2021-04-20,Mettur,11.851,84.216
2021-04-21,Mettur,56.112,83.045
2021-04-22,Mettur,12.928,81.874
2021-04-23,Mettur,6.419,80.703
2021-04-24,Mettur,33.223,79.532
2021-04-25,Mettur,12.0,78.361
2021-04-26,Mettur,3.5,77.19
2021-04-27,Mettur,2.8,76.019
2021-04-28,Mettur,12.0,74.849
2021-04-29,Mettur,2.8,73.678
2021-04-30,Mettur,1.7,72.507
2021-05-01,Mettur,5.7,71.336
2021-05-02,Mettur,6.0,72.395
2021-05-03,Mettur,0.7,68.157
2021-05-04,Mettur,7.0,63.566
2021-05-05,Mettur,7.0,62.154
2021-05-06,Mettur,6.5,60.741
2021-05-07,Mettur,8.5,51.677
2021-05-08,Mettur,2.4,42.613
2021-05-09,Mettur,40.0,33.549
2021-05-10,Mettur,10.5,37.08
2021-05-11,Mettur,2.8,45.756
2021-05-12,Mettur,1.7,54.431
2021-05-13,Mettur,1.7,63.107
2021-05-14,Mettur,1.95,71.783
2021-05-15,Mettur,1.5,80.458
2021-05-16,Mettur,1.4,89.134
2021-05-17,Mettur,1.6,88.022
2021-05-18,Mettur,5.3,86.909
2021-05-19,Mettur,5.3,85.797
2021-05-20,Mettur,6.5,84.685
2021-05-21,Mettur,44.0,83.572
2021-05-22,Mettur,47.0,82.46
2021-05-23,Mettur,23.0,81.347
2021-05-24,Mettur,33.5,80.235
2021-05-25,Mettur,27.59,79.123
2021-05-26,Mettur,31.0,78.01
2021-05-27,Mettur,22.203,76.898
2021-05-28,Mettur,22.686,75.785
2021-05-29,Mettur,22.051,74.673
2021-05-30,Mettur,23.0,73.56
2021-05-31,Mettur,27.031,72.448
2021-06-01,Mettur,25.4,71.336
2021-06-02,Mettur,27.002,72.042
2021-06-03,Mettur,23.06,68.157
2021-06-04,Mettur,26.508,63.213
2021-06-05,Mettur,22.527,62.154
2021-06-06,Mettur,65.0,60.741
2021-06-07,Mettur,62.111,52.148
2021-06-08,Mettur,12.839,43.555
2021-06-09,Mettur,11.629,34.962
2021-06-10,Mettur,16.41,37.787
2021-06-11,Mettur,5.942,46.306
2021-06-12,Mettur,11.312,54.825
2021-06-13,Mettur,70.0,63.344
2021-06-14,Mettur,256.3,71.862
2021-06-15,Mettur,372.6,80.381
2021-06-16,Mettur,306.0,88.9
2021-06-17,Mettur,266.7,87.729
2021-06-18,Mettur,239.3,86.558
2021-06-19,Mettur,288.8,85.387
2021-06-20,Mettur,300.0,84.216
2021-06-21,Mettur,335.3,83.045
2021-06-22,Mettur,288.8,81.874
2021-06-23,Mettur,288.8,80.703
2021-06-24,Mettur,420.0,79.532
2021-06-25,Mettur,223.3,78.361
2021-06-26,Mettur,278.3,77.19
2021-06-27,Mettur,480.0,76.019
2021-06-28,Mettur,453.5,74.849
2021-06-29,Mettur,387.1,73.678
2021-06-30,Mettur,453.5,72.507
2021-07-01,Mettur,396.6,71.336
2021-07-02,Mettur,387.1,72.042
2021-07-03,Mettur,517.7,68.157
2021-07-04,Mettur,557.0,63.213
2021-07-05,Mettur,557.0,62.154
2021-07-06,Mettur,420.0,60.741
2021-07-07,Mettur,322.1,52.501
2021-07-08,Mettur,387.1,44.261
2021-07-09,Mettur,335.3,36.021
2021-07-10,Mettur,335.3,38.493
2021-07-11,Mettur,195.0,46.933
2021-07-12,Mettur,204.2,55.373
2021-07-13,Mettur,136.3,63.814
2021-07-14,Mettur,82.33,72.254
2021-07-15,Mettur,103.1,80.694
2021-07-16,Mettur,130.6,89.134
2021-07-17,Mettur,130.6,88.022
2021-07-18,Mettur,103.0,86.909
2021-07-19,Mettur,103.1,85.797
2021-07-20,Mettur,288.8,84.685
2021-07-21,Mettur,335.0,83.572
2021-07-22,Mettur,340.8,82.46
2021-07-23,Mettur,340.8,81.347
2021-07-24,Mettur,335.3,80.235
2021-07-25,Mettur,387.1,79.123
2021-07-26,Mettur,358.5,78.01
2021-07-27,Mettur,363.0,76.898
2021-07-28,Mettur,396.6,75.785
2021-07-29,Mettur,288.8,74.673
2021-07-30,Mettur,256.3,73.56
2021-07-31,Mettur,540.9,72.448
2021-08-01,Mettur,517.0,71.336
2021-08-02,Mettur,425.1,71.689
2021-08-03,Mettur,425.1,67.804
2021-08-04,Mettur,340.8,63.213
2021-08-05,Mettur,411.3,62.154
2021-08-06,Mettur,396.6,60.741
2021-08-07,Mettur,387.1,52.736
2021-08-08,Mettur,358.0,44.732
2021-08-09,Mettur,453.5,36.727
2021-08-10,Mettur,372.6,39.552
2021-08-11,Mettur,425.1,47.816
2021-08-12,Mettur,363.0,56.079
2021-08-13,Mettur,322.1,64.343
2021-08-14,Mettur,508.1,72.607
2021-08-15,Mettur,387.0,80.87
2021-08-16,Mettur,488.7,89.134
2021-08-17,Mettur,363.0,88.022
2021-08-18,Mettur,306.0,86.909
2021-08-19,Mettur,293.3,85.797
2021-08-20,Mettur,306.0,84.685
2021-08-21,Mettur,306.0,83.572
2021-08-22,Mettur,195.0,82.46
2021-08-23,Mettur,136.3,81.347
2021-08-24,Mettur,239.3,80.235
2021-08-25,Mettur,183.8,79.123
2021-08-26,Mettur,142.5,78.01
2021-08-27,Mettur,163.8,76.898
2021-08-28,Mettur,151.7,75.785
2021-08-29,Mettur,151.0,74.673
2021-08-30,Mettur,151.7,73.56
2021-08-31,Mettur,130.6,72.448
2021-09-01,Mettur,488.7,71.336
2021-09-02,Mettur,363.0,71.689
2021-09-03,Mettur,488.7,67.804
2021-09-04,Mettur,217.1,62.86
2021-09-05,Mettur,217.0,62.154
2021-09-06,Mettur,136.3,60.741
2021-09-07,Mettur,136.3,52.972
2021-09-08,Mettur,130.6,45.203
2021-09-09,Mettur,125.8,37.434
2021-09-10,Mettur,151.0,40.965
2021-09-11,Mettur,217.1,48.954
2021-09-12,Mettur,256.0,56.943
2021-09-13,Mettur,306.0,64.933
2021-09-14,Mettur,453.5,72.922
2021-09-15,Mettur,622.07,80.911
2021-09-16,Mettur,540.9,88.9
2021-09-17,Mettur,583.7,87.729
2021-09-18,Mettur,488.7,86.558
2021-09-19,Mettur,660.0,85.387
2021-09-20,Mettur,488.7,84.216
2021-09-21,Mettur,182.5,83.045
2021-09-22,Mettur,182.5,81.874
2021-09-23,Mettur,163.8,80.703
2021-09-24,Mettur,204.2,79.532
2021-09-25,Mettur,217.1,78.361
2021-09-26,Mettur,204.0,77.19
2021-09-27,Mettur,183.8,76.019
2021-09-28,Mettur,182.5,74.849
2021-09-29,Mettur,306.0,73.678
2021-09-30,Mettur,372.6,72.507
2021-10-01,Mettur,396.6,71.336
2021-10-02,Mettur,183.0,71.689
2021-10-03,Mettur,183.0,67.451
2021-10-04,Mettur,172.8,62.86
2021-10-05,Mettur,182.5,62.154
2021-10-06,Mettur,172.8,60.741
2021-10-07,Mettur,103.1,53.09
2021-10-08,Mettur,68.37,45.438
2021-10-09,Mettur,23.216,37.787
2021-10-10,Mettur,103.0,42.378
2021-10-11,Mettur,64.48,50.182
2021-10-12,Mettur,78.56,57.987
2021-10-13,Mettur,78.56,65.792
2021-10-14,Mettur,103.0,73.596
2021-10-15,Mettur,183.0,81.4
2021-10-16,Mettur,78.56,89.205
2021-10-17,Mettur,78.0,88.11
2021-10-18,Mettur,58.23,87.015
2021-10-19,Mettur,51.0,85.921
2021-10-20,Mettur,80.07,84.826
2021-10-21,Mettur,78.56,83.731
2021-10-22,Mettur,59.75,82.636
2021-10-23,Mettur,145.0,81.542
2021-10-24,Mettur,217.0,80.447
2021-10-25,Mettur,145.0,79.352
2021-10-26,Mettur,135.6,78.257
2021-10-27,Mettur,112.1,77.163
2021-10-28,Mettur,145.0,76.068
2021-10-29,Mettur,64.48,74.973
2021-10-30,Mettur,58.23,73.878
2021-10-31,Mettur,64.0,72.784
2021-11-01,Mettur,112.1,71.689
2021-11-02,Mettur,53.8,71.336
2021-11-03,Mettur,27.377,66.922
2021-11-04,Mettur,64.0,62.507
2021-11-05,Mettur,23.07,62.154
2021-11-06,Mettur,211.2,60.741
2021-11-07,Mettur,112.0,53.207
2021-11-08,Mettur,135.6,45.674
2021-11-09,Mettur,145.0,38.14
2021-11-10,Mettur,1021.8,43.437
2021-11-11,Mettur,823.7,52.775
2021-11-12,Mettur,606.0,62.113
2021-11-13,Mettur,499.8,71.451
2021-11-14,Mettur,211.0,80.789
2021-11-15,Mettur,1268.6,90.127
2021-11-16,Mettur,1151.6,88.974
2021-11-17,Mettur,1306.5,87.822
2021-11-18,Mettur,1669.4,86.67
2021-11-19,Mettur,1810.0,85.517
2021-11-20,Mettur,2392.1,84.365
2021-11-21,Mettur,2310.0,83.213
2021-11-22,Mettur,1867.0,82.06
2021-11-23,Mettur,1021.8,80.908
2021-11-24,Mettur,793.5,79.755
2021-11-25,Mettur,925.7,78.603
2021-11-26,Mettur,1021.8,77.451
2021-11-27,Mettur,877.2,76.298
2021-11-28,Mettur,877.0,75.146
2021-11-29,Mettur,877.2,73.994
2021-11-30,Mettur,606.0,72.841
2021-12-01,Mettur,591.2,71.689
2021-12-02,Mettur,499.8,71.336
2021-12-03,Mettur,663.9,67.098
2021-12-04,Mettur,591.2,62.507
2021-12-05,Mettur,823.0,62.154
2021-12-06,Mettur,663.9,60.741
2021-12-07,Mettur,925.7,53.207
2021-12-08,Mettur,675.6,45.674
2021-12-09,Mettur,499.8,38.14
2021-12-10,Mettur,360.3,44.85
2021-12-11,Mettur,390.9,52.749
2021-12-12,Mettur,499.0,60.647
2021-12-13,Mettur,460.7,68.546
2021-12-14,Mettur,360.3,76.445
2021-12-15,Mettur,247.9,84.343
2021-12-16,Mettur,335.9,92.242
2021-12-17,Mettur,176.0,91.906
2021-12-18,Mettur,164.6,91.571
2021-12-19,Mettur,176.0,91.235
2021-12-20,Mettur,161.8,90.9
2021-12-21,Mettur,157.7,90.564
2021-12-22,Mettur,147.3,90.229
2021-12-23,Mettur,145.3,89.893
2021-12-24,Mettur,126.5,89.558
2021-12-25,Mettur,275.0,89.223
2021-12-26,Mettur,295.0,88.887
2021-12-27,Mettur,426.4,88.552
2021-12-28,Mettur,441.5,88.216
2021-12-29,Mettur,460.7,87.881
2021-12-30,Mettur,441.5,87.545
2021-12-31,Mettur,360.3,87.21
2022-01-01,Mettur,75.03,86.874
2022-01-02,Mettur,78.0,80.341
2022-01-03,Mettur,75.03,73.808
2022-01-04,Mettur,58.98,71.689
2022-01-05,Mettur,55.77,72.042
2022-01-06,Mettur,53.91,77.163
2022-01-07,Mettur,11.606,82.283
2022-01-08,Mettur,50.38,87.404
2022-01-09,Mettur,55.0,92.524
2022-01-10,Mettur,56.42,91.465
2022-01-11,Mettur,270.31,92.524
2022-01-12,Mettur,264.55,92.171
2022-01-13,Mettur,270.31,91.924
2022-01-14,Mettur,250.0,91.677
2022-01-15,Mettur,292.8,91.43
2022-01-16,Mettur,228.0,91.182
2022-01-17,Mettur,228.6,90.935
2022-01-18,Mettur,243.1,90.688
2022-01-19,Mettur,243.1,90.441
2022-01-20,Mettur,202.0,90.194
2022-01-21,Mettur,202.0,89.946
2022-01-22,Mettur,202.0,89.699
2022-01-23,Mettur,185.0,89.452
2022-01-24,Mettur,197.4,89.205
2022-01-25,Mettur,177.2,88.958
2022-01-26,Mettur,165.0,88.71
2022-01-27,Mettur,197.4,88.463
2022-01-28,Mettur,177.2,88.216
2022-01-29,Mettur,67.77,87.969
2022-01-30,Mettur,50.0,87.722
2022-01-31,Mettur,50.38,87.474
2022-02-01,Mettur,29.291,87.227
2022-02-02,Mettur,30.128,80.341
2022-02-03,Mettur,26.351,73.455
2022-02-04,Mettur,30.492,71.689
2022-02-05,Mettur,32.174,72.042
2022-02-06,Mettur,15.0,77.163
2022-02-07,Mettur,56.26,82.283
2022-02-08,Mettur,16.716,87.404
2022-02-09,Mettur,16.825,92.524
2022-02-10,Mettur,16.166,91.465
2022-02-11,Mettur,53.759,92.524
2022-02-12,Mettur,73.87,91.465
2022-02-13,Mettur,31.0,91.216
2022-02-14,Mettur,16.663,90.966
2022-02-15,Mettur,18.884,90.717
2022-02-16,Mettur,73.87,90.468
2022-02-17,Mettur,34.315,90.219
2022-02-18,Mettur,27.078,89.969
2022-02-19,Mettur,73.87,89.72
2022-02-20,Mettur,76.0,89.471
2022-02-21,Mettur,80.3,89.221
2022-02-22,Mettur,91.3,88.972
2022-02-23,Mettur,91.33,88.723
2022-02-24,Mettur,91.33,88.474
2022-02-25,Mettur,91.33,88.224
2022-02-26,Mettur,99.6,87.975
2022-02-27,Mettur,80.0,87.726
2022-02-28,Mettur,49.726,87.477
2022-03-01,Mettur,23.072,87.227
2022-03-02,Mettur,27.948,80.341
2022-03-03,Mettur,27.511,73.455
2022-03-04,Mettur,73.87,71.689
2022-03-05,Mettur,35.42,72.395
2022-03-06,Mettur,23.0,77.427
2022-03-07,Mettur,77.47,82.459
2022-03-08,Mettur,24.982,87.492
2022-03-09,Mettur,77.47,92.524
2022-03-10,Mettur,23.716,91.465
2022-03-11,Mettur,17.632,92.524
2022-03-12,Mettur,43.187,91.112
2022-03-13,Mettur,19.0,90.935
2022-03-14,Mettur,16.139,90.759
2022-03-15,Mettur,26.504,90.582
2022-03-16,Mettur,35.653,90.406
2022-03-17,Mettur,77.47,90.229
2022-03-18,Mettur,23.233,90.052
2022-03-19,Mettur,23.391,89.876
2022-03-20,Mettur,23.0,89.699
2022-03-21,Mettur,73.84,89.523
2022-03-22,Mettur,23.603,89.346
2022-03-23,Mettur,26.878,89.17
2022-03-24,Mettur,24.084,88.993
2022-03-25,Mettur,73.91,88.816
2022-03-26,Mettur,27.93,88.64
2022-03-27,Mettur,19.0,88.463
2022-03-28,Mettur,23.033,88.287
2022-03-29,Mettur,22.008,88.11
2022-03-30,Mettur,22.367,87.934
2022-03-31,Mettur,22.256,87.757
2022-04-01,Mettur,42.084,87.58
2022-04-02,Mettur,27.967,80.518
2022-04-03,Mettur,24.0,73.455
2022-04-04,Mettur,48.734,71.689
2022-04-05,Mettur,73.91,72.395
2022-04-06,Mettur,17.803,77.427
2022-04-07,Mettur,17.639,82.459
2022-04-08,Mettur,17.471,87.492
2022-04-09,Mettur,70.79,92.524
2022-04-10,Mettur,28.0,91.465
2022-04-11,Mettur,17.586,92.524
2022-04-12,Mettur,31.798,91.465
2022-04-13,Mettur,22.468,91.279
2022-04-14,Mettur,22.0,91.093
2022-04-15,Mettur,24.0,90.907
2022-04-16,Mettur,73.91,90.722
2022-04-17,Mettur,77.0,90.536
2022-04-18,Mettur,41.446,90.35
2022-04-19,Mettur,22.708,90.164
2022-04-20,Mettur,59.2,89.978
2022-04-21,Mettur,25.757,89.792
2022-04-22,Mettur,70.57,89.606
2022-04-23,Mettur,24.679,89.42
2022-04-24,Mettur,91.0,89.235
2022-04-25,Mettur,87.29,89.049
2022-04-26,Mettur,79.25,88.863
2022-04-27,Mettur,50.513,88.677
2022-04-28,Mettur,70.57,88.491
2022-04-29,Mettur,51.686,88.305
2022-04-30,Mettur,46.589,88.119
2022-05-01,Mettur,24.0,87.934
2022-05-02,Mettur,23.051,80.518
2022-05-03,Mettur,31.0,73.101
2022-05-04,Mettur,50.9,71.689
2022-05-05,Mettur,91.35,72.748
2022-05-06,Mettur,91.35,77.692
2022-05-07,Mettur,73.91,82.636
2022-05-08,Mettur,22.0,87.58
2022-05-09,Mettur,51.683,92.524
2022-05-10,Mettur,79.25,91.465
2022-05-11,Mettur,91.35,92.524
2022-05-12,Mettur,73.91,91.818
2022-05-13,Mettur,87.29,91.624
2022-05-14,Mettur,70.57,91.43
2022-05-15,Mettur,22.0,91.235
2022-05-16,Mettur,91.0,91.041
2022-05-17,Mettur,111.36,90.847
2022-05-18,Mettur,111.36,90.653
2022-05-19,Mettur,111.36,90.459
2022-05-20,Mettur,91.35,90.264
2022-05-21,Mettur,73.91,90.07
2022-05-22,Mettur,63.0,89.876
2022-05-23,Mettur,51.245,89.682
2022-05-24,Mettur,111.36,89.487
2022-05-25,Mettur,26.117,89.293
2022-05-26,Mettur,111.36,89.099
2022-05-27,Mettur,132.91,88.905
2022-05-28,Mettur,279.29,88.71
2022-05-29,Mettur,260.0,88.516
2022-05-30,Mettur,279.27,88.322
2022-05-31,Mettur,340.36,88.128
2022-06-01,Mettur,367.21,87.934
2022-06-02,Mettur,283.18,80.518
2022-06-03,Mettur,243.06,73.101
2022-06-04,Mettur,186.02,71.689
2022-06-05,Mettur,183.0,73.101
2022-06-06,Mettur,301.26,77.957
2022-06-07,Mettur,315.41,82.812
2022-06-08,Mettur,336.1,87.668
2022-06-09,Mettur,541.897,92.524
2022-06-10,Mettur,340.36,91.465
2022-06-11,Mettur,340.36,92.524
2022-06-12,Mettur,370.0,92.524
2022-06-13,Mettur,367.21,92.283
2022-06-14,Mettur,546.087,92.041
2022-06-15,Mettur,466.956,91.8
2022-06-16,Mettur,569.183,91.558
2022-06-17,Mettur,587.86,91.316
2022-06-18,Mettur,555.575,91.075
2022-06-19,Mettur,370.0,90.833
2022-06-20,Mettur,443.95,90.591
2022-06-21,Mettur,410.22,90.35
2022-06-22,Mettur,382.31,90.108
2022-06-23,Mettur,400.76,89.867
2022-06-24,Mettur,382.31,89.625
2022-06-25,Mettur,388.95,89.383
2022-06-26,Mettur,390.0,89.142
2022-06-27,Mettur,388.95,88.9
2022-06-28,Mettur,388.95,88.658
2022-06-29,Mettur,388.95,88.417
2022-06-30,Mettur,382.31,88.175
2022-07-01,Mettur,417.98,87.934
2022-07-02,Mettur,438.1,80.518
2022-07-03,Mettur,400.0,73.101
2022-07-04,Mettur,388.95,71.689
2022-07-05,Mettur,388.95,73.455
2022-07-06,Mettur,394.18,78.222
2022-07-07,Mettur,382.31,82.989
2022-07-08,Mettur,400.76,87.757
2022-07-09,Mettur,382.31,92.524
2022-07-10,Mettur,382.0,91.465
2022-07-11,Mettur,438.1,92.524
2022-07-12,Mettur,548.53,92.878
2022-07-13,Mettur,470.457,92.63
2022-07-14,Mettur,468.072,92.383
2022-07-15,Mettur,581.028,92.136
2022-07-16,Mettur,632.237,91.889
2022-07-17,Mettur,3400.0,91.642
2022-07-18,Mettur,3526.0,91.394
2022-07-19,Mettur,3460.0,91.147
2022-07-20,Mettur,1964.0,90.9
2022-07-21,Mettur,2316.0,90.653
2022-07-22,Mettur,948.676,90.406
2022-07-23,Mettur,1120.586,90.158
2022-07-24,Mettur,780.0,89.911
2022-07-25,Mettur,1199.202,89.664
2022-07-26,Mettur,675.314,89.417
2022-07-27,Mettur,463.177,89.17
2022-07-28,Mettur,460.326,88.922
2022-07-29,Mettur,603.291,88.675
2022-07-30,Mettur,633.175,88.428
2022-07-31,Mettur,675.0,88.181
2022-08-01,Mettur,1311.591,87.934
2022-08-02,Mettur,1417.27,80.341
2022-08-03,Mettur,3673.95,72.748
2022-08-04,Mettur,4823.0,71.689
2022-08-05,Mettur,6074.0,73.808
2022-08-06,Mettur,5426.0,78.487
2022-08-07,Mettur,3670.0,83.166
2022-08-08,Mettur,4611.35,87.845
2022-08-09,Mettur,5200.0,92.524
2022-08-10,Mettur,5281.85,91.465
2022-08-11,Mettur,4822.99,92.524
2022-08-12,Mettur,4714.62,92.878
2022-08-13,Mettur,2759.0,92.63
2022-08-14,Mettur,2650.0,92.383
2022-08-15,Mettur,2550.0,92.136
2022-08-16,Mettur,2006.44,91.889
2022-08-17,Mettur,896.382,91.642
2022-08-18,Mettur,494.932,91.394
2022-08-19,Mettur,661.253,91.147
2022-08-20,Mettur,444.163,90.9
2022-08-21,Mettur,270.0,90.653
2022-08-22,Mettur,375.212,90.406
2022-08-23,Mettur,610.678,90.158
2022-08-24,Mettur,619.099,89.911
2022-08-25,Mettur,527.159,89.664
2022-08-26,Mettur,1138.537,89.417
2022-08-27,Mettur,2302.66,89.17
2022-08-28,Mettur,3190.0,88.922
2022-08-29,Mettur,3621.65,88.675
2022-08-30,Mettur,3607.37,88.428
2022-08-31,Mettur,5800.0,88.181
2022-09-01,Mettur,4479.34,87.934
2022-09-02,Mettur,1470.66,80.341
2022-09-03,Mettur,1764.05,72.748
2022-09-04,Mettur,1800.0,71.689
2022-09-05,Mettur,2042.88,74.161
2022-09-06,Mettur,2116.34,78.752
2022-09-07,Mettur,3526.02,83.342
2022-09-08,Mettur,3526.02,87.933
2022-09-09,Mettur,3178.09,92.524
2022-09-10,Mettur,1978.17,91.465
2022-09-11,Mettur,2006.44,92.524
2022-09-12,Mettur,1493.903,92.878
2022-09-13,Mettur,941.868,92.636
2022-09-14,Mettur,1827.63,92.394
2022-09-15,Mettur,1796.75,92.153
2022-09-16,Mettur,1736.95,91.911
2022-09-17,Mettur,632.947,91.669
2022-09-18,Mettur,820.0,91.428
2022-09-19,Mettur,826.43,91.186
2022-09-20,Mettur,613.655,90.945
2022-09-21,Mettur,706.948,90.703
2022-09-22,Mettur,462.986,90.461
2022-09-23,Mettur,435.128,90.22
2022-09-24,Mettur,450.116,89.978
2022-09-25,Mettur,390.0,89.736
2022-09-26,Mettur,456.849,89.495
2022-09-27,Mettur,432.151,89.253
2022-09-28,Mettur,294.41,89.012
2022-09-29,Mettur,373.136,88.77
2022-09-30,Mettur,312.658,88.528
2022-10-01,Mettur,277.155,88.287
2022-10-02,Mettur,270.0,80.518
2022-10-03,Mettur,456.071,72.748
2022-10-04,Mettur,456.08,71.336
2022-10-05,Mettur,456.0,74.161
2022-10-06,Mettur,458.822,78.752
2022-10-07,Mettur,410.782,83.342
2022-10-08,Mettur,415.571,87.933
2022-10-09,Mettur,410.0,92.524
2022-10-10,Mettur,428.198,91.465
2022-10-11,Mettur,353.829,92.172
2022-10-12,Mettur,914.517,92.878
2022-10-13,Mettur,889.811,92.613
2022-10-14,Mettur,1758.9,92.348
2022-10-15,Mettur,1973.38,92.083
2022-10-16,Mettur,4960.0,91.818
2022-10-17,Mettur,5928.3,91.553
2022-10-18,Mettur,5720.63,91.288
2022-10-19,Mettur,1851.56,91.024
2022-10-20,Mettur,2140.08,90.759
2022-10-21,Mettur,3515.38,90.494
2022-10-22,Mettur,3515.24,90.229
2022-10-23,Mettur,2600.0,89.964
2022-10-24,Mettur,2006.44,89.699
2022-10-25,Mettur,1496.859,89.434
2022-10-26,Mettur,747.447,89.17
2022-10-27,Mettur,699.595,88.905
2022-10-28,Mettur,634.553,88.64
2022-10-29,Mettur,564.817,88.375
2022-10-30,Mettur,312.0,88.11
2022-10-31,Mettur,451.555,87.845
2022-11-01,Mettur,449.839,87.58
2022-11-02,Mettur,688.17,79.988
2022-11-03,Mettur,813.78,72.395
2022-11-04,Mettur,825.855,71.336
2022-11-05,Mettur,748.516,74.161
2022-11-06,Mettur,485.0,78.752
2022-11-07,Mettur,453.587,83.342
2022-11-08,Mettur,315.0,87.933
2022-11-09,Mettur,419.352,92.524
2022-11-10,Mettur,459.863,92.524
2022-11-11,Mettur,480.195,92.524
2022-11-12,Mettur,588.829,92.878
2022-11-13,Mettur,635.0,92.562
2022-11-14,Mettur,992.999,92.246
2022-11-15,Mettur,808.483,91.93
2022-11-16,Mettur,759.358,91.614
2022-11-17,Mettur,494.751,91.298
2022-11-18,Mettur,409.852,90.982
2022-11-19,Mettur,369.774,90.666
2022-11-20,Mettur,419.5,90.35
2022-11-21,Mettur,367.486,90.034
2022-11-22,Mettur,349.405,89.718
2022-11-23,Mettur,364.247,89.402
2022-11-24,Mettur,351.56,89.086
2022-11-25,Mettur,503.418,88.77
2022-11-26,Mettur,522.811,88.454
2022-11-27,Mettur,494.0,88.138
2022-11-28,Mettur,524.271,87.822
2022-11-29,Mettur,613.271,87.506
2022-11-30,Mettur,552.335,87.19
2022-12-01,Mettur,502.864,86.874
2022-12-02,Mettur,431.51,79.634
2022-12-03,Mettur,428.015,72.395
2022-12-04,Mettur,230.0,71.336
2022-12-05,Mettur,138.25,74.514
2022-12-06,Mettur,119.84,79.016
2022-12-07,Mettur,116.62,83.519
2022-12-08,Mettur,305.906,88.022
2022-12-09,Mettur,509.824,92.524
2022-12-10,Mettur,516.679,92.524
2022-12-11,Mettur,306.0,92.524
2022-12-12,Mettur,287.14,92.878
2022-12-13,Mettur,375.843,92.807
2022-12-14,Mettur,810.741,92.736
2022-12-15,Mettur,786.611,92.666
2022-12-16,Mettur,580.109,92.595
2022-12-17,Mettur,446.221,92.524
2022-12-18,Mettur,360.0,92.454
2022-12-19,Mettur,239.4,92.383
2022-12-20,Mettur,160.75,92.313
2022-12-21,Mettur,145.85,92.242
2022-12-22,Mettur,239.4,92.171
2022-12-23,Mettur,287.14,92.101
2022-12-24,Mettur,138.23,92.03
2022-12-25,Mettur,116.6,91.959
2022-12-26,Mettur,138.23,91.889
2022-12-27,Mettur,160.75,91.818
2022-12-28,Mettur,171.87,91.748
2022-12-29,Mettur,142.73,91.677
2022-12-30,Mettur,344.585,91.606
2022-12-31,Mettur,359.492,91.536
2023-01-01,Mettur,340.0,91.465
2023-01-02,Mettur,352.519,83.813
2023-01-03,Mettur,245.18,76.162
2023-01-04,Mettur,287.14,68.51
2023-01-05,Mettur,269.359,66.392
2023-01-06,Mettur,323.555,69.923
2023-01-07,Mettur,334.987,62.614
2023-01-08,Mettur,320.0,55.306
2023-01-09,Mettur,314.626,47.997
2023-01-10,Mettur,320.225,40.688
2023-01-11,Mettur,335.574,33.38
2023-01-12,Mettur,345.206,26.071
2023-01-13,Mettur,359.737,32.719
2023-01-14,Mettur,364.188,35.774
2023-01-15,Mettur,345.0,38.828
2023-01-16,Mettur,345.889,41.883
2023-01-17,Mettur,375.91,44.938
2023-01-18,Mettur,302.881,47.993
2023-01-19,Mettur,285.031,51.047
2023-01-20,Mettur,257.6,54.102
2023-01-21,Mettur,273.58,57.157
2023-01-22,Mettur,257.0,60.212
2023-01-23,Mettur,237.58,63.266
2023-01-24,Mettur,210.0,66.321
2023-01-25,Mettur,210.0,69.376
2023-01-26,Mettur,190.0,72.43
2023-01-27,Mettur,130.82,75.485
2023-01-28,Mettur,141.37,78.54
2023-01-29,Mettur,120.0,81.595
2023-01-30,Mettur,24.039,84.649
2023-01-31,Mettur,104.58,87.704
2023-02-01,Mettur,72.703,90.759
2023-02-02,Mettur,104.58,83.343
2023-02-03,Mettur,104.58,75.926
2023-02-04,Mettur,68.637,68.51
2023-02-05,Mettur,95.0,66.392
2023-02-06,Mettur,32.16,69.57
2023-02-07,Mettur,41.617,62.389
2023-02-08,Mettur,41.902,55.209
2023-02-09,Mettur,61.161,48.028
2023-02-10,Mettur,43.14,40.847
2023-02-11,Mettur,26.293,33.667
2023-02-12,Mettur,32.0,26.486
2023-02-13,Mettur,27.048,33.549
2023-02-14,Mettur,41.401,37.08
2023-02-15,Mettur,32.481,40.612
2023-02-16,Mettur,25.847,44.143
2023-02-17,Mettur,23.374,47.675
2023-02-18,Mettur,73.257,51.206
2023-02-19,Mettur,95.0,54.738
2023-02-20,Mettur,54.745,58.269
2023-02-21,Mettur,55.316,61.801
2023-02-22,Mettur,28.558,65.332
2023-02-23,Mettur,26.896,68.864
2023-02-24,Mettur,23.807,72.395
2023-02-25,Mettur,26.742,75.927
2023-02-26,Mettur,32.0,79.458
2023-02-27,Mettur,33.197,82.989
2023-02-28,Mettur,78.813,86.521
2023-03-01,Mettur,25.908,90.052
2023-03-02,Mettur,24.117,82.871
2023-03-03,Mettur,33.663,75.691
2023-03-04,Mettur,57.25,68.51
2023-03-05,Mettur,28.5,66.392
2023-03-06,Mettur,23.048,69.57
2023-03-07,Mettur,23.801,62.189
2023-03-08,Mettur,60.74,54.808
2023-03-09,Mettur,29.305,47.428
2023-03-10,Mettur,20.407,40.047
2023-03-11,Mettur,23.387,32.666
2023-03-12,Mettur,33.0,25.285
2023-03-13,Mettur,25.74,32.984
2023-03-14,Mettur,28.079,35.95
2023-03-15,Mettur,43.792,38.917
2023-03-16,Mettur,14.231,41.883
2023-03-17,Mettur,27.548,44.85
2023-03-18,Mettur,32.464,47.816
2023-03-19,Mettur,28.0,50.782
2023-03-20,Mettur,33.57,53.749
2023-03-21,Mettur,44.178,56.715
2023-03-22,Mettur,40.48,59.682
2023-03-23,Mettur,40.37,62.648
2023-03-24,Mettur,36.21,65.615
2023-03-25,Mettur,44.236,68.581
2023-03-26,Mettur,35.48,71.548
2023-03-27,Mettur,35.455,74.514
2023-03-28,Mettur,28.052,77.48
2023-03-29,Mettur,30.882,80.447
2023-03-30,Mettur,29.362,83.413
2023-03-31,Mettur,30.9,86.38
2023-04-01,Mettur,30.659,89.346
2023-04-02,Mettur,35.4,82.401
2023-04-03,Mettur,26.558,75.455
2023-04-04,Mettur,26.5,68.51
2023-04-05,Mettur,64.704,67.098
2023-04-06,Mettur,40.185,69.923
2023-04-07,Mettur,35.4,62.516
2023-04-08,Mettur,35.512,55.109
2023-04-09,Mettur,30.0,47.703
2023-04-10,Mettur,38.423,40.296
2023-04-11,Mettur,38.198,32.889
2023-04-12,Mettur,34.944,25.482
2023-04-13,Mettur,31.689,33.456
2023-04-14,Mettur,24.0,36.541
2023-04-15,Mettur,24.05,39.627
2023-04-16,Mettur,40.0,42.712
2023-04-17,Mettur,35.106,45.798
2023-04-18,Mettur,38.19,48.883
2023-04-19,Mettur,18.474,51.968
2023-04-20,Mettur,12.521,55.054
2023-04-21,Mettur,11.2,58.139
2023-04-22,Mettur,11.0,61.224
2023-04-23,Mettur,24.0,64.31
2023-04-24,Mettur,29.124,67.395
2023-04-25,Mettur,34.09,70.481
2023-04-26,Mettur,30.556,73.566
2023-04-27,Mettur,36.698,76.651
2023-04-28,Mettur,37.739,79.737
2023-04-29,Mettur,35.969,82.822
2023-04-30,Mettur,64.0,85.908
2023-05-01,Mettur,38.642,88.993
2023-05-02,Mettur,129.34,82.165
2023-05-03,Mettur,119.34,75.338
2023-05-04,Mettur,129.34,68.51
2023-05-05,Mettur,141.0,67.451
2023-05-06,Mettur,47.568,69.923
2023-05-07,Mettur,64.0,62.474
2023-05-08,Mettur,109.66,55.024
2023-05-09,Mettur,109.66,47.575
2023-05-10,Mettur,106.85,40.125
2023-05-11,Mettur,109.66,32.676
2023-05-12,Mettur,106.85,25.227
2023-05-13,Mettur,106.85,33.249
2023-05-14,Mettur,40.0,36.127
2023-05-15,Mettur,71.159,39.005
2023-05-16,Mettur,28.045,41.883
2023-05-17,Mettur,48.5,44.761
2023-05-18,Mettur,60.502,47.639
2023-05-19,Mettur,28.815,50.518
2023-05-20,Mettur,61.603,53.396
2023-05-21,Mettur,24.0,56.274
2023-05-22,Mettur,61.057,59.152
2023-05-23,Mettur,21.373,62.03
2023-05-24,Mettur,19.754,64.908
2023-05-25,Mettur,71.153,67.787
2023-05-26,Mettur,18.506,70.665
2023-05-27,Mettur,106.85,73.543
2023-05-28,Mettur,95.0,76.421
2023-05-29,Mettur,29.022,79.299
2023-05-30,Mettur,106.85,82.177
2023-05-31,Mettur,21.418,85.055
2023-06-01,Mettur,74.463,87.934
2023-06-02,Mettur,23.891,78.752
2023-06-03,Mettur,36.191,69.57
2023-06-04,Mettur,38.61,68.51
2023-06-05,Mettur,40.629,67.804
2023-06-06,Mettur,37.235,69.57
2023-06-07,Mettur,40.404,62.172
2023-06-08,Mettur,35.438,54.775
2023-06-09,Mettur,41.433,47.378
2023-06-10,Mettur,39.845,39.98
2023-06-11,Mettur,37.0,32.583
2023-06-12,Mettur,30.58,25.185
2023-06-13,Mettur,163.27,33.363
2023-06-14,Mettur,214.52,36.356
2023-06-15,Mettur,275.88,39.348
2023-06-16,Mettur,240.06,42.34
2023-06-17,Mettur,255.13,45.333
2023-06-18,Mettur,255.0,48.325
2023-06-19,Mettur,227.01,51.318
2023-06-20,Mettur,240.06,54.31
2023-06-21,Mettur,240.06,57.303
2023-06-22,Mettur,227.01,60.295
2023-06-23,Mettur,220.82,63.288
2023-06-24,Mettur,262.92,66.28
2023-06-25,Mettur,240.0,69.273
2023-06-26,Mettur,255.13,72.265
2023-06-27,Mettur,311.17,75.257
2023-06-28,Mettur,346.653,78.25
2023-06-29,Mettur,346.0,81.242
2023-06-30,Mettur,372.101,84.235
2023-07-01,Mettur,368.122,87.227
2023-07-02,Mettur,346.0,78.398
2023-07-03,Mettur,323.266,69.57
2023-07-04,Mettur,271.7,68.51
2023-07-05,Mettur,259.55,68.157
2023-07-06,Mettur,259.55,69.57
2023-07-07,Mettur,276.97,62.17
2023-07-08,Mettur,311.83,54.769
2023-07-09,Mettur,323.0,47.369
2023-07-10,Mettur,364.754,39.969
2023-07-11,Mettur,357.862,32.568
2023-07-12,Mettur,275.88,25.168
2023-07-13,Mettur,297.01,33.514
2023-07-14,Mettur,270.42,36.303
2023-07-15,Mettur,270.42,39.093
2023-07-16,Mettur,270.0,41.883
2023-07-17,Mettur,276.97,44.673
2023-07-18,Mettur,276.97,47.463
2023-07-19,Mettur,297.01,50.253
2023-07-20,Mettur,270.42,53.043
2023-07-21,Mettur,244.61,55.832
2023-07-22,Mettur,276.97,58.622
2023-07-23,Mettur,260.0,61.412
2023-07-24,Mettur,311.83,64.202
2023-07-25,Mettur,276.97,66.992
2023-07-26,Mettur,311.83,69.782
2023-07-27,Mettur,361.125,72.572
2023-07-28,Mettur,341.012,75.361
2023-07-29,Mettur,355.0,78.151
2023-07-30,Mettur,360.0,80.941
2023-07-31,Mettur,406.775,83.731
2023-08-01,Mettur,401.819,86.521
2023-08-02,Mettur,373.756,78.046
2023-08-03,Mettur,255.89,69.57
2023-08-04,Mettur,259.55,68.51
2023-08-05,Mettur,270.42,68.51
2023-08-06,Mettur,244.0,69.57
2023-08-07,Mettur,222.42,62.181
2023-08-08,Mettur,222.42,54.793
2023-08-09,Mettur,219.09,47.404
2023-08-10,Mettur,211.43,40.015
2023-08-11,Mettur,173.32,32.627
2023-08-12,Mettur,193.33,25.238
2023-08-13,Mettur,130.0,33.796
2023-08-14,Mettur,128.3,36.515
2023-08-15,Mettur,128.0,39.235
2023-08-16,Mettur,134.87,41.954
2023-08-17,Mettur,124.25,44.673
2023-08-18,Mettur,124.25,47.392
2023-08-19,Mettur,178.34,50.112
2023-08-20,Mettur,223.0,52.831
2023-08-21,Mettur,248.12,55.55
2023-08-22,Mettur,255.89,58.269
2023-08-23,Mettur,291.204,60.988
2023-08-24,Mettur,248.12,63.708
2023-08-25,Mettur,248.12,66.427
2023-08-26,Mettur,222.42,69.146
2023-08-27,Mettur,193.0,71.865
2023-08-28,Mettur,193.33,74.585
2023-08-29,Mettur,193.33,77.304
2023-08-30,Mettur,219.09,80.023
2023-08-31,Mettur,211.43,82.742
2023-09-01,Mettur,248.12,85.461
2023-09-02,Mettur,219.09,77.516
2023-09-03,Mettur,178.0,69.57
2023-09-04,Mettur,211.43,68.51
2023-09-05,Mettur,193.33,68.51
2023-09-06,Mettur,175.82,69.57
2023-09-07,Mettur,136.97,62.191
2023-09-08,Mettur,136.97,54.812
2023-09-09,Mettur,134.87,47.433
2023-09-10,Mettur,136.97,40.054
2023-09-11,Mettur,124.25,32.675
2023-09-12,Mettur,119.87,25.296
2023-09-13,Mettur,134.87,33.883
2023-09-14,Mettur,124.25,36.69
2023-09-15,Mettur,124.25,39.497
2023-09-16,Mettur,108.43,42.303
2023-09-17,Mettur,124.0,45.11
2023-09-18,Mettur,124.25,47.916
2023-09-19,Mettur,130.0,50.723
2023-09-20,Mettur,143.19,53.53
2023-09-21,Mettur,143.19,56.336
2023-09-22,Mettur,134.87,59.143
2023-09-23,Mettur,132.41,61.949
2023-09-24,Mettur,134.0,64.756
2023-09-25,Mettur,128.3,67.563
2023-09-26,Mettur,178.34,70.369
2023-09-27,Mettur,132.41,73.176
2023-09-28,Mettur,143.0,75.982
2023-09-29,Mettur,143.19,78.789
2023-09-30,Mettur,134.87,81.595
2023-10-01,Mettur,119.0,84.402
2023-10-02,Mettur,119.0,76.986
2023-10-03,Mettur,119.87,69.57
2023-10-04,Mettur,119.87,68.51
2023-10-05,Mettur,102.091,68.864
2023-10-06,Mettur,92.89,69.57
2023-10-07,Mettur,70.785,62.189
2023-10-08,Mettur,64.0,54.808
2023-10-09,Mettur,60.447,47.427
2023-10-10,Mettur,71.557,40.047
2023-10-11,Mettur,106.39,32.666
2023-10-12,Mettur,30.01,25.285
2023-10-13,Mettur,12.234,34.043
2023-10-14,Mettur,67.921,36.657
2023-10-15,Mettur,71.49,39.27
2023-10-16,Mettur,73.661,41.883
2023-10-17,Mettur,100.587,44.496
2023-10-18,Mettur,17.269,47.11
2023-10-19,Mettur,38.3,49.723
2023-10-20,Mettur,12.126,52.336
2023-10-21,Mettur,11.146,54.95
2023-10-22,Mettur,67.0,57.563
2023-10-23,Mettur,13.102,60.176
2023-10-24,Mettur,1.2,62.789
2023-10-25,Mettur,13.0,65.403
2023-10-26,Mettur,10.448,68.016
2023-10-27,Mettur,5.783,70.629
2023-10-28,Mettur,3.519,73.243
2023-10-29,Mettur,1.2,75.856
2023-10-30,Mettur,3.187,78.469
2023-10-31,Mettur,61.441,81.082
2023-11-01,Mettur,10.497,83.696
2023-11-02,Mettur,4.073,76.633
2023-11-03,Mettur,4.036,69.57
2023-11-04,Mettur,40.446,68.51
2023-11-05,Mettur,80.0,69.217
2023-11-06,Mettur,82.032,69.217
2023-11-07,Mettur,487.759,61.961
2023-11-08,Mettur,153.43,54.705
2023-11-09,Mettur,109.47,47.449
2023-11-10,Mettur,96.174,40.193
2023-11-11,Mettur,109.47,32.937
2023-11-12,Mettur,102.0,25.681
2023-11-13,Mettur,11.256,34.46
2023-11-14,Mettur,10.982,37.136
2023-11-15,Mettur,109.47,39.813
2023-11-16,Mettur,13.9,42.489
2023-11-17,Mettur,4.791,45.166
2023-11-18,Mettur,2.1,47.842
2023-11-19,Mettur,1.93,50.519
2023-11-20,Mettur,1.519,53.195
2023-11-21,Mettur,53.451,55.872
2023-11-22,Mettur,2.129,58.548
2023-11-23,Mettur,69.299,61.224
2023-11-24,Mettur,153.43,63.901
2023-11-25,Mettur,109.47,66.577
2023-11-26,Mettur,69.0,69.254
2023-11-27,Mettur,69.0,71.93
2023-11-28,Mettur,73.552,74.607
2023-11-29,Mettur,5.413,77.283
2023-11-30,Mettur,1.995,79.96
2023-12-01,Mettur,73.489,82.636
2023-12-02,Mettur,4.832,76.103
2023-12-03,Mettur,2.1,69.57
2023-12-04,Mettur,17.031,68.51
2023-12-05,Mettur,4.747,69.57
2023-12-06,Mettur,2.237,69.217
2023-12-07,Mettur,1.656,61.715
2023-12-08,Mettur,17.069,54.212
2023-12-09,Mettur,38.977,46.71
2023-12-10,Mettur,4.9,39.207
2023-12-11,Mettur,1.999,31.705
2023-12-12,Mettur,66.032,24.202
2023-12-13,Mettur,9.359,31.889
2023-12-14,Mettur,4.949,31.995
2023-12-15,Mettur,4.018,32.101
2023-12-16,Mettur,33.979,32.207
2023-12-17,Mettur,66.0,32.313
2023-12-18,Mettur,7.552,32.419
2023-12-19,Mettur,2.234,32.525
2023-12-20,Mettur,1.569,32.631
2023-12-21,Mettur,1.712,32.737
2023-12-22,Mettur,68.824,32.843
2023-12-23,Mettur,5.006,32.949
2023-12-24,Mettur,19.0,33.055
2023-12-25,Mettur,19.0,33.16
2023-12-26,Mettur,31.935,33.266
2023-12-27,Mettur,3.89,33.372
2023-12-28,Mettur,1.958,33.478
2023-12-29,Mettur,5.499,33.584
2023-12-30,Mettur,6.019,33.69
2023-12-31,Mettur,7.0,33.796
2024-01-01,Mettur,4.498,33.902
2024-01-02,Mettur,4.031,33.196
2024-01-03,Mettur,4.877,27.545
2024-01-04,Mettur,5.405,18.782
2024-01-05,Mettur,4.643,10.019
2024-01-06,Mettur,7.63,1.256
2024-01-07,Mettur,17.0,2.511
2024-01-08,Mettur,4.759,3.767
2024-01-09,Mettur,4.093,5.023
2024-01-10,Mettur,33.49,6.278
2024-01-11,Mettur,16.919,7.534
2024-01-12,Mettur,13.782,8.789
2024-01-13,Mettur,12.277,10.045
2024-01-14,Mettur,33.0,11.301
2024-01-15,Mettur,5.4,12.556
2024-01-16,Mettur,4.596,13.812
2024-01-17,Mettur,3.588,15.068
2024-01-18,Mettur,2.205,16.323
2024-01-19,Mettur,23.213,17.579
2024-01-20,Mettur,4.83,18.834
2024-01-21,Mettur,1.7,20.09
2024-01-22,Mettur,1.6,21.346
2024-01-23,Mettur,3.048,22.601
2024-01-24,Mettur,3.066,23.857
2024-01-25,Mettur,3.983,25.113
2024-01-26,Mettur,3.0,26.368
2024-01-27,Mettur,4.119,27.624
2024-01-28,Mettur,2.2,28.88
2024-01-29,Mettur,4.528,30.135
2024-01-30,Mettur,71.481,31.391
2024-01-31,Mettur,24.02,32.646
2024-02-01,Mettur,17.57,33.902
2024-02-02,Mettur,17.133,33.196
2024-02-03,Mettur,17.087,27.545
2024-02-04,Mettur,71.0,23.66
2024-02-05,Mettur,132.38,19.776
2024-02-06,Mettur,122.84,20.341
2024-02-07,Mettur,132.38,20.906
2024-02-08,Mettur,132.46,21.471
2024-02-09,Mettur,126.78,22.036
2024-02-10,Mettur,126.78,22.601
2024-02-11,Mettur,107.0,23.166
2024-02-12,Mettur,98.023,23.731
2024-02-13,Mettur,31.197,24.296
2024-02-14,Mettur,28.867,24.862
2024-02-15,Mettur,27.126,25.427
2024-02-16,Mettur,51.781,25.992
2024-02-17,Mettur,66.132,26.557
2024-02-18,Mettur,51.92,27.122
2024-02-19,Mettur,9.99,27.687
2024-02-20,Mettur,10.247,28.252
2024-02-21,Mettur,26.065,28.817
2024-02-22,Mettur,18.067,29.382
2024-02-23,Mettur,17.428,29.947
2024-02-24,Mettur,17.346,30.512
2024-02-25,Mettur,17.5,31.077
2024-02-26,Mettur,13.948,31.642
2024-02-27,Mettur,12.919,32.207
2024-02-28,Mettur,13.958,32.772
2024-02-29,Mettur,9.671,33.337
2024-03-01,Mettur,13.955,33.902
2024-03-02,Mettur,9.559,33.196
2024-03-03,Mettur,10.5,27.545
2024-03-04,Mettur,11.215,23.66
2024-03-05,Mettur,10.744,19.776
2024-03-06,Mettur,10.869,20.299
2024-03-07,Mettur,9.879,20.823
2024-03-08,Mettur,11.222,21.346
2024-03-09,Mettur,9.743,21.869
2024-03-10,Mettur,9.5,22.392
2024-03-11,Mettur,9.719,22.915
2024-03-12,Mettur,10.898,23.438
2024-03-13,Mettur,10.761,23.962
2024-03-14,Mettur,11.904,24.485
2024-03-15,Mettur,4.811,25.008
2024-03-16,Mettur,5.749,25.531
2024-03-17,Mettur,5.2,26.054
2024-03-18,Mettur,2.623,26.578
2024-03-19,Mettur,4.036,27.101
2024-03-20,Mettur,4.067,27.624
2024-03-21,Mettur,4.199,28.147
2024-03-22,Mettur,4.09,28.67
2024-03-23,Mettur,4.053,29.193
2024-03-24,Mettur,4.0,29.717
2024-03-25,Mettur,3.503,30.24
2024-03-26,Mettur,4.462,30.763
2024-03-27,Mettur,4.149,31.286
2024-03-28,Mettur,7.167,31.809
2024-03-29,Mettur,7.12,32.333
2024-03-30,Mettur,6.877,32.856
2024-03-31,Mettur,6.8,33.379
2024-04-01,Mettur,20.469,33.902
2024-04-02,Mettur,19.341,32.843
2024-04-03,Mettur,40.895,27.545
2024-04-04,Mettur,34.808,24.014
2024-04-05,Mettur,31.465,19.423
2024-04-06,Mettur,31.406,19.98
2024-04-07,Mettur,34.7,20.537
2024-04-08,Mettur,24.524,21.094
2024-04-09,Mettur,21.313,21.651
2024-04-10,Mettur,19.309,22.207
2024-04-11,Mettur,19.3,22.764
2024-04-12,Mettur,18.461,23.321
2024-04-13,Mettur,21.864,23.878
2024-04-14,Mettur,21.8,24.435
2024-04-15,Mettur,16.538,24.992
2024-04-16,Mettur,18.431,25.549
2024-04-17,Mettur,17.297,26.106
2024-04-18,Mettur,11.711,26.663
2024-04-19,Mettur,11.0,27.219
2024-04-20,Mettur,7.611,27.776
2024-04-21,Mettur,8.5,28.333
2024-04-22,Mettur,21.534,28.89
2024-04-23,Mettur,24.143,29.447
2024-04-24,Mettur,16.382,30.004
2024-04-25,Mettur,16.714,30.561
2024-04-26,Mettur,16.616,31.118
2024-04-27,Mettur,16.315,31.675
2024-04-28,Mettur,16.3,32.231
2024-04-29,Mettur,16.198,32.788
2024-04-30,Mettur,16.74,33.345
2024-05-01,Mettur,13.86,33.902
2024-05-02,Mettur,31.846,32.136
2024-05-03,Mettur,23.435,27.192
2024-05-04,Mettur,40.33,23.661
2024-05-05,Mettur,40.0,19.423
2024-05-06,Mettur,23.648,19.959
2024-05-07,Mettur,32.015,20.496
2024-05-08,Mettur,25.532,21.032
2024-05-09,Mettur,33.411,21.568
2024-05-10,Mettur,33.411,22.104
2024-05-11,Mettur,33.085,22.641
2024-05-12,Mettur,33.11,23.177
2024-05-13,Mettur,26.731,23.713
2024-05-14,Mettur,23.68,24.249
2024-05-15,Mettur,23.704,24.786
2024-05-16,Mettur,22.409,25.322
2024-05-17,Mettur,23.24,25.858
2024-05-18,Mettur,42.321,26.394
2024-05-19,Mettur,42.0,26.931
2024-05-20,Mettur,41.764,27.467
2024-05-21,Mettur,51.096,28.003
2024-05-22,Mettur,51.152,28.539
2024-05-23,Mettur,42.0,29.076
2024-05-24,Mettur,61.985,29.612
2024-05-25,Mettur,79.729,30.148
2024-05-26,Mettur,60.0,30.685
2024-05-27,Mettur,49.44,31.221
2024-05-28,Mettur,40.25,31.757
2024-05-29,Mettur,43.764,32.293
2024-05-30,Mettur,12.036,32.83
2024-05-31,Mettur,33.749,33.366
2024-06-01,Mettur,39.091,33.902
2024-06-02,Mettur,39.0,31.783
2024-06-03,Mettur,54.349,27.192
2024-06-04,Mettur,39.523,23.661
2024-06-05,Mettur,42.28,19.423
2024-06-06,Mettur,41.749,19.98
2024-06-07,Mettur,49.285,20.537
2024-06-08,Mettur,49.946,21.094
2024-06-09,Mettur,60.0,21.651
2024-06-10,Mettur,41.907,22.207
2024-06-11,Mettur,21.988,22.764
2024-06-12,Mettur,21.318,23.321
2024-06-13,Mettur,23.268,23.878
2024-06-14,Mettur,23.601,24.435
2024-06-15,Mettur,22.067,24.992
2024-06-16,Mettur,23.0,25.549
2024-06-17,Mettur,23.0,26.106
2024-06-18,Mettur,16.255,26.663
2024-06-19,Mettur,17.996,27.219
2024-06-20,Mettur,14.02,27.776
2024-06-21,Mettur,21.734,28.333
2024-06-22,Mettur,14.136,28.89
2024-06-23,Mettur,33.0,29.447
2024-06-24,Mettur,11.604,30.004
2024-06-25,Mettur,41.689,30.561
2024-06-26,Mettur,6.795,31.118
2024-06-27,Mettur,63.495,31.675
2024-06-28,Mettur,21.181,32.231
2024-06-29,Mettur,14.34,32.788
2024-06-30,Mettur,11.5,33.345
2024-07-01,Mettur,10.985,33.902
2024-07-02,Mettur,10.895,31.077
2024-07-03,Mettur,7.645,27.192
2024-07-04,Mettur,6.917,23.308
2024-07-05,Mettur,10.932,16.367
2024-07-06,Mettur,14.632,9.426
2024-07-07,Mettur,14.63,2.485
2024-07-08,Mettur,11.569,3.728
2024-07-09,Mettur,16.354,4.97
2024-07-10,Mettur,11.774,6.213
2024-07-11,Mettur,11.044,7.455
2024-07-12,Mettur,7.091,8.698
2024-07-13,Mettur,10.898,9.94
2024-07-14,Mettur,10.89,11.183
2024-07-15,Mettur,11.515,12.426
2024-07-16,Mettur,22.079,13.668
2024-07-17,Mettur,22.0,14.911
2024-07-18,Mettur,18.123,16.153
2024-07-19,Mettur,21.305,17.396
2024-07-20,Mettur,22.072,18.638
2024-07-21,Mettur,18.1,19.881
2024-07-22,Mettur,17.86,21.123
2024-07-23,Mettur,18.125,22.366
2024-07-24,Mettur,18.241,23.609
2024-07-25,Mettur,17.053,24.851
2024-07-26,Mettur,19.998,26.094
2024-07-27,Mettur,17.172,27.336
2024-07-28,Mettur,17.1,28.579
2024-07-29,Mettur,147.33,29.821
2024-07-30,Mettur,463.013,31.064
2024-07-31,Mettur,2287.42,32.306
2024-08-01,Mettur,4941.35,33.549
2024-08-02,Mettur,4977.95,30.724
2024-08-03,Mettur,3191.45,26.839
2024-08-04,Mettur,2000.0,22.955
2024-08-05,Mettur,2028.73,16.132
2024-08-06,Mettur,1303.42,9.308
2024-08-07,Mettur,580.733,2.485
2024-08-08,Mettur,212.12,3.728
2024-08-09,Mettur,324.432,4.97
2024-08-10,Mettur,419.482,6.213
2024-08-11,Mettur,310.0,7.455
2024-08-12,Mettur,619.821,8.698
2024-08-13,Mettur,1056.933,9.94
2024-08-14,Mettur,668.565,11.183
2024-08-15,Mettur,580.0,12.426
2024-08-16,Mettur,465.936,13.668
2024-08-17,Mettur,387.289,14.911
2024-08-18,Mettur,668.5,16.153
2024-08-19,Mettur,487.64,17.396
2024-08-20,Mettur,348.378,18.638
2024-08-21,Mettur,335.829,19.881
2024-08-22,Mettur,337.528,21.123
2024-08-23,Mettur,278.18,22.366
2024-08-24,Mettur,266.5,23.609
2024-08-25,Mettur,336.0,24.851
2024-08-26,Mettur,278.18,26.094
2024-08-27,Mettur,283.83,27.336
2024-08-28,Mettur,278.18,28.579
2024-08-29,Mettur,278.18,29.821
2024-08-30,Mettur,290.11,31.064
2024-08-31,Mettur,379.164,32.306
2024-09-01,Mettur,337.54,33.549
2024-09-02,Mettur,317.405,30.371
2024-09-03,Mettur,391.016,26.839
2024-09-04,Mettur,356.332,22.955
2024-09-05,Mettur,493.054,18.717
2024-09-06,Mettur,448.094,19.287
2024-09-07,Mettur,460.9,19.858
2024-09-08,Mettur,485.0,20.428
2024-09-09,Mettur,509.777,20.999
2024-09-10,Mettur,488.543,21.569
2024-09-11,Mettur,602.485,22.14
2024-09-12,Mettur,613.474,22.71
2024-09-13,Mettur,586.456,23.281
2024-09-14,Mettur,591.374,23.851
2024-09-15,Mettur,590.0,24.421
2024-09-16,Mettur,618.5,24.992
2024-09-17,Mettur,590.0,25.562
2024-09-18,Mettur,616.549,26.133
2024-09-19,Mettur,632.951,26.703
2024-09-20,Mettur,563.169,27.274
2024-09-21,Mettur,494.187,27.844
2024-09-22,Mettur,490.0,28.415
2024-09-23,Mettur,510.959,28.985
2024-09-24,Mettur,492.92,29.556
2024-09-25,Mettur,483.028,30.126
2024-09-26,Mettur,370.717,30.697
2024-09-27,Mettur,363.396,31.267
2024-09-28,Mettur,423.209,31.838
2024-09-29,Mettur,390.0,32.408
2024-09-30,Mettur,396.87,32.978
2024-10-01,Mettur,416.099,33.549
2024-10-02,Mettur,416.0,29.664
2024-10-03,Mettur,398.913,26.839
2024-10-04,Mettur,369.444,22.601
2024-10-05,Mettur,464.334,15.896
2024-10-06,Mettur,416.0,9.19
2024-10-07,Mettur,400.003,2.485
2024-10-08,Mettur,432.931,3.728
2024-10-09,Mettur,442.504,4.97
2024-10-10,Mettur,433.185,6.213
2024-10-11,Mettur,423.0,7.455
2024-10-12,Mettur,423.0,8.698
2024-10-13,Mettur,415.0,9.94
2024-10-14,Mettur,242.06,11.183
2024-10-15,Mettur,122.25,12.426
2024-10-16,Mettur,118.95,13.668
2024-10-17,Mettur,104.45,14.911
2024-10-18,Mettur,107.48,16.153
2024-10-19,Mettur,18.401,17.396
2024-10-20,Mettur,18.0,18.638
2024-10-21,Mettur,91.67,19.881
2024-10-22,Mettur,330.154,21.123
2024-10-23,Mettur,322.108,22.366
2024-10-24,Mettur,213.15,23.609
2024-10-25,Mettur,213.15,24.851
2024-10-26,Mettur,130.89,26.094
2024-10-27,Mettur,104.0,27.336
2024-10-28,Mettur,104.81,28.579
2024-10-29,Mettur,99.14,29.821
2024-10-30,Mettur,93.25,31.064
2024-10-31,Mettur,213.0,32.306
2024-11-01,Mettur,337.193,33.549
2024-11-02,Mettur,348.188,29.664
2024-11-03,Mettur,370.0,26.839
2024-11-04,Mettur,361.433,18.323
2024-11-05,Mettur,334.894,9.806
2024-11-06,Mettur,337.179,1.29
2024-11-07,Mettur,338.304,2.581
2024-11-08,Mettur,322.6,3.871
2024-11-09,Mettur,196.73,5.161
2024-11-10,Mettur,160.0,6.452
2024-11-11,Mettur,175.52,7.742
2024-11-12,Mettur,175.52,9.032
2024-11-13,Mettur,104.39,10.323
2024-11-14,Mettur,109.68,11.613
2024-11-15,Mettur,130.0,12.903
2024-11-16,Mettur,186.98,14.194
2024-11-17,Mettur,175.0,15.484
2024-11-18,Mettur,126.14,16.774
2024-11-19,Mettur,99.75,18.065
2024-11-20,Mettur,99.75,19.355
2024-11-21,Mettur,20.545,20.645
2024-11-22,Mettur,84.15,21.936
2024-11-23,Mettur,19.56,23.226
2024-11-24,Mettur,19.0,24.517
2024-11-25,Mettur,88.18,25.807
2024-11-26,Mettur,26.163,27.097
2024-11-27,Mettur,26.4,28.388
2024-11-28,Mettur,90.79,29.678
2024-11-29,Mettur,26.577,30.968
2024-11-30,Mettur,21.314,32.259
2024-12-01,Mettur,19.56,33.549
2024-12-02,Mettur,90.79,29.311
2024-12-03,Mettur,99.75,26.486
2024-12-04,Mettur,104.27,22.248
2024-12-05,Mettur,90.79,22.248
2024-12-06,Mettur,88.18,22.248
2024-12-07,Mettur,20.813,22.248
2024-12-08,Mettur,90.5,22.248
2024-12-09,Mettur,99.75,22.248
2024-12-10,Mettur,19.693,22.248
2024-12-11,Mettur,100.866,22.248
2024-12-12,Mettur,26.748,22.248
2024-12-13,Mettur,28.666,22.248
2024-12-14,Mettur,90.79,22.248
2024-12-15,Mettur,99.75,22.248
2024-12-16,Mettur,109.68,22.248
2024-12-17,Mettur,85.15,22.248
2024-12-18,Mettur,23.846,22.248
2024-12-19,Mettur,21.63,22.248
2024-12-20,Mettur,25.263,22.248
2024-12-21,Mettur,9.895,22.248
2024-12-22,Mettur,11.5,22.248
2024-12-23,Mettur,10.186,22.248
2024-12-24,Mettur,26.172,22.248
2024-12-25,Mettur,28.66,22.248
2024-12-26,Mettur,10.178,22.248
2024-12-27,Mettur,109.29,22.248
2024-12-28,Mettur,99.601,22.248
2024-12-29,Mettur,10.0,22.248
2024-12-30,Mettur,109.29,22.248
2024-12-31,Mettur,8.955,22.248
