Date,Reservoir_Name,Inflow (cusecs/cumecs),Storage (TMC/MCM)
2010-01-01,Nagarjuna Sagar,203.26,120.07
2010-01-02,Nagarjuna Sagar,239.728,84.402
2010-01-03,Nagarjuna Sagar,283.067,69.923
2010-01-04,Nagarjuna Sagar,250.733,53.325
2010-01-05,Nagarjuna Sagar,249.936,53.678
2010-01-06,Nagarjuna Sagar,245.485,61.094
2010-01-07,Nagarjuna Sagar,245.54,61.448
2010-01-08,Nagarjuna Sagar,242.24,60.035
2010-01-09,Nagarjuna Sagar,240.349,100.176
2010-01-10,Nagarjuna Sagar,291.488,140.317
2010-01-11,Nagarjuna Sagar,251.81,180.458
2010-01-12,Nagarjuna Sagar,246.888,180.458
2010-01-13,Nagarjuna Sagar,241.45,177.403
2010-01-14,Nagarjuna Sagar,270.718,174.349
2010-01-15,Nagarjuna Sagar,259.951,171.294
2010-01-16,Nagarjuna Sagar,422.464,168.239
2010-01-17,Nagarjuna Sagar,415.249,165.184
2010-01-18,Nagarjuna Sagar,351.48,162.13
2010-01-19,Nagarjuna Sagar,259.806,159.075
2010-01-20,Nagarjuna Sagar,249.003,156.02
2010-01-21,Nagarjuna Sagar,231.661,152.965
2010-01-22,Nagarjuna Sagar,202.052,149.911
2010-01-23,Nagarjuna Sagar,161.77,146.856
2010-01-24,Nagarjuna Sagar,203.598,143.801
2010-01-25,Nagarjuna Sagar,184.08,140.747
2010-01-26,Nagarjuna Sagar,200.21,137.692
2010-01-27,Nagarjuna Sagar,245.884,134.637
2010-01-28,Nagarjuna Sagar,303.738,131.582
2010-01-29,Nagarjuna Sagar,253.462,128.528
2010-01-30,Nagarjuna Sagar,269.865,125.473
2010-01-31,Nagarjuna Sagar,235.686,122.418
2010-02-01,Nagarjuna Sagar,293.966,119.364
2010-02-02,Nagarjuna Sagar,280.325,82.636
2010-02-03,Nagarjuna Sagar,266.684,68.864
2010-02-04,Nagarjuna Sagar,283.909,52.619
2010-02-05,Nagarjuna Sagar,291.488,53.678
2010-02-06,Nagarjuna Sagar,274.796,61.448
2010-02-07,Nagarjuna Sagar,295.757,61.448
2010-02-08,Nagarjuna Sagar,291.01,60.741
2010-02-09,Nagarjuna Sagar,284.493,100.647
2010-02-10,Nagarjuna Sagar,285.705,140.552
2010-02-11,Nagarjuna Sagar,283.521,180.458
2010-02-12,Nagarjuna Sagar,295.757,180.458
2010-02-13,Nagarjuna Sagar,247.483,176.802
2010-02-14,Nagarjuna Sagar,228.305,173.146
2010-02-15,Nagarjuna Sagar,254.54,169.49
2010-02-16,Nagarjuna Sagar,277.386,165.834
2010-02-17,Nagarjuna Sagar,272.803,162.177
2010-02-18,Nagarjuna Sagar,292.239,158.521
2010-02-19,Nagarjuna Sagar,280.894,154.865
2010-02-20,Nagarjuna Sagar,274.052,151.209
2010-02-21,Nagarjuna Sagar,254.779,147.553
2010-02-22,Nagarjuna Sagar,265.48,143.897
2010-02-23,Nagarjuna Sagar,264.988,140.241
2010-02-24,Nagarjuna Sagar,274.529,136.585
2010-02-25,Nagarjuna Sagar,297.085,132.929
2010-02-26,Nagarjuna Sagar,306.883,129.272
2010-02-27,Nagarjuna Sagar,283.067,125.616
2010-02-28,Nagarjuna Sagar,274.796,121.96
2010-03-01,Nagarjuna Sagar,281.083,118.304
2010-03-02,Nagarjuna Sagar,266.322,81.93
2010-03-03,Nagarjuna Sagar,282.234,67.451
2010-03-04,Nagarjuna Sagar,280.862,51.913
2010-03-05,Nagarjuna Sagar,274.723,54.031
2010-03-06,Nagarjuna Sagar,303.234,61.448
2010-03-07,Nagarjuna Sagar,300.062,61.448
2010-03-08,Nagarjuna Sagar,314.079,62.507
2010-03-09,Nagarjuna Sagar,299.745,101.824
2010-03-10,Nagarjuna Sagar,306.652,141.141
2010-03-11,Nagarjuna Sagar,297.772,180.458
2010-03-12,Nagarjuna Sagar,286.443,180.458
2010-03-13,Nagarjuna Sagar,303.592,177.35
2010-03-14,Nagarjuna Sagar,304.407,174.243
2010-03-15,Nagarjuna Sagar,283.634,171.135
2010-03-16,Nagarjuna Sagar,295.757,168.027
2010-03-17,Nagarjuna Sagar,310.224,164.919
2010-03-18,Nagarjuna Sagar,296.795,161.812
2010-03-19,Nagarjuna Sagar,276.672,158.704
2010-03-20,Nagarjuna Sagar,279.821,155.596
2010-03-21,Nagarjuna Sagar,313.213,152.489
2010-03-22,Nagarjuna Sagar,311.835,149.381
2010-03-23,Nagarjuna Sagar,272.962,146.273
2010-03-24,Nagarjuna Sagar,309.826,143.166
2010-03-25,Nagarjuna Sagar,273.547,140.058
2010-03-26,Nagarjuna Sagar,312.461,136.95
2010-03-27,Nagarjuna Sagar,309.147,133.843
2010-03-28,Nagarjuna Sagar,283.067,130.735
2010-03-29,Nagarjuna Sagar,308.256,127.627
2010-03-30,Nagarjuna Sagar,303.812,124.52
2010-03-31,Nagarjuna Sagar,299.473,121.412
2010-04-01,Nagarjuna Sagar,329.04,118.304
2010-04-02,Nagarjuna Sagar,331.292,81.224
2010-04-03,Nagarjuna Sagar,299.952,67.451
2010-04-04,Nagarjuna Sagar,266.678,52.266
2010-04-05,Nagarjuna Sagar,283.714,54.031
2010-04-06,Nagarjuna Sagar,273.246,62.154
2010-04-07,Nagarjuna Sagar,287.532,61.094
2010-04-08,Nagarjuna Sagar,288.73,67.098
2010-04-09,Nagarjuna Sagar,236.99,104.885
2010-04-10,Nagarjuna Sagar,248.196,142.671
2010-04-11,Nagarjuna Sagar,250.887,180.458
2010-04-12,Nagarjuna Sagar,261.258,180.458
2010-04-13,Nagarjuna Sagar,238.423,177.001
2010-04-14,Nagarjuna Sagar,231.977,173.544
2010-04-15,Nagarjuna Sagar,231.566,170.087
2010-04-16,Nagarjuna Sagar,191.362,166.629
2010-04-17,Nagarjuna Sagar,126.757,163.172
2010-04-18,Nagarjuna Sagar,62.153,159.715
2010-04-19,Nagarjuna Sagar,58.707,156.258
2010-04-20,Nagarjuna Sagar,55.262,152.801
2010-04-21,Nagarjuna Sagar,51.817,149.344
2010-04-22,Nagarjuna Sagar,48.372,145.887
2010-04-23,Nagarjuna Sagar,44.927,142.43
2010-04-24,Nagarjuna Sagar,42.36,138.973
2010-04-25,Nagarjuna Sagar,39.237,135.515
2010-04-26,Nagarjuna Sagar,38.031,132.058
2010-04-27,Nagarjuna Sagar,36.826,128.601
2010-04-28,Nagarjuna Sagar,35.62,125.144
2010-04-29,Nagarjuna Sagar,34.415,121.687
2010-04-30,Nagarjuna Sagar,33.209,118.23
2010-05-01,Nagarjuna Sagar,28.266,114.773
2010-05-02,Nagarjuna Sagar,23.323,91.642
2010-05-03,Nagarjuna Sagar,24.404,68.51
2010-05-04,Nagarjuna Sagar,22.958,51.559
2010-05-05,Nagarjuna Sagar,22.584,54.031
2010-05-06,Nagarjuna Sagar,20.692,62.154
2010-05-07,Nagarjuna Sagar,22.813,61.094
2010-05-08,Nagarjuna Sagar,22.456,69.217
2010-05-09,Nagarjuna Sagar,20.733,106.297
2010-05-10,Nagarjuna Sagar,16.795,143.378
2010-05-11,Nagarjuna Sagar,17.618,180.458
2010-05-12,Nagarjuna Sagar,16.129,180.458
2010-05-13,Nagarjuna Sagar,16.758,177.121
2010-05-14,Nagarjuna Sagar,15.976,173.783
2010-05-15,Nagarjuna Sagar,15.706,170.446
2010-05-16,Nagarjuna Sagar,17.566,167.109
2010-05-17,Nagarjuna Sagar,15.632,163.772
2010-05-18,Nagarjuna Sagar,15.781,160.435
2010-05-19,Nagarjuna Sagar,18.079,157.097
2010-05-20,Nagarjuna Sagar,20.882,153.76
2010-05-21,Nagarjuna Sagar,110.283,150.423
2010-05-22,Nagarjuna Sagar,199.683,147.086
2010-05-23,Nagarjuna Sagar,104.922,143.748
2010-05-24,Nagarjuna Sagar,85.962,140.411
2010-05-25,Nagarjuna Sagar,67.002,137.074
2010-05-26,Nagarjuna Sagar,48.042,133.737
2010-05-27,Nagarjuna Sagar,29.082,130.399
2010-05-28,Nagarjuna Sagar,24.173,127.062
2010-05-29,Nagarjuna Sagar,24.011,123.725
2010-05-30,Nagarjuna Sagar,23.323,120.388
2010-05-31,Nagarjuna Sagar,25.03,117.05
2010-06-01,Nagarjuna Sagar,26.736,113.713
2010-06-02,Nagarjuna Sagar,25.839,79.811
2010-06-03,Nagarjuna Sagar,19.731,69.217
2010-06-04,Nagarjuna Sagar,18.714,50.853
2010-06-05,Nagarjuna Sagar,18.615,54.385
2010-06-06,Nagarjuna Sagar,14.271,62.154
2010-06-07,Nagarjuna Sagar,14.033,61.094
2010-06-08,Nagarjuna Sagar,13.796,72.042
2010-06-09,Nagarjuna Sagar,14.15,108.181
2010-06-10,Nagarjuna Sagar,17.319,144.319
2010-06-11,Nagarjuna Sagar,15.58,180.458
2010-06-12,Nagarjuna Sagar,16.048,180.458
2010-06-13,Nagarjuna Sagar,15.752,176.908
2010-06-14,Nagarjuna Sagar,20.622,173.358
2010-06-15,Nagarjuna Sagar,25.492,169.808
2010-06-16,Nagarjuna Sagar,30.362,166.258
2010-06-17,Nagarjuna Sagar,26.441,162.708
2010-06-18,Nagarjuna Sagar,22.119,159.158
2010-06-19,Nagarjuna Sagar,17.512,155.608
2010-06-20,Nagarjuna Sagar,18.953,152.058
2010-06-21,Nagarjuna Sagar,23.092,148.507
2010-06-22,Nagarjuna Sagar,24.581,144.957
2010-06-23,Nagarjuna Sagar,24.463,141.407
2010-06-24,Nagarjuna Sagar,27.93,137.857
2010-06-25,Nagarjuna Sagar,25.331,134.307
2010-06-26,Nagarjuna Sagar,24.887,130.757
2010-06-27,Nagarjuna Sagar,28.371,127.207
2010-06-28,Nagarjuna Sagar,29.313,123.657
2010-06-29,Nagarjuna Sagar,27.035,120.107
2010-06-30,Nagarjuna Sagar,25.8,116.557
2010-07-01,Nagarjuna Sagar,25.253,113.007
2010-07-02,Nagarjuna Sagar,25.702,79.458
2010-07-03,Nagarjuna Sagar,18.793,68.864
2010-07-04,Nagarjuna Sagar,21.564,50.5
2010-07-05,Nagarjuna Sagar,24.002,55.091
2010-07-06,Nagarjuna Sagar,53.771,62.507
2010-07-07,Nagarjuna Sagar,135.064,61.094
2010-07-08,Nagarjuna Sagar,216.357,74.514
2010-07-09,Nagarjuna Sagar,410.404,109.829
2010-07-10,Nagarjuna Sagar,257.945,145.143
2010-07-11,Nagarjuna Sagar,105.485,180.458
2010-07-12,Nagarjuna Sagar,117.429,180.458
2010-07-13,Nagarjuna Sagar,144.545,177.032
2010-07-14,Nagarjuna Sagar,130.326,173.607
2010-07-15,Nagarjuna Sagar,105.898,170.181
2010-07-16,Nagarjuna Sagar,81.47,166.756
2010-07-17,Nagarjuna Sagar,171.256,163.33
2010-07-18,Nagarjuna Sagar,380.658,159.905
2010-07-19,Nagarjuna Sagar,171.692,156.479
2010-07-20,Nagarjuna Sagar,107.418,153.054
2010-07-21,Nagarjuna Sagar,65.735,149.628
2010-07-22,Nagarjuna Sagar,87.116,146.203
2010-07-23,Nagarjuna Sagar,69.336,142.777
2010-07-24,Nagarjuna Sagar,84.786,139.352
2010-07-25,Nagarjuna Sagar,182.482,135.926
2010-07-26,Nagarjuna Sagar,186.303,132.501
2010-07-27,Nagarjuna Sagar,129.448,129.075
2010-07-28,Nagarjuna Sagar,101.028,125.65
2010-07-29,Nagarjuna Sagar,130.429,122.224
2010-07-30,Nagarjuna Sagar,108.82,118.799
2010-07-31,Nagarjuna Sagar,115.808,115.373
2010-08-01,Nagarjuna Sagar,78.024,111.947
2010-08-02,Nagarjuna Sagar,63.394,77.339
2010-08-03,Nagarjuna Sagar,48.764,67.098
2010-08-04,Nagarjuna Sagar,40.798,50.5
2010-08-05,Nagarjuna Sagar,35.219,56.503
2010-08-06,Nagarjuna Sagar,140.231,62.507
2010-08-07,Nagarjuna Sagar,242.959,61.094
2010-08-08,Nagarjuna Sagar,234.453,78.045
2010-08-09,Nagarjuna Sagar,542.201,112.183
2010-08-10,Nagarjuna Sagar,485.171,146.32
2010-08-11,Nagarjuna Sagar,428.142,180.458
2010-08-12,Nagarjuna Sagar,371.112,180.458
2010-08-13,Nagarjuna Sagar,314.083,176.962
2010-08-14,Nagarjuna Sagar,257.053,173.466
2010-08-15,Nagarjuna Sagar,200.024,169.969
2010-08-16,Nagarjuna Sagar,182.199,166.473
2010-08-17,Nagarjuna Sagar,182.195,162.977
2010-08-18,Nagarjuna Sagar,149.985,159.481
2010-08-19,Nagarjuna Sagar,121.968,155.985
2010-08-20,Nagarjuna Sagar,93.952,152.489
2010-08-21,Nagarjuna Sagar,89.684,148.993
2010-08-22,Nagarjuna Sagar,85.416,145.496
2010-08-23,Nagarjuna Sagar,99.765,142.0
2010-08-24,Nagarjuna Sagar,93.041,138.504
2010-08-25,Nagarjuna Sagar,621.606,135.008
2010-08-26,Nagarjuna Sagar,736.155,131.512
2010-08-27,Nagarjuna Sagar,743.771,128.016
2010-08-28,Nagarjuna Sagar,727.027,124.52
2010-08-29,Nagarjuna Sagar,534.573,121.023
2010-08-30,Nagarjuna Sagar,733.178,117.527
2010-08-31,Nagarjuna Sagar,578.656,114.031
2010-09-01,Nagarjuna Sagar,424.133,110.535
2010-09-02,Nagarjuna Sagar,836.425,76.633
2010-09-03,Nagarjuna Sagar,1248.717,67.451
2010-09-04,Nagarjuna Sagar,1299.269,50.147
2010-09-05,Nagarjuna Sagar,4697.065,56.503
2010-09-06,Nagarjuna Sagar,6005.742,62.507
2010-09-07,Nagarjuna Sagar,4169.458,61.094
2010-09-08,Nagarjuna Sagar,4337.102,81.93
2010-09-09,Nagarjuna Sagar,5099.482,114.773
2010-09-10,Nagarjuna Sagar,2368.287,147.615
2010-09-11,Nagarjuna Sagar,2791.079,180.458
2010-09-12,Nagarjuna Sagar,3366.651,180.458
2010-09-13,Nagarjuna Sagar,3320.832,176.741
2010-09-14,Nagarjuna Sagar,3855.266,173.023
2010-09-15,Nagarjuna Sagar,5490.654,169.306
2010-09-16,Nagarjuna Sagar,2835.909,165.589
2010-09-17,Nagarjuna Sagar,2124.981,161.871
2010-09-18,Nagarjuna Sagar,2532.512,158.154
2010-09-19,Nagarjuna Sagar,2207.058,154.437
2010-09-20,Nagarjuna Sagar,2307.61,150.719
2010-09-21,Nagarjuna Sagar,1753.003,147.002
2010-09-22,Nagarjuna Sagar,1539.34,143.285
2010-09-23,Nagarjuna Sagar,1545.803,139.567
2010-09-24,Nagarjuna Sagar,1659.755,135.85
2010-09-25,Nagarjuna Sagar,1431.511,132.133
2010-09-26,Nagarjuna Sagar,1201.206,128.415
2010-09-27,Nagarjuna Sagar,2777.105,124.698
2010-09-28,Nagarjuna Sagar,4353.004,120.981
2010-09-29,Nagarjuna Sagar,3362.21,117.263
2010-09-30,Nagarjuna Sagar,2297.096,113.546
2010-10-01,Nagarjuna Sagar,2095.418,109.829
2010-10-02,Nagarjuna Sagar,2046.189,76.633
2010-10-03,Nagarjuna Sagar,1459.016,67.451
2010-10-04,Nagarjuna Sagar,4728.832,49.441
2010-10-05,Nagarjuna Sagar,2371.919,57.916
2010-10-06,Nagarjuna Sagar,2205.322,62.507
2010-10-07,Nagarjuna Sagar,2556.794,61.094
2010-10-08,Nagarjuna Sagar,6020.967,86.168
2010-10-09,Nagarjuna Sagar,5680.33,117.598
2010-10-10,Nagarjuna Sagar,4612.575,149.028
2010-10-11,Nagarjuna Sagar,2505.173,180.458
2010-10-12,Nagarjuna Sagar,1333.838,180.458
2010-10-13,Nagarjuna Sagar,1208.472,176.926
2010-10-14,Nagarjuna Sagar,734.226,173.395
2010-10-15,Nagarjuna Sagar,703.14,169.864
2010-10-16,Nagarjuna Sagar,586.859,166.332
2010-10-17,Nagarjuna Sagar,470.578,162.801
2010-10-18,Nagarjuna Sagar,516.459,159.269
2010-10-19,Nagarjuna Sagar,636.229,155.738
2010-10-20,Nagarjuna Sagar,786.636,152.206
2010-10-21,Nagarjuna Sagar,485.108,148.675
2010-10-22,Nagarjuna Sagar,400.121,145.143
2010-10-23,Nagarjuna Sagar,315.134,141.612
2010-10-24,Nagarjuna Sagar,304.675,138.08
2010-10-25,Nagarjuna Sagar,714.802,134.549
2010-10-26,Nagarjuna Sagar,502.851,131.017
2010-10-27,Nagarjuna Sagar,798.009,127.486
2010-10-28,Nagarjuna Sagar,1093.168,123.954
2010-10-29,Nagarjuna Sagar,742.596,120.423
2010-10-30,Nagarjuna Sagar,294.036,116.892
2010-10-31,Nagarjuna Sagar,297.206,113.36
2010-11-01,Nagarjuna Sagar,491.807,109.829
2010-11-02,Nagarjuna Sagar,755.742,76.28
2010-11-03,Nagarjuna Sagar,532.898,66.745
2010-11-04,Nagarjuna Sagar,601.167,48.734
2010-11-05,Nagarjuna Sagar,581.465,58.269
2010-11-06,Nagarjuna Sagar,545.472,62.507
2010-11-07,Nagarjuna Sagar,406.556,61.094
2010-11-08,Nagarjuna Sagar,532.827,90.759
2010-11-09,Nagarjuna Sagar,604.268,120.659
2010-11-10,Nagarjuna Sagar,1093.796,150.558
2010-11-11,Nagarjuna Sagar,1884.805,180.458
2010-11-12,Nagarjuna Sagar,1799.59,180.458
2010-11-13,Nagarjuna Sagar,1884.805,176.741
2010-11-14,Nagarjuna Sagar,1744.054,173.023
2010-11-15,Nagarjuna Sagar,1830.546,169.306
2010-11-16,Nagarjuna Sagar,1721.855,165.589
2010-11-17,Nagarjuna Sagar,1232.955,161.871
2010-11-18,Nagarjuna Sagar,1080.089,158.154
2010-11-19,Nagarjuna Sagar,695.654,154.437
2010-11-20,Nagarjuna Sagar,404.652,150.719
2010-11-21,Nagarjuna Sagar,316.068,147.002
2010-11-22,Nagarjuna Sagar,285.149,143.285
2010-11-23,Nagarjuna Sagar,254.231,139.567
2010-11-24,Nagarjuna Sagar,216.461,135.85
2010-11-25,Nagarjuna Sagar,223.81,132.133
2010-11-26,Nagarjuna Sagar,222.59,128.415
2010-11-27,Nagarjuna Sagar,196.342,124.698
2010-11-28,Nagarjuna Sagar,241.03,120.981
2010-11-29,Nagarjuna Sagar,235.427,117.263
2010-11-30,Nagarjuna Sagar,184.899,113.546
2010-12-01,Nagarjuna Sagar,153.447,109.829
2010-12-02,Nagarjuna Sagar,151.163,75.927
2010-12-03,Nagarjuna Sagar,178.884,66.038
2010-12-04,Nagarjuna Sagar,169.988,49.441
2010-12-05,Nagarjuna Sagar,191.144,58.975
2010-12-06,Nagarjuna Sagar,167.647,62.507
2010-12-07,Nagarjuna Sagar,182.025,61.094
2010-12-08,Nagarjuna Sagar,566.593,95.703
2010-12-09,Nagarjuna Sagar,972.713,123.955
2010-12-10,Nagarjuna Sagar,568.311,152.206
2010-12-11,Nagarjuna Sagar,287.738,180.458
2010-12-12,Nagarjuna Sagar,224.77,180.458
2010-12-13,Nagarjuna Sagar,170.669,180.458
2010-12-14,Nagarjuna Sagar,131.409,180.458
2010-12-15,Nagarjuna Sagar,142.782,180.458
2010-12-16,Nagarjuna Sagar,105.702,180.458
2010-12-17,Nagarjuna Sagar,109.774,180.458
2010-12-18,Nagarjuna Sagar,99.553,180.458
2010-12-19,Nagarjuna Sagar,111.953,180.458
2010-12-20,Nagarjuna Sagar,98.208,180.458
2010-12-21,Nagarjuna Sagar,94.728,180.458
2010-12-22,Nagarjuna Sagar,96.766,180.458
2010-12-23,Nagarjuna Sagar,90.933,180.458
2010-12-24,Nagarjuna Sagar,84.233,180.458
2010-12-25,Nagarjuna Sagar,91.197,180.458
2010-12-26,Nagarjuna Sagar,93.17,180.458
2010-12-27,Nagarjuna Sagar,120.839,180.458
2010-12-28,Nagarjuna Sagar,131.963,180.458
2010-12-29,Nagarjuna Sagar,135.664,180.458
2010-12-30,Nagarjuna Sagar,148.633,180.458
2010-12-31,Nagarjuna Sagar,122.041,180.458
2011-01-01,Nagarjuna Sagar,152.77,180.458
2011-01-02,Nagarjuna Sagar,163.11,179.045
2011-01-03,Nagarjuna Sagar,188.172,147.968
2011-01-04,Nagarjuna Sagar,176.128,151.147
2011-01-05,Nagarjuna Sagar,137.681,136.315
2011-01-06,Nagarjuna Sagar,182.541,139.14
2011-01-07,Nagarjuna Sagar,182.325,147.615
2011-01-08,Nagarjuna Sagar,181.223,134.196
2011-01-09,Nagarjuna Sagar,168.525,160.329
2011-01-10,Nagarjuna Sagar,197.049,180.458
2011-01-11,Nagarjuna Sagar,185.788,168.451
2011-01-12,Nagarjuna Sagar,220.388,137.383
2011-01-13,Nagarjuna Sagar,228.971,106.315
2011-01-14,Nagarjuna Sagar,218.437,110.217
2011-01-15,Nagarjuna Sagar,247.703,114.119
2011-01-16,Nagarjuna Sagar,261.353,118.022
2011-01-17,Nagarjuna Sagar,239.439,121.924
2011-01-18,Nagarjuna Sagar,225.429,125.826
2011-01-19,Nagarjuna Sagar,258.898,129.728
2011-01-20,Nagarjuna Sagar,282.599,133.631
2011-01-21,Nagarjuna Sagar,291.852,137.533
2011-01-22,Nagarjuna Sagar,227.732,141.435
2011-01-23,Nagarjuna Sagar,254.48,145.338
2011-01-24,Nagarjuna Sagar,257.871,149.24
2011-01-25,Nagarjuna Sagar,297.909,153.142
2011-01-26,Nagarjuna Sagar,268.325,157.044
2011-01-27,Nagarjuna Sagar,252.727,160.947
2011-01-28,Nagarjuna Sagar,247.564,164.849
2011-01-29,Nagarjuna Sagar,257.574,168.751
2011-01-30,Nagarjuna Sagar,257.904,172.653
2011-01-31,Nagarjuna Sagar,229.978,176.556
2011-02-01,Nagarjuna Sagar,281.434,180.458
2011-02-02,Nagarjuna Sagar,227.912,179.045
2011-02-03,Nagarjuna Sagar,246.399,147.968
2011-02-04,Nagarjuna Sagar,234.633,152.913
2011-02-05,Nagarjuna Sagar,251.557,135.961
2011-02-06,Nagarjuna Sagar,215.308,139.14
2011-02-07,Nagarjuna Sagar,260.781,147.262
2011-02-08,Nagarjuna Sagar,254.359,134.196
2011-02-09,Nagarjuna Sagar,226.33,166.332
2011-02-10,Nagarjuna Sagar,192.097,180.458
2011-02-11,Nagarjuna Sagar,209.101,166.685
2011-02-12,Nagarjuna Sagar,221.195,136.014
2011-02-13,Nagarjuna Sagar,231.201,105.342
2011-02-14,Nagarjuna Sagar,192.766,110.036
2011-02-15,Nagarjuna Sagar,253.638,114.731
2011-02-16,Nagarjuna Sagar,215.308,119.426
2011-02-17,Nagarjuna Sagar,204.122,124.121
2011-02-18,Nagarjuna Sagar,192.785,128.815
2011-02-19,Nagarjuna Sagar,175.383,133.51
2011-02-20,Nagarjuna Sagar,163.11,138.205
2011-02-21,Nagarjuna Sagar,173.361,142.9
2011-02-22,Nagarjuna Sagar,206.95,147.595
2011-02-23,Nagarjuna Sagar,286.245,152.289
2011-02-24,Nagarjuna Sagar,236.409,156.984
2011-02-25,Nagarjuna Sagar,186.572,161.679
2011-02-26,Nagarjuna Sagar,166.997,166.374
2011-02-27,Nagarjuna Sagar,174.036,171.068
2011-02-28,Nagarjuna Sagar,187.82,175.763
2011-03-01,Nagarjuna Sagar,173.56,180.458
2011-03-02,Nagarjuna Sagar,177.705,179.045
2011-03-03,Nagarjuna Sagar,162.144,148.675
2011-03-04,Nagarjuna Sagar,168.632,152.913
2011-03-05,Nagarjuna Sagar,173.396,135.608
2011-03-06,Nagarjuna Sagar,149.987,139.14
2011-03-07,Nagarjuna Sagar,151.336,147.615
2011-03-08,Nagarjuna Sagar,165.773,134.196
2011-03-09,Nagarjuna Sagar,180.21,157.327
2011-03-10,Nagarjuna Sagar,206.742,180.458
2011-03-11,Nagarjuna Sagar,187.219,164.919
2011-03-12,Nagarjuna Sagar,188.245,134.275
2011-03-13,Nagarjuna Sagar,224.77,103.631
2011-03-14,Nagarjuna Sagar,190.119,107.674
2011-03-15,Nagarjuna Sagar,223.049,111.718
2011-03-16,Nagarjuna Sagar,229.706,115.761
2011-03-17,Nagarjuna Sagar,225.844,119.805
2011-03-18,Nagarjuna Sagar,236.675,123.849
2011-03-19,Nagarjuna Sagar,256.43,127.892
2011-03-20,Nagarjuna Sagar,247.706,131.936
2011-03-21,Nagarjuna Sagar,225.382,135.979
2011-03-22,Nagarjuna Sagar,223.581,140.023
2011-03-23,Nagarjuna Sagar,253.874,144.066
2011-03-24,Nagarjuna Sagar,248.366,148.11
2011-03-25,Nagarjuna Sagar,239.811,152.153
2011-03-26,Nagarjuna Sagar,231.257,156.197
2011-03-27,Nagarjuna Sagar,257.904,160.24
2011-03-28,Nagarjuna Sagar,256.877,164.284
2011-03-29,Nagarjuna Sagar,255.849,168.327
2011-03-30,Nagarjuna Sagar,235.135,172.371
2011-03-31,Nagarjuna Sagar,237.662,176.414
2011-04-01,Nagarjuna Sagar,274.902,180.458
2011-04-02,Nagarjuna Sagar,255.224,179.045
2011-04-03,Nagarjuna Sagar,224.77,148.322
2011-04-04,Nagarjuna Sagar,227.973,151.5
2011-04-05,Nagarjuna Sagar,197.4,135.255
2011-04-06,Nagarjuna Sagar,198.224,139.493
2011-04-07,Nagarjuna Sagar,188.248,147.262
2011-04-08,Nagarjuna Sagar,166.711,134.549
2011-04-09,Nagarjuna Sagar,124.997,157.504
2011-04-10,Nagarjuna Sagar,163.11,180.458
2011-04-11,Nagarjuna Sagar,137.875,162.094
2011-04-12,Nagarjuna Sagar,129.566,132.3
2011-04-13,Nagarjuna Sagar,138.959,102.505
2011-04-14,Nagarjuna Sagar,155.165,106.836
2011-04-15,Nagarjuna Sagar,146.039,111.167
2011-04-16,Nagarjuna Sagar,132.61,115.498
2011-04-17,Nagarjuna Sagar,127.856,119.828
2011-04-18,Nagarjuna Sagar,147.386,124.159
2011-04-19,Nagarjuna Sagar,135.378,128.49
2011-04-20,Nagarjuna Sagar,114.808,132.82
2011-04-21,Nagarjuna Sagar,120.937,137.151
2011-04-22,Nagarjuna Sagar,127.856,141.482
2011-04-23,Nagarjuna Sagar,250.999,145.812
2011-04-24,Nagarjuna Sagar,251.08,150.143
2011-04-25,Nagarjuna Sagar,150.788,154.474
2011-04-26,Nagarjuna Sagar,117.898,158.804
2011-04-27,Nagarjuna Sagar,89.529,163.135
2011-04-28,Nagarjuna Sagar,61.159,167.466
2011-04-29,Nagarjuna Sagar,33.671,171.797
2011-04-30,Nagarjuna Sagar,68.593,176.127
2011-05-01,Nagarjuna Sagar,64.438,180.458
2011-05-02,Nagarjuna Sagar,31.182,179.045
2011-05-03,Nagarjuna Sagar,32.748,146.909
2011-05-04,Nagarjuna Sagar,35.703,151.5
2011-05-05,Nagarjuna Sagar,34.358,135.255
2011-05-06,Nagarjuna Sagar,43.954,139.493
2011-05-07,Nagarjuna Sagar,47.455,147.615
2011-05-08,Nagarjuna Sagar,42.709,133.489
2011-05-09,Nagarjuna Sagar,44.202,156.974
2011-05-10,Nagarjuna Sagar,45.778,180.458
2011-05-11,Nagarjuna Sagar,41.669,159.622
2011-05-12,Nagarjuna Sagar,41.032,130.285
2011-05-13,Nagarjuna Sagar,40.318,100.947
2011-05-14,Nagarjuna Sagar,33.226,105.132
2011-05-15,Nagarjuna Sagar,36.121,109.317
2011-05-16,Nagarjuna Sagar,34.458,113.501
2011-05-17,Nagarjuna Sagar,33.572,117.686
2011-05-18,Nagarjuna Sagar,35.598,121.871
2011-05-19,Nagarjuna Sagar,50.359,126.056
2011-05-20,Nagarjuna Sagar,50.851,130.24
2011-05-21,Nagarjuna Sagar,48.574,134.425
2011-05-22,Nagarjuna Sagar,42.709,138.61
2011-05-23,Nagarjuna Sagar,45.222,142.795
2011-05-24,Nagarjuna Sagar,43.765,146.98
2011-05-25,Nagarjuna Sagar,43.5,151.164
2011-05-26,Nagarjuna Sagar,47.381,155.349
2011-05-27,Nagarjuna Sagar,43.855,159.534
2011-05-28,Nagarjuna Sagar,44.784,163.719
2011-05-29,Nagarjuna Sagar,48.009,167.904
2011-05-30,Nagarjuna Sagar,36.431,172.088
2011-05-31,Nagarjuna Sagar,32.916,176.273
2011-06-01,Nagarjuna Sagar,35.96,180.458
2011-06-02,Nagarjuna Sagar,36.433,179.045
2011-06-03,Nagarjuna Sagar,35.499,145.85
2011-06-04,Nagarjuna Sagar,33.52,151.147
2011-06-05,Nagarjuna Sagar,36.469,135.961
2011-06-06,Nagarjuna Sagar,30.895,139.846
2011-06-07,Nagarjuna Sagar,30.952,146.556
2011-06-08,Nagarjuna Sagar,34.989,133.489
2011-06-09,Nagarjuna Sagar,33.736,156.974
2011-06-10,Nagarjuna Sagar,35.63,180.458
2011-06-11,Nagarjuna Sagar,32.871,156.444
2011-06-12,Nagarjuna Sagar,33.511,128.136
2011-06-13,Nagarjuna Sagar,32.425,99.829
2011-06-14,Nagarjuna Sagar,32.378,104.308
2011-06-15,Nagarjuna Sagar,32.039,108.788
2011-06-16,Nagarjuna Sagar,31.7,113.267
2011-06-17,Nagarjuna Sagar,31.361,117.747
2011-06-18,Nagarjuna Sagar,31.022,122.226
2011-06-19,Nagarjuna Sagar,30.683,126.705
2011-06-20,Nagarjuna Sagar,29.494,131.185
2011-06-21,Nagarjuna Sagar,28.306,135.664
2011-06-22,Nagarjuna Sagar,27.117,140.143
2011-06-23,Nagarjuna Sagar,25.928,144.623
2011-06-24,Nagarjuna Sagar,24.74,149.102
2011-06-25,Nagarjuna Sagar,24.09,153.582
2011-06-26,Nagarjuna Sagar,24.583,158.061
2011-06-27,Nagarjuna Sagar,22.952,162.54
2011-06-28,Nagarjuna Sagar,21.322,167.02
2011-06-29,Nagarjuna Sagar,21.546,171.499
2011-06-30,Nagarjuna Sagar,22.59,175.979
2011-07-01,Nagarjuna Sagar,28.876,180.458
2011-07-02,Nagarjuna Sagar,49.48,179.045
2011-07-03,Nagarjuna Sagar,101.533,145.143
2011-07-04,Nagarjuna Sagar,127.791,151.5
2011-07-05,Nagarjuna Sagar,132.112,136.668
2011-07-06,Nagarjuna Sagar,142.659,139.846
2011-07-07,Nagarjuna Sagar,145.084,146.203
2011-07-08,Nagarjuna Sagar,173.308,132.077
2011-07-09,Nagarjuna Sagar,165.763,156.267
2011-07-10,Nagarjuna Sagar,160.101,180.458
2011-07-11,Nagarjuna Sagar,155.685,152.206
2011-07-12,Nagarjuna Sagar,149.816,125.234
2011-07-13,Nagarjuna Sagar,171.116,98.263
2011-07-14,Nagarjuna Sagar,175.668,102.589
2011-07-15,Nagarjuna Sagar,186.862,106.915
2011-07-16,Nagarjuna Sagar,183.57,111.241
2011-07-17,Nagarjuna Sagar,229.622,115.567
2011-07-18,Nagarjuna Sagar,217.922,119.893
2011-07-19,Nagarjuna Sagar,223.37,124.219
2011-07-20,Nagarjuna Sagar,261.768,128.545
2011-07-21,Nagarjuna Sagar,283.794,132.871
2011-07-22,Nagarjuna Sagar,305.37,137.197
2011-07-23,Nagarjuna Sagar,312.021,141.524
2011-07-24,Nagarjuna Sagar,351.627,145.85
2011-07-25,Nagarjuna Sagar,473.013,150.176
2011-07-26,Nagarjuna Sagar,594.4,154.502
2011-07-27,Nagarjuna Sagar,715.786,158.828
2011-07-28,Nagarjuna Sagar,628.974,163.154
2011-07-29,Nagarjuna Sagar,542.161,167.48
2011-07-30,Nagarjuna Sagar,455.348,171.806
2011-07-31,Nagarjuna Sagar,368.536,176.132
2011-08-01,Nagarjuna Sagar,322.282,180.458
2011-08-02,Nagarjuna Sagar,317.444,179.045
2011-08-03,Nagarjuna Sagar,304.153,146.203
2011-08-04,Nagarjuna Sagar,320.647,151.147
2011-08-05,Nagarjuna Sagar,304.057,137.374
2011-08-06,Nagarjuna Sagar,320.052,140.552
2011-08-07,Nagarjuna Sagar,440.71,146.203
2011-08-08,Nagarjuna Sagar,539.925,129.958
2011-08-09,Nagarjuna Sagar,673.242,155.208
2011-08-10,Nagarjuna Sagar,631.836,180.458
2011-08-11,Nagarjuna Sagar,624.617,151.147
2011-08-12,Nagarjuna Sagar,649.159,124.202
2011-08-13,Nagarjuna Sagar,617.606,97.257
2011-08-14,Nagarjuna Sagar,499.682,101.636
2011-08-15,Nagarjuna Sagar,545.611,106.015
2011-08-16,Nagarjuna Sagar,694.823,110.394
2011-08-17,Nagarjuna Sagar,681.757,114.773
2011-08-18,Nagarjuna Sagar,692.351,119.152
2011-08-19,Nagarjuna Sagar,775.178,123.531
2011-08-20,Nagarjuna Sagar,751.184,127.91
2011-08-21,Nagarjuna Sagar,687.507,132.289
2011-08-22,Nagarjuna Sagar,702.977,136.668
2011-08-23,Nagarjuna Sagar,712.226,141.047
2011-08-24,Nagarjuna Sagar,519.5,145.426
2011-08-25,Nagarjuna Sagar,357.115,149.805
2011-08-26,Nagarjuna Sagar,736.056,154.184
2011-08-27,Nagarjuna Sagar,662.983,158.563
2011-08-28,Nagarjuna Sagar,516.119,162.942
2011-08-29,Nagarjuna Sagar,352.406,167.321
2011-08-30,Nagarjuna Sagar,342.309,171.7
2011-08-31,Nagarjuna Sagar,322.319,176.079
2011-09-01,Nagarjuna Sagar,312.87,180.458
2011-09-02,Nagarjuna Sagar,287.023,172.689
2011-09-03,Nagarjuna Sagar,255.953,147.615
2011-09-04,Nagarjuna Sagar,240.244,151.5
2011-09-05,Nagarjuna Sagar,646.649,137.727
2011-09-06,Nagarjuna Sagar,9474.291,140.552
2011-09-07,Nagarjuna Sagar,10048.907,146.203
2011-09-08,Nagarjuna Sagar,10623.522,130.664
2011-09-09,Nagarjuna Sagar,12951.176,155.561
2011-09-10,Nagarjuna Sagar,12843.958,180.458
2011-09-11,Nagarjuna Sagar,7461.326,149.381
2011-09-12,Nagarjuna Sagar,4013.442,122.932
2011-09-13,Nagarjuna Sagar,7752.99,96.483
2011-09-14,Nagarjuna Sagar,2531.473,101.149
2011-09-15,Nagarjuna Sagar,1914.818,105.814
2011-09-16,Nagarjuna Sagar,1298.163,110.479
2011-09-17,Nagarjuna Sagar,681.508,115.144
2011-09-18,Nagarjuna Sagar,639.703,119.81
2011-09-19,Nagarjuna Sagar,768.178,124.475
2011-09-20,Nagarjuna Sagar,670.865,129.14
2011-09-21,Nagarjuna Sagar,634.596,133.805
2011-09-22,Nagarjuna Sagar,624.787,138.471
2011-09-23,Nagarjuna Sagar,653.165,143.136
2011-09-24,Nagarjuna Sagar,615.55,147.801
2011-09-25,Nagarjuna Sagar,611.953,152.466
2011-09-26,Nagarjuna Sagar,554.999,157.132
2011-09-27,Nagarjuna Sagar,645.358,161.797
2011-09-28,Nagarjuna Sagar,657.014,166.462
2011-09-29,Nagarjuna Sagar,724.858,171.127
2011-09-30,Nagarjuna Sagar,551.808,175.793
2011-10-01,Nagarjuna Sagar,548.709,180.458
2011-10-02,Nagarjuna Sagar,545.611,171.982
2011-10-03,Nagarjuna Sagar,569.572,149.381
2011-10-04,Nagarjuna Sagar,557.0,151.147
2011-10-05,Nagarjuna Sagar,544.429,137.727
2011-10-06,Nagarjuna Sagar,532.858,140.552
2011-10-07,Nagarjuna Sagar,535.974,146.203
2011-10-08,Nagarjuna Sagar,539.09,131.724
2011-10-09,Nagarjuna Sagar,584.899,156.091
2011-10-10,Nagarjuna Sagar,546.553,180.458
2011-10-11,Nagarjuna Sagar,519.129,146.556
2011-10-12,Nagarjuna Sagar,663.314,120.9
2011-10-13,Nagarjuna Sagar,584.384,95.244
2011-10-14,Nagarjuna Sagar,681.561,99.729
2011-10-15,Nagarjuna Sagar,639.825,104.214
2011-10-16,Nagarjuna Sagar,593.84,108.699
2011-10-17,Nagarjuna Sagar,609.768,113.184
2011-10-18,Nagarjuna Sagar,545.114,117.668
2011-10-19,Nagarjuna Sagar,529.363,122.153
2011-10-20,Nagarjuna Sagar,508.306,126.638
2011-10-21,Nagarjuna Sagar,491.184,131.123
2011-10-22,Nagarjuna Sagar,504.469,135.608
2011-10-23,Nagarjuna Sagar,487.551,140.093
2011-10-24,Nagarjuna Sagar,516.252,144.578
2011-10-25,Nagarjuna Sagar,550.444,149.063
2011-10-26,Nagarjuna Sagar,537.09,153.548
2011-10-27,Nagarjuna Sagar,529.767,158.033
2011-10-28,Nagarjuna Sagar,559.327,162.518
2011-10-29,Nagarjuna Sagar,588.887,167.003
2011-10-30,Nagarjuna Sagar,635.029,171.488
2011-10-31,Nagarjuna Sagar,521.92,175.973
2011-11-01,Nagarjuna Sagar,490.51,180.458
2011-11-02,Nagarjuna Sagar,493.856,170.57
2011-11-03,Nagarjuna Sagar,376.237,154.325
2011-11-04,Nagarjuna Sagar,379.456,152.206
2011-11-05,Nagarjuna Sagar,382.676,138.08
2011-11-06,Nagarjuna Sagar,385.896,140.552
2011-11-07,Nagarjuna Sagar,396.529,146.203
2011-11-08,Nagarjuna Sagar,392.985,134.902
2011-11-09,Nagarjuna Sagar,389.44,157.68
2011-11-10,Nagarjuna Sagar,385.896,180.458
2011-11-11,Nagarjuna Sagar,478.399,145.143
2011-11-12,Nagarjuna Sagar,695.51,119.81
2011-11-13,Nagarjuna Sagar,702.23,94.476
2011-11-14,Nagarjuna Sagar,799.908,99.253
2011-11-15,Nagarjuna Sagar,659.134,104.03
2011-11-16,Nagarjuna Sagar,518.36,108.806
2011-11-17,Nagarjuna Sagar,377.585,113.583
2011-11-18,Nagarjuna Sagar,375.744,118.36
2011-11-19,Nagarjuna Sagar,373.904,123.137
2011-11-20,Nagarjuna Sagar,382.388,127.913
2011-11-21,Nagarjuna Sagar,347.763,132.69
2011-11-22,Nagarjuna Sagar,347.65,137.467
2011-11-23,Nagarjuna Sagar,369.854,142.244
2011-11-24,Nagarjuna Sagar,388.299,147.021
2011-11-25,Nagarjuna Sagar,357.98,151.797
2011-11-26,Nagarjuna Sagar,373.105,156.574
2011-11-27,Nagarjuna Sagar,368.536,161.351
2011-11-28,Nagarjuna Sagar,330.063,166.128
2011-11-29,Nagarjuna Sagar,309.601,170.904
2011-11-30,Nagarjuna Sagar,305.186,175.681
2011-12-01,Nagarjuna Sagar,238.044,180.458
2011-12-02,Nagarjuna Sagar,205.523,170.217
2011-12-03,Nagarjuna Sagar,191.354,151.147
2011-12-04,Nagarjuna Sagar,164.482,152.206
2011-12-05,Nagarjuna Sagar,164.803,138.08
2011-12-06,Nagarjuna Sagar,138.734,140.552
2011-12-07,Nagarjuna Sagar,126.444,146.203
2011-12-08,Nagarjuna Sagar,116.025,138.08
2011-12-09,Nagarjuna Sagar,111.448,159.269
2011-12-10,Nagarjuna Sagar,106.872,180.458
2011-12-11,Nagarjuna Sagar,115.619,143.024
2011-12-12,Nagarjuna Sagar,126.978,115.072
2011-12-13,Nagarjuna Sagar,137.541,87.121
2011-12-14,Nagarjuna Sagar,148.104,85.956
2011-12-15,Nagarjuna Sagar,158.667,84.791
2011-12-16,Nagarjuna Sagar,171.64,83.625
2011-12-17,Nagarjuna Sagar,170.913,82.46
2011-12-18,Nagarjuna Sagar,162.233,81.294
2011-12-19,Nagarjuna Sagar,165.648,80.129
2011-12-20,Nagarjuna Sagar,141.66,78.964
2011-12-21,Nagarjuna Sagar,141.937,77.798
2011-12-22,Nagarjuna Sagar,126.859,76.633
2011-12-23,Nagarjuna Sagar,110.693,75.467
2011-12-24,Nagarjuna Sagar,94.527,74.302
2011-12-25,Nagarjuna Sagar,78.28,73.137
2011-12-26,Nagarjuna Sagar,67.115,71.971
2011-12-27,Nagarjuna Sagar,78.748,70.806
2011-12-28,Nagarjuna Sagar,90.382,69.641
2011-12-29,Nagarjuna Sagar,101.145,68.475
2011-12-30,Nagarjuna Sagar,111.908,67.31
2011-12-31,Nagarjuna Sagar,122.67,66.144
2012-01-01,Nagarjuna Sagar,121.157,64.979
2012-01-02,Nagarjuna Sagar,131.737,54.031
2012-01-03,Nagarjuna Sagar,155.113,49.087
2012-01-04,Nagarjuna Sagar,139.782,43.084
2012-01-05,Nagarjuna Sagar,111.136,43.084
2012-01-06,Nagarjuna Sagar,123.271,42.731
2012-01-07,Nagarjuna Sagar,94.649,40.965
2012-01-08,Nagarjuna Sagar,66.026,41.671
2012-01-09,Nagarjuna Sagar,59.095,38.493
2012-01-10,Nagarjuna Sagar,56.233,78.399
2012-01-11,Nagarjuna Sagar,58.332,84.755
2012-01-12,Nagarjuna Sagar,81.301,79.105
2012-01-13,Nagarjuna Sagar,104.271,78.328
2012-01-14,Nagarjuna Sagar,104.643,77.551
2012-01-15,Nagarjuna Sagar,105.015,76.774
2012-01-16,Nagarjuna Sagar,98.719,75.997
2012-01-17,Nagarjuna Sagar,92.424,75.22
2012-01-18,Nagarjuna Sagar,87.849,74.443
2012-01-19,Nagarjuna Sagar,90.271,73.666
2012-01-20,Nagarjuna Sagar,87.731,72.889
2012-01-21,Nagarjuna Sagar,85.191,72.113
2012-01-22,Nagarjuna Sagar,82.651,71.336
2012-01-23,Nagarjuna Sagar,75.458,70.559
2012-01-24,Nagarjuna Sagar,68.265,69.782
2012-01-25,Nagarjuna Sagar,61.071,69.005
2012-01-26,Nagarjuna Sagar,53.878,68.228
2012-01-27,Nagarjuna Sagar,53.5,67.451
2012-01-28,Nagarjuna Sagar,53.123,66.674
2012-01-29,Nagarjuna Sagar,52.745,65.897
2012-01-30,Nagarjuna Sagar,51.301,65.12
2012-01-31,Nagarjuna Sagar,49.524,64.343
2012-02-01,Nagarjuna Sagar,49.324,63.566
2012-02-02,Nagarjuna Sagar,49.081,54.031
2012-02-03,Nagarjuna Sagar,49.85,50.147
2012-02-04,Nagarjuna Sagar,50.372,43.084
2012-02-05,Nagarjuna Sagar,55.025,43.084
2012-02-06,Nagarjuna Sagar,62.619,42.731
2012-02-07,Nagarjuna Sagar,66.08,40.612
2012-02-08,Nagarjuna Sagar,69.54,41.671
2012-02-09,Nagarjuna Sagar,67.44,38.493
2012-02-10,Nagarjuna Sagar,66.552,79.105
2012-02-11,Nagarjuna Sagar,63.831,84.755
2012-02-12,Nagarjuna Sagar,63.475,78.399
2012-02-13,Nagarjuna Sagar,61.832,77.516
2012-02-14,Nagarjuna Sagar,62.176,76.633
2012-02-15,Nagarjuna Sagar,61.479,75.75
2012-02-16,Nagarjuna Sagar,61.614,74.867
2012-02-17,Nagarjuna Sagar,60.079,73.984
2012-02-18,Nagarjuna Sagar,58.011,73.101
2012-02-19,Nagarjuna Sagar,60.985,72.218
2012-02-20,Nagarjuna Sagar,60.985,71.336
2012-02-21,Nagarjuna Sagar,56.776,70.453
2012-02-22,Nagarjuna Sagar,56.993,69.57
2012-02-23,Nagarjuna Sagar,56.07,68.687
2012-02-24,Nagarjuna Sagar,56.564,67.804
2012-02-25,Nagarjuna Sagar,56.614,66.921
2012-02-26,Nagarjuna Sagar,62.223,66.038
2012-02-27,Nagarjuna Sagar,59.853,65.156
2012-02-28,Nagarjuna Sagar,62.398,64.273
2012-02-29,Nagarjuna Sagar,64.942,63.39
2012-03-01,Nagarjuna Sagar,67.487,62.507
2012-03-02,Nagarjuna Sagar,64.733,54.031
2012-03-03,Nagarjuna Sagar,59.266,49.794
2012-03-04,Nagarjuna Sagar,60.985,43.084
2012-03-05,Nagarjuna Sagar,55.697,43.084
2012-03-06,Nagarjuna Sagar,56.914,42.731
2012-03-07,Nagarjuna Sagar,54.892,40.612
2012-03-08,Nagarjuna Sagar,54.573,41.671
2012-03-09,Nagarjuna Sagar,70.425,38.846
2012-03-10,Nagarjuna Sagar,60.593,79.105
2012-03-11,Nagarjuna Sagar,58.556,84.755
2012-03-12,Nagarjuna Sagar,48.811,76.986
2012-03-13,Nagarjuna Sagar,39.065,76.227
2012-03-14,Nagarjuna Sagar,29.319,75.467
2012-03-15,Nagarjuna Sagar,53.703,74.708
2012-03-16,Nagarjuna Sagar,78.087,73.949
2012-03-17,Nagarjuna Sagar,102.471,73.19
2012-03-18,Nagarjuna Sagar,126.854,72.43
2012-03-19,Nagarjuna Sagar,117.674,71.671
2012-03-20,Nagarjuna Sagar,108.494,70.912
2012-03-21,Nagarjuna Sagar,119.121,70.153
2012-03-22,Nagarjuna Sagar,123.337,69.393
2012-03-23,Nagarjuna Sagar,119.293,68.634
2012-03-24,Nagarjuna Sagar,132.107,67.875
2012-03-25,Nagarjuna Sagar,144.921,67.116
2012-03-26,Nagarjuna Sagar,147.075,66.356
2012-03-27,Nagarjuna Sagar,149.23,65.597
2012-03-28,Nagarjuna Sagar,151.385,64.838
2012-03-29,Nagarjuna Sagar,153.539,64.078
2012-03-30,Nagarjuna Sagar,155.694,63.319
2012-03-31,Nagarjuna Sagar,157.849,62.56
2012-04-01,Nagarjuna Sagar,160.003,61.801
2012-04-02,Nagarjuna Sagar,144.989,53.325
2012-04-03,Nagarjuna Sagar,129.974,49.441
2012-04-04,Nagarjuna Sagar,114.96,43.084
2012-04-05,Nagarjuna Sagar,99.945,43.084
2012-04-06,Nagarjuna Sagar,79.721,42.731
2012-04-07,Nagarjuna Sagar,32.588,40.259
2012-04-08,Nagarjuna Sagar,30.611,41.671
2012-04-09,Nagarjuna Sagar,24.894,38.846
2012-04-10,Nagarjuna Sagar,23.332,79.105
2012-04-11,Nagarjuna Sagar,21.77,84.755
2012-04-12,Nagarjuna Sagar,20.209,75.927
2012-04-13,Nagarjuna Sagar,19.804,75.146
2012-04-14,Nagarjuna Sagar,15.348,74.365
2012-04-15,Nagarjuna Sagar,14.314,73.585
2012-04-16,Nagarjuna Sagar,13.102,72.804
2012-04-17,Nagarjuna Sagar,18.457,72.023
2012-04-18,Nagarjuna Sagar,17.032,71.243
2012-04-19,Nagarjuna Sagar,16.688,70.462
2012-04-20,Nagarjuna Sagar,16.405,69.681
2012-04-21,Nagarjuna Sagar,14.418,68.901
2012-04-22,Nagarjuna Sagar,12.844,68.12
2012-04-23,Nagarjuna Sagar,13.875,67.339
2012-04-24,Nagarjuna Sagar,13.496,66.559
2012-04-25,Nagarjuna Sagar,13.507,65.778
2012-04-26,Nagarjuna Sagar,13.618,64.998
2012-04-27,Nagarjuna Sagar,12.999,64.217
2012-04-28,Nagarjuna Sagar,12.713,63.436
2012-04-29,Nagarjuna Sagar,11.919,62.656
2012-04-30,Nagarjuna Sagar,10.2,61.875
2012-05-01,Nagarjuna Sagar,9.674,61.094
2012-05-02,Nagarjuna Sagar,9.228,52.972
2012-05-03,Nagarjuna Sagar,13.524,49.087
2012-05-04,Nagarjuna Sagar,9.868,43.084
2012-05-05,Nagarjuna Sagar,9.663,43.084
2012-05-06,Nagarjuna Sagar,11.035,42.731
2012-05-07,Nagarjuna Sagar,11.378,40.259
2012-05-08,Nagarjuna Sagar,10.729,41.671
2012-05-09,Nagarjuna Sagar,11.027,39.552
2012-05-10,Nagarjuna Sagar,9.153,78.752
2012-05-11,Nagarjuna Sagar,10.204,84.755
2012-05-12,Nagarjuna Sagar,9.598,74.867
2012-05-13,Nagarjuna Sagar,9.786,74.143
2012-05-14,Nagarjuna Sagar,8.168,73.419
2012-05-15,Nagarjuna Sagar,7.703,72.695
2012-05-16,Nagarjuna Sagar,10.14,71.971
2012-05-17,Nagarjuna Sagar,9.809,71.247
2012-05-18,Nagarjuna Sagar,14.253,70.523
2012-05-19,Nagarjuna Sagar,13.807,69.799
2012-05-20,Nagarjuna Sagar,13.323,69.075
2012-05-21,Nagarjuna Sagar,13.485,68.352
2012-05-22,Nagarjuna Sagar,13.266,67.628
2012-05-23,Nagarjuna Sagar,13.25,66.904
2012-05-24,Nagarjuna Sagar,13.173,66.18
2012-05-25,Nagarjuna Sagar,13.152,65.456
2012-05-26,Nagarjuna Sagar,10.768,64.732
2012-05-27,Nagarjuna Sagar,11.035,64.008
2012-05-28,Nagarjuna Sagar,10.375,63.284
2012-05-29,Nagarjuna Sagar,10.673,62.56
2012-05-30,Nagarjuna Sagar,10.058,61.836
2012-05-31,Nagarjuna Sagar,10.258,61.112
2012-06-01,Nagarjuna Sagar,12.009,60.388
2012-06-02,Nagarjuna Sagar,13.759,53.325
2012-06-03,Nagarjuna Sagar,15.509,49.087
2012-06-04,Nagarjuna Sagar,21.642,43.084
2012-06-05,Nagarjuna Sagar,27.775,43.084
2012-06-06,Nagarjuna Sagar,33.908,42.731
2012-06-07,Nagarjuna Sagar,40.041,40.259
2012-06-08,Nagarjuna Sagar,46.174,41.671
2012-06-09,Nagarjuna Sagar,52.307,39.906
2012-06-10,Nagarjuna Sagar,58.44,78.752
2012-06-11,Nagarjuna Sagar,57.623,84.755
2012-06-12,Nagarjuna Sagar,56.806,73.455
2012-06-13,Nagarjuna Sagar,55.989,72.73
2012-06-14,Nagarjuna Sagar,55.172,72.005
2012-06-15,Nagarjuna Sagar,54.355,71.28
2012-06-16,Nagarjuna Sagar,51.651,70.555
2012-06-17,Nagarjuna Sagar,45.132,69.83
2012-06-18,Nagarjuna Sagar,40.149,69.105
2012-06-19,Nagarjuna Sagar,37.653,68.38
2012-06-20,Nagarjuna Sagar,35.651,67.655
2012-06-21,Nagarjuna Sagar,33.401,66.931
2012-06-22,Nagarjuna Sagar,33.074,66.206
2012-06-23,Nagarjuna Sagar,31.95,65.481
2012-06-24,Nagarjuna Sagar,29.217,64.756
2012-06-25,Nagarjuna Sagar,27.845,64.031
2012-06-26,Nagarjuna Sagar,26.472,63.306
2012-06-27,Nagarjuna Sagar,23.264,62.581
2012-06-28,Nagarjuna Sagar,20.055,61.856
2012-06-29,Nagarjuna Sagar,19.332,61.132
2012-06-30,Nagarjuna Sagar,18.234,60.407
2012-07-01,Nagarjuna Sagar,25.192,59.682
2012-07-02,Nagarjuna Sagar,37.396,53.325
2012-07-03,Nagarjuna Sagar,50.318,48.734
2012-07-04,Nagarjuna Sagar,50.908,43.084
2012-07-05,Nagarjuna Sagar,64.688,43.084
2012-07-06,Nagarjuna Sagar,78.467,42.378
2012-07-07,Nagarjuna Sagar,82.543,40.259
2012-07-08,Nagarjuna Sagar,73.466,41.671
2012-07-09,Nagarjuna Sagar,80.379,40.259
2012-07-10,Nagarjuna Sagar,87.292,80.164
2012-07-11,Nagarjuna Sagar,87.488,84.755
2012-07-12,Nagarjuna Sagar,83.982,72.042
2012-07-13,Nagarjuna Sagar,80.477,71.389
2012-07-14,Nagarjuna Sagar,76.972,70.735
2012-07-15,Nagarjuna Sagar,73.466,70.082
2012-07-16,Nagarjuna Sagar,78.384,69.429
2012-07-17,Nagarjuna Sagar,74.166,68.775
2012-07-18,Nagarjuna Sagar,98.78,68.122
2012-07-19,Nagarjuna Sagar,87.256,67.469
2012-07-20,Nagarjuna Sagar,75.733,66.815
2012-07-21,Nagarjuna Sagar,48.875,66.162
2012-07-22,Nagarjuna Sagar,42.073,65.509
2012-07-23,Nagarjuna Sagar,31.115,64.855
2012-07-24,Nagarjuna Sagar,31.366,64.202
2012-07-25,Nagarjuna Sagar,33.069,63.549
2012-07-26,Nagarjuna Sagar,32.118,62.895
2012-07-27,Nagarjuna Sagar,30.42,62.242
2012-07-28,Nagarjuna Sagar,28.178,61.589
2012-07-29,Nagarjuna Sagar,28.388,60.935
2012-07-30,Nagarjuna Sagar,26.645,60.282
2012-07-31,Nagarjuna Sagar,25.52,59.629
2012-08-01,Nagarjuna Sagar,29.821,58.975
2012-08-02,Nagarjuna Sagar,29.494,52.972
2012-08-03,Nagarjuna Sagar,29.947,48.381
2012-08-04,Nagarjuna Sagar,28.166,43.084
2012-08-05,Nagarjuna Sagar,30.058,43.084
2012-08-06,Nagarjuna Sagar,27.168,42.024
2012-08-07,Nagarjuna Sagar,29.945,39.906
2012-08-08,Nagarjuna Sagar,34.164,41.318
2012-08-09,Nagarjuna Sagar,33.125,40.965
2012-08-10,Nagarjuna Sagar,30.359,81.224
2012-08-11,Nagarjuna Sagar,30.806,87.934
2012-08-12,Nagarjuna Sagar,33.54,70.629
2012-08-13,Nagarjuna Sagar,31.103,70.011
2012-08-14,Nagarjuna Sagar,31.6,69.393
2012-08-15,Nagarjuna Sagar,30.058,68.775
2012-08-16,Nagarjuna Sagar,25.603,68.157
2012-08-17,Nagarjuna Sagar,26.029,67.539
2012-08-18,Nagarjuna Sagar,27.23,66.921
2012-08-19,Nagarjuna Sagar,25.974,66.303
2012-08-20,Nagarjuna Sagar,25.192,65.685
2012-08-21,Nagarjuna Sagar,26.989,65.067
2012-08-22,Nagarjuna Sagar,22.259,64.449
2012-08-23,Nagarjuna Sagar,17.528,63.831
2012-08-24,Nagarjuna Sagar,16.623,63.213
2012-08-25,Nagarjuna Sagar,17.645,62.595
2012-08-26,Nagarjuna Sagar,18.699,61.977
2012-08-27,Nagarjuna Sagar,17.511,61.359
2012-08-28,Nagarjuna Sagar,18.308,60.741
2012-08-29,Nagarjuna Sagar,19.955,60.123
2012-08-30,Nagarjuna Sagar,40.438,59.505
2012-08-31,Nagarjuna Sagar,35.864,58.887
2012-09-01,Nagarjuna Sagar,30.549,58.269
2012-09-02,Nagarjuna Sagar,30.058,52.972
2012-09-03,Nagarjuna Sagar,54.107,48.028
2012-09-04,Nagarjuna Sagar,73.956,43.084
2012-09-05,Nagarjuna Sagar,93.805,43.084
2012-09-06,Nagarjuna Sagar,113.654,41.671
2012-09-07,Nagarjuna Sagar,98.814,39.906
2012-09-08,Nagarjuna Sagar,88.242,41.318
2012-09-09,Nagarjuna Sagar,87.3,42.024
2012-09-10,Nagarjuna Sagar,80.195,81.93
2012-09-11,Nagarjuna Sagar,83.079,87.934
2012-09-12,Nagarjuna Sagar,87.952,70.276
2012-09-13,Nagarjuna Sagar,82.458,69.607
2012-09-14,Nagarjuna Sagar,71.94,68.938
2012-09-15,Nagarjuna Sagar,69.489,68.269
2012-09-16,Nagarjuna Sagar,54.952,67.6
2012-09-17,Nagarjuna Sagar,44.839,66.931
2012-09-18,Nagarjuna Sagar,40.222,66.261
2012-09-19,Nagarjuna Sagar,37.213,65.592
2012-09-20,Nagarjuna Sagar,44.385,64.923
2012-09-21,Nagarjuna Sagar,62.369,64.254
2012-09-22,Nagarjuna Sagar,80.436,63.585
2012-09-23,Nagarjuna Sagar,60.826,62.916
2012-09-24,Nagarjuna Sagar,48.799,62.247
2012-09-25,Nagarjuna Sagar,46.868,61.578
2012-09-26,Nagarjuna Sagar,44.937,60.909
2012-09-27,Nagarjuna Sagar,43.006,60.239
2012-09-28,Nagarjuna Sagar,41.075,59.57
2012-09-29,Nagarjuna Sagar,39.144,58.901
2012-09-30,Nagarjuna Sagar,37.213,58.232
2012-10-01,Nagarjuna Sagar,45.513,57.563
2012-10-02,Nagarjuna Sagar,53.813,53.325
2012-10-03,Nagarjuna Sagar,77.922,48.028
2012-10-04,Nagarjuna Sagar,102.03,43.084
2012-10-05,Nagarjuna Sagar,126.139,43.084
2012-10-06,Nagarjuna Sagar,150.247,41.318
2012-10-07,Nagarjuna Sagar,174.355,39.552
2012-10-08,Nagarjuna Sagar,157.692,41.318
2012-10-09,Nagarjuna Sagar,141.028,42.378
2012-10-10,Nagarjuna Sagar,131.159,82.636
2012-10-11,Nagarjuna Sagar,121.29,87.934
2012-10-12,Nagarjuna Sagar,111.421,68.864
2012-10-13,Nagarjuna Sagar,101.552,68.246
2012-10-14,Nagarjuna Sagar,91.682,67.628
2012-10-15,Nagarjuna Sagar,70.334,67.01
2012-10-16,Nagarjuna Sagar,76.042,66.392
2012-10-17,Nagarjuna Sagar,96.525,65.774
2012-10-18,Nagarjuna Sagar,117.008,65.156
2012-10-19,Nagarjuna Sagar,137.491,64.538
2012-10-20,Nagarjuna Sagar,157.974,63.92
2012-10-21,Nagarjuna Sagar,178.458,63.302
2012-10-22,Nagarjuna Sagar,195.326,62.684
2012-10-23,Nagarjuna Sagar,212.195,62.066
2012-10-24,Nagarjuna Sagar,229.063,61.448
2012-10-25,Nagarjuna Sagar,255.659,60.83
2012-10-26,Nagarjuna Sagar,282.255,60.212
2012-10-27,Nagarjuna Sagar,299.184,59.594
2012-10-28,Nagarjuna Sagar,291.224,58.975
2012-10-29,Nagarjuna Sagar,304.418,58.357
2012-10-30,Nagarjuna Sagar,293.254,57.739
2012-10-31,Nagarjuna Sagar,321.871,57.121
2012-11-01,Nagarjuna Sagar,343.757,56.503
2012-11-02,Nagarjuna Sagar,351.196,53.678
2012-11-03,Nagarjuna Sagar,333.478,48.734
2012-11-04,Nagarjuna Sagar,275.626,43.084
2012-11-05,Nagarjuna Sagar,285.902,43.084
2012-11-06,Nagarjuna Sagar,259.146,40.612
2012-11-07,Nagarjuna Sagar,232.39,39.552
2012-11-08,Nagarjuna Sagar,205.634,41.318
2012-11-09,Nagarjuna Sagar,178.878,42.731
2012-11-10,Nagarjuna Sagar,152.122,65.332
2012-11-11,Nagarjuna Sagar,125.366,87.934
2012-11-12,Nagarjuna Sagar,127.986,68.51
2012-11-13,Nagarjuna Sagar,130.607,67.823
2012-11-14,Nagarjuna Sagar,138.144,67.135
2012-11-15,Nagarjuna Sagar,145.681,66.447
2012-11-16,Nagarjuna Sagar,153.218,65.76
2012-11-17,Nagarjuna Sagar,160.754,65.072
2012-11-18,Nagarjuna Sagar,168.291,64.384
2012-11-19,Nagarjuna Sagar,181.103,63.697
2012-11-20,Nagarjuna Sagar,193.914,63.009
2012-11-21,Nagarjuna Sagar,206.725,62.321
2012-11-22,Nagarjuna Sagar,219.536,61.633
2012-11-23,Nagarjuna Sagar,232.348,60.946
2012-11-24,Nagarjuna Sagar,245.159,60.258
2012-11-25,Nagarjuna Sagar,257.97,59.57
2012-11-26,Nagarjuna Sagar,279.5,58.883
2012-11-27,Nagarjuna Sagar,315.811,58.195
2012-11-28,Nagarjuna Sagar,312.69,57.507
2012-11-29,Nagarjuna Sagar,366.009,56.819
2012-11-30,Nagarjuna Sagar,358.315,56.132
2012-12-01,Nagarjuna Sagar,321.081,55.444
2012-12-02,Nagarjuna Sagar,285.634,53.678
2012-12-03,Nagarjuna Sagar,254.274,48.734
2012-12-04,Nagarjuna Sagar,257.762,43.084
2012-12-05,Nagarjuna Sagar,243.015,43.084
2012-12-06,Nagarjuna Sagar,250.98,40.612
2012-12-07,Nagarjuna Sagar,252.701,39.552
2012-12-08,Nagarjuna Sagar,245.869,41.318
2012-12-09,Nagarjuna Sagar,227.182,43.084
2012-12-10,Nagarjuna Sagar,230.021,65.509
2012-12-11,Nagarjuna Sagar,209.356,87.934
2012-12-12,Nagarjuna Sagar,198.61,66.745
2012-12-13,Nagarjuna Sagar,134.071,64.043
2012-12-14,Nagarjuna Sagar,118.453,61.342
2012-12-15,Nagarjuna Sagar,95.322,58.64
2012-12-16,Nagarjuna Sagar,81.8,55.938
2012-12-17,Nagarjuna Sagar,79.775,53.237
2012-12-18,Nagarjuna Sagar,61.486,50.535
2012-12-19,Nagarjuna Sagar,43.198,47.834
2012-12-20,Nagarjuna Sagar,40.181,45.132
2012-12-21,Nagarjuna Sagar,37.164,42.431
2012-12-22,Nagarjuna Sagar,41.93,39.729
2012-12-23,Nagarjuna Sagar,69.016,37.027
2012-12-24,Nagarjuna Sagar,88.659,34.326
2012-12-25,Nagarjuna Sagar,118.181,31.624
2012-12-26,Nagarjuna Sagar,127.802,28.923
2012-12-27,Nagarjuna Sagar,130.796,26.221
2012-12-28,Nagarjuna Sagar,140.312,23.52
2012-12-29,Nagarjuna Sagar,140.269,20.818
2012-12-30,Nagarjuna Sagar,157.636,18.116
2012-12-31,Nagarjuna Sagar,189.68,15.415
2013-01-01,Nagarjuna Sagar,192.784,12.713
2013-01-02,Nagarjuna Sagar,195.887,2.472
2013-01-03,Nagarjuna Sagar,198.991,1.413
2013-01-04,Nagarjuna Sagar,206.166,12.36
2013-01-05,Nagarjuna Sagar,190.724,15.538
2013-01-06,Nagarjuna Sagar,175.282,16.951
2013-01-07,Nagarjuna Sagar,203.294,17.304
2013-01-08,Nagarjuna Sagar,183.96,54.385
2013-01-09,Nagarjuna Sagar,189.26,89.288
2013-01-10,Nagarjuna Sagar,186.117,124.19
2013-01-11,Nagarjuna Sagar,194.312,159.092
2013-01-12,Nagarjuna Sagar,173.787,139.14
2013-01-13,Nagarjuna Sagar,170.102,132.801
2013-01-14,Nagarjuna Sagar,162.54,126.462
2013-01-15,Nagarjuna Sagar,101.114,120.123
2013-01-16,Nagarjuna Sagar,78.388,113.784
2013-01-17,Nagarjuna Sagar,55.663,107.445
2013-01-18,Nagarjuna Sagar,42.506,101.106
2013-01-19,Nagarjuna Sagar,42.05,94.767
2013-01-20,Nagarjuna Sagar,35.018,88.428
2013-01-21,Nagarjuna Sagar,32.344,82.089
2013-01-22,Nagarjuna Sagar,30.379,75.75
2013-01-23,Nagarjuna Sagar,30.03,69.411
2013-01-24,Nagarjuna Sagar,30.893,63.072
2013-01-25,Nagarjuna Sagar,29.631,56.733
2013-01-26,Nagarjuna Sagar,28.209,50.394
2013-01-27,Nagarjuna Sagar,28.913,44.055
2013-01-28,Nagarjuna Sagar,27.328,37.716
2013-01-29,Nagarjuna Sagar,21.946,31.377
2013-01-30,Nagarjuna Sagar,21.745,25.038
2013-01-31,Nagarjuna Sagar,20.627,18.699
2013-02-01,Nagarjuna Sagar,43.795,12.36
2013-02-02,Nagarjuna Sagar,86.269,2.472
2013-02-03,Nagarjuna Sagar,78.822,1.413
2013-02-04,Nagarjuna Sagar,88.409,13.42
2013-02-05,Nagarjuna Sagar,87.041,18.01
2013-02-06,Nagarjuna Sagar,90.823,16.951
2013-02-07,Nagarjuna Sagar,88.946,17.657
2013-02-08,Nagarjuna Sagar,84.387,58.004
2013-02-09,Nagarjuna Sagar,79.446,98.351
2013-02-10,Nagarjuna Sagar,74.504,138.698
2013-02-11,Nagarjuna Sagar,70.883,179.045
2013-02-12,Nagarjuna Sagar,67.261,139.493
2013-02-13,Nagarjuna Sagar,63.64,131.911
2013-02-14,Nagarjuna Sagar,57.092,124.328
2013-02-15,Nagarjuna Sagar,56.832,116.746
2013-02-16,Nagarjuna Sagar,60.881,109.164
2013-02-17,Nagarjuna Sagar,70.36,101.582
2013-02-18,Nagarjuna Sagar,99.579,93.999
2013-02-19,Nagarjuna Sagar,118.635,86.417
2013-02-20,Nagarjuna Sagar,116.926,78.835
2013-02-21,Nagarjuna Sagar,97.502,71.253
2013-02-22,Nagarjuna Sagar,93.464,63.67
2013-02-23,Nagarjuna Sagar,88.923,56.088
2013-02-24,Nagarjuna Sagar,67.692,48.506
2013-02-25,Nagarjuna Sagar,54.266,40.923
2013-02-26,Nagarjuna Sagar,46.857,33.341
2013-02-27,Nagarjuna Sagar,31.501,25.759
2013-02-28,Nagarjuna Sagar,29.865,18.177
2013-03-01,Nagarjuna Sagar,27.411,10.594
2013-03-02,Nagarjuna Sagar,26.67,2.472
2013-03-03,Nagarjuna Sagar,24.238,1.766
2013-03-04,Nagarjuna Sagar,23.048,13.773
2013-03-05,Nagarjuna Sagar,21.463,14.832
2013-03-06,Nagarjuna Sagar,22.782,16.951
2013-03-07,Nagarjuna Sagar,22.192,17.657
2013-03-08,Nagarjuna Sagar,21.67,52.751
2013-03-09,Nagarjuna Sagar,21.177,87.845
2013-03-10,Nagarjuna Sagar,21.252,122.939
2013-03-11,Nagarjuna Sagar,18.963,158.033
2013-03-12,Nagarjuna Sagar,18.761,139.493
2013-03-13,Nagarjuna Sagar,18.563,133.013
2013-03-14,Nagarjuna Sagar,18.434,126.532
2013-03-15,Nagarjuna Sagar,23.711,120.052
2013-03-16,Nagarjuna Sagar,25.423,113.572
2013-03-17,Nagarjuna Sagar,24.238,107.092
2013-03-18,Nagarjuna Sagar,33.473,100.611
2013-03-19,Nagarjuna Sagar,29.524,94.131
2013-03-20,Nagarjuna Sagar,31.294,87.651
2013-03-21,Nagarjuna Sagar,30.508,81.171
2013-03-22,Nagarjuna Sagar,23.338,74.691
2013-03-23,Nagarjuna Sagar,22.775,68.21
2013-03-24,Nagarjuna Sagar,21.252,61.73
2013-03-25,Nagarjuna Sagar,20.687,55.25
2013-03-26,Nagarjuna Sagar,17.711,48.77
2013-03-27,Nagarjuna Sagar,17.626,42.289
2013-03-28,Nagarjuna Sagar,17.74,35.809
2013-03-29,Nagarjuna Sagar,21.252,29.329
2013-03-30,Nagarjuna Sagar,16.808,22.849
2013-03-31,Nagarjuna Sagar,13.883,16.368
2013-04-01,Nagarjuna Sagar,16.239,9.888
2013-04-02,Nagarjuna Sagar,15.904,2.472
2013-04-03,Nagarjuna Sagar,14.555,2.119
2013-04-04,Nagarjuna Sagar,13.816,14.479
2013-04-05,Nagarjuna Sagar,12.063,14.832
2013-04-06,Nagarjuna Sagar,11.719,16.951
2013-04-07,Nagarjuna Sagar,17.041,18.364
2013-04-08,Nagarjuna Sagar,61.149,53.149
2013-04-09,Nagarjuna Sagar,94.076,87.934
2013-04-10,Nagarjuna Sagar,123.816,122.719
2013-04-11,Nagarjuna Sagar,120.162,157.504
2013-04-12,Nagarjuna Sagar,97.2,139.493
2013-04-13,Nagarjuna Sagar,115.571,132.616
2013-04-14,Nagarjuna Sagar,124.195,125.739
2013-04-15,Nagarjuna Sagar,131.403,118.862
2013-04-16,Nagarjuna Sagar,125.348,111.985
2013-04-17,Nagarjuna Sagar,127.701,105.108
2013-04-18,Nagarjuna Sagar,135.745,98.231
2013-04-19,Nagarjuna Sagar,133.216,91.353
2013-04-20,Nagarjuna Sagar,141.716,84.476
2013-04-21,Nagarjuna Sagar,165.033,77.599
2013-04-22,Nagarjuna Sagar,147.384,70.722
2013-04-23,Nagarjuna Sagar,135.789,63.845
2013-04-24,Nagarjuna Sagar,124.195,56.968
2013-04-25,Nagarjuna Sagar,108.953,50.091
2013-04-26,Nagarjuna Sagar,93.711,43.214
2013-04-27,Nagarjuna Sagar,78.469,36.337
2013-04-28,Nagarjuna Sagar,53.19,29.46
2013-04-29,Nagarjuna Sagar,43.631,22.583
2013-04-30,Nagarjuna Sagar,34.476,15.706
2013-05-01,Nagarjuna Sagar,28.41,8.829
2013-05-02,Nagarjuna Sagar,23.195,1.766
2013-05-03,Nagarjuna Sagar,23.835,2.119
2013-05-04,Nagarjuna Sagar,23.318,14.832
2013-05-05,Nagarjuna Sagar,21.252,14.832
2013-05-06,Nagarjuna Sagar,19.006,16.951
2013-05-07,Nagarjuna Sagar,18.905,19.07
2013-05-08,Nagarjuna Sagar,17.289,58.093
2013-05-09,Nagarjuna Sagar,16.328,97.116
2013-05-10,Nagarjuna Sagar,16.067,136.138
2013-05-11,Nagarjuna Sagar,16.099,175.161
2013-05-12,Nagarjuna Sagar,17.531,139.14
2013-05-13,Nagarjuna Sagar,16.068,132.624
2013-05-14,Nagarjuna Sagar,14.906,126.109
2013-05-15,Nagarjuna Sagar,14.525,119.593
2013-05-16,Nagarjuna Sagar,14.74,113.078
2013-05-17,Nagarjuna Sagar,13.791,106.562
2013-05-18,Nagarjuna Sagar,18.833,100.046
2013-05-19,Nagarjuna Sagar,21.252,93.531
2013-05-20,Nagarjuna Sagar,21.155,87.015
2013-05-21,Nagarjuna Sagar,20.885,80.5
2013-05-22,Nagarjuna Sagar,20.771,73.984
2013-05-23,Nagarjuna Sagar,20.119,67.469
2013-05-24,Nagarjuna Sagar,19.836,60.953
2013-05-25,Nagarjuna Sagar,20.136,54.438
2013-05-26,Nagarjuna Sagar,18.542,47.922
2013-05-27,Nagarjuna Sagar,18.379,41.406
2013-05-28,Nagarjuna Sagar,13.782,34.891
2013-05-29,Nagarjuna Sagar,13.317,28.375
2013-05-30,Nagarjuna Sagar,13.175,21.86
2013-05-31,Nagarjuna Sagar,13.733,15.344
2013-06-01,Nagarjuna Sagar,13.569,8.829
2013-06-02,Nagarjuna Sagar,10.745,2.119
2013-06-03,Nagarjuna Sagar,13.337,1.766
2013-06-04,Nagarjuna Sagar,13.433,15.538
2013-06-05,Nagarjuna Sagar,13.078,14.832
2013-06-06,Nagarjuna Sagar,15.673,16.951
2013-06-07,Nagarjuna Sagar,15.845,18.717
2013-06-08,Nagarjuna Sagar,15.981,51.295
2013-06-09,Nagarjuna Sagar,15.833,83.872
2013-06-10,Nagarjuna Sagar,34.203,116.45
2013-06-11,Nagarjuna Sagar,33.416,149.028
2013-06-12,Nagarjuna Sagar,33.132,136.315
2013-06-13,Nagarjuna Sagar,33.079,129.605
2013-06-14,Nagarjuna Sagar,34.327,122.895
2013-06-15,Nagarjuna Sagar,35.069,116.185
2013-06-16,Nagarjuna Sagar,29.62,109.475
2013-06-17,Nagarjuna Sagar,32.005,102.766
2013-06-18,Nagarjuna Sagar,31.96,96.056
2013-06-19,Nagarjuna Sagar,31.836,89.346
2013-06-20,Nagarjuna Sagar,30.779,82.636
2013-06-21,Nagarjuna Sagar,32.312,75.927
2013-06-22,Nagarjuna Sagar,30.619,69.217
2013-06-23,Nagarjuna Sagar,23.851,62.507
2013-06-24,Nagarjuna Sagar,24.591,55.797
2013-06-25,Nagarjuna Sagar,26.98,49.087
2013-06-26,Nagarjuna Sagar,26.447,42.378
2013-06-27,Nagarjuna Sagar,26.449,35.668
2013-06-28,Nagarjuna Sagar,22.683,28.958
2013-06-29,Nagarjuna Sagar,23.05,22.248
2013-06-30,Nagarjuna Sagar,18.412,15.538
2013-07-01,Nagarjuna Sagar,18.009,8.829
2013-07-02,Nagarjuna Sagar,13.622,2.119
2013-07-03,Nagarjuna Sagar,13.826,3.178
2013-07-04,Nagarjuna Sagar,13.326,15.892
2013-07-05,Nagarjuna Sagar,12.956,14.832
2013-07-06,Nagarjuna Sagar,12.859,16.951
2013-07-07,Nagarjuna Sagar,14.593,19.423
2013-07-08,Nagarjuna Sagar,11.931,58.358
2013-07-09,Nagarjuna Sagar,13.065,97.292
2013-07-10,Nagarjuna Sagar,12.777,136.226
2013-07-11,Nagarjuna Sagar,13.501,175.161
2013-07-12,Nagarjuna Sagar,17.208,150.696
2013-07-13,Nagarjuna Sagar,17.672,126.232
2013-07-14,Nagarjuna Sagar,17.597,120.035
2013-07-15,Nagarjuna Sagar,18.621,113.837
2013-07-16,Nagarjuna Sagar,19.344,107.639
2013-07-17,Nagarjuna Sagar,23.172,101.441
2013-07-18,Nagarjuna Sagar,22.898,95.244
2013-07-19,Nagarjuna Sagar,27.163,89.046
2013-07-20,Nagarjuna Sagar,29.258,82.848
2013-07-21,Nagarjuna Sagar,29.37,76.65
2013-07-22,Nagarjuna Sagar,32.165,70.453
2013-07-23,Nagarjuna Sagar,34.646,64.255
2013-07-24,Nagarjuna Sagar,33.988,58.057
2013-07-25,Nagarjuna Sagar,35.234,51.86
2013-07-26,Nagarjuna Sagar,33.58,45.662
2013-07-27,Nagarjuna Sagar,34.029,39.464
2013-07-28,Nagarjuna Sagar,38.155,33.266
2013-07-29,Nagarjuna Sagar,31.154,27.069
2013-07-30,Nagarjuna Sagar,28.141,20.871
2013-07-31,Nagarjuna Sagar,29.271,14.673
2013-08-01,Nagarjuna Sagar,30.116,8.476
2013-08-02,Nagarjuna Sagar,92.564,2.119
2013-08-03,Nagarjuna Sagar,154.975,1.413
2013-08-04,Nagarjuna Sagar,214.381,15.892
2013-08-05,Nagarjuna Sagar,237.353,15.538
2013-08-06,Nagarjuna Sagar,380.425,18.01
2013-08-07,Nagarjuna Sagar,876.495,19.776
2013-08-08,Nagarjuna Sagar,6326.623,53.192
2013-08-09,Nagarjuna Sagar,3624.062,86.609
2013-08-10,Nagarjuna Sagar,921.501,120.026
2013-08-11,Nagarjuna Sagar,904.596,153.442
2013-08-12,Nagarjuna Sagar,770.789,130.311
2013-08-13,Nagarjuna Sagar,651.173,124.219
2013-08-14,Nagarjuna Sagar,593.717,118.128
2013-08-15,Nagarjuna Sagar,536.261,112.036
2013-08-16,Nagarjuna Sagar,2087.738,105.944
2013-08-17,Nagarjuna Sagar,3767.936,99.852
2013-08-18,Nagarjuna Sagar,2744.33,93.76
2013-08-19,Nagarjuna Sagar,2278.629,87.669
2013-08-20,Nagarjuna Sagar,2723.997,81.577
2013-08-21,Nagarjuna Sagar,2264.003,75.485
2013-08-22,Nagarjuna Sagar,1345.156,69.393
2013-08-23,Nagarjuna Sagar,1082.046,63.302
2013-08-24,Nagarjuna Sagar,1030.055,57.21
2013-08-25,Nagarjuna Sagar,1372.052,51.118
2013-08-26,Nagarjuna Sagar,1244.655,45.026
2013-08-27,Nagarjuna Sagar,765.953,38.934
2013-08-28,Nagarjuna Sagar,870.15,32.843
2013-08-29,Nagarjuna Sagar,1044.633,26.751
2013-08-30,Nagarjuna Sagar,995.05,20.659
2013-08-31,Nagarjuna Sagar,998.812,14.567
2013-09-01,Nagarjuna Sagar,1125.855,8.476
2013-09-02,Nagarjuna Sagar,666.348,1.766
2013-09-03,Nagarjuna Sagar,657.324,1.766
2013-09-04,Nagarjuna Sagar,513.322,15.892
2013-09-05,Nagarjuna Sagar,621.224,14.832
2013-09-06,Nagarjuna Sagar,725.432,18.01
2013-09-07,Nagarjuna Sagar,657.343,20.129
2013-09-08,Nagarjuna Sagar,756.285,53.325
2013-09-09,Nagarjuna Sagar,1159.496,86.521
2013-09-10,Nagarjuna Sagar,628.585,119.717
2013-09-11,Nagarjuna Sagar,387.198,152.912
2013-09-12,Nagarjuna Sagar,323.802,128.545
2013-09-13,Nagarjuna Sagar,313.664,122.207
2013-09-14,Nagarjuna Sagar,275.285,115.869
2013-09-15,Nagarjuna Sagar,281.717,109.531
2013-09-16,Nagarjuna Sagar,305.125,103.193
2013-09-17,Nagarjuna Sagar,1159.02,96.855
2013-09-18,Nagarjuna Sagar,2068.122,90.517
2013-09-19,Nagarjuna Sagar,5137.094,84.179
2013-09-20,Nagarjuna Sagar,6102.558,77.841
2013-09-21,Nagarjuna Sagar,4808.38,71.503
2013-09-22,Nagarjuna Sagar,4884.867,65.165
2013-09-23,Nagarjuna Sagar,5160.277,58.827
2013-09-24,Nagarjuna Sagar,4958.015,52.489
2013-09-25,Nagarjuna Sagar,4704.104,46.151
2013-09-26,Nagarjuna Sagar,2146.214,39.813
2013-09-27,Nagarjuna Sagar,1394.763,33.475
2013-09-28,Nagarjuna Sagar,693.527,27.137
2013-09-29,Nagarjuna Sagar,875.014,20.798
2013-09-30,Nagarjuna Sagar,425.642,14.46
2013-10-01,Nagarjuna Sagar,406.827,8.122
2013-10-02,Nagarjuna Sagar,432.542,1.413
2013-10-03,Nagarjuna Sagar,438.581,1.766
2013-10-04,Nagarjuna Sagar,626.566,15.892
2013-10-05,Nagarjuna Sagar,570.447,14.832
2013-10-06,Nagarjuna Sagar,713.392,18.01
2013-10-07,Nagarjuna Sagar,440.251,20.129
2013-10-08,Nagarjuna Sagar,424.096,53.016
2013-10-09,Nagarjuna Sagar,710.894,85.903
2013-10-10,Nagarjuna Sagar,628.585,118.79
2013-10-11,Nagarjuna Sagar,742.269,151.676
2013-10-12,Nagarjuna Sagar,1012.423,126.78
2013-10-13,Nagarjuna Sagar,656.515,120.829
2013-10-14,Nagarjuna Sagar,404.657,114.879
2013-10-15,Nagarjuna Sagar,363.546,108.928
2013-10-16,Nagarjuna Sagar,322.435,102.978
2013-10-17,Nagarjuna Sagar,257.575,97.027
2013-10-18,Nagarjuna Sagar,224.997,91.077
2013-10-19,Nagarjuna Sagar,221.37,85.126
2013-10-20,Nagarjuna Sagar,315.453,79.175
2013-10-21,Nagarjuna Sagar,337.281,73.225
2013-10-22,Nagarjuna Sagar,359.109,67.274
2013-10-23,Nagarjuna Sagar,380.937,61.324
2013-10-24,Nagarjuna Sagar,1039.935,55.373
2013-10-25,Nagarjuna Sagar,3942.072,49.423
2013-10-26,Nagarjuna Sagar,13433.904,43.472
2013-10-27,Nagarjuna Sagar,8004.153,37.522
2013-10-28,Nagarjuna Sagar,4092.401,31.571
2013-10-29,Nagarjuna Sagar,2934.159,25.621
2013-10-30,Nagarjuna Sagar,1615.196,19.67
2013-10-31,Nagarjuna Sagar,970.736,13.72
2013-11-01,Nagarjuna Sagar,326.275,7.769
2013-11-02,Nagarjuna Sagar,302.494,1.413
2013-11-03,Nagarjuna Sagar,318.934,2.472
2013-11-04,Nagarjuna Sagar,287.013,15.892
2013-11-05,Nagarjuna Sagar,255.092,14.832
2013-11-06,Nagarjuna Sagar,223.171,18.01
2013-11-07,Nagarjuna Sagar,206.227,20.129
2013-11-08,Nagarjuna Sagar,189.282,50.029
2013-11-09,Nagarjuna Sagar,172.338,79.929
2013-11-10,Nagarjuna Sagar,217.237,109.828
2013-11-11,Nagarjuna Sagar,514.551,139.728
2013-11-12,Nagarjuna Sagar,641.963,125.367
2013-11-13,Nagarjuna Sagar,448.869,119.141
2013-11-14,Nagarjuna Sagar,326.838,112.914
2013-11-15,Nagarjuna Sagar,291.632,106.687
2013-11-16,Nagarjuna Sagar,269.912,100.461
2013-11-17,Nagarjuna Sagar,305.126,94.234
2013-11-18,Nagarjuna Sagar,253.969,88.008
2013-11-19,Nagarjuna Sagar,230.04,81.781
2013-11-20,Nagarjuna Sagar,238.201,75.555
2013-11-21,Nagarjuna Sagar,255.767,69.328
2013-11-22,Nagarjuna Sagar,250.397,63.102
2013-11-23,Nagarjuna Sagar,243.998,56.875
2013-11-24,Nagarjuna Sagar,333.057,50.649
2013-11-25,Nagarjuna Sagar,331.618,44.422
2013-11-26,Nagarjuna Sagar,260.487,38.196
2013-11-27,Nagarjuna Sagar,232.869,31.969
2013-11-28,Nagarjuna Sagar,217.271,25.743
2013-11-29,Nagarjuna Sagar,200.884,19.516
2013-11-30,Nagarjuna Sagar,176.963,13.289
2013-12-01,Nagarjuna Sagar,192.231,7.063
2013-12-02,Nagarjuna Sagar,162.79,1.413
2013-12-03,Nagarjuna Sagar,159.882,2.472
2013-12-04,Nagarjuna Sagar,149.255,14.832
2013-12-05,Nagarjuna Sagar,153.168,14.832
2013-12-06,Nagarjuna Sagar,139.121,18.364
2013-12-07,Nagarjuna Sagar,311.675,20.129
2013-12-08,Nagarjuna Sagar,294.976,55.356
2013-12-09,Nagarjuna Sagar,309.937,90.582
2013-12-10,Nagarjuna Sagar,301.728,125.809
2013-12-11,Nagarjuna Sagar,236.21,161.035
2013-12-12,Nagarjuna Sagar,179.657,124.308
2013-12-13,Nagarjuna Sagar,160.017,123.019
2013-12-14,Nagarjuna Sagar,162.035,121.73
2013-12-15,Nagarjuna Sagar,126.602,120.441
2013-12-16,Nagarjuna Sagar,128.801,119.152
2013-12-17,Nagarjuna Sagar,111.187,117.863
2013-12-18,Nagarjuna Sagar,101.356,116.574
2013-12-19,Nagarjuna Sagar,91.332,115.285
2013-12-20,Nagarjuna Sagar,76.159,113.996
2013-12-21,Nagarjuna Sagar,81.792,112.707
2013-12-22,Nagarjuna Sagar,60.765,111.418
2013-12-23,Nagarjuna Sagar,72.391,110.129
2013-12-24,Nagarjuna Sagar,68.076,108.84
2013-12-25,Nagarjuna Sagar,65.315,107.551
2013-12-26,Nagarjuna Sagar,106.812,106.262
2013-12-27,Nagarjuna Sagar,137.507,104.973
2013-12-28,Nagarjuna Sagar,182.831,103.684
2013-12-29,Nagarjuna Sagar,205.929,102.395
2013-12-30,Nagarjuna Sagar,209.52,101.106
2013-12-31,Nagarjuna Sagar,232.629,99.817
2014-01-01,Nagarjuna Sagar,201.797,98.528
2014-01-02,Nagarjuna Sagar,192.706,65.332
2014-01-03,Nagarjuna Sagar,158.064,32.136
2014-01-04,Nagarjuna Sagar,153.348,11.301
2014-01-05,Nagarjuna Sagar,156.448,14.126
2014-01-06,Nagarjuna Sagar,160.925,14.479
2014-01-07,Nagarjuna Sagar,163.499,9.182
2014-01-08,Nagarjuna Sagar,171.082,3.178
2014-01-09,Nagarjuna Sagar,232.801,36.771
2014-01-10,Nagarjuna Sagar,257.736,70.364
2014-01-11,Nagarjuna Sagar,258.194,103.957
2014-01-12,Nagarjuna Sagar,231.81,137.55
2014-01-13,Nagarjuna Sagar,297.111,110.182
2014-01-14,Nagarjuna Sagar,298.34,109.475
2014-01-15,Nagarjuna Sagar,301.732,108.769
2014-01-16,Nagarjuna Sagar,253.611,108.063
2014-01-17,Nagarjuna Sagar,249.367,107.357
2014-01-18,Nagarjuna Sagar,249.064,106.65
2014-01-19,Nagarjuna Sagar,225.923,105.944
2014-01-20,Nagarjuna Sagar,235.549,105.238
2014-01-21,Nagarjuna Sagar,240.757,104.531
2014-01-22,Nagarjuna Sagar,243.546,103.825
2014-01-23,Nagarjuna Sagar,240.155,103.119
2014-01-24,Nagarjuna Sagar,241.673,102.413
2014-01-25,Nagarjuna Sagar,225.339,101.706
2014-01-26,Nagarjuna Sagar,225.923,101.0
2014-01-27,Nagarjuna Sagar,232.211,100.294
2014-01-28,Nagarjuna Sagar,237.301,99.587
2014-01-29,Nagarjuna Sagar,216.717,98.881
2014-01-30,Nagarjuna Sagar,197.843,98.175
2014-01-31,Nagarjuna Sagar,165.014,97.468
2014-02-01,Nagarjuna Sagar,154.608,96.762
2014-02-02,Nagarjuna Sagar,149.272,63.92
2014-02-03,Nagarjuna Sagar,136.899,31.077
2014-02-04,Nagarjuna Sagar,138.24,11.654
2014-02-05,Nagarjuna Sagar,171.522,13.773
2014-02-06,Nagarjuna Sagar,181.808,14.126
2014-02-07,Nagarjuna Sagar,191.737,8.829
2014-02-08,Nagarjuna Sagar,199.089,4.238
2014-02-09,Nagarjuna Sagar,181.621,37.07
2014-02-10,Nagarjuna Sagar,183.611,69.902
2014-02-11,Nagarjuna Sagar,167.585,102.735
2014-02-12,Nagarjuna Sagar,178.496,135.567
2014-02-13,Nagarjuna Sagar,192.991,107.98
2014-02-14,Nagarjuna Sagar,231.303,107.19
2014-02-15,Nagarjuna Sagar,239.226,106.401
2014-02-16,Nagarjuna Sagar,259.268,105.612
2014-02-17,Nagarjuna Sagar,250.26,104.822
2014-02-18,Nagarjuna Sagar,266.752,104.033
2014-02-19,Nagarjuna Sagar,240.751,103.243
2014-02-20,Nagarjuna Sagar,218.995,102.454
2014-02-21,Nagarjuna Sagar,190.91,101.665
2014-02-22,Nagarjuna Sagar,180.6,100.875
2014-02-23,Nagarjuna Sagar,142.27,100.086
2014-02-24,Nagarjuna Sagar,133.264,99.297
2014-02-25,Nagarjuna Sagar,119.652,98.507
2014-02-26,Nagarjuna Sagar,96.146,97.718
2014-02-27,Nagarjuna Sagar,139.455,96.928
2014-02-28,Nagarjuna Sagar,141.518,96.139
2014-03-01,Nagarjuna Sagar,153.014,95.35
2014-03-02,Nagarjuna Sagar,161.329,62.33
2014-03-03,Nagarjuna Sagar,170.935,29.311
2014-03-04,Nagarjuna Sagar,173.382,12.007
2014-03-05,Nagarjuna Sagar,225.882,13.773
2014-03-06,Nagarjuna Sagar,296.453,14.479
2014-03-07,Nagarjuna Sagar,303.68,8.476
2014-03-08,Nagarjuna Sagar,289.698,5.297
2014-03-09,Nagarjuna Sagar,281.717,37.617
2014-03-10,Nagarjuna Sagar,266.726,69.936
2014-03-11,Nagarjuna Sagar,229.959,102.256
2014-03-12,Nagarjuna Sagar,236.409,134.575
2014-03-13,Nagarjuna Sagar,269.394,106.35
2014-03-14,Nagarjuna Sagar,247.928,105.697
2014-03-15,Nagarjuna Sagar,250.76,105.043
2014-03-16,Nagarjuna Sagar,256.139,104.39
2014-03-17,Nagarjuna Sagar,262.416,103.737
2014-03-18,Nagarjuna Sagar,275.097,103.084
2014-03-19,Nagarjuna Sagar,288.389,102.43
2014-03-20,Nagarjuna Sagar,282.976,101.777
2014-03-21,Nagarjuna Sagar,283.599,101.124
2014-03-22,Nagarjuna Sagar,272.6,100.47
2014-03-23,Nagarjuna Sagar,259.268,99.817
2014-03-24,Nagarjuna Sagar,268.634,99.164
2014-03-25,Nagarjuna Sagar,279.728,98.51
2014-03-26,Nagarjuna Sagar,267.214,97.857
2014-03-27,Nagarjuna Sagar,268.112,97.204
2014-03-28,Nagarjuna Sagar,267.076,96.55
2014-03-29,Nagarjuna Sagar,285.92,95.897
2014-03-30,Nagarjuna Sagar,256.139,95.244
2014-03-31,Nagarjuna Sagar,243.818,94.59
2014-04-01,Nagarjuna Sagar,261.296,93.937
2014-04-02,Nagarjuna Sagar,238.326,60.741
2014-04-03,Nagarjuna Sagar,272.806,27.545
2014-04-04,Nagarjuna Sagar,259.397,12.36
2014-04-05,Nagarjuna Sagar,256.998,13.773
2014-04-06,Nagarjuna Sagar,223.008,14.479
2014-04-07,Nagarjuna Sagar,215.945,8.122
2014-04-08,Nagarjuna Sagar,189.229,6.357
2014-04-09,Nagarjuna Sagar,171.86,37.754
2014-04-10,Nagarjuna Sagar,155.464,69.152
2014-04-11,Nagarjuna Sagar,142.051,100.549
2014-04-12,Nagarjuna Sagar,118.57,131.946
2014-04-13,Nagarjuna Sagar,101.923,103.918
2014-04-14,Nagarjuna Sagar,94.306,103.305
2014-04-15,Nagarjuna Sagar,92.999,102.691
2014-04-16,Nagarjuna Sagar,91.693,102.078
2014-04-17,Nagarjuna Sagar,89.585,101.465
2014-04-18,Nagarjuna Sagar,87.853,100.851
2014-04-19,Nagarjuna Sagar,75.579,100.238
2014-04-20,Nagarjuna Sagar,72.221,99.625
2014-04-21,Nagarjuna Sagar,66.931,99.011
2014-04-22,Nagarjuna Sagar,61.641,98.398
2014-04-23,Nagarjuna Sagar,56.351,97.784
2014-04-24,Nagarjuna Sagar,52.92,97.171
2014-04-25,Nagarjuna Sagar,39.89,96.558
2014-04-26,Nagarjuna Sagar,35.538,95.944
2014-04-27,Nagarjuna Sagar,37.236,95.331
2014-04-28,Nagarjuna Sagar,42.845,94.718
2014-04-29,Nagarjuna Sagar,40.264,94.104
2014-04-30,Nagarjuna Sagar,37.276,93.491
2014-05-01,Nagarjuna Sagar,38.461,92.878
2014-05-02,Nagarjuna Sagar,36.711,59.152
2014-05-03,Nagarjuna Sagar,35.552,25.427
2014-05-04,Nagarjuna Sagar,34.393,13.066
2014-05-05,Nagarjuna Sagar,28.943,13.42
2014-05-06,Nagarjuna Sagar,24.879,14.479
2014-05-07,Nagarjuna Sagar,26.419,7.416
2014-05-08,Nagarjuna Sagar,27.372,7.416
2014-05-09,Nagarjuna Sagar,26.645,37.981
2014-05-10,Nagarjuna Sagar,41.976,68.546
2014-05-11,Nagarjuna Sagar,52.09,99.111
2014-05-12,Nagarjuna Sagar,47.436,129.676
2014-05-13,Nagarjuna Sagar,53.327,102.201
2014-05-14,Nagarjuna Sagar,48.031,101.636
2014-05-15,Nagarjuna Sagar,48.052,101.071
2014-05-16,Nagarjuna Sagar,38.851,100.506
2014-05-17,Nagarjuna Sagar,38.098,99.941
2014-05-18,Nagarjuna Sagar,37.236,99.375
2014-05-19,Nagarjuna Sagar,25.134,98.81
2014-05-20,Nagarjuna Sagar,23.549,98.245
2014-05-21,Nagarjuna Sagar,22.453,97.68
2014-05-22,Nagarjuna Sagar,19.702,97.115
2014-05-23,Nagarjuna Sagar,19.883,96.55
2014-05-24,Nagarjuna Sagar,19.269,95.985
2014-05-25,Nagarjuna Sagar,18.427,95.42
2014-05-26,Nagarjuna Sagar,17.217,94.855
2014-05-27,Nagarjuna Sagar,40.799,94.29
2014-05-28,Nagarjuna Sagar,64.381,93.725
2014-05-29,Nagarjuna Sagar,59.54,93.16
2014-05-30,Nagarjuna Sagar,51.833,92.595
2014-05-31,Nagarjuna Sagar,44.125,92.03
2014-06-01,Nagarjuna Sagar,81.892,91.465
2014-06-02,Nagarjuna Sagar,203.003,57.386
2014-06-03,Nagarjuna Sagar,165.37,23.308
2014-06-04,Nagarjuna Sagar,119.299,14.126
2014-06-05,Nagarjuna Sagar,66.261,13.42
2014-06-06,Nagarjuna Sagar,64.959,14.126
2014-06-07,Nagarjuna Sagar,9.939,7.063
2014-06-08,Nagarjuna Sagar,5.493,10.241
2014-06-09,Nagarjuna Sagar,67.762,33.196
2014-06-10,Nagarjuna Sagar,122.952,56.15
2014-06-11,Nagarjuna Sagar,61.419,79.104
2014-06-12,Nagarjuna Sagar,57.568,102.059
2014-06-13,Nagarjuna Sagar,6.485,101.502
2014-06-14,Nagarjuna Sagar,6.485,100.944
2014-06-15,Nagarjuna Sagar,6.598,100.387
2014-06-16,Nagarjuna Sagar,6.824,99.829
2014-06-17,Nagarjuna Sagar,5.493,99.271
2014-06-18,Nagarjuna Sagar,5.493,98.714
2014-06-19,Nagarjuna Sagar,18.944,98.156
2014-06-20,Nagarjuna Sagar,45.024,97.599
2014-06-21,Nagarjuna Sagar,12.799,97.041
2014-06-22,Nagarjuna Sagar,16.339,96.483
2014-06-23,Nagarjuna Sagar,15.461,95.926
2014-06-24,Nagarjuna Sagar,11.1,95.368
2014-06-25,Nagarjuna Sagar,28.798,94.811
2014-06-26,Nagarjuna Sagar,28.798,94.253
2014-06-27,Nagarjuna Sagar,1.019,93.695
2014-06-28,Nagarjuna Sagar,6.994,93.138
2014-06-29,Nagarjuna Sagar,0.142,92.58
2014-06-30,Nagarjuna Sagar,25.542,92.023
2014-07-01,Nagarjuna Sagar,69.093,91.465
2014-07-02,Nagarjuna Sagar,66.884,56.68
2014-07-03,Nagarjuna Sagar,68.64,21.895
2014-07-04,Nagarjuna Sagar,47.091,15.892
2014-07-05,Nagarjuna Sagar,23.22,13.42
2014-07-06,Nagarjuna Sagar,31.488,14.126
2014-07-07,Nagarjuna Sagar,43.806,6.357
2014-07-08,Nagarjuna Sagar,25.315,13.773
2014-07-09,Nagarjuna Sagar,21.436,41.824
2014-07-10,Nagarjuna Sagar,36.529,69.875
2014-07-11,Nagarjuna Sagar,14.243,97.926
2014-07-12,Nagarjuna Sagar,9.599,125.976
2014-07-13,Nagarjuna Sagar,9.599,100.453
2014-07-14,Nagarjuna Sagar,10.052,99.905
2014-07-15,Nagarjuna Sagar,17.16,99.358
2014-07-16,Nagarjuna Sagar,8.835,98.81
2014-07-17,Nagarjuna Sagar,9.713,98.263
2014-07-18,Nagarjuna Sagar,11.044,97.716
2014-07-19,Nagarjuna Sagar,8.835,97.168
2014-07-20,Nagarjuna Sagar,7.306,96.621
2014-07-21,Nagarjuna Sagar,15.801,96.074
2014-07-22,Nagarjuna Sagar,21.606,95.526
2014-07-23,Nagarjuna Sagar,30.809,94.979
2014-07-24,Nagarjuna Sagar,23.701,94.431
2014-07-25,Nagarjuna Sagar,9.883,93.884
2014-07-26,Nagarjuna Sagar,10.251,93.337
2014-07-27,Nagarjuna Sagar,2.86,92.789
2014-07-28,Nagarjuna Sagar,7.221,92.242
2014-07-29,Nagarjuna Sagar,528.675,91.695
2014-07-30,Nagarjuna Sagar,227.752,91.147
2014-07-31,Nagarjuna Sagar,284.442,90.6
2014-08-01,Nagarjuna Sagar,341.246,90.052
2014-08-02,Nagarjuna Sagar,401.136,55.268
2014-08-03,Nagarjuna Sagar,1169.116,20.483
2014-08-04,Nagarjuna Sagar,460.629,16.245
2014-08-05,Nagarjuna Sagar,965.518,13.42
2014-08-06,Nagarjuna Sagar,1500.054,14.126
2014-08-07,Nagarjuna Sagar,1793.161,6.003
2014-08-08,Nagarjuna Sagar,1645.801,17.304
2014-08-09,Nagarjuna Sagar,1890.175,43.942
2014-08-10,Nagarjuna Sagar,1493.57,70.581
2014-08-11,Nagarjuna Sagar,1591.432,97.219
2014-08-12,Nagarjuna Sagar,1657.665,123.858
2014-08-13,Nagarjuna Sagar,2038.243,99.393
2014-08-14,Nagarjuna Sagar,1659.308,98.846
2014-08-15,Nagarjuna Sagar,1702.236,98.298
2014-08-16,Nagarjuna Sagar,1902.917,97.751
2014-08-17,Nagarjuna Sagar,1784.383,97.204
2014-08-18,Nagarjuna Sagar,1900.737,96.656
2014-08-19,Nagarjuna Sagar,1699.15,96.109
2014-08-20,Nagarjuna Sagar,1952.16,95.561
2014-08-21,Nagarjuna Sagar,1903.682,95.014
2014-08-22,Nagarjuna Sagar,1847.813,94.467
2014-08-23,Nagarjuna Sagar,1888.164,93.919
2014-08-24,Nagarjuna Sagar,1862.594,93.372
2014-08-25,Nagarjuna Sagar,1483.489,92.825
2014-08-26,Nagarjuna Sagar,954.05,92.277
2014-08-27,Nagarjuna Sagar,843.161,91.73
2014-08-28,Nagarjuna Sagar,765.148,91.182
2014-08-29,Nagarjuna Sagar,1628.612,90.635
2014-08-30,Nagarjuna Sagar,1843.99,90.088
2014-08-31,Nagarjuna Sagar,1597.407,89.54
2014-09-01,Nagarjuna Sagar,3853.633,88.993
2014-09-02,Nagarjuna Sagar,4243.641,54.031
2014-09-03,Nagarjuna Sagar,4447.295,19.07
2014-09-04,Nagarjuna Sagar,4335.019,16.951
2014-09-05,Nagarjuna Sagar,3223.018,13.42
2014-09-06,Nagarjuna Sagar,2611.092,13.773
2014-09-07,Nagarjuna Sagar,2593.054,5.297
2014-09-08,Nagarjuna Sagar,2636.068,19.423
2014-09-09,Nagarjuna Sagar,3902.197,45.303
2014-09-10,Nagarjuna Sagar,4308.684,71.182
2014-09-11,Nagarjuna Sagar,4276.29,97.062
2014-09-12,Nagarjuna Sagar,2081.455,122.942
2014-09-13,Nagarjuna Sagar,2059.764,99.327
2014-09-14,Nagarjuna Sagar,2964.231,98.714
2014-09-15,Nagarjuna Sagar,3581.027,98.1
2014-09-16,Nagarjuna Sagar,2817.125,97.487
2014-09-17,Nagarjuna Sagar,2219.018,96.874
2014-09-18,Nagarjuna Sagar,2141.316,96.26
2014-09-19,Nagarjuna Sagar,2240.51,95.647
2014-09-20,Nagarjuna Sagar,1577.586,95.034
2014-09-21,Nagarjuna Sagar,1629.15,94.42
2014-09-22,Nagarjuna Sagar,1945.336,93.807
2014-09-23,Nagarjuna Sagar,1655.315,93.194
2014-09-24,Nagarjuna Sagar,1167.672,92.58
2014-09-25,Nagarjuna Sagar,853.582,91.967
2014-09-26,Nagarjuna Sagar,951.756,91.353
2014-09-27,Nagarjuna Sagar,1064.259,90.74
2014-09-28,Nagarjuna Sagar,858.367,90.127
2014-09-29,Nagarjuna Sagar,1735.367,89.513
2014-09-30,Nagarjuna Sagar,1548.504,88.9
2014-10-01,Nagarjuna Sagar,1171.947,88.287
2014-10-02,Nagarjuna Sagar,655.364,53.149
2014-10-03,Nagarjuna Sagar,865.928,18.01
2014-10-04,Nagarjuna Sagar,783.158,15.892
2014-10-05,Nagarjuna Sagar,1039.793,13.42
2014-10-06,Nagarjuna Sagar,1148.869,13.773
2014-10-07,Nagarjuna Sagar,745.553,5.297
2014-10-08,Nagarjuna Sagar,80.08,23.308
2014-10-09,Nagarjuna Sagar,279.827,63.449
2014-10-10,Nagarjuna Sagar,817.308,103.59
2014-10-11,Nagarjuna Sagar,1037.584,143.731
2014-10-12,Nagarjuna Sagar,1098.324,120.529
2014-10-13,Nagarjuna Sagar,2048.72,97.327
2014-10-14,Nagarjuna Sagar,2473.982,96.833
2014-10-15,Nagarjuna Sagar,1622.864,96.338
2014-10-16,Nagarjuna Sagar,1533.836,95.844
2014-10-17,Nagarjuna Sagar,1725.088,95.35
2014-10-18,Nagarjuna Sagar,1404.966,94.855
2014-10-19,Nagarjuna Sagar,985.425,94.361
2014-10-20,Nagarjuna Sagar,1226.599,93.866
2014-10-21,Nagarjuna Sagar,951.558,93.372
2014-10-22,Nagarjuna Sagar,627.359,92.878
2014-10-23,Nagarjuna Sagar,860.604,92.383
2014-10-24,Nagarjuna Sagar,586.752,91.889
2014-10-25,Nagarjuna Sagar,452.276,91.394
2014-10-26,Nagarjuna Sagar,95.654,90.9
2014-10-27,Nagarjuna Sagar,333.289,90.406
2014-10-28,Nagarjuna Sagar,297.383,89.911
2014-10-29,Nagarjuna Sagar,402.75,89.417
2014-10-30,Nagarjuna Sagar,239.022,88.922
2014-10-31,Nagarjuna Sagar,807.0,88.428
2014-11-01,Nagarjuna Sagar,186.183,87.934
2014-11-02,Nagarjuna Sagar,483.821,52.266
2014-11-03,Nagarjuna Sagar,100.893,16.598
2014-11-04,Nagarjuna Sagar,10.789,15.538
2014-11-05,Nagarjuna Sagar,53.066,13.42
2014-11-06,Nagarjuna Sagar,37.718,14.126
2014-11-07,Nagarjuna Sagar,88.348,5.297
2014-11-08,Nagarjuna Sagar,310.069,25.427
2014-11-09,Nagarjuna Sagar,100.949,64.273
2014-11-10,Nagarjuna Sagar,272.606,103.119
2014-11-11,Nagarjuna Sagar,127.199,141.965
2014-11-12,Nagarjuna Sagar,192.328,119.624
2014-11-13,Nagarjuna Sagar,163.699,97.283
2014-11-14,Nagarjuna Sagar,319.867,96.744
2014-11-15,Nagarjuna Sagar,210.62,96.205
2014-11-16,Nagarjuna Sagar,208.072,95.666
2014-11-17,Nagarjuna Sagar,351.978,95.127
2014-11-18,Nagarjuna Sagar,374.037,94.588
2014-11-19,Nagarjuna Sagar,127.142,94.049
2014-11-20,Nagarjuna Sagar,46.609,93.51
2014-11-21,Nagarjuna Sagar,211.215,92.971
2014-11-22,Nagarjuna Sagar,310.664,92.431
2014-11-23,Nagarjuna Sagar,24.296,91.892
2014-11-24,Nagarjuna Sagar,239.135,91.353
2014-11-25,Nagarjuna Sagar,188.647,90.814
2014-11-26,Nagarjuna Sagar,300.271,90.275
2014-11-27,Nagarjuna Sagar,111.88,89.736
2014-11-28,Nagarjuna Sagar,82.827,89.197
2014-11-29,Nagarjuna Sagar,208.95,88.658
2014-11-30,Nagarjuna Sagar,8.07,88.119
2014-12-01,Nagarjuna Sagar,200.879,87.58
2014-12-02,Nagarjuna Sagar,200.879,51.382
2014-12-03,Nagarjuna Sagar,147.134,15.185
2014-12-04,Nagarjuna Sagar,197.623,14.832
2014-12-05,Nagarjuna Sagar,341.996,13.42
2014-12-06,Nagarjuna Sagar,26.051,14.126
2014-12-07,Nagarjuna Sagar,41.994,4.944
2014-12-08,Nagarjuna Sagar,166.474,27.899
2014-12-09,Nagarjuna Sagar,154.695,65.097
2014-12-10,Nagarjuna Sagar,452.389,102.295
2014-12-11,Nagarjuna Sagar,451.851,139.493
2014-12-12,Nagarjuna Sagar,487.785,118.251
2014-12-13,Nagarjuna Sagar,268.351,97.009
2014-12-14,Nagarjuna Sagar,117.689,96.197
2014-12-15,Nagarjuna Sagar,197.394,95.385
2014-12-16,Nagarjuna Sagar,346.823,94.573
2014-12-17,Nagarjuna Sagar,495.771,93.76
2014-12-18,Nagarjuna Sagar,346.058,92.948
2014-12-19,Nagarjuna Sagar,421.141,92.136
2014-12-20,Nagarjuna Sagar,269.386,91.324
2014-12-21,Nagarjuna Sagar,145.095,90.511
2014-12-22,Nagarjuna Sagar,288.008,89.699
2014-12-23,Nagarjuna Sagar,514.822,88.887
2014-12-24,Nagarjuna Sagar,197.541,88.075
2014-12-25,Nagarjuna Sagar,248.836,87.263
2014-12-26,Nagarjuna Sagar,540.143,86.45
2014-12-27,Nagarjuna Sagar,395.437,85.638
2014-12-28,Nagarjuna Sagar,110.441,84.826
2014-12-29,Nagarjuna Sagar,328.02,84.014
2014-12-30,Nagarjuna Sagar,194.72,83.201
2014-12-31,Nagarjuna Sagar,333.704,82.389
2015-01-01,Nagarjuna Sagar,29.849,81.577
2015-01-02,Nagarjuna Sagar,44.294,49.441
2015-01-03,Nagarjuna Sagar,17.289,28.958
2015-01-04,Nagarjuna Sagar,106.106,16.951
2015-01-05,Nagarjuna Sagar,107.568,6.71
2015-01-06,Nagarjuna Sagar,104.907,7.769
2015-01-07,Nagarjuna Sagar,146.81,4.591
2015-01-08,Nagarjuna Sagar,151.897,1.413
2015-01-09,Nagarjuna Sagar,263.551,1.413
2015-01-10,Nagarjuna Sagar,92.081,1.413
2015-01-11,Nagarjuna Sagar,154.882,2.266
2015-01-12,Nagarjuna Sagar,118.697,3.12
2015-01-13,Nagarjuna Sagar,178.928,3.973
2015-01-14,Nagarjuna Sagar,264.575,7.946
2015-01-15,Nagarjuna Sagar,97.802,11.919
2015-01-16,Nagarjuna Sagar,293.107,15.892
2015-01-17,Nagarjuna Sagar,180.411,19.865
2015-01-18,Nagarjuna Sagar,137.06,23.837
2015-01-19,Nagarjuna Sagar,137.06,27.81
2015-01-20,Nagarjuna Sagar,207.564,31.783
2015-01-21,Nagarjuna Sagar,259.947,35.756
2015-01-22,Nagarjuna Sagar,87.976,39.729
2015-01-23,Nagarjuna Sagar,257.031,43.702
2015-01-24,Nagarjuna Sagar,175.709,47.675
2015-01-25,Nagarjuna Sagar,97.647,51.648
2015-01-26,Nagarjuna Sagar,104.75,55.621
2015-01-27,Nagarjuna Sagar,139.82,59.594
2015-01-28,Nagarjuna Sagar,219.546,63.566
2015-01-29,Nagarjuna Sagar,137.84,67.539
2015-01-30,Nagarjuna Sagar,157.347,71.512
2015-01-31,Nagarjuna Sagar,123.258,75.485
2015-02-01,Nagarjuna Sagar,40.437,79.458
2015-02-02,Nagarjuna Sagar,49.957,48.381
2015-02-03,Nagarjuna Sagar,69.416,28.252
2015-02-04,Nagarjuna Sagar,274.305,17.481
2015-02-05,Nagarjuna Sagar,219.846,6.71
2015-02-06,Nagarjuna Sagar,110.142,7.416
2015-02-07,Nagarjuna Sagar,10.144,4.591
2015-02-08,Nagarjuna Sagar,3.704,1.059
2015-02-09,Nagarjuna Sagar,64.548,1.236
2015-02-10,Nagarjuna Sagar,59.51,1.413
2015-02-11,Nagarjuna Sagar,183.269,2.479
2015-02-12,Nagarjuna Sagar,65.53,3.546
2015-02-13,Nagarjuna Sagar,127.003,4.612
2015-02-14,Nagarjuna Sagar,328.444,9.223
2015-02-15,Nagarjuna Sagar,122.813,13.835
2015-02-16,Nagarjuna Sagar,220.69,18.447
2015-02-17,Nagarjuna Sagar,256.567,23.058
2015-02-18,Nagarjuna Sagar,164.186,27.67
2015-02-19,Nagarjuna Sagar,374.008,32.282
2015-02-20,Nagarjuna Sagar,137.29,36.893
2015-02-21,Nagarjuna Sagar,218.803,41.505
2015-02-22,Nagarjuna Sagar,37.91,46.117
2015-02-23,Nagarjuna Sagar,101.481,50.728
2015-02-24,Nagarjuna Sagar,105.096,55.34
2015-02-25,Nagarjuna Sagar,19.921,59.952
2015-02-26,Nagarjuna Sagar,92.293,64.564
2015-02-27,Nagarjuna Sagar,105.861,69.175
2015-02-28,Nagarjuna Sagar,135.379,73.787
2015-03-01,Nagarjuna Sagar,86.821,78.399
2015-03-02,Nagarjuna Sagar,37.495,47.675
2015-03-03,Nagarjuna Sagar,97.472,27.192
2015-03-04,Nagarjuna Sagar,96.595,16.245
2015-03-05,Nagarjuna Sagar,115.761,6.71
2015-03-06,Nagarjuna Sagar,1.564,7.416
2015-03-07,Nagarjuna Sagar,129.042,4.238
2015-03-08,Nagarjuna Sagar,22.79,1.059
2015-03-09,Nagarjuna Sagar,125.552,1.236
2015-03-10,Nagarjuna Sagar,198.644,1.413
2015-03-11,Nagarjuna Sagar,136.916,2.225
2015-03-12,Nagarjuna Sagar,88.556,3.037
2015-03-13,Nagarjuna Sagar,87.609,3.849
2015-03-14,Nagarjuna Sagar,151.23,7.699
2015-03-15,Nagarjuna Sagar,64.472,11.548
2015-03-16,Nagarjuna Sagar,246.471,15.397
2015-03-17,Nagarjuna Sagar,205.989,19.246
2015-03-18,Nagarjuna Sagar,128.773,23.096
2015-03-19,Nagarjuna Sagar,223.077,26.945
2015-03-20,Nagarjuna Sagar,135.762,30.794
2015-03-21,Nagarjuna Sagar,130.8,34.644
2015-03-22,Nagarjuna Sagar,417.925,38.493
2015-03-23,Nagarjuna Sagar,591.431,42.342
2015-03-24,Nagarjuna Sagar,794.868,46.192
2015-03-25,Nagarjuna Sagar,875.009,50.041
2015-03-26,Nagarjuna Sagar,655.935,53.89
2015-03-27,Nagarjuna Sagar,784.436,57.739
2015-03-28,Nagarjuna Sagar,836.452,61.589
2015-03-29,Nagarjuna Sagar,666.262,65.438
2015-03-30,Nagarjuna Sagar,243.893,69.287
2015-03-31,Nagarjuna Sagar,324.341,73.137
2015-04-01,Nagarjuna Sagar,92.907,76.986
2015-04-02,Nagarjuna Sagar,90.925,47.675
2015-04-03,Nagarjuna Sagar,102.238,26.486
2015-04-04,Nagarjuna Sagar,87.482,15.185
2015-04-05,Nagarjuna Sagar,45.182,6.71
2015-04-06,Nagarjuna Sagar,119.236,7.416
2015-04-07,Nagarjuna Sagar,117.369,4.238
2015-04-08,Nagarjuna Sagar,145.489,1.059
2015-04-09,Nagarjuna Sagar,107.573,1.236
2015-04-10,Nagarjuna Sagar,138.155,1.413
2015-04-11,Nagarjuna Sagar,75.487,0.353
2015-04-12,Nagarjuna Sagar,48.183,2.174
2015-04-13,Nagarjuna Sagar,34.935,3.996
2015-04-14,Nagarjuna Sagar,142.102,7.992
2015-04-15,Nagarjuna Sagar,22.568,11.988
2015-04-16,Nagarjuna Sagar,23.608,15.985
2015-04-17,Nagarjuna Sagar,52.403,19.981
2015-04-18,Nagarjuna Sagar,125.437,23.977
2015-04-19,Nagarjuna Sagar,35.301,27.973
2015-04-20,Nagarjuna Sagar,27.372,31.969
2015-04-21,Nagarjuna Sagar,62.481,35.965
2015-04-22,Nagarjuna Sagar,57.245,39.961
2015-04-23,Nagarjuna Sagar,40.317,43.957
2015-04-24,Nagarjuna Sagar,96.254,47.954
2015-04-25,Nagarjuna Sagar,104.863,51.95
2015-04-26,Nagarjuna Sagar,46.411,55.946
2015-04-27,Nagarjuna Sagar,41.796,59.942
2015-04-28,Nagarjuna Sagar,103.617,63.938
2015-04-29,Nagarjuna Sagar,52.358,67.934
2015-04-30,Nagarjuna Sagar,111.829,71.93
2015-05-01,Nagarjuna Sagar,8.586,75.927
2015-05-02,Nagarjuna Sagar,48.139,47.675
2015-05-03,Nagarjuna Sagar,43.806,26.133
2015-05-04,Nagarjuna Sagar,35.849,14.126
2015-05-05,Nagarjuna Sagar,48.478,6.71
2015-05-06,Nagarjuna Sagar,141.058,7.416
2015-05-07,Nagarjuna Sagar,146.771,3.885
2015-05-08,Nagarjuna Sagar,84.358,1.059
2015-05-09,Nagarjuna Sagar,95.062,1.236
2015-05-10,Nagarjuna Sagar,26.873,1.413
2015-05-11,Nagarjuna Sagar,83.48,0.706
2015-05-12,Nagarjuna Sagar,25.542,2.224
2015-05-13,Nagarjuna Sagar,25.117,3.743
2015-05-14,Nagarjuna Sagar,25.542,7.487
2015-05-15,Nagarjuna Sagar,25.117,11.23
2015-05-16,Nagarjuna Sagar,25.117,14.973
2015-05-17,Nagarjuna Sagar,25.542,18.717
2015-05-18,Nagarjuna Sagar,25.995,22.46
2015-05-19,Nagarjuna Sagar,28.204,26.203
2015-05-20,Nagarjuna Sagar,33.244,29.947
2015-05-21,Nagarjuna Sagar,30.865,33.69
2015-05-22,Nagarjuna Sagar,20.416,37.434
2015-05-23,Nagarjuna Sagar,15.914,41.177
2015-05-24,Nagarjuna Sagar,42.843,44.92
2015-05-25,Nagarjuna Sagar,17.67,48.664
2015-05-26,Nagarjuna Sagar,38.341,52.407
2015-05-27,Nagarjuna Sagar,78.039,56.15
2015-05-28,Nagarjuna Sagar,21.379,59.894
2015-05-29,Nagarjuna Sagar,20.869,63.637
2015-05-30,Nagarjuna Sagar,15.461,67.38
2015-05-31,Nagarjuna Sagar,42.09,71.124
2015-06-01,Nagarjuna Sagar,30.95,74.867
2015-06-02,Nagarjuna Sagar,35.283,47.322
2015-06-03,Nagarjuna Sagar,18.293,25.78
2015-06-04,Nagarjuna Sagar,38.737,13.42
2015-06-05,Nagarjuna Sagar,15.772,6.71
2015-06-06,Nagarjuna Sagar,39.304,7.063
2015-06-07,Nagarjuna Sagar,36.529,3.885
2015-06-08,Nagarjuna Sagar,37.406,0.706
2015-06-09,Nagarjuna Sagar,23.276,1.06
2015-06-10,Nagarjuna Sagar,43.466,1.413
2015-06-11,Nagarjuna Sagar,7.362,1.059
2015-06-12,Nagarjuna Sagar,49.271,2.472
2015-06-13,Nagarjuna Sagar,47.063,3.885
2015-06-14,Nagarjuna Sagar,10.902,7.769
2015-06-15,Nagarjuna Sagar,45.307,11.654
2015-06-16,Nagarjuna Sagar,44.061,15.538
2015-06-17,Nagarjuna Sagar,12.686,19.423
2015-06-18,Nagarjuna Sagar,13.111,23.308
2015-06-19,Nagarjuna Sagar,75.153,27.192
2015-06-20,Nagarjuna Sagar,38.624,31.077
2015-06-21,Nagarjuna Sagar,39.474,34.962
2015-06-22,Nagarjuna Sagar,40.408,38.846
2015-06-23,Nagarjuna Sagar,4.474,42.731
2015-06-24,Nagarjuna Sagar,9.118,46.615
2015-06-25,Nagarjuna Sagar,48.365,50.5
2015-06-26,Nagarjuna Sagar,33.046,54.385
2015-06-27,Nagarjuna Sagar,35.254,58.269
2015-06-28,Nagarjuna Sagar,8.693,62.154
2015-06-29,Nagarjuna Sagar,49.724,66.038
2015-06-30,Nagarjuna Sagar,119.837,69.923
2015-07-01,Nagarjuna Sagar,7.391,73.808
2015-07-02,Nagarjuna Sagar,9.599,46.262
2015-07-03,Nagarjuna Sagar,9.373,25.073
2015-07-04,Nagarjuna Sagar,7.844,12.713
2015-07-05,Nagarjuna Sagar,6.938,7.063
2015-07-06,Nagarjuna Sagar,7.391,7.063
2015-07-07,Nagarjuna Sagar,8.269,3.531
2015-07-08,Nagarjuna Sagar,8.75,0.706
2015-07-09,Nagarjuna Sagar,6.994,1.06
2015-07-10,Nagarjuna Sagar,27.722,1.413
2015-07-11,Nagarjuna Sagar,24.664,1.413
2015-07-12,Nagarjuna Sagar,24.239,2.525
2015-07-13,Nagarjuna Sagar,31.602,3.637
2015-07-14,Nagarjuna Sagar,22.455,7.275
2015-07-15,Nagarjuna Sagar,21.577,10.912
2015-07-16,Nagarjuna Sagar,32.479,14.55
2015-07-17,Nagarjuna Sagar,24.239,18.187
2015-07-18,Nagarjuna Sagar,37.775,21.824
2015-07-19,Nagarjuna Sagar,13.082,25.462
2015-07-20,Nagarjuna Sagar,36.529,29.099
2015-07-21,Nagarjuna Sagar,21.946,32.737
2015-07-22,Nagarjuna Sagar,34.773,36.374
2015-07-23,Nagarjuna Sagar,23.05,40.012
2015-07-24,Nagarjuna Sagar,34.32,43.649
2015-07-25,Nagarjuna Sagar,21.946,47.286
2015-07-26,Nagarjuna Sagar,36.557,50.924
2015-07-27,Nagarjuna Sagar,21.946,54.561
2015-07-28,Nagarjuna Sagar,11.468,58.199
2015-07-29,Nagarjuna Sagar,51.253,61.836
2015-07-30,Nagarjuna Sagar,16.424,65.473
2015-07-31,Nagarjuna Sagar,34.32,69.111
2015-08-01,Nagarjuna Sagar,21.521,72.748
2015-08-02,Nagarjuna Sagar,34.773,45.203
2015-08-03,Nagarjuna Sagar,7.646,25.073
2015-08-04,Nagarjuna Sagar,46.609,12.36
2015-08-05,Nagarjuna Sagar,8.778,7.416
2015-08-06,Nagarjuna Sagar,46.185,7.063
2015-08-07,Nagarjuna Sagar,28.968,3.531
2015-08-08,Nagarjuna Sagar,39.19,0.706
2015-08-09,Nagarjuna Sagar,10.987,0.882
2015-08-10,Nagarjuna Sagar,46.185,1.059
2015-08-11,Nagarjuna Sagar,10.987,0.353
2015-08-12,Nagarjuna Sagar,10.109,2.343
2015-08-13,Nagarjuna Sagar,46.185,4.334
2015-08-14,Nagarjuna Sagar,13.054,6.324
2015-08-15,Nagarjuna Sagar,45.732,8.315
2015-08-16,Nagarjuna Sagar,9.231,10.305
2015-08-17,Nagarjuna Sagar,23.191,12.296
2015-08-18,Nagarjuna Sagar,21.917,14.286
2015-08-19,Nagarjuna Sagar,19.001,16.277
2015-08-20,Nagarjuna Sagar,34.348,18.267
2015-08-21,Nagarjuna Sagar,26.703,20.258
2015-08-22,Nagarjuna Sagar,31.743,22.248
2015-08-23,Nagarjuna Sagar,31.318,24.238
2015-08-24,Nagarjuna Sagar,21.606,26.229
2015-08-25,Nagarjuna Sagar,33.81,28.219
2015-08-26,Nagarjuna Sagar,34.235,30.21
2015-08-27,Nagarjuna Sagar,87.159,32.2
2015-08-28,Nagarjuna Sagar,110.747,34.191
2015-08-29,Nagarjuna Sagar,63.656,36.181
2015-08-30,Nagarjuna Sagar,141.98,38.172
2015-08-31,Nagarjuna Sagar,88.943,40.162
2015-09-01,Nagarjuna Sagar,75.776,42.153
2015-09-02,Nagarjuna Sagar,77.107,44.143
2015-09-03,Nagarjuna Sagar,138.214,24.014
2015-09-04,Nagarjuna Sagar,81.354,12.007
2015-09-05,Nagarjuna Sagar,80.731,7.416
2015-09-06,Nagarjuna Sagar,35.538,7.063
2015-09-07,Nagarjuna Sagar,32.111,3.178
2015-09-08,Nagarjuna Sagar,205.778,0.706
2015-09-09,Nagarjuna Sagar,38.228,0.353
2015-09-10,Nagarjuna Sagar,38.228,1.059
2015-09-11,Nagarjuna Sagar,38.228,2.969
2015-09-12,Nagarjuna Sagar,38.228,4.879
2015-09-13,Nagarjuna Sagar,38.228,6.79
2015-09-14,Nagarjuna Sagar,0.0,8.7
2015-09-15,Nagarjuna Sagar,85.064,10.61
2015-09-16,Nagarjuna Sagar,40.04,12.52
2015-09-17,Nagarjuna Sagar,95.711,14.431
2015-09-18,Nagarjuna Sagar,95.711,16.341
2015-09-19,Nagarjuna Sagar,207.477,18.251
2015-09-20,Nagarjuna Sagar,96.079,20.161
2015-09-21,Nagarjuna Sagar,210.988,22.072
2015-09-22,Nagarjuna Sagar,432.086,23.982
2015-09-23,Nagarjuna Sagar,107.038,25.892
2015-09-24,Nagarjuna Sagar,56.86,27.802
2015-09-25,Nagarjuna Sagar,112.927,29.712
2015-09-26,Nagarjuna Sagar,70.141,31.623
2015-09-27,Nagarjuna Sagar,0.0,33.533
2015-09-28,Nagarjuna Sagar,38.228,35.443
2015-09-29,Nagarjuna Sagar,28.005,37.353
2015-09-30,Nagarjuna Sagar,18.661,39.264
2015-10-01,Nagarjuna Sagar,28.657,41.174
2015-10-02,Nagarjuna Sagar,24.947,43.084
2015-10-03,Nagarjuna Sagar,25.485,22.955
2015-10-04,Nagarjuna Sagar,0.0,11.654
2015-10-05,Nagarjuna Sagar,25.485,7.769
2015-10-06,Nagarjuna Sagar,25.485,7.063
2015-10-07,Nagarjuna Sagar,25.485,3.178
2015-10-08,Nagarjuna Sagar,0.0,0.353
2015-10-09,Nagarjuna Sagar,19.539,0.353
2015-10-10,Nagarjuna Sagar,0.0,1.059
2015-10-11,Nagarjuna Sagar,25.485,2.84
2015-10-12,Nagarjuna Sagar,25.485,4.621
2015-10-13,Nagarjuna Sagar,25.485,6.402
2015-10-14,Nagarjuna Sagar,0.0,8.183
2015-10-15,Nagarjuna Sagar,25.485,9.964
2015-10-16,Nagarjuna Sagar,0.0,11.746
2015-10-17,Nagarjuna Sagar,0.0,13.527
2015-10-18,Nagarjuna Sagar,0.0,15.308
2015-10-19,Nagarjuna Sagar,68.527,17.089
2015-10-20,Nagarjuna Sagar,47.261,18.87
2015-10-21,Nagarjuna Sagar,0.0,20.651
2015-10-22,Nagarjuna Sagar,0.0,22.432
2015-10-23,Nagarjuna Sagar,0.0,24.213
2015-10-24,Nagarjuna Sagar,0.0,25.994
2015-10-25,Nagarjuna Sagar,0.0,27.775
2015-10-26,Nagarjuna Sagar,0.0,29.556
2015-10-27,Nagarjuna Sagar,13.932,31.337
2015-10-28,Nagarjuna Sagar,418.409,33.119
2015-10-29,Nagarjuna Sagar,311.315,34.9
2015-10-30,Nagarjuna Sagar,34.575,36.681
2015-10-31,Nagarjuna Sagar,174.262,38.462
2015-11-01,Nagarjuna Sagar,280.506,40.243
2015-11-02,Nagarjuna Sagar,388.79,42.024
2015-11-03,Nagarjuna Sagar,348.297,21.895
2015-11-04,Nagarjuna Sagar,544.702,10.948
2015-11-05,Nagarjuna Sagar,266.008,7.769
2015-11-06,Nagarjuna Sagar,288.463,7.063
2015-11-07,Nagarjuna Sagar,463.461,2.825
2015-11-08,Nagarjuna Sagar,135.807,0.353
2015-11-09,Nagarjuna Sagar,74.502,0.353
2015-11-10,Nagarjuna Sagar,109.671,1.059
2015-11-11,Nagarjuna Sagar,147.332,1.827
2015-11-12,Nagarjuna Sagar,124.707,2.596
2015-11-13,Nagarjuna Sagar,323.604,3.364
2015-11-14,Nagarjuna Sagar,329.353,6.728
2015-11-15,Nagarjuna Sagar,130.512,10.093
2015-11-16,Nagarjuna Sagar,171.26,13.457
2015-11-17,Nagarjuna Sagar,63.656,16.821
2015-11-18,Nagarjuna Sagar,61.646,20.185
2015-11-19,Nagarjuna Sagar,214.981,23.549
2015-11-20,Nagarjuna Sagar,497.583,26.913
2015-11-21,Nagarjuna Sagar,245.45,30.278
2015-11-22,Nagarjuna Sagar,116.156,33.642
2015-11-23,Nagarjuna Sagar,215.774,37.006
2015-11-24,Nagarjuna Sagar,213.905,40.37
2015-11-25,Nagarjuna Sagar,152.429,43.734
2015-11-26,Nagarjuna Sagar,215.944,47.099
2015-11-27,Nagarjuna Sagar,79.259,50.463
2015-11-28,Nagarjuna Sagar,25.853,53.827
2015-11-29,Nagarjuna Sagar,25.485,57.191
2015-11-30,Nagarjuna Sagar,5.437,60.555
2015-12-01,Nagarjuna Sagar,0.0,63.92
2015-12-02,Nagarjuna Sagar,0.0,41.671
2015-12-03,Nagarjuna Sagar,0.0,20.836
2015-12-04,Nagarjuna Sagar,0.0,10.241
2015-12-05,Nagarjuna Sagar,8.75,7.769
2015-12-06,Nagarjuna Sagar,12.743,6.71
2015-12-07,Nagarjuna Sagar,12.743,2.825
2015-12-08,Nagarjuna Sagar,12.743,0.353
2015-12-09,Nagarjuna Sagar,0.0,0.353
2015-12-10,Nagarjuna Sagar,0.0,1.059
2015-12-11,Nagarjuna Sagar,12.743,1.224
2015-12-12,Nagarjuna Sagar,0.0,1.389
2015-12-13,Nagarjuna Sagar,19.907,1.553
2015-12-14,Nagarjuna Sagar,0.0,1.718
2015-12-15,Nagarjuna Sagar,25.485,1.883
2015-12-16,Nagarjuna Sagar,0.0,2.048
2015-12-17,Nagarjuna Sagar,25.485,2.213
2015-12-18,Nagarjuna Sagar,0.0,2.377
2015-12-19,Nagarjuna Sagar,190.572,2.542
2015-12-20,Nagarjuna Sagar,163.898,2.707
2015-12-21,Nagarjuna Sagar,26.844,2.872
2015-12-22,Nagarjuna Sagar,180.35,3.037
2015-12-23,Nagarjuna Sagar,322.274,3.201
2015-12-24,Nagarjuna Sagar,107.094,3.366
2015-12-25,Nagarjuna Sagar,124.452,3.531
2015-12-26,Nagarjuna Sagar,3.54,3.696
2015-12-27,Nagarjuna Sagar,70.934,3.861
2015-12-28,Nagarjuna Sagar,15.376,4.025
2015-12-29,Nagarjuna Sagar,74.558,4.19
2015-12-30,Nagarjuna Sagar,59.041,4.355
2015-12-31,Nagarjuna Sagar,113.012,4.52
2016-01-01,Nagarjuna Sagar,0.0,4.685
2016-01-02,Nagarjuna Sagar,59.947,4.849
2016-01-03,Nagarjuna Sagar,8.92,5.014
2016-01-04,Nagarjuna Sagar,0.0,5.179
2016-01-05,Nagarjuna Sagar,6.116,5.344
2016-01-06,Nagarjuna Sagar,0.0,5.509
2016-01-07,Nagarjuna Sagar,12.743,5.673
2016-01-08,Nagarjuna Sagar,0.0,5.838
2016-01-09,Nagarjuna Sagar,15.008,6.003
2016-01-10,Nagarjuna Sagar,0.0,36.374
2016-01-11,Nagarjuna Sagar,0.0,54.031
2016-01-12,Nagarjuna Sagar,11.327,30.017
2016-01-13,Nagarjuna Sagar,0.0,28.517
2016-01-14,Nagarjuna Sagar,11.327,27.016
2016-01-15,Nagarjuna Sagar,11.327,25.515
2016-01-16,Nagarjuna Sagar,11.327,24.014
2016-01-17,Nagarjuna Sagar,0.0,22.513
2016-01-18,Nagarjuna Sagar,0.0,21.012
2016-01-19,Nagarjuna Sagar,0.0,19.511
2016-01-20,Nagarjuna Sagar,0.0,18.01
2016-01-21,Nagarjuna Sagar,22.653,16.51
2016-01-22,Nagarjuna Sagar,0.0,15.009
2016-01-23,Nagarjuna Sagar,22.653,13.508
2016-01-24,Nagarjuna Sagar,0.0,12.007
2016-01-25,Nagarjuna Sagar,22.653,10.506
2016-01-26,Nagarjuna Sagar,0.0,9.005
2016-01-27,Nagarjuna Sagar,22.653,7.504
2016-01-28,Nagarjuna Sagar,0.0,6.003
2016-01-29,Nagarjuna Sagar,22.653,4.503
2016-01-30,Nagarjuna Sagar,0.0,3.002
2016-01-31,Nagarjuna Sagar,0.0,1.501
2016-02-01,Nagarjuna Sagar,18.179,1.962
2016-02-02,Nagarjuna Sagar,0.0,2.423
2016-02-03,Nagarjuna Sagar,19.34,2.884
2016-02-04,Nagarjuna Sagar,512.987,3.345
2016-02-05,Nagarjuna Sagar,287.217,3.806
2016-02-06,Nagarjuna Sagar,334.082,4.267
2016-02-07,Nagarjuna Sagar,328.985,4.728
2016-02-08,Nagarjuna Sagar,245.507,5.189
2016-02-09,Nagarjuna Sagar,297.864,5.65
2016-02-10,Nagarjuna Sagar,256.125,39.199
2016-02-11,Nagarjuna Sagar,279.742,52.972
2016-02-12,Nagarjuna Sagar,154.327,30.017
2016-02-13,Nagarjuna Sagar,104.631,28.35
2016-02-14,Nagarjuna Sagar,0.0,26.682
2016-02-15,Nagarjuna Sagar,23.107,25.015
2016-02-16,Nagarjuna Sagar,0.0,23.347
2016-02-17,Nagarjuna Sagar,25.004,21.679
2016-02-18,Nagarjuna Sagar,22.653,20.012
2016-02-19,Nagarjuna Sagar,0.0,18.344
2016-02-20,Nagarjuna Sagar,0.0,16.676
2016-02-21,Nagarjuna Sagar,0.0,15.009
2016-02-22,Nagarjuna Sagar,0.0,13.341
2016-02-23,Nagarjuna Sagar,0.0,11.673
2016-02-24,Nagarjuna Sagar,33.98,10.006
2016-02-25,Nagarjuna Sagar,0.0,8.338
2016-02-26,Nagarjuna Sagar,35.226,6.671
2016-02-27,Nagarjuna Sagar,0.0,5.003
2016-02-28,Nagarjuna Sagar,33.98,3.335
2016-02-29,Nagarjuna Sagar,0.0,1.668
2016-03-01,Nagarjuna Sagar,33.98,2.032
2016-03-02,Nagarjuna Sagar,0.0,2.396
2016-03-03,Nagarjuna Sagar,0.0,2.76
2016-03-04,Nagarjuna Sagar,0.0,3.124
2016-03-05,Nagarjuna Sagar,197.028,3.488
2016-03-06,Nagarjuna Sagar,391.48,3.852
2016-03-07,Nagarjuna Sagar,365.768,4.216
2016-03-08,Nagarjuna Sagar,303.216,4.58
2016-03-09,Nagarjuna Sagar,243.156,4.944
2016-03-10,Nagarjuna Sagar,78.069,39.906
2016-03-11,Nagarjuna Sagar,148.437,51.559
2016-03-12,Nagarjuna Sagar,6.541,30.017
2016-03-13,Nagarjuna Sagar,6.428,28.517
2016-03-14,Nagarjuna Sagar,0.0,27.016
2016-03-15,Nagarjuna Sagar,68.272,25.515
2016-03-16,Nagarjuna Sagar,48.705,24.014
2016-03-17,Nagarjuna Sagar,13.139,22.513
2016-03-18,Nagarjuna Sagar,21.747,21.012
2016-03-19,Nagarjuna Sagar,0.0,19.511
2016-03-20,Nagarjuna Sagar,89.0,18.01
2016-03-21,Nagarjuna Sagar,309.106,16.51
2016-03-22,Nagarjuna Sagar,421.127,15.009
2016-03-23,Nagarjuna Sagar,311.06,13.508
2016-03-24,Nagarjuna Sagar,162.085,12.007
2016-03-25,Nagarjuna Sagar,42.334,10.506
2016-03-26,Nagarjuna Sagar,40.635,9.005
2016-03-27,Nagarjuna Sagar,38.709,7.504
2016-03-28,Nagarjuna Sagar,40.182,6.003
2016-03-29,Nagarjuna Sagar,0.0,4.503
2016-03-30,Nagarjuna Sagar,0.0,3.002
2016-03-31,Nagarjuna Sagar,64.506,1.501
2016-04-01,Nagarjuna Sagar,64.223,1.844
2016-04-02,Nagarjuna Sagar,194.395,2.188
2016-04-03,Nagarjuna Sagar,205.184,2.531
2016-04-04,Nagarjuna Sagar,57.002,2.874
2016-04-05,Nagarjuna Sagar,0.906,3.218
2016-04-06,Nagarjuna Sagar,58.361,3.561
2016-04-07,Nagarjuna Sagar,145.52,3.904
2016-04-08,Nagarjuna Sagar,168.173,4.248
2016-04-09,Nagarjuna Sagar,154.921,4.591
2016-04-10,Nagarjuna Sagar,173.299,41.671
2016-04-11,Nagarjuna Sagar,172.987,50.5
2016-04-12,Nagarjuna Sagar,172.166,30.017
2016-04-13,Nagarjuna Sagar,171.43,28.438
2016-04-14,Nagarjuna Sagar,117.656,26.858
2016-04-15,Nagarjuna Sagar,130.994,25.278
2016-04-16,Nagarjuna Sagar,131.447,23.698
2016-04-17,Nagarjuna Sagar,134.392,22.118
2016-04-18,Nagarjuna Sagar,131.928,20.538
2016-04-19,Nagarjuna Sagar,131.928,18.958
2016-04-20,Nagarjuna Sagar,22.653,17.379
2016-04-21,Nagarjuna Sagar,22.653,15.799
2016-04-22,Nagarjuna Sagar,0.0,14.219
2016-04-23,Nagarjuna Sagar,22.653,12.639
2016-04-24,Nagarjuna Sagar,0.0,11.059
2016-04-25,Nagarjuna Sagar,19.652,9.479
2016-04-26,Nagarjuna Sagar,0.0,7.899
2016-04-27,Nagarjuna Sagar,0.0,6.319
2016-04-28,Nagarjuna Sagar,0.0,4.74
2016-04-29,Nagarjuna Sagar,41.399,3.16
2016-04-30,Nagarjuna Sagar,0.0,1.58
2016-05-01,Nagarjuna Sagar,0.0,1.875
2016-05-02,Nagarjuna Sagar,41.824,2.171
2016-05-03,Nagarjuna Sagar,0.0,2.466
2016-05-04,Nagarjuna Sagar,39.332,2.761
2016-05-05,Nagarjuna Sagar,0.0,3.057
2016-05-06,Nagarjuna Sagar,22.653,3.352
2016-05-07,Nagarjuna Sagar,3.572,3.647
2016-05-08,Nagarjuna Sagar,35.169,3.943
2016-05-09,Nagarjuna Sagar,36.415,4.238
2016-05-10,Nagarjuna Sagar,130.994,41.671
2016-05-11,Nagarjuna Sagar,76.823,49.087
2016-05-12,Nagarjuna Sagar,131.928,29.664
2016-05-13,Nagarjuna Sagar,131.928,28.181
2016-05-14,Nagarjuna Sagar,131.928,26.698
2016-05-15,Nagarjuna Sagar,126.265,25.215
2016-05-16,Nagarjuna Sagar,65.95,23.731
2016-05-17,Nagarjuna Sagar,65.95,22.248
2016-05-18,Nagarjuna Sagar,40.097,20.765
2016-05-19,Nagarjuna Sagar,0.0,19.282
2016-05-20,Nagarjuna Sagar,36.897,17.799
2016-05-21,Nagarjuna Sagar,0.0,16.315
2016-05-22,Nagarjuna Sagar,11.327,14.832
2016-05-23,Nagarjuna Sagar,0.0,13.349
2016-05-24,Nagarjuna Sagar,0.0,11.866
2016-05-25,Nagarjuna Sagar,0.0,10.383
2016-05-26,Nagarjuna Sagar,0.0,8.899
2016-05-27,Nagarjuna Sagar,11.327,7.416
2016-05-28,Nagarjuna Sagar,3.576,5.933
2016-05-29,Nagarjuna Sagar,11.327,4.45
2016-05-30,Nagarjuna Sagar,11.327,2.966
2016-05-31,Nagarjuna Sagar,0.0,1.483
2016-06-01,Nagarjuna Sagar,0.0,1.789
2016-06-02,Nagarjuna Sagar,22.653,2.095
2016-06-03,Nagarjuna Sagar,0.0,2.401
2016-06-04,Nagarjuna Sagar,22.653,2.707
2016-06-05,Nagarjuna Sagar,22.653,3.014
2016-06-06,Nagarjuna Sagar,16.282,3.32
2016-06-07,Nagarjuna Sagar,1.642,3.626
2016-06-08,Nagarjuna Sagar,7.929,3.932
2016-06-09,Nagarjuna Sagar,18.802,4.238
2016-06-10,Nagarjuna Sagar,16.084,43.437
2016-06-11,Nagarjuna Sagar,14.98,48.381
2016-06-12,Nagarjuna Sagar,0.0,28.958
2016-06-13,Nagarjuna Sagar,0.0,27.434
2016-06-14,Nagarjuna Sagar,17.981,25.91
2016-06-15,Nagarjuna Sagar,0.0,24.386
2016-06-16,Nagarjuna Sagar,0.0,22.862
2016-06-17,Nagarjuna Sagar,0.0,21.337
2016-06-18,Nagarjuna Sagar,22.653,19.813
2016-06-19,Nagarjuna Sagar,0.0,18.289
2016-06-20,Nagarjuna Sagar,22.653,16.765
2016-06-21,Nagarjuna Sagar,22.653,15.241
2016-06-22,Nagarjuna Sagar,0.0,13.717
2016-06-23,Nagarjuna Sagar,22.653,12.193
2016-06-24,Nagarjuna Sagar,0.0,10.669
2016-06-25,Nagarjuna Sagar,11.327,9.145
2016-06-26,Nagarjuna Sagar,0.0,7.621
2016-06-27,Nagarjuna Sagar,0.0,6.096
2016-06-28,Nagarjuna Sagar,6.853,4.572
2016-06-29,Nagarjuna Sagar,0.0,3.048
2016-06-30,Nagarjuna Sagar,11.327,1.524
2016-07-01,Nagarjuna Sagar,11.327,1.826
2016-07-02,Nagarjuna Sagar,0.0,2.127
2016-07-03,Nagarjuna Sagar,11.327,2.429
2016-07-04,Nagarjuna Sagar,11.327,2.73
2016-07-05,Nagarjuna Sagar,0.0,3.032
2016-07-06,Nagarjuna Sagar,22.653,3.333
2016-07-07,Nagarjuna Sagar,0.0,3.635
2016-07-08,Nagarjuna Sagar,13.677,3.936
2016-07-09,Nagarjuna Sagar,0.0,4.238
2016-07-10,Nagarjuna Sagar,11.327,44.143
2016-07-11,Nagarjuna Sagar,0.0,46.969
2016-07-12,Nagarjuna Sagar,11.327,28.605
2016-07-13,Nagarjuna Sagar,11.327,27.175
2016-07-14,Nagarjuna Sagar,0.0,25.744
2016-07-15,Nagarjuna Sagar,14.045,24.314
2016-07-16,Nagarjuna Sagar,11.327,22.884
2016-07-17,Nagarjuna Sagar,11.327,21.454
2016-07-18,Nagarjuna Sagar,0.0,20.023
2016-07-19,Nagarjuna Sagar,8.523,18.593
2016-07-20,Nagarjuna Sagar,9.061,17.163
2016-07-21,Nagarjuna Sagar,0.0,15.733
2016-07-22,Nagarjuna Sagar,11.327,14.302
2016-07-23,Nagarjuna Sagar,0.0,12.872
2016-07-24,Nagarjuna Sagar,11.327,11.442
2016-07-25,Nagarjuna Sagar,0.0,10.012
2016-07-26,Nagarjuna Sagar,11.327,8.581
2016-07-27,Nagarjuna Sagar,11.327,7.151
2016-07-28,Nagarjuna Sagar,0.0,5.721
2016-07-29,Nagarjuna Sagar,11.327,4.291
2016-07-30,Nagarjuna Sagar,110.775,2.86
2016-07-31,Nagarjuna Sagar,181.964,1.43
2016-08-01,Nagarjuna Sagar,288.945,1.781
2016-08-02,Nagarjuna Sagar,183.634,2.132
2016-08-03,Nagarjuna Sagar,270.312,2.484
2016-08-04,Nagarjuna Sagar,347.079,2.835
2016-08-05,Nagarjuna Sagar,352.884,3.186
2016-08-06,Nagarjuna Sagar,408.385,3.537
2016-08-07,Nagarjuna Sagar,343.596,3.889
2016-08-08,Nagarjuna Sagar,311.003,4.24
2016-08-09,Nagarjuna Sagar,311.995,4.591
2016-08-10,Nagarjuna Sagar,354.3,25.426
2016-08-11,Nagarjuna Sagar,926.327,46.262
2016-08-12,Nagarjuna Sagar,1843.452,27.899
2016-08-13,Nagarjuna Sagar,1818.335,26.504
2016-08-14,Nagarjuna Sagar,1755.132,25.109
2016-08-15,Nagarjuna Sagar,1337.601,23.714
2016-08-16,Nagarjuna Sagar,370.44,22.319
2016-08-17,Nagarjuna Sagar,600.231,20.924
2016-08-18,Nagarjuna Sagar,583.043,19.529
2016-08-19,Nagarjuna Sagar,607.82,18.134
2016-08-20,Nagarjuna Sagar,628.973,16.739
2016-08-21,Nagarjuna Sagar,632.314,15.344
2016-08-22,Nagarjuna Sagar,566.308,13.949
2016-08-23,Nagarjuna Sagar,550.252,12.554
2016-08-24,Nagarjuna Sagar,465.018,11.159
2016-08-25,Nagarjuna Sagar,185.277,9.765
2016-08-26,Nagarjuna Sagar,36.84,8.37
2016-08-27,Nagarjuna Sagar,96.815,6.975
2016-08-28,Nagarjuna Sagar,30.894,5.58
2016-08-29,Nagarjuna Sagar,87.924,4.185
2016-08-30,Nagarjuna Sagar,43.126,2.79
2016-08-31,Nagarjuna Sagar,210.394,1.395
2016-09-01,Nagarjuna Sagar,165.144,1.789
2016-09-02,Nagarjuna Sagar,0.0,2.184
2016-09-03,Nagarjuna Sagar,0.0,2.578
2016-09-04,Nagarjuna Sagar,21.124,2.972
2016-09-05,Nagarjuna Sagar,132.523,3.367
2016-09-06,Nagarjuna Sagar,85.092,3.761
2016-09-07,Nagarjuna Sagar,107.632,4.155
2016-09-08,Nagarjuna Sagar,164.322,4.55
2016-09-09,Nagarjuna Sagar,164.294,4.944
2016-09-10,Nagarjuna Sagar,160.443,24.897
2016-09-11,Nagarjuna Sagar,0.0,44.85
2016-09-12,Nagarjuna Sagar,279.317,27.192
2016-09-13,Nagarjuna Sagar,165.313,25.761
2016-09-14,Nagarjuna Sagar,193.121,24.33
2016-09-15,Nagarjuna Sagar,127.567,22.899
2016-09-16,Nagarjuna Sagar,42.39,21.468
2016-09-17,Nagarjuna Sagar,25.485,20.036
2016-09-18,Nagarjuna Sagar,0.0,18.605
2016-09-19,Nagarjuna Sagar,38.228,17.174
2016-09-20,Nagarjuna Sagar,67.196,15.743
2016-09-21,Nagarjuna Sagar,95.456,14.312
2016-09-22,Nagarjuna Sagar,163.048,12.881
2016-09-23,Nagarjuna Sagar,268.16,11.449
2016-09-24,Nagarjuna Sagar,95.711,10.018
2016-09-25,Nagarjuna Sagar,325.643,8.587
2016-09-26,Nagarjuna Sagar,1552.78,7.156
2016-09-27,Nagarjuna Sagar,1940.012,5.725
2016-09-28,Nagarjuna Sagar,1848.719,4.294
2016-09-29,Nagarjuna Sagar,1884.2,2.862
2016-09-30,Nagarjuna Sagar,1349.211,1.431
2016-10-01,Nagarjuna Sagar,662.811,1.861
2016-10-02,Nagarjuna Sagar,860.236,2.29
2016-10-03,Nagarjuna Sagar,413.255,2.72
2016-10-04,Nagarjuna Sagar,545.098,3.149
2016-10-05,Nagarjuna Sagar,144.246,3.579
2016-10-06,Nagarjuna Sagar,606.631,4.008
2016-10-07,Nagarjuna Sagar,351.072,4.438
2016-10-08,Nagarjuna Sagar,837.583,4.867
2016-10-09,Nagarjuna Sagar,1014.591,5.297
2016-10-10,Nagarjuna Sagar,966.821,24.544
2016-10-11,Nagarjuna Sagar,771.859,43.79
2016-10-12,Nagarjuna Sagar,776.702,26.839
2016-10-13,Nagarjuna Sagar,370.78,25.497
2016-10-14,Nagarjuna Sagar,165.313,24.155
2016-10-15,Nagarjuna Sagar,165.313,22.813
2016-10-16,Nagarjuna Sagar,0.0,21.471
2016-10-17,Nagarjuna Sagar,0.0,20.129
2016-10-18,Nagarjuna Sagar,244.346,18.787
2016-10-19,Nagarjuna Sagar,368.43,17.445
2016-10-20,Nagarjuna Sagar,89.226,16.103
2016-10-21,Nagarjuna Sagar,326.974,14.762
2016-10-22,Nagarjuna Sagar,166.163,13.42
2016-10-23,Nagarjuna Sagar,28.317,12.078
2016-10-24,Nagarjuna Sagar,28.317,10.736
2016-10-25,Nagarjuna Sagar,0.0,9.394
2016-10-26,Nagarjuna Sagar,28.317,8.052
2016-10-27,Nagarjuna Sagar,47.572,6.71
2016-10-28,Nagarjuna Sagar,0.0,5.368
2016-10-29,Nagarjuna Sagar,142.717,4.026
2016-10-30,Nagarjuna Sagar,0.0,2.684
2016-10-31,Nagarjuna Sagar,9.911,1.342
2016-11-01,Nagarjuna Sagar,0.0,1.781
2016-11-02,Nagarjuna Sagar,0.0,2.221
2016-11-03,Nagarjuna Sagar,0.0,2.66
2016-11-04,Nagarjuna Sagar,0.0,3.1
2016-11-05,Nagarjuna Sagar,0.0,3.539
2016-11-06,Nagarjuna Sagar,0.0,3.979
2016-11-07,Nagarjuna Sagar,0.0,4.418
2016-11-08,Nagarjuna Sagar,94.805,4.858
2016-11-09,Nagarjuna Sagar,1.246,5.297
2016-11-10,Nagarjuna Sagar,21.011,24.014
2016-11-11,Nagarjuna Sagar,73.85,42.731
2016-11-12,Nagarjuna Sagar,25.825,26.486
2016-11-13,Nagarjuna Sagar,36.557,25.092
2016-11-14,Nagarjuna Sagar,0.142,23.698
2016-11-15,Nagarjuna Sagar,166.729,22.304
2016-11-16,Nagarjuna Sagar,35.594,20.91
2016-11-17,Nagarjuna Sagar,4.745,19.516
2016-11-18,Nagarjuna Sagar,0.0,18.122
2016-11-19,Nagarjuna Sagar,48.903,16.728
2016-11-20,Nagarjuna Sagar,0.0,15.334
2016-11-21,Nagarjuna Sagar,0.0,13.94
2016-11-22,Nagarjuna Sagar,0.0,12.546
2016-11-23,Nagarjuna Sagar,54.113,11.152
2016-11-24,Nagarjuna Sagar,0.0,9.758
2016-11-25,Nagarjuna Sagar,20.7,8.364
2016-11-26,Nagarjuna Sagar,0.0,6.97
2016-11-27,Nagarjuna Sagar,0.0,5.576
2016-11-28,Nagarjuna Sagar,0.0,4.182
2016-11-29,Nagarjuna Sagar,0.0,2.788
2016-11-30,Nagarjuna Sagar,0.0,1.394
2016-12-01,Nagarjuna Sagar,41.201,1.906
2016-12-02,Nagarjuna Sagar,0.0,2.418
2016-12-03,Nagarjuna Sagar,38.228,2.93
2016-12-04,Nagarjuna Sagar,38.228,3.442
2016-12-05,Nagarjuna Sagar,0.0,3.955
2016-12-06,Nagarjuna Sagar,0.821,4.467
2016-12-07,Nagarjuna Sagar,49.866,4.979
2016-12-08,Nagarjuna Sagar,0.0,5.491
2016-12-09,Nagarjuna Sagar,2.095,6.003
2016-12-10,Nagarjuna Sagar,0.0,23.837
2016-12-11,Nagarjuna Sagar,37.491,41.671
2016-12-12,Nagarjuna Sagar,0.0,25.78
2016-12-13,Nagarjuna Sagar,0.0,25.303
2016-12-14,Nagarjuna Sagar,12.743,24.826
2016-12-15,Nagarjuna Sagar,12.743,24.349
2016-12-16,Nagarjuna Sagar,12.743,23.873
2016-12-17,Nagarjuna Sagar,6.088,23.396
2016-12-18,Nagarjuna Sagar,18.972,22.919
2016-12-19,Nagarjuna Sagar,0.0,22.442
2016-12-20,Nagarjuna Sagar,25.485,21.966
2016-12-21,Nagarjuna Sagar,125.443,21.489
2016-12-22,Nagarjuna Sagar,127.964,21.012
2016-12-23,Nagarjuna Sagar,195.159,20.535
2016-12-24,Nagarjuna Sagar,153.647,20.059
2016-12-25,Nagarjuna Sagar,223.561,19.582
2016-12-26,Nagarjuna Sagar,121.139,19.105
2016-12-27,Nagarjuna Sagar,241.882,18.628
2016-12-28,Nagarjuna Sagar,295.118,18.152
2016-12-29,Nagarjuna Sagar,4.279,17.675
2016-12-30,Nagarjuna Sagar,4.248,17.198
2016-12-31,Nagarjuna Sagar,486.001,16.721
2017-01-01,Nagarjuna Sagar,252.614,16.245
2017-01-02,Nagarjuna Sagar,4.165,7.416
2017-01-03,Nagarjuna Sagar,151.013,3.178
2017-01-04,Nagarjuna Sagar,351.553,4.792
2017-01-05,Nagarjuna Sagar,491.665,6.407
2017-01-06,Nagarjuna Sagar,443.498,8.021
2017-01-07,Nagarjuna Sagar,376.812,9.636
2017-01-08,Nagarjuna Sagar,590.377,11.25
2017-01-09,Nagarjuna Sagar,73.624,12.865
2017-01-10,Nagarjuna Sagar,180.888,14.479
2017-01-11,Nagarjuna Sagar,89.878,44.914
2017-01-12,Nagarjuna Sagar,153.619,75.35
2017-01-13,Nagarjuna Sagar,80.675,105.785
2017-01-14,Nagarjuna Sagar,107.151,101.035
2017-01-15,Nagarjuna Sagar,1.019,96.285
2017-01-16,Nagarjuna Sagar,56.407,91.536
2017-01-17,Nagarjuna Sagar,215.378,86.786
2017-01-18,Nagarjuna Sagar,197.425,82.036
2017-01-19,Nagarjuna Sagar,339.405,77.286
2017-01-20,Nagarjuna Sagar,4.023,72.536
2017-01-21,Nagarjuna Sagar,357.358,67.787
2017-01-22,Nagarjuna Sagar,286.453,63.037
2017-01-23,Nagarjuna Sagar,234.35,58.287
2017-01-24,Nagarjuna Sagar,208.553,53.537
2017-01-25,Nagarjuna Sagar,62.863,48.787
2017-01-26,Nagarjuna Sagar,64.024,44.037
2017-01-27,Nagarjuna Sagar,22.37,39.288
2017-01-28,Nagarjuna Sagar,54.028,34.538
2017-01-29,Nagarjuna Sagar,61.504,29.788
2017-01-30,Nagarjuna Sagar,123.32,25.038
2017-01-31,Nagarjuna Sagar,178.594,20.288
2017-02-01,Nagarjuna Sagar,269.887,15.538
2017-02-02,Nagarjuna Sagar,270.51,7.769
2017-02-03,Nagarjuna Sagar,221.409,2.472
2017-02-04,Nagarjuna Sagar,157.498,4.086
2017-02-05,Nagarjuna Sagar,174.29,5.701
2017-02-06,Nagarjuna Sagar,199.209,7.315
2017-02-07,Nagarjuna Sagar,186.07,8.93
2017-02-08,Nagarjuna Sagar,197.934,10.544
2017-02-09,Nagarjuna Sagar,28.317,12.159
2017-02-10,Nagarjuna Sagar,42.249,13.773
2017-02-11,Nagarjuna Sagar,162.992,43.693
2017-02-12,Nagarjuna Sagar,102.167,73.614
2017-02-13,Nagarjuna Sagar,40.182,103.534
2017-02-14,Nagarjuna Sagar,216.142,97.946
2017-02-15,Nagarjuna Sagar,250.575,92.358
2017-02-16,Nagarjuna Sagar,3.816,86.77
2017-02-17,Nagarjuna Sagar,699.057,81.182
2017-02-18,Nagarjuna Sagar,667.54,75.594
2017-02-19,Nagarjuna Sagar,784.092,70.006
2017-02-20,Nagarjuna Sagar,844.067,64.418
2017-02-21,Nagarjuna Sagar,946.319,58.83
2017-02-22,Nagarjuna Sagar,612.861,53.242
2017-02-23,Nagarjuna Sagar,500.754,47.654
2017-02-24,Nagarjuna Sagar,368.458,42.066
2017-02-25,Nagarjuna Sagar,602.213,36.478
2017-02-26,Nagarjuna Sagar,168.513,30.89
2017-02-27,Nagarjuna Sagar,60.683,25.302
2017-02-28,Nagarjuna Sagar,71.953,19.714
2017-03-01,Nagarjuna Sagar,27.552,14.126
2017-03-02,Nagarjuna Sagar,76.087,8.476
2017-03-03,Nagarjuna Sagar,293.617,2.472
2017-03-04,Nagarjuna Sagar,84.894,4.036
2017-03-05,Nagarjuna Sagar,16.905,5.6
2017-03-06,Nagarjuna Sagar,12.743,7.164
2017-03-07,Nagarjuna Sagar,407.054,8.728
2017-03-08,Nagarjuna Sagar,126.066,10.292
2017-03-09,Nagarjuna Sagar,182.728,11.856
2017-03-10,Nagarjuna Sagar,52.273,13.42
2017-03-11,Nagarjuna Sagar,0.0,43.284
2017-03-12,Nagarjuna Sagar,27.043,73.149
2017-03-13,Nagarjuna Sagar,0.0,103.013
2017-03-14,Nagarjuna Sagar,31.233,98.316
2017-03-15,Nagarjuna Sagar,22.512,93.619
2017-03-16,Nagarjuna Sagar,19.567,88.922
2017-03-17,Nagarjuna Sagar,99.222,84.225
2017-03-18,Nagarjuna Sagar,178.283,79.529
2017-03-19,Nagarjuna Sagar,118.138,74.832
2017-03-20,Nagarjuna Sagar,176.13,70.135
2017-03-21,Nagarjuna Sagar,151.297,65.438
2017-03-22,Nagarjuna Sagar,3.728,60.741
2017-03-23,Nagarjuna Sagar,63.628,56.044
2017-03-24,Nagarjuna Sagar,163.36,51.348
2017-03-25,Nagarjuna Sagar,158.687,46.651
2017-03-26,Nagarjuna Sagar,0.0,41.954
2017-03-27,Nagarjuna Sagar,44.542,37.257
2017-03-28,Nagarjuna Sagar,3.671,32.56
2017-03-29,Nagarjuna Sagar,165.059,27.863
2017-03-30,Nagarjuna Sagar,51.791,23.166
2017-03-31,Nagarjuna Sagar,161.915,18.47
2017-04-01,Nagarjuna Sagar,45.902,13.773
2017-04-02,Nagarjuna Sagar,154.128,8.476
2017-04-03,Nagarjuna Sagar,121.819,2.472
2017-04-04,Nagarjuna Sagar,0.0,4.036
2017-04-05,Nagarjuna Sagar,0.0,5.6
2017-04-06,Nagarjuna Sagar,94.918,7.164
2017-04-07,Nagarjuna Sagar,0.0,8.728
2017-04-08,Nagarjuna Sagar,32.394,10.292
2017-04-09,Nagarjuna Sagar,31.517,11.856
2017-04-10,Nagarjuna Sagar,0.0,13.42
2017-04-11,Nagarjuna Sagar,27.949,42.65
2017-04-12,Nagarjuna Sagar,22.144,71.881
2017-04-13,Nagarjuna Sagar,0.0,101.111
2017-04-14,Nagarjuna Sagar,13.677,96.279
2017-04-15,Nagarjuna Sagar,0.0,91.446
2017-04-16,Nagarjuna Sagar,0.0,86.614
2017-04-17,Nagarjuna Sagar,0.0,81.781
2017-04-18,Nagarjuna Sagar,130.286,76.949
2017-04-19,Nagarjuna Sagar,130.286,72.116
2017-04-20,Nagarjuna Sagar,163.048,67.284
2017-04-21,Nagarjuna Sagar,195.528,62.451
2017-04-22,Nagarjuna Sagar,341.387,57.619
2017-04-23,Nagarjuna Sagar,305.114,52.786
2017-04-24,Nagarjuna Sagar,294.919,47.954
2017-04-25,Nagarjuna Sagar,275.211,43.121
2017-04-26,Nagarjuna Sagar,242.732,38.289
2017-04-27,Nagarjuna Sagar,118.421,33.456
2017-04-28,Nagarjuna Sagar,26.25,28.623
2017-04-29,Nagarjuna Sagar,0.0,23.791
2017-04-30,Nagarjuna Sagar,0.0,18.958
2017-05-01,Nagarjuna Sagar,0.0,14.126
2017-05-02,Nagarjuna Sagar,9.373,8.829
2017-05-03,Nagarjuna Sagar,0.0,2.472
2017-05-04,Nagarjuna Sagar,0.0,4.036
2017-05-05,Nagarjuna Sagar,0.0,5.6
2017-05-06,Nagarjuna Sagar,0.0,7.164
2017-05-07,Nagarjuna Sagar,0.0,8.728
2017-05-08,Nagarjuna Sagar,0.0,10.292
2017-05-09,Nagarjuna Sagar,313.892,11.856
2017-05-10,Nagarjuna Sagar,272.662,13.42
2017-05-11,Nagarjuna Sagar,384.57,42.396
2017-05-12,Nagarjuna Sagar,151.92,71.371
2017-05-13,Nagarjuna Sagar,0.0,100.347
2017-05-14,Nagarjuna Sagar,21.662,95.809
2017-05-15,Nagarjuna Sagar,0.0,91.271
2017-05-16,Nagarjuna Sagar,16.452,86.733
2017-05-17,Nagarjuna Sagar,0.0,82.195
2017-05-18,Nagarjuna Sagar,13.564,77.657
2017-05-19,Nagarjuna Sagar,21.351,73.119
2017-05-20,Nagarjuna Sagar,0.0,68.581
2017-05-21,Nagarjuna Sagar,11.327,64.043
2017-05-22,Nagarjuna Sagar,11.327,59.505
2017-05-23,Nagarjuna Sagar,0.0,54.967
2017-05-24,Nagarjuna Sagar,0.0,50.429
2017-05-25,Nagarjuna Sagar,0.0,45.891
2017-05-26,Nagarjuna Sagar,11.1,41.353
2017-05-27,Nagarjuna Sagar,0.0,36.816
2017-05-28,Nagarjuna Sagar,0.0,32.278
2017-05-29,Nagarjuna Sagar,11.327,27.74
2017-05-30,Nagarjuna Sagar,0.0,23.202
2017-05-31,Nagarjuna Sagar,0.0,18.664
2017-06-01,Nagarjuna Sagar,20.445,14.126
2017-06-02,Nagarjuna Sagar,0.0,9.535
2017-06-03,Nagarjuna Sagar,11.327,2.472
2017-06-04,Nagarjuna Sagar,0.0,4.036
2017-06-05,Nagarjuna Sagar,11.327,5.6
2017-06-06,Nagarjuna Sagar,0.0,7.164
2017-06-07,Nagarjuna Sagar,4.021,8.728
2017-06-08,Nagarjuna Sagar,8.778,10.292
2017-06-09,Nagarjuna Sagar,11.327,11.856
2017-06-10,Nagarjuna Sagar,0.0,13.42
2017-06-11,Nagarjuna Sagar,7.532,41.765
2017-06-12,Nagarjuna Sagar,11.327,70.109
2017-06-13,Nagarjuna Sagar,0.0,98.454
2017-06-14,Nagarjuna Sagar,10.845,93.788
2017-06-15,Nagarjuna Sagar,9.684,89.123
2017-06-16,Nagarjuna Sagar,9.175,84.458
2017-06-17,Nagarjuna Sagar,0.0,79.793
2017-06-18,Nagarjuna Sagar,11.327,75.127
2017-06-19,Nagarjuna Sagar,11.327,70.462
2017-06-20,Nagarjuna Sagar,0.0,65.797
2017-06-21,Nagarjuna Sagar,8.976,61.132
2017-06-22,Nagarjuna Sagar,0.0,56.466
2017-06-23,Nagarjuna Sagar,12.516,51.801
2017-06-24,Nagarjuna Sagar,11.327,47.136
2017-06-25,Nagarjuna Sagar,0.0,42.471
2017-06-26,Nagarjuna Sagar,11.327,37.805
2017-06-27,Nagarjuna Sagar,11.327,33.14
2017-06-28,Nagarjuna Sagar,0.0,28.475
2017-06-29,Nagarjuna Sagar,11.327,23.81
2017-06-30,Nagarjuna Sagar,9.571,19.144
2017-07-01,Nagarjuna Sagar,0.0,14.479
2017-07-02,Nagarjuna Sagar,11.327,9.535
2017-07-03,Nagarjuna Sagar,11.327,3.531
2017-07-04,Nagarjuna Sagar,0.0,4.944
2017-07-05,Nagarjuna Sagar,11.327,6.356
2017-07-06,Nagarjuna Sagar,11.327,7.769
2017-07-07,Nagarjuna Sagar,0.0,9.182
2017-07-08,Nagarjuna Sagar,11.327,10.595
2017-07-09,Nagarjuna Sagar,11.327,12.007
2017-07-10,Nagarjuna Sagar,0.0,13.42
2017-07-11,Nagarjuna Sagar,12.488,41.742
2017-07-12,Nagarjuna Sagar,11.327,70.065
2017-07-13,Nagarjuna Sagar,0.0,98.387
2017-07-14,Nagarjuna Sagar,11.327,94.008
2017-07-15,Nagarjuna Sagar,12.374,89.629
2017-07-16,Nagarjuna Sagar,14.102,85.25
2017-07-17,Nagarjuna Sagar,120.007,80.871
2017-07-18,Nagarjuna Sagar,175.479,76.492
2017-07-19,Nagarjuna Sagar,70.141,72.113
2017-07-20,Nagarjuna Sagar,19.963,67.734
2017-07-21,Nagarjuna Sagar,0.0,63.355
2017-07-22,Nagarjuna Sagar,20.473,58.975
2017-07-23,Nagarjuna Sagar,0.0,54.596
2017-07-24,Nagarjuna Sagar,22.653,50.217
2017-07-25,Nagarjuna Sagar,0.0,45.838
2017-07-26,Nagarjuna Sagar,18.009,41.459
2017-07-27,Nagarjuna Sagar,0.0,37.08
2017-07-28,Nagarjuna Sagar,12.459,32.701
2017-07-29,Nagarjuna Sagar,0.0,28.322
2017-07-30,Nagarjuna Sagar,11.327,23.943
2017-07-31,Nagarjuna Sagar,0.0,19.564
2017-08-01,Nagarjuna Sagar,11.327,15.185
2017-08-02,Nagarjuna Sagar,11.327,9.182
2017-08-03,Nagarjuna Sagar,0.0,3.885
2017-08-04,Nagarjuna Sagar,20.077,5.449
2017-08-05,Nagarjuna Sagar,0.0,7.013
2017-08-06,Nagarjuna Sagar,19.878,8.577
2017-08-07,Nagarjuna Sagar,18.916,10.14
2017-08-08,Nagarjuna Sagar,0.0,11.704
2017-08-09,Nagarjuna Sagar,14.17,13.268
2017-08-10,Nagarjuna Sagar,17.528,14.832
2017-08-11,Nagarjuna Sagar,13.111,42.107
2017-08-12,Nagarjuna Sagar,22.767,69.381
2017-08-13,Nagarjuna Sagar,24.437,96.656
2017-08-14,Nagarjuna Sagar,22.399,92.313
2017-08-15,Nagarjuna Sagar,18.774,87.969
2017-08-16,Nagarjuna Sagar,18.151,83.625
2017-08-17,Nagarjuna Sagar,0.0,79.281
2017-08-18,Nagarjuna Sagar,24.069,74.938
2017-08-19,Nagarjuna Sagar,24.494,70.594
2017-08-20,Nagarjuna Sagar,19.963,66.25
2017-08-21,Nagarjuna Sagar,0.0,61.907
2017-08-22,Nagarjuna Sagar,14.413,57.563
2017-08-23,Nagarjuna Sagar,17.217,53.219
2017-08-24,Nagarjuna Sagar,0.0,48.875
2017-08-25,Nagarjuna Sagar,21.634,44.532
2017-08-26,Nagarjuna Sagar,21.691,40.188
2017-08-27,Nagarjuna Sagar,21.209,35.844
2017-08-28,Nagarjuna Sagar,0.0,31.501
2017-08-29,Nagarjuna Sagar,23.22,27.157
2017-08-30,Nagarjuna Sagar,25.683,22.813
2017-08-31,Nagarjuna Sagar,25.4,18.47
2017-09-01,Nagarjuna Sagar,24.947,14.126
2017-09-02,Nagarjuna Sagar,26.703,8.122
2017-09-03,Nagarjuna Sagar,26.929,4.591
2017-09-04,Nagarjuna Sagar,25.117,6.508
2017-09-05,Nagarjuna Sagar,21.294,8.425
2017-09-06,Nagarjuna Sagar,22.568,10.342
2017-09-07,Nagarjuna Sagar,18.406,12.259
2017-09-08,Nagarjuna Sagar,20.416,14.176
2017-09-09,Nagarjuna Sagar,23.078,16.093
2017-09-10,Nagarjuna Sagar,21.068,18.01
2017-09-11,Nagarjuna Sagar,23.333,58.799
2017-09-12,Nagarjuna Sagar,21.946,99.587
2017-09-13,Nagarjuna Sagar,283.423,95.089
2017-09-14,Nagarjuna Sagar,183.011,90.591
2017-09-15,Nagarjuna Sagar,74.671,86.093
2017-09-16,Nagarjuna Sagar,19.142,81.595
2017-09-17,Nagarjuna Sagar,17.925,77.097
2017-09-18,Nagarjuna Sagar,17.245,72.6
2017-09-19,Nagarjuna Sagar,15.489,68.102
2017-09-20,Nagarjuna Sagar,69.433,63.604
2017-09-21,Nagarjuna Sagar,906.761,59.106
2017-09-22,Nagarjuna Sagar,1292.52,54.608
2017-09-23,Nagarjuna Sagar,1213.658,50.11
2017-09-24,Nagarjuna Sagar,1384.125,45.612
2017-09-25,Nagarjuna Sagar,998.28,41.114
2017-09-26,Nagarjuna Sagar,1051.771,36.616
2017-09-27,Nagarjuna Sagar,974.976,32.118
2017-09-28,Nagarjuna Sagar,959.345,27.62
2017-09-29,Nagarjuna Sagar,1033.62,23.122
2017-09-30,Nagarjuna Sagar,1022.038,18.624
2017-10-01,Nagarjuna Sagar,319.414,14.126
2017-10-02,Nagarjuna Sagar,14.243,6.71
2017-10-03,Nagarjuna Sagar,30.922,4.591
2017-10-04,Nagarjuna Sagar,227.044,7.113
2017-10-05,Nagarjuna Sagar,281.554,9.636
2017-10-06,Nagarjuna Sagar,182.785,12.158
2017-10-07,Nagarjuna Sagar,46.326,14.681
2017-10-08,Nagarjuna Sagar,511.203,17.203
2017-10-09,Nagarjuna Sagar,992.815,19.726
2017-10-10,Nagarjuna Sagar,1490.087,22.248
2017-10-11,Nagarjuna Sagar,1825.726,60.035
2017-10-12,Nagarjuna Sagar,1798.06,97.822
2017-10-13,Nagarjuna Sagar,2675.06,93.584
2017-10-14,Nagarjuna Sagar,3220.894,89.346
2017-10-15,Nagarjuna Sagar,4920.95,85.108
2017-10-16,Nagarjuna Sagar,4182.165,80.871
2017-10-17,Nagarjuna Sagar,3561.602,76.633
2017-10-18,Nagarjuna Sagar,5196.473,72.395
2017-10-19,Nagarjuna Sagar,4119.358,68.157
2017-10-20,Nagarjuna Sagar,2279.304,63.92
2017-10-21,Nagarjuna Sagar,1211.251,59.682
2017-10-22,Nagarjuna Sagar,799.836,55.444
2017-10-23,Nagarjuna Sagar,553.877,51.206
2017-10-24,Nagarjuna Sagar,556.0,46.969
2017-10-25,Nagarjuna Sagar,556.652,42.731
2017-10-26,Nagarjuna Sagar,624.385,38.493
2017-10-27,Nagarjuna Sagar,389.554,34.255
2017-10-28,Nagarjuna Sagar,389.413,30.017
2017-10-29,Nagarjuna Sagar,468.841,25.78
2017-10-30,Nagarjuna Sagar,143.17,21.542
2017-10-31,Nagarjuna Sagar,665.671,17.304
2017-11-01,Nagarjuna Sagar,456.495,13.066
2017-11-02,Nagarjuna Sagar,251.566,6.003
2017-11-03,Nagarjuna Sagar,548.043,3.885
2017-11-04,Nagarjuna Sagar,240.721,7.316
2017-11-05,Nagarjuna Sagar,300.045,10.746
2017-11-06,Nagarjuna Sagar,0.0,14.177
2017-11-07,Nagarjuna Sagar,398.163,17.607
2017-11-08,Nagarjuna Sagar,122.357,21.038
2017-11-09,Nagarjuna Sagar,140.593,24.468
2017-11-10,Nagarjuna Sagar,0.0,27.899
2017-11-11,Nagarjuna Sagar,282.318,62.154
2017-11-12,Nagarjuna Sagar,191.393,96.409
2017-11-13,Nagarjuna Sagar,60.485,91.985
2017-11-14,Nagarjuna Sagar,49.979,87.562
2017-11-15,Nagarjuna Sagar,91.293,83.138
2017-11-16,Nagarjuna Sagar,83.336,78.715
2017-11-17,Nagarjuna Sagar,154.242,74.291
2017-11-18,Nagarjuna Sagar,67.479,69.867
2017-11-19,Nagarjuna Sagar,258.816,65.444
2017-11-20,Nagarjuna Sagar,75.889,61.02
2017-11-21,Nagarjuna Sagar,28.288,56.596
2017-11-22,Nagarjuna Sagar,0.0,52.173
2017-11-23,Nagarjuna Sagar,87.556,47.749
2017-11-24,Nagarjuna Sagar,49.441,43.326
2017-11-25,Nagarjuna Sagar,110.011,38.902
2017-11-26,Nagarjuna Sagar,19.822,34.478
2017-11-27,Nagarjuna Sagar,18.151,30.055
2017-11-28,Nagarjuna Sagar,65.44,25.631
2017-11-29,Nagarjuna Sagar,107.009,21.207
2017-11-30,Nagarjuna Sagar,0.0,16.784
2017-12-01,Nagarjuna Sagar,151.438,12.36
2017-12-02,Nagarjuna Sagar,140.055,5.297
2017-12-03,Nagarjuna Sagar,161.292,3.885
2017-12-04,Nagarjuna Sagar,20.954,8.022
2017-12-05,Nagarjuna Sagar,307.719,12.159
2017-12-06,Nagarjuna Sagar,25.259,16.296
2017-12-07,Nagarjuna Sagar,103.894,20.432
2017-12-08,Nagarjuna Sagar,128.672,24.569
2017-12-09,Nagarjuna Sagar,0.0,28.706
2017-12-10,Nagarjuna Sagar,24.749,32.843
2017-12-11,Nagarjuna Sagar,110.464,52.666
2017-12-12,Nagarjuna Sagar,119.78,72.49
2017-12-13,Nagarjuna Sagar,265.668,92.313
2017-12-14,Nagarjuna Sagar,192.356,90.688
2017-12-15,Nagarjuna Sagar,119.95,89.064
2017-12-16,Nagarjuna Sagar,62.07,87.439
2017-12-17,Nagarjuna Sagar,186.041,85.815
2017-12-18,Nagarjuna Sagar,34.518,84.19
2017-12-19,Nagarjuna Sagar,137.252,82.566
2017-12-20,Nagarjuna Sagar,57.568,80.941
2017-12-21,Nagarjuna Sagar,180.718,79.317
2017-12-22,Nagarjuna Sagar,212.291,77.692
2017-12-23,Nagarjuna Sagar,110.974,76.068
2017-12-24,Nagarjuna Sagar,246.3,74.443
2017-12-25,Nagarjuna Sagar,211.838,72.819
2017-12-26,Nagarjuna Sagar,125.981,71.194
2017-12-27,Nagarjuna Sagar,204.929,69.57
2017-12-28,Nagarjuna Sagar,67.536,67.945
2017-12-29,Nagarjuna Sagar,94.323,66.321
2017-12-30,Nagarjuna Sagar,76.767,64.696
2017-12-31,Nagarjuna Sagar,156.564,63.072
2018-01-01,Nagarjuna Sagar,143.764,61.448
2018-01-02,Nagarjuna Sagar,33.046,33.902
2018-01-03,Nagarjuna Sagar,70.197,23.661
2018-01-04,Nagarjuna Sagar,69.206,13.773
2018-01-05,Nagarjuna Sagar,0.0,4.591
2018-01-06,Nagarjuna Sagar,56.067,3.178
2018-01-07,Nagarjuna Sagar,157.3,2.119
2018-01-08,Nagarjuna Sagar,0.0,5.65
2018-01-09,Nagarjuna Sagar,29.987,45.203
2018-01-10,Nagarjuna Sagar,0.0,84.755
2018-01-11,Nagarjuna Sagar,84.016,124.308
2018-01-12,Nagarjuna Sagar,130.739,103.225
2018-01-13,Nagarjuna Sagar,203.031,82.142
2018-01-14,Nagarjuna Sagar,112.531,80.941
2018-01-15,Nagarjuna Sagar,48.054,79.741
2018-01-16,Nagarjuna Sagar,113.494,78.54
2018-01-17,Nagarjuna Sagar,72.123,77.339
2018-01-18,Nagarjuna Sagar,95.116,76.138
2018-01-19,Nagarjuna Sagar,240.693,74.938
2018-01-20,Nagarjuna Sagar,281.271,73.737
2018-01-21,Nagarjuna Sagar,328.362,72.536
2018-01-22,Nagarjuna Sagar,109.473,71.336
2018-01-23,Nagarjuna Sagar,331.222,70.135
2018-01-24,Nagarjuna Sagar,468.105,68.934
2018-01-25,Nagarjuna Sagar,556.284,67.734
2018-01-26,Nagarjuna Sagar,336.913,66.533
2018-01-27,Nagarjuna Sagar,322.019,65.332
2018-01-28,Nagarjuna Sagar,303.16,64.131
2018-01-29,Nagarjuna Sagar,286.878,62.931
2018-01-30,Nagarjuna Sagar,224.354,61.73
2018-01-31,Nagarjuna Sagar,176.838,60.529
2018-02-01,Nagarjuna Sagar,204.702,59.329
2018-02-02,Nagarjuna Sagar,121.422,30.724
2018-02-03,Nagarjuna Sagar,336.942,23.308
2018-02-04,Nagarjuna Sagar,530.657,12.713
2018-02-05,Nagarjuna Sagar,312.674,4.591
2018-02-06,Nagarjuna Sagar,315.081,3.355
2018-02-07,Nagarjuna Sagar,384.146,2.119
2018-02-08,Nagarjuna Sagar,852.874,6.357
2018-02-09,Nagarjuna Sagar,389.129,45.203
2018-02-10,Nagarjuna Sagar,588.225,84.049
2018-02-11,Nagarjuna Sagar,519.585,122.895
2018-02-12,Nagarjuna Sagar,216.737,82.636
2018-02-13,Nagarjuna Sagar,266.433,81.161
2018-02-14,Nagarjuna Sagar,316.978,79.687
2018-02-15,Nagarjuna Sagar,248.933,78.212
2018-02-16,Nagarjuna Sagar,49.498,76.737
2018-02-17,Nagarjuna Sagar,184.314,75.262
2018-02-18,Nagarjuna Sagar,235.596,73.787
2018-02-19,Nagarjuna Sagar,155.176,72.312
2018-02-20,Nagarjuna Sagar,207.279,70.837
2018-02-21,Nagarjuna Sagar,157.13,69.362
2018-02-22,Nagarjuna Sagar,88.292,67.887
2018-02-23,Nagarjuna Sagar,385.335,66.412
2018-02-24,Nagarjuna Sagar,421.581,64.937
2018-02-25,Nagarjuna Sagar,656.865,63.463
2018-02-26,Nagarjuna Sagar,527.089,61.988
2018-02-27,Nagarjuna Sagar,508.626,60.513
2018-02-28,Nagarjuna Sagar,388.422,59.038
2018-03-01,Nagarjuna Sagar,332.184,57.563
2018-03-02,Nagarjuna Sagar,98.089,31.43
2018-03-03,Nagarjuna Sagar,7.674,21.895
2018-03-04,Nagarjuna Sagar,118.336,11.654
2018-03-05,Nagarjuna Sagar,61.447,4.591
2018-03-06,Nagarjuna Sagar,248.225,3.178
2018-03-07,Nagarjuna Sagar,235.567,1.766
2018-03-08,Nagarjuna Sagar,518.622,7.063
2018-03-09,Nagarjuna Sagar,428.263,45.321
2018-03-10,Nagarjuna Sagar,567.695,83.578
2018-03-11,Nagarjuna Sagar,586.639,121.836
2018-03-12,Nagarjuna Sagar,555.123,99.164
2018-03-13,Nagarjuna Sagar,438.457,76.492
2018-03-14,Nagarjuna Sagar,618.326,72.466
2018-03-15,Nagarjuna Sagar,754.331,68.44
2018-03-16,Nagarjuna Sagar,856.017,64.414
2018-03-17,Nagarjuna Sagar,447.859,60.388
2018-03-18,Nagarjuna Sagar,289.511,56.362
2018-03-19,Nagarjuna Sagar,216.369,52.336
2018-03-20,Nagarjuna Sagar,385.108,48.31
2018-03-21,Nagarjuna Sagar,484.019,44.285
2018-03-22,Nagarjuna Sagar,224.807,40.259
2018-03-23,Nagarjuna Sagar,101.997,36.233
2018-03-24,Nagarjuna Sagar,75.351,32.207
2018-03-25,Nagarjuna Sagar,65.044,28.181
2018-03-26,Nagarjuna Sagar,18.632,24.155
2018-03-27,Nagarjuna Sagar,281.384,20.129
2018-03-28,Nagarjuna Sagar,329.947,16.103
2018-03-29,Nagarjuna Sagar,383.636,12.078
2018-03-30,Nagarjuna Sagar,129.719,8.052
2018-03-31,Nagarjuna Sagar,256.494,4.026
2018-04-01,Nagarjuna Sagar,141.924,17.904
2018-04-02,Nagarjuna Sagar,102.648,31.783
2018-04-03,Nagarjuna Sagar,125.387,21.189
2018-04-04,Nagarjuna Sagar,86.253,9.888
2018-04-05,Nagarjuna Sagar,40.295,4.591
2018-04-06,Nagarjuna Sagar,86.338,3.178
2018-04-07,Nagarjuna Sagar,103.271,1.766
2018-04-08,Nagarjuna Sagar,141.726,8.122
2018-04-09,Nagarjuna Sagar,22.908,45.438
2018-04-10,Nagarjuna Sagar,70.565,82.754
2018-04-11,Nagarjuna Sagar,83.846,120.07
2018-04-12,Nagarjuna Sagar,111.002,98.946
2018-04-13,Nagarjuna Sagar,0.0,77.822
2018-04-14,Nagarjuna Sagar,55.529,76.54
2018-04-15,Nagarjuna Sagar,63.288,75.257
2018-04-16,Nagarjuna Sagar,5.012,73.975
2018-04-17,Nagarjuna Sagar,6.654,72.692
2018-04-18,Nagarjuna Sagar,63.628,71.41
2018-04-19,Nagarjuna Sagar,56.039,70.127
2018-04-20,Nagarjuna Sagar,70.112,68.845
2018-04-21,Nagarjuna Sagar,19.397,67.563
2018-04-22,Nagarjuna Sagar,97.891,66.28
2018-04-23,Nagarjuna Sagar,39.021,64.998
2018-04-24,Nagarjuna Sagar,37.69,63.715
2018-04-25,Nagarjuna Sagar,39.021,62.433
2018-04-26,Nagarjuna Sagar,39.898,61.15
2018-04-27,Nagarjuna Sagar,40.125,59.868
2018-04-28,Nagarjuna Sagar,0.0,58.585
2018-04-29,Nagarjuna Sagar,0.0,57.303
2018-04-30,Nagarjuna Sagar,41.343,56.02
2018-05-01,Nagarjuna Sagar,0.0,54.738
2018-05-02,Nagarjuna Sagar,29.365,32.489
2018-05-03,Nagarjuna Sagar,0.0,20.129
2018-05-04,Nagarjuna Sagar,35.934,8.829
2018-05-05,Nagarjuna Sagar,70.197,4.591
2018-05-06,Nagarjuna Sagar,56.011,3.178
2018-05-07,Nagarjuna Sagar,31.63,1.766
2018-05-08,Nagarjuna Sagar,50.602,8.476
2018-05-09,Nagarjuna Sagar,92.001,45.085
2018-05-10,Nagarjuna Sagar,47.572,81.695
2018-05-11,Nagarjuna Sagar,48.818,118.304
2018-05-12,Nagarjuna Sagar,118.024,78.399
2018-05-13,Nagarjuna Sagar,0.0,77.145
2018-05-14,Nagarjuna Sagar,43.551,75.891
2018-05-15,Nagarjuna Sagar,0.0,74.638
2018-05-16,Nagarjuna Sagar,0.0,73.384
2018-05-17,Nagarjuna Sagar,29.818,72.13
2018-05-18,Nagarjuna Sagar,57.37,70.877
2018-05-19,Nagarjuna Sagar,14.215,69.623
2018-05-20,Nagarjuna Sagar,40.493,68.369
2018-05-21,Nagarjuna Sagar,57.596,67.116
2018-05-22,Nagarjuna Sagar,0.0,65.862
2018-05-23,Nagarjuna Sagar,48.45,64.608
2018-05-24,Nagarjuna Sagar,34.716,63.355
2018-05-25,Nagarjuna Sagar,31.97,62.101
2018-05-26,Nagarjuna Sagar,22.144,60.847
2018-05-27,Nagarjuna Sagar,61.249,59.594
2018-05-28,Nagarjuna Sagar,3.825,58.34
2018-05-29,Nagarjuna Sagar,58.418,57.086
2018-05-30,Nagarjuna Sagar,39.53,55.832
2018-05-31,Nagarjuna Sagar,46.893,54.579
2018-06-01,Nagarjuna Sagar,0.0,53.325
2018-06-02,Nagarjuna Sagar,25.967,30.017
2018-06-03,Nagarjuna Sagar,35.877,19.423
2018-06-04,Nagarjuna Sagar,39.898,7.769
2018-06-05,Nagarjuna Sagar,0.821,4.591
2018-06-06,Nagarjuna Sagar,17.16,2.825
2018-06-07,Nagarjuna Sagar,41.229,1.766
2018-06-08,Nagarjuna Sagar,37.916,9.182
2018-06-09,Nagarjuna Sagar,0.0,45.321
2018-06-10,Nagarjuna Sagar,38.567,81.459
2018-06-11,Nagarjuna Sagar,41.541,117.598
2018-06-12,Nagarjuna Sagar,14.498,78.399
2018-06-13,Nagarjuna Sagar,0.0,77.005
2018-06-14,Nagarjuna Sagar,64.817,75.611
2018-06-15,Nagarjuna Sagar,66.969,74.217
2018-06-16,Nagarjuna Sagar,10.222,72.823
2018-06-17,Nagarjuna Sagar,13.167,71.429
2018-06-18,Nagarjuna Sagar,13.139,70.035
2018-06-19,Nagarjuna Sagar,37.435,68.641
2018-06-20,Nagarjuna Sagar,5.55,67.247
2018-06-21,Nagarjuna Sagar,70.99,65.853
2018-06-22,Nagarjuna Sagar,28.487,64.459
2018-06-23,Nagarjuna Sagar,19.142,63.065
2018-06-24,Nagarjuna Sagar,19.029,61.671
2018-06-25,Nagarjuna Sagar,21.776,60.277
2018-06-26,Nagarjuna Sagar,0.0,58.883
2018-06-27,Nagarjuna Sagar,22.002,57.489
2018-06-28,Nagarjuna Sagar,14.272,56.095
2018-06-29,Nagarjuna Sagar,14.611,54.701
2018-06-30,Nagarjuna Sagar,0.0,53.307
2018-07-01,Nagarjuna Sagar,55.529,51.913
2018-07-02,Nagarjuna Sagar,84.214,29.311
2018-07-03,Nagarjuna Sagar,0.0,18.717
2018-07-04,Nagarjuna Sagar,52.046,7.063
2018-07-05,Nagarjuna Sagar,54.595,4.591
2018-07-06,Nagarjuna Sagar,0.0,3.178
2018-07-07,Nagarjuna Sagar,28.402,1.766
2018-07-08,Nagarjuna Sagar,8.863,10.241
2018-07-09,Nagarjuna Sagar,30.61,45.673
2018-07-10,Nagarjuna Sagar,18.349,81.106
2018-07-11,Nagarjuna Sagar,67.649,116.538
2018-07-12,Nagarjuna Sagar,44.118,78.045
2018-07-13,Nagarjuna Sagar,40.55,76.686
2018-07-14,Nagarjuna Sagar,54.566,75.326
2018-07-15,Nagarjuna Sagar,40.436,73.967
2018-07-16,Nagarjuna Sagar,65.412,72.607
2018-07-17,Nagarjuna Sagar,38.228,71.247
2018-07-18,Nagarjuna Sagar,0.0,69.888
2018-07-19,Nagarjuna Sagar,67.309,68.528
2018-07-20,Nagarjuna Sagar,52.273,67.168
2018-07-21,Nagarjuna Sagar,40.04,65.809
2018-07-22,Nagarjuna Sagar,45.165,64.449
2018-07-23,Nagarjuna Sagar,0.0,63.09
2018-07-24,Nagarjuna Sagar,94.946,61.73
2018-07-25,Nagarjuna Sagar,111.115,60.37
2018-07-26,Nagarjuna Sagar,50.234,59.011
2018-07-27,Nagarjuna Sagar,98.712,57.651
2018-07-28,Nagarjuna Sagar,183.21,56.292
2018-07-29,Nagarjuna Sagar,555.802,54.932
2018-07-30,Nagarjuna Sagar,313.863,53.572
2018-07-31,Nagarjuna Sagar,256.833,52.213
2018-08-01,Nagarjuna Sagar,151.41,50.853
2018-08-02,Nagarjuna Sagar,216.85,30.371
2018-08-03,Nagarjuna Sagar,278.213,18.717
2018-08-04,Nagarjuna Sagar,423.874,7.063
2018-08-05,Nagarjuna Sagar,241.741,4.591
2018-08-06,Nagarjuna Sagar,192.271,2.825
2018-08-07,Nagarjuna Sagar,434.776,1.766
2018-08-08,Nagarjuna Sagar,594.511,12.007
2018-08-09,Nagarjuna Sagar,743.203,46.38
2018-08-10,Nagarjuna Sagar,673.657,80.753
2018-08-11,Nagarjuna Sagar,1077.568,115.126
2018-08-12,Nagarjuna Sagar,698.462,77.339
2018-08-13,Nagarjuna Sagar,618.892,75.944
2018-08-14,Nagarjuna Sagar,925.591,74.549
2018-08-15,Nagarjuna Sagar,1068.195,73.154
2018-08-16,Nagarjuna Sagar,959.656,71.759
2018-08-17,Nagarjuna Sagar,1851.098,70.364
2018-08-18,Nagarjuna Sagar,1836.713,68.97
2018-08-19,Nagarjuna Sagar,4161.748,67.575
2018-08-20,Nagarjuna Sagar,5006.325,66.18
2018-08-21,Nagarjuna Sagar,4288.24,64.785
2018-08-22,Nagarjuna Sagar,2396.564,63.39
2018-08-23,Nagarjuna Sagar,3427.069,61.995
2018-08-24,Nagarjuna Sagar,5612.701,60.6
2018-08-25,Nagarjuna Sagar,4617.054,59.205
2018-08-26,Nagarjuna Sagar,3089.306,57.81
2018-08-27,Nagarjuna Sagar,1764.675,56.415
2018-08-28,Nagarjuna Sagar,1823.687,55.02
2018-08-29,Nagarjuna Sagar,2922.52,53.625
2018-08-30,Nagarjuna Sagar,0.0,52.23
2018-08-31,Nagarjuna Sagar,2077.66,50.835
2018-09-01,Nagarjuna Sagar,2588.892,49.441
2018-09-02,Nagarjuna Sagar,3465.552,30.371
2018-09-03,Nagarjuna Sagar,2964.656,18.717
2018-09-04,Nagarjuna Sagar,698.915,6.71
2018-09-05,Nagarjuna Sagar,1051.828,4.944
2018-09-06,Nagarjuna Sagar,20.841,2.825
2018-09-07,Nagarjuna Sagar,419.4,1.766
2018-09-08,Nagarjuna Sagar,734.056,13.773
2018-09-09,Nagarjuna Sagar,1253.67,47.204
2018-09-10,Nagarjuna Sagar,720.351,80.635
2018-09-11,Nagarjuna Sagar,621.157,114.066
2018-09-12,Nagarjuna Sagar,636.732,76.986
2018-09-13,Nagarjuna Sagar,563.363,75.462
2018-09-14,Nagarjuna Sagar,0.0,73.938
2018-09-15,Nagarjuna Sagar,0.0,72.414
2018-09-16,Nagarjuna Sagar,363.361,70.89
2018-09-17,Nagarjuna Sagar,208.666,69.365
2018-09-18,Nagarjuna Sagar,0.0,67.841
2018-09-19,Nagarjuna Sagar,60.032,66.317
2018-09-20,Nagarjuna Sagar,271.841,64.793
2018-09-21,Nagarjuna Sagar,321.028,63.269
2018-09-22,Nagarjuna Sagar,64.279,61.745
2018-09-23,Nagarjuna Sagar,419.315,60.221
2018-09-24,Nagarjuna Sagar,261.676,58.697
2018-09-25,Nagarjuna Sagar,500.783,57.173
2018-09-26,Nagarjuna Sagar,324.086,55.648
2018-09-27,Nagarjuna Sagar,351.61,54.124
2018-09-28,Nagarjuna Sagar,394.623,52.6
2018-09-29,Nagarjuna Sagar,380.748,51.076
2018-09-30,Nagarjuna Sagar,473.74,49.552
2018-10-01,Nagarjuna Sagar,603.573,48.028
2018-10-02,Nagarjuna Sagar,903.448,30.724
2018-10-03,Nagarjuna Sagar,170.75,18.717
2018-10-04,Nagarjuna Sagar,682.803,6.357
2018-10-05,Nagarjuna Sagar,373.499,4.944
2018-10-06,Nagarjuna Sagar,339.037,2.825
2018-10-07,Nagarjuna Sagar,378.681,1.766
2018-10-08,Nagarjuna Sagar,355.914,14.832
2018-10-09,Nagarjuna Sagar,562.768,48.616
2018-10-10,Nagarjuna Sagar,965.575,82.401
2018-10-11,Nagarjuna Sagar,613.455,116.185
2018-10-12,Nagarjuna Sagar,339.688,76.986
2018-10-13,Nagarjuna Sagar,937.456,75.467
2018-10-14,Nagarjuna Sagar,1120.326,73.949
2018-10-15,Nagarjuna Sagar,944.45,72.43
2018-10-16,Nagarjuna Sagar,445.848,70.912
2018-10-17,Nagarjuna Sagar,582.618,69.393
2018-10-18,Nagarjuna Sagar,189.298,67.875
2018-10-19,Nagarjuna Sagar,0.0,66.356
2018-10-20,Nagarjuna Sagar,106.698,64.838
2018-10-21,Nagarjuna Sagar,122.527,63.319
2018-10-22,Nagarjuna Sagar,14.073,61.801
2018-10-23,Nagarjuna Sagar,247.064,60.282
2018-10-24,Nagarjuna Sagar,434.918,58.764
2018-10-25,Nagarjuna Sagar,348.948,57.245
2018-10-26,Nagarjuna Sagar,373.527,55.727
2018-10-27,Nagarjuna Sagar,144.331,54.208
2018-10-28,Nagarjuna Sagar,178.736,52.689
2018-10-29,Nagarjuna Sagar,222.768,51.171
2018-10-30,Nagarjuna Sagar,372.876,49.652
2018-10-31,Nagarjuna Sagar,360.218,48.134
2018-11-01,Nagarjuna Sagar,174.913,46.615
2018-11-02,Nagarjuna Sagar,356.537,31.43
2018-11-03,Nagarjuna Sagar,129.125,19.07
2018-11-04,Nagarjuna Sagar,56.039,6.003
2018-11-05,Nagarjuna Sagar,181.284,4.944
2018-11-06,Nagarjuna Sagar,161.094,2.825
2018-11-07,Nagarjuna Sagar,141.074,1.766
2018-11-08,Nagarjuna Sagar,53.462,16.598
2018-11-09,Nagarjuna Sagar,82.204,49.912
2018-11-10,Nagarjuna Sagar,82.09,83.225
2018-11-11,Nagarjuna Sagar,46.015,116.539
2018-11-12,Nagarjuna Sagar,77.56,76.986
2018-11-13,Nagarjuna Sagar,166.05,75.332
2018-11-14,Nagarjuna Sagar,101.94,73.678
2018-11-15,Nagarjuna Sagar,29.733,72.023
2018-11-16,Nagarjuna Sagar,244.657,70.369
2018-11-17,Nagarjuna Sagar,132.155,68.715
2018-11-18,Nagarjuna Sagar,55.756,67.061
2018-11-19,Nagarjuna Sagar,84.78,65.406
2018-11-20,Nagarjuna Sagar,79.712,63.752
2018-11-21,Nagarjuna Sagar,174.375,62.098
2018-11-22,Nagarjuna Sagar,0.0,60.444
2018-11-23,Nagarjuna Sagar,68.159,58.79
2018-11-24,Nagarjuna Sagar,101.487,57.135
2018-11-25,Nagarjuna Sagar,170.382,55.481
2018-11-26,Nagarjuna Sagar,87.046,53.827
2018-11-27,Nagarjuna Sagar,21.068,52.173
2018-11-28,Nagarjuna Sagar,105.254,50.519
2018-11-29,Nagarjuna Sagar,129.238,48.864
2018-11-30,Nagarjuna Sagar,146.341,47.21
2018-12-01,Nagarjuna Sagar,155.856,45.556
2018-12-02,Nagarjuna Sagar,145.18,30.724
2018-12-03,Nagarjuna Sagar,0.0,19.423
2018-12-04,Nagarjuna Sagar,138.271,12.183
2018-12-05,Nagarjuna Sagar,157.215,4.944
2018-12-06,Nagarjuna Sagar,355.772,2.825
2018-12-07,Nagarjuna Sagar,134.788,1.766
2018-12-08,Nagarjuna Sagar,0.0,18.01
2018-12-09,Nagarjuna Sagar,143.538,50.618
2018-12-10,Nagarjuna Sagar,102.422,83.225
2018-12-11,Nagarjuna Sagar,73.199,115.833
2018-12-12,Nagarjuna Sagar,0.0,75.927
2018-12-13,Nagarjuna Sagar,294.863,75.591
2018-12-14,Nagarjuna Sagar,334.025,75.256
2018-12-15,Nagarjuna Sagar,108.878,74.92
2018-12-16,Nagarjuna Sagar,0.0,74.585
2018-12-17,Nagarjuna Sagar,35.113,74.249
2018-12-18,Nagarjuna Sagar,34.065,73.914
2018-12-19,Nagarjuna Sagar,49.101,73.578
2018-12-20,Nagarjuna Sagar,391.338,73.243
2018-12-21,Nagarjuna Sagar,216.34,72.907
2018-12-22,Nagarjuna Sagar,267.82,72.572
2018-12-23,Nagarjuna Sagar,391.565,72.236
2018-12-24,Nagarjuna Sagar,232.906,71.901
2018-12-25,Nagarjuna Sagar,257.4,71.565
2018-12-26,Nagarjuna Sagar,188.873,71.23
2018-12-27,Nagarjuna Sagar,528.618,70.894
2018-12-28,Nagarjuna Sagar,0.0,70.559
2018-12-29,Nagarjuna Sagar,174.686,70.223
2018-12-30,Nagarjuna Sagar,261.109,69.888
2018-12-31,Nagarjuna Sagar,332.977,69.552
2019-01-01,Nagarjuna Sagar,328.843,69.217
2019-01-02,Nagarjuna Sagar,115.872,46.969
2019-01-03,Nagarjuna Sagar,186.834,31.783
2019-01-04,Nagarjuna Sagar,388.478,8.829
2019-01-05,Nagarjuna Sagar,162.453,2.119
2019-01-06,Nagarjuna Sagar,214.67,37.504
2019-01-07,Nagarjuna Sagar,90.444,72.889
2019-01-08,Nagarjuna Sagar,345.238,108.275
2019-01-09,Nagarjuna Sagar,111.965,143.66
2019-01-10,Nagarjuna Sagar,125.528,179.045
2019-01-11,Nagarjuna Sagar,164.634,180.458
2019-01-12,Nagarjuna Sagar,164.521,162.801
2019-01-13,Nagarjuna Sagar,231.83,158.051
2019-01-14,Nagarjuna Sagar,10.506,153.301
2019-01-15,Nagarjuna Sagar,175.366,148.551
2019-01-16,Nagarjuna Sagar,136.742,143.801
2019-01-17,Nagarjuna Sagar,45.958,139.052
2019-01-18,Nagarjuna Sagar,42.192,134.302
2019-01-19,Nagarjuna Sagar,131.192,129.552
2019-01-20,Nagarjuna Sagar,50.687,124.802
2019-01-21,Nagarjuna Sagar,87.64,120.052
2019-01-22,Nagarjuna Sagar,26.221,115.302
2019-01-23,Nagarjuna Sagar,149.711,110.553
2019-01-24,Nagarjuna Sagar,140.763,105.803
2019-01-25,Nagarjuna Sagar,27.524,101.053
2019-01-26,Nagarjuna Sagar,97.41,96.303
2019-01-27,Nagarjuna Sagar,39.955,91.553
2019-01-28,Nagarjuna Sagar,115.391,86.803
2019-01-29,Nagarjuna Sagar,85.97,82.054
2019-01-30,Nagarjuna Sagar,195.499,77.304
2019-01-31,Nagarjuna Sagar,54.85,72.554
2019-02-01,Nagarjuna Sagar,60.428,67.804
2019-02-02,Nagarjuna Sagar,42.39,46.262
2019-02-03,Nagarjuna Sagar,42.588,31.43
2019-02-04,Nagarjuna Sagar,73.822,8.829
2019-02-05,Nagarjuna Sagar,13.224,2.119
2019-02-06,Nagarjuna Sagar,67.252,37.716
2019-02-07,Nagarjuna Sagar,43.948,73.313
2019-02-08,Nagarjuna Sagar,74.048,108.911
2019-02-09,Nagarjuna Sagar,54.283,144.508
2019-02-10,Nagarjuna Sagar,0.0,180.105
2019-02-11,Nagarjuna Sagar,80.929,179.752
2019-02-12,Nagarjuna Sagar,62.24,164.213
2019-02-13,Nagarjuna Sagar,123.32,158.501
2019-02-14,Nagarjuna Sagar,71.217,152.788
2019-02-15,Nagarjuna Sagar,1.501,147.075
2019-02-16,Nagarjuna Sagar,0.198,141.363
2019-02-17,Nagarjuna Sagar,94.918,135.65
2019-02-18,Nagarjuna Sagar,65.78,129.937
2019-02-19,Nagarjuna Sagar,46.44,124.225
2019-02-20,Nagarjuna Sagar,0.0,118.512
2019-02-21,Nagarjuna Sagar,116.325,112.799
2019-02-22,Nagarjuna Sagar,62.722,107.087
2019-02-23,Nagarjuna Sagar,10.817,101.374
2019-02-24,Nagarjuna Sagar,47.119,95.661
2019-02-25,Nagarjuna Sagar,0.0,89.949
2019-02-26,Nagarjuna Sagar,103.838,84.236
2019-02-27,Nagarjuna Sagar,62.184,78.523
2019-02-28,Nagarjuna Sagar,28.147,72.811
2019-03-01,Nagarjuna Sagar,33.81,67.098
2019-03-02,Nagarjuna Sagar,0.0,45.909
2019-03-03,Nagarjuna Sagar,3.794,30.724
2019-03-04,Nagarjuna Sagar,40.012,8.829
2019-03-05,Nagarjuna Sagar,122.102,2.119
2019-03-06,Nagarjuna Sagar,100.949,37.787
2019-03-07,Nagarjuna Sagar,49.894,73.455
2019-03-08,Nagarjuna Sagar,43.353,109.122
2019-03-09,Nagarjuna Sagar,16.537,144.79
2019-03-10,Nagarjuna Sagar,115.901,180.458
2019-03-11,Nagarjuna Sagar,68.697,179.752
2019-03-12,Nagarjuna Sagar,32.451,164.919
2019-03-13,Nagarjuna Sagar,56.69,159.993
2019-03-14,Nagarjuna Sagar,22.257,155.067
2019-03-15,Nagarjuna Sagar,43.438,150.14
2019-03-16,Nagarjuna Sagar,87.499,145.214
2019-03-17,Nagarjuna Sagar,0.0,140.288
2019-03-18,Nagarjuna Sagar,2.152,135.361
2019-03-19,Nagarjuna Sagar,0.0,130.435
2019-03-20,Nagarjuna Sagar,36.727,125.508
2019-03-21,Nagarjuna Sagar,0.0,120.582
2019-03-22,Nagarjuna Sagar,0.0,115.656
2019-03-23,Nagarjuna Sagar,13.054,110.729
2019-03-24,Nagarjuna Sagar,33.499,105.803
2019-03-25,Nagarjuna Sagar,0.0,100.876
2019-03-26,Nagarjuna Sagar,30.837,95.95
2019-03-27,Nagarjuna Sagar,0.368,91.024
2019-03-28,Nagarjuna Sagar,20.331,86.097
2019-03-29,Nagarjuna Sagar,0.0,81.171
2019-03-30,Nagarjuna Sagar,20.19,76.244
2019-03-31,Nagarjuna Sagar,14.442,71.318
2019-04-01,Nagarjuna Sagar,0.0,66.392
2019-04-02,Nagarjuna Sagar,81.354,45.556
2019-04-03,Nagarjuna Sagar,126.633,30.371
2019-04-04,Nagarjuna Sagar,52.471,8.476
2019-04-05,Nagarjuna Sagar,33.442,2.119
2019-04-06,Nagarjuna Sagar,101.516,37.504
2019-04-07,Nagarjuna Sagar,32.508,72.889
2019-04-08,Nagarjuna Sagar,42.079,108.275
2019-04-09,Nagarjuna Sagar,241.287,143.66
2019-04-10,Nagarjuna Sagar,453.607,179.045
2019-04-11,Nagarjuna Sagar,460.998,180.458
2019-04-12,Nagarjuna Sagar,0.0,160.329
2019-04-13,Nagarjuna Sagar,424.695,155.31
2019-04-14,Nagarjuna Sagar,491.919,150.292
2019-04-15,Nagarjuna Sagar,439.845,145.273
2019-04-16,Nagarjuna Sagar,92.907,140.255
2019-04-17,Nagarjuna Sagar,35.283,135.237
2019-04-18,Nagarjuna Sagar,100.978,130.218
2019-04-19,Nagarjuna Sagar,79.967,125.2
2019-04-20,Nagarjuna Sagar,50.517,120.181
2019-04-21,Nagarjuna Sagar,30.356,115.163
2019-04-22,Nagarjuna Sagar,67.026,110.145
2019-04-23,Nagarjuna Sagar,79.061,105.126
2019-04-24,Nagarjuna Sagar,62.948,100.108
2019-04-25,Nagarjuna Sagar,56.973,95.089
2019-04-26,Nagarjuna Sagar,30.186,90.071
2019-04-27,Nagarjuna Sagar,87.782,85.053
2019-04-28,Nagarjuna Sagar,27.779,80.034
2019-04-29,Nagarjuna Sagar,70.764,75.016
2019-04-30,Nagarjuna Sagar,81.836,69.997
2019-05-01,Nagarjuna Sagar,0.0,64.979
2019-05-02,Nagarjuna Sagar,32.026,44.496
2019-05-03,Nagarjuna Sagar,30.695,30.017
2019-05-04,Nagarjuna Sagar,30.695,8.122
2019-05-05,Nagarjuna Sagar,0.0,2.119
2019-05-06,Nagarjuna Sagar,30.299,37.434
2019-05-07,Nagarjuna Sagar,28.43,72.748
2019-05-08,Nagarjuna Sagar,0.0,108.063
2019-05-09,Nagarjuna Sagar,46.1,143.377
2019-05-10,Nagarjuna Sagar,0.0,178.692
2019-05-11,Nagarjuna Sagar,46.525,179.399
2019-05-12,Nagarjuna Sagar,46.525,159.622
2019-05-13,Nagarjuna Sagar,45.647,154.855
2019-05-14,Nagarjuna Sagar,45.647,150.087
2019-05-15,Nagarjuna Sagar,44.769,145.32
2019-05-16,Nagarjuna Sagar,0.0,140.552
2019-05-17,Nagarjuna Sagar,34.348,135.785
2019-05-18,Nagarjuna Sagar,0.0,131.017
2019-05-19,Nagarjuna Sagar,32.026,126.25
2019-05-20,Nagarjuna Sagar,34.235,121.482
2019-05-21,Nagarjuna Sagar,0.0,116.715
2019-05-22,Nagarjuna Sagar,33.357,111.947
2019-05-23,Nagarjuna Sagar,33.782,107.18
2019-05-24,Nagarjuna Sagar,0.0,102.413
2019-05-25,Nagarjuna Sagar,5.21,97.645
2019-05-26,Nagarjuna Sagar,2.095,92.878
2019-05-27,Nagarjuna Sagar,5.692,88.11
2019-05-28,Nagarjuna Sagar,3.285,83.343
2019-05-29,Nagarjuna Sagar,0.0,78.575
2019-05-30,Nagarjuna Sagar,0.0,73.808
2019-05-31,Nagarjuna Sagar,65.667,69.04
2019-06-01,Nagarjuna Sagar,0.0,64.273
2019-06-02,Nagarjuna Sagar,6.258,43.79
2019-06-03,Nagarjuna Sagar,3.879,30.017
2019-06-04,Nagarjuna Sagar,0.0,7.416
2019-06-05,Nagarjuna Sagar,0.0,2.119
2019-06-06,Nagarjuna Sagar,0.0,37.504
2019-06-07,Nagarjuna Sagar,32.989,72.889
2019-06-08,Nagarjuna Sagar,35.538,108.275
2019-06-09,Nagarjuna Sagar,37.945,143.66
2019-06-10,Nagarjuna Sagar,0.0,179.045
2019-06-11,Nagarjuna Sagar,40.55,179.752
2019-06-12,Nagarjuna Sagar,0.0,158.21
2019-06-13,Nagarjuna Sagar,40.436,153.191
2019-06-14,Nagarjuna Sagar,0.0,148.173
2019-06-15,Nagarjuna Sagar,39.615,143.155
2019-06-16,Nagarjuna Sagar,0.0,138.136
2019-06-17,Nagarjuna Sagar,0.0,133.118
2019-06-18,Nagarjuna Sagar,15.716,128.099
2019-06-19,Nagarjuna Sagar,0.0,123.081
2019-06-20,Nagarjuna Sagar,35.453,118.063
2019-06-21,Nagarjuna Sagar,0.0,113.044
2019-06-22,Nagarjuna Sagar,37.095,108.026
2019-06-23,Nagarjuna Sagar,33.782,103.007
2019-06-24,Nagarjuna Sagar,0.0,97.989
2019-06-25,Nagarjuna Sagar,34.603,92.971
2019-06-26,Nagarjuna Sagar,35.453,87.952
2019-06-27,Nagarjuna Sagar,0.0,82.934
2019-06-28,Nagarjuna Sagar,26.363,77.915
2019-06-29,Nagarjuna Sagar,25.372,72.897
2019-06-30,Nagarjuna Sagar,0.0,67.879
2019-07-01,Nagarjuna Sagar,23.645,62.86
2019-07-02,Nagarjuna Sagar,22.455,43.084
2019-07-03,Nagarjuna Sagar,0.0,29.311
2019-07-04,Nagarjuna Sagar,19.935,6.71
2019-07-05,Nagarjuna Sagar,18.916,2.119
2019-07-06,Nagarjuna Sagar,0.0,1.884
2019-07-07,Nagarjuna Sagar,18.293,1.648
2019-07-08,Nagarjuna Sagar,0.0,1.413
2019-07-09,Nagarjuna Sagar,30.242,40.524
2019-07-10,Nagarjuna Sagar,0.0,79.635
2019-07-11,Nagarjuna Sagar,31.262,118.746
2019-07-12,Nagarjuna Sagar,0.0,157.857
2019-07-13,Nagarjuna Sagar,32.536,153.054
2019-07-14,Nagarjuna Sagar,0.0,148.251
2019-07-15,Nagarjuna Sagar,33.357,143.448
2019-07-16,Nagarjuna Sagar,0.0,138.645
2019-07-17,Nagarjuna Sagar,27.949,133.843
2019-07-18,Nagarjuna Sagar,0.0,129.04
2019-07-19,Nagarjuna Sagar,33.357,124.237
2019-07-20,Nagarjuna Sagar,72.689,119.434
2019-07-21,Nagarjuna Sagar,18.208,114.631
2019-07-22,Nagarjuna Sagar,20.36,109.829
2019-07-23,Nagarjuna Sagar,75.379,105.026
2019-07-24,Nagarjuna Sagar,19.935,100.223
2019-07-25,Nagarjuna Sagar,21.209,95.42
2019-07-26,Nagarjuna Sagar,21.209,90.617
2019-07-27,Nagarjuna Sagar,19.935,85.815
2019-07-28,Nagarjuna Sagar,17.868,81.012
2019-07-29,Nagarjuna Sagar,17.868,76.209
2019-07-30,Nagarjuna Sagar,0.0,71.406
2019-07-31,Nagarjuna Sagar,27.099,66.603
2019-08-01,Nagarjuna Sagar,0.0,61.801
2019-08-02,Nagarjuna Sagar,23.701,42.731
2019-08-03,Nagarjuna Sagar,25.4,28.252
2019-08-04,Nagarjuna Sagar,0.0,6.003
2019-08-05,Nagarjuna Sagar,25.853,1.766
2019-08-06,Nagarjuna Sagar,613.653,3.178
2019-08-07,Nagarjuna Sagar,1573.112,4.591
2019-08-08,Nagarjuna Sagar,1722.539,6.003
2019-08-09,Nagarjuna Sagar,1816.126,43.878
2019-08-10,Nagarjuna Sagar,2899.555,81.753
2019-08-11,Nagarjuna Sagar,8341.648,119.628
2019-08-12,Nagarjuna Sagar,17267.358,157.503
2019-08-13,Nagarjuna Sagar,21536.286,152.665
2019-08-14,Nagarjuna Sagar,22720.522,147.827
2019-08-15,Nagarjuna Sagar,20831.084,142.989
2019-08-16,Nagarjuna Sagar,21640.746,138.151
2019-08-17,Nagarjuna Sagar,20259.566,133.313
2019-08-18,Nagarjuna Sagar,17574.595,128.475
2019-08-19,Nagarjuna Sagar,12612.274,123.637
2019-08-20,Nagarjuna Sagar,5120.272,118.799
2019-08-21,Nagarjuna Sagar,2014.401,113.96
2019-08-22,Nagarjuna Sagar,2414.036,109.122
2019-08-23,Nagarjuna Sagar,1900.454,104.284
2019-08-24,Nagarjuna Sagar,1535.252,99.446
2019-08-25,Nagarjuna Sagar,694.951,94.608
2019-08-26,Nagarjuna Sagar,6.541,89.77
2019-08-27,Nagarjuna Sagar,383.919,84.932
2019-08-28,Nagarjuna Sagar,571.376,80.094
2019-08-29,Nagarjuna Sagar,452.899,75.256
2019-08-30,Nagarjuna Sagar,459.638,70.417
2019-08-31,Nagarjuna Sagar,65.525,65.579
2019-09-01,Nagarjuna Sagar,427.782,60.741
2019-09-02,Nagarjuna Sagar,384.939,42.024
2019-09-03,Nagarjuna Sagar,0.0,27.192
2019-09-04,Nagarjuna Sagar,0.0,6.003
2019-09-05,Nagarjuna Sagar,178.934,1.766
2019-09-06,Nagarjuna Sagar,847.522,4.709
2019-09-07,Nagarjuna Sagar,1308.746,7.651
2019-09-08,Nagarjuna Sagar,2527.388,10.594
2019-09-09,Nagarjuna Sagar,1963.883,47.145
2019-09-10,Nagarjuna Sagar,3539.628,83.696
2019-09-11,Nagarjuna Sagar,9445.437,120.246
2019-09-12,Nagarjuna Sagar,7956.596,156.797
2019-09-13,Nagarjuna Sagar,3854.143,151.686
2019-09-14,Nagarjuna Sagar,7324.99,146.574
2019-09-15,Nagarjuna Sagar,6152.165,141.463
2019-09-16,Nagarjuna Sagar,3470.988,136.352
2019-09-17,Nagarjuna Sagar,1782.712,131.24
2019-09-18,Nagarjuna Sagar,1389.42,126.129
2019-09-19,Nagarjuna Sagar,2115.69,121.018
2019-09-20,Nagarjuna Sagar,3844.657,115.906
2019-09-21,Nagarjuna Sagar,4132.271,110.795
2019-09-22,Nagarjuna Sagar,3177.853,105.684
2019-09-23,Nagarjuna Sagar,1986.678,100.572
2019-09-24,Nagarjuna Sagar,2050.193,95.461
2019-09-25,Nagarjuna Sagar,2067.466,90.35
2019-09-26,Nagarjuna Sagar,2018.082,85.238
2019-09-27,Nagarjuna Sagar,5344.853,80.127
2019-09-28,Nagarjuna Sagar,6672.627,75.016
2019-09-29,Nagarjuna Sagar,5879.021,69.904
2019-09-30,Nagarjuna Sagar,2583.285,64.793
2019-10-01,Nagarjuna Sagar,2861.016,59.682
2019-10-02,Nagarjuna Sagar,2417.632,41.318
2019-10-03,Nagarjuna Sagar,2018.308,26.486
2019-10-04,Nagarjuna Sagar,1153.287,6.71
2019-10-05,Nagarjuna Sagar,455.872,1.766
2019-10-06,Nagarjuna Sagar,514.46,7.769
2019-10-07,Nagarjuna Sagar,243.213,13.773
2019-10-08,Nagarjuna Sagar,685.38,19.776
2019-10-09,Nagarjuna Sagar,1775.492,53.943
2019-10-10,Nagarjuna Sagar,2420.747,88.11
2019-10-11,Nagarjuna Sagar,2234.139,122.277
2019-10-12,Nagarjuna Sagar,1982.686,156.444
2019-10-13,Nagarjuna Sagar,1927.468,151.571
2019-10-14,Nagarjuna Sagar,4102.51,146.697
2019-10-15,Nagarjuna Sagar,2517.986,141.824
2019-10-16,Nagarjuna Sagar,1929.224,136.95
2019-10-17,Nagarjuna Sagar,1982.601,132.077
2019-10-18,Nagarjuna Sagar,1926.76,127.203
2019-10-19,Nagarjuna Sagar,715.594,122.33
2019-10-20,Nagarjuna Sagar,94.012,117.457
2019-10-21,Nagarjuna Sagar,224.014,112.583
2019-10-22,Nagarjuna Sagar,1834.985,107.71
2019-10-23,Nagarjuna Sagar,2819.475,102.836
2019-10-24,Nagarjuna Sagar,10484.692,97.963
2019-10-25,Nagarjuna Sagar,15759.432,93.089
2019-10-26,Nagarjuna Sagar,13070.242,88.216
2019-10-27,Nagarjuna Sagar,5690.487,83.343
2019-10-28,Nagarjuna Sagar,4870.886,78.469
2019-10-29,Nagarjuna Sagar,3510.037,73.596
2019-10-30,Nagarjuna Sagar,4162.4,68.722
2019-10-31,Nagarjuna Sagar,4166.76,63.849
2019-11-01,Nagarjuna Sagar,2084.088,58.975
2019-11-02,Nagarjuna Sagar,2225.162,40.612
2019-11-03,Nagarjuna Sagar,2080.237,25.427
2019-11-04,Nagarjuna Sagar,2131.151,13.596
2019-11-05,Nagarjuna Sagar,1981.751,1.766
2019-11-06,Nagarjuna Sagar,1541.198,16.127
2019-11-07,Nagarjuna Sagar,1051.205,30.489
2019-11-08,Nagarjuna Sagar,403.146,44.85
2019-11-09,Nagarjuna Sagar,1363.199,72.484
2019-11-10,Nagarjuna Sagar,1759.719,100.118
2019-11-11,Nagarjuna Sagar,1360.905,127.751
2019-11-12,Nagarjuna Sagar,873.658,155.385
2019-11-13,Nagarjuna Sagar,428.008,150.292
2019-11-14,Nagarjuna Sagar,398.247,145.199
2019-11-15,Nagarjuna Sagar,703.333,140.106
2019-11-16,Nagarjuna Sagar,428.433,135.014
2019-11-17,Nagarjuna Sagar,486.143,129.921
2019-11-18,Nagarjuna Sagar,541.276,124.828
2019-11-19,Nagarjuna Sagar,468.898,119.735
2019-11-20,Nagarjuna Sagar,370.639,114.643
2019-11-21,Nagarjuna Sagar,509.419,109.55
2019-11-22,Nagarjuna Sagar,187.627,104.457
2019-11-23,Nagarjuna Sagar,199.747,99.364
2019-11-24,Nagarjuna Sagar,314.883,94.272
2019-11-25,Nagarjuna Sagar,539.52,89.179
2019-11-26,Nagarjuna Sagar,0.0,84.086
2019-11-27,Nagarjuna Sagar,0.0,78.993
2019-11-28,Nagarjuna Sagar,11.468,73.901
2019-11-29,Nagarjuna Sagar,196.32,68.808
2019-11-30,Nagarjuna Sagar,157.526,63.715
2019-12-01,Nagarjuna Sagar,169.872,58.622
2019-12-02,Nagarjuna Sagar,0.0,39.906
2019-12-03,Nagarjuna Sagar,190.544,24.367
2019-12-04,Nagarjuna Sagar,288.548,7.769
2019-12-05,Nagarjuna Sagar,152.826,1.766
2019-12-06,Nagarjuna Sagar,9.514,33.549
2019-12-07,Nagarjuna Sagar,166.474,65.332
2019-12-08,Nagarjuna Sagar,284.357,97.115
2019-12-09,Nagarjuna Sagar,13.479,123.837
2019-12-10,Nagarjuna Sagar,203.485,150.558
2019-12-11,Nagarjuna Sagar,126.944,177.28
2019-12-12,Nagarjuna Sagar,167.834,154.325
2019-12-13,Nagarjuna Sagar,103.215,146.609
2019-12-14,Nagarjuna Sagar,125.16,138.893
2019-12-15,Nagarjuna Sagar,179.755,131.176
2019-12-16,Nagarjuna Sagar,0.0,123.46
2019-12-17,Nagarjuna Sagar,458.166,115.744
2019-12-18,Nagarjuna Sagar,190.714,108.028
2019-12-19,Nagarjuna Sagar,280.223,100.311
2019-12-20,Nagarjuna Sagar,95.399,92.595
2019-12-21,Nagarjuna Sagar,328.616,84.879
2019-12-22,Nagarjuna Sagar,316.157,77.163
2019-12-23,Nagarjuna Sagar,145.322,69.446
2019-12-24,Nagarjuna Sagar,365.258,61.73
2019-12-25,Nagarjuna Sagar,254.738,54.014
2019-12-26,Nagarjuna Sagar,280.789,46.298
2019-12-27,Nagarjuna Sagar,193.687,38.581
2019-12-28,Nagarjuna Sagar,392.386,30.865
2019-12-29,Nagarjuna Sagar,201.247,23.149
2019-12-30,Nagarjuna Sagar,203.541,15.433
2019-12-31,Nagarjuna Sagar,292.824,7.716
2020-01-01,Nagarjuna Sagar,431.237,46.942
2020-01-02,Nagarjuna Sagar,173.865,86.168
2020-01-03,Nagarjuna Sagar,586.639,83.696
2020-01-04,Nagarjuna Sagar,314.854,70.982
2020-01-05,Nagarjuna Sagar,337.423,61.801
2020-01-06,Nagarjuna Sagar,548.213,39.199
2020-01-07,Nagarjuna Sagar,699.085,37.434
2020-01-08,Nagarjuna Sagar,494.638,75.22
2020-01-09,Nagarjuna Sagar,408.781,110.064
2020-01-10,Nagarjuna Sagar,284.98,144.908
2020-01-11,Nagarjuna Sagar,193.97,179.752
2020-01-12,Nagarjuna Sagar,308.115,179.045
2020-01-13,Nagarjuna Sagar,175.876,170.093
2020-01-14,Nagarjuna Sagar,0.0,161.141
2020-01-15,Nagarjuna Sagar,197.453,152.189
2020-01-16,Nagarjuna Sagar,253.464,143.236
2020-01-17,Nagarjuna Sagar,181.256,134.284
2020-01-18,Nagarjuna Sagar,258.985,125.332
2020-01-19,Nagarjuna Sagar,365.598,116.379
2020-01-20,Nagarjuna Sagar,260.175,107.427
2020-01-21,Nagarjuna Sagar,287.104,98.475
2020-01-22,Nagarjuna Sagar,177.235,89.523
2020-01-23,Nagarjuna Sagar,274.701,80.57
2020-01-24,Nagarjuna Sagar,284.386,71.618
2020-01-25,Nagarjuna Sagar,222.683,62.666
2020-01-26,Nagarjuna Sagar,416.908,53.714
2020-01-27,Nagarjuna Sagar,255.616,44.761
2020-01-28,Nagarjuna Sagar,265.328,35.809
2020-01-29,Nagarjuna Sagar,374.461,26.857
2020-01-30,Nagarjuna Sagar,421.156,17.905
2020-01-31,Nagarjuna Sagar,603.091,8.952
2020-02-01,Nagarjuna Sagar,369.648,47.03
2020-02-02,Nagarjuna Sagar,230.725,85.108
2020-02-03,Nagarjuna Sagar,83.903,82.989
2020-02-04,Nagarjuna Sagar,617.533,70.629
2020-02-05,Nagarjuna Sagar,202.578,61.801
2020-02-06,Nagarjuna Sagar,285.603,39.199
2020-02-07,Nagarjuna Sagar,245.592,37.434
2020-02-08,Nagarjuna Sagar,637.609,78.045
2020-02-09,Nagarjuna Sagar,640.299,111.712
2020-02-10,Nagarjuna Sagar,185.588,145.378
2020-02-11,Nagarjuna Sagar,219.54,179.045
2020-02-12,Nagarjuna Sagar,185.617,178.692
2020-02-13,Nagarjuna Sagar,390.942,175.494
2020-02-14,Nagarjuna Sagar,157.951,172.296
2020-02-15,Nagarjuna Sagar,292.852,169.098
2020-02-16,Nagarjuna Sagar,241.174,165.9
2020-02-17,Nagarjuna Sagar,106.443,162.703
2020-02-18,Nagarjuna Sagar,442.875,159.505
2020-02-19,Nagarjuna Sagar,276.882,156.307
2020-02-20,Nagarjuna Sagar,884.673,153.109
2020-02-21,Nagarjuna Sagar,708.288,149.911
2020-02-22,Nagarjuna Sagar,514.431,146.713
2020-02-23,Nagarjuna Sagar,641.63,143.515
2020-02-24,Nagarjuna Sagar,987.322,140.317
2020-02-25,Nagarjuna Sagar,1429.828,137.119
2020-02-26,Nagarjuna Sagar,1294.984,133.921
2020-02-27,Nagarjuna Sagar,939.495,130.723
2020-02-28,Nagarjuna Sagar,1107.498,127.525
2020-02-29,Nagarjuna Sagar,1313.135,124.327
2020-03-01,Nagarjuna Sagar,1196.895,121.129
2020-03-02,Nagarjuna Sagar,191.563,83.696
2020-03-03,Nagarjuna Sagar,709.789,84.049
2020-03-04,Nagarjuna Sagar,1133.493,69.923
2020-03-05,Nagarjuna Sagar,1647.386,61.801
2020-03-06,Nagarjuna Sagar,896.312,39.199
2020-03-07,Nagarjuna Sagar,150.844,37.434
2020-03-08,Nagarjuna Sagar,216.114,72.837
2020-03-09,Nagarjuna Sagar,0.0,108.239
2020-03-10,Nagarjuna Sagar,35.821,143.642
2020-03-11,Nagarjuna Sagar,1.274,179.045
2020-03-12,Nagarjuna Sagar,75.662,177.986
2020-03-13,Nagarjuna Sagar,150.419,175.055
2020-03-14,Nagarjuna Sagar,47.516,172.124
2020-03-15,Nagarjuna Sagar,116.807,169.193
2020-03-16,Nagarjuna Sagar,62.58,166.261
2020-03-17,Nagarjuna Sagar,39.36,163.33
2020-03-18,Nagarjuna Sagar,47.827,160.399
2020-03-19,Nagarjuna Sagar,0.0,157.468
2020-03-20,Nagarjuna Sagar,103.951,154.537
2020-03-21,Nagarjuna Sagar,64.053,151.606
2020-03-22,Nagarjuna Sagar,65.553,148.675
2020-03-23,Nagarjuna Sagar,35.764,145.744
2020-03-24,Nagarjuna Sagar,11.185,142.813
2020-03-25,Nagarjuna Sagar,40.833,139.881
2020-03-26,Nagarjuna Sagar,13.79,136.95
2020-03-27,Nagarjuna Sagar,0.0,134.019
2020-03-28,Nagarjuna Sagar,44.033,131.088
2020-03-29,Nagarjuna Sagar,81.213,128.157
2020-03-30,Nagarjuna Sagar,83.166,125.226
2020-03-31,Nagarjuna Sagar,83.676,122.295
2020-04-01,Nagarjuna Sagar,13.819,119.364
2020-04-02,Nagarjuna Sagar,61.844,84.049
2020-04-03,Nagarjuna Sagar,18.661,84.049
2020-04-04,Nagarjuna Sagar,0.0,69.217
2020-04-05,Nagarjuna Sagar,53.264,61.448
2020-04-06,Nagarjuna Sagar,61.278,39.199
2020-04-07,Nagarjuna Sagar,60.371,37.434
2020-04-08,Nagarjuna Sagar,31.205,72.837
2020-04-09,Nagarjuna Sagar,258.108,108.239
2020-04-10,Nagarjuna Sagar,0.0,143.642
2020-04-11,Nagarjuna Sagar,133.599,179.045
2020-04-12,Nagarjuna Sagar,258.079,177.633
2020-04-13,Nagarjuna Sagar,327.795,174.51
2020-04-14,Nagarjuna Sagar,118.109,171.388
2020-04-15,Nagarjuna Sagar,0.0,168.265
2020-04-16,Nagarjuna Sagar,100.695,165.143
2020-04-17,Nagarjuna Sagar,292.428,162.02
2020-04-18,Nagarjuna Sagar,78.013,158.897
2020-04-19,Nagarjuna Sagar,71.245,155.775
2020-04-20,Nagarjuna Sagar,0.0,152.652
2020-04-21,Nagarjuna Sagar,0.0,149.53
2020-04-22,Nagarjuna Sagar,0.0,146.407
2020-04-23,Nagarjuna Sagar,0.0,143.285
2020-04-24,Nagarjuna Sagar,0.0,140.162
2020-04-25,Nagarjuna Sagar,49.696,137.039
2020-04-26,Nagarjuna Sagar,0.0,133.917
2020-04-27,Nagarjuna Sagar,40.521,130.794
2020-04-28,Nagarjuna Sagar,50.489,127.672
2020-04-29,Nagarjuna Sagar,0.0,124.549
2020-04-30,Nagarjuna Sagar,34.858,121.427
2020-05-01,Nagarjuna Sagar,34.858,118.304
2020-05-02,Nagarjuna Sagar,0.0,82.636
2020-05-03,Nagarjuna Sagar,33.81,90.052
2020-05-04,Nagarjuna Sagar,0.0,68.51
2020-05-05,Nagarjuna Sagar,0.0,60.741
2020-05-06,Nagarjuna Sagar,75.634,38.846
2020-05-07,Nagarjuna Sagar,34.688,37.434
2020-05-08,Nagarjuna Sagar,57.88,72.44
2020-05-09,Nagarjuna Sagar,73.425,107.445
2020-05-10,Nagarjuna Sagar,19.963,142.451
2020-05-11,Nagarjuna Sagar,18.434,177.456
2020-05-12,Nagarjuna Sagar,23.758,177.28
2020-05-13,Nagarjuna Sagar,22.54,174.296
2020-05-14,Nagarjuna Sagar,90.869,171.311
2020-05-15,Nagarjuna Sagar,22.653,168.327
2020-05-16,Nagarjuna Sagar,20.728,165.343
2020-05-17,Nagarjuna Sagar,28.685,162.359
2020-05-18,Nagarjuna Sagar,22.229,159.375
2020-05-19,Nagarjuna Sagar,53.151,156.391
2020-05-20,Nagarjuna Sagar,0.0,153.407
2020-05-21,Nagarjuna Sagar,0.0,150.423
2020-05-22,Nagarjuna Sagar,105.112,147.439
2020-05-23,Nagarjuna Sagar,82.997,144.455
2020-05-24,Nagarjuna Sagar,16.962,141.471
2020-05-25,Nagarjuna Sagar,112.644,138.486
2020-05-26,Nagarjuna Sagar,44.995,135.502
2020-05-27,Nagarjuna Sagar,0.0,132.518
2020-05-28,Nagarjuna Sagar,47.431,129.534
2020-05-29,Nagarjuna Sagar,0.0,126.55
2020-05-30,Nagarjuna Sagar,10.137,123.566
2020-05-31,Nagarjuna Sagar,11.412,120.582
2020-06-01,Nagarjuna Sagar,0.0,117.598
2020-06-02,Nagarjuna Sagar,36.699,80.871
2020-06-03,Nagarjuna Sagar,33.272,91.465
2020-06-04,Nagarjuna Sagar,31.318,67.804
2020-06-05,Nagarjuna Sagar,0.0,60.388
2020-06-06,Nagarjuna Sagar,32.309,38.846
2020-06-07,Nagarjuna Sagar,0.0,37.08
2020-06-08,Nagarjuna Sagar,33.782,72.483
2020-06-09,Nagarjuna Sagar,0.0,107.886
2020-06-10,Nagarjuna Sagar,31.318,143.289
2020-06-11,Nagarjuna Sagar,0.0,178.692
2020-06-12,Nagarjuna Sagar,99.194,177.28
2020-06-13,Nagarjuna Sagar,77.616,174.12
2020-06-14,Nagarjuna Sagar,5.692,170.96
2020-06-15,Nagarjuna Sagar,46.808,167.8
2020-06-16,Nagarjuna Sagar,56.237,164.641
2020-06-17,Nagarjuna Sagar,47.884,161.481
2020-06-18,Nagarjuna Sagar,49.866,158.321
2020-06-19,Nagarjuna Sagar,0.0,155.161
2020-06-20,Nagarjuna Sagar,41.201,152.002
2020-06-21,Nagarjuna Sagar,38.114,148.842
2020-06-22,Nagarjuna Sagar,38.398,145.682
2020-06-23,Nagarjuna Sagar,39.106,142.523
2020-06-24,Nagarjuna Sagar,76.031,139.363
2020-06-25,Nagarjuna Sagar,68.98,136.203
2020-06-26,Nagarjuna Sagar,69.489,133.043
2020-06-27,Nagarjuna Sagar,12.176,129.884
2020-06-28,Nagarjuna Sagar,54.368,126.724
2020-06-29,Nagarjuna Sagar,80.278,123.564
2020-06-30,Nagarjuna Sagar,33.952,120.404
2020-07-01,Nagarjuna Sagar,23.899,117.245
2020-07-02,Nagarjuna Sagar,0.0,79.458
2020-07-03,Nagarjuna Sagar,33.555,90.759
2020-07-04,Nagarjuna Sagar,22.484,67.098
2020-07-05,Nagarjuna Sagar,40.21,52.796
2020-07-06,Nagarjuna Sagar,0.0,38.493
2020-07-07,Nagarjuna Sagar,28.628,37.08
2020-07-08,Nagarjuna Sagar,0.0,72.571
2020-07-09,Nagarjuna Sagar,36.246,108.062
2020-07-10,Nagarjuna Sagar,0.0,143.554
2020-07-11,Nagarjuna Sagar,47.232,179.045
2020-07-12,Nagarjuna Sagar,34.037,176.22
2020-07-13,Nagarjuna Sagar,0.0,173.236
2020-07-14,Nagarjuna Sagar,5.55,170.252
2020-07-15,Nagarjuna Sagar,22.71,167.268
2020-07-16,Nagarjuna Sagar,23.276,164.284
2020-07-17,Nagarjuna Sagar,17.953,161.3
2020-07-18,Nagarjuna Sagar,74.558,158.316
2020-07-19,Nagarjuna Sagar,0.0,155.332
2020-07-20,Nagarjuna Sagar,609.689,152.347
2020-07-21,Nagarjuna Sagar,874.026,149.363
2020-07-22,Nagarjuna Sagar,1152.55,146.379
2020-07-23,Nagarjuna Sagar,970.02,143.395
2020-07-24,Nagarjuna Sagar,1109.735,140.411
2020-07-25,Nagarjuna Sagar,1149.181,137.427
2020-07-26,Nagarjuna Sagar,1089.489,134.443
2020-07-27,Nagarjuna Sagar,882.493,131.459
2020-07-28,Nagarjuna Sagar,1150.143,128.475
2020-07-29,Nagarjuna Sagar,1168.096,125.491
2020-07-30,Nagarjuna Sagar,1043.672,122.507
2020-07-31,Nagarjuna Sagar,1119.25,119.522
2020-08-01,Nagarjuna Sagar,1059.841,116.538
2020-08-02,Nagarjuna Sagar,1007.172,78.752
2020-08-03,Nagarjuna Sagar,1084.477,90.406
2020-08-04,Nagarjuna Sagar,1092.859,66.038
2020-08-05,Nagarjuna Sagar,951.161,59.329
2020-08-06,Nagarjuna Sagar,1129.84,38.493
2020-08-07,Nagarjuna Sagar,966.113,36.727
2020-08-08,Nagarjuna Sagar,1101.637,72.306
2020-08-09,Nagarjuna Sagar,1017.593,107.886
2020-08-10,Nagarjuna Sagar,1211.648,143.466
2020-08-11,Nagarjuna Sagar,1134.003,179.045
2020-08-12,Nagarjuna Sagar,997.657,175.514
2020-08-13,Nagarjuna Sagar,1003.321,166.738
2020-08-14,Nagarjuna Sagar,1094.812,157.963
2020-08-15,Nagarjuna Sagar,1145.216,149.187
2020-08-16,Nagarjuna Sagar,1204.087,140.411
2020-08-17,Nagarjuna Sagar,1139.241,131.635
2020-08-18,Nagarjuna Sagar,1110.358,122.86
2020-08-19,Nagarjuna Sagar,1353.515,114.084
2020-08-20,Nagarjuna Sagar,2651.302,105.308
2020-08-21,Nagarjuna Sagar,7114.653,96.533
2020-08-22,Nagarjuna Sagar,10235.872,87.757
2020-08-23,Nagarjuna Sagar,10583.942,78.981
2020-08-24,Nagarjuna Sagar,6937.474,70.206
2020-08-25,Nagarjuna Sagar,2578.245,61.43
2020-08-26,Nagarjuna Sagar,1130.293,52.654
2020-08-27,Nagarjuna Sagar,4305.796,43.878
2020-08-28,Nagarjuna Sagar,5681.426,35.103
2020-08-29,Nagarjuna Sagar,1974.814,26.327
2020-08-30,Nagarjuna Sagar,308.653,17.551
2020-08-31,Nagarjuna Sagar,0.0,8.776
2020-09-01,Nagarjuna Sagar,135.921,43.588
2020-09-02,Nagarjuna Sagar,353.96,78.399
2020-09-03,Nagarjuna Sagar,433.332,89.346
2020-09-04,Nagarjuna Sagar,425.602,65.685
2020-09-05,Nagarjuna Sagar,600.741,58.622
2020-09-06,Nagarjuna Sagar,771.633,38.493
2020-09-07,Nagarjuna Sagar,698.632,36.727
2020-09-08,Nagarjuna Sagar,749.631,72.218
2020-09-09,Nagarjuna Sagar,479.941,107.709
2020-09-10,Nagarjuna Sagar,480.621,143.201
2020-09-11,Nagarjuna Sagar,1818.448,178.692
2020-09-12,Nagarjuna Sagar,4924.122,174.454
2020-09-13,Nagarjuna Sagar,4032.256,171.239
2020-09-14,Nagarjuna Sagar,3095.281,168.023
2020-09-15,Nagarjuna Sagar,5828.192,164.808
2020-09-16,Nagarjuna Sagar,4035.625,161.592
2020-09-17,Nagarjuna Sagar,7774.774,158.377
2020-09-18,Nagarjuna Sagar,9444.276,155.161
2020-09-19,Nagarjuna Sagar,4864.713,151.946
2020-09-20,Nagarjuna Sagar,8893.401,148.731
2020-09-21,Nagarjuna Sagar,6944.752,145.515
2020-09-22,Nagarjuna Sagar,6807.84,142.3
2020-09-23,Nagarjuna Sagar,8212.183,139.084
2020-09-24,Nagarjuna Sagar,7686.199,135.869
2020-09-25,Nagarjuna Sagar,3787.853,132.653
2020-09-26,Nagarjuna Sagar,2986.176,129.438
2020-09-27,Nagarjuna Sagar,7163.329,126.222
2020-09-28,Nagarjuna Sagar,15510.159,123.007
2020-09-29,Nagarjuna Sagar,12508.352,119.791
2020-09-30,Nagarjuna Sagar,5248.179,116.576
2020-10-01,Nagarjuna Sagar,3741.131,113.36
2020-10-02,Nagarjuna Sagar,5890.291,76.633
2020-10-03,Nagarjuna Sagar,4502.484,88.287
2020-10-04,Nagarjuna Sagar,3457.849,64.626
2020-10-05,Nagarjuna Sagar,822.801,57.563
2020-10-06,Nagarjuna Sagar,1891.987,38.493
2020-10-07,Nagarjuna Sagar,1170.418,36.727
2020-10-08,Nagarjuna Sagar,897.444,72.218
2020-10-09,Nagarjuna Sagar,885.721,107.709
2020-10-10,Nagarjuna Sagar,703.106,143.201
2020-10-11,Nagarjuna Sagar,452.956,178.692
2020-10-12,Nagarjuna Sagar,1385.484,174.101
2020-10-13,Nagarjuna Sagar,3352.398,170.994
2020-10-14,Nagarjuna Sagar,8759.292,167.886
2020-10-15,Nagarjuna Sagar,8335.588,164.778
2020-10-16,Nagarjuna Sagar,13315.352,161.671
2020-10-17,Nagarjuna Sagar,14472.632,158.563
2020-10-18,Nagarjuna Sagar,14865.669,155.455
2020-10-19,Nagarjuna Sagar,13235.499,152.347
2020-10-20,Nagarjuna Sagar,12410.404,149.24
2020-10-21,Nagarjuna Sagar,10580.148,146.132
2020-10-22,Nagarjuna Sagar,9697.371,143.024
2020-10-23,Nagarjuna Sagar,9829.894,139.917
2020-10-24,Nagarjuna Sagar,8863.187,136.809
2020-10-25,Nagarjuna Sagar,5124.661,133.701
2020-10-26,Nagarjuna Sagar,3325.468,130.594
2020-10-27,Nagarjuna Sagar,2404.776,127.486
2020-10-28,Nagarjuna Sagar,2319.769,124.378
2020-10-29,Nagarjuna Sagar,3820.588,121.271
2020-10-30,Nagarjuna Sagar,2377.677,118.163
2020-10-31,Nagarjuna Sagar,2243.512,115.055
2020-11-01,Nagarjuna Sagar,2159.213,111.947
2020-11-02,Nagarjuna Sagar,1023.199,75.573
2020-11-03,Nagarjuna Sagar,1167.983,86.874
2020-11-04,Nagarjuna Sagar,1058.652,63.92
2020-11-05,Nagarjuna Sagar,759.202,56.857
2020-11-06,Nagarjuna Sagar,558.69,38.14
2020-11-07,Nagarjuna Sagar,638.94,36.727
2020-11-08,Nagarjuna Sagar,335.554,72.218
2020-11-09,Nagarjuna Sagar,339.802,107.709
2020-11-10,Nagarjuna Sagar,460.856,143.201
2020-11-11,Nagarjuna Sagar,414.983,178.692
2020-11-12,Nagarjuna Sagar,542.975,178.339
2020-11-13,Nagarjuna Sagar,393.773,174.808
2020-11-14,Nagarjuna Sagar,467.595,171.276
2020-11-15,Nagarjuna Sagar,348.268,167.745
2020-11-16,Nagarjuna Sagar,537.963,164.213
2020-11-17,Nagarjuna Sagar,403.09,160.682
2020-11-18,Nagarjuna Sagar,385.93,157.15
2020-11-19,Nagarjuna Sagar,517.263,153.619
2020-11-20,Nagarjuna Sagar,346.739,150.087
2020-11-21,Nagarjuna Sagar,441.6,146.556
2020-11-22,Nagarjuna Sagar,432.567,143.024
2020-11-23,Nagarjuna Sagar,446.018,139.493
2020-11-24,Nagarjuna Sagar,362.993,135.961
2020-11-25,Nagarjuna Sagar,440.949,132.43
2020-11-26,Nagarjuna Sagar,462.47,128.899
2020-11-27,Nagarjuna Sagar,420.759,125.367
2020-11-28,Nagarjuna Sagar,351.185,121.836
2020-11-29,Nagarjuna Sagar,495.827,118.304
2020-11-30,Nagarjuna Sagar,71.613,114.773
2020-12-01,Nagarjuna Sagar,0.0,111.241
2020-12-02,Nagarjuna Sagar,83.28,74.867
2020-12-03,Nagarjuna Sagar,30.78,69.394
2020-12-04,Nagarjuna Sagar,150.844,63.92
2020-12-05,Nagarjuna Sagar,142.32,56.15
2020-12-06,Nagarjuna Sagar,159.905,38.14
2020-12-07,Nagarjuna Sagar,52.584,36.727
2020-12-08,Nagarjuna Sagar,148.607,72.306
2020-12-09,Nagarjuna Sagar,0.0,107.886
2020-12-10,Nagarjuna Sagar,322.868,143.466
2020-12-11,Nagarjuna Sagar,346.031,179.045
2020-12-12,Nagarjuna Sagar,200.313,173.395
2020-12-13,Nagarjuna Sagar,0.0,171.876
2020-12-14,Nagarjuna Sagar,0.0,170.358
2020-12-15,Nagarjuna Sagar,0.0,168.839
2020-12-16,Nagarjuna Sagar,44.457,167.321
2020-12-17,Nagarjuna Sagar,135.439,165.802
2020-12-18,Nagarjuna Sagar,155.318,164.284
2020-12-19,Nagarjuna Sagar,55.501,162.765
2020-12-20,Nagarjuna Sagar,53.689,161.247
2020-12-21,Nagarjuna Sagar,103.894,159.728
2020-12-22,Nagarjuna Sagar,19.765,158.21
2020-12-23,Nagarjuna Sagar,83.053,156.691
2020-12-24,Nagarjuna Sagar,109.444,155.173
2020-12-25,Nagarjuna Sagar,52.244,153.654
2020-12-26,Nagarjuna Sagar,55.643,152.136
2020-12-27,Nagarjuna Sagar,155.572,150.617
2020-12-28,Nagarjuna Sagar,44.599,149.099
2020-12-29,Nagarjuna Sagar,182.898,147.58
2020-12-30,Nagarjuna Sagar,99.25,146.061
2020-12-31,Nagarjuna Sagar,183.918,144.543
2021-01-01,Nagarjuna Sagar,289.964,143.024
2021-01-02,Nagarjuna Sagar,288.293,104.885
2021-01-03,Nagarjuna Sagar,165.851,80.871
2021-01-04,Nagarjuna Sagar,209.969,70.629
2021-01-05,Nagarjuna Sagar,214.471,52.619
2021-01-06,Nagarjuna Sagar,202.182,42.731
2021-01-07,Nagarjuna Sagar,318.791,44.496
2021-01-08,Nagarjuna Sagar,235.398,78.486
2021-01-09,Nagarjuna Sagar,221.466,112.477
2021-01-10,Nagarjuna Sagar,214.273,146.468
2021-01-11,Nagarjuna Sagar,154.468,180.458
2021-01-12,Nagarjuna Sagar,278.977,175.514
2021-01-13,Nagarjuna Sagar,180.18,173.836
2021-01-14,Nagarjuna Sagar,348.551,172.159
2021-01-15,Nagarjuna Sagar,127.256,170.482
2021-01-16,Nagarjuna Sagar,214.981,168.804
2021-01-17,Nagarjuna Sagar,315.789,167.127
2021-01-18,Nagarjuna Sagar,272.776,165.449
2021-01-19,Nagarjuna Sagar,396.718,163.772
2021-01-20,Nagarjuna Sagar,353.054,162.094
2021-01-21,Nagarjuna Sagar,352.261,160.417
2021-01-22,Nagarjuna Sagar,400.116,158.739
2021-01-23,Nagarjuna Sagar,199.294,157.062
2021-01-24,Nagarjuna Sagar,287.161,155.385
2021-01-25,Nagarjuna Sagar,309.786,153.707
2021-01-26,Nagarjuna Sagar,316.922,152.03
2021-01-27,Nagarjuna Sagar,298.459,150.352
2021-01-28,Nagarjuna Sagar,344.247,148.675
2021-01-29,Nagarjuna Sagar,373.442,146.997
2021-01-30,Nagarjuna Sagar,333.77,145.32
2021-01-31,Nagarjuna Sagar,249.867,143.642
2021-02-01,Nagarjuna Sagar,484.444,141.965
2021-02-02,Nagarjuna Sagar,356.254,104.178
2021-02-03,Nagarjuna Sagar,269.887,80.517
2021-02-04,Nagarjuna Sagar,228.318,69.923
2021-02-05,Nagarjuna Sagar,205.014,52.266
2021-02-06,Nagarjuna Sagar,445.537,42.378
2021-02-07,Nagarjuna Sagar,346.739,44.496
2021-02-08,Nagarjuna Sagar,339.49,78.486
2021-02-09,Nagarjuna Sagar,338.471,112.477
2021-02-10,Nagarjuna Sagar,412.802,146.468
2021-02-11,Nagarjuna Sagar,438.033,180.458
2021-02-12,Nagarjuna Sagar,362.993,175.867
2021-02-13,Nagarjuna Sagar,332.128,173.769
2021-02-14,Nagarjuna Sagar,387.997,171.671
2021-02-15,Nagarjuna Sagar,342.52,169.573
2021-02-16,Nagarjuna Sagar,360.813,167.475
2021-02-17,Nagarjuna Sagar,378.341,165.377
2021-02-18,Nagarjuna Sagar,357.047,163.278
2021-02-19,Nagarjuna Sagar,389.951,161.18
2021-02-20,Nagarjuna Sagar,475.609,159.082
2021-02-21,Nagarjuna Sagar,329.268,156.984
2021-02-22,Nagarjuna Sagar,336.998,154.886
2021-02-23,Nagarjuna Sagar,391.31,152.788
2021-02-24,Nagarjuna Sagar,459.808,150.69
2021-02-25,Nagarjuna Sagar,584.091,148.592
2021-02-26,Nagarjuna Sagar,759.202,146.494
2021-02-27,Nagarjuna Sagar,707.637,144.395
2021-02-28,Nagarjuna Sagar,459.638,142.297
2021-03-01,Nagarjuna Sagar,373.102,140.199
2021-03-02,Nagarjuna Sagar,436.249,102.766
2021-03-03,Nagarjuna Sagar,421.496,79.811
2021-03-04,Nagarjuna Sagar,222.938,70.629
2021-03-05,Nagarjuna Sagar,358.151,52.266
2021-03-06,Nagarjuna Sagar,385.986,42.378
2021-03-07,Nagarjuna Sagar,467.822,44.143
2021-03-08,Nagarjuna Sagar,0.0,77.957
2021-03-09,Nagarjuna Sagar,477.336,111.771
2021-03-10,Nagarjuna Sagar,609.378,145.585
2021-03-11,Nagarjuna Sagar,624.357,179.399
2021-03-12,Nagarjuna Sagar,548.468,175.867
2021-03-13,Nagarjuna Sagar,255.361,174.013
2021-03-14,Nagarjuna Sagar,413.34,172.159
2021-03-15,Nagarjuna Sagar,300.979,170.305
2021-03-16,Nagarjuna Sagar,616.23,168.451
2021-03-17,Nagarjuna Sagar,970.162,166.597
2021-03-18,Nagarjuna Sagar,825.123,164.743
2021-03-19,Nagarjuna Sagar,790.407,162.889
2021-03-20,Nagarjuna Sagar,842.623,161.035
2021-03-21,Nagarjuna Sagar,508.541,159.181
2021-03-22,Nagarjuna Sagar,211.328,157.327
2021-03-23,Nagarjuna Sagar,673.742,155.473
2021-03-24,Nagarjuna Sagar,599.438,153.619
2021-03-25,Nagarjuna Sagar,695.517,151.765
2021-03-26,Nagarjuna Sagar,651.06,149.911
2021-03-27,Nagarjuna Sagar,1051.346,148.057
2021-03-28,Nagarjuna Sagar,605.272,146.203
2021-03-29,Nagarjuna Sagar,327.342,144.349
2021-03-30,Nagarjuna Sagar,336.998,142.495
2021-03-31,Nagarjuna Sagar,320.461,140.641
2021-04-01,Nagarjuna Sagar,273.597,138.787
2021-04-02,Nagarjuna Sagar,373.612,101.706
2021-04-03,Nagarjuna Sagar,799.581,78.399
2021-04-04,Nagarjuna Sagar,626.962,70.629
2021-04-05,Nagarjuna Sagar,350.024,51.559
2021-04-06,Nagarjuna Sagar,410.962,42.378
2021-04-07,Nagarjuna Sagar,188.731,42.378
2021-04-08,Nagarjuna Sagar,429.594,76.324
2021-04-09,Nagarjuna Sagar,100.779,110.27
2021-04-10,Nagarjuna Sagar,111.398,144.216
2021-04-11,Nagarjuna Sagar,113.324,178.162
2021-04-12,Nagarjuna Sagar,116.014,176.22
2021-04-13,Nagarjuna Sagar,73.539,174.176
2021-04-14,Nagarjuna Sagar,57.993,172.131
2021-04-15,Nagarjuna Sagar,64.279,170.087
2021-04-16,Nagarjuna Sagar,105.877,168.042
2021-04-17,Nagarjuna Sagar,199.633,165.998
2021-04-18,Nagarjuna Sagar,85.913,163.953
2021-04-19,Nagarjuna Sagar,58.503,161.908
2021-04-20,Nagarjuna Sagar,88.943,159.864
2021-04-21,Nagarjuna Sagar,142.179,157.819
2021-04-22,Nagarjuna Sagar,126.519,155.775
2021-04-23,Nagarjuna Sagar,112.248,153.73
2021-04-24,Nagarjuna Sagar,60.74,151.686
2021-04-25,Nagarjuna Sagar,80.052,149.641
2021-04-26,Nagarjuna Sagar,50.319,147.597
2021-04-27,Nagarjuna Sagar,42.107,145.552
2021-04-28,Nagarjuna Sagar,126.633,143.508
2021-04-29,Nagarjuna Sagar,109.02,141.463
2021-04-30,Nagarjuna Sagar,99.958,139.419
2021-05-01,Nagarjuna Sagar,130.201,137.374
2021-05-02,Nagarjuna Sagar,0.0,100.294
2021-05-03,Nagarjuna Sagar,133.882,77.339
2021-05-04,Nagarjuna Sagar,61.674,69.57
2021-05-05,Nagarjuna Sagar,77.616,51.206
2021-05-06,Nagarjuna Sagar,38.992,42.378
2021-05-07,Nagarjuna Sagar,56.775,42.378
2021-05-08,Nagarjuna Sagar,43.495,76.545
2021-05-09,Nagarjuna Sagar,76.739,110.711
2021-05-10,Nagarjuna Sagar,108.085,144.878
2021-05-11,Nagarjuna Sagar,36.529,179.045
2021-05-12,Nagarjuna Sagar,175.847,175.514
2021-05-13,Nagarjuna Sagar,0.0,173.519
2021-05-14,Nagarjuna Sagar,80.306,171.523
2021-05-15,Nagarjuna Sagar,0.0,169.528
2021-05-16,Nagarjuna Sagar,148.125,167.533
2021-05-17,Nagarjuna Sagar,59.069,165.538
2021-05-18,Nagarjuna Sagar,80.023,163.542
2021-05-19,Nagarjuna Sagar,147.842,161.547
2021-05-20,Nagarjuna Sagar,0.0,159.552
2021-05-21,Nagarjuna Sagar,21.917,157.556
2021-05-22,Nagarjuna Sagar,24.919,155.561
2021-05-23,Nagarjuna Sagar,127.964,153.566
2021-05-24,Nagarjuna Sagar,18.009,151.571
2021-05-25,Nagarjuna Sagar,190.515,149.575
2021-05-26,Nagarjuna Sagar,0.0,147.58
2021-05-27,Nagarjuna Sagar,0.0,145.585
2021-05-28,Nagarjuna Sagar,92.936,143.589
2021-05-29,Nagarjuna Sagar,155.771,141.594
2021-05-30,Nagarjuna Sagar,56.039,139.599
2021-05-31,Nagarjuna Sagar,54.935,137.604
2021-06-01,Nagarjuna Sagar,50.857,135.608
2021-06-02,Nagarjuna Sagar,25.485,99.587
2021-06-03,Nagarjuna Sagar,90.387,76.633
2021-06-04,Nagarjuna Sagar,1.472,68.864
2021-06-05,Nagarjuna Sagar,178.962,50.853
2021-06-06,Nagarjuna Sagar,143.453,42.731
2021-06-07,Nagarjuna Sagar,171.487,41.318
2021-06-08,Nagarjuna Sagar,28.798,75.75
2021-06-09,Nagarjuna Sagar,103.073,110.181
2021-06-10,Nagarjuna Sagar,23.56,144.613
2021-06-11,Nagarjuna Sagar,44.429,179.045
2021-06-12,Nagarjuna Sagar,19.057,174.454
2021-06-13,Nagarjuna Sagar,55.812,172.354
2021-06-14,Nagarjuna Sagar,0.0,170.254
2021-06-15,Nagarjuna Sagar,50.715,168.154
2021-06-16,Nagarjuna Sagar,40.238,166.053
2021-06-17,Nagarjuna Sagar,51.452,163.953
2021-06-18,Nagarjuna Sagar,35.113,161.853
2021-06-19,Nagarjuna Sagar,108.567,159.752
2021-06-20,Nagarjuna Sagar,51.508,157.652
2021-06-21,Nagarjuna Sagar,67.649,155.552
2021-06-22,Nagarjuna Sagar,266.659,153.452
2021-06-23,Nagarjuna Sagar,216.482,151.351
2021-06-24,Nagarjuna Sagar,287.642,149.251
2021-06-25,Nagarjuna Sagar,31.63,147.151
2021-06-26,Nagarjuna Sagar,181.511,145.05
2021-06-27,Nagarjuna Sagar,370.582,142.95
2021-06-28,Nagarjuna Sagar,45.194,140.85
2021-06-29,Nagarjuna Sagar,399.125,138.749
2021-06-30,Nagarjuna Sagar,742.665,136.649
2021-07-01,Nagarjuna Sagar,779.646,134.549
2021-07-02,Nagarjuna Sagar,901.267,98.528
2021-07-03,Nagarjuna Sagar,781.176,75.927
2021-07-04,Nagarjuna Sagar,574.803,67.804
2021-07-05,Nagarjuna Sagar,687.504,50.5
2021-07-06,Nagarjuna Sagar,482.915,42.731
2021-07-07,Nagarjuna Sagar,429.707,39.906
2021-07-08,Nagarjuna Sagar,431.123,74.868
2021-07-09,Nagarjuna Sagar,308.936,109.829
2021-07-10,Nagarjuna Sagar,0.0,144.79
2021-07-11,Nagarjuna Sagar,73.935,179.752
2021-07-12,Nagarjuna Sagar,154.723,174.101
2021-07-13,Nagarjuna Sagar,224.071,172.053
2021-07-14,Nagarjuna Sagar,141.188,170.005
2021-07-15,Nagarjuna Sagar,243.779,167.957
2021-07-16,Nagarjuna Sagar,219.993,165.908
2021-07-17,Nagarjuna Sagar,211.073,163.86
2021-07-18,Nagarjuna Sagar,154.751,161.812
2021-07-19,Nagarjuna Sagar,213.622,159.764
2021-07-20,Nagarjuna Sagar,978.006,157.715
2021-07-21,Nagarjuna Sagar,892.319,155.667
2021-07-22,Nagarjuna Sagar,816.968,153.619
2021-07-23,Nagarjuna Sagar,496.11,151.571
2021-07-24,Nagarjuna Sagar,674.648,149.522
2021-07-25,Nagarjuna Sagar,827.247,147.474
2021-07-26,Nagarjuna Sagar,754.445,145.426
2021-07-27,Nagarjuna Sagar,513.723,143.378
2021-07-28,Nagarjuna Sagar,1023.256,141.329
2021-07-29,Nagarjuna Sagar,2165.584,139.281
2021-07-30,Nagarjuna Sagar,7470.963,137.233
2021-07-31,Nagarjuna Sagar,11299.366,135.185
2021-08-01,Nagarjuna Sagar,11730.404,133.136
2021-08-02,Nagarjuna Sagar,11929.443,97.115
2021-08-03,Nagarjuna Sagar,9743.188,74.514
2021-08-04,Nagarjuna Sagar,3781.822,67.098
2021-08-05,Nagarjuna Sagar,3659.833,50.147
2021-08-06,Nagarjuna Sagar,5237.504,42.731
2021-08-07,Nagarjuna Sagar,3212.173,38.493
2021-08-08,Nagarjuna Sagar,1887.796,73.984
2021-08-09,Nagarjuna Sagar,1843.367,109.476
2021-08-10,Nagarjuna Sagar,2092.017,144.967
2021-08-11,Nagarjuna Sagar,2602.484,180.458
2021-08-12,Nagarjuna Sagar,2599.001,174.101
2021-08-13,Nagarjuna Sagar,1771.895,171.965
2021-08-14,Nagarjuna Sagar,1690.371,169.828
2021-08-15,Nagarjuna Sagar,1717.244,167.692
2021-08-16,Nagarjuna Sagar,1623.912,165.555
2021-08-17,Nagarjuna Sagar,1657.382,163.419
2021-08-18,Nagarjuna Sagar,897.473,161.282
2021-08-19,Nagarjuna Sagar,1072.329,159.146
2021-08-20,Nagarjuna Sagar,948.613,157.009
2021-08-21,Nagarjuna Sagar,1166.596,154.872
2021-08-22,Nagarjuna Sagar,968.095,152.736
2021-08-23,Nagarjuna Sagar,708.741,150.599
2021-08-24,Nagarjuna Sagar,916.643,148.463
2021-08-25,Nagarjuna Sagar,1238.124,146.326
2021-08-26,Nagarjuna Sagar,1288.981,144.19
2021-08-27,Nagarjuna Sagar,1259.588,142.053
2021-08-28,Nagarjuna Sagar,659.555,139.917
2021-08-29,Nagarjuna Sagar,718.765,137.78
2021-08-30,Nagarjuna Sagar,434.38,135.644
2021-08-31,Nagarjuna Sagar,989.984,133.507
2021-09-01,Nagarjuna Sagar,869.779,131.371
2021-09-02,Nagarjuna Sagar,439.533,95.703
2021-09-03,Nagarjuna Sagar,796.863,73.808
2021-09-04,Nagarjuna Sagar,667.88,66.038
2021-09-05,Nagarjuna Sagar,534.65,49.794
2021-09-06,Nagarjuna Sagar,286.0,43.26
2021-09-07,Nagarjuna Sagar,463.603,36.727
2021-09-08,Nagarjuna Sagar,551.866,72.66
2021-09-09,Nagarjuna Sagar,537.849,108.592
2021-09-10,Nagarjuna Sagar,705.371,144.525
2021-09-11,Nagarjuna Sagar,446.952,180.458
2021-09-12,Nagarjuna Sagar,429.736,173.395
2021-09-13,Nagarjuna Sagar,1091.16,171.109
2021-09-14,Nagarjuna Sagar,980.611,168.823
2021-09-15,Nagarjuna Sagar,1379.481,166.537
2021-09-16,Nagarjuna Sagar,2012.05,164.25
2021-09-17,Nagarjuna Sagar,3605.182,161.964
2021-09-18,Nagarjuna Sagar,4804.88,159.678
2021-09-19,Nagarjuna Sagar,1694.421,157.392
2021-09-20,Nagarjuna Sagar,1737.575,155.106
2021-09-21,Nagarjuna Sagar,2022.612,152.82
2021-09-22,Nagarjuna Sagar,1725.852,150.533
2021-09-23,Nagarjuna Sagar,1772.66,148.247
2021-09-24,Nagarjuna Sagar,2175.098,145.961
2021-09-25,Nagarjuna Sagar,2276.359,143.675
2021-09-26,Nagarjuna Sagar,1986.14,141.389
2021-09-27,Nagarjuna Sagar,1933.669,139.103
2021-09-28,Nagarjuna Sagar,1495.977,136.816
2021-09-29,Nagarjuna Sagar,2121.438,134.53
2021-09-30,Nagarjuna Sagar,1994.834,132.244
2021-10-01,Nagarjuna Sagar,2332.426,129.958
2021-10-02,Nagarjuna Sagar,2136.389,95.35
2021-10-03,Nagarjuna Sagar,1974.417,73.808
2021-10-04,Nagarjuna Sagar,2079.019,64.979
2021-10-05,Nagarjuna Sagar,1821.365,49.441
2021-10-06,Nagarjuna Sagar,2043.199,42.202
2021-10-07,Nagarjuna Sagar,2017.232,34.962
2021-10-08,Nagarjuna Sagar,2168.755,71.16
2021-10-09,Nagarjuna Sagar,2011.257,107.357
2021-10-10,Nagarjuna Sagar,1824.083,143.555
2021-10-11,Nagarjuna Sagar,2657.617,179.752
2021-10-12,Nagarjuna Sagar,4747.566,170.217
2021-10-13,Nagarjuna Sagar,4467.711,168.133
2021-10-14,Nagarjuna Sagar,2708.644,166.05
2021-10-15,Nagarjuna Sagar,2120.73,163.966
2021-10-16,Nagarjuna Sagar,2665.998,161.882
2021-10-17,Nagarjuna Sagar,2756.612,159.799
2021-10-18,Nagarjuna Sagar,1767.082,157.715
2021-10-19,Nagarjuna Sagar,2012.871,155.632
2021-10-20,Nagarjuna Sagar,2208.456,153.548
2021-10-21,Nagarjuna Sagar,1907.929,151.465
2021-10-22,Nagarjuna Sagar,1999.902,149.381
2021-10-23,Nagarjuna Sagar,1733.186,147.297
2021-10-24,Nagarjuna Sagar,1487.198,145.214
2021-10-25,Nagarjuna Sagar,1737.859,143.13
2021-10-26,Nagarjuna Sagar,1622.977,141.047
2021-10-27,Nagarjuna Sagar,1722.596,138.963
2021-10-28,Nagarjuna Sagar,1915.603,136.88
2021-10-29,Nagarjuna Sagar,1976.145,134.796
2021-10-30,Nagarjuna Sagar,2059.934,132.713
2021-10-31,Nagarjuna Sagar,1759.181,130.629
2021-11-01,Nagarjuna Sagar,1610.207,128.545
2021-11-02,Nagarjuna Sagar,1868.314,94.996
2021-11-03,Nagarjuna Sagar,1489.237,73.455
2021-11-04,Nagarjuna Sagar,1484.197,64.273
2021-11-05,Nagarjuna Sagar,1165.293,49.087
2021-11-06,Nagarjuna Sagar,1471.171,42.378
2021-11-07,Nagarjuna Sagar,1573.253,34.608
2021-11-08,Nagarjuna Sagar,1632.605,70.806
2021-11-09,Nagarjuna Sagar,1622.779,107.004
2021-11-10,Nagarjuna Sagar,1447.64,143.201
2021-11-11,Nagarjuna Sagar,1560.114,179.399
2021-11-12,Nagarjuna Sagar,1088.923,172.336
2021-11-13,Nagarjuna Sagar,836.875,169.956
2021-11-14,Nagarjuna Sagar,801.535,167.577
2021-11-15,Nagarjuna Sagar,106.131,165.198
2021-11-16,Nagarjuna Sagar,152.769,162.819
2021-11-17,Nagarjuna Sagar,241.259,160.44
2021-11-18,Nagarjuna Sagar,322.387,158.061
2021-11-19,Nagarjuna Sagar,737.058,155.682
2021-11-20,Nagarjuna Sagar,80.052,153.303
2021-11-21,Nagarjuna Sagar,272.578,150.924
2021-11-22,Nagarjuna Sagar,123.206,148.545
2021-11-23,Nagarjuna Sagar,212.546,146.166
2021-11-24,Nagarjuna Sagar,131.333,143.786
2021-11-25,Nagarjuna Sagar,378.794,141.407
2021-11-26,Nagarjuna Sagar,179.047,139.028
2021-11-27,Nagarjuna Sagar,429.0,136.649
2021-11-28,Nagarjuna Sagar,140.423,134.27
2021-11-29,Nagarjuna Sagar,143.226,131.891
2021-11-30,Nagarjuna Sagar,517.971,129.512
2021-12-01,Nagarjuna Sagar,17.188,127.133
2021-12-02,Nagarjuna Sagar,597.031,93.937
2021-12-03,Nagarjuna Sagar,363.814,73.101
2021-12-04,Nagarjuna Sagar,554.754,63.566
2021-12-05,Nagarjuna Sagar,350.93,49.087
2021-12-06,Nagarjuna Sagar,56.35,42.378
2021-12-07,Nagarjuna Sagar,372.536,35.315
2021-12-08,Nagarjuna Sagar,327.739,71.071
2021-12-09,Nagarjuna Sagar,129.804,106.827
2021-12-10,Nagarjuna Sagar,140.196,142.583
2021-12-11,Nagarjuna Sagar,132.239,178.339
2021-12-12,Nagarjuna Sagar,0.0,171.276
2021-12-13,Nagarjuna Sagar,0.0,170.305
2021-12-14,Nagarjuna Sagar,110.69,169.334
2021-12-15,Nagarjuna Sagar,256.069,168.363
2021-12-16,Nagarjuna Sagar,265.697,167.392
2021-12-17,Nagarjuna Sagar,0.0,166.42
2021-12-18,Nagarjuna Sagar,135.694,165.449
2021-12-19,Nagarjuna Sagar,60.824,164.478
2021-12-20,Nagarjuna Sagar,84.242,163.507
2021-12-21,Nagarjuna Sagar,0.0,162.536
2021-12-22,Nagarjuna Sagar,215.349,161.565
2021-12-23,Nagarjuna Sagar,157.583,160.593
2021-12-24,Nagarjuna Sagar,535.159,159.622
2021-12-25,Nagarjuna Sagar,311.711,158.651
2021-12-26,Nagarjuna Sagar,0.0,157.68
2021-12-27,Nagarjuna Sagar,57.002,156.709
2021-12-28,Nagarjuna Sagar,343.454,155.738
2021-12-29,Nagarjuna Sagar,321.594,154.767
2021-12-30,Nagarjuna Sagar,212.631,153.795
2021-12-31,Nagarjuna Sagar,248.848,152.824
2022-01-01,Nagarjuna Sagar,518.226,151.853
2022-01-02,Nagarjuna Sagar,315.732,148.322
2022-01-03,Nagarjuna Sagar,109.275,129.252
2022-01-04,Nagarjuna Sagar,390.064,91.642
2022-01-05,Nagarjuna Sagar,366.448,54.031
2022-01-06,Nagarjuna Sagar,54.312,47.675
2022-01-07,Nagarjuna Sagar,510.665,40.259
2022-01-08,Nagarjuna Sagar,535.329,74.956
2022-01-09,Nagarjuna Sagar,436.985,109.652
2022-01-10,Nagarjuna Sagar,409.971,144.348
2022-01-11,Nagarjuna Sagar,266.546,179.045
2022-01-12,Nagarjuna Sagar,366.476,171.629
2022-01-13,Nagarjuna Sagar,477.676,170.587
2022-01-14,Nagarjuna Sagar,515.932,169.546
2022-01-15,Nagarjuna Sagar,237.833,168.504
2022-01-16,Nagarjuna Sagar,409.149,167.462
2022-01-17,Nagarjuna Sagar,370.724,166.42
2022-01-18,Nagarjuna Sagar,588.961,165.379
2022-01-19,Nagarjuna Sagar,656.1,164.337
2022-01-20,Nagarjuna Sagar,722.843,163.295
2022-01-21,Nagarjuna Sagar,978.374,162.253
2022-01-22,Nagarjuna Sagar,707.354,161.211
2022-01-23,Nagarjuna Sagar,387.402,160.17
2022-01-24,Nagarjuna Sagar,409.744,159.128
2022-01-25,Nagarjuna Sagar,563.193,158.086
2022-01-26,Nagarjuna Sagar,880.228,157.044
2022-01-27,Nagarjuna Sagar,515.451,156.003
2022-01-28,Nagarjuna Sagar,496.082,154.961
2022-01-29,Nagarjuna Sagar,482.49,153.919
2022-01-30,Nagarjuna Sagar,896.736,152.877
2022-01-31,Nagarjuna Sagar,595.078,151.835
2022-02-01,Nagarjuna Sagar,1031.411,150.794
2022-02-02,Nagarjuna Sagar,1165.378,150.087
2022-02-03,Nagarjuna Sagar,1181.717,127.839
2022-02-04,Nagarjuna Sagar,995.222,90.935
2022-02-05,Nagarjuna Sagar,979.28,54.031
2022-02-06,Nagarjuna Sagar,818.271,47.675
2022-02-07,Nagarjuna Sagar,353.677,39.552
2022-02-08,Nagarjuna Sagar,519.104,74.514
2022-02-09,Nagarjuna Sagar,278.637,109.476
2022-02-10,Nagarjuna Sagar,149.116,144.437
2022-02-11,Nagarjuna Sagar,194.423,179.399
2022-02-12,Nagarjuna Sagar,241.599,172.336
2022-02-13,Nagarjuna Sagar,207.364,170.985
2022-02-14,Nagarjuna Sagar,130.144,169.635
2022-02-15,Nagarjuna Sagar,296.335,168.285
2022-02-16,Nagarjuna Sagar,207.336,166.935
2022-02-17,Nagarjuna Sagar,296.562,165.584
2022-02-18,Nagarjuna Sagar,187.882,164.234
2022-02-19,Nagarjuna Sagar,532.016,162.884
2022-02-20,Nagarjuna Sagar,83.563,161.533
2022-02-21,Nagarjuna Sagar,160.754,160.183
2022-02-22,Nagarjuna Sagar,259.212,158.833
2022-02-23,Nagarjuna Sagar,217.53,157.483
2022-02-24,Nagarjuna Sagar,209.601,156.132
2022-02-25,Nagarjuna Sagar,248.508,154.782
2022-02-26,Nagarjuna Sagar,176.385,153.432
2022-02-27,Nagarjuna Sagar,163.813,152.082
2022-02-28,Nagarjuna Sagar,115.363,150.731
2022-03-01,Nagarjuna Sagar,119.695,149.381
2022-03-02,Nagarjuna Sagar,234.406,151.853
2022-03-03,Nagarjuna Sagar,142.773,126.073
2022-03-04,Nagarjuna Sagar,246.3,90.052
2022-03-05,Nagarjuna Sagar,187.117,54.031
2022-03-06,Nagarjuna Sagar,212.914,47.675
2022-03-07,Nagarjuna Sagar,129.691,39.199
2022-03-08,Nagarjuna Sagar,192.016,74.337
2022-03-09,Nagarjuna Sagar,191.45,109.476
2022-03-10,Nagarjuna Sagar,230.385,144.614
2022-03-11,Nagarjuna Sagar,199.52,179.752
2022-03-12,Nagarjuna Sagar,202.72,172.336
2022-03-13,Nagarjuna Sagar,202.89,171.153
2022-03-14,Nagarjuna Sagar,140.904,169.969
2022-03-15,Nagarjuna Sagar,109.19,168.786
2022-03-16,Nagarjuna Sagar,170.071,167.603
2022-03-17,Nagarjuna Sagar,38.454,166.42
2022-03-18,Nagarjuna Sagar,101.997,165.237
2022-03-19,Nagarjuna Sagar,217.133,164.054
2022-03-20,Nagarjuna Sagar,115.476,162.871
2022-03-21,Nagarjuna Sagar,31.913,161.688
2022-03-22,Nagarjuna Sagar,226.704,160.505
2022-03-23,Nagarjuna Sagar,80.59,159.322
2022-03-24,Nagarjuna Sagar,161.859,158.139
2022-03-25,Nagarjuna Sagar,194.961,156.956
2022-03-26,Nagarjuna Sagar,54.085,155.773
2022-03-27,Nagarjuna Sagar,136.685,154.59
2022-03-28,Nagarjuna Sagar,216.001,153.407
2022-03-29,Nagarjuna Sagar,167.069,152.224
2022-03-30,Nagarjuna Sagar,95.654,151.041
2022-03-31,Nagarjuna Sagar,242.93,149.858
2022-04-01,Nagarjuna Sagar,134.278,148.675
2022-04-02,Nagarjuna Sagar,127.341,153.619
2022-04-03,Nagarjuna Sagar,185.362,124.308
2022-04-04,Nagarjuna Sagar,52.924,88.993
2022-04-05,Nagarjuna Sagar,159.282,53.678
2022-04-06,Nagarjuna Sagar,100.326,47.675
2022-04-07,Nagarjuna Sagar,114.655,38.493
2022-04-08,Nagarjuna Sagar,122.13,73.896
2022-04-09,Nagarjuna Sagar,89.17,109.299
2022-04-10,Nagarjuna Sagar,169.646,144.702
2022-04-11,Nagarjuna Sagar,153.307,180.105
2022-04-12,Nagarjuna Sagar,147.021,171.276
2022-04-13,Nagarjuna Sagar,175.451,170.068
2022-04-14,Nagarjuna Sagar,46.128,168.86
2022-04-15,Nagarjuna Sagar,136.657,167.652
2022-04-16,Nagarjuna Sagar,162.397,166.444
2022-04-17,Nagarjuna Sagar,61.193,165.235
2022-04-18,Nagarjuna Sagar,154.213,164.027
2022-04-19,Nagarjuna Sagar,211.158,162.819
2022-04-20,Nagarjuna Sagar,56.067,161.611
2022-04-21,Nagarjuna Sagar,67.734,160.403
2022-04-22,Nagarjuna Sagar,149.286,159.195
2022-04-23,Nagarjuna Sagar,80.165,157.987
2022-04-24,Nagarjuna Sagar,126.689,156.779
2022-04-25,Nagarjuna Sagar,86.055,155.57
2022-04-26,Nagarjuna Sagar,6.909,154.362
2022-04-27,Nagarjuna Sagar,70.622,153.154
2022-04-28,Nagarjuna Sagar,73.992,151.946
2022-04-29,Nagarjuna Sagar,93.417,150.738
2022-04-30,Nagarjuna Sagar,0.0,149.53
2022-05-01,Nagarjuna Sagar,72.01,148.322
2022-05-02,Nagarjuna Sagar,107.207,154.678
2022-05-03,Nagarjuna Sagar,58.418,122.542
2022-05-04,Nagarjuna Sagar,0.0,88.11
2022-05-05,Nagarjuna Sagar,76.37,53.678
2022-05-06,Nagarjuna Sagar,51.14,47.322
2022-05-07,Nagarjuna Sagar,64.562,37.434
2022-05-08,Nagarjuna Sagar,129.833,73.102
2022-05-09,Nagarjuna Sagar,98.741,108.77
2022-05-10,Nagarjuna Sagar,83.053,144.437
2022-05-11,Nagarjuna Sagar,13.422,180.105
2022-05-12,Nagarjuna Sagar,0.0,169.864
2022-05-13,Nagarjuna Sagar,0.0,168.751
2022-05-14,Nagarjuna Sagar,88.292,167.639
2022-05-15,Nagarjuna Sagar,69.235,166.526
2022-05-16,Nagarjuna Sagar,0.0,165.414
2022-05-17,Nagarjuna Sagar,199.379,164.301
2022-05-18,Nagarjuna Sagar,74.53,163.189
2022-05-19,Nagarjuna Sagar,173.355,162.077
2022-05-20,Nagarjuna Sagar,125.67,160.964
2022-05-21,Nagarjuna Sagar,8.835,159.852
2022-05-22,Nagarjuna Sagar,70.084,158.739
2022-05-23,Nagarjuna Sagar,0.0,157.627
2022-05-24,Nagarjuna Sagar,80.646,156.515
2022-05-25,Nagarjuna Sagar,0.0,155.402
2022-05-26,Nagarjuna Sagar,136.94,154.29
2022-05-27,Nagarjuna Sagar,34.575,153.177
2022-05-28,Nagarjuna Sagar,175.508,152.065
2022-05-29,Nagarjuna Sagar,82.94,150.953
2022-05-30,Nagarjuna Sagar,133.287,149.84
2022-05-31,Nagarjuna Sagar,82.034,148.728
2022-06-01,Nagarjuna Sagar,50.63,147.615
2022-06-02,Nagarjuna Sagar,134.505,156.444
2022-06-03,Nagarjuna Sagar,120.771,120.776
2022-06-04,Nagarjuna Sagar,234.123,87.227
2022-06-05,Nagarjuna Sagar,92.511,53.678
2022-06-06,Nagarjuna Sagar,143.481,47.322
2022-06-07,Nagarjuna Sagar,71.557,36.727
2022-06-08,Nagarjuna Sagar,68.3,72.571
2022-06-09,Nagarjuna Sagar,93.814,108.416
2022-06-10,Nagarjuna Sagar,75.379,144.26
2022-06-11,Nagarjuna Sagar,99.505,180.105
2022-06-12,Nagarjuna Sagar,64.732,168.804
2022-06-13,Nagarjuna Sagar,188.42,167.67
2022-06-14,Nagarjuna Sagar,62.892,166.537
2022-06-15,Nagarjuna Sagar,161.689,165.403
2022-06-16,Nagarjuna Sagar,146.936,164.269
2022-06-17,Nagarjuna Sagar,174.8,163.135
2022-06-18,Nagarjuna Sagar,112.899,162.001
2022-06-19,Nagarjuna Sagar,0.0,160.868
2022-06-20,Nagarjuna Sagar,0.0,159.734
2022-06-21,Nagarjuna Sagar,63.628,158.6
2022-06-22,Nagarjuna Sagar,135.269,157.466
2022-06-23,Nagarjuna Sagar,251.368,156.332
2022-06-24,Nagarjuna Sagar,0.0,155.199
2022-06-25,Nagarjuna Sagar,213.141,154.065
2022-06-26,Nagarjuna Sagar,208.61,152.931
2022-06-27,Nagarjuna Sagar,191.535,151.797
2022-06-28,Nagarjuna Sagar,154.213,150.664
2022-06-29,Nagarjuna Sagar,211.47,149.53
2022-06-30,Nagarjuna Sagar,72.151,148.396
2022-07-01,Nagarjuna Sagar,117.345,147.262
2022-07-02,Nagarjuna Sagar,82.289,156.444
2022-07-03,Nagarjuna Sagar,116.694,119.01
2022-07-04,Nagarjuna Sagar,95.682,86.344
2022-07-05,Nagarjuna Sagar,77.135,53.678
2022-07-06,Nagarjuna Sagar,123.999,47.322
2022-07-07,Nagarjuna Sagar,0.0,35.668
2022-07-08,Nagarjuna Sagar,0.0,71.866
2022-07-09,Nagarjuna Sagar,0.0,108.063
2022-07-10,Nagarjuna Sagar,0.0,144.26
2022-07-11,Nagarjuna Sagar,5.578,180.458
2022-07-12,Nagarjuna Sagar,13.026,168.451
2022-07-13,Nagarjuna Sagar,36.161,167.321
2022-07-14,Nagarjuna Sagar,31.092,166.191
2022-07-15,Nagarjuna Sagar,106.754,165.061
2022-07-16,Nagarjuna Sagar,608.556,163.931
2022-07-17,Nagarjuna Sagar,477.081,162.801
2022-07-18,Nagarjuna Sagar,584.884,161.671
2022-07-19,Nagarjuna Sagar,747.677,160.54
2022-07-20,Nagarjuna Sagar,831.523,159.41
2022-07-21,Nagarjuna Sagar,918.399,158.28
2022-07-22,Nagarjuna Sagar,0.0,157.15
2022-07-23,Nagarjuna Sagar,1462.393,156.02
2022-07-24,Nagarjuna Sagar,2166.094,154.89
2022-07-25,Nagarjuna Sagar,2404.408,153.76
2022-07-26,Nagarjuna Sagar,1633.002,152.63
2022-07-27,Nagarjuna Sagar,1791.038,151.5
2022-07-28,Nagarjuna Sagar,1694.902,150.37
2022-07-29,Nagarjuna Sagar,1611.311,149.24
2022-07-30,Nagarjuna Sagar,1267.715,148.11
2022-07-31,Nagarjuna Sagar,908.828,146.98
2022-08-01,Nagarjuna Sagar,1112.765,145.85
2022-08-02,Nagarjuna Sagar,1253.217,156.444
2022-08-03,Nagarjuna Sagar,1753.263,116.892
2022-08-04,Nagarjuna Sagar,1800.354,85.108
2022-08-05,Nagarjuna Sagar,1998.94,53.325
2022-08-06,Nagarjuna Sagar,3874.191,46.969
2022-08-07,Nagarjuna Sagar,2779.294,34.608
2022-08-08,Nagarjuna Sagar,2955.085,70.982
2022-08-09,Nagarjuna Sagar,2424.824,107.356
2022-08-10,Nagarjuna Sagar,4963.142,143.731
2022-08-11,Nagarjuna Sagar,8298.295,180.105
2022-08-12,Nagarjuna Sagar,8824.478,167.392
2022-08-13,Nagarjuna Sagar,10786.634,166.297
2022-08-14,Nagarjuna Sagar,10376.748,165.202
2022-08-15,Nagarjuna Sagar,8802.787,164.107
2022-08-16,Nagarjuna Sagar,10627.748,163.013
2022-08-17,Nagarjuna Sagar,10852.47,161.918
2022-08-18,Nagarjuna Sagar,8066.692,160.823
2022-08-19,Nagarjuna Sagar,5996.564,159.728
2022-08-20,Nagarjuna Sagar,7152.654,158.633
2022-08-21,Nagarjuna Sagar,5799.451,157.539
2022-08-22,Nagarjuna Sagar,4620.169,156.444
2022-08-23,Nagarjuna Sagar,3306.553,155.349
2022-08-24,Nagarjuna Sagar,1898.358,154.254
2022-08-25,Nagarjuna Sagar,3249.466,153.16
2022-08-26,Nagarjuna Sagar,2224.766,152.065
2022-08-27,Nagarjuna Sagar,1941.032,150.97
2022-08-28,Nagarjuna Sagar,3711.653,149.875
2022-08-29,Nagarjuna Sagar,6242.807,148.781
2022-08-30,Nagarjuna Sagar,9657.671,147.686
2022-08-31,Nagarjuna Sagar,2706.831,146.591
2022-09-01,Nagarjuna Sagar,3297.52,145.496
2022-09-02,Nagarjuna Sagar,5076.324,155.385
2022-09-03,Nagarjuna Sagar,4653.809,114.773
2022-09-04,Nagarjuna Sagar,3241.962,84.049
2022-09-05,Nagarjuna Sagar,4569.51,53.325
2022-09-06,Nagarjuna Sagar,4484.447,46.969
2022-09-07,Nagarjuna Sagar,3883.847,33.902
2022-09-08,Nagarjuna Sagar,5051.151,69.923
2022-09-09,Nagarjuna Sagar,10413.786,105.944
2022-09-10,Nagarjuna Sagar,11049.838,141.965
2022-09-11,Nagarjuna Sagar,10636.215,177.986
2022-09-12,Nagarjuna Sagar,5714.302,165.979
2022-09-13,Nagarjuna Sagar,7095.171,164.901
2022-09-14,Nagarjuna Sagar,7750.308,163.823
2022-09-15,Nagarjuna Sagar,7867.341,162.745
2022-09-16,Nagarjuna Sagar,8941.766,161.667
2022-09-17,Nagarjuna Sagar,8988.8,160.589
2022-09-18,Nagarjuna Sagar,8237.839,159.511
2022-09-19,Nagarjuna Sagar,4502.4,158.433
2022-09-20,Nagarjuna Sagar,5352.3,157.355
2022-09-21,Nagarjuna Sagar,6895.056,156.277
2022-09-22,Nagarjuna Sagar,6406.166,155.199
2022-09-23,Nagarjuna Sagar,3795.074,154.121
2022-09-24,Nagarjuna Sagar,1722.681,153.043
2022-09-25,Nagarjuna Sagar,2158.222,151.965
2022-09-26,Nagarjuna Sagar,1931.291,150.887
2022-09-27,Nagarjuna Sagar,2078.566,149.809
2022-09-28,Nagarjuna Sagar,1910.959,148.731
2022-09-29,Nagarjuna Sagar,1634.134,147.652
2022-09-30,Nagarjuna Sagar,1641.44,146.574
2022-10-01,Nagarjuna Sagar,1435.973,145.496
2022-10-02,Nagarjuna Sagar,2668.887,153.972
2022-10-03,Nagarjuna Sagar,2207.351,120.423
2022-10-04,Nagarjuna Sagar,2689.218,86.874
2022-10-05,Nagarjuna Sagar,5489.297,53.325
2022-10-06,Nagarjuna Sagar,2762.87,46.615
2022-10-07,Nagarjuna Sagar,2083.21,33.549
2022-10-08,Nagarjuna Sagar,4750.993,69.04
2022-10-09,Nagarjuna Sagar,4626.455,104.532
2022-10-10,Nagarjuna Sagar,3976.84,140.023
2022-10-11,Nagarjuna Sagar,3917.658,175.514
2022-10-12,Nagarjuna Sagar,3560.894,165.979
2022-10-13,Nagarjuna Sagar,3880.478,164.902
2022-10-14,Nagarjuna Sagar,6903.353,163.825
2022-10-15,Nagarjuna Sagar,10848.478,162.748
2022-10-16,Nagarjuna Sagar,11215.831,161.671
2022-10-17,Nagarjuna Sagar,9143.013,160.593
2022-10-18,Nagarjuna Sagar,5789.115,159.516
2022-10-19,Nagarjuna Sagar,8502.148,158.439
2022-10-20,Nagarjuna Sagar,6143.613,157.362
2022-10-21,Nagarjuna Sagar,3391.956,156.285
2022-10-22,Nagarjuna Sagar,6195.829,155.208
2022-10-23,Nagarjuna Sagar,8075.866,154.131
2022-10-24,Nagarjuna Sagar,6453.201,153.054
2022-10-25,Nagarjuna Sagar,7185.983,151.977
2022-10-26,Nagarjuna Sagar,7066.911,150.9
2022-10-27,Nagarjuna Sagar,1921.352,149.822
2022-10-28,Nagarjuna Sagar,2392.26,148.745
2022-10-29,Nagarjuna Sagar,2193.419,147.668
2022-10-30,Nagarjuna Sagar,2002.224,146.591
2022-10-31,Nagarjuna Sagar,1428.271,145.514
2022-11-01,Nagarjuna Sagar,1621.08,144.437
2022-11-02,Nagarjuna Sagar,1614.426,152.559
2022-11-03,Nagarjuna Sagar,1614.029,119.363
2022-11-04,Nagarjuna Sagar,1559.406,86.168
2022-11-05,Nagarjuna Sagar,1835.523,52.972
2022-11-06,Nagarjuna Sagar,1553.12,46.262
2022-11-07,Nagarjuna Sagar,1482.583,33.549
2022-11-08,Nagarjuna Sagar,1703.765,68.687
2022-11-09,Nagarjuna Sagar,835.6,103.825
2022-11-10,Nagarjuna Sagar,673.685,138.963
2022-11-11,Nagarjuna Sagar,662.755,174.101
2022-11-12,Nagarjuna Sagar,804.82,165.626
2022-11-13,Nagarjuna Sagar,712.536,164.492
2022-11-14,Nagarjuna Sagar,803.263,163.358
2022-11-15,Nagarjuna Sagar,803.263,162.224
2022-11-16,Nagarjuna Sagar,808.133,161.091
2022-11-17,Nagarjuna Sagar,743.911,159.957
2022-11-18,Nagarjuna Sagar,682.18,158.823
2022-11-19,Nagarjuna Sagar,750.282,157.689
2022-11-20,Nagarjuna Sagar,637.949,156.555
2022-11-21,Nagarjuna Sagar,481.612,155.422
2022-11-22,Nagarjuna Sagar,671.731,154.288
2022-11-23,Nagarjuna Sagar,641.149,153.154
2022-11-24,Nagarjuna Sagar,613.229,152.02
2022-11-25,Nagarjuna Sagar,474.986,150.887
2022-11-26,Nagarjuna Sagar,560.333,149.753
2022-11-27,Nagarjuna Sagar,460.771,148.619
2022-11-28,Nagarjuna Sagar,236.049,147.485
2022-11-29,Nagarjuna Sagar,554.783,146.351
2022-11-30,Nagarjuna Sagar,540.681,145.218
2022-12-01,Nagarjuna Sagar,211.328,144.084
2022-12-02,Nagarjuna Sagar,766.338,151.147
2022-12-03,Nagarjuna Sagar,840.528,118.304
2022-12-04,Nagarjuna Sagar,184.144,85.462
2022-12-05,Nagarjuna Sagar,0.0,52.619
2022-12-06,Nagarjuna Sagar,157.187,46.262
2022-12-07,Nagarjuna Sagar,878.019,33.549
2022-12-08,Nagarjuna Sagar,275.976,68.687
2022-12-09,Nagarjuna Sagar,83.336,103.825
2022-12-10,Nagarjuna Sagar,394.849,138.963
2022-12-11,Nagarjuna Sagar,320.574,174.101
2022-12-12,Nagarjuna Sagar,18.916,164.213
2022-12-13,Nagarjuna Sagar,204.957,163.613
2022-12-14,Nagarjuna Sagar,213.764,163.013
2022-12-15,Nagarjuna Sagar,222.542,162.412
2022-12-16,Nagarjuna Sagar,432.171,161.812
2022-12-17,Nagarjuna Sagar,412.094,161.211
2022-12-18,Nagarjuna Sagar,689.882,160.611
2022-12-19,Nagarjuna Sagar,201.361,160.011
2022-12-20,Nagarjuna Sagar,346.484,159.41
2022-12-21,Nagarjuna Sagar,95.598,158.81
2022-12-22,Nagarjuna Sagar,280.365,158.21
2022-12-23,Nagarjuna Sagar,407.139,157.609
2022-12-24,Nagarjuna Sagar,311.655,157.009
2022-12-25,Nagarjuna Sagar,581.599,156.409
2022-12-26,Nagarjuna Sagar,496.365,155.808
2022-12-27,Nagarjuna Sagar,331.731,155.208
2022-12-28,Nagarjuna Sagar,295.684,154.608
2022-12-29,Nagarjuna Sagar,462.074,154.007
2022-12-30,Nagarjuna Sagar,596.465,153.407
2022-12-31,Nagarjuna Sagar,407.79,152.807
2023-01-01,Nagarjuna Sagar,270.284,152.206
2023-01-02,Nagarjuna Sagar,191.507,117.245
2023-01-03,Nagarjuna Sagar,40.606,85.344
2023-01-04,Nagarjuna Sagar,436.9,53.443
2023-01-05,Nagarjuna Sagar,660.319,21.542
2023-01-06,Nagarjuna Sagar,313.269,18.717
2023-01-07,Nagarjuna Sagar,588.933,16.951
2023-01-08,Nagarjuna Sagar,547.024,8.476
2023-01-09,Nagarjuna Sagar,234.661,23.308
2023-01-10,Nagarjuna Sagar,266.716,26.839
2023-01-11,Nagarjuna Sagar,332.241,26.839
2023-01-12,Nagarjuna Sagar,396.435,25.073
2023-01-13,Nagarjuna Sagar,432.681,31.377
2023-01-14,Nagarjuna Sagar,396.379,37.681
2023-01-15,Nagarjuna Sagar,165.682,43.984
2023-01-16,Nagarjuna Sagar,199.747,50.288
2023-01-17,Nagarjuna Sagar,144.161,56.592
2023-01-18,Nagarjuna Sagar,191.167,62.895
2023-01-19,Nagarjuna Sagar,183.096,69.199
2023-01-20,Nagarjuna Sagar,416.03,75.503
2023-01-21,Nagarjuna Sagar,364.211,81.806
2023-01-22,Nagarjuna Sagar,538.076,88.11
2023-01-23,Nagarjuna Sagar,215.094,94.414
2023-01-24,Nagarjuna Sagar,280.535,100.717
2023-01-25,Nagarjuna Sagar,318.536,107.021
2023-01-26,Nagarjuna Sagar,302.112,113.325
2023-01-27,Nagarjuna Sagar,286.113,119.628
2023-01-28,Nagarjuna Sagar,228.318,125.932
2023-01-29,Nagarjuna Sagar,376.642,132.236
2023-01-30,Nagarjuna Sagar,326.578,138.539
2023-01-31,Nagarjuna Sagar,500.783,144.843
2023-02-01,Nagarjuna Sagar,367.92,151.147
2023-02-02,Nagarjuna Sagar,198.359,115.479
2023-02-03,Nagarjuna Sagar,185.277,75.044
2023-02-04,Nagarjuna Sagar,318.649,34.608
2023-02-05,Nagarjuna Sagar,215.661,21.542
2023-02-06,Nagarjuna Sagar,148.069,18.717
2023-02-07,Nagarjuna Sagar,328.277,16.951
2023-02-08,Nagarjuna Sagar,213.112,8.476
2023-02-09,Nagarjuna Sagar,267.311,24.014
2023-02-10,Nagarjuna Sagar,195.074,26.839
2023-02-11,Nagarjuna Sagar,209.714,26.839
2023-02-12,Nagarjuna Sagar,307.832,24.014
2023-02-13,Nagarjuna Sagar,291.72,31.389
2023-02-14,Nagarjuna Sagar,248.905,38.763
2023-02-15,Nagarjuna Sagar,371.828,46.138
2023-02-16,Nagarjuna Sagar,368.996,53.512
2023-02-17,Nagarjuna Sagar,309.163,60.887
2023-02-18,Nagarjuna Sagar,424.242,68.261
2023-02-19,Nagarjuna Sagar,325.303,75.636
2023-02-20,Nagarjuna Sagar,32.593,83.01
2023-02-21,Nagarjuna Sagar,489.767,90.385
2023-02-22,Nagarjuna Sagar,492.174,97.759
2023-02-23,Nagarjuna Sagar,333.713,105.134
2023-02-24,Nagarjuna Sagar,409.489,112.508
2023-02-25,Nagarjuna Sagar,423.166,119.883
2023-02-26,Nagarjuna Sagar,429.226,127.257
2023-02-27,Nagarjuna Sagar,249.103,134.632
2023-02-28,Nagarjuna Sagar,274.135,142.007
2023-03-01,Nagarjuna Sagar,269.604,149.381
2023-03-02,Nagarjuna Sagar,231.688,114.066
2023-03-03,Nagarjuna Sagar,301.885,74.16
2023-03-04,Nagarjuna Sagar,5.651,34.255
2023-03-05,Nagarjuna Sagar,275.183,21.542
2023-03-06,Nagarjuna Sagar,124.792,18.717
2023-03-07,Nagarjuna Sagar,407.79,16.951
2023-03-08,Nagarjuna Sagar,154.78,8.476
2023-03-09,Nagarjuna Sagar,96.674,24.014
2023-03-10,Nagarjuna Sagar,125.245,27.192
2023-03-11,Nagarjuna Sagar,214.868,26.839
2023-03-12,Nagarjuna Sagar,40.0,23.308
2023-03-13,Nagarjuna Sagar,121.819,29.558
2023-03-14,Nagarjuna Sagar,129.917,35.809
2023-03-15,Nagarjuna Sagar,48.68,42.06
2023-03-16,Nagarjuna Sagar,322.557,48.31
2023-03-17,Nagarjuna Sagar,210.139,54.561
2023-03-18,Nagarjuna Sagar,5.094,60.812
2023-03-19,Nagarjuna Sagar,156.79,67.063
2023-03-20,Nagarjuna Sagar,194.961,73.313
2023-03-21,Nagarjuna Sagar,164.492,79.564
2023-03-22,Nagarjuna Sagar,100.072,85.815
2023-03-23,Nagarjuna Sagar,119.044,92.065
2023-03-24,Nagarjuna Sagar,186.211,98.316
2023-03-25,Nagarjuna Sagar,273.144,104.567
2023-03-26,Nagarjuna Sagar,265.612,110.817
2023-03-27,Nagarjuna Sagar,167.126,117.068
2023-03-28,Nagarjuna Sagar,268.896,123.319
2023-03-29,Nagarjuna Sagar,291.975,129.57
2023-03-30,Nagarjuna Sagar,267.679,135.82
2023-03-31,Nagarjuna Sagar,213.962,142.071
2023-04-01,Nagarjuna Sagar,213.367,148.322
2023-04-02,Nagarjuna Sagar,114.995,112.654
2023-04-03,Nagarjuna Sagar,145.86,73.278
2023-04-04,Nagarjuna Sagar,85.772,33.902
2023-04-05,Nagarjuna Sagar,182.275,26.31
2023-04-06,Nagarjuna Sagar,179.783,18.717
2023-04-07,Nagarjuna Sagar,182.049,16.598
2023-04-08,Nagarjuna Sagar,215.859,8.476
2023-04-09,Nagarjuna Sagar,187.825,25.073
2023-04-10,Nagarjuna Sagar,137.082,27.192
2023-04-11,Nagarjuna Sagar,0.0,26.486
2023-04-12,Nagarjuna Sagar,47.261,22.248
2023-04-13,Nagarjuna Sagar,162.085,28.828
2023-04-14,Nagarjuna Sagar,116.892,35.408
2023-04-15,Nagarjuna Sagar,90.699,41.987
2023-04-16,Nagarjuna Sagar,206.175,48.567
2023-04-17,Nagarjuna Sagar,190.289,55.147
2023-04-18,Nagarjuna Sagar,164.889,61.726
2023-04-19,Nagarjuna Sagar,0.0,68.306
2023-04-20,Nagarjuna Sagar,0.0,74.886
2023-04-21,Nagarjuna Sagar,100.241,81.465
2023-04-22,Nagarjuna Sagar,87.046,88.045
2023-04-23,Nagarjuna Sagar,107.462,94.625
2023-04-24,Nagarjuna Sagar,105.48,101.204
2023-04-25,Nagarjuna Sagar,105.48,107.784
2023-04-26,Nagarjuna Sagar,0.0,114.364
2023-04-27,Nagarjuna Sagar,0.0,120.943
2023-04-28,Nagarjuna Sagar,5.125,127.523
2023-04-29,Nagarjuna Sagar,46.1,134.103
2023-04-30,Nagarjuna Sagar,37.576,140.682
2023-05-01,Nagarjuna Sagar,80.363,147.262
2023-05-02,Nagarjuna Sagar,50.291,110.888
2023-05-03,Nagarjuna Sagar,91.35,72.395
2023-05-04,Nagarjuna Sagar,90.642,33.902
2023-05-05,Nagarjuna Sagar,157.951,21.189
2023-05-06,Nagarjuna Sagar,146.794,18.717
2023-05-07,Nagarjuna Sagar,87.782,16.598
2023-05-08,Nagarjuna Sagar,91.378,8.476
2023-05-09,Nagarjuna Sagar,182.219,25.073
2023-05-10,Nagarjuna Sagar,157.017,27.192
2023-05-11,Nagarjuna Sagar,113.89,26.486
2023-05-12,Nagarjuna Sagar,107.491,22.248
2023-05-13,Nagarjuna Sagar,148.012,28.481
2023-05-14,Nagarjuna Sagar,125.613,34.714
2023-05-15,Nagarjuna Sagar,87.839,40.947
2023-05-16,Nagarjuna Sagar,74.218,47.18
2023-05-17,Nagarjuna Sagar,83.733,53.413
2023-05-18,Nagarjuna Sagar,40.323,59.646
2023-05-19,Nagarjuna Sagar,84.894,65.88
2023-05-20,Nagarjuna Sagar,0.0,72.113
2023-05-21,Nagarjuna Sagar,104.319,78.346
2023-05-22,Nagarjuna Sagar,55.614,84.579
2023-05-23,Nagarjuna Sagar,89.113,90.812
2023-05-24,Nagarjuna Sagar,11.185,97.045
2023-05-25,Nagarjuna Sagar,15.942,103.278
2023-05-26,Nagarjuna Sagar,0.0,109.511
2023-05-27,Nagarjuna Sagar,205.693,115.744
2023-05-28,Nagarjuna Sagar,128.134,121.977
2023-05-29,Nagarjuna Sagar,163.784,128.21
2023-05-30,Nagarjuna Sagar,135.071,134.443
2023-05-31,Nagarjuna Sagar,152.826,140.676
2023-06-01,Nagarjuna Sagar,97.042,146.909
2023-06-02,Nagarjuna Sagar,169.08,109.122
2023-06-03,Nagarjuna Sagar,155.318,71.336
2023-06-04,Nagarjuna Sagar,4.253,33.549
2023-06-05,Nagarjuna Sagar,168.287,21.189
2023-06-06,Nagarjuna Sagar,141.131,18.717
2023-06-07,Nagarjuna Sagar,142.292,16.598
2023-06-08,Nagarjuna Sagar,172.563,8.476
2023-06-09,Nagarjuna Sagar,164.775,25.073
2023-06-10,Nagarjuna Sagar,128.105,27.192
2023-06-11,Nagarjuna Sagar,89.793,26.486
2023-06-12,Nagarjuna Sagar,168.57,22.248
2023-06-13,Nagarjuna Sagar,89.481,28.791
2023-06-14,Nagarjuna Sagar,120.516,35.333
2023-06-15,Nagarjuna Sagar,108.623,41.876
2023-06-16,Nagarjuna Sagar,162.142,48.418
2023-06-17,Nagarjuna Sagar,176.952,54.961
2023-06-18,Nagarjuna Sagar,95.371,61.503
2023-06-19,Nagarjuna Sagar,138.469,68.046
2023-06-20,Nagarjuna Sagar,147.672,74.588
2023-06-21,Nagarjuna Sagar,86.423,81.131
2023-06-22,Nagarjuna Sagar,141.499,87.673
2023-06-23,Nagarjuna Sagar,144.699,94.216
2023-06-24,Nagarjuna Sagar,33.725,100.758
2023-06-25,Nagarjuna Sagar,27.807,107.301
2023-06-26,Nagarjuna Sagar,0.0,113.843
2023-06-27,Nagarjuna Sagar,30.639,120.386
2023-06-28,Nagarjuna Sagar,45.618,126.928
2023-06-29,Nagarjuna Sagar,30.129,133.471
2023-06-30,Nagarjuna Sagar,0.0,140.013
2023-07-01,Nagarjuna Sagar,113.154,146.556
2023-07-02,Nagarjuna Sagar,133.967,107.71
2023-07-03,Nagarjuna Sagar,149.003,70.63
2023-07-04,Nagarjuna Sagar,97.608,33.549
2023-07-05,Nagarjuna Sagar,161.321,21.189
2023-07-06,Nagarjuna Sagar,94.691,18.717
2023-07-07,Nagarjuna Sagar,55.104,16.598
2023-07-08,Nagarjuna Sagar,10.194,8.829
2023-07-09,Nagarjuna Sagar,60.088,25.427
2023-07-10,Nagarjuna Sagar,61.759,27.545
2023-07-11,Nagarjuna Sagar,84.016,26.486
2023-07-12,Nagarjuna Sagar,118.506,16.889
2023-07-13,Nagarjuna Sagar,132.239,7.292
2023-07-14,Nagarjuna Sagar,161.321,14.585
2023-07-15,Nagarjuna Sagar,183.663,21.877
2023-07-16,Nagarjuna Sagar,74.502,29.17
2023-07-17,Nagarjuna Sagar,109.614,36.462
2023-07-18,Nagarjuna Sagar,99.307,43.755
2023-07-19,Nagarjuna Sagar,6.768,51.047
2023-07-20,Nagarjuna Sagar,129.776,58.34
2023-07-21,Nagarjuna Sagar,64.336,65.632
2023-07-22,Nagarjuna Sagar,189.015,72.925
2023-07-23,Nagarjuna Sagar,76.484,80.217
2023-07-24,Nagarjuna Sagar,75.946,87.51
2023-07-25,Nagarjuna Sagar,145.945,94.802
2023-07-26,Nagarjuna Sagar,108.114,102.095
2023-07-27,Nagarjuna Sagar,141.612,109.387
2023-07-28,Nagarjuna Sagar,178.396,116.68
2023-07-29,Nagarjuna Sagar,94.72,123.972
2023-07-30,Nagarjuna Sagar,199.18,131.265
2023-07-31,Nagarjuna Sagar,133.655,138.557
2023-08-01,Nagarjuna Sagar,63.656,145.85
2023-08-02,Nagarjuna Sagar,125.415,105.591
2023-08-03,Nagarjuna Sagar,113.72,69.393
2023-08-04,Nagarjuna Sagar,75.266,33.196
2023-08-05,Nagarjuna Sagar,158.574,21.189
2023-08-06,Nagarjuna Sagar,164.266,18.717
2023-08-07,Nagarjuna Sagar,232.368,16.245
2023-08-08,Nagarjuna Sagar,206.967,8.829
2023-08-09,Nagarjuna Sagar,182.473,25.427
2023-08-10,Nagarjuna Sagar,386.638,27.899
2023-08-11,Nagarjuna Sagar,476.713,26.486
2023-08-12,Nagarjuna Sagar,540.964,21.895
2023-08-13,Nagarjuna Sagar,453.324,28.022
2023-08-14,Nagarjuna Sagar,404.732,34.149
2023-08-15,Nagarjuna Sagar,227.809,40.276
2023-08-16,Nagarjuna Sagar,618.977,46.403
2023-08-17,Nagarjuna Sagar,432.284,52.531
2023-08-18,Nagarjuna Sagar,260.033,58.658
2023-08-19,Nagarjuna Sagar,566.421,64.785
2023-08-20,Nagarjuna Sagar,333.232,70.912
2023-08-21,Nagarjuna Sagar,197.708,77.039
2023-08-22,Nagarjuna Sagar,288.293,83.166
2023-08-23,Nagarjuna Sagar,270.51,89.293
2023-08-24,Nagarjuna Sagar,175.479,95.42
2023-08-25,Nagarjuna Sagar,74.19,101.547
2023-08-26,Nagarjuna Sagar,350.505,107.674
2023-08-27,Nagarjuna Sagar,64.817,113.802
2023-08-28,Nagarjuna Sagar,210.167,119.929
2023-08-29,Nagarjuna Sagar,210.167,126.056
2023-08-30,Nagarjuna Sagar,161.208,132.183
2023-08-31,Nagarjuna Sagar,452.531,138.31
2023-09-01,Nagarjuna Sagar,261.93,144.437
2023-09-02,Nagarjuna Sagar,352.884,107.239
2023-09-03,Nagarjuna Sagar,78.324,70.041
2023-09-04,Nagarjuna Sagar,323.491,32.843
2023-09-05,Nagarjuna Sagar,74.87,21.189
2023-09-06,Nagarjuna Sagar,130.739,18.717
2023-09-07,Nagarjuna Sagar,204.73,16.245
2023-09-08,Nagarjuna Sagar,113.607,9.182
2023-09-09,Nagarjuna Sagar,65.44,25.427
2023-09-10,Nagarjuna Sagar,130.172,28.252
2023-09-11,Nagarjuna Sagar,84.356,26.486
2023-09-12,Nagarjuna Sagar,207.166,21.895
2023-09-13,Nagarjuna Sagar,238.965,28.27
2023-09-14,Nagarjuna Sagar,144.699,34.646
2023-09-15,Nagarjuna Sagar,169.334,41.021
2023-09-16,Nagarjuna Sagar,134.42,47.396
2023-09-17,Nagarjuna Sagar,151.467,53.771
2023-09-18,Nagarjuna Sagar,110.237,60.146
2023-09-19,Nagarjuna Sagar,189.241,66.522
2023-09-20,Nagarjuna Sagar,193.007,72.897
2023-09-21,Nagarjuna Sagar,94.72,79.272
2023-09-22,Nagarjuna Sagar,156.988,85.647
2023-09-23,Nagarjuna Sagar,176.102,92.023
2023-09-24,Nagarjuna Sagar,94.125,98.398
2023-09-25,Nagarjuna Sagar,56.804,104.773
2023-09-26,Nagarjuna Sagar,186.976,111.148
2023-09-27,Nagarjuna Sagar,198.076,117.523
2023-09-28,Nagarjuna Sagar,232.141,123.899
2023-09-29,Nagarjuna Sagar,222.315,130.274
2023-09-30,Nagarjuna Sagar,148.55,136.649
2023-10-01,Nagarjuna Sagar,199.747,143.024
2023-10-02,Nagarjuna Sagar,32.451,106.179
2023-10-03,Nagarjuna Sagar,92.171,69.334
2023-10-04,Nagarjuna Sagar,170.807,32.489
2023-10-05,Nagarjuna Sagar,190.006,21.189
2023-10-06,Nagarjuna Sagar,165.342,18.717
2023-10-07,Nagarjuna Sagar,229.678,16.245
2023-10-08,Nagarjuna Sagar,344.417,9.888
2023-10-09,Nagarjuna Sagar,469.804,25.78
2023-10-10,Nagarjuna Sagar,542.89,28.605
2023-10-11,Nagarjuna Sagar,541.474,26.133
2023-10-12,Nagarjuna Sagar,712.706,21.895
2023-10-13,Nagarjuna Sagar,650.975,27.881
2023-10-14,Nagarjuna Sagar,486.992,33.867
2023-10-15,Nagarjuna Sagar,293.39,39.853
2023-10-16,Nagarjuna Sagar,67.79,45.838
2023-10-17,Nagarjuna Sagar,113.975,51.824
2023-10-18,Nagarjuna Sagar,314.09,57.81
2023-10-19,Nagarjuna Sagar,0.0,63.796
2023-10-20,Nagarjuna Sagar,92.822,69.782
2023-10-21,Nagarjuna Sagar,157.3,75.768
2023-10-22,Nagarjuna Sagar,34.943,81.753
2023-10-23,Nagarjuna Sagar,94.975,87.739
2023-10-24,Nagarjuna Sagar,44.769,93.725
2023-10-25,Nagarjuna Sagar,47.516,99.711
2023-10-26,Nagarjuna Sagar,110.889,105.697
2023-10-27,Nagarjuna Sagar,69.065,111.683
2023-10-28,Nagarjuna Sagar,42.419,117.668
2023-10-29,Nagarjuna Sagar,62.382,123.654
2023-10-30,Nagarjuna Sagar,47.714,129.64
2023-10-31,Nagarjuna Sagar,179.585,135.626
2023-11-01,Nagarjuna Sagar,130.172,141.612
2023-11-02,Nagarjuna Sagar,55.756,104.885
2023-11-03,Nagarjuna Sagar,72.095,68.157
2023-11-04,Nagarjuna Sagar,66.035,31.43
2023-11-05,Nagarjuna Sagar,107.774,20.836
2023-11-06,Nagarjuna Sagar,44.004,18.364
2023-11-07,Nagarjuna Sagar,41.144,15.892
2023-11-08,Nagarjuna Sagar,123.093,10.948
2023-11-09,Nagarjuna Sagar,103.356,26.133
2023-11-10,Nagarjuna Sagar,2.888,26.133
2023-11-11,Nagarjuna Sagar,58.701,26.133
2023-11-12,Nagarjuna Sagar,3.483,21.895
2023-11-13,Nagarjuna Sagar,19.255,28.14
2023-11-14,Nagarjuna Sagar,29.138,34.385
2023-11-15,Nagarjuna Sagar,39.842,40.63
2023-11-16,Nagarjuna Sagar,47.261,46.876
2023-11-17,Nagarjuna Sagar,118.477,53.121
2023-11-18,Nagarjuna Sagar,242.59,59.366
2023-11-19,Nagarjuna Sagar,245.11,65.611
2023-11-20,Nagarjuna Sagar,163.416,71.856
2023-11-21,Nagarjuna Sagar,94.238,78.101
2023-11-22,Nagarjuna Sagar,113.097,84.346
2023-11-23,Nagarjuna Sagar,220.276,90.591
2023-11-24,Nagarjuna Sagar,229.423,96.837
2023-11-25,Nagarjuna Sagar,176.074,103.082
2023-11-26,Nagarjuna Sagar,149.06,109.327
2023-11-27,Nagarjuna Sagar,79.655,115.572
2023-11-28,Nagarjuna Sagar,37.491,121.817
2023-11-29,Nagarjuna Sagar,128.218,128.062
2023-11-30,Nagarjuna Sagar,58.616,134.307
2023-12-01,Nagarjuna Sagar,112.927,140.552
2023-12-02,Nagarjuna Sagar,0.0,103.943
2023-12-03,Nagarjuna Sagar,0.0,67.333
2023-12-04,Nagarjuna Sagar,0.0,30.724
2023-12-05,Nagarjuna Sagar,18.236,20.836
2023-12-06,Nagarjuna Sagar,48.167,18.364
2023-12-07,Nagarjuna Sagar,137.846,15.892
2023-12-08,Nagarjuna Sagar,123.659,12.007
2023-12-09,Nagarjuna Sagar,98.514,26.486
2023-12-10,Nagarjuna Sagar,160.754,26.31
2023-12-11,Nagarjuna Sagar,47.374,26.133
2023-12-12,Nagarjuna Sagar,150.022,21.895
2023-12-13,Nagarjuna Sagar,173.61,21.948
2023-12-14,Nagarjuna Sagar,213.877,22.001
2023-12-15,Nagarjuna Sagar,193.064,22.054
2023-12-16,Nagarjuna Sagar,225.713,22.107
2023-12-17,Nagarjuna Sagar,252.784,22.16
2023-12-18,Nagarjuna Sagar,102.535,22.213
2023-12-19,Nagarjuna Sagar,169.957,22.266
2023-12-20,Nagarjuna Sagar,73.709,22.319
2023-12-21,Nagarjuna Sagar,282.318,22.372
2023-12-22,Nagarjuna Sagar,200.851,22.425
2023-12-23,Nagarjuna Sagar,311.853,22.478
2023-12-24,Nagarjuna Sagar,195.782,22.531
2023-12-25,Nagarjuna Sagar,129.238,22.584
2023-12-26,Nagarjuna Sagar,182.7,22.637
2023-12-27,Nagarjuna Sagar,222.004,22.69
2023-12-28,Nagarjuna Sagar,2605.231,22.743
2023-12-29,Nagarjuna Sagar,177.008,22.796
2023-12-30,Nagarjuna Sagar,235.907,22.849
2023-12-31,Nagarjuna Sagar,72.689,22.902
2024-01-01,Nagarjuna Sagar,68.64,22.955
2024-01-02,Nagarjuna Sagar,68.866,17.304
2024-01-03,Nagarjuna Sagar,186.749,10.948
2024-01-04,Nagarjuna Sagar,170.524,6.003
2024-01-05,Nagarjuna Sagar,190.855,3.426
2024-01-06,Nagarjuna Sagar,112.616,0.85
2024-01-07,Nagarjuna Sagar,238.541,1.7
2024-01-08,Nagarjuna Sagar,90.472,2.551
2024-01-09,Nagarjuna Sagar,197.878,3.401
2024-01-10,Nagarjuna Sagar,301.319,4.251
2024-01-11,Nagarjuna Sagar,267.905,5.101
2024-01-12,Nagarjuna Sagar,148.607,5.951
2024-01-13,Nagarjuna Sagar,92.766,6.801
2024-01-14,Nagarjuna Sagar,125.698,7.652
2024-01-15,Nagarjuna Sagar,170.212,8.502
2024-01-16,Nagarjuna Sagar,132.07,9.352
2024-01-17,Nagarjuna Sagar,137.45,10.202
2024-01-18,Nagarjuna Sagar,130.71,11.052
2024-01-19,Nagarjuna Sagar,197.17,11.902
2024-01-20,Nagarjuna Sagar,199.067,12.753
2024-01-21,Nagarjuna Sagar,154.468,13.603
2024-01-22,Nagarjuna Sagar,161.604,14.453
2024-01-23,Nagarjuna Sagar,185.9,15.303
2024-01-24,Nagarjuna Sagar,140.791,16.153
2024-01-25,Nagarjuna Sagar,196.688,17.003
2024-01-26,Nagarjuna Sagar,166.644,17.854
2024-01-27,Nagarjuna Sagar,97.523,18.704
2024-01-28,Nagarjuna Sagar,223.986,19.554
2024-01-29,Nagarjuna Sagar,95.654,20.404
2024-01-30,Nagarjuna Sagar,177.433,21.254
2024-01-31,Nagarjuna Sagar,106.556,22.104
2024-02-01,Nagarjuna Sagar,165.398,22.955
2024-02-02,Nagarjuna Sagar,92.936,16.951
2024-02-03,Nagarjuna Sagar,189.241,10.241
2024-02-04,Nagarjuna Sagar,179.925,6.003
2024-02-05,Nagarjuna Sagar,92.709,3.46
2024-02-06,Nagarjuna Sagar,101.346,0.918
2024-02-07,Nagarjuna Sagar,147.247,1.836
2024-02-08,Nagarjuna Sagar,97.608,2.755
2024-02-09,Nagarjuna Sagar,145.662,3.673
2024-02-10,Nagarjuna Sagar,28.657,4.591
2024-02-11,Nagarjuna Sagar,128.643,5.509
2024-02-12,Nagarjuna Sagar,48.45,6.427
2024-02-13,Nagarjuna Sagar,192.951,7.345
2024-02-14,Nagarjuna Sagar,92.766,8.264
2024-02-15,Nagarjuna Sagar,19.482,9.182
2024-02-16,Nagarjuna Sagar,52.896,10.1
2024-02-17,Nagarjuna Sagar,11.921,11.018
2024-02-18,Nagarjuna Sagar,90.331,11.936
2024-02-19,Nagarjuna Sagar,0.0,12.855
2024-02-20,Nagarjuna Sagar,45.307,13.773
2024-02-21,Nagarjuna Sagar,99.08,14.691
2024-02-22,Nagarjuna Sagar,0.0,15.609
2024-02-23,Nagarjuna Sagar,119.525,16.527
2024-02-24,Nagarjuna Sagar,192.413,17.445
2024-02-25,Nagarjuna Sagar,86.536,18.364
2024-02-26,Nagarjuna Sagar,61.561,19.282
2024-02-27,Nagarjuna Sagar,0.0,20.2
2024-02-28,Nagarjuna Sagar,38.936,21.118
2024-02-29,Nagarjuna Sagar,0.0,22.036
2024-03-01,Nagarjuna Sagar,41.824,22.955
2024-03-02,Nagarjuna Sagar,0.0,16.245
2024-03-03,Nagarjuna Sagar,77.333,9.888
2024-03-04,Nagarjuna Sagar,40.578,4.944
2024-03-05,Nagarjuna Sagar,12.289,2.897
2024-03-06,Nagarjuna Sagar,0.0,0.85
2024-03-07,Nagarjuna Sagar,58.219,1.7
2024-03-08,Nagarjuna Sagar,84.242,2.551
2024-03-09,Nagarjuna Sagar,101.289,3.401
2024-03-10,Nagarjuna Sagar,47.317,4.251
2024-03-11,Nagarjuna Sagar,24.296,5.101
2024-03-12,Nagarjuna Sagar,80.844,5.951
2024-03-13,Nagarjuna Sagar,73.907,6.801
2024-03-14,Nagarjuna Sagar,68.498,7.652
2024-03-15,Nagarjuna Sagar,108.963,8.502
2024-03-16,Nagarjuna Sagar,63.09,9.352
2024-03-17,Nagarjuna Sagar,97.75,10.202
2024-03-18,Nagarjuna Sagar,49.696,11.052
2024-03-19,Nagarjuna Sagar,72.774,11.902
2024-03-20,Nagarjuna Sagar,41.597,12.753
2024-03-21,Nagarjuna Sagar,0.0,13.603
2024-03-22,Nagarjuna Sagar,20.473,14.453
2024-03-23,Nagarjuna Sagar,34.631,15.303
2024-03-24,Nagarjuna Sagar,36.699,16.153
2024-03-25,Nagarjuna Sagar,40.21,17.003
2024-03-26,Nagarjuna Sagar,21.124,17.854
2024-03-27,Nagarjuna Sagar,10.789,18.704
2024-03-28,Nagarjuna Sagar,83.506,19.554
2024-03-29,Nagarjuna Sagar,144.642,20.404
2024-03-30,Nagarjuna Sagar,62.155,21.254
2024-03-31,Nagarjuna Sagar,0.0,22.104
2024-04-01,Nagarjuna Sagar,91.35,22.955
2024-04-02,Nagarjuna Sagar,65.978,15.892
2024-04-03,Nagarjuna Sagar,0.0,9.535
2024-04-04,Nagarjuna Sagar,34.235,3.885
2024-04-05,Nagarjuna Sagar,97.495,2.384
2024-04-06,Nagarjuna Sagar,0.0,0.883
2024-04-07,Nagarjuna Sagar,125.472,1.766
2024-04-08,Nagarjuna Sagar,53.774,2.649
2024-04-09,Nagarjuna Sagar,109.982,3.531
2024-04-10,Nagarjuna Sagar,0.0,4.414
2024-04-11,Nagarjuna Sagar,0.0,5.297
2024-04-12,Nagarjuna Sagar,0.0,6.18
2024-04-13,Nagarjuna Sagar,90.897,7.063
2024-04-14,Nagarjuna Sagar,40.182,7.946
2024-04-15,Nagarjuna Sagar,19.482,8.829
2024-04-16,Nagarjuna Sagar,21.492,9.712
2024-04-17,Nagarjuna Sagar,28.685,10.594
2024-04-18,Nagarjuna Sagar,26.618,11.477
2024-04-19,Nagarjuna Sagar,26.589,12.36
2024-04-20,Nagarjuna Sagar,26.561,13.243
2024-04-21,Nagarjuna Sagar,31.743,14.126
2024-04-22,Nagarjuna Sagar,0.0,15.009
2024-04-23,Nagarjuna Sagar,35.085,15.892
2024-04-24,Nagarjuna Sagar,0.0,16.774
2024-04-25,Nagarjuna Sagar,0.0,17.657
2024-04-26,Nagarjuna Sagar,0.0,18.54
2024-04-27,Nagarjuna Sagar,0.0,19.423
2024-04-28,Nagarjuna Sagar,0.0,20.306
2024-04-29,Nagarjuna Sagar,0.0,21.189
2024-04-30,Nagarjuna Sagar,0.0,22.072
2024-05-01,Nagarjuna Sagar,0.0,22.955
2024-05-02,Nagarjuna Sagar,0.0,15.538
2024-05-03,Nagarjuna Sagar,0.0,9.182
2024-05-04,Nagarjuna Sagar,0.0,3.178
2024-05-05,Nagarjuna Sagar,0.0,2.007
2024-05-06,Nagarjuna Sagar,0.0,0.837
2024-05-07,Nagarjuna Sagar,0.0,1.674
2024-05-08,Nagarjuna Sagar,0.0,2.511
2024-05-09,Nagarjuna Sagar,0.0,3.348
2024-05-10,Nagarjuna Sagar,0.0,4.185
2024-05-11,Nagarjuna Sagar,0.0,5.023
2024-05-12,Nagarjuna Sagar,0.0,5.86
2024-05-13,Nagarjuna Sagar,0.0,6.697
2024-05-14,Nagarjuna Sagar,0.0,7.534
2024-05-15,Nagarjuna Sagar,0.0,8.371
2024-05-16,Nagarjuna Sagar,0.0,9.208
2024-05-17,Nagarjuna Sagar,0.0,10.045
2024-05-18,Nagarjuna Sagar,0.0,10.882
2024-05-19,Nagarjuna Sagar,0.0,11.719
2024-05-20,Nagarjuna Sagar,0.0,12.556
2024-05-21,Nagarjuna Sagar,0.0,13.393
2024-05-22,Nagarjuna Sagar,0.0,14.231
2024-05-23,Nagarjuna Sagar,0.0,15.068
2024-05-24,Nagarjuna Sagar,0.0,15.905
2024-05-25,Nagarjuna Sagar,0.0,16.742
2024-05-26,Nagarjuna Sagar,0.0,17.579
2024-05-27,Nagarjuna Sagar,0.0,18.416
2024-05-28,Nagarjuna Sagar,0.0,19.253
2024-05-29,Nagarjuna Sagar,0.0,20.09
2024-05-30,Nagarjuna Sagar,0.0,20.927
2024-05-31,Nagarjuna Sagar,0.0,21.764
2024-06-01,Nagarjuna Sagar,0.0,22.601
2024-06-02,Nagarjuna Sagar,0.0,15.185
2024-06-03,Nagarjuna Sagar,0.0,8.829
2024-06-04,Nagarjuna Sagar,0.0,2.472
2024-06-05,Nagarjuna Sagar,0.0,1.678
2024-06-06,Nagarjuna Sagar,0.0,0.883
2024-06-07,Nagarjuna Sagar,0.0,1.766
2024-06-08,Nagarjuna Sagar,75.521,2.649
2024-06-09,Nagarjuna Sagar,0.0,3.531
2024-06-10,Nagarjuna Sagar,0.0,4.414
2024-06-11,Nagarjuna Sagar,0.0,5.297
2024-06-12,Nagarjuna Sagar,0.0,6.18
2024-06-13,Nagarjuna Sagar,0.0,7.063
2024-06-14,Nagarjuna Sagar,0.0,7.946
2024-06-15,Nagarjuna Sagar,0.0,8.829
2024-06-16,Nagarjuna Sagar,0.0,9.712
2024-06-17,Nagarjuna Sagar,0.0,10.594
2024-06-18,Nagarjuna Sagar,0.0,11.477
2024-06-19,Nagarjuna Sagar,0.0,12.36
2024-06-20,Nagarjuna Sagar,0.0,13.243
2024-06-21,Nagarjuna Sagar,0.0,14.126
2024-06-22,Nagarjuna Sagar,0.0,15.009
2024-06-23,Nagarjuna Sagar,0.0,15.892
2024-06-24,Nagarjuna Sagar,0.0,16.774
2024-06-25,Nagarjuna Sagar,0.0,17.657
2024-06-26,Nagarjuna Sagar,0.0,18.54
2024-06-27,Nagarjuna Sagar,0.0,19.423
2024-06-28,Nagarjuna Sagar,0.0,20.306
2024-06-29,Nagarjuna Sagar,0.0,21.189
2024-06-30,Nagarjuna Sagar,0.0,22.072
2024-07-01,Nagarjuna Sagar,0.0,22.955
2024-07-02,Nagarjuna Sagar,0.0,14.832
2024-07-03,Nagarjuna Sagar,0.0,8.476
2024-07-04,Nagarjuna Sagar,0.0,2.119
2024-07-05,Nagarjuna Sagar,0.0,1.485
2024-07-06,Nagarjuna Sagar,0.0,0.85
2024-07-07,Nagarjuna Sagar,0.0,1.7
2024-07-08,Nagarjuna Sagar,0.0,2.551
2024-07-09,Nagarjuna Sagar,0.0,3.401
2024-07-10,Nagarjuna Sagar,0.0,4.251
2024-07-11,Nagarjuna Sagar,0.0,5.101
2024-07-12,Nagarjuna Sagar,0.0,5.951
2024-07-13,Nagarjuna Sagar,0.0,6.801
2024-07-14,Nagarjuna Sagar,0.0,7.652
2024-07-15,Nagarjuna Sagar,0.0,8.502
2024-07-16,Nagarjuna Sagar,0.0,9.352
2024-07-17,Nagarjuna Sagar,545.778,10.202
2024-07-18,Nagarjuna Sagar,675.384,11.052
2024-07-19,Nagarjuna Sagar,239.617,11.902
2024-07-20,Nagarjuna Sagar,132.919,12.753
2024-07-21,Nagarjuna Sagar,66.261,13.603
2024-07-22,Nagarjuna Sagar,62.41,14.453
2024-07-23,Nagarjuna Sagar,52.358,15.303
2024-07-24,Nagarjuna Sagar,304.944,16.153
2024-07-25,Nagarjuna Sagar,368.147,17.003
2024-07-26,Nagarjuna Sagar,837.866,17.854
2024-07-27,Nagarjuna Sagar,1045.938,18.704
2024-07-28,Nagarjuna Sagar,1545.842,19.554
2024-07-29,Nagarjuna Sagar,1626.63,20.404
2024-07-30,Nagarjuna Sagar,2311.614,21.254
2024-07-31,Nagarjuna Sagar,4804.313,22.104
2024-08-01,Nagarjuna Sagar,5915.861,22.955
2024-08-02,Nagarjuna Sagar,9529.962,14.126
2024-08-03,Nagarjuna Sagar,11081.921,8.122
2024-08-04,Nagarjuna Sagar,11219.513,2.119
2024-08-05,Nagarjuna Sagar,8961.984,1.478
2024-08-06,Nagarjuna Sagar,8725.199,0.837
2024-08-07,Nagarjuna Sagar,8992.226,1.674
2024-08-08,Nagarjuna Sagar,9044.612,2.511
2024-08-09,Nagarjuna Sagar,9468.005,3.348
2024-08-10,Nagarjuna Sagar,9375.211,4.185
2024-08-11,Nagarjuna Sagar,8703.678,5.023
2024-08-12,Nagarjuna Sagar,4785.539,5.86
2024-08-13,Nagarjuna Sagar,2744.096,6.697
2024-08-14,Nagarjuna Sagar,1910.053,7.534
2024-08-15,Nagarjuna Sagar,1739.444,8.371
2024-08-16,Nagarjuna Sagar,2188.521,9.208
2024-08-17,Nagarjuna Sagar,2087.571,10.045
2024-08-18,Nagarjuna Sagar,2007.208,10.882
2024-08-19,Nagarjuna Sagar,1974.615,11.719
2024-08-20,Nagarjuna Sagar,978.94,12.556
2024-08-21,Nagarjuna Sagar,919.078,13.393
2024-08-22,Nagarjuna Sagar,1202.36,14.231
2024-08-23,Nagarjuna Sagar,1219.633,15.068
2024-08-24,Nagarjuna Sagar,1655.797,15.905
2024-08-25,Nagarjuna Sagar,1951.622,16.742
2024-08-26,Nagarjuna Sagar,1397.292,17.579
2024-08-27,Nagarjuna Sagar,1655.57,18.416
2024-08-28,Nagarjuna Sagar,2044.869,19.253
2024-08-29,Nagarjuna Sagar,4352.802,20.09
2024-08-30,Nagarjuna Sagar,8574.95,20.927
2024-08-31,Nagarjuna Sagar,8364.5,21.764
2024-09-01,Nagarjuna Sagar,10801.245,22.601
2024-09-02,Nagarjuna Sagar,14211.267,14.126
2024-09-03,Nagarjuna Sagar,13571.025,8.122
2024-09-04,Nagarjuna Sagar,9035.24,1.766
2024-09-05,Nagarjuna Sagar,3884.215,1.318
2024-09-06,Nagarjuna Sagar,2189.88,0.869
2024-09-07,Nagarjuna Sagar,4238.883,1.739
2024-09-08,Nagarjuna Sagar,6826.388,2.608
2024-09-09,Nagarjuna Sagar,7186.407,3.477
2024-09-10,Nagarjuna Sagar,5474.544,4.346
2024-09-11,Nagarjuna Sagar,5.76,5.216
2024-09-12,Nagarjuna Sagar,1869.249,6.085
2024-09-13,Nagarjuna Sagar,2176.118,6.954
2024-09-14,Nagarjuna Sagar,2008.822,7.824
2024-09-15,Nagarjuna Sagar,2194.58,8.693
2024-09-16,Nagarjuna Sagar,2116.284,9.562
2024-09-17,Nagarjuna Sagar,1942.929,10.431
2024-09-18,Nagarjuna Sagar,2004.716,11.301
2024-09-19,Nagarjuna Sagar,2005.849,12.17
2024-09-20,Nagarjuna Sagar,1242.711,13.039
2024-09-21,Nagarjuna Sagar,1124.857,13.909
2024-09-22,Nagarjuna Sagar,901.918,14.778
2024-09-23,Nagarjuna Sagar,1253.783,15.647
2024-09-24,Nagarjuna Sagar,1340.716,16.516
2024-09-25,Nagarjuna Sagar,1063.975,17.386
2024-09-26,Nagarjuna Sagar,1152.777,18.255
2024-09-27,Nagarjuna Sagar,1399.699,19.124
2024-09-28,Nagarjuna Sagar,1068.393,19.994
2024-09-29,Nagarjuna Sagar,1362.661,20.863
2024-09-30,Nagarjuna Sagar,1368.608,21.732
2024-10-01,Nagarjuna Sagar,1008.22,22.601
2024-10-02,Nagarjuna Sagar,1422.438,13.42
2024-10-03,Nagarjuna Sagar,1243.702,7.416
2024-10-04,Nagarjuna Sagar,1080.654,1.059
2024-10-05,Nagarjuna Sagar,1562.946,0.942
2024-10-06,Nagarjuna Sagar,1824.338,0.824
2024-10-07,Nagarjuna Sagar,1627.848,1.648
2024-10-08,Nagarjuna Sagar,1547.06,2.472
2024-10-09,Nagarjuna Sagar,1452.992,3.296
2024-10-10,Nagarjuna Sagar,1636.853,4.12
2024-10-11,Nagarjuna Sagar,2041.726,4.944
2024-10-12,Nagarjuna Sagar,829.739,5.768
2024-10-13,Nagarjuna Sagar,810.795,6.592
2024-10-14,Nagarjuna Sagar,1278.56,7.416
2024-10-15,Nagarjuna Sagar,1548.504,8.24
2024-10-16,Nagarjuna Sagar,2107.365,9.064
2024-10-17,Nagarjuna Sagar,2320.42,9.888
2024-10-18,Nagarjuna Sagar,2214.544,10.712
2024-10-19,Nagarjuna Sagar,2699.157,11.536
2024-10-20,Nagarjuna Sagar,4154.471,12.36
2024-10-21,Nagarjuna Sagar,5801.546,13.184
2024-10-22,Nagarjuna Sagar,5480.207,14.008
2024-10-23,Nagarjuna Sagar,3018.231,14.832
2024-10-24,Nagarjuna Sagar,1958.475,15.656
2024-10-25,Nagarjuna Sagar,4713.926,16.48
2024-10-26,Nagarjuna Sagar,4055.249,17.304
2024-10-27,Nagarjuna Sagar,2200.017,18.128
2024-10-28,Nagarjuna Sagar,2023.434,18.952
2024-10-29,Nagarjuna Sagar,2083.947,19.776
2024-10-30,Nagarjuna Sagar,2057.555,20.6
2024-10-31,Nagarjuna Sagar,1518.828,21.424
2024-11-01,Nagarjuna Sagar,1008.871,22.248
2024-11-02,Nagarjuna Sagar,594.086,13.42
2024-11-03,Nagarjuna Sagar,774.351,7.416
2024-11-04,Nagarjuna Sagar,1066.382,5.225
2024-11-05,Nagarjuna Sagar,686.512,3.033
2024-11-06,Nagarjuna Sagar,235.992,0.842
2024-11-07,Nagarjuna Sagar,492.118,1.684
2024-11-08,Nagarjuna Sagar,996.78,2.526
2024-11-09,Nagarjuna Sagar,1378.405,3.368
2024-11-10,Nagarjuna Sagar,608.613,4.211
2024-11-11,Nagarjuna Sagar,373.272,5.053
2024-11-12,Nagarjuna Sagar,498.177,5.895
2024-11-13,Nagarjuna Sagar,0.0,6.737
2024-11-14,Nagarjuna Sagar,152.967,7.579
2024-11-15,Nagarjuna Sagar,0.0,8.421
2024-11-16,Nagarjuna Sagar,89.481,9.263
2024-11-17,Nagarjuna Sagar,198.727,10.105
2024-11-18,Nagarjuna Sagar,235.029,10.948
2024-11-19,Nagarjuna Sagar,233.132,11.79
2024-11-20,Nagarjuna Sagar,332.128,12.632
2024-11-21,Nagarjuna Sagar,729.837,13.474
2024-11-22,Nagarjuna Sagar,966.056,14.316
2024-11-23,Nagarjuna Sagar,971.351,15.158
2024-11-24,Nagarjuna Sagar,796.891,16.0
2024-11-25,Nagarjuna Sagar,1238.718,16.842
2024-11-26,Nagarjuna Sagar,1039.765,17.684
2024-11-27,Nagarjuna Sagar,1230.138,18.527
2024-11-28,Nagarjuna Sagar,589.358,19.369
2024-11-29,Nagarjuna Sagar,580.608,20.211
2024-11-30,Nagarjuna Sagar,1322.111,21.053
2024-12-01,Nagarjuna Sagar,643.216,21.895
2024-12-02,Nagarjuna Sagar,390.489,13.42
2024-12-03,Nagarjuna Sagar,450.18,7.063
2024-12-04,Nagarjuna Sagar,426.678,0.353
2024-12-05,Nagarjuna Sagar,0.0,0.353
2024-12-06,Nagarjuna Sagar,0.0,0.353
2024-12-07,Nagarjuna Sagar,0.0,0.353
2024-12-08,Nagarjuna Sagar,152.769,0.353
2024-12-09,Nagarjuna Sagar,140.083,0.353
2024-12-10,Nagarjuna Sagar,186.296,0.353
2024-12-11,Nagarjuna Sagar,120.63,0.353
2024-12-12,Nagarjuna Sagar,283.083,0.353
2024-12-13,Nagarjuna Sagar,189.553,0.353
2024-12-14,Nagarjuna Sagar,260.061,0.353
2024-12-15,Nagarjuna Sagar,72.349,0.353
2024-12-16,Nagarjuna Sagar,3.908,0.353
2024-12-17,Nagarjuna Sagar,441.176,0.353
2024-12-18,Nagarjuna Sagar,300.724,0.353
2024-12-19,Nagarjuna Sagar,524.087,0.353
2024-12-20,Nagarjuna Sagar,406.12,0.353
2024-12-21,Nagarjuna Sagar,440.553,0.353
2024-12-22,Nagarjuna Sagar,295.656,0.353
2024-12-23,Nagarjuna Sagar,275.579,0.353
2024-12-24,Nagarjuna Sagar,284.64,0.353
2024-12-25,Nagarjuna Sagar,496.309,0.353
2024-12-26,Nagarjuna Sagar,203.343,0.353
2024-12-27,Nagarjuna Sagar,456.127,0.353
2024-12-28,Nagarjuna Sagar,199.464,0.353
2024-12-29,Nagarjuna Sagar,239.758,0.353
2024-12-30,Nagarjuna Sagar,205.523,0.353
2024-12-31,Nagarjuna Sagar,399.692,0.353
