Date,Reservoir_Name,Inflow (cusecs/cumecs),Storage (TMC/MCM)
2010-01-01,Sardar Sarovar,20.749,50.853
2010-01-02,Sardar Sarovar,20.861,51.559
2010-01-03,Sardar Sarovar,11.897,49.794
2010-01-04,Sardar Sarovar,18.22,45.556
2010-01-05,Sardar Sarovar,23.714,36.727
2010-01-06,Sardar Sarovar,173.599,25.073
2010-01-07,Sardar Sarovar,323.483,13.773
2010-01-08,Sardar Sarovar,473.368,24.014
2010-01-09,Sardar Sarovar,457.952,44.85
2010-01-10,Sardar Sarovar,473.368,49.087
2010-01-11,Sardar Sarovar,466.99,51.913
2010-01-12,Sardar Sarovar,245.22,50.853
2010-01-13,Sardar Sarovar,23.451,50.835
2010-01-14,Sardar Sarovar,20.966,50.818
2010-01-15,Sardar Sarovar,24.654,50.8
2010-01-16,Sardar Sarovar,492.383,50.782
2010-01-17,Sardar Sarovar,142.309,50.765
2010-01-18,Sardar Sarovar,26.471,50.747
2010-01-19,Sardar Sarovar,189.09,50.73
2010-01-20,Sardar Sarovar,205.068,50.712
2010-01-21,Sardar Sarovar,447.928,50.694
2010-01-22,Sardar Sarovar,441.733,50.677
2010-01-23,Sardar Sarovar,461.226,50.659
2010-01-24,Sardar Sarovar,480.72,50.641
2010-01-25,Sardar Sarovar,24.017,50.624
2010-01-26,Sardar Sarovar,29.767,50.606
2010-01-27,Sardar Sarovar,22.124,50.588
2010-01-28,Sardar Sarovar,127.023,50.571
2010-01-29,Sardar Sarovar,231.922,50.553
2010-01-30,Sardar Sarovar,202.58,50.535
2010-01-31,Sardar Sarovar,193.273,50.518
2010-02-01,Sardar Sarovar,24.263,50.5
2010-02-02,Sardar Sarovar,23.146,51.559
2010-02-03,Sardar Sarovar,24.338,50.147
2010-02-04,Sardar Sarovar,23.013,45.556
2010-02-05,Sardar Sarovar,21.975,36.727
2010-02-06,Sardar Sarovar,23.361,24.367
2010-02-07,Sardar Sarovar,22.049,13.773
2010-02-08,Sardar Sarovar,21.024,24.367
2010-02-09,Sardar Sarovar,20.583,44.143
2010-02-10,Sardar Sarovar,21.092,49.087
2010-02-11,Sardar Sarovar,21.62,51.913
2010-02-12,Sardar Sarovar,20.895,50.147
2010-02-13,Sardar Sarovar,22.823,50.147
2010-02-14,Sardar Sarovar,26.962,50.147
2010-02-15,Sardar Sarovar,21.323,50.147
2010-02-16,Sardar Sarovar,20.775,50.147
2010-02-17,Sardar Sarovar,20.986,50.147
2010-02-18,Sardar Sarovar,19.355,50.147
2010-02-19,Sardar Sarovar,20.241,50.147
2010-02-20,Sardar Sarovar,21.128,50.147
2010-02-21,Sardar Sarovar,23.19,50.147
2010-02-22,Sardar Sarovar,20.753,50.147
2010-02-23,Sardar Sarovar,20.711,50.147
2010-02-24,Sardar Sarovar,21.66,50.147
2010-02-25,Sardar Sarovar,21.281,50.147
2010-02-26,Sardar Sarovar,21.536,50.147
2010-02-27,Sardar Sarovar,36.073,50.147
2010-02-28,Sardar Sarovar,45.263,50.147
2010-03-01,Sardar Sarovar,43.309,50.147
2010-03-02,Sardar Sarovar,23.8,52.266
2010-03-03,Sardar Sarovar,23.437,49.441
2010-03-04,Sardar Sarovar,23.075,45.909
2010-03-05,Sardar Sarovar,22.307,36.021
2010-03-06,Sardar Sarovar,21.263,24.014
2010-03-07,Sardar Sarovar,31.257,15.892
2010-03-08,Sardar Sarovar,19.885,24.72
2010-03-09,Sardar Sarovar,21.644,43.437
2010-03-10,Sardar Sarovar,20.991,49.087
2010-03-11,Sardar Sarovar,21.259,52.266
2010-03-12,Sardar Sarovar,22.936,49.441
2010-03-13,Sardar Sarovar,26.351,49.458
2010-03-14,Sardar Sarovar,29.767,49.476
2010-03-15,Sardar Sarovar,19.357,49.494
2010-03-16,Sardar Sarovar,23.24,49.511
2010-03-17,Sardar Sarovar,22.451,49.529
2010-03-18,Sardar Sarovar,21.161,49.546
2010-03-19,Sardar Sarovar,23.975,49.564
2010-03-20,Sardar Sarovar,19.151,49.582
2010-03-21,Sardar Sarovar,26.962,49.599
2010-03-22,Sardar Sarovar,21.762,49.617
2010-03-23,Sardar Sarovar,19.081,49.635
2010-03-24,Sardar Sarovar,19.0,49.652
2010-03-25,Sardar Sarovar,21.472,49.67
2010-03-26,Sardar Sarovar,22.179,49.688
2010-03-27,Sardar Sarovar,19.124,49.705
2010-03-28,Sardar Sarovar,28.336,49.723
2010-03-29,Sardar Sarovar,18.927,49.741
2010-03-30,Sardar Sarovar,20.735,49.758
2010-03-31,Sardar Sarovar,21.86,49.776
2010-04-01,Sardar Sarovar,23.613,49.794
2010-04-02,Sardar Sarovar,29.767,52.266
2010-04-03,Sardar Sarovar,20.721,49.087
2010-04-04,Sardar Sarovar,36.073,46.615
2010-04-05,Sardar Sarovar,20.604,35.668
2010-04-06,Sardar Sarovar,19.977,23.308
2010-04-07,Sardar Sarovar,237.933,16.598
2010-04-08,Sardar Sarovar,251.268,25.427
2010-04-09,Sardar Sarovar,243.698,42.731
2010-04-10,Sardar Sarovar,263.929,49.441
2010-04-11,Sardar Sarovar,45.263,52.972
2010-04-12,Sardar Sarovar,33.924,48.734
2010-04-13,Sardar Sarovar,22.584,48.79
2010-04-14,Sardar Sarovar,53.659,48.846
2010-04-15,Sardar Sarovar,121.32,48.902
2010-04-16,Sardar Sarovar,188.982,48.957
2010-04-17,Sardar Sarovar,256.643,49.013
2010-04-18,Sardar Sarovar,383.066,49.069
2010-04-19,Sardar Sarovar,248.862,49.125
2010-04-20,Sardar Sarovar,250.702,49.18
2010-04-21,Sardar Sarovar,193.823,49.236
2010-04-22,Sardar Sarovar,136.944,49.292
2010-04-23,Sardar Sarovar,80.066,49.348
2010-04-24,Sardar Sarovar,23.187,49.403
2010-04-25,Sardar Sarovar,32.804,49.459
2010-04-26,Sardar Sarovar,23.329,49.515
2010-04-27,Sardar Sarovar,21.562,49.571
2010-04-28,Sardar Sarovar,22.044,49.626
2010-04-29,Sardar Sarovar,22.477,49.682
2010-04-30,Sardar Sarovar,22.319,49.738
2010-05-01,Sardar Sarovar,22.161,49.794
2010-05-02,Sardar Sarovar,22.049,51.913
2010-05-03,Sardar Sarovar,22.009,48.028
2010-05-04,Sardar Sarovar,21.635,47.322
2010-05-05,Sardar Sarovar,21.304,34.608
2010-05-06,Sardar Sarovar,21.126,22.955
2010-05-07,Sardar Sarovar,20.614,16.245
2010-05-08,Sardar Sarovar,20.881,26.133
2010-05-09,Sardar Sarovar,29.767,42.731
2010-05-10,Sardar Sarovar,21.326,49.087
2010-05-11,Sardar Sarovar,21.076,53.325
2010-05-12,Sardar Sarovar,20.825,48.381
2010-05-13,Sardar Sarovar,36.073,48.452
2010-05-14,Sardar Sarovar,22.495,48.522
2010-05-15,Sardar Sarovar,31.035,48.593
2010-05-16,Sardar Sarovar,39.575,48.664
2010-05-17,Sardar Sarovar,32.885,48.734
2010-05-18,Sardar Sarovar,26.194,48.805
2010-05-19,Sardar Sarovar,29.617,48.875
2010-05-20,Sardar Sarovar,33.04,48.946
2010-05-21,Sardar Sarovar,36.463,49.017
2010-05-22,Sardar Sarovar,39.886,49.087
2010-05-23,Sardar Sarovar,43.309,49.158
2010-05-24,Sardar Sarovar,20.94,49.229
2010-05-25,Sardar Sarovar,25.154,49.299
2010-05-26,Sardar Sarovar,29.368,49.37
2010-05-27,Sardar Sarovar,33.581,49.441
2010-05-28,Sardar Sarovar,37.795,49.511
2010-05-29,Sardar Sarovar,39.604,49.582
2010-05-30,Sardar Sarovar,41.413,49.652
2010-05-31,Sardar Sarovar,20.575,49.723
2010-06-01,Sardar Sarovar,22.881,49.794
2010-06-02,Sardar Sarovar,22.542,51.206
2010-06-03,Sardar Sarovar,22.885,47.322
2010-06-04,Sardar Sarovar,21.881,47.675
2010-06-05,Sardar Sarovar,21.63,33.902
2010-06-06,Sardar Sarovar,55.019,22.248
2010-06-07,Sardar Sarovar,21.988,16.951
2010-06-08,Sardar Sarovar,22.737,26.839
2010-06-09,Sardar Sarovar,23.838,43.437
2010-06-10,Sardar Sarovar,23.315,48.028
2010-06-11,Sardar Sarovar,23.689,54.738
2010-06-12,Sardar Sarovar,24.726,48.734
2010-06-13,Sardar Sarovar,49.62,48.809
2010-06-14,Sardar Sarovar,25.433,48.883
2010-06-15,Sardar Sarovar,27.988,48.957
2010-06-16,Sardar Sarovar,24.958,49.032
2010-06-17,Sardar Sarovar,24.379,49.106
2010-06-18,Sardar Sarovar,23.65,49.18
2010-06-19,Sardar Sarovar,22.921,49.255
2010-06-20,Sardar Sarovar,52.292,49.329
2010-06-21,Sardar Sarovar,126.698,49.403
2010-06-22,Sardar Sarovar,123.297,49.478
2010-06-23,Sardar Sarovar,127.119,49.552
2010-06-24,Sardar Sarovar,25.148,49.626
2010-06-25,Sardar Sarovar,23.704,49.701
2010-06-26,Sardar Sarovar,19.917,49.775
2010-06-27,Sardar Sarovar,6.428,49.849
2010-06-28,Sardar Sarovar,20.394,49.924
2010-06-29,Sardar Sarovar,20.539,49.998
2010-06-30,Sardar Sarovar,20.685,50.072
2010-07-01,Sardar Sarovar,22.128,50.147
2010-07-02,Sardar Sarovar,22.494,50.853
2010-07-03,Sardar Sarovar,23.168,46.615
2010-07-04,Sardar Sarovar,605.735,48.028
2010-07-05,Sardar Sarovar,126.209,33.196
2010-07-06,Sardar Sarovar,23.244,21.895
2010-07-07,Sardar Sarovar,22.719,16.245
2010-07-08,Sardar Sarovar,124.371,27.899
2010-07-09,Sardar Sarovar,133.236,44.85
2010-07-10,Sardar Sarovar,121.912,46.969
2010-07-11,Sardar Sarovar,272.857,54.385
2010-07-12,Sardar Sarovar,21.956,49.087
2010-07-13,Sardar Sarovar,21.912,49.176
2010-07-14,Sardar Sarovar,21.295,49.264
2010-07-15,Sardar Sarovar,21.087,49.352
2010-07-16,Sardar Sarovar,20.829,49.441
2010-07-17,Sardar Sarovar,140.388,49.529
2010-07-18,Sardar Sarovar,457.725,49.617
2010-07-19,Sardar Sarovar,914.577,49.705
2010-07-20,Sardar Sarovar,865.444,49.794
2010-07-21,Sardar Sarovar,21.118,49.882
2010-07-22,Sardar Sarovar,20.471,49.97
2010-07-23,Sardar Sarovar,20.125,50.059
2010-07-24,Sardar Sarovar,20.962,50.147
2010-07-25,Sardar Sarovar,32.511,50.235
2010-07-26,Sardar Sarovar,22.103,50.323
2010-07-27,Sardar Sarovar,21.333,50.412
2010-07-28,Sardar Sarovar,20.675,50.5
2010-07-29,Sardar Sarovar,21.446,50.588
2010-07-30,Sardar Sarovar,22.59,50.677
2010-07-31,Sardar Sarovar,25.232,50.765
2010-08-01,Sardar Sarovar,41.94,50.853
2010-08-02,Sardar Sarovar,22.105,50.147
2010-08-03,Sardar Sarovar,21.877,46.262
2010-08-04,Sardar Sarovar,24.845,48.028
2010-08-05,Sardar Sarovar,24.358,33.196
2010-08-06,Sardar Sarovar,29.025,21.542
2010-08-07,Sardar Sarovar,27.771,15.538
2010-08-08,Sardar Sarovar,37.107,31.43
2010-08-09,Sardar Sarovar,157.61,44.496
2010-08-10,Sardar Sarovar,36.857,45.909
2010-08-11,Sardar Sarovar,37.79,54.031
2010-08-12,Sardar Sarovar,35.912,49.794
2010-08-13,Sardar Sarovar,34.672,49.847
2010-08-14,Sardar Sarovar,34.65,49.9
2010-08-15,Sardar Sarovar,41.94,49.953
2010-08-16,Sardar Sarovar,35.552,50.006
2010-08-17,Sardar Sarovar,1591.893,50.059
2010-08-18,Sardar Sarovar,1631.795,50.112
2010-08-19,Sardar Sarovar,1615.71,50.164
2010-08-20,Sardar Sarovar,150.265,50.217
2010-08-21,Sardar Sarovar,149.024,50.27
2010-08-22,Sardar Sarovar,181.629,50.323
2010-08-23,Sardar Sarovar,1567.687,50.376
2010-08-24,Sardar Sarovar,1630.082,50.429
2010-08-25,Sardar Sarovar,1435.362,50.482
2010-08-26,Sardar Sarovar,1422.737,50.535
2010-08-27,Sardar Sarovar,156.728,50.588
2010-08-28,Sardar Sarovar,235.259,50.641
2010-08-29,Sardar Sarovar,313.79,50.694
2010-08-30,Sardar Sarovar,863.277,50.747
2010-08-31,Sardar Sarovar,1412.764,50.8
2010-09-01,Sardar Sarovar,1410.877,50.853
2010-09-02,Sardar Sarovar,1368.895,50.147
2010-09-03,Sardar Sarovar,1161.326,45.909
2010-09-04,Sardar Sarovar,145.108,48.028
2010-09-05,Sardar Sarovar,195.053,33.196
2010-09-06,Sardar Sarovar,163.05,21.189
2010-09-07,Sardar Sarovar,889.872,14.479
2010-09-08,Sardar Sarovar,1616.695,34.255
2010-09-09,Sardar Sarovar,1669.539,47.675
2010-09-10,Sardar Sarovar,4542.916,45.909
2010-09-11,Sardar Sarovar,3761.376,53.325
2010-09-12,Sardar Sarovar,2967.172,50.147
2010-09-13,Sardar Sarovar,2752.888,50.128
2010-09-14,Sardar Sarovar,2538.604,50.11
2010-09-15,Sardar Sarovar,2324.32,50.091
2010-09-16,Sardar Sarovar,2112.994,50.072
2010-09-17,Sardar Sarovar,1824.038,50.054
2010-09-18,Sardar Sarovar,1773.879,50.035
2010-09-19,Sardar Sarovar,1539.231,50.017
2010-09-20,Sardar Sarovar,1637.465,49.998
2010-09-21,Sardar Sarovar,1642.676,49.98
2010-09-22,Sardar Sarovar,1730.377,49.961
2010-09-23,Sardar Sarovar,1573.277,49.942
2010-09-24,Sardar Sarovar,1564.225,49.924
2010-09-25,Sardar Sarovar,1672.779,49.905
2010-09-26,Sardar Sarovar,1388.525,49.887
2010-09-27,Sardar Sarovar,1603.072,49.868
2010-09-28,Sardar Sarovar,1596.804,49.849
2010-09-29,Sardar Sarovar,1592.782,49.831
2010-09-30,Sardar Sarovar,1622.774,49.812
2010-10-01,Sardar Sarovar,1618.178,49.794
2010-10-02,Sardar Sarovar,470.5,49.794
2010-10-03,Sardar Sarovar,166.762,45.203
2010-10-04,Sardar Sarovar,149.022,48.028
2010-10-05,Sardar Sarovar,149.798,32.843
2010-10-06,Sardar Sarovar,150.573,20.836
2010-10-07,Sardar Sarovar,151.348,13.773
2010-10-08,Sardar Sarovar,152.124,34.608
2010-10-09,Sardar Sarovar,147.102,55.444
2010-10-10,Sardar Sarovar,41.94,45.203
2010-10-11,Sardar Sarovar,29.678,52.619
2010-10-12,Sardar Sarovar,26.714,49.794
2010-10-13,Sardar Sarovar,27.524,49.811
2010-10-14,Sardar Sarovar,26.811,49.829
2010-10-15,Sardar Sarovar,27.338,49.847
2010-10-16,Sardar Sarovar,26.566,49.864
2010-10-17,Sardar Sarovar,26.074,49.882
2010-10-18,Sardar Sarovar,25.32,49.9
2010-10-19,Sardar Sarovar,28.852,49.917
2010-10-20,Sardar Sarovar,27.279,49.935
2010-10-21,Sardar Sarovar,28.986,49.953
2010-10-22,Sardar Sarovar,25.914,49.97
2010-10-23,Sardar Sarovar,27.642,49.988
2010-10-24,Sardar Sarovar,34.779,50.006
2010-10-25,Sardar Sarovar,34.758,50.023
2010-10-26,Sardar Sarovar,34.862,50.041
2010-10-27,Sardar Sarovar,31.218,50.059
2010-10-28,Sardar Sarovar,29.384,50.076
2010-10-29,Sardar Sarovar,29.362,50.094
2010-10-30,Sardar Sarovar,33.237,50.112
2010-10-31,Sardar Sarovar,32.511,50.129
2010-11-01,Sardar Sarovar,29.729,50.147
2010-11-02,Sardar Sarovar,28.907,49.794
2010-11-03,Sardar Sarovar,29.49,44.85
2010-11-04,Sardar Sarovar,28.108,48.381
2010-11-05,Sardar Sarovar,41.94,32.843
2010-11-06,Sardar Sarovar,28.142,20.129
2010-11-07,Sardar Sarovar,257.491,12.713
2010-11-08,Sardar Sarovar,31.097,35.315
2010-11-09,Sardar Sarovar,31.949,55.444
2010-11-10,Sardar Sarovar,31.219,45.556
2010-11-11,Sardar Sarovar,32.795,52.619
2010-11-12,Sardar Sarovar,33.45,50.147
2010-11-13,Sardar Sarovar,35.202,50.147
2010-11-14,Sardar Sarovar,41.94,50.147
2010-11-15,Sardar Sarovar,33.278,50.147
2010-11-16,Sardar Sarovar,34.938,50.147
2010-11-17,Sardar Sarovar,49.62,50.147
2010-11-18,Sardar Sarovar,33.895,50.147
2010-11-19,Sardar Sarovar,36.121,50.147
2010-11-20,Sardar Sarovar,31.306,50.147
2010-11-21,Sardar Sarovar,332.152,50.147
2010-11-22,Sardar Sarovar,39.041,50.147
2010-11-23,Sardar Sarovar,32.98,50.147
2010-11-24,Sardar Sarovar,31.981,50.147
2010-11-25,Sardar Sarovar,31.677,50.147
2010-11-26,Sardar Sarovar,32.982,50.147
2010-11-27,Sardar Sarovar,31.436,50.147
2010-11-28,Sardar Sarovar,41.94,50.147
2010-11-29,Sardar Sarovar,45.339,50.147
2010-11-30,Sardar Sarovar,45.926,50.147
2010-12-01,Sardar Sarovar,120.817,50.147
2010-12-02,Sardar Sarovar,184.232,49.794
2010-12-03,Sardar Sarovar,43.851,44.496
2010-12-04,Sardar Sarovar,39.694,48.734
2010-12-05,Sardar Sarovar,39.495,33.196
2010-12-06,Sardar Sarovar,44.925,19.423
2010-12-07,Sardar Sarovar,39.937,13.066
2010-12-08,Sardar Sarovar,36.618,36.374
2010-12-09,Sardar Sarovar,36.153,55.444
2010-12-10,Sardar Sarovar,38.25,44.85
2010-12-11,Sardar Sarovar,35.644,52.619
2010-12-12,Sardar Sarovar,41.94,50.5
2010-12-13,Sardar Sarovar,53.343,50.465
2010-12-14,Sardar Sarovar,36.849,50.429
2010-12-15,Sardar Sarovar,38.065,50.394
2010-12-16,Sardar Sarovar,36.82,50.359
2010-12-17,Sardar Sarovar,41.94,50.323
2010-12-18,Sardar Sarovar,36.127,50.288
2010-12-19,Sardar Sarovar,47.004,50.253
2010-12-20,Sardar Sarovar,35.142,50.217
2010-12-21,Sardar Sarovar,36.685,50.182
2010-12-22,Sardar Sarovar,44.871,50.147
2010-12-23,Sardar Sarovar,44.548,50.112
2010-12-24,Sardar Sarovar,42.481,50.076
2010-12-25,Sardar Sarovar,44.444,50.041
2010-12-26,Sardar Sarovar,44.444,50.006
2010-12-27,Sardar Sarovar,43.667,49.97
2010-12-28,Sardar Sarovar,41.531,49.935
2010-12-29,Sardar Sarovar,43.51,49.9
2010-12-30,Sardar Sarovar,39.716,49.864
2010-12-31,Sardar Sarovar,32.576,49.829
2011-01-01,Sardar Sarovar,43.852,49.794
2011-01-02,Sardar Sarovar,39.495,40.259
2011-01-03,Sardar Sarovar,43.21,39.906
2011-01-04,Sardar Sarovar,42.052,36.021
2011-01-05,Sardar Sarovar,40.369,29.311
2011-01-06,Sardar Sarovar,46.807,19.776
2011-01-07,Sardar Sarovar,44.494,8.122
2011-01-08,Sardar Sarovar,44.451,30.724
2011-01-09,Sardar Sarovar,47.004,55.444
2011-01-10,Sardar Sarovar,44.211,55.444
2011-01-11,Sardar Sarovar,42.248,52.619
2011-01-12,Sardar Sarovar,41.133,48.381
2011-01-13,Sardar Sarovar,42.808,48.399
2011-01-14,Sardar Sarovar,44.444,48.416
2011-01-15,Sardar Sarovar,41.67,48.434
2011-01-16,Sardar Sarovar,278.056,48.452
2011-01-17,Sardar Sarovar,348.58,48.469
2011-01-18,Sardar Sarovar,359.357,48.487
2011-01-19,Sardar Sarovar,334.279,48.505
2011-01-20,Sardar Sarovar,343.839,48.522
2011-01-21,Sardar Sarovar,330.411,48.54
2011-01-22,Sardar Sarovar,363.165,48.558
2011-01-23,Sardar Sarovar,267.696,48.575
2011-01-24,Sardar Sarovar,38.764,48.593
2011-01-25,Sardar Sarovar,51.639,48.611
2011-01-26,Sardar Sarovar,40.472,48.628
2011-01-27,Sardar Sarovar,51.256,48.646
2011-01-28,Sardar Sarovar,53.167,48.664
2011-01-29,Sardar Sarovar,51.01,48.681
2011-01-30,Sardar Sarovar,52.292,48.699
2011-01-31,Sardar Sarovar,31.696,48.717
2011-02-01,Sardar Sarovar,30.461,48.734
2011-02-02,Sardar Sarovar,52.963,40.612
2011-02-03,Sardar Sarovar,47.84,40.612
2011-02-04,Sardar Sarovar,54.06,36.374
2011-02-05,Sardar Sarovar,51.266,29.311
2011-02-06,Sardar Sarovar,44.444,19.776
2011-02-07,Sardar Sarovar,49.24,9.535
2011-02-08,Sardar Sarovar,51.601,30.724
2011-02-09,Sardar Sarovar,53.665,55.444
2011-02-10,Sardar Sarovar,52.651,55.091
2011-02-11,Sardar Sarovar,53.928,52.972
2011-02-12,Sardar Sarovar,51.167,48.028
2011-02-13,Sardar Sarovar,47.004,47.986
2011-02-14,Sardar Sarovar,52.573,47.945
2011-02-15,Sardar Sarovar,53.488,47.903
2011-02-16,Sardar Sarovar,49.62,47.862
2011-02-17,Sardar Sarovar,52.951,47.82
2011-02-18,Sardar Sarovar,52.763,47.779
2011-02-19,Sardar Sarovar,55.566,47.737
2011-02-20,Sardar Sarovar,57.8,47.696
2011-02-21,Sardar Sarovar,53.875,47.654
2011-02-22,Sardar Sarovar,54.233,47.612
2011-02-23,Sardar Sarovar,53.303,47.571
2011-02-24,Sardar Sarovar,56.201,47.529
2011-02-25,Sardar Sarovar,56.003,47.488
2011-02-26,Sardar Sarovar,57.256,47.446
2011-02-27,Sardar Sarovar,47.004,47.405
2011-02-28,Sardar Sarovar,57.219,47.363
2011-03-01,Sardar Sarovar,83.082,47.322
2011-03-02,Sardar Sarovar,30.303,40.965
2011-03-03,Sardar Sarovar,327.437,41.318
2011-03-04,Sardar Sarovar,319.179,36.727
2011-03-05,Sardar Sarovar,319.848,29.664
2011-03-06,Sardar Sarovar,267.696,19.776
2011-03-07,Sardar Sarovar,303.066,10.948
2011-03-08,Sardar Sarovar,295.299,31.077
2011-03-09,Sardar Sarovar,289.722,55.444
2011-03-10,Sardar Sarovar,288.559,54.031
2011-03-11,Sardar Sarovar,286.752,52.972
2011-03-12,Sardar Sarovar,289.026,48.028
2011-03-13,Sardar Sarovar,272.857,47.993
2011-03-14,Sardar Sarovar,288.056,47.957
2011-03-15,Sardar Sarovar,296.501,47.922
2011-03-16,Sardar Sarovar,291.786,47.887
2011-03-17,Sardar Sarovar,285.343,47.851
2011-03-18,Sardar Sarovar,287.362,47.816
2011-03-19,Sardar Sarovar,282.045,47.781
2011-03-20,Sardar Sarovar,272.857,47.745
2011-03-21,Sardar Sarovar,285.735,47.71
2011-03-22,Sardar Sarovar,283.611,47.675
2011-03-23,Sardar Sarovar,282.828,47.639
2011-03-24,Sardar Sarovar,282.812,47.604
2011-03-25,Sardar Sarovar,269.249,47.569
2011-03-26,Sardar Sarovar,294.743,47.534
2011-03-27,Sardar Sarovar,272.857,47.498
2011-03-28,Sardar Sarovar,300.478,47.463
2011-03-29,Sardar Sarovar,297.277,47.428
2011-03-30,Sardar Sarovar,56.815,47.392
2011-03-31,Sardar Sarovar,55.429,47.357
2011-04-01,Sardar Sarovar,53.14,47.322
2011-04-02,Sardar Sarovar,53.279,40.965
2011-04-03,Sardar Sarovar,57.8,42.378
2011-04-04,Sardar Sarovar,55.866,38.14
2011-04-05,Sardar Sarovar,52.975,29.664
2011-04-06,Sardar Sarovar,50.084,20.129
2011-04-07,Sardar Sarovar,52.89,12.007
2011-04-08,Sardar Sarovar,48.935,31.43
2011-04-09,Sardar Sarovar,52.442,55.444
2011-04-10,Sardar Sarovar,39.495,51.913
2011-04-11,Sardar Sarovar,52.969,52.619
2011-04-12,Sardar Sarovar,50.683,48.028
2011-04-13,Sardar Sarovar,54.122,48.009
2011-04-14,Sardar Sarovar,49.62,47.991
2011-04-15,Sardar Sarovar,54.287,47.972
2011-04-16,Sardar Sarovar,13.342,47.954
2011-04-17,Sardar Sarovar,34.779,47.935
2011-04-18,Sardar Sarovar,56.638,47.916
2011-04-19,Sardar Sarovar,57.4,47.898
2011-04-20,Sardar Sarovar,56.734,47.879
2011-04-21,Sardar Sarovar,56.043,47.861
2011-04-22,Sardar Sarovar,34.779,47.842
2011-04-23,Sardar Sarovar,54.516,47.823
2011-04-24,Sardar Sarovar,160.103,47.805
2011-04-25,Sardar Sarovar,56.299,47.786
2011-04-26,Sardar Sarovar,57.08,47.768
2011-04-27,Sardar Sarovar,56.421,47.749
2011-04-28,Sardar Sarovar,56.459,47.731
2011-04-29,Sardar Sarovar,55.627,47.712
2011-04-30,Sardar Sarovar,57.168,47.693
2011-05-01,Sardar Sarovar,34.779,47.675
2011-05-02,Sardar Sarovar,56.961,41.318
2011-05-03,Sardar Sarovar,56.708,42.731
2011-05-04,Sardar Sarovar,57.625,38.493
2011-05-05,Sardar Sarovar,57.293,29.664
2011-05-06,Sardar Sarovar,56.586,20.836
2011-05-07,Sardar Sarovar,52.463,12.713
2011-05-08,Sardar Sarovar,39.495,32.489
2011-05-09,Sardar Sarovar,57.678,55.444
2011-05-10,Sardar Sarovar,55.821,50.147
2011-05-11,Sardar Sarovar,55.102,52.619
2011-05-12,Sardar Sarovar,59.101,48.381
2011-05-13,Sardar Sarovar,56.067,48.346
2011-05-14,Sardar Sarovar,58.394,48.31
2011-05-15,Sardar Sarovar,37.107,48.275
2011-05-16,Sardar Sarovar,55.349,48.24
2011-05-17,Sardar Sarovar,41.94,48.205
2011-05-18,Sardar Sarovar,56.764,48.169
2011-05-19,Sardar Sarovar,61.092,48.134
2011-05-20,Sardar Sarovar,74.313,48.099
2011-05-21,Sardar Sarovar,61.656,48.063
2011-05-22,Sardar Sarovar,55.019,48.028
2011-05-23,Sardar Sarovar,71.924,47.993
2011-05-24,Sardar Sarovar,70.894,47.957
2011-05-25,Sardar Sarovar,72.284,47.922
2011-05-26,Sardar Sarovar,70.828,47.887
2011-05-27,Sardar Sarovar,72.053,47.851
2011-05-28,Sardar Sarovar,73.795,47.816
2011-05-29,Sardar Sarovar,91.839,47.781
2011-05-30,Sardar Sarovar,52.806,47.745
2011-05-31,Sardar Sarovar,66.672,47.71
2011-06-01,Sardar Sarovar,69.42,47.675
2011-06-02,Sardar Sarovar,53.449,40.965
2011-06-03,Sardar Sarovar,52.81,42.378
2011-06-04,Sardar Sarovar,51.118,38.14
2011-06-05,Sardar Sarovar,140.34,29.311
2011-06-06,Sardar Sarovar,52.785,21.542
2011-06-07,Sardar Sarovar,62.889,13.42
2011-06-08,Sardar Sarovar,59.347,33.902
2011-06-09,Sardar Sarovar,51.29,55.444
2011-06-10,Sardar Sarovar,66.252,49.087
2011-06-11,Sardar Sarovar,63.247,52.266
2011-06-12,Sardar Sarovar,128.431,48.028
2011-06-13,Sardar Sarovar,60.464,48.009
2011-06-14,Sardar Sarovar,59.333,47.991
2011-06-15,Sardar Sarovar,57.613,47.972
2011-06-16,Sardar Sarovar,59.576,47.954
2011-06-17,Sardar Sarovar,117.663,47.935
2011-06-18,Sardar Sarovar,112.827,47.916
2011-06-19,Sardar Sarovar,726.084,47.898
2011-06-20,Sardar Sarovar,891.347,47.879
2011-06-21,Sardar Sarovar,925.781,47.861
2011-06-22,Sardar Sarovar,928.317,47.842
2011-06-23,Sardar Sarovar,926.251,47.823
2011-06-24,Sardar Sarovar,919.863,47.805
2011-06-25,Sardar Sarovar,994.169,47.786
2011-06-26,Sardar Sarovar,917.489,47.768
2011-06-27,Sardar Sarovar,1654.971,47.749
2011-06-28,Sardar Sarovar,1680.677,47.731
2011-06-29,Sardar Sarovar,1667.524,47.712
2011-06-30,Sardar Sarovar,1607.751,47.693
2011-07-01,Sardar Sarovar,277.019,47.675
2011-07-02,Sardar Sarovar,46.164,40.259
2011-07-03,Sardar Sarovar,146.462,42.378
2011-07-04,Sardar Sarovar,45.894,37.08
2011-07-05,Sardar Sarovar,47.415,29.311
2011-07-06,Sardar Sarovar,44.885,20.836
2011-07-07,Sardar Sarovar,44.128,14.832
2011-07-08,Sardar Sarovar,44.461,34.962
2011-07-09,Sardar Sarovar,44.3,55.444
2011-07-10,Sardar Sarovar,316.286,48.381
2011-07-11,Sardar Sarovar,286.249,51.913
2011-07-12,Sardar Sarovar,282.475,48.381
2011-07-13,Sardar Sarovar,282.857,48.328
2011-07-14,Sardar Sarovar,295.975,48.275
2011-07-15,Sardar Sarovar,276.552,48.222
2011-07-16,Sardar Sarovar,284.746,48.169
2011-07-17,Sardar Sarovar,324.879,48.116
2011-07-18,Sardar Sarovar,288.414,48.063
2011-07-19,Sardar Sarovar,278.552,48.01
2011-07-20,Sardar Sarovar,886.629,47.957
2011-07-21,Sardar Sarovar,932.874,47.904
2011-07-22,Sardar Sarovar,870.45,47.851
2011-07-23,Sardar Sarovar,516.768,47.798
2011-07-24,Sardar Sarovar,320.57,47.745
2011-07-25,Sardar Sarovar,281.145,47.692
2011-07-26,Sardar Sarovar,320.57,47.639
2011-07-27,Sardar Sarovar,283.407,47.587
2011-07-28,Sardar Sarovar,283.65,47.534
2011-07-29,Sardar Sarovar,831.451,47.481
2011-07-30,Sardar Sarovar,935.759,47.428
2011-07-31,Sardar Sarovar,320.57,47.375
2011-08-01,Sardar Sarovar,294.887,47.322
2011-08-02,Sardar Sarovar,292.728,40.259
2011-08-03,Sardar Sarovar,326.593,42.024
2011-08-04,Sardar Sarovar,612.973,36.374
2011-08-05,Sardar Sarovar,330.981,29.311
2011-08-06,Sardar Sarovar,329.053,20.129
2011-08-07,Sardar Sarovar,324.879,16.951
2011-08-08,Sardar Sarovar,300.018,34.962
2011-08-09,Sardar Sarovar,312.094,55.444
2011-08-10,Sardar Sarovar,902.116,49.087
2011-08-11,Sardar Sarovar,1650.71,51.559
2011-08-12,Sardar Sarovar,1663.271,48.734
2011-08-13,Sardar Sarovar,1665.932,48.664
2011-08-14,Sardar Sarovar,1371.112,48.593
2011-08-15,Sardar Sarovar,1634.591,48.522
2011-08-16,Sardar Sarovar,1715.387,48.452
2011-08-17,Sardar Sarovar,1661.25,48.381
2011-08-18,Sardar Sarovar,1678.083,48.31
2011-08-19,Sardar Sarovar,1747.344,48.24
2011-08-20,Sardar Sarovar,3286.011,48.169
2011-08-21,Sardar Sarovar,3018.789,48.099
2011-08-22,Sardar Sarovar,3604.663,48.028
2011-08-23,Sardar Sarovar,3791.683,47.957
2011-08-24,Sardar Sarovar,3683.639,47.887
2011-08-25,Sardar Sarovar,4436.46,47.816
2011-08-26,Sardar Sarovar,4286.552,47.745
2011-08-27,Sardar Sarovar,4869.637,47.675
2011-08-28,Sardar Sarovar,11631.562,47.604
2011-08-29,Sardar Sarovar,8410.602,47.534
2011-08-30,Sardar Sarovar,6276.375,47.463
2011-08-31,Sardar Sarovar,6660.373,47.392
2011-09-01,Sardar Sarovar,5288.553,47.322
2011-09-02,Sardar Sarovar,5057.283,39.552
2011-09-03,Sardar Sarovar,4972.72,42.024
2011-09-04,Sardar Sarovar,8809.673,35.668
2011-09-05,Sardar Sarovar,5919.792,28.958
2011-09-06,Sardar Sarovar,3955.494,20.129
2011-09-07,Sardar Sarovar,3356.4,19.07
2011-09-08,Sardar Sarovar,3485.136,36.374
2011-09-09,Sardar Sarovar,5314.024,55.444
2011-09-10,Sardar Sarovar,5019.739,49.794
2011-09-11,Sardar Sarovar,7225.734,51.206
2011-09-12,Sardar Sarovar,7197.541,48.381
2011-09-13,Sardar Sarovar,4041.485,48.307
2011-09-14,Sardar Sarovar,3256.968,48.232
2011-09-15,Sardar Sarovar,4147.487,48.158
2011-09-16,Sardar Sarovar,3437.313,48.084
2011-09-17,Sardar Sarovar,3309.595,48.009
2011-09-18,Sardar Sarovar,3474.604,47.935
2011-09-19,Sardar Sarovar,3152.019,47.861
2011-09-20,Sardar Sarovar,2924.067,47.786
2011-09-21,Sardar Sarovar,2592.684,47.712
2011-09-22,Sardar Sarovar,1741.169,47.638
2011-09-23,Sardar Sarovar,1770.877,47.563
2011-09-24,Sardar Sarovar,1754.552,47.489
2011-09-25,Sardar Sarovar,1508.657,47.415
2011-09-26,Sardar Sarovar,1530.459,47.34
2011-09-27,Sardar Sarovar,1759.628,47.266
2011-09-28,Sardar Sarovar,1505.934,47.192
2011-09-29,Sardar Sarovar,1446.134,47.117
2011-09-30,Sardar Sarovar,1497.987,47.043
2011-10-01,Sardar Sarovar,1426.335,46.969
2011-10-02,Sardar Sarovar,1149.412,39.552
2011-10-03,Sardar Sarovar,1411.888,41.671
2011-10-04,Sardar Sarovar,1418.715,35.315
2011-10-05,Sardar Sarovar,1415.794,28.605
2011-10-06,Sardar Sarovar,1164.171,20.129
2011-10-07,Sardar Sarovar,849.025,20.836
2011-10-08,Sardar Sarovar,318.905,39.906
2011-10-09,Sardar Sarovar,378.454,55.444
2011-10-10,Sardar Sarovar,559.959,49.087
2011-10-11,Sardar Sarovar,567.466,51.206
2011-10-12,Sardar Sarovar,559.839,48.028
2011-10-13,Sardar Sarovar,445.188,47.975
2011-10-14,Sardar Sarovar,104.203,47.922
2011-10-15,Sardar Sarovar,108.295,47.869
2011-10-16,Sardar Sarovar,66.637,47.816
2011-10-17,Sardar Sarovar,104.168,47.763
2011-10-18,Sardar Sarovar,94.89,47.71
2011-10-19,Sardar Sarovar,95.313,47.657
2011-10-20,Sardar Sarovar,92.129,47.604
2011-10-21,Sardar Sarovar,93.615,47.551
2011-10-22,Sardar Sarovar,89.835,47.498
2011-10-23,Sardar Sarovar,31.963,47.445
2011-10-24,Sardar Sarovar,91.14,47.392
2011-10-25,Sardar Sarovar,85.276,47.339
2011-10-26,Sardar Sarovar,31.963,47.286
2011-10-27,Sardar Sarovar,93.695,47.233
2011-10-28,Sardar Sarovar,87.242,47.18
2011-10-29,Sardar Sarovar,95.933,47.127
2011-10-30,Sardar Sarovar,30.355,47.074
2011-10-31,Sardar Sarovar,89.39,47.021
2011-11-01,Sardar Sarovar,75.276,46.969
2011-11-02,Sardar Sarovar,65.75,39.552
2011-11-03,Sardar Sarovar,60.639,41.671
2011-11-04,Sardar Sarovar,65.234,35.315
2011-11-05,Sardar Sarovar,64.519,28.252
2011-11-06,Sardar Sarovar,35.284,20.129
2011-11-07,Sardar Sarovar,33.606,21.189
2011-11-08,Sardar Sarovar,66.328,42.378
2011-11-09,Sardar Sarovar,69.338,55.444
2011-11-10,Sardar Sarovar,38.742,49.441
2011-11-11,Sardar Sarovar,63.201,51.559
2011-11-12,Sardar Sarovar,64.71,48.028
2011-11-13,Sardar Sarovar,36.996,47.972
2011-11-14,Sardar Sarovar,61.663,47.916
2011-11-15,Sardar Sarovar,65.959,47.861
2011-11-16,Sardar Sarovar,64.28,47.805
2011-11-17,Sardar Sarovar,62.391,47.749
2011-11-18,Sardar Sarovar,62.226,47.693
2011-11-19,Sardar Sarovar,54.96,47.638
2011-11-20,Sardar Sarovar,36.996,47.582
2011-11-21,Sardar Sarovar,52.083,47.526
2011-11-22,Sardar Sarovar,60.526,47.47
2011-11-23,Sardar Sarovar,76.264,47.415
2011-11-24,Sardar Sarovar,76.763,47.359
2011-11-25,Sardar Sarovar,73.706,47.303
2011-11-26,Sardar Sarovar,75.73,47.247
2011-11-27,Sardar Sarovar,66.637,47.192
2011-11-28,Sardar Sarovar,78.295,47.136
2011-11-29,Sardar Sarovar,74.483,47.08
2011-11-30,Sardar Sarovar,73.181,47.024
2011-12-01,Sardar Sarovar,70.595,46.969
2011-12-02,Sardar Sarovar,62.362,39.552
2011-12-03,Sardar Sarovar,69.833,41.671
2011-12-04,Sardar Sarovar,64.437,34.608
2011-12-05,Sardar Sarovar,69.523,28.252
2011-12-06,Sardar Sarovar,55.95,20.129
2011-12-07,Sardar Sarovar,69.372,21.542
2011-12-08,Sardar Sarovar,73.024,44.496
2011-12-09,Sardar Sarovar,72.096,55.444
2011-12-10,Sardar Sarovar,72.079,48.734
2011-12-11,Sardar Sarovar,60.13,52.619
2011-12-12,Sardar Sarovar,72.934,48.028
2011-12-13,Sardar Sarovar,77.416,48.081
2011-12-14,Sardar Sarovar,64.346,48.134
2011-12-15,Sardar Sarovar,66.341,48.187
2011-12-16,Sardar Sarovar,65.462,48.24
2011-12-17,Sardar Sarovar,92.952,48.293
2011-12-18,Sardar Sarovar,62.268,48.346
2011-12-19,Sardar Sarovar,70.854,48.399
2011-12-20,Sardar Sarovar,67.379,48.452
2011-12-21,Sardar Sarovar,63.08,48.505
2011-12-22,Sardar Sarovar,63.695,48.558
2011-12-23,Sardar Sarovar,64.05,48.611
2011-12-24,Sardar Sarovar,69.397,48.664
2011-12-25,Sardar Sarovar,60.13,48.717
2011-12-26,Sardar Sarovar,67.449,48.77
2011-12-27,Sardar Sarovar,70.604,48.823
2011-12-28,Sardar Sarovar,70.811,48.875
2011-12-29,Sardar Sarovar,70.181,48.928
2011-12-30,Sardar Sarovar,68.448,48.981
2011-12-31,Sardar Sarovar,70.387,49.034
2012-01-01,Sardar Sarovar,62.268,49.087
2012-01-02,Sardar Sarovar,73.6,39.906
2012-01-03,Sardar Sarovar,70.63,30.017
2012-01-04,Sardar Sarovar,71.126,19.776
2012-01-05,Sardar Sarovar,71.026,21.895
2012-01-06,Sardar Sarovar,61.82,17.304
2012-01-07,Sardar Sarovar,59.95,8.829
2012-01-08,Sardar Sarovar,60.13,32.136
2012-01-09,Sardar Sarovar,61.8,55.444
2012-01-10,Sardar Sarovar,63.172,52.266
2012-01-11,Sardar Sarovar,56.514,51.559
2012-01-12,Sardar Sarovar,66.35,50.853
2012-01-13,Sardar Sarovar,56.862,50.765
2012-01-14,Sardar Sarovar,55.631,50.677
2012-01-15,Sardar Sarovar,55.95,50.588
2012-01-16,Sardar Sarovar,55.46,50.5
2012-01-17,Sardar Sarovar,56.343,50.412
2012-01-18,Sardar Sarovar,54.917,50.323
2012-01-19,Sardar Sarovar,56.224,50.235
2012-01-20,Sardar Sarovar,52.26,50.147
2012-01-21,Sardar Sarovar,52.799,50.059
2012-01-22,Sardar Sarovar,64.437,49.97
2012-01-23,Sardar Sarovar,53.02,49.882
2012-01-24,Sardar Sarovar,50.024,49.794
2012-01-25,Sardar Sarovar,294.528,49.705
2012-01-26,Sardar Sarovar,62.268,49.617
2012-01-27,Sardar Sarovar,51.096,49.529
2012-01-28,Sardar Sarovar,287.064,49.441
2012-01-29,Sardar Sarovar,238.603,49.352
2012-01-30,Sardar Sarovar,238.603,49.264
2012-01-31,Sardar Sarovar,52.89,49.176
2012-02-01,Sardar Sarovar,52.335,49.087
2012-02-02,Sardar Sarovar,52.025,39.199
2012-02-03,Sardar Sarovar,52.642,30.017
2012-02-04,Sardar Sarovar,54.482,19.776
2012-02-05,Sardar Sarovar,58.024,22.248
2012-02-06,Sardar Sarovar,53.35,16.598
2012-02-07,Sardar Sarovar,52.973,8.476
2012-02-08,Sardar Sarovar,52.861,31.077
2012-02-09,Sardar Sarovar,52.176,55.444
2012-02-10,Sardar Sarovar,51.563,51.206
2012-02-11,Sardar Sarovar,51.275,51.206
2012-02-12,Sardar Sarovar,55.95,50.147
2012-02-13,Sardar Sarovar,53.84,50.049
2012-02-14,Sardar Sarovar,53.125,49.951
2012-02-15,Sardar Sarovar,46.899,49.853
2012-02-16,Sardar Sarovar,51.416,49.754
2012-02-17,Sardar Sarovar,52.15,49.656
2012-02-18,Sardar Sarovar,51.072,49.558
2012-02-19,Sardar Sarovar,66.637,49.46
2012-02-20,Sardar Sarovar,64.437,49.362
2012-02-21,Sardar Sarovar,52.62,49.264
2012-02-22,Sardar Sarovar,51.149,49.166
2012-02-23,Sardar Sarovar,50.622,49.068
2012-02-24,Sardar Sarovar,49.724,48.97
2012-02-25,Sardar Sarovar,51.564,48.872
2012-02-26,Sardar Sarovar,58.024,48.773
2012-02-27,Sardar Sarovar,53.09,48.675
2012-02-28,Sardar Sarovar,64.076,48.577
2012-02-29,Sardar Sarovar,62.644,48.479
2012-03-01,Sardar Sarovar,60.751,48.381
2012-03-02,Sardar Sarovar,60.82,38.493
2012-03-03,Sardar Sarovar,59.13,28.605
2012-03-04,Sardar Sarovar,73.423,19.776
2012-03-05,Sardar Sarovar,60.56,22.955
2012-03-06,Sardar Sarovar,52.233,15.892
2012-03-07,Sardar Sarovar,63.043,8.476
2012-03-08,Sardar Sarovar,116.969,30.017
2012-03-09,Sardar Sarovar,63.324,55.444
2012-03-10,Sardar Sarovar,74.053,50.853
2012-03-11,Sardar Sarovar,105.963,50.5
2012-03-12,Sardar Sarovar,72.69,49.441
2012-03-13,Sardar Sarovar,68.659,49.352
2012-03-14,Sardar Sarovar,66.637,49.264
2012-03-15,Sardar Sarovar,66.201,49.176
2012-03-16,Sardar Sarovar,56.113,49.087
2012-03-17,Sardar Sarovar,54.387,48.999
2012-03-18,Sardar Sarovar,53.908,48.911
2012-03-19,Sardar Sarovar,54.0,48.823
2012-03-20,Sardar Sarovar,54.77,48.734
2012-03-21,Sardar Sarovar,55.194,48.646
2012-03-22,Sardar Sarovar,50.19,48.558
2012-03-23,Sardar Sarovar,53.799,48.469
2012-03-24,Sardar Sarovar,54.376,48.381
2012-03-25,Sardar Sarovar,51.897,48.293
2012-03-26,Sardar Sarovar,49.38,48.205
2012-03-27,Sardar Sarovar,57.202,48.116
2012-03-28,Sardar Sarovar,57.25,48.028
2012-03-29,Sardar Sarovar,50.434,47.94
2012-03-30,Sardar Sarovar,55.309,47.851
2012-03-31,Sardar Sarovar,52.945,47.763
2012-04-01,Sardar Sarovar,49.92,47.675
2012-04-02,Sardar Sarovar,54.87,37.787
2012-04-03,Sardar Sarovar,52.818,28.605
2012-04-04,Sardar Sarovar,51.648,19.776
2012-04-05,Sardar Sarovar,58.024,23.661
2012-04-06,Sardar Sarovar,51.897,15.538
2012-04-07,Sardar Sarovar,53.707,9.888
2012-04-08,Sardar Sarovar,62.268,28.605
2012-04-09,Sardar Sarovar,52.95,55.444
2012-04-10,Sardar Sarovar,49.806,50.853
2012-04-11,Sardar Sarovar,46.606,50.147
2012-04-12,Sardar Sarovar,47.878,48.734
2012-04-13,Sardar Sarovar,293.731,48.697
2012-04-14,Sardar Sarovar,43.64,48.66
2012-04-15,Sardar Sarovar,64.437,48.623
2012-04-16,Sardar Sarovar,49.029,48.586
2012-04-17,Sardar Sarovar,46.353,48.548
2012-04-18,Sardar Sarovar,46.664,48.511
2012-04-19,Sardar Sarovar,45.224,48.474
2012-04-20,Sardar Sarovar,45.308,48.437
2012-04-21,Sardar Sarovar,45.436,48.4
2012-04-22,Sardar Sarovar,55.95,48.363
2012-04-23,Sardar Sarovar,44.84,48.325
2012-04-24,Sardar Sarovar,40.935,48.288
2012-04-25,Sardar Sarovar,45.874,48.251
2012-04-26,Sardar Sarovar,41.536,48.214
2012-04-27,Sardar Sarovar,45.176,48.177
2012-04-28,Sardar Sarovar,44.847,48.139
2012-04-29,Sardar Sarovar,47.974,48.102
2012-04-30,Sardar Sarovar,43.35,48.065
2012-05-01,Sardar Sarovar,39.789,48.028
2012-05-02,Sardar Sarovar,40.963,37.08
2012-05-03,Sardar Sarovar,42.908,28.605
2012-05-04,Sardar Sarovar,302.767,19.423
2012-05-05,Sardar Sarovar,294.494,24.014
2012-05-06,Sardar Sarovar,282.893,14.832
2012-05-07,Sardar Sarovar,292.523,10.594
2012-05-08,Sardar Sarovar,306.454,27.545
2012-05-09,Sardar Sarovar,60.697,55.444
2012-05-10,Sardar Sarovar,60.601,50.5
2012-05-11,Sardar Sarovar,293.026,49.441
2012-05-12,Sardar Sarovar,295.436,48.381
2012-05-13,Sardar Sarovar,286.981,48.363
2012-05-14,Sardar Sarovar,537.62,48.346
2012-05-15,Sardar Sarovar,532.589,48.328
2012-05-16,Sardar Sarovar,533.311,48.31
2012-05-17,Sardar Sarovar,293.377,48.293
2012-05-18,Sardar Sarovar,292.605,48.275
2012-05-19,Sardar Sarovar,308.323,48.257
2012-05-20,Sardar Sarovar,324.879,48.24
2012-05-21,Sardar Sarovar,312.163,48.222
2012-05-22,Sardar Sarovar,294.167,48.205
2012-05-23,Sardar Sarovar,287.214,48.187
2012-05-24,Sardar Sarovar,281.052,48.169
2012-05-25,Sardar Sarovar,283.233,48.152
2012-05-26,Sardar Sarovar,279.338,48.134
2012-05-27,Sardar Sarovar,282.893,48.116
2012-05-28,Sardar Sarovar,61.04,48.099
2012-05-29,Sardar Sarovar,59.288,48.081
2012-05-30,Sardar Sarovar,58.838,48.063
2012-05-31,Sardar Sarovar,57.863,48.046
2012-06-01,Sardar Sarovar,285.94,48.028
2012-06-02,Sardar Sarovar,281.906,36.727
2012-06-03,Sardar Sarovar,88.073,28.605
2012-06-04,Sardar Sarovar,58.55,19.07
2012-06-05,Sardar Sarovar,57.46,24.014
2012-06-06,Sardar Sarovar,58.21,14.479
2012-06-07,Sardar Sarovar,53.56,11.301
2012-06-08,Sardar Sarovar,56.54,26.486
2012-06-09,Sardar Sarovar,54.13,55.444
2012-06-10,Sardar Sarovar,77.927,50.853
2012-06-11,Sardar Sarovar,54.42,49.441
2012-06-12,Sardar Sarovar,53.5,48.734
2012-06-13,Sardar Sarovar,52.8,48.716
2012-06-14,Sardar Sarovar,52.28,48.697
2012-06-15,Sardar Sarovar,52.35,48.678
2012-06-16,Sardar Sarovar,60.25,48.66
2012-06-17,Sardar Sarovar,85.997,48.641
2012-06-18,Sardar Sarovar,57.69,48.623
2012-06-19,Sardar Sarovar,66.53,48.604
2012-06-20,Sardar Sarovar,52.5,48.586
2012-06-21,Sardar Sarovar,50.75,48.567
2012-06-22,Sardar Sarovar,48.2,48.548
2012-06-23,Sardar Sarovar,50.5,48.53
2012-06-24,Sardar Sarovar,90.172,48.511
2012-06-25,Sardar Sarovar,50.03,48.493
2012-06-26,Sardar Sarovar,49.84,48.474
2012-06-27,Sardar Sarovar,48.56,48.455
2012-06-28,Sardar Sarovar,49.31,48.437
2012-06-29,Sardar Sarovar,46.07,48.418
2012-06-30,Sardar Sarovar,287.904,48.4
2012-07-01,Sardar Sarovar,88.073,48.381
2012-07-02,Sardar Sarovar,45.8,36.374
2012-07-03,Sardar Sarovar,45.98,28.252
2012-07-04,Sardar Sarovar,44.95,19.776
2012-07-05,Sardar Sarovar,43.0,24.014
2012-07-06,Sardar Sarovar,47.26,14.479
2012-07-07,Sardar Sarovar,45.68,11.654
2012-07-08,Sardar Sarovar,62.92,24.367
2012-07-09,Sardar Sarovar,44.29,55.444
2012-07-10,Sardar Sarovar,45.3,51.559
2012-07-11,Sardar Sarovar,45.13,49.441
2012-07-12,Sardar Sarovar,41.66,48.734
2012-07-13,Sardar Sarovar,50.73,48.734
2012-07-14,Sardar Sarovar,43.353,48.734
2012-07-15,Sardar Sarovar,66.53,48.734
2012-07-16,Sardar Sarovar,44.24,48.734
2012-07-17,Sardar Sarovar,49.34,48.734
2012-07-18,Sardar Sarovar,51.75,48.734
2012-07-19,Sardar Sarovar,45.62,48.734
2012-07-20,Sardar Sarovar,50.71,48.734
2012-07-21,Sardar Sarovar,47.97,48.734
2012-07-22,Sardar Sarovar,90.172,48.734
2012-07-23,Sardar Sarovar,43.09,48.734
2012-07-24,Sardar Sarovar,43.02,48.734
2012-07-25,Sardar Sarovar,44.56,48.734
2012-07-26,Sardar Sarovar,38.855,48.734
2012-07-27,Sardar Sarovar,37.19,48.734
2012-07-28,Sardar Sarovar,39.385,48.734
2012-07-29,Sardar Sarovar,81.915,48.734
2012-07-30,Sardar Sarovar,41.937,48.734
2012-07-31,Sardar Sarovar,39.578,48.734
2012-08-01,Sardar Sarovar,50.109,48.734
2012-08-02,Sardar Sarovar,41.083,36.021
2012-08-03,Sardar Sarovar,47.07,29.311
2012-08-04,Sardar Sarovar,1055.287,19.07
2012-08-05,Sardar Sarovar,161.107,23.308
2012-08-06,Sardar Sarovar,1004.42,14.479
2012-08-07,Sardar Sarovar,1043.282,12.007
2012-08-08,Sardar Sarovar,8637.381,33.726
2012-08-09,Sardar Sarovar,8662.717,55.444
2012-08-10,Sardar Sarovar,8688.053,52.619
2012-08-11,Sardar Sarovar,6444.072,50.853
2012-08-12,Sardar Sarovar,3547.281,48.734
2012-08-13,Sardar Sarovar,4107.315,48.734
2012-08-14,Sardar Sarovar,7809.811,48.734
2012-08-15,Sardar Sarovar,4872.508,48.734
2012-08-16,Sardar Sarovar,4088.549,48.734
2012-08-17,Sardar Sarovar,3666.96,48.734
2012-08-18,Sardar Sarovar,3299.325,48.734
2012-08-19,Sardar Sarovar,1648.656,48.734
2012-08-20,Sardar Sarovar,1477.991,48.734
2012-08-21,Sardar Sarovar,1859.973,48.734
2012-08-22,Sardar Sarovar,3182.169,48.734
2012-08-23,Sardar Sarovar,7956.98,48.734
2012-08-24,Sardar Sarovar,7613.49,48.734
2012-08-25,Sardar Sarovar,3652.556,48.734
2012-08-26,Sardar Sarovar,752.677,48.734
2012-08-27,Sardar Sarovar,992.952,48.734
2012-08-28,Sardar Sarovar,1050.545,48.734
2012-08-29,Sardar Sarovar,1203.689,48.734
2012-08-30,Sardar Sarovar,1191.204,48.734
2012-08-31,Sardar Sarovar,1173.88,48.734
2012-09-01,Sardar Sarovar,1361.157,48.734
2012-09-02,Sardar Sarovar,1446.484,36.021
2012-09-03,Sardar Sarovar,1387.047,30.017
2012-09-04,Sardar Sarovar,1677.407,18.717
2012-09-05,Sardar Sarovar,1409.479,22.955
2012-09-06,Sardar Sarovar,9314.956,14.479
2012-09-07,Sardar Sarovar,9653.904,12.36
2012-09-08,Sardar Sarovar,9992.851,33.902
2012-09-09,Sardar Sarovar,5830.176,55.444
2012-09-10,Sardar Sarovar,3798.128,52.972
2012-09-11,Sardar Sarovar,3305.358,51.559
2012-09-12,Sardar Sarovar,6306.664,48.381
2012-09-13,Sardar Sarovar,5218.907,48.418
2012-09-14,Sardar Sarovar,3531.876,48.455
2012-09-15,Sardar Sarovar,3504.193,48.493
2012-09-16,Sardar Sarovar,2478.997,48.53
2012-09-17,Sardar Sarovar,1926.518,48.567
2012-09-18,Sardar Sarovar,1600.822,48.604
2012-09-19,Sardar Sarovar,1525.81,48.641
2012-09-20,Sardar Sarovar,1425.846,48.678
2012-09-21,Sardar Sarovar,1488.585,48.716
2012-09-22,Sardar Sarovar,1413.372,48.753
2012-09-23,Sardar Sarovar,1052.723,48.79
2012-09-24,Sardar Sarovar,1354.734,48.827
2012-09-25,Sardar Sarovar,1281.018,48.864
2012-09-26,Sardar Sarovar,1274.548,48.902
2012-09-27,Sardar Sarovar,1392.964,48.939
2012-09-28,Sardar Sarovar,1168.588,48.976
2012-09-29,Sardar Sarovar,1119.862,49.013
2012-09-30,Sardar Sarovar,934.648,49.05
2012-10-01,Sardar Sarovar,1100.286,49.087
2012-10-02,Sardar Sarovar,805.313,36.374
2012-10-03,Sardar Sarovar,296.989,30.017
2012-10-04,Sardar Sarovar,293.121,18.364
2012-10-05,Sardar Sarovar,281.339,23.308
2012-10-06,Sardar Sarovar,41.142,14.479
2012-10-07,Sardar Sarovar,35.095,12.36
2012-10-08,Sardar Sarovar,44.78,33.902
2012-10-09,Sardar Sarovar,285.967,55.444
2012-10-10,Sardar Sarovar,36.258,52.619
2012-10-11,Sardar Sarovar,291.336,51.913
2012-10-12,Sardar Sarovar,271.663,48.381
2012-10-13,Sardar Sarovar,251.574,48.434
2012-10-14,Sardar Sarovar,227.649,48.487
2012-10-15,Sardar Sarovar,383.973,48.54
2012-10-16,Sardar Sarovar,241.338,48.593
2012-10-17,Sardar Sarovar,238.978,48.646
2012-10-18,Sardar Sarovar,236.809,48.699
2012-10-19,Sardar Sarovar,223.664,48.752
2012-10-20,Sardar Sarovar,215.15,48.805
2012-10-21,Sardar Sarovar,227.649,48.858
2012-10-22,Sardar Sarovar,200.892,48.911
2012-10-23,Sardar Sarovar,213.854,48.964
2012-10-24,Sardar Sarovar,227.649,49.017
2012-10-25,Sardar Sarovar,203.305,49.07
2012-10-26,Sardar Sarovar,182.792,49.123
2012-10-27,Sardar Sarovar,234.234,49.176
2012-10-28,Sardar Sarovar,230.93,49.229
2012-10-29,Sardar Sarovar,184.618,49.282
2012-10-30,Sardar Sarovar,180.641,49.335
2012-10-31,Sardar Sarovar,182.428,49.388
2012-11-01,Sardar Sarovar,193.089,49.441
2012-11-02,Sardar Sarovar,170.083,35.668
2012-11-03,Sardar Sarovar,178.84,29.311
2012-11-04,Sardar Sarovar,77.927,16.598
2012-11-05,Sardar Sarovar,35.672,24.367
2012-11-06,Sardar Sarovar,32.974,14.832
2012-11-07,Sardar Sarovar,30.414,13.42
2012-11-08,Sardar Sarovar,32.05,34.432
2012-11-09,Sardar Sarovar,35.559,55.444
2012-11-10,Sardar Sarovar,33.441,52.266
2012-11-11,Sardar Sarovar,29.577,52.619
2012-11-12,Sardar Sarovar,35.977,48.381
2012-11-13,Sardar Sarovar,227.649,48.437
2012-11-14,Sardar Sarovar,34.103,48.493
2012-11-15,Sardar Sarovar,198.291,48.548
2012-11-16,Sardar Sarovar,192.19,48.604
2012-11-17,Sardar Sarovar,33.533,48.66
2012-11-18,Sardar Sarovar,29.577,48.716
2012-11-19,Sardar Sarovar,33.161,48.771
2012-11-20,Sardar Sarovar,36.468,48.827
2012-11-21,Sardar Sarovar,28.474,48.883
2012-11-22,Sardar Sarovar,195.123,48.939
2012-11-23,Sardar Sarovar,195.947,48.994
2012-11-24,Sardar Sarovar,183.943,49.05
2012-11-25,Sardar Sarovar,230.93,49.106
2012-11-26,Sardar Sarovar,183.526,49.162
2012-11-27,Sardar Sarovar,191.537,49.217
2012-11-28,Sardar Sarovar,230.93,49.273
2012-11-29,Sardar Sarovar,189.4,49.329
2012-11-30,Sardar Sarovar,202.518,49.385
2012-12-01,Sardar Sarovar,182.783,49.441
2012-12-02,Sardar Sarovar,230.93,35.668
2012-12-03,Sardar Sarovar,221.152,28.605
2012-12-04,Sardar Sarovar,41.795,17.304
2012-12-05,Sardar Sarovar,38.908,24.72
2012-12-06,Sardar Sarovar,32.282,14.479
2012-12-07,Sardar Sarovar,35.552,14.479
2012-12-08,Sardar Sarovar,34.272,34.962
2012-12-09,Sardar Sarovar,38.908,55.444
2012-12-10,Sardar Sarovar,28.105,51.913
2012-12-11,Sardar Sarovar,30.371,54.385
2012-12-12,Sardar Sarovar,37.194,48.381
2012-12-13,Sardar Sarovar,36.857,48.381
2012-12-14,Sardar Sarovar,36.545,48.381
2012-12-15,Sardar Sarovar,34.213,48.381
2012-12-16,Sardar Sarovar,34.761,48.381
2012-12-17,Sardar Sarovar,36.847,48.381
2012-12-18,Sardar Sarovar,35.79,48.381
2012-12-19,Sardar Sarovar,33.309,48.381
2012-12-20,Sardar Sarovar,36.861,48.381
2012-12-21,Sardar Sarovar,35.927,48.381
2012-12-22,Sardar Sarovar,36.331,48.381
2012-12-23,Sardar Sarovar,34.761,48.381
2012-12-24,Sardar Sarovar,35.813,48.381
2012-12-25,Sardar Sarovar,41.795,48.381
2012-12-26,Sardar Sarovar,33.064,48.381
2012-12-27,Sardar Sarovar,31.439,48.381
2012-12-28,Sardar Sarovar,32.342,48.381
2012-12-29,Sardar Sarovar,32.284,48.381
2012-12-30,Sardar Sarovar,34.761,48.381
2012-12-31,Sardar Sarovar,36.136,48.381
2013-01-01,Sardar Sarovar,35.663,48.381
2013-01-02,Sardar Sarovar,33.889,33.549
2013-01-03,Sardar Sarovar,36.121,28.605
2013-01-04,Sardar Sarovar,35.481,29.311
2013-01-05,Sardar Sarovar,37.363,31.077
2013-01-06,Sardar Sarovar,38.908,21.189
2013-01-07,Sardar Sarovar,37.381,15.892
2013-01-08,Sardar Sarovar,37.759,35.668
2013-01-09,Sardar Sarovar,33.175,55.444
2013-01-10,Sardar Sarovar,37.56,55.444
2013-01-11,Sardar Sarovar,36.509,51.559
2013-01-12,Sardar Sarovar,37.742,26.989
2013-01-13,Sardar Sarovar,40.34,2.419
2013-01-14,Sardar Sarovar,36.97,4.838
2013-01-15,Sardar Sarovar,37.761,7.257
2013-01-16,Sardar Sarovar,37.192,9.676
2013-01-17,Sardar Sarovar,36.448,12.095
2013-01-18,Sardar Sarovar,37.736,14.514
2013-01-19,Sardar Sarovar,37.566,16.933
2013-01-20,Sardar Sarovar,34.761,19.352
2013-01-21,Sardar Sarovar,38.132,21.771
2013-01-22,Sardar Sarovar,37.201,24.191
2013-01-23,Sardar Sarovar,33.187,26.61
2013-01-24,Sardar Sarovar,35.568,29.029
2013-01-25,Sardar Sarovar,36.119,31.448
2013-01-26,Sardar Sarovar,33.428,33.867
2013-01-27,Sardar Sarovar,34.761,36.286
2013-01-28,Sardar Sarovar,33.763,38.705
2013-01-29,Sardar Sarovar,36.876,41.124
2013-01-30,Sardar Sarovar,39.359,43.543
2013-01-31,Sardar Sarovar,37.813,45.962
2013-02-01,Sardar Sarovar,37.483,48.381
2013-02-02,Sardar Sarovar,37.514,33.196
2013-02-03,Sardar Sarovar,36.119,29.311
2013-02-04,Sardar Sarovar,40.231,29.311
2013-02-05,Sardar Sarovar,35.199,30.371
2013-02-06,Sardar Sarovar,34.919,21.895
2013-02-07,Sardar Sarovar,33.709,14.126
2013-02-08,Sardar Sarovar,35.579,34.785
2013-02-09,Sardar Sarovar,35.276,55.444
2013-02-10,Sardar Sarovar,33.428,55.444
2013-02-11,Sardar Sarovar,32.657,52.266
2013-02-12,Sardar Sarovar,32.456,27.546
2013-02-13,Sardar Sarovar,34.383,2.825
2013-02-14,Sardar Sarovar,34.013,5.65
2013-02-15,Sardar Sarovar,34.514,8.476
2013-02-16,Sardar Sarovar,31.093,11.301
2013-02-17,Sardar Sarovar,19.371,14.126
2013-02-18,Sardar Sarovar,30.115,16.951
2013-02-19,Sardar Sarovar,31.429,19.776
2013-02-20,Sardar Sarovar,28.518,22.601
2013-02-21,Sardar Sarovar,30.185,25.427
2013-02-22,Sardar Sarovar,29.548,28.252
2013-02-23,Sardar Sarovar,29.914,31.077
2013-02-24,Sardar Sarovar,18.363,33.902
2013-02-25,Sardar Sarovar,26.625,36.727
2013-02-26,Sardar Sarovar,27.923,39.552
2013-02-27,Sardar Sarovar,27.79,42.378
2013-02-28,Sardar Sarovar,29.409,45.203
2013-03-01,Sardar Sarovar,29.247,48.028
2013-03-02,Sardar Sarovar,28.743,32.489
2013-03-03,Sardar Sarovar,17.381,29.664
2013-03-04,Sardar Sarovar,33.696,30.371
2013-03-05,Sardar Sarovar,35.066,29.664
2013-03-06,Sardar Sarovar,36.395,22.955
2013-03-07,Sardar Sarovar,37.741,12.713
2013-03-08,Sardar Sarovar,38.002,34.079
2013-03-09,Sardar Sarovar,37.902,55.444
2013-03-10,Sardar Sarovar,32.12,55.091
2013-03-11,Sardar Sarovar,36.885,52.619
2013-03-12,Sardar Sarovar,38.035,49.441
2013-03-13,Sardar Sarovar,38.455,49.37
2013-03-14,Sardar Sarovar,37.231,49.299
2013-03-15,Sardar Sarovar,37.671,49.229
2013-03-16,Sardar Sarovar,37.817,49.158
2013-03-17,Sardar Sarovar,19.371,49.087
2013-03-18,Sardar Sarovar,192.744,49.017
2013-03-19,Sardar Sarovar,181.94,48.946
2013-03-20,Sardar Sarovar,39.043,48.875
2013-03-21,Sardar Sarovar,34.466,48.805
2013-03-22,Sardar Sarovar,38.777,48.734
2013-03-23,Sardar Sarovar,38.11,48.664
2013-03-24,Sardar Sarovar,33.428,48.593
2013-03-25,Sardar Sarovar,38.626,48.522
2013-03-26,Sardar Sarovar,37.531,48.452
2013-03-27,Sardar Sarovar,34.761,48.381
2013-03-28,Sardar Sarovar,27.342,48.31
2013-03-29,Sardar Sarovar,36.119,48.24
2013-03-30,Sardar Sarovar,40.323,48.169
2013-03-31,Sardar Sarovar,33.428,48.099
2013-04-01,Sardar Sarovar,35.647,48.028
2013-04-02,Sardar Sarovar,37.557,32.136
2013-04-03,Sardar Sarovar,37.502,30.017
2013-04-04,Sardar Sarovar,37.98,30.017
2013-04-05,Sardar Sarovar,36.969,29.311
2013-04-06,Sardar Sarovar,37.05,22.601
2013-04-07,Sardar Sarovar,34.761,14.126
2013-04-08,Sardar Sarovar,36.426,34.785
2013-04-09,Sardar Sarovar,37.512,55.444
2013-04-10,Sardar Sarovar,40.221,53.325
2013-04-11,Sardar Sarovar,35.69,53.678
2013-04-12,Sardar Sarovar,38.625,49.794
2013-04-13,Sardar Sarovar,38.07,49.701
2013-04-14,Sardar Sarovar,33.428,49.608
2013-04-15,Sardar Sarovar,186.222,49.515
2013-04-16,Sardar Sarovar,191.647,49.422
2013-04-17,Sardar Sarovar,185.986,49.329
2013-04-18,Sardar Sarovar,185.162,49.236
2013-04-19,Sardar Sarovar,191.399,49.143
2013-04-20,Sardar Sarovar,42.433,49.05
2013-04-21,Sardar Sarovar,227.649,48.957
2013-04-22,Sardar Sarovar,189.479,48.864
2013-04-23,Sardar Sarovar,192.133,48.771
2013-04-24,Sardar Sarovar,227.649,48.678
2013-04-25,Sardar Sarovar,187.216,48.586
2013-04-26,Sardar Sarovar,188.879,48.493
2013-04-27,Sardar Sarovar,197.25,48.4
2013-04-28,Sardar Sarovar,221.152,48.307
2013-04-29,Sardar Sarovar,198.653,48.214
2013-04-30,Sardar Sarovar,199.702,48.121
2013-05-01,Sardar Sarovar,198.238,48.028
2013-05-02,Sardar Sarovar,194.552,32.136
2013-05-03,Sardar Sarovar,199.577,30.724
2013-05-04,Sardar Sarovar,195.998,30.371
2013-05-05,Sardar Sarovar,230.93,28.605
2013-05-06,Sardar Sarovar,208.498,21.895
2013-05-07,Sardar Sarovar,195.637,34.608
2013-05-08,Sardar Sarovar,202.886,55.444
2013-05-09,Sardar Sarovar,36.941,55.444
2013-05-10,Sardar Sarovar,37.231,51.206
2013-05-11,Sardar Sarovar,37.436,55.444
2013-05-12,Sardar Sarovar,28.343,28.914
2013-05-13,Sardar Sarovar,42.445,2.384
2013-05-14,Sardar Sarovar,42.05,4.767
2013-05-15,Sardar Sarovar,40.278,7.151
2013-05-16,Sardar Sarovar,39.871,9.535
2013-05-17,Sardar Sarovar,37.676,11.919
2013-05-18,Sardar Sarovar,40.492,14.302
2013-05-19,Sardar Sarovar,230.93,16.686
2013-05-20,Sardar Sarovar,199.107,19.07
2013-05-21,Sardar Sarovar,202.243,21.454
2013-05-22,Sardar Sarovar,180.316,23.837
2013-05-23,Sardar Sarovar,182.446,26.221
2013-05-24,Sardar Sarovar,180.111,28.605
2013-05-25,Sardar Sarovar,234.234,30.989
2013-05-26,Sardar Sarovar,234.234,33.372
2013-05-27,Sardar Sarovar,183.558,35.756
2013-05-28,Sardar Sarovar,182.019,38.14
2013-05-29,Sardar Sarovar,181.245,40.524
2013-05-30,Sardar Sarovar,40.922,42.907
2013-05-31,Sardar Sarovar,180.014,45.291
2013-06-01,Sardar Sarovar,39.791,47.675
2013-06-02,Sardar Sarovar,39.115,31.783
2013-06-03,Sardar Sarovar,38.439,32.136
2013-06-04,Sardar Sarovar,40.563,31.43
2013-06-05,Sardar Sarovar,41.482,27.899
2013-06-06,Sardar Sarovar,41.475,21.542
2013-06-07,Sardar Sarovar,40.568,37.434
2013-06-08,Sardar Sarovar,42.63,55.444
2013-06-09,Sardar Sarovar,42.7,55.444
2013-06-10,Sardar Sarovar,42.77,48.734
2013-06-11,Sardar Sarovar,41.64,54.385
2013-06-12,Sardar Sarovar,41.829,49.794
2013-06-13,Sardar Sarovar,42.06,49.645
2013-06-14,Sardar Sarovar,43.214,49.496
2013-06-15,Sardar Sarovar,201.34,49.348
2013-06-16,Sardar Sarovar,242.654,49.199
2013-06-17,Sardar Sarovar,283.968,49.05
2013-06-18,Sardar Sarovar,552.876,48.902
2013-06-19,Sardar Sarovar,503.774,48.753
2013-06-20,Sardar Sarovar,851.673,48.604
2013-06-21,Sardar Sarovar,1087.059,48.455
2013-06-22,Sardar Sarovar,1232.572,48.307
2013-06-23,Sardar Sarovar,1254.031,48.158
2013-06-24,Sardar Sarovar,1275.49,48.009
2013-06-25,Sardar Sarovar,706.866,47.861
2013-06-26,Sardar Sarovar,1165.024,47.712
2013-06-27,Sardar Sarovar,1215.958,47.563
2013-06-28,Sardar Sarovar,1194.038,47.415
2013-06-29,Sardar Sarovar,1210.882,47.266
2013-06-30,Sardar Sarovar,1211.425,47.117
2013-07-01,Sardar Sarovar,1211.967,46.969
2013-07-02,Sardar Sarovar,1225.736,31.43
2013-07-03,Sardar Sarovar,1279.222,32.843
2013-07-04,Sardar Sarovar,1281.614,32.136
2013-07-05,Sardar Sarovar,1161.974,27.545
2013-07-06,Sardar Sarovar,1418.263,20.836
2013-07-07,Sardar Sarovar,1406.002,38.846
2013-07-08,Sardar Sarovar,1393.742,55.444
2013-07-09,Sardar Sarovar,1410.948,55.444
2013-07-10,Sardar Sarovar,1416.932,52.972
2013-07-11,Sardar Sarovar,1389.981,54.385
2013-07-12,Sardar Sarovar,1347.346,49.441
2013-07-13,Sardar Sarovar,883.898,49.282
2013-07-14,Sardar Sarovar,1139.624,49.123
2013-07-15,Sardar Sarovar,1395.351,48.964
2013-07-16,Sardar Sarovar,1381.981,48.805
2013-07-17,Sardar Sarovar,1347.588,48.646
2013-07-18,Sardar Sarovar,1376.231,48.487
2013-07-19,Sardar Sarovar,2868.184,48.328
2013-07-20,Sardar Sarovar,4198.89,48.169
2013-07-21,Sardar Sarovar,5985.49,48.01
2013-07-22,Sardar Sarovar,7772.091,47.851
2013-07-23,Sardar Sarovar,4581.106,47.692
2013-07-24,Sardar Sarovar,4067.973,47.534
2013-07-25,Sardar Sarovar,4460.104,47.375
2013-07-26,Sardar Sarovar,6957.01,47.216
2013-07-27,Sardar Sarovar,7752.808,47.057
2013-07-28,Sardar Sarovar,8209.694,46.898
2013-07-29,Sardar Sarovar,8245.884,46.739
2013-07-30,Sardar Sarovar,6757.884,46.58
2013-07-31,Sardar Sarovar,5030.715,46.421
2013-08-01,Sardar Sarovar,4851.377,46.262
2013-08-02,Sardar Sarovar,17267.383,31.43
2013-08-03,Sardar Sarovar,18813.06,33.196
2013-08-04,Sardar Sarovar,10093.326,32.489
2013-08-05,Sardar Sarovar,6640.032,26.839
2013-08-06,Sardar Sarovar,5050.883,20.129
2013-08-07,Sardar Sarovar,3914.829,39.552
2013-08-08,Sardar Sarovar,3192.284,55.444
2013-08-09,Sardar Sarovar,3147.4,55.444
2013-08-10,Sardar Sarovar,3102.515,54.738
2013-08-11,Sardar Sarovar,3584.621,54.385
2013-08-12,Sardar Sarovar,4066.726,49.441
2013-08-13,Sardar Sarovar,6591.585,49.264
2013-08-14,Sardar Sarovar,8323.347,49.087
2013-08-15,Sardar Sarovar,7099.916,48.911
2013-08-16,Sardar Sarovar,5876.486,48.734
2013-08-17,Sardar Sarovar,4080.61,48.558
2013-08-18,Sardar Sarovar,3506.131,48.381
2013-08-19,Sardar Sarovar,2931.651,48.205
2013-08-20,Sardar Sarovar,2677.763,48.028
2013-08-21,Sardar Sarovar,7073.911,47.851
2013-08-22,Sardar Sarovar,15422.573,47.675
2013-08-23,Sardar Sarovar,18679.668,47.498
2013-08-24,Sardar Sarovar,27840.47,47.322
2013-08-25,Sardar Sarovar,32056.754,47.145
2013-08-26,Sardar Sarovar,23773.352,46.969
2013-08-27,Sardar Sarovar,17086.309,46.792
2013-08-28,Sardar Sarovar,6976.302,46.615
2013-08-29,Sardar Sarovar,6976.302,46.439
2013-08-30,Sardar Sarovar,4851.627,46.262
2013-08-31,Sardar Sarovar,3854.865,46.086
2013-09-01,Sardar Sarovar,2827.703,45.909
2013-09-02,Sardar Sarovar,1800.541,30.724
2013-09-03,Sardar Sarovar,1774.052,33.196
2013-09-04,Sardar Sarovar,1715.481,32.489
2013-09-05,Sardar Sarovar,1677.546,26.839
2013-09-06,Sardar Sarovar,1652.658,20.129
2013-09-07,Sardar Sarovar,1584.53,39.906
2013-09-08,Sardar Sarovar,1595.536,55.444
2013-09-09,Sardar Sarovar,1606.541,55.444
2013-09-10,Sardar Sarovar,1617.547,55.444
2013-09-11,Sardar Sarovar,1512.808,55.091
2013-09-12,Sardar Sarovar,1305.049,50.147
2013-09-13,Sardar Sarovar,1428.755,49.887
2013-09-14,Sardar Sarovar,1386.708,49.626
2013-09-15,Sardar Sarovar,1363.907,49.366
2013-09-16,Sardar Sarovar,1341.105,49.106
2013-09-17,Sardar Sarovar,1392.968,48.846
2013-09-18,Sardar Sarovar,219.736,48.586
2013-09-19,Sardar Sarovar,46.246,48.325
2013-09-20,Sardar Sarovar,46.524,48.065
2013-09-21,Sardar Sarovar,48.387,47.805
2013-09-22,Sardar Sarovar,6633.328,47.545
2013-09-23,Sardar Sarovar,13218.269,47.284
2013-09-24,Sardar Sarovar,16738.346,47.024
2013-09-25,Sardar Sarovar,8438.516,46.764
2013-09-26,Sardar Sarovar,4401.711,46.504
2013-09-27,Sardar Sarovar,3038.952,46.244
2013-09-28,Sardar Sarovar,2355.604,45.983
2013-09-29,Sardar Sarovar,2081.364,45.723
2013-09-30,Sardar Sarovar,1807.124,45.463
2013-10-01,Sardar Sarovar,1550.368,45.203
2013-10-02,Sardar Sarovar,1492.0,30.724
2013-10-03,Sardar Sarovar,1433.632,33.196
2013-10-04,Sardar Sarovar,1466.876,33.196
2013-10-05,Sardar Sarovar,1432.759,26.486
2013-10-06,Sardar Sarovar,739.721,21.189
2013-10-07,Sardar Sarovar,46.682,40.259
2013-10-08,Sardar Sarovar,1395.811,55.444
2013-10-09,Sardar Sarovar,1257.602,55.444
2013-10-10,Sardar Sarovar,1396.516,55.444
2013-10-11,Sardar Sarovar,1467.263,51.559
2013-10-12,Sardar Sarovar,1429.563,49.441
2013-10-13,Sardar Sarovar,1599.531,49.211
2013-10-14,Sardar Sarovar,1769.498,48.981
2013-10-15,Sardar Sarovar,2738.458,48.752
2013-10-16,Sardar Sarovar,2570.638,48.522
2013-10-17,Sardar Sarovar,2402.818,48.293
2013-10-18,Sardar Sarovar,1882.311,48.063
2013-10-19,Sardar Sarovar,1561.797,47.834
2013-10-20,Sardar Sarovar,807.772,47.604
2013-10-21,Sardar Sarovar,53.746,47.375
2013-10-22,Sardar Sarovar,52.566,47.145
2013-10-23,Sardar Sarovar,52.872,46.916
2013-10-24,Sardar Sarovar,50.456,46.686
2013-10-25,Sardar Sarovar,50.159,46.456
2013-10-26,Sardar Sarovar,50.183,46.227
2013-10-27,Sardar Sarovar,50.311,45.997
2013-10-28,Sardar Sarovar,50.439,45.768
2013-10-29,Sardar Sarovar,51.233,45.538
2013-10-30,Sardar Sarovar,50.569,45.309
2013-10-31,Sardar Sarovar,51.746,45.079
2013-11-01,Sardar Sarovar,50.791,44.85
2013-11-02,Sardar Sarovar,49.721,30.724
2013-11-03,Sardar Sarovar,49.996,33.196
2013-11-04,Sardar Sarovar,50.271,33.196
2013-11-05,Sardar Sarovar,49.875,26.486
2013-11-06,Sardar Sarovar,267.085,21.542
2013-11-07,Sardar Sarovar,50.643,40.259
2013-11-08,Sardar Sarovar,49.996,55.444
2013-11-09,Sardar Sarovar,50.071,55.444
2013-11-10,Sardar Sarovar,49.581,55.444
2013-11-11,Sardar Sarovar,49.09,50.853
2013-11-12,Sardar Sarovar,47.701,48.381
2013-11-13,Sardar Sarovar,47.933,48.177
2013-11-14,Sardar Sarovar,48.337,47.972
2013-11-15,Sardar Sarovar,48.74,47.768
2013-11-16,Sardar Sarovar,833.764,47.563
2013-11-17,Sardar Sarovar,441.866,47.359
2013-11-18,Sardar Sarovar,49.968,47.154
2013-11-19,Sardar Sarovar,1281.024,46.95
2013-11-20,Sardar Sarovar,1218.427,46.745
2013-11-21,Sardar Sarovar,43.84,46.541
2013-11-22,Sardar Sarovar,43.933,46.337
2013-11-23,Sardar Sarovar,43.166,46.132
2013-11-24,Sardar Sarovar,43.508,45.928
2013-11-25,Sardar Sarovar,43.85,45.723
2013-11-26,Sardar Sarovar,42.938,45.519
2013-11-27,Sardar Sarovar,45.26,45.314
2013-11-28,Sardar Sarovar,44.648,45.11
2013-11-29,Sardar Sarovar,41.781,44.905
2013-11-30,Sardar Sarovar,44.366,44.701
2013-12-01,Sardar Sarovar,44.502,44.496
2013-12-02,Sardar Sarovar,44.639,30.724
2013-12-03,Sardar Sarovar,44.66,33.549
2013-12-04,Sardar Sarovar,50.061,33.196
2013-12-05,Sardar Sarovar,49.788,26.839
2013-12-06,Sardar Sarovar,49.426,21.542
2013-12-07,Sardar Sarovar,48.63,39.906
2013-12-08,Sardar Sarovar,48.771,55.444
2013-12-09,Sardar Sarovar,48.911,55.091
2013-12-10,Sardar Sarovar,49.388,55.444
2013-12-11,Sardar Sarovar,48.923,52.266
2013-12-12,Sardar Sarovar,48.715,48.028
2013-12-13,Sardar Sarovar,48.686,47.798
2013-12-14,Sardar Sarovar,49.386,47.569
2013-12-15,Sardar Sarovar,49.303,47.339
2013-12-16,Sardar Sarovar,49.22,47.11
2013-12-17,Sardar Sarovar,49.172,46.88
2013-12-18,Sardar Sarovar,49.667,46.651
2013-12-19,Sardar Sarovar,49.558,46.421
2013-12-20,Sardar Sarovar,49.742,46.192
2013-12-21,Sardar Sarovar,50.399,45.962
2013-12-22,Sardar Sarovar,49.984,45.732
2013-12-23,Sardar Sarovar,49.568,45.503
2013-12-24,Sardar Sarovar,47.574,45.273
2013-12-25,Sardar Sarovar,47.641,45.044
2013-12-26,Sardar Sarovar,47.708,44.814
2013-12-27,Sardar Sarovar,47.656,44.585
2013-12-28,Sardar Sarovar,47.124,44.355
2013-12-29,Sardar Sarovar,47.127,44.126
2013-12-30,Sardar Sarovar,47.129,43.896
2013-12-31,Sardar Sarovar,43.071,43.667
2014-01-01,Sardar Sarovar,47.696,43.437
2014-01-02,Sardar Sarovar,47.947,51.206
2014-01-03,Sardar Sarovar,47.021,33.196
2014-01-04,Sardar Sarovar,46.55,15.892
2014-01-05,Sardar Sarovar,47.143,16.245
2014-01-06,Sardar Sarovar,47.737,16.598
2014-01-07,Sardar Sarovar,50.521,16.951
2014-01-08,Sardar Sarovar,49.306,47.675
2014-01-09,Sardar Sarovar,48.887,49.794
2014-01-10,Sardar Sarovar,46.508,52.972
2014-01-11,Sardar Sarovar,47.009,36.374
2014-01-12,Sardar Sarovar,46.98,42.024
2014-01-13,Sardar Sarovar,46.951,39.923
2014-01-14,Sardar Sarovar,46.552,37.822
2014-01-15,Sardar Sarovar,46.152,35.721
2014-01-16,Sardar Sarovar,47.024,33.62
2014-01-17,Sardar Sarovar,48.171,31.518
2014-01-18,Sardar Sarovar,47.337,29.417
2014-01-19,Sardar Sarovar,47.427,27.316
2014-01-20,Sardar Sarovar,47.517,25.215
2014-01-21,Sardar Sarovar,50.155,23.113
2014-01-22,Sardar Sarovar,50.032,21.012
2014-01-23,Sardar Sarovar,44.567,18.911
2014-01-24,Sardar Sarovar,46.966,16.81
2014-01-25,Sardar Sarovar,47.786,14.709
2014-01-26,Sardar Sarovar,49.765,12.607
2014-01-27,Sardar Sarovar,51.745,10.506
2014-01-28,Sardar Sarovar,52.222,8.405
2014-01-29,Sardar Sarovar,52.046,6.304
2014-01-30,Sardar Sarovar,51.953,4.202
2014-01-31,Sardar Sarovar,51.12,2.101
2014-02-01,Sardar Sarovar,52.092,27.007
2014-02-02,Sardar Sarovar,128.562,51.913
2014-02-03,Sardar Sarovar,205.031,32.136
2014-02-04,Sardar Sarovar,193.769,17.304
2014-02-05,Sardar Sarovar,188.793,26.133
2014-02-06,Sardar Sarovar,217.618,21.542
2014-02-07,Sardar Sarovar,192.529,16.951
2014-02-08,Sardar Sarovar,195.862,45.909
2014-02-09,Sardar Sarovar,199.752,49.794
2014-02-10,Sardar Sarovar,203.643,54.738
2014-02-11,Sardar Sarovar,53.436,49.088
2014-02-12,Sardar Sarovar,52.814,43.437
2014-02-13,Sardar Sarovar,54.813,43.437
2014-02-14,Sardar Sarovar,54.577,43.437
2014-02-15,Sardar Sarovar,53.224,43.437
2014-02-16,Sardar Sarovar,653.919,43.437
2014-02-17,Sardar Sarovar,1254.613,43.437
2014-02-18,Sardar Sarovar,55.436,43.437
2014-02-19,Sardar Sarovar,52.356,43.437
2014-02-20,Sardar Sarovar,1010.243,43.437
2014-02-21,Sardar Sarovar,1023.547,43.437
2014-02-22,Sardar Sarovar,1035.938,43.437
2014-02-23,Sardar Sarovar,1040.399,43.437
2014-02-24,Sardar Sarovar,1044.861,43.437
2014-02-25,Sardar Sarovar,648.743,43.437
2014-02-26,Sardar Sarovar,644.365,43.437
2014-02-27,Sardar Sarovar,53.215,43.437
2014-02-28,Sardar Sarovar,53.941,43.437
2014-03-01,Sardar Sarovar,53.978,43.437
2014-03-02,Sardar Sarovar,311.822,51.559
2014-03-03,Sardar Sarovar,569.666,31.783
2014-03-04,Sardar Sarovar,53.258,18.01
2014-03-05,Sardar Sarovar,730.806,27.192
2014-03-06,Sardar Sarovar,968.038,13.773
2014-03-07,Sardar Sarovar,696.777,17.304
2014-03-08,Sardar Sarovar,600.655,43.437
2014-03-09,Sardar Sarovar,852.189,50.147
2014-03-10,Sardar Sarovar,1103.723,53.678
2014-03-11,Sardar Sarovar,974.603,36.374
2014-03-12,Sardar Sarovar,713.367,44.85
2014-03-13,Sardar Sarovar,1050.334,44.814
2014-03-14,Sardar Sarovar,950.359,44.779
2014-03-15,Sardar Sarovar,600.175,44.744
2014-03-16,Sardar Sarovar,744.625,44.708
2014-03-17,Sardar Sarovar,889.075,44.673
2014-03-18,Sardar Sarovar,1033.525,44.638
2014-03-19,Sardar Sarovar,1255.143,44.602
2014-03-20,Sardar Sarovar,1095.767,44.567
2014-03-21,Sardar Sarovar,1013.301,44.532
2014-03-22,Sardar Sarovar,183.756,44.496
2014-03-23,Sardar Sarovar,407.265,44.461
2014-03-24,Sardar Sarovar,630.774,44.426
2014-03-25,Sardar Sarovar,926.49,44.391
2014-03-26,Sardar Sarovar,986.108,44.355
2014-03-27,Sardar Sarovar,756.703,44.32
2014-03-28,Sardar Sarovar,310.022,44.285
2014-03-29,Sardar Sarovar,207.365,44.249
2014-03-30,Sardar Sarovar,215.395,44.214
2014-03-31,Sardar Sarovar,223.426,44.179
2014-04-01,Sardar Sarovar,227.104,44.143
2014-04-02,Sardar Sarovar,212.061,51.206
2014-04-03,Sardar Sarovar,348.61,31.783
2014-04-04,Sardar Sarovar,296.961,18.717
2014-04-05,Sardar Sarovar,245.311,27.899
2014-04-06,Sardar Sarovar,228.98,13.066
2014-04-07,Sardar Sarovar,212.65,17.304
2014-04-08,Sardar Sarovar,223.815,45.203
2014-04-09,Sardar Sarovar,206.82,50.147
2014-04-10,Sardar Sarovar,52.514,52.266
2014-04-11,Sardar Sarovar,316.898,43.437
2014-04-12,Sardar Sarovar,53.702,44.85
2014-04-13,Sardar Sarovar,54.096,44.905
2014-04-14,Sardar Sarovar,54.49,44.961
2014-04-15,Sardar Sarovar,54.884,45.017
2014-04-16,Sardar Sarovar,225.431,45.073
2014-04-17,Sardar Sarovar,55.169,45.128
2014-04-18,Sardar Sarovar,55.026,45.184
2014-04-19,Sardar Sarovar,54.884,45.24
2014-04-20,Sardar Sarovar,54.871,45.296
2014-04-21,Sardar Sarovar,54.857,45.351
2014-04-22,Sardar Sarovar,479.433,45.407
2014-04-23,Sardar Sarovar,389.456,45.463
2014-04-24,Sardar Sarovar,447.389,45.519
2014-04-25,Sardar Sarovar,54.13,45.575
2014-04-26,Sardar Sarovar,52.825,45.63
2014-04-27,Sardar Sarovar,53.507,45.686
2014-04-28,Sardar Sarovar,54.188,45.742
2014-04-29,Sardar Sarovar,52.045,45.798
2014-04-30,Sardar Sarovar,52.502,45.853
2014-05-01,Sardar Sarovar,52.959,45.909
2014-05-02,Sardar Sarovar,51.573,51.913
2014-05-03,Sardar Sarovar,51.58,30.724
2014-05-04,Sardar Sarovar,51.689,18.364
2014-05-05,Sardar Sarovar,51.689,26.839
2014-05-06,Sardar Sarovar,50.985,13.42
2014-05-07,Sardar Sarovar,50.019,17.304
2014-05-08,Sardar Sarovar,54.114,46.969
2014-05-09,Sardar Sarovar,593.024,51.559
2014-05-10,Sardar Sarovar,564.634,49.794
2014-05-11,Sardar Sarovar,306.246,43.437
2014-05-12,Sardar Sarovar,47.857,44.143
2014-05-13,Sardar Sarovar,243.017,44.249
2014-05-14,Sardar Sarovar,225.601,44.355
2014-05-15,Sardar Sarovar,208.185,44.461
2014-05-16,Sardar Sarovar,48.642,44.567
2014-05-17,Sardar Sarovar,42.899,44.673
2014-05-18,Sardar Sarovar,42.293,44.779
2014-05-19,Sardar Sarovar,41.688,44.885
2014-05-20,Sardar Sarovar,41.167,44.991
2014-05-21,Sardar Sarovar,54.511,45.097
2014-05-22,Sardar Sarovar,210.946,45.203
2014-05-23,Sardar Sarovar,204.382,45.309
2014-05-24,Sardar Sarovar,212.4,45.415
2014-05-25,Sardar Sarovar,213.429,45.521
2014-05-26,Sardar Sarovar,214.457,45.627
2014-05-27,Sardar Sarovar,49.331,45.732
2014-05-28,Sardar Sarovar,239.38,45.838
2014-05-29,Sardar Sarovar,249.518,45.944
2014-05-30,Sardar Sarovar,239.537,46.05
2014-05-31,Sardar Sarovar,241.979,46.156
2014-06-01,Sardar Sarovar,233.775,46.262
2014-06-02,Sardar Sarovar,53.497,52.266
2014-06-03,Sardar Sarovar,237.848,29.311
2014-06-04,Sardar Sarovar,53.214,17.304
2014-06-05,Sardar Sarovar,51.195,26.486
2014-06-06,Sardar Sarovar,52.034,13.42
2014-06-07,Sardar Sarovar,51.219,16.951
2014-06-08,Sardar Sarovar,56.025,49.441
2014-06-09,Sardar Sarovar,49.869,51.913
2014-06-10,Sardar Sarovar,42.389,46.615
2014-06-11,Sardar Sarovar,51.615,45.026
2014-06-12,Sardar Sarovar,30.395,43.437
2014-06-13,Sardar Sarovar,18.768,43.53
2014-06-14,Sardar Sarovar,30.335,43.623
2014-06-15,Sardar Sarovar,26.566,43.716
2014-06-16,Sardar Sarovar,19.889,43.809
2014-06-17,Sardar Sarovar,29.872,43.902
2014-06-18,Sardar Sarovar,19.6,43.995
2014-06-19,Sardar Sarovar,29.349,44.088
2014-06-20,Sardar Sarovar,30.228,44.181
2014-06-21,Sardar Sarovar,25.58,44.273
2014-06-22,Sardar Sarovar,26.549,44.366
2014-06-23,Sardar Sarovar,29.771,44.459
2014-06-24,Sardar Sarovar,25.576,44.552
2014-06-25,Sardar Sarovar,25.696,44.645
2014-06-26,Sardar Sarovar,25.47,44.738
2014-06-27,Sardar Sarovar,25.886,44.831
2014-06-28,Sardar Sarovar,31.488,44.924
2014-06-29,Sardar Sarovar,28.244,45.017
2014-06-30,Sardar Sarovar,28.993,45.11
2014-07-01,Sardar Sarovar,28.875,45.203
2014-07-02,Sardar Sarovar,32.079,52.972
2014-07-03,Sardar Sarovar,29.151,27.899
2014-07-04,Sardar Sarovar,28.435,16.951
2014-07-05,Sardar Sarovar,28.522,25.78
2014-07-06,Sardar Sarovar,23.283,13.42
2014-07-07,Sardar Sarovar,27.913,16.245
2014-07-08,Sardar Sarovar,30.42,33.726
2014-07-09,Sardar Sarovar,28.956,51.206
2014-07-10,Sardar Sarovar,28.301,43.437
2014-07-11,Sardar Sarovar,20.739,43.437
2014-07-12,Sardar Sarovar,21.048,42.024
2014-07-13,Sardar Sarovar,11.2,42.254
2014-07-14,Sardar Sarovar,23.679,42.484
2014-07-15,Sardar Sarovar,30.591,42.713
2014-07-16,Sardar Sarovar,29.942,42.943
2014-07-17,Sardar Sarovar,28.156,43.172
2014-07-18,Sardar Sarovar,27.935,43.402
2014-07-19,Sardar Sarovar,28.673,43.631
2014-07-20,Sardar Sarovar,24.895,43.861
2014-07-21,Sardar Sarovar,28.763,44.09
2014-07-22,Sardar Sarovar,30.407,44.32
2014-07-23,Sardar Sarovar,30.441,44.549
2014-07-24,Sardar Sarovar,49.751,44.779
2014-07-25,Sardar Sarovar,30.725,45.009
2014-07-26,Sardar Sarovar,52.77,45.238
2014-07-27,Sardar Sarovar,23.283,45.468
2014-07-28,Sardar Sarovar,51.277,45.697
2014-07-29,Sardar Sarovar,511.484,45.927
2014-07-30,Sardar Sarovar,1299.543,46.156
2014-07-31,Sardar Sarovar,1354.234,46.386
2014-08-01,Sardar Sarovar,1206.866,46.615
2014-08-02,Sardar Sarovar,1304.431,53.325
2014-08-03,Sardar Sarovar,516.801,26.839
2014-08-04,Sardar Sarovar,47.635,16.951
2014-08-05,Sardar Sarovar,33.712,25.78
2014-08-06,Sardar Sarovar,33.347,13.42
2014-08-07,Sardar Sarovar,275.154,15.538
2014-08-08,Sardar Sarovar,82.115,33.195
2014-08-09,Sardar Sarovar,1319.526,50.853
2014-08-10,Sardar Sarovar,263.815,41.671
2014-08-11,Sardar Sarovar,76.871,43.084
2014-08-12,Sardar Sarovar,75.047,40.612
2014-08-13,Sardar Sarovar,74.195,40.965
2014-08-14,Sardar Sarovar,74.079,41.318
2014-08-15,Sardar Sarovar,181.574,41.671
2014-08-16,Sardar Sarovar,69.517,42.024
2014-08-17,Sardar Sarovar,131.523,42.378
2014-08-18,Sardar Sarovar,104.592,42.731
2014-08-19,Sardar Sarovar,72.119,43.084
2014-08-20,Sardar Sarovar,76.718,43.437
2014-08-21,Sardar Sarovar,81.316,43.79
2014-08-22,Sardar Sarovar,72.816,44.143
2014-08-23,Sardar Sarovar,221.774,44.496
2014-08-24,Sardar Sarovar,157.436,44.85
2014-08-25,Sardar Sarovar,65.518,45.203
2014-08-26,Sardar Sarovar,869.837,45.556
2014-08-27,Sardar Sarovar,871.4,45.909
2014-08-28,Sardar Sarovar,560.678,46.262
2014-08-29,Sardar Sarovar,1157.23,46.615
2014-08-30,Sardar Sarovar,902.521,46.969
2014-08-31,Sardar Sarovar,321.384,47.322
2014-09-01,Sardar Sarovar,568.709,47.675
2014-09-02,Sardar Sarovar,506.046,51.913
2014-09-03,Sardar Sarovar,399.267,26.133
2014-09-04,Sardar Sarovar,383.404,17.304
2014-09-05,Sardar Sarovar,405.541,25.427
2014-09-06,Sardar Sarovar,537.249,13.773
2014-09-07,Sardar Sarovar,257.694,14.479
2014-09-08,Sardar Sarovar,562.907,34.962
2014-09-09,Sardar Sarovar,10016.128,55.444
2014-09-10,Sardar Sarovar,5498.947,48.734
2014-09-11,Sardar Sarovar,4020.633,42.024
2014-09-12,Sardar Sarovar,2954.994,39.552
2014-09-13,Sardar Sarovar,2581.829,40.036
2014-09-14,Sardar Sarovar,2008.861,40.519
2014-09-15,Sardar Sarovar,1737.823,41.002
2014-09-16,Sardar Sarovar,1669.646,41.485
2014-09-17,Sardar Sarovar,1676.497,41.969
2014-09-18,Sardar Sarovar,2328.553,42.452
2014-09-19,Sardar Sarovar,3027.353,42.935
2014-09-20,Sardar Sarovar,3518.778,43.418
2014-09-21,Sardar Sarovar,2649.874,43.902
2014-09-22,Sardar Sarovar,1716.905,44.385
2014-09-23,Sardar Sarovar,1596.725,44.868
2014-09-24,Sardar Sarovar,1509.896,45.351
2014-09-25,Sardar Sarovar,1500.831,45.835
2014-09-26,Sardar Sarovar,1440.396,46.318
2014-09-27,Sardar Sarovar,1356.839,46.801
2014-09-28,Sardar Sarovar,1106.599,47.284
2014-09-29,Sardar Sarovar,1246.071,47.768
2014-09-30,Sardar Sarovar,1277.029,48.251
2014-10-01,Sardar Sarovar,1094.988,48.734
2014-10-02,Sardar Sarovar,873.477,50.147
2014-10-03,Sardar Sarovar,873.477,26.133
2014-10-04,Sardar Sarovar,1314.874,19.07
2014-10-05,Sardar Sarovar,886.591,25.073
2014-10-06,Sardar Sarovar,883.306,14.126
2014-10-07,Sardar Sarovar,1384.898,14.126
2014-10-08,Sardar Sarovar,71.363,47.322
2014-10-09,Sardar Sarovar,28.046,55.444
2014-10-10,Sardar Sarovar,26.453,39.552
2014-10-11,Sardar Sarovar,24.957,40.259
2014-10-12,Sardar Sarovar,24.757,39.199
2014-10-13,Sardar Sarovar,24.558,39.676
2014-10-14,Sardar Sarovar,24.113,40.153
2014-10-15,Sardar Sarovar,24.715,40.63
2014-10-16,Sardar Sarovar,25.897,41.106
2014-10-17,Sardar Sarovar,25.974,41.583
2014-10-18,Sardar Sarovar,20.384,42.06
2014-10-19,Sardar Sarovar,20.006,42.537
2014-10-20,Sardar Sarovar,19.627,43.013
2014-10-21,Sardar Sarovar,19.494,43.49
2014-10-22,Sardar Sarovar,28.209,43.967
2014-10-23,Sardar Sarovar,23.283,44.444
2014-10-24,Sardar Sarovar,19.39,44.92
2014-10-25,Sardar Sarovar,19.495,45.397
2014-10-26,Sardar Sarovar,19.026,45.874
2014-10-27,Sardar Sarovar,18.558,46.351
2014-10-28,Sardar Sarovar,18.712,46.827
2014-10-29,Sardar Sarovar,19.288,47.304
2014-10-30,Sardar Sarovar,19.277,47.781
2014-10-31,Sardar Sarovar,19.877,48.257
2014-11-01,Sardar Sarovar,19.348,48.734
2014-11-02,Sardar Sarovar,19.299,49.794
2014-11-03,Sardar Sarovar,19.25,25.073
2014-11-04,Sardar Sarovar,0.0,19.776
2014-11-05,Sardar Sarovar,50.77,24.014
2014-11-06,Sardar Sarovar,143.877,14.126
2014-11-07,Sardar Sarovar,236.984,13.773
2014-11-08,Sardar Sarovar,221.303,46.969
2014-11-09,Sardar Sarovar,136.499,55.444
2014-11-10,Sardar Sarovar,51.695,39.552
2014-11-11,Sardar Sarovar,20.194,38.846
2014-11-12,Sardar Sarovar,19.149,39.906
2014-11-13,Sardar Sarovar,18.983,40.37
2014-11-14,Sardar Sarovar,19.597,40.835
2014-11-15,Sardar Sarovar,20.118,41.3
2014-11-16,Sardar Sarovar,18.572,41.764
2014-11-17,Sardar Sarovar,21.82,42.229
2014-11-18,Sardar Sarovar,22.356,42.694
2014-11-19,Sardar Sarovar,21.836,43.158
2014-11-20,Sardar Sarovar,22.164,43.623
2014-11-21,Sardar Sarovar,21.845,44.088
2014-11-22,Sardar Sarovar,21.601,44.552
2014-11-23,Sardar Sarovar,18.137,45.017
2014-11-24,Sardar Sarovar,21.921,45.482
2014-11-25,Sardar Sarovar,25.667,45.946
2014-11-26,Sardar Sarovar,25.383,46.411
2014-11-27,Sardar Sarovar,25.27,46.876
2014-11-28,Sardar Sarovar,25.311,47.34
2014-11-29,Sardar Sarovar,25.077,47.805
2014-11-30,Sardar Sarovar,19.928,48.27
2014-12-01,Sardar Sarovar,25.197,48.734
2014-12-02,Sardar Sarovar,25.109,49.794
2014-12-03,Sardar Sarovar,574.543,23.661
2014-12-04,Sardar Sarovar,25.103,20.483
2014-12-05,Sardar Sarovar,562.815,22.955
2014-12-06,Sardar Sarovar,58.891,15.185
2014-12-07,Sardar Sarovar,57.306,13.773
2014-12-08,Sardar Sarovar,59.39,46.615
2014-12-09,Sardar Sarovar,24.872,55.444
2014-12-10,Sardar Sarovar,24.389,40.259
2014-12-11,Sardar Sarovar,18.765,38.846
2014-12-12,Sardar Sarovar,19.295,40.612
2014-12-13,Sardar Sarovar,20.283,40.577
2014-12-14,Sardar Sarovar,20.879,40.541
2014-12-15,Sardar Sarovar,19.607,40.506
2014-12-16,Sardar Sarovar,19.397,40.471
2014-12-17,Sardar Sarovar,19.335,40.435
2014-12-18,Sardar Sarovar,25.095,40.4
2014-12-19,Sardar Sarovar,24.529,40.365
2014-12-20,Sardar Sarovar,23.873,40.329
2014-12-21,Sardar Sarovar,19.928,40.294
2014-12-22,Sardar Sarovar,23.056,40.259
2014-12-23,Sardar Sarovar,22.734,40.223
2014-12-24,Sardar Sarovar,24.323,40.188
2014-12-25,Sardar Sarovar,21.868,40.153
2014-12-26,Sardar Sarovar,30.156,40.117
2014-12-27,Sardar Sarovar,60.197,40.082
2014-12-28,Sardar Sarovar,19.697,40.047
2014-12-29,Sardar Sarovar,57.891,40.012
2014-12-30,Sardar Sarovar,60.104,39.976
2014-12-31,Sardar Sarovar,61.342,39.941
2015-01-01,Sardar Sarovar,24.967,39.906
2015-01-02,Sardar Sarovar,21.347,40.965
2015-01-03,Sardar Sarovar,23.819,40.965
2015-01-04,Sardar Sarovar,18.792,39.552
2015-01-05,Sardar Sarovar,21.98,43.084
2015-01-06,Sardar Sarovar,21.537,33.902
2015-01-07,Sardar Sarovar,19.785,24.72
2015-01-08,Sardar Sarovar,24.706,52.972
2015-01-09,Sardar Sarovar,24.226,49.087
2015-01-10,Sardar Sarovar,60.166,48.381
2015-01-11,Sardar Sarovar,153.89,43.084
2015-01-12,Sardar Sarovar,588.947,32.843
2015-01-13,Sardar Sarovar,586.329,33.196
2015-01-14,Sardar Sarovar,117.324,33.549
2015-01-15,Sardar Sarovar,368.91,33.902
2015-01-16,Sardar Sarovar,365.077,34.255
2015-01-17,Sardar Sarovar,548.936,34.608
2015-01-18,Sardar Sarovar,21.617,34.962
2015-01-19,Sardar Sarovar,57.444,35.315
2015-01-20,Sardar Sarovar,249.605,35.668
2015-01-21,Sardar Sarovar,250.194,36.021
2015-01-22,Sardar Sarovar,878.517,36.374
2015-01-23,Sardar Sarovar,847.862,36.727
2015-01-24,Sardar Sarovar,813.295,37.08
2015-01-25,Sardar Sarovar,819.393,37.434
2015-01-26,Sardar Sarovar,22.121,37.787
2015-01-27,Sardar Sarovar,303.907,38.14
2015-01-28,Sardar Sarovar,799.569,38.493
2015-01-29,Sardar Sarovar,824.476,38.846
2015-01-30,Sardar Sarovar,819.825,39.199
2015-01-31,Sardar Sarovar,808.034,39.552
2015-02-01,Sardar Sarovar,331.713,39.906
2015-02-02,Sardar Sarovar,265.081,39.906
2015-02-03,Sardar Sarovar,259.912,40.259
2015-02-04,Sardar Sarovar,262.101,42.201
2015-02-05,Sardar Sarovar,20.473,44.143
2015-02-06,Sardar Sarovar,21.655,32.136
2015-02-07,Sardar Sarovar,250.481,24.72
2015-02-08,Sardar Sarovar,21.368,52.266
2015-02-09,Sardar Sarovar,24.745,50.5
2015-02-10,Sardar Sarovar,250.702,47.322
2015-02-11,Sardar Sarovar,25.507,43.437
2015-02-12,Sardar Sarovar,240.103,31.783
2015-02-13,Sardar Sarovar,24.659,32.261
2015-02-14,Sardar Sarovar,26.377,32.739
2015-02-15,Sardar Sarovar,25.071,33.217
2015-02-16,Sardar Sarovar,23.764,33.694
2015-02-17,Sardar Sarovar,24.046,34.172
2015-02-18,Sardar Sarovar,23.102,34.65
2015-02-19,Sardar Sarovar,23.171,35.128
2015-02-20,Sardar Sarovar,26.007,35.605
2015-02-21,Sardar Sarovar,24.057,36.083
2015-02-22,Sardar Sarovar,19.928,36.561
2015-02-23,Sardar Sarovar,25.665,37.039
2015-02-24,Sardar Sarovar,24.048,37.517
2015-02-25,Sardar Sarovar,25.015,37.994
2015-02-26,Sardar Sarovar,25.613,38.472
2015-02-27,Sardar Sarovar,25.255,38.95
2015-02-28,Sardar Sarovar,25.663,39.428
2015-03-01,Sardar Sarovar,20.638,39.906
2015-03-02,Sardar Sarovar,24.017,39.199
2015-03-03,Sardar Sarovar,25.038,38.846
2015-03-04,Sardar Sarovar,25.479,39.906
2015-03-05,Sardar Sarovar,24.052,44.496
2015-03-06,Sardar Sarovar,21.368,30.724
2015-03-07,Sardar Sarovar,18.881,24.72
2015-03-08,Sardar Sarovar,22.635,52.266
2015-03-09,Sardar Sarovar,24.018,50.5
2015-03-10,Sardar Sarovar,26.299,46.615
2015-03-11,Sardar Sarovar,24.132,42.731
2015-03-12,Sardar Sarovar,26.128,31.077
2015-03-13,Sardar Sarovar,24.196,31.536
2015-03-14,Sardar Sarovar,24.204,31.995
2015-03-15,Sardar Sarovar,21.368,32.454
2015-03-16,Sardar Sarovar,25.134,32.913
2015-03-17,Sardar Sarovar,24.104,33.372
2015-03-18,Sardar Sarovar,24.181,33.831
2015-03-19,Sardar Sarovar,25.176,34.291
2015-03-20,Sardar Sarovar,24.07,34.75
2015-03-21,Sardar Sarovar,24.88,35.209
2015-03-22,Sardar Sarovar,22.121,35.668
2015-03-23,Sardar Sarovar,25.349,36.127
2015-03-24,Sardar Sarovar,24.053,36.586
2015-03-25,Sardar Sarovar,24.859,37.045
2015-03-26,Sardar Sarovar,26.533,37.504
2015-03-27,Sardar Sarovar,27.325,37.963
2015-03-28,Sardar Sarovar,26.85,38.422
2015-03-29,Sardar Sarovar,28.045,38.881
2015-03-30,Sardar Sarovar,26.344,39.341
2015-03-31,Sardar Sarovar,26.998,39.8
2015-04-01,Sardar Sarovar,26.792,40.259
2015-04-02,Sardar Sarovar,26.823,39.552
2015-04-03,Sardar Sarovar,26.229,38.493
2015-04-04,Sardar Sarovar,26.908,39.552
2015-04-05,Sardar Sarovar,27.124,44.85
2015-04-06,Sardar Sarovar,26.964,30.724
2015-04-07,Sardar Sarovar,26.715,24.72
2015-04-08,Sardar Sarovar,26.834,52.619
2015-04-09,Sardar Sarovar,26.616,50.5
2015-04-10,Sardar Sarovar,26.829,45.909
2015-04-11,Sardar Sarovar,26.567,42.731
2015-04-12,Sardar Sarovar,26.882,30.017
2015-04-13,Sardar Sarovar,26.882,30.575
2015-04-14,Sardar Sarovar,17.711,31.133
2015-04-15,Sardar Sarovar,30.972,31.69
2015-04-16,Sardar Sarovar,30.836,32.248
2015-04-17,Sardar Sarovar,22.888,32.805
2015-04-18,Sardar Sarovar,25.87,33.363
2015-04-19,Sardar Sarovar,55.061,33.921
2015-04-20,Sardar Sarovar,24.344,34.478
2015-04-21,Sardar Sarovar,22.312,35.036
2015-04-22,Sardar Sarovar,22.325,35.593
2015-04-23,Sardar Sarovar,22.269,36.151
2015-04-24,Sardar Sarovar,23.109,36.709
2015-04-25,Sardar Sarovar,22.132,37.266
2015-04-26,Sardar Sarovar,46.812,37.824
2015-04-27,Sardar Sarovar,21.486,38.381
2015-04-28,Sardar Sarovar,21.637,38.939
2015-04-29,Sardar Sarovar,21.644,39.497
2015-04-30,Sardar Sarovar,21.606,40.054
2015-05-01,Sardar Sarovar,21.449,40.612
2015-05-02,Sardar Sarovar,21.387,40.259
2015-05-03,Sardar Sarovar,38.809,38.493
2015-05-04,Sardar Sarovar,42.209,39.906
2015-05-05,Sardar Sarovar,21.48,44.85
2015-05-06,Sardar Sarovar,21.404,30.724
2015-05-07,Sardar Sarovar,21.145,25.073
2015-05-08,Sardar Sarovar,25.44,52.619
2015-05-09,Sardar Sarovar,25.443,50.5
2015-05-10,Sardar Sarovar,58.457,43.79
2015-05-11,Sardar Sarovar,24.904,43.084
2015-05-12,Sardar Sarovar,25.574,29.311
2015-05-13,Sardar Sarovar,25.009,29.859
2015-05-14,Sardar Sarovar,25.557,30.406
2015-05-15,Sardar Sarovar,25.274,30.953
2015-05-16,Sardar Sarovar,25.279,31.501
2015-05-17,Sardar Sarovar,25.396,32.048
2015-05-18,Sardar Sarovar,25.396,32.595
2015-05-19,Sardar Sarovar,27.487,33.143
2015-05-20,Sardar Sarovar,1235.827,33.69
2015-05-21,Sardar Sarovar,483.534,34.238
2015-05-22,Sardar Sarovar,26.736,34.785
2015-05-23,Sardar Sarovar,26.572,35.332
2015-05-24,Sardar Sarovar,67.078,35.88
2015-05-25,Sardar Sarovar,29.221,36.427
2015-05-26,Sardar Sarovar,28.754,36.974
2015-05-27,Sardar Sarovar,26.73,37.522
2015-05-28,Sardar Sarovar,26.473,38.069
2015-05-29,Sardar Sarovar,28.765,38.617
2015-05-30,Sardar Sarovar,28.814,39.164
2015-05-31,Sardar Sarovar,71.09,39.711
2015-06-01,Sardar Sarovar,25.919,40.259
2015-06-02,Sardar Sarovar,28.462,40.965
2015-06-03,Sardar Sarovar,26.205,38.493
2015-06-04,Sardar Sarovar,18.369,40.259
2015-06-05,Sardar Sarovar,18.713,46.262
2015-06-06,Sardar Sarovar,18.266,30.724
2015-06-07,Sardar Sarovar,15.25,25.073
2015-06-08,Sardar Sarovar,18.745,55.444
2015-06-09,Sardar Sarovar,19.334,51.206
2015-06-10,Sardar Sarovar,18.9,45.203
2015-06-11,Sardar Sarovar,19.829,37.08
2015-06-12,Sardar Sarovar,19.069,28.958
2015-06-13,Sardar Sarovar,20.678,29.571
2015-06-14,Sardar Sarovar,385.557,30.185
2015-06-15,Sardar Sarovar,30.404,30.798
2015-06-16,Sardar Sarovar,29.946,31.411
2015-06-17,Sardar Sarovar,33.36,32.025
2015-06-18,Sardar Sarovar,32.295,32.638
2015-06-19,Sardar Sarovar,42.36,33.252
2015-06-20,Sardar Sarovar,37.823,33.865
2015-06-21,Sardar Sarovar,67.963,34.478
2015-06-22,Sardar Sarovar,41.966,35.092
2015-06-23,Sardar Sarovar,38.306,35.705
2015-06-24,Sardar Sarovar,42.205,36.318
2015-06-25,Sardar Sarovar,41.963,36.932
2015-06-26,Sardar Sarovar,38.389,37.545
2015-06-27,Sardar Sarovar,1333.316,38.158
2015-06-28,Sardar Sarovar,102.434,38.772
2015-06-29,Sardar Sarovar,42.031,39.385
2015-06-30,Sardar Sarovar,20.26,39.999
2015-07-01,Sardar Sarovar,18.715,40.612
2015-07-02,Sardar Sarovar,19.224,41.318
2015-07-03,Sardar Sarovar,0.0,38.493
2015-07-04,Sardar Sarovar,19.198,40.612
2015-07-05,Sardar Sarovar,19.1,47.675
2015-07-06,Sardar Sarovar,18.185,30.724
2015-07-07,Sardar Sarovar,17.93,25.427
2015-07-08,Sardar Sarovar,19.341,55.444
2015-07-09,Sardar Sarovar,19.231,52.972
2015-07-10,Sardar Sarovar,19.456,45.556
2015-07-11,Sardar Sarovar,18.01,37.257
2015-07-12,Sardar Sarovar,19.0,28.958
2015-07-13,Sardar Sarovar,19.569,29.576
2015-07-14,Sardar Sarovar,19.206,30.194
2015-07-15,Sardar Sarovar,19.17,30.812
2015-07-16,Sardar Sarovar,19.04,31.43
2015-07-17,Sardar Sarovar,18.688,32.048
2015-07-18,Sardar Sarovar,18.65,32.666
2015-07-19,Sardar Sarovar,21.23,33.284
2015-07-20,Sardar Sarovar,19.673,33.902
2015-07-21,Sardar Sarovar,20.462,34.52
2015-07-22,Sardar Sarovar,21.083,35.138
2015-07-23,Sardar Sarovar,236.346,35.756
2015-07-24,Sardar Sarovar,29.749,36.374
2015-07-25,Sardar Sarovar,277.959,36.992
2015-07-26,Sardar Sarovar,172.836,37.61
2015-07-27,Sardar Sarovar,504.647,38.228
2015-07-28,Sardar Sarovar,1611.756,38.846
2015-07-29,Sardar Sarovar,1529.149,39.464
2015-07-30,Sardar Sarovar,1569.726,40.082
2015-07-31,Sardar Sarovar,1608.906,40.7
2015-08-01,Sardar Sarovar,1522.593,41.318
2015-08-02,Sardar Sarovar,413.558,41.671
2015-08-03,Sardar Sarovar,682.585,38.493
2015-08-04,Sardar Sarovar,486.168,40.259
2015-08-05,Sardar Sarovar,1453.144,47.322
2015-08-06,Sardar Sarovar,4678.34,30.724
2015-08-07,Sardar Sarovar,4804.965,25.427
2015-08-08,Sardar Sarovar,2920.235,55.444
2015-08-09,Sardar Sarovar,1595.546,52.972
2015-08-10,Sardar Sarovar,1538.086,45.085
2015-08-11,Sardar Sarovar,1520.312,37.198
2015-08-12,Sardar Sarovar,557.345,29.311
2015-08-13,Sardar Sarovar,1514.239,29.929
2015-08-14,Sardar Sarovar,1589.484,30.547
2015-08-15,Sardar Sarovar,1515.245,31.165
2015-08-16,Sardar Sarovar,1719.319,31.783
2015-08-17,Sardar Sarovar,1709.847,32.401
2015-08-18,Sardar Sarovar,1645.935,33.019
2015-08-19,Sardar Sarovar,1603.288,33.637
2015-08-20,Sardar Sarovar,1595.218,34.255
2015-08-21,Sardar Sarovar,1583.54,34.873
2015-08-22,Sardar Sarovar,1576.444,35.491
2015-08-23,Sardar Sarovar,1407.751,36.109
2015-08-24,Sardar Sarovar,1513.241,36.727
2015-08-25,Sardar Sarovar,1454.285,37.345
2015-08-26,Sardar Sarovar,1400.906,37.963
2015-08-27,Sardar Sarovar,1393.438,38.581
2015-08-28,Sardar Sarovar,1482.02,39.199
2015-08-29,Sardar Sarovar,1176.211,39.817
2015-08-30,Sardar Sarovar,102.434,40.435
2015-08-31,Sardar Sarovar,32.001,41.053
2015-09-01,Sardar Sarovar,24.247,41.671
2015-09-02,Sardar Sarovar,24.344,42.024
2015-09-03,Sardar Sarovar,24.363,38.14
2015-09-04,Sardar Sarovar,22.588,39.906
2015-09-05,Sardar Sarovar,23.661,46.969
2015-09-06,Sardar Sarovar,23.66,31.43
2015-09-07,Sardar Sarovar,228.055,25.427
2015-09-08,Sardar Sarovar,28.648,55.444
2015-09-09,Sardar Sarovar,28.05,52.266
2015-09-10,Sardar Sarovar,225.532,45.909
2015-09-11,Sardar Sarovar,25.733,40.965
2015-09-12,Sardar Sarovar,24.452,29.311
2015-09-13,Sardar Sarovar,25.0,30.017
2015-09-14,Sardar Sarovar,25.546,30.724
2015-09-15,Sardar Sarovar,34.549,31.43
2015-09-16,Sardar Sarovar,33.168,32.136
2015-09-17,Sardar Sarovar,15.39,32.843
2015-09-18,Sardar Sarovar,267.445,33.549
2015-09-19,Sardar Sarovar,1515.525,34.255
2015-09-20,Sardar Sarovar,1360.017,34.962
2015-09-21,Sardar Sarovar,1454.402,35.668
2015-09-22,Sardar Sarovar,245.423,36.374
2015-09-23,Sardar Sarovar,46.617,37.08
2015-09-24,Sardar Sarovar,34.229,37.787
2015-09-25,Sardar Sarovar,22.963,38.493
2015-09-26,Sardar Sarovar,33.968,39.199
2015-09-27,Sardar Sarovar,21.346,39.906
2015-09-28,Sardar Sarovar,32.925,40.612
2015-09-29,Sardar Sarovar,34.729,41.318
2015-09-30,Sardar Sarovar,35.157,42.024
2015-10-01,Sardar Sarovar,200.081,42.731
2015-10-02,Sardar Sarovar,84.442,40.965
2015-10-03,Sardar Sarovar,20.212,39.199
2015-10-04,Sardar Sarovar,24.631,39.906
2015-10-05,Sardar Sarovar,33.432,46.262
2015-10-06,Sardar Sarovar,33.325,30.724
2015-10-07,Sardar Sarovar,33.422,25.427
2015-10-08,Sardar Sarovar,34.147,54.738
2015-10-09,Sardar Sarovar,34.247,50.853
2015-10-10,Sardar Sarovar,33.761,45.556
2015-10-11,Sardar Sarovar,26.35,40.965
2015-10-12,Sardar Sarovar,33.454,29.311
2015-10-13,Sardar Sarovar,35.894,30.017
2015-10-14,Sardar Sarovar,34.831,30.724
2015-10-15,Sardar Sarovar,34.66,31.43
2015-10-16,Sardar Sarovar,35.672,32.136
2015-10-17,Sardar Sarovar,36.809,32.843
2015-10-18,Sardar Sarovar,33.713,33.549
2015-10-19,Sardar Sarovar,35.948,34.255
2015-10-20,Sardar Sarovar,36.372,34.962
2015-10-21,Sardar Sarovar,35.123,35.668
2015-10-22,Sardar Sarovar,33.713,36.374
2015-10-23,Sardar Sarovar,36.852,37.08
2015-10-24,Sardar Sarovar,29.934,37.787
2015-10-25,Sardar Sarovar,28.117,38.493
2015-10-26,Sardar Sarovar,35.407,39.199
2015-10-27,Sardar Sarovar,36.813,39.906
2015-10-28,Sardar Sarovar,221.405,40.612
2015-10-29,Sardar Sarovar,47.032,41.318
2015-10-30,Sardar Sarovar,35.335,42.024
2015-10-31,Sardar Sarovar,34.973,42.731
2015-11-01,Sardar Sarovar,29.934,43.437
2015-11-02,Sardar Sarovar,27.349,40.259
2015-11-03,Sardar Sarovar,29.367,39.199
2015-11-04,Sardar Sarovar,29.361,39.906
2015-11-05,Sardar Sarovar,28.536,45.556
2015-11-06,Sardar Sarovar,28.574,31.077
2015-11-07,Sardar Sarovar,28.281,24.72
2015-11-08,Sardar Sarovar,31.799,52.972
2015-11-09,Sardar Sarovar,28.209,50.147
2015-11-10,Sardar Sarovar,27.219,44.496
2015-11-11,Sardar Sarovar,26.35,37.08
2015-11-12,Sardar Sarovar,26.993,29.664
2015-11-13,Sardar Sarovar,26.736,30.408
2015-11-14,Sardar Sarovar,25.975,31.151
2015-11-15,Sardar Sarovar,21.346,31.895
2015-11-16,Sardar Sarovar,25.393,32.638
2015-11-17,Sardar Sarovar,24.141,33.382
2015-11-18,Sardar Sarovar,25.281,34.125
2015-11-19,Sardar Sarovar,24.133,34.869
2015-11-20,Sardar Sarovar,24.237,35.612
2015-11-21,Sardar Sarovar,24.424,36.356
2015-11-22,Sardar Sarovar,28.117,37.099
2015-11-23,Sardar Sarovar,25.475,37.842
2015-11-24,Sardar Sarovar,28.314,38.586
2015-11-25,Sardar Sarovar,28.117,39.329
2015-11-26,Sardar Sarovar,28.382,40.073
2015-11-27,Sardar Sarovar,27.717,40.816
2015-11-28,Sardar Sarovar,27.82,41.56
2015-11-29,Sardar Sarovar,29.934,42.303
2015-11-30,Sardar Sarovar,27.755,43.047
2015-12-01,Sardar Sarovar,27.864,43.79
2015-12-02,Sardar Sarovar,27.795,39.199
2015-12-03,Sardar Sarovar,27.531,39.199
2015-12-04,Sardar Sarovar,27.786,40.259
2015-12-05,Sardar Sarovar,28.032,44.85
2015-12-06,Sardar Sarovar,29.934,34.432
2015-12-07,Sardar Sarovar,27.78,24.014
2015-12-08,Sardar Sarovar,27.731,53.325
2015-12-09,Sardar Sarovar,27.357,49.441
2015-12-10,Sardar Sarovar,27.683,43.437
2015-12-11,Sardar Sarovar,27.528,40.965
2015-12-12,Sardar Sarovar,27.204,30.724
2015-12-13,Sardar Sarovar,19.779,30.265
2015-12-14,Sardar Sarovar,23.589,29.806
2015-12-15,Sardar Sarovar,23.092,29.346
2015-12-16,Sardar Sarovar,23.743,28.887
2015-12-17,Sardar Sarovar,23.896,28.428
2015-12-18,Sardar Sarovar,23.456,27.969
2015-12-19,Sardar Sarovar,22.562,27.51
2015-12-20,Sardar Sarovar,16.8,27.051
2015-12-21,Sardar Sarovar,22.735,26.592
2015-12-22,Sardar Sarovar,23.578,26.133
2015-12-23,Sardar Sarovar,27.424,25.674
2015-12-24,Sardar Sarovar,26.26,25.215
2015-12-25,Sardar Sarovar,24.631,24.756
2015-12-26,Sardar Sarovar,23.593,24.296
2015-12-27,Sardar Sarovar,28.117,23.837
2015-12-28,Sardar Sarovar,23.58,23.378
2015-12-29,Sardar Sarovar,27.435,22.919
2015-12-30,Sardar Sarovar,27.069,22.46
2015-12-31,Sardar Sarovar,23.639,22.001
2016-01-01,Sardar Sarovar,23.675,21.542
2016-01-02,Sardar Sarovar,23.6,14.479
2016-01-03,Sardar Sarovar,24.631,11.654
2016-01-04,Sardar Sarovar,27.59,11.301
2016-01-05,Sardar Sarovar,27.095,28.958
2016-01-06,Sardar Sarovar,27.167,43.084
2016-01-07,Sardar Sarovar,27.2,18.717
2016-01-08,Sardar Sarovar,26.36,43.437
2016-01-09,Sardar Sarovar,26.381,62.86
2016-01-10,Sardar Sarovar,26.35,55.091
2016-01-11,Sardar Sarovar,28.07,48.381
2016-01-12,Sardar Sarovar,24.853,45.556
2016-01-13,Sardar Sarovar,24.95,44.408
2016-01-14,Sardar Sarovar,28.117,43.26
2016-01-15,Sardar Sarovar,23.324,42.113
2016-01-16,Sardar Sarovar,25.614,40.965
2016-01-17,Sardar Sarovar,29.934,39.817
2016-01-18,Sardar Sarovar,26.66,38.67
2016-01-19,Sardar Sarovar,24.501,37.522
2016-01-20,Sardar Sarovar,27.13,36.374
2016-01-21,Sardar Sarovar,26.827,35.226
2016-01-22,Sardar Sarovar,25.283,34.079
2016-01-23,Sardar Sarovar,25.046,32.931
2016-01-24,Sardar Sarovar,26.35,31.783
2016-01-25,Sardar Sarovar,24.465,30.635
2016-01-26,Sardar Sarovar,22.963,29.488
2016-01-27,Sardar Sarovar,26.458,28.34
2016-01-28,Sardar Sarovar,25.214,27.192
2016-01-29,Sardar Sarovar,25.168,26.045
2016-01-30,Sardar Sarovar,25.137,24.897
2016-01-31,Sardar Sarovar,26.35,23.749
2016-02-01,Sardar Sarovar,25.116,22.601
2016-02-02,Sardar Sarovar,30.636,14.126
2016-02-03,Sardar Sarovar,26.829,11.301
2016-02-04,Sardar Sarovar,42.149,11.301
2016-02-05,Sardar Sarovar,39.547,30.017
2016-02-06,Sardar Sarovar,26.662,43.437
2016-02-07,Sardar Sarovar,26.35,18.717
2016-02-08,Sardar Sarovar,25.365,44.496
2016-02-09,Sardar Sarovar,36.052,61.094
2016-02-10,Sardar Sarovar,26.682,54.738
2016-02-11,Sardar Sarovar,26.505,48.381
2016-02-12,Sardar Sarovar,25.039,44.85
2016-02-13,Sardar Sarovar,45.443,43.653
2016-02-14,Sardar Sarovar,96.271,42.456
2016-02-15,Sardar Sarovar,25.703,41.259
2016-02-16,Sardar Sarovar,26.103,40.063
2016-02-17,Sardar Sarovar,25.332,38.866
2016-02-18,Sardar Sarovar,26.405,37.669
2016-02-19,Sardar Sarovar,26.65,36.472
2016-02-20,Sardar Sarovar,41.934,35.275
2016-02-21,Sardar Sarovar,43.991,34.079
2016-02-22,Sardar Sarovar,40.981,32.882
2016-02-23,Sardar Sarovar,26.787,31.685
2016-02-24,Sardar Sarovar,41.009,30.488
2016-02-25,Sardar Sarovar,40.895,29.292
2016-02-26,Sardar Sarovar,41.972,28.095
2016-02-27,Sardar Sarovar,41.559,26.898
2016-02-28,Sardar Sarovar,39.739,25.701
2016-02-29,Sardar Sarovar,41.545,24.504
2016-03-01,Sardar Sarovar,42.578,23.308
2016-03-02,Sardar Sarovar,41.946,14.126
2016-03-03,Sardar Sarovar,42.784,10.594
2016-03-04,Sardar Sarovar,41.777,11.654
2016-03-05,Sardar Sarovar,41.654,30.724
2016-03-06,Sardar Sarovar,37.683,44.143
2016-03-07,Sardar Sarovar,40.363,18.717
2016-03-08,Sardar Sarovar,40.868,45.909
2016-03-09,Sardar Sarovar,40.45,59.329
2016-03-10,Sardar Sarovar,41.092,54.031
2016-03-11,Sardar Sarovar,40.009,48.91
2016-03-12,Sardar Sarovar,40.284,43.79
2016-03-13,Sardar Sarovar,37.683,42.748
2016-03-14,Sardar Sarovar,26.947,41.707
2016-03-15,Sardar Sarovar,40.695,40.665
2016-03-16,Sardar Sarovar,26.534,39.623
2016-03-17,Sardar Sarovar,26.526,38.581
2016-03-18,Sardar Sarovar,26.949,37.539
2016-03-19,Sardar Sarovar,26.673,36.498
2016-03-20,Sardar Sarovar,46.186,35.456
2016-03-21,Sardar Sarovar,26.798,34.414
2016-03-22,Sardar Sarovar,26.513,33.372
2016-03-23,Sardar Sarovar,39.244,32.331
2016-03-24,Sardar Sarovar,35.674,31.289
2016-03-25,Sardar Sarovar,21.346,30.247
2016-03-26,Sardar Sarovar,26.782,29.205
2016-03-27,Sardar Sarovar,39.739,28.163
2016-03-28,Sardar Sarovar,26.587,27.122
2016-03-29,Sardar Sarovar,40.771,26.08
2016-03-30,Sardar Sarovar,41.1,25.038
2016-03-31,Sardar Sarovar,41.608,23.996
2016-04-01,Sardar Sarovar,40.103,22.955
2016-04-02,Sardar Sarovar,41.74,16.598
2016-04-03,Sardar Sarovar,33.713,10.241
2016-04-04,Sardar Sarovar,26.902,12.007
2016-04-05,Sardar Sarovar,26.467,31.783
2016-04-06,Sardar Sarovar,39.438,44.143
2016-04-07,Sardar Sarovar,26.198,18.717
2016-04-08,Sardar Sarovar,38.882,46.969
2016-04-09,Sardar Sarovar,26.096,58.269
2016-04-10,Sardar Sarovar,48.426,55.797
2016-04-11,Sardar Sarovar,38.342,45.909
2016-04-12,Sardar Sarovar,38.939,44.496
2016-04-13,Sardar Sarovar,26.771,43.511
2016-04-14,Sardar Sarovar,39.739,42.526
2016-04-15,Sardar Sarovar,27.018,41.541
2016-04-16,Sardar Sarovar,25.781,40.556
2016-04-17,Sardar Sarovar,41.842,39.571
2016-04-18,Sardar Sarovar,37.939,38.586
2016-04-19,Sardar Sarovar,25.779,37.601
2016-04-20,Sardar Sarovar,37.683,36.616
2016-04-21,Sardar Sarovar,26.094,35.631
2016-04-22,Sardar Sarovar,185.665,34.646
2016-04-23,Sardar Sarovar,25.906,33.66
2016-04-24,Sardar Sarovar,31.799,32.675
2016-04-25,Sardar Sarovar,24.008,31.69
2016-04-26,Sardar Sarovar,24.967,30.705
2016-04-27,Sardar Sarovar,25.836,29.72
2016-04-28,Sardar Sarovar,25.624,28.735
2016-04-29,Sardar Sarovar,27.559,27.75
2016-04-30,Sardar Sarovar,26.796,26.765
2016-05-01,Sardar Sarovar,29.934,25.78
2016-05-02,Sardar Sarovar,25.667,13.773
2016-05-03,Sardar Sarovar,26.59,9.888
2016-05-04,Sardar Sarovar,25.829,12.007
2016-05-05,Sardar Sarovar,25.578,32.843
2016-05-06,Sardar Sarovar,26.78,44.143
2016-05-07,Sardar Sarovar,26.413,18.717
2016-05-08,Sardar Sarovar,33.713,48.734
2016-05-09,Sardar Sarovar,26.886,57.563
2016-05-10,Sardar Sarovar,24.158,58.269
2016-05-11,Sardar Sarovar,26.845,45.909
2016-05-12,Sardar Sarovar,26.028,44.496
2016-05-13,Sardar Sarovar,25.487,43.331
2016-05-14,Sardar Sarovar,26.85,42.166
2016-05-15,Sardar Sarovar,29.934,41.0
2016-05-16,Sardar Sarovar,25.496,39.835
2016-05-17,Sardar Sarovar,26.35,38.67
2016-05-18,Sardar Sarovar,26.797,37.504
2016-05-19,Sardar Sarovar,25.536,36.339
2016-05-20,Sardar Sarovar,25.337,35.173
2016-05-21,Sardar Sarovar,29.934,34.008
2016-05-22,Sardar Sarovar,31.799,32.843
2016-05-23,Sardar Sarovar,25.229,31.677
2016-05-24,Sardar Sarovar,25.35,30.512
2016-05-25,Sardar Sarovar,40.289,29.346
2016-05-26,Sardar Sarovar,42.549,28.181
2016-05-27,Sardar Sarovar,40.296,27.016
2016-05-28,Sardar Sarovar,47.194,25.85
2016-05-29,Sardar Sarovar,31.799,24.685
2016-05-30,Sardar Sarovar,26.382,23.52
2016-05-31,Sardar Sarovar,40.337,22.354
2016-06-01,Sardar Sarovar,40.688,21.189
2016-06-02,Sardar Sarovar,40.619,13.42
2016-06-03,Sardar Sarovar,26.659,9.535
2016-06-04,Sardar Sarovar,47.594,12.36
2016-06-05,Sardar Sarovar,47.035,33.902
2016-06-06,Sardar Sarovar,46.476,44.143
2016-06-07,Sardar Sarovar,106.808,18.717
2016-06-08,Sardar Sarovar,106.365,37.787
2016-06-09,Sardar Sarovar,106.193,56.857
2016-06-10,Sardar Sarovar,99.059,59.329
2016-06-11,Sardar Sarovar,111.116,45.909
2016-06-12,Sardar Sarovar,182.226,45.203
2016-06-13,Sardar Sarovar,253.336,43.92
2016-06-14,Sardar Sarovar,278.119,42.638
2016-06-15,Sardar Sarovar,273.986,41.355
2016-06-16,Sardar Sarovar,276.497,40.073
2016-06-17,Sardar Sarovar,272.118,38.79
2016-06-18,Sardar Sarovar,268.603,37.508
2016-06-19,Sardar Sarovar,253.165,36.225
2016-06-20,Sardar Sarovar,237.727,34.943
2016-06-21,Sardar Sarovar,248.396,33.66
2016-06-22,Sardar Sarovar,178.293,32.378
2016-06-23,Sardar Sarovar,110.674,31.095
2016-06-24,Sardar Sarovar,104.799,29.813
2016-06-25,Sardar Sarovar,46.13,28.531
2016-06-26,Sardar Sarovar,46.392,27.248
2016-06-27,Sardar Sarovar,46.653,25.966
2016-06-28,Sardar Sarovar,46.802,24.683
2016-06-29,Sardar Sarovar,46.13,23.401
2016-06-30,Sardar Sarovar,46.592,22.118
2016-07-01,Sardar Sarovar,46.443,20.836
2016-07-02,Sardar Sarovar,108.678,13.066
2016-07-03,Sardar Sarovar,77.549,9.888
2016-07-04,Sardar Sarovar,46.42,13.066
2016-07-05,Sardar Sarovar,45.463,34.608
2016-07-06,Sardar Sarovar,46.271,43.79
2016-07-07,Sardar Sarovar,47.079,18.364
2016-07-08,Sardar Sarovar,48.554,37.257
2016-07-09,Sardar Sarovar,25.991,56.15
2016-07-10,Sardar Sarovar,26.036,58.269
2016-07-11,Sardar Sarovar,26.081,46.615
2016-07-12,Sardar Sarovar,47.595,46.262
2016-07-13,Sardar Sarovar,50.946,44.973
2016-07-14,Sardar Sarovar,1551.646,43.684
2016-07-15,Sardar Sarovar,1549.704,42.395
2016-07-16,Sardar Sarovar,1531.948,41.106
2016-07-17,Sardar Sarovar,1523.588,39.817
2016-07-18,Sardar Sarovar,1515.228,38.528
2016-07-19,Sardar Sarovar,1474.943,37.239
2016-07-20,Sardar Sarovar,1410.24,35.95
2016-07-21,Sardar Sarovar,1400.394,34.661
2016-07-22,Sardar Sarovar,1021.269,33.372
2016-07-23,Sardar Sarovar,950.868,32.083
2016-07-24,Sardar Sarovar,926.453,30.794
2016-07-25,Sardar Sarovar,902.037,29.505
2016-07-26,Sardar Sarovar,1450.425,28.216
2016-07-27,Sardar Sarovar,1196.002,26.927
2016-07-28,Sardar Sarovar,1441.965,25.638
2016-07-29,Sardar Sarovar,1436.008,24.349
2016-07-30,Sardar Sarovar,1433.513,23.06
2016-07-31,Sardar Sarovar,1403.266,21.771
2016-08-01,Sardar Sarovar,1373.019,20.483
2016-08-02,Sardar Sarovar,1313.442,13.066
2016-08-03,Sardar Sarovar,1276.22,10.594
2016-08-04,Sardar Sarovar,1328.743,13.42
2016-08-05,Sardar Sarovar,1320.812,35.668
2016-08-06,Sardar Sarovar,1539.795,43.084
2016-08-07,Sardar Sarovar,4307.17,18.01
2016-08-08,Sardar Sarovar,7074.544,30.723
2016-08-09,Sardar Sarovar,8116.912,43.437
2016-08-10,Sardar Sarovar,8995.633,56.15
2016-08-11,Sardar Sarovar,8328.376,47.675
2016-08-12,Sardar Sarovar,6524.995,24.35
2016-08-13,Sardar Sarovar,4354.222,1.024
2016-08-14,Sardar Sarovar,3536.281,2.048
2016-08-15,Sardar Sarovar,2718.34,3.072
2016-08-16,Sardar Sarovar,1900.399,4.097
2016-08-17,Sardar Sarovar,1640.542,5.121
2016-08-18,Sardar Sarovar,1476.335,6.145
2016-08-19,Sardar Sarovar,1538.195,7.169
2016-08-20,Sardar Sarovar,1521.637,8.193
2016-08-21,Sardar Sarovar,1685.731,9.217
2016-08-22,Sardar Sarovar,1849.824,10.241
2016-08-23,Sardar Sarovar,2142.874,11.265
2016-08-24,Sardar Sarovar,2466.76,12.29
2016-08-25,Sardar Sarovar,2592.569,13.314
2016-08-26,Sardar Sarovar,2718.378,14.338
2016-08-27,Sardar Sarovar,2364.39,15.362
2016-08-28,Sardar Sarovar,2451.903,16.386
2016-08-29,Sardar Sarovar,2539.416,17.41
2016-08-30,Sardar Sarovar,2680.452,18.434
2016-08-31,Sardar Sarovar,2459.244,19.458
2016-09-01,Sardar Sarovar,2253.285,20.483
2016-09-02,Sardar Sarovar,2061.373,13.066
2016-09-03,Sardar Sarovar,1867.831,10.948
2016-09-04,Sardar Sarovar,1688.645,14.479
2016-09-05,Sardar Sarovar,1509.459,36.727
2016-09-06,Sardar Sarovar,1450.263,42.024
2016-09-07,Sardar Sarovar,1307.229,17.304
2016-09-08,Sardar Sarovar,1249.994,36.727
2016-09-09,Sardar Sarovar,1310.804,56.15
2016-09-10,Sardar Sarovar,1300.439,54.738
2016-09-11,Sardar Sarovar,1171.989,49.087
2016-09-12,Sardar Sarovar,1043.539,47.322
2016-09-13,Sardar Sarovar,542.094,45.816
2016-09-14,Sardar Sarovar,40.648,44.311
2016-09-15,Sardar Sarovar,36.734,42.805
2016-09-16,Sardar Sarovar,36.514,41.3
2016-09-17,Sardar Sarovar,33.858,39.794
2016-09-18,Sardar Sarovar,136.162,38.289
2016-09-19,Sardar Sarovar,238.465,36.783
2016-09-20,Sardar Sarovar,751.956,35.277
2016-09-21,Sardar Sarovar,812.179,33.772
2016-09-22,Sardar Sarovar,41.042,32.266
2016-09-23,Sardar Sarovar,41.215,30.761
2016-09-24,Sardar Sarovar,42.529,29.255
2016-09-25,Sardar Sarovar,41.53,27.75
2016-09-26,Sardar Sarovar,40.53,26.244
2016-09-27,Sardar Sarovar,38.506,24.739
2016-09-28,Sardar Sarovar,39.657,23.233
2016-09-29,Sardar Sarovar,293.981,21.728
2016-09-30,Sardar Sarovar,741.828,20.222
2016-10-01,Sardar Sarovar,935.441,18.717
2016-10-02,Sardar Sarovar,1103.304,13.066
2016-10-03,Sardar Sarovar,1271.167,11.654
2016-10-04,Sardar Sarovar,1309.687,15.185
2016-10-05,Sardar Sarovar,1552.876,37.434
2016-10-06,Sardar Sarovar,1625.139,41.318
2016-10-07,Sardar Sarovar,1645.006,16.951
2016-10-08,Sardar Sarovar,1359.838,36.021
2016-10-09,Sardar Sarovar,1312.29,55.091
2016-10-10,Sardar Sarovar,1264.742,54.738
2016-10-11,Sardar Sarovar,1267.205,50.147
2016-10-12,Sardar Sarovar,1269.669,47.322
2016-10-13,Sardar Sarovar,1272.132,45.874
2016-10-14,Sardar Sarovar,560.54,44.426
2016-10-15,Sardar Sarovar,42.902,42.978
2016-10-16,Sardar Sarovar,678.905,41.53
2016-10-17,Sardar Sarovar,1314.908,40.082
2016-10-18,Sardar Sarovar,249.248,38.634
2016-10-19,Sardar Sarovar,39.382,37.186
2016-10-20,Sardar Sarovar,895.529,35.738
2016-10-21,Sardar Sarovar,47.828,34.291
2016-10-22,Sardar Sarovar,563.383,32.843
2016-10-23,Sardar Sarovar,299.727,31.395
2016-10-24,Sardar Sarovar,36.07,29.947
2016-10-25,Sardar Sarovar,36.784,28.499
2016-10-26,Sardar Sarovar,48.85,27.051
2016-10-27,Sardar Sarovar,39.543,25.603
2016-10-28,Sardar Sarovar,39.247,24.155
2016-10-29,Sardar Sarovar,39.831,22.707
2016-10-30,Sardar Sarovar,38.805,21.259
2016-10-31,Sardar Sarovar,37.779,19.812
2016-11-01,Sardar Sarovar,40.307,18.364
2016-11-02,Sardar Sarovar,40.493,12.713
2016-11-03,Sardar Sarovar,36.217,12.36
2016-11-04,Sardar Sarovar,34.23,15.185
2016-11-05,Sardar Sarovar,36.002,38.493
2016-11-06,Sardar Sarovar,36.237,40.259
2016-11-07,Sardar Sarovar,36.472,17.304
2016-11-08,Sardar Sarovar,36.954,35.138
2016-11-09,Sardar Sarovar,35.601,52.972
2016-11-10,Sardar Sarovar,36.468,54.031
2016-11-11,Sardar Sarovar,37.83,50.5
2016-11-12,Sardar Sarovar,37.808,46.969
2016-11-13,Sardar Sarovar,318.438,45.426
2016-11-14,Sardar Sarovar,599.068,43.883
2016-11-15,Sardar Sarovar,879.698,42.34
2016-11-16,Sardar Sarovar,761.749,40.798
2016-11-17,Sardar Sarovar,614.143,39.255
2016-11-18,Sardar Sarovar,522.537,37.712
2016-11-19,Sardar Sarovar,36.04,36.17
2016-11-20,Sardar Sarovar,34.212,34.627
2016-11-21,Sardar Sarovar,32.385,33.084
2016-11-22,Sardar Sarovar,32.061,31.542
2016-11-23,Sardar Sarovar,33.478,29.999
2016-11-24,Sardar Sarovar,29.56,28.456
2016-11-25,Sardar Sarovar,31.187,26.913
2016-11-26,Sardar Sarovar,33.423,25.371
2016-11-27,Sardar Sarovar,33.878,23.828
2016-11-28,Sardar Sarovar,34.334,22.285
2016-11-29,Sardar Sarovar,33.247,20.743
2016-11-30,Sardar Sarovar,32.947,19.2
2016-12-01,Sardar Sarovar,33.39,17.657
2016-12-02,Sardar Sarovar,32.984,12.36
2016-12-03,Sardar Sarovar,32.434,12.713
2016-12-04,Sardar Sarovar,32.54,15.538
2016-12-05,Sardar Sarovar,32.646,39.199
2016-12-06,Sardar Sarovar,33.005,39.199
2016-12-07,Sardar Sarovar,37.831,16.951
2016-12-08,Sardar Sarovar,38.103,33.726
2016-12-09,Sardar Sarovar,38.239,50.5
2016-12-10,Sardar Sarovar,37.109,54.031
2016-12-11,Sardar Sarovar,35.694,51.559
2016-12-12,Sardar Sarovar,34.279,46.262
2016-12-13,Sardar Sarovar,32.864,45.785
2016-12-14,Sardar Sarovar,29.583,45.309
2016-12-15,Sardar Sarovar,29.035,44.832
2016-12-16,Sardar Sarovar,27.211,44.355
2016-12-17,Sardar Sarovar,26.641,43.878
2016-12-18,Sardar Sarovar,26.572,43.402
2016-12-19,Sardar Sarovar,26.502,42.925
2016-12-20,Sardar Sarovar,27.166,42.448
2016-12-21,Sardar Sarovar,30.588,41.971
2016-12-22,Sardar Sarovar,29.837,41.495
2016-12-23,Sardar Sarovar,30.586,41.018
2016-12-24,Sardar Sarovar,31.044,40.541
2016-12-25,Sardar Sarovar,30.858,40.064
2016-12-26,Sardar Sarovar,30.672,39.588
2016-12-27,Sardar Sarovar,30.527,39.111
2016-12-28,Sardar Sarovar,30.506,38.634
2016-12-29,Sardar Sarovar,30.049,38.157
2016-12-30,Sardar Sarovar,31.057,37.681
2016-12-31,Sardar Sarovar,24.686,37.204
2017-01-01,Sardar Sarovar,18.316,36.727
2017-01-02,Sardar Sarovar,30.527,43.437
2017-01-03,Sardar Sarovar,20.94,40.788
2017-01-04,Sardar Sarovar,20.974,38.14
2017-01-05,Sardar Sarovar,21.421,34.608
2017-01-06,Sardar Sarovar,20.287,39.906
2017-01-07,Sardar Sarovar,20.477,17.657
2017-01-08,Sardar Sarovar,19.068,49.087
2017-01-09,Sardar Sarovar,17.658,73.808
2017-01-10,Sardar Sarovar,29.825,88.11
2017-01-11,Sardar Sarovar,33.657,102.413
2017-01-12,Sardar Sarovar,31.196,84.826
2017-01-13,Sardar Sarovar,30.996,67.239
2017-01-14,Sardar Sarovar,30.406,65.615
2017-01-15,Sardar Sarovar,30.448,63.99
2017-01-16,Sardar Sarovar,30.491,62.366
2017-01-17,Sardar Sarovar,30.236,60.741
2017-01-18,Sardar Sarovar,34.404,59.117
2017-01-19,Sardar Sarovar,35.895,57.492
2017-01-20,Sardar Sarovar,32.261,55.868
2017-01-21,Sardar Sarovar,31.582,54.243
2017-01-22,Sardar Sarovar,31.065,52.619
2017-01-23,Sardar Sarovar,30.548,50.994
2017-01-24,Sardar Sarovar,30.733,49.37
2017-01-25,Sardar Sarovar,30.381,47.745
2017-01-26,Sardar Sarovar,30.49,46.121
2017-01-27,Sardar Sarovar,30.598,44.496
2017-01-28,Sardar Sarovar,0.0,42.872
2017-01-29,Sardar Sarovar,16.285,41.248
2017-01-30,Sardar Sarovar,32.571,39.623
2017-01-31,Sardar Sarovar,33.337,37.999
2017-02-01,Sardar Sarovar,32.533,36.374
2017-02-02,Sardar Sarovar,31.4,43.79
2017-02-03,Sardar Sarovar,26.206,40.788
2017-02-04,Sardar Sarovar,30.798,37.787
2017-02-05,Sardar Sarovar,30.8,34.608
2017-02-06,Sardar Sarovar,30.802,40.612
2017-02-07,Sardar Sarovar,34.173,17.657
2017-02-08,Sardar Sarovar,30.665,50.5
2017-02-09,Sardar Sarovar,33.623,75.573
2017-02-10,Sardar Sarovar,30.913,88.463
2017-02-11,Sardar Sarovar,30.635,101.353
2017-02-12,Sardar Sarovar,31.957,83.509
2017-02-13,Sardar Sarovar,33.279,65.665
2017-02-14,Sardar Sarovar,30.358,63.878
2017-02-15,Sardar Sarovar,31.738,62.091
2017-02-16,Sardar Sarovar,36.407,60.305
2017-02-17,Sardar Sarovar,43.141,58.518
2017-02-18,Sardar Sarovar,29.857,56.732
2017-02-19,Sardar Sarovar,27.774,54.945
2017-02-20,Sardar Sarovar,25.692,53.159
2017-02-21,Sardar Sarovar,26.293,51.372
2017-02-22,Sardar Sarovar,26.253,49.586
2017-02-23,Sardar Sarovar,25.056,47.799
2017-02-24,Sardar Sarovar,27.434,46.013
2017-02-25,Sardar Sarovar,29.812,44.226
2017-02-26,Sardar Sarovar,318.585,42.44
2017-02-27,Sardar Sarovar,607.358,40.653
2017-02-28,Sardar Sarovar,571.279,38.867
2017-03-01,Sardar Sarovar,619.746,37.08
2017-03-02,Sardar Sarovar,32.679,38.67
2017-03-03,Sardar Sarovar,26.206,40.259
2017-03-04,Sardar Sarovar,30.421,38.14
2017-03-05,Sardar Sarovar,28.867,34.962
2017-03-06,Sardar Sarovar,27.313,40.259
2017-03-07,Sardar Sarovar,297.671,18.717
2017-03-08,Sardar Sarovar,30.851,51.559
2017-03-09,Sardar Sarovar,30.459,76.633
2017-03-10,Sardar Sarovar,30.967,88.464
2017-03-11,Sardar Sarovar,30.514,100.294
2017-03-12,Sardar Sarovar,29.893,82.434
2017-03-13,Sardar Sarovar,29.273,64.573
2017-03-14,Sardar Sarovar,28.652,63.107
2017-03-15,Sardar Sarovar,28.507,61.642
2017-03-16,Sardar Sarovar,29.698,60.176
2017-03-17,Sardar Sarovar,29.397,58.711
2017-03-18,Sardar Sarovar,29.026,57.245
2017-03-19,Sardar Sarovar,28.85,55.78
2017-03-20,Sardar Sarovar,28.673,54.314
2017-03-21,Sardar Sarovar,28.627,52.848
2017-03-22,Sardar Sarovar,28.568,51.383
2017-03-23,Sardar Sarovar,28.51,49.917
2017-03-24,Sardar Sarovar,28.452,48.452
2017-03-25,Sardar Sarovar,28.393,46.986
2017-03-26,Sardar Sarovar,28.834,45.521
2017-03-27,Sardar Sarovar,29.275,44.055
2017-03-28,Sardar Sarovar,25.957,42.589
2017-03-29,Sardar Sarovar,25.842,41.124
2017-03-30,Sardar Sarovar,26.748,39.658
2017-03-31,Sardar Sarovar,27.666,38.193
2017-04-01,Sardar Sarovar,26.815,36.727
2017-04-02,Sardar Sarovar,26.732,43.79
2017-04-03,Sardar Sarovar,26.648,40.259
2017-04-04,Sardar Sarovar,26.58,38.493
2017-04-05,Sardar Sarovar,26.754,35.668
2017-04-06,Sardar Sarovar,25.715,40.259
2017-04-07,Sardar Sarovar,27.323,20.483
2017-04-08,Sardar Sarovar,28.675,51.913
2017-04-09,Sardar Sarovar,28.746,77.339
2017-04-10,Sardar Sarovar,28.818,88.64
2017-04-11,Sardar Sarovar,29.637,99.941
2017-04-12,Sardar Sarovar,33.362,81.559
2017-04-13,Sardar Sarovar,29.071,63.176
2017-04-14,Sardar Sarovar,141.029,61.726
2017-04-15,Sardar Sarovar,252.987,60.277
2017-04-16,Sardar Sarovar,259.508,58.827
2017-04-17,Sardar Sarovar,266.03,57.377
2017-04-18,Sardar Sarovar,270.999,55.927
2017-04-19,Sardar Sarovar,251.906,54.478
2017-04-20,Sardar Sarovar,56.015,53.028
2017-04-21,Sardar Sarovar,54.5,51.578
2017-04-22,Sardar Sarovar,51.496,50.128
2017-04-23,Sardar Sarovar,52.578,48.678
2017-04-24,Sardar Sarovar,53.659,47.229
2017-04-25,Sardar Sarovar,56.983,45.779
2017-04-26,Sardar Sarovar,56.448,44.329
2017-04-27,Sardar Sarovar,63.516,42.879
2017-04-28,Sardar Sarovar,58.987,41.43
2017-04-29,Sardar Sarovar,57.417,39.98
2017-04-30,Sardar Sarovar,56.418,38.53
2017-05-01,Sardar Sarovar,55.42,37.08
2017-05-02,Sardar Sarovar,29.504,38.493
2017-05-03,Sardar Sarovar,29.067,39.906
2017-05-04,Sardar Sarovar,54.544,39.199
2017-05-05,Sardar Sarovar,59.423,35.315
2017-05-06,Sardar Sarovar,236.126,39.552
2017-05-07,Sardar Sarovar,145.189,20.836
2017-05-08,Sardar Sarovar,54.252,52.619
2017-05-09,Sardar Sarovar,31.037,78.045
2017-05-10,Sardar Sarovar,29.126,88.816
2017-05-11,Sardar Sarovar,27.215,99.587
2017-05-12,Sardar Sarovar,27.302,80.941
2017-05-13,Sardar Sarovar,245.476,62.295
2017-05-14,Sardar Sarovar,150.036,61.024
2017-05-15,Sardar Sarovar,54.596,59.752
2017-05-16,Sardar Sarovar,57.6,58.481
2017-05-17,Sardar Sarovar,56.48,57.21
2017-05-18,Sardar Sarovar,59.002,55.938
2017-05-19,Sardar Sarovar,57.343,54.667
2017-05-20,Sardar Sarovar,57.735,53.396
2017-05-21,Sardar Sarovar,44.0,52.124
2017-05-22,Sardar Sarovar,30.264,50.853
2017-05-23,Sardar Sarovar,30.264,49.582
2017-05-24,Sardar Sarovar,32.229,48.31
2017-05-25,Sardar Sarovar,30.443,47.039
2017-05-26,Sardar Sarovar,57.461,45.768
2017-05-27,Sardar Sarovar,60.834,44.496
2017-05-28,Sardar Sarovar,60.521,43.225
2017-05-29,Sardar Sarovar,60.209,41.954
2017-05-30,Sardar Sarovar,59.896,40.682
2017-05-31,Sardar Sarovar,57.317,39.411
2017-06-01,Sardar Sarovar,31.366,38.14
2017-06-02,Sardar Sarovar,58.367,39.023
2017-06-03,Sardar Sarovar,249.84,39.906
2017-06-04,Sardar Sarovar,255.892,39.906
2017-06-05,Sardar Sarovar,261.945,34.608
2017-06-06,Sardar Sarovar,268.494,38.846
2017-06-07,Sardar Sarovar,271.573,20.836
2017-06-08,Sardar Sarovar,59.638,53.325
2017-06-09,Sardar Sarovar,25.324,78.752
2017-06-10,Sardar Sarovar,51.966,88.816
2017-06-11,Sardar Sarovar,51.096,98.881
2017-06-12,Sardar Sarovar,50.226,79.904
2017-06-13,Sardar Sarovar,51.759,60.927
2017-06-14,Sardar Sarovar,461.956,59.7
2017-06-15,Sardar Sarovar,323.866,58.474
2017-06-16,Sardar Sarovar,57.389,57.247
2017-06-17,Sardar Sarovar,345.869,56.02
2017-06-18,Sardar Sarovar,231.284,54.793
2017-06-19,Sardar Sarovar,116.698,53.567
2017-06-20,Sardar Sarovar,64.302,52.34
2017-06-21,Sardar Sarovar,50.609,51.113
2017-06-22,Sardar Sarovar,23.648,49.887
2017-06-23,Sardar Sarovar,198.858,48.66
2017-06-24,Sardar Sarovar,503.51,47.433
2017-06-25,Sardar Sarovar,456.077,46.206
2017-06-26,Sardar Sarovar,408.645,44.98
2017-06-27,Sardar Sarovar,361.212,43.753
2017-06-28,Sardar Sarovar,300.128,42.526
2017-06-29,Sardar Sarovar,129.975,41.3
2017-06-30,Sardar Sarovar,24.141,40.073
2017-07-01,Sardar Sarovar,30.595,38.846
2017-07-02,Sardar Sarovar,26.688,47.675
2017-07-03,Sardar Sarovar,22.78,38.846
2017-07-04,Sardar Sarovar,29.971,39.906
2017-07-05,Sardar Sarovar,23.64,34.255
2017-07-06,Sardar Sarovar,44.852,37.787
2017-07-07,Sardar Sarovar,23.369,21.189
2017-07-08,Sardar Sarovar,23.918,53.678
2017-07-09,Sardar Sarovar,25.624,79.458
2017-07-10,Sardar Sarovar,27.331,88.993
2017-07-11,Sardar Sarovar,26.306,98.528
2017-07-12,Sardar Sarovar,26.869,79.432
2017-07-13,Sardar Sarovar,26.603,60.335
2017-07-14,Sardar Sarovar,27.486,59.223
2017-07-15,Sardar Sarovar,28.01,58.11
2017-07-16,Sardar Sarovar,30.107,56.998
2017-07-17,Sardar Sarovar,32.203,55.885
2017-07-18,Sardar Sarovar,32.615,54.773
2017-07-19,Sardar Sarovar,31.092,53.661
2017-07-20,Sardar Sarovar,32.103,52.548
2017-07-21,Sardar Sarovar,32.04,51.436
2017-07-22,Sardar Sarovar,36.291,50.323
2017-07-23,Sardar Sarovar,40.984,49.211
2017-07-24,Sardar Sarovar,45.678,48.099
2017-07-25,Sardar Sarovar,45.026,46.986
2017-07-26,Sardar Sarovar,47.266,45.874
2017-07-27,Sardar Sarovar,47.097,44.761
2017-07-28,Sardar Sarovar,46.049,43.649
2017-07-29,Sardar Sarovar,55.13,42.537
2017-07-30,Sardar Sarovar,58.706,41.424
2017-07-31,Sardar Sarovar,62.281,40.312
2017-08-01,Sardar Sarovar,55.182,39.199
2017-08-02,Sardar Sarovar,52.98,47.675
2017-08-03,Sardar Sarovar,36.651,37.787
2017-08-04,Sardar Sarovar,36.552,39.906
2017-08-05,Sardar Sarovar,37.117,34.255
2017-08-06,Sardar Sarovar,37.578,36.727
2017-08-07,Sardar Sarovar,38.039,12.713
2017-08-08,Sardar Sarovar,36.917,38.022
2017-08-09,Sardar Sarovar,38.004,63.331
2017-08-10,Sardar Sarovar,37.609,88.64
2017-08-11,Sardar Sarovar,37.564,97.115
2017-08-12,Sardar Sarovar,33.742,78.38
2017-08-13,Sardar Sarovar,33.622,59.646
2017-08-14,Sardar Sarovar,33.502,58.552
2017-08-15,Sardar Sarovar,33.154,57.457
2017-08-16,Sardar Sarovar,32.807,56.362
2017-08-17,Sardar Sarovar,35.7,55.267
2017-08-18,Sardar Sarovar,34.097,54.173
2017-08-19,Sardar Sarovar,33.575,53.078
2017-08-20,Sardar Sarovar,38.378,51.983
2017-08-21,Sardar Sarovar,43.181,50.888
2017-08-22,Sardar Sarovar,42.324,49.794
2017-08-23,Sardar Sarovar,38.403,48.699
2017-08-24,Sardar Sarovar,55.921,47.604
2017-08-25,Sardar Sarovar,56.572,46.509
2017-08-26,Sardar Sarovar,57.223,45.415
2017-08-27,Sardar Sarovar,90.727,44.32
2017-08-28,Sardar Sarovar,124.232,43.225
2017-08-29,Sardar Sarovar,67.577,42.13
2017-08-30,Sardar Sarovar,64.428,41.036
2017-08-31,Sardar Sarovar,62.696,39.941
2017-09-01,Sardar Sarovar,53.002,38.846
2017-09-02,Sardar Sarovar,52.084,47.675
2017-09-03,Sardar Sarovar,51.165,37.787
2017-09-04,Sardar Sarovar,50.247,40.612
2017-09-05,Sardar Sarovar,48.476,34.608
2017-09-06,Sardar Sarovar,49.961,37.08
2017-09-07,Sardar Sarovar,48.386,22.955
2017-09-08,Sardar Sarovar,46.065,56.15
2017-09-09,Sardar Sarovar,42.482,80.871
2017-09-10,Sardar Sarovar,40.131,88.464
2017-09-11,Sardar Sarovar,37.78,96.056
2017-09-12,Sardar Sarovar,38.894,77.497
2017-09-13,Sardar Sarovar,39.137,58.938
2017-09-14,Sardar Sarovar,39.435,57.842
2017-09-15,Sardar Sarovar,40.184,56.745
2017-09-16,Sardar Sarovar,40.136,55.648
2017-09-17,Sardar Sarovar,40.806,54.552
2017-09-18,Sardar Sarovar,41.475,53.455
2017-09-19,Sardar Sarovar,41.326,52.359
2017-09-20,Sardar Sarovar,39.474,51.262
2017-09-21,Sardar Sarovar,41.471,50.165
2017-09-22,Sardar Sarovar,40.674,49.069
2017-09-23,Sardar Sarovar,40.479,47.972
2017-09-24,Sardar Sarovar,40.716,46.876
2017-09-25,Sardar Sarovar,40.953,45.779
2017-09-26,Sardar Sarovar,40.674,44.682
2017-09-27,Sardar Sarovar,39.183,43.586
2017-09-28,Sardar Sarovar,40.574,42.489
2017-09-29,Sardar Sarovar,40.287,41.393
2017-09-30,Sardar Sarovar,39.495,40.296
2017-10-01,Sardar Sarovar,38.703,39.199
2017-10-02,Sardar Sarovar,37.911,47.675
2017-10-03,Sardar Sarovar,37.119,37.787
2017-10-04,Sardar Sarovar,37.745,42.024
2017-10-05,Sardar Sarovar,31.086,34.962
2017-10-06,Sardar Sarovar,31.795,38.14
2017-10-07,Sardar Sarovar,35.188,23.661
2017-10-08,Sardar Sarovar,33.0,56.503
2017-10-09,Sardar Sarovar,30.813,81.577
2017-10-10,Sardar Sarovar,40.905,114.066
2017-10-11,Sardar Sarovar,40.508,95.35
2017-10-12,Sardar Sarovar,30.615,76.668
2017-10-13,Sardar Sarovar,30.543,57.987
2017-10-14,Sardar Sarovar,30.54,56.998
2017-10-15,Sardar Sarovar,30.542,56.009
2017-10-16,Sardar Sarovar,30.545,55.02
2017-10-17,Sardar Sarovar,30.389,54.031
2017-10-18,Sardar Sarovar,30.277,53.043
2017-10-19,Sardar Sarovar,30.2,52.054
2017-10-20,Sardar Sarovar,30.124,51.065
2017-10-21,Sardar Sarovar,30.122,50.076
2017-10-22,Sardar Sarovar,32.286,49.087
2017-10-23,Sardar Sarovar,34.45,48.099
2017-10-24,Sardar Sarovar,33.894,47.11
2017-10-25,Sardar Sarovar,33.594,46.121
2017-10-26,Sardar Sarovar,33.575,45.132
2017-10-27,Sardar Sarovar,32.704,44.143
2017-10-28,Sardar Sarovar,33.723,43.155
2017-10-29,Sardar Sarovar,33.198,42.166
2017-10-30,Sardar Sarovar,32.672,41.177
2017-10-31,Sardar Sarovar,32.44,40.188
2017-11-01,Sardar Sarovar,32.22,39.199
2017-11-02,Sardar Sarovar,31.14,48.028
2017-11-03,Sardar Sarovar,32.242,37.787
2017-11-04,Sardar Sarovar,31.552,42.378
2017-11-05,Sardar Sarovar,30.861,36.374
2017-11-06,Sardar Sarovar,30.171,38.493
2017-11-07,Sardar Sarovar,29.689,23.661
2017-11-08,Sardar Sarovar,30.699,56.503
2017-11-09,Sardar Sarovar,30.57,81.93
2017-11-10,Sardar Sarovar,29.384,113.713
2017-11-11,Sardar Sarovar,30.984,93.937
2017-11-12,Sardar Sarovar,30.931,75.248
2017-11-13,Sardar Sarovar,30.878,56.559
2017-11-14,Sardar Sarovar,30.705,55.556
2017-11-15,Sardar Sarovar,39.599,54.552
2017-11-16,Sardar Sarovar,30.438,53.548
2017-11-17,Sardar Sarovar,30.328,52.545
2017-11-18,Sardar Sarovar,30.746,51.541
2017-11-19,Sardar Sarovar,30.622,50.537
2017-11-20,Sardar Sarovar,30.498,49.533
2017-11-21,Sardar Sarovar,30.288,48.53
2017-11-22,Sardar Sarovar,29.054,47.526
2017-11-23,Sardar Sarovar,30.219,46.522
2017-11-24,Sardar Sarovar,29.297,45.519
2017-11-25,Sardar Sarovar,29.707,44.515
2017-11-26,Sardar Sarovar,30.08,43.511
2017-11-27,Sardar Sarovar,30.452,42.508
2017-11-28,Sardar Sarovar,29.96,41.504
2017-11-29,Sardar Sarovar,29.101,40.5
2017-11-30,Sardar Sarovar,29.048,39.497
2017-12-01,Sardar Sarovar,28.764,38.493
2017-12-02,Sardar Sarovar,28.993,47.675
2017-12-03,Sardar Sarovar,29.221,37.08
2017-12-04,Sardar Sarovar,29.45,43.084
2017-12-05,Sardar Sarovar,31.434,37.434
2017-12-06,Sardar Sarovar,30.716,39.552
2017-12-07,Sardar Sarovar,31.522,24.014
2017-12-08,Sardar Sarovar,29.636,56.503
2017-12-09,Sardar Sarovar,29.827,82.989
2017-12-10,Sardar Sarovar,30.019,113.713
2017-12-11,Sardar Sarovar,30.21,93.231
2017-12-12,Sardar Sarovar,29.448,74.294
2017-12-13,Sardar Sarovar,29.992,55.356
2017-12-14,Sardar Sarovar,31.547,54.208
2017-12-15,Sardar Sarovar,31.808,53.06
2017-12-16,Sardar Sarovar,31.477,51.913
2017-12-17,Sardar Sarovar,31.379,50.765
2017-12-18,Sardar Sarovar,31.28,49.617
2017-12-19,Sardar Sarovar,30.823,48.469
2017-12-20,Sardar Sarovar,30.836,47.322
2017-12-21,Sardar Sarovar,30.875,46.174
2017-12-22,Sardar Sarovar,30.013,45.026
2017-12-23,Sardar Sarovar,30.17,43.878
2017-12-24,Sardar Sarovar,30.328,42.731
2017-12-25,Sardar Sarovar,30.486,41.583
2017-12-26,Sardar Sarovar,30.643,40.435
2017-12-27,Sardar Sarovar,28.828,39.288
2017-12-28,Sardar Sarovar,30.53,38.14
2017-12-29,Sardar Sarovar,31.217,36.992
2017-12-30,Sardar Sarovar,31.36,35.844
2017-12-31,Sardar Sarovar,31.503,34.697
2018-01-01,Sardar Sarovar,31.646,33.549
2018-01-02,Sardar Sarovar,32.01,7.063
2018-01-03,Sardar Sarovar,31.16,6.416
2018-01-04,Sardar Sarovar,33.763,5.768
2018-01-05,Sardar Sarovar,33.257,5.12
2018-01-06,Sardar Sarovar,32.231,4.473
2018-01-07,Sardar Sarovar,33.0,3.826
2018-01-08,Sardar Sarovar,33.768,3.178
2018-01-09,Sardar Sarovar,36.869,22.866
2018-01-10,Sardar Sarovar,35.113,42.554
2018-01-11,Sardar Sarovar,36.141,62.242
2018-01-12,Sardar Sarovar,36.315,81.93
2018-01-13,Sardar Sarovar,36.267,79.458
2018-01-14,Sardar Sarovar,35.799,76.986
2018-01-15,Sardar Sarovar,35.33,74.514
2018-01-16,Sardar Sarovar,36.238,72.042
2018-01-17,Sardar Sarovar,36.822,69.57
2018-01-18,Sardar Sarovar,36.287,67.098
2018-01-19,Sardar Sarovar,36.373,64.626
2018-01-20,Sardar Sarovar,36.592,62.154
2018-01-21,Sardar Sarovar,37.17,59.682
2018-01-22,Sardar Sarovar,37.748,57.21
2018-01-23,Sardar Sarovar,38.466,54.738
2018-01-24,Sardar Sarovar,37.249,52.266
2018-01-25,Sardar Sarovar,37.47,49.794
2018-01-26,Sardar Sarovar,37.4,47.322
2018-01-27,Sardar Sarovar,37.329,44.85
2018-01-28,Sardar Sarovar,36.704,42.378
2018-01-29,Sardar Sarovar,36.078,39.906
2018-01-30,Sardar Sarovar,36.912,37.434
2018-01-31,Sardar Sarovar,37.804,34.962
2018-02-01,Sardar Sarovar,38.649,32.489
2018-02-02,Sardar Sarovar,34.54,6.357
2018-02-03,Sardar Sarovar,35.049,5.768
2018-02-04,Sardar Sarovar,35.758,5.18
2018-02-05,Sardar Sarovar,36.466,4.591
2018-02-06,Sardar Sarovar,38.128,4.002
2018-02-07,Sardar Sarovar,36.837,3.414
2018-02-08,Sardar Sarovar,46.856,2.825
2018-02-09,Sardar Sarovar,45.989,33.431
2018-02-10,Sardar Sarovar,44.104,64.037
2018-02-11,Sardar Sarovar,45.021,94.643
2018-02-12,Sardar Sarovar,45.938,80.871
2018-02-13,Sardar Sarovar,44.377,77.962
2018-02-14,Sardar Sarovar,40.477,75.054
2018-02-15,Sardar Sarovar,42.749,72.146
2018-02-16,Sardar Sarovar,43.019,69.238
2018-02-17,Sardar Sarovar,41.908,66.329
2018-02-18,Sardar Sarovar,39.365,63.421
2018-02-19,Sardar Sarovar,36.822,60.513
2018-02-20,Sardar Sarovar,36.929,57.604
2018-02-21,Sardar Sarovar,25.717,54.696
2018-02-22,Sardar Sarovar,39.327,51.788
2018-02-23,Sardar Sarovar,41.043,48.88
2018-02-24,Sardar Sarovar,39.614,45.971
2018-02-25,Sardar Sarovar,41.81,43.063
2018-02-26,Sardar Sarovar,44.005,40.155
2018-02-27,Sardar Sarovar,39.37,37.247
2018-02-28,Sardar Sarovar,36.853,34.338
2018-03-01,Sardar Sarovar,36.209,31.43
2018-03-02,Sardar Sarovar,36.274,6.003
2018-03-03,Sardar Sarovar,36.338,5.473
2018-03-04,Sardar Sarovar,36.402,4.944
2018-03-05,Sardar Sarovar,36.467,4.414
2018-03-06,Sardar Sarovar,41.539,3.884
2018-03-07,Sardar Sarovar,39.179,3.355
2018-03-08,Sardar Sarovar,38.502,2.825
2018-03-09,Sardar Sarovar,38.887,34.137
2018-03-10,Sardar Sarovar,35.061,65.45
2018-03-11,Sardar Sarovar,36.883,96.762
2018-03-12,Sardar Sarovar,38.705,79.811
2018-03-13,Sardar Sarovar,35.34,77.357
2018-03-14,Sardar Sarovar,32.836,74.902
2018-03-15,Sardar Sarovar,37.473,72.448
2018-03-16,Sardar Sarovar,36.197,69.994
2018-03-17,Sardar Sarovar,38.957,67.539
2018-03-18,Sardar Sarovar,37.889,65.085
2018-03-19,Sardar Sarovar,36.821,62.631
2018-03-20,Sardar Sarovar,37.568,60.176
2018-03-21,Sardar Sarovar,38.856,57.722
2018-03-22,Sardar Sarovar,38.7,55.267
2018-03-23,Sardar Sarovar,38.948,52.813
2018-03-24,Sardar Sarovar,37.718,50.359
2018-03-25,Sardar Sarovar,36.937,47.904
2018-03-26,Sardar Sarovar,36.156,45.45
2018-03-27,Sardar Sarovar,35.632,42.996
2018-03-28,Sardar Sarovar,36.358,40.541
2018-03-29,Sardar Sarovar,36.155,38.087
2018-03-30,Sardar Sarovar,35.952,35.632
2018-03-31,Sardar Sarovar,35.749,33.178
2018-04-01,Sardar Sarovar,35.546,30.724
2018-04-02,Sardar Sarovar,35.343,5.65
2018-04-03,Sardar Sarovar,34.07,5.12
2018-04-04,Sardar Sarovar,33.697,4.591
2018-04-05,Sardar Sarovar,30.94,4.061
2018-04-06,Sardar Sarovar,28.184,3.531
2018-04-07,Sardar Sarovar,29.789,3.002
2018-04-08,Sardar Sarovar,28.689,2.472
2018-04-09,Sardar Sarovar,27.589,34.608
2018-04-10,Sardar Sarovar,28.903,66.745
2018-04-11,Sardar Sarovar,25.988,98.881
2018-04-12,Sardar Sarovar,27.351,78.399
2018-04-13,Sardar Sarovar,27.95,75.834
2018-04-14,Sardar Sarovar,27.114,73.269
2018-04-15,Sardar Sarovar,26.279,70.704
2018-04-16,Sardar Sarovar,25.443,68.139
2018-04-17,Sardar Sarovar,32.05,65.574
2018-04-18,Sardar Sarovar,27.424,63.009
2018-04-19,Sardar Sarovar,25.607,60.444
2018-04-20,Sardar Sarovar,24.195,57.879
2018-04-21,Sardar Sarovar,26.337,55.314
2018-04-22,Sardar Sarovar,26.144,52.749
2018-04-23,Sardar Sarovar,25.95,50.184
2018-04-24,Sardar Sarovar,25.445,47.619
2018-04-25,Sardar Sarovar,24.872,45.054
2018-04-26,Sardar Sarovar,24.956,42.489
2018-04-27,Sardar Sarovar,25.552,39.924
2018-04-28,Sardar Sarovar,25.548,37.359
2018-04-29,Sardar Sarovar,24.709,34.794
2018-04-30,Sardar Sarovar,23.871,32.229
2018-05-01,Sardar Sarovar,23.032,29.664
2018-05-02,Sardar Sarovar,22.125,4.944
2018-05-03,Sardar Sarovar,22.812,4.473
2018-05-04,Sardar Sarovar,21.002,4.002
2018-05-05,Sardar Sarovar,21.282,3.532
2018-05-06,Sardar Sarovar,21.371,3.061
2018-05-07,Sardar Sarovar,21.46,2.59
2018-05-08,Sardar Sarovar,20.434,2.119
2018-05-09,Sardar Sarovar,20.093,35.197
2018-05-10,Sardar Sarovar,20.175,68.275
2018-05-11,Sardar Sarovar,20.135,101.353
2018-05-12,Sardar Sarovar,20.965,77.339
2018-05-13,Sardar Sarovar,20.123,74.902
2018-05-14,Sardar Sarovar,19.281,72.466
2018-05-15,Sardar Sarovar,18.885,70.029
2018-05-16,Sardar Sarovar,20.519,67.592
2018-05-17,Sardar Sarovar,20.767,65.156
2018-05-18,Sardar Sarovar,21.015,62.719
2018-05-19,Sardar Sarovar,20.54,60.282
2018-05-20,Sardar Sarovar,20.514,57.845
2018-05-21,Sardar Sarovar,20.488,55.409
2018-05-22,Sardar Sarovar,20.332,52.972
2018-05-23,Sardar Sarovar,20.226,50.535
2018-05-24,Sardar Sarovar,20.43,48.099
2018-05-25,Sardar Sarovar,19.845,45.662
2018-05-26,Sardar Sarovar,20.037,43.225
2018-05-27,Sardar Sarovar,19.768,40.788
2018-05-28,Sardar Sarovar,19.498,38.352
2018-05-29,Sardar Sarovar,19.555,35.915
2018-05-30,Sardar Sarovar,21.512,33.478
2018-05-31,Sardar Sarovar,19.792,31.042
2018-06-01,Sardar Sarovar,19.715,28.605
2018-06-02,Sardar Sarovar,19.896,4.591
2018-06-03,Sardar Sarovar,19.737,4.12
2018-06-04,Sardar Sarovar,19.578,3.649
2018-06-05,Sardar Sarovar,19.629,3.178
2018-06-06,Sardar Sarovar,19.215,2.708
2018-06-07,Sardar Sarovar,19.309,2.237
2018-06-08,Sardar Sarovar,19.043,1.766
2018-06-09,Sardar Sarovar,18.982,20.394
2018-06-10,Sardar Sarovar,18.908,39.023
2018-06-11,Sardar Sarovar,18.835,57.652
2018-06-12,Sardar Sarovar,20.552,76.28
2018-06-13,Sardar Sarovar,20.524,73.715
2018-06-14,Sardar Sarovar,20.465,71.15
2018-06-15,Sardar Sarovar,21.188,68.585
2018-06-16,Sardar Sarovar,20.846,66.02
2018-06-17,Sardar Sarovar,20.504,63.455
2018-06-18,Sardar Sarovar,20.162,60.89
2018-06-19,Sardar Sarovar,21.489,58.325
2018-06-20,Sardar Sarovar,21.802,55.76
2018-06-21,Sardar Sarovar,21.355,53.195
2018-06-22,Sardar Sarovar,19.964,50.63
2018-06-23,Sardar Sarovar,19.477,48.065
2018-06-24,Sardar Sarovar,19.513,45.5
2018-06-25,Sardar Sarovar,19.549,42.935
2018-06-26,Sardar Sarovar,26.276,40.37
2018-06-27,Sardar Sarovar,17.742,37.805
2018-06-28,Sardar Sarovar,18.272,35.24
2018-06-29,Sardar Sarovar,52.103,32.675
2018-06-30,Sardar Sarovar,51.375,30.11
2018-07-01,Sardar Sarovar,48.95,27.545
2018-07-02,Sardar Sarovar,46.525,4.238
2018-07-03,Sardar Sarovar,29.016,3.767
2018-07-04,Sardar Sarovar,24.124,3.296
2018-07-05,Sardar Sarovar,21.834,2.826
2018-07-06,Sardar Sarovar,19.546,2.355
2018-07-07,Sardar Sarovar,23.683,1.884
2018-07-08,Sardar Sarovar,20.856,1.413
2018-07-09,Sardar Sarovar,18.029,20.042
2018-07-10,Sardar Sarovar,19.189,38.67
2018-07-11,Sardar Sarovar,19.202,57.299
2018-07-12,Sardar Sarovar,18.965,75.927
2018-07-13,Sardar Sarovar,20.471,73.472
2018-07-14,Sardar Sarovar,25.216,71.018
2018-07-15,Sardar Sarovar,25.022,68.563
2018-07-16,Sardar Sarovar,24.828,66.109
2018-07-17,Sardar Sarovar,24.634,63.655
2018-07-18,Sardar Sarovar,25.657,61.2
2018-07-19,Sardar Sarovar,27.511,58.746
2018-07-20,Sardar Sarovar,27.658,56.292
2018-07-21,Sardar Sarovar,42.464,53.837
2018-07-22,Sardar Sarovar,44.668,51.383
2018-07-23,Sardar Sarovar,46.872,48.928
2018-07-24,Sardar Sarovar,47.351,46.474
2018-07-25,Sardar Sarovar,47.83,44.02
2018-07-26,Sardar Sarovar,60.454,41.565
2018-07-27,Sardar Sarovar,60.447,39.111
2018-07-28,Sardar Sarovar,61.911,36.657
2018-07-29,Sardar Sarovar,45.199,34.202
2018-07-30,Sardar Sarovar,58.749,31.748
2018-07-31,Sardar Sarovar,45.442,29.294
2018-08-01,Sardar Sarovar,46.375,26.839
2018-08-02,Sardar Sarovar,47.514,3.885
2018-08-03,Sardar Sarovar,47.151,3.414
2018-08-04,Sardar Sarovar,48.16,2.943
2018-08-05,Sardar Sarovar,47.787,2.472
2018-08-06,Sardar Sarovar,47.415,2.001
2018-08-07,Sardar Sarovar,47.137,1.53
2018-08-08,Sardar Sarovar,58.027,1.059
2018-08-09,Sardar Sarovar,41.678,19.599
2018-08-10,Sardar Sarovar,25.997,38.14
2018-08-11,Sardar Sarovar,20.165,56.68
2018-08-12,Sardar Sarovar,20.508,75.22
2018-08-13,Sardar Sarovar,20.851,72.748
2018-08-14,Sardar Sarovar,41.552,70.276
2018-08-15,Sardar Sarovar,41.558,67.804
2018-08-16,Sardar Sarovar,41.564,65.332
2018-08-17,Sardar Sarovar,58.434,62.86
2018-08-18,Sardar Sarovar,62.595,60.388
2018-08-19,Sardar Sarovar,53.397,57.916
2018-08-20,Sardar Sarovar,44.199,55.444
2018-08-21,Sardar Sarovar,40.71,52.972
2018-08-22,Sardar Sarovar,41.217,50.5
2018-08-23,Sardar Sarovar,35.994,48.028
2018-08-24,Sardar Sarovar,30.772,45.556
2018-08-25,Sardar Sarovar,29.733,43.084
2018-08-26,Sardar Sarovar,27.18,40.612
2018-08-27,Sardar Sarovar,24.627,38.14
2018-08-28,Sardar Sarovar,23.836,35.668
2018-08-29,Sardar Sarovar,23.353,33.196
2018-08-30,Sardar Sarovar,22.783,30.724
2018-08-31,Sardar Sarovar,23.188,28.252
2018-09-01,Sardar Sarovar,29.488,25.78
2018-09-02,Sardar Sarovar,27.731,3.531
2018-09-03,Sardar Sarovar,25.975,3.178
2018-09-04,Sardar Sarovar,24.218,2.825
2018-09-05,Sardar Sarovar,20.927,2.472
2018-09-06,Sardar Sarovar,20.564,2.119
2018-09-07,Sardar Sarovar,19.621,1.766
2018-09-08,Sardar Sarovar,19.534,1.413
2018-09-09,Sardar Sarovar,21.309,19.688
2018-09-10,Sardar Sarovar,23.084,37.963
2018-09-11,Sardar Sarovar,22.856,56.239
2018-09-12,Sardar Sarovar,22.443,74.514
2018-09-13,Sardar Sarovar,22.032,71.912
2018-09-14,Sardar Sarovar,21.622,69.31
2018-09-15,Sardar Sarovar,19.265,66.708
2018-09-16,Sardar Sarovar,18.007,64.105
2018-09-17,Sardar Sarovar,16.748,61.503
2018-09-18,Sardar Sarovar,19.286,58.901
2018-09-19,Sardar Sarovar,20.43,56.299
2018-09-20,Sardar Sarovar,23.13,53.697
2018-09-21,Sardar Sarovar,23.016,51.095
2018-09-22,Sardar Sarovar,22.902,48.493
2018-09-23,Sardar Sarovar,25.84,45.89
2018-09-24,Sardar Sarovar,28.778,43.288
2018-09-25,Sardar Sarovar,21.886,40.686
2018-09-26,Sardar Sarovar,19.48,38.084
2018-09-27,Sardar Sarovar,14.679,35.482
2018-09-28,Sardar Sarovar,15.422,32.88
2018-09-29,Sardar Sarovar,18.596,30.278
2018-09-30,Sardar Sarovar,18.067,27.676
2018-10-01,Sardar Sarovar,17.538,25.073
2018-10-02,Sardar Sarovar,16.499,3.178
2018-10-03,Sardar Sarovar,15.46,2.825
2018-10-04,Sardar Sarovar,16.095,2.472
2018-10-05,Sardar Sarovar,16.583,2.118
2018-10-06,Sardar Sarovar,17.633,1.765
2018-10-07,Sardar Sarovar,16.575,1.412
2018-10-08,Sardar Sarovar,15.517,1.059
2018-10-09,Sardar Sarovar,13.441,19.246
2018-10-10,Sardar Sarovar,14.131,37.434
2018-10-11,Sardar Sarovar,15.091,55.621
2018-10-12,Sardar Sarovar,15.101,73.808
2018-10-13,Sardar Sarovar,16.827,71.3
2018-10-14,Sardar Sarovar,17.102,68.793
2018-10-15,Sardar Sarovar,17.376,66.286
2018-10-16,Sardar Sarovar,18.255,63.778
2018-10-17,Sardar Sarovar,16.469,61.271
2018-10-18,Sardar Sarovar,17.448,58.764
2018-10-19,Sardar Sarovar,16.876,56.256
2018-10-20,Sardar Sarovar,16.303,53.749
2018-10-21,Sardar Sarovar,16.478,51.242
2018-10-22,Sardar Sarovar,16.653,48.734
2018-10-23,Sardar Sarovar,16.532,46.227
2018-10-24,Sardar Sarovar,16.459,43.72
2018-10-25,Sardar Sarovar,18.049,41.212
2018-10-26,Sardar Sarovar,17.378,38.705
2018-10-27,Sardar Sarovar,27.425,36.198
2018-10-28,Sardar Sarovar,22.46,33.69
2018-10-29,Sardar Sarovar,17.494,31.183
2018-10-30,Sardar Sarovar,18.586,28.676
2018-10-31,Sardar Sarovar,20.967,26.168
2018-11-01,Sardar Sarovar,20.13,23.661
2018-11-02,Sardar Sarovar,23.111,3.178
2018-11-03,Sardar Sarovar,23.896,2.825
2018-11-04,Sardar Sarovar,22.096,2.472
2018-11-05,Sardar Sarovar,20.296,2.118
2018-11-06,Sardar Sarovar,18.761,1.765
2018-11-07,Sardar Sarovar,18.672,1.412
2018-11-08,Sardar Sarovar,18.584,1.059
2018-11-09,Sardar Sarovar,18.599,18.981
2018-11-10,Sardar Sarovar,18.417,36.904
2018-11-11,Sardar Sarovar,18.48,54.826
2018-11-12,Sardar Sarovar,18.543,72.748
2018-11-13,Sardar Sarovar,18.445,70.109
2018-11-14,Sardar Sarovar,18.548,67.47
2018-11-15,Sardar Sarovar,18.147,64.83
2018-11-16,Sardar Sarovar,17.897,62.191
2018-11-17,Sardar Sarovar,18.128,59.552
2018-11-18,Sardar Sarovar,18.191,56.912
2018-11-19,Sardar Sarovar,18.254,54.273
2018-11-20,Sardar Sarovar,18.145,51.634
2018-11-21,Sardar Sarovar,18.182,48.994
2018-11-22,Sardar Sarovar,18.218,46.355
2018-11-23,Sardar Sarovar,18.144,43.716
2018-11-24,Sardar Sarovar,18.071,41.077
2018-11-25,Sardar Sarovar,17.922,38.437
2018-11-26,Sardar Sarovar,17.774,35.798
2018-11-27,Sardar Sarovar,17.879,33.159
2018-11-28,Sardar Sarovar,17.892,30.519
2018-11-29,Sardar Sarovar,18.524,27.88
2018-11-30,Sardar Sarovar,17.73,25.241
2018-12-01,Sardar Sarovar,17.775,22.601
2018-12-02,Sardar Sarovar,18.121,2.825
2018-12-03,Sardar Sarovar,18.468,2.531
2018-12-04,Sardar Sarovar,18.58,2.236
2018-12-05,Sardar Sarovar,17.778,1.942
2018-12-06,Sardar Sarovar,18.259,1.648
2018-12-07,Sardar Sarovar,18.351,1.353
2018-12-08,Sardar Sarovar,18.625,1.059
2018-12-09,Sardar Sarovar,18.678,18.805
2018-12-10,Sardar Sarovar,18.732,36.55
2018-12-11,Sardar Sarovar,18.79,54.296
2018-12-12,Sardar Sarovar,18.936,72.042
2018-12-13,Sardar Sarovar,18.418,71.706
2018-12-14,Sardar Sarovar,17.589,71.371
2018-12-15,Sardar Sarovar,18.053,71.035
2018-12-16,Sardar Sarovar,18.248,70.7
2018-12-17,Sardar Sarovar,18.443,70.364
2018-12-18,Sardar Sarovar,18.565,70.029
2018-12-19,Sardar Sarovar,20.283,69.693
2018-12-20,Sardar Sarovar,18.85,69.358
2018-12-21,Sardar Sarovar,18.607,69.023
2018-12-22,Sardar Sarovar,17.892,68.687
2018-12-23,Sardar Sarovar,17.746,68.352
2018-12-24,Sardar Sarovar,17.601,68.016
2018-12-25,Sardar Sarovar,17.556,67.681
2018-12-26,Sardar Sarovar,17.51,67.345
2018-12-27,Sardar Sarovar,17.023,67.01
2018-12-28,Sardar Sarovar,16.546,66.674
2018-12-29,Sardar Sarovar,16.662,66.339
2018-12-30,Sardar Sarovar,16.717,66.003
2018-12-31,Sardar Sarovar,16.772,65.668
2019-01-01,Sardar Sarovar,16.374,65.332
2019-01-02,Sardar Sarovar,17.461,38.846
2019-01-03,Sardar Sarovar,18.179,21.542
2019-01-04,Sardar Sarovar,18.41,36.021
2019-01-05,Sardar Sarovar,18.127,40.259
2019-01-06,Sardar Sarovar,19.088,43.084
2019-01-07,Sardar Sarovar,20.048,42.378
2019-01-08,Sardar Sarovar,22.166,57.563
2019-01-09,Sardar Sarovar,22.04,90.406
2019-01-10,Sardar Sarovar,21.525,123.248
2019-01-11,Sardar Sarovar,20.049,156.091
2019-01-12,Sardar Sarovar,20.203,188.933
2019-01-13,Sardar Sarovar,18.762,182.736
2019-01-14,Sardar Sarovar,17.321,176.538
2019-01-15,Sardar Sarovar,19.373,170.34
2019-01-16,Sardar Sarovar,19.206,164.143
2019-01-17,Sardar Sarovar,19.124,157.945
2019-01-18,Sardar Sarovar,19.501,151.747
2019-01-19,Sardar Sarovar,19.346,145.549
2019-01-20,Sardar Sarovar,19.612,139.352
2019-01-21,Sardar Sarovar,19.877,133.154
2019-01-22,Sardar Sarovar,19.995,126.956
2019-01-23,Sardar Sarovar,20.052,120.759
2019-01-24,Sardar Sarovar,18.2,114.561
2019-01-25,Sardar Sarovar,19.202,108.363
2019-01-26,Sardar Sarovar,19.063,102.165
2019-01-27,Sardar Sarovar,18.925,95.968
2019-01-28,Sardar Sarovar,18.786,89.77
2019-01-29,Sardar Sarovar,18.493,83.572
2019-01-30,Sardar Sarovar,18.176,77.374
2019-01-31,Sardar Sarovar,18.335,71.177
2019-02-01,Sardar Sarovar,18.688,64.979
2019-02-02,Sardar Sarovar,18.515,37.787
2019-02-03,Sardar Sarovar,18.532,20.836
2019-02-04,Sardar Sarovar,18.549,37.434
2019-02-05,Sardar Sarovar,18.152,40.259
2019-02-06,Sardar Sarovar,18.334,44.143
2019-02-07,Sardar Sarovar,18.402,42.378
2019-02-08,Sardar Sarovar,18.282,58.269
2019-02-09,Sardar Sarovar,17.548,90.67
2019-02-10,Sardar Sarovar,17.194,123.071
2019-02-11,Sardar Sarovar,16.84,155.473
2019-02-12,Sardar Sarovar,17.275,187.874
2019-02-13,Sardar Sarovar,17.351,180.645
2019-02-14,Sardar Sarovar,17.321,173.416
2019-02-15,Sardar Sarovar,16.918,166.187
2019-02-16,Sardar Sarovar,17.098,158.958
2019-02-17,Sardar Sarovar,17.704,151.728
2019-02-18,Sardar Sarovar,18.309,144.499
2019-02-19,Sardar Sarovar,18.763,137.27
2019-02-20,Sardar Sarovar,18.264,130.041
2019-02-21,Sardar Sarovar,18.389,122.812
2019-02-22,Sardar Sarovar,17.497,115.583
2019-02-23,Sardar Sarovar,18.046,108.354
2019-02-24,Sardar Sarovar,18.248,101.125
2019-02-25,Sardar Sarovar,17.519,93.895
2019-02-26,Sardar Sarovar,18.248,86.666
2019-02-27,Sardar Sarovar,17.536,79.437
2019-02-28,Sardar Sarovar,17.904,72.208
2019-03-01,Sardar Sarovar,18.026,64.979
2019-03-02,Sardar Sarovar,17.815,37.434
2019-03-03,Sardar Sarovar,17.887,20.483
2019-03-04,Sardar Sarovar,17.959,39.199
2019-03-05,Sardar Sarovar,16.662,40.259
2019-03-06,Sardar Sarovar,17.287,44.496
2019-03-07,Sardar Sarovar,16.633,42.378
2019-03-08,Sardar Sarovar,17.245,60.035
2019-03-09,Sardar Sarovar,17.172,91.465
2019-03-10,Sardar Sarovar,17.202,122.895
2019-03-11,Sardar Sarovar,17.231,154.325
2019-03-12,Sardar Sarovar,17.328,185.755
2019-03-13,Sardar Sarovar,17.037,179.716
2019-03-14,Sardar Sarovar,16.985,173.678
2019-03-15,Sardar Sarovar,16.927,167.639
2019-03-16,Sardar Sarovar,16.615,161.6
2019-03-17,Sardar Sarovar,16.622,155.561
2019-03-18,Sardar Sarovar,16.63,149.522
2019-03-19,Sardar Sarovar,17.128,143.483
2019-03-20,Sardar Sarovar,17.33,137.445
2019-03-21,Sardar Sarovar,18.423,131.406
2019-03-22,Sardar Sarovar,18.129,125.367
2019-03-23,Sardar Sarovar,18.468,119.328
2019-03-24,Sardar Sarovar,18.374,113.289
2019-03-25,Sardar Sarovar,18.28,107.251
2019-03-26,Sardar Sarovar,18.423,101.212
2019-03-27,Sardar Sarovar,18.706,95.173
2019-03-28,Sardar Sarovar,17.687,89.134
2019-03-29,Sardar Sarovar,17.971,83.095
2019-03-30,Sardar Sarovar,18.202,77.057
2019-03-31,Sardar Sarovar,18.324,71.018
2019-04-01,Sardar Sarovar,18.447,64.979
2019-04-02,Sardar Sarovar,18.158,37.434
2019-04-03,Sardar Sarovar,17.961,20.836
2019-04-04,Sardar Sarovar,15.598,39.906
2019-04-05,Sardar Sarovar,16.281,40.612
2019-04-06,Sardar Sarovar,16.644,44.85
2019-04-07,Sardar Sarovar,17.285,43.084
2019-04-08,Sardar Sarovar,17.926,56.15
2019-04-09,Sardar Sarovar,18.691,88.198
2019-04-10,Sardar Sarovar,18.11,120.246
2019-04-11,Sardar Sarovar,17.781,152.295
2019-04-12,Sardar Sarovar,18.231,184.343
2019-04-13,Sardar Sarovar,18.219,178.042
2019-04-14,Sardar Sarovar,18.032,171.741
2019-04-15,Sardar Sarovar,17.846,165.44
2019-04-16,Sardar Sarovar,16.177,159.139
2019-04-17,Sardar Sarovar,17.011,152.838
2019-04-18,Sardar Sarovar,17.846,146.537
2019-04-19,Sardar Sarovar,16.934,140.236
2019-04-20,Sardar Sarovar,16.021,133.936
2019-04-21,Sardar Sarovar,15.98,127.635
2019-04-22,Sardar Sarovar,15.938,121.334
2019-04-23,Sardar Sarovar,16.109,115.033
2019-04-24,Sardar Sarovar,17.199,108.732
2019-04-25,Sardar Sarovar,18.072,102.431
2019-04-26,Sardar Sarovar,17.713,96.13
2019-04-27,Sardar Sarovar,18.16,89.829
2019-04-28,Sardar Sarovar,18.245,83.528
2019-04-29,Sardar Sarovar,18.329,77.228
2019-04-30,Sardar Sarovar,17.671,70.927
2019-05-01,Sardar Sarovar,17.28,64.626
2019-05-02,Sardar Sarovar,17.467,37.434
2019-05-03,Sardar Sarovar,17.867,21.542
2019-05-04,Sardar Sarovar,17.347,39.906
2019-05-05,Sardar Sarovar,17.561,40.612
2019-05-06,Sardar Sarovar,17.775,44.85
2019-05-07,Sardar Sarovar,17.514,44.143
2019-05-08,Sardar Sarovar,17.85,71.9
2019-05-09,Sardar Sarovar,17.699,99.658
2019-05-10,Sardar Sarovar,17.349,127.415
2019-05-11,Sardar Sarovar,17.387,155.173
2019-05-12,Sardar Sarovar,17.392,182.93
2019-05-13,Sardar Sarovar,17.396,176.997
2019-05-14,Sardar Sarovar,17.426,171.064
2019-05-15,Sardar Sarovar,17.797,165.131
2019-05-16,Sardar Sarovar,17.473,159.199
2019-05-17,Sardar Sarovar,17.623,153.266
2019-05-18,Sardar Sarovar,17.712,147.333
2019-05-19,Sardar Sarovar,17.802,141.4
2019-05-20,Sardar Sarovar,17.891,135.467
2019-05-21,Sardar Sarovar,18.384,129.534
2019-05-22,Sardar Sarovar,18.177,123.601
2019-05-23,Sardar Sarovar,18.233,117.668
2019-05-24,Sardar Sarovar,18.905,111.736
2019-05-25,Sardar Sarovar,18.521,105.803
2019-05-26,Sardar Sarovar,18.468,99.87
2019-05-27,Sardar Sarovar,18.415,93.937
2019-05-28,Sardar Sarovar,18.361,88.004
2019-05-29,Sardar Sarovar,18.314,82.071
2019-05-30,Sardar Sarovar,30.524,76.138
2019-05-31,Sardar Sarovar,42.733,70.206
2019-06-01,Sardar Sarovar,42.45,64.273
2019-06-02,Sardar Sarovar,43.0,37.08
2019-06-03,Sardar Sarovar,42.68,22.248
2019-06-04,Sardar Sarovar,23.2,39.906
2019-06-05,Sardar Sarovar,21.0,40.965
2019-06-06,Sardar Sarovar,20.71,44.85
2019-06-07,Sardar Sarovar,17.04,44.85
2019-06-08,Sardar Sarovar,17.37,72.254
2019-06-09,Sardar Sarovar,18.5,99.658
2019-06-10,Sardar Sarovar,18.57,127.063
2019-06-11,Sardar Sarovar,20.1,154.467
2019-06-12,Sardar Sarovar,20.27,181.871
2019-06-13,Sardar Sarovar,18.29,175.681
2019-06-14,Sardar Sarovar,22.67,169.492
2019-06-15,Sardar Sarovar,23.55,163.302
2019-06-16,Sardar Sarovar,43.6,157.113
2019-06-17,Sardar Sarovar,42.84,150.924
2019-06-18,Sardar Sarovar,42.9,144.734
2019-06-19,Sardar Sarovar,32.6,138.545
2019-06-20,Sardar Sarovar,34.66,132.356
2019-06-21,Sardar Sarovar,30.31,126.166
2019-06-22,Sardar Sarovar,31.37,119.977
2019-06-23,Sardar Sarovar,32.5,113.788
2019-06-24,Sardar Sarovar,31.33,107.598
2019-06-25,Sardar Sarovar,32.78,101.409
2019-06-26,Sardar Sarovar,32.59,95.219
2019-06-27,Sardar Sarovar,32.48,89.03
2019-06-28,Sardar Sarovar,31.36,82.841
2019-06-29,Sardar Sarovar,32.93,76.651
2019-06-30,Sardar Sarovar,31.0,70.462
2019-07-01,Sardar Sarovar,23.16,64.273
2019-07-02,Sardar Sarovar,22.73,36.374
2019-07-03,Sardar Sarovar,21.98,22.955
2019-07-04,Sardar Sarovar,21.08,39.906
2019-07-05,Sardar Sarovar,28.94,40.965
2019-07-06,Sardar Sarovar,28.69,44.85
2019-07-07,Sardar Sarovar,29.0,46.969
2019-07-08,Sardar Sarovar,33.3,73.737
2019-07-09,Sardar Sarovar,29.45,100.506
2019-07-10,Sardar Sarovar,28.34,127.274
2019-07-11,Sardar Sarovar,26.13,154.043
2019-07-12,Sardar Sarovar,22.92,180.811
2019-07-13,Sardar Sarovar,21.2,174.949
2019-07-14,Sardar Sarovar,21.0,169.087
2019-07-15,Sardar Sarovar,20.96,163.224
2019-07-16,Sardar Sarovar,21.97,157.362
2019-07-17,Sardar Sarovar,21.88,151.5
2019-07-18,Sardar Sarovar,18.76,145.638
2019-07-19,Sardar Sarovar,19.8,139.775
2019-07-20,Sardar Sarovar,20.29,133.913
2019-07-21,Sardar Sarovar,21.0,128.051
2019-07-22,Sardar Sarovar,27.97,122.189
2019-07-23,Sardar Sarovar,27.1,116.327
2019-07-24,Sardar Sarovar,26.7,110.464
2019-07-25,Sardar Sarovar,24.49,104.602
2019-07-26,Sardar Sarovar,22.45,98.74
2019-07-27,Sardar Sarovar,28.28,92.878
2019-07-28,Sardar Sarovar,100.0,87.015
2019-07-29,Sardar Sarovar,28.82,81.153
2019-07-30,Sardar Sarovar,30.32,75.291
2019-07-31,Sardar Sarovar,23.11,69.429
2019-08-01,Sardar Sarovar,126.04,63.566
2019-08-02,Sardar Sarovar,99.86,36.021
2019-08-03,Sardar Sarovar,148.17,23.308
2019-08-04,Sardar Sarovar,180.0,39.906
2019-08-05,Sardar Sarovar,710.0,40.965
2019-08-06,Sardar Sarovar,178.12,44.85
2019-08-07,Sardar Sarovar,104.48,49.441
2019-08-08,Sardar Sarovar,91.26,75.291
2019-08-09,Sardar Sarovar,18420.0,101.141
2019-08-10,Sardar Sarovar,13620.0,126.992
2019-08-11,Sardar Sarovar,4600.0,152.842
2019-08-12,Sardar Sarovar,4500.0,178.692
2019-08-13,Sardar Sarovar,3418.0,172.883
2019-08-14,Sardar Sarovar,3686.0,167.074
2019-08-15,Sardar Sarovar,1900.0,161.264
2019-08-16,Sardar Sarovar,3386.0,155.455
2019-08-17,Sardar Sarovar,3775.0,149.646
2019-08-18,Sardar Sarovar,10000.0,143.837
2019-08-19,Sardar Sarovar,8722.0,138.027
2019-08-20,Sardar Sarovar,10040.0,132.218
2019-08-21,Sardar Sarovar,8319.0,126.409
2019-08-22,Sardar Sarovar,3516.0,120.6
2019-08-23,Sardar Sarovar,1924.0,114.79
2019-08-24,Sardar Sarovar,3714.0,108.981
2019-08-25,Sardar Sarovar,8000.0,103.172
2019-08-26,Sardar Sarovar,13748.0,97.363
2019-08-27,Sardar Sarovar,15319.0,91.553
2019-08-28,Sardar Sarovar,13531.0,85.744
2019-08-29,Sardar Sarovar,10916.0,79.935
2019-08-30,Sardar Sarovar,9276.0,74.125
2019-08-31,Sardar Sarovar,3565.0,68.316
2019-09-01,Sardar Sarovar,3500.0,62.507
2019-09-02,Sardar Sarovar,3500.0,34.962
2019-09-03,Sardar Sarovar,1742.0,23.308
2019-09-04,Sardar Sarovar,1502.0,39.552
2019-09-05,Sardar Sarovar,13728.0,40.612
2019-09-06,Sardar Sarovar,6808.0,44.496
2019-09-07,Sardar Sarovar,5931.39,41.318
2019-09-08,Sardar Sarovar,8000.0,68.581
2019-09-09,Sardar Sarovar,15695.0,95.844
2019-09-10,Sardar Sarovar,18000.0,123.107
2019-09-11,Sardar Sarovar,21071.0,150.37
2019-09-12,Sardar Sarovar,18772.0,177.633
2019-09-13,Sardar Sarovar,22611.0,171.536
2019-09-14,Sardar Sarovar,19452.53,165.44
2019-09-15,Sardar Sarovar,21000.0,159.343
2019-09-16,Sardar Sarovar,13958.0,153.247
2019-09-17,Sardar Sarovar,8461.0,147.151
2019-09-18,Sardar Sarovar,11469.0,141.054
2019-09-19,Sardar Sarovar,11775.0,134.958
2019-09-20,Sardar Sarovar,8667.0,128.861
2019-09-21,Sardar Sarovar,11832.0,122.765
2019-09-22,Sardar Sarovar,9000.0,116.669
2019-09-23,Sardar Sarovar,5635.0,110.572
2019-09-24,Sardar Sarovar,2282.0,104.476
2019-09-25,Sardar Sarovar,3550.0,98.379
2019-09-26,Sardar Sarovar,3188.0,92.283
2019-09-27,Sardar Sarovar,3562.0,86.186
2019-09-28,Sardar Sarovar,5900.0,80.09
2019-09-29,Sardar Sarovar,6000.0,73.994
2019-09-30,Sardar Sarovar,8033.0,67.897
2019-10-01,Sardar Sarovar,4079.0,61.801
2019-10-02,Sardar Sarovar,7000.0,35.315
2019-10-03,Sardar Sarovar,5589.0,23.308
2019-10-04,Sardar Sarovar,3734.0,39.552
2019-10-05,Sardar Sarovar,2072.0,40.612
2019-10-06,Sardar Sarovar,3000.0,43.79
2019-10-07,Sardar Sarovar,1538.0,62.154
2019-10-08,Sardar Sarovar,2000.0,85.038
2019-10-09,Sardar Sarovar,1529.0,107.922
2019-10-10,Sardar Sarovar,2065.0,130.805
2019-10-11,Sardar Sarovar,2023.0,153.689
2019-10-12,Sardar Sarovar,1376.0,176.573
2019-10-13,Sardar Sarovar,1300.0,170.835
2019-10-14,Sardar Sarovar,1181.0,165.096
2019-10-15,Sardar Sarovar,1265.0,159.357
2019-10-16,Sardar Sarovar,1106.0,153.619
2019-10-17,Sardar Sarovar,1008.0,147.88
2019-10-18,Sardar Sarovar,733.0,142.142
2019-10-19,Sardar Sarovar,471.9,136.403
2019-10-20,Sardar Sarovar,700.0,130.664
2019-10-21,Sardar Sarovar,514.7,124.926
2019-10-22,Sardar Sarovar,503.0,119.187
2019-10-23,Sardar Sarovar,367.51,113.448
2019-10-24,Sardar Sarovar,353.35,107.71
2019-10-25,Sardar Sarovar,351.43,101.971
2019-10-26,Sardar Sarovar,260.13,96.232
2019-10-27,Sardar Sarovar,35.0,90.494
2019-10-28,Sardar Sarovar,20.98,84.755
2019-10-29,Sardar Sarovar,13.31,79.017
2019-10-30,Sardar Sarovar,21.63,73.278
2019-10-31,Sardar Sarovar,386.69,67.539
2019-11-01,Sardar Sarovar,495.63,61.801
2019-11-02,Sardar Sarovar,700.0,33.902
2019-11-03,Sardar Sarovar,500.0,22.955
2019-11-04,Sardar Sarovar,460.0,39.552
2019-11-05,Sardar Sarovar,379.5,40.259
2019-11-06,Sardar Sarovar,358.17,43.084
2019-11-07,Sardar Sarovar,571.58,50.147
2019-11-08,Sardar Sarovar,218.2,75.22
2019-11-09,Sardar Sarovar,196.88,100.294
2019-11-10,Sardar Sarovar,190.0,125.367
2019-11-11,Sardar Sarovar,205.57,150.441
2019-11-12,Sardar Sarovar,700.0,175.514
2019-11-13,Sardar Sarovar,770.6,169.51
2019-11-14,Sardar Sarovar,733.4,163.507
2019-11-15,Sardar Sarovar,729.53,157.503
2019-11-16,Sardar Sarovar,469.1,151.5
2019-11-17,Sardar Sarovar,200.0,145.496
2019-11-18,Sardar Sarovar,232.52,139.493
2019-11-19,Sardar Sarovar,516.81,133.489
2019-11-20,Sardar Sarovar,715.65,127.486
2019-11-21,Sardar Sarovar,705.3,121.482
2019-11-22,Sardar Sarovar,536.9,115.479
2019-11-23,Sardar Sarovar,385.5,109.475
2019-11-24,Sardar Sarovar,450.0,103.472
2019-11-25,Sardar Sarovar,534.46,97.468
2019-11-26,Sardar Sarovar,508.08,91.465
2019-11-27,Sardar Sarovar,457.62,85.461
2019-11-28,Sardar Sarovar,492.1,79.458
2019-11-29,Sardar Sarovar,444.34,73.455
2019-11-30,Sardar Sarovar,491.68,67.451
2019-12-01,Sardar Sarovar,400.0,61.448
2019-12-02,Sardar Sarovar,452.26,33.902
2019-12-03,Sardar Sarovar,520.58,22.955
2019-12-04,Sardar Sarovar,503.23,39.199
2019-12-05,Sardar Sarovar,459.78,40.612
2019-12-06,Sardar Sarovar,425.61,43.084
2019-12-07,Sardar Sarovar,388.07,49.794
2019-12-08,Sardar Sarovar,400.0,74.797
2019-12-09,Sardar Sarovar,438.38,99.8
2019-12-10,Sardar Sarovar,452.85,124.802
2019-12-11,Sardar Sarovar,446.38,149.805
2019-12-12,Sardar Sarovar,423.23,174.808
2019-12-13,Sardar Sarovar,399.63,173.324
2019-12-14,Sardar Sarovar,403.93,171.841
2019-12-15,Sardar Sarovar,400.0,170.358
2019-12-16,Sardar Sarovar,403.52,168.875
2019-12-17,Sardar Sarovar,406.95,167.392
2019-12-18,Sardar Sarovar,394.2,165.908
2019-12-19,Sardar Sarovar,384.1,164.425
2019-12-20,Sardar Sarovar,393.1,162.942
2019-12-21,Sardar Sarovar,395.0,161.459
2019-12-22,Sardar Sarovar,400.0,159.975
2019-12-23,Sardar Sarovar,408.0,158.492
2019-12-24,Sardar Sarovar,404.0,157.009
2019-12-25,Sardar Sarovar,400.0,155.526
2019-12-26,Sardar Sarovar,363.85,154.043
2019-12-27,Sardar Sarovar,354.5,152.559
2019-12-28,Sardar Sarovar,343.31,151.076
2019-12-29,Sardar Sarovar,300.0,149.593
2019-12-30,Sardar Sarovar,339.65,148.11
2019-12-31,Sardar Sarovar,347.0,146.626
2020-01-01,Sardar Sarovar,342.11,145.143
2020-01-02,Sardar Sarovar,336.0,115.479
2020-01-03,Sardar Sarovar,325.0,85.814
2020-01-04,Sardar Sarovar,315.1,56.15
2020-01-05,Sardar Sarovar,250.0,48.734
2020-01-06,Sardar Sarovar,205.0,55.797
2020-01-07,Sardar Sarovar,193.0,55.797
2020-01-08,Sardar Sarovar,197.3,41.671
2020-01-09,Sardar Sarovar,191.69,70.629
2020-01-10,Sardar Sarovar,189.57,99.587
2020-01-11,Sardar Sarovar,179.72,128.545
2020-01-12,Sardar Sarovar,200.0,157.503
2020-01-13,Sardar Sarovar,335.1,156.832
2020-01-14,Sardar Sarovar,379.18,156.161
2020-01-15,Sardar Sarovar,350.0,155.49
2020-01-16,Sardar Sarovar,322.23,154.819
2020-01-17,Sardar Sarovar,319.44,154.149
2020-01-18,Sardar Sarovar,311.0,153.478
2020-01-19,Sardar Sarovar,300.0,152.807
2020-01-20,Sardar Sarovar,303.24,152.136
2020-01-21,Sardar Sarovar,311.73,151.465
2020-01-22,Sardar Sarovar,296.88,150.794
2020-01-23,Sardar Sarovar,270.25,150.123
2020-01-24,Sardar Sarovar,273.26,149.452
2020-01-25,Sardar Sarovar,247.21,148.781
2020-01-26,Sardar Sarovar,250.0,148.11
2020-01-27,Sardar Sarovar,256.83,147.439
2020-01-28,Sardar Sarovar,261.54,146.768
2020-01-29,Sardar Sarovar,319.44,146.097
2020-01-30,Sardar Sarovar,294.12,145.426
2020-01-31,Sardar Sarovar,318.18,144.755
2020-02-01,Sardar Sarovar,334.0,144.084
2020-02-02,Sardar Sarovar,300.0,114.773
2020-02-03,Sardar Sarovar,308.1,85.461
2020-02-04,Sardar Sarovar,288.8,56.15
2020-02-05,Sardar Sarovar,286.53,48.381
2020-02-06,Sardar Sarovar,291.15,58.622
2020-02-07,Sardar Sarovar,299.84,55.797
2020-02-08,Sardar Sarovar,289.53,40.965
2020-02-09,Sardar Sarovar,280.0,70.099
2020-02-10,Sardar Sarovar,289.0,99.234
2020-02-11,Sardar Sarovar,280.0,128.368
2020-02-12,Sardar Sarovar,285.4,157.503
2020-02-13,Sardar Sarovar,283.0,156.719
2020-02-14,Sardar Sarovar,281.8,155.934
2020-02-15,Sardar Sarovar,260.33,155.149
2020-02-16,Sardar Sarovar,270.0,154.364
2020-02-17,Sardar Sarovar,261.07,153.58
2020-02-18,Sardar Sarovar,281.76,152.795
2020-02-19,Sardar Sarovar,261.67,152.01
2020-02-20,Sardar Sarovar,277.0,151.225
2020-02-21,Sardar Sarovar,268.0,150.44
2020-02-22,Sardar Sarovar,278.0,149.656
2020-02-23,Sardar Sarovar,270.0,148.871
2020-02-24,Sardar Sarovar,281.0,148.086
2020-02-25,Sardar Sarovar,247.71,147.301
2020-02-26,Sardar Sarovar,240.0,146.517
2020-02-27,Sardar Sarovar,241.5,145.732
2020-02-28,Sardar Sarovar,254.54,144.947
2020-02-29,Sardar Sarovar,27.41,144.162
2020-03-01,Sardar Sarovar,27.0,143.378
2020-03-02,Sardar Sarovar,27.0,127.204
2020-03-03,Sardar Sarovar,215.0,111.03
2020-03-04,Sardar Sarovar,36.86,94.855
2020-03-05,Sardar Sarovar,24.579,78.681
2020-03-06,Sardar Sarovar,16.349,62.507
2020-03-07,Sardar Sarovar,12.541,53.678
2020-03-08,Sardar Sarovar,13.0,40.259
2020-03-09,Sardar Sarovar,265.19,69.658
2020-03-10,Sardar Sarovar,300.0,99.058
2020-03-11,Sardar Sarovar,12.765,128.457
2020-03-12,Sardar Sarovar,356.1,157.857
2020-03-13,Sardar Sarovar,365.0,157.08
2020-03-14,Sardar Sarovar,261.48,156.303
2020-03-15,Sardar Sarovar,250.0,155.526
2020-03-16,Sardar Sarovar,248.0,154.749
2020-03-17,Sardar Sarovar,235.44,153.972
2020-03-18,Sardar Sarovar,258.72,153.195
2020-03-19,Sardar Sarovar,259.25,152.418
2020-03-20,Sardar Sarovar,296.52,151.641
2020-03-21,Sardar Sarovar,319.0,150.864
2020-03-22,Sardar Sarovar,300.0,150.087
2020-03-23,Sardar Sarovar,250.0,149.31
2020-03-24,Sardar Sarovar,150.0,148.533
2020-03-25,Sardar Sarovar,120.0,147.757
2020-03-26,Sardar Sarovar,100.0,146.98
2020-03-27,Sardar Sarovar,103.846,146.203
2020-03-28,Sardar Sarovar,107.692,145.426
2020-03-29,Sardar Sarovar,111.538,144.649
2020-03-30,Sardar Sarovar,115.385,143.872
2020-03-31,Sardar Sarovar,119.231,143.095
2020-04-01,Sardar Sarovar,123.077,142.318
2020-04-02,Sardar Sarovar,126.923,127.062
2020-04-03,Sardar Sarovar,130.769,111.806
2020-04-04,Sardar Sarovar,134.615,96.55
2020-04-05,Sardar Sarovar,138.462,81.294
2020-04-06,Sardar Sarovar,142.308,66.038
2020-04-07,Sardar Sarovar,146.154,52.619
2020-04-08,Sardar Sarovar,150.0,39.552
2020-04-09,Sardar Sarovar,153.846,69.04
2020-04-10,Sardar Sarovar,157.692,98.528
2020-04-11,Sardar Sarovar,161.538,128.015
2020-04-12,Sardar Sarovar,165.385,157.503
2020-04-13,Sardar Sarovar,169.231,156.63
2020-04-14,Sardar Sarovar,173.077,155.756
2020-04-15,Sardar Sarovar,176.923,154.883
2020-04-16,Sardar Sarovar,180.769,154.009
2020-04-17,Sardar Sarovar,184.615,153.136
2020-04-18,Sardar Sarovar,188.462,152.262
2020-04-19,Sardar Sarovar,192.308,151.388
2020-04-20,Sardar Sarovar,196.154,150.515
2020-04-21,Sardar Sarovar,200.0,149.641
2020-04-22,Sardar Sarovar,210.0,148.768
2020-04-23,Sardar Sarovar,315.1,147.894
2020-04-24,Sardar Sarovar,660.39,147.021
2020-04-25,Sardar Sarovar,350.0,146.147
2020-04-26,Sardar Sarovar,300.0,145.273
2020-04-27,Sardar Sarovar,259.45,144.4
2020-04-28,Sardar Sarovar,257.3,143.526
2020-04-29,Sardar Sarovar,245.18,142.653
2020-04-30,Sardar Sarovar,228.35,141.779
2020-05-01,Sardar Sarovar,243.42,140.906
2020-05-02,Sardar Sarovar,245.0,117.686
2020-05-03,Sardar Sarovar,240.0,94.467
2020-05-04,Sardar Sarovar,230.85,71.248
2020-05-05,Sardar Sarovar,224.2,48.028
2020-05-06,Sardar Sarovar,203.28,68.864
2020-05-07,Sardar Sarovar,180.0,52.972
2020-05-08,Sardar Sarovar,200.8,39.906
2020-05-09,Sardar Sarovar,210.0,69.305
2020-05-10,Sardar Sarovar,200.0,98.704
2020-05-11,Sardar Sarovar,218.52,128.104
2020-05-12,Sardar Sarovar,204.43,157.503
2020-05-13,Sardar Sarovar,219.55,156.621
2020-05-14,Sardar Sarovar,221.85,155.738
2020-05-15,Sardar Sarovar,257.12,154.855
2020-05-16,Sardar Sarovar,250.0,153.972
2020-05-17,Sardar Sarovar,250.0,153.089
2020-05-18,Sardar Sarovar,255.35,152.206
2020-05-19,Sardar Sarovar,256.93,151.323
2020-05-20,Sardar Sarovar,258.73,150.44
2020-05-21,Sardar Sarovar,254.0,149.558
2020-05-22,Sardar Sarovar,254.18,148.675
2020-05-23,Sardar Sarovar,250.0,147.792
2020-05-24,Sardar Sarovar,250.0,146.909
2020-05-25,Sardar Sarovar,200.0,146.026
2020-05-26,Sardar Sarovar,214.1,145.143
2020-05-27,Sardar Sarovar,191.1,144.26
2020-05-28,Sardar Sarovar,12.72,143.378
2020-05-29,Sardar Sarovar,13.72,142.495
2020-05-30,Sardar Sarovar,13.0,141.612
2020-05-31,Sardar Sarovar,13.0,140.729
2020-06-01,Sardar Sarovar,14.1,139.846
2020-06-02,Sardar Sarovar,33.03,116.892
2020-06-03,Sardar Sarovar,32.16,93.937
2020-06-04,Sardar Sarovar,33.24,70.982
2020-06-05,Sardar Sarovar,33.91,48.028
2020-06-06,Sardar Sarovar,32.63,71.689
2020-06-07,Sardar Sarovar,12.0,54.031
2020-06-08,Sardar Sarovar,12.62,39.906
2020-06-09,Sardar Sarovar,12.14,69.57
2020-06-10,Sardar Sarovar,13.5,99.234
2020-06-11,Sardar Sarovar,20.56,128.899
2020-06-12,Sardar Sarovar,21.97,158.563
2020-06-13,Sardar Sarovar,205.76,157.541
2020-06-14,Sardar Sarovar,337.0,156.518
2020-06-15,Sardar Sarovar,337.0,155.496
2020-06-16,Sardar Sarovar,618.48,154.474
2020-06-17,Sardar Sarovar,663.0,153.452
2020-06-18,Sardar Sarovar,954.0,152.429
2020-06-19,Sardar Sarovar,906.0,151.407
2020-06-20,Sardar Sarovar,921.0,150.385
2020-06-21,Sardar Sarovar,900.0,149.362
2020-06-22,Sardar Sarovar,889.0,148.34
2020-06-23,Sardar Sarovar,917.0,147.318
2020-06-24,Sardar Sarovar,901.0,146.296
2020-06-25,Sardar Sarovar,980.0,145.273
2020-06-26,Sardar Sarovar,941.63,144.251
2020-06-27,Sardar Sarovar,938.0,143.229
2020-06-28,Sardar Sarovar,935.0,142.207
2020-06-29,Sardar Sarovar,940.0,141.184
2020-06-30,Sardar Sarovar,1122.0,140.162
2020-07-01,Sardar Sarovar,1042.0,139.14
2020-07-02,Sardar Sarovar,996.0,110.77
2020-07-03,Sardar Sarovar,621.0,82.401
2020-07-04,Sardar Sarovar,564.0,54.031
2020-07-05,Sardar Sarovar,450.0,64.272
2020-07-06,Sardar Sarovar,340.0,74.514
2020-07-07,Sardar Sarovar,355.3,53.678
2020-07-08,Sardar Sarovar,328.0,39.906
2020-07-09,Sardar Sarovar,266.0,69.482
2020-07-10,Sardar Sarovar,241.0,99.058
2020-07-11,Sardar Sarovar,252.0,128.634
2020-07-12,Sardar Sarovar,240.0,158.21
2020-07-13,Sardar Sarovar,227.2,157.239
2020-07-14,Sardar Sarovar,18.31,156.267
2020-07-15,Sardar Sarovar,17.79,155.296
2020-07-16,Sardar Sarovar,17.11,154.325
2020-07-17,Sardar Sarovar,16.63,153.354
2020-07-18,Sardar Sarovar,16.536,152.383
2020-07-19,Sardar Sarovar,17.01,151.412
2020-07-20,Sardar Sarovar,16.91,150.44
2020-07-21,Sardar Sarovar,16.808,149.469
2020-07-22,Sardar Sarovar,21.853,148.498
2020-07-23,Sardar Sarovar,20.795,147.527
2020-07-24,Sardar Sarovar,22.364,146.556
2020-07-25,Sardar Sarovar,21.694,145.585
2020-07-26,Sardar Sarovar,21.71,144.614
2020-07-27,Sardar Sarovar,20.656,143.642
2020-07-28,Sardar Sarovar,22.36,142.671
2020-07-29,Sardar Sarovar,22.39,141.7
2020-07-30,Sardar Sarovar,21.609,140.729
2020-07-31,Sardar Sarovar,22.253,139.758
2020-08-01,Sardar Sarovar,24.73,138.787
2020-08-02,Sardar Sarovar,22.25,110.535
2020-08-03,Sardar Sarovar,21.56,82.283
2020-08-04,Sardar Sarovar,21.513,54.031
2020-08-05,Sardar Sarovar,21.79,65.508
2020-08-06,Sardar Sarovar,23.902,76.986
2020-08-07,Sardar Sarovar,23.563,54.385
2020-08-08,Sardar Sarovar,29.637,40.259
2020-08-09,Sardar Sarovar,39.2,69.658
2020-08-10,Sardar Sarovar,25.381,99.058
2020-08-11,Sardar Sarovar,26.208,128.457
2020-08-12,Sardar Sarovar,30.0,157.857
2020-08-13,Sardar Sarovar,39.015,156.885
2020-08-14,Sardar Sarovar,55.301,155.914
2020-08-15,Sardar Sarovar,66.7,154.943
2020-08-16,Sardar Sarovar,60.2,153.972
2020-08-17,Sardar Sarovar,84.746,153.001
2020-08-18,Sardar Sarovar,82.078,152.03
2020-08-19,Sardar Sarovar,78.807,151.058
2020-08-20,Sardar Sarovar,58.876,150.087
2020-08-21,Sardar Sarovar,57.962,149.116
2020-08-22,Sardar Sarovar,54.058,148.145
2020-08-23,Sardar Sarovar,55.0,147.174
2020-08-24,Sardar Sarovar,62.038,146.203
2020-08-25,Sardar Sarovar,66.693,145.232
2020-08-26,Sardar Sarovar,74.064,144.26
2020-08-27,Sardar Sarovar,978.3,143.289
2020-08-28,Sardar Sarovar,1288.0,142.318
2020-08-29,Sardar Sarovar,8869.0,141.347
2020-08-30,Sardar Sarovar,24773.0,140.376
2020-08-31,Sardar Sarovar,27135.0,139.405
2020-09-01,Sardar Sarovar,31533.0,138.433
2020-09-02,Sardar Sarovar,7297.0,116.106
2020-09-03,Sardar Sarovar,2823.0,93.78
2020-09-04,Sardar Sarovar,2003.0,71.453
2020-09-05,Sardar Sarovar,1727.0,75.809
2020-09-06,Sardar Sarovar,900.0,80.164
2020-09-07,Sardar Sarovar,892.0,54.031
2020-09-08,Sardar Sarovar,902.0,40.259
2020-09-09,Sardar Sarovar,301.11,69.57
2020-09-10,Sardar Sarovar,417.19,98.881
2020-09-11,Sardar Sarovar,1500.0,128.192
2020-09-12,Sardar Sarovar,1311.0,157.503
2020-09-13,Sardar Sarovar,1300.0,156.463
2020-09-14,Sardar Sarovar,1462.0,155.422
2020-09-15,Sardar Sarovar,608.45,154.381
2020-09-16,Sardar Sarovar,212.22,153.34
2020-09-17,Sardar Sarovar,1520.0,152.299
2020-09-18,Sardar Sarovar,3004.0,151.258
2020-09-19,Sardar Sarovar,4368.0,150.217
2020-09-20,Sardar Sarovar,1590.0,149.177
2020-09-21,Sardar Sarovar,1469.0,148.136
2020-09-22,Sardar Sarovar,6398.0,147.095
2020-09-23,Sardar Sarovar,4877.0,146.054
2020-09-24,Sardar Sarovar,4084.0,145.013
2020-09-25,Sardar Sarovar,4264.0,143.972
2020-09-26,Sardar Sarovar,1910.0,142.931
2020-09-27,Sardar Sarovar,1884.0,141.891
2020-09-28,Sardar Sarovar,1979.0,140.85
2020-09-29,Sardar Sarovar,4298.0,139.809
2020-09-30,Sardar Sarovar,4176.0,138.768
2020-10-01,Sardar Sarovar,1499.0,137.727
2020-10-02,Sardar Sarovar,1134.0,115.832
2020-10-03,Sardar Sarovar,433.1,93.937
2020-10-04,Sardar Sarovar,370.0,72.042
2020-10-05,Sardar Sarovar,25.456,78.045
2020-10-06,Sardar Sarovar,18.182,84.049
2020-10-07,Sardar Sarovar,0.387,54.031
2020-10-08,Sardar Sarovar,0.385,40.259
2020-10-09,Sardar Sarovar,0.423,69.482
2020-10-10,Sardar Sarovar,0.379,98.704
2020-10-11,Sardar Sarovar,0.39,127.927
2020-10-12,Sardar Sarovar,0.391,157.15
2020-10-13,Sardar Sarovar,0.406,156.126
2020-10-14,Sardar Sarovar,0.397,155.102
2020-10-15,Sardar Sarovar,0.401,154.078
2020-10-16,Sardar Sarovar,0.388,153.054
2020-10-17,Sardar Sarovar,0.38,152.03
2020-10-18,Sardar Sarovar,0.4,151.006
2020-10-19,Sardar Sarovar,0.401,149.981
2020-10-20,Sardar Sarovar,0.399,148.957
2020-10-21,Sardar Sarovar,0.391,147.933
2020-10-22,Sardar Sarovar,0.302,146.909
2020-10-23,Sardar Sarovar,0.306,145.885
2020-10-24,Sardar Sarovar,0.319,144.861
2020-10-25,Sardar Sarovar,55.5,143.837
2020-10-26,Sardar Sarovar,55.31,142.813
2020-10-27,Sardar Sarovar,55.439,141.788
2020-10-28,Sardar Sarovar,55.355,140.764
2020-10-29,Sardar Sarovar,53.055,139.74
2020-10-30,Sardar Sarovar,52.5,138.716
2020-10-31,Sardar Sarovar,55.3,137.692
2020-11-01,Sardar Sarovar,55.4,136.668
2020-11-02,Sardar Sarovar,56.239,115.44
2020-11-03,Sardar Sarovar,42.628,94.212
2020-11-04,Sardar Sarovar,41.012,72.984
2020-11-05,Sardar Sarovar,40.942,80.635
2020-11-06,Sardar Sarovar,39.013,88.287
2020-11-07,Sardar Sarovar,38.84,107.18
2020-11-08,Sardar Sarovar,38.0,126.074
2020-11-09,Sardar Sarovar,38.424,144.967
2020-11-10,Sardar Sarovar,35.782,163.86
2020-11-11,Sardar Sarovar,35.236,163.507
2020-11-12,Sardar Sarovar,33.133,157.503
2020-11-13,Sardar Sarovar,33.316,156.407
2020-11-14,Sardar Sarovar,33.0,155.31
2020-11-15,Sardar Sarovar,33.0,154.214
2020-11-16,Sardar Sarovar,32.883,153.117
2020-11-17,Sardar Sarovar,32.376,152.02
2020-11-18,Sardar Sarovar,32.255,150.924
2020-11-19,Sardar Sarovar,33.161,149.827
2020-11-20,Sardar Sarovar,31.086,148.731
2020-11-21,Sardar Sarovar,31.466,147.634
2020-11-22,Sardar Sarovar,31.0,146.537
2020-11-23,Sardar Sarovar,31.259,145.441
2020-11-24,Sardar Sarovar,10.778,144.344
2020-11-25,Sardar Sarovar,10.514,143.247
2020-11-26,Sardar Sarovar,8.236,142.151
2020-11-27,Sardar Sarovar,17.482,141.054
2020-11-28,Sardar Sarovar,17.997,139.958
2020-11-29,Sardar Sarovar,17.99,138.861
2020-11-30,Sardar Sarovar,11.0,137.764
2020-12-01,Sardar Sarovar,17.244,136.668
2020-12-02,Sardar Sarovar,17.079,110.594
2020-12-03,Sardar Sarovar,17.489,84.52
2020-12-04,Sardar Sarovar,162.758,58.446
2020-12-05,Sardar Sarovar,154.68,51.913
2020-12-06,Sardar Sarovar,155.0,48.264
2020-12-07,Sardar Sarovar,123.165,44.614
2020-12-08,Sardar Sarovar,123.671,40.965
2020-12-09,Sardar Sarovar,155.228,70.011
2020-12-10,Sardar Sarovar,155.943,99.058
2020-12-11,Sardar Sarovar,128.308,128.104
2020-12-12,Sardar Sarovar,155.356,157.15
2020-12-13,Sardar Sarovar,128.0,156.868
2020-12-14,Sardar Sarovar,127.925,156.585
2020-12-15,Sardar Sarovar,100.291,156.303
2020-12-16,Sardar Sarovar,110.233,156.02
2020-12-17,Sardar Sarovar,106.202,155.738
2020-12-18,Sardar Sarovar,132.024,155.455
2020-12-19,Sardar Sarovar,131.0,155.173
2020-12-20,Sardar Sarovar,130.0,154.89
2020-12-21,Sardar Sarovar,129.068,154.608
2020-12-22,Sardar Sarovar,32.26,154.325
2020-12-23,Sardar Sarovar,124.564,154.043
2020-12-24,Sardar Sarovar,131.025,153.76
2020-12-25,Sardar Sarovar,145.0,153.478
2020-12-26,Sardar Sarovar,130.468,153.195
2020-12-27,Sardar Sarovar,132.0,152.913
2020-12-28,Sardar Sarovar,129.566,152.63
2020-12-29,Sardar Sarovar,109.666,152.347
2020-12-30,Sardar Sarovar,120.609,152.065
2020-12-31,Sardar Sarovar,160.175,151.782
2021-01-01,Sardar Sarovar,132.001,151.5
2021-01-02,Sardar Sarovar,106.944,146.909
2021-01-03,Sardar Sarovar,108.0,121.482
2021-01-04,Sardar Sarovar,108.202,92.524
2021-01-05,Sardar Sarovar,108.621,63.566
2021-01-06,Sardar Sarovar,255.8,64.626
2021-01-07,Sardar Sarovar,109.07,44.673
2021-01-08,Sardar Sarovar,113.726,24.72
2021-01-09,Sardar Sarovar,130.071,26.133
2021-01-10,Sardar Sarovar,125.0,21.493
2021-01-11,Sardar Sarovar,415.25,16.854
2021-01-12,Sardar Sarovar,17.013,12.214
2021-01-13,Sardar Sarovar,22.128,7.575
2021-01-14,Sardar Sarovar,130.0,15.15
2021-01-15,Sardar Sarovar,80.776,22.725
2021-01-16,Sardar Sarovar,79.0,30.3
2021-01-17,Sardar Sarovar,132.0,37.875
2021-01-18,Sardar Sarovar,129.31,45.45
2021-01-19,Sardar Sarovar,135.166,53.025
2021-01-20,Sardar Sarovar,125.706,60.6
2021-01-21,Sardar Sarovar,104.345,68.175
2021-01-22,Sardar Sarovar,165.291,75.75
2021-01-23,Sardar Sarovar,158.214,83.325
2021-01-24,Sardar Sarovar,112.0,90.9
2021-01-25,Sardar Sarovar,111.102,98.475
2021-01-26,Sardar Sarovar,155.0,106.05
2021-01-27,Sardar Sarovar,130.314,113.625
2021-01-28,Sardar Sarovar,124.977,121.2
2021-01-29,Sardar Sarovar,96.574,128.775
2021-01-30,Sardar Sarovar,131.547,136.35
2021-01-31,Sardar Sarovar,129.068,143.925
2021-02-01,Sardar Sarovar,129.979,151.5
2021-02-02,Sardar Sarovar,130.528,146.909
2021-02-03,Sardar Sarovar,92.246,120.776
2021-02-04,Sardar Sarovar,130.278,101.235
2021-02-05,Sardar Sarovar,252.438,81.695
2021-02-06,Sardar Sarovar,131.079,62.154
2021-02-07,Sardar Sarovar,132.0,43.437
2021-02-08,Sardar Sarovar,135.91,24.72
2021-02-09,Sardar Sarovar,275.009,26.839
2021-02-10,Sardar Sarovar,164.46,52.972
2021-02-11,Sardar Sarovar,168.252,79.105
2021-02-12,Sardar Sarovar,166.908,105.238
2021-02-13,Sardar Sarovar,131.721,107.959
2021-02-14,Sardar Sarovar,131.0,110.68
2021-02-15,Sardar Sarovar,248.595,113.402
2021-02-16,Sardar Sarovar,72.285,116.123
2021-02-17,Sardar Sarovar,98.558,118.844
2021-02-18,Sardar Sarovar,98.693,121.566
2021-02-19,Sardar Sarovar,168.34,124.287
2021-02-20,Sardar Sarovar,167.726,127.008
2021-02-21,Sardar Sarovar,120.0,129.729
2021-02-22,Sardar Sarovar,125.246,132.451
2021-02-23,Sardar Sarovar,168.456,135.172
2021-02-24,Sardar Sarovar,168.0,137.893
2021-02-25,Sardar Sarovar,165.132,140.615
2021-02-26,Sardar Sarovar,102.368,143.336
2021-02-27,Sardar Sarovar,102.0,146.057
2021-02-28,Sardar Sarovar,105.0,148.779
2021-03-01,Sardar Sarovar,110.1,151.5
2021-03-02,Sardar Sarovar,109.848,146.556
2021-03-03,Sardar Sarovar,312.531,119.364
2021-03-04,Sardar Sarovar,383.67,99.705
2021-03-05,Sardar Sarovar,580.17,80.047
2021-03-06,Sardar Sarovar,756.22,60.388
2021-03-07,Sardar Sarovar,400.0,42.554
2021-03-08,Sardar Sarovar,420.912,24.72
2021-03-09,Sardar Sarovar,791.038,27.545
2021-03-10,Sardar Sarovar,649.741,22.548
2021-03-11,Sardar Sarovar,620.955,17.551
2021-03-12,Sardar Sarovar,170.473,12.554
2021-03-13,Sardar Sarovar,170.0,7.557
2021-03-14,Sardar Sarovar,450.0,15.115
2021-03-15,Sardar Sarovar,85.0,22.672
2021-03-16,Sardar Sarovar,107.54,30.229
2021-03-17,Sardar Sarovar,161.947,37.787
2021-03-18,Sardar Sarovar,354.308,45.344
2021-03-19,Sardar Sarovar,301.131,52.901
2021-03-20,Sardar Sarovar,19.697,60.459
2021-03-21,Sardar Sarovar,250.0,68.016
2021-03-22,Sardar Sarovar,276.759,75.573
2021-03-23,Sardar Sarovar,222.357,83.131
2021-03-24,Sardar Sarovar,203.567,90.688
2021-03-25,Sardar Sarovar,234.408,98.245
2021-03-26,Sardar Sarovar,219.559,105.803
2021-03-27,Sardar Sarovar,199.181,113.36
2021-03-28,Sardar Sarovar,199.0,120.917
2021-03-29,Sardar Sarovar,199.0,128.475
2021-03-30,Sardar Sarovar,352.94,136.032
2021-03-31,Sardar Sarovar,339.812,143.589
2021-04-01,Sardar Sarovar,202.568,151.147
2021-04-02,Sardar Sarovar,202.0,146.203
2021-04-03,Sardar Sarovar,180.0,119.364
2021-04-04,Sardar Sarovar,150.0,91.995
2021-04-05,Sardar Sarovar,30.714,64.626
2021-04-06,Sardar Sarovar,79.413,37.257
2021-04-07,Sardar Sarovar,228.366,9.888
2021-04-08,Sardar Sarovar,242.33,25.427
2021-04-09,Sardar Sarovar,293.679,29.311
2021-04-10,Sardar Sarovar,264.0,23.963
2021-04-11,Sardar Sarovar,301.8,18.614
2021-04-12,Sardar Sarovar,242.911,13.266
2021-04-13,Sardar Sarovar,201.0,7.918
2021-04-14,Sardar Sarovar,240.0,15.836
2021-04-15,Sardar Sarovar,228.536,23.754
2021-04-16,Sardar Sarovar,212.637,31.672
2021-04-17,Sardar Sarovar,206.418,39.59
2021-04-18,Sardar Sarovar,245.0,47.508
2021-04-19,Sardar Sarovar,215.759,55.425
2021-04-20,Sardar Sarovar,260.15,63.343
2021-04-21,Sardar Sarovar,215.184,71.261
2021-04-22,Sardar Sarovar,233.689,79.179
2021-04-23,Sardar Sarovar,241.034,87.097
2021-04-24,Sardar Sarovar,241.0,95.015
2021-04-25,Sardar Sarovar,206.3,102.933
2021-04-26,Sardar Sarovar,192.2,110.851
2021-04-27,Sardar Sarovar,255.0,118.769
2021-04-28,Sardar Sarovar,266.0,126.687
2021-04-29,Sardar Sarovar,276.7,134.605
2021-04-30,Sardar Sarovar,268.0,142.523
2021-05-01,Sardar Sarovar,272.0,150.44
2021-05-02,Sardar Sarovar,252.0,145.496
2021-05-03,Sardar Sarovar,280.0,117.245
2021-05-04,Sardar Sarovar,280.0,90.759
2021-05-05,Sardar Sarovar,298.0,64.273
2021-05-06,Sardar Sarovar,298.18,36.904
2021-05-07,Sardar Sarovar,275.004,9.535
2021-05-08,Sardar Sarovar,291.0,25.073
2021-05-09,Sardar Sarovar,280.0,30.371
2021-05-10,Sardar Sarovar,212.376,27.299
2021-05-11,Sardar Sarovar,232.011,24.226
2021-05-12,Sardar Sarovar,251.6,21.154
2021-05-13,Sardar Sarovar,232.0,18.081
2021-05-14,Sardar Sarovar,220.0,15.009
2021-05-15,Sardar Sarovar,219.0,22.513
2021-05-16,Sardar Sarovar,300.0,30.017
2021-05-17,Sardar Sarovar,265.073,37.522
2021-05-18,Sardar Sarovar,254.94,45.026
2021-05-19,Sardar Sarovar,271.626,52.531
2021-05-20,Sardar Sarovar,255.343,60.035
2021-05-21,Sardar Sarovar,300.0,67.539
2021-05-22,Sardar Sarovar,255.0,75.044
2021-05-23,Sardar Sarovar,280.0,82.548
2021-05-24,Sardar Sarovar,300.0,90.052
2021-05-25,Sardar Sarovar,350.0,97.557
2021-05-26,Sardar Sarovar,380.0,105.061
2021-05-27,Sardar Sarovar,626.354,112.566
2021-05-28,Sardar Sarovar,642.315,120.07
2021-05-29,Sardar Sarovar,686.4,127.574
2021-05-30,Sardar Sarovar,750.0,135.079
2021-05-31,Sardar Sarovar,824.0,142.583
2021-06-01,Sardar Sarovar,852.83,150.087
2021-06-02,Sardar Sarovar,832.81,132.783
2021-06-03,Sardar Sarovar,812.103,115.479
2021-06-04,Sardar Sarovar,811.185,89.876
2021-06-05,Sardar Sarovar,638.358,64.273
2021-06-06,Sardar Sarovar,648.0,36.728
2021-06-07,Sardar Sarovar,827.373,9.182
2021-06-08,Sardar Sarovar,943.617,24.72
2021-06-09,Sardar Sarovar,1144.43,30.724
2021-06-10,Sardar Sarovar,1178.86,27.746
2021-06-11,Sardar Sarovar,1122.51,24.769
2021-06-12,Sardar Sarovar,1172.08,21.791
2021-06-13,Sardar Sarovar,1072.0,18.814
2021-06-14,Sardar Sarovar,1050.0,15.836
2021-06-15,Sardar Sarovar,979.75,23.754
2021-06-16,Sardar Sarovar,1123.94,31.672
2021-06-17,Sardar Sarovar,933.87,39.59
2021-06-18,Sardar Sarovar,855.92,47.508
2021-06-19,Sardar Sarovar,853.251,55.425
2021-06-20,Sardar Sarovar,850.0,63.343
2021-06-21,Sardar Sarovar,853.15,71.261
2021-06-22,Sardar Sarovar,886.39,79.179
2021-06-23,Sardar Sarovar,770.03,87.097
2021-06-24,Sardar Sarovar,256.48,95.015
2021-06-25,Sardar Sarovar,762.98,102.933
2021-06-26,Sardar Sarovar,772.18,110.851
2021-06-27,Sardar Sarovar,855.0,118.769
2021-06-28,Sardar Sarovar,912.581,126.687
2021-06-29,Sardar Sarovar,910.61,134.605
2021-06-30,Sardar Sarovar,846.219,142.523
2021-07-01,Sardar Sarovar,804.78,150.44
2021-07-02,Sardar Sarovar,316.45,132.076
2021-07-03,Sardar Sarovar,213.94,113.713
2021-07-04,Sardar Sarovar,48.0,88.64
2021-07-05,Sardar Sarovar,642.83,63.566
2021-07-06,Sardar Sarovar,79.88,36.55
2021-07-07,Sardar Sarovar,24.703,9.535
2021-07-08,Sardar Sarovar,19.538,24.014
2021-07-09,Sardar Sarovar,17.44,31.077
2021-07-10,Sardar Sarovar,17.657,27.87
2021-07-11,Sardar Sarovar,18.0,24.664
2021-07-12,Sardar Sarovar,17.271,21.457
2021-07-13,Sardar Sarovar,8.201,18.251
2021-07-14,Sardar Sarovar,37.887,15.044
2021-07-15,Sardar Sarovar,31.396,22.566
2021-07-16,Sardar Sarovar,40.424,30.088
2021-07-17,Sardar Sarovar,32.307,37.61
2021-07-18,Sardar Sarovar,12.0,45.132
2021-07-19,Sardar Sarovar,32.875,52.654
2021-07-20,Sardar Sarovar,46.548,60.176
2021-07-21,Sardar Sarovar,17.0,67.698
2021-07-22,Sardar Sarovar,16.879,75.22
2021-07-23,Sardar Sarovar,17.185,82.742
2021-07-24,Sardar Sarovar,17.172,90.264
2021-07-25,Sardar Sarovar,16.308,97.786
2021-07-26,Sardar Sarovar,51.73,105.308
2021-07-27,Sardar Sarovar,17.673,112.83
2021-07-28,Sardar Sarovar,18.373,120.352
2021-07-29,Sardar Sarovar,17.827,127.874
2021-07-30,Sardar Sarovar,16.697,135.396
2021-07-31,Sardar Sarovar,16.036,142.918
2021-08-01,Sardar Sarovar,16.0,150.44
2021-08-02,Sardar Sarovar,16.636,131.37
2021-08-03,Sardar Sarovar,13.513,112.301
2021-08-04,Sardar Sarovar,16.068,87.934
2021-08-05,Sardar Sarovar,15.411,63.566
2021-08-06,Sardar Sarovar,15.704,36.727
2021-08-07,Sardar Sarovar,15.362,9.888
2021-08-08,Sardar Sarovar,16.068,24.367
2021-08-09,Sardar Sarovar,15.546,27.899
2021-08-10,Sardar Sarovar,14.983,25.321
2021-08-11,Sardar Sarovar,15.532,22.743
2021-08-12,Sardar Sarovar,47.659,20.165
2021-08-13,Sardar Sarovar,45.178,17.587
2021-08-14,Sardar Sarovar,45.179,15.009
2021-08-15,Sardar Sarovar,45.0,22.513
2021-08-16,Sardar Sarovar,45.782,30.017
2021-08-17,Sardar Sarovar,16.382,37.522
2021-08-18,Sardar Sarovar,43.5,45.026
2021-08-19,Sardar Sarovar,15.905,52.531
2021-08-20,Sardar Sarovar,15.0,60.035
2021-08-21,Sardar Sarovar,15.615,67.539
2021-08-22,Sardar Sarovar,16.0,75.044
2021-08-23,Sardar Sarovar,17.24,82.548
2021-08-24,Sardar Sarovar,17.452,90.052
2021-08-25,Sardar Sarovar,17.266,97.557
2021-08-26,Sardar Sarovar,16.781,105.061
2021-08-27,Sardar Sarovar,24.051,112.566
2021-08-28,Sardar Sarovar,25.013,120.07
2021-08-29,Sardar Sarovar,24.0,127.574
2021-08-30,Sardar Sarovar,25.0,135.079
2021-08-31,Sardar Sarovar,25.249,142.583
2021-09-01,Sardar Sarovar,25.062,150.087
2021-09-02,Sardar Sarovar,25.048,130.488
2021-09-03,Sardar Sarovar,24.245,110.888
2021-09-04,Sardar Sarovar,23.282,87.58
2021-09-05,Sardar Sarovar,23.0,64.273
2021-09-06,Sardar Sarovar,24.779,37.433
2021-09-07,Sardar Sarovar,24.376,10.594
2021-09-08,Sardar Sarovar,24.687,25.073
2021-09-09,Sardar Sarovar,23.682,38.14
2021-09-10,Sardar Sarovar,24.476,59.093
2021-09-11,Sardar Sarovar,23.768,80.047
2021-09-12,Sardar Sarovar,23.787,101.0
2021-09-13,Sardar Sarovar,23.13,103.583
2021-09-14,Sardar Sarovar,61.2,106.167
2021-09-15,Sardar Sarovar,62.66,108.751
2021-09-16,Sardar Sarovar,61.99,111.334
2021-09-17,Sardar Sarovar,44.24,113.918
2021-09-18,Sardar Sarovar,43.88,116.501
2021-09-19,Sardar Sarovar,43.0,119.085
2021-09-20,Sardar Sarovar,43.91,121.668
2021-09-21,Sardar Sarovar,44.58,124.252
2021-09-22,Sardar Sarovar,43.61,126.835
2021-09-23,Sardar Sarovar,60.62,129.419
2021-09-24,Sardar Sarovar,61.38,132.003
2021-09-25,Sardar Sarovar,58.66,134.586
2021-09-26,Sardar Sarovar,43.0,137.17
2021-09-27,Sardar Sarovar,43.527,139.753
2021-09-28,Sardar Sarovar,43.305,142.337
2021-09-29,Sardar Sarovar,164.554,144.92
2021-09-30,Sardar Sarovar,150.701,147.504
2021-10-01,Sardar Sarovar,65.59,150.087
2021-10-02,Sardar Sarovar,45.0,142.318
2021-10-03,Sardar Sarovar,43.0,110.182
2021-10-04,Sardar Sarovar,43.53,87.227
2021-10-05,Sardar Sarovar,63.86,64.273
2021-10-06,Sardar Sarovar,65.53,43.79
2021-10-07,Sardar Sarovar,64.15,10.948
2021-10-08,Sardar Sarovar,60.5,25.073
2021-10-09,Sardar Sarovar,42.241,39.906
2021-10-10,Sardar Sarovar,42.0,34.934
2021-10-11,Sardar Sarovar,42.111,29.961
2021-10-12,Sardar Sarovar,41.807,24.989
2021-10-13,Sardar Sarovar,44.247,20.016
2021-10-14,Sardar Sarovar,44.254,15.044
2021-10-15,Sardar Sarovar,50.0,22.566
2021-10-16,Sardar Sarovar,51.44,30.088
2021-10-17,Sardar Sarovar,53.0,37.61
2021-10-18,Sardar Sarovar,53.685,45.132
2021-10-19,Sardar Sarovar,53.6,52.654
2021-10-20,Sardar Sarovar,55.025,60.176
2021-10-21,Sardar Sarovar,53.385,67.698
2021-10-22,Sardar Sarovar,33.782,75.22
2021-10-23,Sardar Sarovar,33.675,82.742
2021-10-24,Sardar Sarovar,34.0,90.264
2021-10-25,Sardar Sarovar,35.187,97.786
2021-10-26,Sardar Sarovar,441.56,105.308
2021-10-27,Sardar Sarovar,400.675,112.83
2021-10-28,Sardar Sarovar,408.588,120.352
2021-10-29,Sardar Sarovar,414.7,127.874
2021-10-30,Sardar Sarovar,422.864,135.396
2021-10-31,Sardar Sarovar,437.14,142.918
2021-11-01,Sardar Sarovar,413.35,150.44
2021-11-02,Sardar Sarovar,13.059,142.318
2021-11-03,Sardar Sarovar,10.133,109.122
2021-11-04,Sardar Sarovar,26.0,87.404
2021-11-05,Sardar Sarovar,27.834,65.685
2021-11-06,Sardar Sarovar,26.867,41.318
2021-11-07,Sardar Sarovar,25.61,11.301
2021-11-08,Sardar Sarovar,26.532,25.073
2021-11-09,Sardar Sarovar,26.804,4.238
2021-11-10,Sardar Sarovar,26.526,5.158
2021-11-11,Sardar Sarovar,27.181,6.078
2021-11-12,Sardar Sarovar,24.696,6.998
2021-11-13,Sardar Sarovar,25.205,7.918
2021-11-14,Sardar Sarovar,24.42,15.836
2021-11-15,Sardar Sarovar,25.437,23.754
2021-11-16,Sardar Sarovar,25.284,31.672
2021-11-17,Sardar Sarovar,25.22,39.59
2021-11-18,Sardar Sarovar,26.036,47.508
2021-11-19,Sardar Sarovar,400.0,55.425
2021-11-20,Sardar Sarovar,211.865,63.343
2021-11-21,Sardar Sarovar,211.0,71.261
2021-11-22,Sardar Sarovar,210.055,79.179
2021-11-23,Sardar Sarovar,213.522,87.097
2021-11-24,Sardar Sarovar,208.596,95.015
2021-11-25,Sardar Sarovar,210.849,102.933
2021-11-26,Sardar Sarovar,202.297,110.851
2021-11-27,Sardar Sarovar,209.389,118.769
2021-11-28,Sardar Sarovar,209.6,126.687
2021-11-29,Sardar Sarovar,207.064,134.605
2021-11-30,Sardar Sarovar,200.419,142.523
2021-12-01,Sardar Sarovar,201.144,150.44
2021-12-02,Sardar Sarovar,200.108,141.965
2021-12-03,Sardar Sarovar,102.909,116.421
2021-12-04,Sardar Sarovar,109.607,90.876
2021-12-05,Sardar Sarovar,105.51,65.332
2021-12-06,Sardar Sarovar,107.481,38.493
2021-12-07,Sardar Sarovar,108.193,11.654
2021-12-08,Sardar Sarovar,105.496,24.014
2021-12-09,Sardar Sarovar,103.698,4.238
2021-12-10,Sardar Sarovar,109.928,31.703
2021-12-11,Sardar Sarovar,105.947,59.168
2021-12-12,Sardar Sarovar,25.58,86.634
2021-12-13,Sardar Sarovar,25.01,114.099
2021-12-14,Sardar Sarovar,25.31,111.466
2021-12-15,Sardar Sarovar,25.06,108.834
2021-12-16,Sardar Sarovar,25.065,106.201
2021-12-17,Sardar Sarovar,25.475,103.569
2021-12-18,Sardar Sarovar,45.42,100.936
2021-12-19,Sardar Sarovar,104.0,98.304
2021-12-20,Sardar Sarovar,105.744,95.671
2021-12-21,Sardar Sarovar,25.415,93.039
2021-12-22,Sardar Sarovar,26.653,90.406
2021-12-23,Sardar Sarovar,55.571,87.773
2021-12-24,Sardar Sarovar,22.221,85.141
2021-12-25,Sardar Sarovar,21.8,82.508
2021-12-26,Sardar Sarovar,21.8,79.876
2021-12-27,Sardar Sarovar,22.516,77.243
2021-12-28,Sardar Sarovar,22.363,74.611
2021-12-29,Sardar Sarovar,22.479,71.978
2021-12-30,Sardar Sarovar,21.707,69.346
2021-12-31,Sardar Sarovar,25.24,66.713
2022-01-01,Sardar Sarovar,25.696,64.081
2022-01-02,Sardar Sarovar,25.25,61.448
2022-01-03,Sardar Sarovar,26.404,78.55
2022-01-04,Sardar Sarovar,26.671,95.653
2022-01-05,Sardar Sarovar,26.163,112.755
2022-01-06,Sardar Sarovar,25.949,129.857
2022-01-07,Sardar Sarovar,26.045,146.959
2022-01-08,Sardar Sarovar,26.44,164.062
2022-01-09,Sardar Sarovar,25.15,181.164
2022-01-10,Sardar Sarovar,26.521,174.925
2022-01-11,Sardar Sarovar,46.905,168.686
2022-01-12,Sardar Sarovar,46.359,162.447
2022-01-13,Sardar Sarovar,45.085,154.325
2022-01-14,Sardar Sarovar,43.17,146.203
2022-01-15,Sardar Sarovar,43.733,138.08
2022-01-16,Sardar Sarovar,43.05,129.958
2022-01-17,Sardar Sarovar,45.443,121.836
2022-01-18,Sardar Sarovar,42.302,113.713
2022-01-19,Sardar Sarovar,22.515,105.591
2022-01-20,Sardar Sarovar,22.72,97.468
2022-01-21,Sardar Sarovar,26.3,89.346
2022-01-22,Sardar Sarovar,26.191,81.224
2022-01-23,Sardar Sarovar,25.137,73.101
2022-01-24,Sardar Sarovar,25.806,64.979
2022-01-25,Sardar Sarovar,26.586,56.857
2022-01-26,Sardar Sarovar,25.3,48.734
2022-01-27,Sardar Sarovar,26.787,40.612
2022-01-28,Sardar Sarovar,25.723,32.489
2022-01-29,Sardar Sarovar,27.073,24.367
2022-01-30,Sardar Sarovar,25.165,16.245
2022-01-31,Sardar Sarovar,26.004,8.122
2022-02-01,Sardar Sarovar,24.919,12.713
2022-02-02,Sardar Sarovar,25.437,17.304
2022-02-03,Sardar Sarovar,25.872,21.895
2022-02-04,Sardar Sarovar,23.784,26.486
2022-02-05,Sardar Sarovar,24.965,31.077
2022-02-06,Sardar Sarovar,24.0,35.668
2022-02-07,Sardar Sarovar,150.95,66.109
2022-02-08,Sardar Sarovar,51.394,96.55
2022-02-09,Sardar Sarovar,24.956,126.992
2022-02-10,Sardar Sarovar,25.168,157.433
2022-02-11,Sardar Sarovar,21.563,187.874
2022-02-12,Sardar Sarovar,21.134,180.811
2022-02-13,Sardar Sarovar,21.15,173.748
2022-02-14,Sardar Sarovar,21.237,166.685
2022-02-15,Sardar Sarovar,19.548,159.622
2022-02-16,Sardar Sarovar,19.911,152.559
2022-02-17,Sardar Sarovar,19.938,145.496
2022-02-18,Sardar Sarovar,19.395,138.433
2022-02-19,Sardar Sarovar,19.739,131.37
2022-02-20,Sardar Sarovar,19.85,124.307
2022-02-21,Sardar Sarovar,20.557,117.244
2022-02-22,Sardar Sarovar,20.519,110.182
2022-02-23,Sardar Sarovar,19.89,103.119
2022-02-24,Sardar Sarovar,21.029,96.056
2022-02-25,Sardar Sarovar,20.044,88.993
2022-02-26,Sardar Sarovar,19.792,81.93
2022-02-27,Sardar Sarovar,19.622,74.867
2022-02-28,Sardar Sarovar,19.945,67.804
2022-03-01,Sardar Sarovar,19.66,60.741
2022-03-02,Sardar Sarovar,19.415,53.678
2022-03-03,Sardar Sarovar,18.918,46.615
2022-03-04,Sardar Sarovar,19.649,46.636
2022-03-05,Sardar Sarovar,20.038,46.658
2022-03-06,Sardar Sarovar,19.744,46.679
2022-03-07,Sardar Sarovar,20.171,46.701
2022-03-08,Sardar Sarovar,20.02,46.722
2022-03-09,Sardar Sarovar,40.894,46.744
2022-03-10,Sardar Sarovar,38.384,46.765
2022-03-11,Sardar Sarovar,38.152,46.786
2022-03-12,Sardar Sarovar,38.127,46.808
2022-03-13,Sardar Sarovar,38.018,46.829
2022-03-14,Sardar Sarovar,38.073,46.851
2022-03-15,Sardar Sarovar,38.424,46.872
2022-03-16,Sardar Sarovar,37.252,46.894
2022-03-17,Sardar Sarovar,38.275,46.915
2022-03-18,Sardar Sarovar,20.603,46.936
2022-03-19,Sardar Sarovar,21.94,46.958
2022-03-20,Sardar Sarovar,20.59,46.979
2022-03-21,Sardar Sarovar,20.795,47.001
2022-03-22,Sardar Sarovar,20.801,47.022
2022-03-23,Sardar Sarovar,20.527,47.043
2022-03-24,Sardar Sarovar,20.229,47.065
2022-03-25,Sardar Sarovar,20.771,47.086
2022-03-26,Sardar Sarovar,20.0,47.108
2022-03-27,Sardar Sarovar,19.72,47.129
2022-03-28,Sardar Sarovar,19.984,47.151
2022-03-29,Sardar Sarovar,19.768,47.172
2022-03-30,Sardar Sarovar,19.909,47.193
2022-03-31,Sardar Sarovar,19.999,47.215
2022-04-01,Sardar Sarovar,22.506,47.236
2022-04-02,Sardar Sarovar,57.29,47.258
2022-04-03,Sardar Sarovar,163.48,47.279
2022-04-04,Sardar Sarovar,163.08,47.301
2022-04-05,Sardar Sarovar,159.612,47.322
2022-04-06,Sardar Sarovar,105.834,76.633
2022-04-07,Sardar Sarovar,106.827,105.944
2022-04-08,Sardar Sarovar,59.922,135.255
2022-04-09,Sardar Sarovar,142.05,131.512
2022-04-10,Sardar Sarovar,131.37,127.768
2022-04-11,Sardar Sarovar,135.907,124.025
2022-04-12,Sardar Sarovar,201.216,120.282
2022-04-13,Sardar Sarovar,195.717,116.538
2022-04-14,Sardar Sarovar,128.0,112.795
2022-04-15,Sardar Sarovar,105.556,109.052
2022-04-16,Sardar Sarovar,128.862,105.308
2022-04-17,Sardar Sarovar,131.4,101.565
2022-04-18,Sardar Sarovar,132.202,97.822
2022-04-19,Sardar Sarovar,128.629,94.078
2022-04-20,Sardar Sarovar,130.556,90.335
2022-04-21,Sardar Sarovar,156.705,86.592
2022-04-22,Sardar Sarovar,137.328,82.848
2022-04-23,Sardar Sarovar,132.178,79.105
2022-04-24,Sardar Sarovar,133.826,75.362
2022-04-25,Sardar Sarovar,134.542,71.618
2022-04-26,Sardar Sarovar,135.615,67.875
2022-04-27,Sardar Sarovar,225.606,64.131
2022-04-28,Sardar Sarovar,157.585,60.388
2022-04-29,Sardar Sarovar,160.965,56.645
2022-04-30,Sardar Sarovar,162.108,52.901
2022-05-01,Sardar Sarovar,161.0,49.158
2022-05-02,Sardar Sarovar,161.893,45.415
2022-05-03,Sardar Sarovar,161.0,41.671
2022-05-04,Sardar Sarovar,163.261,37.928
2022-05-05,Sardar Sarovar,493.279,34.185
2022-05-06,Sardar Sarovar,132.176,30.441
2022-05-07,Sardar Sarovar,131.924,26.698
2022-05-08,Sardar Sarovar,137.0,22.955
2022-05-09,Sardar Sarovar,135.287,19.211
2022-05-10,Sardar Sarovar,210.096,15.468
2022-05-11,Sardar Sarovar,212.272,11.725
2022-05-12,Sardar Sarovar,210.227,7.981
2022-05-13,Sardar Sarovar,158.053,4.238
2022-05-14,Sardar Sarovar,159.858,8.476
2022-05-15,Sardar Sarovar,160.0,12.713
2022-05-16,Sardar Sarovar,165.0,16.951
2022-05-17,Sardar Sarovar,158.775,21.189
2022-05-18,Sardar Sarovar,155.17,25.427
2022-05-19,Sardar Sarovar,158.967,29.664
2022-05-20,Sardar Sarovar,163.773,33.902
2022-05-21,Sardar Sarovar,161.647,38.14
2022-05-22,Sardar Sarovar,162.3,42.378
2022-05-23,Sardar Sarovar,162.578,46.615
2022-05-24,Sardar Sarovar,164.333,50.853
2022-05-25,Sardar Sarovar,160.647,55.091
2022-05-26,Sardar Sarovar,163.213,59.329
2022-05-27,Sardar Sarovar,163.639,63.566
2022-05-28,Sardar Sarovar,160.675,67.804
2022-05-29,Sardar Sarovar,161.0,72.042
2022-05-30,Sardar Sarovar,165.869,76.28
2022-05-31,Sardar Sarovar,161.005,80.517
2022-06-01,Sardar Sarovar,161.288,84.755
2022-06-02,Sardar Sarovar,235.566,72.866
2022-06-03,Sardar Sarovar,202.554,60.977
2022-06-04,Sardar Sarovar,201.258,49.088
2022-06-05,Sardar Sarovar,240.395,37.198
2022-06-06,Sardar Sarovar,279.532,25.309
2022-06-07,Sardar Sarovar,281.731,13.42
2022-06-08,Sardar Sarovar,280.964,41.576
2022-06-09,Sardar Sarovar,300.46,69.732
2022-06-10,Sardar Sarovar,214.149,97.888
2022-06-11,Sardar Sarovar,220.493,126.044
2022-06-12,Sardar Sarovar,243.09,154.2
2022-06-13,Sardar Sarovar,265.687,182.356
2022-06-14,Sardar Sarovar,269.561,175.455
2022-06-15,Sardar Sarovar,268.959,168.554
2022-06-16,Sardar Sarovar,256.554,161.653
2022-06-17,Sardar Sarovar,255.851,154.752
2022-06-18,Sardar Sarovar,259.979,147.851
2022-06-19,Sardar Sarovar,265.638,140.95
2022-06-20,Sardar Sarovar,271.296,134.049
2022-06-21,Sardar Sarovar,268.955,127.148
2022-06-22,Sardar Sarovar,271.961,120.246
2022-06-23,Sardar Sarovar,269.834,113.345
2022-06-24,Sardar Sarovar,256.063,106.444
2022-06-25,Sardar Sarovar,227.324,99.543
2022-06-26,Sardar Sarovar,211.182,92.642
2022-06-27,Sardar Sarovar,195.04,85.741
2022-06-28,Sardar Sarovar,261.589,78.84
2022-06-29,Sardar Sarovar,351.112,71.939
2022-06-30,Sardar Sarovar,275.982,65.038
2022-07-01,Sardar Sarovar,167.999,58.137
2022-07-02,Sardar Sarovar,19.165,51.236
2022-07-03,Sardar Sarovar,18.329,44.335
2022-07-04,Sardar Sarovar,17.493,37.434
2022-07-05,Sardar Sarovar,20.085,41.603
2022-07-06,Sardar Sarovar,19.935,45.772
2022-07-07,Sardar Sarovar,18.332,49.941
2022-07-08,Sardar Sarovar,20.302,54.11
2022-07-09,Sardar Sarovar,19.255,58.279
2022-07-10,Sardar Sarovar,1187.989,62.448
2022-07-11,Sardar Sarovar,2356.722,66.618
2022-07-12,Sardar Sarovar,836.95,70.787
2022-07-13,Sardar Sarovar,340.75,74.956
2022-07-14,Sardar Sarovar,332.576,79.125
2022-07-15,Sardar Sarovar,549.162,83.294
2022-07-16,Sardar Sarovar,441.054,87.463
2022-07-17,Sardar Sarovar,436.032,91.632
2022-07-18,Sardar Sarovar,431.011,95.801
2022-07-19,Sardar Sarovar,428.9,99.97
2022-07-20,Sardar Sarovar,454.654,104.139
2022-07-21,Sardar Sarovar,733.066,108.308
2022-07-22,Sardar Sarovar,1660.695,112.477
2022-07-23,Sardar Sarovar,1677.662,116.647
2022-07-24,Sardar Sarovar,1675.135,120.816
2022-07-25,Sardar Sarovar,1672.608,124.985
2022-07-26,Sardar Sarovar,1697.992,129.154
2022-07-27,Sardar Sarovar,1658.522,133.323
2022-07-28,Sardar Sarovar,1672.608,137.492
2022-07-29,Sardar Sarovar,1704.965,141.661
2022-07-30,Sardar Sarovar,1698.372,145.83
2022-07-31,Sardar Sarovar,1681.674,149.999
2022-08-01,Sardar Sarovar,1664.976,154.168
2022-08-02,Sardar Sarovar,1685.921,158.337
2022-08-03,Sardar Sarovar,1679.178,162.506
2022-08-04,Sardar Sarovar,1675.583,166.676
2022-08-05,Sardar Sarovar,1678.346,170.845
2022-08-06,Sardar Sarovar,1679.629,175.014
2022-08-07,Sardar Sarovar,1662.18,179.183
2022-08-08,Sardar Sarovar,1644.732,183.352
2022-08-09,Sardar Sarovar,1667.519,187.521
2022-08-10,Sardar Sarovar,1690.305,175.514
2022-08-11,Sardar Sarovar,1703.078,163.507
2022-08-12,Sardar Sarovar,1688.953,151.5
2022-08-13,Sardar Sarovar,1748.889,143.925
2022-08-14,Sardar Sarovar,4506.572,136.35
2022-08-15,Sardar Sarovar,7264.256,128.775
2022-08-16,Sardar Sarovar,10021.939,121.2
2022-08-17,Sardar Sarovar,16210.759,113.625
2022-08-18,Sardar Sarovar,4762.54,106.05
2022-08-19,Sardar Sarovar,15538.493,98.475
2022-08-20,Sardar Sarovar,4345.83,90.9
2022-08-21,Sardar Sarovar,4566.852,83.325
2022-08-22,Sardar Sarovar,4787.874,75.75
2022-08-23,Sardar Sarovar,11997.605,68.175
2022-08-24,Sardar Sarovar,16811.467,60.6
2022-08-25,Sardar Sarovar,16835.38,53.025
2022-08-26,Sardar Sarovar,12572.696,45.45
2022-08-27,Sardar Sarovar,3290.83,37.875
2022-08-28,Sardar Sarovar,2830.298,30.3
2022-08-29,Sardar Sarovar,2369.767,22.725
2022-08-30,Sardar Sarovar,2348.544,15.15
2022-08-31,Sardar Sarovar,2296.689,7.575
2022-09-01,Sardar Sarovar,2109.152,11.021
2022-09-02,Sardar Sarovar,2140.217,14.467
2022-09-03,Sardar Sarovar,2132.161,17.914
2022-09-04,Sardar Sarovar,1893.113,21.36
2022-09-05,Sardar Sarovar,1654.064,24.806
2022-09-06,Sardar Sarovar,1502.957,28.252
2022-09-07,Sardar Sarovar,1496.174,29.42
2022-09-08,Sardar Sarovar,1463.494,30.588
2022-09-09,Sardar Sarovar,1458.326,31.756
2022-09-10,Sardar Sarovar,1450.061,32.924
2022-09-11,Sardar Sarovar,1435.982,34.092
2022-09-12,Sardar Sarovar,1421.903,35.26
2022-09-13,Sardar Sarovar,1418.787,36.429
2022-09-14,Sardar Sarovar,1432.676,37.597
2022-09-15,Sardar Sarovar,5663.368,38.765
2022-09-16,Sardar Sarovar,10153.448,39.933
2022-09-17,Sardar Sarovar,7602.305,41.101
2022-09-18,Sardar Sarovar,6651.988,42.269
2022-09-19,Sardar Sarovar,5701.672,43.437
2022-09-20,Sardar Sarovar,3548.44,44.605
2022-09-21,Sardar Sarovar,3517.66,45.773
2022-09-22,Sardar Sarovar,1670.898,46.941
2022-09-23,Sardar Sarovar,4527.966,48.109
2022-09-24,Sardar Sarovar,4234.226,49.277
2022-09-25,Sardar Sarovar,3089.79,50.445
2022-09-26,Sardar Sarovar,1945.353,51.614
2022-09-27,Sardar Sarovar,2240.879,52.782
2022-09-28,Sardar Sarovar,1512.799,53.95
2022-09-29,Sardar Sarovar,1515.117,55.118
2022-09-30,Sardar Sarovar,1724.193,56.286
2022-10-01,Sardar Sarovar,1928.229,57.454
2022-10-02,Sardar Sarovar,1768.208,58.622
2022-10-03,Sardar Sarovar,1608.188,43.79
2022-10-04,Sardar Sarovar,1671.942,61.889
2022-10-05,Sardar Sarovar,1671.146,79.988
2022-10-06,Sardar Sarovar,1670.351,98.086
2022-10-07,Sardar Sarovar,2119.094,116.185
2022-10-08,Sardar Sarovar,2065.706,134.284
2022-10-09,Sardar Sarovar,2105.806,152.383
2022-10-10,Sardar Sarovar,2145.905,170.481
2022-10-11,Sardar Sarovar,1629.852,188.58
2022-10-12,Sardar Sarovar,2259.857,186.764
2022-10-13,Sardar Sarovar,1865.678,184.948
2022-10-14,Sardar Sarovar,1620.897,183.131
2022-10-15,Sardar Sarovar,1436.308,181.315
2022-10-16,Sardar Sarovar,1411.514,179.499
2022-10-17,Sardar Sarovar,1386.72,177.683
2022-10-18,Sardar Sarovar,1286.99,175.867
2022-10-19,Sardar Sarovar,1286.828,174.051
2022-10-20,Sardar Sarovar,1291.833,172.234
2022-10-21,Sardar Sarovar,1264.801,170.418
2022-10-22,Sardar Sarovar,1024.103,168.602
2022-10-23,Sardar Sarovar,866.069,166.786
2022-10-24,Sardar Sarovar,708.035,164.97
2022-10-25,Sardar Sarovar,550.001,163.154
2022-10-26,Sardar Sarovar,2065.934,161.337
2022-10-27,Sardar Sarovar,815.394,159.521
2022-10-28,Sardar Sarovar,804.381,157.705
2022-10-29,Sardar Sarovar,609.991,155.889
2022-10-30,Sardar Sarovar,501.376,154.073
2022-10-31,Sardar Sarovar,392.76,152.256
2022-11-01,Sardar Sarovar,450.802,150.44
2022-11-02,Sardar Sarovar,455.476,148.624
2022-11-03,Sardar Sarovar,239.075,146.808
2022-11-04,Sardar Sarovar,171.813,144.992
2022-11-05,Sardar Sarovar,142.789,143.176
2022-11-06,Sardar Sarovar,150.102,141.359
2022-11-07,Sardar Sarovar,157.414,139.543
2022-11-08,Sardar Sarovar,88.368,137.727
2022-11-09,Sardar Sarovar,19.322,111.011
2022-11-10,Sardar Sarovar,20.384,84.294
2022-11-11,Sardar Sarovar,21.984,57.578
2022-11-12,Sardar Sarovar,21.302,30.861
2022-11-13,Sardar Sarovar,22.551,4.145
2022-11-14,Sardar Sarovar,23.801,8.29
2022-11-15,Sardar Sarovar,35.953,12.434
2022-11-16,Sardar Sarovar,38.176,16.579
2022-11-17,Sardar Sarovar,37.136,20.724
2022-11-18,Sardar Sarovar,37.39,24.869
2022-11-19,Sardar Sarovar,38.606,29.014
2022-11-20,Sardar Sarovar,37.162,33.159
2022-11-21,Sardar Sarovar,35.718,37.303
2022-11-22,Sardar Sarovar,31.539,41.448
2022-11-23,Sardar Sarovar,31.818,45.593
2022-11-24,Sardar Sarovar,32.861,49.738
2022-11-25,Sardar Sarovar,33.043,53.883
2022-11-26,Sardar Sarovar,32.845,58.028
2022-11-27,Sardar Sarovar,32.942,62.172
2022-11-28,Sardar Sarovar,33.038,66.317
2022-11-29,Sardar Sarovar,33.13,70.462
2022-11-30,Sardar Sarovar,32.874,74.607
2022-12-01,Sardar Sarovar,32.811,78.752
2022-12-02,Sardar Sarovar,32.747,69.923
2022-12-03,Sardar Sarovar,32.742,61.094
2022-12-04,Sardar Sarovar,33.843,52.266
2022-12-05,Sardar Sarovar,34.943,43.437
2022-12-06,Sardar Sarovar,36.044,42.973
2022-12-07,Sardar Sarovar,36.384,42.51
2022-12-08,Sardar Sarovar,36.38,42.046
2022-12-09,Sardar Sarovar,36.26,41.583
2022-12-10,Sardar Sarovar,35.69,41.119
2022-12-11,Sardar Sarovar,35.621,40.656
2022-12-12,Sardar Sarovar,35.552,40.192
2022-12-13,Sardar Sarovar,36.416,39.729
2022-12-14,Sardar Sarovar,31.924,39.265
2022-12-15,Sardar Sarovar,31.999,38.802
2022-12-16,Sardar Sarovar,32.394,38.338
2022-12-17,Sardar Sarovar,34.541,37.875
2022-12-18,Sardar Sarovar,33.212,37.412
2022-12-19,Sardar Sarovar,31.882,36.948
2022-12-20,Sardar Sarovar,34.972,36.484
2022-12-21,Sardar Sarovar,34.833,36.021
2022-12-22,Sardar Sarovar,34.251,35.558
2022-12-23,Sardar Sarovar,35.054,35.094
2022-12-24,Sardar Sarovar,34.909,34.63
2022-12-25,Sardar Sarovar,34.837,34.167
2022-12-26,Sardar Sarovar,34.765,33.704
2022-12-27,Sardar Sarovar,35.384,33.24
2022-12-28,Sardar Sarovar,34.153,32.776
2022-12-29,Sardar Sarovar,35.434,32.313
2022-12-30,Sardar Sarovar,34.866,31.85
2022-12-31,Sardar Sarovar,34.755,31.386
2023-01-01,Sardar Sarovar,34.574,30.922
2023-01-02,Sardar Sarovar,34.393,30.459
2023-01-03,Sardar Sarovar,34.858,29.996
2023-01-04,Sardar Sarovar,34.601,29.532
2023-01-05,Sardar Sarovar,34.861,29.068
2023-01-06,Sardar Sarovar,34.929,28.605
2023-01-07,Sardar Sarovar,34.722,31.718
2023-01-08,Sardar Sarovar,34.826,34.831
2023-01-09,Sardar Sarovar,34.93,37.944
2023-01-10,Sardar Sarovar,34.855,41.057
2023-01-11,Sardar Sarovar,34.75,44.17
2023-01-12,Sardar Sarovar,34.182,47.283
2023-01-13,Sardar Sarovar,34.2,50.395
2023-01-14,Sardar Sarovar,34.648,53.508
2023-01-15,Sardar Sarovar,426.27,56.621
2023-01-16,Sardar Sarovar,817.892,59.734
2023-01-17,Sardar Sarovar,631.267,62.847
2023-01-18,Sardar Sarovar,731.136,65.96
2023-01-19,Sardar Sarovar,656.067,69.073
2023-01-20,Sardar Sarovar,642.568,72.186
2023-01-21,Sardar Sarovar,648.646,75.299
2023-01-22,Sardar Sarovar,504.87,78.412
2023-01-23,Sardar Sarovar,361.093,81.525
2023-01-24,Sardar Sarovar,360.963,84.638
2023-01-25,Sardar Sarovar,250.457,87.751
2023-01-26,Sardar Sarovar,142.642,90.864
2023-01-27,Sardar Sarovar,34.828,93.976
2023-01-28,Sardar Sarovar,253.349,97.089
2023-01-29,Sardar Sarovar,248.43,100.202
2023-01-30,Sardar Sarovar,243.511,103.315
2023-01-31,Sardar Sarovar,235.348,106.428
2023-02-01,Sardar Sarovar,35.711,109.541
2023-02-02,Sardar Sarovar,35.425,112.654
2023-02-03,Sardar Sarovar,29.419,110.182
2023-02-04,Sardar Sarovar,35.543,121.527
2023-02-05,Sardar Sarovar,34.571,132.872
2023-02-06,Sardar Sarovar,33.599,144.216
2023-02-07,Sardar Sarovar,33.382,155.561
2023-02-08,Sardar Sarovar,33.425,166.906
2023-02-09,Sardar Sarovar,610.203,178.25
2023-02-10,Sardar Sarovar,712.18,189.595
2023-02-11,Sardar Sarovar,631.882,200.94
2023-02-12,Sardar Sarovar,761.488,197.536
2023-02-13,Sardar Sarovar,891.095,194.131
2023-02-14,Sardar Sarovar,943.139,190.727
2023-02-15,Sardar Sarovar,1028.066,187.323
2023-02-16,Sardar Sarovar,972.801,183.918
2023-02-17,Sardar Sarovar,972.154,180.514
2023-02-18,Sardar Sarovar,888.533,177.11
2023-02-19,Sardar Sarovar,904.552,173.705
2023-02-20,Sardar Sarovar,920.571,170.301
2023-02-21,Sardar Sarovar,955.579,166.897
2023-02-22,Sardar Sarovar,942.971,163.492
2023-02-23,Sardar Sarovar,980.89,160.088
2023-02-24,Sardar Sarovar,957.993,156.684
2023-02-25,Sardar Sarovar,959.525,153.28
2023-02-26,Sardar Sarovar,962.38,149.875
2023-02-27,Sardar Sarovar,965.236,146.471
2023-02-28,Sardar Sarovar,235.046,143.067
2023-03-01,Sardar Sarovar,961.788,139.662
2023-03-02,Sardar Sarovar,934.04,136.258
2023-03-03,Sardar Sarovar,870.707,132.854
2023-03-04,Sardar Sarovar,767.696,129.449
2023-03-05,Sardar Sarovar,664.684,126.045
2023-03-06,Sardar Sarovar,561.673,122.641
2023-03-07,Sardar Sarovar,570.879,119.236
2023-03-08,Sardar Sarovar,513.646,115.832
2023-03-09,Sardar Sarovar,456.413,112.956
2023-03-10,Sardar Sarovar,478.353,110.081
2023-03-11,Sardar Sarovar,477.845,107.205
2023-03-12,Sardar Sarovar,380.01,104.33
2023-03-13,Sardar Sarovar,282.175,101.454
2023-03-14,Sardar Sarovar,273.739,98.578
2023-03-15,Sardar Sarovar,288.999,95.703
2023-03-16,Sardar Sarovar,268.327,92.827
2023-03-17,Sardar Sarovar,286.211,89.952
2023-03-18,Sardar Sarovar,287.037,87.076
2023-03-19,Sardar Sarovar,288.055,84.2
2023-03-20,Sardar Sarovar,289.073,81.325
2023-03-21,Sardar Sarovar,155.978,78.449
2023-03-22,Sardar Sarovar,22.884,75.574
2023-03-23,Sardar Sarovar,23.199,72.698
2023-03-24,Sardar Sarovar,19.381,69.822
2023-03-25,Sardar Sarovar,19.226,66.947
2023-03-26,Sardar Sarovar,19.07,64.071
2023-03-27,Sardar Sarovar,18.915,61.195
2023-03-28,Sardar Sarovar,19.766,58.32
2023-03-29,Sardar Sarovar,61.877,55.444
2023-03-30,Sardar Sarovar,63.036,52.569
2023-03-31,Sardar Sarovar,25.087,49.693
2023-04-01,Sardar Sarovar,22.299,46.817
2023-04-02,Sardar Sarovar,22.232,43.942
2023-04-03,Sardar Sarovar,22.166,41.066
2023-04-04,Sardar Sarovar,22.082,38.191
2023-04-05,Sardar Sarovar,21.998,35.315
2023-04-06,Sardar Sarovar,21.524,31.737
2023-04-07,Sardar Sarovar,18.874,28.159
2023-04-08,Sardar Sarovar,16.224,24.581
2023-04-09,Sardar Sarovar,17.213,21.003
2023-04-10,Sardar Sarovar,18.202,17.425
2023-04-11,Sardar Sarovar,18.368,13.847
2023-04-12,Sardar Sarovar,18.833,10.269
2023-04-13,Sardar Sarovar,16.086,6.691
2023-04-14,Sardar Sarovar,16.377,13.382
2023-04-15,Sardar Sarovar,16.669,20.074
2023-04-16,Sardar Sarovar,16.525,26.765
2023-04-17,Sardar Sarovar,16.381,33.456
2023-04-18,Sardar Sarovar,15.845,40.147
2023-04-19,Sardar Sarovar,16.04,46.838
2023-04-20,Sardar Sarovar,16.05,53.53
2023-04-21,Sardar Sarovar,15.877,60.221
2023-04-22,Sardar Sarovar,21.335,66.912
2023-04-23,Sardar Sarovar,26.794,73.603
2023-04-24,Sardar Sarovar,32.252,80.294
2023-04-25,Sardar Sarovar,61.664,86.986
2023-04-26,Sardar Sarovar,58.273,93.677
2023-04-27,Sardar Sarovar,61.322,100.368
2023-04-28,Sardar Sarovar,18.412,107.059
2023-04-29,Sardar Sarovar,17.555,113.75
2023-04-30,Sardar Sarovar,20.142,120.442
2023-05-01,Sardar Sarovar,22.729,127.133
2023-05-02,Sardar Sarovar,20.821,135.177
2023-05-03,Sardar Sarovar,20.8,143.221
2023-05-04,Sardar Sarovar,22.111,151.265
2023-05-05,Sardar Sarovar,208.882,159.309
2023-05-06,Sardar Sarovar,395.654,167.352
2023-05-07,Sardar Sarovar,229.274,175.396
2023-05-08,Sardar Sarovar,62.893,183.44
2023-05-09,Sardar Sarovar,54.24,191.484
2023-05-10,Sardar Sarovar,49.059,199.528
2023-05-11,Sardar Sarovar,50.904,194.09
2023-05-12,Sardar Sarovar,21.96,188.651
2023-05-13,Sardar Sarovar,21.432,183.213
2023-05-14,Sardar Sarovar,22.43,177.774
2023-05-15,Sardar Sarovar,23.429,172.336
2023-05-16,Sardar Sarovar,26.04,166.897
2023-05-17,Sardar Sarovar,29.469,161.459
2023-05-18,Sardar Sarovar,26.172,156.02
2023-05-19,Sardar Sarovar,28.225,150.582
2023-05-20,Sardar Sarovar,29.474,145.143
2023-05-21,Sardar Sarovar,23.85,139.705
2023-05-22,Sardar Sarovar,18.227,134.266
2023-05-23,Sardar Sarovar,20.39,128.828
2023-05-24,Sardar Sarovar,24.072,123.389
2023-05-25,Sardar Sarovar,24.931,117.951
2023-05-26,Sardar Sarovar,26.708,112.512
2023-05-27,Sardar Sarovar,27.979,107.074
2023-05-28,Sardar Sarovar,28.532,101.635
2023-05-29,Sardar Sarovar,29.084,96.197
2023-05-30,Sardar Sarovar,26.909,90.758
2023-05-31,Sardar Sarovar,29.241,85.32
2023-06-01,Sardar Sarovar,28.068,79.881
2023-06-02,Sardar Sarovar,29.499,74.443
2023-06-03,Sardar Sarovar,27.397,69.004
2023-06-04,Sardar Sarovar,27.01,63.566
2023-06-05,Sardar Sarovar,27.931,61.918
2023-06-06,Sardar Sarovar,28.644,60.27
2023-06-07,Sardar Sarovar,29.144,58.622
2023-06-08,Sardar Sarovar,29.188,89.874
2023-06-09,Sardar Sarovar,29.318,121.126
2023-06-10,Sardar Sarovar,29.619,152.378
2023-06-11,Sardar Sarovar,29.94,153.255
2023-06-12,Sardar Sarovar,31.573,154.133
2023-06-13,Sardar Sarovar,32.354,155.01
2023-06-14,Sardar Sarovar,35.834,155.888
2023-06-15,Sardar Sarovar,31.214,156.765
2023-06-16,Sardar Sarovar,35.738,157.643
2023-06-17,Sardar Sarovar,28.661,158.52
2023-06-18,Sardar Sarovar,27.524,159.398
2023-06-19,Sardar Sarovar,28.082,160.275
2023-06-20,Sardar Sarovar,28.745,161.153
2023-06-21,Sardar Sarovar,28.035,162.03
2023-06-22,Sardar Sarovar,123.879,162.908
2023-06-23,Sardar Sarovar,127.106,163.785
2023-06-24,Sardar Sarovar,119.591,164.663
2023-06-25,Sardar Sarovar,123.35,165.54
2023-06-26,Sardar Sarovar,130.091,166.418
2023-06-27,Sardar Sarovar,110.033,167.295
2023-06-28,Sardar Sarovar,104.383,168.173
2023-06-29,Sardar Sarovar,123.03,169.05
2023-06-30,Sardar Sarovar,116.792,169.928
2023-07-01,Sardar Sarovar,119.715,170.805
2023-07-02,Sardar Sarovar,131.407,171.683
2023-07-03,Sardar Sarovar,171.745,172.56
2023-07-04,Sardar Sarovar,120.363,173.438
2023-07-05,Sardar Sarovar,119.212,174.315
2023-07-06,Sardar Sarovar,117.068,175.193
2023-07-07,Sardar Sarovar,113.767,176.07
2023-07-08,Sardar Sarovar,112.04,176.948
2023-07-09,Sardar Sarovar,112.9,177.825
2023-07-10,Sardar Sarovar,115.73,178.703
2023-07-11,Sardar Sarovar,116.715,179.58
2023-07-12,Sardar Sarovar,513.172,180.458
2023-07-13,Sardar Sarovar,362.688,171.435
2023-07-14,Sardar Sarovar,454.118,162.412
2023-07-15,Sardar Sarovar,375.224,153.389
2023-07-16,Sardar Sarovar,170.0,144.366
2023-07-17,Sardar Sarovar,167.84,135.343
2023-07-18,Sardar Sarovar,155.374,126.321
2023-07-19,Sardar Sarovar,160.81,117.298
2023-07-20,Sardar Sarovar,381.035,108.275
2023-07-21,Sardar Sarovar,280.95,99.252
2023-07-22,Sardar Sarovar,660.584,90.229
2023-07-23,Sardar Sarovar,650.0,81.206
2023-07-24,Sardar Sarovar,568.058,72.183
2023-07-25,Sardar Sarovar,737.124,63.16
2023-07-26,Sardar Sarovar,700.249,54.137
2023-07-27,Sardar Sarovar,763.12,45.114
2023-07-28,Sardar Sarovar,754.465,36.092
2023-07-29,Sardar Sarovar,780.43,27.069
2023-07-30,Sardar Sarovar,650.0,18.046
2023-07-31,Sardar Sarovar,725.21,9.023
2023-08-01,Sardar Sarovar,700.745,35.974
2023-08-02,Sardar Sarovar,669.561,62.925
2023-08-03,Sardar Sarovar,1112.525,89.876
2023-08-04,Sardar Sarovar,1190.917,69.57
2023-08-05,Sardar Sarovar,1212.897,49.264
2023-08-06,Sardar Sarovar,1250.0,28.958
2023-08-07,Sardar Sarovar,1254.295,31.531
2023-08-08,Sardar Sarovar,1238.317,34.104
2023-08-09,Sardar Sarovar,1252.405,36.677
2023-08-10,Sardar Sarovar,1239.423,39.25
2023-08-11,Sardar Sarovar,1233.113,41.823
2023-08-12,Sardar Sarovar,1122.15,44.396
2023-08-13,Sardar Sarovar,1252.0,46.968
2023-08-14,Sardar Sarovar,1275.442,49.541
2023-08-15,Sardar Sarovar,1257.0,52.114
2023-08-16,Sardar Sarovar,1250.838,54.687
2023-08-17,Sardar Sarovar,1275.411,57.26
2023-08-18,Sardar Sarovar,1284.988,59.833
2023-08-19,Sardar Sarovar,1267.906,62.406
2023-08-20,Sardar Sarovar,1253.0,64.979
2023-08-21,Sardar Sarovar,1253.184,67.552
2023-08-22,Sardar Sarovar,1264.388,70.125
2023-08-23,Sardar Sarovar,1273.375,72.698
2023-08-24,Sardar Sarovar,1260.339,75.271
2023-08-25,Sardar Sarovar,1236.186,77.844
2023-08-26,Sardar Sarovar,1297.578,80.417
2023-08-27,Sardar Sarovar,1264.67,82.989
2023-08-28,Sardar Sarovar,1312.171,85.562
2023-08-29,Sardar Sarovar,1328.147,88.135
2023-08-30,Sardar Sarovar,561.971,90.708
2023-08-31,Sardar Sarovar,698.366,93.281
2023-09-01,Sardar Sarovar,48.401,95.854
2023-09-02,Sardar Sarovar,629.302,98.427
2023-09-03,Sardar Sarovar,650.0,101.0
2023-09-04,Sardar Sarovar,604.124,113.448
2023-09-05,Sardar Sarovar,419.124,125.897
2023-09-06,Sardar Sarovar,37.025,138.345
2023-09-07,Sardar Sarovar,30.0,150.794
2023-09-08,Sardar Sarovar,31.721,163.242
2023-09-09,Sardar Sarovar,19.188,175.69
2023-09-10,Sardar Sarovar,30.0,188.139
2023-09-11,Sardar Sarovar,19.052,200.587
2023-09-12,Sardar Sarovar,17.722,197.749
2023-09-13,Sardar Sarovar,16.887,194.91
2023-09-14,Sardar Sarovar,17.605,192.072
2023-09-15,Sardar Sarovar,17.432,189.234
2023-09-16,Sardar Sarovar,19.825,186.396
2023-09-17,Sardar Sarovar,52283.0,183.557
2023-09-18,Sardar Sarovar,19750.0,180.719
2023-09-19,Sardar Sarovar,8482.32,177.881
2023-09-20,Sardar Sarovar,3961.54,175.043
2023-09-21,Sardar Sarovar,711.09,172.204
2023-09-22,Sardar Sarovar,1367.0,169.366
2023-09-23,Sardar Sarovar,2550.704,166.528
2023-09-24,Sardar Sarovar,2743.4,163.69
2023-09-25,Sardar Sarovar,1618.245,160.851
2023-09-26,Sardar Sarovar,4768.574,158.013
2023-09-27,Sardar Sarovar,1452.084,155.175
2023-09-28,Sardar Sarovar,950.0,152.337
2023-09-29,Sardar Sarovar,978.853,149.498
2023-09-30,Sardar Sarovar,941.266,146.66
2023-10-01,Sardar Sarovar,960.0,143.822
2023-10-02,Sardar Sarovar,950.0,140.984
2023-10-03,Sardar Sarovar,481.271,138.145
2023-10-04,Sardar Sarovar,302.409,135.307
2023-10-05,Sardar Sarovar,696.434,132.469
2023-10-06,Sardar Sarovar,1192.278,129.631
2023-10-07,Sardar Sarovar,940.926,126.792
2023-10-08,Sardar Sarovar,700.0,123.954
2023-10-09,Sardar Sarovar,358.074,120.586
2023-10-10,Sardar Sarovar,365.885,117.219
2023-10-11,Sardar Sarovar,553.803,113.851
2023-10-12,Sardar Sarovar,399.479,110.484
2023-10-13,Sardar Sarovar,929.885,107.116
2023-10-14,Sardar Sarovar,810.745,103.749
2023-10-15,Sardar Sarovar,900.0,100.381
2023-10-16,Sardar Sarovar,951.347,97.014
2023-10-17,Sardar Sarovar,906.549,93.646
2023-10-18,Sardar Sarovar,18.988,90.279
2023-10-19,Sardar Sarovar,17.243,86.911
2023-10-20,Sardar Sarovar,205.945,83.544
2023-10-21,Sardar Sarovar,106.074,80.176
2023-10-22,Sardar Sarovar,18.0,76.809
2023-10-23,Sardar Sarovar,17.615,73.441
2023-10-24,Sardar Sarovar,17.5,70.074
2023-10-25,Sardar Sarovar,21.283,66.706
2023-10-26,Sardar Sarovar,22.119,63.339
2023-10-27,Sardar Sarovar,23.134,59.972
2023-10-28,Sardar Sarovar,17.092,56.604
2023-10-29,Sardar Sarovar,274.0,53.236
2023-10-30,Sardar Sarovar,17.288,49.869
2023-10-31,Sardar Sarovar,25.706,46.501
2023-11-01,Sardar Sarovar,19.249,43.134
2023-11-02,Sardar Sarovar,19.267,39.766
2023-11-03,Sardar Sarovar,25.784,36.399
2023-11-04,Sardar Sarovar,21.1,33.031
2023-11-05,Sardar Sarovar,21.0,29.664
2023-11-06,Sardar Sarovar,21.198,26.797
2023-11-07,Sardar Sarovar,21.011,23.93
2023-11-08,Sardar Sarovar,22.083,21.063
2023-11-09,Sardar Sarovar,22.136,18.196
2023-11-10,Sardar Sarovar,21.0,15.329
2023-11-11,Sardar Sarovar,21.0,12.462
2023-11-12,Sardar Sarovar,21.0,9.595
2023-11-13,Sardar Sarovar,21.0,6.728
2023-11-14,Sardar Sarovar,21.0,13.457
2023-11-15,Sardar Sarovar,21.0,20.185
2023-11-16,Sardar Sarovar,105.0,26.913
2023-11-17,Sardar Sarovar,32.81,33.642
2023-11-18,Sardar Sarovar,97.296,40.37
2023-11-19,Sardar Sarovar,200.0,47.099
2023-11-20,Sardar Sarovar,17.77,53.827
2023-11-21,Sardar Sarovar,18.172,60.555
2023-11-22,Sardar Sarovar,18.046,67.284
2023-11-23,Sardar Sarovar,18.152,74.012
2023-11-24,Sardar Sarovar,17.612,80.74
2023-11-25,Sardar Sarovar,25.487,87.469
2023-11-26,Sardar Sarovar,25.5,94.197
2023-11-27,Sardar Sarovar,20.777,100.926
2023-11-28,Sardar Sarovar,20.349,107.654
2023-11-29,Sardar Sarovar,21.084,114.382
2023-11-30,Sardar Sarovar,20.64,121.111
2023-12-01,Sardar Sarovar,26.915,127.839
2023-12-02,Sardar Sarovar,17.939,135.726
2023-12-03,Sardar Sarovar,17.5,143.613
2023-12-04,Sardar Sarovar,17.831,151.5
2023-12-05,Sardar Sarovar,17.429,159.387
2023-12-06,Sardar Sarovar,17.192,167.274
2023-12-07,Sardar Sarovar,17.209,175.161
2023-12-08,Sardar Sarovar,17.239,183.048
2023-12-09,Sardar Sarovar,17.451,190.935
2023-12-10,Sardar Sarovar,17.3,198.822
2023-12-11,Sardar Sarovar,17.279,195.766
2023-12-12,Sardar Sarovar,17.27,192.711
2023-12-13,Sardar Sarovar,17.226,189.655
2023-12-14,Sardar Sarovar,17.364,186.6
2023-12-15,Sardar Sarovar,17.171,183.544
2023-12-16,Sardar Sarovar,17.246,180.489
2023-12-17,Sardar Sarovar,17.2,177.433
2023-12-18,Sardar Sarovar,17.214,174.378
2023-12-19,Sardar Sarovar,19.875,171.322
2023-12-20,Sardar Sarovar,17.21,168.267
2023-12-21,Sardar Sarovar,17.281,165.211
2023-12-22,Sardar Sarovar,17.147,162.156
2023-12-23,Sardar Sarovar,17.206,159.1
2023-12-24,Sardar Sarovar,550.0,156.045
2023-12-25,Sardar Sarovar,600.0,152.989
2023-12-26,Sardar Sarovar,570.383,149.934
2023-12-27,Sardar Sarovar,576.562,146.878
2023-12-28,Sardar Sarovar,558.68,143.823
2023-12-29,Sardar Sarovar,546.455,140.767
2023-12-30,Sardar Sarovar,540.209,137.712
2023-12-31,Sardar Sarovar,543.332,134.656
2024-01-01,Sardar Sarovar,547.977,131.601
2024-01-02,Sardar Sarovar,557.183,128.545
2024-01-03,Sardar Sarovar,564.533,126.073
2024-01-04,Sardar Sarovar,562.823,123.601
2024-01-05,Sardar Sarovar,556.626,121.129
2024-01-06,Sardar Sarovar,572.264,118.657
2024-01-07,Sardar Sarovar,540.0,116.185
2024-01-08,Sardar Sarovar,20.926,113.713
2024-01-09,Sardar Sarovar,18.357,111.241
2024-01-10,Sardar Sarovar,18.048,108.769
2024-01-11,Sardar Sarovar,18.279,106.297
2024-01-12,Sardar Sarovar,18.175,103.825
2024-01-13,Sardar Sarovar,18.333,101.353
2024-01-14,Sardar Sarovar,18.0,98.881
2024-01-15,Sardar Sarovar,18.464,96.409
2024-01-16,Sardar Sarovar,18.233,93.937
2024-01-17,Sardar Sarovar,17.273,91.465
2024-01-18,Sardar Sarovar,456.054,88.993
2024-01-19,Sardar Sarovar,596.715,86.52
2024-01-20,Sardar Sarovar,587.287,84.048
2024-01-21,Sardar Sarovar,450.0,81.576
2024-01-22,Sardar Sarovar,550.0,79.104
2024-01-23,Sardar Sarovar,593.956,76.632
2024-01-24,Sardar Sarovar,597.1,74.16
2024-01-25,Sardar Sarovar,590.163,71.688
2024-01-26,Sardar Sarovar,580.0,69.216
2024-01-27,Sardar Sarovar,585.825,66.744
2024-01-28,Sardar Sarovar,580.0,64.272
2024-01-29,Sardar Sarovar,635.281,61.8
2024-01-30,Sardar Sarovar,662.13,59.328
2024-01-31,Sardar Sarovar,609.766,56.856
2024-02-01,Sardar Sarovar,597.136,54.384
2024-02-02,Sardar Sarovar,608.979,51.912
2024-02-03,Sardar Sarovar,603.558,49.44
2024-02-04,Sardar Sarovar,590.0,46.968
2024-02-05,Sardar Sarovar,769.141,44.496
2024-02-06,Sardar Sarovar,780.552,42.717
2024-02-07,Sardar Sarovar,418.693,40.937
2024-02-08,Sardar Sarovar,402.99,39.157
2024-02-09,Sardar Sarovar,19.095,37.377
2024-02-10,Sardar Sarovar,578.218,35.597
2024-02-11,Sardar Sarovar,590.0,33.817
2024-02-12,Sardar Sarovar,587.541,32.037
2024-02-13,Sardar Sarovar,481.519,30.258
2024-02-14,Sardar Sarovar,525.281,28.478
2024-02-15,Sardar Sarovar,558.154,26.698
2024-02-16,Sardar Sarovar,585.578,24.918
2024-02-17,Sardar Sarovar,583.687,23.138
2024-02-18,Sardar Sarovar,580.0,21.358
2024-02-19,Sardar Sarovar,574.645,19.578
2024-02-20,Sardar Sarovar,82.363,17.799
2024-02-21,Sardar Sarovar,18.079,16.019
2024-02-22,Sardar Sarovar,18.02,14.239
2024-02-23,Sardar Sarovar,18.563,12.459
2024-02-24,Sardar Sarovar,18.147,10.679
2024-02-25,Sardar Sarovar,18.0,8.899
2024-02-26,Sardar Sarovar,17.34,7.119
2024-02-27,Sardar Sarovar,17.011,5.34
2024-02-28,Sardar Sarovar,18.075,3.56
2024-02-29,Sardar Sarovar,17.988,1.78
2024-03-01,Sardar Sarovar,19.294,2.39
2024-03-02,Sardar Sarovar,19.013,3.0
2024-03-03,Sardar Sarovar,18.0,3.61
2024-03-04,Sardar Sarovar,17.778,4.221
2024-03-05,Sardar Sarovar,17.051,4.831
2024-03-06,Sardar Sarovar,17.073,5.441
2024-03-07,Sardar Sarovar,17.332,10.882
2024-03-08,Sardar Sarovar,17.178,16.323
2024-03-09,Sardar Sarovar,17.01,21.764
2024-03-10,Sardar Sarovar,17.0,27.205
2024-03-11,Sardar Sarovar,17.023,32.646
2024-03-12,Sardar Sarovar,17.038,38.088
2024-03-13,Sardar Sarovar,17.021,43.529
2024-03-14,Sardar Sarovar,17.031,48.97
2024-03-15,Sardar Sarovar,17.027,54.411
2024-03-16,Sardar Sarovar,17.03,59.852
2024-03-17,Sardar Sarovar,17.0,65.293
2024-03-18,Sardar Sarovar,17.02,70.734
2024-03-19,Sardar Sarovar,4.129,76.175
2024-03-20,Sardar Sarovar,8.385,81.616
2024-03-21,Sardar Sarovar,17.011,87.057
2024-03-22,Sardar Sarovar,17.811,92.498
2024-03-23,Sardar Sarovar,18.352,97.939
2024-03-24,Sardar Sarovar,17.1,103.38
2024-03-25,Sardar Sarovar,17.0,108.821
2024-03-26,Sardar Sarovar,17.271,114.263
2024-03-27,Sardar Sarovar,17.008,119.704
2024-03-28,Sardar Sarovar,18.346,125.145
2024-03-29,Sardar Sarovar,17.3,130.586
2024-03-30,Sardar Sarovar,17.336,136.027
2024-03-31,Sardar Sarovar,17.2,141.468
2024-04-01,Sardar Sarovar,17.252,146.909
2024-04-02,Sardar Sarovar,17.036,115.832
2024-04-03,Sardar Sarovar,19.62,84.755
2024-04-04,Sardar Sarovar,233.447,53.678
2024-04-05,Sardar Sarovar,225.653,54.106
2024-04-06,Sardar Sarovar,229.933,54.533
2024-04-07,Sardar Sarovar,220.0,54.961
2024-04-08,Sardar Sarovar,223.686,55.389
2024-04-09,Sardar Sarovar,17.354,55.816
2024-04-10,Sardar Sarovar,17.33,56.244
2024-04-11,Sardar Sarovar,17.0,56.672
2024-04-12,Sardar Sarovar,17.139,57.1
2024-04-13,Sardar Sarovar,17.218,57.527
2024-04-14,Sardar Sarovar,17.105,57.955
2024-04-15,Sardar Sarovar,17.119,58.383
2024-04-16,Sardar Sarovar,10.885,58.81
2024-04-17,Sardar Sarovar,19.671,59.238
2024-04-18,Sardar Sarovar,18.771,59.666
2024-04-19,Sardar Sarovar,19.11,60.094
2024-04-20,Sardar Sarovar,24.232,60.521
2024-04-21,Sardar Sarovar,24.0,60.949
2024-04-22,Sardar Sarovar,25.138,61.377
2024-04-23,Sardar Sarovar,26.938,61.804
2024-04-24,Sardar Sarovar,30.643,62.232
2024-04-25,Sardar Sarovar,25.52,62.66
2024-04-26,Sardar Sarovar,26.156,63.087
2024-04-27,Sardar Sarovar,26.767,63.515
2024-04-28,Sardar Sarovar,17.0,63.943
2024-04-29,Sardar Sarovar,27.696,64.37
2024-04-30,Sardar Sarovar,280.128,64.798
2024-05-01,Sardar Sarovar,221.857,65.226
2024-05-02,Sardar Sarovar,199.778,65.654
2024-05-03,Sardar Sarovar,221.474,66.081
2024-05-04,Sardar Sarovar,215.306,66.509
2024-05-05,Sardar Sarovar,220.0,66.937
2024-05-06,Sardar Sarovar,275.871,67.364
2024-05-07,Sardar Sarovar,220.0,67.792
2024-05-08,Sardar Sarovar,17.247,68.22
2024-05-09,Sardar Sarovar,213.367,68.648
2024-05-10,Sardar Sarovar,251.021,69.075
2024-05-11,Sardar Sarovar,231.646,69.503
2024-05-12,Sardar Sarovar,220.0,69.931
2024-05-13,Sardar Sarovar,261.705,70.358
2024-05-14,Sardar Sarovar,325.062,70.786
2024-05-15,Sardar Sarovar,287.779,71.214
2024-05-16,Sardar Sarovar,285.888,71.641
2024-05-17,Sardar Sarovar,321.062,72.069
2024-05-18,Sardar Sarovar,18.12,72.497
2024-05-19,Sardar Sarovar,400.0,72.924
2024-05-20,Sardar Sarovar,314.315,73.352
2024-05-21,Sardar Sarovar,260.269,73.78
2024-05-22,Sardar Sarovar,264.496,74.208
2024-05-23,Sardar Sarovar,400.0,74.635
2024-05-24,Sardar Sarovar,392.595,75.063
2024-05-25,Sardar Sarovar,367.064,75.491
2024-05-26,Sardar Sarovar,350.0,75.918
2024-05-27,Sardar Sarovar,375.515,76.346
2024-05-28,Sardar Sarovar,382.443,76.774
2024-05-29,Sardar Sarovar,335.095,77.202
2024-05-30,Sardar Sarovar,328.668,77.629
2024-05-31,Sardar Sarovar,323.964,78.057
2024-06-01,Sardar Sarovar,363.202,78.485
2024-06-02,Sardar Sarovar,450.0,78.912
2024-06-03,Sardar Sarovar,545.823,79.34
2024-06-04,Sardar Sarovar,551.578,79.768
2024-06-05,Sardar Sarovar,558.453,80.195
2024-06-06,Sardar Sarovar,544.696,80.623
2024-06-07,Sardar Sarovar,557.539,81.051
2024-06-08,Sardar Sarovar,531.224,81.478
2024-06-09,Sardar Sarovar,540.0,81.906
2024-06-10,Sardar Sarovar,536.651,82.334
2024-06-11,Sardar Sarovar,531.124,82.762
2024-06-12,Sardar Sarovar,535.423,83.189
2024-06-13,Sardar Sarovar,541.5,83.617
2024-06-14,Sardar Sarovar,530.0,84.045
2024-06-15,Sardar Sarovar,581.77,84.472
2024-06-16,Sardar Sarovar,600.0,84.9
2024-06-17,Sardar Sarovar,640.0,85.328
2024-06-18,Sardar Sarovar,653.431,85.756
2024-06-19,Sardar Sarovar,679.346,86.183
2024-06-20,Sardar Sarovar,672.321,86.611
2024-06-21,Sardar Sarovar,646.065,87.039
2024-06-22,Sardar Sarovar,648.707,87.466
2024-06-23,Sardar Sarovar,645.0,87.894
2024-06-24,Sardar Sarovar,652.667,88.322
2024-06-25,Sardar Sarovar,660.0,88.749
2024-06-26,Sardar Sarovar,660.0,89.177
2024-06-27,Sardar Sarovar,656.001,89.605
2024-06-28,Sardar Sarovar,671.151,90.032
2024-06-29,Sardar Sarovar,654.978,90.46
2024-06-30,Sardar Sarovar,645.0,90.888
2024-07-01,Sardar Sarovar,634.791,91.316
2024-07-02,Sardar Sarovar,637.156,91.743
2024-07-03,Sardar Sarovar,630.306,92.171
2024-07-04,Sardar Sarovar,653.435,93.148
2024-07-05,Sardar Sarovar,394.064,94.125
2024-07-06,Sardar Sarovar,271.641,95.102
2024-07-07,Sardar Sarovar,120.0,96.079
2024-07-08,Sardar Sarovar,104.493,97.056
2024-07-09,Sardar Sarovar,22.861,98.033
2024-07-10,Sardar Sarovar,23.706,99.01
2024-07-11,Sardar Sarovar,22.752,99.987
2024-07-12,Sardar Sarovar,23.203,100.964
2024-07-13,Sardar Sarovar,23.537,101.941
2024-07-14,Sardar Sarovar,23.5,102.918
2024-07-15,Sardar Sarovar,131.345,103.895
2024-07-16,Sardar Sarovar,22.002,104.872
2024-07-17,Sardar Sarovar,580.0,105.849
2024-07-18,Sardar Sarovar,603.491,106.827
2024-07-19,Sardar Sarovar,590.318,107.804
2024-07-20,Sardar Sarovar,609.635,108.781
2024-07-21,Sardar Sarovar,640.0,109.758
2024-07-22,Sardar Sarovar,641.437,110.735
2024-07-23,Sardar Sarovar,626.251,111.712
2024-07-24,Sardar Sarovar,635.84,112.689
2024-07-25,Sardar Sarovar,623.517,113.666
2024-07-26,Sardar Sarovar,647.396,114.643
2024-07-27,Sardar Sarovar,652.327,115.62
2024-07-28,Sardar Sarovar,640.0,116.597
2024-07-29,Sardar Sarovar,661.548,117.574
2024-07-30,Sardar Sarovar,657.839,118.551
2024-07-31,Sardar Sarovar,662.441,119.528
2024-08-01,Sardar Sarovar,641.845,120.505
2024-08-02,Sardar Sarovar,655.028,121.482
2024-08-03,Sardar Sarovar,660.351,119.301
2024-08-04,Sardar Sarovar,660.0,117.12
2024-08-05,Sardar Sarovar,666.822,114.938
2024-08-06,Sardar Sarovar,669.628,112.757
2024-08-07,Sardar Sarovar,665.062,110.576
2024-08-08,Sardar Sarovar,663.7,108.395
2024-08-09,Sardar Sarovar,673.064,106.214
2024-08-10,Sardar Sarovar,19.861,104.033
2024-08-11,Sardar Sarovar,3500.0,101.851
2024-08-12,Sardar Sarovar,3536.836,99.67
2024-08-13,Sardar Sarovar,4382.195,97.489
2024-08-14,Sardar Sarovar,2414.914,95.308
2024-08-15,Sardar Sarovar,2257.0,93.127
2024-08-16,Sardar Sarovar,1773.203,90.946
2024-08-17,Sardar Sarovar,1768.533,88.764
2024-08-18,Sardar Sarovar,1700.0,86.583
2024-08-19,Sardar Sarovar,1701.532,84.402
2024-08-20,Sardar Sarovar,1498.737,82.221
2024-08-21,Sardar Sarovar,1750.435,80.04
2024-08-22,Sardar Sarovar,1785.695,77.858
2024-08-23,Sardar Sarovar,1777.789,75.677
2024-08-24,Sardar Sarovar,2651.298,73.496
2024-08-25,Sardar Sarovar,2900.0,71.315
2024-08-26,Sardar Sarovar,9300.0,69.134
2024-08-27,Sardar Sarovar,9683.758,66.953
2024-08-28,Sardar Sarovar,6864.882,64.771
2024-08-29,Sardar Sarovar,5379.672,62.59
2024-08-30,Sardar Sarovar,5381.01,60.409
2024-08-31,Sardar Sarovar,4481.132,58.228
2024-09-01,Sardar Sarovar,1900.0,56.047
2024-09-02,Sardar Sarovar,2711.163,53.866
2024-09-03,Sardar Sarovar,6202.735,51.684
2024-09-04,Sardar Sarovar,5982.02,49.503
2024-09-05,Sardar Sarovar,4053.319,47.322
2024-09-06,Sardar Sarovar,1961.388,45.502
2024-09-07,Sardar Sarovar,2787.622,43.682
2024-09-08,Sardar Sarovar,2800.0,41.861
2024-09-09,Sardar Sarovar,1608.349,40.041
2024-09-10,Sardar Sarovar,1557.485,38.221
2024-09-11,Sardar Sarovar,2638.585,36.401
2024-09-12,Sardar Sarovar,4634.667,34.581
2024-09-13,Sardar Sarovar,8298.719,32.761
2024-09-14,Sardar Sarovar,9107.799,30.941
2024-09-15,Sardar Sarovar,9100.0,29.121
2024-09-16,Sardar Sarovar,1500.0,27.301
2024-09-17,Sardar Sarovar,2878.019,25.481
2024-09-18,Sardar Sarovar,1464.673,23.661
2024-09-19,Sardar Sarovar,1425.288,21.841
2024-09-20,Sardar Sarovar,1469.681,20.021
2024-09-21,Sardar Sarovar,1456.958,18.201
2024-09-22,Sardar Sarovar,1450.0,16.381
2024-09-23,Sardar Sarovar,1338.059,14.561
2024-09-24,Sardar Sarovar,1797.19,12.74
2024-09-25,Sardar Sarovar,3206.531,10.92
2024-09-26,Sardar Sarovar,2003.658,9.1
2024-09-27,Sardar Sarovar,2561.008,7.28
2024-09-28,Sardar Sarovar,3293.56,5.46
2024-09-29,Sardar Sarovar,2100.0,3.64
2024-09-30,Sardar Sarovar,2014.369,1.82
2024-10-01,Sardar Sarovar,1809.292,2.354
2024-10-02,Sardar Sarovar,1450.0,2.888
2024-10-03,Sardar Sarovar,1325.233,3.422
2024-10-04,Sardar Sarovar,1317.572,3.955
2024-10-05,Sardar Sarovar,1384.695,4.489
2024-10-06,Sardar Sarovar,1325.0,5.023
2024-10-07,Sardar Sarovar,1349.377,10.045
2024-10-08,Sardar Sarovar,1184.224,15.068
2024-10-09,Sardar Sarovar,1219.758,20.09
2024-10-10,Sardar Sarovar,1172.877,25.113
2024-10-11,Sardar Sarovar,600.0,30.135
2024-10-12,Sardar Sarovar,500.0,35.158
2024-10-13,Sardar Sarovar,450.0,40.18
2024-10-14,Sardar Sarovar,521.47,45.203
2024-10-15,Sardar Sarovar,538.938,50.225
2024-10-16,Sardar Sarovar,545.613,55.248
2024-10-17,Sardar Sarovar,1143.565,60.27
2024-10-18,Sardar Sarovar,1092.04,65.293
2024-10-19,Sardar Sarovar,1110.733,70.315
2024-10-20,Sardar Sarovar,1000.0,75.338
2024-10-21,Sardar Sarovar,624.933,80.36
2024-10-22,Sardar Sarovar,1036.249,85.383
2024-10-23,Sardar Sarovar,984.485,90.406
2024-10-24,Sardar Sarovar,605.595,95.428
2024-10-25,Sardar Sarovar,437.27,100.451
2024-10-26,Sardar Sarovar,439.633,105.473
2024-10-27,Sardar Sarovar,450.0,110.496
2024-10-28,Sardar Sarovar,449.932,115.518
2024-10-29,Sardar Sarovar,1100.943,120.541
2024-10-30,Sardar Sarovar,1083.736,125.563
2024-10-31,Sardar Sarovar,1050.0,130.586
2024-11-01,Sardar Sarovar,42.291,135.608
2024-11-02,Sardar Sarovar,22.795,132.804
2024-11-03,Sardar Sarovar,22.0,130.0
2024-11-04,Sardar Sarovar,22.183,127.197
2024-11-05,Sardar Sarovar,21.813,124.393
2024-11-06,Sardar Sarovar,20.93,121.589
2024-11-07,Sardar Sarovar,21.747,118.785
2024-11-08,Sardar Sarovar,21.83,115.982
2024-11-09,Sardar Sarovar,244.016,113.178
2024-11-10,Sardar Sarovar,200.0,110.374
2024-11-11,Sardar Sarovar,227.385,107.57
2024-11-12,Sardar Sarovar,209.07,104.767
2024-11-13,Sardar Sarovar,39.666,101.963
2024-11-14,Sardar Sarovar,196.731,99.159
2024-11-15,Sardar Sarovar,210.0,96.355
2024-11-16,Sardar Sarovar,304.955,93.552
2024-11-17,Sardar Sarovar,300.0,90.748
2024-11-18,Sardar Sarovar,316.71,87.944
2024-11-19,Sardar Sarovar,48.539,85.14
2024-11-20,Sardar Sarovar,43.737,82.337
2024-11-21,Sardar Sarovar,25.177,79.533
2024-11-22,Sardar Sarovar,25.709,76.729
2024-11-23,Sardar Sarovar,31.807,73.925
2024-11-24,Sardar Sarovar,31.0,71.122
2024-11-25,Sardar Sarovar,31.033,68.318
2024-11-26,Sardar Sarovar,166.752,65.514
2024-11-27,Sardar Sarovar,301.509,62.71
2024-11-28,Sardar Sarovar,300.209,59.907
2024-11-29,Sardar Sarovar,568.947,57.103
2024-11-30,Sardar Sarovar,587.066,54.299
2024-12-01,Sardar Sarovar,45.0,51.495
2024-12-02,Sardar Sarovar,210.317,48.692
2024-12-03,Sardar Sarovar,32.328,45.888
2024-12-04,Sardar Sarovar,30.4,43.084
2024-12-05,Sardar Sarovar,25.191,43.084
2024-12-06,Sardar Sarovar,25.088,43.084
2024-12-07,Sardar Sarovar,25.814,43.084
2024-12-08,Sardar Sarovar,25.0,43.084
2024-12-09,Sardar Sarovar,25.707,43.084
2024-12-10,Sardar Sarovar,25.47,43.084
2024-12-11,Sardar Sarovar,25.011,43.084
2024-12-12,Sardar Sarovar,24.851,43.084
2024-12-13,Sardar Sarovar,25.381,43.084
2024-12-14,Sardar Sarovar,25.884,43.084
2024-12-15,Sardar Sarovar,300.0,43.084
2024-12-16,Sardar Sarovar,31.944,43.084
2024-12-17,Sardar Sarovar,215.512,43.084
2024-12-18,Sardar Sarovar,466.632,43.084
2024-12-19,Sardar Sarovar,629.094,43.084
2024-12-20,Sardar Sarovar,985.856,43.084
2024-12-21,Sardar Sarovar,944.247,43.084
2024-12-22,Sardar Sarovar,950.0,43.084
2024-12-23,Sardar Sarovar,932.075,43.084
2024-12-24,Sardar Sarovar,709.565,43.084
2024-12-25,Sardar Sarovar,700.0,43.084
2024-12-26,Sardar Sarovar,719.064,43.084
2024-12-27,Sardar Sarovar,712.346,43.084
2024-12-28,Sardar Sarovar,697.308,43.084
2024-12-29,Sardar Sarovar,350.0,43.084
2024-12-30,Sardar Sarovar,36.603,43.084
2024-12-31,Sardar Sarovar,26.829,43.084
