Date,Reservoir_Name,Inflow (cusecs/cumecs),Storage (TMC/MCM)
2010-01-01,Srisailam,142.043,232.22
2010-01-02,Srisailam,118.758,232.22
2010-01-03,Srisailam,104.6,231.787
2010-01-04,Srisailam,99.707,231.353
2010-01-05,Srisailam,88.508,230.919
2010-01-06,Srisailam,83.317,230.052
2010-01-07,Srisailam,80.614,229.184
2010-01-08,Srisailam,84.383,228.344
2010-01-09,Srisailam,91.026,227.502
2010-01-10,Srisailam,94.792,225.4
2010-01-11,Srisailam,88.231,222.457
2010-01-12,Srisailam,95.983,220.775
2010-01-13,Srisailam,109.068,218.336
2010-01-14,Srisailam,117.148,219.211
2010-01-15,Srisailam,124.127,219.211
2010-01-16,Srisailam,128.383,219.211
2010-01-17,Srisailam,106.634,217.929
2010-01-18,Srisailam,83.397,217.116
2010-01-19,Srisailam,85.729,216.303
2010-01-20,Srisailam,91.026,215.489
2010-01-21,Srisailam,92.898,214.676
2010-01-22,Srisailam,87.594,213.863
2010-01-23,Srisailam,86.699,222.457
2010-01-24,Srisailam,91.026,227.082
2010-01-25,Srisailam,86.069,225.4
2010-01-26,Srisailam,89.183,223.718
2010-01-27,Srisailam,87.646,222.457
2010-01-28,Srisailam,94.792,221.196
2010-01-29,Srisailam,94.792,220.369
2010-01-30,Srisailam,91.026,218.336
2010-01-31,Srisailam,91.026,217.116
2010-02-01,Srisailam,87.357,199.845
2010-02-02,Srisailam,87.357,198.327
2010-02-03,Srisailam,87.357,196.822
2010-02-04,Srisailam,91.026,194.993
2010-02-05,Srisailam,89.183,192.8
2010-02-06,Srisailam,87.357,190.971
2010-02-07,Srisailam,87.357,189.173
2010-02-08,Srisailam,91.599,186.716
2010-02-09,Srisailam,87.357,185.313
2010-02-10,Srisailam,87.357,183.558
2010-02-11,Srisailam,87.357,181.847
2010-02-12,Srisailam,89.183,180.165
2010-02-13,Srisailam,91.026,177.81
2010-02-14,Srisailam,91.026,175.484
2010-02-15,Srisailam,78.274,173.873
2010-02-16,Srisailam,76.885,172.261
2010-02-17,Srisailam,80.285,170.328
2010-02-18,Srisailam,76.885,167.202
2010-02-19,Srisailam,87.357,162.881
2010-02-20,Srisailam,91.026,159.883
2010-02-21,Srisailam,91.026,157.484
2010-02-22,Srisailam,99.296,155.745
2010-02-23,Srisailam,94.792,153.137
2010-02-24,Srisailam,94.792,151.408
2010-02-25,Srisailam,91.026,149.167
2010-02-26,Srisailam,91.026,146.927
2010-02-27,Srisailam,94.792,143.395
2010-02-28,Srisailam,91.026,142.318
2010-03-01,Srisailam,92.366,140.973
2010-03-02,Srisailam,89.183,137.606
2010-03-03,Srisailam,89.183,135.54
2010-03-04,Srisailam,78.576,133.068
2010-03-05,Srisailam,67.206,130.843
2010-03-06,Srisailam,67.206,128.94
2010-03-07,Srisailam,61.183,127.521
2010-03-08,Srisailam,74.365,125.865
2010-03-09,Srisailam,60.454,120.494
2010-03-10,Srisailam,80.859,117.489
2010-03-11,Srisailam,80.859,115.837
2010-03-12,Srisailam,95.581,113.798
2010-03-13,Srisailam,95.581,112.789
2010-03-14,Srisailam,101.923,111.629
2010-03-15,Srisailam,108.516,110.275
2010-03-16,Srisailam,111.918,109.501
2010-03-17,Srisailam,105.182,108.01
2010-03-18,Srisailam,89.502,106.906
2010-03-19,Srisailam,101.59,105.082
2010-03-20,Srisailam,102.041,102.972
2010-03-21,Srisailam,105.182,100.743
2010-03-22,Srisailam,97.321,99.737
2010-03-23,Srisailam,95.581,97.283
2010-03-24,Srisailam,98.354,95.524
2010-03-25,Srisailam,101.434,92.311
2010-03-26,Srisailam,101.729,90.121
2010-03-27,Srisailam,97.831,88.274
2010-03-28,Srisailam,101.923,86.199
2010-03-29,Srisailam,103.737,83.424
2010-03-30,Srisailam,98.487,82.148
2010-03-31,Srisailam,99.627,80.771
2010-04-01,Srisailam,100.417,79.915
2010-04-02,Srisailam,95.581,79.548
2010-04-03,Srisailam,89.268,78.584
2010-04-04,Srisailam,83.682,76.252
2010-04-05,Srisailam,79.901,75.129
2010-04-06,Srisailam,83.46,73.913
2010-04-07,Srisailam,86.558,72.413
2010-04-08,Srisailam,86.558,70.571
2010-04-09,Srisailam,86.073,67.278
2010-04-10,Srisailam,91.797,68.145
2010-04-11,Srisailam,86.558,67.278
2010-04-12,Srisailam,88.259,66.672
2010-04-13,Srisailam,86.689,66.238
2010-04-14,Srisailam,72.765,65.542
2010-04-15,Srisailam,76.59,64.933
2010-04-16,Srisailam,72.832,64.421
2010-04-17,Srisailam,54.692,63.752
2010-04-18,Srisailam,36.552,62.678
2010-04-19,Srisailam,26.527,62.116
2010-04-20,Srisailam,20.595,61.955
2010-04-21,Srisailam,18.13,61.316
2010-04-22,Srisailam,17.558,60.93
2010-04-23,Srisailam,14.838,60.391
2010-04-24,Srisailam,14.004,60.082
2010-04-25,Srisailam,15.529,59.703
2010-04-26,Srisailam,11.488,59.554
2010-04-27,Srisailam,13.659,59.406
2010-04-28,Srisailam,13.659,58.589
2010-04-29,Srisailam,12.779,57.793
2010-04-30,Srisailam,12.779,57.65
2010-05-01,Srisailam,12.779,57.578
2010-05-02,Srisailam,22.099,57.506
2010-05-03,Srisailam,31.058,57.076
2010-05-04,Srisailam,40.017,56.587
2010-05-05,Srisailam,34.899,56.172
2010-05-06,Srisailam,30.218,55.549
2010-05-07,Srisailam,20.903,54.881
2010-05-08,Srisailam,14.576,53.438
2010-05-09,Srisailam,11.939,51.98
2010-05-10,Srisailam,10.821,51.544
2010-05-11,Srisailam,11.132,50.631
2010-05-12,Srisailam,9.628,49.798
2010-05-13,Srisailam,8.926,49.502
2010-05-14,Srisailam,8.344,49.266
2010-05-15,Srisailam,8.257,49.266
2010-05-16,Srisailam,8.257,49.151
2010-05-17,Srisailam,25.453,49.037
2010-05-18,Srisailam,25.348,48.865
2010-05-19,Srisailam,25.287,48.922
2010-05-20,Srisailam,25.441,48.922
2010-05-21,Srisailam,26.567,49.094
2010-05-22,Srisailam,8.994,49.209
2010-05-23,Srisailam,6.448,49.384
2010-05-24,Srisailam,6.268,49.621
2010-05-25,Srisailam,6.088,49.916
2010-05-26,Srisailam,5.908,50.509
2010-05-27,Srisailam,5.908,50.753
2010-05-28,Srisailam,6.48,51.057
2010-05-29,Srisailam,7.052,51.423
2010-05-30,Srisailam,7.624,51.544
2010-05-31,Srisailam,8.185,51.729
2010-06-01,Srisailam,16.76,50.996
2010-06-02,Srisailam,20.094,50.212
2010-06-03,Srisailam,79.043,49.857
2010-06-04,Srisailam,47.95,49.384
2010-06-05,Srisailam,25.672,49.094
2010-06-06,Srisailam,20.094,48.807
2010-06-07,Srisailam,17.652,48.865
2010-06-08,Srisailam,15.21,48.922
2010-06-09,Srisailam,15.21,48.865
2010-06-10,Srisailam,14.462,48.922
2010-06-11,Srisailam,25.672,48.865
2010-06-12,Srisailam,37.714,48.922
2010-06-13,Srisailam,60.966,48.865
2010-06-14,Srisailam,57.054,49.151
2010-06-15,Srisailam,53.142,49.68
2010-06-16,Srisailam,49.23,50.33
2010-06-17,Srisailam,45.318,50.874
2010-06-18,Srisailam,41.406,51.362
2010-06-19,Srisailam,14.455,51.666
2010-06-20,Srisailam,15.21,52.482
2010-06-21,Srisailam,12.006,52.733
2010-06-22,Srisailam,12.084,52.796
2010-06-23,Srisailam,17.948,52.859
2010-06-24,Srisailam,23.813,53.18
2010-06-25,Srisailam,29.677,53.438
2010-06-26,Srisailam,35.542,53.697
2010-06-27,Srisailam,41.406,54.084
2010-06-28,Srisailam,23.519,53.18
2010-06-29,Srisailam,17.176,51.854
2010-06-30,Srisailam,14.086,52.356
2010-07-01,Srisailam,13.303,55.756
2010-07-02,Srisailam,18.429,56.933
2010-07-03,Srisailam,12.783,58.441
2010-07-04,Srisailam,84.388,59.55
2010-07-05,Srisailam,31.651,59.928
2010-07-06,Srisailam,25.976,60.468
2010-07-07,Srisailam,23.31,61.007
2010-07-08,Srisailam,16.449,62.035
2010-07-09,Srisailam,14.238,63.334
2010-07-10,Srisailam,13.585,64.505
2010-07-11,Srisailam,15.976,66.412
2010-07-12,Srisailam,23.133,67.324
2010-07-13,Srisailam,14.021,68.333
2010-07-14,Srisailam,14.119,68.911
2010-07-15,Srisailam,14.216,69.2
2010-07-16,Srisailam,14.314,69.682
2010-07-17,Srisailam,20.316,70.368
2010-07-18,Srisailam,25.672,70.775
2010-07-19,Srisailam,31.174,71.321
2010-07-20,Srisailam,31.432,71.867
2010-07-21,Srisailam,19.59,72.413
2010-07-22,Srisailam,13.683,74.128
2010-07-23,Srisailam,16.036,75.578
2010-07-24,Srisailam,18.39,77.293
2010-07-25,Srisailam,16.76,79.548
2010-07-26,Srisailam,12.235,81.016
2010-07-27,Srisailam,11.142,82.021
2010-07-28,Srisailam,12.328,82.914
2010-07-29,Srisailam,11.749,85.133
2010-07-30,Srisailam,5760.787,90.121
2010-07-31,Srisailam,8097.146,98.243
2010-08-01,Srisailam,4747.441,127.284
2010-08-02,Srisailam,4287.874,148.887
2010-08-03,Srisailam,3828.307,164.411
2010-08-04,Srisailam,2807.928,176.13
2010-08-05,Srisailam,2730.276,185.313
2010-08-06,Srisailam,3699.295,192.799
2010-08-07,Srisailam,3097.134,199.845
2010-08-08,Srisailam,1142.44,207.533
2010-08-09,Srisailam,1126.871,208.712
2010-08-10,Srisailam,1093.674,206.747
2010-08-11,Srisailam,621.252,204.402
2010-08-12,Srisailam,464.668,202.124
2010-08-13,Srisailam,308.085,198.326
2010-08-14,Srisailam,151.502,195.725
2010-08-15,Srisailam,307.068,193.896
2010-08-16,Srisailam,317.812,193.531
2010-08-17,Srisailam,328.555,192.434
2010-08-18,Srisailam,259.82,196.456
2010-08-19,Srisailam,268.427,198.706
2010-08-20,Srisailam,263.482,197.567
2010-08-21,Srisailam,260.085,197.567
2010-08-22,Srisailam,300.107,197.567
2010-08-23,Srisailam,1314.095,201.744
2010-08-24,Srisailam,990.312,208.354
2010-08-25,Srisailam,864.461,225.821
2010-08-26,Srisailam,1476.455,245.007
2010-08-27,Srisailam,1654.302,249.092
2010-08-28,Srisailam,1337.047,249.552
2010-08-29,Srisailam,930.214,254.149
2010-08-30,Srisailam,602.928,259.745
2010-08-31,Srisailam,275.643,259.276
2010-09-01,Srisailam,272.082,260.685
2010-09-02,Srisailam,1284.884,260.215
2010-09-03,Srisailam,2649.1,260.215
2010-09-04,Srisailam,3050.846,260.215
2010-09-05,Srisailam,1191.417,259.745
2010-09-06,Srisailam,1347.047,259.745
2010-09-07,Srisailam,2868.273,260.215
2010-09-08,Srisailam,1184.358,260.685
2010-09-09,Srisailam,1463.518,259.745
2010-09-10,Srisailam,2249.83,261.262
2010-09-11,Srisailam,1559.008,260.685
2010-09-12,Srisailam,2077.985,260.685
2010-09-13,Srisailam,2237.662,259.745
2010-09-14,Srisailam,1127.964,260.685
2010-09-15,Srisailam,289.016,259.745
2010-09-16,Srisailam,242.562,258.806
2010-09-17,Srisailam,237.023,258.335
2010-09-18,Srisailam,238.008,258.335
2010-09-19,Srisailam,269.817,258.806
2010-09-20,Srisailam,337.074,259.745
2010-09-21,Srisailam,817.419,259.745
2010-09-22,Srisailam,556.648,259.745
2010-09-23,Srisailam,274.648,258.806
2010-09-24,Srisailam,166.75,257.867
2010-09-25,Srisailam,291.599,256.927
2010-09-26,Srisailam,524.738,256.927
2010-09-27,Srisailam,923.89,258.806
2010-09-28,Srisailam,876.703,259.276
2010-09-29,Srisailam,1269.726,258.806
2010-09-30,Srisailam,868.219,258.806
2010-10-01,Srisailam,356.278,258.335
2010-10-02,Srisailam,1860.174,256.927
2010-10-03,Srisailam,1591.988,260.685
2010-10-04,Srisailam,593.937,259.745
2010-10-05,Srisailam,178.148,260.685
2010-10-06,Srisailam,1473.828,258.806
2010-10-07,Srisailam,2026.662,260.685
2010-10-08,Srisailam,1576.293,260.215
2010-10-09,Srisailam,571.595,260.685
2010-10-10,Srisailam,648.549,259.276
2010-10-11,Srisailam,451.386,259.276
2010-10-12,Srisailam,254.222,255.988
2010-10-13,Srisailam,164.451,255.988
2010-10-14,Srisailam,161.212,254.609
2010-10-15,Srisailam,162.574,253.689
2010-10-16,Srisailam,161.353,252.307
2010-10-17,Srisailam,178.012,252.307
2010-10-18,Srisailam,158.836,253.23
2010-10-19,Srisailam,205.63,255.528
2010-10-20,Srisailam,234.882,254.149
2010-10-21,Srisailam,162.536,252.77
2010-10-22,Srisailam,177.439,252.77
2010-10-23,Srisailam,569.859,254.609
2010-10-24,Srisailam,457.909,255.528
2010-10-25,Srisailam,297.007,259.276
2010-10-26,Srisailam,714.773,259.276
2010-10-27,Srisailam,454.919,258.336
2010-10-28,Srisailam,195.065,258.806
2010-10-29,Srisailam,233.506,257.867
2010-10-30,Srisailam,294.328,258.806
2010-10-31,Srisailam,269.817,259.276
2010-11-01,Srisailam,222.558,259.276
2010-11-02,Srisailam,203.672,258.806
2010-11-03,Srisailam,218.104,258.806
2010-11-04,Srisailam,256.368,258.806
2010-11-05,Srisailam,162.478,258.806
2010-11-06,Srisailam,107.126,260.215
2010-11-07,Srisailam,99.509,259.276
2010-11-08,Srisailam,89.91,260.215
2010-11-09,Srisailam,89.91,258.806
2010-11-10,Srisailam,129.04,258.336
2010-11-11,Srisailam,574.925,259.745
2010-11-12,Srisailam,222.976,259.276
2010-11-13,Srisailam,97.547,259.745
2010-11-14,Srisailam,75.576,258.806
2010-11-15,Srisailam,99.426,259.276
2010-11-16,Srisailam,124.876,258.806
2010-11-17,Srisailam,111.685,257.397
2010-11-18,Srisailam,101.253,257.867
2010-11-19,Srisailam,98.477,258.336
2010-11-20,Srisailam,119.916,259.745
2010-11-21,Srisailam,283.08,259.745
2010-11-22,Srisailam,176.184,259.745
2010-11-23,Srisailam,169.604,259.276
2010-11-24,Srisailam,99.509,259.745
2010-11-25,Srisailam,91.854,258.806
2010-11-26,Srisailam,84.199,257.867
2010-11-27,Srisailam,76.544,257.867
2010-11-28,Srisailam,68.889,257.397
2010-11-29,Srisailam,68.076,256.927
2010-11-30,Srisailam,67.264,256.927
2010-12-01,Srisailam,67.761,257.397
2010-12-02,Srisailam,68.258,258.806
2010-12-03,Srisailam,68.755,259.276
2010-12-04,Srisailam,65.763,259.745
2010-12-05,Srisailam,59.44,260.215
2010-12-06,Srisailam,59.44,260.685
2010-12-07,Srisailam,59.44,259.745
2010-12-08,Srisailam,59.44,259.745
2010-12-09,Srisailam,62.512,258.806
2010-12-10,Srisailam,62.512,258.806
2010-12-11,Srisailam,64.073,259.745
2010-12-12,Srisailam,64.073,259.276
2010-12-13,Srisailam,59.44,258.336
2010-12-14,Srisailam,54.983,258.336
2010-12-15,Srisailam,54.983,257.867
2010-12-16,Srisailam,56.45,256.458
2010-12-17,Srisailam,59.44,255.528
2010-12-18,Srisailam,60.966,254.149
2010-12-19,Srisailam,59.44,253.23
2010-12-20,Srisailam,57.937,252.77
2010-12-21,Srisailam,56.45,252.31
2010-12-22,Srisailam,59.44,251.85
2010-12-23,Srisailam,60.966,250.471
2010-12-24,Srisailam,64.073,249.092
2010-12-25,Srisailam,65.658,248.632
2010-12-26,Srisailam,67.264,248.632
2010-12-27,Srisailam,67.264,248.172
2010-12-28,Srisailam,67.264,245.9
2010-12-29,Srisailam,68.889,245.007
2010-12-30,Srisailam,67.264,243.667
2010-12-31,Srisailam,67.264,243.22
2011-01-01,Srisailam,71.012,241.88
2011-01-02,Srisailam,62.512,241.433
2011-01-03,Srisailam,68.16,241.88
2011-01-04,Srisailam,66.978,240.987
2011-01-05,Srisailam,67.941,239.2
2011-01-06,Srisailam,68.229,237.86
2011-01-07,Srisailam,70.083,236.992
2011-01-08,Srisailam,62.512,235.691
2011-01-09,Srisailam,62.512,234.39
2011-01-10,Srisailam,69.667,233.522
2011-01-11,Srisailam,71.263,232.221
2011-01-12,Srisailam,67.25,230.919
2011-01-13,Srisailam,60.629,229.618
2011-01-14,Srisailam,62.512,227.923
2011-01-15,Srisailam,70.613,226.662
2011-01-16,Srisailam,67.264,226.662
2011-01-17,Srisailam,72.614,226.241
2011-01-18,Srisailam,72.492,226.241
2011-01-19,Srisailam,71.55,225.4
2011-01-20,Srisailam,73.27,224.139
2011-01-21,Srisailam,73.77,223.298
2011-01-22,Srisailam,72.344,222.037
2011-01-23,Srisailam,65.658,220.775
2011-01-24,Srisailam,68.994,219.962
2011-01-25,Srisailam,68.218,218.742
2011-01-26,Srisailam,67.264,215.896
2011-01-27,Srisailam,69.756,215.083
2011-01-28,Srisailam,68.397,213.456
2011-01-29,Srisailam,68.889,212.643
2011-01-30,Srisailam,68.889,212.25
2011-01-31,Srisailam,74.423,211.071
2011-02-01,Srisailam,74.951,209.891
2011-02-02,Srisailam,74.143,208.712
2011-02-03,Srisailam,74.264,207.14
2011-02-04,Srisailam,74.553,205.568
2011-02-05,Srisailam,75.77,202.883
2011-02-06,Srisailam,70.528,200.225
2011-02-07,Srisailam,78.652,198.706
2011-02-08,Srisailam,81.617,197.947
2011-02-09,Srisailam,83.277,197.187
2011-02-10,Srisailam,82.384,195.725
2011-02-11,Srisailam,83.528,194.262
2011-02-12,Srisailam,75.576,193.165
2011-02-13,Srisailam,80.801,192.068
2011-02-14,Srisailam,84.339,191.703
2011-02-15,Srisailam,81.005,190.24
2011-02-16,Srisailam,77.3,189.523
2011-02-17,Srisailam,83.167,188.822
2011-02-18,Srisailam,82.646,187.418
2011-02-19,Srisailam,87.885,184.26
2011-02-20,Srisailam,86.205,180.222
2011-02-21,Srisailam,87.562,179.829
2011-02-22,Srisailam,89.048,179.156
2011-02-23,Srisailam,88.966,179.156
2011-02-24,Srisailam,88.462,178.147
2011-02-25,Srisailam,84.182,177.474
2011-02-26,Srisailam,75.576,176.801
2011-02-27,Srisailam,77.3,176.465
2011-02-28,Srisailam,81.333,175.484
2011-03-01,Srisailam,78.833,185.96
2011-03-02,Srisailam,74.15,174.839
2011-03-03,Srisailam,71.454,173.55
2011-03-04,Srisailam,68.564,171.617
2011-03-05,Srisailam,69.32,170.65
2011-03-06,Srisailam,62.512,170.005
2011-03-07,Srisailam,65.454,168.443
2011-03-08,Srisailam,61.664,167.202
2011-03-09,Srisailam,59.782,161.082
2011-03-10,Srisailam,57.937,155.745
2011-03-11,Srisailam,54.983,151.128
2011-03-12,Srisailam,52.112,148.607
2011-03-13,Srisailam,52.112,145.548
2011-03-14,Srisailam,69.514,144.741
2011-03-15,Srisailam,63.366,143.664
2011-03-16,Srisailam,65.393,141.78
2011-03-17,Srisailam,64.756,139.671
2011-03-18,Srisailam,65.081,134.057
2011-03-19,Srisailam,65.584,132.079
2011-03-20,Srisailam,52.112,126.811
2011-03-21,Srisailam,54.728,125.865
2011-03-22,Srisailam,55.072,123.157
2011-03-23,Srisailam,55.787,119.635
2011-03-24,Srisailam,52.112,115.429
2011-03-25,Srisailam,52.112,111.049
2011-03-26,Srisailam,50.704,108.01
2011-03-27,Srisailam,50.704,105.802
2011-03-28,Srisailam,54.123,104.379
2011-03-29,Srisailam,53.889,102.269
2011-03-30,Srisailam,54.108,99.233
2011-03-31,Srisailam,53.982,95.525
2011-04-01,Srisailam,51.048,91.873
2011-04-02,Srisailam,48.898,87.297
2011-04-03,Srisailam,43.964,82.914
2011-04-04,Srisailam,43.964,82.276
2011-04-05,Srisailam,47.368,79.915
2011-04-06,Srisailam,46.092,77.059
2011-04-07,Srisailam,45.001,74.791
2011-04-08,Srisailam,41.406,73.27
2011-04-09,Srisailam,42.674,70.265
2011-04-10,Srisailam,41.406,67.507
2011-04-11,Srisailam,44.726,64.17
2011-04-12,Srisailam,44.195,61.714
2011-04-13,Srisailam,44.436,59.109
2011-04-14,Srisailam,47.95,58.152
2011-04-15,Srisailam,49.669,57.65
2011-04-16,Srisailam,47.95,57.578
2011-04-17,Srisailam,46.601,57.291
2011-04-18,Srisailam,43.964,57.005
2011-04-19,Srisailam,38.923,56.864
2011-04-20,Srisailam,29.779,56.795
2011-04-21,Srisailam,113.786,56.933
2011-04-22,Srisailam,86.205,56.933
2011-04-23,Srisailam,68.889,56.933
2011-04-24,Srisailam,43.964,57.076
2011-04-25,Srisailam,34.197,57.506
2011-04-26,Srisailam,28.723,57.937
2011-04-27,Srisailam,23.737,58.441
2011-04-28,Srisailam,19.231,58.812
2011-04-29,Srisailam,17.565,59.109
2011-04-30,Srisailam,17.565,59.406
2011-05-01,Srisailam,16.76,59.703
2011-05-02,Srisailam,15.21,59.852
2011-05-03,Srisailam,15.976,59.852
2011-05-04,Srisailam,17.565,59.852
2011-05-05,Srisailam,17.565,59.703
2011-05-06,Srisailam,15.976,58.664
2011-05-07,Srisailam,14.462,57.364
2011-05-08,Srisailam,12.336,56.34
2011-05-09,Srisailam,11.993,56.864
2011-05-10,Srisailam,11.618,56.34
2011-05-11,Srisailam,12.383,57.148
2011-05-12,Srisailam,12.914,57.22
2011-05-13,Srisailam,12.556,57.292
2011-05-14,Srisailam,11.452,57.364
2011-05-15,Srisailam,10.382,57.22
2011-05-16,Srisailam,11.315,57.435
2011-05-17,Srisailam,15.21,57.435
2011-05-18,Srisailam,18.371,57.435
2011-05-19,Srisailam,21.532,56.795
2011-05-20,Srisailam,24.693,56.657
2011-05-21,Srisailam,29.779,56.726
2011-05-22,Srisailam,15.976,56.726
2011-05-23,Srisailam,14.499,56.795
2011-05-24,Srisailam,13.021,56.518
2011-05-25,Srisailam,11.543,55.965
2011-05-26,Srisailam,10.583,55.826
2011-05-27,Srisailam,14.967,56.034
2011-05-28,Srisailam,19.352,56.103
2011-05-29,Srisailam,23.737,56.172
2011-05-30,Srisailam,23.737,56.172
2011-05-31,Srisailam,34.126,56.241
2011-06-01,Srisailam,44.516,56.172
2011-06-02,Srisailam,45.797,55.964
2011-06-03,Srisailam,52.455,55.826
2011-06-04,Srisailam,61.003,55.415
2011-06-05,Srisailam,42.006,56.102
2011-06-06,Srisailam,27.374,57.22
2011-06-07,Srisailam,27.374,57.076
2011-06-08,Srisailam,27.374,57.076
2011-06-09,Srisailam,21.618,56.725
2011-06-10,Srisailam,18.137,56.379
2011-06-11,Srisailam,18.137,56.518
2011-06-12,Srisailam,16.505,56.31
2011-06-13,Srisailam,17.986,56.379
2011-06-14,Srisailam,14.919,56.379
2011-06-15,Srisailam,12.642,57.22
2011-06-16,Srisailam,11.621,58.812
2011-06-17,Srisailam,21.34,60.005
2011-06-18,Srisailam,18.096,58.589
2011-06-19,Srisailam,17.312,57.793
2011-06-20,Srisailam,13.037,57.005
2011-06-21,Srisailam,12.797,55.687
2011-06-22,Srisailam,12.557,54.547
2011-06-23,Srisailam,10.442,53.244
2011-06-24,Srisailam,8.326,52.608
2011-06-25,Srisailam,6.211,52.482
2011-06-26,Srisailam,7.135,52.482
2011-06-27,Srisailam,5.64,52.482
2011-06-28,Srisailam,5.349,52.677
2011-06-29,Srisailam,4.711,52.677
2011-06-30,Srisailam,5.233,52.231
2011-07-01,Srisailam,44.744,51.605
2011-07-02,Srisailam,56.472,51.483
2011-07-03,Srisailam,39.565,51.423
2011-07-04,Srisailam,22.836,51.423
2011-07-05,Srisailam,22.108,51.544
2011-07-06,Srisailam,19.951,51.544
2011-07-07,Srisailam,20.124,51.544
2011-07-08,Srisailam,21.858,51.666
2011-07-09,Srisailam,23.592,51.544
2011-07-10,Srisailam,22.533,51.483
2011-07-11,Srisailam,17.916,51.423
2011-07-12,Srisailam,10.878,51.483
2011-07-13,Srisailam,9.956,51.666
2011-07-14,Srisailam,9.812,51.792
2011-07-15,Srisailam,10.18,52.043
2011-07-16,Srisailam,9.037,51.854
2011-07-17,Srisailam,10.063,52.865
2011-07-18,Srisailam,9.331,51.362
2011-07-19,Srisailam,8.6,50.935
2011-07-20,Srisailam,7.869,50.692
2011-07-21,Srisailam,5009.022,50.33
2011-07-22,Srisailam,4965.578,55.549
2011-07-23,Srisailam,4811.472,79.216
2011-07-24,Srisailam,4181.056,95.365
2011-07-25,Srisailam,3187.937,108.378
2011-07-26,Srisailam,4201.188,121.374
2011-07-27,Srisailam,3479.941,133.561
2011-07-28,Srisailam,3762.028,143.932
2011-07-29,Srisailam,1182.762,143.932
2011-07-30,Srisailam,887.339,152.275
2011-07-31,Srisailam,1252.445,156.032
2011-08-01,Srisailam,781.122,160.18
2011-08-02,Srisailam,1159.099,161.979
2011-08-03,Srisailam,1209.074,164.718
2011-08-04,Srisailam,1622.766,167.198
2011-08-05,Srisailam,1663.552,168.441
2011-08-06,Srisailam,1889.704,170.972
2011-08-07,Srisailam,2516.626,179.156
2011-08-08,Srisailam,2642.31,180.527
2011-08-09,Srisailam,2631.929,188.471
2011-08-10,Srisailam,2361.976,197.187
2011-08-11,Srisailam,1348.656,204.022
2011-08-12,Srisailam,627.629,206.747
2011-08-13,Srisailam,634.108,206.354
2011-08-14,Srisailam,739.017,205.961
2011-08-15,Srisailam,1053.355,204.782
2011-08-16,Srisailam,1525.91,205.568
2011-08-17,Srisailam,1968.459,207.533
2011-08-18,Srisailam,2082.847,210.677
2011-08-19,Srisailam,1679.812,218.742
2011-08-20,Srisailam,1275.79,222.878
2011-08-21,Srisailam,1314.189,229.618
2011-08-22,Srisailam,424.39,236.992
2011-08-23,Srisailam,329.595,239.2
2011-08-24,Srisailam,789.683,240.987
2011-08-25,Srisailam,1130.089,239.647
2011-08-26,Srisailam,354.237,243.22
2011-08-27,Srisailam,291.477,241.88
2011-08-28,Srisailam,264.771,241.88
2011-08-29,Srisailam,775.005,238.307
2011-08-30,Srisailam,4336.844,235.257
2011-08-31,Srisailam,4497.328,232.689
2011-09-01,Srisailam,4524.689,241.88
2011-09-02,Srisailam,4637.611,252.31
2011-09-03,Srisailam,4253.219,257.397
2011-09-04,Srisailam,5838.222,257.867
2011-09-05,Srisailam,7727.936,254.609
2011-09-06,Srisailam,7428.839,254.609
2011-09-07,Srisailam,7129.742,258.336
2011-09-08,Srisailam,8469.635,256.927
2011-09-09,Srisailam,7486.467,255.069
2011-09-10,Srisailam,2723.803,257.867
2011-09-11,Srisailam,4054.774,258.336
2011-09-12,Srisailam,3408.619,257.867
2011-09-13,Srisailam,925.78,256.458
2011-09-14,Srisailam,318.856,256.927
2011-09-15,Srisailam,310.492,256.458
2011-09-16,Srisailam,320.943,255.528
2011-09-17,Srisailam,314.079,253.23
2011-09-18,Srisailam,458.401,250.471
2011-09-19,Srisailam,314.152,248.172
2011-09-20,Srisailam,289.695,246.347
2011-09-21,Srisailam,257.803,245.9
2011-09-22,Srisailam,261.117,244.113
2011-09-23,Srisailam,250.877,242.327
2011-09-24,Srisailam,236.245,240.987
2011-09-25,Srisailam,186.766,240.093
2011-09-26,Srisailam,89.363,238.753
2011-09-27,Srisailam,66.011,237.182
2011-09-28,Srisailam,61.077,232.864
2011-09-29,Srisailam,59.19,229.618
2011-09-30,Srisailam,62.141,227.923
2011-10-01,Srisailam,68.259,224.559
2011-10-02,Srisailam,65.601,220.775
2011-10-03,Srisailam,69.866,217.929
2011-10-04,Srisailam,119.831,214.269
2011-10-05,Srisailam,118.45,213.049
2011-10-06,Srisailam,92.79,211.464
2011-10-07,Srisailam,74.637,207.533
2011-10-08,Srisailam,62.603,204.022
2011-10-09,Srisailam,62.141,202.503
2011-10-10,Srisailam,56.372,201.744
2011-10-11,Srisailam,56.687,199.845
2011-10-12,Srisailam,60.738,198.706
2011-10-13,Srisailam,77.78,197.947
2011-10-14,Srisailam,131.904,196.822
2011-10-15,Srisailam,99.939,195.725
2011-10-16,Srisailam,89.433,193.165
2011-10-17,Srisailam,78.24,192.068
2011-10-18,Srisailam,76.417,190.24
2011-10-19,Srisailam,75.597,186.716
2011-10-20,Srisailam,71.125,184.611
2011-10-21,Srisailam,62.69,182.52
2011-10-22,Srisailam,76.726,180.165
2011-10-23,Srisailam,75.893,178.82
2011-10-24,Srisailam,70.152,177.81
2011-10-25,Srisailam,63.279,175.806
2011-10-26,Srisailam,62.141,174.839
2011-10-27,Srisailam,58.369,174.839
2011-10-28,Srisailam,72.481,175.484
2011-10-29,Srisailam,84.546,176.128
2011-10-30,Srisailam,87.751,176.465
2011-10-31,Srisailam,79.75,176.801
2011-11-01,Srisailam,75.241,177.138
2011-11-02,Srisailam,70.732,176.128
2011-11-03,Srisailam,70.243,176.128
2011-11-04,Srisailam,58.633,176.128
2011-11-05,Srisailam,59.066,176.128
2011-11-06,Srisailam,70.763,176.465
2011-11-07,Srisailam,56.919,176.801
2011-11-08,Srisailam,54.45,177.474
2011-11-09,Srisailam,54.993,177.474
2011-11-10,Srisailam,58.664,176.465
2011-11-11,Srisailam,58.768,174.839
2011-11-12,Srisailam,67.753,172.906
2011-11-13,Srisailam,70.763,171.939
2011-11-14,Srisailam,71.832,170.65
2011-11-15,Srisailam,70.614,168.753
2011-11-16,Srisailam,76.256,166.578
2011-11-17,Srisailam,77.517,165.958
2011-11-18,Srisailam,77.047,165.648
2011-11-19,Srisailam,76.408,165.028
2011-11-20,Srisailam,75.893,164.413
2011-11-21,Srisailam,79.73,164.108
2011-11-22,Srisailam,82.358,163.498
2011-11-23,Srisailam,81.188,162.888
2011-11-24,Srisailam,83.281,162.583
2011-11-25,Srisailam,79.114,162.278
2011-11-26,Srisailam,73.715,161.679
2011-11-27,Srisailam,74.186,161.379
2011-11-28,Srisailam,79.194,161.679
2011-11-29,Srisailam,78.408,161.379
2011-11-30,Srisailam,75.851,161.679
2011-12-01,Srisailam,70.806,161.379
2011-12-02,Srisailam,57.145,161.079
2011-12-03,Srisailam,51.387,160.479
2011-12-04,Srisailam,44.563,159.88
2011-12-05,Srisailam,54.788,159.58
2011-12-06,Srisailam,55.169,158.98
2011-12-07,Srisailam,52.642,158.381
2011-12-08,Srisailam,54.407,158.08
2011-12-09,Srisailam,55.171,157.781
2011-12-10,Srisailam,52.358,157.481
2011-12-11,Srisailam,51.655,156.611
2011-12-12,Srisailam,49.29,156.322
2011-12-13,Srisailam,47.685,155.742
2011-12-14,Srisailam,48.021,154.873
2011-12-15,Srisailam,46.17,154.838
2011-12-16,Srisailam,46.464,154.004
2011-12-17,Srisailam,46.763,153.714
2011-12-18,Srisailam,46.345,153.424
2011-12-19,Srisailam,48.675,153.134
2011-12-20,Srisailam,51.005,152.845
2011-12-21,Srisailam,48.598,151.705
2011-12-22,Srisailam,46.19,151.135
2011-12-23,Srisailam,46.242,150.285
2011-12-24,Srisailam,46.293,149.445
2011-12-25,Srisailam,46.345,148.885
2011-12-26,Srisailam,46.958,148.325
2011-12-27,Srisailam,44.067,147.485
2011-12-28,Srisailam,43.579,146.925
2011-12-29,Srisailam,45.357,146.365
2011-12-30,Srisailam,47.135,145.816
2011-12-31,Srisailam,46.255,145.008
2012-01-01,Srisailam,48.12,144.739
2012-01-02,Srisailam,46.788,144.47
2012-01-03,Srisailam,45.565,144.47
2012-01-04,Srisailam,40.249,144.201
2012-01-05,Srisailam,36.682,144.201
2012-01-06,Srisailam,46.018,143.662
2012-01-07,Srisailam,45.704,142.855
2012-01-08,Srisailam,41.989,142.317
2012-01-09,Srisailam,45.15,142.048
2012-01-10,Srisailam,45.884,141.515
2012-01-11,Srisailam,48.791,141.251
2012-01-12,Srisailam,51.055,140.988
2012-01-13,Srisailam,52.866,140.46
2012-01-14,Srisailam,51.604,139.669
2012-01-15,Srisailam,46.278,138.637
2012-01-16,Srisailam,49.33,137.346
2012-01-17,Srisailam,50.982,136.055
2012-01-18,Srisailam,53.79,135.045
2012-01-19,Srisailam,54.049,133.067
2012-01-20,Srisailam,55.992,129.412
2012-01-21,Srisailam,55.602,128.23
2012-01-22,Srisailam,55.521,127.284
2012-01-23,Srisailam,52.389,126.338
2012-01-24,Srisailam,50.042,125.413
2012-01-25,Srisailam,54.769,124.511
2012-01-26,Srisailam,55.521,123.383
2012-01-27,Srisailam,55.097,122.48
2012-01-28,Srisailam,55.917,121.594
2012-01-29,Srisailam,53.918,120.493
2012-01-30,Srisailam,55.704,119.635
2012-01-31,Srisailam,56.292,118.562
2012-02-01,Srisailam,55.791,117.489
2012-02-02,Srisailam,56.477,116.04
2012-02-03,Srisailam,57.595,114.613
2012-02-04,Srisailam,73.806,113.39
2012-02-05,Srisailam,76.697,112.596
2012-02-06,Srisailam,75.603,112.015
2012-02-07,Srisailam,70.848,111.242
2012-02-08,Srisailam,69.893,108.931
2012-02-09,Srisailam,68.537,107.642
2012-02-10,Srisailam,69.054,106.722
2012-02-11,Srisailam,61.071,104.027
2012-02-12,Srisailam,52.341,100.911
2012-02-13,Srisailam,49.454,99.904
2012-02-14,Srisailam,47.14,99.233
2012-02-15,Srisailam,46.645,97.923
2012-02-16,Srisailam,46.937,96.324
2012-02-17,Srisailam,47.656,93.533
2012-02-18,Srisailam,45.255,90.997
2012-02-19,Srisailam,46.278,88.413
2012-02-20,Srisailam,46.278,87.018
2012-02-21,Srisailam,44.621,84.733
2012-02-22,Srisailam,44.893,83.934
2012-02-23,Srisailam,44.203,83.296
2012-02-24,Srisailam,42.251,82.403
2012-02-25,Srisailam,41.944,81.261
2012-02-26,Srisailam,44.824,80.649
2012-02-27,Srisailam,41.675,80.159
2012-02-28,Srisailam,44.154,79.425
2012-02-29,Srisailam,50.902,78.232
2012-03-01,Srisailam,50.235,76.824
2012-03-02,Srisailam,45.917,74.235
2012-03-03,Srisailam,46.025,73.485
2012-03-04,Srisailam,46.278,72.627
2012-03-05,Srisailam,46.277,71.792
2012-03-06,Srisailam,45.754,70.164
2012-03-07,Srisailam,44.935,68.718
2012-03-08,Srisailam,46.574,67.871
2012-03-09,Srisailam,42.989,67.142
2012-03-10,Srisailam,38.945,66.325
2012-03-11,Srisailam,30.82,65.02
2012-03-12,Srisailam,25.319,64.588
2012-03-13,Srisailam,19.818,63.752
2012-03-14,Srisailam,17.065,62.999
2012-03-15,Srisailam,14.834,62.437
2012-03-16,Srisailam,12.603,61.634
2012-03-17,Srisailam,10.373,60.853
2012-03-18,Srisailam,8.142,60.391
2012-03-19,Srisailam,7.39,59.928
2012-03-20,Srisailam,6.639,59.48
2012-03-21,Srisailam,6.293,59.406
2012-03-22,Srisailam,5.635,59.109
2012-03-23,Srisailam,5.324,55.172
2012-03-24,Srisailam,4.755,58.008
2012-03-25,Srisailam,4.186,57.435
2012-03-26,Srisailam,3.146,57.005
2012-03-27,Srisailam,2.105,56.656
2012-03-28,Srisailam,1.874,56.379
2012-03-29,Srisailam,1.971,55.964
2012-03-30,Srisailam,1.979,55.618
2012-03-31,Srisailam,1.9,55.415
2012-04-01,Srisailam,1.19,55.015
2012-04-02,Srisailam,1.553,54.881
2012-04-03,Srisailam,1.529,54.681
2012-04-04,Srisailam,0.46,54.414
2012-04-05,Srisailam,16.861,54.28
2012-04-06,Srisailam,16.236,54.149
2012-04-07,Srisailam,18.052,53.955
2012-04-08,Srisailam,15.029,53.955
2012-04-09,Srisailam,16.926,53.697
2012-04-10,Srisailam,17.721,53.503
2012-04-11,Srisailam,18.45,53.309
2012-04-12,Srisailam,13.527,53.18
2012-04-13,Srisailam,8.604,53.05
2012-04-14,Srisailam,3.68,52.859
2012-04-15,Srisailam,2.788,52.733
2012-04-16,Srisailam,2.116,52.545
2012-04-17,Srisailam,1.914,52.419
2012-04-18,Srisailam,2.314,52.294
2012-04-19,Srisailam,2.365,52.231
2012-04-20,Srisailam,2.416,52.168
2012-04-21,Srisailam,2.467,52.043
2012-04-22,Srisailam,2.788,51.851
2012-04-23,Srisailam,2.436,51.792
2012-04-24,Srisailam,2.438,51.729
2012-04-25,Srisailam,2.418,51.605
2012-04-26,Srisailam,2.442,51.544
2012-04-27,Srisailam,56.04,51.544
2012-04-28,Srisailam,59.816,51.544
2012-04-29,Srisailam,43.228,51.483
2012-04-30,Srisailam,35.415,51.483
2012-05-01,Srisailam,27.602,51.423
2012-05-02,Srisailam,19.789,51.423
2012-05-03,Srisailam,11.976,51.423
2012-05-04,Srisailam,9.401,51.362
2012-05-05,Srisailam,8.932,51.362
2012-05-06,Srisailam,9.843,51.301
2012-05-07,Srisailam,11.209,51.24
2012-05-08,Srisailam,10.709,51.179
2012-05-09,Srisailam,10.151,50.935
2012-05-10,Srisailam,9.767,50.935
2012-05-11,Srisailam,9.091,50.874
2012-05-12,Srisailam,8.95,50.753
2012-05-13,Srisailam,8.967,50.631
2012-05-14,Srisailam,8.542,50.631
2012-05-15,Srisailam,8.079,51.362
2012-05-16,Srisailam,7.561,51.057
2012-05-17,Srisailam,7.685,50.996
2012-05-18,Srisailam,7.643,50.753
2012-05-19,Srisailam,7.716,50.57
2012-05-20,Srisailam,8.142,50.389
2012-05-21,Srisailam,7.999,50.33
2012-05-22,Srisailam,7.779,50.272
2012-05-23,Srisailam,7.773,50.213
2012-05-24,Srisailam,7.84,50.155
2012-05-25,Srisailam,7.894,50.096
2012-05-26,Srisailam,7.834,50.037
2012-05-27,Srisailam,7.366,49.979
2012-05-28,Srisailam,7.14,49.745
2012-05-29,Srisailam,7.173,49.51
2012-05-30,Srisailam,7.206,49.276
2012-05-31,Srisailam,7.238,49.042
2012-06-01,Srisailam,7.21,48.807
2012-06-02,Srisailam,6.902,48.693
2012-06-03,Srisailam,6.809,48.75
2012-06-04,Srisailam,6.371,48.75
2012-06-05,Srisailam,5.98,48.807
2012-06-06,Srisailam,5.583,48.807
2012-06-07,Srisailam,5.559,48.807
2012-06-08,Srisailam,5.91,48.865
2012-06-09,Srisailam,5.409,48.922
2012-06-10,Srisailam,6.165,49.037
2012-06-11,Srisailam,5.467,48.979
2012-06-12,Srisailam,5.369,48.807
2012-06-13,Srisailam,6.35,48.463
2012-06-14,Srisailam,7.332,48.349
2012-06-15,Srisailam,7.121,48.234
2012-06-16,Srisailam,6.959,48.177
2012-06-17,Srisailam,6.165,48.119
2012-06-18,Srisailam,6.902,48.177
2012-06-19,Srisailam,6.718,48.291
2012-06-20,Srisailam,7.081,48.291
2012-06-21,Srisailam,8.089,48.291
2012-06-22,Srisailam,7.784,48.349
2012-06-23,Srisailam,7.363,48.349
2012-06-24,Srisailam,6.165,48.349
2012-06-25,Srisailam,6.618,48.349
2012-06-26,Srisailam,6.397,48.349
2012-06-27,Srisailam,12.085,48.406
2012-06-28,Srisailam,7.904,48.463
2012-06-29,Srisailam,7.605,48.521
2012-06-30,Srisailam,7.158,48.521
2012-07-01,Srisailam,7.144,48.521
2012-07-02,Srisailam,6.516,48.463
2012-07-03,Srisailam,6.247,48.291
2012-07-04,Srisailam,5.911,48.064
2012-07-05,Srisailam,5.736,47.786
2012-07-06,Srisailam,5.81,47.396
2012-07-07,Srisailam,5.675,47.396
2012-07-08,Srisailam,5.857,47.396
2012-07-09,Srisailam,5.728,47.396
2012-07-10,Srisailam,5.932,47.396
2012-07-11,Srisailam,8.942,47.396
2012-07-12,Srisailam,8.262,47.396
2012-07-13,Srisailam,7.098,47.396
2012-07-14,Srisailam,6.784,47.396
2012-07-15,Srisailam,5.857,47.396
2012-07-16,Srisailam,6.295,47.396
2012-07-17,Srisailam,6.093,47.119
2012-07-18,Srisailam,28.718,47.112
2012-07-19,Srisailam,51.343,46.9
2012-07-20,Srisailam,25.381,46.792
2012-07-21,Srisailam,25.924,46.63
2012-07-22,Srisailam,49.154,46.468
2012-07-23,Srisailam,15.78,46.253
2012-07-24,Srisailam,8.069,45.929
2012-07-25,Srisailam,6.501,45.668
2012-07-26,Srisailam,10.562,45.407
2012-07-27,Srisailam,14.624,45.146
2012-07-28,Srisailam,7.045,45.146
2012-07-29,Srisailam,5.268,45.198
2012-07-30,Srisailam,3.869,45.251
2012-07-31,Srisailam,2.471,45.251
2012-08-01,Srisailam,2.362,45.303
2012-08-02,Srisailam,2.128,45.303
2012-08-03,Srisailam,1.718,45.303
2012-08-04,Srisailam,1.569,45.355
2012-08-05,Srisailam,1.351,45.355
2012-08-06,Srisailam,1.023,45.459
2012-08-07,Srisailam,7.642,46.684
2012-08-08,Srisailam,7.237,47.007
2012-08-09,Srisailam,355.919,47.341
2012-08-10,Srisailam,1473.311,47.396
2012-08-11,Srisailam,1647.774,47.619
2012-08-12,Srisailam,2149.276,48.008
2012-08-13,Srisailam,2484.791,49.739
2012-08-14,Srisailam,2339.235,55.618
2012-08-15,Srisailam,1307.172,64.337
2012-08-16,Srisailam,496.246,72.306
2012-08-17,Srisailam,236.452,76.477
2012-08-18,Srisailam,208.829,80.527
2012-08-19,Srisailam,207.847,81.138
2012-08-20,Srisailam,214.308,82.276
2012-08-21,Srisailam,214.919,82.786
2012-08-22,Srisailam,174.101,83.806
2012-08-23,Srisailam,45.295,84.334
2012-08-24,Srisailam,22.042,84.867
2012-08-25,Srisailam,22.652,86.466
2012-08-26,Srisailam,54.101,87.436
2012-08-27,Srisailam,55.524,88.274
2012-08-28,Srisailam,51.537,89.39
2012-08-29,Srisailam,46.777,91.435
2012-08-30,Srisailam,42.914,92.922
2012-08-31,Srisailam,39.548,93.227
2012-09-01,Srisailam,49.813,93.852
2012-09-02,Srisailam,269.653,94.143
2012-09-03,Srisailam,275.465,95.212
2012-09-04,Srisailam,1082.398,96.164
2012-09-05,Srisailam,2177.507,103.324
2012-09-06,Srisailam,4313.236,111.435
2012-09-07,Srisailam,3349.626,127.521
2012-09-08,Srisailam,2775.735,143.933
2012-09-09,Srisailam,2761.399,154.586
2012-09-10,Srisailam,2392.102,165.032
2012-09-11,Srisailam,853.731,170.328
2012-09-12,Srisailam,1216.152,179.829
2012-09-13,Srisailam,1511.501,181.511
2012-09-14,Srisailam,1002.171,183.208
2012-09-15,Srisailam,1197.008,185.664
2012-09-16,Srisailam,970.922,186.366
2012-09-17,Srisailam,303.171,189.523
2012-09-18,Srisailam,221.944,186.015
2012-09-19,Srisailam,234.3,184.26
2012-09-20,Srisailam,205.603,184.26
2012-09-21,Srisailam,200.271,182.184
2012-09-22,Srisailam,88.341,179.156
2012-09-23,Srisailam,65.959,175.806
2012-09-24,Srisailam,61.012,173.228
2012-09-25,Srisailam,65.845,170.328
2012-09-26,Srisailam,54.748,165.962
2012-09-27,Srisailam,46.815,163.481
2012-09-28,Srisailam,126.806,161.382
2012-09-29,Srisailam,116.417,159.283
2012-09-30,Srisailam,95.437,158.083
2012-10-01,Srisailam,100.868,157.784
2012-10-02,Srisailam,180.024,158.083
2012-10-03,Srisailam,170.267,158.683
2012-10-04,Srisailam,134.628,159.883
2012-10-05,Srisailam,98.424,161.682
2012-10-06,Srisailam,110.961,161.382
2012-10-07,Srisailam,130.505,161.082
2012-10-08,Srisailam,1409.383,160.183
2012-10-09,Srisailam,2110.679,159.883
2012-10-10,Srisailam,1360.341,166.582
2012-10-11,Srisailam,1301.755,171.617
2012-10-12,Srisailam,427.696,173.873
2012-10-13,Srisailam,264.73,176.121
2012-10-14,Srisailam,269.653,177.474
2012-10-15,Srisailam,226.2,177.474
2012-10-16,Srisailam,245.225,177.474
2012-10-17,Srisailam,251.517,176.121
2012-10-18,Srisailam,206.707,174.195
2012-10-19,Srisailam,78.61,173.55
2012-10-20,Srisailam,73.828,173.228
2012-10-21,Srisailam,59.035,174.195
2012-10-22,Srisailam,65.968,173.55
2012-10-23,Srisailam,67.575,173.228
2012-10-24,Srisailam,64.191,172.261
2012-10-25,Srisailam,60.729,171.939
2012-10-26,Srisailam,70.609,171.617
2012-10-27,Srisailam,57.366,170.972
2012-10-28,Srisailam,50.933,169.373
2012-10-29,Srisailam,60.912,168.753
2012-10-30,Srisailam,59.8,167.512
2012-10-31,Srisailam,60.207,166.582
2012-11-01,Srisailam,60.812,166.272
2012-11-02,Srisailam,79.624,165.342
2012-11-03,Srisailam,141.335,165.032
2012-11-04,Srisailam,140.806,167.202
2012-11-05,Srisailam,116.591,168.443
2012-11-06,Srisailam,97.554,170.005
2012-11-07,Srisailam,92.29,170.328
2012-11-08,Srisailam,74.29,169.704
2012-11-09,Srisailam,72.522,168.145
2012-11-10,Srisailam,66.146,167.209
2012-11-11,Srisailam,65.959,165.962
2012-11-12,Srisailam,64.494,166.586
2012-11-13,Srisailam,65.959,166.586
2012-11-14,Srisailam,65.235,165.962
2012-11-15,Srisailam,66.991,165.342
2012-11-16,Srisailam,66.71,164.411
2012-11-17,Srisailam,64.303,163.181
2012-11-18,Srisailam,65.959,162.281
2012-11-19,Srisailam,60.878,161.982
2012-11-20,Srisailam,63.172,161.681
2012-11-21,Srisailam,74.623,161.681
2012-11-22,Srisailam,76.883,161.082
2012-11-23,Srisailam,76.964,160.779
2012-11-24,Srisailam,76.844,160.479
2012-11-25,Srisailam,73.276,160.479
2012-11-26,Srisailam,73.46,159.883
2012-11-27,Srisailam,76.153,159.58
2012-11-28,Srisailam,73.276,159.58
2012-11-29,Srisailam,71.089,159.283
2012-11-30,Srisailam,70.372,159.283
2012-12-01,Srisailam,66.64,137.587
2012-12-02,Srisailam,64.191,115.891
2012-12-03,Srisailam,67.043,115.891
2012-12-04,Srisailam,66.178,115.891
2012-12-05,Srisailam,66.557,116.171
2012-12-06,Srisailam,66.544,116.171
2012-12-07,Srisailam,63.115,116.452
2012-12-08,Srisailam,64.524,116.452
2012-12-09,Srisailam,62.448,116.452
2012-12-10,Srisailam,64.924,116.452
2012-12-11,Srisailam,57.21,116.732
2012-12-12,Srisailam,54.126,116.732
2012-12-13,Srisailam,55.969,116.732
2012-12-14,Srisailam,55.957,117.013
2012-12-15,Srisailam,51.178,117.013
2012-12-16,Srisailam,47.428,117.013
2012-12-17,Srisailam,45.848,117.013
2012-12-18,Srisailam,44.269,117.013
2012-12-19,Srisailam,43.048,117.293
2012-12-20,Srisailam,45.784,117.293
2012-12-21,Srisailam,44.903,117.293
2012-12-22,Srisailam,45.559,117.293
2012-12-23,Srisailam,44.975,117.293
2012-12-24,Srisailam,45.722,117.293
2012-12-25,Srisailam,43.79,117.013
2012-12-26,Srisailam,43.32,117.013
2012-12-27,Srisailam,43.456,117.013
2012-12-28,Srisailam,40.727,117.013
2012-12-29,Srisailam,40.097,117.013
2012-12-30,Srisailam,41.5,117.013
2012-12-31,Srisailam,41.172,117.013
2013-01-01,Srisailam,43.161,117.013
2013-01-02,Srisailam,46.915,117.013
2013-01-03,Srisailam,47.5,117.013
2013-01-04,Srisailam,49.212,117.013
2013-01-05,Srisailam,53.436,117.013
2013-01-06,Srisailam,49.994,115.891
2013-01-07,Srisailam,53.526,114.769
2013-01-08,Srisailam,54.742,114.489
2013-01-09,Srisailam,55.03,113.457
2013-01-10,Srisailam,55.997,113.207
2013-01-11,Srisailam,54.568,112.956
2013-01-12,Srisailam,53.139,112.706
2013-01-13,Srisailam,52.678,112.455
2013-01-14,Srisailam,54.066,112.455
2013-01-15,Srisailam,57.193,112.205
2013-01-16,Srisailam,57.88,111.704
2013-01-17,Srisailam,59.561,111.704
2013-01-18,Srisailam,57.358,111.454
2013-01-19,Srisailam,57.717,111.454
2013-01-20,Srisailam,56.936,111.203
2013-01-21,Srisailam,50.742,111.203
2013-01-22,Srisailam,49.614,111.203
2013-01-23,Srisailam,52.114,110.953
2013-01-24,Srisailam,51.683,109.897
2013-01-25,Srisailam,52.678,109.633
2013-01-26,Srisailam,52.678,110.587
2013-01-27,Srisailam,54.066,108.313
2013-01-28,Srisailam,53.586,107.529
2013-01-29,Srisailam,49.752,107.017
2013-01-30,Srisailam,52.762,106.761
2013-01-31,Srisailam,52.306,106.249
2013-02-01,Srisailam,50.352,105.737
2013-02-02,Srisailam,49.961,105.226
2013-02-03,Srisailam,49.994,104.984
2013-02-04,Srisailam,47.652,104.466
2013-02-05,Srisailam,47.157,103.722
2013-02-06,Srisailam,47.873,102.235
2013-02-07,Srisailam,48.177,101.259
2013-02-08,Srisailam,50.525,100.54
2013-02-09,Srisailam,50.077,100.3
2013-02-10,Srisailam,55.485,99.58
2013-02-11,Srisailam,52.934,98.861
2013-02-12,Srisailam,50.382,98.008
2013-02-13,Srisailam,47.831,97.154
2013-02-14,Srisailam,48.154,96.301
2013-02-15,Srisailam,46.303,96.088
2013-02-16,Srisailam,42.209,96.088
2013-02-17,Srisailam,37.227,96.088
2013-02-18,Srisailam,38.727,96.088
2013-02-19,Srisailam,38.673,96.088
2013-02-20,Srisailam,38.82,96.088
2013-02-21,Srisailam,40.949,96.088
2013-02-22,Srisailam,40.799,96.088
2013-02-23,Srisailam,39.671,96.088
2013-02-24,Srisailam,32.42,96.088
2013-02-25,Srisailam,19.215,96.088
2013-02-26,Srisailam,13.464,95.864
2013-02-27,Srisailam,7.714,95.864
2013-02-28,Srisailam,7.045,95.864
2013-03-01,Srisailam,6.379,95.64
2013-03-02,Srisailam,5.713,76.111
2013-03-03,Srisailam,5.047,94.519
2013-03-04,Srisailam,3.974,94.295
2013-03-05,Srisailam,2.901,93.847
2013-03-06,Srisailam,2.627,93.399
2013-03-07,Srisailam,2.487,92.966
2013-03-08,Srisailam,3.466,92.1
2013-03-09,Srisailam,4.445,91.234
2013-03-10,Srisailam,5.424,90.173
2013-03-11,Srisailam,4.844,89.127
2013-03-12,Srisailam,4.264,88.088
2013-03-13,Srisailam,3.684,87.28
2013-03-14,Srisailam,3.104,86.473
2013-03-15,Srisailam,2.525,85.508
2013-03-16,Srisailam,1.945,84.969
2013-03-17,Srisailam,1.365,84.252
2013-03-18,Srisailam,0.941,83.534
2013-03-19,Srisailam,0.276,82.781
2013-03-20,Srisailam,2.307,82.216
2013-03-21,Srisailam,4.338,81.274
2013-03-22,Srisailam,6.369,80.547
2013-03-23,Srisailam,5.429,79.82
2013-03-24,Srisailam,6.942,78.917
2013-03-25,Srisailam,6.042,77.689
2013-03-26,Srisailam,5.143,76.309
2013-03-27,Srisailam,5.027,75.461
2013-03-28,Srisailam,4.912,75.122
2013-03-29,Srisailam,4.671,74.3
2013-03-30,Srisailam,5.045,72.995
2013-03-31,Srisailam,4.297,71.827
2013-04-01,Srisailam,4.93,71.097
2013-04-02,Srisailam,4.85,69.877
2013-04-03,Srisailam,5.246,69.12
2013-04-04,Srisailam,5.096,68.092
2013-04-05,Srisailam,4.581,66.939
2013-04-06,Srisailam,4.067,65.131
2013-04-07,Srisailam,3.552,63.699
2013-04-08,Srisailam,3.207,62.612
2013-04-09,Srisailam,3.052,61.482
2013-04-10,Srisailam,2.994,60.261
2013-04-11,Srisailam,3.182,58.964
2013-04-12,Srisailam,2.988,57.937
2013-04-13,Srisailam,3.137,57.162
2013-04-14,Srisailam,3.182,56.645
2013-04-15,Srisailam,3.427,56.153
2013-04-16,Srisailam,3.672,55.956
2013-04-17,Srisailam,3.852,54.943
2013-04-18,Srisailam,3.825,53.445
2013-04-19,Srisailam,3.798,52.584
2013-04-20,Srisailam,3.683,51.837
2013-04-21,Srisailam,3.924,51.472
2013-04-22,Srisailam,3.084,51.29
2013-04-23,Srisailam,2.949,51.29
2013-04-24,Srisailam,2.814,50.936
2013-04-25,Srisailam,3.603,49.703
2013-04-26,Srisailam,3.689,49.106
2013-04-27,Srisailam,5.456,48.441
2013-04-28,Srisailam,11.184,47.868
2013-04-29,Srisailam,9.177,47.469
2013-04-30,Srisailam,9.137,46.914
2013-05-01,Srisailam,9.097,75.9
2013-05-02,Srisailam,9.057,104.885
2013-05-03,Srisailam,9.323,94.996
2013-05-04,Srisailam,9.517,67.804
2013-05-05,Srisailam,10.019,43.79
2013-05-06,Srisailam,8.613,36.727
2013-05-07,Srisailam,7.207,33.196
2013-05-08,Srisailam,6.65,43.59
2013-05-09,Srisailam,6.576,53.983
2013-05-10,Srisailam,6.358,64.376
2013-05-11,Srisailam,7.409,74.77
2013-05-12,Srisailam,6.942,85.164
2013-05-13,Srisailam,7.319,95.557
2013-05-14,Srisailam,6.31,105.95
2013-05-15,Srisailam,6.009,116.344
2013-05-16,Srisailam,6.106,116.397
2013-05-17,Srisailam,5.891,116.45
2013-05-18,Srisailam,5.389,116.503
2013-05-19,Srisailam,5.047,116.556
2013-05-20,Srisailam,5.147,116.609
2013-05-21,Srisailam,5.2,116.662
2013-05-22,Srisailam,5.32,116.715
2013-05-23,Srisailam,4.505,116.768
2013-05-24,Srisailam,4.204,116.821
2013-05-25,Srisailam,4.671,116.874
2013-05-26,Srisailam,4.671,116.927
2013-05-27,Srisailam,3.976,116.98
2013-05-28,Srisailam,4.12,117.033
2013-05-29,Srisailam,5.191,117.086
2013-05-30,Srisailam,6.263,117.139
2013-05-31,Srisailam,9.726,117.192
2013-06-01,Srisailam,9.533,117.245
2013-06-02,Srisailam,50.095,103.472
2013-06-03,Srisailam,34.506,94.29
2013-06-04,Srisailam,18.917,66.038
2013-06-05,Srisailam,10.79,43.437
2013-06-06,Srisailam,56.396,37.08
2013-06-07,Srisailam,29.189,32.843
2013-06-08,Srisailam,31.166,49.3
2013-06-09,Srisailam,29.848,65.756
2013-06-10,Srisailam,19.979,82.213
2013-06-11,Srisailam,11.307,98.669
2013-06-12,Srisailam,7.32,115.126
2013-06-13,Srisailam,6.23,115.182
2013-06-14,Srisailam,8.221,115.237
2013-06-15,Srisailam,4.489,115.293
2013-06-16,Srisailam,4.208,115.349
2013-06-17,Srisailam,3.617,115.405
2013-06-18,Srisailam,3.025,115.46
2013-06-19,Srisailam,2.928,115.516
2013-06-20,Srisailam,2.863,115.572
2013-06-21,Srisailam,2.791,115.628
2013-06-22,Srisailam,2.54,115.683
2013-06-23,Srisailam,2.396,115.739
2013-06-24,Srisailam,2.239,115.795
2013-06-25,Srisailam,2.18,115.851
2013-06-26,Srisailam,8.059,115.906
2013-06-27,Srisailam,7.111,115.962
2013-06-28,Srisailam,4.22,116.018
2013-06-29,Srisailam,3.097,116.074
2013-06-30,Srisailam,2.563,116.129
2013-07-01,Srisailam,2.163,116.185
2013-07-02,Srisailam,1.944,102.413
2013-07-03,Srisailam,2.163,93.937
2013-07-04,Srisailam,2.381,64.273
2013-07-05,Srisailam,2.382,43.084
2013-07-06,Srisailam,2.068,37.08
2013-07-07,Srisailam,1.669,32.489
2013-07-08,Srisailam,1.753,44.441
2013-07-09,Srisailam,1.838,56.392
2013-07-10,Srisailam,1.922,68.344
2013-07-11,Srisailam,19.988,80.295
2013-07-12,Srisailam,17.222,92.247
2013-07-13,Srisailam,10.648,104.198
2013-07-14,Srisailam,9.106,116.15
2013-07-15,Srisailam,6.732,116.132
2013-07-16,Srisailam,279.941,116.115
2013-07-17,Srisailam,553.15,116.097
2013-07-18,Srisailam,826.359,116.079
2013-07-19,Srisailam,1099.568,116.062
2013-07-20,Srisailam,1372.777,116.044
2013-07-21,Srisailam,3255.67,116.026
2013-07-22,Srisailam,3571.216,116.009
2013-07-23,Srisailam,3886.762,115.991
2013-07-24,Srisailam,4202.308,115.973
2013-07-25,Srisailam,4811.175,115.956
2013-07-26,Srisailam,5806.583,115.938
2013-07-27,Srisailam,5675.076,115.92
2013-07-28,Srisailam,6962.033,115.903
2013-07-29,Srisailam,6031.149,115.885
2013-07-30,Srisailam,5100.265,115.867
2013-07-31,Srisailam,4169.381,115.85
2013-08-01,Srisailam,3238.498,115.832
2013-08-02,Srisailam,4102.16,101.706
2013-08-03,Srisailam,4017.681,93.231
2013-08-04,Srisailam,5063.66,63.213
2013-08-05,Srisailam,5991.846,42.378
2013-08-06,Srisailam,5224.157,37.787
2013-08-07,Srisailam,3332.804,32.136
2013-08-08,Srisailam,480.479,54.935
2013-08-09,Srisailam,1841.528,77.735
2013-08-10,Srisailam,1736.54,100.534
2013-08-11,Srisailam,632.064,123.333
2013-08-12,Srisailam,281.33,146.132
2013-08-13,Srisailam,273.885,116.786
2013-08-14,Srisailam,288.908,116.68
2013-08-15,Srisailam,300.185,116.574
2013-08-16,Srisailam,1605.453,116.468
2013-08-17,Srisailam,1628.417,116.362
2013-08-18,Srisailam,1511.865,116.256
2013-08-19,Srisailam,1339.272,116.15
2013-08-20,Srisailam,771.654,116.044
2013-08-21,Srisailam,734.579,115.938
2013-08-22,Srisailam,1272.86,115.832
2013-08-23,Srisailam,1257.2,115.726
2013-08-24,Srisailam,1015.56,115.62
2013-08-25,Srisailam,941.14,115.514
2013-08-26,Srisailam,1166.449,115.408
2013-08-27,Srisailam,519.027,115.302
2013-08-28,Srisailam,283.583,115.196
2013-08-29,Srisailam,239.348,115.09
2013-08-30,Srisailam,273.966,114.985
2013-08-31,Srisailam,114.505,114.879
2013-09-01,Srisailam,102.697,114.773
2013-09-02,Srisailam,136.927,101.353
2013-09-03,Srisailam,131.485,92.171
2013-09-04,Srisailam,176.482,62.154
2013-09-05,Srisailam,180.84,42.731
2013-09-06,Srisailam,208.398,37.787
2013-09-07,Srisailam,130.487,32.136
2013-09-08,Srisailam,175.929,46.296
2013-09-09,Srisailam,539.437,60.456
2013-09-10,Srisailam,311.271,74.616
2013-09-11,Srisailam,720.042,88.776
2013-09-12,Srisailam,268.558,102.936
2013-09-13,Srisailam,251.329,117.096
2013-09-14,Srisailam,290.873,116.947
2013-09-15,Srisailam,238.904,116.799
2013-09-16,Srisailam,938.996,116.65
2013-09-17,Srisailam,2925.006,116.501
2013-09-18,Srisailam,2431.668,116.353
2013-09-19,Srisailam,1630.786,116.204
2013-09-20,Srisailam,1222.637,116.055
2013-09-21,Srisailam,547.675,115.906
2013-09-22,Srisailam,883.335,115.758
2013-09-23,Srisailam,1103.264,115.609
2013-09-24,Srisailam,317.877,115.46
2013-09-25,Srisailam,274.224,115.312
2013-09-26,Srisailam,230.572,115.163
2013-09-27,Srisailam,186.919,115.014
2013-09-28,Srisailam,195.11,114.866
2013-09-29,Srisailam,208.383,114.717
2013-09-30,Srisailam,231.567,114.568
2013-10-01,Srisailam,220.647,114.42
2013-10-02,Srisailam,209.727,101.0
2013-10-03,Srisailam,296.638,91.112
2013-10-04,Srisailam,285.074,61.094
2013-10-05,Srisailam,245.958,42.024
2013-10-06,Srisailam,197.241,37.787
2013-10-07,Srisailam,210.897,32.136
2013-10-08,Srisailam,224.554,46.406
2013-10-09,Srisailam,245.645,60.676
2013-10-10,Srisailam,266.736,74.947
2013-10-11,Srisailam,235.318,89.217
2013-10-12,Srisailam,223.85,103.487
2013-10-13,Srisailam,159.002,117.757
2013-10-14,Srisailam,126.903,117.563
2013-10-15,Srisailam,94.804,117.368
2013-10-16,Srisailam,74.334,117.174
2013-10-17,Srisailam,98.155,116.98
2013-10-18,Srisailam,91.688,116.786
2013-10-19,Srisailam,101.074,116.591
2013-10-20,Srisailam,77.967,116.397
2013-10-21,Srisailam,98.976,116.203
2013-10-22,Srisailam,119.986,116.009
2013-10-23,Srisailam,140.995,115.814
2013-10-24,Srisailam,162.004,115.62
2013-10-25,Srisailam,183.014,115.426
2013-10-26,Srisailam,204.023,115.232
2013-10-27,Srisailam,225.033,115.038
2013-10-28,Srisailam,247.889,114.843
2013-10-29,Srisailam,131.485,114.649
2013-10-30,Srisailam,98.156,114.455
2013-10-31,Srisailam,70.828,114.261
2013-11-01,Srisailam,69.995,114.066
2013-11-02,Srisailam,68.826,99.941
2013-11-03,Srisailam,53.763,90.052
2013-11-04,Srisailam,67.655,65.685
2013-11-05,Srisailam,66.021,41.318
2013-11-06,Srisailam,65.74,37.787
2013-11-07,Srisailam,64.086,32.136
2013-11-08,Srisailam,67.775,49.37
2013-11-09,Srisailam,63.882,66.603
2013-11-10,Srisailam,63.779,83.837
2013-11-11,Srisailam,66.698,101.07
2013-11-12,Srisailam,64.957,118.304
2013-11-13,Srisailam,68.274,118.081
2013-11-14,Srisailam,70.952,117.858
2013-11-15,Srisailam,68.991,117.635
2013-11-16,Srisailam,67.097,117.412
2013-11-17,Srisailam,68.991,117.189
2013-11-18,Srisailam,65.705,116.966
2013-11-19,Srisailam,62.638,116.743
2013-11-20,Srisailam,61.042,116.52
2013-11-21,Srisailam,63.115,116.297
2013-11-22,Srisailam,63.208,116.074
2013-11-23,Srisailam,61.976,115.851
2013-11-24,Srisailam,60.379,115.628
2013-11-25,Srisailam,64.865,115.405
2013-11-26,Srisailam,64.226,115.182
2013-11-27,Srisailam,63.319,114.959
2013-11-28,Srisailam,59.783,114.735
2013-11-29,Srisailam,59.118,114.512
2013-11-30,Srisailam,58.237,114.289
2013-12-01,Srisailam,55.394,114.066
2013-12-02,Srisailam,59.245,99.234
2013-12-03,Srisailam,45.66,88.993
2013-12-04,Srisailam,32.075,64.979
2013-12-05,Srisailam,33.398,40.965
2013-12-06,Srisailam,33.251,37.787
2013-12-07,Srisailam,32.388,32.136
2013-12-08,Srisailam,34.077,61.122
2013-12-09,Srisailam,32.797,90.109
2013-12-10,Srisailam,35.749,119.095
2013-12-11,Srisailam,36.312,148.081
2013-12-12,Srisailam,37.16,177.068
2013-12-13,Srisailam,45.379,147.191
2013-12-14,Srisailam,44.586,117.315
2013-12-15,Srisailam,45.851,116.997
2013-12-16,Srisailam,41.317,116.68
2013-12-17,Srisailam,44.162,116.362
2013-12-18,Srisailam,43.119,116.044
2013-12-19,Srisailam,44.4,115.726
2013-12-20,Srisailam,44.473,115.408
2013-12-21,Srisailam,47.669,115.09
2013-12-22,Srisailam,57.04,114.773
2013-12-23,Srisailam,53.922,114.455
2013-12-24,Srisailam,54.05,114.137
2013-12-25,Srisailam,63.779,113.819
2013-12-26,Srisailam,67.679,113.501
2013-12-27,Srisailam,56.619,113.184
2013-12-28,Srisailam,55.057,112.866
2013-12-29,Srisailam,60.379,112.548
2013-12-30,Srisailam,56.098,112.23
2013-12-31,Srisailam,49.034,111.912
2014-01-01,Srisailam,49.545,138.95
2014-01-02,Srisailam,50.956,165.988
2014-01-03,Srisailam,42.106,193.026
2014-01-04,Srisailam,34.466,193.026
2014-01-05,Srisailam,21.059,192.58
2014-01-06,Srisailam,22.187,192.135
2014-01-07,Srisailam,23.077,189.941
2014-01-08,Srisailam,24.247,189.072
2014-01-09,Srisailam,28.56,188.204
2014-01-10,Srisailam,39.733,186.466
2014-01-11,Srisailam,41.761,183.911
2014-01-12,Srisailam,50.549,181.791
2014-01-13,Srisailam,49.345,181.367
2014-01-14,Srisailam,55.394,180.179
2014-01-15,Srisailam,50.949,179.797
2014-01-16,Srisailam,56.112,179.797
2014-01-17,Srisailam,53.385,179.797
2014-01-18,Srisailam,51.721,179.797
2014-01-19,Srisailam,60.379,179.797
2014-01-20,Srisailam,51.745,179.797
2014-01-21,Srisailam,48.89,180.561
2014-01-22,Srisailam,45.294,180.179
2014-01-23,Srisailam,44.138,179.415
2014-01-24,Srisailam,45.354,179.032
2014-01-25,Srisailam,51.859,178.268
2014-01-26,Srisailam,57.04,177.504
2014-01-27,Srisailam,61.471,177.122
2014-01-28,Srisailam,60.347,175.975
2014-01-29,Srisailam,60.466,174.763
2014-01-30,Srisailam,55.413,173.55
2014-01-31,Srisailam,56.116,172.337
2014-02-01,Srisailam,54.62,171.124
2014-02-02,Srisailam,57.04,169.939
2014-02-03,Srisailam,49.912,168.754
2014-02-04,Srisailam,46.172,167.174
2014-02-05,Srisailam,38.088,165.612
2014-02-06,Srisailam,26.273,164.454
2014-02-07,Srisailam,25.498,163.682
2014-02-08,Srisailam,25.515,162.91
2014-02-09,Srisailam,31.314,162.138
2014-02-10,Srisailam,40.394,161.374
2014-02-11,Srisailam,40.575,160.619
2014-02-12,Srisailam,40.466,158.732
2014-02-13,Srisailam,40.976,156.483
2014-02-14,Srisailam,43.368,155.744
2014-02-15,Srisailam,43.094,154.266
2014-02-16,Srisailam,44.318,153.158
2014-02-17,Srisailam,42.616,152.122
2014-02-18,Srisailam,42.756,150.121
2014-02-19,Srisailam,44.635,147.394
2014-02-20,Srisailam,46.513,145.982
2014-02-21,Srisailam,48.391,144.217
2014-02-22,Srisailam,50.27,142.494
2014-02-23,Srisailam,52.148,140.772
2014-02-24,Srisailam,51.03,139.411
2014-02-25,Srisailam,49.911,138.404
2014-02-26,Srisailam,48.792,136.726
2014-02-27,Srisailam,47.674,134.42
2014-02-28,Srisailam,46.555,132.133
2014-03-01,Srisailam,45.437,130.375
2014-03-02,Srisailam,44.318,129.203
2014-03-03,Srisailam,39.079,128.91
2014-03-04,Srisailam,37.726,128.323
2014-03-05,Srisailam,22.883,127.399
2014-03-06,Srisailam,25.205,126.783
2014-03-07,Srisailam,31.576,126.166
2014-03-08,Srisailam,37.947,125.859
2014-03-09,Srisailam,44.318,125.243
2014-03-10,Srisailam,45.93,124.627
2014-03-11,Srisailam,47.542,124.329
2014-03-12,Srisailam,34.228,123.135
2014-03-13,Srisailam,23.379,122.538
2014-03-14,Srisailam,22.71,121.344
2014-03-15,Srisailam,22.014,120.467
2014-03-16,Srisailam,21.059,117.575
2014-03-17,Srisailam,31.314,115.05
2014-03-18,Srisailam,40.968,113.708
2014-03-19,Srisailam,41.998,111.705
2014-03-20,Srisailam,43.528,108.578
2014-03-21,Srisailam,41.059,105.738
2014-03-22,Srisailam,24.312,103.971
2014-03-23,Srisailam,23.53,102.236
2014-03-24,Srisailam,23.898,99.342
2014-03-25,Srisailam,23.046,97.582
2014-03-26,Srisailam,21.765,95.865
2014-03-27,Srisailam,17.426,93.848
2014-03-28,Srisailam,13.306,91.018
2014-03-29,Srisailam,12.105,88.5
2014-03-30,Srisailam,10.689,85.688
2014-03-31,Srisailam,8.56,82.782
2014-04-01,Srisailam,8.186,80.912
2014-04-02,Srisailam,7.55,78.567
2014-04-03,Srisailam,7.465,75.801
2014-04-04,Srisailam,7.113,73.159
2014-04-05,Srisailam,5.477,70.183
2014-04-06,Srisailam,8.895,67.364
2014-04-07,Srisailam,13.456,63.941
2014-04-08,Srisailam,13.646,61.482
2014-04-09,Srisailam,8.113,59.427
2014-04-10,Srisailam,8.255,59.08
2014-04-11,Srisailam,7.581,57.606
2014-04-12,Srisailam,8.287,56.646
2014-04-13,Srisailam,7.298,55.661
2014-04-14,Srisailam,8.56,54.636
2014-04-15,Srisailam,11.847,53.642
2014-04-16,Srisailam,11.645,52.869
2014-04-17,Srisailam,11.464,52.395
2014-04-18,Srisailam,7.914,52.395
2014-04-19,Srisailam,8.679,52.395
2014-04-20,Srisailam,9.237,52.395
2014-04-21,Srisailam,11.978,52.395
2014-04-22,Srisailam,11.897,52.395
2014-04-23,Srisailam,8.275,52.3
2014-04-24,Srisailam,9.011,52.3
2014-04-25,Srisailam,10.995,52.3
2014-04-26,Srisailam,26.654,52.3
2014-04-27,Srisailam,14.906,52.3
2014-04-28,Srisailam,12.76,52.3
2014-04-29,Srisailam,10.464,52.205
2014-04-30,Srisailam,8.979,52.205
2014-05-01,Srisailam,8.875,52.205
2014-05-02,Srisailam,8.77,52.205
2014-05-03,Srisailam,8.665,52.205
2014-05-04,Srisailam,8.56,52.205
2014-05-05,Srisailam,9.881,52.205
2014-05-06,Srisailam,9.435,52.205
2014-05-07,Srisailam,9.176,52.205
2014-05-08,Srisailam,8.858,52.205
2014-05-09,Srisailam,11.19,52.395
2014-05-10,Srisailam,13.522,52.49
2014-05-11,Srisailam,15.854,52.585
2014-05-12,Srisailam,14.799,52.679
2014-05-13,Srisailam,13.745,52.679
2014-05-14,Srisailam,12.69,52.774
2014-05-15,Srisailam,12.004,53.248
2014-05-16,Srisailam,11.319,53.445
2014-05-17,Srisailam,10.633,53.642
2014-05-18,Srisailam,9.947,53.938
2014-05-19,Srisailam,10.046,54.135
2014-05-20,Srisailam,9.865,54.431
2014-05-21,Srisailam,9.735,54.533
2014-05-22,Srisailam,9.043,54.943
2014-05-23,Srisailam,8.699,55.456
2014-05-24,Srisailam,7.618,55.456
2014-05-25,Srisailam,7.602,55.456
2014-05-26,Srisailam,6.846,55.456
2014-05-27,Srisailam,7.145,55.456
2014-05-28,Srisailam,6.572,55.456
2014-05-29,Srisailam,6.119,55.456
2014-05-30,Srisailam,9.016,55.456
2014-05-31,Srisailam,6.69,55.251
2014-06-01,Srisailam,17.217,55.046
2014-06-02,Srisailam,54.793,54.943
2014-06-03,Srisailam,2.435,54.533
2014-06-04,Srisailam,101.94,53.938
2014-06-05,Srisailam,79.061,53.642
2014-06-06,Srisailam,18.094,53.938
2014-06-07,Srisailam,39.304,53.839
2014-06-08,Srisailam,0.34,53.938
2014-06-09,Srisailam,8.353,53.839
2014-06-10,Srisailam,4.814,53.445
2014-06-11,Srisailam,6.258,53.248
2014-06-12,Srisailam,6.258,53.248
2014-06-13,Srisailam,6.513,53.248
2014-06-14,Srisailam,6.513,53.248
2014-06-15,Srisailam,6.258,53.248
2014-06-16,Srisailam,40.068,53.248
2014-06-17,Srisailam,71.67,53.347
2014-06-18,Srisailam,6.116,53.544
2014-06-19,Srisailam,73.199,53.544
2014-06-20,Srisailam,39.304,53.741
2014-06-21,Srisailam,6.4,53.839
2014-06-22,Srisailam,6.4,53.839
2014-06-23,Srisailam,6.173,53.839
2014-06-24,Srisailam,26.306,53.839
2014-06-25,Srisailam,6.598,53.741
2014-06-26,Srisailam,6.145,53.741
2014-06-27,Srisailam,5.692,53.741
2014-06-28,Srisailam,5.465,53.741
2014-06-29,Srisailam,26.986,53.741
2014-06-30,Srisailam,5.692,53.642
2014-07-01,Srisailam,4.078,53.687
2014-07-02,Srisailam,4.304,53.687
2014-07-03,Srisailam,27.92,53.687
2014-07-04,Srisailam,4.984,53.544
2014-07-05,Srisailam,4.757,53.544
2014-07-06,Srisailam,28.09,53.544
2014-07-07,Srisailam,4.276,53.445
2014-07-08,Srisailam,28.43,53.445
2014-07-09,Srisailam,36.727,53.347
2014-07-10,Srisailam,36.529,53.445
2014-07-11,Srisailam,68.98,53.544
2014-07-12,Srisailam,3.653,53.741
2014-07-13,Srisailam,3.879,53.741
2014-07-14,Srisailam,3.936,53.741
2014-07-15,Srisailam,3.426,53.741
2014-07-16,Srisailam,3.879,53.741
2014-07-17,Srisailam,3.879,53.741
2014-07-18,Srisailam,3.879,53.741
2014-07-19,Srisailam,5.154,53.741
2014-07-20,Srisailam,3.426,53.741
2014-07-21,Srisailam,2.945,53.741
2014-07-22,Srisailam,3.879,53.741
2014-07-23,Srisailam,2.492,53.741
2014-07-24,Srisailam,2.265,53.741
2014-07-25,Srisailam,30.186,53.741
2014-07-26,Srisailam,2.718,53.642
2014-07-27,Srisailam,2.265,53.642
2014-07-28,Srisailam,4.87,53.642
2014-07-29,Srisailam,22.54,52.869
2014-07-30,Srisailam,21.889,51.655
2014-07-31,Srisailam,1616.21,50.773
2014-08-01,Srisailam,3097.83,54.431
2014-08-02,Srisailam,4105.398,62.734
2014-08-03,Srisailam,3838.144,73.322
2014-08-04,Srisailam,9224.226,83.535
2014-08-05,Srisailam,8804.599,109.634
2014-08-06,Srisailam,8539.101,132.46
2014-08-07,Srisailam,5669.533,152.789
2014-08-08,Srisailam,3842.646,163.296
2014-08-09,Srisailam,4306.277,168.754
2014-08-10,Srisailam,3961.379,175.167
2014-08-11,Srisailam,4144.249,181.791
2014-08-12,Srisailam,4009.857,188.204
2014-08-13,Srisailam,2337.892,193.471
2014-08-14,Srisailam,1404.315,193.471
2014-08-15,Srisailam,1548.957,190.81
2014-08-16,Srisailam,1913.961,189.072
2014-08-17,Srisailam,533.234,186.9
2014-08-18,Srisailam,806.491,182.215
2014-08-19,Srisailam,223.788,177.504
2014-08-20,Srisailam,450.039,171.528
2014-08-21,Srisailam,501.972,165.612
2014-08-22,Srisailam,629.794,159.864
2014-08-23,Srisailam,1798.315,154.636
2014-08-24,Srisailam,2095.925,153.379
2014-08-25,Srisailam,4255.364,152.122
2014-08-26,Srisailam,5672.818,159.487
2014-08-27,Srisailam,3950.222,172.741
2014-08-28,Srisailam,1289.094,181.367
2014-08-29,Srisailam,5997.527,182.215
2014-08-30,Srisailam,6280.836,193.916
2014-08-31,Srisailam,4678.275,205.954
2014-09-01,Srisailam,5192.338,213.392
2014-09-02,Srisailam,6127.501,212.916
2014-09-03,Srisailam,6088.027,212.916
2014-09-04,Srisailam,5596.362,212.953
2014-09-05,Srisailam,4311.289,211.013
2014-09-06,Srisailam,3924.001,212.916
2014-09-07,Srisailam,2597.67,212.916
2014-09-08,Srisailam,3920.489,211.013
2014-09-09,Srisailam,6057.813,212.916
2014-09-10,Srisailam,5674.545,213.392
2014-09-11,Srisailam,4207.055,213.392
2014-09-12,Srisailam,2357.912,211.489
2014-09-13,Srisailam,3787.174,211.013
2014-09-14,Srisailam,4306.532,212.44
2014-09-15,Srisailam,3827.185,213.392
2014-09-16,Srisailam,2412.421,211.489
2014-09-17,Srisailam,1631.586,210.537
2014-09-18,Srisailam,2033.344,208.158
2014-09-19,Srisailam,2059.424,206.818
2014-09-20,Srisailam,1530.381,206.386
2014-09-21,Srisailam,1537.574,205.09
2014-09-22,Srisailam,1133.833,204.226
2014-09-23,Srisailam,1217.396,201.609
2014-09-24,Srisailam,778.004,199.783
2014-09-25,Srisailam,430.274,198.87
2014-09-26,Srisailam,115.079,197.044
2014-09-27,Srisailam,180.067,193.026
2014-09-28,Srisailam,31.686,189.941
2014-09-29,Srisailam,6.343,186.9
2014-09-30,Srisailam,100.355,180.943
2014-10-01,Srisailam,324.822,175.977
2014-10-02,Srisailam,111.37,172.337
2014-10-03,Srisailam,393.604,170.334
2014-10-04,Srisailam,447.519,168.359
2014-10-05,Srisailam,568.318,166.384
2014-10-06,Srisailam,35.651,164.84
2014-10-07,Srisailam,248.82,161.752
2014-10-08,Srisailam,32.706,160.619
2014-10-09,Srisailam,282.658,158.732
2014-10-10,Srisailam,62.665,156.113
2014-10-11,Srisailam,110.436,153.158
2014-10-12,Srisailam,107.207,149.12
2014-10-13,Srisailam,67.366,144.57
2014-10-14,Srisailam,60.258,138.069
2014-10-15,Srisailam,37.746,131.547
2014-10-16,Srisailam,14.923,124.935
2014-10-17,Srisailam,125.698,117.864
2014-10-18,Srisailam,331.25,111.705
2014-10-19,Srisailam,140.961,108.05
2014-10-20,Srisailam,22.427,105.227
2014-10-21,Srisailam,40.351,101.26
2014-10-22,Srisailam,11.61,97.795
2014-10-23,Srisailam,108.595,96.515
2014-10-24,Srisailam,1.161,96.089
2014-10-25,Srisailam,13.139,95.193
2014-10-26,Srisailam,403.967,94.52
2014-10-27,Srisailam,1335.335,95.102
2014-10-28,Srisailam,1027.305,98.649
2014-10-29,Srisailam,710.355,100.541
2014-10-30,Srisailam,211.98,101.26
2014-10-31,Srisailam,203.428,100.541
2014-11-01,Srisailam,9.09,98.649
2014-11-02,Srisailam,365.825,97.582
2014-11-03,Srisailam,278.326,97.369
2014-11-04,Srisailam,121.366,98.009
2014-11-05,Srisailam,167.805,98.222
2014-11-06,Srisailam,196.547,98.649
2014-11-07,Srisailam,65.582,99.102
2014-11-08,Srisailam,63.401,99.102
2014-11-09,Srisailam,27.127,98.009
2014-11-10,Srisailam,6.06,97.582
2014-11-11,Srisailam,35.198,96.515
2014-11-12,Srisailam,32.225,96.302
2014-11-13,Srisailam,241.995,96.089
2014-11-14,Srisailam,52.471,96.515
2014-11-15,Srisailam,50.432,95.865
2014-11-16,Srisailam,137.648,95.194
2014-11-17,Srisailam,227.865,94.97
2014-11-18,Srisailam,110.209,94.298
2014-11-19,Srisailam,102.592,93.401
2014-11-20,Srisailam,84.101,93.401
2014-11-21,Srisailam,18.123,93.401
2014-11-22,Srisailam,33.839,92.752
2014-11-23,Srisailam,64.081,92.102
2014-11-24,Srisailam,71.415,92.102
2014-11-25,Srisailam,30.299,91.669
2014-11-26,Srisailam,77.277,91.019
2014-11-27,Srisailam,64.392,90.593
2014-11-28,Srisailam,25.259,90.593
2014-11-29,Srisailam,2.888,90.384
2014-11-30,Srisailam,42.532,89.966
2014-12-01,Srisailam,14.215,89.965
2014-12-02,Srisailam,31.885,89.546
2014-12-03,Srisailam,38.652,89.128
2014-12-04,Srisailam,22.908,89.128
2014-12-05,Srisailam,64.732,89.128
2014-12-06,Srisailam,90.019,88.291
2014-12-07,Srisailam,38.907,88.089
2014-12-08,Srisailam,35.085,87.887
2014-12-09,Srisailam,35.962,87.483
2014-12-10,Srisailam,42.617,87.079
2014-12-11,Srisailam,9.741,85.868
2014-12-12,Srisailam,36.019,84.432
2014-12-13,Srisailam,78.749,82.782
2014-12-14,Srisailam,43.636,82.028
2014-12-15,Srisailam,33.017,81.84
2014-12-16,Srisailam,33.357,81.093
2014-12-17,Srisailam,230.952,79.821
2014-12-18,Srisailam,77.588,78.918
2014-12-19,Srisailam,102.365,77.865
2014-12-20,Srisailam,30.129,76.648
2014-12-21,Srisailam,21.946,76.309
2014-12-22,Srisailam,12.374,76.479
2014-12-23,Srisailam,105.763,76.14
2014-12-24,Srisailam,15.178,75.462
2014-12-25,Srisailam,44.684,75.462
2014-12-26,Srisailam,92.086,75.462
2014-12-27,Srisailam,18.434,74.464
2014-12-28,Srisailam,26.929,73.812
2014-12-29,Srisailam,92.369,74.627
2014-12-30,Srisailam,17.16,74.627
2014-12-31,Srisailam,18.916,74.464
2015-01-01,Srisailam,26.391,74.138
2015-01-02,Srisailam,44.741,74.954
2015-01-03,Srisailam,52.046,74.791
2015-01-04,Srisailam,40.663,74.627
2015-01-05,Srisailam,36.047,74.464
2015-01-06,Srisailam,52.443,74.138
2015-01-07,Srisailam,42.39,73.975
2015-01-08,Srisailam,0.481,73.648
2015-01-09,Srisailam,29.987,73.648
2015-01-10,Srisailam,46.723,73.648
2015-01-11,Srisailam,22.229,73.975
2015-01-12,Srisailam,19.255,74.464
2015-01-13,Srisailam,39.275,74.138
2015-01-14,Srisailam,31.233,73.648
2015-01-15,Srisailam,25.683,72.85
2015-01-16,Srisailam,58.927,72.412
2015-01-17,Srisailam,49.101,71.682
2015-01-18,Srisailam,38.907,71.244
2015-01-19,Srisailam,12.969,70.793
2015-01-20,Srisailam,48.393,70.183
2015-01-21,Srisailam,22.144,69.573
2015-01-22,Srisailam,11.836,68.827
2015-01-23,Srisailam,25.372,68.24
2015-01-24,Srisailam,4.191,67.364
2015-01-25,Srisailam,3.002,67.081
2015-01-26,Srisailam,46.723,66.799
2015-01-27,Srisailam,23.503,66.516
2015-01-28,Srisailam,6.683,66.092
2015-01-29,Srisailam,20.926,65.674
2015-01-30,Srisailam,2.888,64.996
2015-01-31,Srisailam,2.832,64.318
2015-02-01,Srisailam,10.817,63.941
2015-02-02,Srisailam,6.768,63.7
2015-02-03,Srisailam,11.468,63.337
2015-02-04,Srisailam,20.7,62.975
2015-02-05,Srisailam,36.472,61.985
2015-02-06,Srisailam,38.992,62.22
2015-02-07,Srisailam,14.98,60.744
2015-02-08,Srisailam,12.459,60.502
2015-02-09,Srisailam,2.067,60.382
2015-02-10,Srisailam,6.994,60.141
2015-02-11,Srisailam,5.493,59.659
2015-02-12,Srisailam,8.382,59.196
2015-02-13,Srisailam,8.41,58.733
2015-02-14,Srisailam,0.057,58.094
2015-02-15,Srisailam,57.2,56.941
2015-02-16,Srisailam,35.424,56.744
2015-02-17,Srisailam,25.174,56.055
2015-02-18,Srisailam,23.814,55.353
2015-02-19,Srisailam,24.975,54.738
2015-02-20,Srisailam,95.796,53.839
2015-02-21,Srisailam,132.947,53.347
2015-02-22,Srisailam,84.356,53.248
2015-02-23,Srisailam,59.522,53.445
2015-02-24,Srisailam,77.815,53.248
2015-02-25,Srisailam,3.823,53.347
2015-02-26,Srisailam,5.89,53.347
2015-02-27,Srisailam,11.638,53.347
2015-02-28,Srisailam,16.056,53.153
2015-03-01,Srisailam,13.309,53.153
2015-03-02,Srisailam,17.16,53.153
2015-03-03,Srisailam,23.843,53.153
2015-03-04,Srisailam,39.021,53.153
2015-03-05,Srisailam,29.28,53.248
2015-03-06,Srisailam,19.227,53.153
2015-03-07,Srisailam,17.585,53.153
2015-03-08,Srisailam,17.613,53.153
2015-03-09,Srisailam,17.103,53.153
2015-03-10,Srisailam,29.081,53.153
2015-03-11,Srisailam,74.105,53.059
2015-03-12,Srisailam,39.559,53.153
2015-03-13,Srisailam,55.189,53.153
2015-03-14,Srisailam,19.51,53.153
2015-03-15,Srisailam,14.3,52.964
2015-03-16,Srisailam,18.548,52.964
2015-03-17,Srisailam,6.4,52.49
2015-03-18,Srisailam,10.817,52.019
2015-03-19,Srisailam,16.565,50.939
2015-03-20,Srisailam,0.311,51.382
2015-03-21,Srisailam,64.845,51.2
2015-03-22,Srisailam,4.502,51.2
2015-03-23,Srisailam,16.084,49.789
2015-03-24,Srisailam,16.764,48.112
2015-03-25,Srisailam,9.543,45.471
2015-03-26,Srisailam,4.276,42.522
2015-03-27,Srisailam,10.845,40.474
2015-03-28,Srisailam,3.455,37.586
2015-03-29,Srisailam,6.116,35.231
2015-03-30,Srisailam,10.449,33.016
2015-03-31,Srisailam,3.256,32.239
2015-04-01,Srisailam,46.298,31.297
2015-04-02,Srisailam,37.378,31.089
2015-04-03,Srisailam,56.577,31.045
2015-04-04,Srisailam,48.478,31.132
2015-04-05,Srisailam,10.902,31.132
2015-04-06,Srisailam,124.736,31.132
2015-04-07,Srisailam,128.445,31.297
2015-04-08,Srisailam,180.774,31.337
2015-04-09,Srisailam,237.068,31.54
2015-04-10,Srisailam,94.465,31.837
2015-04-11,Srisailam,105.65,31.837
2015-04-12,Srisailam,106.075,32.105
2015-04-13,Srisailam,52.669,32.421
2015-04-14,Srisailam,35.113,32.421
2015-04-15,Srisailam,42.73,32.195
2015-04-16,Srisailam,32.366,32.239
2015-04-17,Srisailam,42.135,32.285
2015-04-18,Srisailam,34.745,32.285
2015-04-19,Srisailam,18.491,32.105
2015-04-20,Srisailam,51.537,32.105
2015-04-21,Srisailam,29.959,32.195
2015-04-22,Srisailam,35.481,32.105
2015-04-23,Srisailam,28.6,32.15
2015-04-24,Srisailam,24.296,32.061
2015-04-25,Srisailam,27.807,32.016
2015-04-26,Srisailam,13.167,31.926
2015-04-27,Srisailam,27.354,31.792
2015-04-28,Srisailam,72.321,31.622
2015-04-29,Srisailam,94.097,31.459
2015-04-30,Srisailam,70.169,31.5
2015-05-01,Srisailam,34.235,31.419
2015-05-02,Srisailam,38.256,31.5
2015-05-03,Srisailam,35.226,31.5
2015-05-04,Srisailam,4.842,31.5
2015-05-05,Srisailam,32.564,31.419
2015-05-06,Srisailam,34.15,31.216
2015-05-07,Srisailam,14.385,30.915
2015-05-08,Srisailam,12.629,30.357
2015-05-09,Srisailam,14.64,30.102
2015-05-10,Srisailam,18.519,29.809
2015-05-11,Srisailam,26.816,29.767
2015-05-12,Srisailam,22.144,29.683
2015-05-13,Srisailam,6.626,29.6
2015-05-14,Srisailam,7.674,29.6
2015-05-15,Srisailam,11.129,29.559
2015-05-16,Srisailam,29.591,29.517
2015-05-17,Srisailam,12.941,29.6
2015-05-18,Srisailam,12.176,29.559
2015-05-19,Srisailam,17.755,29.559
2015-05-20,Srisailam,22.144,29.6
2015-05-21,Srisailam,12.459,29.476
2015-05-22,Srisailam,12.261,29.393
2015-05-23,Srisailam,5.493,29.269
2015-05-24,Srisailam,5.267,29.227
2015-05-25,Srisailam,19.425,29.186
2015-05-26,Srisailam,14.357,29.069
2015-05-27,Srisailam,16.735,28.918
2015-05-28,Srisailam,9.684,28.805
2015-05-29,Srisailam,2.917,28.654
2015-05-30,Srisailam,3.879,28.654
2015-05-31,Srisailam,15.489,28.654
2015-06-01,Srisailam,2.945,28.692
2015-06-02,Srisailam,2.718,28.692
2015-06-03,Srisailam,2.832,28.692
2015-06-04,Srisailam,2.718,28.692
2015-06-05,Srisailam,16.084,28.692
2015-06-06,Srisailam,15.036,28.73
2015-06-07,Srisailam,27.156,28.767
2015-06-08,Srisailam,14.753,28.843
2015-06-09,Srisailam,14.866,28.88
2015-06-10,Srisailam,14.951,28.918
2015-06-11,Srisailam,27.552,28.956
2015-06-12,Srisailam,39.955,29.031
2015-06-13,Srisailam,43.693,29.144
2015-06-14,Srisailam,29.846,29.269
2015-06-15,Srisailam,16.141,29.351
2015-06-16,Srisailam,29.789,29.393
2015-06-17,Srisailam,2.209,29.476
2015-06-18,Srisailam,2.01,29.476
2015-06-19,Srisailam,1.926,29.476
2015-06-20,Srisailam,15.574,29.476
2015-06-21,Srisailam,15.574,29.517
2015-06-22,Srisailam,29.195,29.6
2015-06-23,Srisailam,1.841,29.6
2015-06-24,Srisailam,1.926,29.6
2015-06-25,Srisailam,15.631,29.641
2015-06-26,Srisailam,1.926,29.641
2015-06-27,Srisailam,2.039,29.641
2015-06-28,Srisailam,15.886,29.641
2015-06-29,Srisailam,15.999,29.683
2015-06-30,Srisailam,16.084,29.725
2015-07-01,Srisailam,2.322,29.767
2015-07-02,Srisailam,2.435,29.767
2015-07-03,Srisailam,2.435,29.767
2015-07-04,Srisailam,16.395,29.767
2015-07-05,Srisailam,2.633,29.809
2015-07-06,Srisailam,2.633,29.809
2015-07-07,Srisailam,2.718,29.809
2015-07-08,Srisailam,2.322,29.809
2015-07-09,Srisailam,0.0,29.809
2015-07-10,Srisailam,2.124,29.767
2015-07-11,Srisailam,2.039,29.767
2015-07-12,Srisailam,2.124,29.767
2015-07-13,Srisailam,0.0,29.767
2015-07-14,Srisailam,0.0,29.725
2015-07-15,Srisailam,15.631,29.725
2015-07-16,Srisailam,29.563,29.767
2015-07-17,Srisailam,15.829,29.851
2015-07-18,Srisailam,2.039,29.893
2015-07-19,Srisailam,1.954,29.893
2015-07-20,Srisailam,1.841,29.893
2015-07-21,Srisailam,1.954,29.893
2015-07-22,Srisailam,1.756,29.893
2015-07-23,Srisailam,1.671,29.893
2015-07-24,Srisailam,1.756,29.893
2015-07-25,Srisailam,15.688,29.893
2015-07-26,Srisailam,1.671,29.935
2015-07-27,Srisailam,1.756,29.935
2015-07-28,Srisailam,15.744,29.935
2015-07-29,Srisailam,1.954,29.976
2015-07-30,Srisailam,2.718,29.976
2015-07-31,Srisailam,2.039,29.976
2015-08-01,Srisailam,1.954,29.976
2015-08-02,Srisailam,1.954,29.976
2015-08-03,Srisailam,15.914,29.976
2015-08-04,Srisailam,1.954,29.976
2015-08-05,Srisailam,1.756,29.976
2015-08-06,Srisailam,15.546,29.976
2015-08-07,Srisailam,1.756,30.06
2015-08-08,Srisailam,1.671,30.06
2015-08-09,Srisailam,1.557,30.06
2015-08-10,Srisailam,1.472,30.06
2015-08-11,Srisailam,1.557,30.06
2015-08-12,Srisailam,15.206,30.06
2015-08-13,Srisailam,1.472,30.06
2015-08-14,Srisailam,0.0,30.06
2015-08-15,Srisailam,1.671,30.06
2015-08-16,Srisailam,1.756,30.06
2015-08-17,Srisailam,0.0,30.06
2015-08-18,Srisailam,0.0,29.976
2015-08-19,Srisailam,0.0,29.976
2015-08-20,Srisailam,0.0,29.934
2015-08-21,Srisailam,0.0,29.893
2015-08-22,Srisailam,1.841,29.809
2015-08-23,Srisailam,15.631,29.809
2015-08-24,Srisailam,15.688,29.851
2015-08-25,Srisailam,1.954,29.893
2015-08-26,Srisailam,8.495,29.893
2015-08-27,Srisailam,5.38,29.434
2015-08-28,Srisailam,66.46,29.112
2015-08-29,Srisailam,45.364,28.881
2015-08-30,Srisailam,3.511,28.692
2015-08-31,Srisailam,42.504,28.301
2015-09-01,Srisailam,2.577,28.093
2015-09-02,Srisailam,4.163,27.696
2015-09-03,Srisailam,4.955,27.307
2015-09-04,Srisailam,5.635,26.921
2015-09-05,Srisailam,21.492,26.538
2015-09-06,Srisailam,16.877,26.206
2015-09-07,Srisailam,37.293,26.241
2015-09-08,Srisailam,632.937,26.348
2015-09-09,Srisailam,1118.145,28.252
2015-09-10,Srisailam,1213.035,31.622
2015-09-11,Srisailam,1347.342,35.281
2015-09-12,Srisailam,1789.48,39.345
2015-09-13,Srisailam,1704.558,44.738
2015-09-14,Srisailam,592.869,49.874
2015-09-15,Srisailam,662.103,51.655
2015-09-16,Srisailam,1000.602,53.642
2015-09-17,Srisailam,1195.62,56.252
2015-09-18,Srisailam,838.291,59.427
2015-09-19,Srisailam,601.336,61.231
2015-09-20,Srisailam,420.136,62.487
2015-09-21,Srisailam,217.615,63.217
2015-09-22,Srisailam,135.694,63.217
2015-09-23,Srisailam,152.543,61.859
2015-09-24,Srisailam,43.523,62.236
2015-09-25,Srisailam,63.316,62.236
2015-09-26,Srisailam,4.502,62.236
2015-09-27,Srisailam,43.495,62.11
2015-09-28,Srisailam,127.029,62.11
2015-09-29,Srisailam,447.859,62.362
2015-09-30,Srisailam,247.744,63.579
2015-10-01,Srisailam,98.911,64.183
2015-10-02,Srisailam,328.9,64.318
2015-10-03,Srisailam,236.983,65.132
2015-10-04,Srisailam,234.322,65.674
2015-10-05,Srisailam,286.509,66.233
2015-10-06,Srisailam,386.553,66.94
2015-10-07,Srisailam,593.888,67.946
2015-10-08,Srisailam,660.404,69.573
2015-10-09,Srisailam,587.97,71.39
2015-10-10,Srisailam,432.766,72.996
2015-10-11,Srisailam,277.929,74.138
2015-10-12,Srisailam,220.843,74.791
2015-10-13,Srisailam,54.425,75.293
2015-10-14,Srisailam,0.0,75.293
2015-10-15,Srisailam,112.588,75.123
2015-10-16,Srisailam,55.897,75.293
2015-10-17,Srisailam,284.782,75.293
2015-10-18,Srisailam,136.742,75.971
2015-10-19,Srisailam,27.354,76.14
2015-10-20,Srisailam,84.044,75.971
2015-10-21,Srisailam,84.384,75.971
2015-10-22,Srisailam,27.835,75.971
2015-10-23,Srisailam,27.779,75.801
2015-10-24,Srisailam,34.32,75.801
2015-10-25,Srisailam,0.0,75.462
2015-10-26,Srisailam,40.465,75.123
2015-10-27,Srisailam,3.823,73.975
2015-10-28,Srisailam,8.127,72.266
2015-10-29,Srisailam,14.385,71.244
2015-10-30,Srisailam,18.151,70.793
2015-10-31,Srisailam,40.266,70.335
2015-11-01,Srisailam,38.964,68.974
2015-11-02,Srisailam,19.114,66.516
2015-11-03,Srisailam,41.881,66.516
2015-11-04,Srisailam,25.004,64.861
2015-11-05,Srisailam,23.305,63.941
2015-11-06,Srisailam,9.175,62.362
2015-11-07,Srisailam,29.195,61.105
2015-11-08,Srisailam,31.035,60.864
2015-11-09,Srisailam,31.998,60.502
2015-11-10,Srisailam,17.84,60.261
2015-11-11,Srisailam,9.826,59.9
2015-11-12,Srisailam,28.458,59.427
2015-11-13,Srisailam,25.768,58.27
2015-11-14,Srisailam,7.787,57.384
2015-11-15,Srisailam,23.39,57.274
2015-11-16,Srisailam,98.118,57.274
2015-11-17,Srisailam,136.374,57.274
2015-11-18,Srisailam,93.021,57.274
2015-11-19,Srisailam,131.447,56.647
2015-11-20,Srisailam,111.342,56.253
2015-11-21,Srisailam,75.917,55.859
2015-11-22,Srisailam,39.813,55.662
2015-11-23,Srisailam,47.034,55.251
2015-11-24,Srisailam,42.815,54.944
2015-11-25,Srisailam,136.204,54.534
2015-11-26,Srisailam,100.213,54.333
2015-11-27,Srisailam,14.357,54.136
2015-11-28,Srisailam,7.419,54.136
2015-11-29,Srisailam,21.436,54.136
2015-11-30,Srisailam,9.429,54.037
2015-12-01,Srisailam,55.982,54.037
2015-12-02,Srisailam,35.198,54.135
2015-12-03,Srisailam,35.453,54.234
2015-12-04,Srisailam,56.662,54.332
2015-12-05,Srisailam,3.03,54.431
2015-12-06,Srisailam,2.803,54.431
2015-12-07,Srisailam,3.03,54.431
2015-12-08,Srisailam,37.237,54.431
2015-12-09,Srisailam,3.03,54.533
2015-12-10,Srisailam,2.803,54.533
2015-12-11,Srisailam,5.04,54.533
2015-12-12,Srisailam,51.622,54.533
2015-12-13,Srisailam,70.792,54.636
2015-12-14,Srisailam,2.832,54.841
2015-12-15,Srisailam,3.058,54.841
2015-12-16,Srisailam,37.293,54.841
2015-12-17,Srisailam,27.835,54.943
2015-12-18,Srisailam,38.511,54.636
2015-12-19,Srisailam,32.763,54.234
2015-12-20,Srisailam,31.517,54.037
2015-12-21,Srisailam,8.382,54.037
2015-12-22,Srisailam,33.952,53.153
2015-12-23,Srisailam,2.294,52.205
2015-12-24,Srisailam,44.372,51.928
2015-12-25,Srisailam,35.113,51.746
2015-12-26,Srisailam,38.454,51.655
2015-12-27,Srisailam,32.253,51.655
2015-12-28,Srisailam,30.554,51.473
2015-12-29,Srisailam,33.697,51.473
2015-12-30,Srisailam,26.674,51.382
2015-12-31,Srisailam,16.226,51.017
2016-01-01,Srisailam,4.927,51.017
2016-01-02,Srisailam,2.294,51.017
2016-01-03,Srisailam,2.492,51.017
2016-01-04,Srisailam,2.69,51.017
2016-01-05,Srisailam,2.492,51.017
2016-01-06,Srisailam,2.69,51.017
2016-01-07,Srisailam,32.678,51.017
2016-01-08,Srisailam,2.294,51.109
2016-01-09,Srisailam,32.479,51.109
2016-01-10,Srisailam,2.095,51.2
2016-01-11,Srisailam,2.095,51.2
2016-01-12,Srisailam,2.294,51.2
2016-01-13,Srisailam,2.52,51.2
2016-01-14,Srisailam,2.294,51.2
2016-01-15,Srisailam,32.479,51.2
2016-01-16,Srisailam,2.52,51.291
2016-01-17,Srisailam,2.294,51.291
2016-01-18,Srisailam,2.095,51.291
2016-01-19,Srisailam,1.897,51.291
2016-01-20,Srisailam,1.671,51.291
2016-01-21,Srisailam,1.897,51.291
2016-01-22,Srisailam,2.095,51.291
2016-01-23,Srisailam,6.23,51.291
2016-01-24,Srisailam,2.322,51.473
2016-01-25,Srisailam,2.549,51.473
2016-01-26,Srisailam,2.322,51.473
2016-01-27,Srisailam,2.549,51.473
2016-01-28,Srisailam,2.747,51.473
2016-01-29,Srisailam,2.549,51.473
2016-01-30,Srisailam,2.549,51.473
2016-01-31,Srisailam,2.747,51.473
2016-02-01,Srisailam,2.973,51.473
2016-02-02,Srisailam,12.828,51.473
2016-02-03,Srisailam,2.52,50.529
2016-02-04,Srisailam,23.758,49.448
2016-02-05,Srisailam,10.449,48.36
2016-02-06,Srisailam,23.928,47.31
2016-02-07,Srisailam,9.09,46.145
2016-02-08,Srisailam,25.57,45.471
2016-02-09,Srisailam,9.599,44.521
2016-02-10,Srisailam,1.897,43.329
2016-02-11,Srisailam,19.539,42.72
2016-02-12,Srisailam,18.066,42.064
2016-02-13,Srisailam,5.239,41.613
2016-02-14,Srisailam,2.067,41.549
2016-02-15,Srisailam,23.05,41.549
2016-02-16,Srisailam,1.784,41.613
2016-02-17,Srisailam,23.05,41.613
2016-02-18,Srisailam,11.95,41.677
2016-02-19,Srisailam,1.926,41.677
2016-02-20,Srisailam,9.203,41.677
2016-02-21,Srisailam,1.189,41.677
2016-02-22,Srisailam,10.76,41.549
2016-02-23,Srisailam,2.067,41.549
2016-02-24,Srisailam,2.209,41.549
2016-02-25,Srisailam,2.209,41.549
2016-02-26,Srisailam,3.03,41.549
2016-02-27,Srisailam,2.209,41.549
2016-02-28,Srisailam,2.067,41.549
2016-02-29,Srisailam,2.209,41.549
2016-03-01,Srisailam,1.926,41.534
2016-03-02,Srisailam,0.0,41.534
2016-03-03,Srisailam,10.024,41.454
2016-03-04,Srisailam,16.367,41.231
2016-03-05,Srisailam,19.142,40.474
2016-03-06,Srisailam,1.048,39.345
2016-03-07,Srisailam,11.412,38.03
2016-03-08,Srisailam,13.734,36.986
2016-03-09,Srisailam,13.592,36.329
2016-03-10,Srisailam,10.477,35.838
2016-03-11,Srisailam,1.869,35.381
2016-03-12,Srisailam,1.982,35.381
2016-03-13,Srisailam,2.095,35.381
2016-03-14,Srisailam,2.577,35.381
2016-03-15,Srisailam,1.869,35.231
2016-03-16,Srisailam,1.982,35.231
2016-03-17,Srisailam,15.744,35.231
2016-03-18,Srisailam,14.3,35.231
2016-03-19,Srisailam,12.233,35.13
2016-03-20,Srisailam,2.067,34.371
2016-03-21,Srisailam,3.115,33.435
2016-03-22,Srisailam,5.55,32.016
2016-03-23,Srisailam,0.142,30.697
2016-03-24,Srisailam,9.005,30.568
2016-03-25,Srisailam,6.909,30.441
2016-03-26,Srisailam,15.178,30.357
2016-03-27,Srisailam,2.18,30.357
2016-03-28,Srisailam,2.067,30.357
2016-03-29,Srisailam,2.18,30.357
2016-03-30,Srisailam,1.982,30.357
2016-03-31,Srisailam,0.0,30.357
2016-04-01,Srisailam,4.559,29.976
2016-04-02,Srisailam,2.888,29.269
2016-04-03,Srisailam,6.853,28.805
2016-04-04,Srisailam,2.067,28.692
2016-04-05,Srisailam,16.197,28.692
2016-04-06,Srisailam,24.579,28.493
2016-04-07,Srisailam,25.74,28.013
2016-04-08,Srisailam,14.385,27.541
2016-04-09,Srisailam,27.75,27.036
2016-04-10,Srisailam,10.251,26.576
2016-04-11,Srisailam,10.562,26.068
2016-04-12,Srisailam,18.661,25.563
2016-04-13,Srisailam,7.079,25.087
2016-04-14,Srisailam,9.231,24.581
2016-04-15,Srisailam,8.948,24.085
2016-04-16,Srisailam,10.647,23.591
2016-04-17,Srisailam,12.205,23.107
2016-04-18,Srisailam,1.274,22.631
2016-04-19,Srisailam,14.923,22.129
2016-04-20,Srisailam,1.982,21.971
2016-04-21,Srisailam,1.982,21.971
2016-04-22,Srisailam,12.148,21.971
2016-04-23,Srisailam,1.982,22.001
2016-04-24,Srisailam,2.067,22.001
2016-04-25,Srisailam,1.982,22.001
2016-04-26,Srisailam,1.926,22.001
2016-04-27,Srisailam,22.144,22.001
2016-04-28,Srisailam,2.152,22.062
2016-04-29,Srisailam,2.237,22.062
2016-04-30,Srisailam,2.152,22.062
2016-05-01,Srisailam,2.237,22.062
2016-05-02,Srisailam,2.294,22.062
2016-05-03,Srisailam,24.324,22.062
2016-05-04,Srisailam,13.139,22.129
2016-05-05,Srisailam,2.01,22.162
2016-05-06,Srisailam,1.926,22.162
2016-05-07,Srisailam,2.01,22.162
2016-05-08,Srisailam,31.432,22.162
2016-05-09,Srisailam,0.0,21.94
2016-05-10,Srisailam,3.681,21.439
2016-05-11,Srisailam,4.219,20.957
2016-05-12,Srisailam,7.985,20.481
2016-05-13,Srisailam,5.352,20.023
2016-05-14,Srisailam,6.541,19.554
2016-05-15,Srisailam,7.079,19.102
2016-05-16,Srisailam,0.0,18.656
2016-05-17,Srisailam,1.557,18.333
2016-05-18,Srisailam,1.501,18.333
2016-05-19,Srisailam,1.359,18.333
2016-05-20,Srisailam,1.416,18.333
2016-05-21,Srisailam,1.501,18.333
2016-05-22,Srisailam,1.557,18.333
2016-05-23,Srisailam,1.614,18.333
2016-05-24,Srisailam,1.699,18.333
2016-05-25,Srisailam,1.756,18.333
2016-05-26,Srisailam,1.699,18.333
2016-05-27,Srisailam,1.614,18.333
2016-05-28,Srisailam,19.454,18.333
2016-05-29,Srisailam,11.242,18.392
2016-05-30,Srisailam,20.869,18.421
2016-05-31,Srisailam,1.501,18.48
2016-06-01,Srisailam,11.072,18.481
2016-06-02,Srisailam,1.416,18.51
2016-06-03,Srisailam,0.0,18.51
2016-06-04,Srisailam,11.1,18.51
2016-06-05,Srisailam,20.869,18.539
2016-06-06,Srisailam,20.813,18.598
2016-06-07,Srisailam,20.869,18.657
2016-06-08,Srisailam,30.752,18.715
2016-06-09,Srisailam,20.983,18.804
2016-06-10,Srisailam,21.039,18.864
2016-06-11,Srisailam,21.039,18.923
2016-06-12,Srisailam,20.983,18.982
2016-06-13,Srisailam,21.124,19.042
2016-06-14,Srisailam,21.181,19.102
2016-06-15,Srisailam,21.096,19.161
2016-06-16,Srisailam,1.331,19.221
2016-06-17,Srisailam,21.039,19.221
2016-06-18,Srisailam,20.983,19.281
2016-06-19,Srisailam,21.039,19.341
2016-06-20,Srisailam,1.133,19.401
2016-06-21,Srisailam,61.617,19.401
2016-06-22,Srisailam,51.622,19.584
2016-06-23,Srisailam,30.327,19.737
2016-06-24,Srisailam,10.647,19.824
2016-06-25,Srisailam,38.907,19.852
2016-06-26,Srisailam,19.963,19.967
2016-06-27,Srisailam,19.963,20.023
2016-06-28,Srisailam,30.157,20.081
2016-06-29,Srisailam,52.896,20.168
2016-06-30,Srisailam,126.151,20.325
2016-07-01,Srisailam,137.988,20.325
2016-07-02,Srisailam,129.578,21.116
2016-07-03,Srisailam,135.807,21.497
2016-07-04,Srisailam,184.229,21.91
2016-07-05,Srisailam,135.496,22.463
2016-07-06,Srisailam,46.241,22.868
2016-07-07,Srisailam,68.951,23.005
2016-07-08,Srisailam,81.241,23.209
2016-07-09,Srisailam,0.878,23.452
2016-07-10,Srisailam,0.793,23.452
2016-07-11,Srisailam,0.878,23.452
2016-07-12,Srisailam,0.793,23.452
2016-07-13,Srisailam,0.878,23.452
2016-07-14,Srisailam,0.963,23.452
2016-07-15,Srisailam,1.048,23.452
2016-07-16,Srisailam,1.133,23.452
2016-07-17,Srisailam,1.048,23.452
2016-07-18,Srisailam,1.133,23.452
2016-07-19,Srisailam,1.048,23.452
2016-07-20,Srisailam,0.963,23.452
2016-07-21,Srisailam,12.573,23.452
2016-07-22,Srisailam,1.048,23.486
2016-07-23,Srisailam,591.963,23.486
2016-07-24,Srisailam,897.416,25.269
2016-07-25,Srisailam,526.296,27.974
2016-07-26,Srisailam,307.577,26.181
2016-07-27,Srisailam,568.346,30.483
2016-07-28,Srisailam,573.897,32.195
2016-07-29,Srisailam,1038.519,33.672
2016-07-30,Srisailam,948.386,36.777
2016-07-31,Srisailam,1090.82,39.11
2016-08-01,Srisailam,1032.062,41.868
2016-08-02,Srisailam,784.404,43.981
2016-08-03,Srisailam,1193.95,45.396
2016-08-04,Srisailam,1198.254,47.947
2016-08-05,Srisailam,6231.367,50.692
2016-08-06,Srisailam,6461.582,68.386
2016-08-07,Srisailam,3599.971,87.079
2016-08-08,Srisailam,4735.758,97.796
2016-08-09,Srisailam,4985.909,110.69
2016-08-10,Srisailam,5187.524,124.03
2016-08-11,Srisailam,6475.061,135.401
2016-08-12,Srisailam,5109.597,148.1
2016-08-13,Srisailam,1448.263,156.853
2016-08-14,Srisailam,1448.263,161.752
2016-08-15,Srisailam,986.274,161.752
2016-08-16,Srisailam,965.801,161.752
2016-08-17,Srisailam,11.638,161.752
2016-08-18,Srisailam,628.01,158.354
2016-08-19,Srisailam,710.865,156.853
2016-08-20,Srisailam,455.844,155.375
2016-08-21,Srisailam,246.243,153.897
2016-08-22,Srisailam,177.037,152.455
2016-08-23,Srisailam,202.437,150.454
2016-08-24,Srisailam,209.714,149.12
2016-08-25,Srisailam,117.232,148.787
2016-08-26,Srisailam,96.617,148.787
2016-08-27,Srisailam,84.158,148.453
2016-08-28,Srisailam,72.519,148.1
2016-08-29,Srisailam,352.176,147.747
2016-08-30,Srisailam,777.466,148.1
2016-08-31,Srisailam,190.346,149.454
2016-09-01,Srisailam,291.946,149.454
2016-09-02,Srisailam,391.735,149.787
2016-09-03,Srisailam,513.355,150.454
2016-09-04,Srisailam,7.617,151.121
2016-09-05,Srisailam,96.305,150.121
2016-09-06,Srisailam,13.026,149.454
2016-09-07,Srisailam,41.399,148.453
2016-09-08,Srisailam,11.129,147.394
2016-09-09,Srisailam,91.01,146.335
2016-09-10,Srisailam,93.672,144.923
2016-09-11,Srisailam,111.625,143.872
2016-09-12,Srisailam,131.418,142.839
2016-09-13,Srisailam,24.579,142.15
2016-09-14,Srisailam,33.159,141.461
2016-09-15,Srisailam,137.223,141.116
2016-09-16,Srisailam,1755.953,141.116
2016-09-17,Srisailam,2624.486,145.982
2016-09-18,Srisailam,1243.249,153.528
2016-09-19,Srisailam,753.312,156.853
2016-09-20,Srisailam,109.501,158.354
2016-09-21,Srisailam,141.839,157.977
2016-09-22,Srisailam,1892.044,157.977
2016-09-23,Srisailam,1676.836,162.91
2016-09-24,Srisailam,3309.101,167.569
2016-09-25,Srisailam,6027.174,175.976
2016-09-26,Srisailam,3602.746,188.203
2016-09-27,Srisailam,3992.159,192.581
2016-09-28,Srisailam,3368.736,197.957
2016-09-29,Srisailam,2061.775,201.153
2016-09-30,Srisailam,702.2,202.497
2016-10-01,Srisailam,418.805,201.609
2016-10-02,Srisailam,1063.522,198.87
2016-10-03,Srisailam,675.129,200.24
2016-10-04,Srisailam,960.732,199.327
2016-10-05,Srisailam,989.531,200.696
2016-10-06,Srisailam,1356.431,201.153
2016-10-07,Srisailam,866.579,202.929
2016-10-08,Srisailam,1451.151,202.065
2016-10-09,Srisailam,1060.436,201.609
2016-10-10,Srisailam,989.276,201.153
2016-10-11,Srisailam,660.971,200.696
2016-10-12,Srisailam,538.614,198.87
2016-10-13,Srisailam,327.597,198.87
2016-10-14,Srisailam,149.23,198.414
2016-10-15,Srisailam,306.586,197.501
2016-10-16,Srisailam,0.0,197.501
2016-10-17,Srisailam,185.815,196.587
2016-10-18,Srisailam,76.965,195.697
2016-10-19,Srisailam,0.0,193.026
2016-10-20,Srisailam,0.0,191.69
2016-10-21,Srisailam,0.0,189.507
2016-10-22,Srisailam,170.637,187.769
2016-10-23,Srisailam,0.0,187.334
2016-10-24,Srisailam,3.908,186.031
2016-10-25,Srisailam,0.0,185.183
2016-10-26,Srisailam,0.0,184.335
2016-10-27,Srisailam,0.0,183.063
2016-10-28,Srisailam,0.0,182.215
2016-10-29,Srisailam,0.0,180.562
2016-10-30,Srisailam,0.0,179.415
2016-10-31,Srisailam,16.254,178.269
2016-11-01,Srisailam,0.0,177.504
2016-11-02,Srisailam,9.373,176.358
2016-11-03,Srisailam,10.506,175.571
2016-11-04,Srisailam,0.0,174.763
2016-11-05,Srisailam,0.0,173.55
2016-11-06,Srisailam,0.0,172.337
2016-11-07,Srisailam,0.0,171.125
2016-11-08,Srisailam,0.0,169.939
2016-11-09,Srisailam,0.0,168.754
2016-11-10,Srisailam,0.0,167.569
2016-11-11,Srisailam,16.764,166.384
2016-11-12,Srisailam,0.0,165.612
2016-11-13,Srisailam,0.0,164.454
2016-11-14,Srisailam,0.0,163.296
2016-11-15,Srisailam,28.911,161.752
2016-11-16,Srisailam,23.758,160.997
2016-11-17,Srisailam,0.0,160.242
2016-11-18,Srisailam,0.0,159.487
2016-11-19,Srisailam,0.0,158.732
2016-11-20,Srisailam,0.0,157.977
2016-11-21,Srisailam,0.0,157.222
2016-11-22,Srisailam,0.0,156.483
2016-11-23,Srisailam,96.843,155.744
2016-11-24,Srisailam,0.0,155.375
2016-11-25,Srisailam,0.0,154.636
2016-11-26,Srisailam,0.0,153.897
2016-11-27,Srisailam,0.0,153.158
2016-11-28,Srisailam,0.0,152.455
2016-11-29,Srisailam,0.0,151.788
2016-11-30,Srisailam,0.0,151.121
2016-12-01,Srisailam,0.0,150.454
2016-12-02,Srisailam,0.0,149.454
2016-12-03,Srisailam,0.0,148.453
2016-12-04,Srisailam,0.0,147.394
2016-12-05,Srisailam,0.0,146.688
2016-12-06,Srisailam,0.0,145.982
2016-12-07,Srisailam,0.0,144.923
2016-12-08,Srisailam,0.0,144.217
2016-12-09,Srisailam,0.0,143.183
2016-12-10,Srisailam,0.0,142.494
2016-12-11,Srisailam,0.0,141.461
2016-12-12,Srisailam,0.0,140.427
2016-12-13,Srisailam,0.0,139.076
2016-12-14,Srisailam,0.0,138.069
2016-12-15,Srisailam,0.0,137.062
2016-12-16,Srisailam,0.0,136.054
2016-12-17,Srisailam,0.0,135.401
2016-12-18,Srisailam,0.0,134.747
2016-12-19,Srisailam,0.0,134.094
2016-12-20,Srisailam,0.0,133.441
2016-12-21,Srisailam,0.0,132.46
2016-12-22,Srisailam,0.0,131.255
2016-12-23,Srisailam,0.0,130.082
2016-12-24,Srisailam,0.0,128.91
2016-12-25,Srisailam,0.0,127.708
2016-12-26,Srisailam,0.0,126.784
2016-12-27,Srisailam,0.0,124.935
2016-12-28,Srisailam,13.535,123.732
2016-12-29,Srisailam,0.0,122.538
2016-12-30,Srisailam,0.0,121.046
2016-12-31,Srisailam,0.0,119.422
2017-01-01,Srisailam,0.0,117.797
2017-01-02,Srisailam,0.0,116.173
2017-01-03,Srisailam,0.0,115.051
2017-01-04,Srisailam,0.0,113.458
2017-01-05,Srisailam,0.0,111.205
2017-01-06,Srisailam,39.021,109.37
2017-01-07,Srisailam,0.0,107.53
2017-01-08,Srisailam,0.0,105.227
2017-01-09,Srisailam,0.0,104.468
2017-01-10,Srisailam,0.0,103.228
2017-01-11,Srisailam,0.0,102.236
2017-01-12,Srisailam,0.0,101.492
2017-01-13,Srisailam,0.0,100.781
2017-01-14,Srisailam,0.0,99.821
2017-01-15,Srisailam,45.562,99.342
2017-01-16,Srisailam,0.0,98.862
2017-01-17,Srisailam,0.0,97.582
2017-01-18,Srisailam,0.0,96.302
2017-01-19,Srisailam,0.283,94.52
2017-01-20,Srisailam,24.236,93.184
2017-01-21,Srisailam,41.314,91.451
2017-01-22,Srisailam,17.953,90.174
2017-01-23,Srisailam,0.0,89.128
2017-01-24,Srisailam,0.0,88.291
2017-01-25,Srisailam,0.0,87.685
2017-01-26,Srisailam,25.032,87.079
2017-01-27,Srisailam,41.173,86.675
2017-01-28,Srisailam,0.0,86.069
2017-01-29,Srisailam,0.0,85.15
2017-01-30,Srisailam,13.535,84.253
2017-01-31,Srisailam,0.0,83.158
2017-02-01,Srisailam,0.0,81.646
2017-02-02,Srisailam,0.0,80.361
2017-02-03,Srisailam,0.0,78.918
2017-02-04,Srisailam,24.052,77.859
2017-02-05,Srisailam,0.0,76.988
2017-02-06,Srisailam,0.0,75.801
2017-02-07,Srisailam,24.01,74.628
2017-02-08,Srisailam,0.0,73.485
2017-02-09,Srisailam,0.0,72.996
2017-02-10,Srisailam,0.0,72.558
2017-02-11,Srisailam,0.0,75.782
2017-02-12,Srisailam,0.0,71.234
2017-02-13,Srisailam,0.0,70.793
2017-02-14,Srisailam,0.0,69.869
2017-02-15,Srisailam,0.0,68.239
2017-02-16,Srisailam,0.0,66.151
2017-02-17,Srisailam,0.0,63.452
2017-02-18,Srisailam,23.789,61.231
2017-02-19,Srisailam,0.0,58.152
2017-02-20,Srisailam,0.0,55.245
2017-02-21,Srisailam,1.49,52.011
2017-02-22,Srisailam,0.0,51.766
2017-02-23,Srisailam,0.0,47.858
2017-02-24,Srisailam,3.398,46.682
2017-02-25,Srisailam,0.0,44.447
2017-02-26,Srisailam,5.012,44.042
2017-02-27,Srisailam,10.59,43.785
2017-02-28,Srisailam,0.0,43.715
2017-03-01,Srisailam,0.0,43.659
2017-03-02,Srisailam,18.349,43.126
2017-03-03,Srisailam,14.611,42.26
2017-03-04,Srisailam,9.656,42.064
2017-03-05,Srisailam,0.0,41.868
2017-03-06,Srisailam,0.0,41.613
2017-03-07,Srisailam,10.76,40.3
2017-03-08,Srisailam,19.737,39.818
2017-03-09,Srisailam,0.142,39.169
2017-03-10,Srisailam,18.264,38.993
2017-03-11,Srisailam,13.337,38.993
2017-03-12,Srisailam,23.616,38.764
2017-03-13,Srisailam,18.151,38.764
2017-03-14,Srisailam,0.0,38.65
2017-03-15,Srisailam,10.421,38.48
2017-03-16,Srisailam,3.511,38.366
2017-03-17,Srisailam,6.824,38.03
2017-03-18,Srisailam,0.765,37.336
2017-03-19,Srisailam,5.465,36.83
2017-03-20,Srisailam,12.941,35.89
2017-03-21,Srisailam,3.794,35.482
2017-03-22,Srisailam,0.0,35.331
2017-03-23,Srisailam,0.0,35.281
2017-03-24,Srisailam,0.0,34.932
2017-03-25,Srisailam,8.495,34.636
2017-03-26,Srisailam,1.472,34.265
2017-03-27,Srisailam,12.969,34.042
2017-03-28,Srisailam,0.736,33.577
2017-03-29,Srisailam,13.082,33.016
2017-03-30,Srisailam,3.879,32.784
2017-03-31,Srisailam,24.975,32.195
2017-04-01,Srisailam,10.619,31.881
2017-04-02,Srisailam,7.192,31.256
2017-04-03,Srisailam,5.069,31.045
2017-04-04,Srisailam,2.464,31.001
2017-04-05,Srisailam,15.489,30.827
2017-04-06,Srisailam,32.819,30.697
2017-04-07,Srisailam,25.259,30.697
2017-04-08,Srisailam,16.82,30.653
2017-04-09,Srisailam,28.6,30.653
2017-04-10,Srisailam,29.733,30.697
2017-04-11,Srisailam,37.718,30.697
2017-04-12,Srisailam,15.999,30.653
2017-04-13,Srisailam,21.946,30.653
2017-04-14,Srisailam,9.628,30.653
2017-04-15,Srisailam,4.955,30.653
2017-04-16,Srisailam,8.976,30.653
2017-04-17,Srisailam,18.406,30.653
2017-04-18,Srisailam,19.85,30.186
2017-04-19,Srisailam,2.039,29.642
2017-04-20,Srisailam,7.334,29.186
2017-04-21,Srisailam,0.0,28.133
2017-04-22,Srisailam,4.729,26.767
2017-04-23,Srisailam,0.708,25.526
2017-04-24,Srisailam,18.548,24.295
2017-04-25,Srisailam,5.493,23.141
2017-04-26,Srisailam,9.316,22.296
2017-04-27,Srisailam,14.753,22.062
2017-04-28,Srisailam,3.794,22.096
2017-04-29,Srisailam,0.0,22.096
2017-04-30,Srisailam,3.681,22.096
2017-05-01,Srisailam,14.696,22.095
2017-05-02,Srisailam,3.738,22.129
2017-05-03,Srisailam,3.794,22.129
2017-05-04,Srisailam,3.823,22.129
2017-05-05,Srisailam,3.738,22.129
2017-05-06,Srisailam,3.851,22.129
2017-05-07,Srisailam,18.944,22.129
2017-05-08,Srisailam,4.531,21.788
2017-05-09,Srisailam,6.456,20.861
2017-05-10,Srisailam,6.456,19.795
2017-05-11,Srisailam,18.151,18.804
2017-05-12,Srisailam,3.398,18.334
2017-05-13,Srisailam,3.37,18.334
2017-05-14,Srisailam,3.455,18.334
2017-05-15,Srisailam,3.398,18.334
2017-05-16,Srisailam,3.511,18.334
2017-05-17,Srisailam,3.681,18.334
2017-05-18,Srisailam,3.738,18.334
2017-05-19,Srisailam,4.814,18.334
2017-05-20,Srisailam,4.106,18.307
2017-05-21,Srisailam,4.248,18.307
2017-05-22,Srisailam,4.502,18.307
2017-05-23,Srisailam,4.502,18.28
2017-05-24,Srisailam,4.474,18.28
2017-05-25,Srisailam,4.531,1.825
2017-05-26,Srisailam,0.0,1.825
2017-05-27,Srisailam,30.78,1.825
2017-05-28,Srisailam,23.276,18.334
2017-05-29,Srisailam,23.135,18.392
2017-05-30,Srisailam,0.0,18.45
2017-05-31,Srisailam,3.398,18.51
2017-06-01,Srisailam,3.341,18.51
2017-06-02,Srisailam,3.285,18.51
2017-06-03,Srisailam,3.313,18.51
2017-06-04,Srisailam,3.2,18.51
2017-06-05,Srisailam,3.115,18.51
2017-06-06,Srisailam,2.973,18.51
2017-06-07,Srisailam,19.454,18.51
2017-06-08,Srisailam,29.195,18.568
2017-06-09,Srisailam,80.844,18.657
2017-06-10,Srisailam,51.48,18.893
2017-06-11,Srisailam,51.905,19.042
2017-06-12,Srisailam,21.974,19.191
2017-06-13,Srisailam,31.913,19.251
2017-06-14,Srisailam,11.921,19.341
2017-06-15,Srisailam,12.091,19.371
2017-06-16,Srisailam,2.407,19.401
2017-06-17,Srisailam,0.0,19.401
2017-06-18,Srisailam,2.265,19.401
2017-06-19,Srisailam,12.205,19.401
2017-06-20,Srisailam,1.784,19.432
2017-06-21,Srisailam,1.699,19.432
2017-06-22,Srisailam,21.946,19.432
2017-06-23,Srisailam,1.133,19.493
2017-06-24,Srisailam,1.416,19.493
2017-06-25,Srisailam,21.323,19.493
2017-06-26,Srisailam,31.686,19.554
2017-06-27,Srisailam,1.189,19.645
2017-06-28,Srisailam,21.323,19.645
2017-06-29,Srisailam,30.95,19.706
2017-06-30,Srisailam,20.19,19.796
2017-07-01,Srisailam,29.563,19.853
2017-07-02,Srisailam,1.133,19.938
2017-07-03,Srisailam,1045.909,19.938
2017-07-04,Srisailam,10.562,19.967
2017-07-05,Srisailam,19.963,19.995
2017-07-06,Srisailam,1.019,20.052
2017-07-07,Srisailam,28.798,20.052
2017-07-08,Srisailam,0.793,20.137
2017-07-09,Srisailam,11.242,20.137
2017-07-10,Srisailam,11.383,20.142
2017-07-11,Srisailam,11.327,20.2
2017-07-12,Srisailam,21.634,20.231
2017-07-13,Srisailam,10.959,20.294
2017-07-14,Srisailam,20.785,20.325
2017-07-15,Srisailam,44.118,20.388
2017-07-16,Srisailam,36.982,19.938
2017-07-17,Srisailam,2.747,19.341
2017-07-18,Srisailam,58.757,18.657
2017-07-19,Srisailam,40.012,18.834
2017-07-20,Srisailam,50.744,18.953
2017-07-21,Srisailam,10.987,19.101
2017-07-22,Srisailam,11.044,19.131
2017-07-23,Srisailam,1.388,19.161
2017-07-24,Srisailam,11.61,19.161
2017-07-25,Srisailam,18.321,19.191
2017-07-26,Srisailam,30.979,19.251
2017-07-27,Srisailam,1.388,19.341
2017-07-28,Srisailam,1.048,19.341
2017-07-29,Srisailam,1.388,19.341
2017-07-30,Srisailam,0.554,19.341
2017-07-31,Srisailam,12.035,22.096
2017-08-01,Srisailam,2.265,19.371
2017-08-02,Srisailam,12.176,19.371
2017-08-03,Srisailam,1.982,19.401
2017-08-04,Srisailam,2.095,19.401
2017-08-05,Srisailam,1.982,19.401
2017-08-06,Srisailam,2.152,19.401
2017-08-07,Srisailam,11.667,19.401
2017-08-08,Srisailam,1.416,19.432
2017-08-09,Srisailam,0.85,19.432
2017-08-10,Srisailam,1.274,19.432
2017-08-11,Srisailam,21.606,19.432
2017-08-12,Srisailam,21.719,19.493
2017-08-13,Srisailam,31.998,19.554
2017-08-14,Srisailam,31.573,19.645
2017-08-15,Srisailam,29.959,19.736
2017-08-16,Srisailam,48.507,19.824
2017-08-17,Srisailam,56.492,19.967
2017-08-18,Srisailam,63.486,20.137
2017-08-19,Srisailam,63.373,20.325
2017-08-20,Srisailam,64.166,20.513
2017-08-21,Srisailam,53.745,20.703
2017-08-22,Srisailam,54.0,20.861
2017-08-23,Srisailam,11.95,21.02
2017-08-24,Srisailam,11.723,21.052
2017-08-25,Srisailam,43.183,21.084
2017-08-26,Srisailam,65.752,21.212
2017-08-27,Srisailam,33.074,21.406
2017-08-28,Srisailam,186.155,21.504
2017-08-29,Srisailam,132.721,22.062
2017-08-30,Srisailam,409.489,22.463
2017-08-31,Srisailam,55.104,23.668
2017-09-01,Srisailam,99.477,23.857
2017-09-02,Srisailam,275.183,24.153
2017-09-03,Srisailam,594.455,24.978
2017-09-04,Srisailam,0.767,26.767
2017-09-05,Srisailam,1056.302,28.919
2017-09-06,Srisailam,410.679,32.106
2017-09-07,Srisailam,545.127,33.341
2017-09-08,Srisailam,0.68,34.981
2017-09-09,Srisailam,820.111,36.986
2017-09-10,Srisailam,1565.693,39.403
2017-09-11,Srisailam,1048.713,44.11
2017-09-12,Srisailam,1069.582,47.071
2017-09-13,Srisailam,859.641,49.021
2017-09-14,Srisailam,572.226,51.382
2017-09-15,Srisailam,1180.386,52.964
2017-09-16,Srisailam,4348.413,56.547
2017-09-17,Srisailam,4732.813,68.973
2017-09-18,Srisailam,5062.166,82.97
2017-09-19,Srisailam,3974.858,98.009
2017-09-20,Srisailam,2489.726,108.862
2017-09-21,Srisailam,2463.335,111.706
2017-09-22,Srisailam,3987.77,113.458
2017-09-23,Srisailam,3888.01,120.468
2017-09-24,Srisailam,4538.22,126.476
2017-09-25,Srisailam,3554.551,135.075
2017-09-26,Srisailam,3179.524,140.772
2017-09-27,Srisailam,2558.48,145.629
2017-09-28,Srisailam,1786.762,148.453
2017-09-29,Srisailam,2352.05,149.12
2017-09-30,Srisailam,4096.903,151.454
2017-10-01,Srisailam,3390.569,161.752
2017-10-02,Srisailam,3434.998,170.73
2017-10-03,Srisailam,2630.914,179.797
2017-10-04,Srisailam,2466.988,185.608
2017-10-05,Srisailam,1778.437,191.245
2017-10-06,Srisailam,1861.546,195.253
2017-10-07,Srisailam,1210.996,199.783
2017-10-08,Srisailam,1022.973,200.696
2017-10-09,Srisailam,1249.111,200.696
2017-10-10,Srisailam,3528.641,202.93
2017-10-11,Srisailam,4166.789,207.25
2017-10-12,Srisailam,2936.311,212.441
2017-10-13,Srisailam,4735.503,209.585
2017-10-14,Srisailam,7070.563,209.585
2017-10-15,Srisailam,5448.492,208.158
2017-10-16,Srisailam,5695.018,207.25
2017-10-17,Srisailam,7320.601,208.158
2017-10-18,Srisailam,5848.637,207.25
2017-10-19,Srisailam,4203.119,206.386
2017-10-20,Srisailam,2011.937,209.11
2017-10-21,Srisailam,1296.966,209.585
2017-10-22,Srisailam,1230.705,209.11
2017-10-23,Srisailam,312.16,209.585
2017-10-24,Srisailam,778.231,207.682
2017-10-25,Srisailam,1388.146,206.386
2017-10-26,Srisailam,414.246,206.386
2017-10-27,Srisailam,810.172,204.657
2017-10-28,Srisailam,895.264,203.793
2017-10-29,Srisailam,539.01,203.361
2017-10-30,Srisailam,195.726,202.497
2017-10-31,Srisailam,87.357,199.326
2017-11-01,Srisailam,223.986,197.044
2017-11-02,Srisailam,25.938,195.253
2017-11-03,Srisailam,59.777,193.026
2017-11-04,Srisailam,120.318,190.81
2017-11-05,Srisailam,253.973,189.072
2017-11-06,Srisailam,32.394,188.637
2017-11-07,Srisailam,129.379,186.031
2017-11-08,Srisailam,144.076,184.759
2017-11-09,Srisailam,57.426,183.488
2017-11-10,Srisailam,38.567,182.215
2017-11-11,Srisailam,44.287,180.18
2017-11-12,Srisailam,16.537,178.269
2017-11-13,Srisailam,169.901,177.123
2017-11-14,Srisailam,11.298,176.358
2017-11-15,Srisailam,88.915,174.358
2017-11-16,Srisailam,115.164,173.146
2017-11-17,Srisailam,57.766,171.529
2017-11-18,Srisailam,88.547,170.335
2017-11-19,Srisailam,0.0,168.36
2017-11-20,Srisailam,1.926,166.78
2017-11-21,Srisailam,129.634,165.226
2017-11-22,Srisailam,27.835,164.067
2017-11-23,Srisailam,241.486,162.524
2017-11-24,Srisailam,49.724,161.752
2017-11-25,Srisailam,264.564,160.619
2017-11-26,Srisailam,295.854,160.242
2017-11-27,Srisailam,186.693,159.865
2017-11-28,Srisailam,240.211,159.11
2017-11-29,Srisailam,228.12,158.354
2017-11-30,Srisailam,227.356,157.6
2017-12-01,Srisailam,223.618,156.852
2017-12-02,Srisailam,291.521,156.113
2017-12-03,Srisailam,256.918,155.375
2017-12-04,Srisailam,105.31,155.006
2017-12-05,Srisailam,146.851,153.528
2017-12-06,Srisailam,50.489,152.789
2017-12-07,Srisailam,228.205,151.788
2017-12-08,Srisailam,143.934,151.121
2017-12-09,Srisailam,164.804,150.454
2017-12-10,Srisailam,71.047,149.787
2017-12-11,Srisailam,116.863,148.786
2017-12-12,Srisailam,45.165,148.1
2017-12-13,Srisailam,85.885,147.041
2017-12-14,Srisailam,106.783,146.335
2017-12-15,Srisailam,43.126,145.982
2017-12-16,Srisailam,100.808,145.276
2017-12-17,Srisailam,126.406,144.217
2017-12-18,Srisailam,34.49,143.872
2017-12-19,Srisailam,14.357,143.184
2017-12-20,Srisailam,145.945,142.495
2017-12-21,Srisailam,51.168,142.149
2017-12-22,Srisailam,136.685,141.461
2017-12-23,Srisailam,157.923,141.116
2017-12-24,Srisailam,150.362,140.427
2017-12-25,Srisailam,255.333,140.083
2017-12-26,Srisailam,79.372,140.427
2017-12-27,Srisailam,159.565,140.083
2017-12-28,Srisailam,145.577,140.083
2017-12-29,Srisailam,161.944,140.083
2017-12-30,Srisailam,158.574,140.083
2017-12-31,Srisailam,175.961,139.748
2018-01-01,Srisailam,95.824,139.747
2018-01-02,Srisailam,0.0,139.411
2018-01-03,Srisailam,81.552,138.74
2018-01-04,Srisailam,0.0,138.404
2018-01-05,Srisailam,8.58,137.733
2018-01-06,Srisailam,0.0,137.062
2018-01-07,Srisailam,0.113,136.054
2018-01-08,Srisailam,0.0,135.401
2018-01-09,Srisailam,55.812,134.747
2018-01-10,Srisailam,0.0,134.421
2018-01-11,Srisailam,0.0,133.767
2018-01-12,Srisailam,31.29,132.787
2018-01-13,Srisailam,34.886,131.841
2018-01-14,Srisailam,0.0,131.255
2018-01-15,Srisailam,0.0,130.375
2018-01-16,Srisailam,25.4,129.203
2018-01-17,Srisailam,36.415,128.016
2018-01-18,Srisailam,0.0,126.784
2018-01-19,Srisailam,0.0,124.627
2018-01-20,Srisailam,12.941,122.538
2018-01-21,Srisailam,0.0,120.468
2018-01-22,Srisailam,0.0,118.732
2018-01-23,Srisailam,0.0,116.453
2018-01-24,Srisailam,0.0,113.959
2018-01-25,Srisailam,5.125,111.455
2018-01-26,Srisailam,0.0,109.898
2018-01-27,Srisailam,17.84,108.314
2018-01-28,Srisailam,0.0,107.018
2018-01-29,Srisailam,28.713,105.738
2018-01-30,Srisailam,10.506,104.971
2018-01-31,Srisailam,12.516,103.971
2018-02-01,Srisailam,0.0,102.98
2018-02-02,Srisailam,0.0,102.236
2018-02-03,Srisailam,26.335,100.781
2018-02-04,Srisailam,32.961,98.862
2018-02-05,Srisailam,0.0,97.795
2018-02-06,Srisailam,32.026,96.089
2018-02-07,Srisailam,25.768,94.745
2018-02-08,Srisailam,0.0,91.668
2018-02-09,Srisailam,20.869,89.965
2018-02-10,Srisailam,5.522,88.089
2018-02-11,Srisailam,0.0,86.069
2018-02-12,Srisailam,2.803,85.149
2018-02-13,Srisailam,0.0,83.894
2018-02-14,Srisailam,8.099,82.593
2018-02-15,Srisailam,0.0,81.652
2018-02-16,Srisailam,0.0,81.093
2018-02-17,Srisailam,0.0,80.185
2018-02-18,Srisailam,0.0,79.276
2018-02-19,Srisailam,0.0,78.568
2018-02-20,Srisailam,0.0,77.69
2018-02-21,Srisailam,0.0,76.818
2018-02-22,Srisailam,0.0,75.97
2018-02-23,Srisailam,0.0,74.301
2018-02-24,Srisailam,0.0,72.12
2018-02-25,Srisailam,0.0,69.725
2018-02-26,Srisailam,0.0,67.799
2018-02-27,Srisailam,0.0,65.674
2018-02-28,Srisailam,0.0,63.941
2018-03-01,Srisailam,0.0,62.854
2018-03-02,Srisailam,14.725,62.487
2018-03-03,Srisailam,17.641,62.236
2018-03-04,Srisailam,0.0,61.859
2018-03-05,Srisailam,17.273,61.482
2018-03-06,Srisailam,0.0,60.502
2018-03-07,Srisailam,0.0,59.9
2018-03-08,Srisailam,28.77,57.937
2018-03-09,Srisailam,3.341,57.052
2018-03-10,Srisailam,2.152,55.149
2018-03-11,Srisailam,11.468,53.154
2018-03-12,Srisailam,12.912,51.564
2018-03-13,Srisailam,13.932,50.203
2018-03-14,Srisailam,0.0,48.689
2018-03-15,Srisailam,0.0,45.995
2018-03-16,Srisailam,0.0,42.856
2018-03-17,Srisailam,26.42,41.167
2018-03-18,Srisailam,36.161,40.179
2018-03-19,Srisailam,33.669,39.345
2018-03-20,Srisailam,111.313,38.086
2018-03-21,Srisailam,128.558,36.672
2018-03-22,Srisailam,110.067,36.097
2018-03-23,Srisailam,55.699,35.941
2018-03-24,Srisailam,44.967,35.735
2018-03-25,Srisailam,33.216,35.582
2018-03-26,Srisailam,93.955,35.432
2018-03-27,Srisailam,77.163,34.636
2018-03-28,Srisailam,91.69,33.435
2018-03-29,Srisailam,54.283,32.512
2018-03-30,Srisailam,55.473,32.33
2018-03-31,Srisailam,31.375,31.792
2018-04-01,Srisailam,21.974,31.5
2018-04-02,Srisailam,14.951,31.459
2018-04-03,Srisailam,8.07,31.297
2018-04-04,Srisailam,2.039,31.256
2018-04-05,Srisailam,16.084,31.256
2018-04-06,Srisailam,26.42,31.175
2018-04-07,Srisailam,33.102,31.001
2018-04-08,Srisailam,24.211,30.871
2018-04-09,Srisailam,13.054,30.568
2018-04-10,Srisailam,22.965,30.441
2018-04-11,Srisailam,37.945,30.271
2018-04-12,Srisailam,19.567,30.101
2018-04-13,Srisailam,10.279,30.101
2018-04-14,Srisailam,1.557,30.06
2018-04-15,Srisailam,0.0,30.06
2018-04-16,Srisailam,0.0,30.018
2018-04-17,Srisailam,0.85,29.893
2018-04-18,Srisailam,0.0,29.767
2018-04-19,Srisailam,0.0,29.642
2018-04-20,Srisailam,4.446,29.434
2018-04-21,Srisailam,35.254,29.269
2018-04-22,Srisailam,0.0,28.994
2018-04-23,Srisailam,12.374,28.881
2018-04-24,Srisailam,6.966,28.692
2018-04-25,Srisailam,2.209,28.692
2018-04-26,Srisailam,2.265,28.692
2018-04-27,Srisailam,2.152,28.692
2018-04-28,Srisailam,2.095,28.692
2018-04-29,Srisailam,13.479,28.692
2018-04-30,Srisailam,19.737,28.73
2018-05-01,Srisailam,5.295,28.767
2018-05-02,Srisailam,1.133,28.767
2018-05-03,Srisailam,26.901,28.767
2018-05-04,Srisailam,12.714,28.805
2018-05-05,Srisailam,0.623,28.805
2018-05-06,Srisailam,1.472,28.767
2018-05-07,Srisailam,11.808,28.73
2018-05-08,Srisailam,25.372,28.692
2018-05-09,Srisailam,0.68,28.692
2018-05-10,Srisailam,1.501,28.615
2018-05-11,Srisailam,10.336,28.615
2018-05-12,Srisailam,0.0,28.615
2018-05-13,Srisailam,1.869,28.615
2018-05-14,Srisailam,1.812,28.615
2018-05-15,Srisailam,0.963,28.615
2018-05-16,Srisailam,6.654,28.615
2018-05-17,Srisailam,1.019,28.615
2018-05-18,Srisailam,2.888,28.615
2018-05-19,Srisailam,1.331,28.615
2018-05-20,Srisailam,1.303,28.615
2018-05-21,Srisailam,1.133,28.615
2018-05-22,Srisailam,12.289,28.615
2018-05-23,Srisailam,5.125,28.615
2018-05-24,Srisailam,4.842,28.615
2018-05-25,Srisailam,4.502,28.615
2018-05-26,Srisailam,6.173,28.615
2018-05-27,Srisailam,0.0,28.615
2018-05-28,Srisailam,7.277,28.575
2018-05-29,Srisailam,2.095,28.534
2018-05-30,Srisailam,2.067,28.534
2018-05-31,Srisailam,1.699,28.53
2018-06-01,Srisailam,1.557,28.534
2018-06-02,Srisailam,0.0,28.534
2018-06-03,Srisailam,1.416,28.534
2018-06-04,Srisailam,1.727,28.534
2018-06-05,Srisailam,1.756,28.534
2018-06-06,Srisailam,1.161,28.534
2018-06-07,Srisailam,1.189,28.534
2018-06-08,Srisailam,0.708,28.534
2018-06-09,Srisailam,13.337,28.534
2018-06-10,Srisailam,14.442,28.575
2018-06-11,Srisailam,1.019,28.615
2018-06-12,Srisailam,1.331,28.615
2018-06-13,Srisailam,1.784,28.615
2018-06-14,Srisailam,14.781,28.615
2018-06-15,Srisailam,1.331,28.655
2018-06-16,Srisailam,1.529,28.655
2018-06-17,Srisailam,1.954,28.655
2018-06-18,Srisailam,2.265,28.655
2018-06-19,Srisailam,2.718,28.655
2018-06-20,Srisailam,1.926,28.655
2018-06-21,Srisailam,1.642,28.655
2018-06-22,Srisailam,0.0,28.655
2018-06-23,Srisailam,1.586,28.655
2018-06-24,Srisailam,1.784,28.655
2018-06-25,Srisailam,1.784,28.655
2018-06-26,Srisailam,25.372,28.655
2018-06-27,Srisailam,0.0,0.029
2018-06-28,Srisailam,1.331,28.73
2018-06-29,Srisailam,0.736,28.73
2018-06-30,Srisailam,0.481,28.73
2018-07-01,Srisailam,0.765,28.73
2018-07-02,Srisailam,1.218,28.73
2018-07-03,Srisailam,0.963,28.73
2018-07-04,Srisailam,1.076,28.73
2018-07-05,Srisailam,1.133,28.73
2018-07-06,Srisailam,0.0,28.73
2018-07-07,Srisailam,0.68,28.73
2018-07-08,Srisailam,0.85,28.73
2018-07-09,Srisailam,0.0,28.73
2018-07-10,Srisailam,12.488,28.73
2018-07-11,Srisailam,0.0,28.768
2018-07-12,Srisailam,0.736,28.768
2018-07-13,Srisailam,0.934,28.768
2018-07-14,Srisailam,0.0,28.768
2018-07-15,Srisailam,0.0,28.768
2018-07-16,Srisailam,1.133,28.768
2018-07-17,Srisailam,12.544,28.768
2018-07-18,Srisailam,1.416,28.805
2018-07-19,Srisailam,12.488,28.805
2018-07-20,Srisailam,2898.111,28.843
2018-07-21,Srisailam,5193.584,37.586
2018-07-22,Srisailam,6211.8,53.248
2018-07-23,Srisailam,5205.364,71.974
2018-07-24,Srisailam,5884.911,87.281
2018-07-25,Srisailam,6257.022,104.715
2018-07-26,Srisailam,4611.816,122.538
2018-07-27,Srisailam,4602.896,135.074
2018-07-28,Srisailam,3019.449,146.688
2018-07-29,Srisailam,1569.657,152.789
2018-07-30,Srisailam,1357.876,155.006
2018-07-31,Srisailam,754.983,156.483
2018-08-01,Srisailam,114.74,156.483
2018-08-02,Srisailam,0.0,154.636
2018-08-03,Srisailam,40.323,152.455
2018-08-04,Srisailam,10.052,150.788
2018-08-05,Srisailam,88.49,149.454
2018-08-06,Srisailam,48.677,148.453
2018-08-07,Srisailam,40.946,146.335
2018-08-08,Srisailam,0.0,143.528
2018-08-09,Srisailam,493.93,140.427
2018-08-10,Srisailam,826.879,139.076
2018-08-11,Srisailam,680.311,137.397
2018-08-12,Srisailam,2551.768,136.726
2018-08-13,Srisailam,2978.899,141.461
2018-08-14,Srisailam,2265.599,146.688
2018-08-15,Srisailam,3383.178,149.454
2018-08-16,Srisailam,7813.398,155.006
2018-08-17,Srisailam,9266.418,170.73
2018-08-18,Srisailam,9248.295,189.941
2018-08-19,Srisailam,7954.642,196.587
2018-08-20,Srisailam,6767.064,197.501
2018-08-21,Srisailam,5345.957,197.501
2018-08-22,Srisailam,6362.757,203.361
2018-08-23,Srisailam,8531.795,205.09
2018-08-24,Srisailam,6806.311,203.361
2018-08-25,Srisailam,4522.051,202.929
2018-08-26,Srisailam,2980.711,202.497
2018-08-27,Srisailam,4361.41,202.929
2018-08-28,Srisailam,4555.324,207.25
2018-08-29,Srisailam,2972.811,207.25
2018-08-30,Srisailam,2404.663,202.93
2018-08-31,Srisailam,4494.782,201.153
2018-09-01,Srisailam,5052.595,203.793
2018-09-02,Srisailam,3545.886,203.361
2018-09-03,Srisailam,1618.079,203.793
2018-09-04,Srisailam,5.811,202.929
2018-09-05,Srisailam,1036.763,201.153
2018-09-06,Srisailam,1199.641,200.24
2018-09-07,Srisailam,1036.933,199.783
2018-09-08,Srisailam,41.229,197.501
2018-09-09,Srisailam,120.007,191.245
2018-09-10,Srisailam,700.048,186.031
2018-09-11,Srisailam,110.407,183.911
2018-09-12,Srisailam,270.595,180.562
2018-09-13,Srisailam,308.568,177.504
2018-09-14,Srisailam,100.836,175.571
2018-09-15,Srisailam,51.197,172.741
2018-09-16,Srisailam,3.511,168.754
2018-09-17,Srisailam,7.9,165.998
2018-09-18,Srisailam,146.738,163.682
2018-09-19,Srisailam,197.113,161.752
2018-09-20,Srisailam,318.366,159.487
2018-09-21,Srisailam,334.45,157.599
2018-09-22,Srisailam,341.699,156.483
2018-09-23,Srisailam,112.05,154.636
2018-09-24,Srisailam,368.968,151.788
2018-09-25,Srisailam,71.132,149.454
2018-09-26,Srisailam,362.908,146.335
2018-09-27,Srisailam,211.215,144.217
2018-09-28,Srisailam,147.134,141.461
2018-09-29,Srisailam,405.978,138.74
2018-09-30,Srisailam,173.327,136.39
2018-10-01,Srisailam,405.015,133.114
2018-10-02,Srisailam,108.198,130.376
2018-10-03,Srisailam,7.447,128.617
2018-10-04,Srisailam,71.273,125.243
2018-10-05,Srisailam,36.302,122.837
2018-10-06,Srisailam,86.933,120.468
2018-10-07,Srisailam,0.0,118.153
2018-10-08,Srisailam,25.457,115.893
2018-10-09,Srisailam,78.834,112.707
2018-10-10,Srisailam,33.527,108.578
2018-10-11,Srisailam,0.0,105.995
2018-10-12,Srisailam,55.048,104.468
2018-10-13,Srisailam,47.317,100.781
2018-10-14,Srisailam,0.0,96.728
2018-10-15,Srisailam,3.653,93.625
2018-10-16,Srisailam,0.0,91.235
2018-10-17,Srisailam,32.423,88.709
2018-10-18,Srisailam,0.0,87.483
2018-10-19,Srisailam,803.574,87.08
2018-10-20,Srisailam,1329.559,89.127
2018-10-21,Srisailam,938.249,92.101
2018-10-22,Srisailam,310.975,94.296
2018-10-23,Srisailam,308.993,93.625
2018-10-24,Srisailam,442.931,92.75
2018-10-25,Srisailam,535.414,92.75
2018-10-26,Srisailam,319.3,93.4
2018-10-27,Srisailam,442.62,93.4
2018-10-28,Srisailam,415.521,94.072
2018-10-29,Srisailam,158.008,94.296
2018-10-30,Srisailam,158.008,93.4
2018-10-31,Srisailam,294.551,92.75
2018-11-01,Srisailam,28.855,92.75
2018-11-02,Srisailam,169.448,91.235
2018-11-03,Srisailam,192.186,91.018
2018-11-04,Srisailam,534.536,91.018
2018-11-05,Srisailam,14.357,91.884
2018-11-06,Srisailam,229.309,90.593
2018-11-07,Srisailam,152.033,90.383
2018-11-08,Srisailam,21.408,90.174
2018-11-09,Srisailam,69.15,89.547
2018-11-10,Srisailam,179.019,88.919
2018-11-11,Srisailam,313.24,88.919
2018-11-12,Srisailam,169.929,89.337
2018-11-13,Srisailam,36.387,88.919
2018-11-14,Srisailam,0.0,88.501
2018-11-15,Srisailam,10.194,87.887
2018-11-16,Srisailam,0.0,87.08
2018-11-17,Srisailam,10.477,86.272
2018-11-18,Srisailam,25.74,85.688
2018-11-19,Srisailam,69.801,85.329
2018-11-20,Srisailam,27.75,84.97
2018-11-21,Srisailam,11.327,84.253
2018-11-22,Srisailam,176.923,83.715
2018-11-23,Srisailam,45.817,83.715
2018-11-24,Srisailam,223.221,83.158
2018-11-25,Srisailam,306.501,83.158
2018-11-26,Srisailam,145.435,83.535
2018-11-27,Srisailam,210.167,83.346
2018-11-28,Srisailam,156.677,83.346
2018-11-29,Srisailam,77.418,83.158
2018-11-30,Srisailam,56.322,82.405
2018-12-01,Srisailam,31.347,81.652
2018-12-02,Srisailam,0.0,80.911
2018-12-03,Srisailam,62.665,80.911
2018-12-04,Srisailam,1.218,80.366
2018-12-05,Srisailam,29.421,79.457
2018-12-06,Srisailam,27.382,78.041
2018-12-07,Srisailam,10.194,78.041
2018-12-08,Srisailam,6.485,77.69
2018-12-09,Srisailam,2.039,76.649
2018-12-10,Srisailam,15.631,75.971
2018-12-11,Srisailam,17.556,75.462
2018-12-12,Srisailam,9.146,75.123
2018-12-13,Srisailam,2.832,73.649
2018-12-14,Srisailam,1.076,72.266
2018-12-15,Srisailam,3.03,71.536
2018-12-16,Srisailam,38.001,70.945
2018-12-17,Srisailam,0.991,70.183
2018-12-18,Srisailam,16.933,69.572
2018-12-19,Srisailam,36.161,68.973
2018-12-20,Srisailam,111.738,67.505
2018-12-21,Srisailam,70.311,66.798
2018-12-22,Srisailam,75.351,65.674
2018-12-23,Srisailam,256.465,64.318
2018-12-24,Srisailam,208.666,64.183
2018-12-25,Srisailam,122.555,63.821
2018-12-26,Srisailam,186.013,63.217
2018-12-27,Srisailam,211.81,61.733
2018-12-28,Srisailam,229.253,61.733
2018-12-29,Srisailam,228.517,61.985
2018-12-30,Srisailam,87.924,61.608
2018-12-31,Srisailam,164.096,60.503
2019-01-01,Srisailam,217.218,60.021
2019-01-02,Srisailam,88.32,60.021
2019-01-03,Srisailam,170.864,59.312
2019-01-04,Srisailam,245.054,58.617
2019-01-05,Srisailam,182.02,58.501
2019-01-06,Srisailam,252.161,57.752
2019-01-07,Srisailam,213.339,58.501
2019-01-08,Srisailam,213.339,58.159
2019-01-09,Srisailam,117.147,58.159
2019-01-10,Srisailam,93.474,58.27
2019-01-11,Srisailam,47.374,58.159
2019-01-12,Srisailam,114.655,57.827
2019-01-13,Srisailam,64.166,57.495
2019-01-14,Srisailam,167.182,57.495
2019-01-15,Srisailam,93.559,57.495
2019-01-16,Srisailam,3.908,57.606
2019-01-17,Srisailam,6.824,57.274
2019-01-18,Srisailam,12.743,56.942
2019-01-19,Srisailam,11.072,56.548
2019-01-20,Srisailam,19.057,56.154
2019-01-21,Srisailam,11.468,55.76
2019-01-22,Srisailam,19.652,55.456
2019-01-23,Srisailam,16.395,55.046
2019-01-24,Srisailam,2.633,54.636
2019-01-25,Srisailam,5.522,54.431
2019-01-26,Srisailam,3.03,54.333
2019-01-27,Srisailam,4.446,54.136
2019-01-28,Srisailam,28.798,54.136
2019-01-29,Srisailam,17.67,54.136
2019-01-30,Srisailam,0.198,53.939
2019-01-31,Srisailam,1.416,53.839
2019-02-01,Srisailam,10.817,53.741
2019-02-02,Srisailam,2.124,53.643
2019-02-03,Srisailam,0.453,53.544
2019-02-04,Srisailam,0.142,53.446
2019-02-05,Srisailam,6.145,53.347
2019-02-06,Srisailam,0.028,53.248
2019-02-07,Srisailam,11.553,53.059
2019-02-08,Srisailam,0.68,52.869
2019-02-09,Srisailam,1.048,52.774
2019-02-10,Srisailam,1.557,52.679
2019-02-11,Srisailam,0.0,52.584
2019-02-12,Srisailam,0.0,52.49
2019-02-13,Srisailam,0.0,52.395
2019-02-14,Srisailam,0.0,52.3
2019-02-15,Srisailam,0.0,52.205
2019-02-16,Srisailam,7.051,52.11
2019-02-17,Srisailam,0.0,52.019
2019-02-18,Srisailam,0.0,51.746
2019-02-19,Srisailam,0.0,51.473
2019-02-20,Srisailam,0.0,51.291
2019-02-21,Srisailam,0.0,51.109
2019-02-22,Srisailam,0.0,50.773
2019-02-23,Srisailam,0.0,50.448
2019-02-24,Srisailam,0.0,50.122
2019-02-25,Srisailam,1.303,49.789
2019-02-26,Srisailam,0.0,49.448
2019-02-27,Srisailam,0.0,49.107
2019-02-28,Srisailam,0.0,48.771
2019-03-01,Srisailam,0.0,48.442
2019-03-02,Srisailam,0.0,48.112
2019-03-03,Srisailam,0.0,47.788
2019-03-04,Srisailam,0.0,47.469
2019-03-05,Srisailam,0.0,47.151
2019-03-06,Srisailam,5.862,46.991
2019-03-07,Srisailam,5.267,46.915
2019-03-08,Srisailam,0.0,46.838
2019-03-09,Srisailam,0.0,46.684
2019-03-10,Srisailam,5.012,46.53
2019-03-11,Srisailam,5.409,46.453
2019-03-12,Srisailam,0.0,46.376
2019-03-13,Srisailam,5.465,46.223
2019-03-14,Srisailam,5.38,46.146
2019-03-15,Srisailam,6.201,46.069
2019-03-16,Srisailam,0.0,45.994
2019-03-17,Srisailam,0.0,45.77
2019-03-18,Srisailam,4.87,45.62
2019-03-19,Srisailam,0.0,45.546
2019-03-20,Srisailam,6.456,45.396
2019-03-21,Srisailam,6.598,45.321
2019-03-22,Srisailam,0.0,45.247
2019-03-23,Srisailam,0.0,45.1
2019-03-24,Srisailam,0.821,44.955
2019-03-25,Srisailam,5.918,44.81
2019-03-26,Srisailam,0.0,44.666
2019-03-27,Srisailam,0.0,44.521
2019-03-28,Srisailam,0.0,44.376
2019-03-29,Srisailam,1.642,44.174
2019-03-30,Srisailam,0.0,43.916
2019-03-31,Srisailam,2.435,43.715
2019-04-01,Srisailam,0.0,43.594
2019-04-02,Srisailam,0.0,43.261
2019-04-03,Srisailam,0.453,43.059
2019-04-04,Srisailam,0.51,42.923
2019-04-05,Srisailam,0.538,42.788
2019-04-06,Srisailam,1.189,42.652
2019-04-07,Srisailam,1.784,42.522
2019-04-08,Srisailam,0.0,42.39
2019-04-09,Srisailam,0.0,41.295
2019-04-10,Srisailam,0.0,39.403
2019-04-11,Srisailam,17.217,37.696
2019-04-12,Srisailam,22.71,36.46
2019-04-13,Srisailam,29.563,35.381
2019-04-14,Srisailam,67.196,33.482
2019-04-15,Srisailam,33.527,32.876
2019-04-16,Srisailam,33.669,32.969
2019-04-17,Srisailam,32.989,33.062
2019-04-18,Srisailam,30.752,33.248
2019-04-19,Srisailam,0.0,33.248
2019-04-20,Srisailam,17.245,33.248
2019-04-21,Srisailam,2.35,33.248
2019-04-22,Srisailam,37.038,33.248
2019-04-23,Srisailam,1.331,33.248
2019-04-24,Srisailam,6.485,33.108
2019-04-25,Srisailam,1.303,33.108
2019-04-26,Srisailam,1.557,33.108
2019-04-27,Srisailam,2.322,33.108
2019-04-28,Srisailam,2.577,33.108
2019-04-29,Srisailam,0.0,33.108
2019-04-30,Srisailam,2.747,33.062
2019-05-01,Srisailam,2.067,33.062
2019-05-02,Srisailam,3.285,33.062
2019-05-03,Srisailam,0.0,33.062
2019-05-04,Srisailam,0.0,33.016
2019-05-05,Srisailam,0.0,32.923
2019-05-06,Srisailam,3.087,32.738
2019-05-07,Srisailam,2.718,32.738
2019-05-08,Srisailam,2.86,32.738
2019-05-09,Srisailam,4.106,32.738
2019-05-10,Srisailam,2.18,32.738
2019-05-11,Srisailam,0.0,32.738
2019-05-12,Srisailam,1.218,32.693
2019-05-13,Srisailam,2.209,32.693
2019-05-14,Srisailam,1.472,32.693
2019-05-15,Srisailam,0.708,32.693
2019-05-16,Srisailam,5.588,32.693
2019-05-17,Srisailam,0.0,32.648
2019-05-18,Srisailam,1.756,32.648
2019-05-19,Srisailam,0.0,32.648
2019-05-20,Srisailam,2.407,32.602
2019-05-21,Srisailam,2.832,32.602
2019-05-22,Srisailam,0.0,32.602
2019-05-23,Srisailam,3.03,32.557
2019-05-24,Srisailam,3.171,32.557
2019-05-25,Srisailam,3.002,32.557
2019-05-26,Srisailam,2.577,32.557
2019-05-27,Srisailam,0.0,32.557
2019-05-28,Srisailam,3.908,32.512
2019-05-29,Srisailam,0.0,32.512
2019-05-30,Srisailam,2.209,32.421
2019-05-31,Srisailam,0.0,32.421
2019-06-01,Srisailam,2.464,32.239
2019-06-02,Srisailam,0.0,32.239
2019-06-03,Srisailam,2.747,32.239
2019-06-04,Srisailam,1.784,32.239
2019-06-05,Srisailam,0.0,32.239
2019-06-06,Srisailam,0.0,32.239
2019-06-07,Srisailam,0.991,32.195
2019-06-08,Srisailam,1.472,32.195
2019-06-09,Srisailam,3.03,32.195
2019-06-10,Srisailam,1.133,32.195
2019-06-11,Srisailam,2.718,32.195
2019-06-12,Srisailam,0.0,32.195
2019-06-13,Srisailam,0.0,32.105
2019-06-14,Srisailam,3.426,31.926
2019-06-15,Srisailam,1.869,31.881
2019-06-16,Srisailam,2.492,31.881
2019-06-17,Srisailam,2.35,31.881
2019-06-18,Srisailam,3.653,31.881
2019-06-19,Srisailam,2.209,31.881
2019-06-20,Srisailam,2.294,31.881
2019-06-21,Srisailam,0.0,31.883
2019-06-22,Srisailam,0.0,31.792
2019-06-23,Srisailam,1.388,31.792
2019-06-24,Srisailam,2.039,31.792
2019-06-25,Srisailam,3.115,31.792
2019-06-26,Srisailam,4.644,31.747
2019-06-27,Srisailam,0.0,31.621
2019-06-28,Srisailam,2.775,31.581
2019-06-29,Srisailam,0.793,31.581
2019-06-30,Srisailam,0.0,31.581
2019-07-01,Srisailam,0.283,31.581
2019-07-02,Srisailam,0.765,31.581
2019-07-03,Srisailam,2.633,31.581
2019-07-04,Srisailam,1.048,31.581
2019-07-05,Srisailam,0.113,31.581
2019-07-06,Srisailam,1.133,31.581
2019-07-07,Srisailam,0.0,31.581
2019-07-08,Srisailam,1.529,31.54
2019-07-09,Srisailam,0.85,31.54
2019-07-10,Srisailam,7.561,31.54
2019-07-11,Srisailam,6.116,31.418
2019-07-12,Srisailam,6.258,31.297
2019-07-13,Srisailam,27.411,31.175
2019-07-14,Srisailam,1.982,31.175
2019-07-15,Srisailam,0.0,31.175
2019-07-16,Srisailam,1.671,31.175
2019-07-17,Srisailam,0.0,31.175
2019-07-18,Srisailam,0.0,31.175
2019-07-19,Srisailam,0.34,31.175
2019-07-20,Srisailam,0.0,31.175
2019-07-21,Srisailam,0.0,31.175
2019-07-22,Srisailam,0.0,31.175
2019-07-23,Srisailam,0.0,31.175
2019-07-24,Srisailam,9.146,31.132
2019-07-25,Srisailam,2.52,31.089
2019-07-26,Srisailam,17.84,30.958
2019-07-27,Srisailam,17.84,30.871
2019-07-28,Srisailam,16.65,30.784
2019-07-29,Srisailam,2.379,30.697
2019-07-30,Srisailam,1.274,30.697
2019-07-31,Srisailam,1051.912,30.697
2019-08-01,Srisailam,5419.552,33.861
2019-08-02,Srisailam,5466.19,50.203
2019-08-03,Srisailam,5708.922,67.222
2019-08-04,Srisailam,6381.701,86.271
2019-08-05,Srisailam,6998.497,107.018
2019-08-06,Srisailam,7015.969,125.243
2019-08-07,Srisailam,8254.432,143.872
2019-08-08,Srisailam,7902.681,160.242
2019-08-09,Srisailam,9242.49,179.797
2019-08-10,Srisailam,11708.402,199.783
2019-08-11,Srisailam,13631.594,201.153
2019-08-12,Srisailam,15755.496,179.033
2019-08-13,Srisailam,24601.749,180.18
2019-08-14,Srisailam,26557.336,184.759
2019-08-15,Srisailam,26799.926,193.471
2019-08-16,Srisailam,24496.439,193.471
2019-08-17,Srisailam,23011.987,192.135
2019-08-18,Srisailam,21142.795,194.362
2019-08-19,Srisailam,16038.692,197.044
2019-08-20,Srisailam,9716.655,207.25
2019-08-21,Srisailam,5490.769,212.917
2019-08-22,Srisailam,3061.216,210.537
2019-08-23,Srisailam,1722.511,208.158
2019-08-24,Srisailam,2419.274,203.361
2019-08-25,Srisailam,1381.095,200.696
2019-08-26,Srisailam,211.357,198.87
2019-08-27,Srisailam,0.0,194.362
2019-08-28,Srisailam,149.994,190.376
2019-08-29,Srisailam,551.781,188.203
2019-08-30,Srisailam,195.952,184.335
2019-08-31,Srisailam,428.631,183.063
2019-09-01,Srisailam,122.357,180.562
2019-09-02,Srisailam,37.831,178.269
2019-09-03,Srisailam,64.279,175.976
2019-09-04,Srisailam,411.415,174.763
2019-09-05,Srisailam,2387.644,175.167
2019-09-06,Srisailam,5330.921,177.122
2019-09-07,Srisailam,5970.682,185.607
2019-09-08,Srisailam,6438.561,194.807
2019-09-09,Srisailam,8412.383,205.522
2019-09-10,Srisailam,10911.086,212.917
2019-09-11,Srisailam,8910.702,211.965
2019-09-12,Srisailam,6523.539,209.11
2019-09-13,Srisailam,6523.539,211.965
2019-09-14,Srisailam,9963.464,211.489
2019-09-15,Srisailam,8609.242,211.965
2019-09-16,Srisailam,5063.723,211.965
2019-09-17,Srisailam,688.183,206.818
2019-09-18,Srisailam,3984.967,206.818
2019-09-19,Srisailam,4397.769,211.965
2019-09-20,Srisailam,4901.043,211.965
2019-09-21,Srisailam,4163.561,211.965
2019-09-22,Srisailam,2169.718,213.392
2019-09-23,Srisailam,1777.162,212.917
2019-09-24,Srisailam,1476.806,211.013
2019-09-25,Srisailam,3689.056,208.158
2019-09-26,Srisailam,6696.583,211.489
2019-09-27,Srisailam,8983.533,211.489
2019-09-28,Srisailam,6930.82,211.489
2019-09-29,Srisailam,4757.732,210.062
2019-09-30,Srisailam,4012.066,212.917
2019-10-01,Srisailam,3165.563,213.392
2019-10-02,Srisailam,1053.272,238.663
2019-10-03,Srisailam,2201.886,223.41
2019-10-04,Srisailam,733.179,208.158
2019-10-05,Srisailam,1472.898,206.818
2019-10-06,Srisailam,739.578,207.682
2019-10-07,Srisailam,2141.147,207.682
2019-10-08,Srisailam,2556.894,210.537
2019-10-09,Srisailam,3478.436,211.965
2019-10-10,Srisailam,1994.182,212.917
2019-10-11,Srisailam,1977.419,210.537
2019-10-12,Srisailam,4288.806,208.634
2019-10-13,Srisailam,198.218,213.392
2019-10-14,Srisailam,2921.359,211.965
2019-10-15,Srisailam,2133.926,211.965
2019-10-16,Srisailam,1436.993,211.489
2019-10-17,Srisailam,1736.216,208.634
2019-10-18,Srisailam,702.88,206.818
2019-10-19,Srisailam,651.145,205.954
2019-10-20,Srisailam,475.467,206.386
2019-10-21,Srisailam,23418.39,205.954
2019-10-22,Srisailam,5427.934,206.386
2019-10-23,Srisailam,12064.911,211.965
2019-10-24,Srisailam,18467.905,208.634
2019-10-25,Srisailam,15730.605,209.586
2019-10-26,Srisailam,7949.828,210.537
2019-10-27,Srisailam,7134.418,210.537
2019-10-28,Srisailam,4692.462,211.965
2019-10-29,Srisailam,5327.948,211.965
2019-10-30,Srisailam,5363.938,211.965
2019-10-31,Srisailam,1413.858,211.965
2019-11-01,Srisailam,1773.396,209.11
2019-11-02,Srisailam,1867.974,207.25
2019-11-03,Srisailam,1868.144,205.522
2019-11-04,Srisailam,1851.636,203.793
2019-11-05,Srisailam,1765.326,202.065
2019-11-06,Srisailam,1289.207,201.153
2019-11-07,Srisailam,1428.554,201.153
2019-11-08,Srisailam,1581.805,202.497
2019-11-09,Srisailam,2024.0,203.361
2019-11-10,Srisailam,0.0,202.929
2019-11-11,Srisailam,374.202,202.497
2019-11-12,Srisailam,289.262,203.361
2019-11-13,Srisailam,1289.321,204.658
2019-11-14,Srisailam,430.472,203.793
2019-11-15,Srisailam,286.962,201.609
2019-11-16,Srisailam,0.0,197.957
2019-11-17,Srisailam,857.008,197.957
2019-11-18,Srisailam,655.307,197.501
2019-11-19,Srisailam,202.578,195.697
2019-11-20,Srisailam,250.207,193.916
2019-11-21,Srisailam,81.128,191.69
2019-11-22,Srisailam,520.066,190.376
2019-11-23,Srisailam,130.909,188.638
2019-11-24,Srisailam,264.592,188.203
2019-11-25,Srisailam,223.759,186.465
2019-11-26,Srisailam,118.789,185.607
2019-11-27,Srisailam,53.207,184.335
2019-11-28,Srisailam,168.287,183.911
2019-11-29,Srisailam,182.304,183.063
2019-11-30,Srisailam,28.26,181.367
2019-12-01,Srisailam,104.8,180.562
2019-12-02,Srisailam,59.918,179.797
2019-12-03,Srisailam,1.444,178.269
2019-12-04,Srisailam,0.623,176.74
2019-12-05,Srisailam,123.999,175.571
2019-12-06,Srisailam,76.285,174.763
2019-12-07,Srisailam,106.924,173.954
2019-12-08,Srisailam,20.445,172.741
2019-12-09,Srisailam,13.988,171.933
2019-12-10,Srisailam,40.351,170.73
2019-12-11,Srisailam,155.714,169.939
2019-12-12,Srisailam,47.261,169.149
2019-12-13,Srisailam,195.188,169.149
2019-12-14,Srisailam,214.613,169.149
2019-12-15,Srisailam,302.338,169.149
2019-12-16,Srisailam,381.541,169.149
2019-12-17,Srisailam,281.158,168.754
2019-12-18,Srisailam,548.949,167.569
2019-12-19,Srisailam,151.297,166.384
2019-12-20,Srisailam,210.479,165.998
2019-12-21,Srisailam,181.029,165.226
2019-12-22,Srisailam,172.364,164.068
2019-12-23,Srisailam,105.169,163.296
2019-12-24,Srisailam,279.232,162.524
2019-12-25,Srisailam,238.173,162.524
2019-12-26,Srisailam,306.586,162.524
2019-12-27,Srisailam,258.419,162.138
2019-12-28,Srisailam,198.048,161.375
2019-12-29,Srisailam,265.781,161.375
2019-12-30,Srisailam,151.75,161.375
2019-12-31,Srisailam,78.692,160.242
2020-01-01,Srisailam,187.117,159.11
2020-01-02,Srisailam,224.949,159.11
2020-01-03,Srisailam,138.271,157.599
2020-01-04,Srisailam,171.26,156.853
2020-01-05,Srisailam,157.866,155.744
2020-01-06,Srisailam,157.781,154.636
2020-01-07,Srisailam,41.739,152.455
2020-01-08,Srisailam,149.768,151.121
2020-01-09,Srisailam,67.592,150.121
2020-01-10,Srisailam,71.443,149.454
2020-01-11,Srisailam,113.664,148.787
2020-01-12,Srisailam,202.777,148.1
2020-01-13,Srisailam,398.049,148.787
2020-01-14,Srisailam,63.854,148.1
2020-01-15,Srisailam,187.655,148.1
2020-01-16,Srisailam,291.663,148.453
2020-01-17,Srisailam,266.291,148.453
2020-01-18,Srisailam,143.141,148.1
2020-01-19,Srisailam,153.732,147.747
2020-01-20,Srisailam,98.486,147.394
2020-01-21,Srisailam,108.397,146.688
2020-01-22,Srisailam,206.486,146.688
2020-01-23,Srisailam,151.155,146.335
2020-01-24,Srisailam,212.489,146.335
2020-01-25,Srisailam,141.244,145.982
2020-01-26,Srisailam,14.668,144.923
2020-01-27,Srisailam,210.224,144.923
2020-01-28,Srisailam,263.686,144.923
2020-01-29,Srisailam,135.779,144.217
2020-01-30,Srisailam,139.574,143.183
2020-01-31,Srisailam,56.669,141.805
2020-02-01,Srisailam,153.704,141.116
2020-02-02,Srisailam,19.255,140.083
2020-02-03,Srisailam,0.0,138.74
2020-02-04,Srisailam,85.403,136.726
2020-02-05,Srisailam,72.887,136.054
2020-02-06,Srisailam,92.171,135.401
2020-02-07,Srisailam,0.0,134.747
2020-02-08,Srisailam,124.566,133.114
2020-02-09,Srisailam,0.0,131.841
2020-02-10,Srisailam,62.467,131.255
2020-02-11,Srisailam,0.0,130.375
2020-02-12,Srisailam,6.173,129.203
2020-02-13,Srisailam,88.49,128.016
2020-02-14,Srisailam,20.19,127.4
2020-02-15,Srisailam,16.537,126.168
2020-02-16,Srisailam,22.767,124.935
2020-02-17,Srisailam,8.24,124.03
2020-02-18,Srisailam,0.0,122.538
2020-02-19,Srisailam,0.0,121.345
2020-02-20,Srisailam,16.764,118.153
2020-02-21,Srisailam,14.866,115.892
2020-02-22,Srisailam,0.0,113.959
2020-02-23,Srisailam,66.488,111.706
2020-02-24,Srisailam,10.506,108.314
2020-02-25,Srisailam,0.0,102.98
2020-02-26,Srisailam,2.813,98.223
2020-02-27,Srisailam,0.0,94.52
2020-02-28,Srisailam,35.821,89.965
2020-02-29,Srisailam,0.0,85.329
2020-03-01,Srisailam,0.0,80.73
2020-03-02,Srisailam,33.527,78.743
2020-03-03,Srisailam,31.743,76.14
2020-03-04,Srisailam,0.0,71.828
2020-03-05,Srisailam,0.0,65.403
2020-03-06,Srisailam,0.0,62.11
2020-03-07,Srisailam,0.0,60.985
2020-03-08,Srisailam,0.0,59.9
2020-03-09,Srisailam,0.0,59.428
2020-03-10,Srisailam,0.0,58.849
2020-03-11,Srisailam,0.0,58.159
2020-03-12,Srisailam,0.0,57.384
2020-03-13,Srisailam,0.0,56.548
2020-03-14,Srisailam,0.0,55.957
2020-03-15,Srisailam,0.0,55.251
2020-03-16,Srisailam,0.0,54.636
2020-03-17,Srisailam,0.0,53.939
2020-03-18,Srisailam,3.681,53.544
2020-03-19,Srisailam,3.511,53.248
2020-03-20,Srisailam,35.707,52.964
2020-03-21,Srisailam,11.072,52.774
2020-03-22,Srisailam,40.068,52.395
2020-03-23,Srisailam,14.696,52.11
2020-03-24,Srisailam,6.513,51.837
2020-03-25,Srisailam,6.569,51.564
2020-03-26,Srisailam,21.323,51.291
2020-03-27,Srisailam,0.0,51.018
2020-03-28,Srisailam,5.239,50.61
2020-03-29,Srisailam,6.173,49.959
2020-03-30,Srisailam,27.212,49.362
2020-03-31,Srisailam,0.0,48.936
2020-04-01,Srisailam,0.0,48.359
2020-04-02,Srisailam,12.629,47.469
2020-04-03,Srisailam,0.0,46.991
2020-04-04,Srisailam,10.477,46.53
2020-04-05,Srisailam,0.0,46.069
2020-04-06,Srisailam,15.121,45.396
2020-04-07,Srisailam,5.663,44.81
2020-04-08,Srisailam,15.404,44.304
2020-04-09,Srisailam,1.218,43.53
2020-04-10,Srisailam,19.539,43.126
2020-04-11,Srisailam,0.0,42.326
2020-04-12,Srisailam,0.708,41.168
2020-04-13,Srisailam,21.294,39.698
2020-04-14,Srisailam,19.425,39.345
2020-04-15,Srisailam,30.129,39.052
2020-04-16,Srisailam,19.284,38.65
2020-04-17,Srisailam,16.339,37.336
2020-04-18,Srisailam,17.868,36.986
2020-04-19,Srisailam,7.108,36.83
2020-04-20,Srisailam,7.419,36.725
2020-04-21,Srisailam,21.747,36.619
2020-04-22,Srisailam,19.482,36.566
2020-04-23,Srisailam,1.614,36.513
2020-04-24,Srisailam,23.333,36.408
2020-04-25,Srisailam,9.741,36.251
2020-04-26,Srisailam,2.492,36.045
2020-04-27,Srisailam,19.765,35.941
2020-04-28,Srisailam,14.725,35.89
2020-04-29,Srisailam,12.969,35.838
2020-04-30,Srisailam,12.884,35.786
2020-05-01,Srisailam,10.081,35.735
2020-05-02,Srisailam,3.171,35.683
2020-05-03,Srisailam,3.341,35.683
2020-05-04,Srisailam,0.0,35.683
2020-05-05,Srisailam,0.0,35.582
2020-05-06,Srisailam,0.0,35.432
2020-05-07,Srisailam,18.406,35.381
2020-05-08,Srisailam,0.0,35.432
2020-05-09,Srisailam,6.23,35.381
2020-05-10,Srisailam,2.803,35.381
2020-05-11,Srisailam,5.55,35.381
2020-05-12,Srisailam,0.0,35.381
2020-05-13,Srisailam,2.718,35.331
2020-05-14,Srisailam,4.021,35.331
2020-05-15,Srisailam,0.0,35.231
2020-05-16,Srisailam,10.194,35.08
2020-05-17,Srisailam,2.945,35.083
2020-05-18,Srisailam,2.379,35.083
2020-05-19,Srisailam,2.633,35.08
2020-05-20,Srisailam,3.087,35.08
2020-05-21,Srisailam,3.511,35.08
2020-05-22,Srisailam,0.0,35.08
2020-05-23,Srisailam,3.653,35.03
2020-05-24,Srisailam,7.051,35.03
2020-05-25,Srisailam,0.0,34.932
2020-05-26,Srisailam,2.888,34.784
2020-05-27,Srisailam,3.738,34.784
2020-05-28,Srisailam,3.426,34.784
2020-05-29,Srisailam,3.143,34.784
2020-05-30,Srisailam,0.0,34.784
2020-05-31,Srisailam,3.37,34.734
2020-06-01,Srisailam,2.973,34.734
2020-06-02,Srisailam,3.171,34.734
2020-06-03,Srisailam,7.561,34.734
2020-06-04,Srisailam,15.688,34.636
2020-06-05,Srisailam,3.228,34.537
2020-06-06,Srisailam,3.143,34.537
2020-06-07,Srisailam,3.341,34.537
2020-06-08,Srisailam,3.54,34.537
2020-06-09,Srisailam,19.454,34.537
2020-06-10,Srisailam,17.953,34.586
2020-06-11,Srisailam,1.756,34.636
2020-06-12,Srisailam,2.52,34.636
2020-06-13,Srisailam,2.718,34.636
2020-06-14,Srisailam,43.013,34.636
2020-06-15,Srisailam,11.921,34.734
2020-06-16,Srisailam,19.992,34.636
2020-06-17,Srisailam,17.16,34.586
2020-06-18,Srisailam,2.52,34.636
2020-06-19,Srisailam,2.973,34.636
2020-06-20,Srisailam,2.52,34.636
2020-06-21,Srisailam,2.18,34.636
2020-06-22,Srisailam,2.747,34.537
2020-06-23,Srisailam,2.86,34.537
2020-06-24,Srisailam,19.737,34.537
2020-06-25,Srisailam,8.297,34.586
2020-06-26,Srisailam,18.123,34.488
2020-06-27,Srisailam,16.99,34.399
2020-06-28,Srisailam,50.149,34.443
2020-06-29,Srisailam,33.584,34.586
2020-06-30,Srisailam,84.073,34.685
2020-07-01,Srisailam,118.506,34.932
2020-07-02,Srisailam,68.923,35.281
2020-07-03,Srisailam,68.328,35.482
2020-07-04,Srisailam,87.386,35.683
2020-07-05,Srisailam,64.817,35.941
2020-07-06,Srisailam,30.412,36.045
2020-07-07,Srisailam,19.369,35.993
2020-07-08,Srisailam,18.944,36.045
2020-07-09,Srisailam,87.839,36.096
2020-07-10,Srisailam,90.019,36.355
2020-07-11,Srisailam,72.406,36.619
2020-07-12,Srisailam,37.067,36.83
2020-07-13,Srisailam,17.443,36.936
2020-07-14,Srisailam,83.874,36.986
2020-07-15,Srisailam,1099.4,37.236
2020-07-16,Srisailam,2120.532,40.532
2020-07-17,Srisailam,2835.729,46.838
2020-07-18,Srisailam,2471.49,55.251
2020-07-19,Srisailam,1926.307,62.487
2020-07-20,Srisailam,1788.546,66.092
2020-07-21,Srisailam,2734.383,67.946
2020-07-22,Srisailam,2500.827,72.558
2020-07-23,Srisailam,1901.615,76.31
2020-07-24,Srisailam,2411.855,78.216
2020-07-25,Srisailam,2843.998,81.652
2020-07-26,Srisailam,1872.052,86.271
2020-07-27,Srisailam,1958.985,87.887
2020-07-28,Srisailam,166.167,89.756
2020-07-29,Srisailam,1068.676,88.919
2020-07-30,Srisailam,606.631,87.079
2020-07-31,Srisailam,1179.027,84.791
2020-08-01,Srisailam,837.413,84.253
2020-08-02,Srisailam,1266.412,82.781
2020-08-03,Srisailam,805.755,82.593
2020-08-04,Srisailam,633.928,81.093
2020-08-05,Srisailam,533.262,79.094
2020-08-06,Srisailam,879.633,76.818
2020-08-07,Srisailam,1082.381,75.632
2020-08-08,Srisailam,4941.876,74.954
2020-08-09,Srisailam,6258.891,85.867
2020-08-10,Srisailam,5491.449,100.781
2020-08-11,Srisailam,4143.767,113.458
2020-08-12,Srisailam,1419.408,121.345
2020-08-13,Srisailam,2292.16,120.757
2020-08-14,Srisailam,4301.01,122.837
2020-08-15,Srisailam,4514.661,130.962
2020-08-16,Srisailam,4147.08,139.747
2020-08-17,Srisailam,7207.418,147.041
2020-08-18,Srisailam,9299.209,163.296
2020-08-19,Srisailam,10260.083,184.335
2020-08-20,Srisailam,11202.183,202.497
2020-08-21,Srisailam,13295.587,205.09
2020-08-22,Srisailam,12707.306,205.954
2020-08-23,Srisailam,10879.768,203.793
2020-08-24,Srisailam,6022.87,205.954
2020-08-25,Srisailam,3633.81,208.634
2020-08-26,Srisailam,6761.712,213.392
2020-08-27,Srisailam,7862.358,211.965
2020-08-28,Srisailam,3330.254,211.013
2020-08-29,Srisailam,1579.454,211.489
2020-08-30,Srisailam,1371.411,212.441
2020-08-31,Srisailam,1005.728,213.392
2020-09-01,Srisailam,1096.058,213.392
2020-09-02,Srisailam,1157.279,213.392
2020-09-03,Srisailam,1169.201,213.392
2020-09-04,Srisailam,1770.536,213.392
2020-09-05,Srisailam,2209.022,213.392
2020-09-06,Srisailam,1735.792,213.392
2020-09-07,Srisailam,2064.465,211.965
2020-09-08,Srisailam,908.573,212.917
2020-09-09,Srisailam,1316.25,212.917
2020-09-10,Srisailam,3730.625,213.392
2020-09-11,Srisailam,6948.32,212.441
2020-09-12,Srisailam,6284.517,210.537
2020-09-13,Srisailam,4515.482,210.537
2020-09-14,Srisailam,6424.94,210.537
2020-09-15,Srisailam,5974.109,210.537
2020-09-16,Srisailam,9323.731,213.392
2020-09-17,Srisailam,9134.717,213.392
2020-09-18,Srisailam,7430.073,208.634
2020-09-19,Srisailam,9778.046,212.441
2020-09-20,Srisailam,8949.043,208.634
2020-09-21,Srisailam,9398.742,208.634
2020-09-22,Srisailam,10249.266,210.537
2020-09-23,Srisailam,8768.014,210.061
2020-09-24,Srisailam,5614.485,208.634
2020-09-25,Srisailam,3558.487,211.965
2020-09-26,Srisailam,9260.556,211.489
2020-09-27,Srisailam,15583.131,211.489
2020-09-28,Srisailam,14136.908,207.682
2020-09-29,Srisailam,7220.473,207.25
2020-09-30,Srisailam,5116.138,210.537
2020-10-01,Srisailam,5746.668,212.917
2020-10-02,Srisailam,6333.987,209.11
2020-10-03,Srisailam,4379.873,211.013
2020-10-04,Srisailam,1750.035,211.489
2020-10-05,Srisailam,1997.637,213.392
2020-10-06,Srisailam,1167.19,211.965
2020-10-07,Srisailam,999.47,211.965
2020-10-08,Srisailam,978.374,211.489
2020-10-09,Srisailam,689.344,211.013
2020-10-10,Srisailam,983.159,210.537
2020-10-11,Srisailam,1545.333,211.965
2020-10-12,Srisailam,4806.833,211.489
2020-10-13,Srisailam,9578.95,212.441
2020-10-14,Srisailam,10129.316,211.013
2020-10-15,Srisailam,12158.526,209.586
2020-10-16,Srisailam,19896.46,197.957
2020-10-17,Srisailam,16101.64,209.586
2020-10-18,Srisailam,16101.839,206.818
2020-10-19,Srisailam,13162.866,210.061
2020-10-20,Srisailam,12929.394,206.386
2020-10-21,Srisailam,12621.138,208.158
2020-10-22,Srisailam,11669.013,211.013
2020-10-23,Srisailam,9821.824,211.013
2020-10-24,Srisailam,7284.837,209.11
2020-10-25,Srisailam,4361.608,211.489
2020-10-26,Srisailam,3008.179,212.917
2020-10-27,Srisailam,3185.47,212.441
2020-10-28,Srisailam,4326.609,213.392
2020-10-29,Srisailam,2957.69,212.441
2020-10-30,Srisailam,2568.589,212.917
2020-10-31,Srisailam,2061.095,212.441
2020-11-01,Srisailam,1529.674,211.965
2020-11-02,Srisailam,1521.178,212.917
2020-11-03,Srisailam,936.946,213.392
2020-11-04,Srisailam,740.626,211.965
2020-11-05,Srisailam,750.962,211.013
2020-11-06,Srisailam,720.181,211.013
2020-11-07,Srisailam,687.022,211.013
2020-11-08,Srisailam,783.243,211.013
2020-11-09,Srisailam,640.639,211.489
2020-11-10,Srisailam,540.936,211.489
2020-11-11,Srisailam,394.821,211.013
2020-11-12,Srisailam,119.723,210.061
2020-11-13,Srisailam,496.988,208.634
2020-11-14,Srisailam,101.289,208.158
2020-11-15,Srisailam,204.617,206.818
2020-11-16,Srisailam,419.23,205.522
2020-11-17,Srisailam,346.654,205.09
2020-11-18,Srisailam,160.216,204.225
2020-11-19,Srisailam,262.808,202.929
2020-11-20,Srisailam,397.936,202.065
2020-11-21,Srisailam,121.479,201.609
2020-11-22,Srisailam,136.091,200.24
2020-11-23,Srisailam,184.654,198.87
2020-11-24,Srisailam,0.0,197.501
2020-11-25,Srisailam,127.171,195.252
2020-11-26,Srisailam,245.535,193.916
2020-11-27,Srisailam,201.502,193.026
2020-11-28,Srisailam,199.265,192.135
2020-11-29,Srisailam,118.449,191.245
2020-11-30,Srisailam,102.224,191.245
2020-12-01,Srisailam,268.047,191.245
2020-12-02,Srisailam,0.651,191.69
2020-12-03,Srisailam,235.737,191.245
2020-12-04,Srisailam,106.924,191.245
2020-12-05,Srisailam,46.1,190.81
2020-12-06,Srisailam,15.603,190.376
2020-12-07,Srisailam,0.0,189.941
2020-12-08,Srisailam,148.861,189.072
2020-12-09,Srisailam,4.559,189.072
2020-12-10,Srisailam,9.599,188.638
2020-12-11,Srisailam,0.0,188.203
2020-12-12,Srisailam,127.397,187.769
2020-12-13,Srisailam,0.0,187.769
2020-12-14,Srisailam,0.0,186.465
2020-12-15,Srisailam,12.261,185.607
2020-12-16,Srisailam,0.0,184.759
2020-12-17,Srisailam,0.0,183.487
2020-12-18,Srisailam,73.454,182.215
2020-12-19,Srisailam,18.746,181.367
2020-12-20,Srisailam,0.0,180.562
2020-12-21,Srisailam,0.0,179.415
2020-12-22,Srisailam,0.0,178.269
2020-12-23,Srisailam,0.0,176.74
2020-12-24,Srisailam,0.0,175.167
2020-12-25,Srisailam,0.0,174.358
2020-12-26,Srisailam,0.0,173.55
2020-12-27,Srisailam,0.0,172.337
2020-12-28,Srisailam,0.0,171.933
2020-12-29,Srisailam,0.0,171.125
2020-12-30,Srisailam,0.0,169.939
2020-12-31,Srisailam,0.0,168.754
2021-01-01,Srisailam,0.0,167.569
2021-01-02,Srisailam,0.0,166.779
2021-01-03,Srisailam,0.0,165.998
2021-01-04,Srisailam,0.0,165.226
2021-01-05,Srisailam,0.0,164.454
2021-01-06,Srisailam,0.0,163.682
2021-01-07,Srisailam,0.0,162.524
2021-01-08,Srisailam,0.0,161.752
2021-01-09,Srisailam,0.0,160.62
2021-01-10,Srisailam,0.0,159.865
2021-01-11,Srisailam,11.27,159.11
2021-01-12,Srisailam,0.0,158.354
2021-01-13,Srisailam,0.0,157.599
2021-01-14,Srisailam,0.0,156.483
2021-01-15,Srisailam,13.535,155.744
2021-01-16,Srisailam,0.0,155.006
2021-01-17,Srisailam,0.0,153.528
2021-01-18,Srisailam,0.0,152.455
2021-01-19,Srisailam,21.861,150.788
2021-01-20,Srisailam,0.0,149.787
2021-01-21,Srisailam,0.0,148.787
2021-01-22,Srisailam,0.0,147.747
2021-01-23,Srisailam,0.0,146.335
2021-01-24,Srisailam,0.0,145.276
2021-01-25,Srisailam,0.0,144.217
2021-01-26,Srisailam,0.0,143.183
2021-01-27,Srisailam,0.0,142.15
2021-01-28,Srisailam,0.0,140.772
2021-01-29,Srisailam,0.0,139.411
2021-01-30,Srisailam,0.0,138.404
2021-01-31,Srisailam,0.0,137.062
2021-02-01,Srisailam,0.0,136.054
2021-02-02,Srisailam,0.0,134.747
2021-02-03,Srisailam,0.0,133.767
2021-02-04,Srisailam,0.0,132.46
2021-02-05,Srisailam,0.0,131.255
2021-02-06,Srisailam,0.0,129.496
2021-02-07,Srisailam,0.0,128.324
2021-02-08,Srisailam,0.0,127.092
2021-02-09,Srisailam,0.0,125.551
2021-02-10,Srisailam,0.0,124.03
2021-02-11,Srisailam,0.0,122.538
2021-02-12,Srisailam,0.0,121.345
2021-02-13,Srisailam,0.0,119.889
2021-02-14,Srisailam,0.0,118.732
2021-02-15,Srisailam,0.0,117.294
2021-02-16,Srisailam,0.0,115.892
2021-02-17,Srisailam,0.0,114.49
2021-02-18,Srisailam,0.0,113.208
2021-02-19,Srisailam,0.0,111.956
2021-02-20,Srisailam,0.0,110.162
2021-02-21,Srisailam,0.0,108.842
2021-02-22,Srisailam,0.0,107.786
2021-02-23,Srisailam,0.0,106.25
2021-02-24,Srisailam,0.0,104.468
2021-02-25,Srisailam,31.658,102.236
2021-02-26,Srisailam,0.0,99.821
2021-02-27,Srisailam,0.0,97.156
2021-02-28,Srisailam,0.0,95.417
2021-03-01,Srisailam,10.619,94.52
2021-03-02,Srisailam,48.28,93.4
2021-03-03,Srisailam,0.0,92.534
2021-03-04,Srisailam,0.85,91.668
2021-03-05,Srisailam,0.0,90.592
2021-03-06,Srisailam,0.0,89.128
2021-03-07,Srisailam,0.0,87.483
2021-03-08,Srisailam,0.0,86.675
2021-03-09,Srisailam,1.869,85.15
2021-03-10,Srisailam,3.993,83.158
2021-03-11,Srisailam,0.0,81.093
2021-03-12,Srisailam,0.0,79.276
2021-03-13,Srisailam,0.0,78.392
2021-03-14,Srisailam,0.0,76.818
2021-03-15,Srisailam,0.0,75.462
2021-03-16,Srisailam,17.981,72.85
2021-03-17,Srisailam,12.233,69.725
2021-03-18,Srisailam,0.0,66.798
2021-03-19,Srisailam,0.0,63.942
2021-03-20,Srisailam,0.0,61.106
2021-03-21,Srisailam,6.031,59.428
2021-03-22,Srisailam,8.07,58.849
2021-03-23,Srisailam,22.653,56.744
2021-03-24,Srisailam,0.0,55.046
2021-03-25,Srisailam,0.0,53.059
2021-03-26,Srisailam,15.036,50.692
2021-03-27,Srisailam,0.0,47.788
2021-03-28,Srisailam,46.581,45.845
2021-03-29,Srisailam,40.55,44.81
2021-03-30,Srisailam,8.948,44.11
2021-03-31,Srisailam,16.792,43.126
2021-04-01,Srisailam,40.691,42.456
2021-04-02,Srisailam,44.457,41.359
2021-04-03,Srisailam,38.199,38.993
2021-04-04,Srisailam,10.76,37.385
2021-04-05,Srisailam,23.645,36.672
2021-04-06,Srisailam,13.592,35.331
2021-04-07,Srisailam,4.587,34.734
2021-04-08,Srisailam,25.655,33.435
2021-04-09,Srisailam,31.545,33.248
2021-04-10,Srisailam,39.53,33.062
2021-04-11,Srisailam,40.097,32.97
2021-04-12,Srisailam,32.508,32.877
2021-04-13,Srisailam,17.5,32.83
2021-04-14,Srisailam,47.063,32.738
2021-04-15,Srisailam,31.517,32.738
2021-04-16,Srisailam,31.885,32.693
2021-04-17,Srisailam,25.712,32.693
2021-04-18,Srisailam,10.76,32.693
2021-04-19,Srisailam,25.513,32.648
2021-04-20,Srisailam,25.428,32.648
2021-04-21,Srisailam,24.749,32.648
2021-04-22,Srisailam,24.522,32.648
2021-04-23,Srisailam,10.392,32.648
2021-04-24,Srisailam,10.845,32.602
2021-04-25,Srisailam,10.732,32.557
2021-04-26,Srisailam,10.902,32.512
2021-04-27,Srisailam,0.0,32.466
2021-04-28,Srisailam,1.359,32.421
2021-04-29,Srisailam,17.896,32.421
2021-04-30,Srisailam,18.123,32.466
2021-05-01,Srisailam,2.718,32.512
2021-05-02,Srisailam,3.143,32.512
2021-05-03,Srisailam,2.803,32.512
2021-05-04,Srisailam,3.341,32.512
2021-05-05,Srisailam,0.0,32.512
2021-05-06,Srisailam,11.044,32.466
2021-05-07,Srisailam,10.93,32.421
2021-05-08,Srisailam,25.768,32.375
2021-05-09,Srisailam,7.221,32.375
2021-05-10,Srisailam,3.596,32.33
2021-05-11,Srisailam,18.123,32.33
2021-05-12,Srisailam,33.414,32.375
2021-05-13,Srisailam,33.442,32.466
2021-05-14,Srisailam,3.851,32.557
2021-05-15,Srisailam,17.811,32.557
2021-05-16,Srisailam,2.888,32.602
2021-05-17,Srisailam,19.539,32.602
2021-05-18,Srisailam,19.539,32.648
2021-05-19,Srisailam,17.981,32.602
2021-05-20,Srisailam,10.336,32.512
2021-05-21,Srisailam,31.262,32.512
2021-05-22,Srisailam,27.835,32.602
2021-05-23,Srisailam,21.379,32.648
2021-05-24,Srisailam,32.678,32.648
2021-05-25,Srisailam,33.697,32.738
2021-05-26,Srisailam,49.271,32.83
2021-05-27,Srisailam,3.851,32.97
2021-05-28,Srisailam,3.766,32.97
2021-05-29,Srisailam,19.369,32.97
2021-05-30,Srisailam,3.964,33.016
2021-05-31,Srisailam,3.426,33.016
2021-06-01,Srisailam,19.51,33.016
2021-06-02,Srisailam,19.029,33.062
2021-06-03,Srisailam,91.605,33.062
2021-06-04,Srisailam,85.007,33.109
2021-06-05,Srisailam,101.204,33.201
2021-06-06,Srisailam,63.911,33.435
2021-06-07,Srisailam,28.911,33.435
2021-06-08,Srisailam,4.474,33.388
2021-06-09,Srisailam,3.341,33.388
2021-06-10,Srisailam,60.315,33.388
2021-06-11,Srisailam,349.486,33.482
2021-06-12,Srisailam,461.451,34.443
2021-06-13,Srisailam,491.58,35.683
2021-06-14,Srisailam,269.774,37.086
2021-06-15,Srisailam,212.518,37.641
2021-06-16,Srisailam,185.985,38.197
2021-06-17,Srisailam,171.883,38.707
2021-06-18,Srisailam,209.997,39.11
2021-06-19,Srisailam,120.516,39.404
2021-06-20,Srisailam,3.426,39.462
2021-06-21,Srisailam,0.0,39.404
2021-06-22,Srisailam,1.529,38.707
2021-06-23,Srisailam,103.923,38.141
2021-06-24,Srisailam,177.207,38.03
2021-06-25,Srisailam,381.342,38.141
2021-06-26,Srisailam,598.787,38.65
2021-06-27,Srisailam,613.965,39.637
2021-06-28,Srisailam,868.108,41.295
2021-06-29,Srisailam,877.424,42.391
2021-06-30,Srisailam,866.777,43.059
2021-07-01,Srisailam,660.065,43.059
2021-07-02,Srisailam,327.965,42.13
2021-07-03,Srisailam,149.824,40.417
2021-07-04,Srisailam,106.924,38.993
2021-07-05,Srisailam,246.441,37.435
2021-07-06,Srisailam,300.668,36.883
2021-07-07,Srisailam,75.323,36.513
2021-07-08,Srisailam,83.28,35.482
2021-07-09,Srisailam,74.558,34.882
2021-07-10,Srisailam,77.531,34.354
2021-07-11,Srisailam,95.343,33.953
2021-07-12,Srisailam,66.629,33.624
2021-07-13,Srisailam,58.106,33.201
2021-07-14,Srisailam,87.64,32.738
2021-07-15,Srisailam,112.729,32.375
2021-07-16,Srisailam,737.511,32.105
2021-07-17,Srisailam,1509.484,33.719
2021-07-18,Srisailam,2474.01,37.641
2021-07-19,Srisailam,3456.094,44.376
2021-07-20,Srisailam,4261.508,52.584
2021-07-21,Srisailam,2726.398,62.975
2021-07-22,Srisailam,2324.639,69.12
2021-07-23,Srisailam,4222.375,74.138
2021-07-24,Srisailam,8142.751,83.894
2021-07-25,Srisailam,10419.563,105.739
2021-07-26,Srisailam,9449.599,134.094
2021-07-27,Srisailam,9354.795,159.11
2021-07-28,Srisailam,12201.398,182.215
2021-07-29,Srisailam,11704.976,210.061
2021-07-30,Srisailam,14142.458,209.586
2021-07-31,Srisailam,15847.299,205.09
2021-08-01,Srisailam,15055.278,205.09
2021-08-02,Srisailam,12242.825,206.386
2021-08-03,Srisailam,6899.955,207.682
2021-08-04,Srisailam,6265.205,210.061
2021-08-05,Srisailam,5928.745,211.013
2021-08-06,Srisailam,4607.993,210.061
2021-08-07,Srisailam,2038.923,210.061
2021-08-08,Srisailam,2554.232,208.158
2021-08-09,Srisailam,3341.581,208.158
2021-08-10,Srisailam,4093.307,210.537
2021-08-11,Srisailam,3189.859,211.965
2021-08-12,Srisailam,1478.392,211.965
2021-08-13,Srisailam,0.0,209.586
2021-08-14,Srisailam,376.613,201.609
2021-08-15,Srisailam,71.443,196.587
2021-08-16,Srisailam,404.619,190.376
2021-08-17,Srisailam,489.031,185.607
2021-08-18,Srisailam,504.747,182.639
2021-08-19,Srisailam,817.166,180.18
2021-08-20,Srisailam,1334.089,178.651
2021-08-21,Srisailam,1157.109,178.651
2021-08-22,Srisailam,655.364,177.887
2021-08-23,Srisailam,758.352,176.358
2021-08-24,Srisailam,693.62,174.763
2021-08-25,Srisailam,1381.832,172.741
2021-08-26,Srisailam,1015.384,171.529
2021-08-27,Srisailam,527.74,169.149
2021-08-28,Srisailam,665.841,165.226
2021-08-29,Srisailam,447.405,161.752
2021-08-30,Srisailam,606.687,159.416
2021-08-31,Srisailam,1350.513,157.222
2021-09-01,Srisailam,1246.93,156.853
2021-09-02,Srisailam,1525.907,157.222
2021-09-03,Srisailam,771.774,156.853
2021-09-04,Srisailam,424.299,154.636
2021-09-05,Srisailam,1678.365,152.455
2021-09-06,Srisailam,2444.703,155.375
2021-09-07,Srisailam,4070.115,159.487
2021-09-08,Srisailam,3685.573,168.754
2021-09-09,Srisailam,2277.633,177.504
2021-09-10,Srisailam,1257.323,182.215
2021-09-11,Srisailam,2653.256,183.911
2021-09-12,Srisailam,3043.914,189.507
2021-09-13,Srisailam,2349.473,194.807
2021-09-14,Srisailam,3364.121,197.957
2021-09-15,Srisailam,4829.317,202.497
2021-09-16,Srisailam,6198.349,210.061
2021-09-17,Srisailam,5391.462,211.965
2021-09-18,Srisailam,1910.308,211.965
2021-09-19,Srisailam,1917.5,211.489
2021-09-20,Srisailam,1521.858,211.013
2021-09-21,Srisailam,980.724,209.586
2021-09-22,Srisailam,1118.061,206.386
2021-09-23,Srisailam,1289.207,202.929
2021-09-24,Srisailam,1566.599,200.24
2021-09-25,Srisailam,1981.638,198.414
2021-09-26,Srisailam,1737.774,197.957
2021-09-27,Srisailam,2097.255,197.044
2021-09-28,Srisailam,1414.509,197.957
2021-09-29,Srisailam,3775.281,196.143
2021-09-30,Srisailam,3356.249,201.153
2021-10-01,Srisailam,2186.397,204.658
2021-10-02,Srisailam,1767.195,204.658
2021-10-03,Srisailam,2065.965,203.361
2021-10-04,Srisailam,1726.022,202.929
2021-10-05,Srisailam,1286.914,201.609
2021-10-06,Srisailam,1967.989,198.87
2021-10-07,Srisailam,2043.68,198.414
2021-10-08,Srisailam,2566.833,197.957
2021-10-09,Srisailam,4308.543,199.327
2021-10-10,Srisailam,5202.731,205.954
2021-10-11,Srisailam,5193.386,212.441
2021-10-12,Srisailam,5131.712,211.965
2021-10-13,Srisailam,3080.103,211.965
2021-10-14,Srisailam,2467.668,212.441
2021-10-15,Srisailam,3158.569,213.392
2021-10-16,Srisailam,2017.968,213.392
2021-10-17,Srisailam,1979.684,211.489
2021-10-18,Srisailam,1020.141,211.489
2021-10-19,Srisailam,1147.68,208.158
2021-10-20,Srisailam,399.89,205.09
2021-10-21,Srisailam,764.639,199.783
2021-10-22,Srisailam,135.949,196.143
2021-10-23,Srisailam,452.219,190.81
2021-10-24,Srisailam,290.106,186.465
2021-10-25,Srisailam,550.167,181.791
2021-10-26,Srisailam,141.046,177.504
2021-10-27,Srisailam,1417.511,171.529
2021-10-28,Srisailam,0.0,169.544
2021-10-29,Srisailam,440.383,162.488
2021-10-30,Srisailam,281.696,157.222
2021-10-31,Srisailam,374.348,152.122
2021-11-01,Srisailam,228.517,147.394
2021-11-02,Srisailam,207.93,142.177
2021-11-03,Srisailam,271.756,137.733
2021-11-04,Srisailam,400.853,133.441
2021-11-05,Srisailam,491.07,130.962
2021-11-06,Srisailam,219.455,127.4
2021-11-07,Srisailam,196.122,123.135
2021-11-08,Srisailam,124.651,118.732
2021-11-09,Srisailam,213.31,113.708
2021-11-10,Srisailam,38.992,109.37
2021-11-11,Srisailam,13.054,104.468
2021-11-12,Srisailam,0.0,101.5
2021-11-13,Srisailam,24.522,98.649
2021-11-14,Srisailam,0.0,96.515
2021-11-15,Srisailam,176.725,95.193
2021-11-16,Srisailam,247.914,94.969
2021-11-17,Srisailam,242.137,94.744
2021-11-18,Srisailam,446.981,93.848
2021-11-19,Srisailam,424.695,92.967
2021-11-20,Srisailam,824.783,93.848
2021-11-21,Srisailam,2130.726,95.641
2021-11-22,Srisailam,4153.621,101.74
2021-11-23,Srisailam,3487.016,113.708
2021-11-24,Srisailam,1575.83,123.434
2021-11-25,Srisailam,737.313,127.092
2021-11-26,Srisailam,1127.348,128.324
2021-11-27,Srisailam,366.334,130.082
2021-11-28,Srisailam,115.193,130.082
2021-11-29,Srisailam,410.31,129.496
2021-11-30,Srisailam,642.706,129.203
2021-12-01,Srisailam,496.45,130.375
2021-12-02,Srisailam,519.245,129.789
2021-12-03,Srisailam,321.849,129.496
2021-12-04,Srisailam,286.085,128.324
2021-12-05,Srisailam,326.266,127.708
2021-12-06,Srisailam,379.672,128.324
2021-12-07,Srisailam,28.317,128.91
2021-12-08,Srisailam,190.799,128.617
2021-12-09,Srisailam,251.085,128.324
2021-12-10,Srisailam,97.495,127.708
2021-12-11,Srisailam,123.971,127.092
2021-12-12,Srisailam,43.296,126.475
2021-12-13,Srisailam,0.0,125.859
2021-12-14,Srisailam,44.004,124.627
2021-12-15,Srisailam,106.896,123.434
2021-12-16,Srisailam,95.852,122.538
2021-12-17,Srisailam,56.322,121.942
2021-12-18,Srisailam,42.702,121.046
2021-12-19,Srisailam,154.78,120.468
2021-12-20,Srisailam,167.097,120.178
2021-12-21,Srisailam,179.302,119.6
2021-12-22,Srisailam,175.876,119.021
2021-12-23,Srisailam,50.744,118.153
2021-12-24,Srisailam,31.828,116.453
2021-12-25,Srisailam,164.832,115.051
2021-12-26,Srisailam,52.698,114.21
2021-12-27,Srisailam,51.31,113.708
2021-12-28,Srisailam,59.72,112.457
2021-12-29,Srisailam,42.164,110.954
2021-12-30,Srisailam,62.637,109.898
2021-12-31,Srisailam,37.038,108.842
2022-01-01,Srisailam,95.739,106.762
2022-01-02,Srisailam,34.405,105.483
2022-01-03,Srisailam,14.328,104.715
2022-01-04,Srisailam,14.866,102.98
2022-01-05,Srisailam,0.0,101.5
2022-01-06,Srisailam,35.877,99.821
2022-01-07,Srisailam,21.153,98.009
2022-01-08,Srisailam,0.0,96.729
2022-01-09,Srisailam,47.685,95.193
2022-01-10,Srisailam,34.83,93.848
2022-01-11,Srisailam,0.0,92.75
2022-01-12,Srisailam,48.988,91.018
2022-01-13,Srisailam,8.523,89.337
2022-01-14,Srisailam,29.393,87.483
2022-01-15,Srisailam,25.967,86.271
2022-01-16,Srisailam,46.638,84.97
2022-01-17,Srisailam,55.246,83.894
2022-01-18,Srisailam,14.272,82.028
2022-01-19,Srisailam,50.319,80.003
2022-01-20,Srisailam,15.489,77.69
2022-01-21,Srisailam,2.407,74.628
2022-01-22,Srisailam,0.0,72.558
2022-01-23,Srisailam,21.294,70.793
2022-01-24,Srisailam,9.854,69.42
2022-01-25,Srisailam,0.0,67.505
2022-01-26,Srisailam,0.0,64.725
2022-01-27,Srisailam,3.256,62.975
2022-01-28,Srisailam,5.012,61.482
2022-01-29,Srisailam,0.0,59.779
2022-01-30,Srisailam,0.0,57.052
2022-01-31,Srisailam,0.0,55.251
2022-02-01,Srisailam,0.0,52.11
2022-02-02,Srisailam,8.75,48.853
2022-02-03,Srisailam,0.0,45.695
2022-02-04,Srisailam,0.0,42.391
2022-02-05,Srisailam,0.0,39.579
2022-02-06,Srisailam,7.9,37.586
2022-02-07,Srisailam,27.609,36.199
2022-02-08,Srisailam,8.722,34.932
2022-02-09,Srisailam,41.569,34.22
2022-02-10,Srisailam,7.306,33.861
2022-02-11,Srisailam,42.475,33.435
2022-02-12,Srisailam,49.951,33.109
2022-02-13,Srisailam,30.78,32.693
2022-02-14,Srisailam,60.06,32.466
2022-02-15,Srisailam,108.765,32.016
2022-02-16,Srisailam,111.087,31.837
2022-02-17,Srisailam,38.029,31.792
2022-02-18,Srisailam,22.285,31.418
2022-02-19,Srisailam,20.416,30.958
2022-02-20,Srisailam,38.539,30.827
2022-02-21,Srisailam,27.722,30.74
2022-02-22,Srisailam,18.689,30.611
2022-02-23,Srisailam,15.518,30.483
2022-02-24,Srisailam,23.191,30.398
2022-02-25,Srisailam,13.535,30.271
2022-02-26,Srisailam,18.208,30.229
2022-02-27,Srisailam,10.477,30.144
2022-02-28,Srisailam,10.59,30.06
2022-03-01,Srisailam,16.48,30.018
2022-03-02,Srisailam,40.833,29.976
2022-03-03,Srisailam,33.357,30.06
2022-03-04,Srisailam,36.047,30.102
2022-03-05,Srisailam,29.11,30.144
2022-03-06,Srisailam,29.336,30.186
2022-03-07,Srisailam,16.48,30.186
2022-03-08,Srisailam,10.619,30.144
2022-03-09,Srisailam,10.874,30.102
2022-03-10,Srisailam,24.522,30.06
2022-03-11,Srisailam,5.182,30.06
2022-03-12,Srisailam,2.237,30.018
2022-03-13,Srisailam,2.379,30.018
2022-03-14,Srisailam,2.718,30.018
2022-03-15,Srisailam,3.2,30.018
2022-03-16,Srisailam,3.058,30.018
2022-03-17,Srisailam,19.227,30.018
2022-03-18,Srisailam,25.655,30.018
2022-03-19,Srisailam,25.513,30.018
2022-03-20,Srisailam,25.627,30.018
2022-03-21,Srisailam,8.807,30.018
2022-03-22,Srisailam,16.622,30.018
2022-03-23,Srisailam,101.176,30.06
2022-03-24,Srisailam,159.593,30.356
2022-03-25,Srisailam,185.9,30.827
2022-03-26,Srisailam,140.565,31.378
2022-03-27,Srisailam,92.794,31.792
2022-03-28,Srisailam,183.096,32.061
2022-03-29,Srisailam,233.104,32.602
2022-03-30,Srisailam,85.573,33.294
2022-03-31,Srisailam,31.432,33.435
2022-04-01,Srisailam,25.882,33.435
2022-04-02,Srisailam,5.012,33.435
2022-04-03,Srisailam,3.143,33.435
2022-04-04,Srisailam,18.689,33.435
2022-04-05,Srisailam,18.859,33.483
2022-04-06,Srisailam,19.057,33.53
2022-04-07,Srisailam,35.056,33.577
2022-04-08,Srisailam,35.453,33.672
2022-04-09,Srisailam,69.773,33.766
2022-04-10,Srisailam,70.934,33.908
2022-04-11,Srisailam,56.067,34.042
2022-04-12,Srisailam,55.643,34.131
2022-04-13,Srisailam,55.841,34.22
2022-04-14,Srisailam,19.284,34.31
2022-04-15,Srisailam,18.293,34.354
2022-04-16,Srisailam,48.988,34.399
2022-04-17,Srisailam,36.104,34.537
2022-04-18,Srisailam,19.708,34.636
2022-04-19,Srisailam,36.472,34.685
2022-04-20,Srisailam,35.991,34.784
2022-04-21,Srisailam,19.312,34.882
2022-04-22,Srisailam,15.971,34.932
2022-04-23,Srisailam,26.08,34.932
2022-04-24,Srisailam,26.221,34.932
2022-04-25,Srisailam,25.598,34.932
2022-04-26,Srisailam,26.023,34.932
2022-04-27,Srisailam,5.918,34.932
2022-04-28,Srisailam,3.794,34.932
2022-04-29,Srisailam,3.653,34.932
2022-04-30,Srisailam,19.454,34.981
2022-05-01,Srisailam,19.765,35.03
2022-05-02,Srisailam,20.02,35.08
2022-05-03,Srisailam,19.793,35.13
2022-05-04,Srisailam,21.266,35.18
2022-05-05,Srisailam,25.882,35.18
2022-05-06,Srisailam,25.712,35.18
2022-05-07,Srisailam,26.08,35.18
2022-05-08,Srisailam,26.306,35.18
2022-05-09,Srisailam,10.675,35.18
2022-05-10,Srisailam,1.274,35.18
2022-05-11,Srisailam,0.0,35.18
2022-05-12,Srisailam,33.301,35.18
2022-05-13,Srisailam,34.943,35.281
2022-05-14,Srisailam,2.294,35.381
2022-05-15,Srisailam,2.095,35.381
2022-05-16,Srisailam,33.81,35.381
2022-05-17,Srisailam,24.664,35.432
2022-05-18,Srisailam,8.07,35.432
2022-05-19,Srisailam,7.108,35.381
2022-05-20,Srisailam,17.585,35.331
2022-05-21,Srisailam,35.311,35.331
2022-05-22,Srisailam,290.983,35.432
2022-05-23,Srisailam,262.553,36.302
2022-05-24,Srisailam,118.619,37.086
2022-05-25,Srisailam,105.084,37.435
2022-05-26,Srisailam,54.963,37.752
2022-05-27,Srisailam,56.888,37.919
2022-05-28,Srisailam,37.661,38.086
2022-05-29,Srisailam,24.947,38.141
2022-05-30,Srisailam,24.183,38.141
2022-05-31,Srisailam,24.409,38.141
2022-06-01,Srisailam,15.886,38.197
2022-06-02,Srisailam,19.086,38.197
2022-06-03,Srisailam,21.351,38.252
2022-06-04,Srisailam,21.153,38.309
2022-06-05,Srisailam,39.813,38.366
2022-06-06,Srisailam,20.869,38.48
2022-06-07,Srisailam,153.562,38.536
2022-06-08,Srisailam,177.32,38.993
2022-06-09,Srisailam,130.767,39.521
2022-06-10,Srisailam,79.23,39.878
2022-06-11,Srisailam,117.713,39.999
2022-06-12,Srisailam,99.93,40.24
2022-06-13,Srisailam,40.323,40.532
2022-06-14,Srisailam,95.966,40.646
2022-06-15,Srisailam,355.461,40.932
2022-06-16,Srisailam,240.976,41.999
2022-06-17,Srisailam,45.618,42.72
2022-06-18,Srisailam,46.298,42.856
2022-06-19,Srisailam,0.0,42.991
2022-06-20,Srisailam,1.529,42.991
2022-06-21,Srisailam,24.522,43.126
2022-06-22,Srisailam,24.381,43.126
2022-06-23,Srisailam,20.615,43.126
2022-06-24,Srisailam,13.337,43.126
2022-06-25,Srisailam,0.0,43.126
2022-06-26,Srisailam,23.843,43.126
2022-06-27,Srisailam,46.156,43.194
2022-06-28,Srisailam,24.239,43.33
2022-06-29,Srisailam,23.475,43.397
2022-06-30,Srisailam,22.285,43.465
2022-07-01,Srisailam,1.926,43.53
2022-07-02,Srisailam,1.869,43.53
2022-07-03,Srisailam,16.877,43.53
2022-07-04,Srisailam,1.954,43.465
2022-07-05,Srisailam,3.511,43.33
2022-07-06,Srisailam,1.133,43.33
2022-07-07,Srisailam,0.0,43.33
2022-07-08,Srisailam,22.455,43.33
2022-07-09,Srisailam,65.185,43.397
2022-07-10,Srisailam,22.285,43.594
2022-07-11,Srisailam,64.109,43.659
2022-07-12,Srisailam,128.218,43.852
2022-07-13,Srisailam,898.662,44.239
2022-07-14,Srisailam,2992.859,46.838
2022-07-15,Srisailam,7199.688,55.251
2022-07-16,Srisailam,8236.479,75.462
2022-07-17,Srisailam,8557.535,98.009
2022-07-18,Srisailam,9388.69,121.046
2022-07-19,Srisailam,7896.649,146.335
2022-07-20,Srisailam,5815.648,166.384
2022-07-21,Srisailam,5453.504,180.943
2022-07-22,Srisailam,4202.496,193.026
2022-07-23,Srisailam,2789.998,199.783
2022-07-24,Srisailam,2513.966,197.957
2022-07-25,Srisailam,1206.692,195.252
2022-07-26,Srisailam,804.367,191.69
2022-07-27,Srisailam,1475.079,186.9
2022-07-28,Srisailam,1624.28,184.335
2022-07-29,Srisailam,1680.234,182.215
2022-07-30,Srisailam,3059.262,181.791
2022-07-31,Srisailam,3508.225,186.031
2022-08-01,Srisailam,2685.141,191.69
2022-08-02,Srisailam,2782.211,194.362
2022-08-03,Srisailam,4489.374,196.587
2022-08-04,Srisailam,6292.05,203.793
2022-08-05,Srisailam,5851.837,213.392
2022-08-06,Srisailam,4437.129,212.441
2022-08-07,Srisailam,3284.89,213.392
2022-08-08,Srisailam,4251.796,210.061
2022-08-09,Srisailam,6229.809,213.392
2022-08-10,Srisailam,10526.204,210.537
2022-08-11,Srisailam,12673.127,211.013
2022-08-12,Srisailam,13123.817,210.537
2022-08-13,Srisailam,11960.96,211.013
2022-08-14,Srisailam,11645.567,210.061
2022-08-15,Srisailam,12367.504,211.013
2022-08-16,Srisailam,11945.329,210.061
2022-08-17,Srisailam,10124.587,206.818
2022-08-18,Srisailam,9029.944,209.11
2022-08-19,Srisailam,8224.615,212.441
2022-08-20,Srisailam,7603.712,211.013
2022-08-21,Srisailam,5828.164,210.537
2022-08-22,Srisailam,4397.344,211.489
2022-08-23,Srisailam,3255.214,211.013
2022-08-24,Srisailam,3521.392,213.392
2022-08-25,Srisailam,3642.418,210.537
2022-08-26,Srisailam,3313.972,211.489
2022-08-27,Srisailam,3949.203,213.392
2022-08-28,Srisailam,7930.29,212.917
2022-08-29,Srisailam,8664.658,213.392
2022-08-30,Srisailam,5588.943,207.25
2022-08-31,Srisailam,1100.0,211.965
2022-09-01,Srisailam,4955.638,213.392
2022-09-02,Srisailam,4888.556,211.965
2022-09-03,Srisailam,4183.184,211.489
2022-09-04,Srisailam,4966.937,212.917
2022-09-05,Srisailam,4496.425,213.392
2022-09-06,Srisailam,4203.317,211.489
2022-09-07,Srisailam,6252.463,211.489
2022-09-08,Srisailam,12144.622,212.441
2022-09-09,Srisailam,12918.322,211.965
2022-09-10,Srisailam,11168.429,211.965
2022-09-11,Srisailam,8779.312,208.634
2022-09-12,Srisailam,8593.639,212.917
2022-09-13,Srisailam,8968.072,211.965
2022-09-14,Srisailam,10421.828,211.013
2022-09-15,Srisailam,10646.126,212.441
2022-09-16,Srisailam,10387.31,211.489
2022-09-17,Srisailam,9669.819,209.11
2022-09-18,Srisailam,7465.696,209.11
2022-09-19,Srisailam,7187.427,211.965
2022-09-20,Srisailam,7655.617,212.917
2022-09-21,Srisailam,7728.674,211.013
2022-09-22,Srisailam,4706.479,209.586
2022-09-23,Srisailam,2850.284,211.489
2022-09-24,Srisailam,1687.03,212.441
2022-09-25,Srisailam,1204.597,210.061
2022-09-26,Srisailam,1320.469,206.386
2022-09-27,Srisailam,180.52,203.361
2022-09-28,Srisailam,1112.199,197.044
2022-09-29,Srisailam,1211.733,194.362
2022-09-30,Srisailam,2180.139,192.135
2022-10-01,Srisailam,3631.771,193.471
2022-10-02,Srisailam,5825.559,198.87
2022-10-03,Srisailam,3935.865,210.537
2022-10-04,Srisailam,5292.042,213.392
2022-10-05,Srisailam,2423.352,211.489
2022-10-06,Srisailam,2856.655,210.537
2022-10-07,Srisailam,3923.604,213.392
2022-10-08,Srisailam,4740.402,210.537
2022-10-09,Srisailam,0.0,211.965
2022-10-10,Srisailam,3706.839,212.441
2022-10-11,Srisailam,3977.887,211.489
2022-10-12,Srisailam,4558.41,212.441
2022-10-13,Srisailam,7905.513,213.392
2022-10-14,Srisailam,11848.315,212.917
2022-10-15,Srisailam,12222.664,211.013
2022-10-16,Srisailam,10619.678,209.586
2022-10-17,Srisailam,7171.966,210.537
2022-10-18,Srisailam,9690.462,211.013
2022-10-19,Srisailam,7502.649,210.537
2022-10-20,Srisailam,3986.722,211.013
2022-10-21,Srisailam,7466.092,211.965
2022-10-22,Srisailam,9424.454,211.489
2022-10-23,Srisailam,7509.53,211.489
2022-10-24,Srisailam,9202.875,211.013
2022-10-25,Srisailam,8241.916,211.489
2022-10-26,Srisailam,2485.819,211.965
2022-10-27,Srisailam,2700.743,212.917
2022-10-28,Srisailam,1244.41,212.441
2022-10-29,Srisailam,1516.648,209.586
2022-10-30,Srisailam,992.504,207.682
2022-10-31,Srisailam,1567.392,205.954
2022-11-01,Srisailam,940.514,205.522
2022-11-02,Srisailam,685.182,202.929
2022-11-03,Srisailam,955.919,199.783
2022-11-04,Srisailam,549.771,197.501
2022-11-05,Srisailam,659.074,193.471
2022-11-06,Srisailam,213.141,190.376
2022-11-07,Srisailam,590.858,186.031
2022-11-08,Srisailam,287.925,182.639
2022-11-09,Srisailam,281.327,180.562
2022-11-10,Srisailam,489.881,179.033
2022-11-11,Srisailam,160.16,178.269
2022-11-12,Srisailam,468.077,176.74
2022-11-13,Srisailam,125.67,175.571
2022-11-14,Srisailam,164.832,173.954
2022-11-15,Srisailam,298.402,171.529
2022-11-16,Srisailam,101.091,169.544
2022-11-17,Srisailam,57.823,166.779
2022-11-18,Srisailam,80.448,164.068
2022-11-19,Srisailam,83.421,161.375
2022-11-20,Srisailam,85.687,158.732
2022-11-21,Srisailam,12.601,157.222
2022-11-22,Srisailam,91.775,154.636
2022-11-23,Srisailam,90.161,152.122
2022-11-24,Srisailam,100.213,149.787
2022-11-25,Srisailam,59.097,147.394
2022-11-26,Srisailam,108.85,145.276
2022-11-27,Srisailam,59.012,143.528
2022-11-28,Srisailam,17.84,142.15
2022-11-29,Srisailam,62.58,139.747
2022-11-30,Srisailam,25.032,137.733
2022-12-01,Srisailam,54.765,136.054
2022-12-02,Srisailam,29.195,133.767
2022-12-03,Srisailam,6.485,131.255
2022-12-04,Srisailam,67.507,129.496
2022-12-05,Srisailam,65.468,128.91
2022-12-06,Srisailam,67.989,127.708
2022-12-07,Srisailam,77.984,126.475
2022-12-08,Srisailam,11.808,125.245
2022-12-09,Srisailam,49.13,124.03
2022-12-10,Srisailam,14.47,122.837
2022-12-11,Srisailam,106.415,121.942
2022-12-12,Srisailam,95.173,121.643
2022-12-13,Srisailam,67.167,121.046
2022-12-14,Srisailam,8.807,120.468
2022-12-15,Srisailam,0.0,119.6
2022-12-16,Srisailam,84.271,118.443
2022-12-17,Srisailam,52.981,117.014
2022-12-18,Srisailam,23.22,115.051
2022-12-19,Srisailam,11.072,114.21
2022-12-20,Srisailam,27.467,113.208
2022-12-21,Srisailam,6.088,112.457
2022-12-22,Srisailam,62.892,111.455
2022-12-23,Srisailam,73.397,110.426
2022-12-24,Srisailam,19.454,109.106
2022-12-25,Srisailam,1.897,107.274
2022-12-26,Srisailam,18.887,105.739
2022-12-27,Srisailam,20.501,104.468
2022-12-28,Srisailam,88.603,102.98
2022-12-29,Srisailam,60.343,101.26
2022-12-30,Srisailam,70.367,99.582
2022-12-31,Srisailam,44.712,98.009
2023-01-01,Srisailam,70.934,96.729
2023-01-02,Srisailam,67.932,95.865
2023-01-03,Srisailam,9.939,95.193
2023-01-04,Srisailam,42.73,93.848
2023-01-05,Srisailam,8.127,92.75
2023-01-06,Srisailam,30.072,90.592
2023-01-07,Srisailam,9.175,88.709
2023-01-08,Srisailam,18.774,86.675
2023-01-09,Srisailam,0.0,86.069
2023-01-10,Srisailam,0.0,84.791
2023-01-11,Srisailam,14.158,83.346
2023-01-12,Srisailam,0.0,82.028
2023-01-13,Srisailam,0.0,80.003
2023-01-14,Srisailam,0.0,77.69
2023-01-15,Srisailam,0.0,76.14
2023-01-16,Srisailam,0.0,74.954
2023-01-17,Srisailam,0.0,73.485
2023-01-18,Srisailam,0.0,72.412
2023-01-19,Srisailam,19.595,71.682
2023-01-20,Srisailam,23.191,70.488
2023-01-21,Srisailam,1.359,69.12
2023-01-22,Srisailam,10.081,67.946
2023-01-23,Srisailam,25.627,67.505
2023-01-24,Srisailam,16.084,66.798
2023-01-25,Srisailam,23.248,65.809
2023-01-26,Srisailam,16.452,65.132
2023-01-27,Srisailam,5.239,64.454
2023-01-28,Srisailam,9.684,63.7
2023-01-29,Srisailam,0.0,62.733
2023-01-30,Srisailam,10.874,61.733
2023-01-31,Srisailam,14.187,60.503
2023-02-01,Srisailam,6.881,59.428
2023-02-02,Srisailam,0.028,58.964
2023-02-03,Srisailam,30.894,58.501
2023-02-04,Srisailam,21.662,58.159
2023-02-05,Srisailam,14.866,57.827
2023-02-06,Srisailam,8.495,57.495
2023-02-07,Srisailam,41.937,56.942
2023-02-08,Srisailam,53.377,56.449
2023-02-09,Srisailam,16.31,56.055
2023-02-10,Srisailam,7.079,55.76
2023-02-11,Srisailam,12.912,55.251
2023-02-12,Srisailam,9.571,54.333
2023-02-13,Srisailam,0.0,53.939
2023-02-14,Srisailam,0.0,53.059
2023-02-15,Srisailam,42.05,51.837
2023-02-16,Srisailam,114.938,51.018
2023-02-17,Srisailam,20.331,50.122
2023-02-18,Srisailam,11.27,49.021
2023-02-19,Srisailam,250.349,47.629
2023-02-20,Srisailam,267.764,47.947
2023-02-21,Srisailam,93.332,47.31
2023-02-22,Srisailam,93.36,46.223
2023-02-23,Srisailam,102.365,45.471
2023-02-24,Srisailam,124.82,44.883
2023-02-25,Srisailam,78.891,43.981
2023-02-26,Srisailam,242.477,43.126
2023-02-27,Srisailam,105.508,43.465
2023-02-28,Srisailam,50.744,42.991
2023-03-01,Srisailam,165.512,42.522
2023-03-02,Srisailam,159.848,42.587
2023-03-03,Srisailam,175.309,42.456
2023-03-04,Srisailam,0.0,42.522
2023-03-05,Srisailam,50.0,42.326
2023-03-06,Srisailam,50.58,42.326
2023-03-07,Srisailam,51.84,41.677
2023-03-08,Srisailam,58.302,41.613
2023-03-09,Srisailam,57.93,41.295
2023-03-10,Srisailam,51.938,40.875
2023-03-11,Srisailam,35.0,40.179
2023-03-12,Srisailam,25.0,39.758
2023-03-13,Srisailam,0.0,39.404
2023-03-14,Srisailam,0.0,38.764
2023-03-15,Srisailam,12.6,38.086
2023-03-16,Srisailam,59.805,37.385
2023-03-17,Srisailam,64.676,36.986
2023-03-18,Srisailam,0.0,36.619
2023-03-19,Srisailam,71.472,36.408
2023-03-20,Srisailam,19.001,36.199
2023-03-21,Srisailam,57.596,35.735
2023-03-22,Srisailam,41.937,35.18
2023-03-23,Srisailam,47.799,34.981
2023-03-24,Srisailam,32.791,34.586
2023-03-25,Srisailam,75.889,34.042
2023-03-26,Srisailam,19.708,33.719
2023-03-27,Srisailam,46.44,33.577
2023-03-28,Srisailam,18.604,33.248
2023-03-29,Srisailam,0.0,32.693
2023-03-30,Srisailam,54.085,32.105
2023-03-31,Srisailam,15.433,31.971
2023-04-01,Srisailam,4.502,31.881
2023-04-02,Srisailam,9.713,31.792
2023-04-03,Srisailam,36.727,31.747
2023-04-04,Srisailam,22.03,31.702
2023-04-05,Srisailam,0.0,31.621
2023-04-06,Srisailam,12.921,31.581
2023-04-07,Srisailam,12.0,31.581
2023-04-08,Srisailam,10.0,31.216
2023-04-09,Srisailam,8.0,31.132
2023-04-10,Srisailam,19.19,31.089
2023-04-11,Srisailam,4.559,31.089
2023-04-12,Srisailam,22.484,31.089
2023-04-13,Srisailam,27.269,31.089
2023-04-14,Srisailam,1.218,31.045
2023-04-15,Srisailam,4.531,31.045
2023-04-16,Srisailam,6.654,31.045
2023-04-17,Srisailam,25.995,31.045
2023-04-18,Srisailam,28.996,31.045
2023-04-19,Srisailam,17.556,31.001
2023-04-20,Srisailam,14.838,30.958
2023-04-21,Srisailam,0.0,30.871
2023-04-22,Srisailam,13.677,30.871
2023-04-23,Srisailam,5.04,30.871
2023-04-24,Srisailam,5.04,30.871
2023-04-25,Srisailam,4.078,30.871
2023-04-26,Srisailam,89.623,31.132
2023-04-27,Srisailam,59.239,31.297
2023-04-28,Srisailam,0.0,31.256
2023-04-29,Srisailam,55.671,31.418
2023-04-30,Srisailam,100.241,31.662
2023-05-01,Srisailam,80.618,32.016
2023-05-02,Srisailam,82.034,32.239
2023-05-03,Srisailam,96.702,32.421
2023-05-04,Srisailam,84.384,32.557
2023-05-05,Srisailam,64.647,32.738
2023-05-06,Srisailam,62.325,32.784
2023-05-07,Srisailam,17.726,32.923
2023-05-08,Srisailam,49.668,33.062
2023-05-09,Srisailam,50.97,33.201
2023-05-10,Srisailam,51.65,33.341
2023-05-11,Srisailam,52.471,33.435
2023-05-12,Srisailam,37.237,33.483
2023-05-13,Srisailam,22.059,33.483
2023-05-14,Srisailam,47.714,33.53
2023-05-15,Srisailam,28.487,33.624
2023-05-16,Srisailam,38.143,33.672
2023-05-17,Srisailam,22.455,33.719
2023-05-18,Srisailam,22.002,33.766
2023-05-19,Srisailam,22.427,33.813
2023-05-20,Srisailam,22.342,33.861
2023-05-21,Srisailam,22.115,33.861
2023-05-22,Srisailam,6.796,33.766
2023-05-23,Srisailam,28.742,33.766
2023-05-24,Srisailam,9.118,33.766
2023-05-25,Srisailam,6.541,33.813
2023-05-26,Srisailam,22.002,33.861
2023-05-27,Srisailam,23.191,33.861
2023-05-28,Srisailam,8.155,33.908
2023-05-29,Srisailam,22.88,33.908
2023-05-30,Srisailam,1.274,60.285
2023-05-31,Srisailam,38.794,86.662
2023-06-01,Srisailam,21.068,60.262
2023-06-02,Srisailam,4.984,33.861
2023-06-03,Srisailam,0.0,33.766
2023-06-04,Srisailam,6.485,33.719
2023-06-05,Srisailam,21.946,33.719
2023-06-06,Srisailam,0.0,33.766
2023-06-07,Srisailam,5.267,33.719
2023-06-08,Srisailam,11.19,33.719
2023-06-09,Srisailam,7.655,33.719
2023-06-10,Srisailam,6.0,33.719
2023-06-11,Srisailam,5.0,33.624
2023-06-12,Srisailam,7.508,33.53
2023-06-13,Srisailam,4.583,33.483
2023-06-14,Srisailam,0.0,33.483
2023-06-15,Srisailam,3.349,33.435
2023-06-16,Srisailam,6.485,33.435
2023-06-17,Srisailam,5.55,33.435
2023-06-18,Srisailam,0.0,33.435
2023-06-19,Srisailam,32.083,33.388
2023-06-20,Srisailam,1.897,33.341
2023-06-21,Srisailam,4.134,33.201
2023-06-22,Srisailam,1.501,33.201
2023-06-23,Srisailam,0.0,33.201
2023-06-24,Srisailam,2.775,33.155
2023-06-25,Srisailam,2.662,33.155
2023-06-26,Srisailam,18.236,33.155
2023-06-27,Srisailam,28.09,33.201
2023-06-28,Srisailam,10.307,33.155
2023-06-29,Srisailam,3.71,33.062
2023-06-30,Srisailam,3.37,33.062
2023-07-01,Srisailam,3.511,33.062
2023-07-02,Srisailam,2.662,33.062
2023-07-03,Srisailam,2.237,33.062
2023-07-04,Srisailam,18.916,33.062
2023-07-05,Srisailam,47.969,33.109
2023-07-06,Srisailam,70.226,33.248
2023-07-07,Srisailam,16.594,33.341
2023-07-08,Srisailam,10.93,33.248
2023-07-09,Srisailam,18.604,33.248
2023-07-10,Srisailam,18.576,33.294
2023-07-11,Srisailam,3.568,33.341
2023-07-12,Srisailam,3.341,33.341
2023-07-13,Srisailam,2.435,33.341
2023-07-14,Srisailam,18.887,33.341
2023-07-15,Srisailam,2.209,33.388
2023-07-16,Srisailam,9.288,33.388
2023-07-17,Srisailam,9.09,33.341
2023-07-18,Srisailam,8.467,33.294
2023-07-19,Srisailam,8.637,33.248
2023-07-20,Srisailam,6.173,33.201
2023-07-21,Srisailam,14.64,33.201
2023-07-22,Srisailam,17.047,33.248
2023-07-23,Srisailam,188.703,33.294
2023-07-24,Srisailam,792.276,33.861
2023-07-25,Srisailam,227.044,36.251
2023-07-26,Srisailam,252.161,36.936
2023-07-27,Srisailam,1299.543,37.697
2023-07-28,Srisailam,2211.627,41.613
2023-07-29,Srisailam,6402.57,48.195
2023-07-30,Srisailam,2521.724,67.364
2023-07-31,Srisailam,2471.179,74.954
2023-08-01,Srisailam,1232.064,82.405
2023-08-02,Srisailam,1960.259,86.069
2023-08-03,Srisailam,2268.119,91.884
2023-08-04,Srisailam,1906.542,98.009
2023-08-05,Srisailam,1415.415,102.732
2023-08-06,Srisailam,1340.291,106.25
2023-08-07,Srisailam,1556.405,110.162
2023-08-08,Srisailam,1547.655,113.458
2023-08-09,Srisailam,1732.167,116.733
2023-08-10,Srisailam,724.061,120.757
2023-08-11,Srisailam,273.9,121.046
2023-08-12,Srisailam,250.0,119.021
2023-08-13,Srisailam,250.0,117.014
2023-08-14,Srisailam,229.4,116.173
2023-08-15,Srisailam,95.0,113.708
2023-08-16,Srisailam,34.745,111.455
2023-08-17,Srisailam,192.639,109.37
2023-08-18,Srisailam,0.0,107.53
2023-08-19,Srisailam,0.0,105.995
2023-08-20,Srisailam,0.0,104.468
2023-08-21,Srisailam,1.699,102.98
2023-08-22,Srisailam,0.0,100.541
2023-08-23,Srisailam,0.0,98.223
2023-08-24,Srisailam,19.567,96.515
2023-08-25,Srisailam,0.0,95.193
2023-08-26,Srisailam,0.0,93.184
2023-08-27,Srisailam,0.0,91.884
2023-08-28,Srisailam,0.0,90.801
2023-08-29,Srisailam,0.0,89.546
2023-08-30,Srisailam,0.0,87.685
2023-08-31,Srisailam,0.0,85.688
2023-09-01,Srisailam,4.417,86.877
2023-09-02,Srisailam,0.0,90.801
2023-09-03,Srisailam,0.0,70.54
2023-09-04,Srisailam,99.93,50.278
2023-09-05,Srisailam,329.013,30.017
2023-09-06,Srisailam,1077.624,30.724
2023-09-07,Srisailam,982.423,30.017
2023-09-08,Srisailam,661.311,57.739
2023-09-09,Srisailam,594.709,85.461
2023-09-10,Srisailam,463.206,85.108
2023-09-11,Srisailam,386.949,60.035
2023-09-12,Srisailam,404.959,54.738
2023-09-13,Srisailam,293.674,56.187
2023-09-14,Srisailam,234.265,57.637
2023-09-15,Srisailam,0.0,59.087
2023-09-16,Srisailam,0.0,60.537
2023-09-17,Srisailam,7.023,61.987
2023-09-18,Srisailam,15.036,63.436
2023-09-19,Srisailam,0.0,64.886
2023-09-20,Srisailam,0.0,66.336
2023-09-21,Srisailam,1.699,67.786
2023-09-22,Srisailam,109.586,69.235
2023-09-23,Srisailam,113.012,70.685
2023-09-24,Srisailam,113.012,72.135
2023-09-25,Srisailam,717.746,73.585
2023-09-26,Srisailam,883.626,75.034
2023-09-27,Srisailam,440.836,76.484
2023-09-28,Srisailam,417.814,77.934
2023-09-29,Srisailam,521.482,79.384
2023-09-30,Srisailam,269.236,80.833
2023-10-01,Srisailam,217.303,92.317
2023-10-02,Srisailam,259.552,92.534
2023-10-03,Srisailam,441.969,92.967
2023-10-04,Srisailam,166.191,93.848
2023-10-05,Srisailam,45.732,93.4
2023-10-06,Srisailam,31.432,92.967
2023-10-07,Srisailam,0.0,91.451
2023-10-08,Srisailam,1.897,89.337
2023-10-09,Srisailam,0.0,87.483
2023-10-10,Srisailam,32.649,84.97
2023-10-11,Srisailam,33.555,82.405
2023-10-12,Srisailam,10.477,80.184
2023-10-13,Srisailam,0.0,78.041
2023-10-14,Srisailam,0.0,76.988
2023-10-15,Srisailam,0.0,58.357
2023-10-16,Srisailam,24.437,75.293
2023-10-17,Srisailam,0.0,74.791
2023-10-18,Srisailam,0.0,74.301
2023-10-19,Srisailam,38.369,73.975
2023-10-20,Srisailam,4.417,73.322
2023-10-21,Srisailam,23.729,72.704
2023-10-22,Srisailam,11.383,72.266
2023-10-23,Srisailam,4.106,71.828
2023-10-24,Srisailam,0.0,71.39
2023-10-25,Srisailam,0.0,70.945
2023-10-26,Srisailam,0.0,70.488
2023-10-27,Srisailam,8.382,69.877
2023-10-28,Srisailam,0.0,69.42
2023-10-29,Srisailam,0.0,68.973
2023-10-30,Srisailam,0.0,78.222
2023-10-31,Srisailam,1.444,67.799
2023-11-01,Srisailam,0.17,67.222
2023-11-02,Srisailam,0.34,66.516
2023-11-03,Srisailam,5.663,65.809
2023-11-04,Srisailam,18.038,65.132
2023-11-05,Srisailam,3.596,64.589
2023-11-06,Srisailam,22.002,64.183
2023-11-07,Srisailam,16.65,63.7
2023-11-08,Srisailam,37.661,63.096
2023-11-09,Srisailam,83.733,62.612
2023-11-10,Srisailam,42.164,62.361
2023-11-11,Srisailam,286.509,62.11
2023-11-12,Srisailam,274.078,62.612
2023-11-13,Srisailam,246.186,63.096
2023-11-14,Srisailam,118.676,63.458
2023-11-15,Srisailam,77.9,63.458
2023-11-16,Srisailam,50.999,59.663
2023-11-17,Srisailam,93.814,60.983
2023-11-18,Srisailam,94.153,62.303
2023-11-19,Srisailam,33.386,63.622
2023-11-20,Srisailam,36.529,64.942
2023-11-21,Srisailam,19.539,66.261
2023-11-22,Srisailam,26.816,67.581
2023-11-23,Srisailam,4.078,68.901
2023-11-24,Srisailam,28.062,70.22
2023-11-25,Srisailam,25.287,71.54
2023-11-26,Srisailam,25.882,72.86
2023-11-27,Srisailam,31.347,74.179
2023-11-28,Srisailam,67.621,75.499
2023-11-29,Srisailam,71.953,76.819
2023-11-30,Srisailam,68.13,78.138
2023-12-01,Srisailam,61.306,59.08
2023-12-02,Srisailam,30.271,58.964
2023-12-03,Srisailam,59.324,58.733
2023-12-04,Srisailam,26.901,58.617
2023-12-05,Srisailam,31.064,58.385
2023-12-06,Srisailam,52.018,58.159
2023-12-07,Srisailam,9.401,58.048
2023-12-08,Srisailam,3.398,57.716
2023-12-09,Srisailam,30.582,57.384
2023-12-10,Srisailam,12.686,57.163
2023-12-11,Srisailam,27.892,57.052
2023-12-12,Srisailam,26.561,56.744
2023-12-13,Srisailam,17.16,56.449
2023-12-14,Srisailam,0.0,55.957
2023-12-15,Srisailam,23.56,55.251
2023-12-16,Srisailam,0.0,54.739
2023-12-17,Srisailam,39.134,54.037
2023-12-18,Srisailam,58.842,53.84
2023-12-19,Srisailam,12.658,53.643
2023-12-20,Srisailam,26.278,53.446
2023-12-21,Srisailam,0.0,52.964
2023-12-22,Srisailam,6.966,52.395
2023-12-23,Srisailam,13.054,51.837
2023-12-24,Srisailam,32.479,51.564
2023-12-25,Srisailam,0.0,51.382
2023-12-26,Srisailam,25.74,50.855
2023-12-27,Srisailam,19.539,50.366
2023-12-28,Srisailam,6.031,50.122
2023-12-29,Srisailam,0.0,49.789
2023-12-30,Srisailam,18.179,49.448
2023-12-31,Srisailam,22.229,49.277
2024-01-01,Srisailam,0.0,49.192
2024-01-02,Srisailam,36.387,48.936
2024-01-03,Srisailam,0.0,48.771
2024-01-04,Srisailam,8.75,48.442
2024-01-05,Srisailam,0.0,48.277
2024-01-06,Srisailam,0.0,48.112
2024-01-07,Srisailam,13.705,47.947
2024-01-08,Srisailam,5.833,47.868
2024-01-09,Srisailam,12.261,47.709
2024-01-10,Srisailam,0.0,47.31
2024-01-11,Srisailam,2.209,47.151
2024-01-12,Srisailam,16.735,46.915
2024-01-13,Srisailam,0.0,46.607
2024-01-14,Srisailam,0.0,46.299
2024-01-15,Srisailam,0.651,46.146
2024-01-16,Srisailam,1.416,45.994
2024-01-17,Srisailam,9.798,45.845
2024-01-18,Srisailam,0.0,45.695
2024-01-19,Srisailam,2.747,45.321
2024-01-20,Srisailam,0.0,45.1
2024-01-21,Srisailam,0.651,44.738
2024-01-22,Srisailam,4.446,44.448
2024-01-23,Srisailam,0.0,44.11
2024-01-24,Srisailam,5.125,43.594
2024-01-25,Srisailam,6.485,43.059
2024-01-26,Srisailam,6.711,42.923
2024-01-27,Srisailam,6.654,42.788
2024-01-28,Srisailam,8.155,42.652
2024-01-29,Srisailam,0.0,42.522
2024-01-30,Srisailam,8.099,42.195
2024-01-31,Srisailam,0.0,41.934
2024-02-01,Srisailam,9.798,41.741
2024-02-02,Srisailam,9.713,41.613
2024-02-03,Srisailam,8.637,41.486
2024-02-04,Srisailam,8.75,41.359
2024-02-05,Srisailam,8.523,41.231
2024-02-06,Srisailam,8.014,41.104
2024-02-07,Srisailam,11.157,40.875
2024-02-08,Srisailam,0.0,40.646
2024-02-09,Srisailam,0.0,40.417
2024-02-10,Srisailam,2.605,40.179
2024-02-11,Srisailam,0.0,39.939
2024-02-12,Srisailam,0.0,39.698
2024-02-13,Srisailam,0.0,39.462
2024-02-14,Srisailam,0.0,39.228
2024-02-15,Srisailam,1.472,38.993
2024-02-16,Srisailam,4.474,38.764
2024-02-17,Srisailam,32.055,38.593
2024-02-18,Srisailam,0.0,38.593
2024-02-19,Srisailam,0.0,38.48
2024-02-20,Srisailam,0.0,38.366
2024-02-21,Srisailam,0.0,38.252
2024-02-22,Srisailam,0.0,38.141
2024-02-23,Srisailam,29.449,38.03
2024-02-24,Srisailam,4.219,37.919
2024-02-25,Srisailam,3.455,37.697
2024-02-26,Srisailam,0.0,37.586
2024-02-27,Srisailam,7.957,37.485
2024-02-28,Srisailam,4.021,37.385
2024-02-29,Srisailam,7.872,37.236
2024-03-01,Srisailam,10.619,37.086
2024-03-02,Srisailam,7.957,36.936
2024-03-03,Srisailam,0.0,36.777
2024-03-04,Srisailam,1.954,36.461
2024-03-05,Srisailam,11.751,36.148
2024-03-06,Srisailam,9.429,35.993
2024-03-07,Srisailam,9.118,35.838
2024-03-08,Srisailam,10.392,35.683
2024-03-09,Srisailam,24.126,35.532
2024-03-10,Srisailam,13.309,35.432
2024-03-11,Srisailam,6.116,35.331
2024-03-12,Srisailam,26.25,35.231
2024-03-13,Srisailam,0.0,35.08
2024-03-14,Srisailam,0.0,34.833
2024-03-15,Srisailam,14.187,34.734
2024-03-16,Srisailam,0.0,34.734
2024-03-17,Srisailam,0.0,34.685
2024-03-18,Srisailam,5.833,34.636
2024-03-19,Srisailam,5.975,34.636
2024-03-20,Srisailam,0.0,34.636
2024-03-21,Srisailam,18.321,34.586
2024-03-22,Srisailam,5.352,34.537
2024-03-23,Srisailam,16.395,34.399
2024-03-24,Srisailam,6.003,34.354
2024-03-25,Srisailam,0.0,34.354
2024-03-26,Srisailam,0.0,34.31
2024-03-27,Srisailam,5.55,34.31
2024-03-28,Srisailam,0.0,34.31
2024-03-29,Srisailam,5.465,34.265
2024-03-30,Srisailam,0.0,34.265
2024-03-31,Srisailam,6.683,34.131
2024-04-01,Srisailam,7.872,33.997
2024-04-02,Srisailam,5.918,33.953
2024-04-03,Srisailam,6.06,33.953
2024-04-04,Srisailam,5.975,33.953
2024-04-05,Srisailam,5.89,33.908
2024-04-06,Srisailam,6.031,33.908
2024-04-07,Srisailam,5.72,33.861
2024-04-08,Srisailam,0.0,33.861
2024-04-09,Srisailam,5.239,33.718
2024-04-10,Srisailam,5.125,33.718
2024-04-11,Srisailam,0.0,33.718
2024-04-12,Srisailam,0.0,33.577
2024-04-13,Srisailam,0.0,33.436
2024-04-14,Srisailam,5.862,33.387
2024-04-15,Srisailam,5.748,33.387
2024-04-16,Srisailam,0.0,33.387
2024-04-17,Srisailam,3.993,33.341
2024-04-18,Srisailam,4.106,33.341
2024-04-19,Srisailam,3.171,33.341
2024-04-20,Srisailam,0.0,33.341
2024-04-21,Srisailam,3.398,33.201
2024-04-22,Srisailam,3.993,33.062
2024-04-23,Srisailam,4.134,33.016
2024-04-24,Srisailam,4.276,33.016
2024-04-25,Srisailam,0.0,33.016
2024-04-26,Srisailam,0.0,32.97
2024-04-27,Srisailam,4.134,32.97
2024-04-28,Srisailam,4.701,32.97
2024-04-29,Srisailam,0.0,32.97
2024-04-30,Srisailam,4.106,32.784
2024-05-01,Srisailam,4.106,32.648
2024-05-02,Srisailam,0.0,32.557
2024-05-03,Srisailam,5.437,32.557
2024-05-04,Srisailam,5.012,32.557
2024-05-05,Srisailam,5.21,32.557
2024-05-06,Srisailam,0.0,32.512
2024-05-07,Srisailam,3.483,32.512
2024-05-08,Srisailam,3.171,32.512
2024-05-09,Srisailam,13.62,32.421
2024-05-10,Srisailam,4.078,32.285
2024-05-11,Srisailam,4.786,32.239
2024-05-12,Srisailam,3.766,32.239
2024-05-13,Srisailam,4.021,32.239
2024-05-14,Srisailam,3.851,32.239
2024-05-15,Srisailam,3.71,32.239
2024-05-16,Srisailam,0.0,32.195
2024-05-17,Srisailam,3.964,32.195
2024-05-18,Srisailam,4.163,32.061
2024-05-19,Srisailam,2.435,32.016
2024-05-20,Srisailam,1.189,32.016
2024-05-21,Srisailam,1.954,32.016
2024-05-22,Srisailam,178.113,32.016
2024-05-23,Srisailam,3.426,32.061
2024-05-24,Srisailam,0.0,32.061
2024-05-25,Srisailam,2.52,31.971
2024-05-26,Srisailam,3.511,31.837
2024-05-27,Srisailam,2.039,31.792
2024-05-28,Srisailam,2.973,31.792
2024-05-29,Srisailam,3.851,31.792
2024-05-30,Srisailam,3.54,31.792
2024-05-31,Srisailam,6.145,31.792
2024-06-01,Srisailam,4.332,31.792
2024-06-02,Srisailam,49.384,31.792
2024-06-03,Srisailam,76.739,31.837
2024-06-04,Srisailam,42.532,31.926
2024-06-05,Srisailam,16.792,32.016
2024-06-06,Srisailam,196.207,32.061
2024-06-07,Srisailam,93.049,32.648
2024-06-08,Srisailam,78.522,32.923
2024-06-09,Srisailam,63.628,33.155
2024-06-10,Srisailam,143.028,33.341
2024-06-11,Srisailam,122.895,33.766
2024-06-12,Srisailam,53.037,34.131
2024-06-13,Srisailam,46.723,34.176
2024-06-14,Srisailam,46.44,34.265
2024-06-15,Srisailam,211.555,34.399
2024-06-16,Srisailam,185.22,35.03
2024-06-17,Srisailam,121.111,35.582
2024-06-18,Srisailam,115.504,35.941
2024-06-19,Srisailam,201.417,36.148
2024-06-20,Srisailam,370.101,36.725
2024-06-21,Srisailam,18.378,36.83
2024-06-22,Srisailam,19.425,36.883
2024-06-23,Srisailam,18.321,36.936
2024-06-24,Srisailam,1.926,36.986
2024-06-25,Srisailam,18.632,36.986
2024-06-26,Srisailam,18.519,37.036
2024-06-27,Srisailam,22.059,37.086
2024-06-28,Srisailam,13.705,37.036
2024-06-29,Srisailam,12.884,36.936
2024-06-30,Srisailam,26.788,36.936
2024-07-01,Srisailam,29.251,36.936
2024-07-02,Srisailam,29.534,36.883
2024-07-03,Srisailam,4.701,36.83
2024-07-04,Srisailam,0.0,36.83
2024-07-05,Srisailam,0.0,36.672
2024-07-06,Srisailam,0.0,36.513
2024-07-07,Srisailam,12.544,36.355
2024-07-08,Srisailam,29.704,36.251
2024-07-09,Srisailam,63.883,36.199
2024-07-10,Srisailam,12.884,36.251
2024-07-11,Srisailam,11.921,36.148
2024-07-12,Srisailam,16.339,35.993
2024-07-13,Srisailam,30.016,35.89
2024-07-14,Srisailam,29.874,35.838
2024-07-15,Srisailam,70.679,35.786
2024-07-16,Srisailam,101.516,35.582
2024-07-17,Srisailam,203.485,33.248
2024-07-18,Srisailam,224.581,32.105
2024-07-19,Srisailam,834.723,32.15
2024-07-20,Srisailam,1452.708,34.399
2024-07-21,Srisailam,2620.238,38.707
2024-07-22,Srisailam,39269.455,46.607
2024-07-23,Srisailam,4640.84,57.938
2024-07-24,Srisailam,4991.147,71.244
2024-07-25,Srisailam,5930.982,84.791
2024-07-26,Srisailam,6704.824,99.582
2024-07-27,Srisailam,9992.517,115.612
2024-07-28,Srisailam,12093.284,140.427
2024-07-29,Srisailam,12141.139,169.939
2024-07-30,Srisailam,11685.041,196.143
2024-07-31,Srisailam,10550.443,208.158
2024-08-01,Srisailam,12363.228,210.537
2024-08-02,Srisailam,14337.815,206.386
2024-08-03,Srisailam,14161.288,202.497
2024-08-04,Srisailam,14573.638,197.957
2024-08-05,Srisailam,11241.968,202.497
2024-08-06,Srisailam,11857.971,202.065
2024-08-07,Srisailam,10379.381,203.361
2024-08-08,Srisailam,11728.139,200.24
2024-08-09,Srisailam,11980.413,201.153
2024-08-10,Srisailam,9924.132,199.783
2024-08-11,Srisailam,4868.791,200.696
2024-08-12,Srisailam,2753.242,192.581
2024-08-13,Srisailam,2469.536,190.376
2024-08-14,Srisailam,3191.558,189.507
2024-08-15,Srisailam,3541.497,190.81
2024-08-16,Srisailam,2846.716,193.026
2024-08-17,Srisailam,2222.812,193.026
2024-08-18,Srisailam,2511.474,191.245
2024-08-19,Srisailam,3193.937,190.81
2024-08-20,Srisailam,2114.387,194.362
2024-08-21,Srisailam,4430.475,195.252
2024-08-22,Srisailam,3916.582,202.497
2024-08-23,Srisailam,3536.853,207.25
2024-08-24,Srisailam,2568.39,209.586
2024-08-25,Srisailam,1688.701,208.634
2024-08-26,Srisailam,3059.121,206.386
2024-08-27,Srisailam,4794.119,207.682
2024-08-28,Srisailam,6042.664,213.392
2024-08-29,Srisailam,9716.768,213.392
2024-08-30,Srisailam,11133.514,211.489
2024-08-31,Srisailam,11493.704,213.392
2024-09-01,Srisailam,14616.538,210.537
2024-09-02,Srisailam,13779.181,210.061
2024-09-03,Srisailam,10593.343,205.954
2024-09-04,Srisailam,5112.004,205.09
2024-09-05,Srisailam,4181.882,210.537
2024-09-06,Srisailam,5781.469,211.965
2024-09-07,Srisailam,6921.504,210.537
2024-09-08,Srisailam,7193.713,206.386
2024-09-09,Srisailam,7645.536,202.929
2024-09-10,Srisailam,6985.415,206.386
2024-09-11,Srisailam,3946.626,206.386
2024-09-12,Srisailam,3566.161,210.061
2024-09-13,Srisailam,1739.416,210.537
2024-09-14,Srisailam,2363.632,207.682
2024-09-15,Srisailam,1277.003,206.386
2024-09-16,Srisailam,1017.847,201.609
2024-09-17,Srisailam,1231.894,195.697
2024-09-18,Srisailam,916.898,190.376
2024-09-19,Srisailam,687.985,184.335
2024-09-20,Srisailam,416.852,179.415
2024-09-21,Srisailam,253.435,174.023
2024-09-22,Srisailam,325.558,169.544
2024-09-23,Srisailam,503.728,164.84
2024-09-24,Srisailam,1342.188,161.375
2024-09-25,Srisailam,2803.845,160.997
2024-09-26,Srisailam,3814.556,165.612
2024-09-27,Srisailam,4012.576,172.741
2024-09-28,Srisailam,3431.855,180.562
2024-09-29,Srisailam,2314.077,185.607
2024-09-30,Srisailam,2024.226,187.334
2024-10-01,Srisailam,2554.543,188.203
2024-10-02,Srisailam,1802.223,190.81
2024-10-03,Srisailam,2208.88,192.135
2024-10-04,Srisailam,3055.807,194.362
2024-10-05,Srisailam,1291.926,197.957
2024-10-06,Srisailam,2296.974,195.252
2024-10-07,Srisailam,402.735,197.957
2024-10-08,Srisailam,543.116,199.327
2024-10-09,Srisailam,2521.158,195.066
2024-10-10,Srisailam,549.516,196.587
2024-10-11,Srisailam,1361.981,191.69
2024-10-12,Srisailam,458.789,191.69
2024-10-13,Srisailam,3714.031,190.81
2024-10-14,Srisailam,4268.389,197.501
2024-10-15,Srisailam,3662.495,203.793
2024-10-16,Srisailam,2756.357,208.158
2024-10-17,Srisailam,2313.369,210.061
2024-10-18,Srisailam,2974.935,210.537
2024-10-19,Srisailam,4977.584,211.013
2024-10-20,Srisailam,6275.286,212.441
2024-10-21,Srisailam,5244.356,211.489
2024-10-22,Srisailam,4162.683,208.634
2024-10-23,Srisailam,3598.867,210.061
2024-10-24,Srisailam,5821.028,212.917
2024-10-25,Srisailam,4428.493,213.392
2024-10-26,Srisailam,2945.429,211.013
2024-10-27,Srisailam,1796.389,211.013
2024-10-28,Srisailam,1152.975,208.158
2024-10-29,Srisailam,1111.095,203.361
2024-10-30,Srisailam,658.252,198.414
2024-10-31,Srisailam,880.143,193.471
2024-11-01,Srisailam,773.785,191.245
2024-11-02,Srisailam,526.296,190.376
2024-11-03,Srisailam,131.447,188.203
2024-11-04,Srisailam,366.844,185.607
2024-11-05,Srisailam,251.878,183.487
2024-11-06,Srisailam,873.262,180.943
2024-11-07,Srisailam,496.818,180.943
2024-11-08,Srisailam,389.979,178.269
2024-11-09,Srisailam,104.234,174.763
2024-11-10,Srisailam,172.506,171.529
2024-11-11,Srisailam,254.851,169.939
2024-11-12,Srisailam,153.251,167.964
2024-11-13,Srisailam,41.229,166.779
2024-11-14,Srisailam,57.37,165.612
2024-11-15,Srisailam,16.537,164.454
2024-11-16,Srisailam,125.274,163.296
2024-11-17,Srisailam,104.432,162.138
2024-11-18,Srisailam,91.35,160.997
2024-11-19,Srisailam,56.181,159.865
2024-11-20,Srisailam,132.466,158.354
2024-11-21,Srisailam,15.801,155.375
2024-11-22,Srisailam,4.361,151.455
2024-11-23,Srisailam,86.763,147.747
2024-11-24,Srisailam,32.055,144.217
2024-11-25,Srisailam,57.002,140.427
2024-11-26,Srisailam,0.0,136.726
2024-11-27,Srisailam,57.71,133.114
2024-11-28,Srisailam,1.982,129.789
2024-11-29,Srisailam,69.036,126.784
2024-11-30,Srisailam,25.825,123.434
2024-12-01,Srisailam,15.716,100.256
2024-12-02,Srisailam,94.663,77.079
2024-12-03,Srisailam,26.731,53.902
2024-12-04,Srisailam,0.0,30.724
2024-12-05,Srisailam,263.771,29.311
2024-12-06,Srisailam,201.531,29.83
2024-12-07,Srisailam,288.52,30.349
2024-12-08,Srisailam,499.905,30.867
2024-12-09,Srisailam,348.127,31.386
2024-12-10,Srisailam,122.3,31.905
2024-12-11,Srisailam,140.706,32.423
2024-12-12,Srisailam,185.617,32.942
2024-12-13,Srisailam,213.565,33.461
2024-12-14,Srisailam,225.628,33.979
2024-12-15,Srisailam,162.397,34.498
2024-12-16,Srisailam,94.323,35.017
2024-12-17,Srisailam,226.449,35.535
2024-12-18,Srisailam,213.452,36.054
2024-12-19,Srisailam,188.278,36.573
2024-12-20,Srisailam,214.755,37.091
2024-12-21,Srisailam,82.997,37.61
2024-12-22,Srisailam,123.716,38.129
2024-12-23,Srisailam,94.691,38.647
2024-12-24,Srisailam,230.046,39.166
2024-12-25,Srisailam,180.265,39.685
2024-12-26,Srisailam,171.855,40.204
2024-12-27,Srisailam,223.278,40.722
2024-12-28,Srisailam,196.519,41.241
2024-12-29,Srisailam,178.594,41.76
2024-12-30,Srisailam,198.699,42.278
2024-12-31,Srisailam,222.485,42.797
