Date,Reservoir_Name,Inflow (cusecs/cumecs),Storage (TMC/MCM)
2010-01-01,Tungabhadra,7.391,68.51
2010-01-02,Tungabhadra,6.909,55.727
2010-01-03,Tungabhadra,22.682,42.943
2010-01-04,Tungabhadra,13.082,30.159
2010-01-05,Tungabhadra,86.423,17.375
2010-01-06,Tungabhadra,79.061,4.591
2010-01-07,Tungabhadra,40.521,12.713
2010-01-08,Tungabhadra,12.091,25.305
2010-01-09,Tungabhadra,19.114,37.898
2010-01-10,Tungabhadra,33.357,50.49
2010-01-11,Tungabhadra,33.725,63.082
2010-01-12,Tungabhadra,32.706,75.674
2010-01-13,Tungabhadra,7.985,88.266
2010-01-14,Tungabhadra,1.982,100.859
2010-01-15,Tungabhadra,25.74,99.022
2010-01-16,Tungabhadra,15.206,97.186
2010-01-17,Tungabhadra,14.895,95.35
2010-01-18,Tungabhadra,15.815,93.513
2010-01-19,Tungabhadra,16.735,91.677
2010-01-20,Tungabhadra,40.465,89.841
2010-01-21,Tungabhadra,86.027,88.004
2010-01-22,Tungabhadra,106.585,86.168
2010-01-23,Tungabhadra,68.697,84.331
2010-01-24,Tungabhadra,63.515,82.495
2010-01-25,Tungabhadra,58.701,80.659
2010-01-26,Tungabhadra,50.517,78.822
2010-01-27,Tungabhadra,41.767,76.986
2010-01-28,Tungabhadra,34.348,75.15
2010-01-29,Tungabhadra,35.849,73.313
2010-01-30,Tungabhadra,35.254,71.477
2010-01-31,Tungabhadra,34.66,69.641
2010-02-01,Tungabhadra,34.886,67.804
2010-02-02,Tungabhadra,35.991,55.162
2010-02-03,Tungabhadra,36.047,42.519
2010-02-04,Tungabhadra,36.5,29.876
2010-02-05,Tungabhadra,37.576,17.234
2010-02-06,Tungabhadra,37.237,4.591
2010-02-07,Tungabhadra,43.466,13.42
2010-02-08,Tungabhadra,37.775,25.812
2010-02-09,Tungabhadra,37.86,38.205
2010-02-10,Tungabhadra,35.509,50.598
2010-02-11,Tungabhadra,36.699,62.991
2010-02-12,Tungabhadra,35.962,75.383
2010-02-13,Tungabhadra,39.729,87.776
2010-02-14,Tungabhadra,42.9,100.169
2010-02-15,Tungabhadra,42.985,97.988
2010-02-16,Tungabhadra,43.438,95.807
2010-02-17,Tungabhadra,34.207,93.625
2010-02-18,Tungabhadra,35.141,91.444
2010-02-19,Tungabhadra,36.076,89.263
2010-02-20,Tungabhadra,29.931,87.082
2010-02-21,Tungabhadra,33.386,84.901
2010-02-22,Tungabhadra,39.219,82.719
2010-02-23,Tungabhadra,35.934,80.538
2010-02-24,Tungabhadra,37.293,78.357
2010-02-25,Tungabhadra,35.056,76.176
2010-02-26,Tungabhadra,32.253,73.995
2010-02-27,Tungabhadra,29.138,71.813
2010-02-28,Tungabhadra,28.515,69.632
2010-03-01,Tungabhadra,28.657,67.451
2010-03-02,Tungabhadra,25.853,54.879
2010-03-03,Tungabhadra,24.806,42.307
2010-03-04,Tungabhadra,24.239,29.735
2010-03-05,Tungabhadra,26.165,17.163
2010-03-06,Tungabhadra,31.092,4.591
2010-03-07,Tungabhadra,33.046,14.126
2010-03-08,Tungabhadra,30.695,26.501
2010-03-09,Tungabhadra,34.292,38.876
2010-03-10,Tungabhadra,29.704,51.252
2010-03-11,Tungabhadra,33.046,63.627
2010-03-12,Tungabhadra,38.483,76.002
2010-03-13,Tungabhadra,41.824,88.377
2010-03-14,Tungabhadra,36.699,100.753
2010-03-15,Tungabhadra,0.0,98.863
2010-03-16,Tungabhadra,38.907,96.974
2010-03-17,Tungabhadra,35.368,95.085
2010-03-18,Tungabhadra,39.488,93.195
2010-03-19,Tungabhadra,43.608,91.306
2010-03-20,Tungabhadra,41.428,89.417
2010-03-21,Tungabhadra,42.192,87.527
2010-03-22,Tungabhadra,42.617,85.638
2010-03-23,Tungabhadra,43.948,83.749
2010-03-24,Tungabhadra,48.054,81.859
2010-03-25,Tungabhadra,41.711,79.97
2010-03-26,Tungabhadra,38.058,78.081
2010-03-27,Tungabhadra,29.365,76.191
2010-03-28,Tungabhadra,32.479,74.302
2010-03-29,Tungabhadra,28.798,72.413
2010-03-30,Tungabhadra,27.581,70.523
2010-03-31,Tungabhadra,26.363,68.634
2010-04-01,Tungabhadra,29.478,66.745
2010-04-02,Tungabhadra,32.961,54.314
2010-04-03,Tungabhadra,38.737,41.883
2010-04-04,Tungabhadra,48.025,29.452
2010-04-05,Tungabhadra,58.418,17.022
2010-04-06,Tungabhadra,55.982,4.591
2010-04-07,Tungabhadra,50.829,14.479
2010-04-08,Tungabhadra,40.578,26.725
2010-04-09,Tungabhadra,28.628,38.971
2010-04-10,Tungabhadra,20.643,51.217
2010-04-11,Tungabhadra,13.479,63.463
2010-04-12,Tungabhadra,22.795,75.709
2010-04-13,Tungabhadra,24.013,87.955
2010-04-14,Tungabhadra,7.391,100.201
2010-04-15,Tungabhadra,0.142,98.212
2010-04-16,Tungabhadra,0.651,96.223
2010-04-17,Tungabhadra,0.566,94.234
2010-04-18,Tungabhadra,0.708,92.246
2010-04-19,Tungabhadra,0.85,90.257
2010-04-20,Tungabhadra,1.756,88.268
2010-04-21,Tungabhadra,4.021,86.279
2010-04-22,Tungabhadra,7.419,84.291
2010-04-23,Tungabhadra,14.045,82.302
2010-04-24,Tungabhadra,57.993,80.313
2010-04-25,Tungabhadra,42.589,78.324
2010-04-26,Tungabhadra,44.146,76.335
2010-04-27,Tungabhadra,31.262,74.347
2010-04-28,Tungabhadra,28.827,72.358
2010-04-29,Tungabhadra,25.287,70.369
2010-04-30,Tungabhadra,25.542,68.38
2010-05-01,Tungabhadra,25.797,66.392
2010-05-02,Tungabhadra,25.938,54.102
2010-05-03,Tungabhadra,26.561,41.813
2010-05-04,Tungabhadra,27.212,29.523
2010-05-05,Tungabhadra,27.496,17.234
2010-05-06,Tungabhadra,74.275,4.944
2010-05-07,Tungabhadra,81.326,14.832
2010-05-08,Tungabhadra,78.353,27.006
2010-05-09,Tungabhadra,75.351,39.179
2010-05-10,Tungabhadra,65.157,51.353
2010-05-11,Tungabhadra,57.37,63.526
2010-05-12,Tungabhadra,51.169,75.7
2010-05-13,Tungabhadra,47.261,87.873
2010-05-14,Tungabhadra,43.07,100.046
2010-05-15,Tungabhadra,40.153,98.157
2010-05-16,Tungabhadra,41.597,96.268
2010-05-17,Tungabhadra,41.597,94.378
2010-05-18,Tungabhadra,42.9,92.489
2010-05-19,Tungabhadra,44.203,90.6
2010-05-20,Tungabhadra,55.813,88.71
2010-05-21,Tungabhadra,61.589,86.821
2010-05-22,Tungabhadra,82.714,84.932
2010-05-23,Tungabhadra,142.151,83.042
2010-05-24,Tungabhadra,218.889,81.153
2010-05-25,Tungabhadra,233.869,79.264
2010-05-26,Tungabhadra,54.736,77.374
2010-05-27,Tungabhadra,70.934,75.485
2010-05-28,Tungabhadra,73.992,73.596
2010-05-29,Tungabhadra,69.688,71.706
2010-05-30,Tungabhadra,58.488,69.817
2010-05-31,Tungabhadra,47.289,67.928
2010-06-01,Tungabhadra,50.093,66.038
2010-06-02,Tungabhadra,49.101,53.82
2010-06-03,Tungabhadra,38.851,41.601
2010-06-04,Tungabhadra,35.736,29.382
2010-06-05,Tungabhadra,37.18,17.163
2010-06-06,Tungabhadra,32.848,4.944
2010-06-07,Tungabhadra,21.096,15.185
2010-06-08,Tungabhadra,25.457,27.275
2010-06-09,Tungabhadra,25.683,39.364
2010-06-10,Tungabhadra,24.466,51.453
2010-06-11,Tungabhadra,25.598,63.543
2010-06-12,Tungabhadra,25.882,75.632
2010-06-13,Tungabhadra,37.605,87.721
2010-06-14,Tungabhadra,87.046,99.81
2010-06-15,Tungabhadra,71.698,97.803
2010-06-16,Tungabhadra,45.93,95.796
2010-06-17,Tungabhadra,22.852,93.788
2010-06-18,Tungabhadra,23.347,91.781
2010-06-19,Tungabhadra,23.843,89.774
2010-06-20,Tungabhadra,24.098,87.766
2010-06-21,Tungabhadra,152.883,85.759
2010-06-22,Tungabhadra,397.115,83.752
2010-06-23,Tungabhadra,272.805,81.744
2010-06-24,Tungabhadra,203.457,79.737
2010-06-25,Tungabhadra,97.58,77.729
2010-06-26,Tungabhadra,118.025,75.722
2010-06-27,Tungabhadra,100.157,73.715
2010-06-28,Tungabhadra,66.714,71.707
2010-06-29,Tungabhadra,66.771,69.7
2010-06-30,Tungabhadra,287.841,67.693
2010-07-01,Tungabhadra,508.91,65.685
2010-07-02,Tungabhadra,266.093,53.537
2010-07-03,Tungabhadra,188.958,41.389
2010-07-04,Tungabhadra,117.034,29.241
2010-07-05,Tungabhadra,123.377,17.092
2010-07-06,Tungabhadra,96.051,4.944
2010-07-07,Tungabhadra,339.123,15.892
2010-07-08,Tungabhadra,403.204,27.853
2010-07-09,Tungabhadra,493.874,39.815
2010-07-10,Tungabhadra,406.828,51.776
2010-07-11,Tungabhadra,280.818,63.738
2010-07-12,Tungabhadra,416.229,75.7
2010-07-13,Tungabhadra,275.749,87.661
2010-07-14,Tungabhadra,118.874,99.623
2010-07-15,Tungabhadra,78.834,97.698
2010-07-16,Tungabhadra,97.552,95.773
2010-07-17,Tungabhadra,137.11,93.849
2010-07-18,Tungabhadra,99.845,91.924
2010-07-19,Tungabhadra,62.58,89.999
2010-07-20,Tungabhadra,50.885,88.075
2010-07-21,Tungabhadra,173.667,86.15
2010-07-22,Tungabhadra,309.22,84.225
2010-07-23,Tungabhadra,521.341,82.301
2010-07-24,Tungabhadra,791.824,80.376
2010-07-25,Tungabhadra,689.232,78.452
2010-07-26,Tungabhadra,719.389,76.527
2010-07-27,Tungabhadra,634.354,74.602
2010-07-28,Tungabhadra,836.706,72.678
2010-07-29,Tungabhadra,1592.596,70.753
2010-07-30,Tungabhadra,1789.327,68.828
2010-07-31,Tungabhadra,1986.059,66.904
2010-08-01,Tungabhadra,2375.274,64.979
2010-08-02,Tungabhadra,2178.726,52.972
2010-08-03,Tungabhadra,1844.786,40.965
2010-08-04,Tungabhadra,1319.961,28.958
2010-08-05,Tungabhadra,1414.342,16.951
2010-08-06,Tungabhadra,1497.848,4.944
2010-08-07,Tungabhadra,1560.173,17.304
2010-08-08,Tungabhadra,1102.601,29.008
2010-08-09,Tungabhadra,973.08,40.713
2010-08-10,Tungabhadra,1169.599,52.417
2010-08-11,Tungabhadra,1013.913,64.121
2010-08-12,Tungabhadra,795.788,75.826
2010-08-13,Tungabhadra,752.294,87.53
2010-08-14,Tungabhadra,702.881,99.234
2010-08-15,Tungabhadra,405.724,97.292
2010-08-16,Tungabhadra,411.953,95.35
2010-08-17,Tungabhadra,524.428,93.407
2010-08-18,Tungabhadra,435.768,91.465
2010-08-19,Tungabhadra,347.108,89.523
2010-08-20,Tungabhadra,491.354,87.58
2010-08-21,Tungabhadra,576.984,85.638
2010-08-22,Tungabhadra,818.867,83.696
2010-08-23,Tungabhadra,1256.815,81.753
2010-08-24,Tungabhadra,957.364,79.811
2010-08-25,Tungabhadra,1600.327,77.869
2010-08-26,Tungabhadra,1360.228,75.927
2010-08-27,Tungabhadra,1665.059,73.984
2010-08-28,Tungabhadra,852.762,72.042
2010-08-29,Tungabhadra,829.231,70.1
2010-08-30,Tungabhadra,718.455,68.157
2010-08-31,Tungabhadra,607.68,66.215
2010-09-01,Tungabhadra,734.256,64.273
2010-09-02,Tungabhadra,1329.306,52.407
2010-09-03,Tungabhadra,1917.419,40.541
2010-09-04,Tungabhadra,1294.42,28.676
2010-09-05,Tungabhadra,892.519,16.81
2010-09-06,Tungabhadra,678.925,4.944
2010-09-07,Tungabhadra,734.001,16.695
2010-09-08,Tungabhadra,674.054,28.447
2010-09-09,Tungabhadra,669.467,40.198
2010-09-10,Tungabhadra,691.129,51.95
2010-09-11,Tungabhadra,951.446,63.701
2010-09-12,Tungabhadra,1017.962,75.453
2010-09-13,Tungabhadra,816.998,87.204
2010-09-14,Tungabhadra,786.019,98.955
2010-09-15,Tungabhadra,541.616,96.874
2010-09-16,Tungabhadra,453.523,94.792
2010-09-17,Tungabhadra,393.151,92.71
2010-09-18,Tungabhadra,400.089,90.629
2010-09-19,Tungabhadra,407.026,88.547
2010-09-20,Tungabhadra,382.9,86.465
2010-09-21,Tungabhadra,384.599,84.383
2010-09-22,Tungabhadra,248.622,82.302
2010-09-23,Tungabhadra,158.065,80.22
2010-09-24,Tungabhadra,325.814,78.138
2010-09-25,Tungabhadra,1023.144,76.057
2010-09-26,Tungabhadra,1637.223,73.975
2010-09-27,Tungabhadra,1631.928,71.893
2010-09-28,Tungabhadra,1112.144,69.812
2010-09-29,Tungabhadra,910.755,67.73
2010-09-30,Tungabhadra,999.995,65.648
2010-10-01,Tungabhadra,1089.236,63.566
2010-10-02,Tungabhadra,587.263,51.842
2010-10-03,Tungabhadra,525.9,40.117
2010-10-04,Tungabhadra,759.203,28.393
2010-10-05,Tungabhadra,2715.217,16.669
2010-10-06,Tungabhadra,2761.006,4.944
2010-10-07,Tungabhadra,2699.105,16.673
2010-10-08,Tungabhadra,1937.637,28.402
2010-10-09,Tungabhadra,1025.325,40.131
2010-10-10,Tungabhadra,894.388,51.86
2010-10-11,Tungabhadra,630.701,63.588
2010-10-12,Tungabhadra,489.23,75.317
2010-10-13,Tungabhadra,415.691,87.046
2010-10-14,Tungabhadra,407.338,98.775
2010-10-15,Tungabhadra,348.524,96.78
2010-10-16,Tungabhadra,365.627,94.785
2010-10-17,Tungabhadra,379.786,92.789
2010-10-18,Tungabhadra,346.612,90.794
2010-10-19,Tungabhadra,313.439,88.799
2010-10-20,Tungabhadra,188.534,86.803
2010-10-21,Tungabhadra,261.648,84.808
2010-10-22,Tungabhadra,259.184,82.813
2010-10-23,Tungabhadra,140.508,80.818
2010-10-24,Tungabhadra,201.842,78.822
2010-10-25,Tungabhadra,144.586,76.827
2010-10-26,Tungabhadra,120.403,74.832
2010-10-27,Tungabhadra,314.289,72.837
2010-10-28,Tungabhadra,223.845,70.841
2010-10-29,Tungabhadra,172.11,68.846
2010-10-30,Tungabhadra,129.932,66.851
2010-10-31,Tungabhadra,87.754,64.855
2010-11-01,Tungabhadra,133.854,62.86
2010-11-02,Tungabhadra,195.358,51.277
2010-11-03,Tungabhadra,207.279,39.694
2010-11-04,Tungabhadra,290.956,28.11
2010-11-05,Tungabhadra,285.519,16.527
2010-11-06,Tungabhadra,457.657,4.944
2010-11-07,Tungabhadra,558.068,16.598
2010-11-08,Tungabhadra,543.797,28.252
2010-11-09,Tungabhadra,1134.769,39.906
2010-11-10,Tungabhadra,1334.686,51.559
2010-11-11,Tungabhadra,1172.969,63.213
2010-11-12,Tungabhadra,1202.163,74.867
2010-11-13,Tungabhadra,1400.948,86.521
2010-11-14,Tungabhadra,1218.842,98.175
2010-11-15,Tungabhadra,1393.614,96.056
2010-11-16,Tungabhadra,894.501,93.937
2010-11-17,Tungabhadra,487.361,91.818
2010-11-18,Tungabhadra,435.386,89.699
2010-11-19,Tungabhadra,383.41,87.58
2010-11-20,Tungabhadra,358.321,85.461
2010-11-21,Tungabhadra,247.376,83.343
2010-11-22,Tungabhadra,260.911,81.224
2010-11-23,Tungabhadra,258.504,79.105
2010-11-24,Tungabhadra,251.454,76.986
2010-11-25,Tungabhadra,260.855,74.867
2010-11-26,Tungabhadra,340.057,72.748
2010-11-27,Tungabhadra,445.452,70.629
2010-11-28,Tungabhadra,382.73,68.51
2010-11-29,Tungabhadra,333.261,66.392
2010-11-30,Tungabhadra,286.368,64.273
2010-12-01,Tungabhadra,239.476,62.154
2010-12-02,Tungabhadra,194.622,50.782
2010-12-03,Tungabhadra,149.768,39.411
2010-12-04,Tungabhadra,149.739,28.04
2010-12-05,Tungabhadra,90.671,16.669
2010-12-06,Tungabhadra,135.751,5.297
2010-12-07,Tungabhadra,69.688,17.295
2010-12-08,Tungabhadra,98.797,29.294
2010-12-09,Tungabhadra,127.539,41.292
2010-12-10,Tungabhadra,128.87,53.29
2010-12-11,Tungabhadra,113.551,65.288
2010-12-12,Tungabhadra,98.769,77.286
2010-12-13,Tungabhadra,88.179,89.284
2010-12-14,Tungabhadra,74.615,101.282
2010-12-15,Tungabhadra,72.916,100.717
2010-12-16,Tungabhadra,71.528,100.152
2010-12-17,Tungabhadra,49.809,99.587
2010-12-18,Tungabhadra,47.742,99.022
2010-12-19,Tungabhadra,45.675,98.457
2010-12-20,Tungabhadra,38.879,97.892
2010-12-21,Tungabhadra,28.543,97.327
2010-12-22,Tungabhadra,56.181,96.762
2010-12-23,Tungabhadra,42.957,96.197
2010-12-24,Tungabhadra,30.667,95.632
2010-12-25,Tungabhadra,20.813,95.067
2010-12-26,Tungabhadra,22.823,94.502
2010-12-27,Tungabhadra,18.859,93.937
2010-12-28,Tungabhadra,29.676,93.372
2010-12-29,Tungabhadra,28.034,92.807
2010-12-30,Tungabhadra,28.175,92.242
2010-12-31,Tungabhadra,28.317,91.677
2011-01-01,Tungabhadra,21.606,91.112
2011-01-02,Tungabhadra,5.21,92.054
2011-01-03,Tungabhadra,0.85,92.995
2011-01-04,Tungabhadra,4.106,93.937
2011-01-05,Tungabhadra,8.184,94.879
2011-01-06,Tungabhadra,3.596,95.82
2011-01-07,Tungabhadra,2.039,96.762
2011-01-08,Tungabhadra,17.358,97.704
2011-01-09,Tungabhadra,2.52,98.646
2011-01-10,Tungabhadra,19.227,99.587
2011-01-11,Tungabhadra,18.717,91.465
2011-01-12,Tungabhadra,23.899,81.877
2011-01-13,Tungabhadra,19.482,72.289
2011-01-14,Tungabhadra,22.002,73.243
2011-01-15,Tungabhadra,31.064,74.196
2011-01-16,Tungabhadra,51.735,75.15
2011-01-17,Tungabhadra,50.631,76.103
2011-01-18,Tungabhadra,53.986,77.057
2011-01-19,Tungabhadra,57.342,78.01
2011-01-20,Tungabhadra,45.902,78.964
2011-01-21,Tungabhadra,99.279,79.917
2011-01-22,Tungabhadra,79.938,80.871
2011-01-23,Tungabhadra,57.965,81.824
2011-01-24,Tungabhadra,31.262,82.778
2011-01-25,Tungabhadra,40.125,83.731
2011-01-26,Tungabhadra,26.278,84.685
2011-01-27,Tungabhadra,66.431,85.638
2011-01-28,Tungabhadra,60.088,86.592
2011-01-29,Tungabhadra,42.815,87.545
2011-01-30,Tungabhadra,37.35,88.499
2011-01-31,Tungabhadra,31.885,89.452
2011-02-01,Tungabhadra,26.42,90.406
2011-02-02,Tungabhadra,40.635,90.476
2011-02-03,Tungabhadra,63.515,90.547
2011-02-04,Tungabhadra,46.978,90.617
2011-02-05,Tungabhadra,8.438,90.688
2011-02-06,Tungabhadra,34.575,90.759
2011-02-07,Tungabhadra,15.603,90.829
2011-02-08,Tungabhadra,18.831,90.9
2011-02-09,Tungabhadra,25.825,90.971
2011-02-10,Tungabhadra,12.714,91.041
2011-02-11,Tungabhadra,26.618,91.112
2011-02-12,Tungabhadra,37.463,81.598
2011-02-13,Tungabhadra,47.94,72.083
2011-02-14,Tungabhadra,59.012,73.184
2011-02-15,Tungabhadra,63.43,74.285
2011-02-16,Tungabhadra,14.696,75.386
2011-02-17,Tungabhadra,30.299,76.487
2011-02-18,Tungabhadra,46.171,77.588
2011-02-19,Tungabhadra,62.042,78.689
2011-02-20,Tungabhadra,57.03,79.79
2011-02-21,Tungabhadra,50.885,80.891
2011-02-22,Tungabhadra,54.198,81.992
2011-02-23,Tungabhadra,37.293,83.093
2011-02-24,Tungabhadra,29.336,84.194
2011-02-25,Tungabhadra,22.823,85.295
2011-02-26,Tungabhadra,26.618,86.396
2011-02-27,Tungabhadra,54.453,87.497
2011-02-28,Tungabhadra,54.51,88.598
2011-03-01,Tungabhadra,54.991,89.699
2011-03-02,Tungabhadra,17.925,89.805
2011-03-03,Tungabhadra,16.311,89.911
2011-03-04,Tungabhadra,14.158,90.017
2011-03-05,Tungabhadra,24.183,90.123
2011-03-06,Tungabhadra,27.326,90.229
2011-03-07,Tungabhadra,27.977,90.335
2011-03-08,Tungabhadra,27.297,90.441
2011-03-09,Tungabhadra,28.77,90.547
2011-03-10,Tungabhadra,34.263,90.653
2011-03-11,Tungabhadra,29.223,90.759
2011-03-12,Tungabhadra,33.187,80.985
2011-03-13,Tungabhadra,33.386,71.212
2011-03-14,Tungabhadra,34.32,72.148
2011-03-15,Tungabhadra,32.706,73.084
2011-03-16,Tungabhadra,30.497,74.02
2011-03-17,Tungabhadra,40.946,74.955
2011-03-18,Tungabhadra,38.638,75.891
2011-03-19,Tungabhadra,36.331,76.827
2011-03-20,Tungabhadra,26.901,77.763
2011-03-21,Tungabhadra,22.512,78.699
2011-03-22,Tungabhadra,12.658,79.635
2011-03-23,Tungabhadra,25.372,80.57
2011-03-24,Tungabhadra,29.931,81.506
2011-03-25,Tungabhadra,29.081,82.442
2011-03-26,Tungabhadra,33.301,83.378
2011-03-27,Tungabhadra,38.284,84.314
2011-03-28,Tungabhadra,41.286,85.25
2011-03-29,Tungabhadra,41.173,86.185
2011-03-30,Tungabhadra,40.422,87.121
2011-03-31,Tungabhadra,39.672,88.057
2011-04-01,Tungabhadra,36.444,88.993
2011-04-02,Tungabhadra,42.051,89.134
2011-04-03,Tungabhadra,37.661,89.275
2011-04-04,Tungabhadra,38.596,89.417
2011-04-05,Tungabhadra,33.839,89.558
2011-04-06,Tungabhadra,33.98,89.699
2011-04-07,Tungabhadra,30.809,89.841
2011-04-08,Tungabhadra,9.061,89.982
2011-04-09,Tungabhadra,32.366,90.123
2011-04-10,Tungabhadra,34.943,90.264
2011-04-11,Tungabhadra,33.555,90.406
2011-04-12,Tungabhadra,33.329,80.648
2011-04-13,Tungabhadra,32.508,70.89
2011-04-14,Tungabhadra,27.496,71.856
2011-04-15,Tungabhadra,12.884,72.823
2011-04-16,Tungabhadra,0.396,73.789
2011-04-17,Tungabhadra,17.5,74.756
2011-04-18,Tungabhadra,33.895,75.722
2011-04-19,Tungabhadra,50.291,76.689
2011-04-20,Tungabhadra,52.216,77.655
2011-04-21,Tungabhadra,52.528,78.622
2011-04-22,Tungabhadra,76.824,79.588
2011-04-23,Tungabhadra,40.295,80.555
2011-04-24,Tungabhadra,12.714,81.521
2011-04-25,Tungabhadra,35.311,82.488
2011-04-26,Tungabhadra,33.074,83.454
2011-04-27,Tungabhadra,26.108,84.421
2011-04-28,Tungabhadra,43.41,85.387
2011-04-29,Tungabhadra,65.808,86.354
2011-04-30,Tungabhadra,44.33,87.32
2011-05-01,Tungabhadra,22.852,88.287
2011-05-02,Tungabhadra,18.434,88.428
2011-05-03,Tungabhadra,14.47,88.569
2011-05-04,Tungabhadra,12.969,88.71
2011-05-05,Tungabhadra,14.385,88.852
2011-05-06,Tungabhadra,24.551,88.993
2011-05-07,Tungabhadra,29.818,89.134
2011-05-08,Tungabhadra,22.314,89.275
2011-05-09,Tungabhadra,9.911,89.417
2011-05-10,Tungabhadra,15.518,89.558
2011-05-11,Tungabhadra,18.264,89.699
2011-05-12,Tungabhadra,14.895,79.917
2011-05-13,Tungabhadra,16.622,70.135
2011-05-14,Tungabhadra,11.525,71.053
2011-05-15,Tungabhadra,8.438,71.971
2011-05-16,Tungabhadra,8.269,72.889
2011-05-17,Tungabhadra,8.523,73.808
2011-05-18,Tungabhadra,7.646,74.726
2011-05-19,Tungabhadra,6.768,75.644
2011-05-20,Tungabhadra,5.89,76.562
2011-05-21,Tungabhadra,15.631,77.48
2011-05-22,Tungabhadra,23.078,78.399
2011-05-23,Tungabhadra,30.356,79.317
2011-05-24,Tungabhadra,40.465,80.235
2011-05-25,Tungabhadra,45.024,81.153
2011-05-26,Tungabhadra,46.836,82.071
2011-05-27,Tungabhadra,49.186,82.989
2011-05-28,Tungabhadra,57.766,83.908
2011-05-29,Tungabhadra,52.287,84.826
2011-05-30,Tungabhadra,46.808,85.744
2011-05-31,Tungabhadra,41.328,86.662
2011-06-01,Tungabhadra,35.849,87.58
2011-06-02,Tungabhadra,55.303,87.757
2011-06-03,Tungabhadra,86.281,87.934
2011-06-04,Tungabhadra,107.689,88.11
2011-06-05,Tungabhadra,134.958,88.287
2011-06-06,Tungabhadra,159.112,88.463
2011-06-07,Tungabhadra,156.805,88.64
2011-06-08,Tungabhadra,154.497,88.816
2011-06-09,Tungabhadra,51.055,88.993
2011-06-10,Tungabhadra,23.899,89.17
2011-06-11,Tungabhadra,18.123,89.346
2011-06-12,Tungabhadra,28.204,79.579
2011-06-13,Tungabhadra,34.66,69.812
2011-06-14,Tungabhadra,47.346,70.759
2011-06-15,Tungabhadra,191.195,71.707
2011-06-16,Tungabhadra,191.195,72.655
2011-06-17,Tungabhadra,262.837,73.603
2011-06-18,Tungabhadra,389.994,74.551
2011-06-19,Tungabhadra,517.151,75.499
2011-06-20,Tungabhadra,373.329,76.447
2011-06-21,Tungabhadra,305.68,77.395
2011-06-22,Tungabhadra,279.289,78.343
2011-06-23,Tungabhadra,264.791,79.291
2011-06-24,Tungabhadra,253.776,80.239
2011-06-25,Tungabhadra,219.569,81.187
2011-06-26,Tungabhadra,299.621,82.134
2011-06-27,Tungabhadra,653.864,83.082
2011-06-28,Tungabhadra,560.617,84.03
2011-06-29,Tungabhadra,626.142,84.978
2011-06-30,Tungabhadra,606.839,85.926
2011-07-01,Tungabhadra,587.537,86.874
2011-07-02,Tungabhadra,568.234,87.051
2011-07-03,Tungabhadra,433.729,87.227
2011-07-04,Tungabhadra,272.663,87.404
2011-07-05,Tungabhadra,330.458,87.58
2011-07-06,Tungabhadra,433.899,87.757
2011-07-07,Tungabhadra,447.038,87.934
2011-07-08,Tungabhadra,326.861,88.11
2011-07-09,Tungabhadra,332.78,88.287
2011-07-10,Tungabhadra,372.593,88.463
2011-07-11,Tungabhadra,381.824,88.64
2011-07-12,Tungabhadra,418.41,78.849
2011-07-13,Tungabhadra,331.222,69.058
2011-07-14,Tungabhadra,149.088,69.958
2011-07-15,Tungabhadra,185.985,70.859
2011-07-16,Tungabhadra,271.474,71.759
2011-07-17,Tungabhadra,373.471,72.66
2011-07-18,Tungabhadra,1040.191,73.56
2011-07-19,Tungabhadra,1706.911,74.461
2011-07-20,Tungabhadra,2601.469,75.361
2011-07-21,Tungabhadra,2601.469,76.262
2011-07-22,Tungabhadra,1844.503,77.163
2011-07-23,Tungabhadra,1591.747,78.063
2011-07-24,Tungabhadra,1405.393,78.964
2011-07-25,Tungabhadra,1273.55,79.864
2011-07-26,Tungabhadra,1029.459,80.765
2011-07-27,Tungabhadra,1306.398,81.665
2011-07-28,Tungabhadra,1161.5,82.566
2011-07-29,Tungabhadra,669.948,83.466
2011-07-30,Tungabhadra,638.913,84.367
2011-07-31,Tungabhadra,607.878,85.267
2011-08-01,Tungabhadra,310.353,86.168
2011-08-02,Tungabhadra,349.826,86.38
2011-08-03,Tungabhadra,401.986,86.592
2011-08-04,Tungabhadra,413.284,86.803
2011-08-05,Tungabhadra,865.731,87.015
2011-08-06,Tungabhadra,1426.914,87.227
2011-08-07,Tungabhadra,1676.669,87.439
2011-08-08,Tungabhadra,1890.546,87.651
2011-08-09,Tungabhadra,1837.848,87.863
2011-08-10,Tungabhadra,1731.519,88.075
2011-08-11,Tungabhadra,1286.576,88.287
2011-08-12,Tungabhadra,951.135,78.487
2011-08-13,Tungabhadra,849.987,68.687
2011-08-14,Tungabhadra,660.944,69.57
2011-08-15,Tungabhadra,604.14,70.453
2011-08-16,Tungabhadra,656.894,71.336
2011-08-17,Tungabhadra,624.528,72.218
2011-08-18,Tungabhadra,529.695,73.101
2011-08-19,Tungabhadra,434.862,73.984
2011-08-20,Tungabhadra,401.533,74.867
2011-08-21,Tungabhadra,506.588,75.75
2011-08-22,Tungabhadra,478.385,76.633
2011-08-23,Tungabhadra,487.559,77.516
2011-08-24,Tungabhadra,692.8,78.399
2011-08-25,Tungabhadra,929.387,79.281
2011-08-26,Tungabhadra,429.906,80.164
2011-08-27,Tungabhadra,401.533,81.047
2011-08-28,Tungabhadra,399.494,81.93
2011-08-29,Tungabhadra,401.193,82.813
2011-08-30,Tungabhadra,585.592,83.696
2011-08-31,Tungabhadra,769.992,84.579
2011-09-01,Tungabhadra,954.391,85.461
2011-09-02,Tungabhadra,1792.74,85.673
2011-09-03,Tungabhadra,2882.683,85.885
2011-09-04,Tungabhadra,3726.639,86.097
2011-09-05,Tungabhadra,3219.116,86.309
2011-09-06,Tungabhadra,3112.701,86.521
2011-09-07,Tungabhadra,2193.621,86.733
2011-09-08,Tungabhadra,1844.333,86.945
2011-09-09,Tungabhadra,1392.679,87.157
2011-09-10,Tungabhadra,1313.958,87.368
2011-09-11,Tungabhadra,1336.442,87.58
2011-09-12,Tungabhadra,1038.69,77.971
2011-09-13,Tungabhadra,560.759,68.362
2011-09-14,Tungabhadra,517.264,69.273
2011-09-15,Tungabhadra,539.266,70.183
2011-09-16,Tungabhadra,533.829,71.094
2011-09-17,Tungabhadra,604.791,72.005
2011-09-18,Tungabhadra,946.944,72.915
2011-09-19,Tungabhadra,1057.436,73.826
2011-09-20,Tungabhadra,916.163,74.737
2011-09-21,Tungabhadra,429.113,75.648
2011-09-22,Tungabhadra,399.437,76.558
2011-09-23,Tungabhadra,401.618,77.469
2011-09-24,Tungabhadra,403.317,78.38
2011-09-25,Tungabhadra,281.781,79.291
2011-09-26,Tungabhadra,339.462,80.201
2011-09-27,Tungabhadra,225.94,81.112
2011-09-28,Tungabhadra,198.133,82.023
2011-09-29,Tungabhadra,188.675,82.934
2011-09-30,Tungabhadra,171.416,83.844
2011-10-01,Tungabhadra,154.157,84.755
2011-10-02,Tungabhadra,256.862,85.002
2011-10-03,Tungabhadra,73.624,85.25
2011-10-04,Tungabhadra,130.994,85.497
2011-10-05,Tungabhadra,157.98,85.744
2011-10-06,Tungabhadra,159.565,85.991
2011-10-07,Tungabhadra,170.467,86.238
2011-10-08,Tungabhadra,159.424,86.486
2011-10-09,Tungabhadra,145.492,86.733
2011-10-10,Tungabhadra,125.5,86.98
2011-10-11,Tungabhadra,111.427,87.227
2011-10-12,Tungabhadra,90.331,77.41
2011-10-13,Tungabhadra,21.577,67.592
2011-10-14,Tungabhadra,75.719,68.44
2011-10-15,Tungabhadra,314.544,69.287
2011-10-16,Tungabhadra,387.629,70.135
2011-10-17,Tungabhadra,363.362,70.982
2011-10-18,Tungabhadra,387.587,71.83
2011-10-19,Tungabhadra,411.812,72.678
2011-10-20,Tungabhadra,411.84,73.525
2011-10-21,Tungabhadra,404.251,74.373
2011-10-22,Tungabhadra,368.261,75.22
2011-10-23,Tungabhadra,291.805,76.068
2011-10-24,Tungabhadra,263.432,76.915
2011-10-25,Tungabhadra,126.35,77.763
2011-10-26,Tungabhadra,96.475,78.61
2011-10-27,Tungabhadra,58.842,79.458
2011-10-28,Tungabhadra,101.573,80.306
2011-10-29,Tungabhadra,121.168,81.153
2011-10-30,Tungabhadra,107.576,82.001
2011-10-31,Tungabhadra,93.984,82.848
2011-11-01,Tungabhadra,67.677,83.696
2011-11-02,Tungabhadra,73.322,83.978
2011-11-03,Tungabhadra,78.966,84.261
2011-11-04,Tungabhadra,84.611,84.543
2011-11-05,Tungabhadra,68.555,84.826
2011-11-06,Tungabhadra,48.535,85.108
2011-11-07,Tungabhadra,31.602,85.391
2011-11-08,Tungabhadra,20.473,85.673
2011-11-09,Tungabhadra,62.524,85.956
2011-11-10,Tungabhadra,38.794,86.238
2011-11-11,Tungabhadra,36.076,86.521
2011-11-12,Tungabhadra,23.701,76.884
2011-11-13,Tungabhadra,44.995,67.247
2011-11-14,Tungabhadra,38.143,68.102
2011-11-15,Tungabhadra,25.344,68.957
2011-11-16,Tungabhadra,28.232,69.812
2011-11-17,Tungabhadra,11.383,70.667
2011-11-18,Tungabhadra,34.504,71.521
2011-11-19,Tungabhadra,57.625,72.376
2011-11-20,Tungabhadra,67.422,73.231
2011-11-21,Tungabhadra,75.323,74.086
2011-11-22,Tungabhadra,81.354,74.941
2011-11-23,Tungabhadra,96.702,75.796
2011-11-24,Tungabhadra,76.059,76.651
2011-11-25,Tungabhadra,69.036,77.506
2011-11-26,Tungabhadra,77.843,78.361
2011-11-27,Tungabhadra,71.698,79.216
2011-11-28,Tungabhadra,12.629,80.071
2011-11-29,Tungabhadra,23.758,80.926
2011-11-30,Tungabhadra,21.252,81.781
2011-12-01,Tungabhadra,18.746,82.636
2011-12-02,Tungabhadra,4.786,82.954
2011-12-03,Tungabhadra,13.054,83.272
2011-12-04,Tungabhadra,34.377,83.59
2011-12-05,Tungabhadra,43.551,83.908
2011-12-06,Tungabhadra,32.055,84.225
2011-12-07,Tungabhadra,20.841,84.543
2011-12-08,Tungabhadra,14.64,84.861
2011-12-09,Tungabhadra,17.188,85.179
2011-12-10,Tungabhadra,19.793,85.497
2011-12-11,Tungabhadra,16.707,85.815
2011-12-12,Tungabhadra,23.531,75.591
2011-12-13,Tungabhadra,23.588,65.367
2011-12-14,Tungabhadra,40.352,64.696
2011-12-15,Tungabhadra,42.617,64.025
2011-12-16,Tungabhadra,60.06,63.355
2011-12-17,Tungabhadra,56.237,62.684
2011-12-18,Tungabhadra,57.356,62.013
2011-12-19,Tungabhadra,58.474,61.342
2011-12-20,Tungabhadra,51.763,60.671
2011-12-21,Tungabhadra,44.316,60.0
2011-12-22,Tungabhadra,37.237,59.329
2011-12-23,Tungabhadra,22.625,58.658
2011-12-24,Tungabhadra,24.041,57.987
2011-12-25,Tungabhadra,26.023,57.316
2011-12-26,Tungabhadra,23.786,56.645
2011-12-27,Tungabhadra,34.093,55.974
2011-12-28,Tungabhadra,27.751,55.303
2011-12-29,Tungabhadra,27.241,54.632
2011-12-30,Tungabhadra,39.12,53.961
2011-12-31,Tungabhadra,50.999,53.29
2012-01-01,Tungabhadra,34.164,52.619
2012-01-02,Tungabhadra,17.33,40.612
2012-01-03,Tungabhadra,9.203,28.605
2012-01-04,Tungabhadra,9.288,16.598
2012-01-05,Tungabhadra,9.09,4.591
2012-01-06,Tungabhadra,10.081,5.65
2012-01-07,Tungabhadra,10.166,4.238
2012-01-08,Tungabhadra,12.318,14.367
2012-01-09,Tungabhadra,13.281,24.497
2012-01-10,Tungabhadra,10.902,34.626
2012-01-11,Tungabhadra,6.343,44.755
2012-01-12,Tungabhadra,9.345,54.885
2012-01-13,Tungabhadra,19.114,65.014
2012-01-14,Tungabhadra,10.817,64.343
2012-01-15,Tungabhadra,11.95,63.672
2012-01-16,Tungabhadra,9.599,63.001
2012-01-17,Tungabhadra,15.631,62.33
2012-01-18,Tungabhadra,13.493,61.659
2012-01-19,Tungabhadra,11.355,60.988
2012-01-20,Tungabhadra,18.916,60.317
2012-01-21,Tungabhadra,18.972,59.646
2012-01-22,Tungabhadra,17.981,58.975
2012-01-23,Tungabhadra,16.226,58.305
2012-01-24,Tungabhadra,17.783,57.634
2012-01-25,Tungabhadra,17.868,56.963
2012-01-26,Tungabhadra,17.953,56.292
2012-01-27,Tungabhadra,18.123,55.621
2012-01-28,Tungabhadra,17.726,54.95
2012-01-29,Tungabhadra,17.811,54.279
2012-01-30,Tungabhadra,17.67,53.608
2012-01-31,Tungabhadra,17.528,52.937
2012-02-01,Tungabhadra,29.931,52.266
2012-02-02,Tungabhadra,26.476,40.524
2012-02-03,Tungabhadra,28.43,28.781
2012-02-04,Tungabhadra,26.278,17.039
2012-02-05,Tungabhadra,26.363,5.297
2012-02-06,Tungabhadra,2.662,5.297
2012-02-07,Tungabhadra,28.43,4.591
2012-02-08,Tungabhadra,28.713,14.476
2012-02-09,Tungabhadra,40.323,24.361
2012-02-10,Tungabhadra,38.539,34.245
2012-02-11,Tungabhadra,138.158,44.13
2012-02-12,Tungabhadra,35.651,54.015
2012-02-13,Tungabhadra,35.085,63.9
2012-02-14,Tungabhadra,39.049,63.174
2012-02-15,Tungabhadra,37.038,62.448
2012-02-16,Tungabhadra,36.5,61.722
2012-02-17,Tungabhadra,34.886,60.996
2012-02-18,Tungabhadra,38.483,60.27
2012-02-19,Tungabhadra,38.624,59.544
2012-02-20,Tungabhadra,38.681,58.819
2012-02-21,Tungabhadra,5.578,58.093
2012-02-22,Tungabhadra,28.289,57.367
2012-02-23,Tungabhadra,53.122,56.641
2012-02-24,Tungabhadra,28.289,55.915
2012-02-25,Tungabhadra,6.853,55.189
2012-02-26,Tungabhadra,6.739,54.463
2012-02-27,Tungabhadra,31.97,53.737
2012-02-28,Tungabhadra,57.908,53.011
2012-02-29,Tungabhadra,54.227,52.285
2012-03-01,Tungabhadra,41.682,51.559
2012-03-02,Tungabhadra,37.775,40.17
2012-03-03,Tungabhadra,35.028,28.781
2012-03-04,Tungabhadra,30.979,17.392
2012-03-05,Tungabhadra,29.081,6.003
2012-03-06,Tungabhadra,30.497,5.297
2012-03-07,Tungabhadra,28.883,4.944
2012-03-08,Tungabhadra,9.911,14.667
2012-03-09,Tungabhadra,11.723,24.391
2012-03-10,Tungabhadra,34.405,34.114
2012-03-11,Tungabhadra,47.006,43.837
2012-03-12,Tungabhadra,47.374,53.561
2012-03-13,Tungabhadra,44.146,63.284
2012-03-14,Tungabhadra,45.165,62.648
2012-03-15,Tungabhadra,33.697,62.013
2012-03-16,Tungabhadra,35.821,61.377
2012-03-17,Tungabhadra,24.975,60.741
2012-03-18,Tungabhadra,19.454,60.106
2012-03-19,Tungabhadra,13.932,59.47
2012-03-20,Tungabhadra,19.935,58.834
2012-03-21,Tungabhadra,35.453,58.199
2012-03-22,Tungabhadra,44.486,57.563
2012-03-23,Tungabhadra,33.272,56.927
2012-03-24,Tungabhadra,35.453,56.292
2012-03-25,Tungabhadra,36.869,55.656
2012-03-26,Tungabhadra,40.691,55.02
2012-03-27,Tungabhadra,32.253,54.385
2012-03-28,Tungabhadra,14.357,53.749
2012-03-29,Tungabhadra,7.504,53.113
2012-03-30,Tungabhadra,18.307,52.478
2012-03-31,Tungabhadra,29.11,51.842
2012-04-01,Tungabhadra,45.25,51.206
2012-04-02,Tungabhadra,44.231,38.375
2012-04-03,Tungabhadra,27.043,25.544
2012-04-04,Tungabhadra,4.332,12.713
2012-04-05,Tungabhadra,12.686,6.357
2012-04-06,Tungabhadra,15.121,5.297
2012-04-07,Tungabhadra,17.047,5.297
2012-04-08,Tungabhadra,13.79,14.894
2012-04-09,Tungabhadra,15.433,24.491
2012-04-10,Tungabhadra,15.461,34.088
2012-04-11,Tungabhadra,15.489,43.685
2012-04-12,Tungabhadra,14.555,53.282
2012-04-13,Tungabhadra,11.383,62.879
2012-04-14,Tungabhadra,10.336,62.191
2012-04-15,Tungabhadra,6.4,61.503
2012-04-16,Tungabhadra,2.095,60.816
2012-04-17,Tungabhadra,1.246,60.128
2012-04-18,Tungabhadra,5.069,59.44
2012-04-19,Tungabhadra,8.891,58.752
2012-04-20,Tungabhadra,13.111,58.065
2012-04-21,Tungabhadra,16.367,57.377
2012-04-22,Tungabhadra,16.877,56.689
2012-04-23,Tungabhadra,17.925,56.002
2012-04-24,Tungabhadra,25.768,55.314
2012-04-25,Tungabhadra,36.5,54.626
2012-04-26,Tungabhadra,47.629,53.939
2012-04-27,Tungabhadra,49.3,53.251
2012-04-28,Tungabhadra,60.541,52.563
2012-04-29,Tungabhadra,83.959,51.875
2012-04-30,Tungabhadra,170.298,51.188
2012-05-01,Tungabhadra,256.636,50.5
2012-05-02,Tungabhadra,210.949,37.846
2012-05-03,Tungabhadra,165.263,25.191
2012-05-04,Tungabhadra,119.576,12.537
2012-05-05,Tungabhadra,73.89,6.357
2012-05-06,Tungabhadra,28.204,4.944
2012-05-07,Tungabhadra,19.793,5.65
2012-05-08,Tungabhadra,16.226,15.076
2012-05-09,Tungabhadra,12.99,24.502
2012-05-10,Tungabhadra,9.755,33.929
2012-05-11,Tungabhadra,6.52,43.355
2012-05-12,Tungabhadra,3.285,52.781
2012-05-13,Tungabhadra,7.554,62.207
2012-05-14,Tungabhadra,11.824,61.553
2012-05-15,Tungabhadra,16.093,60.9
2012-05-16,Tungabhadra,20.363,60.247
2012-05-17,Tungabhadra,24.633,59.594
2012-05-18,Tungabhadra,28.902,58.94
2012-05-19,Tungabhadra,33.172,58.287
2012-05-20,Tungabhadra,37.441,57.634
2012-05-21,Tungabhadra,41.711,56.98
2012-05-22,Tungabhadra,17.556,56.327
2012-05-23,Tungabhadra,15.065,55.674
2012-05-24,Tungabhadra,12.176,55.02
2012-05-25,Tungabhadra,18.151,54.367
2012-05-26,Tungabhadra,12.743,53.714
2012-05-27,Tungabhadra,15.291,53.06
2012-05-28,Tungabhadra,17.217,52.407
2012-05-29,Tungabhadra,14.711,51.754
2012-05-30,Tungabhadra,12.205,51.1
2012-05-31,Tungabhadra,9.699,50.447
2012-06-01,Tungabhadra,7.192,49.794
2012-06-02,Tungabhadra,7.391,37.316
2012-06-03,Tungabhadra,2.18,24.838
2012-06-04,Tungabhadra,5.154,12.36
2012-06-05,Tungabhadra,4.927,6.357
2012-06-06,Tungabhadra,4.786,4.944
2012-06-07,Tungabhadra,4.616,6.357
2012-06-08,Tungabhadra,2.35,19.475
2012-06-09,Tungabhadra,2.633,32.594
2012-06-10,Tungabhadra,6.654,45.712
2012-06-11,Tungabhadra,3.2,58.831
2012-06-12,Tungabhadra,1.954,71.949
2012-06-13,Tungabhadra,0.906,61.485
2012-06-14,Tungabhadra,1.897,60.816
2012-06-15,Tungabhadra,1.897,60.146
2012-06-16,Tungabhadra,1.897,59.477
2012-06-17,Tungabhadra,3.908,58.808
2012-06-18,Tungabhadra,3.724,58.139
2012-06-19,Tungabhadra,3.54,57.47
2012-06-20,Tungabhadra,4.644,56.801
2012-06-21,Tungabhadra,5.154,56.132
2012-06-22,Tungabhadra,5.55,55.463
2012-06-23,Tungabhadra,6.598,54.793
2012-06-24,Tungabhadra,7.844,54.124
2012-06-25,Tungabhadra,6.881,53.455
2012-06-26,Tungabhadra,8.155,52.786
2012-06-27,Tungabhadra,4.587,52.117
2012-06-28,Tungabhadra,43.721,51.448
2012-06-29,Tungabhadra,63.203,50.779
2012-06-30,Tungabhadra,78.873,50.11
2012-07-01,Tungabhadra,94.543,49.441
2012-07-02,Tungabhadra,110.213,37.022
2012-07-03,Tungabhadra,125.883,24.603
2012-07-04,Tungabhadra,141.553,12.184
2012-07-05,Tungabhadra,157.223,6.357
2012-07-06,Tungabhadra,172.894,4.591
2012-07-07,Tungabhadra,188.564,7.769
2012-07-08,Tungabhadra,204.234,20.276
2012-07-09,Tungabhadra,219.904,32.783
2012-07-10,Tungabhadra,235.574,45.289
2012-07-11,Tungabhadra,251.244,57.796
2012-07-12,Tungabhadra,266.914,70.303
2012-07-13,Tungabhadra,282.584,60.794
2012-07-14,Tungabhadra,298.254,60.141
2012-07-15,Tungabhadra,313.924,59.488
2012-07-16,Tungabhadra,329.594,58.834
2012-07-17,Tungabhadra,345.264,58.181
2012-07-18,Tungabhadra,360.934,57.528
2012-07-19,Tungabhadra,376.604,56.874
2012-07-20,Tungabhadra,392.274,56.221
2012-07-21,Tungabhadra,407.944,55.568
2012-07-22,Tungabhadra,423.614,54.914
2012-07-23,Tungabhadra,439.284,54.261
2012-07-24,Tungabhadra,454.954,53.608
2012-07-25,Tungabhadra,470.624,52.954
2012-07-26,Tungabhadra,486.294,52.301
2012-07-27,Tungabhadra,501.964,51.648
2012-07-28,Tungabhadra,517.634,50.994
2012-07-29,Tungabhadra,533.304,50.341
2012-07-30,Tungabhadra,548.975,49.688
2012-07-31,Tungabhadra,564.645,49.034
2012-08-01,Tungabhadra,580.315,48.381
2012-08-02,Tungabhadra,595.985,36.374
2012-08-03,Tungabhadra,495.347,24.367
2012-08-04,Tungabhadra,401.25,12.36
2012-08-05,Tungabhadra,290.134,6.71
2012-08-06,Tungabhadra,667.202,4.591
2012-08-07,Tungabhadra,1535.424,8.829
2012-08-08,Tungabhadra,1780.054,21.088
2012-08-09,Tungabhadra,2478.715,33.348
2012-08-10,Tungabhadra,2994.62,45.607
2012-08-11,Tungabhadra,2054.699,57.867
2012-08-12,Tungabhadra,1713.679,70.126
2012-08-13,Tungabhadra,1667.522,60.441
2012-08-14,Tungabhadra,1405.96,59.788
2012-08-15,Tungabhadra,1213.603,59.134
2012-08-16,Tungabhadra,792.957,58.481
2012-08-17,Tungabhadra,522.446,57.828
2012-08-18,Tungabhadra,554.656,57.174
2012-08-19,Tungabhadra,586.867,56.521
2012-08-20,Tungabhadra,543.429,55.868
2012-08-21,Tungabhadra,337.254,55.214
2012-08-22,Tungabhadra,479.263,54.561
2012-08-23,Tungabhadra,492.685,53.908
2012-08-24,Tungabhadra,369.591,53.255
2012-08-25,Tungabhadra,284.188,52.601
2012-08-26,Tungabhadra,239.306,51.948
2012-08-27,Tungabhadra,235.794,51.295
2012-08-28,Tungabhadra,288.804,50.641
2012-08-29,Tungabhadra,441.318,49.988
2012-08-30,Tungabhadra,495.573,49.335
2012-08-31,Tungabhadra,549.828,48.681
2012-09-01,Tungabhadra,675.343,48.028
2012-09-02,Tungabhadra,800.857,35.962
2012-09-03,Tungabhadra,759.514,23.896
2012-09-04,Tungabhadra,1343.181,11.83
2012-09-05,Tungabhadra,1073.322,6.71
2012-09-06,Tungabhadra,1157.706,4.591
2012-09-07,Tungabhadra,1038.407,9.535
2012-09-08,Tungabhadra,750.0,21.544
2012-09-09,Tungabhadra,691.384,33.553
2012-09-10,Tungabhadra,473.005,45.561
2012-09-11,Tungabhadra,428.604,57.57
2012-09-12,Tungabhadra,305.935,69.579
2012-09-13,Tungabhadra,227.696,59.7
2012-09-14,Tungabhadra,245.337,59.013
2012-09-15,Tungabhadra,305.001,58.325
2012-09-16,Tungabhadra,393.293,57.637
2012-09-17,Tungabhadra,375.491,56.95
2012-09-18,Tungabhadra,357.689,56.262
2012-09-19,Tungabhadra,339.887,55.574
2012-09-20,Tungabhadra,268.401,54.886
2012-09-21,Tungabhadra,196.915,54.199
2012-09-22,Tungabhadra,140.14,53.511
2012-09-23,Tungabhadra,251.935,52.823
2012-09-24,Tungabhadra,94.295,52.136
2012-09-25,Tungabhadra,86.593,51.448
2012-09-26,Tungabhadra,46.128,50.76
2012-09-27,Tungabhadra,28.487,50.072
2012-09-28,Tungabhadra,218.776,49.385
2012-09-29,Tungabhadra,11.695,48.697
2012-09-30,Tungabhadra,13.451,48.009
2012-10-01,Tungabhadra,15.206,47.322
2012-10-02,Tungabhadra,25.032,35.432
2012-10-03,Tungabhadra,39.615,23.543
2012-10-04,Tungabhadra,80.59,11.654
2012-10-05,Tungabhadra,121.338,6.71
2012-10-06,Tungabhadra,120.658,4.591
2012-10-07,Tungabhadra,119.186,9.888
2012-10-08,Tungabhadra,115.589,21.655
2012-10-09,Tungabhadra,86.423,33.422
2012-10-10,Tungabhadra,63.288,45.189
2012-10-11,Tungabhadra,44.259,56.955
2012-10-12,Tungabhadra,35.594,68.722
2012-10-13,Tungabhadra,27.297,58.34
2012-10-14,Tungabhadra,13.847,57.704
2012-10-15,Tungabhadra,15.319,57.069
2012-10-16,Tungabhadra,9.316,56.433
2012-10-17,Tungabhadra,17.556,55.797
2012-10-18,Tungabhadra,30.412,55.162
2012-10-19,Tungabhadra,34.971,54.526
2012-10-20,Tungabhadra,39.502,53.89
2012-10-21,Tungabhadra,49.639,53.255
2012-10-22,Tungabhadra,31.432,52.619
2012-10-23,Tungabhadra,40.606,51.983
2012-10-24,Tungabhadra,32.14,51.348
2012-10-25,Tungabhadra,45.732,50.712
2012-10-26,Tungabhadra,50.036,50.076
2012-10-27,Tungabhadra,50.885,49.441
2012-10-28,Tungabhadra,46.468,48.805
2012-10-29,Tungabhadra,41.739,48.169
2012-10-30,Tungabhadra,43.806,47.534
2012-10-31,Tungabhadra,51.622,46.898
2012-11-01,Tungabhadra,40.805,46.262
2012-11-02,Tungabhadra,922.053,36.374
2012-11-03,Tungabhadra,399.126,26.486
2012-11-04,Tungabhadra,556.086,16.598
2012-11-05,Tungabhadra,756.031,6.71
2012-11-06,Tungabhadra,556.086,4.591
2012-11-07,Tungabhadra,229.168,10.594
2012-11-08,Tungabhadra,180.633,22.213
2012-11-09,Tungabhadra,97.552,33.831
2012-11-10,Tungabhadra,64.053,45.45
2012-11-11,Tungabhadra,56.719,57.069
2012-11-12,Tungabhadra,57.823,68.687
2012-11-13,Tungabhadra,43.098,58.622
2012-11-14,Tungabhadra,43.183,57.916
2012-11-15,Tungabhadra,44.542,57.21
2012-11-16,Tungabhadra,37.69,56.503
2012-11-17,Tungabhadra,27.071,55.797
2012-11-18,Tungabhadra,9.486,55.091
2012-11-19,Tungabhadra,32.366,54.385
2012-11-20,Tungabhadra,44.429,53.678
2012-11-21,Tungabhadra,55.246,52.972
2012-11-22,Tungabhadra,36.161,52.266
2012-11-23,Tungabhadra,30.129,51.559
2012-11-24,Tungabhadra,33.046,50.853
2012-11-25,Tungabhadra,36.047,50.147
2012-11-26,Tungabhadra,21.776,49.441
2012-11-27,Tungabhadra,27.694,48.734
2012-11-28,Tungabhadra,23.305,48.028
2012-11-29,Tungabhadra,23.361,47.322
2012-11-30,Tungabhadra,27.099,46.615
2012-12-01,Tungabhadra,32.706,45.909
2012-12-02,Tungabhadra,42.192,36.021
2012-12-03,Tungabhadra,42.645,26.133
2012-12-04,Tungabhadra,27.552,16.245
2012-12-05,Tungabhadra,26.108,6.357
2012-12-06,Tungabhadra,27.382,4.591
2012-12-07,Tungabhadra,16.282,10.948
2012-12-08,Tungabhadra,16.933,22.435
2012-12-09,Tungabhadra,13.026,33.923
2012-12-10,Tungabhadra,11.667,45.411
2012-12-11,Tungabhadra,11.44,56.899
2012-12-12,Tungabhadra,11.355,68.387
2012-12-13,Tungabhadra,18.831,58.375
2012-12-14,Tungabhadra,26.476,57.775
2012-12-15,Tungabhadra,30.979,57.174
2012-12-16,Tungabhadra,32.932,56.574
2012-12-17,Tungabhadra,38.03,55.974
2012-12-18,Tungabhadra,38.114,55.373
2012-12-19,Tungabhadra,42.334,54.773
2012-12-20,Tungabhadra,41.116,54.173
2012-12-21,Tungabhadra,32.196,53.572
2012-12-22,Tungabhadra,34.462,52.972
2012-12-23,Tungabhadra,30.837,52.372
2012-12-24,Tungabhadra,34.858,51.771
2012-12-25,Tungabhadra,34.915,51.171
2012-12-26,Tungabhadra,40.606,50.571
2012-12-27,Tungabhadra,40.097,49.97
2012-12-28,Tungabhadra,46.241,49.37
2012-12-29,Tungabhadra,42.447,48.77
2012-12-30,Tungabhadra,41.484,48.169
2012-12-31,Tungabhadra,43.58,47.569
2013-01-01,Tungabhadra,43.416,46.969
2013-01-02,Tungabhadra,43.252,34.432
2013-01-03,Tungabhadra,43.088,21.895
2013-01-04,Tungabhadra,42.924,12.537
2013-01-05,Tungabhadra,42.76,3.178
2013-01-06,Tungabhadra,42.596,2.119
2013-01-07,Tungabhadra,42.432,12.547
2013-01-08,Tungabhadra,42.268,22.975
2013-01-09,Tungabhadra,42.104,33.403
2013-01-10,Tungabhadra,41.94,43.831
2013-01-11,Tungabhadra,41.776,54.258
2013-01-12,Tungabhadra,41.612,64.686
2013-01-13,Tungabhadra,41.448,75.114
2013-01-14,Tungabhadra,41.284,73.596
2013-01-15,Tungabhadra,41.121,72.077
2013-01-16,Tungabhadra,40.957,70.559
2013-01-17,Tungabhadra,40.793,69.04
2013-01-18,Tungabhadra,40.629,67.522
2013-01-19,Tungabhadra,40.465,66.003
2013-01-20,Tungabhadra,39.811,64.485
2013-01-21,Tungabhadra,39.158,62.966
2013-01-22,Tungabhadra,38.504,61.448
2013-01-23,Tungabhadra,37.851,59.929
2013-01-24,Tungabhadra,37.197,58.41
2013-01-25,Tungabhadra,36.544,56.892
2013-01-26,Tungabhadra,35.891,55.373
2013-01-27,Tungabhadra,35.237,53.855
2013-01-28,Tungabhadra,34.584,52.336
2013-01-29,Tungabhadra,33.93,50.818
2013-01-30,Tungabhadra,33.277,49.299
2013-01-31,Tungabhadra,32.623,47.781
2013-02-01,Tungabhadra,31.97,46.262
2013-02-02,Tungabhadra,30.667,33.902
2013-02-03,Tungabhadra,27.014,21.542
2013-02-04,Tungabhadra,25.627,12.36
2013-02-05,Tungabhadra,22.455,3.178
2013-02-06,Tungabhadra,27.892,2.472
2013-02-07,Tungabhadra,26.561,12.71
2013-02-08,Tungabhadra,26.42,22.949
2013-02-09,Tungabhadra,31.177,33.187
2013-02-10,Tungabhadra,35.254,43.425
2013-02-11,Tungabhadra,36.274,53.663
2013-02-12,Tungabhadra,28.317,63.902
2013-02-13,Tungabhadra,27.864,74.14
2013-02-14,Tungabhadra,25.938,72.354
2013-02-15,Tungabhadra,27.212,70.567
2013-02-16,Tungabhadra,26.958,68.781
2013-02-17,Tungabhadra,22.993,66.994
2013-02-18,Tungabhadra,27.382,65.207
2013-02-19,Tungabhadra,28.09,63.421
2013-02-20,Tungabhadra,26.335,61.634
2013-02-21,Tungabhadra,32.564,59.848
2013-02-22,Tungabhadra,29.761,58.061
2013-02-23,Tungabhadra,29.846,56.275
2013-02-24,Tungabhadra,29.28,54.488
2013-02-25,Tungabhadra,36.387,52.702
2013-02-26,Tungabhadra,34.122,50.915
2013-02-27,Tungabhadra,38.766,49.129
2013-02-28,Tungabhadra,35.141,47.342
2013-03-01,Tungabhadra,35.283,45.556
2013-03-02,Tungabhadra,37.208,33.372
2013-03-03,Tungabhadra,36.953,21.189
2013-03-04,Tungabhadra,39.559,12.184
2013-03-05,Tungabhadra,38.398,3.178
2013-03-06,Tungabhadra,38.058,2.825
2013-03-07,Tungabhadra,38.426,13.001
2013-03-08,Tungabhadra,39.559,23.177
2013-03-09,Tungabhadra,37.916,33.352
2013-03-10,Tungabhadra,32.932,43.528
2013-03-11,Tungabhadra,28.458,53.704
2013-03-12,Tungabhadra,30.724,63.879
2013-03-13,Tungabhadra,31.998,74.055
2013-03-14,Tungabhadra,33.301,72.536
2013-03-15,Tungabhadra,33.839,71.018
2013-03-16,Tungabhadra,33.216,69.499
2013-03-17,Tungabhadra,36.925,67.981
2013-03-18,Tungabhadra,37.576,66.462
2013-03-19,Tungabhadra,43.693,64.944
2013-03-20,Tungabhadra,49.809,63.425
2013-03-21,Tungabhadra,43.608,61.907
2013-03-22,Tungabhadra,44.259,60.388
2013-03-23,Tungabhadra,37.548,58.87
2013-03-24,Tungabhadra,38.539,57.351
2013-03-25,Tungabhadra,38.341,55.832
2013-03-26,Tungabhadra,38.199,54.314
2013-03-27,Tungabhadra,37.492,52.795
2013-03-28,Tungabhadra,42.815,51.277
2013-03-29,Tungabhadra,50.206,49.758
2013-03-30,Tungabhadra,49.385,48.24
2013-03-31,Tungabhadra,48.592,46.721
2013-04-01,Tungabhadra,44.089,45.203
2013-04-02,Tungabhadra,40.55,33.019
2013-04-03,Tungabhadra,33.187,20.836
2013-04-04,Tungabhadra,37.322,11.83
2013-04-05,Tungabhadra,38.766,2.825
2013-04-06,Tungabhadra,38.114,3.178
2013-04-07,Tungabhadra,25.57,16.34
2013-04-08,Tungabhadra,20.898,29.501
2013-04-09,Tungabhadra,21.181,42.663
2013-04-10,Tungabhadra,17.613,55.824
2013-04-11,Tungabhadra,17.84,68.985
2013-04-12,Tungabhadra,17.868,82.147
2013-04-13,Tungabhadra,16.905,73.603
2013-04-14,Tungabhadra,16.169,71.986
2013-04-15,Tungabhadra,16.197,70.369
2013-04-16,Tungabhadra,16.226,68.752
2013-04-17,Tungabhadra,16.254,67.135
2013-04-18,Tungabhadra,14.668,65.518
2013-04-19,Tungabhadra,16.226,63.901
2013-04-20,Tungabhadra,21.691,62.284
2013-04-21,Tungabhadra,17.981,60.667
2013-04-22,Tungabhadra,17.245,59.05
2013-04-23,Tungabhadra,13.167,57.433
2013-04-24,Tungabhadra,13.62,55.816
2013-04-25,Tungabhadra,11.355,54.199
2013-04-26,Tungabhadra,8.099,52.582
2013-04-27,Tungabhadra,6.485,50.965
2013-04-28,Tungabhadra,4.899,49.348
2013-04-29,Tungabhadra,6.541,47.731
2013-04-30,Tungabhadra,7.844,46.114
2013-05-01,Tungabhadra,8.353,44.496
2013-05-02,Tungabhadra,8.807,32.489
2013-05-03,Tungabhadra,8.495,20.483
2013-05-04,Tungabhadra,10.619,11.654
2013-05-05,Tungabhadra,10.93,2.825
2013-05-06,Tungabhadra,11.95,3.178
2013-05-07,Tungabhadra,10.704,16.411
2013-05-08,Tungabhadra,6.824,29.644
2013-05-09,Tungabhadra,6.173,42.876
2013-05-10,Tungabhadra,8.438,56.109
2013-05-11,Tungabhadra,6.06,69.342
2013-05-12,Tungabhadra,6.145,82.575
2013-05-13,Tungabhadra,2.379,72.978
2013-05-14,Tungabhadra,7.73,71.442
2013-05-15,Tungabhadra,8.665,69.905
2013-05-16,Tungabhadra,10.364,68.369
2013-05-17,Tungabhadra,10.647,66.833
2013-05-18,Tungabhadra,10.619,65.297
2013-05-19,Tungabhadra,11.893,63.761
2013-05-20,Tungabhadra,12.912,62.224
2013-05-21,Tungabhadra,11.695,60.688
2013-05-22,Tungabhadra,11.412,59.152
2013-05-23,Tungabhadra,10.93,57.616
2013-05-24,Tungabhadra,7.561,56.08
2013-05-25,Tungabhadra,3.738,54.544
2013-05-26,Tungabhadra,7.985,53.007
2013-05-27,Tungabhadra,142.264,51.471
2013-05-28,Tungabhadra,56.577,49.935
2013-05-29,Tungabhadra,24.777,48.399
2013-05-30,Tungabhadra,21.464,46.863
2013-05-31,Tungabhadra,34.065,45.326
2013-06-01,Tungabhadra,95.003,43.79
2013-06-02,Tungabhadra,119.44,31.96
2013-06-03,Tungabhadra,135.553,20.129
2013-06-04,Tungabhadra,112.22,11.477
2013-06-05,Tungabhadra,74.643,2.825
2013-06-06,Tungabhadra,72.548,3.531
2013-06-07,Tungabhadra,75.974,16.669
2013-06-08,Tungabhadra,121.224,29.807
2013-06-09,Tungabhadra,63.628,42.944
2013-06-10,Tungabhadra,32.876,56.082
2013-06-11,Tungabhadra,31.687,69.22
2013-06-12,Tungabhadra,38.369,82.358
2013-06-13,Tungabhadra,26.844,72.544
2013-06-14,Tungabhadra,8.58,70.927
2013-06-15,Tungabhadra,7.079,69.31
2013-06-16,Tungabhadra,12.006,67.693
2013-06-17,Tungabhadra,22.767,66.076
2013-06-18,Tungabhadra,148.763,64.459
2013-06-19,Tungabhadra,274.758,62.842
2013-06-20,Tungabhadra,241.344,61.224
2013-06-21,Tungabhadra,296.421,59.607
2013-06-22,Tungabhadra,384.684,57.99
2013-06-23,Tungabhadra,322.699,56.373
2013-06-24,Tungabhadra,197.368,54.756
2013-06-25,Tungabhadra,166.248,53.139
2013-06-26,Tungabhadra,142.32,51.522
2013-06-27,Tungabhadra,227.186,49.905
2013-06-28,Tungabhadra,949.322,48.288
2013-06-29,Tungabhadra,1203.296,46.671
2013-06-30,Tungabhadra,944.268,45.054
2013-07-01,Tungabhadra,685.239,43.437
2013-07-02,Tungabhadra,451.059,31.43
2013-07-03,Tungabhadra,301.631,19.423
2013-07-04,Tungabhadra,326.635,10.948
2013-07-05,Tungabhadra,1038.492,2.472
2013-07-06,Tungabhadra,3034.745,3.885
2013-07-07,Tungabhadra,2733.284,16.911
2013-07-08,Tungabhadra,1876.472,29.938
2013-07-09,Tungabhadra,1651.495,42.965
2013-07-10,Tungabhadra,1376.963,55.991
2013-07-11,Tungabhadra,998.31,69.018
2013-07-12,Tungabhadra,661.595,82.045
2013-07-13,Tungabhadra,492.883,71.918
2013-07-14,Tungabhadra,951.786,70.382
2013-07-15,Tungabhadra,1416.324,68.846
2013-07-16,Tungabhadra,1236.335,67.31
2013-07-17,Tungabhadra,1056.346,65.774
2013-07-18,Tungabhadra,876.357,64.237
2013-07-19,Tungabhadra,696.368,62.701
2013-07-20,Tungabhadra,1268.897,61.165
2013-07-21,Tungabhadra,1841.426,59.629
2013-07-22,Tungabhadra,2413.955,58.093
2013-07-23,Tungabhadra,2314.364,56.556
2013-07-24,Tungabhadra,2079.08,55.02
2013-07-25,Tungabhadra,2508.391,53.484
2013-07-26,Tungabhadra,2537.897,51.948
2013-07-27,Tungabhadra,2886.251,50.412
2013-07-28,Tungabhadra,3477.422,48.875
2013-07-29,Tungabhadra,3799.809,47.339
2013-07-30,Tungabhadra,3602.271,45.803
2013-07-31,Tungabhadra,3735.219,44.267
2013-08-01,Tungabhadra,3603.149,42.731
2013-08-02,Tungabhadra,3300.527,30.9
2013-08-03,Tungabhadra,3483.708,19.07
2013-08-04,Tungabhadra,4747.999,6.003
2013-08-05,Tungabhadra,4951.484,2.472
2013-08-06,Tungabhadra,4371.187,4.238
2013-08-07,Tungabhadra,3295.968,17.175
2013-08-08,Tungabhadra,2298.818,30.112
2013-08-09,Tungabhadra,1518.916,43.049
2013-08-10,Tungabhadra,1777.137,55.986
2013-08-11,Tungabhadra,1183.021,68.922
2013-08-12,Tungabhadra,1077.881,81.859
2013-08-13,Tungabhadra,796.44,71.548
2013-08-14,Tungabhadra,800.885,69.994
2013-08-15,Tungabhadra,825.578,68.44
2013-08-16,Tungabhadra,782.196,66.886
2013-08-17,Tungabhadra,797.487,65.332
2013-08-18,Tungabhadra,765.461,63.778
2013-08-19,Tungabhadra,803.264,62.224
2013-08-20,Tungabhadra,947.0,60.671
2013-08-21,Tungabhadra,1009.496,59.117
2013-08-22,Tungabhadra,1007.315,57.563
2013-08-23,Tungabhadra,1007.712,56.009
2013-08-24,Tungabhadra,874.481,54.455
2013-08-25,Tungabhadra,831.496,52.901
2013-08-26,Tungabhadra,723.439,51.348
2013-08-27,Tungabhadra,858.652,49.794
2013-08-28,Tungabhadra,797.034,48.24
2013-08-29,Tungabhadra,632.032,46.686
2013-08-30,Tungabhadra,504.266,45.132
2013-08-31,Tungabhadra,511.062,43.578
2013-09-01,Tungabhadra,476.997,42.024
2013-09-02,Tungabhadra,404.025,28.958
2013-09-03,Tungabhadra,275.438,18.717
2013-09-04,Tungabhadra,283.933,5.65
2013-09-05,Tungabhadra,257.089,2.472
2013-09-06,Tungabhadra,228.375,4.238
2013-09-07,Tungabhadra,227.299,16.934
2013-09-08,Tungabhadra,218.323,29.63
2013-09-09,Tungabhadra,219.625,42.326
2013-09-10,Tungabhadra,528.76,55.023
2013-09-11,Tungabhadra,994.516,67.719
2013-09-12,Tungabhadra,687.59,80.415
2013-09-13,Tungabhadra,707.836,71.131
2013-09-14,Tungabhadra,836.48,69.514
2013-09-15,Tungabhadra,687.476,67.897
2013-09-16,Tungabhadra,516.188,66.28
2013-09-17,Tungabhadra,491.637,64.663
2013-09-18,Tungabhadra,546.034,63.046
2013-09-19,Tungabhadra,600.43,61.429
2013-09-20,Tungabhadra,448.992,59.812
2013-09-21,Tungabhadra,871.451,58.195
2013-09-22,Tungabhadra,1033.452,56.578
2013-09-23,Tungabhadra,1360.256,54.961
2013-09-24,Tungabhadra,1028.241,53.344
2013-09-25,Tungabhadra,797.94,51.727
2013-09-26,Tungabhadra,571.66,50.11
2013-09-27,Tungabhadra,345.635,48.493
2013-09-28,Tungabhadra,308.201,46.876
2013-09-29,Tungabhadra,272.182,45.259
2013-09-30,Tungabhadra,231.264,43.641
2013-10-01,Tungabhadra,190.346,42.024
2013-10-02,Tungabhadra,176.046,30.017
2013-10-03,Tungabhadra,125.755,18.01
2013-10-04,Tungabhadra,105.254,5.65
2013-10-05,Tungabhadra,108.567,2.472
2013-10-06,Tungabhadra,195.103,4.591
2013-10-07,Tungabhadra,220.305,17.148
2013-10-08,Tungabhadra,244.516,29.706
2013-10-09,Tungabhadra,166.22,42.263
2013-10-10,Tungabhadra,168.287,54.82
2013-10-11,Tungabhadra,217.19,67.377
2013-10-12,Tungabhadra,130.541,79.935
2013-10-13,Tungabhadra,53.179,70.523
2013-10-14,Tungabhadra,57.228,69.005
2013-10-15,Tungabhadra,60.655,67.486
2013-10-16,Tungabhadra,155.828,65.968
2013-10-17,Tungabhadra,157.413,64.449
2013-10-18,Tungabhadra,157.187,62.931
2013-10-19,Tungabhadra,136.346,61.412
2013-10-20,Tungabhadra,125.783,59.894
2013-10-21,Tungabhadra,124.169,58.375
2013-10-22,Tungabhadra,134.901,56.857
2013-10-23,Tungabhadra,208.61,55.338
2013-10-24,Tungabhadra,196.066,53.82
2013-10-25,Tungabhadra,165.823,52.301
2013-10-26,Tungabhadra,328.787,50.782
2013-10-27,Tungabhadra,281.186,49.264
2013-10-28,Tungabhadra,472.014,47.745
2013-10-29,Tungabhadra,278.128,46.227
2013-10-30,Tungabhadra,111.115,44.708
2013-10-31,Tungabhadra,76.059,43.19
2013-11-01,Tungabhadra,60.796,41.671
2013-11-02,Tungabhadra,41.739,29.664
2013-11-03,Tungabhadra,20.643,17.657
2013-11-04,Tungabhadra,9.599,5.65
2013-11-05,Tungabhadra,11.723,2.119
2013-11-06,Tungabhadra,5.352,4.591
2013-11-07,Tungabhadra,16.141,17.052
2013-11-08,Tungabhadra,31.149,29.513
2013-11-09,Tungabhadra,41.343,41.973
2013-11-10,Tungabhadra,33.612,54.434
2013-11-11,Tungabhadra,17.5,66.895
2013-11-12,Tungabhadra,7.023,79.356
2013-11-13,Tungabhadra,4.559,70.072
2013-11-14,Tungabhadra,6.938,68.455
2013-11-15,Tungabhadra,21.747,66.838
2013-11-16,Tungabhadra,26.165,65.221
2013-11-17,Tungabhadra,26.561,63.604
2013-11-18,Tungabhadra,31.644,61.987
2013-11-19,Tungabhadra,36.727,60.369
2013-11-20,Tungabhadra,14.385,58.752
2013-11-21,Tungabhadra,11.95,57.135
2013-11-22,Tungabhadra,9.514,55.518
2013-11-23,Tungabhadra,23.786,53.901
2013-11-24,Tungabhadra,28.912,52.284
2013-11-25,Tungabhadra,20.247,50.667
2013-11-26,Tungabhadra,5.72,49.05
2013-11-27,Tungabhadra,1.982,47.433
2013-11-28,Tungabhadra,9.939,45.816
2013-11-29,Tungabhadra,12.431,44.199
2013-11-30,Tungabhadra,10.817,42.582
2013-12-01,Tungabhadra,9.203,40.965
2013-12-02,Tungabhadra,6.06,27.899
2013-12-03,Tungabhadra,6.286,17.304
2013-12-04,Tungabhadra,8.891,5.65
2013-12-05,Tungabhadra,20.756,2.119
2013-12-06,Tungabhadra,23.673,4.591
2013-12-07,Tungabhadra,24.862,17.047
2013-12-08,Tungabhadra,27.382,29.502
2013-12-09,Tungabhadra,24.494,41.958
2013-12-10,Tungabhadra,27.382,54.414
2013-12-11,Tungabhadra,24.919,66.87
2013-12-12,Tungabhadra,22.484,79.326
2013-12-13,Tungabhadra,22.512,70.718
2013-12-14,Tungabhadra,20.105,70.1
2013-12-15,Tungabhadra,25.91,69.482
2013-12-16,Tungabhadra,26.646,68.864
2013-12-17,Tungabhadra,22.71,68.246
2013-12-18,Tungabhadra,24.183,67.628
2013-12-19,Tungabhadra,26.108,67.01
2013-12-20,Tungabhadra,23.135,66.392
2013-12-21,Tungabhadra,25.967,65.774
2013-12-22,Tungabhadra,32.791,65.156
2013-12-23,Tungabhadra,39.927,64.538
2013-12-24,Tungabhadra,46.185,63.92
2013-12-25,Tungabhadra,47.091,63.302
2013-12-26,Tungabhadra,60.683,62.684
2013-12-27,Tungabhadra,61.646,62.066
2013-12-28,Tungabhadra,64.591,61.448
2013-12-29,Tungabhadra,91.832,60.83
2013-12-30,Tungabhadra,94.776,60.212
2013-12-31,Tungabhadra,112.276,59.594
2014-01-01,Tungabhadra,128.219,58.975
2014-01-02,Tungabhadra,106.839,48.734
2014-01-03,Tungabhadra,83.563,38.493
2014-01-04,Tungabhadra,72.378,28.252
2014-01-05,Tungabhadra,73.312,18.01
2014-01-06,Tungabhadra,76.201,7.769
2014-01-07,Tungabhadra,84.752,13.42
2014-01-08,Tungabhadra,79.117,25.48
2014-01-09,Tungabhadra,85.602,37.539
2014-01-10,Tungabhadra,86.225,49.599
2014-01-11,Tungabhadra,91.407,61.659
2014-01-12,Tungabhadra,93.106,73.719
2014-01-13,Tungabhadra,95.569,85.779
2014-01-14,Tungabhadra,92.143,84.331
2014-01-15,Tungabhadra,86.508,82.884
2014-01-16,Tungabhadra,72.888,81.436
2014-01-17,Tungabhadra,75.719,79.988
2014-01-18,Tungabhadra,78.806,78.54
2014-01-19,Tungabhadra,78.07,77.092
2014-01-20,Tungabhadra,79.825,75.644
2014-01-21,Tungabhadra,69.829,74.196
2014-01-22,Tungabhadra,75.04,72.748
2014-01-23,Tungabhadra,74.841,71.3
2014-01-24,Tungabhadra,74.926,69.852
2014-01-25,Tungabhadra,67.337,68.405
2014-01-26,Tungabhadra,59.465,66.957
2014-01-27,Tungabhadra,60.202,65.509
2014-01-28,Tungabhadra,54.623,64.061
2014-01-29,Tungabhadra,54.878,62.613
2014-01-30,Tungabhadra,52.924,61.165
2014-01-31,Tungabhadra,52.386,59.717
2014-02-01,Tungabhadra,48.79,58.269
2014-02-02,Tungabhadra,47.884,48.24
2014-02-03,Tungabhadra,47.771,38.21
2014-02-04,Tungabhadra,46.694,28.181
2014-02-05,Tungabhadra,45.675,18.152
2014-02-06,Tungabhadra,48.025,8.122
2014-02-07,Tungabhadra,48.903,13.42
2014-02-08,Tungabhadra,48.309,25.316
2014-02-09,Tungabhadra,49.611,37.212
2014-02-10,Tungabhadra,48.62,49.108
2014-02-11,Tungabhadra,48.705,61.004
2014-02-12,Tungabhadra,49.186,72.901
2014-02-13,Tungabhadra,49.271,84.797
2014-02-14,Tungabhadra,49.441,83.073
2014-02-15,Tungabhadra,48.422,81.348
2014-02-16,Tungabhadra,46.043,79.624
2014-02-17,Tungabhadra,45.703,77.9
2014-02-18,Tungabhadra,46.893,76.176
2014-02-19,Tungabhadra,48.082,74.452
2014-02-20,Tungabhadra,46.694,72.727
2014-02-21,Tungabhadra,45.477,71.003
2014-02-22,Tungabhadra,45.194,69.279
2014-02-23,Tungabhadra,43.268,67.555
2014-02-24,Tungabhadra,46.638,65.831
2014-02-25,Tungabhadra,45.732,64.107
2014-02-26,Tungabhadra,41.286,62.382
2014-02-27,Tungabhadra,42.475,60.658
2014-02-28,Tungabhadra,36.331,58.934
2014-03-01,Tungabhadra,37.576,57.21
2014-03-02,Tungabhadra,49.073,47.392
2014-03-03,Tungabhadra,55.586,37.575
2014-03-04,Tungabhadra,61.108,27.757
2014-03-05,Tungabhadra,60.428,17.94
2014-03-06,Tungabhadra,59.352,8.122
2014-03-07,Tungabhadra,13.054,13.773
2014-03-08,Tungabhadra,10.76,25.588
2014-03-09,Tungabhadra,12.516,37.404
2014-03-10,Tungabhadra,42.334,49.22
2014-03-11,Tungabhadra,39.474,61.036
2014-03-12,Tungabhadra,36.585,72.851
2014-03-13,Tungabhadra,30.186,84.667
2014-03-14,Tungabhadra,27.043,83.166
2014-03-15,Tungabhadra,21.153,81.665
2014-03-16,Tungabhadra,8.637,80.164
2014-03-17,Tungabhadra,19.425,78.663
2014-03-18,Tungabhadra,54.963,77.163
2014-03-19,Tungabhadra,61.561,75.662
2014-03-20,Tungabhadra,70.056,74.161
2014-03-21,Tungabhadra,72.604,72.66
2014-03-22,Tungabhadra,73.341,71.159
2014-03-23,Tungabhadra,75.04,69.658
2014-03-24,Tungabhadra,75.153,68.157
2014-03-25,Tungabhadra,72.689,66.656
2014-03-26,Tungabhadra,72.689,65.156
2014-03-27,Tungabhadra,76.767,63.655
2014-03-28,Tungabhadra,92.256,62.154
2014-03-29,Tungabhadra,74.303,60.653
2014-03-30,Tungabhadra,72.491,59.152
2014-03-31,Tungabhadra,60.57,57.651
2014-04-01,Tungabhadra,62.505,56.15
2014-04-02,Tungabhadra,64.44,46.545
2014-04-03,Tungabhadra,66.375,36.939
2014-04-04,Tungabhadra,68.31,27.334
2014-04-05,Tungabhadra,70.245,17.728
2014-04-06,Tungabhadra,72.18,8.122
2014-04-07,Tungabhadra,69.982,13.773
2014-04-08,Tungabhadra,67.785,25.454
2014-04-09,Tungabhadra,65.587,37.136
2014-04-10,Tungabhadra,63.39,48.818
2014-04-11,Tungabhadra,61.193,60.5
2014-04-12,Tungabhadra,58.995,72.181
2014-04-13,Tungabhadra,56.798,83.863
2014-04-14,Tungabhadra,54.601,82.265
2014-04-15,Tungabhadra,52.403,80.666
2014-04-16,Tungabhadra,50.206,79.068
2014-04-17,Tungabhadra,48.008,77.469
2014-04-18,Tungabhadra,45.811,75.871
2014-04-19,Tungabhadra,43.614,74.272
2014-04-20,Tungabhadra,41.416,72.674
2014-04-21,Tungabhadra,39.219,71.075
2014-04-22,Tungabhadra,37.021,69.477
2014-04-23,Tungabhadra,34.824,67.879
2014-04-24,Tungabhadra,32.627,66.28
2014-04-25,Tungabhadra,30.429,64.682
2014-04-26,Tungabhadra,28.232,63.083
2014-04-27,Tungabhadra,26.035,61.485
2014-04-28,Tungabhadra,23.837,59.886
2014-04-29,Tungabhadra,21.64,58.288
2014-04-30,Tungabhadra,19.442,56.689
2014-05-01,Tungabhadra,17.245,55.091
2014-05-02,Tungabhadra,17.387,41.936
2014-05-03,Tungabhadra,15.489,28.781
2014-05-04,Tungabhadra,26.505,15.627
2014-05-05,Tungabhadra,26.788,2.472
2014-05-06,Tungabhadra,54.113,8.122
2014-05-07,Tungabhadra,56.52,13.773
2014-05-08,Tungabhadra,58.304,25.35
2014-05-09,Tungabhadra,110.322,36.927
2014-05-10,Tungabhadra,116.58,48.505
2014-05-11,Tungabhadra,182.276,60.082
2014-05-12,Tungabhadra,325.842,71.659
2014-05-13,Tungabhadra,261.662,83.237
2014-05-14,Tungabhadra,197.482,81.718
2014-05-15,Tungabhadra,75.663,80.2
2014-05-16,Tungabhadra,56.351,78.681
2014-05-17,Tungabhadra,39.983,77.163
2014-05-18,Tungabhadra,27.354,75.644
2014-05-19,Tungabhadra,17.868,74.125
2014-05-20,Tungabhadra,16.254,72.607
2014-05-21,Tungabhadra,14.838,71.088
2014-05-22,Tungabhadra,24.324,69.57
2014-05-23,Tungabhadra,23.984,68.051
2014-05-24,Tungabhadra,29.733,66.533
2014-05-25,Tungabhadra,26.278,65.014
2014-05-26,Tungabhadra,26.986,63.496
2014-05-27,Tungabhadra,43.891,61.977
2014-05-28,Tungabhadra,25.315,60.459
2014-05-29,Tungabhadra,21.492,58.94
2014-05-30,Tungabhadra,17.471,57.422
2014-05-31,Tungabhadra,20.416,55.903
2014-06-01,Tungabhadra,33.442,54.385
2014-06-02,Tungabhadra,16.197,41.495
2014-06-03,Tungabhadra,10.732,28.605
2014-06-04,Tungabhadra,12.431,15.715
2014-06-05,Tungabhadra,30.526,2.825
2014-06-06,Tungabhadra,41.456,8.122
2014-06-07,Tungabhadra,113.805,13.773
2014-06-08,Tungabhadra,78.098,25.272
2014-06-09,Tungabhadra,93.191,36.771
2014-06-10,Tungabhadra,94.012,48.27
2014-06-11,Tungabhadra,44.316,59.769
2014-06-12,Tungabhadra,17.84,71.267
2014-06-13,Tungabhadra,8.325,82.766
2014-06-14,Tungabhadra,8.467,81.131
2014-06-15,Tungabhadra,33.895,79.495
2014-06-16,Tungabhadra,32.451,77.86
2014-06-17,Tungabhadra,9.005,76.224
2014-06-18,Tungabhadra,5.678,74.588
2014-06-19,Tungabhadra,2.35,72.953
2014-06-20,Tungabhadra,2.662,71.317
2014-06-21,Tungabhadra,2.803,69.681
2014-06-22,Tungabhadra,3.285,68.046
2014-06-23,Tungabhadra,3.596,66.41
2014-06-24,Tungabhadra,3.908,64.775
2014-06-25,Tungabhadra,39.898,63.139
2014-06-26,Tungabhadra,371.432,61.503
2014-06-27,Tungabhadra,321.453,59.868
2014-06-28,Tungabhadra,352.007,58.232
2014-06-29,Tungabhadra,143.821,56.596
2014-06-30,Tungabhadra,96.107,54.961
2014-07-01,Tungabhadra,48.393,53.325
2014-07-02,Tungabhadra,53.859,40.7
2014-07-03,Tungabhadra,29.478,28.075
2014-07-04,Tungabhadra,28.572,15.45
2014-07-05,Tungabhadra,52.669,2.825
2014-07-06,Tungabhadra,21.577,8.476
2014-07-07,Tungabhadra,21.153,13.773
2014-07-08,Tungabhadra,30.611,25.156
2014-07-09,Tungabhadra,57.795,36.539
2014-07-10,Tungabhadra,53.321,47.922
2014-07-11,Tungabhadra,15.829,59.305
2014-07-12,Tungabhadra,22.54,70.688
2014-07-13,Tungabhadra,25.967,82.071
2014-07-14,Tungabhadra,26.59,80.447
2014-07-15,Tungabhadra,56.747,78.822
2014-07-16,Tungabhadra,735.304,77.198
2014-07-17,Tungabhadra,1233.878,75.573
2014-07-18,Tungabhadra,1049.649,73.949
2014-07-19,Tungabhadra,1209.866,72.324
2014-07-20,Tungabhadra,1111.125,70.7
2014-07-21,Tungabhadra,1080.797,69.075
2014-07-22,Tungabhadra,1717.105,67.451
2014-07-23,Tungabhadra,1934.38,65.827
2014-07-24,Tungabhadra,2146.927,64.202
2014-07-25,Tungabhadra,1909.603,62.578
2014-07-26,Tungabhadra,2630.38,60.953
2014-07-27,Tungabhadra,2225.959,59.329
2014-07-28,Tungabhadra,1836.234,57.704
2014-07-29,Tungabhadra,1702.777,56.08
2014-07-30,Tungabhadra,1392.509,54.455
2014-07-31,Tungabhadra,1412.529,52.831
2014-08-01,Tungabhadra,1267.094,51.206
2014-08-02,Tungabhadra,2857.51,39.199
2014-08-03,Tungabhadra,4361.729,27.192
2014-08-04,Tungabhadra,4715.916,15.185
2014-08-05,Tungabhadra,4100.987,3.178
2014-08-06,Tungabhadra,3106.896,8.829
2014-08-07,Tungabhadra,3477.082,14.126
2014-08-08,Tungabhadra,4341.227,25.394
2014-08-09,Tungabhadra,4651.835,36.663
2014-08-10,Tungabhadra,4136.836,47.931
2014-08-11,Tungabhadra,2114.079,59.199
2014-08-12,Tungabhadra,1725.232,70.467
2014-08-13,Tungabhadra,1424.819,81.736
2014-08-14,Tungabhadra,1101.016,80.129
2014-08-15,Tungabhadra,902.061,78.522
2014-08-16,Tungabhadra,1301.131,76.915
2014-08-17,Tungabhadra,1169.457,75.309
2014-08-18,Tungabhadra,914.039,73.702
2014-08-19,Tungabhadra,686.061,72.095
2014-08-20,Tungabhadra,585.479,70.488
2014-08-21,Tungabhadra,696.028,68.881
2014-08-22,Tungabhadra,692.347,67.274
2014-08-23,Tungabhadra,880.456,65.668
2014-08-24,Tungabhadra,1174.554,64.061
2014-08-25,Tungabhadra,1534.49,62.454
2014-08-26,Tungabhadra,1184.295,60.847
2014-08-27,Tungabhadra,715.51,59.24
2014-08-28,Tungabhadra,763.224,57.634
2014-08-29,Tungabhadra,719.503,56.027
2014-08-30,Tungabhadra,439.619,54.42
2014-08-31,Tungabhadra,774.862,52.813
2014-09-01,Tungabhadra,1238.579,51.206
2014-09-02,Tungabhadra,1415.644,39.288
2014-09-03,Tungabhadra,1495.469,27.369
2014-09-04,Tungabhadra,1581.439,15.45
2014-09-05,Tungabhadra,1208.535,3.531
2014-09-06,Tungabhadra,813.09,8.829
2014-09-07,Tungabhadra,820.679,14.126
2014-09-08,Tungabhadra,775.117,25.269
2014-09-09,Tungabhadra,882.353,36.411
2014-09-10,Tungabhadra,1176.565,47.554
2014-09-11,Tungabhadra,766.933,58.697
2014-09-12,Tungabhadra,752.124,69.839
2014-09-13,Tungabhadra,755.862,80.982
2014-09-14,Tungabhadra,441.686,79.328
2014-09-15,Tungabhadra,318.933,77.674
2014-09-16,Tungabhadra,326.295,76.019
2014-09-17,Tungabhadra,336.263,74.365
2014-09-18,Tungabhadra,336.149,72.711
2014-09-19,Tungabhadra,335.13,71.057
2014-09-20,Tungabhadra,251.963,69.403
2014-09-21,Tungabhadra,204.957,67.748
2014-09-22,Tungabhadra,205.099,66.094
2014-09-23,Tungabhadra,201.814,64.44
2014-09-24,Tungabhadra,194.48,62.786
2014-09-25,Tungabhadra,196.179,61.132
2014-09-26,Tungabhadra,199.237,59.477
2014-09-27,Tungabhadra,207.959,57.823
2014-09-28,Tungabhadra,259.467,56.169
2014-09-29,Tungabhadra,314.798,54.515
2014-09-30,Tungabhadra,425.291,52.86
2014-10-01,Tungabhadra,623.395,51.206
2014-10-02,Tungabhadra,762.969,39.376
2014-10-03,Tungabhadra,980.216,27.545
2014-10-04,Tungabhadra,769.878,15.715
2014-10-05,Tungabhadra,639.621,3.885
2014-10-06,Tungabhadra,332.043,9.182
2014-10-07,Tungabhadra,247.348,14.126
2014-10-08,Tungabhadra,220.956,25.212
2014-10-09,Tungabhadra,219.257,36.298
2014-10-10,Tungabhadra,217.558,47.383
2014-10-11,Tungabhadra,266.631,58.469
2014-10-12,Tungabhadra,313.156,69.555
2014-10-13,Tungabhadra,340.453,80.641
2014-10-14,Tungabhadra,475.78,78.999
2014-10-15,Tungabhadra,487.814,77.357
2014-10-16,Tungabhadra,393.548,75.715
2014-10-17,Tungabhadra,308.201,74.073
2014-10-18,Tungabhadra,238.654,72.43
2014-10-19,Tungabhadra,236.616,70.788
2014-10-20,Tungabhadra,122.046,69.146
2014-10-21,Tungabhadra,81.128,67.504
2014-10-22,Tungabhadra,31.97,65.862
2014-10-23,Tungabhadra,42.815,64.22
2014-10-24,Tungabhadra,44.401,62.578
2014-10-25,Tungabhadra,53.009,60.935
2014-10-26,Tungabhadra,431.889,59.293
2014-10-27,Tungabhadra,326.578,57.651
2014-10-28,Tungabhadra,343.398,56.009
2014-10-29,Tungabhadra,706.788,54.367
2014-10-30,Tungabhadra,308.201,52.725
2014-10-31,Tungabhadra,276.033,51.083
2014-11-01,Tungabhadra,293.674,49.441
2014-11-02,Tungabhadra,293.674,38.14
2014-11-03,Tungabhadra,202.126,26.839
2014-11-04,Tungabhadra,113.182,15.538
2014-11-05,Tungabhadra,68.244,4.238
2014-11-06,Tungabhadra,31.602,9.182
2014-11-07,Tungabhadra,20.501,14.479
2014-11-08,Tungabhadra,18.717,25.374
2014-11-09,Tungabhadra,5.975,36.269
2014-11-10,Tungabhadra,11.893,47.164
2014-11-11,Tungabhadra,10.675,58.059
2014-11-12,Tungabhadra,24.296,68.953
2014-11-13,Tungabhadra,17.556,79.848
2014-11-14,Tungabhadra,39.304,78.12
2014-11-15,Tungabhadra,47.204,76.391
2014-11-16,Tungabhadra,72.633,74.663
2014-11-17,Tungabhadra,116.609,72.934
2014-11-18,Tungabhadra,267.594,71.206
2014-11-19,Tungabhadra,162.567,69.477
2014-11-20,Tungabhadra,125.585,67.748
2014-11-21,Tungabhadra,54.765,66.02
2014-11-22,Tungabhadra,64.987,64.291
2014-11-23,Tungabhadra,54.708,62.563
2014-11-24,Tungabhadra,41.343,60.834
2014-11-25,Tungabhadra,31.233,59.106
2014-11-26,Tungabhadra,21.096,57.377
2014-11-27,Tungabhadra,32.932,55.648
2014-11-28,Tungabhadra,13.564,53.92
2014-11-29,Tungabhadra,12.006,52.191
2014-11-30,Tungabhadra,11.978,50.463
2014-12-01,Tungabhadra,1.926,48.734
2014-12-02,Tungabhadra,13.394,37.875
2014-12-03,Tungabhadra,37.237,27.016
2014-12-04,Tungabhadra,56.435,16.156
2014-12-05,Tungabhadra,25.683,5.297
2014-12-06,Tungabhadra,25.712,9.535
2014-12-07,Tungabhadra,25.74,14.479
2014-12-08,Tungabhadra,25.74,25.45
2014-12-09,Tungabhadra,26.476,36.421
2014-12-10,Tungabhadra,20.36,47.392
2014-12-11,Tungabhadra,27.835,58.363
2014-12-12,Tungabhadra,25.825,69.334
2014-12-13,Tungabhadra,12.997,80.306
2014-12-14,Tungabhadra,25.485,79.741
2014-12-15,Tungabhadra,27.609,79.175
2014-12-16,Tungabhadra,25.995,78.61
2014-12-17,Tungabhadra,26.023,78.045
2014-12-18,Tungabhadra,26.051,77.48
2014-12-19,Tungabhadra,26.646,76.915
2014-12-20,Tungabhadra,22.937,76.35
2014-12-21,Tungabhadra,27.467,75.785
2014-12-22,Tungabhadra,25.259,75.22
2014-12-23,Tungabhadra,30.752,74.655
2014-12-24,Tungabhadra,28.317,74.09
2014-12-25,Tungabhadra,31.12,73.525
2014-12-26,Tungabhadra,30.695,72.96
2014-12-27,Tungabhadra,32.253,72.395
2014-12-28,Tungabhadra,29.591,71.83
2014-12-29,Tungabhadra,29.648,71.265
2014-12-30,Tungabhadra,29.676,70.7
2014-12-31,Tungabhadra,29.733,70.135
2015-01-01,Tungabhadra,29.646,69.57
2015-01-02,Tungabhadra,29.558,70.364
2015-01-03,Tungabhadra,29.471,71.159
2015-01-04,Tungabhadra,29.384,71.954
2015-01-05,Tungabhadra,29.297,72.748
2015-01-06,Tungabhadra,29.21,73.543
2015-01-07,Tungabhadra,29.123,74.337
2015-01-08,Tungabhadra,29.036,75.132
2015-01-09,Tungabhadra,28.949,75.927
2015-01-10,Tungabhadra,28.861,69.923
2015-01-11,Tungabhadra,28.774,57.916
2015-01-12,Tungabhadra,28.687,49.299
2015-01-13,Tungabhadra,28.6,40.682
2015-01-14,Tungabhadra,30.004,42.166
2015-01-15,Tungabhadra,31.408,43.649
2015-01-16,Tungabhadra,32.812,45.132
2015-01-17,Tungabhadra,34.216,46.615
2015-01-18,Tungabhadra,35.62,48.099
2015-01-19,Tungabhadra,37.024,49.582
2015-01-20,Tungabhadra,38.427,51.065
2015-01-21,Tungabhadra,39.831,52.548
2015-01-22,Tungabhadra,41.235,54.031
2015-01-23,Tungabhadra,42.639,55.515
2015-01-24,Tungabhadra,44.043,56.998
2015-01-25,Tungabhadra,45.447,58.481
2015-01-26,Tungabhadra,46.851,59.964
2015-01-27,Tungabhadra,48.255,61.448
2015-01-28,Tungabhadra,49.659,62.931
2015-01-29,Tungabhadra,51.063,64.414
2015-01-30,Tungabhadra,52.467,65.897
2015-01-31,Tungabhadra,53.871,67.38
2015-02-01,Tungabhadra,55.274,68.864
2015-02-02,Tungabhadra,58.304,56.768
2015-02-03,Tungabhadra,57.398,44.673
2015-02-04,Tungabhadra,58.446,32.578
2015-02-05,Tungabhadra,54.283,20.483
2015-02-06,Tungabhadra,64.138,30.229
2015-02-07,Tungabhadra,64.251,39.976
2015-02-08,Tungabhadra,64.138,49.723
2015-02-09,Tungabhadra,63.345,59.47
2015-02-10,Tungabhadra,62.524,69.217
2015-02-11,Tungabhadra,54.821,57.916
2015-02-12,Tungabhadra,54.906,49.243
2015-02-13,Tungabhadra,52.33,40.57
2015-02-14,Tungabhadra,52.33,42.295
2015-02-15,Tungabhadra,52.414,44.019
2015-02-16,Tungabhadra,52.698,45.743
2015-02-17,Tungabhadra,54.255,47.467
2015-02-18,Tungabhadra,52.868,49.191
2015-02-19,Tungabhadra,51.282,50.915
2015-02-20,Tungabhadra,51.65,52.64
2015-02-21,Tungabhadra,0.879,54.364
2015-02-22,Tungabhadra,51.282,56.088
2015-02-23,Tungabhadra,51.31,57.812
2015-02-24,Tungabhadra,50.97,59.536
2015-02-25,Tungabhadra,51.112,61.261
2015-02-26,Tungabhadra,45.618,62.985
2015-02-27,Tungabhadra,45.703,64.709
2015-02-28,Tungabhadra,44.656,66.433
2015-03-01,Tungabhadra,43.013,68.157
2015-03-02,Tungabhadra,48.478,69.04
2015-03-03,Tungabhadra,49.073,69.923
2015-03-04,Tungabhadra,47.629,70.806
2015-03-05,Tungabhadra,45.788,71.689
2015-03-06,Tungabhadra,46.921,72.572
2015-03-07,Tungabhadra,48.167,73.455
2015-03-08,Tungabhadra,49.413,74.337
2015-03-09,Tungabhadra,28.968,75.22
2015-03-10,Tungabhadra,35.311,68.51
2015-03-11,Tungabhadra,35.226,56.857
2015-03-12,Tungabhadra,32.819,48.231
2015-03-13,Tungabhadra,31.531,39.605
2015-03-14,Tungabhadra,30.242,41.071
2015-03-15,Tungabhadra,30.101,42.537
2015-03-16,Tungabhadra,30.016,44.002
2015-03-17,Tungabhadra,31.46,45.468
2015-03-18,Tungabhadra,33.216,46.933
2015-03-19,Tungabhadra,31.347,48.399
2015-03-20,Tungabhadra,32.055,49.864
2015-03-21,Tungabhadra,33.074,51.33
2015-03-22,Tungabhadra,38.851,52.795
2015-03-23,Tungabhadra,41.286,54.261
2015-03-24,Tungabhadra,41.852,55.727
2015-03-25,Tungabhadra,42.504,57.192
2015-03-26,Tungabhadra,43.891,58.658
2015-03-27,Tungabhadra,48.762,60.123
2015-03-28,Tungabhadra,51.253,61.589
2015-03-29,Tungabhadra,53.745,63.054
2015-03-30,Tungabhadra,57.936,64.52
2015-03-31,Tungabhadra,62.382,65.985
2015-04-01,Tungabhadra,72.519,67.451
2015-04-02,Tungabhadra,73.256,68.378
2015-04-03,Tungabhadra,76.512,69.305
2015-04-04,Tungabhadra,76.909,70.232
2015-04-05,Tungabhadra,78.041,71.159
2015-04-06,Tungabhadra,69.362,72.086
2015-04-07,Tungabhadra,60.683,73.013
2015-04-08,Tungabhadra,36.614,73.94
2015-04-09,Tungabhadra,25.259,74.867
2015-04-10,Tungabhadra,61.504,67.804
2015-04-11,Tungabhadra,31.97,55.797
2015-04-12,Tungabhadra,9.514,47.554
2015-04-13,Tungabhadra,5.069,39.311
2015-04-14,Tungabhadra,3.625,40.835
2015-04-15,Tungabhadra,5.777,42.359
2015-04-16,Tungabhadra,5.947,43.883
2015-04-17,Tungabhadra,3.794,45.407
2015-04-18,Tungabhadra,3.936,46.931
2015-04-19,Tungabhadra,3.823,48.455
2015-04-20,Tungabhadra,4.842,49.98
2015-04-21,Tungabhadra,5.168,51.504
2015-04-22,Tungabhadra,5.493,53.028
2015-04-23,Tungabhadra,5.38,54.552
2015-04-24,Tungabhadra,5.38,56.076
2015-04-25,Tungabhadra,5.55,57.6
2015-04-26,Tungabhadra,5.578,59.124
2015-04-27,Tungabhadra,6.428,60.648
2015-04-28,Tungabhadra,6.23,62.172
2015-04-29,Tungabhadra,6.031,63.697
2015-04-30,Tungabhadra,5.997,65.221
2015-05-01,Tungabhadra,5.962,66.745
2015-05-02,Tungabhadra,5.927,67.716
2015-05-03,Tungabhadra,5.893,68.687
2015-05-04,Tungabhadra,5.858,69.658
2015-05-05,Tungabhadra,5.823,70.629
2015-05-06,Tungabhadra,5.789,71.6
2015-05-07,Tungabhadra,5.754,72.572
2015-05-08,Tungabhadra,5.719,73.543
2015-05-09,Tungabhadra,5.684,74.514
2015-05-10,Tungabhadra,5.65,68.864
2015-05-11,Tungabhadra,5.615,58.752
2015-05-12,Tungabhadra,5.58,48.64
2015-05-13,Tungabhadra,5.546,38.528
2015-05-14,Tungabhadra,5.511,39.976
2015-05-15,Tungabhadra,5.476,41.424
2015-05-16,Tungabhadra,5.441,42.872
2015-05-17,Tungabhadra,5.407,44.32
2015-05-18,Tungabhadra,5.372,45.768
2015-05-19,Tungabhadra,5.337,47.216
2015-05-20,Tungabhadra,5.303,48.664
2015-05-21,Tungabhadra,5.268,50.112
2015-05-22,Tungabhadra,5.233,51.559
2015-05-23,Tungabhadra,5.198,53.007
2015-05-24,Tungabhadra,5.164,54.455
2015-05-25,Tungabhadra,5.129,55.903
2015-05-26,Tungabhadra,5.094,57.351
2015-05-27,Tungabhadra,5.06,58.799
2015-05-28,Tungabhadra,5.025,60.247
2015-05-29,Tungabhadra,4.99,61.695
2015-05-30,Tungabhadra,4.955,63.143
2015-05-31,Tungabhadra,4.921,64.591
2015-06-01,Tungabhadra,4.886,66.038
2015-06-02,Tungabhadra,4.851,67.01
2015-06-03,Tungabhadra,4.817,67.981
2015-06-04,Tungabhadra,4.782,68.952
2015-06-05,Tungabhadra,4.747,69.923
2015-06-06,Tungabhadra,4.712,70.894
2015-06-07,Tungabhadra,4.678,71.865
2015-06-08,Tungabhadra,4.643,72.837
2015-06-09,Tungabhadra,4.608,73.808
2015-06-10,Tungabhadra,4.574,69.923
2015-06-11,Tungabhadra,4.539,59.242
2015-06-12,Tungabhadra,4.504,48.561
2015-06-13,Tungabhadra,4.469,37.88
2015-06-14,Tungabhadra,4.435,39.385
2015-06-15,Tungabhadra,4.4,40.891
2015-06-16,Tungabhadra,4.365,42.396
2015-06-17,Tungabhadra,4.331,43.902
2015-06-18,Tungabhadra,4.296,45.407
2015-06-19,Tungabhadra,4.261,46.913
2015-06-20,Tungabhadra,4.227,48.418
2015-06-21,Tungabhadra,4.192,49.924
2015-06-22,Tungabhadra,4.157,51.429
2015-06-23,Tungabhadra,4.122,52.935
2015-06-24,Tungabhadra,4.088,54.44
2015-06-25,Tungabhadra,4.053,55.946
2015-06-26,Tungabhadra,4.018,57.451
2015-06-27,Tungabhadra,3.984,58.957
2015-06-28,Tungabhadra,3.949,60.462
2015-06-29,Tungabhadra,3.914,61.968
2015-06-30,Tungabhadra,3.879,63.473
2015-07-01,Tungabhadra,3.845,64.979
2015-07-02,Tungabhadra,3.81,66.083
2015-07-03,Tungabhadra,3.775,67.186
2015-07-04,Tungabhadra,3.741,68.29
2015-07-05,Tungabhadra,3.706,69.393
2015-07-06,Tungabhadra,3.671,70.497
2015-07-07,Tungabhadra,3.636,71.6
2015-07-08,Tungabhadra,3.602,72.704
2015-07-09,Tungabhadra,3.567,73.808
2015-07-10,Tungabhadra,3.532,70.982
2015-07-11,Tungabhadra,3.498,59.688
2015-07-12,Tungabhadra,3.463,48.393
2015-07-13,Tungabhadra,3.428,37.098
2015-07-14,Tungabhadra,3.393,38.528
2015-07-15,Tungabhadra,3.359,39.959
2015-07-16,Tungabhadra,3.324,41.389
2015-07-17,Tungabhadra,3.289,42.819
2015-07-18,Tungabhadra,3.255,44.249
2015-07-19,Tungabhadra,3.22,45.68
2015-07-20,Tungabhadra,3.185,47.11
2015-07-21,Tungabhadra,3.15,48.54
2015-07-22,Tungabhadra,3.116,49.97
2015-07-23,Tungabhadra,3.081,51.4
2015-07-24,Tungabhadra,3.046,52.831
2015-07-25,Tungabhadra,3.012,54.261
2015-07-26,Tungabhadra,2.977,55.691
2015-07-27,Tungabhadra,2.942,57.121
2015-07-28,Tungabhadra,2.908,58.552
2015-07-29,Tungabhadra,2.873,59.982
2015-07-30,Tungabhadra,2.838,61.412
2015-07-31,Tungabhadra,2.803,62.842
2015-08-01,Tungabhadra,2.769,64.273
2015-08-02,Tungabhadra,2.734,65.465
2015-08-03,Tungabhadra,2.699,66.656
2015-08-04,Tungabhadra,2.665,67.848
2015-08-05,Tungabhadra,2.63,69.04
2015-08-06,Tungabhadra,2.595,70.232
2015-08-07,Tungabhadra,2.56,71.424
2015-08-08,Tungabhadra,2.526,72.616
2015-08-09,Tungabhadra,2.491,73.808
2015-08-10,Tungabhadra,2.456,72.042
2015-08-11,Tungabhadra,2.422,60.27
2015-08-12,Tungabhadra,2.387,48.499
2015-08-13,Tungabhadra,2.352,36.727
2015-08-14,Tungabhadra,2.317,38.14
2015-08-15,Tungabhadra,2.283,39.552
2015-08-16,Tungabhadra,2.248,40.965
2015-08-17,Tungabhadra,2.213,42.378
2015-08-18,Tungabhadra,2.179,43.79
2015-08-19,Tungabhadra,2.144,45.203
2015-08-20,Tungabhadra,2.109,46.615
2015-08-21,Tungabhadra,2.074,48.028
2015-08-22,Tungabhadra,2.04,49.441
2015-08-23,Tungabhadra,2.005,50.853
2015-08-24,Tungabhadra,1.97,52.266
2015-08-25,Tungabhadra,1.936,53.678
2015-08-26,Tungabhadra,1.901,55.091
2015-08-27,Tungabhadra,1.866,56.503
2015-08-28,Tungabhadra,1.831,57.916
2015-08-29,Tungabhadra,1.797,59.329
2015-08-30,Tungabhadra,1.762,60.741
2015-08-31,Tungabhadra,1.727,62.154
2015-09-01,Tungabhadra,1.693,63.566
2015-09-02,Tungabhadra,1.658,64.802
2015-09-03,Tungabhadra,1.623,66.038
2015-09-04,Tungabhadra,1.588,67.274
2015-09-05,Tungabhadra,1.554,68.51
2015-09-06,Tungabhadra,1.519,69.746
2015-09-07,Tungabhadra,1.484,70.982
2015-09-08,Tungabhadra,1.45,72.218
2015-09-09,Tungabhadra,1.415,73.455
2015-09-10,Tungabhadra,1.38,73.101
2015-09-11,Tungabhadra,1.346,60.76
2015-09-12,Tungabhadra,1.311,48.418
2015-09-13,Tungabhadra,1.276,36.077
2015-09-14,Tungabhadra,1.241,37.545
2015-09-15,Tungabhadra,1.207,39.013
2015-09-16,Tungabhadra,1.172,40.482
2015-09-17,Tungabhadra,1.137,41.95
2015-09-18,Tungabhadra,1.103,43.418
2015-09-19,Tungabhadra,1.068,44.887
2015-09-20,Tungabhadra,1.033,46.355
2015-09-21,Tungabhadra,0.998,47.823
2015-09-22,Tungabhadra,0.964,49.292
2015-09-23,Tungabhadra,0.929,50.76
2015-09-24,Tungabhadra,0.894,52.229
2015-09-25,Tungabhadra,0.86,53.697
2015-09-26,Tungabhadra,0.825,55.165
2015-09-27,Tungabhadra,0.79,56.634
2015-09-28,Tungabhadra,0.755,58.102
2015-09-29,Tungabhadra,0.721,59.57
2015-09-30,Tungabhadra,0.686,61.039
2015-10-01,Tungabhadra,0.651,62.507
2015-10-02,Tungabhadra,10.251,51.442
2015-10-03,Tungabhadra,27.184,40.376
2015-10-04,Tungabhadra,48.309,29.311
2015-10-05,Tungabhadra,484.558,20.129
2015-10-06,Tungabhadra,527.458,30.794
2015-10-07,Tungabhadra,456.434,41.459
2015-10-08,Tungabhadra,385.409,52.124
2015-10-09,Tungabhadra,314.385,62.789
2015-10-10,Tungabhadra,243.361,73.455
2015-10-11,Tungabhadra,172.336,60.729
2015-10-12,Tungabhadra,121.394,48.004
2015-10-13,Tungabhadra,111.144,35.279
2015-10-14,Tungabhadra,97.247,36.657
2015-10-15,Tungabhadra,83.351,38.034
2015-10-16,Tungabhadra,69.454,39.411
2015-10-17,Tungabhadra,55.558,40.788
2015-10-18,Tungabhadra,33.697,42.166
2015-10-19,Tungabhadra,14.498,43.543
2015-10-20,Tungabhadra,1.529,44.92
2015-10-21,Tungabhadra,9.231,46.298
2015-10-22,Tungabhadra,8.014,47.675
2015-10-23,Tungabhadra,18.066,49.052
2015-10-24,Tungabhadra,41.144,50.429
2015-10-25,Tungabhadra,49.016,51.807
2015-10-26,Tungabhadra,52.542,53.184
2015-10-27,Tungabhadra,56.067,54.561
2015-10-28,Tungabhadra,52.528,55.938
2015-10-29,Tungabhadra,56.535,57.316
2015-10-30,Tungabhadra,60.541,58.693
2015-10-31,Tungabhadra,59.522,60.07
2015-11-01,Tungabhadra,67.479,61.448
2015-11-02,Tungabhadra,68.583,49.441
2015-11-03,Tungabhadra,69.206,37.434
2015-11-04,Tungabhadra,69.376,25.427
2015-11-05,Tungabhadra,68.555,20.129
2015-11-06,Tungabhadra,136.714,30.794
2015-11-07,Tungabhadra,119.293,41.459
2015-11-08,Tungabhadra,101.873,52.124
2015-11-09,Tungabhadra,84.452,62.789
2015-11-10,Tungabhadra,67.032,73.455
2015-11-11,Tungabhadra,49.611,60.518
2015-11-12,Tungabhadra,33.131,47.582
2015-11-13,Tungabhadra,32.961,34.646
2015-11-14,Tungabhadra,32.281,36.095
2015-11-15,Tungabhadra,31.602,37.545
2015-11-16,Tungabhadra,30.922,38.995
2015-11-17,Tungabhadra,30.242,40.445
2015-11-18,Tungabhadra,21.662,41.894
2015-11-19,Tungabhadra,21.662,43.344
2015-11-20,Tungabhadra,5.635,44.794
2015-11-21,Tungabhadra,15.744,46.244
2015-11-22,Tungabhadra,27.241,47.693
2015-11-23,Tungabhadra,38.794,49.143
2015-11-24,Tungabhadra,36.132,50.593
2015-11-25,Tungabhadra,27.184,52.043
2015-11-26,Tungabhadra,30.058,53.492
2015-11-27,Tungabhadra,32.932,54.942
2015-11-28,Tungabhadra,34.093,56.392
2015-11-29,Tungabhadra,37.718,57.842
2015-11-30,Tungabhadra,41.343,59.291
2015-12-01,Tungabhadra,42.872,60.741
2015-12-02,Tungabhadra,38.936,49.558
2015-12-03,Tungabhadra,0.51,38.375
2015-12-04,Tungabhadra,26.873,27.192
2015-12-05,Tungabhadra,42.305,21.895
2015-12-06,Tungabhadra,43.636,35.05
2015-12-07,Tungabhadra,46.638,48.205
2015-12-08,Tungabhadra,49.639,61.359
2015-12-09,Tungabhadra,52.641,74.514
2015-12-10,Tungabhadra,55.643,73.101
2015-12-11,Tungabhadra,58.644,62.701
2015-12-12,Tungabhadra,55.105,52.301
2015-12-13,Tungabhadra,54.425,41.901
2015-12-14,Tungabhadra,54.198,31.501
2015-12-15,Tungabhadra,53.972,31.006
2015-12-16,Tungabhadra,53.745,30.512
2015-12-17,Tungabhadra,53.519,30.017
2015-12-18,Tungabhadra,46.468,29.523
2015-12-19,Tungabhadra,43.41,29.029
2015-12-20,Tungabhadra,41.881,28.534
2015-12-21,Tungabhadra,41.852,28.04
2015-12-22,Tungabhadra,42.589,27.545
2015-12-23,Tungabhadra,52.245,27.051
2015-12-24,Tungabhadra,60.032,26.557
2015-12-25,Tungabhadra,63.656,26.062
2015-12-26,Tungabhadra,71.061,25.568
2015-12-27,Tungabhadra,78.466,25.073
2015-12-28,Tungabhadra,79.202,24.579
2015-12-29,Tungabhadra,62.155,24.085
2015-12-30,Tungabhadra,45.109,23.59
2015-12-31,Tungabhadra,50.942,23.096
2016-01-01,Tungabhadra,59.777,22.601
2016-01-02,Tungabhadra,66.63,10.241
2016-01-03,Tungabhadra,56.152,8.122
2016-01-04,Tungabhadra,54.198,5.65
2016-01-05,Tungabhadra,49.979,8.829
2016-01-06,Tungabhadra,45.817,12.007
2016-01-07,Tungabhadra,45.975,17.657
2016-01-08,Tungabhadra,46.134,26.839
2016-01-09,Tungabhadra,46.292,36.021
2016-01-10,Tungabhadra,46.451,45.203
2016-01-11,Tungabhadra,46.61,33.637
2016-01-12,Tungabhadra,38.369,22.072
2016-01-13,Tungabhadra,38.369,10.506
2016-01-14,Tungabhadra,33.931,11.124
2016-01-15,Tungabhadra,29.492,11.742
2016-01-16,Tungabhadra,25.053,12.36
2016-01-17,Tungabhadra,20.615,12.978
2016-01-18,Tungabhadra,18.038,13.596
2016-01-19,Tungabhadra,16.197,14.214
2016-01-20,Tungabhadra,15.065,14.832
2016-01-21,Tungabhadra,17.613,15.45
2016-01-22,Tungabhadra,19.992,16.068
2016-01-23,Tungabhadra,19.793,16.686
2016-01-24,Tungabhadra,20.785,17.304
2016-01-25,Tungabhadra,20.275,17.922
2016-01-26,Tungabhadra,20.275,18.54
2016-01-27,Tungabhadra,20.275,19.158
2016-01-28,Tungabhadra,20.133,19.776
2016-01-29,Tungabhadra,19.709,20.394
2016-01-30,Tungabhadra,19.284,21.012
2016-01-31,Tungabhadra,16.962,21.63
2016-02-01,Tungabhadra,12.658,22.248
2016-02-02,Tungabhadra,6.994,10.241
2016-02-03,Tungabhadra,9.543,8.122
2016-02-04,Tungabhadra,7.023,5.65
2016-02-05,Tungabhadra,7.051,8.829
2016-02-06,Tungabhadra,7.391,12.007
2016-02-07,Tungabhadra,7.685,18.717
2016-02-08,Tungabhadra,7.98,27.781
2016-02-09,Tungabhadra,8.274,36.845
2016-02-10,Tungabhadra,8.569,45.909
2016-02-11,Tungabhadra,8.863,34.118
2016-02-12,Tungabhadra,8.948,22.327
2016-02-13,Tungabhadra,9.345,10.536
2016-02-14,Tungabhadra,9.203,11.183
2016-02-15,Tungabhadra,9.061,11.83
2016-02-16,Tungabhadra,8.92,12.478
2016-02-17,Tungabhadra,8.778,13.125
2016-02-18,Tungabhadra,10.817,13.773
2016-02-19,Tungabhadra,10.222,14.42
2016-02-20,Tungabhadra,9.939,15.068
2016-02-21,Tungabhadra,9.939,15.715
2016-02-22,Tungabhadra,9.968,16.362
2016-02-23,Tungabhadra,9.684,17.01
2016-02-24,Tungabhadra,9.713,17.657
2016-02-25,Tungabhadra,10.024,18.305
2016-02-26,Tungabhadra,11.171,18.952
2016-02-27,Tungabhadra,12.318,19.6
2016-02-28,Tungabhadra,13.705,20.247
2016-02-29,Tungabhadra,13.535,20.895
2016-03-01,Tungabhadra,13.366,21.542
2016-03-02,Tungabhadra,13.394,9.888
2016-03-03,Tungabhadra,14.668,8.122
2016-03-04,Tungabhadra,16.395,5.65
2016-03-05,Tungabhadra,16.424,8.829
2016-03-06,Tungabhadra,14.951,12.007
2016-03-07,Tungabhadra,14.208,19.423
2016-03-08,Tungabhadra,13.465,28.487
2016-03-09,Tungabhadra,12.721,37.551
2016-03-10,Tungabhadra,11.978,46.615
2016-03-11,Tungabhadra,12.006,34.555
2016-03-12,Tungabhadra,0.0,22.495
2016-03-13,Tungabhadra,11.525,10.435
2016-03-14,Tungabhadra,10.251,10.983
2016-03-15,Tungabhadra,8.976,11.53
2016-03-16,Tungabhadra,7.702,12.078
2016-03-17,Tungabhadra,6.428,12.625
2016-03-18,Tungabhadra,8.58,13.172
2016-03-19,Tungabhadra,8.099,13.72
2016-03-20,Tungabhadra,10.024,14.267
2016-03-21,Tungabhadra,9.798,14.815
2016-03-22,Tungabhadra,10.081,15.362
2016-03-23,Tungabhadra,10.109,15.909
2016-03-24,Tungabhadra,10.364,16.457
2016-03-25,Tungabhadra,9.769,17.004
2016-03-26,Tungabhadra,10.732,17.551
2016-03-27,Tungabhadra,11.695,18.099
2016-03-28,Tungabhadra,12.516,18.646
2016-03-29,Tungabhadra,14.215,19.194
2016-03-30,Tungabhadra,15.914,19.741
2016-03-31,Tungabhadra,15.659,20.288
2016-04-01,Tungabhadra,17.217,20.836
2016-04-02,Tungabhadra,18.944,9.888
2016-04-03,Tungabhadra,19.171,8.122
2016-04-04,Tungabhadra,17.585,5.297
2016-04-05,Tungabhadra,18.293,8.829
2016-04-06,Tungabhadra,18.236,12.36
2016-04-07,Tungabhadra,17.691,20.836
2016-04-08,Tungabhadra,17.146,29.429
2016-04-09,Tungabhadra,16.601,38.022
2016-04-10,Tungabhadra,16.056,46.615
2016-04-11,Tungabhadra,16.112,34.559
2016-04-12,Tungabhadra,12.205,22.502
2016-04-13,Tungabhadra,10.449,10.446
2016-04-14,Tungabhadra,11.171,11.003
2016-04-15,Tungabhadra,11.893,11.561
2016-04-16,Tungabhadra,12.615,12.119
2016-04-17,Tungabhadra,13.337,12.676
2016-04-18,Tungabhadra,13.932,13.234
2016-04-19,Tungabhadra,14.357,13.791
2016-04-20,Tungabhadra,10.477,14.349
2016-04-21,Tungabhadra,9.968,14.907
2016-04-22,Tungabhadra,9.911,15.464
2016-04-23,Tungabhadra,9.798,16.022
2016-04-24,Tungabhadra,10.93,16.579
2016-04-25,Tungabhadra,5.352,17.137
2016-04-26,Tungabhadra,5.097,17.695
2016-04-27,Tungabhadra,4.842,18.252
2016-04-28,Tungabhadra,5.267,18.81
2016-04-29,Tungabhadra,7.518,19.367
2016-04-30,Tungabhadra,9.769,19.925
2016-05-01,Tungabhadra,5.182,20.483
2016-05-02,Tungabhadra,4.587,9.888
2016-05-03,Tungabhadra,6.06,7.769
2016-05-04,Tungabhadra,7.023,5.297
2016-05-05,Tungabhadra,6.768,9.182
2016-05-06,Tungabhadra,7.277,13.066
2016-05-07,Tungabhadra,7.122,21.542
2016-05-08,Tungabhadra,6.966,34.785
2016-05-09,Tungabhadra,7.065,48.028
2016-05-10,Tungabhadra,7.164,46.262
2016-05-11,Tungabhadra,7.164,34.19
2016-05-12,Tungabhadra,6.909,22.119
2016-05-13,Tungabhadra,5.918,10.047
2016-05-14,Tungabhadra,5.862,10.559
2016-05-15,Tungabhadra,5.805,11.071
2016-05-16,Tungabhadra,5.748,11.583
2016-05-17,Tungabhadra,5.692,12.095
2016-05-18,Tungabhadra,5.805,12.607
2016-05-19,Tungabhadra,6.909,13.119
2016-05-20,Tungabhadra,6.201,13.631
2016-05-21,Tungabhadra,7.136,14.144
2016-05-22,Tungabhadra,6.541,14.656
2016-05-23,Tungabhadra,6.4,15.168
2016-05-24,Tungabhadra,6.315,15.68
2016-05-25,Tungabhadra,6.447,16.192
2016-05-26,Tungabhadra,6.579,16.704
2016-05-27,Tungabhadra,6.711,17.216
2016-05-28,Tungabhadra,5.89,17.728
2016-05-29,Tungabhadra,15.829,18.24
2016-05-30,Tungabhadra,25.768,18.752
2016-05-31,Tungabhadra,22.852,19.264
2016-06-01,Tungabhadra,20.133,19.776
2016-06-02,Tungabhadra,8.807,9.888
2016-06-03,Tungabhadra,7.023,7.769
2016-06-04,Tungabhadra,19.822,5.297
2016-06-05,Tungabhadra,28.572,9.712
2016-06-06,Tungabhadra,30.157,14.126
2016-06-07,Tungabhadra,28.444,22.601
2016-06-08,Tungabhadra,26.731,34.962
2016-06-09,Tungabhadra,53.915,47.322
2016-06-10,Tungabhadra,73.171,45.556
2016-06-11,Tungabhadra,103.158,33.722
2016-06-12,Tungabhadra,108.708,21.889
2016-06-13,Tungabhadra,59.182,10.055
2016-06-14,Tungabhadra,83.761,10.576
2016-06-15,Tungabhadra,68.678,11.096
2016-06-16,Tungabhadra,53.594,11.617
2016-06-17,Tungabhadra,38.511,12.137
2016-06-18,Tungabhadra,31.233,12.658
2016-06-19,Tungabhadra,25.259,13.178
2016-06-20,Tungabhadra,13.422,13.698
2016-06-21,Tungabhadra,13.337,14.219
2016-06-22,Tungabhadra,13.507,14.739
2016-06-23,Tungabhadra,11.751,15.26
2016-06-24,Tungabhadra,10.874,15.78
2016-06-25,Tungabhadra,12.384,16.301
2016-06-26,Tungabhadra,13.894,16.821
2016-06-27,Tungabhadra,15.404,17.341
2016-06-28,Tungabhadra,15.744,17.862
2016-06-29,Tungabhadra,20.601,18.382
2016-06-30,Tungabhadra,25.457,18.903
2016-07-01,Tungabhadra,19.029,19.423
2016-07-02,Tungabhadra,493.959,9.888
2016-07-03,Tungabhadra,664.511,7.769
2016-07-04,Tungabhadra,895.294,4.944
2016-07-05,Tungabhadra,893.34,9.712
2016-07-06,Tungabhadra,891.839,14.479
2016-07-07,Tungabhadra,1073.789,22.248
2016-07-08,Tungabhadra,1255.739,34.432
2016-07-09,Tungabhadra,882.778,46.615
2016-07-10,Tungabhadra,509.817,45.203
2016-07-11,Tungabhadra,429.255,33.467
2016-07-12,Tungabhadra,427.811,21.73
2016-07-13,Tungabhadra,332.893,9.994
2016-07-14,Tungabhadra,321.906,10.453
2016-07-15,Tungabhadra,310.919,10.912
2016-07-16,Tungabhadra,299.932,11.371
2016-07-17,Tungabhadra,288.945,11.83
2016-07-18,Tungabhadra,214.132,12.29
2016-07-19,Tungabhadra,246.498,12.749
2016-07-20,Tungabhadra,253.776,13.208
2016-07-21,Tungabhadra,254.625,13.667
2016-07-22,Tungabhadra,141.075,14.126
2016-07-23,Tungabhadra,128.927,14.585
2016-07-24,Tungabhadra,120.941,15.044
2016-07-25,Tungabhadra,154.044,15.503
2016-07-26,Tungabhadra,186.24,15.962
2016-07-27,Tungabhadra,218.436,16.421
2016-07-28,Tungabhadra,220.645,16.88
2016-07-29,Tungabhadra,214.854,17.34
2016-07-30,Tungabhadra,209.063,17.799
2016-07-31,Tungabhadra,219.937,18.258
2016-08-01,Tungabhadra,187.996,18.717
2016-08-02,Tungabhadra,165.031,9.888
2016-08-03,Tungabhadra,157.47,7.769
2016-08-04,Tungabhadra,140.961,4.591
2016-08-05,Tungabhadra,132.07,9.888
2016-08-06,Tungabhadra,127.851,15.185
2016-08-07,Tungabhadra,339.873,22.955
2016-08-08,Tungabhadra,551.895,34.608
2016-08-09,Tungabhadra,864.995,46.262
2016-08-10,Tungabhadra,1178.094,44.496
2016-08-11,Tungabhadra,624.443,32.984
2016-08-12,Tungabhadra,458.11,21.471
2016-08-13,Tungabhadra,442.253,9.959
2016-08-14,Tungabhadra,429.97,10.383
2016-08-15,Tungabhadra,417.688,10.806
2016-08-16,Tungabhadra,405.405,11.23
2016-08-17,Tungabhadra,393.123,11.654
2016-08-18,Tungabhadra,344.05,12.078
2016-08-19,Tungabhadra,281.526,12.501
2016-08-20,Tungabhadra,272.266,12.925
2016-08-21,Tungabhadra,271.219,13.349
2016-08-22,Tungabhadra,271.502,13.773
2016-08-23,Tungabhadra,265.102,14.196
2016-08-24,Tungabhadra,248.792,14.62
2016-08-25,Tungabhadra,253.351,15.044
2016-08-26,Tungabhadra,232.057,15.468
2016-08-27,Tungabhadra,210.762,15.892
2016-08-28,Tungabhadra,194.678,16.315
2016-08-29,Tungabhadra,197.963,16.739
2016-08-30,Tungabhadra,201.248,17.163
2016-08-31,Tungabhadra,114.712,17.587
2016-09-01,Tungabhadra,107.604,18.01
2016-09-02,Tungabhadra,105.367,9.535
2016-09-03,Tungabhadra,99.59,7.769
2016-09-04,Tungabhadra,62.042,4.591
2016-09-05,Tungabhadra,54.935,10.594
2016-09-06,Tungabhadra,57.172,16.598
2016-09-07,Tungabhadra,56.082,25.78
2016-09-08,Tungabhadra,54.991,35.668
2016-09-09,Tungabhadra,45.519,45.556
2016-09-10,Tungabhadra,36.047,43.437
2016-09-11,Tungabhadra,7.929,32.279
2016-09-12,Tungabhadra,0.878,21.121
2016-09-13,Tungabhadra,5.607,9.962
2016-09-14,Tungabhadra,7.695,10.39
2016-09-15,Tungabhadra,9.783,10.817
2016-09-16,Tungabhadra,11.872,11.245
2016-09-17,Tungabhadra,13.96,11.672
2016-09-18,Tungabhadra,9.883,12.1
2016-09-19,Tungabhadra,25.344,12.527
2016-09-20,Tungabhadra,46.015,12.955
2016-09-21,Tungabhadra,63.005,13.382
2016-09-22,Tungabhadra,74.785,13.81
2016-09-23,Tungabhadra,91.492,14.237
2016-09-24,Tungabhadra,106.075,14.665
2016-09-25,Tungabhadra,120.998,15.092
2016-09-26,Tungabhadra,151.41,15.52
2016-09-27,Tungabhadra,181.822,15.947
2016-09-28,Tungabhadra,192.356,16.375
2016-09-29,Tungabhadra,216.482,16.802
2016-09-30,Tungabhadra,240.608,17.23
2016-10-01,Tungabhadra,264.876,17.657
2016-10-02,Tungabhadra,320.547,9.535
2016-10-03,Tungabhadra,322.614,7.416
2016-10-04,Tungabhadra,200.285,4.238
2016-10-05,Tungabhadra,114.287,11.477
2016-10-06,Tungabhadra,51.65,18.717
2016-10-07,Tungabhadra,58.791,27.545
2016-10-08,Tungabhadra,65.933,36.198
2016-10-09,Tungabhadra,73.074,44.85
2016-10-10,Tungabhadra,80.216,42.731
2016-10-11,Tungabhadra,87.357,31.789
2016-10-12,Tungabhadra,108.029,20.847
2016-10-13,Tungabhadra,114.796,9.906
2016-10-14,Tungabhadra,106.358,10.277
2016-10-15,Tungabhadra,97.92,10.647
2016-10-16,Tungabhadra,76.824,11.018
2016-10-17,Tungabhadra,73.284,11.389
2016-10-18,Tungabhadra,71.075,11.76
2016-10-19,Tungabhadra,67.536,12.131
2016-10-20,Tungabhadra,60.003,12.501
2016-10-21,Tungabhadra,49.526,12.872
2016-10-22,Tungabhadra,36.274,13.243
2016-10-23,Tungabhadra,24.268,13.614
2016-10-24,Tungabhadra,23.078,13.985
2016-10-25,Tungabhadra,16.594,14.355
2016-10-26,Tungabhadra,15.121,14.726
2016-10-27,Tungabhadra,34.433,15.097
2016-10-28,Tungabhadra,34.037,15.468
2016-10-29,Tungabhadra,42.773,15.839
2016-10-30,Tungabhadra,51.508,16.209
2016-10-31,Tungabhadra,52.16,16.58
2016-11-01,Tungabhadra,51.537,16.951
2016-11-02,Tungabhadra,52.783,9.535
2016-11-03,Tungabhadra,54.283,7.416
2016-11-04,Tungabhadra,55.926,4.238
2016-11-05,Tungabhadra,54.595,13.066
2016-11-06,Tungabhadra,29.053,21.895
2016-11-07,Tungabhadra,22.3,28.605
2016-11-08,Tungabhadra,15.546,36.374
2016-11-09,Tungabhadra,13.436,44.143
2016-11-10,Tungabhadra,11.327,41.671
2016-11-11,Tungabhadra,9.911,31.083
2016-11-12,Tungabhadra,8.099,20.495
2016-11-13,Tungabhadra,5.805,9.907
2016-11-14,Tungabhadra,7.013,10.278
2016-11-15,Tungabhadra,8.221,10.65
2016-11-16,Tungabhadra,9.43,11.022
2016-11-17,Tungabhadra,10.506,11.394
2016-11-18,Tungabhadra,5.635,11.765
2016-11-19,Tungabhadra,12.573,12.137
2016-11-20,Tungabhadra,4.87,12.509
2016-11-21,Tungabhadra,14.47,12.881
2016-11-22,Tungabhadra,24.069,13.252
2016-11-23,Tungabhadra,24.352,13.624
2016-11-24,Tungabhadra,20.756,13.996
2016-11-25,Tungabhadra,25.712,14.367
2016-11-26,Tungabhadra,34.193,14.739
2016-11-27,Tungabhadra,42.673,15.111
2016-11-28,Tungabhadra,54.623,15.483
2016-11-29,Tungabhadra,51.069,15.854
2016-11-30,Tungabhadra,47.516,16.226
2016-12-01,Tungabhadra,11.213,16.598
2016-12-02,Tungabhadra,0.68,9.535
2016-12-03,Tungabhadra,2.435,7.416
2016-12-04,Tungabhadra,2.945,4.238
2016-12-05,Tungabhadra,3.087,14.656
2016-12-06,Tungabhadra,3.087,25.073
2016-12-07,Tungabhadra,2.775,30.017
2016-12-08,Tungabhadra,3.087,36.727
2016-12-09,Tungabhadra,0.623,43.437
2016-12-10,Tungabhadra,1.288,40.612
2016-12-11,Tungabhadra,1.954,30.123
2016-12-12,Tungabhadra,2.01,19.635
2016-12-13,Tungabhadra,4.672,9.146
2016-12-14,Tungabhadra,3.384,9.111
2016-12-15,Tungabhadra,2.095,9.076
2016-12-16,Tungabhadra,0.34,9.041
2016-12-17,Tungabhadra,0.878,9.005
2016-12-18,Tungabhadra,1.189,8.97
2016-12-19,Tungabhadra,1.501,8.935
2016-12-20,Tungabhadra,1.218,8.899
2016-12-21,Tungabhadra,2.152,8.864
2016-12-22,Tungabhadra,1.671,8.829
2016-12-23,Tungabhadra,1.897,8.793
2016-12-24,Tungabhadra,1.926,8.758
2016-12-25,Tungabhadra,2.209,8.723
2016-12-26,Tungabhadra,2.492,8.687
2016-12-27,Tungabhadra,2.492,8.652
2016-12-28,Tungabhadra,1.954,8.617
2016-12-29,Tungabhadra,2.237,8.581
2016-12-30,Tungabhadra,2.52,8.546
2016-12-31,Tungabhadra,2.549,8.511
2017-01-01,Tungabhadra,2.237,8.476
2017-01-02,Tungabhadra,2.251,5.297
2017-01-03,Tungabhadra,2.265,4.591
2017-01-04,Tungabhadra,2.265,3.885
2017-01-05,Tungabhadra,2.549,1.413
2017-01-06,Tungabhadra,4.389,1.059
2017-01-07,Tungabhadra,4.389,3.885
2017-01-08,Tungabhadra,4.389,13.643
2017-01-09,Tungabhadra,5.144,23.402
2017-01-10,Tungabhadra,5.899,33.16
2017-01-11,Tungabhadra,6.654,42.919
2017-01-12,Tungabhadra,14.781,52.678
2017-01-13,Tungabhadra,19.992,62.436
2017-01-14,Tungabhadra,16.112,52.336
2017-01-15,Tungabhadra,12.233,49.9
2017-01-16,Tungabhadra,11.978,47.463
2017-01-17,Tungabhadra,8.014,45.026
2017-01-18,Tungabhadra,0.0,42.589
2017-01-19,Tungabhadra,2.492,40.153
2017-01-20,Tungabhadra,2.973,37.716
2017-01-21,Tungabhadra,3.002,35.279
2017-01-22,Tungabhadra,3.483,32.843
2017-01-23,Tungabhadra,3.54,30.406
2017-01-24,Tungabhadra,3.285,27.969
2017-01-25,Tungabhadra,3.936,25.533
2017-01-26,Tungabhadra,3.171,23.096
2017-01-27,Tungabhadra,4.134,20.659
2017-01-28,Tungabhadra,3.794,18.222
2017-01-29,Tungabhadra,3.794,15.786
2017-01-30,Tungabhadra,4.587,13.349
2017-01-31,Tungabhadra,1.954,10.912
2017-02-01,Tungabhadra,1.982,8.476
2017-02-02,Tungabhadra,1.869,5.297
2017-02-03,Tungabhadra,1.784,4.591
2017-02-04,Tungabhadra,2.407,3.885
2017-02-05,Tungabhadra,1.388,1.413
2017-02-06,Tungabhadra,1.586,1.059
2017-02-07,Tungabhadra,2.209,4.944
2017-02-08,Tungabhadra,2.039,14.322
2017-02-09,Tungabhadra,3.256,23.7
2017-02-10,Tungabhadra,5.04,33.078
2017-02-11,Tungabhadra,6.654,42.456
2017-02-12,Tungabhadra,6.853,51.834
2017-02-13,Tungabhadra,6.4,61.212
2017-02-14,Tungabhadra,6.428,50.853
2017-02-15,Tungabhadra,6.626,48.028
2017-02-16,Tungabhadra,6.428,45.203
2017-02-17,Tungabhadra,6.654,42.378
2017-02-18,Tungabhadra,6.456,39.552
2017-02-19,Tungabhadra,6.456,36.727
2017-02-20,Tungabhadra,6.485,33.902
2017-02-21,Tungabhadra,6.485,31.077
2017-02-22,Tungabhadra,6.286,28.252
2017-02-23,Tungabhadra,6.315,25.427
2017-02-24,Tungabhadra,6.513,22.601
2017-02-25,Tungabhadra,5.947,19.776
2017-02-26,Tungabhadra,4.276,16.951
2017-02-27,Tungabhadra,3.766,14.126
2017-02-28,Tungabhadra,3.568,11.301
2017-03-01,Tungabhadra,3.398,8.476
2017-03-02,Tungabhadra,3.398,5.297
2017-03-03,Tungabhadra,3.2,4.591
2017-03-04,Tungabhadra,3.228,3.885
2017-03-05,Tungabhadra,3.228,1.413
2017-03-06,Tungabhadra,3.426,1.059
2017-03-07,Tungabhadra,3.426,5.65
2017-03-08,Tungabhadra,3.256,18.754
2017-03-09,Tungabhadra,5.069,31.859
2017-03-10,Tungabhadra,6.329,44.963
2017-03-11,Tungabhadra,7.589,58.067
2017-03-12,Tungabhadra,4.955,71.171
2017-03-13,Tungabhadra,4.078,61.118
2017-03-14,Tungabhadra,3.44,51.065
2017-03-15,Tungabhadra,2.803,48.699
2017-03-16,Tungabhadra,2.832,46.333
2017-03-17,Tungabhadra,2.605,43.967
2017-03-18,Tungabhadra,2.237,41.601
2017-03-19,Tungabhadra,2.067,39.235
2017-03-20,Tungabhadra,1.897,36.869
2017-03-21,Tungabhadra,1.897,34.502
2017-03-22,Tungabhadra,1.897,32.136
2017-03-23,Tungabhadra,1.756,29.77
2017-03-24,Tungabhadra,1.926,27.404
2017-03-25,Tungabhadra,1.756,25.038
2017-03-26,Tungabhadra,1.756,22.672
2017-03-27,Tungabhadra,1.586,20.306
2017-03-28,Tungabhadra,1.756,17.94
2017-03-29,Tungabhadra,1.926,15.574
2017-03-30,Tungabhadra,1.954,13.208
2017-03-31,Tungabhadra,1.954,10.842
2017-04-01,Tungabhadra,1.614,8.476
2017-04-02,Tungabhadra,1.784,5.297
2017-04-03,Tungabhadra,1.784,4.591
2017-04-04,Tungabhadra,1.869,3.885
2017-04-05,Tungabhadra,1.727,1.413
2017-04-06,Tungabhadra,1.557,1.059
2017-04-07,Tungabhadra,1.586,6.71
2017-04-08,Tungabhadra,2.265,19.402
2017-04-09,Tungabhadra,2.775,32.094
2017-04-10,Tungabhadra,3.511,44.786
2017-04-11,Tungabhadra,4.248,57.479
2017-04-12,Tungabhadra,4.644,70.171
2017-04-13,Tungabhadra,6.201,60.177
2017-04-14,Tungabhadra,6.485,50.184
2017-04-15,Tungabhadra,7.476,47.731
2017-04-16,Tungabhadra,7.759,45.277
2017-04-17,Tungabhadra,7.815,42.824
2017-04-18,Tungabhadra,9.373,40.37
2017-04-19,Tungabhadra,8.127,37.917
2017-04-20,Tungabhadra,6.938,35.463
2017-04-21,Tungabhadra,4.304,33.01
2017-04-22,Tungabhadra,3.993,30.556
2017-04-23,Tungabhadra,2.633,28.103
2017-04-24,Tungabhadra,1.727,25.65
2017-04-25,Tungabhadra,1.642,23.196
2017-04-26,Tungabhadra,1.642,20.743
2017-04-27,Tungabhadra,1.557,18.289
2017-04-28,Tungabhadra,1.756,15.836
2017-04-29,Tungabhadra,1.869,13.382
2017-04-30,Tungabhadra,2.095,10.929
2017-05-01,Tungabhadra,2.549,8.476
2017-05-02,Tungabhadra,2.407,5.297
2017-05-03,Tungabhadra,2.435,4.238
2017-05-04,Tungabhadra,1.671,3.885
2017-05-05,Tungabhadra,1.557,1.413
2017-05-06,Tungabhadra,2.464,1.059
2017-05-07,Tungabhadra,2.973,7.769
2017-05-08,Tungabhadra,1.926,20.127
2017-05-09,Tungabhadra,1.897,32.485
2017-05-10,Tungabhadra,2.917,44.843
2017-05-11,Tungabhadra,2.888,57.2
2017-05-12,Tungabhadra,2.265,69.558
2017-05-13,Tungabhadra,1.727,59.658
2017-05-14,Tungabhadra,3.087,49.758
2017-05-15,Tungabhadra,4.446,47.445
2017-05-16,Tungabhadra,2.987,45.132
2017-05-17,Tungabhadra,1.529,42.819
2017-05-18,Tungabhadra,1.557,40.506
2017-05-19,Tungabhadra,2.435,38.193
2017-05-20,Tungabhadra,0.878,35.88
2017-05-21,Tungabhadra,2.265,33.567
2017-05-22,Tungabhadra,2.209,31.253
2017-05-23,Tungabhadra,1.926,28.94
2017-05-24,Tungabhadra,1.926,26.627
2017-05-25,Tungabhadra,2.01,24.314
2017-05-26,Tungabhadra,1.727,22.001
2017-05-27,Tungabhadra,1.444,19.688
2017-05-28,Tungabhadra,1.359,17.375
2017-05-29,Tungabhadra,1.444,15.062
2017-05-30,Tungabhadra,1.529,12.749
2017-05-31,Tungabhadra,1.529,10.435
2017-06-01,Tungabhadra,1.529,8.122
2017-06-02,Tungabhadra,1.529,5.297
2017-06-03,Tungabhadra,1.076,4.238
2017-06-04,Tungabhadra,0.595,3.885
2017-06-05,Tungabhadra,0.595,1.413
2017-06-06,Tungabhadra,0.821,1.059
2017-06-07,Tungabhadra,0.779,8.476
2017-06-08,Tungabhadra,0.736,20.492
2017-06-09,Tungabhadra,0.623,32.509
2017-06-10,Tungabhadra,0.227,44.526
2017-06-11,Tungabhadra,0.311,56.543
2017-06-12,Tungabhadra,1.529,68.56
2017-06-13,Tungabhadra,0.623,58.721
2017-06-14,Tungabhadra,11.921,48.883
2017-06-15,Tungabhadra,10.94,46.485
2017-06-16,Tungabhadra,9.958,44.088
2017-06-17,Tungabhadra,8.976,41.69
2017-06-18,Tungabhadra,7.617,39.292
2017-06-19,Tungabhadra,6.428,36.895
2017-06-20,Tungabhadra,5.154,34.497
2017-06-21,Tungabhadra,6.286,32.099
2017-06-22,Tungabhadra,6.315,29.701
2017-06-23,Tungabhadra,6.371,27.304
2017-06-24,Tungabhadra,12.516,24.906
2017-06-25,Tungabhadra,4.814,22.508
2017-06-26,Tungabhadra,21.337,20.111
2017-06-27,Tungabhadra,37.86,17.713
2017-06-28,Tungabhadra,67.153,15.315
2017-06-29,Tungabhadra,96.447,12.918
2017-06-30,Tungabhadra,404.223,10.52
2017-07-01,Tungabhadra,412.661,8.122
2017-07-02,Tungabhadra,318.791,5.297
2017-07-03,Tungabhadra,259.071,4.238
2017-07-04,Tungabhadra,262.101,3.531
2017-07-05,Tungabhadra,369.195,1.413
2017-07-06,Tungabhadra,325.814,1.059
2017-07-07,Tungabhadra,332.511,9.535
2017-07-08,Tungabhadra,339.208,21.219
2017-07-09,Tungabhadra,289.327,32.904
2017-07-10,Tungabhadra,239.447,44.588
2017-07-11,Tungabhadra,242.845,56.273
2017-07-12,Tungabhadra,232.51,67.957
2017-07-13,Tungabhadra,208.327,58.222
2017-07-14,Tungabhadra,171.119,48.487
2017-07-15,Tungabhadra,133.91,46.245
2017-07-16,Tungabhadra,96.702,44.002
2017-07-17,Tungabhadra,96.56,41.76
2017-07-18,Tungabhadra,120.347,39.517
2017-07-19,Tungabhadra,153.449,37.275
2017-07-20,Tungabhadra,437.892,35.032
2017-07-21,Tungabhadra,495.516,32.79
2017-07-22,Tungabhadra,1264.319,30.547
2017-07-23,Tungabhadra,1448.775,28.305
2017-07-24,Tungabhadra,972.684,26.062
2017-07-25,Tungabhadra,788.313,23.82
2017-07-26,Tungabhadra,528.194,21.577
2017-07-27,Tungabhadra,539.493,19.335
2017-07-28,Tungabhadra,471.759,17.092
2017-07-29,Tungabhadra,377.747,14.85
2017-07-30,Tungabhadra,370.158,12.607
2017-07-31,Tungabhadra,237.069,10.365
2017-08-01,Tungabhadra,390.631,8.122
2017-08-02,Tungabhadra,323.152,5.297
2017-08-03,Tungabhadra,207.138,4.238
2017-08-04,Tungabhadra,128.7,3.531
2017-08-05,Tungabhadra,134.703,1.413
2017-08-06,Tungabhadra,171.119,1.059
2017-08-07,Tungabhadra,324.695,10.594
2017-08-08,Tungabhadra,478.272,21.862
2017-08-09,Tungabhadra,427.712,33.13
2017-08-10,Tungabhadra,377.152,44.398
2017-08-11,Tungabhadra,214.359,55.665
2017-08-12,Tungabhadra,196.547,66.933
2017-08-13,Tungabhadra,179.076,57.233
2017-08-14,Tungabhadra,196.137,47.534
2017-08-15,Tungabhadra,213.198,45.344
2017-08-16,Tungabhadra,230.258,43.155
2017-08-17,Tungabhadra,247.319,40.965
2017-08-18,Tungabhadra,141.244,38.776
2017-08-19,Tungabhadra,124.424,36.586
2017-08-20,Tungabhadra,148.38,34.396
2017-08-21,Tungabhadra,179.132,32.207
2017-08-22,Tungabhadra,122.527,30.017
2017-08-23,Tungabhadra,292.683,27.828
2017-08-24,Tungabhadra,670.401,25.638
2017-08-25,Tungabhadra,490.618,23.449
2017-08-26,Tungabhadra,398.149,21.259
2017-08-27,Tungabhadra,305.68,19.07
2017-08-28,Tungabhadra,196.207,16.88
2017-08-29,Tungabhadra,429.949,14.691
2017-08-30,Tungabhadra,663.69,12.501
2017-08-31,Tungabhadra,581.175,10.312
2017-09-01,Tungabhadra,886.402,8.122
2017-09-02,Tungabhadra,880.257,5.297
2017-09-03,Tungabhadra,361.974,4.238
2017-09-04,Tungabhadra,253.634,3.531
2017-09-05,Tungabhadra,203.343,1.413
2017-09-06,Tungabhadra,652.845,1.059
2017-09-07,Tungabhadra,448.879,11.301
2017-09-08,Tungabhadra,244.912,22.276
2017-09-09,Tungabhadra,203.952,33.25
2017-09-10,Tungabhadra,162.992,44.225
2017-09-11,Tungabhadra,249.698,55.2
2017-09-12,Tungabhadra,212.829,66.175
2017-09-13,Tungabhadra,219.484,56.423
2017-09-14,Tungabhadra,222.797,46.671
2017-09-15,Tungabhadra,339.83,44.404
2017-09-16,Tungabhadra,164.719,42.136
2017-09-17,Tungabhadra,190.034,39.868
2017-09-18,Tungabhadra,154.157,37.601
2017-09-19,Tungabhadra,127.737,35.333
2017-09-20,Tungabhadra,89.198,33.066
2017-09-21,Tungabhadra,58.729,30.798
2017-09-22,Tungabhadra,76.909,28.531
2017-09-23,Tungabhadra,160.019,26.263
2017-09-24,Tungabhadra,188.534,23.995
2017-09-25,Tungabhadra,169.335,21.728
2017-09-26,Tungabhadra,199.974,19.46
2017-09-27,Tungabhadra,230.612,17.193
2017-09-28,Tungabhadra,230.301,14.925
2017-09-29,Tungabhadra,281.724,12.658
2017-09-30,Tungabhadra,652.618,10.39
2017-10-01,Tungabhadra,740.486,8.122
2017-10-02,Tungabhadra,491.665,4.944
2017-10-03,Tungabhadra,325.021,4.238
2017-10-04,Tungabhadra,267.339,3.531
2017-10-05,Tungabhadra,837.046,1.413
2017-10-06,Tungabhadra,427.783,1.059
2017-10-07,Tungabhadra,648.031,12.007
2017-10-08,Tungabhadra,556.015,21.93
2017-10-09,Tungabhadra,464.0,31.854
2017-10-10,Tungabhadra,371.984,41.777
2017-10-11,Tungabhadra,279.969,51.701
2017-10-12,Tungabhadra,225.034,61.624
2017-10-13,Tungabhadra,500.359,48.381
2017-10-14,Tungabhadra,594.314,46.262
2017-10-15,Tungabhadra,417.843,44.143
2017-10-16,Tungabhadra,855.707,42.024
2017-10-17,Tungabhadra,389.017,39.906
2017-10-18,Tungabhadra,342.86,37.787
2017-10-19,Tungabhadra,374.802,35.668
2017-10-20,Tungabhadra,219.059,33.549
2017-10-21,Tungabhadra,159.509,31.43
2017-10-22,Tungabhadra,138.243,29.311
2017-10-23,Tungabhadra,53.377,27.192
2017-10-24,Tungabhadra,50.942,25.073
2017-10-25,Tungabhadra,18.066,22.955
2017-10-26,Tungabhadra,19.255,20.836
2017-10-27,Tungabhadra,53.774,18.717
2017-10-28,Tungabhadra,14.102,16.598
2017-10-29,Tungabhadra,12.318,14.479
2017-10-30,Tungabhadra,10.534,12.36
2017-10-31,Tungabhadra,7.589,10.241
2017-11-01,Tungabhadra,8.353,8.122
2017-11-02,Tungabhadra,5.38,4.944
2017-11-03,Tungabhadra,3.823,4.238
2017-11-04,Tungabhadra,1.104,3.178
2017-11-05,Tungabhadra,41.088,2.119
2017-11-06,Tungabhadra,24.721,1.059
2017-11-07,Tungabhadra,15.277,12.713
2017-11-08,Tungabhadra,5.833,23.083
2017-11-09,Tungabhadra,3.554,33.454
2017-11-10,Tungabhadra,1.274,43.824
2017-11-11,Tungabhadra,0.311,54.194
2017-11-12,Tungabhadra,5.55,64.564
2017-11-13,Tungabhadra,2.265,54.967
2017-11-14,Tungabhadra,0.0,45.37
2017-11-15,Tungabhadra,0.0,43.158
2017-11-16,Tungabhadra,0.0,40.946
2017-11-17,Tungabhadra,0.0,38.735
2017-11-18,Tungabhadra,0.0,36.523
2017-11-19,Tungabhadra,0.0,34.311
2017-11-20,Tungabhadra,0.0,32.099
2017-11-21,Tungabhadra,0.0,29.887
2017-11-22,Tungabhadra,0.85,27.676
2017-11-23,Tungabhadra,0.0,25.464
2017-11-24,Tungabhadra,0.0,23.252
2017-11-25,Tungabhadra,0.0,21.04
2017-11-26,Tungabhadra,1.161,18.828
2017-11-27,Tungabhadra,2.322,16.616
2017-11-28,Tungabhadra,0.0,14.405
2017-11-29,Tungabhadra,0.0,12.193
2017-11-30,Tungabhadra,0.51,9.981
2017-12-01,Tungabhadra,0.0,7.769
2017-12-02,Tungabhadra,2.69,4.944
2017-12-03,Tungabhadra,0.0,4.238
2017-12-04,Tungabhadra,0.0,3.178
2017-12-05,Tungabhadra,0.0,1.413
2017-12-06,Tungabhadra,1.501,1.059
2017-12-07,Tungabhadra,5.635,13.42
2017-12-08,Tungabhadra,5.012,22.923
2017-12-09,Tungabhadra,4.389,32.426
2017-12-10,Tungabhadra,2.195,41.929
2017-12-11,Tungabhadra,0.0,51.432
2017-12-12,Tungabhadra,0.142,60.935
2017-12-13,Tungabhadra,4.219,48.77
2017-12-14,Tungabhadra,0.0,48.452
2017-12-15,Tungabhadra,0.821,48.134
2017-12-16,Tungabhadra,0.0,47.816
2017-12-17,Tungabhadra,0.0,47.498
2017-12-18,Tungabhadra,0.0,47.18
2017-12-19,Tungabhadra,0.198,46.863
2017-12-20,Tungabhadra,0.0,46.545
2017-12-21,Tungabhadra,0.0,46.227
2017-12-22,Tungabhadra,0.0,45.909
2017-12-23,Tungabhadra,0.0,45.591
2017-12-24,Tungabhadra,0.0,45.273
2017-12-25,Tungabhadra,0.0,44.956
2017-12-26,Tungabhadra,0.0,44.638
2017-12-27,Tungabhadra,0.0,44.32
2017-12-28,Tungabhadra,0.0,44.002
2017-12-29,Tungabhadra,0.0,43.684
2017-12-30,Tungabhadra,0.0,43.366
2017-12-31,Tungabhadra,0.0,43.049
2018-01-01,Tungabhadra,0.0,42.731
2018-01-02,Tungabhadra,0.0,30.017
2018-01-03,Tungabhadra,0.0,17.304
2018-01-04,Tungabhadra,0.0,4.591
2018-01-05,Tungabhadra,0.0,3.531
2018-01-06,Tungabhadra,0.0,3.885
2018-01-07,Tungabhadra,0.0,14.214
2018-01-08,Tungabhadra,0.0,24.544
2018-01-09,Tungabhadra,0.0,34.873
2018-01-10,Tungabhadra,0.0,45.203
2018-01-11,Tungabhadra,0.0,55.532
2018-01-12,Tungabhadra,0.0,65.862
2018-01-13,Tungabhadra,0.0,55.532
2018-01-14,Tungabhadra,0.0,45.203
2018-01-15,Tungabhadra,0.0,45.026
2018-01-16,Tungabhadra,0.0,44.85
2018-01-17,Tungabhadra,0.0,44.673
2018-01-18,Tungabhadra,0.0,44.496
2018-01-19,Tungabhadra,0.0,44.32
2018-01-20,Tungabhadra,0.0,44.143
2018-01-21,Tungabhadra,0.0,43.967
2018-01-22,Tungabhadra,0.0,43.79
2018-01-23,Tungabhadra,0.0,43.614
2018-01-24,Tungabhadra,0.0,43.437
2018-01-25,Tungabhadra,0.0,43.26
2018-01-26,Tungabhadra,0.0,43.084
2018-01-27,Tungabhadra,0.0,42.907
2018-01-28,Tungabhadra,0.0,42.731
2018-01-29,Tungabhadra,0.0,42.554
2018-01-30,Tungabhadra,0.0,42.378
2018-01-31,Tungabhadra,0.0,42.201
2018-02-01,Tungabhadra,0.0,42.024
2018-02-02,Tungabhadra,0.0,29.547
2018-02-03,Tungabhadra,0.0,17.069
2018-02-04,Tungabhadra,0.0,4.591
2018-02-05,Tungabhadra,0.0,3.531
2018-02-06,Tungabhadra,0.0,4.238
2018-02-07,Tungabhadra,0.0,14.418
2018-02-08,Tungabhadra,0.0,24.599
2018-02-09,Tungabhadra,0.0,34.78
2018-02-10,Tungabhadra,0.0,44.96
2018-02-11,Tungabhadra,0.0,55.141
2018-02-12,Tungabhadra,0.0,65.322
2018-02-13,Tungabhadra,0.0,54.899
2018-02-14,Tungabhadra,0.0,44.476
2018-02-15,Tungabhadra,0.0,44.289
2018-02-16,Tungabhadra,0.0,44.102
2018-02-17,Tungabhadra,0.0,43.915
2018-02-18,Tungabhadra,0.0,43.728
2018-02-19,Tungabhadra,0.0,43.541
2018-02-20,Tungabhadra,0.0,43.354
2018-02-21,Tungabhadra,0.0,43.167
2018-02-22,Tungabhadra,0.0,42.98
2018-02-23,Tungabhadra,0.0,42.793
2018-02-24,Tungabhadra,0.0,42.606
2018-02-25,Tungabhadra,0.0,42.419
2018-02-26,Tungabhadra,0.0,42.232
2018-02-27,Tungabhadra,0.0,42.045
2018-02-28,Tungabhadra,0.0,41.858
2018-03-01,Tungabhadra,0.0,41.671
2018-03-02,Tungabhadra,0.0,29.311
2018-03-03,Tungabhadra,0.0,16.951
2018-03-04,Tungabhadra,0.0,4.591
2018-03-05,Tungabhadra,0.0,3.178
2018-03-06,Tungabhadra,0.0,4.238
2018-03-07,Tungabhadra,0.0,14.335
2018-03-08,Tungabhadra,0.0,24.432
2018-03-09,Tungabhadra,0.0,34.529
2018-03-10,Tungabhadra,0.0,44.626
2018-03-11,Tungabhadra,0.0,54.723
2018-03-12,Tungabhadra,0.0,64.82
2018-03-13,Tungabhadra,0.0,54.323
2018-03-14,Tungabhadra,0.0,43.826
2018-03-15,Tungabhadra,0.0,43.667
2018-03-16,Tungabhadra,0.0,43.508
2018-03-17,Tungabhadra,0.0,43.349
2018-03-18,Tungabhadra,0.0,43.19
2018-03-19,Tungabhadra,0.0,43.031
2018-03-20,Tungabhadra,0.0,42.872
2018-03-21,Tungabhadra,0.0,42.713
2018-03-22,Tungabhadra,0.0,42.554
2018-03-23,Tungabhadra,0.0,42.395
2018-03-24,Tungabhadra,0.0,42.236
2018-03-25,Tungabhadra,0.0,42.077
2018-03-26,Tungabhadra,0.0,41.919
2018-03-27,Tungabhadra,0.0,41.76
2018-03-28,Tungabhadra,0.0,41.601
2018-03-29,Tungabhadra,0.0,41.442
2018-03-30,Tungabhadra,0.0,41.283
2018-03-31,Tungabhadra,0.142,41.124
2018-04-01,Tungabhadra,0.283,40.965
2018-04-02,Tungabhadra,0.0,28.84
2018-04-03,Tungabhadra,0.453,16.716
2018-04-04,Tungabhadra,0.0,4.591
2018-04-05,Tungabhadra,0.0,3.178
2018-04-06,Tungabhadra,0.0,4.238
2018-04-07,Tungabhadra,0.0,14.271
2018-04-08,Tungabhadra,0.0,24.305
2018-04-09,Tungabhadra,0.0,34.339
2018-04-10,Tungabhadra,0.0,44.373
2018-04-11,Tungabhadra,0.0,54.406
2018-04-12,Tungabhadra,0.0,64.44
2018-04-13,Tungabhadra,0.0,53.929
2018-04-14,Tungabhadra,0.0,43.418
2018-04-15,Tungabhadra,0.0,43.233
2018-04-16,Tungabhadra,0.0,43.047
2018-04-17,Tungabhadra,0.0,42.861
2018-04-18,Tungabhadra,0.0,42.675
2018-04-19,Tungabhadra,0.0,42.489
2018-04-20,Tungabhadra,0.0,42.303
2018-04-21,Tungabhadra,0.0,42.117
2018-04-22,Tungabhadra,0.0,41.932
2018-04-23,Tungabhadra,0.0,41.746
2018-04-24,Tungabhadra,0.0,41.56
2018-04-25,Tungabhadra,0.0,41.374
2018-04-26,Tungabhadra,0.0,41.188
2018-04-27,Tungabhadra,0.0,41.002
2018-04-28,Tungabhadra,0.0,40.816
2018-04-29,Tungabhadra,0.0,40.63
2018-04-30,Tungabhadra,0.0,40.445
2018-05-01,Tungabhadra,0.0,40.259
2018-05-02,Tungabhadra,0.0,28.369
2018-05-03,Tungabhadra,0.0,16.48
2018-05-04,Tungabhadra,0.0,4.591
2018-05-05,Tungabhadra,0.0,3.178
2018-05-06,Tungabhadra,0.0,4.238
2018-05-07,Tungabhadra,0.0,14.217
2018-05-08,Tungabhadra,0.0,24.196
2018-05-09,Tungabhadra,0.0,34.176
2018-05-10,Tungabhadra,0.0,44.155
2018-05-11,Tungabhadra,0.0,54.134
2018-05-12,Tungabhadra,0.0,64.114
2018-05-13,Tungabhadra,0.0,53.44
2018-05-14,Tungabhadra,0.0,42.766
2018-05-15,Tungabhadra,0.0,42.607
2018-05-16,Tungabhadra,0.0,42.448
2018-05-17,Tungabhadra,0.0,42.289
2018-05-18,Tungabhadra,0.0,42.13
2018-05-19,Tungabhadra,0.0,41.971
2018-05-20,Tungabhadra,0.34,41.813
2018-05-21,Tungabhadra,12.035,41.654
2018-05-22,Tungabhadra,63.288,41.495
2018-05-23,Tungabhadra,71.245,41.336
2018-05-24,Tungabhadra,79.91,41.177
2018-05-25,Tungabhadra,90.84,41.018
2018-05-26,Tungabhadra,93.191,40.859
2018-05-27,Tungabhadra,87.301,40.7
2018-05-28,Tungabhadra,68.159,40.541
2018-05-29,Tungabhadra,36.047,40.382
2018-05-30,Tungabhadra,56.549,40.223
2018-05-31,Tungabhadra,55.954,40.064
2018-06-01,Tungabhadra,55.359,39.906
2018-06-02,Tungabhadra,57.653,28.134
2018-06-03,Tungabhadra,36.585,16.362
2018-06-04,Tungabhadra,19.793,4.591
2018-06-05,Tungabhadra,33.017,2.825
2018-06-06,Tungabhadra,30.582,4.238
2018-06-07,Tungabhadra,44.797,8.998
2018-06-08,Tungabhadra,40.125,13.759
2018-06-09,Tungabhadra,38.907,18.519
2018-06-10,Tungabhadra,24.437,23.28
2018-06-11,Tungabhadra,16.509,28.04
2018-06-12,Tungabhadra,31.913,32.801
2018-06-13,Tungabhadra,194.763,37.561
2018-06-14,Tungabhadra,803.264,42.322
2018-06-15,Tungabhadra,1370.819,42.117
2018-06-16,Tungabhadra,1476.327,41.913
2018-06-17,Tungabhadra,1221.872,41.708
2018-06-18,Tungabhadra,926.159,41.504
2018-06-19,Tungabhadra,395.303,41.3
2018-06-20,Tungabhadra,200.285,41.095
2018-06-21,Tungabhadra,155.205,40.891
2018-06-22,Tungabhadra,209.092,40.686
2018-06-23,Tungabhadra,182.955,40.482
2018-06-24,Tungabhadra,185.9,40.277
2018-06-25,Tungabhadra,193.574,40.073
2018-06-26,Tungabhadra,142.264,39.868
2018-06-27,Tungabhadra,142.349,39.664
2018-06-28,Tungabhadra,145.407,39.459
2018-06-29,Tungabhadra,193.319,39.255
2018-06-30,Tungabhadra,708.941,39.051
2018-07-01,Tungabhadra,1399.532,38.846
2018-07-02,Tungabhadra,899.909,27.428
2018-07-03,Tungabhadra,332.27,16.009
2018-07-04,Tungabhadra,356.481,4.591
2018-07-05,Tungabhadra,185.73,2.825
2018-07-06,Tungabhadra,178.028,4.591
2018-07-07,Tungabhadra,10.081,9.257
2018-07-08,Tungabhadra,216.935,13.923
2018-07-09,Tungabhadra,196.915,18.589
2018-07-10,Tungabhadra,1077.513,23.255
2018-07-11,Tungabhadra,1295.269,27.921
2018-07-12,Tungabhadra,1409.896,32.587
2018-07-13,Tungabhadra,1686.042,37.253
2018-07-14,Tungabhadra,2167.003,41.919
2018-07-15,Tungabhadra,1975.44,41.689
2018-07-16,Tungabhadra,1974.166,41.459
2018-07-17,Tungabhadra,2132.938,41.23
2018-07-18,Tungabhadra,1835.64,41.0
2018-07-19,Tungabhadra,1688.392,40.771
2018-07-20,Tungabhadra,1993.959,40.541
2018-07-21,Tungabhadra,1734.435,40.312
2018-07-22,Tungabhadra,1474.826,40.082
2018-07-23,Tungabhadra,1658.15,39.853
2018-07-24,Tungabhadra,1989.853,39.623
2018-07-25,Tungabhadra,1782.715,39.394
2018-07-26,Tungabhadra,1928.632,39.164
2018-07-27,Tungabhadra,1977.988,38.934
2018-07-28,Tungabhadra,1767.396,38.705
2018-07-29,Tungabhadra,1552.613,38.475
2018-07-30,Tungabhadra,945.075,38.246
2018-07-31,Tungabhadra,670.486,38.016
2018-08-01,Tungabhadra,297.582,37.787
2018-08-02,Tungabhadra,553.509,26.721
2018-08-03,Tungabhadra,543.91,15.656
2018-08-04,Tungabhadra,480.905,4.591
2018-08-05,Tungabhadra,616.033,2.825
2018-08-06,Tungabhadra,481.33,4.591
2018-08-07,Tungabhadra,569.112,9.208
2018-08-08,Tungabhadra,636.195,13.826
2018-08-09,Tungabhadra,586.13,18.443
2018-08-10,Tungabhadra,994.969,23.06
2018-08-11,Tungabhadra,2110.709,27.678
2018-08-12,Tungabhadra,2502.841,32.295
2018-08-13,Tungabhadra,1611.03,36.913
2018-08-14,Tungabhadra,1622.131,41.53
2018-08-15,Tungabhadra,3560.928,41.283
2018-08-16,Tungabhadra,4752.841,41.036
2018-08-17,Tungabhadra,5709.611,40.788
2018-08-18,Tungabhadra,4298.186,40.541
2018-08-19,Tungabhadra,3640.555,40.294
2018-08-20,Tungabhadra,2624.207,40.047
2018-08-21,Tungabhadra,2535.292,39.8
2018-08-22,Tungabhadra,2767.717,39.552
2018-08-23,Tungabhadra,1867.439,39.305
2018-08-24,Tungabhadra,1926.48,39.058
2018-08-25,Tungabhadra,1346.976,38.811
2018-08-26,Tungabhadra,1139.215,38.564
2018-08-27,Tungabhadra,1050.017,38.316
2018-08-28,Tungabhadra,745.186,38.069
2018-08-29,Tungabhadra,744.988,37.822
2018-08-30,Tungabhadra,588.877,37.575
2018-08-31,Tungabhadra,978.715,37.328
2018-09-01,Tungabhadra,1388.46,37.08
2018-09-02,Tungabhadra,974.807,26.251
2018-09-03,Tungabhadra,662.643,15.421
2018-09-04,Tungabhadra,595.532,4.591
2018-09-05,Tungabhadra,499.113,2.825
2018-09-06,Tungabhadra,364.749,4.591
2018-09-07,Tungabhadra,264.706,9.152
2018-09-08,Tungabhadra,288.407,13.712
2018-09-09,Tungabhadra,223.958,18.273
2018-09-10,Tungabhadra,224.298,22.834
2018-09-11,Tungabhadra,250.547,27.394
2018-09-12,Tungabhadra,190.402,31.955
2018-09-13,Tungabhadra,252.898,36.516
2018-09-14,Tungabhadra,169.221,41.077
2018-09-15,Tungabhadra,77.135,40.779
2018-09-16,Tungabhadra,134.817,40.482
2018-09-17,Tungabhadra,124.651,40.184
2018-09-18,Tungabhadra,125.33,39.887
2018-09-19,Tungabhadra,83.223,39.59
2018-09-20,Tungabhadra,126.265,39.292
2018-09-21,Tungabhadra,99.789,38.995
2018-09-22,Tungabhadra,145.747,38.697
2018-09-23,Tungabhadra,206.94,38.4
2018-09-24,Tungabhadra,191.139,38.103
2018-09-25,Tungabhadra,133.712,37.805
2018-09-26,Tungabhadra,157.583,37.508
2018-09-27,Tungabhadra,65.355,37.211
2018-09-28,Tungabhadra,215.35,36.913
2018-09-29,Tungabhadra,203.457,36.616
2018-09-30,Tungabhadra,80.788,36.318
2018-10-01,Tungabhadra,229.876,36.021
2018-10-02,Tungabhadra,216.029,25.544
2018-10-03,Tungabhadra,192.045,15.068
2018-10-04,Tungabhadra,221.041,4.591
2018-10-05,Tungabhadra,220.079,2.825
2018-10-06,Tungabhadra,180.605,4.591
2018-10-07,Tungabhadra,173.469,9.102
2018-10-08,Tungabhadra,144.671,13.614
2018-10-09,Tungabhadra,121.026,18.125
2018-10-10,Tungabhadra,88.83,22.637
2018-10-11,Tungabhadra,33.839,27.148
2018-10-12,Tungabhadra,21.266,31.66
2018-10-13,Tungabhadra,38.992,36.171
2018-10-14,Tungabhadra,30.384,40.682
2018-10-15,Tungabhadra,24.664,40.365
2018-10-16,Tungabhadra,14.725,40.047
2018-10-17,Tungabhadra,46.326,39.729
2018-10-18,Tungabhadra,32.225,39.411
2018-10-19,Tungabhadra,23.645,39.093
2018-10-20,Tungabhadra,396.521,38.776
2018-10-21,Tungabhadra,447.519,38.458
2018-10-22,Tungabhadra,441.913,38.14
2018-10-23,Tungabhadra,380.862,37.822
2018-10-24,Tungabhadra,362.824,37.504
2018-10-25,Tungabhadra,163.218,37.186
2018-10-26,Tungabhadra,94.663,36.869
2018-10-27,Tungabhadra,82.062,36.551
2018-10-28,Tungabhadra,67.621,36.233
2018-10-29,Tungabhadra,53.349,35.915
2018-10-30,Tungabhadra,25.485,35.597
2018-10-31,Tungabhadra,8.778,35.279
2018-11-01,Tungabhadra,1.727,34.962
2018-11-02,Tungabhadra,4.474,24.838
2018-11-03,Tungabhadra,0.0,14.714
2018-11-04,Tungabhadra,0.0,4.591
2018-11-05,Tungabhadra,0.453,2.825
2018-11-06,Tungabhadra,0.0,4.591
2018-11-07,Tungabhadra,3.058,9.049
2018-11-08,Tungabhadra,1.926,13.508
2018-11-09,Tungabhadra,0.0,17.966
2018-11-10,Tungabhadra,0.0,22.425
2018-11-11,Tungabhadra,2.067,26.883
2018-11-12,Tungabhadra,0.0,31.342
2018-11-13,Tungabhadra,0.0,35.8
2018-11-14,Tungabhadra,0.0,40.259
2018-11-15,Tungabhadra,0.0,39.906
2018-11-16,Tungabhadra,0.0,39.552
2018-11-17,Tungabhadra,0.0,39.199
2018-11-18,Tungabhadra,0.0,38.846
2018-11-19,Tungabhadra,0.623,38.493
2018-11-20,Tungabhadra,0.0,38.14
2018-11-21,Tungabhadra,0.0,37.787
2018-11-22,Tungabhadra,0.0,37.434
2018-11-23,Tungabhadra,0.0,37.08
2018-11-24,Tungabhadra,0.0,36.727
2018-11-25,Tungabhadra,0.0,36.374
2018-11-26,Tungabhadra,0.0,36.021
2018-11-27,Tungabhadra,0.0,35.668
2018-11-28,Tungabhadra,0.0,35.315
2018-11-29,Tungabhadra,0.0,34.962
2018-11-30,Tungabhadra,0.0,34.608
2018-12-01,Tungabhadra,0.0,34.255
2018-12-02,Tungabhadra,0.0,24.367
2018-12-03,Tungabhadra,0.0,14.479
2018-12-04,Tungabhadra,0.0,4.591
2018-12-05,Tungabhadra,0.0,2.472
2018-12-06,Tungabhadra,0.0,4.591
2018-12-07,Tungabhadra,0.0,8.917
2018-12-08,Tungabhadra,0.0,13.243
2018-12-09,Tungabhadra,0.0,17.569
2018-12-10,Tungabhadra,0.0,21.895
2018-12-11,Tungabhadra,0.0,26.221
2018-12-12,Tungabhadra,0.0,30.547
2018-12-13,Tungabhadra,0.0,34.873
2018-12-14,Tungabhadra,0.0,39.199
2018-12-15,Tungabhadra,0.0,38.67
2018-12-16,Tungabhadra,0.0,38.14
2018-12-17,Tungabhadra,0.0,37.61
2018-12-18,Tungabhadra,0.0,37.08
2018-12-19,Tungabhadra,0.0,36.551
2018-12-20,Tungabhadra,0.0,36.021
2018-12-21,Tungabhadra,0.0,35.491
2018-12-22,Tungabhadra,0.0,34.962
2018-12-23,Tungabhadra,0.0,34.432
2018-12-24,Tungabhadra,0.0,33.902
2018-12-25,Tungabhadra,0.0,33.372
2018-12-26,Tungabhadra,0.0,32.843
2018-12-27,Tungabhadra,0.0,32.313
2018-12-28,Tungabhadra,0.0,31.783
2018-12-29,Tungabhadra,0.0,31.253
2018-12-30,Tungabhadra,0.0,30.724
2018-12-31,Tungabhadra,0.0,30.194
2019-01-01,Tungabhadra,0.0,29.664
2019-01-02,Tungabhadra,0.0,19.07
2019-01-03,Tungabhadra,0.0,13.066
2019-01-04,Tungabhadra,0.0,7.416
2019-01-05,Tungabhadra,0.0,3.531
2019-01-06,Tungabhadra,0.0,2.472
2019-01-07,Tungabhadra,0.0,1.766
2019-01-08,Tungabhadra,0.0,13.551
2019-01-09,Tungabhadra,0.0,25.336
2019-01-10,Tungabhadra,0.0,37.121
2019-01-11,Tungabhadra,0.0,48.906
2019-01-12,Tungabhadra,0.0,60.691
2019-01-13,Tungabhadra,0.0,72.476
2019-01-14,Tungabhadra,0.0,84.261
2019-01-15,Tungabhadra,0.0,81.188
2019-01-16,Tungabhadra,0.0,78.116
2019-01-17,Tungabhadra,0.0,75.044
2019-01-18,Tungabhadra,0.0,71.971
2019-01-19,Tungabhadra,0.0,68.899
2019-01-20,Tungabhadra,0.0,65.827
2019-01-21,Tungabhadra,0.0,62.754
2019-01-22,Tungabhadra,0.0,59.682
2019-01-23,Tungabhadra,0.0,56.609
2019-01-24,Tungabhadra,0.0,53.537
2019-01-25,Tungabhadra,0.0,50.465
2019-01-26,Tungabhadra,0.0,47.392
2019-01-27,Tungabhadra,0.0,44.32
2019-01-28,Tungabhadra,0.0,41.248
2019-01-29,Tungabhadra,0.0,38.175
2019-01-30,Tungabhadra,0.0,35.103
2019-01-31,Tungabhadra,0.0,32.03
2019-02-01,Tungabhadra,0.0,28.958
2019-02-02,Tungabhadra,0.0,18.717
2019-02-03,Tungabhadra,0.0,12.713
2019-02-04,Tungabhadra,0.0,7.063
2019-02-05,Tungabhadra,0.0,3.531
2019-02-06,Tungabhadra,0.0,2.472
2019-02-07,Tungabhadra,0.0,1.766
2019-02-08,Tungabhadra,0.0,13.301
2019-02-09,Tungabhadra,0.0,24.836
2019-02-10,Tungabhadra,0.0,36.371
2019-02-11,Tungabhadra,0.0,47.906
2019-02-12,Tungabhadra,0.0,59.441
2019-02-13,Tungabhadra,0.0,70.977
2019-02-14,Tungabhadra,0.0,82.512
2019-02-15,Tungabhadra,0.0,78.918
2019-02-16,Tungabhadra,0.0,75.324
2019-02-17,Tungabhadra,0.0,71.73
2019-02-18,Tungabhadra,0.0,68.137
2019-02-19,Tungabhadra,0.0,64.543
2019-02-20,Tungabhadra,0.0,60.949
2019-02-21,Tungabhadra,0.0,57.355
2019-02-22,Tungabhadra,0.0,53.761
2019-02-23,Tungabhadra,0.0,50.168
2019-02-24,Tungabhadra,0.0,46.574
2019-02-25,Tungabhadra,0.0,42.98
2019-02-26,Tungabhadra,0.0,39.386
2019-02-27,Tungabhadra,0.0,35.792
2019-02-28,Tungabhadra,0.0,32.199
2019-03-01,Tungabhadra,0.0,28.605
2019-03-02,Tungabhadra,0.0,18.717
2019-03-03,Tungabhadra,0.0,12.36
2019-03-04,Tungabhadra,0.0,7.063
2019-03-05,Tungabhadra,0.0,3.178
2019-03-06,Tungabhadra,0.0,2.472
2019-03-07,Tungabhadra,0.0,1.766
2019-03-08,Tungabhadra,0.0,13.354
2019-03-09,Tungabhadra,0.0,24.942
2019-03-10,Tungabhadra,0.0,36.531
2019-03-11,Tungabhadra,0.0,48.119
2019-03-12,Tungabhadra,0.0,59.707
2019-03-13,Tungabhadra,0.0,71.295
2019-03-14,Tungabhadra,0.0,82.884
2019-03-15,Tungabhadra,0.0,79.829
2019-03-16,Tungabhadra,0.0,76.774
2019-03-17,Tungabhadra,0.0,73.719
2019-03-18,Tungabhadra,0.0,70.665
2019-03-19,Tungabhadra,0.0,67.61
2019-03-20,Tungabhadra,0.0,64.555
2019-03-21,Tungabhadra,0.0,61.5
2019-03-22,Tungabhadra,0.0,58.446
2019-03-23,Tungabhadra,0.0,55.391
2019-03-24,Tungabhadra,0.0,52.336
2019-03-25,Tungabhadra,0.0,49.282
2019-03-26,Tungabhadra,0.0,46.227
2019-03-27,Tungabhadra,0.0,43.172
2019-03-28,Tungabhadra,0.0,40.117
2019-03-29,Tungabhadra,0.0,37.063
2019-03-30,Tungabhadra,0.0,34.008
2019-03-31,Tungabhadra,0.0,30.953
2019-04-01,Tungabhadra,0.0,27.899
2019-04-02,Tungabhadra,0.0,18.364
2019-04-03,Tungabhadra,0.0,12.36
2019-04-04,Tungabhadra,0.0,6.71
2019-04-05,Tungabhadra,0.0,3.178
2019-04-06,Tungabhadra,0.0,2.472
2019-04-07,Tungabhadra,0.0,1.766
2019-04-08,Tungabhadra,0.0,13.258
2019-04-09,Tungabhadra,0.0,24.749
2019-04-10,Tungabhadra,0.0,36.241
2019-04-11,Tungabhadra,0.0,47.733
2019-04-12,Tungabhadra,0.0,59.225
2019-04-13,Tungabhadra,0.0,70.717
2019-04-14,Tungabhadra,0.0,82.209
2019-04-15,Tungabhadra,0.0,78.993
2019-04-16,Tungabhadra,0.0,75.778
2019-04-17,Tungabhadra,0.0,72.562
2019-04-18,Tungabhadra,0.0,69.347
2019-04-19,Tungabhadra,0.0,66.131
2019-04-20,Tungabhadra,0.0,62.916
2019-04-21,Tungabhadra,0.0,59.7
2019-04-22,Tungabhadra,0.0,56.485
2019-04-23,Tungabhadra,0.0,53.269
2019-04-24,Tungabhadra,0.0,50.054
2019-04-25,Tungabhadra,0.0,46.838
2019-04-26,Tungabhadra,0.0,43.623
2019-04-27,Tungabhadra,0.0,40.407
2019-04-28,Tungabhadra,0.0,37.192
2019-04-29,Tungabhadra,0.0,33.976
2019-04-30,Tungabhadra,0.0,30.761
2019-05-01,Tungabhadra,0.0,27.545
2019-05-02,Tungabhadra,0.0,18.364
2019-05-03,Tungabhadra,0.0,12.007
2019-05-04,Tungabhadra,0.0,6.357
2019-05-05,Tungabhadra,0.0,3.178
2019-05-06,Tungabhadra,0.0,2.472
2019-05-07,Tungabhadra,0.0,1.766
2019-05-08,Tungabhadra,0.0,13.253
2019-05-09,Tungabhadra,0.0,24.74
2019-05-10,Tungabhadra,0.0,36.228
2019-05-11,Tungabhadra,0.0,47.715
2019-05-12,Tungabhadra,0.0,59.203
2019-05-13,Tungabhadra,0.0,70.69
2019-05-14,Tungabhadra,0.0,82.177
2019-05-15,Tungabhadra,0.0,79.123
2019-05-16,Tungabhadra,0.0,76.068
2019-05-17,Tungabhadra,0.0,73.013
2019-05-18,Tungabhadra,0.0,69.958
2019-05-19,Tungabhadra,0.0,66.904
2019-05-20,Tungabhadra,0.0,63.849
2019-05-21,Tungabhadra,0.0,60.794
2019-05-22,Tungabhadra,0.0,57.739
2019-05-23,Tungabhadra,0.0,54.685
2019-05-24,Tungabhadra,0.0,51.63
2019-05-25,Tungabhadra,0.0,48.575
2019-05-26,Tungabhadra,0.0,45.521
2019-05-27,Tungabhadra,0.0,42.466
2019-05-28,Tungabhadra,0.0,39.411
2019-05-29,Tungabhadra,0.0,36.356
2019-05-30,Tungabhadra,0.0,33.302
2019-05-31,Tungabhadra,0.0,30.247
2019-06-01,Tungabhadra,0.0,27.192
2019-06-02,Tungabhadra,0.0,18.01
2019-06-03,Tungabhadra,0.0,12.007
2019-06-04,Tungabhadra,0.0,6.003
2019-06-05,Tungabhadra,0.0,3.178
2019-06-06,Tungabhadra,0.0,2.472
2019-06-07,Tungabhadra,0.0,1.766
2019-06-08,Tungabhadra,0.0,13.106
2019-06-09,Tungabhadra,0.0,24.447
2019-06-10,Tungabhadra,0.0,35.787
2019-06-11,Tungabhadra,0.0,47.128
2019-06-12,Tungabhadra,0.0,58.468
2019-06-13,Tungabhadra,0.0,69.809
2019-06-14,Tungabhadra,0.0,81.149
2019-06-15,Tungabhadra,0.0,77.934
2019-06-16,Tungabhadra,0.0,74.718
2019-06-17,Tungabhadra,0.0,71.503
2019-06-18,Tungabhadra,0.0,68.287
2019-06-19,Tungabhadra,0.0,65.072
2019-06-20,Tungabhadra,0.0,61.856
2019-06-21,Tungabhadra,0.0,58.641
2019-06-22,Tungabhadra,0.0,55.425
2019-06-23,Tungabhadra,0.0,52.21
2019-06-24,Tungabhadra,0.0,48.994
2019-06-25,Tungabhadra,0.0,45.779
2019-06-26,Tungabhadra,0.0,42.563
2019-06-27,Tungabhadra,0.0,39.348
2019-06-28,Tungabhadra,0.0,36.132
2019-06-29,Tungabhadra,0.0,32.917
2019-06-30,Tungabhadra,0.0,29.701
2019-07-01,Tungabhadra,0.0,26.486
2019-07-02,Tungabhadra,0.0,18.01
2019-07-03,Tungabhadra,0.0,11.654
2019-07-04,Tungabhadra,0.0,6.003
2019-07-05,Tungabhadra,0.0,3.178
2019-07-06,Tungabhadra,0.0,2.472
2019-07-07,Tungabhadra,0.0,1.766
2019-07-08,Tungabhadra,0.0,13.102
2019-07-09,Tungabhadra,422.232,24.438
2019-07-10,Tungabhadra,364.579,35.774
2019-07-11,Tungabhadra,366.193,47.11
2019-07-12,Tungabhadra,582.194,58.446
2019-07-13,Tungabhadra,762.997,69.782
2019-07-14,Tungabhadra,568.064,81.118
2019-07-15,Tungabhadra,425.489,78.063
2019-07-16,Tungabhadra,364.579,75.008
2019-07-17,Tungabhadra,305.142,71.954
2019-07-18,Tungabhadra,220.022,68.899
2019-07-19,Tungabhadra,231.235,65.844
2019-07-20,Tungabhadra,166.786,62.789
2019-07-21,Tungabhadra,138.611,59.735
2019-07-22,Tungabhadra,124.056,56.68
2019-07-23,Tungabhadra,241.288,53.625
2019-07-24,Tungabhadra,383.693,50.571
2019-07-25,Tungabhadra,556.256,47.516
2019-07-26,Tungabhadra,456.581,44.461
2019-07-27,Tungabhadra,430.756,41.406
2019-07-28,Tungabhadra,406.29,38.352
2019-07-29,Tungabhadra,415.776,35.297
2019-07-30,Tungabhadra,432.71,32.242
2019-07-31,Tungabhadra,413.794,29.188
2019-08-01,Tungabhadra,602.356,26.133
2019-08-02,Tungabhadra,703.957,17.657
2019-08-03,Tungabhadra,568.914,11.654
2019-08-04,Tungabhadra,504.521,5.65
2019-08-05,Tungabhadra,473.911,3.178
2019-08-06,Tungabhadra,652.76,2.472
2019-08-07,Tungabhadra,1154.789,1.766
2019-08-08,Tungabhadra,2900.891,13.051
2019-08-09,Tungabhadra,4024.22,24.337
2019-08-10,Tungabhadra,5210.64,35.622
2019-08-11,Tungabhadra,5954.523,46.908
2019-08-12,Tungabhadra,6212.914,58.194
2019-08-13,Tungabhadra,6790.663,69.479
2019-08-14,Tungabhadra,4363.881,80.765
2019-08-15,Tungabhadra,2642.981,77.71
2019-08-16,Tungabhadra,1914.502,74.655
2019-08-17,Tungabhadra,2170.033,71.6
2019-08-18,Tungabhadra,2229.215,68.546
2019-08-19,Tungabhadra,1449.738,65.491
2019-08-20,Tungabhadra,999.698,62.436
2019-08-21,Tungabhadra,933.408,59.382
2019-08-22,Tungabhadra,911.548,56.327
2019-08-23,Tungabhadra,779.025,53.272
2019-08-24,Tungabhadra,343.427,50.217
2019-08-25,Tungabhadra,320.377,47.163
2019-08-26,Tungabhadra,328.532,44.108
2019-08-27,Tungabhadra,338.698,41.053
2019-08-28,Tungabhadra,338.33,37.999
2019-08-29,Tungabhadra,326.437,34.944
2019-08-30,Tungabhadra,324.171,31.889
2019-08-31,Tungabhadra,322.628,28.834
2019-09-01,Tungabhadra,321.085,25.78
2019-09-02,Tungabhadra,327.314,17.657
2019-09-03,Tungabhadra,334.875,11.301
2019-09-04,Tungabhadra,643.755,5.297
2019-09-05,Tungabhadra,1108.378,3.178
2019-09-06,Tungabhadra,1755.248,2.472
2019-09-07,Tungabhadra,2398.833,3.178
2019-09-08,Tungabhadra,2756.702,14.121
2019-09-09,Tungabhadra,2733.878,25.063
2019-09-10,Tungabhadra,2692.451,36.005
2019-09-11,Tungabhadra,2937.816,46.947
2019-09-12,Tungabhadra,2464.104,57.89
2019-09-13,Tungabhadra,909.424,68.832
2019-09-14,Tungabhadra,1016.377,79.774
2019-09-15,Tungabhadra,818.13,76.577
2019-09-16,Tungabhadra,576.842,73.38
2019-09-17,Tungabhadra,563.76,70.183
2019-09-18,Tungabhadra,602.554,66.986
2019-09-19,Tungabhadra,780.922,63.789
2019-09-20,Tungabhadra,489.174,60.593
2019-09-21,Tungabhadra,343.455,57.396
2019-09-22,Tungabhadra,454.995,54.199
2019-09-23,Tungabhadra,316.554,51.002
2019-09-24,Tungabhadra,279.063,47.805
2019-09-25,Tungabhadra,319.584,44.608
2019-09-26,Tungabhadra,382.164,41.411
2019-09-27,Tungabhadra,729.046,38.214
2019-09-28,Tungabhadra,270.284,35.017
2019-09-29,Tungabhadra,337.027,31.82
2019-09-30,Tungabhadra,348.58,28.623
2019-10-01,Tungabhadra,349.94,25.427
2019-10-02,Tungabhadra,359.029,17.304
2019-10-03,Tungabhadra,273.059,11.301
2019-10-04,Tungabhadra,271.7,5.297
2019-10-05,Tungabhadra,259.722,3.178
2019-10-06,Tungabhadra,348.326,2.472
2019-10-07,Tungabhadra,753.37,4.238
2019-10-08,Tungabhadra,989.079,17.325
2019-10-09,Tungabhadra,972.854,30.412
2019-10-10,Tungabhadra,361.946,43.499
2019-10-11,Tungabhadra,982.481,56.586
2019-10-12,Tungabhadra,474.902,69.673
2019-10-13,Tungabhadra,635.855,82.76
2019-10-14,Tungabhadra,412.01,79.705
2019-10-15,Tungabhadra,685.834,76.65
2019-10-16,Tungabhadra,583.016,73.596
2019-10-17,Tungabhadra,418.183,70.541
2019-10-18,Tungabhadra,282.574,67.486
2019-10-19,Tungabhadra,537.171,64.432
2019-10-20,Tungabhadra,702.031,61.377
2019-10-21,Tungabhadra,1014.564,58.322
2019-10-22,Tungabhadra,2741.949,55.267
2019-10-23,Tungabhadra,4098.835,52.213
2019-10-24,Tungabhadra,3099.874,49.158
2019-10-25,Tungabhadra,1961.366,46.103
2019-10-26,Tungabhadra,1594.012,43.049
2019-10-27,Tungabhadra,1417.371,39.994
2019-10-28,Tungabhadra,1635.128,36.939
2019-10-29,Tungabhadra,1650.561,33.884
2019-10-30,Tungabhadra,1005.333,30.83
2019-10-31,Tungabhadra,671.024,27.775
2019-11-01,Tungabhadra,579.646,24.72
2019-11-02,Tungabhadra,561.466,17.304
2019-11-03,Tungabhadra,593.38,10.948
2019-11-04,Tungabhadra,347.278,4.944
2019-11-05,Tungabhadra,303.868,3.178
2019-11-06,Tungabhadra,304.746,2.472
2019-11-07,Tungabhadra,305.369,5.297
2019-11-08,Tungabhadra,308.795,18.122
2019-11-09,Tungabhadra,316.101,30.947
2019-11-10,Tungabhadra,426.622,43.772
2019-11-11,Tungabhadra,393.717,56.596
2019-11-12,Tungabhadra,320.858,69.421
2019-11-13,Tungabhadra,278.468,82.246
2019-11-14,Tungabhadra,132.834,79.031
2019-11-15,Tungabhadra,191.082,75.815
2019-11-16,Tungabhadra,131.22,72.6
2019-11-17,Tungabhadra,160.896,69.384
2019-11-18,Tungabhadra,103.696,66.169
2019-11-19,Tungabhadra,138.611,62.953
2019-11-20,Tungabhadra,127.482,59.738
2019-11-21,Tungabhadra,95.399,56.522
2019-11-22,Tungabhadra,113.72,53.307
2019-11-23,Tungabhadra,106.896,50.091
2019-11-24,Tungabhadra,105.197,46.876
2019-11-25,Tungabhadra,97.948,43.66
2019-11-26,Tungabhadra,107.802,40.445
2019-11-27,Tungabhadra,91.747,37.229
2019-11-28,Tungabhadra,85.375,34.014
2019-11-29,Tungabhadra,80.307,30.798
2019-11-30,Tungabhadra,70.424,27.583
2019-12-01,Tungabhadra,63.062,24.367
2019-12-02,Tungabhadra,64.138,16.951
2019-12-03,Tungabhadra,70.707,10.948
2019-12-04,Tungabhadra,61.278,4.944
2019-12-05,Tungabhadra,96.221,3.178
2019-12-06,Tungabhadra,81.184,2.119
2019-12-07,Tungabhadra,80.222,7.063
2019-12-08,Tungabhadra,73.001,19.935
2019-12-09,Tungabhadra,67.621,32.807
2019-12-10,Tungabhadra,66.545,45.68
2019-12-11,Tungabhadra,62.297,58.552
2019-12-12,Tungabhadra,62.382,71.424
2019-12-13,Tungabhadra,57.823,84.296
2019-12-14,Tungabhadra,59.041,83.837
2019-12-15,Tungabhadra,51.508,83.378
2019-12-16,Tungabhadra,53.519,82.919
2019-12-17,Tungabhadra,45.845,82.46
2019-12-18,Tungabhadra,43.891,82.001
2019-12-19,Tungabhadra,35.311,81.542
2019-12-20,Tungabhadra,35.906,81.082
2019-12-21,Tungabhadra,25.995,80.623
2019-12-22,Tungabhadra,27.751,80.164
2019-12-23,Tungabhadra,25.202,79.705
2019-12-24,Tungabhadra,22.682,79.246
2019-12-25,Tungabhadra,20.162,78.787
2019-12-26,Tungabhadra,17.641,78.328
2019-12-27,Tungabhadra,15.121,77.869
2019-12-28,Tungabhadra,12.601,77.41
2019-12-29,Tungabhadra,10.081,76.951
2019-12-30,Tungabhadra,7.561,76.492
2019-12-31,Tungabhadra,5.04,76.032
2020-01-01,Tungabhadra,2.52,75.573
2020-01-02,Tungabhadra,0.0,64.685
2020-01-03,Tungabhadra,0.0,53.796
2020-01-04,Tungabhadra,0.0,42.907
2020-01-05,Tungabhadra,0.0,32.019
2020-01-06,Tungabhadra,0.0,21.13
2020-01-07,Tungabhadra,0.0,10.241
2020-01-08,Tungabhadra,0.0,22.186
2020-01-09,Tungabhadra,0.0,34.132
2020-01-10,Tungabhadra,0.0,46.077
2020-01-11,Tungabhadra,0.0,58.022
2020-01-12,Tungabhadra,0.0,69.967
2020-01-13,Tungabhadra,0.0,81.912
2020-01-14,Tungabhadra,0.0,81.542
2020-01-15,Tungabhadra,0.0,81.171
2020-01-16,Tungabhadra,0.0,80.8
2020-01-17,Tungabhadra,0.0,80.429
2020-01-18,Tungabhadra,0.0,80.058
2020-01-19,Tungabhadra,0.0,79.688
2020-01-20,Tungabhadra,0.0,79.317
2020-01-21,Tungabhadra,0.0,78.946
2020-01-22,Tungabhadra,0.0,78.575
2020-01-23,Tungabhadra,0.0,78.204
2020-01-24,Tungabhadra,0.0,77.834
2020-01-25,Tungabhadra,0.0,77.463
2020-01-26,Tungabhadra,0.0,77.092
2020-01-27,Tungabhadra,0.0,76.721
2020-01-28,Tungabhadra,0.0,76.35
2020-01-29,Tungabhadra,0.0,75.98
2020-01-30,Tungabhadra,0.0,75.609
2020-01-31,Tungabhadra,0.0,75.238
2020-02-01,Tungabhadra,0.0,74.867
2020-02-02,Tungabhadra,0.0,64.155
2020-02-03,Tungabhadra,0.0,53.443
2020-02-04,Tungabhadra,0.0,42.731
2020-02-05,Tungabhadra,0.0,32.019
2020-02-06,Tungabhadra,0.0,21.307
2020-02-07,Tungabhadra,0.0,10.594
2020-02-08,Tungabhadra,0.0,22.467
2020-02-09,Tungabhadra,0.0,34.34
2020-02-10,Tungabhadra,0.0,46.213
2020-02-11,Tungabhadra,0.0,58.086
2020-02-12,Tungabhadra,0.0,69.959
2020-02-13,Tungabhadra,0.0,81.832
2020-02-14,Tungabhadra,0.0,81.381
2020-02-15,Tungabhadra,0.0,80.929
2020-02-16,Tungabhadra,0.0,80.478
2020-02-17,Tungabhadra,0.0,80.027
2020-02-18,Tungabhadra,0.0,79.576
2020-02-19,Tungabhadra,0.0,79.124
2020-02-20,Tungabhadra,0.0,78.673
2020-02-21,Tungabhadra,0.0,78.222
2020-02-22,Tungabhadra,0.0,77.771
2020-02-23,Tungabhadra,0.0,77.32
2020-02-24,Tungabhadra,0.0,76.868
2020-02-25,Tungabhadra,0.0,76.417
2020-02-26,Tungabhadra,0.0,75.966
2020-02-27,Tungabhadra,0.0,75.515
2020-02-28,Tungabhadra,0.0,75.063
2020-02-29,Tungabhadra,0.0,74.612
2020-03-01,Tungabhadra,0.0,74.161
2020-03-02,Tungabhadra,0.0,63.566
2020-03-03,Tungabhadra,0.0,52.972
2020-03-04,Tungabhadra,0.0,42.378
2020-03-05,Tungabhadra,0.0,31.783
2020-03-06,Tungabhadra,0.0,21.189
2020-03-07,Tungabhadra,0.0,10.594
2020-03-08,Tungabhadra,0.0,22.469
2020-03-09,Tungabhadra,0.0,34.344
2020-03-10,Tungabhadra,0.0,46.218
2020-03-11,Tungabhadra,0.0,58.093
2020-03-12,Tungabhadra,0.0,69.967
2020-03-13,Tungabhadra,0.0,81.842
2020-03-14,Tungabhadra,0.0,81.4
2020-03-15,Tungabhadra,0.0,80.959
2020-03-16,Tungabhadra,0.0,80.517
2020-03-17,Tungabhadra,0.0,80.076
2020-03-18,Tungabhadra,0.0,79.635
2020-03-19,Tungabhadra,0.0,79.193
2020-03-20,Tungabhadra,0.0,78.752
2020-03-21,Tungabhadra,0.0,78.31
2020-03-22,Tungabhadra,0.0,77.869
2020-03-23,Tungabhadra,0.0,77.427
2020-03-24,Tungabhadra,0.0,76.986
2020-03-25,Tungabhadra,0.0,76.545
2020-03-26,Tungabhadra,0.0,76.103
2020-03-27,Tungabhadra,0.0,75.662
2020-03-28,Tungabhadra,0.0,75.22
2020-03-29,Tungabhadra,0.0,74.779
2020-03-30,Tungabhadra,0.0,74.337
2020-03-31,Tungabhadra,0.0,73.896
2020-04-01,Tungabhadra,0.0,73.455
2020-04-02,Tungabhadra,0.0,63.037
2020-04-03,Tungabhadra,0.0,52.619
2020-04-04,Tungabhadra,0.0,42.201
2020-04-05,Tungabhadra,0.0,31.783
2020-04-06,Tungabhadra,0.0,21.365
2020-04-07,Tungabhadra,0.0,10.948
2020-04-08,Tungabhadra,0.0,22.753
2020-04-09,Tungabhadra,0.0,34.559
2020-04-10,Tungabhadra,42.589,46.364
2020-04-11,Tungabhadra,62.467,58.17
2020-04-12,Tungabhadra,65.723,69.976
2020-04-13,Tungabhadra,68.357,81.781
2020-04-14,Tungabhadra,69.574,81.279
2020-04-15,Tungabhadra,69.659,80.778
2020-04-16,Tungabhadra,47.544,80.276
2020-04-17,Tungabhadra,42.334,79.774
2020-04-18,Tungabhadra,29.534,79.272
2020-04-19,Tungabhadra,18.236,78.77
2020-04-20,Tungabhadra,3.426,78.268
2020-04-21,Tungabhadra,0.0,77.767
2020-04-22,Tungabhadra,0.0,77.265
2020-04-23,Tungabhadra,0.0,76.763
2020-04-24,Tungabhadra,0.0,76.261
2020-04-25,Tungabhadra,0.0,75.759
2020-04-26,Tungabhadra,0.0,75.257
2020-04-27,Tungabhadra,0.0,74.756
2020-04-28,Tungabhadra,0.0,74.254
2020-04-29,Tungabhadra,0.0,73.752
2020-04-30,Tungabhadra,0.0,73.25
2020-05-01,Tungabhadra,0.0,72.748
2020-05-02,Tungabhadra,0.0,59.47
2020-05-03,Tungabhadra,0.0,46.192
2020-05-04,Tungabhadra,0.0,32.913
2020-05-05,Tungabhadra,0.0,19.635
2020-05-06,Tungabhadra,0.0,6.357
2020-05-07,Tungabhadra,0.0,10.948
2020-05-08,Tungabhadra,68.187,22.749
2020-05-09,Tungabhadra,84.866,34.55
2020-05-10,Tungabhadra,84.073,46.351
2020-05-11,Tungabhadra,79.542,58.151
2020-05-12,Tungabhadra,55.529,69.952
2020-05-13,Tungabhadra,26.25,81.753
2020-05-14,Tungabhadra,25.485,81.224
2020-05-15,Tungabhadra,31.715,80.694
2020-05-16,Tungabhadra,20.19,80.164
2020-05-17,Tungabhadra,50.008,79.635
2020-05-18,Tungabhadra,54.991,79.105
2020-05-19,Tungabhadra,52.273,78.575
2020-05-20,Tungabhadra,53.349,78.045
2020-05-21,Tungabhadra,65.638,77.516
2020-05-22,Tungabhadra,68.612,76.986
2020-05-23,Tungabhadra,68.13,76.456
2020-05-24,Tungabhadra,68.64,75.927
2020-05-25,Tungabhadra,53.377,75.397
2020-05-26,Tungabhadra,74.02,74.867
2020-05-27,Tungabhadra,60.258,74.337
2020-05-28,Tungabhadra,51.82,73.808
2020-05-29,Tungabhadra,31.035,73.278
2020-05-30,Tungabhadra,27.467,72.748
2020-05-31,Tungabhadra,19.935,72.218
2020-06-01,Tungabhadra,26.929,71.689
2020-06-02,Tungabhadra,16.169,58.622
2020-06-03,Tungabhadra,14.895,45.556
2020-06-04,Tungabhadra,9.175,32.489
2020-06-05,Tungabhadra,0.821,19.423
2020-06-06,Tungabhadra,0.878,6.357
2020-06-07,Tungabhadra,1.529,10.948
2020-06-08,Tungabhadra,4.842,22.682
2020-06-09,Tungabhadra,2.407,34.416
2020-06-10,Tungabhadra,2.407,46.151
2020-06-11,Tungabhadra,3.483,57.885
2020-06-12,Tungabhadra,2.294,69.619
2020-06-13,Tungabhadra,3.398,81.354
2020-06-14,Tungabhadra,3.625,80.778
2020-06-15,Tungabhadra,6.201,80.201
2020-06-16,Tungabhadra,4.078,79.625
2020-06-17,Tungabhadra,3.794,79.049
2020-06-18,Tungabhadra,2.832,78.473
2020-06-19,Tungabhadra,3.738,77.897
2020-06-20,Tungabhadra,18.208,77.321
2020-06-21,Tungabhadra,99.732,76.744
2020-06-22,Tungabhadra,180.435,76.168
2020-06-23,Tungabhadra,192.017,75.592
2020-06-24,Tungabhadra,158.348,75.016
2020-06-25,Tungabhadra,168.712,74.44
2020-06-26,Tungabhadra,134.845,73.863
2020-06-27,Tungabhadra,157.385,73.287
2020-06-28,Tungabhadra,185.136,72.711
2020-06-29,Tungabhadra,118.138,72.135
2020-06-30,Tungabhadra,79.542,71.559
2020-07-01,Tungabhadra,36.727,70.982
2020-07-02,Tungabhadra,54.368,58.057
2020-07-03,Tungabhadra,96.844,45.132
2020-07-04,Tungabhadra,26.929,32.207
2020-07-05,Tungabhadra,21.266,19.282
2020-07-06,Tungabhadra,35.877,6.357
2020-07-07,Tungabhadra,71.698,10.948
2020-07-08,Tungabhadra,207.308,22.625
2020-07-09,Tungabhadra,459.044,34.302
2020-07-10,Tungabhadra,736.436,45.98
2020-07-11,Tungabhadra,973.363,57.657
2020-07-12,Tungabhadra,693.678,69.334
2020-07-13,Tungabhadra,496.961,81.012
2020-07-14,Tungabhadra,442.564,80.447
2020-07-15,Tungabhadra,279.119,79.882
2020-07-16,Tungabhadra,190.374,79.317
2020-07-17,Tungabhadra,188.647,78.752
2020-07-18,Tungabhadra,174.234,78.187
2020-07-19,Tungabhadra,485.294,77.622
2020-07-20,Tungabhadra,935.079,77.057
2020-07-21,Tungabhadra,891.924,76.492
2020-07-22,Tungabhadra,635.515,75.927
2020-07-23,Tungabhadra,404.506,75.361
2020-07-24,Tungabhadra,373.669,74.796
2020-07-25,Tungabhadra,439.251,74.231
2020-07-26,Tungabhadra,251.114,73.666
2020-07-27,Tungabhadra,249.471,73.101
2020-07-28,Tungabhadra,188.222,72.536
2020-07-29,Tungabhadra,118.421,71.971
2020-07-30,Tungabhadra,145.379,71.406
2020-07-31,Tungabhadra,228.942,70.841
2020-08-01,Tungabhadra,156.281,70.276
2020-08-02,Tungabhadra,88.009,57.492
2020-08-03,Tungabhadra,179.755,44.708
2020-08-04,Tungabhadra,186.183,31.924
2020-08-05,Tungabhadra,125.897,19.141
2020-08-06,Tungabhadra,505.682,6.357
2020-08-07,Tungabhadra,2299.838,11.654
2020-08-08,Tungabhadra,2860.058,23.205
2020-08-09,Tungabhadra,3084.129,34.756
2020-08-10,Tungabhadra,3308.172,46.306
2020-08-11,Tungabhadra,2800.989,57.857
2020-08-12,Tungabhadra,1782.347,69.408
2020-08-13,Tungabhadra,1433.087,80.959
2020-08-14,Tungabhadra,1449.171,80.341
2020-08-15,Tungabhadra,1389.593,79.723
2020-08-16,Tungabhadra,955.325,79.105
2020-08-17,Tungabhadra,819.291,78.487
2020-08-18,Tungabhadra,1116.533,77.869
2020-08-19,Tungabhadra,2206.647,77.251
2020-08-20,Tungabhadra,2138.205,76.633
2020-08-21,Tungabhadra,1512.799,76.015
2020-08-22,Tungabhadra,1109.426,75.397
2020-08-23,Tungabhadra,950.483,74.779
2020-08-24,Tungabhadra,1278.138,74.161
2020-08-25,Tungabhadra,939.723,73.543
2020-08-26,Tungabhadra,887.025,72.925
2020-08-27,Tungabhadra,740.854,72.307
2020-08-28,Tungabhadra,301.348,71.689
2020-08-29,Tungabhadra,295.826,71.071
2020-08-30,Tungabhadra,254.2,70.453
2020-08-31,Tungabhadra,246.98,69.835
2020-09-01,Tungabhadra,239.759,69.217
2020-09-02,Tungabhadra,288.945,56.645
2020-09-03,Tungabhadra,291.041,44.073
2020-09-04,Tungabhadra,304.944,31.501
2020-09-05,Tungabhadra,641.49,18.929
2020-09-06,Tungabhadra,1038.917,6.357
2020-09-07,Tungabhadra,624.103,13.066
2020-09-08,Tungabhadra,713.216,24.314
2020-09-09,Tungabhadra,952.097,35.562
2020-09-10,Tungabhadra,1188.147,46.811
2020-09-11,Tungabhadra,1045.515,58.059
2020-09-12,Tungabhadra,733.067,69.307
2020-09-13,Tungabhadra,619.714,80.555
2020-09-14,Tungabhadra,278.468,79.885
2020-09-15,Tungabhadra,345.805,79.216
2020-09-16,Tungabhadra,1030.677,78.547
2020-09-17,Tungabhadra,513.668,77.878
2020-09-18,Tungabhadra,612.437,77.209
2020-09-19,Tungabhadra,446.755,76.54
2020-09-20,Tungabhadra,334.394,75.871
2020-09-21,Tungabhadra,866.552,75.202
2020-09-22,Tungabhadra,1543.268,74.533
2020-09-23,Tungabhadra,3248.31,73.863
2020-09-24,Tungabhadra,1845.55,73.194
2020-09-25,Tungabhadra,1572.293,72.525
2020-09-26,Tungabhadra,875.925,71.856
2020-09-27,Tungabhadra,1130.182,71.187
2020-09-28,Tungabhadra,586.045,70.518
2020-09-29,Tungabhadra,579.193,69.849
2020-09-30,Tungabhadra,419.118,69.18
2020-10-01,Tungabhadra,702.484,68.51
2020-10-02,Tungabhadra,518.368,56.08
2020-10-03,Tungabhadra,290.899,43.649
2020-10-04,Tungabhadra,286.397,31.218
2020-10-05,Tungabhadra,283.763,18.787
2020-10-06,Tungabhadra,216.737,6.357
2020-10-07,Tungabhadra,199.775,15.185
2020-10-08,Tungabhadra,168.683,26.077
2020-10-09,Tungabhadra,227.667,36.969
2020-10-10,Tungabhadra,333.997,47.86
2020-10-11,Tungabhadra,732.982,58.752
2020-10-12,Tungabhadra,1309.909,69.643
2020-10-13,Tungabhadra,1200.011,80.535
2020-10-14,Tungabhadra,761.129,79.846
2020-10-15,Tungabhadra,353.819,79.158
2020-10-16,Tungabhadra,436.448,78.469
2020-10-17,Tungabhadra,1353.828,77.781
2020-10-18,Tungabhadra,1079.212,77.092
2020-10-19,Tungabhadra,583.525,76.403
2020-10-20,Tungabhadra,414.644,75.715
2020-10-21,Tungabhadra,763.054,75.026
2020-10-22,Tungabhadra,619.459,74.337
2020-10-23,Tungabhadra,758.155,73.649
2020-10-24,Tungabhadra,762.261,72.96
2020-10-25,Tungabhadra,633.901,72.271
2020-10-26,Tungabhadra,705.769,71.583
2020-10-27,Tungabhadra,592.926,70.894
2020-10-28,Tungabhadra,387.997,70.206
2020-10-29,Tungabhadra,400.853,69.517
2020-10-30,Tungabhadra,402.128,68.828
2020-10-31,Tungabhadra,189.383,68.14
2020-11-01,Tungabhadra,149.371,67.451
2020-11-02,Tungabhadra,144.331,55.232
2020-11-03,Tungabhadra,133.457,43.013
2020-11-04,Tungabhadra,139.715,30.794
2020-11-05,Tungabhadra,141.556,18.576
2020-11-06,Tungabhadra,143.368,6.357
2020-11-07,Tungabhadra,123.971,18.364
2020-11-08,Tungabhadra,113.324,28.654
2020-11-09,Tungabhadra,103.498,38.945
2020-11-10,Tungabhadra,98.741,49.236
2020-11-11,Tungabhadra,86.423,59.527
2020-11-12,Tungabhadra,84.214,69.818
2020-11-13,Tungabhadra,68.357,80.109
2020-11-14,Tungabhadra,65.44,79.346
2020-11-15,Tungabhadra,65.185,78.584
2020-11-16,Tungabhadra,65.723,77.822
2020-11-17,Tungabhadra,44.457,77.06
2020-11-18,Tungabhadra,38.992,76.298
2020-11-19,Tungabhadra,33.924,75.536
2020-11-20,Tungabhadra,32.649,74.774
2020-11-21,Tungabhadra,34.009,74.012
2020-11-22,Tungabhadra,31.545,73.25
2020-11-23,Tungabhadra,26.929,72.488
2020-11-24,Tungabhadra,20.643,71.726
2020-11-25,Tungabhadra,10.364,70.964
2020-11-26,Tungabhadra,6.173,70.202
2020-11-27,Tungabhadra,21.323,69.44
2020-11-28,Tungabhadra,33.272,68.678
2020-11-29,Tungabhadra,34.462,67.916
2020-11-30,Tungabhadra,34.037,67.154
2020-12-01,Tungabhadra,28.883,66.392
2020-12-02,Tungabhadra,41.512,54.385
2020-12-03,Tungabhadra,37.973,42.378
2020-12-04,Tungabhadra,34.632,30.371
2020-12-05,Tungabhadra,36.727,18.364
2020-12-06,Tungabhadra,29.619,6.357
2020-12-07,Tungabhadra,21.577,16.87
2020-12-08,Tungabhadra,14.357,27.384
2020-12-09,Tungabhadra,32.026,37.898
2020-12-10,Tungabhadra,28.912,48.411
2020-12-11,Tungabhadra,33.074,58.925
2020-12-12,Tungabhadra,27.297,69.439
2020-12-13,Tungabhadra,23.673,79.952
2020-12-14,Tungabhadra,25.542,79.387
2020-12-15,Tungabhadra,21.861,78.822
2020-12-16,Tungabhadra,15.886,78.257
2020-12-17,Tungabhadra,18.434,77.692
2020-12-18,Tungabhadra,9.118,77.127
2020-12-19,Tungabhadra,8.467,76.562
2020-12-20,Tungabhadra,2.35,75.997
2020-12-21,Tungabhadra,0.0,75.432
2020-12-22,Tungabhadra,0.0,74.867
2020-12-23,Tungabhadra,0.0,74.302
2020-12-24,Tungabhadra,0.0,73.737
2020-12-25,Tungabhadra,0.0,73.172
2020-12-26,Tungabhadra,0.0,72.607
2020-12-27,Tungabhadra,0.0,72.042
2020-12-28,Tungabhadra,0.0,71.477
2020-12-29,Tungabhadra,0.0,70.912
2020-12-30,Tungabhadra,0.0,70.347
2020-12-31,Tungabhadra,0.0,69.782
2021-01-01,Tungabhadra,0.0,69.217
2021-01-02,Tungabhadra,0.0,57.139
2021-01-03,Tungabhadra,0.0,45.062
2021-01-04,Tungabhadra,0.0,32.984
2021-01-05,Tungabhadra,0.0,20.906
2021-01-06,Tungabhadra,0.0,8.829
2021-01-07,Tungabhadra,0.0,21.764
2021-01-08,Tungabhadra,0.0,34.699
2021-01-09,Tungabhadra,0.0,47.634
2021-01-10,Tungabhadra,0.0,60.57
2021-01-11,Tungabhadra,0.0,73.505
2021-01-12,Tungabhadra,0.0,86.44
2021-01-13,Tungabhadra,82.43,99.375
2021-01-14,Tungabhadra,57.965,97.751
2021-01-15,Tungabhadra,32.564,96.127
2021-01-16,Tungabhadra,37.916,94.502
2021-01-17,Tungabhadra,13.054,92.878
2021-01-18,Tungabhadra,7.617,91.253
2021-01-19,Tungabhadra,2.322,89.629
2021-01-20,Tungabhadra,0.0,88.004
2021-01-21,Tungabhadra,0.0,86.38
2021-01-22,Tungabhadra,0.0,84.755
2021-01-23,Tungabhadra,0.0,83.131
2021-01-24,Tungabhadra,0.0,81.506
2021-01-25,Tungabhadra,0.0,79.882
2021-01-26,Tungabhadra,0.0,78.257
2021-01-27,Tungabhadra,0.0,76.633
2021-01-28,Tungabhadra,0.0,75.008
2021-01-29,Tungabhadra,0.0,73.384
2021-01-30,Tungabhadra,0.0,71.759
2021-01-31,Tungabhadra,0.0,70.135
2021-02-01,Tungabhadra,0.142,68.51
2021-02-02,Tungabhadra,0.0,56.574
2021-02-03,Tungabhadra,0.028,44.638
2021-02-04,Tungabhadra,0.028,32.701
2021-02-05,Tungabhadra,0.113,20.765
2021-02-06,Tungabhadra,0.0,8.829
2021-02-07,Tungabhadra,0.0,21.714
2021-02-08,Tungabhadra,28.572,34.599
2021-02-09,Tungabhadra,0.0,47.485
2021-02-10,Tungabhadra,0.085,60.37
2021-02-11,Tungabhadra,0.0,73.256
2021-02-12,Tungabhadra,0.0,86.141
2021-02-13,Tungabhadra,0.0,99.026
2021-02-14,Tungabhadra,0.0,97.053
2021-02-15,Tungabhadra,0.0,95.08
2021-02-16,Tungabhadra,0.0,93.106
2021-02-17,Tungabhadra,0.0,91.133
2021-02-18,Tungabhadra,0.0,89.159
2021-02-19,Tungabhadra,0.0,87.186
2021-02-20,Tungabhadra,0.0,85.212
2021-02-21,Tungabhadra,0.255,83.239
2021-02-22,Tungabhadra,0.0,81.265
2021-02-23,Tungabhadra,0.0,79.292
2021-02-24,Tungabhadra,0.113,77.318
2021-02-25,Tungabhadra,0.085,75.345
2021-02-26,Tungabhadra,0.113,73.371
2021-02-27,Tungabhadra,0.0,71.398
2021-02-28,Tungabhadra,0.0,69.424
2021-03-01,Tungabhadra,0.0,67.451
2021-03-02,Tungabhadra,0.0,55.727
2021-03-03,Tungabhadra,0.0,44.002
2021-03-04,Tungabhadra,0.0,32.278
2021-03-05,Tungabhadra,0.028,20.553
2021-03-06,Tungabhadra,0.17,8.829
2021-03-07,Tungabhadra,0.0,21.751
2021-03-08,Tungabhadra,0.142,34.674
2021-03-09,Tungabhadra,0.085,47.597
2021-03-10,Tungabhadra,0.0,60.519
2021-03-11,Tungabhadra,0.142,73.442
2021-03-12,Tungabhadra,0.0,86.365
2021-03-13,Tungabhadra,0.0,99.287
2021-03-14,Tungabhadra,0.0,97.574
2021-03-15,Tungabhadra,0.17,95.862
2021-03-16,Tungabhadra,0.0,94.149
2021-03-17,Tungabhadra,0.057,92.436
2021-03-18,Tungabhadra,0.0,90.723
2021-03-19,Tungabhadra,0.0,89.011
2021-03-20,Tungabhadra,0.17,87.298
2021-03-21,Tungabhadra,0.0,85.585
2021-03-22,Tungabhadra,0.311,83.872
2021-03-23,Tungabhadra,0.0,82.16
2021-03-24,Tungabhadra,0.198,80.447
2021-03-25,Tungabhadra,25.712,78.734
2021-03-26,Tungabhadra,0.0,77.021
2021-03-27,Tungabhadra,0.0,75.309
2021-03-28,Tungabhadra,56.549,73.596
2021-03-29,Tungabhadra,54.425,71.883
2021-03-30,Tungabhadra,54.963,70.17
2021-03-31,Tungabhadra,54.283,68.457
2021-04-01,Tungabhadra,24.324,66.745
2021-04-02,Tungabhadra,8.778,55.232
2021-04-03,Tungabhadra,10.874,43.72
2021-04-04,Tungabhadra,0.0,32.207
2021-04-05,Tungabhadra,0.0,20.694
2021-04-06,Tungabhadra,0.198,9.182
2021-04-07,Tungabhadra,0.0,22.033
2021-04-08,Tungabhadra,0.142,34.885
2021-04-09,Tungabhadra,0.0,47.736
2021-04-10,Tungabhadra,0.17,60.587
2021-04-11,Tungabhadra,0.0,73.439
2021-04-12,Tungabhadra,0.0,86.29
2021-04-13,Tungabhadra,0.0,99.141
2021-04-14,Tungabhadra,0.283,97.283
2021-04-15,Tungabhadra,0.0,95.424
2021-04-16,Tungabhadra,0.085,93.565
2021-04-17,Tungabhadra,0.0,91.707
2021-04-18,Tungabhadra,0.142,89.848
2021-04-19,Tungabhadra,0.057,87.989
2021-04-20,Tungabhadra,0.0,86.131
2021-04-21,Tungabhadra,0.311,84.272
2021-04-22,Tungabhadra,0.0,82.413
2021-04-23,Tungabhadra,0.0,80.555
2021-04-24,Tungabhadra,18.944,78.696
2021-04-25,Tungabhadra,17.981,76.837
2021-04-26,Tungabhadra,23.645,74.979
2021-04-27,Tungabhadra,41.173,73.12
2021-04-28,Tungabhadra,74.134,71.261
2021-04-29,Tungabhadra,41.144,69.403
2021-04-30,Tungabhadra,63.175,67.544
2021-05-01,Tungabhadra,27.694,65.685
2021-05-02,Tungabhadra,8.523,54.385
2021-05-03,Tungabhadra,1.416,43.084
2021-05-04,Tungabhadra,0.425,31.783
2021-05-05,Tungabhadra,122.725,20.483
2021-05-06,Tungabhadra,38.171,9.182
2021-05-07,Tungabhadra,28.175,22.041
2021-05-08,Tungabhadra,103.583,34.901
2021-05-09,Tungabhadra,186.127,47.761
2021-05-10,Tungabhadra,135.439,60.62
2021-05-11,Tungabhadra,71.642,73.48
2021-05-12,Tungabhadra,31.885,86.339
2021-05-13,Tungabhadra,131.305,99.199
2021-05-14,Tungabhadra,142.094,97.398
2021-05-15,Tungabhadra,43.466,95.597
2021-05-16,Tungabhadra,35.226,93.796
2021-05-17,Tungabhadra,13.535,91.995
2021-05-18,Tungabhadra,7.674,90.194
2021-05-19,Tungabhadra,4.021,88.393
2021-05-20,Tungabhadra,115.448,86.592
2021-05-21,Tungabhadra,113.182,84.791
2021-05-22,Tungabhadra,35.056,82.989
2021-05-23,Tungabhadra,21.181,81.188
2021-05-24,Tungabhadra,59.664,79.387
2021-05-25,Tungabhadra,226.79,77.586
2021-05-26,Tungabhadra,121.791,75.785
2021-05-27,Tungabhadra,65.214,73.984
2021-05-28,Tungabhadra,52.386,72.183
2021-05-29,Tungabhadra,12.573,70.382
2021-05-30,Tungabhadra,10.619,68.581
2021-05-31,Tungabhadra,10.93,66.78
2021-06-01,Tungabhadra,60.032,64.979
2021-06-02,Tungabhadra,15.234,53.89
2021-06-03,Tungabhadra,77.56,42.801
2021-06-04,Tungabhadra,63.911,31.713
2021-06-05,Tungabhadra,75.917,20.624
2021-06-06,Tungabhadra,70.707,9.535
2021-06-07,Tungabhadra,25.882,22.323
2021-06-08,Tungabhadra,26.674,35.11
2021-06-09,Tungabhadra,88.094,47.898
2021-06-10,Tungabhadra,20.87,60.685
2021-06-11,Tungabhadra,9.769,73.473
2021-06-12,Tungabhadra,23.022,86.261
2021-06-13,Tungabhadra,14.951,99.048
2021-06-14,Tungabhadra,9.939,97.097
2021-06-15,Tungabhadra,9.826,95.145
2021-06-16,Tungabhadra,33.357,93.194
2021-06-17,Tungabhadra,16.084,91.242
2021-06-18,Tungabhadra,201.418,89.29
2021-06-19,Tungabhadra,599.439,87.339
2021-06-20,Tungabhadra,1210.46,85.387
2021-06-21,Tungabhadra,1309.626,83.436
2021-06-22,Tungabhadra,1047.129,81.484
2021-06-23,Tungabhadra,915.823,79.532
2021-06-24,Tungabhadra,728.989,77.581
2021-06-25,Tungabhadra,523.777,75.629
2021-06-26,Tungabhadra,323.973,73.678
2021-06-27,Tungabhadra,341.218,71.726
2021-06-28,Tungabhadra,173.412,69.774
2021-06-29,Tungabhadra,110.294,67.823
2021-06-30,Tungabhadra,98.316,65.871
2021-07-01,Tungabhadra,170.411,63.92
2021-07-02,Tungabhadra,148.097,53.043
2021-07-03,Tungabhadra,68.442,42.166
2021-07-04,Tungabhadra,88.547,31.289
2021-07-05,Tungabhadra,69.943,20.412
2021-07-06,Tungabhadra,58.984,9.535
2021-07-07,Tungabhadra,230.584,22.331
2021-07-08,Tungabhadra,113.862,35.128
2021-07-09,Tungabhadra,101.488,47.925
2021-07-10,Tungabhadra,91.548,60.721
2021-07-11,Tungabhadra,65.185,73.518
2021-07-12,Tungabhadra,92.483,86.314
2021-07-13,Tungabhadra,55.558,99.111
2021-07-14,Tungabhadra,31.517,97.221
2021-07-15,Tungabhadra,190.204,95.332
2021-07-16,Tungabhadra,334.677,93.443
2021-07-17,Tungabhadra,1304.104,91.553
2021-07-18,Tungabhadra,1617.628,89.664
2021-07-19,Tungabhadra,1251.548,87.775
2021-07-20,Tungabhadra,1287.765,85.885
2021-07-21,Tungabhadra,1721.098,83.996
2021-07-22,Tungabhadra,1157.083,82.107
2021-07-23,Tungabhadra,1255.003,80.217
2021-07-24,Tungabhadra,2123.962,78.328
2021-07-25,Tungabhadra,4065.025,76.439
2021-07-26,Tungabhadra,5169.014,74.549
2021-07-27,Tungabhadra,4203.721,72.66
2021-07-28,Tungabhadra,2895.114,70.771
2021-07-29,Tungabhadra,2106.462,68.881
2021-07-30,Tungabhadra,1688.08,66.992
2021-07-31,Tungabhadra,1202.758,65.103
2021-08-01,Tungabhadra,1025.495,63.213
2021-08-02,Tungabhadra,1060.806,52.478
2021-08-03,Tungabhadra,835.347,41.742
2021-08-04,Tungabhadra,706.335,31.006
2021-08-05,Tungabhadra,715.793,20.271
2021-08-06,Tungabhadra,1158.527,9.535
2021-08-07,Tungabhadra,1460.158,22.324
2021-08-08,Tungabhadra,1721.07,35.113
2021-08-09,Tungabhadra,2049.262,47.902
2021-08-10,Tungabhadra,2161.623,60.691
2021-08-11,Tungabhadra,1038.605,73.48
2021-08-12,Tungabhadra,828.07,86.269
2021-08-13,Tungabhadra,757.221,99.058
2021-08-14,Tungabhadra,826.087,97.115
2021-08-15,Tungabhadra,324.681,95.173
2021-08-16,Tungabhadra,440.553,93.231
2021-08-17,Tungabhadra,518.312,91.288
2021-08-18,Tungabhadra,401.561,89.346
2021-08-19,Tungabhadra,403.713,87.404
2021-08-20,Tungabhadra,375.623,85.461
2021-08-21,Tungabhadra,423.478,83.519
2021-08-22,Tungabhadra,404.506,81.577
2021-08-23,Tungabhadra,410.821,79.635
2021-08-24,Tungabhadra,212.744,77.692
2021-08-25,Tungabhadra,315.535,75.75
2021-08-26,Tungabhadra,231.915,73.808
2021-08-27,Tungabhadra,137.535,71.865
2021-08-28,Tungabhadra,225.6,69.923
2021-08-29,Tungabhadra,327.683,67.981
2021-08-30,Tungabhadra,415.974,66.038
2021-08-31,Tungabhadra,531.167,64.096
2021-09-01,Tungabhadra,605.414,62.154
2021-09-02,Tungabhadra,386.072,51.701
2021-09-03,Tungabhadra,430.274,41.248
2021-09-04,Tungabhadra,410.679,30.794
2021-09-05,Tungabhadra,293.674,20.341
2021-09-06,Tungabhadra,417.9,9.888
2021-09-07,Tungabhadra,335.725,22.607
2021-09-08,Tungabhadra,292.796,35.325
2021-09-09,Tungabhadra,409.405,48.044
2021-09-10,Tungabhadra,424.073,60.762
2021-09-11,Tungabhadra,712.678,73.481
2021-09-12,Tungabhadra,682.691,86.2
2021-09-13,Tungabhadra,499.962,98.918
2021-09-14,Tungabhadra,421.751,96.837
2021-09-15,Tungabhadra,1037.274,94.755
2021-09-16,Tungabhadra,1313.165,92.673
2021-09-17,Tungabhadra,1161.642,90.591
2021-09-18,Tungabhadra,767.556,88.51
2021-09-19,Tungabhadra,448.737,86.428
2021-09-20,Tungabhadra,451.172,84.346
2021-09-21,Tungabhadra,278.1,82.265
2021-09-22,Tungabhadra,399.437,80.183
2021-09-23,Tungabhadra,304.349,78.101
2021-09-24,Tungabhadra,287.303,76.019
2021-09-25,Tungabhadra,702.343,73.938
2021-09-26,Tungabhadra,287.926,71.856
2021-09-27,Tungabhadra,270.567,69.774
2021-09-28,Tungabhadra,252.898,67.693
2021-09-29,Tungabhadra,210.366,65.611
2021-09-30,Tungabhadra,151.354,63.529
2021-10-01,Tungabhadra,163.87,61.448
2021-10-02,Tungabhadra,310.069,51.136
2021-10-03,Tungabhadra,460.149,40.824
2021-10-04,Tungabhadra,962.263,30.512
2021-10-05,Tungabhadra,963.169,20.2
2021-10-06,Tungabhadra,669.467,9.888
2021-10-07,Tungabhadra,863.522,22.614
2021-10-08,Tungabhadra,1145.898,35.34
2021-10-09,Tungabhadra,1675.253,48.066
2021-10-10,Tungabhadra,1296.912,60.792
2021-10-11,Tungabhadra,819.886,73.518
2021-10-12,Tungabhadra,399.806,86.243
2021-10-13,Tungabhadra,587.801,98.969
2021-10-14,Tungabhadra,966.822,96.939
2021-10-15,Tungabhadra,1091.501,94.908
2021-10-16,Tungabhadra,1331.515,92.878
2021-10-17,Tungabhadra,751.586,90.847
2021-10-18,Tungabhadra,467.766,88.816
2021-10-19,Tungabhadra,404.733,86.786
2021-10-20,Tungabhadra,219.965,84.755
2021-10-21,Tungabhadra,183.295,82.725
2021-10-22,Tungabhadra,267.623,80.694
2021-10-23,Tungabhadra,238.824,78.663
2021-10-24,Tungabhadra,579.646,76.633
2021-10-25,Tungabhadra,778.883,74.602
2021-10-26,Tungabhadra,824.898,72.572
2021-10-27,Tungabhadra,817.139,70.541
2021-10-28,Tungabhadra,630.616,68.51
2021-10-29,Tungabhadra,458.591,66.48
2021-10-30,Tungabhadra,292.4,64.449
2021-10-31,Tungabhadra,323.747,62.419
2021-11-01,Tungabhadra,247.093,60.388
2021-11-02,Tungabhadra,152.628,50.288
2021-11-03,Tungabhadra,206.458,40.188
2021-11-04,Tungabhadra,215.463,30.088
2021-11-05,Tungabhadra,102.535,19.988
2021-11-06,Tungabhadra,235.823,9.888
2021-11-07,Tungabhadra,189.893,22.593
2021-11-08,Tungabhadra,324.086,35.299
2021-11-09,Tungabhadra,306.417,48.004
2021-11-10,Tungabhadra,301.405,60.709
2021-11-11,Tungabhadra,254.484,73.415
2021-11-12,Tungabhadra,227.979,86.12
2021-11-13,Tungabhadra,154.129,98.825
2021-11-14,Tungabhadra,238.315,96.651
2021-11-15,Tungabhadra,168.967,94.476
2021-11-16,Tungabhadra,166.192,92.301
2021-11-17,Tungabhadra,719.588,90.127
2021-11-18,Tungabhadra,830.08,87.952
2021-11-19,Tungabhadra,925.168,85.777
2021-11-20,Tungabhadra,1292.607,83.603
2021-11-21,Tungabhadra,2268.661,81.428
2021-11-22,Tungabhadra,2281.687,79.254
2021-11-23,Tungabhadra,1581.213,77.079
2021-11-24,Tungabhadra,674.621,74.904
2021-11-25,Tungabhadra,672.327,72.73
2021-11-26,Tungabhadra,593.436,70.555
2021-11-27,Tungabhadra,477.677,68.38
2021-11-28,Tungabhadra,493.053,66.206
2021-11-29,Tungabhadra,352.12,64.031
2021-11-30,Tungabhadra,507.211,61.856
2021-12-01,Tungabhadra,245.167,59.682
2021-12-02,Tungabhadra,314.402,49.723
2021-12-03,Tungabhadra,236.332,39.764
2021-12-04,Tungabhadra,279.119,29.806
2021-12-05,Tungabhadra,247.093,19.847
2021-12-06,Tungabhadra,271.559,9.888
2021-12-07,Tungabhadra,285.604,22.856
2021-12-08,Tungabhadra,209.941,35.824
2021-12-09,Tungabhadra,154.525,48.792
2021-12-10,Tungabhadra,133.542,61.76
2021-12-11,Tungabhadra,203.287,74.728
2021-12-12,Tungabhadra,232.651,87.696
2021-12-13,Tungabhadra,155.006,100.664
2021-12-14,Tungabhadra,143.595,100.329
2021-12-15,Tungabhadra,163.983,99.993
2021-12-16,Tungabhadra,101.771,99.658
2021-12-17,Tungabhadra,78.947,99.323
2021-12-18,Tungabhadra,101.431,98.987
2021-12-19,Tungabhadra,102.422,98.652
2021-12-20,Tungabhadra,129.918,98.316
2021-12-21,Tungabhadra,54.51,97.981
2021-12-22,Tungabhadra,79.995,97.645
2021-12-23,Tungabhadra,84.073,97.31
2021-12-24,Tungabhadra,84.526,96.974
2021-12-25,Tungabhadra,82.289,96.639
2021-12-26,Tungabhadra,82.232,96.303
2021-12-27,Tungabhadra,81.099,95.968
2021-12-28,Tungabhadra,40.21,95.632
2021-12-29,Tungabhadra,52.584,95.297
2021-12-30,Tungabhadra,32.791,94.961
2021-12-31,Tungabhadra,34.971,94.626
2022-01-01,Tungabhadra,43.551,94.29
2022-01-02,Tungabhadra,45.76,95.428
2022-01-03,Tungabhadra,44.995,96.566
2022-01-04,Tungabhadra,22.88,97.704
2022-01-05,Tungabhadra,20.558,98.842
2022-01-06,Tungabhadra,32.904,99.98
2022-01-07,Tungabhadra,26.703,101.118
2022-01-08,Tungabhadra,22.37,102.256
2022-01-09,Tungabhadra,7.221,103.393
2022-01-10,Tungabhadra,11.242,104.531
2022-01-11,Tungabhadra,9.514,104.531
2022-01-12,Tungabhadra,10.675,91.818
2022-01-13,Tungabhadra,7.589,91.906
2022-01-14,Tungabhadra,13.734,91.995
2022-01-15,Tungabhadra,7.476,92.083
2022-01-16,Tungabhadra,15.971,92.171
2022-01-17,Tungabhadra,9.741,92.26
2022-01-18,Tungabhadra,19.227,92.348
2022-01-19,Tungabhadra,39.332,92.436
2022-01-20,Tungabhadra,38.426,92.524
2022-01-21,Tungabhadra,31.007,92.613
2022-01-22,Tungabhadra,30.695,92.701
2022-01-23,Tungabhadra,33.414,92.789
2022-01-24,Tungabhadra,11.893,92.878
2022-01-25,Tungabhadra,6.824,92.966
2022-01-26,Tungabhadra,7.561,93.054
2022-01-27,Tungabhadra,9.118,93.142
2022-01-28,Tungabhadra,6.881,93.231
2022-01-29,Tungabhadra,2.888,93.319
2022-01-30,Tungabhadra,7.844,93.407
2022-01-31,Tungabhadra,2.747,93.496
2022-02-01,Tungabhadra,2.18,93.584
2022-02-02,Tungabhadra,4.502,94.918
2022-02-03,Tungabhadra,18.123,96.252
2022-02-04,Tungabhadra,22.115,97.586
2022-02-05,Tungabhadra,15.688,98.92
2022-02-06,Tungabhadra,15.659,100.254
2022-02-07,Tungabhadra,22.399,101.589
2022-02-08,Tungabhadra,14.13,102.923
2022-02-09,Tungabhadra,8.863,104.257
2022-02-10,Tungabhadra,0.0,105.591
2022-02-11,Tungabhadra,0.0,104.531
2022-02-12,Tungabhadra,0.0,91.465
2022-02-13,Tungabhadra,0.0,91.548
2022-02-14,Tungabhadra,0.0,91.631
2022-02-15,Tungabhadra,0.0,91.714
2022-02-16,Tungabhadra,0.0,91.797
2022-02-17,Tungabhadra,0.0,91.88
2022-02-18,Tungabhadra,0.0,91.964
2022-02-19,Tungabhadra,0.0,92.047
2022-02-20,Tungabhadra,0.028,92.13
2022-02-21,Tungabhadra,0.0,92.213
2022-02-22,Tungabhadra,0.0,92.296
2022-02-23,Tungabhadra,0.0,92.379
2022-02-24,Tungabhadra,0.0,92.462
2022-02-25,Tungabhadra,0.0,92.545
2022-02-26,Tungabhadra,0.0,92.628
2022-02-27,Tungabhadra,0.028,92.711
2022-02-28,Tungabhadra,0.0,92.794
2022-03-01,Tungabhadra,0.028,92.878
2022-03-02,Tungabhadra,0.0,94.29
2022-03-03,Tungabhadra,0.0,95.703
2022-03-04,Tungabhadra,0.0,97.115
2022-03-05,Tungabhadra,0.0,98.528
2022-03-06,Tungabhadra,0.028,99.941
2022-03-07,Tungabhadra,0.0,101.353
2022-03-08,Tungabhadra,0.0,102.766
2022-03-09,Tungabhadra,0.0,104.178
2022-03-10,Tungabhadra,0.0,105.591
2022-03-11,Tungabhadra,0.0,102.766
2022-03-12,Tungabhadra,0.0,91.112
2022-03-13,Tungabhadra,0.0,91.165
2022-03-14,Tungabhadra,0.0,91.218
2022-03-15,Tungabhadra,0.0,91.271
2022-03-16,Tungabhadra,0.028,91.324
2022-03-17,Tungabhadra,0.0,91.377
2022-03-18,Tungabhadra,0.0,91.43
2022-03-19,Tungabhadra,0.0,91.483
2022-03-20,Tungabhadra,0.0,91.536
2022-03-21,Tungabhadra,0.028,91.589
2022-03-22,Tungabhadra,0.0,91.642
2022-03-23,Tungabhadra,0.0,91.695
2022-03-24,Tungabhadra,0.0,91.748
2022-03-25,Tungabhadra,0.0,91.8
2022-03-26,Tungabhadra,0.028,91.853
2022-03-27,Tungabhadra,0.0,91.906
2022-03-28,Tungabhadra,0.0,91.959
2022-03-29,Tungabhadra,0.0,92.012
2022-03-30,Tungabhadra,0.0,92.065
2022-03-31,Tungabhadra,0.0,92.118
2022-04-01,Tungabhadra,0.0,92.171
2022-04-02,Tungabhadra,0.0,93.702
2022-04-03,Tungabhadra,0.0,95.232
2022-04-04,Tungabhadra,0.0,96.762
2022-04-05,Tungabhadra,0.0,98.292
2022-04-06,Tungabhadra,0.0,99.823
2022-04-07,Tungabhadra,0.0,101.353
2022-04-08,Tungabhadra,0.0,102.883
2022-04-09,Tungabhadra,0.0,104.414
2022-04-10,Tungabhadra,0.0,105.944
2022-04-11,Tungabhadra,0.028,103.825
2022-04-12,Tungabhadra,0.0,90.759
2022-04-13,Tungabhadra,0.0,90.796
2022-04-14,Tungabhadra,0.0,90.833
2022-04-15,Tungabhadra,0.0,90.87
2022-04-16,Tungabhadra,0.0,90.907
2022-04-17,Tungabhadra,0.0,90.945
2022-04-18,Tungabhadra,0.0,90.982
2022-04-19,Tungabhadra,0.0,91.019
2022-04-20,Tungabhadra,101.148,91.056
2022-04-21,Tungabhadra,97.976,91.093
2022-04-22,Tungabhadra,114.598,91.13
2022-04-23,Tungabhadra,128.474,91.168
2022-04-24,Tungabhadra,121.762,91.205
2022-04-25,Tungabhadra,89.283,91.242
2022-04-26,Tungabhadra,110.322,91.279
2022-04-27,Tungabhadra,74.332,91.316
2022-04-28,Tungabhadra,85.885,91.353
2022-04-29,Tungabhadra,32.791,91.391
2022-04-30,Tungabhadra,96.702,91.428
2022-05-01,Tungabhadra,95.173,91.465
2022-05-02,Tungabhadra,40.72,93.074
2022-05-03,Tungabhadra,42.985,94.683
2022-05-04,Tungabhadra,44.656,96.291
2022-05-05,Tungabhadra,21.039,97.9
2022-05-06,Tungabhadra,44.882,99.509
2022-05-07,Tungabhadra,35.339,101.118
2022-05-08,Tungabhadra,18.463,102.726
2022-05-09,Tungabhadra,126.293,104.335
2022-05-10,Tungabhadra,83.79,105.944
2022-05-11,Tungabhadra,125.698,103.472
2022-05-12,Tungabhadra,87.584,90.406
2022-05-13,Tungabhadra,119.101,90.423
2022-05-14,Tungabhadra,163.247,90.441
2022-05-15,Tungabhadra,264.536,90.459
2022-05-16,Tungabhadra,118.987,90.476
2022-05-17,Tungabhadra,14.895,90.494
2022-05-18,Tungabhadra,15.404,90.511
2022-05-19,Tungabhadra,88.518,90.529
2022-05-20,Tungabhadra,454.174,90.547
2022-05-21,Tungabhadra,1732.68,90.564
2022-05-22,Tungabhadra,2538.973,90.582
2022-05-23,Tungabhadra,1230.254,90.6
2022-05-24,Tungabhadra,733.435,90.617
2022-05-25,Tungabhadra,493.166,90.635
2022-05-26,Tungabhadra,448.822,90.653
2022-05-27,Tungabhadra,154.327,90.67
2022-05-28,Tungabhadra,156.082,90.688
2022-05-29,Tungabhadra,122.612,90.706
2022-05-30,Tungabhadra,79.146,90.723
2022-05-31,Tungabhadra,86.819,90.741
2022-06-01,Tungabhadra,196.859,90.759
2022-06-02,Tungabhadra,83.62,92.446
2022-06-03,Tungabhadra,155.29,94.133
2022-06-04,Tungabhadra,156.96,95.82
2022-06-05,Tungabhadra,72.604,97.508
2022-06-06,Tungabhadra,42.702,99.195
2022-06-07,Tungabhadra,50.177,100.882
2022-06-08,Tungabhadra,51.14,102.569
2022-06-09,Tungabhadra,53.066,104.257
2022-06-10,Tungabhadra,102.167,105.944
2022-06-11,Tungabhadra,74.615,103.119
2022-06-12,Tungabhadra,61.164,90.052
2022-06-13,Tungabhadra,33.017,90.052
2022-06-14,Tungabhadra,39.927,90.052
2022-06-15,Tungabhadra,20.048,90.052
2022-06-16,Tungabhadra,12.856,90.052
2022-06-17,Tungabhadra,24.296,90.052
2022-06-18,Tungabhadra,30.271,90.052
2022-06-19,Tungabhadra,90.529,90.052
2022-06-20,Tungabhadra,72.633,90.052
2022-06-21,Tungabhadra,85.574,90.052
2022-06-22,Tungabhadra,53.887,90.052
2022-06-23,Tungabhadra,65.78,90.052
2022-06-24,Tungabhadra,63.09,90.052
2022-06-25,Tungabhadra,63.26,90.052
2022-06-26,Tungabhadra,46.638,90.052
2022-06-27,Tungabhadra,40.918,90.052
2022-06-28,Tungabhadra,64.081,90.052
2022-06-29,Tungabhadra,143.368,90.052
2022-06-30,Tungabhadra,125.557,90.052
2022-07-01,Tungabhadra,230.556,90.052
2022-07-02,Tungabhadra,177.15,91.818
2022-07-03,Tungabhadra,305.482,93.584
2022-07-04,Tungabhadra,321.963,95.35
2022-07-05,Tungabhadra,638.12,97.115
2022-07-06,Tungabhadra,964.868,98.881
2022-07-07,Tungabhadra,1725.629,100.647
2022-07-08,Tungabhadra,2147.606,102.413
2022-07-09,Tungabhadra,2703.749,104.178
2022-07-10,Tungabhadra,2499.5,105.944
2022-07-11,Tungabhadra,2574.115,103.119
2022-07-12,Tungabhadra,2329.797,96.409
2022-07-13,Tungabhadra,2567.29,89.699
2022-07-14,Tungabhadra,2949.2,89.699
2022-07-15,Tungabhadra,3005.352,89.699
2022-07-16,Tungabhadra,3748.754,89.699
2022-07-17,Tungabhadra,4718.21,89.699
2022-07-18,Tungabhadra,4657.187,89.699
2022-07-19,Tungabhadra,4736.87,89.699
2022-07-20,Tungabhadra,4195.367,89.699
2022-07-21,Tungabhadra,3698.916,89.699
2022-07-22,Tungabhadra,2220.834,89.699
2022-07-23,Tungabhadra,1370.847,89.699
2022-07-24,Tungabhadra,1271.879,89.699
2022-07-25,Tungabhadra,588.452,89.699
2022-07-26,Tungabhadra,888.073,89.699
2022-07-27,Tungabhadra,1078.504,89.699
2022-07-28,Tungabhadra,1153.458,89.699
2022-07-29,Tungabhadra,1971.759,89.699
2022-07-30,Tungabhadra,1694.792,89.699
2022-07-31,Tungabhadra,1180.473,89.699
2022-08-01,Tungabhadra,1163.568,89.699
2022-08-02,Tungabhadra,1048.233,91.504
2022-08-03,Tungabhadra,1353.545,93.309
2022-08-04,Tungabhadra,1981.698,95.114
2022-08-05,Tungabhadra,1873.726,96.919
2022-08-06,Tungabhadra,1395.879,98.724
2022-08-07,Tungabhadra,1944.688,100.529
2022-08-08,Tungabhadra,3076.569,102.334
2022-08-09,Tungabhadra,3602.781,104.139
2022-08-10,Tungabhadra,4065.648,105.944
2022-08-11,Tungabhadra,5248.896,102.413
2022-08-12,Tungabhadra,4455.514,89.346
2022-08-13,Tungabhadra,3391.764,89.311
2022-08-14,Tungabhadra,3309.673,89.275
2022-08-15,Tungabhadra,2810.22,89.24
2022-08-16,Tungabhadra,2395.832,89.205
2022-08-17,Tungabhadra,1852.035,89.17
2022-08-18,Tungabhadra,1400.07,89.134
2022-08-19,Tungabhadra,975.119,89.099
2022-08-20,Tungabhadra,883.712,89.064
2022-08-21,Tungabhadra,872.131,89.028
2022-08-22,Tungabhadra,863.579,88.993
2022-08-23,Tungabhadra,536.066,88.958
2022-08-24,Tungabhadra,735.502,88.922
2022-08-25,Tungabhadra,1122.876,88.887
2022-08-26,Tungabhadra,1291.277,88.852
2022-08-27,Tungabhadra,1435.579,88.816
2022-08-28,Tungabhadra,1866.165,88.781
2022-08-29,Tungabhadra,1666.956,88.746
2022-08-30,Tungabhadra,1939.959,88.71
2022-08-31,Tungabhadra,2360.209,88.675
2022-09-01,Tungabhadra,2747.442,88.64
2022-09-02,Tungabhadra,2360.776,90.563
2022-09-03,Tungabhadra,2813.647,92.485
2022-09-04,Tungabhadra,2461.725,94.408
2022-09-05,Tungabhadra,1719.965,96.331
2022-09-06,Tungabhadra,1339.698,98.253
2022-09-07,Tungabhadra,2531.045,100.176
2022-09-08,Tungabhadra,2799.12,102.099
2022-09-09,Tungabhadra,1838.528,104.021
2022-09-10,Tungabhadra,1381.862,105.944
2022-09-11,Tungabhadra,1202.475,102.059
2022-09-12,Tungabhadra,1042.683,88.993
2022-09-13,Tungabhadra,1172.884,88.937
2022-09-14,Tungabhadra,1459.564,88.881
2022-09-15,Tungabhadra,1368.865,88.826
2022-09-16,Tungabhadra,1384.864,88.77
2022-09-17,Tungabhadra,1128.908,88.714
2022-09-18,Tungabhadra,927.915,88.658
2022-09-19,Tungabhadra,516.329,88.603
2022-09-20,Tungabhadra,625.151,88.547
2022-09-21,Tungabhadra,591.907,88.491
2022-09-22,Tungabhadra,385.789,88.435
2022-09-23,Tungabhadra,381.881,88.38
2022-09-24,Tungabhadra,385.279,88.324
2022-09-25,Tungabhadra,386.468,88.268
2022-09-26,Tungabhadra,384.005,88.212
2022-09-27,Tungabhadra,333.686,88.157
2022-09-28,Tungabhadra,273.767,88.101
2022-09-29,Tungabhadra,351.893,88.045
2022-09-30,Tungabhadra,700.276,87.989
2022-10-01,Tungabhadra,1191.828,87.934
2022-10-02,Tungabhadra,1147.172,89.935
2022-10-03,Tungabhadra,906.819,91.936
2022-10-04,Tungabhadra,841.86,93.937
2022-10-05,Tungabhadra,464.566,95.938
2022-10-06,Tungabhadra,671.902,97.939
2022-10-07,Tungabhadra,820.084,99.941
2022-10-08,Tungabhadra,765.263,101.942
2022-10-09,Tungabhadra,490.476,103.943
2022-10-10,Tungabhadra,435.202,105.944
2022-10-11,Tungabhadra,1146.351,101.353
2022-10-12,Tungabhadra,1516.169,88.287
2022-10-13,Tungabhadra,1871.064,88.234
2022-10-14,Tungabhadra,1601.403,88.181
2022-10-15,Tungabhadra,1202.645,88.128
2022-10-16,Tungabhadra,987.069,88.075
2022-10-17,Tungabhadra,1363.173,88.022
2022-10-18,Tungabhadra,1122.763,87.969
2022-10-19,Tungabhadra,1005.588,87.916
2022-10-20,Tungabhadra,983.274,87.863
2022-10-21,Tungabhadra,977.781,87.81
2022-10-22,Tungabhadra,977.781,87.757
2022-10-23,Tungabhadra,1061.23,87.704
2022-10-24,Tungabhadra,399.579,87.651
2022-10-25,Tungabhadra,416.512,87.598
2022-10-26,Tungabhadra,413.284,87.545
2022-10-27,Tungabhadra,316.639,87.492
2022-10-28,Tungabhadra,233.501,87.439
2022-10-29,Tungabhadra,251.482,87.386
2022-10-30,Tungabhadra,225.119,87.333
2022-10-31,Tungabhadra,188.562,87.28
2022-11-01,Tungabhadra,135.468,87.227
2022-11-02,Tungabhadra,169.561,89.39
2022-11-03,Tungabhadra,207.647,91.553
2022-11-04,Tungabhadra,94.465,93.716
2022-11-05,Tungabhadra,132.495,95.879
2022-11-06,Tungabhadra,196.462,98.042
2022-11-07,Tungabhadra,197.397,100.205
2022-11-08,Tungabhadra,148.663,102.368
2022-11-09,Tungabhadra,148.55,104.531
2022-11-10,Tungabhadra,121.649,105.944
2022-11-11,Tungabhadra,113.352,101.0
2022-11-12,Tungabhadra,112.021,87.934
2022-11-13,Tungabhadra,132.296,87.859
2022-11-14,Tungabhadra,123.461,87.785
2022-11-15,Tungabhadra,120.063,87.71
2022-11-16,Tungabhadra,119.695,87.636
2022-11-17,Tungabhadra,116.326,87.562
2022-11-18,Tungabhadra,109.218,87.487
2022-11-19,Tungabhadra,95.286,87.413
2022-11-20,Tungabhadra,71.925,87.339
2022-11-21,Tungabhadra,71.302,87.264
2022-11-22,Tungabhadra,65.129,87.19
2022-11-23,Tungabhadra,61.731,87.116
2022-11-24,Tungabhadra,88.745,87.041
2022-11-25,Tungabhadra,93.729,86.967
2022-11-26,Tungabhadra,75.464,86.893
2022-11-27,Tungabhadra,68.329,86.818
2022-11-28,Tungabhadra,57.512,86.744
2022-11-29,Tungabhadra,55.444,86.67
2022-11-30,Tungabhadra,52.924,86.595
2022-12-01,Tungabhadra,44.146,86.521
2022-12-02,Tungabhadra,28.402,88.772
2022-12-03,Tungabhadra,40.748,91.024
2022-12-04,Tungabhadra,41.597,93.275
2022-12-05,Tungabhadra,48.988,95.526
2022-12-06,Tungabhadra,43.58,97.777
2022-12-07,Tungabhadra,49.243,100.029
2022-12-08,Tungabhadra,49.243,102.28
2022-12-09,Tungabhadra,28.289,104.531
2022-12-10,Tungabhadra,14.81,105.238
2022-12-11,Tungabhadra,10.392,100.294
2022-12-12,Tungabhadra,7.023,87.227
2022-12-13,Tungabhadra,23.191,86.627
2022-12-14,Tungabhadra,28.232,86.027
2022-12-15,Tungabhadra,40.861,85.426
2022-12-16,Tungabhadra,33.386,84.826
2022-12-17,Tungabhadra,70.651,84.225
2022-12-18,Tungabhadra,83.308,83.625
2022-12-19,Tungabhadra,79.457,83.025
2022-12-20,Tungabhadra,89.934,82.424
2022-12-21,Tungabhadra,76.484,81.824
2022-12-22,Tungabhadra,45.987,81.224
2022-12-23,Tungabhadra,45.817,80.623
2022-12-24,Tungabhadra,47.006,80.023
2022-12-25,Tungabhadra,26.08,79.423
2022-12-26,Tungabhadra,16.339,78.822
2022-12-27,Tungabhadra,13.337,78.222
2022-12-28,Tungabhadra,23.758,77.622
2022-12-29,Tungabhadra,18.831,77.021
2022-12-30,Tungabhadra,12.912,76.421
2022-12-31,Tungabhadra,11.185,75.821
2023-01-01,Tungabhadra,0.0,75.22
2023-01-02,Tungabhadra,0.0,63.213
2023-01-03,Tungabhadra,0.0,51.206
2023-01-04,Tungabhadra,0.0,39.199
2023-01-05,Tungabhadra,0.0,27.192
2023-01-06,Tungabhadra,0.0,15.185
2023-01-07,Tungabhadra,0.0,3.178
2023-01-08,Tungabhadra,0.0,5.56
2023-01-09,Tungabhadra,0.0,7.941
2023-01-10,Tungabhadra,0.0,10.322
2023-01-11,Tungabhadra,0.0,12.703
2023-01-12,Tungabhadra,0.0,15.084
2023-01-13,Tungabhadra,0.0,17.466
2023-01-14,Tungabhadra,0.0,19.847
2023-01-15,Tungabhadra,0.0,22.884
2023-01-16,Tungabhadra,0.0,25.921
2023-01-17,Tungabhadra,0.0,28.958
2023-01-18,Tungabhadra,0.0,31.995
2023-01-19,Tungabhadra,0.0,35.032
2023-01-20,Tungabhadra,0.0,38.069
2023-01-21,Tungabhadra,0.0,41.106
2023-01-22,Tungabhadra,0.0,44.143
2023-01-23,Tungabhadra,0.0,47.18
2023-01-24,Tungabhadra,0.0,50.217
2023-01-25,Tungabhadra,0.0,53.255
2023-01-26,Tungabhadra,0.0,56.292
2023-01-27,Tungabhadra,0.0,59.329
2023-01-28,Tungabhadra,0.0,62.366
2023-01-29,Tungabhadra,0.0,65.403
2023-01-30,Tungabhadra,0.0,68.44
2023-01-31,Tungabhadra,0.0,71.477
2023-02-01,Tungabhadra,0.0,74.514
2023-02-02,Tungabhadra,0.0,62.625
2023-02-03,Tungabhadra,0.0,50.735
2023-02-04,Tungabhadra,0.0,38.846
2023-02-05,Tungabhadra,0.0,26.957
2023-02-06,Tungabhadra,0.0,15.068
2023-02-07,Tungabhadra,0.0,3.178
2023-02-08,Tungabhadra,0.0,5.656
2023-02-09,Tungabhadra,0.0,8.134
2023-02-10,Tungabhadra,0.0,10.612
2023-02-11,Tungabhadra,0.0,13.09
2023-02-12,Tungabhadra,0.028,15.568
2023-02-13,Tungabhadra,0.0,18.046
2023-02-14,Tungabhadra,0.0,20.524
2023-02-15,Tungabhadra,0.0,24.076
2023-02-16,Tungabhadra,0.0,27.629
2023-02-17,Tungabhadra,0.0,31.181
2023-02-18,Tungabhadra,0.0,34.733
2023-02-19,Tungabhadra,0.0,38.285
2023-02-20,Tungabhadra,0.0,41.837
2023-02-21,Tungabhadra,0.0,45.39
2023-02-22,Tungabhadra,0.0,48.942
2023-02-23,Tungabhadra,0.0,52.494
2023-02-24,Tungabhadra,0.0,56.046
2023-02-25,Tungabhadra,0.0,59.599
2023-02-26,Tungabhadra,0.0,63.151
2023-02-27,Tungabhadra,0.0,66.703
2023-02-28,Tungabhadra,0.0,70.255
2023-03-01,Tungabhadra,0.0,73.808
2023-03-02,Tungabhadra,0.0,62.036
2023-03-03,Tungabhadra,0.0,50.265
2023-03-04,Tungabhadra,0.0,38.493
2023-03-05,Tungabhadra,0.0,26.721
2023-03-06,Tungabhadra,0.0,14.95
2023-03-07,Tungabhadra,0.0,3.178
2023-03-08,Tungabhadra,0.0,5.494
2023-03-09,Tungabhadra,0.0,7.81
2023-03-10,Tungabhadra,0.0,10.125
2023-03-11,Tungabhadra,0.0,12.441
2023-03-12,Tungabhadra,0.0,14.756
2023-03-13,Tungabhadra,0.0,17.072
2023-03-14,Tungabhadra,0.0,19.388
2023-03-15,Tungabhadra,0.0,22.372
2023-03-16,Tungabhadra,0.0,25.356
2023-03-17,Tungabhadra,0.0,28.34
2023-03-18,Tungabhadra,19.51,31.324
2023-03-19,Tungabhadra,28.912,34.308
2023-03-20,Tungabhadra,47.006,37.292
2023-03-21,Tungabhadra,15.093,40.276
2023-03-22,Tungabhadra,28.232,43.26
2023-03-23,Tungabhadra,62.042,46.245
2023-03-24,Tungabhadra,34.178,49.229
2023-03-25,Tungabhadra,46.298,52.213
2023-03-26,Tungabhadra,49.356,55.197
2023-03-27,Tungabhadra,10.987,58.181
2023-03-28,Tungabhadra,0.0,61.165
2023-03-29,Tungabhadra,0.0,64.149
2023-03-30,Tungabhadra,0.0,67.133
2023-03-31,Tungabhadra,0.0,70.117
2023-04-01,Tungabhadra,0.0,73.101
2023-04-02,Tungabhadra,0.0,61.448
2023-04-03,Tungabhadra,0.0,49.794
2023-04-04,Tungabhadra,0.0,38.14
2023-04-05,Tungabhadra,0.0,26.486
2023-04-06,Tungabhadra,0.0,14.832
2023-04-07,Tungabhadra,0.0,3.178
2023-04-08,Tungabhadra,0.0,5.478
2023-04-09,Tungabhadra,0.0,7.777
2023-04-10,Tungabhadra,0.0,10.077
2023-04-11,Tungabhadra,0.0,12.376
2023-04-12,Tungabhadra,0.0,14.676
2023-04-13,Tungabhadra,0.0,16.975
2023-04-14,Tungabhadra,0.0,19.274
2023-04-15,Tungabhadra,0.0,22.378
2023-04-16,Tungabhadra,0.0,25.482
2023-04-17,Tungabhadra,0.0,28.586
2023-04-18,Tungabhadra,0.0,31.69
2023-04-19,Tungabhadra,0.0,34.794
2023-04-20,Tungabhadra,0.0,37.898
2023-04-21,Tungabhadra,0.0,41.002
2023-04-22,Tungabhadra,0.0,44.106
2023-04-23,Tungabhadra,0.0,47.21
2023-04-24,Tungabhadra,0.0,50.314
2023-04-25,Tungabhadra,0.0,53.418
2023-04-26,Tungabhadra,0.0,56.522
2023-04-27,Tungabhadra,0.0,59.626
2023-04-28,Tungabhadra,0.0,62.73
2023-04-29,Tungabhadra,0.0,65.834
2023-04-30,Tungabhadra,0.0,68.938
2023-05-01,Tungabhadra,0.0,72.042
2023-05-02,Tungabhadra,0.0,60.565
2023-05-03,Tungabhadra,0.0,49.087
2023-05-04,Tungabhadra,0.0,37.61
2023-05-05,Tungabhadra,0.0,26.133
2023-05-06,Tungabhadra,0.0,14.656
2023-05-07,Tungabhadra,10.364,3.178
2023-05-08,Tungabhadra,23.446,5.423
2023-05-09,Tungabhadra,36.019,7.668
2023-05-10,Tungabhadra,41.201,9.913
2023-05-11,Tungabhadra,36.557,12.158
2023-05-12,Tungabhadra,31.97,14.403
2023-05-13,Tungabhadra,33.782,16.648
2023-05-14,Tungabhadra,46.468,18.893
2023-05-15,Tungabhadra,52.896,21.807
2023-05-16,Tungabhadra,53.321,24.72
2023-05-17,Tungabhadra,55.784,27.634
2023-05-18,Tungabhadra,46.043,30.547
2023-05-19,Tungabhadra,33.414,33.461
2023-05-20,Tungabhadra,30.95,36.374
2023-05-21,Tungabhadra,25.683,39.288
2023-05-22,Tungabhadra,16.424,42.201
2023-05-23,Tungabhadra,10.76,45.114
2023-05-24,Tungabhadra,34.971,48.028
2023-05-25,Tungabhadra,29.308,50.941
2023-05-26,Tungabhadra,19.709,53.855
2023-05-27,Tungabhadra,28.883,56.768
2023-05-28,Tungabhadra,36.812,59.682
2023-05-29,Tungabhadra,40.153,62.595
2023-05-30,Tungabhadra,51.905,65.509
2023-05-31,Tungabhadra,44.741,68.422
2023-06-01,Tungabhadra,29.223,71.336
2023-06-02,Tungabhadra,22.852,58.057
2023-06-03,Tungabhadra,29.478,44.779
2023-06-04,Tungabhadra,29.818,31.501
2023-06-05,Tungabhadra,25.174,18.222
2023-06-06,Tungabhadra,20.473,4.944
2023-06-07,Tungabhadra,8.41,14.215
2023-06-08,Tungabhadra,13.252,23.486
2023-06-09,Tungabhadra,3.936,32.757
2023-06-10,Tungabhadra,7.929,42.028
2023-06-11,Tungabhadra,9.656,51.299
2023-06-12,Tungabhadra,12.714,40.575
2023-06-13,Tungabhadra,11.468,29.85
2023-06-14,Tungabhadra,3.002,19.126
2023-06-15,Tungabhadra,0.0,22.155
2023-06-16,Tungabhadra,0.0,25.185
2023-06-17,Tungabhadra,0.0,28.215
2023-06-18,Tungabhadra,0.0,31.244
2023-06-19,Tungabhadra,8.722,34.274
2023-06-20,Tungabhadra,12.771,37.303
2023-06-21,Tungabhadra,10.392,40.333
2023-06-22,Tungabhadra,0.0,43.363
2023-06-23,Tungabhadra,0.0,46.392
2023-06-24,Tungabhadra,5.295,49.422
2023-06-25,Tungabhadra,7.702,52.452
2023-06-26,Tungabhadra,6.456,55.481
2023-06-27,Tungabhadra,15.744,58.511
2023-06-28,Tungabhadra,13.082,61.54
2023-06-29,Tungabhadra,5.324,64.57
2023-06-30,Tungabhadra,9.713,67.6
2023-07-01,Tungabhadra,3.794,70.629
2023-07-02,Tungabhadra,7.9,57.492
2023-07-03,Tungabhadra,5.38,44.355
2023-07-04,Tungabhadra,22.597,31.218
2023-07-05,Tungabhadra,7.334,18.081
2023-07-06,Tungabhadra,5.465,4.944
2023-07-07,Tungabhadra,8.552,3.178
2023-07-08,Tungabhadra,7.759,5.244
2023-07-09,Tungabhadra,7.929,7.31
2023-07-10,Tungabhadra,280.11,9.376
2023-07-11,Tungabhadra,502.936,11.442
2023-07-12,Tungabhadra,492.232,13.508
2023-07-13,Tungabhadra,200.172,15.574
2023-07-14,Tungabhadra,271.332,18.434
2023-07-15,Tungabhadra,252.53,21.295
2023-07-16,Tungabhadra,168.627,24.155
2023-07-17,Tungabhadra,164.634,27.016
2023-07-18,Tungabhadra,323.52,29.876
2023-07-19,Tungabhadra,278.893,32.737
2023-07-20,Tungabhadra,270.029,35.597
2023-07-21,Tungabhadra,377.747,38.458
2023-07-22,Tungabhadra,964.783,41.318
2023-07-23,Tungabhadra,1547.714,44.179
2023-07-24,Tungabhadra,1339.217,47.039
2023-07-25,Tungabhadra,2052.66,49.9
2023-07-26,Tungabhadra,2785.16,52.76
2023-07-27,Tungabhadra,3159.197,55.621
2023-07-28,Tungabhadra,3033.272,58.481
2023-07-29,Tungabhadra,2493.553,61.342
2023-07-30,Tungabhadra,1963.462,64.202
2023-07-31,Tungabhadra,1321.519,67.063
2023-08-01,Tungabhadra,1041.097,69.923
2023-08-02,Tungabhadra,842.794,56.927
2023-08-03,Tungabhadra,608.586,43.931
2023-08-04,Tungabhadra,495.771,30.936
2023-08-05,Tungabhadra,333.488,17.94
2023-08-06,Tungabhadra,317.149,4.944
2023-08-07,Tungabhadra,356.283,3.178
2023-08-08,Tungabhadra,494.525,5.238
2023-08-09,Tungabhadra,821.104,7.298
2023-08-10,Tungabhadra,633.674,9.358
2023-08-11,Tungabhadra,374.745,11.418
2023-08-12,Tungabhadra,355.66,13.478
2023-08-13,Tungabhadra,339.434,15.538
2023-08-14,Tungabhadra,244.969,18.364
2023-08-15,Tungabhadra,157.102,21.189
2023-08-16,Tungabhadra,146.115,24.014
2023-08-17,Tungabhadra,67.507,26.839
2023-08-18,Tungabhadra,43.212,29.664
2023-08-19,Tungabhadra,16.622,32.489
2023-08-20,Tungabhadra,19.992,35.315
2023-08-21,Tungabhadra,24.749,38.14
2023-08-22,Tungabhadra,30.724,40.965
2023-08-23,Tungabhadra,45.477,43.79
2023-08-24,Tungabhadra,57.54,46.615
2023-08-25,Tungabhadra,46.326,49.441
2023-08-26,Tungabhadra,34.15,52.266
2023-08-27,Tungabhadra,11.582,55.091
2023-08-28,Tungabhadra,6.23,57.916
2023-08-29,Tungabhadra,3.002,60.741
2023-08-30,Tungabhadra,0.0,63.566
2023-08-31,Tungabhadra,7.391,66.392
2023-09-01,Tungabhadra,19.482,69.217
2023-09-02,Tungabhadra,23.022,56.362
2023-09-03,Tungabhadra,15.348,43.508
2023-09-04,Tungabhadra,15.829,30.653
2023-09-05,Tungabhadra,11.412,17.799
2023-09-06,Tungabhadra,33.725,4.944
2023-09-07,Tungabhadra,35.849,3.178
2023-09-08,Tungabhadra,46.128,5.201
2023-09-09,Tungabhadra,44.769,7.224
2023-09-10,Tungabhadra,39.785,9.247
2023-09-11,Tungabhadra,83.79,11.27
2023-09-12,Tungabhadra,72.321,13.293
2023-09-13,Tungabhadra,61.278,15.315
2023-09-14,Tungabhadra,53.66,18.271
2023-09-15,Tungabhadra,50.347,21.226
2023-09-16,Tungabhadra,49.045,24.181
2023-09-17,Tungabhadra,49.243,27.137
2023-09-18,Tungabhadra,49.526,30.092
2023-09-19,Tungabhadra,59.72,33.047
2023-09-20,Tungabhadra,123.971,36.002
2023-09-21,Tungabhadra,171.742,38.958
2023-09-22,Tungabhadra,120.658,41.913
2023-09-23,Tungabhadra,106.924,44.868
2023-09-24,Tungabhadra,97.835,47.823
2023-09-25,Tungabhadra,66.46,50.779
2023-09-26,Tungabhadra,43.155,53.734
2023-09-27,Tungabhadra,34.83,56.689
2023-09-28,Tungabhadra,24.947,59.645
2023-09-29,Tungabhadra,37.01,62.6
2023-09-30,Tungabhadra,40.182,65.555
2023-10-01,Tungabhadra,34.547,68.51
2023-10-02,Tungabhadra,30.497,55.797
2023-10-03,Tungabhadra,51.678,43.084
2023-10-04,Tungabhadra,104.829,30.371
2023-10-05,Tungabhadra,111.427,17.657
2023-10-06,Tungabhadra,125.642,4.944
2023-10-07,Tungabhadra,92.596,3.885
2023-10-08,Tungabhadra,63.288,5.58
2023-10-09,Tungabhadra,57.257,7.275
2023-10-10,Tungabhadra,38.907,8.97
2023-10-11,Tungabhadra,28.883,10.665
2023-10-12,Tungabhadra,13.649,12.36
2023-10-13,Tungabhadra,10.194,15.132
2023-10-14,Tungabhadra,20.218,17.905
2023-10-15,Tungabhadra,31.856,20.677
2023-10-16,Tungabhadra,21.209,23.449
2023-10-17,Tungabhadra,18.463,26.221
2023-10-18,Tungabhadra,18.604,28.993
2023-10-19,Tungabhadra,6.456,31.766
2023-10-20,Tungabhadra,11.497,34.538
2023-10-21,Tungabhadra,1.869,37.31
2023-10-22,Tungabhadra,0.0,40.082
2023-10-23,Tungabhadra,11.893,42.854
2023-10-24,Tungabhadra,14.385,45.627
2023-10-25,Tungabhadra,2.379,48.399
2023-10-26,Tungabhadra,0.0,51.171
2023-10-27,Tungabhadra,0.0,53.943
2023-10-28,Tungabhadra,0.0,56.715
2023-10-29,Tungabhadra,0.0,59.488
2023-10-30,Tungabhadra,0.0,62.26
2023-10-31,Tungabhadra,0.0,65.032
2023-11-01,Tungabhadra,0.0,67.804
2023-11-02,Tungabhadra,0.0,55.232
2023-11-03,Tungabhadra,0.0,42.66
2023-11-04,Tungabhadra,0.0,30.088
2023-11-05,Tungabhadra,0.0,17.516
2023-11-06,Tungabhadra,0.0,4.944
2023-11-07,Tungabhadra,0.0,5.297
2023-11-08,Tungabhadra,0.0,6.899
2023-11-09,Tungabhadra,115.448,8.5
2023-11-10,Tungabhadra,175.281,10.102
2023-11-11,Tungabhadra,183.068,11.703
2023-11-12,Tungabhadra,218.719,13.305
2023-11-13,Tungabhadra,202.494,14.907
2023-11-14,Tungabhadra,159.849,17.806
2023-11-15,Tungabhadra,90.501,20.706
2023-11-16,Tungabhadra,51.792,23.605
2023-11-17,Tungabhadra,22.115,26.505
2023-11-18,Tungabhadra,8.948,29.404
2023-11-19,Tungabhadra,11.213,32.304
2023-11-20,Tungabhadra,2.209,35.203
2023-11-21,Tungabhadra,8.438,38.103
2023-11-22,Tungabhadra,19.086,41.002
2023-11-23,Tungabhadra,19.284,43.902
2023-11-24,Tungabhadra,15.744,46.801
2023-11-25,Tungabhadra,14.328,49.701
2023-11-26,Tungabhadra,14.527,52.6
2023-11-27,Tungabhadra,14.385,55.5
2023-11-28,Tungabhadra,14.017,58.399
2023-11-29,Tungabhadra,17.188,61.299
2023-11-30,Tungabhadra,16.792,64.198
2023-12-01,Tungabhadra,20.671,67.098
2023-12-02,Tungabhadra,21.747,54.667
2023-12-03,Tungabhadra,26.42,42.236
2023-12-04,Tungabhadra,24.154,29.806
2023-12-05,Tungabhadra,20.7,17.375
2023-12-06,Tungabhadra,18.236,4.944
2023-12-07,Tungabhadra,16.339,7.063
2023-12-08,Tungabhadra,19.369,7.872
2023-12-09,Tungabhadra,20.53,8.682
2023-12-10,Tungabhadra,19.652,9.491
2023-12-11,Tungabhadra,19.85,10.3
2023-12-12,Tungabhadra,18.632,11.109
2023-12-13,Tungabhadra,14.725,11.919
2023-12-14,Tungabhadra,12.29,11.83
2023-12-15,Tungabhadra,7.419,11.742
2023-12-16,Tungabhadra,0.0,11.654
2023-12-17,Tungabhadra,0.0,11.566
2023-12-18,Tungabhadra,0.0,11.477
2023-12-19,Tungabhadra,0.0,11.389
2023-12-20,Tungabhadra,0.0,11.301
2023-12-21,Tungabhadra,0.0,11.212
2023-12-22,Tungabhadra,0.0,11.124
2023-12-23,Tungabhadra,0.0,11.036
2023-12-24,Tungabhadra,0.0,10.948
2023-12-25,Tungabhadra,0.0,10.859
2023-12-26,Tungabhadra,0.0,10.771
2023-12-27,Tungabhadra,0.0,10.683
2023-12-28,Tungabhadra,0.0,10.594
2023-12-29,Tungabhadra,0.0,10.506
2023-12-30,Tungabhadra,0.0,10.418
2023-12-31,Tungabhadra,0.0,10.33
2024-01-01,Tungabhadra,0.0,10.241
2024-01-02,Tungabhadra,0.0,9.535
2024-01-03,Tungabhadra,0.0,8.476
2024-01-04,Tungabhadra,0.0,4.591
2024-01-05,Tungabhadra,0.0,3.531
2024-01-06,Tungabhadra,0.0,3.78
2024-01-07,Tungabhadra,0.0,4.028
2024-01-08,Tungabhadra,0.0,4.277
2024-01-09,Tungabhadra,0.0,4.526
2024-01-10,Tungabhadra,0.0,4.774
2024-01-11,Tungabhadra,0.0,5.023
2024-01-12,Tungabhadra,0.0,5.271
2024-01-13,Tungabhadra,0.0,5.52
2024-01-14,Tungabhadra,0.0,5.768
2024-01-15,Tungabhadra,0.0,6.017
2024-01-16,Tungabhadra,0.0,6.265
2024-01-17,Tungabhadra,0.0,6.514
2024-01-18,Tungabhadra,0.0,6.762
2024-01-19,Tungabhadra,0.0,7.011
2024-01-20,Tungabhadra,0.0,7.259
2024-01-21,Tungabhadra,0.0,7.508
2024-01-22,Tungabhadra,0.0,7.756
2024-01-23,Tungabhadra,0.0,8.005
2024-01-24,Tungabhadra,0.0,8.253
2024-01-25,Tungabhadra,0.0,8.502
2024-01-26,Tungabhadra,0.0,8.75
2024-01-27,Tungabhadra,0.0,8.999
2024-01-28,Tungabhadra,0.0,9.247
2024-01-29,Tungabhadra,0.0,9.496
2024-01-30,Tungabhadra,0.0,9.744
2024-01-31,Tungabhadra,0.0,9.993
2024-02-01,Tungabhadra,0.0,10.241
2024-02-02,Tungabhadra,0.0,9.535
2024-02-03,Tungabhadra,0.0,8.476
2024-02-04,Tungabhadra,0.0,4.591
2024-02-05,Tungabhadra,0.0,3.531
2024-02-06,Tungabhadra,0.0,3.8
2024-02-07,Tungabhadra,0.0,4.068
2024-02-08,Tungabhadra,0.0,4.337
2024-02-09,Tungabhadra,0.0,4.605
2024-02-10,Tungabhadra,0.0,4.873
2024-02-11,Tungabhadra,0.0,5.142
2024-02-12,Tungabhadra,0.0,5.41
2024-02-13,Tungabhadra,0.0,5.679
2024-02-14,Tungabhadra,0.0,5.947
2024-02-15,Tungabhadra,0.0,6.215
2024-02-16,Tungabhadra,0.0,6.484
2024-02-17,Tungabhadra,0.0,6.752
2024-02-18,Tungabhadra,0.0,7.021
2024-02-19,Tungabhadra,0.0,7.289
2024-02-20,Tungabhadra,0.0,7.557
2024-02-21,Tungabhadra,0.0,7.826
2024-02-22,Tungabhadra,0.0,8.094
2024-02-23,Tungabhadra,0.0,8.363
2024-02-24,Tungabhadra,0.0,8.631
2024-02-25,Tungabhadra,0.0,8.899
2024-02-26,Tungabhadra,0.0,9.168
2024-02-27,Tungabhadra,0.0,9.436
2024-02-28,Tungabhadra,0.0,9.704
2024-02-29,Tungabhadra,0.0,9.973
2024-03-01,Tungabhadra,0.0,10.241
2024-03-02,Tungabhadra,0.0,9.535
2024-03-03,Tungabhadra,0.0,8.122
2024-03-04,Tungabhadra,0.0,4.591
2024-03-05,Tungabhadra,0.0,3.531
2024-03-06,Tungabhadra,0.0,3.78
2024-03-07,Tungabhadra,0.0,4.028
2024-03-08,Tungabhadra,0.0,4.277
2024-03-09,Tungabhadra,0.0,4.526
2024-03-10,Tungabhadra,0.0,4.774
2024-03-11,Tungabhadra,0.0,5.023
2024-03-12,Tungabhadra,0.0,5.271
2024-03-13,Tungabhadra,0.0,5.52
2024-03-14,Tungabhadra,0.0,5.768
2024-03-15,Tungabhadra,0.0,6.017
2024-03-16,Tungabhadra,0.0,6.265
2024-03-17,Tungabhadra,0.0,6.514
2024-03-18,Tungabhadra,0.0,6.762
2024-03-19,Tungabhadra,0.0,7.011
2024-03-20,Tungabhadra,0.0,7.259
2024-03-21,Tungabhadra,0.0,7.508
2024-03-22,Tungabhadra,0.0,7.756
2024-03-23,Tungabhadra,0.0,8.005
2024-03-24,Tungabhadra,0.0,8.253
2024-03-25,Tungabhadra,0.0,8.502
2024-03-26,Tungabhadra,0.0,8.75
2024-03-27,Tungabhadra,0.0,8.999
2024-03-28,Tungabhadra,0.0,9.247
2024-03-29,Tungabhadra,0.0,9.496
2024-03-30,Tungabhadra,0.0,9.744
2024-03-31,Tungabhadra,0.0,9.993
2024-04-01,Tungabhadra,0.0,10.241
2024-04-02,Tungabhadra,0.0,9.535
2024-04-03,Tungabhadra,0.0,8.122
2024-04-04,Tungabhadra,0.0,4.591
2024-04-05,Tungabhadra,0.0,3.531
2024-04-06,Tungabhadra,0.0,3.79
2024-04-07,Tungabhadra,0.0,4.048
2024-04-08,Tungabhadra,0.0,4.306
2024-04-09,Tungabhadra,0.0,4.564
2024-04-10,Tungabhadra,0.0,4.822
2024-04-11,Tungabhadra,0.0,5.08
2024-04-12,Tungabhadra,0.0,5.338
2024-04-13,Tungabhadra,0.0,5.596
2024-04-14,Tungabhadra,0.0,5.854
2024-04-15,Tungabhadra,0.0,6.112
2024-04-16,Tungabhadra,0.0,6.37
2024-04-17,Tungabhadra,0.0,6.628
2024-04-18,Tungabhadra,0.0,6.886
2024-04-19,Tungabhadra,0.0,7.144
2024-04-20,Tungabhadra,0.0,7.402
2024-04-21,Tungabhadra,0.0,7.661
2024-04-22,Tungabhadra,0.0,7.919
2024-04-23,Tungabhadra,0.0,8.177
2024-04-24,Tungabhadra,0.0,8.435
2024-04-25,Tungabhadra,0.0,8.693
2024-04-26,Tungabhadra,0.0,8.951
2024-04-27,Tungabhadra,0.0,9.209
2024-04-28,Tungabhadra,0.0,9.467
2024-04-29,Tungabhadra,0.0,9.725
2024-04-30,Tungabhadra,0.0,9.983
2024-05-01,Tungabhadra,0.0,10.241
2024-05-02,Tungabhadra,0.0,9.535
2024-05-03,Tungabhadra,0.0,8.122
2024-05-04,Tungabhadra,0.0,4.238
2024-05-05,Tungabhadra,0.0,3.531
2024-05-06,Tungabhadra,0.0,3.78
2024-05-07,Tungabhadra,0.0,4.028
2024-05-08,Tungabhadra,0.0,4.277
2024-05-09,Tungabhadra,0.0,4.526
2024-05-10,Tungabhadra,0.0,4.774
2024-05-11,Tungabhadra,0.0,5.023
2024-05-12,Tungabhadra,1.161,5.271
2024-05-13,Tungabhadra,0.0,5.52
2024-05-14,Tungabhadra,0.0,5.768
2024-05-15,Tungabhadra,0.0,6.017
2024-05-16,Tungabhadra,0.0,6.265
2024-05-17,Tungabhadra,0.0,6.514
2024-05-18,Tungabhadra,0.0,6.762
2024-05-19,Tungabhadra,0.0,7.011
2024-05-20,Tungabhadra,0.0,7.259
2024-05-21,Tungabhadra,0.0,7.508
2024-05-22,Tungabhadra,0.0,7.756
2024-05-23,Tungabhadra,0.0,8.005
2024-05-24,Tungabhadra,0.0,8.253
2024-05-25,Tungabhadra,0.0,8.502
2024-05-26,Tungabhadra,0.0,8.75
2024-05-27,Tungabhadra,0.0,8.999
2024-05-28,Tungabhadra,0.0,9.247
2024-05-29,Tungabhadra,0.0,9.496
2024-05-30,Tungabhadra,0.0,9.744
2024-05-31,Tungabhadra,0.0,9.993
2024-06-01,Tungabhadra,7.646,10.241
2024-06-02,Tungabhadra,11.638,9.535
2024-06-03,Tungabhadra,18.038,8.122
2024-06-04,Tungabhadra,18.661,4.238
2024-06-05,Tungabhadra,14.64,3.531
2024-06-06,Tungabhadra,44.769,3.79
2024-06-07,Tungabhadra,62.014,4.048
2024-06-08,Tungabhadra,42.192,4.306
2024-06-09,Tungabhadra,75.181,4.564
2024-06-10,Tungabhadra,136.402,4.822
2024-06-11,Tungabhadra,113.947,5.08
2024-06-12,Tungabhadra,120.8,5.338
2024-06-13,Tungabhadra,100.043,5.596
2024-06-14,Tungabhadra,105.82,5.854
2024-06-15,Tungabhadra,47.459,6.112
2024-06-16,Tungabhadra,45.845,6.37
2024-06-17,Tungabhadra,26.731,6.628
2024-06-18,Tungabhadra,22.682,6.886
2024-06-19,Tungabhadra,21.209,7.144
2024-06-20,Tungabhadra,21.492,7.402
2024-06-21,Tungabhadra,23.531,7.661
2024-06-22,Tungabhadra,18.066,7.919
2024-06-23,Tungabhadra,18.548,8.177
2024-06-24,Tungabhadra,29.903,8.435
2024-06-25,Tungabhadra,23.078,8.693
2024-06-26,Tungabhadra,17.103,8.951
2024-06-27,Tungabhadra,16.48,9.209
2024-06-28,Tungabhadra,24.891,9.467
2024-06-29,Tungabhadra,51.508,9.725
2024-06-30,Tungabhadra,178.623,9.983
2024-07-01,Tungabhadra,335.668,10.241
2024-07-02,Tungabhadra,379.729,9.535
2024-07-03,Tungabhadra,297.412,7.769
2024-07-04,Tungabhadra,438.685,4.238
2024-07-05,Tungabhadra,543.712,3.531
2024-07-06,Tungabhadra,723.665,3.78
2024-07-07,Tungabhadra,1436.089,4.028
2024-07-08,Tungabhadra,860.492,4.277
2024-07-09,Tungabhadra,653.525,4.526
2024-07-10,Tungabhadra,779.959,4.774
2024-07-11,Tungabhadra,717.804,5.023
2024-07-12,Tungabhadra,612.862,5.271
2024-07-13,Tungabhadra,511.402,5.52
2024-07-14,Tungabhadra,345.296,5.768
2024-07-15,Tungabhadra,457.091,6.017
2024-07-16,Tungabhadra,797.204,6.265
2024-07-17,Tungabhadra,1402.307,6.514
2024-07-18,Tungabhadra,2335.885,6.762
2024-07-19,Tungabhadra,3022.059,7.011
2024-07-20,Tungabhadra,3035.509,7.259
2024-07-21,Tungabhadra,3174.347,7.508
2024-07-22,Tungabhadra,3211.187,7.756
2024-07-23,Tungabhadra,2623.159,8.005
2024-07-24,Tungabhadra,2381.872,8.253
2024-07-25,Tungabhadra,2146.7,8.502
2024-07-26,Tungabhadra,2485.256,8.75
2024-07-27,Tungabhadra,2935.777,8.999
2024-07-28,Tungabhadra,3521.511,9.247
2024-07-29,Tungabhadra,4166.031,9.496
2024-07-30,Tungabhadra,3732.755,9.744
2024-07-31,Tungabhadra,1484.199,9.993
2024-08-01,Tungabhadra,3550.168,10.241
2024-08-02,Tungabhadra,5591.671,9.535
2024-08-03,Tungabhadra,4852.177,7.769
2024-08-04,Tungabhadra,3867.345,4.238
2024-08-05,Tungabhadra,3521.936,3.531
2024-08-06,Tungabhadra,2398.324,3.78
2024-08-07,Tungabhadra,1908.386,4.028
2024-08-08,Tungabhadra,1637.252,4.277
2024-08-09,Tungabhadra,1276.693,4.526
2024-08-10,Tungabhadra,1158.839,4.774
2024-08-11,Tungabhadra,1040.333,5.023
2024-08-12,Tungabhadra,724.09,5.271
2024-08-13,Tungabhadra,1003.124,5.52
2024-08-14,Tungabhadra,932.304,5.768
2024-08-15,Tungabhadra,1003.464,6.017
2024-08-16,Tungabhadra,946.321,6.265
2024-08-17,Tungabhadra,1266.358,6.514
2024-08-18,Tungabhadra,1247.017,6.762
2024-08-19,Tungabhadra,1067.177,7.011
2024-08-20,Tungabhadra,878.757,7.259
2024-08-21,Tungabhadra,874.792,7.508
2024-08-22,Tungabhadra,947.0,7.756
2024-08-23,Tungabhadra,1061.57,8.005
2024-08-24,Tungabhadra,898.295,8.253
2024-08-25,Tungabhadra,671.817,8.502
2024-08-26,Tungabhadra,490.193,8.75
2024-08-27,Tungabhadra,593.408,8.999
2024-08-28,Tungabhadra,613.853,9.247
2024-08-29,Tungabhadra,821.585,9.496
2024-08-30,Tungabhadra,965.123,9.744
2024-08-31,Tungabhadra,990.608,9.993
2024-09-01,Tungabhadra,1135.704,10.241
2024-09-02,Tungabhadra,850.383,9.535
2024-09-03,Tungabhadra,846.872,7.416
2024-09-04,Tungabhadra,1131.116,4.238
2024-09-05,Tungabhadra,930.973,3.531
2024-09-06,Tungabhadra,915.965,3.79
2024-09-07,Tungabhadra,974.694,4.048
2024-09-08,Tungabhadra,990.608,4.306
2024-09-09,Tungabhadra,990.297,4.564
2024-09-10,Tungabhadra,813.43,4.822
2024-09-11,Tungabhadra,788.936,5.08
2024-09-12,Tungabhadra,701.578,5.338
2024-09-13,Tungabhadra,726.922,5.596
2024-09-14,Tungabhadra,709.62,5.854
2024-09-15,Tungabhadra,660.179,6.112
2024-09-16,Tungabhadra,530.573,6.37
2024-09-17,Tungabhadra,318.168,6.628
2024-09-18,Tungabhadra,298.913,6.886
2024-09-19,Tungabhadra,302.622,7.144
2024-09-20,Tungabhadra,303.896,7.402
2024-09-21,Tungabhadra,304.18,7.661
2024-09-22,Tungabhadra,303.981,7.919
2024-09-23,Tungabhadra,299.139,8.177
2024-09-24,Tungabhadra,225.968,8.435
2024-09-25,Tungabhadra,195.981,8.693
2024-09-26,Tungabhadra,321.906,8.951
2024-09-27,Tungabhadra,428.575,9.209
2024-09-28,Tungabhadra,637.497,9.467
2024-09-29,Tungabhadra,312.929,9.725
2024-09-30,Tungabhadra,301.093,9.983
2024-10-01,Tungabhadra,234.379,10.241
2024-10-02,Tungabhadra,247.093,9.535
2024-10-03,Tungabhadra,288.917,7.063
2024-10-04,Tungabhadra,423.28,3.885
2024-10-05,Tungabhadra,392.613,3.531
2024-10-06,Tungabhadra,415.182,3.78
2024-10-07,Tungabhadra,414.53,4.028
2024-10-08,Tungabhadra,338.5,4.277
2024-10-09,Tungabhadra,311.287,4.526
2024-10-10,Tungabhadra,333.686,4.774
2024-10-11,Tungabhadra,806.747,5.023
2024-10-12,Tungabhadra,1419.977,5.271
2024-10-13,Tungabhadra,2392.887,5.52
2024-10-14,Tungabhadra,2336.253,5.768
2024-10-15,Tungabhadra,1282.385,6.017
2024-10-16,Tungabhadra,692.772,6.265
2024-10-17,Tungabhadra,810.06,6.514
2024-10-18,Tungabhadra,1045.43,6.762
2024-10-19,Tungabhadra,2073.954,7.011
2024-10-20,Tungabhadra,1460.781,7.259
2024-10-21,Tungabhadra,835.8,7.508
2024-10-22,Tungabhadra,1472.504,7.756
2024-10-23,Tungabhadra,3095.428,8.005
2024-10-24,Tungabhadra,2768.0,8.253
2024-10-25,Tungabhadra,1365.467,8.502
2024-10-26,Tungabhadra,552.462,8.75
2024-10-27,Tungabhadra,485.492,8.999
2024-10-28,Tungabhadra,447.18,9.247
2024-10-29,Tungabhadra,442.479,9.496
2024-10-30,Tungabhadra,400.23,9.744
2024-10-31,Tungabhadra,381.371,9.993
2024-11-01,Tungabhadra,335.838,10.241
2024-11-02,Tungabhadra,330.373,9.535
2024-11-03,Tungabhadra,428.717,7.063
2024-11-04,Tungabhadra,439.931,3.885
2024-11-05,Tungabhadra,377.322,3.531
2024-11-06,Tungabhadra,336.744,3.79
2024-11-07,Tungabhadra,300.187,4.048
2024-11-08,Tungabhadra,256.296,4.306
2024-11-09,Tungabhadra,242.59,4.564
2024-11-10,Tungabhadra,205.694,4.822
2024-11-11,Tungabhadra,192.724,5.08
2024-11-12,Tungabhadra,142.066,5.338
2024-11-13,Tungabhadra,112.446,5.596
2024-11-14,Tungabhadra,63.939,5.854
2024-11-15,Tungabhadra,63.798,6.112
2024-11-16,Tungabhadra,92.568,6.37
2024-11-17,Tungabhadra,95.06,6.628
2024-11-18,Tungabhadra,101.657,6.886
2024-11-19,Tungabhadra,115.419,7.144
2024-11-20,Tungabhadra,109.02,7.402
2024-11-21,Tungabhadra,98.231,7.661
2024-11-22,Tungabhadra,91.265,7.919
2024-11-23,Tungabhadra,86.819,8.177
2024-11-24,Tungabhadra,88.292,8.435
2024-11-25,Tungabhadra,95.116,8.693
2024-11-26,Tungabhadra,93.077,8.951
2024-11-27,Tungabhadra,93.502,9.209
2024-11-28,Tungabhadra,85.885,9.467
2024-11-29,Tungabhadra,68.782,9.725
2024-11-30,Tungabhadra,80.986,9.983
2024-12-01,Tungabhadra,79.74,10.241
2024-12-02,Tungabhadra,78.806,9.535
2024-12-03,Tungabhadra,89.849,6.71
2024-12-04,Tungabhadra,91.916,3.885
2024-12-05,Tungabhadra,94.352,3.531
2024-12-06,Tungabhadra,117.26,3.962
2024-12-07,Tungabhadra,128.304,4.392
2024-12-08,Tungabhadra,115.25,4.823
2024-12-09,Tungabhadra,114.825,5.253
2024-12-10,Tungabhadra,102.62,5.683
2024-12-11,Tungabhadra,146.738,6.114
2024-12-12,Tungabhadra,126.803,6.544
2024-12-13,Tungabhadra,110.691,6.975
2024-12-14,Tungabhadra,96.815,7.405
2024-12-15,Tungabhadra,88.405,7.835
2024-12-16,Tungabhadra,83.28,8.266
2024-12-17,Tungabhadra,67.819,8.696
2024-12-18,Tungabhadra,65.412,9.127
2024-12-19,Tungabhadra,55.161,9.557
2024-12-20,Tungabhadra,45.675,9.987
2024-12-21,Tungabhadra,22.087,10.418
2024-12-22,Tungabhadra,34.009,10.848
2024-12-23,Tungabhadra,26.42,11.279
2024-12-24,Tungabhadra,15.433,11.709
2024-12-25,Tungabhadra,12.148,12.139
2024-12-26,Tungabhadra,9.373,12.57
2024-12-27,Tungabhadra,3.058,13.0
2024-12-28,Tungabhadra,12.828,13.431
2024-12-29,Tungabhadra,16.707,13.861
2024-12-30,Tungabhadra,16.707,14.291
2024-12-31,Tungabhadra,6.201,14.722
