Date,Reservoir_Name,Inflow (cusecs/cumecs),Storage (TMC/MCM)
2010-01-01,Ujjani,0.0,53.678
2010-01-02,Ujjani,0.0,53.678
2010-01-03,Ujjani,0.0,53.678
2010-01-04,Ujjani,0.0,53.678
2010-01-05,Ujjani,0.0,53.678
2010-01-06,Ujjani,0.0,53.678
2010-01-07,Ujjani,0.0,53.678
2010-01-08,Ujjani,0.0,53.678
2010-01-09,Ujjani,0.0,53.678
2010-01-10,Ujjani,0.0,53.678
2010-01-11,Ujjani,0.0,53.678
2010-01-12,Ujjani,0.0,53.678
2010-01-13,Ujjani,0.0,53.678
2010-01-14,Ujjani,0.0,53.678
2010-01-15,Ujjani,0.0,53.678
2010-01-16,Ujjani,0.0,53.678
2010-01-17,Ujjani,0.0,53.678
2010-01-18,Ujjani,0.0,53.678
2010-01-19,Ujjani,0.0,53.678
2010-01-20,Ujjani,0.0,53.678
2010-01-21,Ujjani,0.0,53.678
2010-01-22,Ujjani,0.0,53.678
2010-01-23,Ujjani,0.0,53.678
2010-01-24,Ujjani,0.0,53.678
2010-01-25,Ujjani,0.0,53.678
2010-01-26,Ujjani,0.0,53.678
2010-01-27,Ujjani,0.0,53.678
2010-01-28,Ujjani,0.0,53.678
2010-01-29,Ujjani,0.0,53.678
2010-01-30,Ujjani,0.0,53.678
2010-01-31,Ujjani,0.0,53.678
2010-02-01,Ujjani,0.0,53.678
2010-02-02,Ujjani,0.0,53.678
2010-02-03,Ujjani,0.0,53.678
2010-02-04,Ujjani,0.0,53.678
2010-02-05,Ujjani,0.0,53.678
2010-02-06,Ujjani,0.0,53.678
2010-02-07,Ujjani,0.0,53.678
2010-02-08,Ujjani,0.0,53.678
2010-02-09,Ujjani,0.0,53.678
2010-02-10,Ujjani,0.0,53.678
2010-02-11,Ujjani,0.0,53.678
2010-02-12,Ujjani,0.0,53.678
2010-02-13,Ujjani,0.0,53.678
2010-02-14,Ujjani,0.0,53.678
2010-02-15,Ujjani,0.0,53.678
2010-02-16,Ujjani,0.0,53.678
2010-02-17,Ujjani,0.0,53.678
2010-02-18,Ujjani,0.0,53.678
2010-02-19,Ujjani,0.0,53.678
2010-02-20,Ujjani,0.0,53.678
2010-02-21,Ujjani,0.0,53.678
2010-02-22,Ujjani,0.0,53.678
2010-02-23,Ujjani,0.0,53.678
2010-02-24,Ujjani,0.0,53.678
2010-02-25,Ujjani,0.0,53.678
2010-02-26,Ujjani,0.0,53.678
2010-02-27,Ujjani,0.0,53.678
2010-02-28,Ujjani,0.0,53.678
2010-03-01,Ujjani,0.0,53.678
2010-03-02,Ujjani,0.0,53.678
2010-03-03,Ujjani,0.0,53.678
2010-03-04,Ujjani,0.0,53.678
2010-03-05,Ujjani,0.0,53.678
2010-03-06,Ujjani,0.0,53.678
2010-03-07,Ujjani,0.0,53.678
2010-03-08,Ujjani,0.0,53.678
2010-03-09,Ujjani,0.0,53.678
2010-03-10,Ujjani,0.0,53.678
2010-03-11,Ujjani,0.0,53.678
2010-03-12,Ujjani,0.0,53.678
2010-03-13,Ujjani,0.0,53.678
2010-03-14,Ujjani,0.0,53.678
2010-03-15,Ujjani,0.0,53.678
2010-03-16,Ujjani,0.0,53.678
2010-03-17,Ujjani,0.0,53.678
2010-03-18,Ujjani,0.0,53.678
2010-03-19,Ujjani,0.0,53.678
2010-03-20,Ujjani,0.0,53.678
2010-03-21,Ujjani,0.0,53.678
2010-03-22,Ujjani,0.0,53.678
2010-03-23,Ujjani,0.0,53.678
2010-03-24,Ujjani,0.0,53.678
2010-03-25,Ujjani,0.0,53.678
2010-03-26,Ujjani,0.0,53.678
2010-03-27,Ujjani,0.0,53.678
2010-03-28,Ujjani,0.0,53.678
2010-03-29,Ujjani,0.0,53.678
2010-03-30,Ujjani,0.0,53.678
2010-03-31,Ujjani,0.0,53.678
2010-04-01,Ujjani,0.0,53.678
2010-04-02,Ujjani,0.0,53.678
2010-04-03,Ujjani,0.0,53.678
2010-04-04,Ujjani,0.0,53.678
2010-04-05,Ujjani,0.0,53.678
2010-04-06,Ujjani,0.0,53.678
2010-04-07,Ujjani,0.0,53.678
2010-04-08,Ujjani,0.0,53.678
2010-04-09,Ujjani,0.0,53.678
2010-04-10,Ujjani,0.0,53.678
2010-04-11,Ujjani,0.0,53.678
2010-04-12,Ujjani,0.0,53.678
2010-04-13,Ujjani,0.0,53.678
2010-04-14,Ujjani,0.0,53.678
2010-04-15,Ujjani,0.0,53.678
2010-04-16,Ujjani,0.0,53.678
2010-04-17,Ujjani,0.0,53.678
2010-04-18,Ujjani,0.0,53.678
2010-04-19,Ujjani,0.0,53.678
2010-04-20,Ujjani,0.0,53.678
2010-04-21,Ujjani,0.0,53.678
2010-04-22,Ujjani,0.0,53.678
2010-04-23,Ujjani,0.0,53.678
2010-04-24,Ujjani,0.0,53.678
2010-04-25,Ujjani,0.0,53.678
2010-04-26,Ujjani,0.0,53.678
2010-04-27,Ujjani,0.0,53.678
2010-04-28,Ujjani,0.0,53.678
2010-04-29,Ujjani,0.0,53.678
2010-04-30,Ujjani,0.0,53.678
2010-05-01,Ujjani,0.0,53.678
2010-05-02,Ujjani,0.0,53.678
2010-05-03,Ujjani,0.0,53.678
2010-05-04,Ujjani,0.0,53.678
2010-05-05,Ujjani,0.0,53.678
2010-05-06,Ujjani,0.0,53.678
2010-05-07,Ujjani,0.0,53.678
2010-05-08,Ujjani,0.0,53.678
2010-05-09,Ujjani,0.0,53.678
2010-05-10,Ujjani,0.0,53.678
2010-05-11,Ujjani,0.0,53.678
2010-05-12,Ujjani,0.0,53.678
2010-05-13,Ujjani,0.0,53.678
2010-05-14,Ujjani,0.0,53.678
2010-05-15,Ujjani,0.0,53.678
2010-05-16,Ujjani,0.0,53.678
2010-05-17,Ujjani,0.0,53.678
2010-05-18,Ujjani,0.0,53.678
2010-05-19,Ujjani,0.0,53.678
2010-05-20,Ujjani,0.0,53.678
2010-05-21,Ujjani,0.0,53.678
2010-05-22,Ujjani,0.0,53.678
2010-05-23,Ujjani,0.0,53.678
2010-05-24,Ujjani,0.0,53.678
2010-05-25,Ujjani,0.0,53.678
2010-05-26,Ujjani,0.0,53.678
2010-05-27,Ujjani,0.0,53.678
2010-05-28,Ujjani,0.0,53.678
2010-05-29,Ujjani,0.0,53.678
2010-05-30,Ujjani,0.0,53.678
2010-05-31,Ujjani,0.0,53.678
2010-06-01,Ujjani,0.0,53.678
2010-06-02,Ujjani,0.0,53.678
2010-06-03,Ujjani,0.0,53.678
2010-06-04,Ujjani,0.0,53.678
2010-06-05,Ujjani,0.0,53.678
2010-06-06,Ujjani,0.0,53.678
2010-06-07,Ujjani,0.0,53.678
2010-06-08,Ujjani,0.0,53.678
2010-06-09,Ujjani,0.0,53.678
2010-06-10,Ujjani,0.0,53.678
2010-06-11,Ujjani,0.0,53.678
2010-06-12,Ujjani,0.0,53.678
2010-06-13,Ujjani,0.0,53.678
2010-06-14,Ujjani,0.0,53.678
2010-06-15,Ujjani,0.0,53.678
2010-06-16,Ujjani,0.0,53.678
2010-06-17,Ujjani,0.0,53.678
2010-06-18,Ujjani,0.0,53.678
2010-06-19,Ujjani,0.0,53.678
2010-06-20,Ujjani,0.0,53.678
2010-06-21,Ujjani,0.0,53.678
2010-06-22,Ujjani,0.0,53.678
2010-06-23,Ujjani,0.0,53.678
2010-06-24,Ujjani,0.0,53.678
2010-06-25,Ujjani,0.0,53.678
2010-06-26,Ujjani,0.0,53.678
2010-06-27,Ujjani,0.0,53.678
2010-06-28,Ujjani,0.0,53.678
2010-06-29,Ujjani,0.0,53.678
2010-06-30,Ujjani,0.0,53.678
2010-07-01,Ujjani,116.191,53.678
2010-07-02,Ujjani,104.592,53.678
2010-07-03,Ujjani,97.412,53.678
2010-07-04,Ujjani,99.106,53.678
2010-07-05,Ujjani,120.234,53.678
2010-07-06,Ujjani,149.546,53.678
2010-07-07,Ujjani,155.457,53.678
2010-07-08,Ujjani,222.026,53.678
2010-07-09,Ujjani,242.121,53.678
2010-07-10,Ujjani,205.26,53.678
2010-07-11,Ujjani,198.308,53.678
2010-07-12,Ujjani,117.959,53.678
2010-07-13,Ujjani,102.684,53.678
2010-07-14,Ujjani,99.106,53.678
2010-07-15,Ujjani,94.562,53.678
2010-07-16,Ujjani,97.576,53.678
2010-07-17,Ujjani,91.599,53.678
2010-07-18,Ujjani,88.694,53.678
2010-07-19,Ujjani,97.576,53.678
2010-07-20,Ujjani,134.43,53.678
2010-07-21,Ujjani,103.499,53.678
2010-07-22,Ujjani,91.599,53.678
2010-07-23,Ujjani,94.5,53.678
2010-07-24,Ujjani,90.142,53.678
2010-07-25,Ujjani,149.546,53.678
2010-07-26,Ujjani,169.77,53.678
2010-07-27,Ujjani,282.552,53.678
2010-07-28,Ujjani,252.552,53.678
2010-07-29,Ujjani,244.707,53.678
2010-07-30,Ujjani,509.003,53.678
2010-07-31,Ujjani,533.089,53.678
2010-08-01,Ujjani,374.486,53.678
2010-08-02,Ujjani,351.17,53.678
2010-08-03,Ujjani,323.593,53.678
2010-08-04,Ujjani,321.742,53.678
2010-08-05,Ujjani,231.951,53.678
2010-08-06,Ujjani,145.681,53.678
2010-08-07,Ujjani,167.679,53.678
2010-08-08,Ujjani,451.589,53.678
2010-08-09,Ujjani,373.777,53.678
2010-08-10,Ujjani,283.015,53.678
2010-08-11,Ujjani,251.495,53.678
2010-08-12,Ujjani,157.459,53.678
2010-08-13,Ujjani,147.609,53.678
2010-08-14,Ujjani,198.308,53.678
2010-08-15,Ujjani,391.273,53.678
2010-08-16,Ujjani,696.899,53.678
2010-08-17,Ujjani,986.538,53.678
2010-08-18,Ujjani,515.723,53.678
2010-08-19,Ujjani,404.766,53.678
2010-08-20,Ujjani,477.891,53.678
2010-08-21,Ujjani,398.116,53.678
2010-08-22,Ujjani,729.81,53.678
2010-08-23,Ujjani,1083.196,53.678
2010-08-24,Ujjani,808.646,53.678
2010-08-25,Ujjani,2187.738,53.678
2010-08-26,Ujjani,3013.087,53.678
2010-08-27,Ujjani,2649.431,53.678
2010-08-28,Ujjani,1722.195,53.678
2010-08-29,Ujjani,1716.991,53.678
2010-08-30,Ujjani,1579.756,53.678
2010-08-31,Ujjani,2012.674,53.678
2010-09-01,Ujjani,1389.629,53.678
2010-09-02,Ujjani,939.743,53.678
2010-09-03,Ujjani,717.153,53.678
2010-09-04,Ujjani,672.719,53.678
2010-09-05,Ujjani,600.501,53.678
2010-09-06,Ujjani,537.171,53.678
2010-09-07,Ujjani,710.436,53.678
2010-09-08,Ujjani,852.418,53.678
2010-09-09,Ujjani,1009.589,53.678
2010-09-10,Ujjani,1045.282,53.678
2010-09-11,Ujjani,863.146,53.678
2010-09-12,Ujjani,779.563,53.678
2010-09-13,Ujjani,715.305,53.678
2010-09-14,Ujjani,1084.736,53.678
2010-09-15,Ujjani,903.054,53.678
2010-09-16,Ujjani,740.561,53.678
2010-09-17,Ujjani,1215.279,53.678
2010-09-18,Ujjani,1576.508,53.678
2010-09-19,Ujjani,1850.134,53.678
2010-09-20,Ujjani,1299.704,53.678
2010-09-21,Ujjani,1043.827,53.678
2010-09-22,Ujjani,929.442,53.678
2010-09-23,Ujjani,700.869,53.678
2010-09-24,Ujjani,802.871,53.678
2010-09-25,Ujjani,1239.959,53.678
2010-09-26,Ujjani,1493.714,53.678
2010-09-27,Ujjani,1003.721,53.678
2010-09-28,Ujjani,1137.697,53.678
2010-09-29,Ujjani,1094.008,53.678
2010-09-30,Ujjani,894.768,53.678
2010-10-01,Ujjani,1040.331,53.678
2010-10-02,Ujjani,1300.345,53.678
2010-10-03,Ujjani,1015.494,53.678
2010-10-04,Ujjani,1383.823,53.678
2010-10-05,Ujjani,975.132,53.678
2010-10-06,Ujjani,578.941,53.678
2010-10-07,Ujjani,608.968,53.678
2010-10-08,Ujjani,820.73,53.678
2010-10-09,Ujjani,1420.87,53.678
2010-10-10,Ujjani,1094.008,53.678
2010-10-11,Ujjani,720.092,53.678
2010-10-12,Ujjani,497.201,53.678
2010-10-13,Ujjani,481.711,53.678
2010-10-14,Ujjani,415.504,53.678
2010-10-15,Ujjani,377.813,53.678
2010-10-16,Ujjani,320.552,53.678
2010-10-17,Ujjani,302.67,53.678
2010-10-18,Ujjani,288.223,53.678
2010-10-19,Ujjani,609.251,53.678
2010-10-20,Ujjani,541.258,53.678
2010-10-21,Ujjani,419.037,53.678
2010-10-22,Ujjani,408.499,53.678
2010-10-23,Ujjani,681.947,53.678
2010-10-24,Ujjani,992.01,53.678
2010-10-25,Ujjani,1100.572,53.678
2010-10-26,Ujjani,1133.444,53.678
2010-10-27,Ujjani,985.684,53.678
2010-10-28,Ujjani,772.235,53.678
2010-10-29,Ujjani,587.553,53.678
2010-10-30,Ujjani,436.944,53.678
2010-10-31,Ujjani,364.615,53.678
2010-11-01,Ujjani,350.051,53.678
2010-11-02,Ujjani,305.612,53.678
2010-11-03,Ujjani,263.24,53.678
2010-11-04,Ujjani,231.951,53.678
2010-11-05,Ujjani,244.707,53.678
2010-11-06,Ujjani,249.919,53.678
2010-11-07,Ujjani,205.26,53.678
2010-11-08,Ujjani,188.212,53.678
2010-11-09,Ujjani,165.609,53.678
2010-11-10,Ujjani,161.501,53.678
2010-11-11,Ujjani,187.031,53.678
2010-11-12,Ujjani,282.552,53.678
2010-11-13,Ujjani,226.953,53.678
2010-11-14,Ujjani,296.844,53.678
2010-11-15,Ujjani,369.616,53.678
2010-11-16,Ujjani,239.558,53.678
2010-11-17,Ujjani,198.308,53.678
2010-11-18,Ujjani,302.67,53.678
2010-11-19,Ujjani,371.175,53.678
2010-11-20,Ujjani,367.882,53.678
2010-11-21,Ujjani,332.808,53.678
2010-11-22,Ujjani,330.958,53.678
2010-11-23,Ujjani,285.379,53.678
2010-11-24,Ujjani,263.24,53.678
2010-11-25,Ujjani,247.309,53.678
2010-11-26,Ujjani,224.478,53.678
2010-11-27,Ujjani,207.61,53.678
2010-11-28,Ujjani,202.925,53.678
2010-11-29,Ujjani,299.075,53.678
2010-11-30,Ujjani,252.739,53.678
2010-12-01,Ujjani,270.694,53.678
2010-12-02,Ujjani,249.919,53.678
2010-12-03,Ujjani,217.153,53.678
2010-12-04,Ujjani,200.612,53.678
2010-12-05,Ujjani,187.031,53.678
2010-12-06,Ujjani,118.456,53.678
2010-12-07,Ujjani,123.7,53.678
2010-12-08,Ujjani,121.96,53.678
2010-12-09,Ujjani,116.83,53.678
2010-12-10,Ujjani,106.952,53.678
2010-12-11,Ujjani,103.773,53.678
2010-12-12,Ujjani,103.773,53.678
2010-12-13,Ujjani,100.644,53.678
2010-12-14,Ujjani,96.06,53.678
2010-12-15,Ujjani,87.26,53.678
2010-12-16,Ujjani,81.662,53.678
2010-12-17,Ujjani,77.606,53.678
2010-12-18,Ujjani,76.283,53.678
2010-12-19,Ujjani,77.606,53.678
2010-12-20,Ujjani,0.0,53.678
2010-12-21,Ujjani,0.0,53.678
2010-12-22,Ujjani,0.0,53.678
2010-12-23,Ujjani,0.0,53.678
2010-12-24,Ujjani,0.0,53.678
2010-12-25,Ujjani,0.0,53.678
2010-12-26,Ujjani,0.0,53.678
2010-12-27,Ujjani,0.0,53.678
2010-12-28,Ujjani,0.0,53.678
2010-12-29,Ujjani,0.0,53.678
2010-12-30,Ujjani,0.0,53.678
2010-12-31,Ujjani,0.0,53.678
2011-01-01,Ujjani,0.0,53.678
2011-01-02,Ujjani,0.0,53.678
2011-01-03,Ujjani,0.0,53.678
2011-01-04,Ujjani,0.0,53.678
2011-01-05,Ujjani,0.0,53.678
2011-01-06,Ujjani,0.0,53.678
2011-01-07,Ujjani,0.0,53.678
2011-01-08,Ujjani,0.0,53.678
2011-01-09,Ujjani,0.0,53.678
2011-01-10,Ujjani,0.0,53.678
2011-01-11,Ujjani,0.0,53.678
2011-01-12,Ujjani,0.0,53.678
2011-01-13,Ujjani,0.0,53.678
2011-01-14,Ujjani,0.0,53.678
2011-01-15,Ujjani,0.0,53.678
2011-01-16,Ujjani,0.0,53.678
2011-01-17,Ujjani,0.0,53.678
2011-01-18,Ujjani,0.0,53.678
2011-01-19,Ujjani,0.0,53.678
2011-01-20,Ujjani,0.0,53.678
2011-01-21,Ujjani,0.0,53.678
2011-01-22,Ujjani,0.0,53.678
2011-01-23,Ujjani,0.0,53.678
2011-01-24,Ujjani,0.0,53.678
2011-01-25,Ujjani,0.0,53.678
2011-01-26,Ujjani,0.0,53.678
2011-01-27,Ujjani,0.0,53.678
2011-01-28,Ujjani,0.0,53.678
2011-01-29,Ujjani,0.0,53.678
2011-01-30,Ujjani,0.0,53.678
2011-01-31,Ujjani,0.0,53.678
2011-02-01,Ujjani,0.0,53.678
2011-02-02,Ujjani,0.0,53.678
2011-02-03,Ujjani,0.0,53.678
2011-02-04,Ujjani,0.0,53.678
2011-02-05,Ujjani,0.0,53.678
2011-02-06,Ujjani,0.0,53.678
2011-02-07,Ujjani,0.0,53.678
2011-02-08,Ujjani,0.0,53.678
2011-02-09,Ujjani,0.0,53.678
2011-02-10,Ujjani,0.0,53.678
2011-02-11,Ujjani,0.0,53.678
2011-02-12,Ujjani,0.0,53.678
2011-02-13,Ujjani,0.0,53.678
2011-02-14,Ujjani,0.0,53.678
2011-02-15,Ujjani,0.0,53.678
2011-02-16,Ujjani,0.0,53.678
2011-02-17,Ujjani,0.0,53.678
2011-02-18,Ujjani,0.0,53.678
2011-02-19,Ujjani,0.0,53.678
2011-02-20,Ujjani,0.0,53.678
2011-02-21,Ujjani,0.0,53.678
2011-02-22,Ujjani,0.0,53.678
2011-02-23,Ujjani,0.0,53.678
2011-02-24,Ujjani,0.0,53.678
2011-02-25,Ujjani,0.0,53.678
2011-02-26,Ujjani,0.0,53.678
2011-02-27,Ujjani,0.0,53.678
2011-02-28,Ujjani,0.0,53.678
2011-03-01,Ujjani,0.0,53.678
2011-03-02,Ujjani,0.0,53.678
2011-03-03,Ujjani,0.0,53.678
2011-03-04,Ujjani,0.0,53.678
2011-03-05,Ujjani,0.0,53.678
2011-03-06,Ujjani,0.0,53.678
2011-03-07,Ujjani,0.0,53.678
2011-03-08,Ujjani,0.0,53.678
2011-03-09,Ujjani,0.0,53.678
2011-03-10,Ujjani,0.0,53.678
2011-03-11,Ujjani,0.0,53.678
2011-03-12,Ujjani,0.0,53.678
2011-03-13,Ujjani,0.0,53.678
2011-03-14,Ujjani,0.0,53.678
2011-03-15,Ujjani,0.0,53.678
2011-03-16,Ujjani,0.0,53.678
2011-03-17,Ujjani,0.0,53.678
2011-03-18,Ujjani,0.0,53.678
2011-03-19,Ujjani,0.0,53.678
2011-03-20,Ujjani,0.0,53.678
2011-03-21,Ujjani,0.0,53.678
2011-03-22,Ujjani,0.0,53.678
2011-03-23,Ujjani,0.0,53.678
2011-03-24,Ujjani,0.0,53.678
2011-03-25,Ujjani,0.0,53.678
2011-03-26,Ujjani,0.0,53.678
2011-03-27,Ujjani,0.0,53.678
2011-03-28,Ujjani,0.0,53.678
2011-03-29,Ujjani,0.0,53.678
2011-03-30,Ujjani,0.0,53.678
2011-03-31,Ujjani,0.0,53.678
2011-04-01,Ujjani,0.0,53.678
2011-04-02,Ujjani,0.0,53.678
2011-04-03,Ujjani,0.0,53.678
2011-04-04,Ujjani,0.0,53.678
2011-04-05,Ujjani,0.0,53.678
2011-04-06,Ujjani,0.0,53.678
2011-04-07,Ujjani,0.0,53.678
2011-04-08,Ujjani,0.0,53.678
2011-04-09,Ujjani,0.0,53.678
2011-04-10,Ujjani,0.0,53.678
2011-04-11,Ujjani,0.0,53.678
2011-04-12,Ujjani,0.0,53.678
2011-04-13,Ujjani,0.0,53.678
2011-04-14,Ujjani,0.0,53.678
2011-04-15,Ujjani,0.0,53.678
2011-04-16,Ujjani,0.0,53.678
2011-04-17,Ujjani,0.0,53.678
2011-04-18,Ujjani,0.0,53.678
2011-04-19,Ujjani,0.0,53.678
2011-04-20,Ujjani,0.0,53.678
2011-04-21,Ujjani,0.0,53.678
2011-04-22,Ujjani,0.0,53.678
2011-04-23,Ujjani,0.0,53.678
2011-04-24,Ujjani,0.0,53.678
2011-04-25,Ujjani,0.0,53.678
2011-04-26,Ujjani,0.0,53.678
2011-04-27,Ujjani,0.0,53.678
2011-04-28,Ujjani,0.0,53.678
2011-04-29,Ujjani,0.0,53.678
2011-04-30,Ujjani,0.0,53.678
2011-05-01,Ujjani,0.0,53.678
2011-05-02,Ujjani,0.0,53.678
2011-05-03,Ujjani,0.0,53.678
2011-05-04,Ujjani,0.0,53.678
2011-05-05,Ujjani,0.0,53.678
2011-05-06,Ujjani,0.0,53.678
2011-05-07,Ujjani,0.0,53.678
2011-05-08,Ujjani,0.0,53.678
2011-05-09,Ujjani,0.0,53.678
2011-05-10,Ujjani,0.0,53.678
2011-05-11,Ujjani,0.0,53.678
2011-05-12,Ujjani,0.0,53.678
2011-05-13,Ujjani,0.0,53.678
2011-05-14,Ujjani,0.0,53.678
2011-05-15,Ujjani,0.0,53.678
2011-05-16,Ujjani,0.0,53.678
2011-05-17,Ujjani,0.0,53.678
2011-05-18,Ujjani,0.0,53.678
2011-05-19,Ujjani,0.0,53.678
2011-05-20,Ujjani,0.0,53.678
2011-05-21,Ujjani,0.0,53.678
2011-05-22,Ujjani,0.0,53.678
2011-05-23,Ujjani,0.0,53.678
2011-05-24,Ujjani,0.0,53.678
2011-05-25,Ujjani,0.0,53.678
2011-05-26,Ujjani,0.0,53.678
2011-05-27,Ujjani,0.0,53.678
2011-05-28,Ujjani,0.0,53.678
2011-05-29,Ujjani,0.0,53.678
2011-05-30,Ujjani,0.0,53.678
2011-05-31,Ujjani,0.0,53.678
2011-06-01,Ujjani,0.0,53.678
2011-06-02,Ujjani,0.0,53.678
2011-06-03,Ujjani,0.0,53.678
2011-06-04,Ujjani,0.0,53.678
2011-06-05,Ujjani,0.0,53.678
2011-06-06,Ujjani,0.0,53.678
2011-06-07,Ujjani,0.0,53.678
2011-06-08,Ujjani,0.0,53.678
2011-06-09,Ujjani,0.0,53.678
2011-06-10,Ujjani,0.0,53.678
2011-06-11,Ujjani,0.0,53.678
2011-06-12,Ujjani,0.0,53.678
2011-06-13,Ujjani,0.0,53.678
2011-06-14,Ujjani,0.0,53.678
2011-06-15,Ujjani,0.0,53.678
2011-06-16,Ujjani,0.0,53.678
2011-06-17,Ujjani,0.0,53.678
2011-06-18,Ujjani,0.0,53.678
2011-06-19,Ujjani,0.0,53.678
2011-06-20,Ujjani,0.0,53.678
2011-06-21,Ujjani,0.0,53.678
2011-06-22,Ujjani,0.0,53.678
2011-06-23,Ujjani,0.0,53.678
2011-06-24,Ujjani,0.0,53.678
2011-06-25,Ujjani,0.0,53.678
2011-06-26,Ujjani,0.0,53.678
2011-06-27,Ujjani,0.0,53.678
2011-06-28,Ujjani,0.0,53.678
2011-06-29,Ujjani,0.0,53.678
2011-06-30,Ujjani,0.0,53.678
2011-07-01,Ujjani,0.0,53.678
2011-07-02,Ujjani,0.0,53.678
2011-07-03,Ujjani,0.0,53.678
2011-07-04,Ujjani,0.0,53.678
2011-07-05,Ujjani,0.0,53.678
2011-07-06,Ujjani,0.0,53.678
2011-07-07,Ujjani,0.0,53.678
2011-07-08,Ujjani,0.0,53.678
2011-07-09,Ujjani,0.0,53.678
2011-07-10,Ujjani,0.0,53.678
2011-07-11,Ujjani,0.0,53.678
2011-07-12,Ujjani,0.0,53.678
2011-07-13,Ujjani,0.0,53.678
2011-07-14,Ujjani,0.0,53.678
2011-07-15,Ujjani,0.0,53.678
2011-07-16,Ujjani,0.0,53.678
2011-07-17,Ujjani,0.0,53.678
2011-07-18,Ujjani,0.0,53.678
2011-07-19,Ujjani,0.0,53.678
2011-07-20,Ujjani,0.0,53.678
2011-07-21,Ujjani,0.0,53.678
2011-07-22,Ujjani,0.0,53.678
2011-07-23,Ujjani,0.0,53.678
2011-07-24,Ujjani,0.0,53.678
2011-07-25,Ujjani,0.0,53.678
2011-07-26,Ujjani,0.0,53.678
2011-07-27,Ujjani,0.0,53.678
2011-07-28,Ujjani,0.0,53.678
2011-07-29,Ujjani,0.0,53.678
2011-07-30,Ujjani,0.0,53.678
2011-07-31,Ujjani,0.0,53.678
2011-08-01,Ujjani,1251.854,53.678
2011-08-02,Ujjani,332.302,53.678
2011-08-03,Ujjani,201.024,53.678
2011-08-04,Ujjani,200.254,53.678
2011-08-05,Ujjani,182.16,53.678
2011-08-06,Ujjani,118.792,53.678
2011-08-07,Ujjani,103.842,53.678
2011-08-08,Ujjani,98.949,53.678
2011-08-09,Ujjani,95.697,53.678
2011-08-10,Ujjani,76.714,53.678
2011-08-11,Ujjani,75.916,53.678
2011-08-12,Ujjani,75.199,53.678
2011-08-13,Ujjani,61.213,53.678
2011-08-14,Ujjani,59.908,53.678
2011-08-15,Ujjani,75.08,53.678
2011-08-16,Ujjani,95.178,53.678
2011-08-17,Ujjani,118.123,53.678
2011-08-18,Ujjani,115.867,53.678
2011-08-19,Ujjani,120.144,53.678
2011-08-20,Ujjani,123.626,53.678
2011-08-21,Ujjani,183.304,53.678
2011-08-22,Ujjani,434.467,53.678
2011-08-23,Ujjani,309.643,53.678
2011-08-24,Ujjani,357.417,53.678
2011-08-25,Ujjani,312.19,53.678
2011-08-26,Ujjani,353.164,53.678
2011-08-27,Ujjani,338.74,53.678
2011-08-28,Ujjani,407.905,53.678
2011-08-29,Ujjani,354.825,53.678
2011-08-30,Ujjani,286.401,53.678
2011-08-31,Ujjani,390.228,53.678
2011-09-01,Ujjani,429.664,53.678
2011-09-02,Ujjani,407.964,53.678
2011-09-03,Ujjani,484.985,53.678
2011-09-04,Ujjani,1131.853,53.678
2011-09-05,Ujjani,933.873,53.678
2011-09-06,Ujjani,1099.034,53.678
2011-09-07,Ujjani,3102.181,53.678
2011-09-08,Ujjani,4939.235,53.678
2011-09-09,Ujjani,4857.873,53.678
2011-09-10,Ujjani,2895.345,53.678
2011-09-11,Ujjani,3017.992,53.678
2011-09-12,Ujjani,2766.134,53.678
2011-09-13,Ujjani,1235.559,53.678
2011-09-14,Ujjani,440.566,53.678
2011-09-15,Ujjani,321.44,53.678
2011-09-16,Ujjani,351.021,53.678
2011-09-17,Ujjani,358.718,53.678
2011-09-18,Ujjani,323.646,53.678
2011-09-19,Ujjani,332.035,53.678
2011-09-20,Ujjani,293.735,53.678
2011-09-21,Ujjani,248.676,53.678
2011-09-22,Ujjani,352.05,53.678
2011-09-23,Ujjani,353.076,53.678
2011-09-24,Ujjani,350.538,53.678
2011-09-25,Ujjani,317.349,53.678
2011-09-26,Ujjani,186.705,53.678
2011-09-27,Ujjani,128.735,53.678
2011-09-28,Ujjani,121.989,53.678
2011-09-29,Ujjani,122.56,53.678
2011-09-30,Ujjani,110.47,53.678
2011-10-01,Ujjani,106.634,53.678
2011-10-02,Ujjani,111.021,53.678
2011-10-03,Ujjani,102.189,53.678
2011-10-04,Ujjani,102.203,53.678
2011-10-05,Ujjani,107.607,53.678
2011-10-06,Ujjani,106.288,53.678
2011-10-07,Ujjani,106.215,53.678
2011-10-08,Ujjani,106.143,53.678
2011-10-09,Ujjani,103.506,53.678
2011-10-10,Ujjani,100.77,53.678
2011-10-11,Ujjani,100.965,53.678
2011-10-12,Ujjani,103.619,53.678
2011-10-13,Ujjani,106.272,53.678
2011-10-14,Ujjani,105.866,53.678
2011-10-15,Ujjani,105.46,53.678
2011-10-16,Ujjani,102.589,53.678
2011-10-17,Ujjani,101.465,53.678
2011-10-18,Ujjani,101.622,53.678
2011-10-19,Ujjani,98.678,53.678
2011-10-20,Ujjani,95.735,53.678
2011-10-21,Ujjani,92.791,53.678
2011-10-22,Ujjani,89.848,53.678
2011-10-23,Ujjani,86.904,53.678
2011-10-24,Ujjani,86.904,53.678
2011-10-25,Ujjani,86.904,53.678
2011-10-26,Ujjani,86.904,53.678
2011-10-27,Ujjani,88.168,53.678
2011-10-28,Ujjani,89.432,53.678
2011-10-29,Ujjani,90.696,53.678
2011-10-30,Ujjani,91.96,53.678
2011-10-31,Ujjani,91.273,53.678
2011-11-01,Ujjani,90.586,53.678
2011-11-02,Ujjani,89.253,53.678
2011-11-03,Ujjani,89.993,53.678
2011-11-04,Ujjani,88.179,53.678
2011-11-05,Ujjani,87.213,53.678
2011-11-06,Ujjani,86.078,53.678
2011-11-07,Ujjani,86.904,53.678
2011-11-08,Ujjani,86.934,53.678
2011-11-09,Ujjani,86.844,53.678
2011-11-10,Ujjani,86.078,53.678
2011-11-11,Ujjani,86.741,53.678
2011-11-12,Ujjani,86.494,53.678
2011-11-13,Ujjani,86.078,53.678
2011-11-14,Ujjani,86.574,53.678
2011-11-15,Ujjani,86.392,53.678
2011-11-16,Ujjani,86.427,53.678
2011-11-17,Ujjani,86.441,53.678
2011-11-18,Ujjani,86.502,53.678
2011-11-19,Ujjani,90.31,53.678
2011-11-20,Ujjani,92.819,53.678
2011-11-21,Ujjani,94.038,53.678
2011-11-22,Ujjani,94.054,53.678
2011-11-23,Ujjani,94.057,53.678
2011-11-24,Ujjani,94.101,53.678
2011-11-25,Ujjani,90.786,53.678
2011-11-26,Ujjani,88.372,53.678
2011-11-27,Ujjani,89.411,53.678
2011-11-28,Ujjani,87.678,53.678
2011-11-29,Ujjani,87.861,53.678
2011-11-30,Ujjani,88.553,53.678
2011-12-01,Ujjani,86.343,53.678
2011-12-02,Ujjani,84.486,53.678
2011-12-03,Ujjani,82.125,53.678
2011-12-04,Ujjani,62.533,53.678
2011-12-05,Ujjani,36.506,53.678
2011-12-06,Ujjani,32.901,53.678
2011-12-07,Ujjani,27.326,53.678
2011-12-08,Ujjani,38.186,53.678
2011-12-09,Ujjani,39.438,53.678
2011-12-10,Ujjani,39.669,53.678
2011-12-11,Ujjani,39.987,53.678
2011-12-12,Ujjani,42.683,53.678
2011-12-13,Ujjani,43.804,53.678
2011-12-14,Ujjani,0.0,53.678
2011-12-15,Ujjani,0.0,53.678
2011-12-16,Ujjani,0.0,53.678
2011-12-17,Ujjani,0.0,53.678
2011-12-18,Ujjani,0.0,53.678
2011-12-19,Ujjani,43.689,53.678
2011-12-20,Ujjani,38.791,53.678
2011-12-21,Ujjani,0.0,53.678
2011-12-22,Ujjani,0.0,53.678
2011-12-23,Ujjani,0.0,53.678
2011-12-24,Ujjani,0.0,53.678
2011-12-25,Ujjani,0.0,53.678
2011-12-26,Ujjani,0.0,53.678
2011-12-27,Ujjani,0.0,53.678
2011-12-28,Ujjani,0.0,53.678
2011-12-29,Ujjani,0.0,53.678
2011-12-30,Ujjani,0.0,53.678
2011-12-31,Ujjani,0.0,53.678
2012-01-01,Ujjani,0.0,53.678
2012-01-02,Ujjani,0.0,53.678
2012-01-03,Ujjani,0.0,53.678
2012-01-04,Ujjani,0.0,53.678
2012-01-05,Ujjani,0.0,53.678
2012-01-06,Ujjani,0.0,53.678
2012-01-07,Ujjani,0.0,53.678
2012-01-08,Ujjani,0.0,53.678
2012-01-09,Ujjani,0.0,53.678
2012-01-10,Ujjani,0.0,53.678
2012-01-11,Ujjani,0.0,53.678
2012-01-12,Ujjani,0.0,53.678
2012-01-13,Ujjani,0.0,53.678
2012-01-14,Ujjani,0.0,53.678
2012-01-15,Ujjani,0.0,53.678
2012-01-16,Ujjani,0.0,53.678
2012-01-17,Ujjani,0.0,53.678
2012-01-18,Ujjani,0.0,53.678
2012-01-19,Ujjani,0.0,53.678
2012-01-20,Ujjani,0.0,53.678
2012-01-21,Ujjani,0.0,53.678
2012-01-22,Ujjani,0.0,53.678
2012-01-23,Ujjani,0.0,53.678
2012-01-24,Ujjani,0.0,53.678
2012-01-25,Ujjani,0.0,53.678
2012-01-26,Ujjani,0.0,53.678
2012-01-27,Ujjani,0.0,53.678
2012-01-28,Ujjani,0.0,53.678
2012-01-29,Ujjani,0.0,53.678
2012-01-30,Ujjani,0.0,53.678
2012-01-31,Ujjani,0.0,53.678
2012-02-01,Ujjani,0.0,53.678
2012-02-02,Ujjani,0.0,53.678
2012-02-03,Ujjani,0.0,53.678
2012-02-04,Ujjani,0.0,53.678
2012-02-05,Ujjani,0.0,53.678
2012-02-06,Ujjani,0.0,53.678
2012-02-07,Ujjani,0.0,53.678
2012-02-08,Ujjani,0.0,53.678
2012-02-09,Ujjani,0.0,53.678
2012-02-10,Ujjani,0.0,53.678
2012-02-11,Ujjani,0.0,53.678
2012-02-12,Ujjani,0.0,53.678
2012-02-13,Ujjani,0.0,53.678
2012-02-14,Ujjani,0.0,53.678
2012-02-15,Ujjani,0.0,53.678
2012-02-16,Ujjani,0.0,53.678
2012-02-17,Ujjani,0.0,53.678
2012-02-18,Ujjani,0.0,53.678
2012-02-19,Ujjani,0.0,53.678
2012-02-20,Ujjani,0.0,53.678
2012-02-21,Ujjani,0.0,53.678
2012-02-22,Ujjani,0.0,53.678
2012-02-23,Ujjani,0.0,53.678
2012-02-24,Ujjani,0.0,53.678
2012-02-25,Ujjani,0.0,53.678
2012-02-26,Ujjani,0.0,53.678
2012-02-27,Ujjani,0.0,53.678
2012-02-28,Ujjani,0.0,53.678
2012-02-29,Ujjani,0.0,53.678
2012-03-01,Ujjani,0.0,53.678
2012-03-02,Ujjani,0.0,53.678
2012-03-03,Ujjani,0.0,53.678
2012-03-04,Ujjani,0.0,53.678
2012-03-05,Ujjani,0.0,53.678
2012-03-06,Ujjani,0.0,53.678
2012-03-07,Ujjani,0.0,53.678
2012-03-08,Ujjani,0.0,53.678
2012-03-09,Ujjani,0.0,53.678
2012-03-10,Ujjani,0.0,53.678
2012-03-11,Ujjani,0.0,53.678
2012-03-12,Ujjani,0.0,53.678
2012-03-13,Ujjani,0.0,53.678
2012-03-14,Ujjani,0.0,53.678
2012-03-15,Ujjani,0.0,53.678
2012-03-16,Ujjani,0.0,53.678
2012-03-17,Ujjani,0.0,53.678
2012-03-18,Ujjani,0.0,53.678
2012-03-19,Ujjani,0.0,53.678
2012-03-20,Ujjani,0.0,53.678
2012-03-21,Ujjani,0.0,53.678
2012-03-22,Ujjani,0.0,53.678
2012-03-23,Ujjani,0.0,53.678
2012-03-24,Ujjani,0.0,53.678
2012-03-25,Ujjani,0.0,53.678
2012-03-26,Ujjani,0.0,53.678
2012-03-27,Ujjani,0.0,53.678
2012-03-28,Ujjani,0.0,53.678
2012-03-29,Ujjani,0.0,53.678
2012-03-30,Ujjani,0.0,53.678
2012-03-31,Ujjani,0.0,53.678
2012-04-01,Ujjani,0.0,53.678
2012-04-02,Ujjani,0.0,53.678
2012-04-03,Ujjani,0.0,53.678
2012-04-04,Ujjani,0.0,53.678
2012-04-05,Ujjani,0.0,53.678
2012-04-06,Ujjani,0.0,53.678
2012-04-07,Ujjani,0.0,53.678
2012-04-08,Ujjani,0.0,53.678
2012-04-09,Ujjani,0.0,53.678
2012-04-10,Ujjani,0.0,53.678
2012-04-11,Ujjani,0.0,53.678
2012-04-12,Ujjani,0.0,53.678
2012-04-13,Ujjani,0.0,53.678
2012-04-14,Ujjani,0.0,53.678
2012-04-15,Ujjani,0.0,53.678
2012-04-16,Ujjani,0.0,53.678
2012-04-17,Ujjani,0.0,53.678
2012-04-18,Ujjani,0.0,53.678
2012-04-19,Ujjani,0.0,53.678
2012-04-20,Ujjani,0.0,53.678
2012-04-21,Ujjani,0.0,53.678
2012-04-22,Ujjani,0.0,53.678
2012-04-23,Ujjani,0.0,53.678
2012-04-24,Ujjani,0.0,53.678
2012-04-25,Ujjani,0.0,53.678
2012-04-26,Ujjani,0.0,53.678
2012-04-27,Ujjani,0.0,53.678
2012-04-28,Ujjani,0.0,53.678
2012-04-29,Ujjani,0.0,53.678
2012-04-30,Ujjani,0.0,53.678
2012-05-01,Ujjani,0.0,53.678
2012-05-02,Ujjani,0.0,53.678
2012-05-03,Ujjani,0.0,53.678
2012-05-04,Ujjani,0.0,53.678
2012-05-05,Ujjani,0.0,53.678
2012-05-06,Ujjani,0.0,53.678
2012-05-07,Ujjani,0.0,53.678
2012-05-08,Ujjani,0.0,53.678
2012-05-09,Ujjani,0.0,53.678
2012-05-10,Ujjani,0.0,53.678
2012-05-11,Ujjani,0.0,53.678
2012-05-12,Ujjani,0.0,53.678
2012-05-13,Ujjani,0.0,53.678
2012-05-14,Ujjani,0.0,53.678
2012-05-15,Ujjani,0.0,53.678
2012-05-16,Ujjani,0.0,53.678
2012-05-17,Ujjani,0.0,53.678
2012-05-18,Ujjani,0.0,53.678
2012-05-19,Ujjani,0.0,53.678
2012-05-20,Ujjani,0.0,53.678
2012-05-21,Ujjani,0.0,53.678
2012-05-22,Ujjani,0.0,53.678
2012-05-23,Ujjani,0.0,53.678
2012-05-24,Ujjani,0.0,53.678
2012-05-25,Ujjani,0.0,53.678
2012-05-26,Ujjani,0.0,53.678
2012-05-27,Ujjani,0.0,53.678
2012-05-28,Ujjani,0.0,53.678
2012-05-29,Ujjani,0.0,53.678
2012-05-30,Ujjani,0.0,53.678
2012-05-31,Ujjani,0.0,53.678
2012-06-01,Ujjani,0.0,53.678
2012-06-02,Ujjani,0.0,53.678
2012-06-03,Ujjani,0.0,53.678
2012-06-04,Ujjani,0.0,53.678
2012-06-05,Ujjani,0.0,53.678
2012-06-06,Ujjani,0.0,53.678
2012-06-07,Ujjani,0.0,53.678
2012-06-08,Ujjani,0.0,53.678
2012-06-09,Ujjani,0.0,53.678
2012-06-10,Ujjani,0.0,53.678
2012-06-11,Ujjani,0.0,53.678
2012-06-12,Ujjani,0.0,53.678
2012-06-13,Ujjani,0.0,53.678
2012-06-14,Ujjani,0.0,53.678
2012-06-15,Ujjani,0.0,53.678
2012-06-16,Ujjani,0.0,53.678
2012-06-17,Ujjani,0.0,53.678
2012-06-18,Ujjani,0.0,53.678
2012-06-19,Ujjani,0.0,53.678
2012-06-20,Ujjani,0.0,53.678
2012-06-21,Ujjani,0.0,53.678
2012-06-22,Ujjani,0.0,53.678
2012-06-23,Ujjani,0.0,53.678
2012-06-24,Ujjani,0.0,53.678
2012-06-25,Ujjani,0.0,53.678
2012-06-26,Ujjani,0.0,53.678
2012-06-27,Ujjani,0.0,53.678
2012-06-28,Ujjani,0.0,53.678
2012-06-29,Ujjani,0.0,53.678
2012-06-30,Ujjani,0.0,53.678
2012-07-01,Ujjani,0.0,53.678
2012-07-02,Ujjani,0.0,53.678
2012-07-03,Ujjani,0.0,53.678
2012-07-04,Ujjani,0.0,53.678
2012-07-05,Ujjani,0.0,53.678
2012-07-06,Ujjani,0.0,53.678
2012-07-07,Ujjani,0.0,53.678
2012-07-08,Ujjani,0.0,53.678
2012-07-09,Ujjani,0.0,53.678
2012-07-10,Ujjani,0.0,53.678
2012-07-11,Ujjani,0.0,53.678
2012-07-12,Ujjani,0.0,53.678
2012-07-13,Ujjani,9.404,53.678
2012-07-14,Ujjani,9.077,53.678
2012-07-15,Ujjani,7.59,53.678
2012-07-16,Ujjani,6.075,53.678
2012-07-17,Ujjani,6.299,53.678
2012-07-18,Ujjani,9.062,53.678
2012-07-19,Ujjani,13.949,53.678
2012-07-20,Ujjani,18.836,53.678
2012-07-21,Ujjani,23.722,53.678
2012-07-22,Ujjani,28.609,53.678
2012-07-23,Ujjani,34.766,53.678
2012-07-24,Ujjani,39.404,53.678
2012-07-25,Ujjani,45.55,53.678
2012-07-26,Ujjani,44.93,53.678
2012-07-27,Ujjani,45.747,53.678
2012-07-28,Ujjani,40.786,53.678
2012-07-29,Ujjani,35.824,53.678
2012-07-30,Ujjani,29.214,53.678
2012-07-31,Ujjani,29.256,53.678
2012-08-01,Ujjani,29.298,53.678
2012-08-02,Ujjani,30.488,53.678
2012-08-03,Ujjani,36.212,53.678
2012-08-04,Ujjani,41.936,53.678
2012-08-05,Ujjani,47.66,53.678
2012-08-06,Ujjani,39.708,53.678
2012-08-07,Ujjani,31.756,53.678
2012-08-08,Ujjani,30.403,53.678
2012-08-09,Ujjani,31.156,53.678
2012-08-10,Ujjani,30.075,53.678
2012-08-11,Ujjani,28.44,53.678
2012-08-12,Ujjani,32.146,53.678
2012-08-13,Ujjani,31.802,53.678
2012-08-14,Ujjani,32.248,53.678
2012-08-15,Ujjani,37.081,53.678
2012-08-16,Ujjani,32.541,53.678
2012-08-17,Ujjani,32.307,53.678
2012-08-18,Ujjani,32.973,53.678
2012-08-19,Ujjani,42.255,53.678
2012-08-20,Ujjani,40.939,53.678
2012-08-21,Ujjani,34.929,53.678
2012-08-22,Ujjani,28.918,53.678
2012-08-23,Ujjani,27.587,53.678
2012-08-24,Ujjani,29.651,53.678
2012-08-25,Ujjani,31.714,53.678
2012-08-26,Ujjani,35.824,53.678
2012-08-27,Ujjani,48.71,53.678
2012-08-28,Ujjani,61.597,53.678
2012-08-29,Ujjani,74.483,53.678
2012-08-30,Ujjani,87.369,53.678
2012-08-31,Ujjani,100.255,53.678
2012-09-01,Ujjani,113.142,53.678
2012-09-02,Ujjani,89.631,53.678
2012-09-03,Ujjani,115.01,53.678
2012-09-04,Ujjani,148.164,53.678
2012-09-05,Ujjani,415.483,53.678
2012-09-06,Ujjani,300.024,53.678
2012-09-07,Ujjani,184.565,53.678
2012-09-08,Ujjani,160.296,53.678
2012-09-09,Ujjani,136.026,53.678
2012-09-10,Ujjani,112.818,53.678
2012-09-11,Ujjani,118.14,53.678
2012-09-12,Ujjani,124.809,53.678
2012-09-13,Ujjani,131.478,53.678
2012-09-14,Ujjani,138.147,53.678
2012-09-15,Ujjani,137.104,53.678
2012-09-16,Ujjani,94.838,53.678
2012-09-17,Ujjani,82.56,53.678
2012-09-18,Ujjani,76.207,53.678
2012-09-19,Ujjani,69.853,53.678
2012-09-20,Ujjani,82.002,53.678
2012-09-21,Ujjani,81.16,53.678
2012-09-22,Ujjani,80.319,53.678
2012-09-23,Ujjani,60.624,53.678
2012-09-24,Ujjani,60.839,53.678
2012-09-25,Ujjani,61.055,53.678
2012-09-26,Ujjani,61.27,53.678
2012-09-27,Ujjani,61.485,53.678
2012-09-28,Ujjani,61.7,53.678
2012-09-29,Ujjani,61.916,53.678
2012-09-30,Ujjani,62.131,53.678
2012-10-01,Ujjani,85.452,53.678
2012-10-02,Ujjani,122.365,53.678
2012-10-03,Ujjani,149.117,53.678
2012-10-04,Ujjani,203.267,53.678
2012-10-05,Ujjani,257.417,53.678
2012-10-06,Ujjani,311.567,53.678
2012-10-07,Ujjani,223.181,53.678
2012-10-08,Ujjani,240.251,53.678
2012-10-09,Ujjani,257.322,53.678
2012-10-10,Ujjani,274.392,53.678
2012-10-11,Ujjani,291.463,53.678
2012-10-12,Ujjani,230.303,53.678
2012-10-13,Ujjani,164.819,53.678
2012-10-14,Ujjani,124.286,53.678
2012-10-15,Ujjani,103.385,53.678
2012-10-16,Ujjani,82.484,53.678
2012-10-17,Ujjani,79.625,53.678
2012-10-18,Ujjani,76.321,53.678
2012-10-19,Ujjani,66.986,53.678
2012-10-20,Ujjani,57.65,53.678
2012-10-21,Ujjani,56.183,53.678
2012-10-22,Ujjani,59.183,53.678
2012-10-23,Ujjani,62.182,53.678
2012-10-24,Ujjani,65.182,53.678
2012-10-25,Ujjani,69.416,53.678
2012-10-26,Ujjani,73.651,53.678
2012-10-27,Ujjani,77.885,53.678
2012-10-28,Ujjani,62.131,53.678
2012-10-29,Ujjani,55.487,53.678
2012-10-30,Ujjani,48.843,53.678
2012-10-31,Ujjani,42.2,53.678
2012-11-01,Ujjani,35.417,53.678
2012-11-02,Ujjani,44.828,53.678
2012-11-03,Ujjani,54.239,53.678
2012-11-04,Ujjani,63.65,53.678
2012-11-05,Ujjani,80.194,53.678
2012-11-06,Ujjani,81.909,53.678
2012-11-07,Ujjani,81.335,53.678
2012-11-08,Ujjani,79.625,53.678
2012-11-09,Ujjani,76.914,53.678
2012-11-10,Ujjani,77.508,53.678
2012-11-11,Ujjani,66.726,53.678
2012-11-12,Ujjani,62.188,53.678
2012-11-13,Ujjani,57.65,53.678
2012-11-14,Ujjani,77.508,53.678
2012-11-15,Ujjani,77.508,53.678
2012-11-16,Ujjani,77.508,53.678
2012-11-17,Ujjani,76.271,53.678
2012-11-18,Ujjani,65.182,53.678
2012-11-19,Ujjani,65.625,53.678
2012-11-20,Ujjani,66.068,53.678
2012-11-21,Ujjani,66.511,53.678
2012-11-22,Ujjani,66.954,53.678
2012-11-23,Ujjani,67.397,53.678
2012-11-24,Ujjani,67.841,53.678
2012-11-25,Ujjani,68.284,53.678
2012-11-26,Ujjani,66.739,53.678
2012-11-27,Ujjani,65.194,53.678
2012-11-28,Ujjani,63.65,53.678
2012-11-29,Ujjani,61.783,53.678
2012-11-30,Ujjani,59.916,53.678
2012-12-01,Ujjani,58.05,53.678
2012-12-02,Ujjani,56.183,53.678
2012-12-03,Ujjani,55.364,53.678
2012-12-04,Ujjani,54.544,53.678
2012-12-05,Ujjani,53.725,53.678
2012-12-06,Ujjani,52.905,53.678
2012-12-07,Ujjani,52.086,53.678
2012-12-08,Ujjani,51.266,53.678
2012-12-09,Ujjani,50.447,53.678
2012-12-10,Ujjani,25.223,53.678
2012-12-11,Ujjani,0.0,53.678
2012-12-12,Ujjani,0.0,53.678
2012-12-13,Ujjani,0.0,53.678
2012-12-14,Ujjani,0.0,53.678
2012-12-15,Ujjani,0.0,53.678
2012-12-16,Ujjani,0.0,53.678
2012-12-17,Ujjani,0.0,53.678
2012-12-18,Ujjani,0.0,53.678
2012-12-19,Ujjani,0.0,53.678
2012-12-20,Ujjani,0.0,53.678
2012-12-21,Ujjani,0.0,53.678
2012-12-22,Ujjani,0.0,53.678
2012-12-23,Ujjani,0.0,53.678
2012-12-24,Ujjani,0.0,53.678
2012-12-25,Ujjani,0.0,53.678
2012-12-26,Ujjani,0.0,53.678
2012-12-27,Ujjani,0.0,53.678
2012-12-28,Ujjani,0.0,53.678
2012-12-29,Ujjani,0.0,53.678
2012-12-30,Ujjani,0.0,53.678
2012-12-31,Ujjani,0.0,53.678
2013-01-01,Ujjani,0.0,53.678
2013-01-02,Ujjani,0.0,53.678
2013-01-03,Ujjani,0.0,53.678
2013-01-04,Ujjani,0.0,53.678
2013-01-05,Ujjani,0.0,53.678
2013-01-06,Ujjani,0.0,53.678
2013-01-07,Ujjani,0.0,53.678
2013-01-08,Ujjani,0.0,53.678
2013-01-09,Ujjani,0.0,53.678
2013-01-10,Ujjani,0.0,53.678
2013-01-11,Ujjani,0.0,53.678
2013-01-12,Ujjani,0.0,53.678
2013-01-13,Ujjani,0.0,53.678
2013-01-14,Ujjani,0.0,53.678
2013-01-15,Ujjani,0.0,53.678
2013-01-16,Ujjani,0.0,53.678
2013-01-17,Ujjani,0.0,53.678
2013-01-18,Ujjani,0.0,53.678
2013-01-19,Ujjani,0.0,53.678
2013-01-20,Ujjani,0.0,53.678
2013-01-21,Ujjani,0.0,53.678
2013-01-22,Ujjani,0.0,53.678
2013-01-23,Ujjani,0.0,53.678
2013-01-24,Ujjani,0.0,53.678
2013-01-25,Ujjani,0.0,53.678
2013-01-26,Ujjani,0.0,53.678
2013-01-27,Ujjani,0.0,53.678
2013-01-28,Ujjani,0.0,53.678
2013-01-29,Ujjani,0.0,53.678
2013-01-30,Ujjani,0.0,53.678
2013-01-31,Ujjani,0.0,53.678
2013-02-01,Ujjani,0.0,53.678
2013-02-02,Ujjani,0.0,53.678
2013-02-03,Ujjani,0.0,53.678
2013-02-04,Ujjani,0.0,53.678
2013-02-05,Ujjani,0.0,53.678
2013-02-06,Ujjani,0.0,53.678
2013-02-07,Ujjani,0.0,53.678
2013-02-08,Ujjani,0.0,53.678
2013-02-09,Ujjani,0.0,53.678
2013-02-10,Ujjani,0.0,53.678
2013-02-11,Ujjani,0.0,53.678
2013-02-12,Ujjani,0.0,53.678
2013-02-13,Ujjani,0.0,53.678
2013-02-14,Ujjani,0.0,53.678
2013-02-15,Ujjani,0.0,53.678
2013-02-16,Ujjani,0.0,53.678
2013-02-17,Ujjani,0.0,53.678
2013-02-18,Ujjani,0.0,53.678
2013-02-19,Ujjani,0.0,53.678
2013-02-20,Ujjani,0.0,53.678
2013-02-21,Ujjani,0.0,53.678
2013-02-22,Ujjani,0.0,53.678
2013-02-23,Ujjani,0.0,53.678
2013-02-24,Ujjani,0.0,53.678
2013-02-25,Ujjani,0.0,53.678
2013-02-26,Ujjani,0.0,53.678
2013-02-27,Ujjani,0.0,53.678
2013-02-28,Ujjani,0.0,53.678
2013-03-01,Ujjani,0.0,53.678
2013-03-02,Ujjani,0.0,53.678
2013-03-03,Ujjani,0.0,53.678
2013-03-04,Ujjani,0.0,53.678
2013-03-05,Ujjani,0.0,53.678
2013-03-06,Ujjani,0.0,53.678
2013-03-07,Ujjani,0.0,53.678
2013-03-08,Ujjani,0.0,53.678
2013-03-09,Ujjani,0.0,53.678
2013-03-10,Ujjani,0.0,53.678
2013-03-11,Ujjani,0.0,53.678
2013-03-12,Ujjani,0.0,53.678
2013-03-13,Ujjani,3.703,53.678
2013-03-14,Ujjani,1.724,53.678
2013-03-15,Ujjani,1.518,53.678
2013-03-16,Ujjani,0.981,53.678
2013-03-17,Ujjani,0.0,53.678
2013-03-18,Ujjani,0.0,53.678
2013-03-19,Ujjani,0.0,53.678
2013-03-20,Ujjani,0.0,53.678
2013-03-21,Ujjani,0.0,53.678
2013-03-22,Ujjani,0.0,53.678
2013-03-23,Ujjani,0.0,53.678
2013-03-24,Ujjani,0.0,53.678
2013-03-25,Ujjani,0.0,53.678
2013-03-26,Ujjani,0.0,53.678
2013-03-27,Ujjani,0.0,53.678
2013-03-28,Ujjani,0.0,53.678
2013-03-29,Ujjani,0.0,53.678
2013-03-30,Ujjani,0.0,53.678
2013-03-31,Ujjani,0.0,53.678
2013-04-01,Ujjani,0.0,53.678
2013-04-02,Ujjani,0.0,53.678
2013-04-03,Ujjani,0.0,53.678
2013-04-04,Ujjani,0.0,53.678
2013-04-05,Ujjani,0.0,53.678
2013-04-06,Ujjani,0.0,53.678
2013-04-07,Ujjani,0.0,53.678
2013-04-08,Ujjani,0.0,53.678
2013-04-09,Ujjani,0.0,53.678
2013-04-10,Ujjani,0.0,53.678
2013-04-11,Ujjani,0.0,53.678
2013-04-12,Ujjani,0.0,53.678
2013-04-13,Ujjani,0.0,53.678
2013-04-14,Ujjani,0.0,53.678
2013-04-15,Ujjani,0.0,53.678
2013-04-16,Ujjani,0.0,53.678
2013-04-17,Ujjani,0.0,53.678
2013-04-18,Ujjani,0.0,53.678
2013-04-19,Ujjani,0.0,53.678
2013-04-20,Ujjani,0.0,53.678
2013-04-21,Ujjani,0.0,53.678
2013-04-22,Ujjani,0.0,53.678
2013-04-23,Ujjani,0.0,53.678
2013-04-24,Ujjani,0.0,53.678
2013-04-25,Ujjani,0.0,53.678
2013-04-26,Ujjani,0.0,53.678
2013-04-27,Ujjani,0.0,53.678
2013-04-28,Ujjani,0.0,53.678
2013-04-29,Ujjani,0.0,53.678
2013-04-30,Ujjani,0.0,53.678
2013-05-01,Ujjani,0.0,53.678
2013-05-02,Ujjani,0.0,53.678
2013-05-03,Ujjani,0.0,53.678
2013-05-04,Ujjani,0.0,53.678
2013-05-05,Ujjani,0.0,53.678
2013-05-06,Ujjani,0.0,53.678
2013-05-07,Ujjani,0.0,53.678
2013-05-08,Ujjani,0.0,53.678
2013-05-09,Ujjani,0.0,53.678
2013-05-10,Ujjani,0.0,53.678
2013-05-11,Ujjani,0.0,53.678
2013-05-12,Ujjani,0.0,53.678
2013-05-13,Ujjani,0.0,53.678
2013-05-14,Ujjani,0.0,53.678
2013-05-15,Ujjani,0.0,53.678
2013-05-16,Ujjani,0.0,53.678
2013-05-17,Ujjani,0.0,53.678
2013-05-18,Ujjani,0.0,53.678
2013-05-19,Ujjani,0.0,53.678
2013-05-20,Ujjani,0.0,53.678
2013-05-21,Ujjani,0.0,53.678
2013-05-22,Ujjani,0.0,53.678
2013-05-23,Ujjani,0.0,53.678
2013-05-24,Ujjani,0.0,53.678
2013-05-25,Ujjani,0.0,53.678
2013-05-26,Ujjani,0.0,53.678
2013-05-27,Ujjani,0.0,53.678
2013-05-28,Ujjani,0.0,53.678
2013-05-29,Ujjani,0.0,53.678
2013-05-30,Ujjani,0.0,53.678
2013-05-31,Ujjani,0.0,53.678
2013-06-01,Ujjani,0.0,53.678
2013-06-02,Ujjani,0.0,53.678
2013-06-03,Ujjani,0.0,53.678
2013-06-04,Ujjani,0.0,53.678
2013-06-05,Ujjani,0.0,53.678
2013-06-06,Ujjani,0.0,53.678
2013-06-07,Ujjani,0.0,53.678
2013-06-08,Ujjani,0.0,53.678
2013-06-09,Ujjani,0.0,53.678
2013-06-10,Ujjani,0.0,53.678
2013-06-11,Ujjani,0.0,53.678
2013-06-12,Ujjani,0.0,53.678
2013-06-13,Ujjani,0.0,53.678
2013-06-14,Ujjani,0.0,53.678
2013-06-15,Ujjani,0.0,53.678
2013-06-16,Ujjani,0.0,53.678
2013-06-17,Ujjani,0.0,53.678
2013-06-18,Ujjani,0.0,53.678
2013-06-19,Ujjani,0.0,53.678
2013-06-20,Ujjani,0.0,53.678
2013-06-21,Ujjani,0.0,53.678
2013-06-22,Ujjani,0.0,53.678
2013-06-23,Ujjani,0.0,53.678
2013-06-24,Ujjani,0.0,53.678
2013-06-25,Ujjani,0.0,53.678
2013-06-26,Ujjani,0.0,53.678
2013-06-27,Ujjani,0.0,53.678
2013-06-28,Ujjani,0.0,53.678
2013-06-29,Ujjani,0.0,53.678
2013-06-30,Ujjani,0.0,53.678
2013-07-01,Ujjani,0.0,53.678
2013-07-02,Ujjani,0.0,53.678
2013-07-03,Ujjani,0.0,53.678
2013-07-04,Ujjani,0.0,53.678
2013-07-05,Ujjani,0.0,53.678
2013-07-06,Ujjani,0.0,53.678
2013-07-07,Ujjani,0.0,53.678
2013-07-08,Ujjani,0.0,53.678
2013-07-09,Ujjani,0.0,53.678
2013-07-10,Ujjani,0.0,53.678
2013-07-11,Ujjani,0.0,53.678
2013-07-12,Ujjani,0.0,53.678
2013-07-13,Ujjani,0.0,53.678
2013-07-14,Ujjani,0.0,53.678
2013-07-15,Ujjani,0.0,53.678
2013-07-16,Ujjani,0.0,53.678
2013-07-17,Ujjani,0.0,53.678
2013-07-18,Ujjani,0.0,53.678
2013-07-19,Ujjani,0.0,53.678
2013-07-20,Ujjani,0.0,53.678
2013-07-21,Ujjani,0.0,53.678
2013-07-22,Ujjani,0.0,53.678
2013-07-23,Ujjani,0.0,53.678
2013-07-24,Ujjani,0.0,53.678
2013-07-25,Ujjani,31.304,53.678
2013-07-26,Ujjani,40.569,53.678
2013-07-27,Ujjani,51.273,53.678
2013-07-28,Ujjani,61.978,53.678
2013-07-29,Ujjani,40.403,53.678
2013-07-30,Ujjani,36.358,53.678
2013-07-31,Ujjani,36.169,53.678
2013-08-01,Ujjani,28.797,53.678
2013-08-02,Ujjani,357.17,53.678
2013-08-03,Ujjani,685.542,53.678
2013-08-04,Ujjani,736.32,53.678
2013-08-05,Ujjani,572.87,53.678
2013-08-06,Ujjani,795.367,53.678
2013-08-07,Ujjani,778.405,53.678
2013-08-08,Ujjani,768.626,53.678
2013-08-09,Ujjani,727.325,53.678
2013-08-10,Ujjani,461.411,53.678
2013-08-11,Ujjani,359.326,53.678
2013-08-12,Ujjani,260.66,53.678
2013-08-13,Ujjani,227.302,53.678
2013-08-14,Ujjani,193.944,53.678
2013-08-15,Ujjani,160.586,53.678
2013-08-16,Ujjani,186.789,53.678
2013-08-17,Ujjani,212.992,53.678
2013-08-18,Ujjani,239.195,53.678
2013-08-19,Ujjani,406.012,53.678
2013-08-20,Ujjani,369.82,53.678
2013-08-21,Ujjani,324.896,53.678
2013-08-22,Ujjani,328.96,53.678
2013-08-23,Ujjani,260.467,53.678
2013-08-24,Ujjani,249.831,53.678
2013-08-25,Ujjani,239.195,53.678
2013-08-26,Ujjani,296.607,53.678
2013-08-27,Ujjani,270.485,53.678
2013-08-28,Ujjani,178.505,53.678
2013-08-29,Ujjani,126.504,53.678
2013-08-30,Ujjani,125.949,53.678
2013-08-31,Ujjani,104.396,53.678
2013-09-01,Ujjani,96.111,53.678
2013-09-02,Ujjani,138.559,53.678
2013-09-03,Ujjani,181.007,53.678
2013-09-04,Ujjani,190.382,53.678
2013-09-05,Ujjani,204.191,53.678
2013-09-06,Ujjani,134.091,53.678
2013-09-07,Ujjani,85.413,53.678
2013-09-08,Ujjani,142.744,53.678
2013-09-09,Ujjani,140.258,53.678
2013-09-10,Ujjani,84.823,53.678
2013-09-11,Ujjani,182.222,53.678
2013-09-12,Ujjani,227.285,53.678
2013-09-13,Ujjani,282.266,53.678
2013-09-14,Ujjani,298.692,53.678
2013-09-15,Ujjani,239.195,53.678
2013-09-16,Ujjani,287.072,53.678
2013-09-17,Ujjani,420.676,53.678
2013-09-18,Ujjani,1131.761,53.678
2013-09-19,Ujjani,1842.846,53.678
2013-09-20,Ujjani,2553.931,53.678
2013-09-21,Ujjani,3265.016,53.678
2013-09-22,Ujjani,3306.35,53.678
2013-09-23,Ujjani,3181.381,53.678
2013-09-24,Ujjani,2272.499,53.678
2013-09-25,Ujjani,1363.616,53.678
2013-09-26,Ujjani,733.07,53.678
2013-09-27,Ujjani,764.857,53.678
2013-09-28,Ujjani,796.645,53.678
2013-09-29,Ujjani,828.433,53.678
2013-09-30,Ujjani,529.17,53.678
2013-10-01,Ujjani,319.944,53.678
2013-10-02,Ujjani,474.259,53.678
2013-10-03,Ujjani,466.579,53.678
2013-10-04,Ujjani,507.123,53.678
2013-10-05,Ujjani,584.787,53.678
2013-10-06,Ujjani,560.092,53.678
2013-10-07,Ujjani,441.643,53.678
2013-10-08,Ujjani,386.489,53.678
2013-10-09,Ujjani,355.783,53.678
2013-10-10,Ujjani,325.077,53.678
2013-10-11,Ujjani,294.371,53.678
2013-10-12,Ujjani,263.665,53.678
2013-10-13,Ujjani,420.213,53.678
2013-10-14,Ujjani,420.39,53.678
2013-10-15,Ujjani,420.567,53.678
2013-10-16,Ujjani,204.131,53.678
2013-10-17,Ujjani,175.852,53.678
2013-10-18,Ujjani,166.49,53.678
2013-10-19,Ujjani,157.127,53.678
2013-10-20,Ujjani,147.764,53.678
2013-10-21,Ujjani,130.859,53.678
2013-10-22,Ujjani,113.954,53.678
2013-10-23,Ujjani,97.049,53.678
2013-10-24,Ujjani,161.709,53.678
2013-10-25,Ujjani,198.173,53.678
2013-10-26,Ujjani,258.972,53.678
2013-10-27,Ujjani,242.206,53.678
2013-10-28,Ujjani,447.104,53.678
2013-10-29,Ujjani,530.512,53.678
2013-10-30,Ujjani,337.879,53.678
2013-10-31,Ujjani,145.246,53.678
2013-11-01,Ujjani,86.22,53.678
2013-11-02,Ujjani,136.674,53.678
2013-11-03,Ujjani,93.957,53.678
2013-11-04,Ujjani,134.358,53.678
2013-11-05,Ujjani,180.644,53.678
2013-11-06,Ujjani,253.579,53.678
2013-11-07,Ujjani,326.515,53.678
2013-11-08,Ujjani,423.704,53.678
2013-11-09,Ujjani,342.08,53.678
2013-11-10,Ujjani,160.586,53.678
2013-11-11,Ujjani,80.683,53.678
2013-11-12,Ujjani,80.0,53.678
2013-11-13,Ujjani,63.731,53.678
2013-11-14,Ujjani,57.252,53.678
2013-11-15,Ujjani,57.5,53.678
2013-11-16,Ujjani,52.496,53.678
2013-11-17,Ujjani,52.5,53.678
2013-11-18,Ujjani,48.222,53.678
2013-11-19,Ujjani,47.874,53.678
2013-11-20,Ujjani,47.771,53.678
2013-11-21,Ujjani,50.916,53.678
2013-11-22,Ujjani,50.7,53.678
2013-11-23,Ujjani,38.016,53.678
2013-11-24,Ujjani,38.0,53.678
2013-11-25,Ujjani,64.435,53.678
2013-11-26,Ujjani,66.336,53.678
2013-11-27,Ujjani,60.176,53.678
2013-11-28,Ujjani,62.735,53.678
2013-11-29,Ujjani,61.343,53.678
2013-11-30,Ujjani,54.745,53.678
2013-12-01,Ujjani,55.0,53.678
2013-12-02,Ujjani,63.666,53.678
2013-12-03,Ujjani,58.382,53.678
2013-12-04,Ujjani,56.32,53.678
2013-12-05,Ujjani,64.155,53.678
2013-12-06,Ujjani,64.0,53.678
2013-12-07,Ujjani,67.203,53.678
2013-12-08,Ujjani,67.0,53.678
2013-12-09,Ujjani,61.205,53.678
2013-12-10,Ujjani,57.285,53.678
2013-12-11,Ujjani,54.624,53.678
2013-12-12,Ujjani,57.499,53.678
2013-12-13,Ujjani,57.926,53.678
2013-12-14,Ujjani,58.0,53.678
2013-12-15,Ujjani,58.0,53.678
2013-12-16,Ujjani,56.103,53.678
2013-12-17,Ujjani,56.0,53.678
2013-12-18,Ujjani,43.47,53.678
2013-12-19,Ujjani,0.0,53.678
2013-12-20,Ujjani,0.0,53.678
2013-12-21,Ujjani,0.0,53.678
2013-12-22,Ujjani,0.0,53.678
2013-12-23,Ujjani,0.0,53.678
2013-12-24,Ujjani,0.0,53.678
2013-12-25,Ujjani,0.0,53.678
2013-12-26,Ujjani,0.0,53.678
2013-12-27,Ujjani,0.0,53.678
2013-12-28,Ujjani,0.0,53.678
2013-12-29,Ujjani,0.0,53.678
2013-12-30,Ujjani,0.0,53.678
2013-12-31,Ujjani,0.0,53.678
2014-01-01,Ujjani,0.0,53.678
2014-01-02,Ujjani,0.0,53.678
2014-01-03,Ujjani,0.0,53.678
2014-01-04,Ujjani,0.0,53.678
2014-01-05,Ujjani,0.0,53.678
2014-01-06,Ujjani,0.0,53.678
2014-01-07,Ujjani,0.0,53.678
2014-01-08,Ujjani,0.0,53.678
2014-01-09,Ujjani,0.0,53.678
2014-01-10,Ujjani,0.0,53.678
2014-01-11,Ujjani,0.0,53.678
2014-01-12,Ujjani,0.0,53.678
2014-01-13,Ujjani,0.0,53.678
2014-01-14,Ujjani,0.0,53.678
2014-01-15,Ujjani,0.0,53.678
2014-01-16,Ujjani,0.0,53.678
2014-01-17,Ujjani,0.0,53.678
2014-01-18,Ujjani,0.0,53.678
2014-01-19,Ujjani,0.0,53.678
2014-01-20,Ujjani,0.0,53.678
2014-01-21,Ujjani,0.0,53.678
2014-01-22,Ujjani,0.0,53.678
2014-01-23,Ujjani,0.0,53.678
2014-01-24,Ujjani,0.0,53.678
2014-01-25,Ujjani,0.0,53.678
2014-01-26,Ujjani,0.0,53.678
2014-01-27,Ujjani,0.0,53.678
2014-01-28,Ujjani,0.0,53.678
2014-01-29,Ujjani,0.0,53.678
2014-01-30,Ujjani,0.0,53.678
2014-01-31,Ujjani,0.0,53.678
2014-02-01,Ujjani,0.0,53.678
2014-02-02,Ujjani,0.0,53.678
2014-02-03,Ujjani,0.0,53.678
2014-02-04,Ujjani,0.0,53.678
2014-02-05,Ujjani,0.0,53.678
2014-02-06,Ujjani,0.0,53.678
2014-02-07,Ujjani,0.0,53.678
2014-02-08,Ujjani,0.0,53.678
2014-02-09,Ujjani,0.0,53.678
2014-02-10,Ujjani,0.0,53.678
2014-02-11,Ujjani,0.0,53.678
2014-02-12,Ujjani,0.0,53.678
2014-02-13,Ujjani,0.0,53.678
2014-02-14,Ujjani,0.0,53.678
2014-02-15,Ujjani,0.0,53.678
2014-02-16,Ujjani,0.0,53.678
2014-02-17,Ujjani,0.0,53.678
2014-02-18,Ujjani,0.0,53.678
2014-02-19,Ujjani,0.0,53.678
2014-02-20,Ujjani,0.0,53.678
2014-02-21,Ujjani,0.0,53.678
2014-02-22,Ujjani,0.0,53.678
2014-02-23,Ujjani,0.0,53.678
2014-02-24,Ujjani,0.0,53.678
2014-02-25,Ujjani,0.0,53.678
2014-02-26,Ujjani,0.0,53.678
2014-02-27,Ujjani,0.0,53.678
2014-02-28,Ujjani,0.0,53.678
2014-03-01,Ujjani,0.0,53.678
2014-03-02,Ujjani,0.0,53.678
2014-03-03,Ujjani,0.0,53.678
2014-03-04,Ujjani,0.0,53.678
2014-03-05,Ujjani,0.0,53.678
2014-03-06,Ujjani,0.0,53.678
2014-03-07,Ujjani,0.0,53.678
2014-03-08,Ujjani,0.0,53.678
2014-03-09,Ujjani,0.0,53.678
2014-03-10,Ujjani,0.0,53.678
2014-03-11,Ujjani,0.0,53.678
2014-03-12,Ujjani,0.0,53.678
2014-03-13,Ujjani,0.0,53.678
2014-03-14,Ujjani,0.0,53.678
2014-03-15,Ujjani,0.0,53.678
2014-03-16,Ujjani,0.0,53.678
2014-03-17,Ujjani,0.0,53.678
2014-03-18,Ujjani,0.0,53.678
2014-03-19,Ujjani,0.0,53.678
2014-03-20,Ujjani,0.0,53.678
2014-03-21,Ujjani,0.0,53.678
2014-03-22,Ujjani,0.0,53.678
2014-03-23,Ujjani,0.0,53.678
2014-03-24,Ujjani,0.0,53.678
2014-03-25,Ujjani,0.0,53.678
2014-03-26,Ujjani,0.0,53.678
2014-03-27,Ujjani,0.0,53.678
2014-03-28,Ujjani,0.0,53.678
2014-03-29,Ujjani,0.0,53.678
2014-03-30,Ujjani,0.0,53.678
2014-03-31,Ujjani,0.0,53.678
2014-04-01,Ujjani,0.0,53.678
2014-04-02,Ujjani,0.0,53.678
2014-04-03,Ujjani,0.0,53.678
2014-04-04,Ujjani,0.0,53.678
2014-04-05,Ujjani,0.0,53.678
2014-04-06,Ujjani,0.0,53.678
2014-04-07,Ujjani,0.0,53.678
2014-04-08,Ujjani,0.0,53.678
2014-04-09,Ujjani,0.0,53.678
2014-04-10,Ujjani,0.0,53.678
2014-04-11,Ujjani,0.0,53.678
2014-04-12,Ujjani,0.0,53.678
2014-04-13,Ujjani,0.0,53.678
2014-04-14,Ujjani,0.0,53.678
2014-04-15,Ujjani,0.0,53.678
2014-04-16,Ujjani,0.0,53.678
2014-04-17,Ujjani,0.0,53.678
2014-04-18,Ujjani,0.0,53.678
2014-04-19,Ujjani,0.0,53.678
2014-04-20,Ujjani,0.0,53.678
2014-04-21,Ujjani,0.0,53.678
2014-04-22,Ujjani,0.0,53.678
2014-04-23,Ujjani,0.0,53.678
2014-04-24,Ujjani,0.0,53.678
2014-04-25,Ujjani,0.0,53.678
2014-04-26,Ujjani,0.0,53.678
2014-04-27,Ujjani,0.0,53.678
2014-04-28,Ujjani,0.0,53.678
2014-04-29,Ujjani,0.0,53.678
2014-04-30,Ujjani,0.0,53.678
2014-05-01,Ujjani,0.0,53.678
2014-05-02,Ujjani,0.0,53.678
2014-05-03,Ujjani,0.0,53.678
2014-05-04,Ujjani,0.0,53.678
2014-05-05,Ujjani,0.0,53.678
2014-05-06,Ujjani,0.0,53.678
2014-05-07,Ujjani,0.0,53.678
2014-05-08,Ujjani,0.0,53.678
2014-05-09,Ujjani,0.0,53.678
2014-05-10,Ujjani,0.0,53.678
2014-05-11,Ujjani,0.0,53.678
2014-05-12,Ujjani,0.0,53.678
2014-05-13,Ujjani,0.0,53.678
2014-05-14,Ujjani,0.0,53.678
2014-05-15,Ujjani,0.0,53.678
2014-05-16,Ujjani,0.0,53.678
2014-05-17,Ujjani,0.0,53.678
2014-05-18,Ujjani,0.0,53.678
2014-05-19,Ujjani,0.0,53.678
2014-05-20,Ujjani,0.0,53.678
2014-05-21,Ujjani,0.0,53.678
2014-05-22,Ujjani,0.0,53.678
2014-05-23,Ujjani,0.0,53.678
2014-05-24,Ujjani,0.0,53.678
2014-05-25,Ujjani,0.0,53.678
2014-05-26,Ujjani,0.0,53.678
2014-05-27,Ujjani,0.0,53.678
2014-05-28,Ujjani,0.0,53.678
2014-05-29,Ujjani,0.0,53.678
2014-05-30,Ujjani,0.0,53.678
2014-05-31,Ujjani,0.0,53.678
2014-06-01,Ujjani,0.0,53.678
2014-06-02,Ujjani,0.0,53.678
2014-06-03,Ujjani,0.0,53.678
2014-06-04,Ujjani,0.0,53.678
2014-06-05,Ujjani,0.0,53.678
2014-06-06,Ujjani,0.0,53.678
2014-06-07,Ujjani,0.0,53.678
2014-06-08,Ujjani,0.0,53.678
2014-06-09,Ujjani,0.0,53.678
2014-06-10,Ujjani,0.0,53.678
2014-06-11,Ujjani,0.0,53.678
2014-06-12,Ujjani,0.0,53.678
2014-06-13,Ujjani,0.0,53.678
2014-06-14,Ujjani,0.0,53.678
2014-06-15,Ujjani,0.0,53.678
2014-06-16,Ujjani,0.0,53.678
2014-06-17,Ujjani,0.0,53.678
2014-06-18,Ujjani,0.0,53.678
2014-06-19,Ujjani,0.0,53.678
2014-06-20,Ujjani,0.0,53.678
2014-06-21,Ujjani,0.0,53.678
2014-06-22,Ujjani,0.0,53.678
2014-06-23,Ujjani,0.0,53.678
2014-06-24,Ujjani,0.0,53.678
2014-06-25,Ujjani,0.0,53.678
2014-06-26,Ujjani,0.0,53.678
2014-06-27,Ujjani,0.0,53.678
2014-06-28,Ujjani,0.0,53.678
2014-06-29,Ujjani,0.0,53.678
2014-06-30,Ujjani,0.0,53.678
2014-07-01,Ujjani,0.0,53.678
2014-07-02,Ujjani,0.0,53.678
2014-07-03,Ujjani,0.0,53.678
2014-07-04,Ujjani,0.0,53.678
2014-07-05,Ujjani,0.0,53.678
2014-07-06,Ujjani,0.0,53.678
2014-07-07,Ujjani,0.0,53.678
2014-07-08,Ujjani,0.0,53.678
2014-07-09,Ujjani,0.0,53.678
2014-07-10,Ujjani,0.0,53.678
2014-07-11,Ujjani,0.0,53.678
2014-07-12,Ujjani,0.0,53.678
2014-07-13,Ujjani,0.0,53.678
2014-07-14,Ujjani,0.0,53.678
2014-07-15,Ujjani,0.0,53.678
2014-07-16,Ujjani,0.0,53.678
2014-07-17,Ujjani,40.512,53.678
2014-07-18,Ujjani,34.913,53.678
2014-07-19,Ujjani,32.941,53.678
2014-07-20,Ujjani,25.861,53.678
2014-07-21,Ujjani,23.594,53.678
2014-07-22,Ujjani,11.418,53.678
2014-07-23,Ujjani,0.0,53.678
2014-07-24,Ujjani,0.0,53.678
2014-07-25,Ujjani,0.0,53.678
2014-07-26,Ujjani,0.0,53.678
2014-07-27,Ujjani,0.0,53.678
2014-07-28,Ujjani,0.0,53.678
2014-07-29,Ujjani,0.0,53.678
2014-07-30,Ujjani,0.0,53.678
2014-07-31,Ujjani,0.0,53.678
2014-08-01,Ujjani,0.0,53.678
2014-08-02,Ujjani,0.0,53.678
2014-08-03,Ujjani,0.0,53.678
2014-08-04,Ujjani,0.0,53.678
2014-08-05,Ujjani,0.0,53.678
2014-08-06,Ujjani,0.0,53.678
2014-08-07,Ujjani,0.0,53.678
2014-08-08,Ujjani,0.0,53.678
2014-08-09,Ujjani,0.0,53.678
2014-08-10,Ujjani,0.0,53.678
2014-08-11,Ujjani,0.0,53.678
2014-08-12,Ujjani,35.042,53.678
2014-08-13,Ujjani,18.576,53.678
2014-08-14,Ujjani,0.0,53.678
2014-08-15,Ujjani,0.0,53.678
2014-08-16,Ujjani,0.0,53.678
2014-08-17,Ujjani,0.0,53.678
2014-08-18,Ujjani,27.371,53.678
2014-08-19,Ujjani,40.911,53.678
2014-08-20,Ujjani,59.208,53.678
2014-08-21,Ujjani,74.31,53.678
2014-08-22,Ujjani,74.992,53.678
2014-08-23,Ujjani,72.407,53.678
2014-08-24,Ujjani,61.239,53.678
2014-08-25,Ujjani,126.106,53.678
2014-08-26,Ujjani,126.074,53.678
2014-08-27,Ujjani,168.801,53.678
2014-08-28,Ujjani,483.581,53.678
2014-08-29,Ujjani,752.912,53.678
2014-08-30,Ujjani,1710.357,53.678
2014-08-31,Ujjani,1563.271,53.678
2014-09-01,Ujjani,1872.506,53.678
2014-09-02,Ujjani,2083.846,53.678
2014-09-03,Ujjani,1188.033,53.678
2014-09-04,Ujjani,631.978,53.678
2014-09-05,Ujjani,525.604,53.678
2014-09-06,Ujjani,521.724,53.678
2014-09-07,Ujjani,553.887,53.678
2014-09-08,Ujjani,494.542,53.678
2014-09-09,Ujjani,665.944,53.678
2014-09-10,Ujjani,1086.179,53.678
2014-09-11,Ujjani,934.249,53.678
2014-09-12,Ujjani,688.472,53.678
2014-09-13,Ujjani,661.324,53.678
2014-09-14,Ujjani,758.196,53.678
2014-09-15,Ujjani,866.189,53.678
2014-09-16,Ujjani,781.883,53.678
2014-09-17,Ujjani,581.987,53.678
2014-09-18,Ujjani,534.626,53.678
2014-09-19,Ujjani,500.299,53.678
2014-09-20,Ujjani,380.661,53.678
2014-09-21,Ujjani,392.03,53.678
2014-09-22,Ujjani,485.907,53.678
2014-09-23,Ujjani,430.107,53.678
2014-09-24,Ujjani,337.112,53.678
2014-09-25,Ujjani,286.564,53.678
2014-09-26,Ujjani,213.296,53.678
2014-09-27,Ujjani,235.084,53.678
2014-09-28,Ujjani,156.434,53.678
2014-09-29,Ujjani,123.178,53.678
2014-09-30,Ujjani,102.782,53.678
2014-10-01,Ujjani,34.983,53.678
2014-10-02,Ujjani,20.615,53.678
2014-10-03,Ujjani,16.642,53.678
2014-10-04,Ujjani,0.0,53.678
2014-10-05,Ujjani,22.046,53.678
2014-10-06,Ujjani,43.135,53.678
2014-10-07,Ujjani,56.207,53.678
2014-10-08,Ujjani,53.648,53.678
2014-10-09,Ujjani,55.652,53.678
2014-10-10,Ujjani,55.613,53.678
2014-10-11,Ujjani,57.43,53.678
2014-10-12,Ujjani,61.239,53.678
2014-10-13,Ujjani,64.739,53.678
2014-10-14,Ujjani,60.733,53.678
2014-10-15,Ujjani,55.627,53.678
2014-10-16,Ujjani,48.949,53.678
2014-10-17,Ujjani,60.298,53.678
2014-10-18,Ujjani,0.0,53.678
2014-10-19,Ujjani,0.0,53.678
2014-10-20,Ujjani,0.0,53.678
2014-10-21,Ujjani,0.0,53.678
2014-10-22,Ujjani,0.0,53.678
2014-10-23,Ujjani,0.0,53.678
2014-10-24,Ujjani,0.0,53.678
2014-10-25,Ujjani,0.0,53.678
2014-10-26,Ujjani,0.0,53.678
2014-10-27,Ujjani,0.0,53.678
2014-10-28,Ujjani,0.0,53.678
2014-10-29,Ujjani,0.0,53.678
2014-10-30,Ujjani,0.0,53.678
2014-10-31,Ujjani,0.0,53.678
2014-11-01,Ujjani,0.0,53.678
2014-11-02,Ujjani,0.0,53.678
2014-11-03,Ujjani,0.0,53.678
2014-11-04,Ujjani,0.0,53.678
2014-11-05,Ujjani,0.0,53.678
2014-11-06,Ujjani,0.0,53.678
2014-11-07,Ujjani,0.0,53.678
2014-11-08,Ujjani,0.0,53.678
2014-11-09,Ujjani,0.0,53.678
2014-11-10,Ujjani,0.0,53.678
2014-11-11,Ujjani,0.0,53.678
2014-11-12,Ujjani,0.0,53.678
2014-11-13,Ujjani,0.0,53.678
2014-11-14,Ujjani,0.0,53.678
2014-11-15,Ujjani,0.0,53.678
2014-11-16,Ujjani,0.0,53.678
2014-11-17,Ujjani,0.0,53.678
2014-11-18,Ujjani,0.0,53.678
2014-11-19,Ujjani,0.0,53.678
2014-11-20,Ujjani,0.0,53.678
2014-11-21,Ujjani,0.0,53.678
2014-11-22,Ujjani,0.0,53.678
2014-11-23,Ujjani,0.0,53.678
2014-11-24,Ujjani,0.0,53.678
2014-11-25,Ujjani,0.0,53.678
2014-11-26,Ujjani,0.0,53.678
2014-11-27,Ujjani,0.0,53.678
2014-11-28,Ujjani,0.0,53.678
2014-11-29,Ujjani,0.0,53.678
2014-11-30,Ujjani,0.0,53.678
2014-12-01,Ujjani,0.0,53.678
2014-12-02,Ujjani,0.0,53.678
2014-12-03,Ujjani,0.0,53.678
2014-12-04,Ujjani,0.0,53.678
2014-12-05,Ujjani,0.0,53.678
2014-12-06,Ujjani,0.0,53.678
2014-12-07,Ujjani,0.0,53.678
2014-12-08,Ujjani,0.0,53.678
2014-12-09,Ujjani,0.0,53.678
2014-12-10,Ujjani,0.0,53.678
2014-12-11,Ujjani,0.0,53.678
2014-12-12,Ujjani,0.0,53.678
2014-12-13,Ujjani,0.0,53.678
2014-12-14,Ujjani,0.0,53.678
2014-12-15,Ujjani,0.0,53.678
2014-12-16,Ujjani,0.0,53.678
2014-12-17,Ujjani,0.0,53.678
2014-12-18,Ujjani,0.0,53.678
2014-12-19,Ujjani,0.0,53.678
2014-12-20,Ujjani,0.0,53.678
2014-12-21,Ujjani,0.0,53.678
2014-12-22,Ujjani,0.0,53.678
2014-12-23,Ujjani,0.0,53.678
2014-12-24,Ujjani,0.0,53.678
2014-12-25,Ujjani,0.0,53.678
2014-12-26,Ujjani,0.0,53.678
2014-12-27,Ujjani,0.0,53.678
2014-12-28,Ujjani,0.0,53.678
2014-12-29,Ujjani,0.0,53.678
2014-12-30,Ujjani,0.0,53.678
2014-12-31,Ujjani,0.0,53.678
2015-01-01,Ujjani,0.0,53.678
2015-01-02,Ujjani,0.0,53.678
2015-01-03,Ujjani,0.0,53.678
2015-01-04,Ujjani,0.0,53.678
2015-01-05,Ujjani,0.0,53.678
2015-01-06,Ujjani,0.0,53.678
2015-01-07,Ujjani,0.0,53.678
2015-01-08,Ujjani,0.0,53.678
2015-01-09,Ujjani,0.0,53.678
2015-01-10,Ujjani,0.0,53.678
2015-01-11,Ujjani,0.0,53.678
2015-01-12,Ujjani,0.0,53.678
2015-01-13,Ujjani,0.0,53.678
2015-01-14,Ujjani,0.0,53.678
2015-01-15,Ujjani,0.0,53.678
2015-01-16,Ujjani,0.0,53.678
2015-01-17,Ujjani,0.0,53.678
2015-01-18,Ujjani,0.0,53.678
2015-01-19,Ujjani,0.0,53.678
2015-01-20,Ujjani,0.0,53.678
2015-01-21,Ujjani,0.0,53.678
2015-01-22,Ujjani,0.0,53.678
2015-01-23,Ujjani,0.0,53.678
2015-01-24,Ujjani,0.0,53.678
2015-01-25,Ujjani,0.0,53.678
2015-01-26,Ujjani,0.0,53.678
2015-01-27,Ujjani,0.0,53.678
2015-01-28,Ujjani,0.0,53.678
2015-01-29,Ujjani,0.0,53.678
2015-01-30,Ujjani,0.0,53.678
2015-01-31,Ujjani,0.0,53.678
2015-02-01,Ujjani,0.0,53.678
2015-02-02,Ujjani,0.0,53.678
2015-02-03,Ujjani,0.0,53.678
2015-02-04,Ujjani,0.0,53.678
2015-02-05,Ujjani,0.0,53.678
2015-02-06,Ujjani,0.0,53.678
2015-02-07,Ujjani,0.0,53.678
2015-02-08,Ujjani,0.0,53.678
2015-02-09,Ujjani,0.0,53.678
2015-02-10,Ujjani,0.0,53.678
2015-02-11,Ujjani,0.0,53.678
2015-02-12,Ujjani,0.0,53.678
2015-02-13,Ujjani,0.0,53.678
2015-02-14,Ujjani,0.0,53.678
2015-02-15,Ujjani,0.0,53.678
2015-02-16,Ujjani,0.0,53.678
2015-02-17,Ujjani,0.0,53.678
2015-02-18,Ujjani,0.0,53.678
2015-02-19,Ujjani,0.0,53.678
2015-02-20,Ujjani,0.0,53.678
2015-02-21,Ujjani,0.0,53.678
2015-02-22,Ujjani,0.0,53.678
2015-02-23,Ujjani,0.0,53.678
2015-02-24,Ujjani,0.0,53.678
2015-02-25,Ujjani,0.0,53.678
2015-02-26,Ujjani,0.0,53.678
2015-02-27,Ujjani,0.0,53.678
2015-02-28,Ujjani,0.0,53.678
2015-03-01,Ujjani,0.0,53.678
2015-03-02,Ujjani,0.0,53.678
2015-03-03,Ujjani,0.0,53.678
2015-03-04,Ujjani,0.0,53.678
2015-03-05,Ujjani,0.0,53.678
2015-03-06,Ujjani,0.0,53.678
2015-03-07,Ujjani,0.0,53.678
2015-03-08,Ujjani,0.0,53.678
2015-03-09,Ujjani,0.0,53.678
2015-03-10,Ujjani,0.0,53.678
2015-03-11,Ujjani,0.0,53.678
2015-03-12,Ujjani,0.0,53.678
2015-03-13,Ujjani,0.0,53.678
2015-03-14,Ujjani,0.0,53.678
2015-03-15,Ujjani,0.0,53.678
2015-03-16,Ujjani,0.0,53.678
2015-03-17,Ujjani,0.0,53.678
2015-03-18,Ujjani,0.0,53.678
2015-03-19,Ujjani,0.0,53.678
2015-03-20,Ujjani,0.0,53.678
2015-03-21,Ujjani,0.0,53.678
2015-03-22,Ujjani,0.0,53.678
2015-03-23,Ujjani,0.0,53.678
2015-03-24,Ujjani,0.0,53.678
2015-03-25,Ujjani,0.0,53.678
2015-03-26,Ujjani,0.0,53.678
2015-03-27,Ujjani,0.0,53.678
2015-03-28,Ujjani,0.0,53.678
2015-03-29,Ujjani,0.0,53.678
2015-03-30,Ujjani,0.0,53.678
2015-03-31,Ujjani,0.0,53.678
2015-04-01,Ujjani,0.0,53.678
2015-04-02,Ujjani,0.0,53.678
2015-04-03,Ujjani,0.0,53.678
2015-04-04,Ujjani,0.0,53.678
2015-04-05,Ujjani,0.0,53.678
2015-04-06,Ujjani,0.0,53.678
2015-04-07,Ujjani,0.0,53.678
2015-04-08,Ujjani,0.0,53.678
2015-04-09,Ujjani,0.0,53.678
2015-04-10,Ujjani,0.0,53.678
2015-04-11,Ujjani,0.0,53.678
2015-04-12,Ujjani,0.0,53.678
2015-04-13,Ujjani,0.0,53.678
2015-04-14,Ujjani,0.0,53.678
2015-04-15,Ujjani,0.0,53.678
2015-04-16,Ujjani,0.0,53.678
2015-04-17,Ujjani,0.0,53.678
2015-04-18,Ujjani,0.0,53.678
2015-04-19,Ujjani,0.0,53.678
2015-04-20,Ujjani,0.0,53.678
2015-04-21,Ujjani,0.0,53.678
2015-04-22,Ujjani,0.0,53.678
2015-04-23,Ujjani,0.0,53.678
2015-04-24,Ujjani,0.0,53.678
2015-04-25,Ujjani,0.0,53.678
2015-04-26,Ujjani,0.0,53.678
2015-04-27,Ujjani,0.0,53.678
2015-04-28,Ujjani,0.0,53.678
2015-04-29,Ujjani,0.0,53.678
2015-04-30,Ujjani,0.0,53.678
2015-05-01,Ujjani,0.0,53.678
2015-05-02,Ujjani,0.0,53.678
2015-05-03,Ujjani,0.0,53.678
2015-05-04,Ujjani,0.0,53.678
2015-05-05,Ujjani,0.0,53.678
2015-05-06,Ujjani,0.0,53.678
2015-05-07,Ujjani,0.0,53.678
2015-05-08,Ujjani,0.0,53.678
2015-05-09,Ujjani,0.0,53.678
2015-05-10,Ujjani,0.0,53.678
2015-05-11,Ujjani,0.0,53.678
2015-05-12,Ujjani,0.0,53.678
2015-05-13,Ujjani,0.0,53.678
2015-05-14,Ujjani,0.0,53.678
2015-05-15,Ujjani,0.0,53.678
2015-05-16,Ujjani,0.0,53.678
2015-05-17,Ujjani,0.0,53.678
2015-05-18,Ujjani,0.0,53.678
2015-05-19,Ujjani,0.0,53.678
2015-05-20,Ujjani,0.0,53.678
2015-05-21,Ujjani,0.0,53.678
2015-05-22,Ujjani,0.0,53.678
2015-05-23,Ujjani,0.0,53.678
2015-05-24,Ujjani,0.0,53.678
2015-05-25,Ujjani,0.0,53.678
2015-05-26,Ujjani,0.0,53.678
2015-05-27,Ujjani,0.0,53.678
2015-05-28,Ujjani,0.0,53.678
2015-05-29,Ujjani,0.0,53.678
2015-05-30,Ujjani,0.0,53.678
2015-05-31,Ujjani,0.0,53.678
2015-06-01,Ujjani,0.0,53.678
2015-06-02,Ujjani,0.0,53.678
2015-06-03,Ujjani,0.0,53.678
2015-06-04,Ujjani,0.0,53.678
2015-06-05,Ujjani,0.0,53.678
2015-06-06,Ujjani,0.0,53.678
2015-06-07,Ujjani,0.0,53.678
2015-06-08,Ujjani,0.0,53.678
2015-06-09,Ujjani,0.0,53.678
2015-06-10,Ujjani,0.0,53.678
2015-06-11,Ujjani,0.0,53.678
2015-06-12,Ujjani,0.0,53.678
2015-06-13,Ujjani,0.0,53.678
2015-06-14,Ujjani,0.0,53.678
2015-06-15,Ujjani,0.0,53.678
2015-06-16,Ujjani,0.0,53.678
2015-06-17,Ujjani,0.0,53.678
2015-06-18,Ujjani,0.0,53.678
2015-06-19,Ujjani,0.0,53.678
2015-06-20,Ujjani,0.0,53.678
2015-06-21,Ujjani,0.0,53.678
2015-06-22,Ujjani,0.0,53.678
2015-06-23,Ujjani,0.0,53.678
2015-06-24,Ujjani,0.0,53.678
2015-06-25,Ujjani,0.0,53.678
2015-06-26,Ujjani,0.0,53.678
2015-06-27,Ujjani,0.0,53.678
2015-06-28,Ujjani,0.0,53.678
2015-06-29,Ujjani,0.0,53.678
2015-06-30,Ujjani,0.0,53.678
2015-07-01,Ujjani,0.0,53.678
2015-07-02,Ujjani,0.0,53.678
2015-07-03,Ujjani,0.0,53.678
2015-07-04,Ujjani,0.0,53.678
2015-07-05,Ujjani,0.0,53.678
2015-07-06,Ujjani,0.0,53.678
2015-07-07,Ujjani,0.0,53.678
2015-07-08,Ujjani,0.0,53.678
2015-07-09,Ujjani,0.0,53.678
2015-07-10,Ujjani,0.0,53.678
2015-07-11,Ujjani,0.0,53.678
2015-07-12,Ujjani,0.0,53.678
2015-07-13,Ujjani,0.0,53.678
2015-07-14,Ujjani,0.0,53.678
2015-07-15,Ujjani,0.0,53.678
2015-07-16,Ujjani,0.0,53.678
2015-07-17,Ujjani,0.0,53.678
2015-07-18,Ujjani,0.0,53.678
2015-07-19,Ujjani,0.0,53.678
2015-07-20,Ujjani,35.499,53.678
2015-07-21,Ujjani,0.0,53.678
2015-07-22,Ujjani,0.0,53.678
2015-07-23,Ujjani,0.0,53.678
2015-07-24,Ujjani,0.0,53.678
2015-07-25,Ujjani,0.0,53.678
2015-07-26,Ujjani,0.0,53.678
2015-07-27,Ujjani,0.0,53.678
2015-07-28,Ujjani,0.0,53.678
2015-07-29,Ujjani,0.0,53.678
2015-07-30,Ujjani,0.0,53.678
2015-07-31,Ujjani,0.0,53.678
2015-08-01,Ujjani,0.0,53.678
2015-08-02,Ujjani,0.0,53.678
2015-08-03,Ujjani,0.0,53.678
2015-08-04,Ujjani,0.0,53.678
2015-08-05,Ujjani,0.0,53.678
2015-08-06,Ujjani,0.0,53.678
2015-08-07,Ujjani,0.0,53.678
2015-08-08,Ujjani,0.0,53.678
2015-08-09,Ujjani,0.0,53.678
2015-08-10,Ujjani,0.0,53.678
2015-08-11,Ujjani,0.0,53.678
2015-08-12,Ujjani,0.0,53.678
2015-08-13,Ujjani,0.0,53.678
2015-08-14,Ujjani,0.0,53.678
2015-08-15,Ujjani,0.0,53.678
2015-08-16,Ujjani,0.0,53.678
2015-08-17,Ujjani,0.0,53.678
2015-08-18,Ujjani,0.0,53.678
2015-08-19,Ujjani,24.297,53.678
2015-08-20,Ujjani,29.1,53.678
2015-08-21,Ujjani,29.573,53.678
2015-08-22,Ujjani,39.539,53.678
2015-08-23,Ujjani,36.396,53.678
2015-08-24,Ujjani,29.05,53.678
2015-08-25,Ujjani,29.652,53.678
2015-08-26,Ujjani,39.69,53.678
2015-08-27,Ujjani,41.412,53.678
2015-08-28,Ujjani,32.083,53.678
2015-08-29,Ujjani,32.501,53.678
2015-08-30,Ujjani,33.799,53.678
2015-08-31,Ujjani,34.611,53.678
2015-09-01,Ujjani,38.858,53.678
2015-09-02,Ujjani,41.3,53.678
2015-09-03,Ujjani,41.118,53.678
2015-09-04,Ujjani,32.333,53.678
2015-09-05,Ujjani,34.609,53.678
2015-09-06,Ujjani,32.526,53.678
2015-09-07,Ujjani,34.9,53.678
2015-09-08,Ujjani,34.606,53.678
2015-09-09,Ujjani,34.308,53.678
2015-09-10,Ujjani,90.224,53.678
2015-09-11,Ujjani,238.592,53.678
2015-09-12,Ujjani,82.443,53.678
2015-09-13,Ujjani,82.443,53.678
2015-09-14,Ujjani,83.134,53.678
2015-09-15,Ujjani,84.887,53.678
2015-09-16,Ujjani,92.712,53.678
2015-09-17,Ujjani,89.49,53.678
2015-09-18,Ujjani,297.002,53.678
2015-09-19,Ujjani,100.256,53.678
2015-09-20,Ujjani,78.994,53.678
2015-09-21,Ujjani,77.627,53.678
2015-09-22,Ujjani,78.431,53.678
2015-09-23,Ujjani,82.125,53.678
2015-09-24,Ujjani,82.039,53.678
2015-09-25,Ujjani,77.288,53.678
2015-09-26,Ujjani,43.661,53.678
2015-09-27,Ujjani,20.751,53.678
2015-09-28,Ujjani,101.764,53.678
2015-09-29,Ujjani,93.388,53.678
2015-09-30,Ujjani,92.144,53.678
2015-10-01,Ujjani,103.494,53.678
2015-10-02,Ujjani,117.61,53.678
2015-10-03,Ujjani,101.033,53.678
2015-10-04,Ujjani,96.731,53.678
2015-10-05,Ujjani,66.939,53.678
2015-10-06,Ujjani,82.939,53.678
2015-10-07,Ujjani,66.751,53.678
2015-10-08,Ujjani,59.96,53.678
2015-10-09,Ujjani,64.354,53.678
2015-10-10,Ujjani,68.953,53.678
2015-10-11,Ujjani,68.953,53.678
2015-10-12,Ujjani,65.237,53.678
2015-10-13,Ujjani,61.11,53.678
2015-10-14,Ujjani,59.987,53.678
2015-10-15,Ujjani,55.662,53.678
2015-10-16,Ujjani,54.885,53.678
2015-10-17,Ujjani,52.775,53.678
2015-10-18,Ujjani,53.287,53.678
2015-10-19,Ujjani,48.085,53.678
2015-10-20,Ujjani,45.246,53.678
2015-10-21,Ujjani,42.489,53.678
2015-10-22,Ujjani,48.861,53.678
2015-10-23,Ujjani,42.732,53.678
2015-10-24,Ujjani,47.415,53.678
2015-10-25,Ujjani,21.846,53.678
2015-10-26,Ujjani,0.0,53.678
2015-10-27,Ujjani,0.0,53.678
2015-10-28,Ujjani,0.0,53.678
2015-10-29,Ujjani,0.0,53.678
2015-10-30,Ujjani,56.986,53.678
2015-10-31,Ujjani,56.233,53.678
2015-11-01,Ujjani,0.0,53.678
2015-11-02,Ujjani,0.0,53.678
2015-11-03,Ujjani,0.0,53.678
2015-11-04,Ujjani,0.0,53.678
2015-11-05,Ujjani,0.0,53.678
2015-11-06,Ujjani,0.0,53.678
2015-11-07,Ujjani,0.0,53.678
2015-11-08,Ujjani,0.0,53.678
2015-11-09,Ujjani,0.0,53.678
2015-11-10,Ujjani,0.0,53.678
2015-11-11,Ujjani,0.0,53.678
2015-11-12,Ujjani,0.0,53.678
2015-11-13,Ujjani,0.0,53.678
2015-11-14,Ujjani,0.0,53.678
2015-11-15,Ujjani,0.0,53.678
2015-11-16,Ujjani,0.0,53.678
2015-11-17,Ujjani,0.0,53.678
2015-11-18,Ujjani,0.0,53.678
2015-11-19,Ujjani,0.0,53.678
2015-11-20,Ujjani,0.0,53.678
2015-11-21,Ujjani,0.0,53.678
2015-11-22,Ujjani,0.0,53.678
2015-11-23,Ujjani,0.0,53.678
2015-11-24,Ujjani,0.0,53.678
2015-11-25,Ujjani,0.0,53.678
2015-11-26,Ujjani,0.0,53.678
2015-11-27,Ujjani,0.0,53.678
2015-11-28,Ujjani,0.0,53.678
2015-11-29,Ujjani,0.0,53.678
2015-11-30,Ujjani,0.0,53.678
2015-12-01,Ujjani,0.0,53.678
2015-12-02,Ujjani,0.0,53.678
2015-12-03,Ujjani,0.0,53.678
2015-12-04,Ujjani,0.0,53.678
2015-12-05,Ujjani,0.0,53.678
2015-12-06,Ujjani,0.0,53.678
2015-12-07,Ujjani,0.0,53.678
2015-12-08,Ujjani,0.0,53.678
2015-12-09,Ujjani,0.0,53.678
2015-12-10,Ujjani,0.0,53.678
2015-12-11,Ujjani,0.0,53.678
2015-12-12,Ujjani,0.0,53.678
2015-12-13,Ujjani,0.0,53.678
2015-12-14,Ujjani,0.0,53.678
2015-12-15,Ujjani,0.0,53.678
2015-12-16,Ujjani,0.0,53.678
2015-12-17,Ujjani,0.0,53.678
2015-12-18,Ujjani,0.0,53.678
2015-12-19,Ujjani,0.0,53.678
2015-12-20,Ujjani,0.0,53.678
2015-12-21,Ujjani,0.0,53.678
2015-12-22,Ujjani,0.0,53.678
2015-12-23,Ujjani,0.0,53.678
2015-12-24,Ujjani,0.0,53.678
2015-12-25,Ujjani,0.0,53.678
2015-12-26,Ujjani,0.0,53.678
2015-12-27,Ujjani,0.0,53.678
2015-12-28,Ujjani,0.0,53.678
2015-12-29,Ujjani,0.0,53.678
2015-12-30,Ujjani,0.0,53.678
2015-12-31,Ujjani,0.0,53.678
2016-01-01,Ujjani,0.0,53.678
2016-01-02,Ujjani,0.0,53.678
2016-01-03,Ujjani,0.0,53.678
2016-01-04,Ujjani,0.0,53.678
2016-01-05,Ujjani,0.0,53.678
2016-01-06,Ujjani,0.0,53.678
2016-01-07,Ujjani,0.0,53.678
2016-01-08,Ujjani,0.0,53.678
2016-01-09,Ujjani,0.0,53.678
2016-01-10,Ujjani,0.0,53.678
2016-01-11,Ujjani,0.0,53.678
2016-01-12,Ujjani,0.0,53.678
2016-01-13,Ujjani,0.0,53.678
2016-01-14,Ujjani,0.0,53.678
2016-01-15,Ujjani,0.0,53.678
2016-01-16,Ujjani,0.0,53.678
2016-01-17,Ujjani,0.0,53.678
2016-01-18,Ujjani,0.0,53.678
2016-01-19,Ujjani,0.0,53.678
2016-01-20,Ujjani,0.0,53.678
2016-01-21,Ujjani,0.0,53.678
2016-01-22,Ujjani,0.0,53.678
2016-01-23,Ujjani,0.0,53.678
2016-01-24,Ujjani,0.0,53.678
2016-01-25,Ujjani,0.0,53.678
2016-01-26,Ujjani,0.0,53.678
2016-01-27,Ujjani,0.0,53.678
2016-01-28,Ujjani,0.0,53.678
2016-01-29,Ujjani,0.0,53.678
2016-01-30,Ujjani,0.0,53.678
2016-01-31,Ujjani,0.0,53.678
2016-02-01,Ujjani,0.0,53.678
2016-02-02,Ujjani,0.0,53.678
2016-02-03,Ujjani,0.0,53.678
2016-02-04,Ujjani,0.0,53.678
2016-02-05,Ujjani,0.0,53.678
2016-02-06,Ujjani,0.0,53.678
2016-02-07,Ujjani,0.0,53.678
2016-02-08,Ujjani,0.0,53.678
2016-02-09,Ujjani,0.0,53.678
2016-02-10,Ujjani,0.0,53.678
2016-02-11,Ujjani,0.0,53.678
2016-02-12,Ujjani,0.0,53.678
2016-02-13,Ujjani,0.0,53.678
2016-02-14,Ujjani,0.0,53.678
2016-02-15,Ujjani,0.0,53.678
2016-02-16,Ujjani,0.0,53.678
2016-02-17,Ujjani,0.0,53.678
2016-02-18,Ujjani,0.0,53.678
2016-02-19,Ujjani,0.0,53.678
2016-02-20,Ujjani,0.0,53.678
2016-02-21,Ujjani,0.0,53.678
2016-02-22,Ujjani,0.0,53.678
2016-02-23,Ujjani,0.0,53.678
2016-02-24,Ujjani,0.0,53.678
2016-02-25,Ujjani,0.0,53.678
2016-02-26,Ujjani,0.0,53.678
2016-02-27,Ujjani,0.0,53.678
2016-02-28,Ujjani,0.0,53.678
2016-02-29,Ujjani,0.0,53.678
2016-03-01,Ujjani,0.0,53.678
2016-03-02,Ujjani,0.0,53.678
2016-03-03,Ujjani,0.0,53.678
2016-03-04,Ujjani,0.0,53.678
2016-03-05,Ujjani,0.0,53.678
2016-03-06,Ujjani,0.0,53.678
2016-03-07,Ujjani,0.0,53.678
2016-03-08,Ujjani,0.0,53.678
2016-03-09,Ujjani,0.0,53.678
2016-03-10,Ujjani,0.0,53.678
2016-03-11,Ujjani,0.0,53.678
2016-03-12,Ujjani,0.0,53.678
2016-03-13,Ujjani,0.0,53.678
2016-03-14,Ujjani,0.0,53.678
2016-03-15,Ujjani,0.0,53.678
2016-03-16,Ujjani,0.0,53.678
2016-03-17,Ujjani,0.0,53.678
2016-03-18,Ujjani,0.0,53.678
2016-03-19,Ujjani,0.0,53.678
2016-03-20,Ujjani,0.0,53.678
2016-03-21,Ujjani,0.0,53.678
2016-03-22,Ujjani,0.0,53.678
2016-03-23,Ujjani,0.0,53.678
2016-03-24,Ujjani,0.0,53.678
2016-03-25,Ujjani,0.0,53.678
2016-03-26,Ujjani,0.0,53.678
2016-03-27,Ujjani,0.0,53.678
2016-03-28,Ujjani,0.0,53.678
2016-03-29,Ujjani,0.0,53.678
2016-03-30,Ujjani,0.0,53.678
2016-03-31,Ujjani,0.0,53.678
2016-04-01,Ujjani,0.0,53.678
2016-04-02,Ujjani,0.0,53.678
2016-04-03,Ujjani,0.0,53.678
2016-04-04,Ujjani,0.0,53.678
2016-04-05,Ujjani,0.0,53.678
2016-04-06,Ujjani,0.0,53.678
2016-04-07,Ujjani,0.0,53.678
2016-04-08,Ujjani,0.0,53.678
2016-04-09,Ujjani,0.0,53.678
2016-04-10,Ujjani,0.0,53.678
2016-04-11,Ujjani,0.0,53.678
2016-04-12,Ujjani,0.0,53.678
2016-04-13,Ujjani,0.0,53.678
2016-04-14,Ujjani,0.0,53.678
2016-04-15,Ujjani,0.0,53.678
2016-04-16,Ujjani,0.0,53.678
2016-04-17,Ujjani,0.0,53.678
2016-04-18,Ujjani,0.0,53.678
2016-04-19,Ujjani,0.0,53.678
2016-04-20,Ujjani,0.0,53.678
2016-04-21,Ujjani,0.0,53.678
2016-04-22,Ujjani,0.0,53.678
2016-04-23,Ujjani,0.0,53.678
2016-04-24,Ujjani,0.0,53.678
2016-04-25,Ujjani,0.0,53.678
2016-04-26,Ujjani,0.0,53.678
2016-04-27,Ujjani,0.0,53.678
2016-04-28,Ujjani,0.0,53.678
2016-04-29,Ujjani,0.0,53.678
2016-04-30,Ujjani,0.0,53.678
2016-05-01,Ujjani,0.0,53.678
2016-05-02,Ujjani,0.0,53.678
2016-05-03,Ujjani,0.0,53.678
2016-05-04,Ujjani,0.0,53.678
2016-05-05,Ujjani,0.0,53.678
2016-05-06,Ujjani,0.0,53.678
2016-05-07,Ujjani,0.0,53.678
2016-05-08,Ujjani,0.0,53.678
2016-05-09,Ujjani,0.0,53.678
2016-05-10,Ujjani,0.0,53.678
2016-05-11,Ujjani,0.0,53.678
2016-05-12,Ujjani,0.0,53.678
2016-05-13,Ujjani,0.0,53.678
2016-05-14,Ujjani,0.0,53.678
2016-05-15,Ujjani,0.0,53.678
2016-05-16,Ujjani,0.0,53.678
2016-05-17,Ujjani,0.0,53.678
2016-05-18,Ujjani,0.0,53.678
2016-05-19,Ujjani,0.0,53.678
2016-05-20,Ujjani,0.0,53.678
2016-05-21,Ujjani,0.0,53.678
2016-05-22,Ujjani,0.0,53.678
2016-05-23,Ujjani,0.0,53.678
2016-05-24,Ujjani,0.0,53.678
2016-05-25,Ujjani,0.0,53.678
2016-05-26,Ujjani,0.0,53.678
2016-05-27,Ujjani,0.0,53.678
2016-05-28,Ujjani,0.0,53.678
2016-05-29,Ujjani,0.0,53.678
2016-05-30,Ujjani,0.0,53.678
2016-05-31,Ujjani,0.0,53.678
2016-06-01,Ujjani,0.0,53.678
2016-06-02,Ujjani,0.0,53.678
2016-06-03,Ujjani,0.0,53.678
2016-06-04,Ujjani,0.0,53.678
2016-06-05,Ujjani,0.0,53.678
2016-06-06,Ujjani,0.0,53.678
2016-06-07,Ujjani,0.0,53.678
2016-06-08,Ujjani,0.0,53.678
2016-06-09,Ujjani,0.0,53.678
2016-06-10,Ujjani,0.0,53.678
2016-06-11,Ujjani,0.0,53.678
2016-06-12,Ujjani,0.0,53.678
2016-06-13,Ujjani,0.0,53.678
2016-06-14,Ujjani,0.0,53.678
2016-06-15,Ujjani,0.0,53.678
2016-06-16,Ujjani,0.0,53.678
2016-06-17,Ujjani,0.0,53.678
2016-06-18,Ujjani,0.0,53.678
2016-06-19,Ujjani,0.0,53.678
2016-06-20,Ujjani,0.0,53.678
2016-06-21,Ujjani,0.0,53.678
2016-06-22,Ujjani,0.0,53.678
2016-06-23,Ujjani,0.0,53.678
2016-06-24,Ujjani,0.0,53.678
2016-06-25,Ujjani,0.0,53.678
2016-06-26,Ujjani,0.0,53.678
2016-06-27,Ujjani,0.0,53.678
2016-06-28,Ujjani,0.0,53.678
2016-06-29,Ujjani,0.0,53.678
2016-06-30,Ujjani,0.0,53.678
2016-07-01,Ujjani,0.0,53.678
2016-07-02,Ujjani,0.0,53.678
2016-07-03,Ujjani,0.0,53.678
2016-07-04,Ujjani,0.0,53.678
2016-07-05,Ujjani,0.0,53.678
2016-07-06,Ujjani,0.0,53.678
2016-07-07,Ujjani,0.0,53.678
2016-07-08,Ujjani,0.0,53.678
2016-07-09,Ujjani,0.0,53.678
2016-07-10,Ujjani,0.0,53.678
2016-07-11,Ujjani,0.0,53.678
2016-07-12,Ujjani,0.0,53.678
2016-07-13,Ujjani,0.0,53.678
2016-07-14,Ujjani,0.0,53.678
2016-07-15,Ujjani,0.0,53.678
2016-07-16,Ujjani,0.0,53.678
2016-07-17,Ujjani,0.0,53.678
2016-07-18,Ujjani,0.0,53.678
2016-07-19,Ujjani,0.0,53.678
2016-07-20,Ujjani,0.0,53.678
2016-07-21,Ujjani,0.0,53.678
2016-07-22,Ujjani,403.035,53.678
2016-07-23,Ujjani,784.391,53.678
2016-07-24,Ujjani,455.876,53.678
2016-07-25,Ujjani,127.362,53.678
2016-07-26,Ujjani,18.86,53.678
2016-07-27,Ujjani,6.447,53.678
2016-07-28,Ujjani,0.0,53.678
2016-07-29,Ujjani,45.42,53.678
2016-07-30,Ujjani,934.171,53.678
2016-07-31,Ujjani,887.058,53.678
2016-08-01,Ujjani,839.945,53.678
2016-08-02,Ujjani,283.972,53.678
2016-08-03,Ujjani,277.804,53.678
2016-08-04,Ujjani,289.952,53.678
2016-08-05,Ujjani,163.341,53.678
2016-08-06,Ujjani,93.723,53.678
2016-08-07,Ujjani,202.072,53.678
2016-08-08,Ujjani,310.42,53.678
2016-08-09,Ujjani,20.028,53.678
2016-08-10,Ujjani,437.788,53.678
2016-08-11,Ujjani,785.604,53.678
2016-08-12,Ujjani,527.881,53.678
2016-08-13,Ujjani,468.869,53.678
2016-08-14,Ujjani,409.858,53.678
2016-08-15,Ujjani,350.846,53.678
2016-08-16,Ujjani,291.834,53.678
2016-08-17,Ujjani,278.782,53.678
2016-08-18,Ujjani,312.377,53.678
2016-08-19,Ujjani,281.474,53.678
2016-08-20,Ujjani,189.868,53.678
2016-08-21,Ujjani,170.761,53.678
2016-08-22,Ujjani,151.654,53.678
2016-08-23,Ujjani,155.191,53.678
2016-08-24,Ujjani,119.212,53.678
2016-08-25,Ujjani,109.565,53.678
2016-08-26,Ujjani,105.918,53.678
2016-08-27,Ujjani,104.212,53.678
2016-08-28,Ujjani,92.291,53.678
2016-08-29,Ujjani,80.369,53.678
2016-08-30,Ujjani,78.748,53.678
2016-08-31,Ujjani,66.886,53.678
2016-09-01,Ujjani,45.803,53.678
2016-09-02,Ujjani,340.852,53.678
2016-09-03,Ujjani,299.427,53.678
2016-09-04,Ujjani,221.048,53.678
2016-09-05,Ujjani,142.669,53.678
2016-09-06,Ujjani,64.289,53.678
2016-09-07,Ujjani,115.37,53.678
2016-09-08,Ujjani,117.07,53.678
2016-09-09,Ujjani,113.236,53.678
2016-09-10,Ujjani,97.841,53.678
2016-09-11,Ujjani,82.446,53.678
2016-09-12,Ujjani,67.052,53.678
2016-09-13,Ujjani,64.72,53.678
2016-09-14,Ujjani,62.388,53.678
2016-09-15,Ujjani,143.872,53.678
2016-09-16,Ujjani,1443.866,53.678
2016-09-17,Ujjani,673.504,53.678
2016-09-18,Ujjani,490.064,53.678
2016-09-19,Ujjani,306.623,53.678
2016-09-20,Ujjani,464.137,53.678
2016-09-21,Ujjani,139.16,53.678
2016-09-22,Ujjani,1098.063,53.678
2016-09-23,Ujjani,974.295,53.678
2016-09-24,Ujjani,2065.988,53.678
2016-09-25,Ujjani,1983.586,53.678
2016-09-26,Ujjani,1901.184,53.678
2016-09-27,Ujjani,1632.812,53.678
2016-09-28,Ujjani,1568.409,53.678
2016-09-29,Ujjani,1501.555,53.678
2016-09-30,Ujjani,1065.377,53.678
2016-10-01,Ujjani,486.86,53.678
2016-10-02,Ujjani,498.595,53.678
2016-10-03,Ujjani,510.33,53.678
2016-10-04,Ujjani,523.559,53.678
2016-10-05,Ujjani,1576.845,53.678
2016-10-06,Ujjani,1637.94,53.678
2016-10-07,Ujjani,1657.529,53.678
2016-10-08,Ujjani,1519.452,53.678
2016-10-09,Ujjani,1381.375,53.678
2016-10-10,Ujjani,1243.298,53.678
2016-10-11,Ujjani,932.953,53.678
2016-10-12,Ujjani,622.608,53.678
2016-10-13,Ujjani,312.263,53.678
2016-10-14,Ujjani,397.02,53.678
2016-10-15,Ujjani,399.568,53.678
2016-10-16,Ujjani,346.833,53.678
2016-10-17,Ujjani,294.099,53.678
2016-10-18,Ujjani,124.165,53.678
2016-10-19,Ujjani,122.811,53.678
2016-10-20,Ujjani,120.449,53.678
2016-10-21,Ujjani,124.698,53.678
2016-10-22,Ujjani,121.624,53.678
2016-10-23,Ujjani,122.101,53.678
2016-10-24,Ujjani,122.579,53.678
2016-10-25,Ujjani,125.243,53.678
2016-10-26,Ujjani,123.621,53.678
2016-10-27,Ujjani,124.77,53.678
2016-10-28,Ujjani,117.205,53.678
2016-10-29,Ujjani,114.717,53.678
2016-10-30,Ujjani,62.987,53.678
2016-10-31,Ujjani,11.257,53.678
2016-11-01,Ujjani,8.876,53.678
2016-11-02,Ujjani,8.947,53.678
2016-11-03,Ujjani,12.565,53.678
2016-11-04,Ujjani,34.525,53.678
2016-11-05,Ujjani,34.064,53.678
2016-11-06,Ujjani,34.002,53.678
2016-11-07,Ujjani,33.939,53.678
2016-11-08,Ujjani,38.569,53.678
2016-11-09,Ujjani,41.131,53.678
2016-11-10,Ujjani,42.509,53.678
2016-11-11,Ujjani,43.576,53.678
2016-11-12,Ujjani,43.786,53.678
2016-11-13,Ujjani,43.995,53.678
2016-11-14,Ujjani,44.204,53.678
2016-11-15,Ujjani,44.414,53.678
2016-11-16,Ujjani,43.336,53.678
2016-11-17,Ujjani,51.449,53.678
2016-11-18,Ujjani,51.099,53.678
2016-11-19,Ujjani,50.923,53.678
2016-11-20,Ujjani,25.462,53.678
2016-11-21,Ujjani,0.0,53.678
2016-11-22,Ujjani,0.0,53.678
2016-11-23,Ujjani,0.0,53.678
2016-11-24,Ujjani,0.0,53.678
2016-11-25,Ujjani,0.0,53.678
2016-11-26,Ujjani,0.0,53.678
2016-11-27,Ujjani,0.0,53.678
2016-11-28,Ujjani,0.0,53.678
2016-11-29,Ujjani,0.0,53.678
2016-11-30,Ujjani,0.0,53.678
2016-12-01,Ujjani,0.0,53.678
2016-12-02,Ujjani,0.0,53.678
2016-12-03,Ujjani,0.0,53.678
2016-12-04,Ujjani,0.0,53.678
2016-12-05,Ujjani,0.0,53.678
2016-12-06,Ujjani,0.0,53.678
2016-12-07,Ujjani,0.0,53.678
2016-12-08,Ujjani,0.0,53.678
2016-12-09,Ujjani,0.0,53.678
2016-12-10,Ujjani,0.0,53.678
2016-12-11,Ujjani,0.0,53.678
2016-12-12,Ujjani,0.0,53.678
2016-12-13,Ujjani,0.0,53.678
2016-12-14,Ujjani,0.0,53.678
2016-12-15,Ujjani,0.0,53.678
2016-12-16,Ujjani,0.0,53.678
2016-12-17,Ujjani,0.0,53.678
2016-12-18,Ujjani,0.0,53.678
2016-12-19,Ujjani,0.0,53.678
2016-12-20,Ujjani,0.0,53.678
2016-12-21,Ujjani,0.0,53.678
2016-12-22,Ujjani,0.0,53.678
2016-12-23,Ujjani,0.0,53.678
2016-12-24,Ujjani,0.0,53.678
2016-12-25,Ujjani,0.0,53.678
2016-12-26,Ujjani,0.0,53.678
2016-12-27,Ujjani,0.0,53.678
2016-12-28,Ujjani,0.0,53.678
2016-12-29,Ujjani,0.0,53.678
2016-12-30,Ujjani,0.0,53.678
2016-12-31,Ujjani,0.0,53.678
2017-01-01,Ujjani,0.0,53.678
2017-01-02,Ujjani,0.0,53.678
2017-01-03,Ujjani,0.0,53.678
2017-01-04,Ujjani,0.0,53.678
2017-01-05,Ujjani,0.0,53.678
2017-01-06,Ujjani,0.0,53.678
2017-01-07,Ujjani,0.0,53.678
2017-01-08,Ujjani,0.0,53.678
2017-01-09,Ujjani,0.0,53.678
2017-01-10,Ujjani,0.0,53.678
2017-01-11,Ujjani,0.0,53.678
2017-01-12,Ujjani,0.0,53.678
2017-01-13,Ujjani,0.0,53.678
2017-01-14,Ujjani,0.0,53.678
2017-01-15,Ujjani,0.0,53.678
2017-01-16,Ujjani,0.0,53.678
2017-01-17,Ujjani,0.0,53.678
2017-01-18,Ujjani,0.0,53.678
2017-01-19,Ujjani,0.0,53.678
2017-01-20,Ujjani,0.0,53.678
2017-01-21,Ujjani,0.0,53.678
2017-01-22,Ujjani,0.0,53.678
2017-01-23,Ujjani,0.0,53.678
2017-01-24,Ujjani,0.0,53.678
2017-01-25,Ujjani,0.0,53.678
2017-01-26,Ujjani,0.0,53.678
2017-01-27,Ujjani,0.0,53.678
2017-01-28,Ujjani,0.0,53.678
2017-01-29,Ujjani,0.0,53.678
2017-01-30,Ujjani,0.0,53.678
2017-01-31,Ujjani,0.0,53.678
2017-02-01,Ujjani,0.0,53.678
2017-02-02,Ujjani,0.0,53.678
2017-02-03,Ujjani,0.0,53.678
2017-02-04,Ujjani,0.0,53.678
2017-02-05,Ujjani,0.0,53.678
2017-02-06,Ujjani,0.0,53.678
2017-02-07,Ujjani,0.0,53.678
2017-02-08,Ujjani,0.0,53.678
2017-02-09,Ujjani,0.0,53.678
2017-02-10,Ujjani,0.0,53.678
2017-02-11,Ujjani,0.0,53.678
2017-02-12,Ujjani,0.0,53.678
2017-02-13,Ujjani,0.0,53.678
2017-02-14,Ujjani,0.0,53.678
2017-02-15,Ujjani,0.0,53.678
2017-02-16,Ujjani,0.0,53.678
2017-02-17,Ujjani,0.0,53.678
2017-02-18,Ujjani,0.0,53.678
2017-02-19,Ujjani,0.0,53.678
2017-02-20,Ujjani,0.0,53.678
2017-02-21,Ujjani,0.0,53.678
2017-02-22,Ujjani,0.0,53.678
2017-02-23,Ujjani,0.0,53.678
2017-02-24,Ujjani,0.0,53.678
2017-02-25,Ujjani,0.0,53.678
2017-02-26,Ujjani,0.0,53.678
2017-02-27,Ujjani,0.0,53.678
2017-02-28,Ujjani,0.0,53.678
2017-03-01,Ujjani,0.0,53.678
2017-03-02,Ujjani,0.0,53.678
2017-03-03,Ujjani,0.0,53.678
2017-03-04,Ujjani,0.0,53.678
2017-03-05,Ujjani,0.0,53.678
2017-03-06,Ujjani,0.0,53.678
2017-03-07,Ujjani,0.0,53.678
2017-03-08,Ujjani,0.0,53.678
2017-03-09,Ujjani,0.0,53.678
2017-03-10,Ujjani,0.0,53.678
2017-03-11,Ujjani,0.0,53.678
2017-03-12,Ujjani,0.0,53.678
2017-03-13,Ujjani,0.0,53.678
2017-03-14,Ujjani,0.0,53.678
2017-03-15,Ujjani,0.0,53.678
2017-03-16,Ujjani,0.0,53.678
2017-03-17,Ujjani,0.0,53.678
2017-03-18,Ujjani,0.0,53.678
2017-03-19,Ujjani,0.0,53.678
2017-03-20,Ujjani,0.0,53.678
2017-03-21,Ujjani,0.0,53.678
2017-03-22,Ujjani,0.0,53.678
2017-03-23,Ujjani,0.0,53.678
2017-03-24,Ujjani,0.0,53.678
2017-03-25,Ujjani,0.0,53.678
2017-03-26,Ujjani,0.0,53.678
2017-03-27,Ujjani,0.0,53.678
2017-03-28,Ujjani,0.0,53.678
2017-03-29,Ujjani,0.0,53.678
2017-03-30,Ujjani,0.0,53.678
2017-03-31,Ujjani,0.0,53.678
2017-04-01,Ujjani,0.0,53.678
2017-04-02,Ujjani,0.0,53.678
2017-04-03,Ujjani,0.0,53.678
2017-04-04,Ujjani,0.0,53.678
2017-04-05,Ujjani,0.0,53.678
2017-04-06,Ujjani,0.0,53.678
2017-04-07,Ujjani,0.0,53.678
2017-04-08,Ujjani,0.0,53.678
2017-04-09,Ujjani,0.0,53.678
2017-04-10,Ujjani,0.0,53.678
2017-04-11,Ujjani,0.0,53.678
2017-04-12,Ujjani,0.0,53.678
2017-04-13,Ujjani,0.0,53.678
2017-04-14,Ujjani,0.0,53.678
2017-04-15,Ujjani,0.0,53.678
2017-04-16,Ujjani,0.0,53.678
2017-04-17,Ujjani,0.0,53.678
2017-04-18,Ujjani,0.0,53.678
2017-04-19,Ujjani,0.0,53.678
2017-04-20,Ujjani,0.0,53.678
2017-04-21,Ujjani,0.0,53.678
2017-04-22,Ujjani,0.0,53.678
2017-04-23,Ujjani,0.0,53.678
2017-04-24,Ujjani,0.0,53.678
2017-04-25,Ujjani,0.0,53.678
2017-04-26,Ujjani,0.0,53.678
2017-04-27,Ujjani,0.0,53.678
2017-04-28,Ujjani,0.0,53.678
2017-04-29,Ujjani,0.0,53.678
2017-04-30,Ujjani,0.0,53.678
2017-05-01,Ujjani,0.0,53.678
2017-05-02,Ujjani,0.0,53.678
2017-05-03,Ujjani,0.0,53.678
2017-05-04,Ujjani,0.0,53.678
2017-05-05,Ujjani,0.0,53.678
2017-05-06,Ujjani,0.0,53.678
2017-05-07,Ujjani,0.0,53.678
2017-05-08,Ujjani,0.0,53.678
2017-05-09,Ujjani,0.0,53.678
2017-05-10,Ujjani,0.0,53.678
2017-05-11,Ujjani,0.0,53.678
2017-05-12,Ujjani,0.0,53.678
2017-05-13,Ujjani,0.0,53.678
2017-05-14,Ujjani,0.0,53.678
2017-05-15,Ujjani,0.0,53.678
2017-05-16,Ujjani,0.0,53.678
2017-05-17,Ujjani,0.0,53.678
2017-05-18,Ujjani,0.0,53.678
2017-05-19,Ujjani,0.0,53.678
2017-05-20,Ujjani,0.0,53.678
2017-05-21,Ujjani,0.0,53.678
2017-05-22,Ujjani,0.0,53.678
2017-05-23,Ujjani,0.0,53.678
2017-05-24,Ujjani,0.0,53.678
2017-05-25,Ujjani,0.0,53.678
2017-05-26,Ujjani,0.0,53.678
2017-05-27,Ujjani,0.0,53.678
2017-05-28,Ujjani,0.0,53.678
2017-05-29,Ujjani,0.0,53.678
2017-05-30,Ujjani,0.0,53.678
2017-05-31,Ujjani,0.0,53.678
2017-06-01,Ujjani,0.0,53.678
2017-06-02,Ujjani,0.0,53.678
2017-06-03,Ujjani,0.0,53.678
2017-06-04,Ujjani,0.0,53.678
2017-06-05,Ujjani,0.0,53.678
2017-06-06,Ujjani,0.0,53.678
2017-06-07,Ujjani,0.0,53.678
2017-06-08,Ujjani,0.0,53.678
2017-06-09,Ujjani,0.0,53.678
2017-06-10,Ujjani,0.0,53.678
2017-06-11,Ujjani,0.0,53.678
2017-06-12,Ujjani,0.0,53.678
2017-06-13,Ujjani,0.0,53.678
2017-06-14,Ujjani,0.0,53.678
2017-06-15,Ujjani,0.0,53.678
2017-06-16,Ujjani,0.0,53.678
2017-06-17,Ujjani,45.0,53.678
2017-06-18,Ujjani,22.5,53.678
2017-06-19,Ujjani,0.0,53.678
2017-06-20,Ujjani,0.0,53.678
2017-06-21,Ujjani,0.0,53.678
2017-06-22,Ujjani,0.0,53.678
2017-06-23,Ujjani,0.0,53.678
2017-06-24,Ujjani,0.0,53.678
2017-06-25,Ujjani,0.0,53.678
2017-06-26,Ujjani,0.0,53.678
2017-06-27,Ujjani,0.0,53.678
2017-06-28,Ujjani,0.0,53.678
2017-06-29,Ujjani,0.0,53.678
2017-06-30,Ujjani,0.0,53.678
2017-07-01,Ujjani,0.0,53.678
2017-07-02,Ujjani,0.0,53.678
2017-07-03,Ujjani,0.0,53.678
2017-07-04,Ujjani,0.0,53.678
2017-07-05,Ujjani,0.0,53.678
2017-07-06,Ujjani,0.0,53.678
2017-07-07,Ujjani,0.0,53.678
2017-07-08,Ujjani,0.0,53.678
2017-07-09,Ujjani,0.0,53.678
2017-07-10,Ujjani,0.0,53.678
2017-07-11,Ujjani,0.0,53.678
2017-07-12,Ujjani,0.0,53.678
2017-07-13,Ujjani,0.0,53.678
2017-07-14,Ujjani,0.0,53.678
2017-07-15,Ujjani,0.0,53.678
2017-07-16,Ujjani,0.0,53.678
2017-07-17,Ujjani,0.0,53.678
2017-07-18,Ujjani,0.0,53.678
2017-07-19,Ujjani,0.0,53.678
2017-07-20,Ujjani,43.325,53.678
2017-07-21,Ujjani,0.0,53.678
2017-07-22,Ujjani,0.0,53.678
2017-07-23,Ujjani,0.0,53.678
2017-07-24,Ujjani,0.0,53.678
2017-07-25,Ujjani,0.0,53.678
2017-07-26,Ujjani,0.0,53.678
2017-07-27,Ujjani,0.0,53.678
2017-07-28,Ujjani,0.0,53.678
2017-07-29,Ujjani,0.0,53.678
2017-07-30,Ujjani,0.0,53.678
2017-07-31,Ujjani,0.0,53.678
2017-08-01,Ujjani,0.0,53.678
2017-08-02,Ujjani,0.0,53.678
2017-08-03,Ujjani,0.0,53.678
2017-08-04,Ujjani,25.737,53.678
2017-08-05,Ujjani,11.595,53.678
2017-08-06,Ujjani,0.0,53.678
2017-08-07,Ujjani,0.0,53.678
2017-08-08,Ujjani,0.0,53.678
2017-08-09,Ujjani,0.0,53.678
2017-08-10,Ujjani,0.0,53.678
2017-08-11,Ujjani,0.0,53.678
2017-08-12,Ujjani,0.0,53.678
2017-08-13,Ujjani,0.0,53.678
2017-08-14,Ujjani,0.0,53.678
2017-08-15,Ujjani,0.0,53.678
2017-08-16,Ujjani,0.0,53.678
2017-08-17,Ujjani,0.0,53.678
2017-08-18,Ujjani,0.0,53.678
2017-08-19,Ujjani,0.0,53.678
2017-08-20,Ujjani,0.0,53.678
2017-08-21,Ujjani,0.0,53.678
2017-08-22,Ujjani,0.0,53.678
2017-08-23,Ujjani,0.0,53.678
2017-08-24,Ujjani,0.0,53.678
2017-08-25,Ujjani,0.0,53.678
2017-08-26,Ujjani,0.0,53.678
2017-08-27,Ujjani,0.0,53.678
2017-08-28,Ujjani,0.0,53.678
2017-08-29,Ujjani,0.0,53.678
2017-08-30,Ujjani,0.0,53.678
2017-08-31,Ujjani,133.14,53.678
2017-09-01,Ujjani,150.248,53.678
2017-09-02,Ujjani,451.081,53.678
2017-09-03,Ujjani,751.913,53.678
2017-09-04,Ujjani,1052.746,53.678
2017-09-05,Ujjani,823.96,53.678
2017-09-06,Ujjani,494.525,53.678
2017-09-07,Ujjani,367.996,53.678
2017-09-08,Ujjani,405.329,53.678
2017-09-09,Ujjani,604.239,53.678
2017-09-10,Ujjani,803.15,53.678
2017-09-11,Ujjani,1002.06,53.678
2017-09-12,Ujjani,1139.199,53.678
2017-09-13,Ujjani,793.92,53.678
2017-09-14,Ujjani,611.592,53.678
2017-09-15,Ujjani,2059.177,53.678
2017-09-16,Ujjani,1775.034,53.678
2017-09-17,Ujjani,887.517,53.678
2017-09-18,Ujjani,0.0,53.678
2017-09-19,Ujjani,0.0,53.678
2017-09-20,Ujjani,0.0,53.678
2017-09-21,Ujjani,1154.264,53.678
2017-09-22,Ujjani,1164.519,53.678
2017-09-23,Ujjani,989.865,53.678
2017-09-24,Ujjani,1247.403,53.678
2017-09-25,Ujjani,1504.941,53.678
2017-09-26,Ujjani,0.0,53.678
2017-09-27,Ujjani,1915.887,53.678
2017-09-28,Ujjani,1297.445,53.678
2017-09-29,Ujjani,1029.907,53.678
2017-09-30,Ujjani,1021.788,53.678
2017-10-01,Ujjani,1013.67,53.678
2017-10-02,Ujjani,1005.552,53.678
2017-10-03,Ujjani,997.433,53.678
2017-10-04,Ujjani,752.388,53.678
2017-10-05,Ujjani,608.751,53.678
2017-10-06,Ujjani,538.383,53.678
2017-10-07,Ujjani,633.757,53.678
2017-10-08,Ujjani,561.556,53.678
2017-10-09,Ujjani,489.356,53.678
2017-10-10,Ujjani,755.974,53.678
2017-10-11,Ujjani,1391.422,53.678
2017-10-12,Ujjani,884.974,53.678
2017-10-13,Ujjani,1510.743,53.678
2017-10-14,Ujjani,1601.683,53.678
2017-10-15,Ujjani,1692.622,53.678
2017-10-16,Ujjani,1783.562,53.678
2017-10-17,Ujjani,1701.754,53.678
2017-10-18,Ujjani,0.0,53.678
2017-10-19,Ujjani,967.88,53.678
2017-10-20,Ujjani,1935.759,53.678
2017-10-21,Ujjani,1386.634,53.678
2017-10-22,Ujjani,975.978,53.678
2017-10-23,Ujjani,565.323,53.678
2017-10-24,Ujjani,456.349,53.678
2017-10-25,Ujjani,601.823,53.678
2017-10-26,Ujjani,558.928,53.678
2017-10-27,Ujjani,512.028,53.678
2017-10-28,Ujjani,352.758,53.678
2017-10-29,Ujjani,314.626,53.678
2017-10-30,Ujjani,276.494,53.678
2017-10-31,Ujjani,263.952,53.678
2017-11-01,Ujjani,183.863,53.678
2017-11-02,Ujjani,101.007,53.678
2017-11-03,Ujjani,99.847,53.678
2017-11-04,Ujjani,66.565,53.678
2017-11-05,Ujjani,33.282,53.678
2017-11-06,Ujjani,0.0,53.678
2017-11-07,Ujjani,0.0,53.678
2017-11-08,Ujjani,0.0,53.678
2017-11-09,Ujjani,0.0,53.678
2017-11-10,Ujjani,0.0,53.678
2017-11-11,Ujjani,0.0,53.678
2017-11-12,Ujjani,0.0,53.678
2017-11-13,Ujjani,0.0,53.678
2017-11-14,Ujjani,0.0,53.678
2017-11-15,Ujjani,0.0,53.678
2017-11-16,Ujjani,0.0,53.678
2017-11-17,Ujjani,0.0,53.678
2017-11-18,Ujjani,0.0,53.678
2017-11-19,Ujjani,0.0,53.678
2017-11-20,Ujjani,0.0,53.678
2017-11-21,Ujjani,0.0,53.678
2017-11-22,Ujjani,0.0,53.678
2017-11-23,Ujjani,0.0,53.678
2017-11-24,Ujjani,0.0,53.678
2017-11-25,Ujjani,0.0,53.678
2017-11-26,Ujjani,0.0,53.678
2017-11-27,Ujjani,0.0,53.678
2017-11-28,Ujjani,0.0,53.678
2017-11-29,Ujjani,0.0,53.678
2017-11-30,Ujjani,0.0,53.678
2017-12-01,Ujjani,0.0,53.678
2017-12-02,Ujjani,0.0,53.678
2017-12-03,Ujjani,0.0,53.678
2017-12-04,Ujjani,0.0,53.678
2017-12-05,Ujjani,0.0,53.678
2017-12-06,Ujjani,0.0,53.678
2017-12-07,Ujjani,0.0,53.678
2017-12-08,Ujjani,0.0,53.678
2017-12-09,Ujjani,0.0,53.678
2017-12-10,Ujjani,0.0,53.678
2017-12-11,Ujjani,0.0,53.678
2017-12-12,Ujjani,0.0,53.678
2017-12-13,Ujjani,0.0,53.678
2017-12-14,Ujjani,0.0,53.678
2017-12-15,Ujjani,0.0,53.678
2017-12-16,Ujjani,0.0,53.678
2017-12-17,Ujjani,0.0,53.678
2017-12-18,Ujjani,0.0,53.678
2017-12-19,Ujjani,0.0,53.678
2017-12-20,Ujjani,0.0,53.678
2017-12-21,Ujjani,0.0,53.678
2017-12-22,Ujjani,0.0,53.678
2017-12-23,Ujjani,0.0,53.678
2017-12-24,Ujjani,0.0,53.678
2017-12-25,Ujjani,0.0,53.678
2017-12-26,Ujjani,0.0,53.678
2017-12-27,Ujjani,0.0,53.678
2017-12-28,Ujjani,0.0,53.678
2017-12-29,Ujjani,0.0,53.678
2017-12-30,Ujjani,0.0,53.678
2017-12-31,Ujjani,0.0,53.678
2018-01-01,Ujjani,0.0,53.678
2018-01-02,Ujjani,0.0,53.678
2018-01-03,Ujjani,0.0,53.678
2018-01-04,Ujjani,0.0,53.678
2018-01-05,Ujjani,0.0,53.678
2018-01-06,Ujjani,0.0,53.678
2018-01-07,Ujjani,0.0,53.678
2018-01-08,Ujjani,0.0,53.678
2018-01-09,Ujjani,0.0,53.678
2018-01-10,Ujjani,0.0,53.678
2018-01-11,Ujjani,0.0,53.678
2018-01-12,Ujjani,0.0,53.678
2018-01-13,Ujjani,0.0,53.678
2018-01-14,Ujjani,0.0,53.678
2018-01-15,Ujjani,0.0,53.678
2018-01-16,Ujjani,0.0,53.678
2018-01-17,Ujjani,0.0,53.678
2018-01-18,Ujjani,0.0,53.678
2018-01-19,Ujjani,0.0,53.678
2018-01-20,Ujjani,0.0,53.678
2018-01-21,Ujjani,0.0,53.678
2018-01-22,Ujjani,0.0,53.678
2018-01-23,Ujjani,0.0,53.678
2018-01-24,Ujjani,0.0,53.678
2018-01-25,Ujjani,0.0,53.678
2018-01-26,Ujjani,0.0,53.678
2018-01-27,Ujjani,0.0,53.678
2018-01-28,Ujjani,0.0,53.678
2018-01-29,Ujjani,0.0,53.678
2018-01-30,Ujjani,0.0,53.678
2018-01-31,Ujjani,0.0,53.678
2018-02-01,Ujjani,0.0,53.678
2018-02-02,Ujjani,0.0,53.678
2018-02-03,Ujjani,0.0,53.678
2018-02-04,Ujjani,0.0,53.678
2018-02-05,Ujjani,0.0,53.678
2018-02-06,Ujjani,0.0,53.678
2018-02-07,Ujjani,0.0,53.678
2018-02-08,Ujjani,0.0,53.678
2018-02-09,Ujjani,0.0,53.678
2018-02-10,Ujjani,0.0,53.678
2018-02-11,Ujjani,0.0,53.678
2018-02-12,Ujjani,0.0,53.678
2018-02-13,Ujjani,0.0,53.678
2018-02-14,Ujjani,0.0,53.678
2018-02-15,Ujjani,0.0,53.678
2018-02-16,Ujjani,0.0,53.678
2018-02-17,Ujjani,0.0,53.678
2018-02-18,Ujjani,0.0,53.678
2018-02-19,Ujjani,0.0,53.678
2018-02-20,Ujjani,0.0,53.678
2018-02-21,Ujjani,0.0,53.678
2018-02-22,Ujjani,0.0,53.678
2018-02-23,Ujjani,0.0,53.678
2018-02-24,Ujjani,0.0,53.678
2018-02-25,Ujjani,0.0,53.678
2018-02-26,Ujjani,0.0,53.678
2018-02-27,Ujjani,0.0,53.678
2018-02-28,Ujjani,0.0,53.678
2018-03-01,Ujjani,0.0,53.678
2018-03-02,Ujjani,0.0,53.678
2018-03-03,Ujjani,0.0,53.678
2018-03-04,Ujjani,0.0,53.678
2018-03-05,Ujjani,0.0,53.678
2018-03-06,Ujjani,0.0,53.678
2018-03-07,Ujjani,0.0,53.678
2018-03-08,Ujjani,0.0,53.678
2018-03-09,Ujjani,0.0,53.678
2018-03-10,Ujjani,0.0,53.678
2018-03-11,Ujjani,0.0,53.678
2018-03-12,Ujjani,0.0,53.678
2018-03-13,Ujjani,0.0,53.678
2018-03-14,Ujjani,0.0,53.678
2018-03-15,Ujjani,0.0,53.678
2018-03-16,Ujjani,0.0,53.678
2018-03-17,Ujjani,0.0,53.678
2018-03-18,Ujjani,0.0,53.678
2018-03-19,Ujjani,0.0,53.678
2018-03-20,Ujjani,0.0,53.678
2018-03-21,Ujjani,0.0,53.678
2018-03-22,Ujjani,0.0,53.678
2018-03-23,Ujjani,0.0,53.678
2018-03-24,Ujjani,0.0,53.678
2018-03-25,Ujjani,0.0,53.678
2018-03-26,Ujjani,0.0,53.678
2018-03-27,Ujjani,0.0,53.678
2018-03-28,Ujjani,0.0,53.678
2018-03-29,Ujjani,0.0,53.678
2018-03-30,Ujjani,0.0,53.678
2018-03-31,Ujjani,0.0,53.678
2018-04-01,Ujjani,0.0,53.678
2018-04-02,Ujjani,0.0,53.678
2018-04-03,Ujjani,0.0,53.678
2018-04-04,Ujjani,0.0,53.678
2018-04-05,Ujjani,0.0,53.678
2018-04-06,Ujjani,0.0,53.678
2018-04-07,Ujjani,0.0,53.678
2018-04-08,Ujjani,0.0,53.678
2018-04-09,Ujjani,0.0,53.678
2018-04-10,Ujjani,0.0,53.678
2018-04-11,Ujjani,0.0,53.678
2018-04-12,Ujjani,0.0,53.678
2018-04-13,Ujjani,0.0,53.678
2018-04-14,Ujjani,0.0,53.678
2018-04-15,Ujjani,0.0,53.678
2018-04-16,Ujjani,0.0,53.678
2018-04-17,Ujjani,0.0,53.678
2018-04-18,Ujjani,0.0,53.678
2018-04-19,Ujjani,0.0,53.678
2018-04-20,Ujjani,0.0,53.678
2018-04-21,Ujjani,0.0,53.678
2018-04-22,Ujjani,0.0,53.678
2018-04-23,Ujjani,0.0,53.678
2018-04-24,Ujjani,0.0,53.678
2018-04-25,Ujjani,0.0,53.678
2018-04-26,Ujjani,0.0,53.678
2018-04-27,Ujjani,0.0,53.678
2018-04-28,Ujjani,0.0,53.678
2018-04-29,Ujjani,0.0,53.678
2018-04-30,Ujjani,0.0,53.678
2018-05-01,Ujjani,0.0,53.678
2018-05-02,Ujjani,0.0,53.678
2018-05-03,Ujjani,0.0,53.678
2018-05-04,Ujjani,0.0,53.678
2018-05-05,Ujjani,0.0,53.678
2018-05-06,Ujjani,0.0,53.678
2018-05-07,Ujjani,0.0,53.678
2018-05-08,Ujjani,0.0,53.678
2018-05-09,Ujjani,0.0,53.678
2018-05-10,Ujjani,0.0,53.678
2018-05-11,Ujjani,0.0,53.678
2018-05-12,Ujjani,0.0,53.678
2018-05-13,Ujjani,0.0,53.678
2018-05-14,Ujjani,0.0,53.678
2018-05-15,Ujjani,0.0,53.678
2018-05-16,Ujjani,0.0,53.678
2018-05-17,Ujjani,0.0,53.678
2018-05-18,Ujjani,0.0,53.678
2018-05-19,Ujjani,0.0,53.678
2018-05-20,Ujjani,0.0,53.678
2018-05-21,Ujjani,0.0,53.678
2018-05-22,Ujjani,0.0,53.678
2018-05-23,Ujjani,0.0,53.678
2018-05-24,Ujjani,0.0,53.678
2018-05-25,Ujjani,0.0,53.678
2018-05-26,Ujjani,0.0,53.678
2018-05-27,Ujjani,0.0,53.678
2018-05-28,Ujjani,0.0,53.678
2018-05-29,Ujjani,0.0,53.678
2018-05-30,Ujjani,0.0,53.678
2018-05-31,Ujjani,0.0,53.678
2018-06-01,Ujjani,0.0,53.678
2018-06-02,Ujjani,0.0,53.678
2018-06-03,Ujjani,0.0,53.678
2018-06-04,Ujjani,0.0,53.678
2018-06-05,Ujjani,0.0,53.678
2018-06-06,Ujjani,0.0,53.678
2018-06-07,Ujjani,0.0,53.678
2018-06-08,Ujjani,0.0,53.678
2018-06-09,Ujjani,0.0,53.678
2018-06-10,Ujjani,0.0,53.678
2018-06-11,Ujjani,0.0,53.678
2018-06-12,Ujjani,0.0,53.678
2018-06-13,Ujjani,0.0,53.678
2018-06-14,Ujjani,0.0,53.678
2018-06-15,Ujjani,0.0,53.678
2018-06-16,Ujjani,0.0,53.678
2018-06-17,Ujjani,0.0,53.678
2018-06-18,Ujjani,0.0,53.678
2018-06-19,Ujjani,0.0,53.678
2018-06-20,Ujjani,0.0,53.678
2018-06-21,Ujjani,0.0,53.678
2018-06-22,Ujjani,0.0,53.678
2018-06-23,Ujjani,0.0,53.678
2018-06-24,Ujjani,0.0,53.678
2018-06-25,Ujjani,0.0,53.678
2018-06-26,Ujjani,0.0,53.678
2018-06-27,Ujjani,0.0,53.678
2018-06-28,Ujjani,0.0,53.678
2018-06-29,Ujjani,0.0,53.678
2018-06-30,Ujjani,0.0,53.678
2018-07-01,Ujjani,0.0,53.678
2018-07-02,Ujjani,0.0,53.678
2018-07-03,Ujjani,0.0,53.678
2018-07-04,Ujjani,0.0,53.678
2018-07-05,Ujjani,0.0,53.678
2018-07-06,Ujjani,0.0,53.678
2018-07-07,Ujjani,0.0,53.678
2018-07-08,Ujjani,0.0,53.678
2018-07-09,Ujjani,0.0,53.678
2018-07-10,Ujjani,0.0,53.678
2018-07-11,Ujjani,0.0,53.678
2018-07-12,Ujjani,0.0,53.678
2018-07-13,Ujjani,0.0,53.678
2018-07-14,Ujjani,0.0,53.678
2018-07-15,Ujjani,0.0,53.678
2018-07-16,Ujjani,0.0,53.678
2018-07-17,Ujjani,0.0,53.678
2018-07-18,Ujjani,0.0,53.678
2018-07-19,Ujjani,0.0,53.678
2018-07-20,Ujjani,0.0,53.678
2018-07-21,Ujjani,0.0,53.678
2018-07-22,Ujjani,0.0,53.678
2018-07-23,Ujjani,0.0,53.678
2018-07-24,Ujjani,0.0,53.678
2018-07-25,Ujjani,0.0,53.678
2018-07-26,Ujjani,0.0,53.678
2018-07-27,Ujjani,0.0,53.678
2018-07-28,Ujjani,0.0,53.678
2018-07-29,Ujjani,0.0,53.678
2018-07-30,Ujjani,0.0,53.678
2018-07-31,Ujjani,0.0,53.678
2018-08-01,Ujjani,0.0,53.678
2018-08-02,Ujjani,0.0,53.678
2018-08-03,Ujjani,0.0,53.678
2018-08-04,Ujjani,0.0,53.678
2018-08-05,Ujjani,0.0,53.678
2018-08-06,Ujjani,0.0,53.678
2018-08-07,Ujjani,0.0,53.678
2018-08-08,Ujjani,0.0,53.678
2018-08-09,Ujjani,0.0,53.678
2018-08-10,Ujjani,0.0,53.678
2018-08-11,Ujjani,0.0,53.678
2018-08-12,Ujjani,0.0,53.678
2018-08-13,Ujjani,0.0,53.678
2018-08-14,Ujjani,0.0,53.678
2018-08-15,Ujjani,0.0,53.678
2018-08-16,Ujjani,40.882,53.678
2018-08-17,Ujjani,52.018,53.678
2018-08-18,Ujjani,86.293,53.678
2018-08-19,Ujjani,28.906,53.678
2018-08-20,Ujjani,89.964,53.678
2018-08-21,Ujjani,0.0,53.678
2018-08-22,Ujjani,0.0,53.678
2018-08-23,Ujjani,0.0,53.678
2018-08-24,Ujjani,0.0,53.678
2018-08-25,Ujjani,0.0,53.678
2018-08-26,Ujjani,0.0,53.678
2018-08-27,Ujjani,0.0,53.678
2018-08-28,Ujjani,754.843,53.678
2018-08-29,Ujjani,482.521,53.678
2018-08-30,Ujjani,617.678,53.678
2018-08-31,Ujjani,1139.543,53.678
2018-09-01,Ujjani,997.254,53.678
2018-09-02,Ujjani,885.003,53.678
2018-09-03,Ujjani,668.043,53.678
2018-09-04,Ujjani,487.489,53.678
2018-09-05,Ujjani,465.395,53.678
2018-09-06,Ujjani,447.811,53.678
2018-09-07,Ujjani,415.551,53.678
2018-09-08,Ujjani,413.961,53.678
2018-09-09,Ujjani,124.198,53.678
2018-09-10,Ujjani,367.291,53.678
2018-09-11,Ujjani,307.41,53.678
2018-09-12,Ujjani,276.866,53.678
2018-09-13,Ujjani,223.0,53.678
2018-09-14,Ujjani,170.869,53.678
2018-09-15,Ujjani,124.167,53.678
2018-09-16,Ujjani,96.6,53.678
2018-09-17,Ujjani,87.361,53.678
2018-09-18,Ujjani,83.205,53.678
2018-09-19,Ujjani,85.661,53.678
2018-09-20,Ujjani,111.807,53.678
2018-09-21,Ujjani,111.0,53.678
2018-09-22,Ujjani,112.731,53.678
2018-09-23,Ujjani,80.0,53.678
2018-09-24,Ujjani,74.815,53.678
2018-09-25,Ujjani,80.429,53.678
2018-09-26,Ujjani,79.215,53.678
2018-09-27,Ujjani,77.934,53.678
2018-09-28,Ujjani,74.597,53.678
2018-09-29,Ujjani,75.208,53.678
2018-09-30,Ujjani,75.437,53.678
2018-10-01,Ujjani,73.937,53.678
2018-10-02,Ujjani,71.5,53.678
2018-10-03,Ujjani,68.976,53.678
2018-10-04,Ujjani,63.23,53.678
2018-10-05,Ujjani,69.292,53.678
2018-10-06,Ujjani,69.915,53.678
2018-10-07,Ujjani,69.0,53.678
2018-10-08,Ujjani,68.509,53.678
2018-10-09,Ujjani,46.582,53.678
2018-10-10,Ujjani,54.379,53.678
2018-10-11,Ujjani,47.676,53.678
2018-10-12,Ujjani,42.79,53.678
2018-10-13,Ujjani,45.0,53.678
2018-10-14,Ujjani,45.0,53.678
2018-10-15,Ujjani,52.064,53.678
2018-10-16,Ujjani,53.061,53.678
2018-10-17,Ujjani,55.359,53.678
2018-10-18,Ujjani,54.098,53.678
2018-10-19,Ujjani,54.0,53.678
2018-10-20,Ujjani,53.8,53.678
2018-10-21,Ujjani,54.0,53.678
2018-10-22,Ujjani,53.779,53.678
2018-10-23,Ujjani,60.599,53.678
2018-10-24,Ujjani,69.555,53.678
2018-10-25,Ujjani,70.485,53.678
2018-10-26,Ujjani,71.271,53.678
2018-10-27,Ujjani,71.368,53.678
2018-10-28,Ujjani,71.5,53.678
2018-10-29,Ujjani,71.935,53.678
2018-10-30,Ujjani,58.293,53.678
2018-10-31,Ujjani,53.781,53.678
2018-11-01,Ujjani,54.307,53.678
2018-11-02,Ujjani,40.651,53.678
2018-11-03,Ujjani,37.286,53.678
2018-11-04,Ujjani,34.5,53.678
2018-11-05,Ujjani,31.49,53.678
2018-11-06,Ujjani,0.0,53.678
2018-11-07,Ujjani,0.0,53.678
2018-11-08,Ujjani,0.0,53.678
2018-11-09,Ujjani,0.0,53.678
2018-11-10,Ujjani,0.0,53.678
2018-11-11,Ujjani,0.0,53.678
2018-11-12,Ujjani,0.0,53.678
2018-11-13,Ujjani,0.0,53.678
2018-11-14,Ujjani,0.0,53.678
2018-11-15,Ujjani,0.0,53.678
2018-11-16,Ujjani,0.0,53.678
2018-11-17,Ujjani,0.0,53.678
2018-11-18,Ujjani,0.0,53.678
2018-11-19,Ujjani,0.0,53.678
2018-11-20,Ujjani,0.0,53.678
2018-11-21,Ujjani,0.0,53.678
2018-11-22,Ujjani,0.0,53.678
2018-11-23,Ujjani,0.0,53.678
2018-11-24,Ujjani,0.0,53.678
2018-11-25,Ujjani,0.0,53.678
2018-11-26,Ujjani,0.0,53.678
2018-11-27,Ujjani,0.0,53.678
2018-11-28,Ujjani,0.0,53.678
2018-11-29,Ujjani,0.0,53.678
2018-11-30,Ujjani,0.0,53.678
2018-12-01,Ujjani,0.0,53.678
2018-12-02,Ujjani,0.0,53.678
2018-12-03,Ujjani,0.0,53.678
2018-12-04,Ujjani,0.0,53.678
2018-12-05,Ujjani,0.0,53.678
2018-12-06,Ujjani,0.0,53.678
2018-12-07,Ujjani,0.0,53.678
2018-12-08,Ujjani,0.0,53.678
2018-12-09,Ujjani,0.0,53.678
2018-12-10,Ujjani,0.0,53.678
2018-12-11,Ujjani,0.0,53.678
2018-12-12,Ujjani,0.0,53.678
2018-12-13,Ujjani,0.0,53.678
2018-12-14,Ujjani,0.0,53.678
2018-12-15,Ujjani,0.0,53.678
2018-12-16,Ujjani,0.0,53.678
2018-12-17,Ujjani,0.0,53.678
2018-12-18,Ujjani,0.0,53.678
2018-12-19,Ujjani,0.0,53.678
2018-12-20,Ujjani,0.0,53.678
2018-12-21,Ujjani,0.0,53.678
2018-12-22,Ujjani,0.0,53.678
2018-12-23,Ujjani,0.0,53.678
2018-12-24,Ujjani,0.0,53.678
2018-12-25,Ujjani,0.0,53.678
2018-12-26,Ujjani,0.0,53.678
2018-12-27,Ujjani,0.0,53.678
2018-12-28,Ujjani,0.0,53.678
2018-12-29,Ujjani,0.0,53.678
2018-12-30,Ujjani,0.0,53.678
2018-12-31,Ujjani,0.0,53.678
2019-01-01,Ujjani,0.0,53.678
2019-01-02,Ujjani,0.0,53.678
2019-01-03,Ujjani,0.0,53.678
2019-01-04,Ujjani,0.0,53.678
2019-01-05,Ujjani,0.0,53.678
2019-01-06,Ujjani,0.0,53.678
2019-01-07,Ujjani,0.0,53.678
2019-01-08,Ujjani,0.0,53.678
2019-01-09,Ujjani,0.0,53.678
2019-01-10,Ujjani,0.0,53.678
2019-01-11,Ujjani,0.0,53.678
2019-01-12,Ujjani,0.0,53.678
2019-01-13,Ujjani,0.0,53.678
2019-01-14,Ujjani,0.0,53.678
2019-01-15,Ujjani,0.0,53.678
2019-01-16,Ujjani,0.0,53.678
2019-01-17,Ujjani,0.0,53.678
2019-01-18,Ujjani,0.0,53.678
2019-01-19,Ujjani,0.0,53.678
2019-01-20,Ujjani,0.0,53.678
2019-01-21,Ujjani,0.0,53.678
2019-01-22,Ujjani,0.0,53.678
2019-01-23,Ujjani,0.0,53.678
2019-01-24,Ujjani,0.0,53.678
2019-01-25,Ujjani,0.0,53.678
2019-01-26,Ujjani,0.0,53.678
2019-01-27,Ujjani,0.0,53.678
2019-01-28,Ujjani,0.0,53.678
2019-01-29,Ujjani,0.0,53.678
2019-01-30,Ujjani,0.0,53.678
2019-01-31,Ujjani,0.0,53.678
2019-02-01,Ujjani,0.0,53.678
2019-02-02,Ujjani,0.0,53.678
2019-02-03,Ujjani,0.0,53.678
2019-02-04,Ujjani,0.0,53.678
2019-02-05,Ujjani,0.0,53.678
2019-02-06,Ujjani,0.0,53.678
2019-02-07,Ujjani,0.0,53.678
2019-02-08,Ujjani,0.0,53.678
2019-02-09,Ujjani,0.0,53.678
2019-02-10,Ujjani,0.0,53.678
2019-02-11,Ujjani,0.0,53.678
2019-02-12,Ujjani,0.0,53.678
2019-02-13,Ujjani,0.0,53.678
2019-02-14,Ujjani,0.0,53.678
2019-02-15,Ujjani,0.0,53.678
2019-02-16,Ujjani,0.0,53.678
2019-02-17,Ujjani,0.0,53.678
2019-02-18,Ujjani,0.0,53.678
2019-02-19,Ujjani,0.0,53.678
2019-02-20,Ujjani,0.0,53.678
2019-02-21,Ujjani,0.0,53.678
2019-02-22,Ujjani,0.0,53.678
2019-02-23,Ujjani,0.0,53.678
2019-02-24,Ujjani,0.0,53.678
2019-02-25,Ujjani,0.0,53.678
2019-02-26,Ujjani,0.0,53.678
2019-02-27,Ujjani,0.0,53.678
2019-02-28,Ujjani,0.0,53.678
2019-03-01,Ujjani,0.0,53.678
2019-03-02,Ujjani,0.0,53.678
2019-03-03,Ujjani,0.0,53.678
2019-03-04,Ujjani,0.0,53.678
2019-03-05,Ujjani,0.0,53.678
2019-03-06,Ujjani,0.0,53.678
2019-03-07,Ujjani,0.0,53.678
2019-03-08,Ujjani,0.0,53.678
2019-03-09,Ujjani,0.0,53.678
2019-03-10,Ujjani,0.0,53.678
2019-03-11,Ujjani,0.0,53.678
2019-03-12,Ujjani,0.0,53.678
2019-03-13,Ujjani,0.0,53.678
2019-03-14,Ujjani,0.0,53.678
2019-03-15,Ujjani,0.0,53.678
2019-03-16,Ujjani,0.0,53.678
2019-03-17,Ujjani,0.0,53.678
2019-03-18,Ujjani,0.0,53.678
2019-03-19,Ujjani,0.0,53.678
2019-03-20,Ujjani,0.0,53.678
2019-03-21,Ujjani,0.0,53.678
2019-03-22,Ujjani,0.0,53.678
2019-03-23,Ujjani,0.0,53.678
2019-03-24,Ujjani,0.0,53.678
2019-03-25,Ujjani,0.0,53.678
2019-03-26,Ujjani,0.0,53.678
2019-03-27,Ujjani,0.0,53.678
2019-03-28,Ujjani,0.0,53.678
2019-03-29,Ujjani,0.0,53.678
2019-03-30,Ujjani,0.0,53.678
2019-03-31,Ujjani,0.0,53.678
2019-04-01,Ujjani,0.0,53.678
2019-04-02,Ujjani,0.0,53.678
2019-04-03,Ujjani,0.0,53.678
2019-04-04,Ujjani,0.0,53.678
2019-04-05,Ujjani,0.0,53.678
2019-04-06,Ujjani,0.0,53.678
2019-04-07,Ujjani,0.0,53.678
2019-04-08,Ujjani,0.0,53.678
2019-04-09,Ujjani,0.0,53.678
2019-04-10,Ujjani,0.0,53.678
2019-04-11,Ujjani,0.0,53.678
2019-04-12,Ujjani,0.0,53.678
2019-04-13,Ujjani,0.0,53.678
2019-04-14,Ujjani,0.0,53.678
2019-04-15,Ujjani,0.0,53.678
2019-04-16,Ujjani,0.0,53.678
2019-04-17,Ujjani,0.0,53.678
2019-04-18,Ujjani,0.0,53.678
2019-04-19,Ujjani,0.0,53.678
2019-04-20,Ujjani,0.0,53.678
2019-04-21,Ujjani,0.0,53.678
2019-04-22,Ujjani,0.0,53.678
2019-04-23,Ujjani,0.0,53.678
2019-04-24,Ujjani,0.0,53.678
2019-04-25,Ujjani,0.0,53.678
2019-04-26,Ujjani,0.0,53.678
2019-04-27,Ujjani,0.0,53.678
2019-04-28,Ujjani,0.0,53.678
2019-04-29,Ujjani,0.0,53.678
2019-04-30,Ujjani,0.0,53.678
2019-05-01,Ujjani,0.0,53.678
2019-05-02,Ujjani,0.0,53.678
2019-05-03,Ujjani,0.0,53.678
2019-05-04,Ujjani,0.0,53.678
2019-05-05,Ujjani,0.0,53.678
2019-05-06,Ujjani,0.0,53.678
2019-05-07,Ujjani,0.0,53.678
2019-05-08,Ujjani,0.0,53.678
2019-05-09,Ujjani,0.0,53.678
2019-05-10,Ujjani,0.0,53.678
2019-05-11,Ujjani,0.0,53.678
2019-05-12,Ujjani,0.0,53.678
2019-05-13,Ujjani,0.0,53.678
2019-05-14,Ujjani,0.0,53.678
2019-05-15,Ujjani,0.0,53.678
2019-05-16,Ujjani,0.0,53.678
2019-05-17,Ujjani,0.0,53.678
2019-05-18,Ujjani,0.0,53.678
2019-05-19,Ujjani,0.0,53.678
2019-05-20,Ujjani,0.0,53.678
2019-05-21,Ujjani,0.0,53.678
2019-05-22,Ujjani,0.0,53.678
2019-05-23,Ujjani,0.0,53.678
2019-05-24,Ujjani,0.0,53.678
2019-05-25,Ujjani,0.0,53.678
2019-05-26,Ujjani,0.0,53.678
2019-05-27,Ujjani,0.0,53.678
2019-05-28,Ujjani,0.0,53.678
2019-05-29,Ujjani,0.0,53.678
2019-05-30,Ujjani,0.0,53.678
2019-05-31,Ujjani,0.0,53.678
2019-06-01,Ujjani,0.0,53.678
2019-06-02,Ujjani,0.0,53.678
2019-06-03,Ujjani,0.0,53.678
2019-06-04,Ujjani,0.0,53.678
2019-06-05,Ujjani,0.0,53.678
2019-06-06,Ujjani,0.0,53.678
2019-06-07,Ujjani,0.0,53.678
2019-06-08,Ujjani,0.0,53.678
2019-06-09,Ujjani,0.0,53.678
2019-06-10,Ujjani,0.0,53.678
2019-06-11,Ujjani,0.0,53.678
2019-06-12,Ujjani,0.0,53.678
2019-06-13,Ujjani,0.0,53.678
2019-06-14,Ujjani,0.0,53.678
2019-06-15,Ujjani,0.0,53.678
2019-06-16,Ujjani,0.0,53.678
2019-06-17,Ujjani,0.0,53.678
2019-06-18,Ujjani,0.0,53.678
2019-06-19,Ujjani,0.0,53.678
2019-06-20,Ujjani,0.0,53.678
2019-06-21,Ujjani,0.0,53.678
2019-06-22,Ujjani,0.0,53.678
2019-06-23,Ujjani,0.0,53.678
2019-06-24,Ujjani,0.0,53.678
2019-06-25,Ujjani,0.0,53.678
2019-06-26,Ujjani,0.0,53.678
2019-06-27,Ujjani,0.0,53.678
2019-06-28,Ujjani,0.0,53.678
2019-06-29,Ujjani,0.0,53.678
2019-06-30,Ujjani,0.0,53.678
2019-07-01,Ujjani,0.0,53.678
2019-07-02,Ujjani,0.0,53.678
2019-07-03,Ujjani,0.0,53.678
2019-07-04,Ujjani,0.0,53.678
2019-07-05,Ujjani,0.0,53.678
2019-07-06,Ujjani,0.0,53.678
2019-07-07,Ujjani,0.0,53.678
2019-07-08,Ujjani,0.0,53.678
2019-07-09,Ujjani,0.0,53.678
2019-07-10,Ujjani,0.0,53.678
2019-07-11,Ujjani,0.0,53.678
2019-07-12,Ujjani,0.0,53.678
2019-07-13,Ujjani,0.0,53.678
2019-07-14,Ujjani,0.0,53.678
2019-07-15,Ujjani,0.0,53.678
2019-07-16,Ujjani,0.0,53.678
2019-07-17,Ujjani,0.0,53.678
2019-07-18,Ujjani,0.0,53.678
2019-07-19,Ujjani,0.0,53.678
2019-07-20,Ujjani,0.0,53.678
2019-07-21,Ujjani,0.0,53.678
2019-07-22,Ujjani,0.0,53.678
2019-07-23,Ujjani,0.0,53.678
2019-07-24,Ujjani,0.0,53.678
2019-07-25,Ujjani,0.0,53.678
2019-07-26,Ujjani,0.0,53.678
2019-07-27,Ujjani,0.0,53.678
2019-07-28,Ujjani,0.0,53.678
2019-07-29,Ujjani,0.0,53.678
2019-07-30,Ujjani,0.0,53.678
2019-07-31,Ujjani,0.0,53.678
2019-08-01,Ujjani,0.0,53.678
2019-08-02,Ujjani,0.0,53.678
2019-08-03,Ujjani,0.0,53.678
2019-08-04,Ujjani,0.0,53.678
2019-08-05,Ujjani,0.0,53.678
2019-08-06,Ujjani,0.0,53.678
2019-08-07,Ujjani,0.0,53.678
2019-08-08,Ujjani,1693.971,53.678
2019-08-09,Ujjani,5048.115,53.678
2019-08-10,Ujjani,6136.088,53.678
2019-08-11,Ujjani,5878.944,53.678
2019-08-12,Ujjani,5910.477,53.678
2019-08-13,Ujjani,5390.722,53.678
2019-08-14,Ujjani,2726.775,53.678
2019-08-15,Ujjani,4026.17,53.678
2019-08-16,Ujjani,2304.81,53.678
2019-08-17,Ujjani,1475.367,53.678
2019-08-18,Ujjani,689.054,53.678
2019-08-19,Ujjani,188.274,53.678
2019-08-20,Ujjani,183.088,53.678
2019-08-21,Ujjani,334.234,53.678
2019-08-22,Ujjani,485.064,53.678
2019-08-23,Ujjani,468.416,53.678
2019-08-24,Ujjani,271.417,53.678
2019-08-25,Ujjani,349.305,53.678
2019-08-26,Ujjani,221.854,53.678
2019-08-27,Ujjani,156.429,53.678
2019-08-28,Ujjani,133.617,53.678
2019-08-29,Ujjani,124.962,53.678
2019-08-30,Ujjani,92.539,53.678
2019-08-31,Ujjani,92.754,53.678
2019-09-01,Ujjani,75.348,53.678
2019-09-02,Ujjani,79.61,53.678
2019-09-03,Ujjani,56.727,53.678
2019-09-04,Ujjani,43.083,53.678
2019-09-05,Ujjani,65.786,53.678
2019-09-06,Ujjani,106.296,53.678
2019-09-07,Ujjani,92.988,53.678
2019-09-08,Ujjani,73.26,53.678
2019-09-09,Ujjani,442.413,53.678
2019-09-10,Ujjani,1619.08,53.678
2019-09-11,Ujjani,1668.05,53.678
2019-09-12,Ujjani,1683.315,53.678
2019-09-13,Ujjani,1868.57,53.678
2019-09-14,Ujjani,1683.315,53.678
2019-09-15,Ujjani,1496.625,53.678
2019-09-16,Ujjani,878.627,53.678
2019-09-17,Ujjani,790.631,53.678
2019-09-18,Ujjani,1679.47,53.678
2019-09-19,Ujjani,1406.527,53.678
2019-09-20,Ujjani,851.098,53.678
2019-09-21,Ujjani,766.991,53.678
2019-09-22,Ujjani,740.287,53.678
2019-09-23,Ujjani,715.612,53.678
2019-09-24,Ujjani,899.78,53.678
2019-09-25,Ujjani,599.578,53.678
2019-09-26,Ujjani,593.032,53.678
2019-09-27,Ujjani,654.772,53.678
2019-09-28,Ujjani,1434.69,53.678
2019-09-29,Ujjani,2519.322,53.678
2019-09-30,Ujjani,2710.578,53.678
2019-10-01,Ujjani,1561.277,53.678
2019-10-02,Ujjani,855.194,53.678
2019-10-03,Ujjani,675.206,53.678
2019-10-04,Ujjani,433.484,53.678
2019-10-05,Ujjani,524.469,53.678
2019-10-06,Ujjani,481.047,53.678
2019-10-07,Ujjani,486.649,53.678
2019-10-08,Ujjani,227.402,53.678
2019-10-09,Ujjani,343.872,53.678
2019-10-10,Ujjani,476.335,53.678
2019-10-11,Ujjani,607.737,53.678
2019-10-12,Ujjani,666.425,53.678
2019-10-13,Ujjani,627.572,53.678
2019-10-14,Ujjani,676.519,53.678
2019-10-15,Ujjani,872.623,53.678
2019-10-16,Ujjani,673.97,53.678
2019-10-17,Ujjani,626.246,53.678
2019-10-18,Ujjani,439.182,53.678
2019-10-19,Ujjani,410.715,53.678
2019-10-20,Ujjani,318.553,53.678
2019-10-21,Ujjani,335.098,53.678
2019-10-22,Ujjani,1037.067,53.678
2019-10-23,Ujjani,1550.421,53.678
2019-10-24,Ujjani,2578.208,53.678
2019-10-25,Ujjani,2075.916,53.678
2019-10-26,Ujjani,3029.577,53.678
2019-10-27,Ujjani,3362.217,53.678
2019-10-28,Ujjani,1934.328,53.678
2019-10-29,Ujjani,1555.198,53.678
2019-10-30,Ujjani,1063.274,53.678
2019-10-31,Ujjani,945.319,53.678
2019-11-01,Ujjani,740.789,53.678
2019-11-02,Ujjani,990.539,53.678
2019-11-03,Ujjani,1117.581,53.678
2019-11-04,Ujjani,928.997,53.678
2019-11-05,Ujjani,915.143,53.678
2019-11-06,Ujjani,931.859,53.678
2019-11-07,Ujjani,818.332,53.678
2019-11-08,Ujjani,886.895,53.678
2019-11-09,Ujjani,955.458,53.678
2019-11-10,Ujjani,820.546,53.678
2019-11-11,Ujjani,774.372,53.678
2019-11-12,Ujjani,551.902,53.678
2019-11-13,Ujjani,662.089,53.678
2019-11-14,Ujjani,512.045,53.678
2019-11-15,Ujjani,393.837,53.678
2019-11-16,Ujjani,489.557,53.678
2019-11-17,Ujjani,444.892,53.678
2019-11-18,Ujjani,398.604,53.678
2019-11-19,Ujjani,384.577,53.678
2019-11-20,Ujjani,173.161,53.678
2019-11-21,Ujjani,186.584,53.678
2019-11-22,Ujjani,76.03,53.678
2019-11-23,Ujjani,51.075,53.678
2019-11-24,Ujjani,123.193,53.678
2019-11-25,Ujjani,44.434,53.678
2019-11-26,Ujjani,116.068,53.678
2019-11-27,Ujjani,103.259,53.678
2019-11-28,Ujjani,109.426,53.678
2019-11-29,Ujjani,71.478,53.678
2019-11-30,Ujjani,0.0,53.678
2019-12-01,Ujjani,0.0,53.678
2019-12-02,Ujjani,0.0,53.678
2019-12-03,Ujjani,0.0,53.678
2019-12-04,Ujjani,0.0,53.678
2019-12-05,Ujjani,0.0,53.678
2019-12-06,Ujjani,0.0,53.678
2019-12-07,Ujjani,0.0,53.678
2019-12-08,Ujjani,0.0,53.678
2019-12-09,Ujjani,0.0,53.678
2019-12-10,Ujjani,0.0,53.678
2019-12-11,Ujjani,0.0,53.678
2019-12-12,Ujjani,0.0,53.678
2019-12-13,Ujjani,0.0,53.678
2019-12-14,Ujjani,0.0,53.678
2019-12-15,Ujjani,0.0,53.678
2019-12-16,Ujjani,0.0,53.678
2019-12-17,Ujjani,0.0,53.678
2019-12-18,Ujjani,0.0,53.678
2019-12-19,Ujjani,0.0,53.678
2019-12-20,Ujjani,0.0,53.678
2019-12-21,Ujjani,0.0,53.678
2019-12-22,Ujjani,0.0,53.678
2019-12-23,Ujjani,0.0,53.678
2019-12-24,Ujjani,0.0,53.678
2019-12-25,Ujjani,0.0,53.678
2019-12-26,Ujjani,0.0,53.678
2019-12-27,Ujjani,0.0,53.678
2019-12-28,Ujjani,0.0,53.678
2019-12-29,Ujjani,0.0,53.678
2019-12-30,Ujjani,0.0,53.678
2019-12-31,Ujjani,0.0,53.678
2020-01-01,Ujjani,0.0,53.678
2020-01-02,Ujjani,0.0,53.678
2020-01-03,Ujjani,0.0,53.678
2020-01-04,Ujjani,0.0,53.678
2020-01-05,Ujjani,0.0,53.678
2020-01-06,Ujjani,0.0,53.678
2020-01-07,Ujjani,0.0,53.678
2020-01-08,Ujjani,0.0,53.678
2020-01-09,Ujjani,0.0,53.678
2020-01-10,Ujjani,0.0,53.678
2020-01-11,Ujjani,0.0,53.678
2020-01-12,Ujjani,0.0,53.678
2020-01-13,Ujjani,0.0,53.678
2020-01-14,Ujjani,0.0,53.678
2020-01-15,Ujjani,0.0,53.678
2020-01-16,Ujjani,0.0,53.678
2020-01-17,Ujjani,0.0,53.678
2020-01-18,Ujjani,0.0,53.678
2020-01-19,Ujjani,0.0,53.678
2020-01-20,Ujjani,0.0,53.678
2020-01-21,Ujjani,0.0,53.678
2020-01-22,Ujjani,0.0,53.678
2020-01-23,Ujjani,0.0,53.678
2020-01-24,Ujjani,0.0,53.678
2020-01-25,Ujjani,0.0,53.678
2020-01-26,Ujjani,0.0,53.678
2020-01-27,Ujjani,0.0,53.678
2020-01-28,Ujjani,0.0,53.678
2020-01-29,Ujjani,0.0,53.678
2020-01-30,Ujjani,0.0,53.678
2020-01-31,Ujjani,0.0,53.678
2020-02-01,Ujjani,0.0,53.678
2020-02-02,Ujjani,0.0,53.678
2020-02-03,Ujjani,0.0,53.678
2020-02-04,Ujjani,0.0,53.678
2020-02-05,Ujjani,0.0,53.678
2020-02-06,Ujjani,0.0,53.678
2020-02-07,Ujjani,0.0,53.678
2020-02-08,Ujjani,0.0,53.678
2020-02-09,Ujjani,0.0,53.678
2020-02-10,Ujjani,0.0,53.678
2020-02-11,Ujjani,0.0,53.678
2020-02-12,Ujjani,0.0,53.678
2020-02-13,Ujjani,0.0,53.678
2020-02-14,Ujjani,0.0,53.678
2020-02-15,Ujjani,0.0,53.678
2020-02-16,Ujjani,0.0,53.678
2020-02-17,Ujjani,0.0,53.678
2020-02-18,Ujjani,0.0,53.678
2020-02-19,Ujjani,0.0,53.678
2020-02-20,Ujjani,0.0,53.678
2020-02-21,Ujjani,0.0,53.678
2020-02-22,Ujjani,0.0,53.678
2020-02-23,Ujjani,0.0,53.678
2020-02-24,Ujjani,0.0,53.678
2020-02-25,Ujjani,0.0,53.678
2020-02-26,Ujjani,0.0,53.678
2020-02-27,Ujjani,0.0,53.678
2020-02-28,Ujjani,0.0,53.678
2020-02-29,Ujjani,0.0,53.678
2020-03-01,Ujjani,0.0,53.678
2020-03-02,Ujjani,0.0,53.678
2020-03-03,Ujjani,0.0,53.678
2020-03-04,Ujjani,0.0,53.678
2020-03-05,Ujjani,0.0,53.678
2020-03-06,Ujjani,0.0,53.678
2020-03-07,Ujjani,0.0,53.678
2020-03-08,Ujjani,0.0,53.678
2020-03-09,Ujjani,0.0,53.678
2020-03-10,Ujjani,0.0,53.678
2020-03-11,Ujjani,0.0,53.678
2020-03-12,Ujjani,0.0,53.678
2020-03-13,Ujjani,0.0,53.678
2020-03-14,Ujjani,0.0,53.678
2020-03-15,Ujjani,0.0,53.678
2020-03-16,Ujjani,0.0,53.678
2020-03-17,Ujjani,0.0,53.678
2020-03-18,Ujjani,0.0,53.678
2020-03-19,Ujjani,0.0,53.678
2020-03-20,Ujjani,0.0,53.678
2020-03-21,Ujjani,0.0,53.678
2020-03-22,Ujjani,0.0,53.678
2020-03-23,Ujjani,0.0,53.678
2020-03-24,Ujjani,0.0,53.678
2020-03-25,Ujjani,0.0,53.678
2020-03-26,Ujjani,0.0,53.678
2020-03-27,Ujjani,0.0,53.678
2020-03-28,Ujjani,0.0,53.678
2020-03-29,Ujjani,0.0,53.678
2020-03-30,Ujjani,0.0,53.678
2020-03-31,Ujjani,0.0,53.678
2020-04-01,Ujjani,0.0,53.678
2020-04-02,Ujjani,0.0,53.678
2020-04-03,Ujjani,0.0,53.678
2020-04-04,Ujjani,0.0,53.678
2020-04-05,Ujjani,0.0,53.678
2020-04-06,Ujjani,0.0,53.678
2020-04-07,Ujjani,0.0,53.678
2020-04-08,Ujjani,0.0,53.678
2020-04-09,Ujjani,0.0,53.678
2020-04-10,Ujjani,0.0,53.678
2020-04-11,Ujjani,0.0,53.678
2020-04-12,Ujjani,0.0,53.678
2020-04-13,Ujjani,0.0,53.678
2020-04-14,Ujjani,0.0,53.678
2020-04-15,Ujjani,0.0,53.678
2020-04-16,Ujjani,0.0,53.678
2020-04-17,Ujjani,0.0,53.678
2020-04-18,Ujjani,0.0,53.678
2020-04-19,Ujjani,0.0,53.678
2020-04-20,Ujjani,0.0,53.678
2020-04-21,Ujjani,0.0,53.678
2020-04-22,Ujjani,0.0,53.678
2020-04-23,Ujjani,0.0,53.678
2020-04-24,Ujjani,0.0,53.678
2020-04-25,Ujjani,0.0,53.678
2020-04-26,Ujjani,0.0,53.678
2020-04-27,Ujjani,0.0,53.678
2020-04-28,Ujjani,0.0,53.678
2020-04-29,Ujjani,0.0,53.678
2020-04-30,Ujjani,0.0,53.678
2020-05-01,Ujjani,0.0,53.678
2020-05-02,Ujjani,0.0,53.678
2020-05-03,Ujjani,0.0,53.678
2020-05-04,Ujjani,0.0,53.678
2020-05-05,Ujjani,0.0,53.678
2020-05-06,Ujjani,0.0,53.678
2020-05-07,Ujjani,0.0,53.678
2020-05-08,Ujjani,0.0,53.678
2020-05-09,Ujjani,0.0,53.678
2020-05-10,Ujjani,0.0,53.678
2020-05-11,Ujjani,0.0,53.678
2020-05-12,Ujjani,0.0,53.678
2020-05-13,Ujjani,0.0,53.678
2020-05-14,Ujjani,0.0,53.678
2020-05-15,Ujjani,0.0,53.678
2020-05-16,Ujjani,0.0,53.678
2020-05-17,Ujjani,0.0,53.678
2020-05-18,Ujjani,0.0,53.678
2020-05-19,Ujjani,0.0,53.678
2020-05-20,Ujjani,0.0,53.678
2020-05-21,Ujjani,0.0,53.678
2020-05-22,Ujjani,0.0,53.678
2020-05-23,Ujjani,0.0,53.678
2020-05-24,Ujjani,0.0,53.678
2020-05-25,Ujjani,0.0,53.678
2020-05-26,Ujjani,0.0,53.678
2020-05-27,Ujjani,0.0,53.678
2020-05-28,Ujjani,0.0,53.678
2020-05-29,Ujjani,0.0,53.678
2020-05-30,Ujjani,0.0,53.678
2020-05-31,Ujjani,0.0,53.678
2020-06-01,Ujjani,0.0,53.678
2020-06-02,Ujjani,0.0,53.678
2020-06-03,Ujjani,0.0,53.678
2020-06-04,Ujjani,0.0,53.678
2020-06-05,Ujjani,0.0,53.678
2020-06-06,Ujjani,0.0,53.678
2020-06-07,Ujjani,0.0,53.678
2020-06-08,Ujjani,0.0,53.678
2020-06-09,Ujjani,0.0,53.678
2020-06-10,Ujjani,0.0,53.678
2020-06-11,Ujjani,0.0,53.678
2020-06-12,Ujjani,0.0,53.678
2020-06-13,Ujjani,0.0,53.678
2020-06-14,Ujjani,0.0,53.678
2020-06-15,Ujjani,0.0,53.678
2020-06-16,Ujjani,0.0,53.678
2020-06-17,Ujjani,0.0,53.678
2020-06-18,Ujjani,0.0,53.678
2020-06-19,Ujjani,0.0,53.678
2020-06-20,Ujjani,0.0,53.678
2020-06-21,Ujjani,0.0,53.678
2020-06-22,Ujjani,0.0,53.678
2020-06-23,Ujjani,0.0,53.678
2020-06-24,Ujjani,0.0,53.678
2020-06-25,Ujjani,0.0,53.678
2020-06-26,Ujjani,0.0,53.678
2020-06-27,Ujjani,0.0,53.678
2020-06-28,Ujjani,0.0,53.678
2020-06-29,Ujjani,0.0,53.678
2020-06-30,Ujjani,0.0,53.678
2020-07-01,Ujjani,0.0,53.678
2020-07-02,Ujjani,0.0,53.678
2020-07-03,Ujjani,0.0,53.678
2020-07-04,Ujjani,0.0,53.678
2020-07-05,Ujjani,150.063,53.678
2020-07-06,Ujjani,146.484,53.678
2020-07-07,Ujjani,141.413,53.678
2020-07-08,Ujjani,62.999,53.678
2020-07-09,Ujjani,0.0,53.678
2020-07-10,Ujjani,56.067,53.678
2020-07-11,Ujjani,153.296,53.678
2020-07-12,Ujjani,193.813,53.678
2020-07-13,Ujjani,154.391,53.678
2020-07-14,Ujjani,467.951,53.678
2020-07-15,Ujjani,482.439,53.678
2020-07-16,Ujjani,1317.291,53.678
2020-07-17,Ujjani,1363.427,53.678
2020-07-18,Ujjani,1339.567,53.678
2020-07-19,Ujjani,421.813,53.678
2020-07-20,Ujjani,668.527,53.678
2020-07-21,Ujjani,606.509,53.678
2020-07-22,Ujjani,736.173,53.678
2020-07-23,Ujjani,683.575,53.678
2020-07-24,Ujjani,569.366,53.678
2020-07-25,Ujjani,902.916,53.678
2020-07-26,Ujjani,1117.377,53.678
2020-07-27,Ujjani,680.452,53.678
2020-07-28,Ujjani,449.645,53.678
2020-07-29,Ujjani,320.614,53.678
2020-07-30,Ujjani,800.848,53.678
2020-07-31,Ujjani,998.008,53.678
2020-08-01,Ujjani,677.758,53.678
2020-08-02,Ujjani,585.034,53.678
2020-08-03,Ujjani,520.801,53.678
2020-08-04,Ujjani,607.538,53.678
2020-08-05,Ujjani,704.538,53.678
2020-08-06,Ujjani,588.41,53.678
2020-08-07,Ujjani,466.737,53.678
2020-08-08,Ujjani,364.675,53.678
2020-08-09,Ujjani,322.153,53.678
2020-08-10,Ujjani,217.995,53.678
2020-08-11,Ujjani,450.196,53.678
2020-08-12,Ujjani,261.085,53.678
2020-08-13,Ujjani,353.991,53.678
2020-08-14,Ujjani,399.743,53.678
2020-08-15,Ujjani,322.153,53.678
2020-08-16,Ujjani,640.007,53.678
2020-08-17,Ujjani,612.415,53.678
2020-08-18,Ujjani,1346.8,53.678
2020-08-19,Ujjani,1327.42,53.678
2020-08-20,Ujjani,1356.54,53.678
2020-08-21,Ujjani,1341.94,53.678
2020-08-22,Ujjani,1317.1,53.678
2020-08-23,Ujjani,1164.535,53.678
2020-08-24,Ujjani,832.79,53.678
2020-08-25,Ujjani,846.825,53.678
2020-08-26,Ujjani,838.664,53.678
2020-08-27,Ujjani,853.746,53.678
2020-08-28,Ujjani,689.057,53.678
2020-08-29,Ujjani,656.609,53.678
2020-08-30,Ujjani,642.797,53.678
2020-08-31,Ujjani,641.295,53.678
2020-09-01,Ujjani,548.234,53.678
2020-09-02,Ujjani,454.481,53.678
2020-09-03,Ujjani,486.751,53.678
2020-09-04,Ujjani,643.336,53.678
2020-09-05,Ujjani,472.086,53.678
2020-09-06,Ujjani,360.711,53.678
2020-09-07,Ujjani,368.579,53.678
2020-09-08,Ujjani,222.042,53.678
2020-09-09,Ujjani,376.101,53.678
2020-09-10,Ujjani,1325.277,53.678
2020-09-11,Ujjani,1381.33,53.678
2020-09-12,Ujjani,1337.1,53.678
2020-09-13,Ujjani,1269.402,53.678
2020-09-14,Ujjani,1381.33,53.678
2020-09-15,Ujjani,1391.32,53.678
2020-09-16,Ujjani,4007.75,53.678
2020-09-17,Ujjani,3728.0,53.678
2020-09-18,Ujjani,4717.0,53.678
2020-09-19,Ujjani,5824.0,53.678
2020-09-20,Ujjani,3132.724,53.678
2020-09-21,Ujjani,4814.0,53.678
2020-09-22,Ujjani,5900.0,53.678
2020-09-23,Ujjani,3504.0,53.678
2020-09-24,Ujjani,1742.0,53.678
2020-09-25,Ujjani,1562.0,53.678
2020-09-26,Ujjani,2264.0,53.678
2020-09-27,Ujjani,6468.816,53.678
2020-09-28,Ujjani,4916.0,53.678
2020-09-29,Ujjani,1920.0,53.678
2020-09-30,Ujjani,1396.0,53.678
2020-10-01,Ujjani,842.572,53.678
2020-10-02,Ujjani,1025.445,53.678
2020-10-03,Ujjani,1327.0,53.678
2020-10-04,Ujjani,1032.984,53.678
2020-10-05,Ujjani,881.991,53.678
2020-10-06,Ujjani,652.631,53.678
2020-10-07,Ujjani,632.499,53.678
2020-10-08,Ujjani,587.89,53.678
2020-10-09,Ujjani,302.323,53.678
2020-10-10,Ujjani,492.614,53.678
2020-10-11,Ujjani,421.813,53.678
2020-10-12,Ujjani,901.401,53.678
2020-10-13,Ujjani,2017.0,53.678
2020-10-14,Ujjani,2525.149,53.678
2020-10-15,Ujjani,11025.715,53.678
2020-10-16,Ujjani,12353.32,53.678
2020-10-17,Ujjani,8924.792,53.678
2020-10-18,Ujjani,9060.047,53.678
2020-10-19,Ujjani,10347.789,53.678
2020-10-20,Ujjani,11263.452,53.678
2020-10-21,Ujjani,10347.789,53.678
2020-10-22,Ujjani,5393.249,53.678
2020-10-23,Ujjani,3740.845,53.678
2020-10-24,Ujjani,2278.455,53.678
2020-10-25,Ujjani,1623.675,53.678
2020-10-26,Ujjani,1584.907,53.678
2020-10-27,Ujjani,1563.744,53.678
2020-10-28,Ujjani,2045.306,53.678
2020-10-29,Ujjani,1753.621,53.678
2020-10-30,Ujjani,1437.81,53.678
2020-10-31,Ujjani,911.61,53.678
2020-11-01,Ujjani,1228.635,53.678
2020-11-02,Ujjani,1032.984,53.678
2020-11-03,Ujjani,803.014,53.678
2020-11-04,Ujjani,677.758,53.678
2020-11-05,Ujjani,615.325,53.678
2020-11-06,Ujjani,520.589,53.678
2020-11-07,Ujjani,627.618,53.678
2020-11-08,Ujjani,532.08,53.678
2020-11-09,Ujjani,520.589,53.678
2020-11-10,Ujjani,432.371,53.678
2020-11-11,Ujjani,370.625,53.678
2020-11-12,Ujjani,346.045,53.678
2020-11-13,Ujjani,308.152,53.678
2020-11-14,Ujjani,280.911,53.678
2020-11-15,Ujjani,233.659,53.678
2020-11-16,Ujjani,197.661,53.678
2020-11-17,Ujjani,254.7,53.678
2020-11-18,Ujjani,213.359,53.678
2020-11-19,Ujjani,205.449,53.678
2020-11-20,Ujjani,205.449,53.678
2020-11-21,Ujjani,175.034,53.678
2020-11-22,Ujjani,157.039,53.678
2020-11-23,Ujjani,143.217,53.678
2020-11-24,Ujjani,93.235,53.678
2020-11-25,Ujjani,1.656,53.678
2020-11-26,Ujjani,0.0,53.678
2020-11-27,Ujjani,0.0,53.678
2020-11-28,Ujjani,0.0,53.678
2020-11-29,Ujjani,0.0,53.678
2020-11-30,Ujjani,0.0,53.678
2020-12-01,Ujjani,0.0,53.678
2020-12-02,Ujjani,93.235,53.678
2020-12-03,Ujjani,96.102,53.678
2020-12-04,Ujjani,33.657,53.678
2020-12-05,Ujjani,24.772,53.678
2020-12-06,Ujjani,0.702,53.678
2020-12-07,Ujjani,0.0,53.678
2020-12-08,Ujjani,0.0,53.678
2020-12-09,Ujjani,0.0,53.678
2020-12-10,Ujjani,43.612,53.678
2020-12-11,Ujjani,139.842,53.678
2020-12-12,Ujjani,139.842,53.678
2020-12-13,Ujjani,54.587,53.678
2020-12-14,Ujjani,17.024,53.678
2020-12-15,Ujjani,0.0,53.678
2020-12-16,Ujjani,0.0,53.678
2020-12-17,Ujjani,0.0,53.678
2020-12-18,Ujjani,0.0,53.678
2020-12-19,Ujjani,0.0,53.678
2020-12-20,Ujjani,0.0,53.678
2020-12-21,Ujjani,0.0,53.678
2020-12-22,Ujjani,0.0,53.678
2020-12-23,Ujjani,93.235,53.678
2020-12-24,Ujjani,123.463,53.678
2020-12-25,Ujjani,66.539,53.678
2020-12-26,Ujjani,0.0,53.678
2020-12-27,Ujjani,0.0,53.678
2020-12-28,Ujjani,0.0,53.678
2020-12-29,Ujjani,0.0,53.678
2020-12-30,Ujjani,0.0,53.678
2020-12-31,Ujjani,0.0,53.678
2021-01-01,Ujjani,0.0,53.678
2021-01-02,Ujjani,0.0,53.678
2021-01-03,Ujjani,0.0,53.678
2021-01-04,Ujjani,0.0,53.678
2021-01-05,Ujjani,1.656,53.678
2021-01-06,Ujjani,76.78,53.678
2021-01-07,Ujjani,24.772,53.678
2021-01-08,Ujjani,24.772,53.678
2021-01-09,Ujjani,79.432,53.678
2021-01-10,Ujjani,79.432,53.678
2021-01-11,Ujjani,76.78,53.678
2021-01-12,Ujjani,5.309,53.678
2021-01-13,Ujjani,0.0,53.678
2021-01-14,Ujjani,0.0,53.678
2021-01-15,Ujjani,0.0,53.678
2021-01-16,Ujjani,0.0,53.678
2021-01-17,Ujjani,0.0,53.678
2021-01-18,Ujjani,0.0,53.678
2021-01-19,Ujjani,0.0,53.678
2021-01-20,Ujjani,0.0,53.678
2021-01-21,Ujjani,0.0,53.678
2021-01-22,Ujjani,0.0,53.678
2021-01-23,Ujjani,52.313,53.678
2021-01-24,Ujjani,76.78,53.678
2021-01-25,Ujjani,84.846,53.678
2021-01-26,Ujjani,66.539,53.678
2021-01-27,Ujjani,54.587,53.678
2021-01-28,Ujjani,0.0,53.678
2021-01-29,Ujjani,0.0,53.678
2021-01-30,Ujjani,0.0,53.678
2021-01-31,Ujjani,0.0,53.678
2021-02-01,Ujjani,90.0,53.678
2021-02-02,Ujjani,100.0,53.678
2021-02-03,Ujjani,0.0,53.678
2021-02-04,Ujjani,0.0,53.678
2021-02-05,Ujjani,0.0,53.678
2021-02-06,Ujjani,0.0,53.678
2021-02-07,Ujjani,0.0,53.678
2021-02-08,Ujjani,0.0,53.678
2021-02-09,Ujjani,0.0,53.678
2021-02-10,Ujjani,0.0,53.678
2021-02-11,Ujjani,0.0,53.678
2021-02-12,Ujjani,0.0,53.678
2021-02-13,Ujjani,0.0,53.678
2021-02-14,Ujjani,0.0,53.678
2021-02-15,Ujjani,0.0,53.678
2021-02-16,Ujjani,0.0,53.678
2021-02-17,Ujjani,0.0,53.678
2021-02-18,Ujjani,0.0,53.678
2021-02-19,Ujjani,0.0,53.678
2021-02-20,Ujjani,0.0,53.678
2021-02-21,Ujjani,0.0,53.678
2021-02-22,Ujjani,0.0,53.678
2021-02-23,Ujjani,17.024,53.678
2021-02-24,Ujjani,31.792,53.678
2021-02-25,Ujjani,10.496,53.678
2021-02-26,Ujjani,0.0,53.678
2021-02-27,Ujjani,0.0,53.678
2021-02-28,Ujjani,0.0,53.678
2021-03-01,Ujjani,0.0,53.678
2021-03-02,Ujjani,0.0,53.678
2021-03-03,Ujjani,0.0,53.678
2021-03-04,Ujjani,0.0,53.678
2021-03-05,Ujjani,0.0,53.678
2021-03-06,Ujjani,0.0,53.678
2021-03-07,Ujjani,0.0,53.678
2021-03-08,Ujjani,0.0,53.678
2021-03-09,Ujjani,0.0,53.678
2021-03-10,Ujjani,0.0,53.678
2021-03-11,Ujjani,0.0,53.678
2021-03-12,Ujjani,0.0,53.678
2021-03-13,Ujjani,0.0,53.678
2021-03-14,Ujjani,0.0,53.678
2021-03-15,Ujjani,0.0,53.678
2021-03-16,Ujjani,0.0,53.678
2021-03-17,Ujjani,0.0,53.678
2021-03-18,Ujjani,0.0,53.678
2021-03-19,Ujjani,0.0,53.678
2021-03-20,Ujjani,0.0,53.678
2021-03-21,Ujjani,0.0,53.678
2021-03-22,Ujjani,0.0,53.678
2021-03-23,Ujjani,0.0,53.678
2021-03-24,Ujjani,0.0,53.678
2021-03-25,Ujjani,0.0,53.678
2021-03-26,Ujjani,0.0,53.678
2021-03-27,Ujjani,0.0,53.678
2021-03-28,Ujjani,0.0,53.678
2021-03-29,Ujjani,0.0,53.678
2021-03-30,Ujjani,0.0,53.678
2021-03-31,Ujjani,0.0,53.678
2021-04-01,Ujjani,0.0,53.678
2021-04-02,Ujjani,0.0,53.678
2021-04-03,Ujjani,0.0,53.678
2021-04-04,Ujjani,0.0,53.678
2021-04-05,Ujjani,0.0,53.678
2021-04-06,Ujjani,0.0,53.678
2021-04-07,Ujjani,0.0,53.678
2021-04-08,Ujjani,0.0,53.678
2021-04-09,Ujjani,0.0,53.678
2021-04-10,Ujjani,0.0,53.678
2021-04-11,Ujjani,0.0,53.678
2021-04-12,Ujjani,0.0,53.678
2021-04-13,Ujjani,0.0,53.678
2021-04-14,Ujjani,0.0,53.678
2021-04-15,Ujjani,0.0,53.678
2021-04-16,Ujjani,0.0,53.678
2021-04-17,Ujjani,0.0,53.678
2021-04-18,Ujjani,0.0,53.678
2021-04-19,Ujjani,0.0,53.678
2021-04-20,Ujjani,0.0,53.678
2021-04-21,Ujjani,0.0,53.678
2021-04-22,Ujjani,0.0,53.678
2021-04-23,Ujjani,0.0,53.678
2021-04-24,Ujjani,0.0,53.678
2021-04-25,Ujjani,0.0,53.678
2021-04-26,Ujjani,0.0,53.678
2021-04-27,Ujjani,0.0,53.678
2021-04-28,Ujjani,0.0,53.678
2021-04-29,Ujjani,0.0,53.678
2021-04-30,Ujjani,0.0,53.678
2021-05-01,Ujjani,0.0,53.678
2021-05-02,Ujjani,0.0,53.678
2021-05-03,Ujjani,0.0,53.678
2021-05-04,Ujjani,0.0,53.678
2021-05-05,Ujjani,0.0,53.678
2021-05-06,Ujjani,0.0,53.678
2021-05-07,Ujjani,0.0,53.678
2021-05-08,Ujjani,0.0,53.678
2021-05-09,Ujjani,0.0,53.678
2021-05-10,Ujjani,0.0,53.678
2021-05-11,Ujjani,0.0,53.678
2021-05-12,Ujjani,0.0,53.678
2021-05-13,Ujjani,0.0,53.678
2021-05-14,Ujjani,0.0,53.678
2021-05-15,Ujjani,0.0,53.678
2021-05-16,Ujjani,0.0,53.678
2021-05-17,Ujjani,0.0,53.678
2021-05-18,Ujjani,0.0,53.678
2021-05-19,Ujjani,0.0,53.678
2021-05-20,Ujjani,0.0,53.678
2021-05-21,Ujjani,0.0,53.678
2021-05-22,Ujjani,0.0,53.678
2021-05-23,Ujjani,0.0,53.678
2021-05-24,Ujjani,0.0,53.678
2021-05-25,Ujjani,0.0,53.678
2021-05-26,Ujjani,0.0,53.678
2021-05-27,Ujjani,0.0,53.678
2021-05-28,Ujjani,0.0,53.678
2021-05-29,Ujjani,0.0,53.678
2021-05-30,Ujjani,0.0,53.678
2021-05-31,Ujjani,0.0,53.678
2021-06-01,Ujjani,0.0,53.678
2021-06-02,Ujjani,0.0,53.678
2021-06-03,Ujjani,0.0,53.678
2021-06-04,Ujjani,0.0,53.678
2021-06-05,Ujjani,0.0,53.678
2021-06-06,Ujjani,97.969,53.678
2021-06-07,Ujjani,232.298,53.678
2021-06-08,Ujjani,369.99,53.678
2021-06-09,Ujjani,467.3,53.678
2021-06-10,Ujjani,106.5,53.678
2021-06-11,Ujjani,33.78,53.678
2021-06-12,Ujjani,43.24,53.678
2021-06-13,Ujjani,59.883,53.678
2021-06-14,Ujjani,124.44,53.678
2021-06-15,Ujjani,350.5,53.678
2021-06-16,Ujjani,263.21,53.678
2021-06-17,Ujjani,207.32,53.678
2021-06-18,Ujjani,255.75,53.678
2021-06-19,Ujjani,83.66,53.678
2021-06-20,Ujjani,166.384,53.678
2021-06-21,Ujjani,167.33,53.678
2021-06-22,Ujjani,239.61,53.678
2021-06-23,Ujjani,24.63,53.678
2021-06-24,Ujjani,12.31,53.678
2021-06-25,Ujjani,6.37,53.678
2021-06-26,Ujjani,53.52,53.678
2021-06-27,Ujjani,111.402,53.678
2021-06-28,Ujjani,207.32,53.678
2021-06-29,Ujjani,109.18,53.678
2021-06-30,Ujjani,83.66,53.678
2021-07-01,Ujjani,27.402,53.678
2021-07-02,Ujjani,7.147,53.678
2021-07-03,Ujjani,5.247,53.678
2021-07-04,Ujjani,6.558,53.678
2021-07-05,Ujjani,54.351,53.678
2021-07-06,Ujjani,42.608,53.678
2021-07-07,Ujjani,51.401,53.678
2021-07-08,Ujjani,23.039,53.678
2021-07-09,Ujjani,7.147,53.678
2021-07-10,Ujjani,3.95,53.678
2021-07-11,Ujjani,4.362,53.678
2021-07-12,Ujjani,111.24,53.678
2021-07-13,Ujjani,82.697,53.678
2021-07-14,Ujjani,156.947,53.678
2021-07-15,Ujjani,355.295,53.678
2021-07-16,Ujjani,198.438,53.678
2021-07-17,Ujjani,466.729,53.678
2021-07-18,Ujjani,675.895,53.678
2021-07-19,Ujjani,744.486,53.678
2021-07-20,Ujjani,1017.575,53.678
2021-07-21,Ujjani,454.725,53.678
2021-07-22,Ujjani,476.447,53.678
2021-07-23,Ujjani,663.872,53.678
2021-07-24,Ujjani,582.486,53.678
2021-07-25,Ujjani,661.398,53.678
2021-07-26,Ujjani,340.572,53.678
2021-07-27,Ujjani,340.572,53.678
2021-07-28,Ujjani,283.521,53.678
2021-07-29,Ujjani,216.626,53.678
2021-07-30,Ujjani,340.572,53.678
2021-07-31,Ujjani,340.572,53.678
2021-08-01,Ujjani,329.19,53.678
2021-08-02,Ujjani,341.2,53.678
2021-08-03,Ujjani,337.7,53.678
2021-08-04,Ujjani,238.8,53.678
2021-08-05,Ujjani,194.4,53.678
2021-08-06,Ujjani,263.6,53.678
2021-08-07,Ujjani,175.0,53.678
2021-08-08,Ujjani,129.935,53.678
2021-08-09,Ujjani,138.2,53.678
2021-08-10,Ujjani,125.4,53.678
2021-08-11,Ujjani,105.1,53.678
2021-08-12,Ujjani,91.78,53.678
2021-08-13,Ujjani,90.01,53.678
2021-08-14,Ujjani,95.56,53.678
2021-08-15,Ujjani,75.301,53.678
2021-08-16,Ujjani,81.09,53.678
2021-08-17,Ujjani,86.23,53.678
2021-08-18,Ujjani,46.08,53.678
2021-08-19,Ujjani,14.76,53.678
2021-08-20,Ujjani,396.859,53.678
2021-08-21,Ujjani,209.6,53.678
2021-08-22,Ujjani,204.622,53.678
2021-08-23,Ujjani,177.3,53.678
2021-08-24,Ujjani,151.5,53.678
2021-08-25,Ujjani,136.1,53.678
2021-08-26,Ujjani,107.1,53.678
2021-08-27,Ujjani,125.4,53.678
2021-08-28,Ujjani,153.8,53.678
2021-08-29,Ujjani,159.209,53.678
2021-08-30,Ujjani,209.6,53.678
2021-08-31,Ujjani,464.4,53.678
2021-09-01,Ujjani,906.8,53.678
2021-09-02,Ujjani,626.0,53.678
2021-09-03,Ujjani,460.8,53.678
2021-09-04,Ujjani,212.2,53.678
2021-09-05,Ujjani,454.725,53.678
2021-09-06,Ujjani,3048.1,53.678
2021-09-07,Ujjani,2670.0,53.678
2021-09-08,Ujjani,2358.0,53.678
2021-09-09,Ujjani,1691.0,53.678
2021-09-10,Ujjani,845.674,53.678
2021-09-11,Ujjani,563.8,53.678
2021-09-12,Ujjani,396.859,53.678
2021-09-13,Ujjani,475.0,53.678
2021-09-14,Ujjani,429.8,53.678
2021-09-15,Ujjani,366.4,53.678
2021-09-16,Ujjani,453.8,53.678
2021-09-17,Ujjani,475.0,53.678
2021-09-18,Ujjani,429.8,53.678
2021-09-19,Ujjani,577.707,53.678
2021-09-20,Ujjani,426.5,53.678
2021-09-21,Ujjani,460.8,53.678
2021-09-22,Ujjani,590.7,53.678
2021-09-23,Ujjani,614.0,53.678
2021-09-24,Ujjani,1010.0,53.678
2021-09-25,Ujjani,1416.0,53.678
2021-09-26,Ujjani,1370.019,53.678
2021-09-27,Ujjani,1901.0,53.678
2021-09-28,Ujjani,1416.0,53.678
2021-09-29,Ujjani,4255.0,53.678
2021-09-30,Ujjani,2670.0,53.678
2021-10-01,Ujjani,1773.0,53.678
2021-10-02,Ujjani,1637.382,53.678
2021-10-03,Ujjani,1953.081,53.678
2021-10-04,Ujjani,1028.0,53.678
2021-10-05,Ujjani,1132.0,53.678
2021-10-06,Ujjani,1028.0,53.678
2021-10-07,Ujjani,1271.0,53.678
2021-10-08,Ujjani,1255.0,53.678
2021-10-09,Ujjani,1356.0,53.678
2021-10-10,Ujjani,1729.184,53.678
2021-10-11,Ujjani,1271.0,53.678
2021-10-12,Ujjani,1705.0,53.678
2021-10-13,Ujjani,1843.0,53.678
2021-10-14,Ujjani,1773.0,53.678
2021-10-15,Ujjani,1511.595,53.678
2021-10-16,Ujjani,877.0,53.678
2021-10-17,Ujjani,346.387,53.678
2021-10-18,Ujjani,341.2,53.678
2021-10-19,Ujjani,520.767,53.678
2021-10-20,Ujjani,426.5,53.678
2021-10-21,Ujjani,440.0,53.678
2021-10-22,Ujjani,457.3,53.678
2021-10-23,Ujjani,446.8,53.678
2021-10-24,Ujjani,342.913,53.678
2021-10-25,Ujjani,192.1,53.678
2021-10-26,Ujjani,121.34,53.678
2021-10-27,Ujjani,151.5,53.678
2021-10-28,Ujjani,119.4,53.678
2021-10-29,Ujjani,101.3,53.678
2021-10-30,Ujjani,61.0,53.678
2021-10-31,Ujjani,80.269,53.678
2021-11-01,Ujjani,101.3,53.678
2021-11-02,Ujjani,95.56,53.678
2021-11-03,Ujjani,99.42,53.678
2021-11-04,Ujjani,92.475,53.678
2021-11-05,Ujjani,99.42,53.678
2021-11-06,Ujjani,99.42,53.678
2021-11-07,Ujjani,92.475,53.678
2021-11-08,Ujjani,99.42,53.678
2021-11-09,Ujjani,0.0,53.678
2021-11-10,Ujjani,0.0,53.678
2021-11-11,Ujjani,0.0,53.678
2021-11-12,Ujjani,0.0,53.678
2021-11-13,Ujjani,0.0,53.678
2021-11-14,Ujjani,0.0,53.678
2021-11-15,Ujjani,0.0,53.678
2021-11-16,Ujjani,0.0,53.678
2021-11-17,Ujjani,0.0,53.678
2021-11-18,Ujjani,0.0,53.678
2021-11-19,Ujjani,0.0,53.678
2021-11-20,Ujjani,0.0,53.678
2021-11-21,Ujjani,0.0,53.678
2021-11-22,Ujjani,0.0,53.678
2021-11-23,Ujjani,0.0,53.678
2021-11-24,Ujjani,0.0,53.678
2021-11-25,Ujjani,0.0,53.678
2021-11-26,Ujjani,0.0,53.678
2021-11-27,Ujjani,0.0,53.678
2021-11-28,Ujjani,0.0,53.678
2021-11-29,Ujjani,0.0,53.678
2021-11-30,Ujjani,0.0,53.678
2021-12-01,Ujjani,0.0,53.678
2021-12-02,Ujjani,0.0,53.678
2021-12-03,Ujjani,0.0,53.678
2021-12-04,Ujjani,0.0,53.678
2021-12-05,Ujjani,0.0,53.678
2021-12-06,Ujjani,0.0,53.678
2021-12-07,Ujjani,0.0,53.678
2021-12-08,Ujjani,0.0,53.678
2021-12-09,Ujjani,0.0,53.678
2021-12-10,Ujjani,0.0,53.678
2021-12-11,Ujjani,0.0,53.678
2021-12-12,Ujjani,0.0,53.678
2021-12-13,Ujjani,0.0,53.678
2021-12-14,Ujjani,0.0,53.678
2021-12-15,Ujjani,0.0,53.678
2021-12-16,Ujjani,0.0,53.678
2021-12-17,Ujjani,0.0,53.678
2021-12-18,Ujjani,0.0,53.678
2021-12-19,Ujjani,0.0,53.678
2021-12-20,Ujjani,0.0,53.678
2021-12-21,Ujjani,0.0,53.678
2021-12-22,Ujjani,0.0,53.678
2021-12-23,Ujjani,0.0,53.678
2021-12-24,Ujjani,0.0,53.678
2021-12-25,Ujjani,0.0,53.678
2021-12-26,Ujjani,0.0,53.678
2021-12-27,Ujjani,0.0,53.678
2021-12-28,Ujjani,0.0,53.678
2021-12-29,Ujjani,0.0,53.678
2021-12-30,Ujjani,0.0,53.678
2021-12-31,Ujjani,0.0,53.678
2022-01-01,Ujjani,0.0,53.678
2022-01-02,Ujjani,0.0,50.676
2022-01-03,Ujjani,0.0,47.675
2022-01-04,Ujjani,0.0,37.169
2022-01-05,Ujjani,0.0,26.662
2022-01-06,Ujjani,0.0,16.156
2022-01-07,Ujjani,0.0,5.65
2022-01-08,Ujjani,0.0,15.256
2022-01-09,Ujjani,0.0,24.861
2022-01-10,Ujjani,0.0,34.467
2022-01-11,Ujjani,0.0,44.072
2022-01-12,Ujjani,0.0,53.678
2022-01-13,Ujjani,0.0,53.678
2022-01-14,Ujjani,0.0,53.678
2022-01-15,Ujjani,0.0,53.678
2022-01-16,Ujjani,0.0,53.678
2022-01-17,Ujjani,0.0,53.678
2022-01-18,Ujjani,0.0,53.678
2022-01-19,Ujjani,0.0,53.678
2022-01-20,Ujjani,0.0,53.678
2022-01-21,Ujjani,0.0,53.678
2022-01-22,Ujjani,0.0,53.678
2022-01-23,Ujjani,0.0,53.678
2022-01-24,Ujjani,0.0,53.678
2022-01-25,Ujjani,0.0,53.678
2022-01-26,Ujjani,0.0,53.678
2022-01-27,Ujjani,0.0,53.678
2022-01-28,Ujjani,0.0,53.678
2022-01-29,Ujjani,0.0,53.678
2022-01-30,Ujjani,0.0,53.678
2022-01-31,Ujjani,0.0,53.678
2022-02-01,Ujjani,0.0,53.678
2022-02-02,Ujjani,0.0,50.676
2022-02-03,Ujjani,0.0,47.675
2022-02-04,Ujjani,0.0,37.169
2022-02-05,Ujjani,0.0,26.662
2022-02-06,Ujjani,0.0,16.156
2022-02-07,Ujjani,0.0,5.65
2022-02-08,Ujjani,0.0,5.745
2022-02-09,Ujjani,0.0,5.84
2022-02-10,Ujjani,0.0,5.935
2022-02-11,Ujjani,0.0,6.03
2022-02-12,Ujjani,0.0,6.125
2022-02-13,Ujjani,0.0,6.22
2022-02-14,Ujjani,0.0,6.315
2022-02-15,Ujjani,0.0,9.473
2022-02-16,Ujjani,0.0,12.63
2022-02-17,Ujjani,0.0,15.788
2022-02-18,Ujjani,0.0,18.945
2022-02-19,Ujjani,0.0,22.103
2022-02-20,Ujjani,0.0,25.26
2022-02-21,Ujjani,0.0,28.418
2022-02-22,Ujjani,0.0,31.575
2022-02-23,Ujjani,0.0,34.733
2022-02-24,Ujjani,0.0,37.891
2022-02-25,Ujjani,0.0,41.048
2022-02-26,Ujjani,0.0,44.206
2022-02-27,Ujjani,0.0,47.363
2022-02-28,Ujjani,0.0,50.521
2022-03-01,Ujjani,0.0,53.678
2022-03-02,Ujjani,0.0,53.678
2022-03-03,Ujjani,0.0,47.322
2022-03-04,Ujjani,0.0,36.992
2022-03-05,Ujjani,0.0,26.662
2022-03-06,Ujjani,0.0,16.333
2022-03-07,Ujjani,0.0,6.003
2022-03-08,Ujjani,0.0,6.529
2022-03-09,Ujjani,0.0,7.055
2022-03-10,Ujjani,0.0,7.581
2022-03-11,Ujjani,0.0,8.107
2022-03-12,Ujjani,0.0,8.632
2022-03-13,Ujjani,0.0,9.158
2022-03-14,Ujjani,0.0,9.684
2022-03-15,Ujjani,0.0,10.21
2022-03-16,Ujjani,0.0,10.736
2022-03-17,Ujjani,0.0,13.42
2022-03-18,Ujjani,0.0,16.103
2022-03-19,Ujjani,0.0,18.787
2022-03-20,Ujjani,0.0,21.471
2022-03-21,Ujjani,0.0,24.155
2022-03-22,Ujjani,0.0,26.839
2022-03-23,Ujjani,0.0,29.523
2022-03-24,Ujjani,0.0,32.207
2022-03-25,Ujjani,0.0,34.891
2022-03-26,Ujjani,0.0,37.575
2022-03-27,Ujjani,0.0,40.259
2022-03-28,Ujjani,0.0,42.943
2022-03-29,Ujjani,0.0,45.627
2022-03-30,Ujjani,0.0,48.31
2022-03-31,Ujjani,0.0,50.994
2022-04-01,Ujjani,0.0,53.678
2022-04-02,Ujjani,0.0,53.678
2022-04-03,Ujjani,0.0,46.969
2022-04-04,Ujjani,0.0,36.728
2022-04-05,Ujjani,0.0,26.486
2022-04-06,Ujjani,0.0,16.245
2022-04-07,Ujjani,0.0,6.003
2022-04-08,Ujjani,0.0,5.953
2022-04-09,Ujjani,0.0,5.902
2022-04-10,Ujjani,0.0,5.852
2022-04-11,Ujjani,0.0,5.801
2022-04-12,Ujjani,0.0,5.751
2022-04-13,Ujjani,0.0,5.7
2022-04-14,Ujjani,0.0,5.65
2022-04-15,Ujjani,0.0,8.476
2022-04-16,Ujjani,0.0,11.301
2022-04-17,Ujjani,0.0,14.126
2022-04-18,Ujjani,0.0,16.951
2022-04-19,Ujjani,0.0,19.776
2022-04-20,Ujjani,0.0,22.601
2022-04-21,Ujjani,0.0,25.427
2022-04-22,Ujjani,0.0,28.252
2022-04-23,Ujjani,0.0,31.077
2022-04-24,Ujjani,0.0,33.902
2022-04-25,Ujjani,0.0,36.727
2022-04-26,Ujjani,0.0,39.552
2022-04-27,Ujjani,0.0,42.378
2022-04-28,Ujjani,0.0,45.203
2022-04-29,Ujjani,0.0,48.028
2022-04-30,Ujjani,0.0,50.853
2022-05-01,Ujjani,0.0,53.678
2022-05-02,Ujjani,0.0,53.678
2022-05-03,Ujjani,0.0,46.615
2022-05-04,Ujjani,0.0,36.55
2022-05-05,Ujjani,0.0,26.486
2022-05-06,Ujjani,0.0,16.422
2022-05-07,Ujjani,0.0,6.357
2022-05-08,Ujjani,0.0,6.216
2022-05-09,Ujjani,0.0,6.074
2022-05-10,Ujjani,0.0,5.933
2022-05-11,Ujjani,0.0,5.792
2022-05-12,Ujjani,0.0,5.651
2022-05-13,Ujjani,0.0,5.509
2022-05-14,Ujjani,0.0,5.368
2022-05-15,Ujjani,0.0,8.052
2022-05-16,Ujjani,0.0,10.736
2022-05-17,Ujjani,0.0,13.42
2022-05-18,Ujjani,0.0,16.103
2022-05-19,Ujjani,0.0,18.787
2022-05-20,Ujjani,0.0,21.471
2022-05-21,Ujjani,0.0,24.155
2022-05-22,Ujjani,0.0,26.839
2022-05-23,Ujjani,0.0,29.523
2022-05-24,Ujjani,0.0,32.207
2022-05-25,Ujjani,0.0,34.891
2022-05-26,Ujjani,0.0,37.575
2022-05-27,Ujjani,0.0,40.259
2022-05-28,Ujjani,0.0,42.943
2022-05-29,Ujjani,0.0,45.627
2022-05-30,Ujjani,0.0,48.31
2022-05-31,Ujjani,0.0,50.994
2022-06-01,Ujjani,0.0,53.678
2022-06-02,Ujjani,0.0,53.678
2022-06-03,Ujjani,0.0,45.909
2022-06-04,Ujjani,0.0,36.021
2022-06-05,Ujjani,0.0,26.133
2022-06-06,Ujjani,0.0,16.245
2022-06-07,Ujjani,0.0,6.357
2022-06-08,Ujjani,0.0,6.622
2022-06-09,Ujjani,0.0,6.887
2022-06-10,Ujjani,0.0,7.152
2022-06-11,Ujjani,0.0,7.417
2022-06-12,Ujjani,0.0,7.681
2022-06-13,Ujjani,0.0,7.946
2022-06-14,Ujjani,0.0,8.211
2022-06-15,Ujjani,0.0,8.476
2022-06-16,Ujjani,0.0,11.301
2022-06-17,Ujjani,0.0,14.126
2022-06-18,Ujjani,0.0,16.951
2022-06-19,Ujjani,0.0,19.776
2022-06-20,Ujjani,0.0,22.601
2022-06-21,Ujjani,0.0,25.427
2022-06-22,Ujjani,0.0,28.252
2022-06-23,Ujjani,0.0,31.077
2022-06-24,Ujjani,0.0,33.902
2022-06-25,Ujjani,0.0,36.727
2022-06-26,Ujjani,0.0,39.552
2022-06-27,Ujjani,0.0,42.378
2022-06-28,Ujjani,0.0,45.203
2022-06-29,Ujjani,0.0,48.028
2022-06-30,Ujjani,0.0,50.853
2022-07-01,Ujjani,0.0,53.678
2022-07-02,Ujjani,0.0,53.678
2022-07-03,Ujjani,0.0,45.203
2022-07-04,Ujjani,0.0,35.58
2022-07-05,Ujjani,131.506,25.957
2022-07-06,Ujjani,285.943,16.333
2022-07-07,Ujjani,269.2,6.71
2022-07-08,Ujjani,257.866,6.878
2022-07-09,Ujjani,235.546,7.046
2022-07-10,Ujjani,224.0,7.213
2022-07-11,Ujjani,334.6,7.381
2022-07-12,Ujjani,496.2,7.549
2022-07-13,Ujjani,421.6,7.716
2022-07-14,Ujjani,277.9,7.884
2022-07-15,Ujjani,519.4,8.052
2022-07-16,Ujjani,428.2,10.736
2022-07-17,Ujjani,230.0,13.42
2022-07-18,Ujjani,379.6,16.103
2022-07-19,Ujjani,428.2,18.787
2022-07-20,Ujjani,366.2,21.471
2022-07-21,Ujjani,419.1,24.155
2022-07-22,Ujjani,559.0,26.839
2022-07-23,Ujjani,587.0,29.523
2022-07-24,Ujjani,510.0,32.207
2022-07-25,Ujjani,587.0,34.891
2022-07-26,Ujjani,625.6,37.575
2022-07-27,Ujjani,625.6,40.259
2022-07-28,Ujjani,724.0,42.943
2022-07-29,Ujjani,405.6,45.627
2022-07-30,Ujjani,529.7,48.31
2022-07-31,Ujjani,1090.0,50.994
2022-08-01,Ujjani,749.0,53.678
2022-08-02,Ujjani,768.8,53.678
2022-08-03,Ujjani,948.3,53.678
2022-08-04,Ujjani,1400.0,53.577
2022-08-05,Ujjani,1415.0,53.476
2022-08-06,Ujjani,1531.0,53.375
2022-08-07,Ujjani,1060.0,53.275
2022-08-08,Ujjani,1034.0,53.174
2022-08-09,Ujjani,1335.0,53.073
2022-08-10,Ujjani,1532.0,52.972
2022-08-11,Ujjani,1415.0,53.325
2022-08-12,Ujjani,1034.0,53.678
2022-08-13,Ujjani,768.8,53.678
2022-08-14,Ujjani,1230.0,53.678
2022-08-15,Ujjani,1840.0,53.678
2022-08-16,Ujjani,2390.0,53.678
2022-08-17,Ujjani,2902.0,53.678
2022-08-18,Ujjani,3118.0,53.678
2022-08-19,Ujjani,2779.0,53.678
2022-08-20,Ujjani,248.0,53.678
2022-08-21,Ujjani,2310.0,53.678
2022-08-22,Ujjani,1767.0,53.678
2022-08-23,Ujjani,1415.0,53.678
2022-08-24,Ujjani,1181.0,53.678
2022-08-25,Ujjani,1152.0,53.678
2022-08-26,Ujjani,1113.0,53.678
2022-08-27,Ujjani,1415.0,53.678
2022-08-28,Ujjani,1790.0,53.678
2022-08-29,Ujjani,1531.0,53.678
2022-08-30,Ujjani,1429.0,53.678
2022-08-31,Ujjani,750.0,53.678
2022-09-01,Ujjani,559.0,53.678
2022-09-02,Ujjani,587.0,53.678
2022-09-03,Ujjani,540.5,43.79
2022-09-04,Ujjani,625.0,34.52
2022-09-05,Ujjani,405.6,25.25
2022-09-06,Ujjani,625.6,15.98
2022-09-07,Ujjani,973.4,6.71
2022-09-08,Ujjani,1113.0,16.104
2022-09-09,Ujjani,1966.0,25.497
2022-09-10,Ujjani,2902.0,34.891
2022-09-11,Ujjani,3310.0,44.284
2022-09-12,Ujjani,4213.0,53.678
2022-09-13,Ujjani,3692.0,53.678
2022-09-14,Ujjani,2876.0,53.678
2022-09-15,Ujjani,2277.0,53.678
2022-09-16,Ujjani,2390.0,53.678
2022-09-17,Ujjani,1840.0,53.678
2022-09-18,Ujjani,1520.0,53.678
2022-09-19,Ujjani,2012.0,53.678
2022-09-20,Ujjani,3306.0,53.678
2022-09-21,Ujjani,3794.0,53.678
2022-09-22,Ujjani,3799.0,53.678
2022-09-23,Ujjani,1840.0,53.678
2022-09-24,Ujjani,1350.0,53.678
2022-09-25,Ujjani,965.0,53.678
2022-09-26,Ujjani,750.9,53.678
2022-09-27,Ujjani,653.5,53.678
2022-09-28,Ujjani,583.5,53.678
2022-09-29,Ujjani,653.5,53.678
2022-09-30,Ujjani,1350.0,53.678
2022-10-01,Ujjani,1245.0,53.678
2022-10-02,Ujjani,1100.0,53.678
2022-10-03,Ujjani,1193.0,43.084
2022-10-04,Ujjani,1007.0,33.637
2022-10-05,Ujjani,830.0,24.19
2022-10-06,Ujjani,712.4,14.744
2022-10-07,Ujjani,948.3,5.297
2022-10-08,Ujjani,1429.0,5.901
2022-10-09,Ujjani,1050.0,6.506
2022-10-10,Ujjani,1429.0,7.11
2022-10-11,Ujjani,1767.0,7.714
2022-10-12,Ujjani,1350.0,8.319
2022-10-13,Ujjani,1113.0,8.923
2022-10-14,Ujjani,1452.0,9.527
2022-10-15,Ujjani,2779.0,10.132
2022-10-16,Ujjani,2680.0,10.736
2022-10-17,Ujjani,3373.0,13.42
2022-10-18,Ujjani,2754.0,16.103
2022-10-19,Ujjani,2779.0,18.787
2022-10-20,Ujjani,2390.0,21.471
2022-10-21,Ujjani,3306.0,24.155
2022-10-22,Ujjani,4881.0,26.839
2022-10-23,Ujjani,3970.0,29.523
2022-10-24,Ujjani,3100.0,32.207
2022-10-25,Ujjani,2902.0,34.891
2022-10-26,Ujjani,2390.0,37.575
2022-10-27,Ujjani,1370.0,40.259
2022-10-28,Ujjani,948.3,42.943
2022-10-29,Ujjani,914.3,45.627
2022-10-30,Ujjani,1050.0,48.31
2022-10-31,Ujjani,768.8,50.994
2022-11-01,Ujjani,750.09,53.678
2022-11-02,Ujjani,724.0,53.678
2022-11-03,Ujjani,687.0,53.678
2022-11-04,Ujjani,653.5,53.678
2022-11-05,Ujjani,625.6,53.678
2022-11-06,Ujjani,580.0,53.678
2022-11-07,Ujjani,496.2,53.678
2022-11-08,Ujjani,480.0,53.678
2022-11-09,Ujjani,250.0,53.678
2022-11-10,Ujjani,496.2,53.678
2022-11-11,Ujjani,379.6,53.678
2022-11-12,Ujjani,340.0,45.203
2022-11-13,Ujjani,340.0,36.727
2022-11-14,Ujjani,334.6,28.252
2022-11-15,Ujjani,230.79,19.776
2022-11-16,Ujjani,0.0,11.301
2022-11-17,Ujjani,0.0,14.126
2022-11-18,Ujjani,0.0,16.951
2022-11-19,Ujjani,0.0,19.776
2022-11-20,Ujjani,0.0,22.601
2022-11-21,Ujjani,0.0,25.427
2022-11-22,Ujjani,0.0,28.252
2022-11-23,Ujjani,0.0,31.077
2022-11-24,Ujjani,0.0,33.902
2022-11-25,Ujjani,0.0,36.727
2022-11-26,Ujjani,0.0,39.552
2022-11-27,Ujjani,0.0,42.378
2022-11-28,Ujjani,0.0,45.203
2022-11-29,Ujjani,0.0,48.028
2022-11-30,Ujjani,0.0,50.853
2022-12-01,Ujjani,0.0,53.678
2022-12-02,Ujjani,0.0,53.678
2022-12-03,Ujjani,0.0,53.678
2022-12-04,Ujjani,0.0,53.662
2022-12-05,Ujjani,0.0,53.645
2022-12-06,Ujjani,0.0,53.629
2022-12-07,Ujjani,0.0,53.613
2022-12-08,Ujjani,0.0,53.597
2022-12-09,Ujjani,0.0,53.58
2022-12-10,Ujjani,0.0,53.564
2022-12-11,Ujjani,0.0,53.548
2022-12-12,Ujjani,0.0,53.531
2022-12-13,Ujjani,0.0,53.385
2022-12-14,Ujjani,0.0,53.238
2022-12-15,Ujjani,0.0,53.092
2022-12-16,Ujjani,0.0,52.945
2022-12-17,Ujjani,0.0,52.798
2022-12-18,Ujjani,0.0,52.652
2022-12-19,Ujjani,0.0,52.505
2022-12-20,Ujjani,0.0,52.359
2022-12-21,Ujjani,0.0,52.212
2022-12-22,Ujjani,0.0,52.066
2022-12-23,Ujjani,0.0,51.919
2022-12-24,Ujjani,0.0,51.772
2022-12-25,Ujjani,0.0,51.626
2022-12-26,Ujjani,0.0,51.479
2022-12-27,Ujjani,0.0,51.333
2022-12-28,Ujjani,0.0,51.186
2022-12-29,Ujjani,0.0,51.039
2022-12-30,Ujjani,0.0,50.893
2022-12-31,Ujjani,0.0,50.746
2023-01-01,Ujjani,0.0,50.6
2023-01-02,Ujjani,0.0,50.453
2023-01-03,Ujjani,0.0,50.307
2023-01-04,Ujjani,0.0,50.16
2023-01-05,Ujjani,0.0,50.013
2023-01-06,Ujjani,0.0,49.867
2023-01-07,Ujjani,0.0,49.72
2023-01-08,Ujjani,0.0,49.574
2023-01-09,Ujjani,0.0,49.427
2023-01-10,Ujjani,0.0,49.28
2023-01-11,Ujjani,0.0,49.134
2023-01-12,Ujjani,0.0,48.987
2023-01-13,Ujjani,0.0,48.841
2023-01-14,Ujjani,0.0,48.694
2023-01-15,Ujjani,0.0,48.548
2023-01-16,Ujjani,0.0,48.401
2023-01-17,Ujjani,0.0,48.254
2023-01-18,Ujjani,0.0,48.108
2023-01-19,Ujjani,0.0,47.961
2023-01-20,Ujjani,0.0,47.815
2023-01-21,Ujjani,0.0,47.668
2023-01-22,Ujjani,0.0,47.521
2023-01-23,Ujjani,0.0,47.375
2023-01-24,Ujjani,0.0,47.228
2023-01-25,Ujjani,0.0,47.082
2023-01-26,Ujjani,0.0,46.935
2023-01-27,Ujjani,0.0,46.789
2023-01-28,Ujjani,0.0,46.642
2023-01-29,Ujjani,0.0,46.495
2023-01-30,Ujjani,0.0,46.349
2023-01-31,Ujjani,0.0,46.202
2023-02-01,Ujjani,0.0,46.056
2023-02-02,Ujjani,0.0,45.909
2023-02-03,Ujjani,0.0,36.374
2023-02-04,Ujjani,0.0,35.491
2023-02-05,Ujjani,0.0,34.608
2023-02-06,Ujjani,0.0,33.725
2023-02-07,Ujjani,0.0,32.842
2023-02-08,Ujjani,0.0,31.96
2023-02-09,Ujjani,0.0,31.077
2023-02-10,Ujjani,0.0,30.194
2023-02-11,Ujjani,0.0,29.311
2023-02-12,Ujjani,0.0,28.043
2023-02-13,Ujjani,0.0,26.775
2023-02-14,Ujjani,0.0,25.507
2023-02-15,Ujjani,0.0,24.239
2023-02-16,Ujjani,0.0,22.971
2023-02-17,Ujjani,0.0,21.702
2023-02-18,Ujjani,0.0,20.434
2023-02-19,Ujjani,0.0,19.166
2023-02-20,Ujjani,0.0,17.898
2023-02-21,Ujjani,0.0,16.63
2023-02-22,Ujjani,0.0,15.362
2023-02-23,Ujjani,0.0,14.094
2023-02-24,Ujjani,0.0,12.826
2023-02-25,Ujjani,0.0,11.558
2023-02-26,Ujjani,0.0,10.29
2023-02-27,Ujjani,0.0,9.022
2023-02-28,Ujjani,0.0,7.753
2023-03-01,Ujjani,0.0,6.485
2023-03-02,Ujjani,0.0,5.217
2023-03-03,Ujjani,0.0,3.949
2023-03-04,Ujjani,0.0,2.681
2023-03-05,Ujjani,0.0,1.413
2023-03-06,Ujjani,0.0,1.531
2023-03-07,Ujjani,0.0,1.648
2023-03-08,Ujjani,0.0,1.766
2023-03-09,Ujjani,0.0,1.728
2023-03-10,Ujjani,0.0,1.69
2023-03-11,Ujjani,0.0,1.652
2023-03-12,Ujjani,0.0,1.615
2023-03-13,Ujjani,0.0,1.577
2023-03-14,Ujjani,0.0,1.539
2023-03-15,Ujjani,0.0,1.501
2023-03-16,Ujjani,0.0,1.463
2023-03-17,Ujjani,0.0,1.425
2023-03-18,Ujjani,0.0,1.387
2023-03-19,Ujjani,0.0,1.35
2023-03-20,Ujjani,0.0,1.312
2023-03-21,Ujjani,0.0,1.274
2023-03-22,Ujjani,0.0,1.236
2023-03-23,Ujjani,0.0,1.198
2023-03-24,Ujjani,0.0,1.16
2023-03-25,Ujjani,0.0,1.122
2023-03-26,Ujjani,0.0,1.085
2023-03-27,Ujjani,0.0,1.047
2023-03-28,Ujjani,0.0,1.009
2023-03-29,Ujjani,0.0,0.971
2023-03-30,Ujjani,0.0,0.933
2023-03-31,Ujjani,0.0,0.895
2023-04-01,Ujjani,0.0,0.857
2023-04-02,Ujjani,0.0,0.82
2023-04-03,Ujjani,0.0,0.782
2023-04-04,Ujjani,0.0,0.744
2023-04-05,Ujjani,0.0,0.706
2023-04-06,Ujjani,0.0,0.971
2023-04-07,Ujjani,0.0,1.236
2023-04-08,Ujjani,0.0,1.501
2023-04-09,Ujjani,0.0,1.766
2023-04-10,Ujjani,0.0,2.03
2023-04-11,Ujjani,0.0,2.295
2023-04-12,Ujjani,0.0,2.56
2023-04-13,Ujjani,0.0,2.825
2023-04-14,Ujjani,0.0,5.65
2023-04-15,Ujjani,0.0,8.476
2023-04-16,Ujjani,0.0,11.301
2023-04-17,Ujjani,0.0,14.126
2023-04-18,Ujjani,0.0,16.951
2023-04-19,Ujjani,0.0,19.776
2023-04-20,Ujjani,0.0,22.601
2023-04-21,Ujjani,0.0,25.427
2023-04-22,Ujjani,0.0,28.252
2023-04-23,Ujjani,0.0,31.077
2023-04-24,Ujjani,0.0,33.902
2023-04-25,Ujjani,0.0,36.727
2023-04-26,Ujjani,0.0,39.552
2023-04-27,Ujjani,0.0,42.378
2023-04-28,Ujjani,0.0,45.203
2023-04-29,Ujjani,0.0,48.028
2023-04-30,Ujjani,0.0,50.853
2023-05-01,Ujjani,0.0,53.678
2023-05-02,Ujjani,0.0,50.971
2023-05-03,Ujjani,0.0,48.263
2023-05-04,Ujjani,0.0,45.556
2023-05-05,Ujjani,0.0,42.848
2023-05-06,Ujjani,0.0,40.141
2023-05-07,Ujjani,0.0,37.433
2023-05-08,Ujjani,0.0,34.726
2023-05-09,Ujjani,0.0,32.018
2023-05-10,Ujjani,0.0,29.311
2023-05-11,Ujjani,0.0,28.661
2023-05-12,Ujjani,0.0,28.011
2023-05-13,Ujjani,0.0,27.362
2023-05-14,Ujjani,0.0,26.712
2023-05-15,Ujjani,0.0,26.062
2023-05-16,Ujjani,0.0,25.412
2023-05-17,Ujjani,0.0,24.762
2023-05-18,Ujjani,0.0,24.113
2023-05-19,Ujjani,0.0,23.463
2023-05-20,Ujjani,0.0,22.813
2023-05-21,Ujjani,0.0,22.163
2023-05-22,Ujjani,0.0,21.513
2023-05-23,Ujjani,0.0,20.864
2023-05-24,Ujjani,0.0,20.214
2023-05-25,Ujjani,0.0,19.564
2023-05-26,Ujjani,0.0,18.914
2023-05-27,Ujjani,0.0,18.264
2023-05-28,Ujjani,0.0,17.615
2023-05-29,Ujjani,0.0,16.965
2023-05-30,Ujjani,0.0,16.315
2023-05-31,Ujjani,0.0,15.665
2023-06-01,Ujjani,0.0,15.015
2023-06-02,Ujjani,0.0,14.366
2023-06-03,Ujjani,0.0,13.716
2023-06-04,Ujjani,0.0,13.066
2023-06-05,Ujjani,0.0,12.43
2023-06-06,Ujjani,0.0,11.795
2023-06-07,Ujjani,0.0,11.159
2023-06-08,Ujjani,0.0,10.524
2023-06-09,Ujjani,0.0,9.888
2023-06-10,Ujjani,0.0,10.016
2023-06-11,Ujjani,0.0,10.145
2023-06-12,Ujjani,0.0,10.273
2023-06-13,Ujjani,0.0,10.402
2023-06-14,Ujjani,0.0,10.53
2023-06-15,Ujjani,0.0,10.659
2023-06-16,Ujjani,0.0,10.787
2023-06-17,Ujjani,0.0,10.915
2023-06-18,Ujjani,0.0,11.044
2023-06-19,Ujjani,0.0,11.172
2023-06-20,Ujjani,0.0,11.301
2023-06-21,Ujjani,0.0,11.429
2023-06-22,Ujjani,0.0,11.558
2023-06-23,Ujjani,0.0,11.686
2023-06-24,Ujjani,0.0,11.814
2023-06-25,Ujjani,0.0,11.943
2023-06-26,Ujjani,0.0,12.071
2023-06-27,Ujjani,0.0,12.2
2023-06-28,Ujjani,0.0,12.328
2023-06-29,Ujjani,0.0,12.456
2023-06-30,Ujjani,0.0,12.585
2023-07-01,Ujjani,0.0,12.713
2023-07-02,Ujjani,0.0,12.842
2023-07-03,Ujjani,0.0,12.97
2023-07-04,Ujjani,0.0,13.099
2023-07-05,Ujjani,0.0,13.227
2023-07-06,Ujjani,0.0,13.355
2023-07-07,Ujjani,0.0,13.484
2023-07-08,Ujjani,0.0,13.612
2023-07-09,Ujjani,0.0,13.741
2023-07-10,Ujjani,0.0,13.869
2023-07-11,Ujjani,0.0,13.998
2023-07-12,Ujjani,0.0,14.126
2023-07-13,Ujjani,0.0,13.42
2023-07-14,Ujjani,0.0,12.713
2023-07-15,Ujjani,0.0,12.007
2023-07-16,Ujjani,0.0,11.301
2023-07-17,Ujjani,0.0,10.594
2023-07-18,Ujjani,0.0,9.888
2023-07-19,Ujjani,0.0,9.182
2023-07-20,Ujjani,0.0,8.476
2023-07-21,Ujjani,1184.0,7.769
2023-07-22,Ujjani,1587.0,7.063
2023-07-23,Ujjani,900.0,6.357
2023-07-24,Ujjani,215.1,5.65
2023-07-25,Ujjani,401.2,4.944
2023-07-26,Ujjani,1587.0,4.238
2023-07-27,Ujjani,899.6,3.531
2023-07-28,Ujjani,1746.0,2.825
2023-07-29,Ujjani,690.0,2.119
2023-07-30,Ujjani,490.0,1.413
2023-07-31,Ujjani,501.6,0.706
2023-08-01,Ujjani,524.2,1.947
2023-08-02,Ujjani,477.9,3.189
2023-08-03,Ujjani,480.1,4.43
2023-08-04,Ujjani,423.5,5.671
2023-08-05,Ujjani,433.7,6.913
2023-08-06,Ujjani,430.0,8.154
2023-08-07,Ujjani,425.5,9.396
2023-08-08,Ujjani,429.6,10.637
2023-08-09,Ujjani,419.4,11.878
2023-08-10,Ujjani,387.7,13.12
2023-08-11,Ujjani,286.1,14.361
2023-08-12,Ujjani,276.7,15.602
2023-08-13,Ujjani,270.0,16.844
2023-08-14,Ujjani,419.4,18.085
2023-08-15,Ujjani,350.0,19.326
2023-08-16,Ujjani,136.4,20.568
2023-08-17,Ujjani,64.85,21.809
2023-08-18,Ujjani,34.9,23.051
2023-08-19,Ujjani,0.0,24.292
2023-08-20,Ujjani,0.0,25.533
2023-08-21,Ujjani,300.7,26.775
2023-08-22,Ujjani,312.7,28.016
2023-08-23,Ujjani,448.9,29.257
2023-08-24,Ujjani,433.7,30.499
2023-08-25,Ujjani,223.5,31.74
2023-08-26,Ujjani,188.5,32.981
2023-08-27,Ujjani,170.0,34.223
2023-08-28,Ujjani,166.7,35.464
2023-08-29,Ujjani,162.4,36.706
2023-08-30,Ujjani,84.65,37.947
2023-08-31,Ujjani,0.0,39.188
2023-09-01,Ujjani,0.0,40.43
2023-09-02,Ujjani,0.0,41.671
2023-09-03,Ujjani,0.0,34.255
2023-09-04,Ujjani,453.2,33.372
2023-09-05,Ujjani,1352.0,32.489
2023-09-06,Ujjani,1213.0,31.606
2023-09-07,Ujjani,696.0,30.724
2023-09-08,Ujjani,469.2,29.841
2023-09-09,Ujjani,477.9,28.958
2023-09-10,Ujjani,400.0,28.075
2023-09-11,Ujjani,506.1,27.192
2023-09-12,Ujjani,553.0,26.433
2023-09-13,Ujjani,497.1,25.675
2023-09-14,Ujjani,475.7,24.916
2023-09-15,Ujjani,287.7,24.158
2023-09-16,Ujjani,453.2,23.399
2023-09-17,Ujjani,430.0,22.64
2023-09-18,Ujjani,387.7,21.882
2023-09-19,Ujjani,180.0,21.123
2023-09-20,Ujjani,119.8,20.365
2023-09-21,Ujjani,0.0,19.606
2023-09-22,Ujjani,0.0,18.847
2023-09-23,Ujjani,429.6,18.089
2023-09-24,Ujjani,910.0,17.33
2023-09-25,Ujjani,1098.0,16.572
2023-09-26,Ujjani,676.7,15.813
2023-09-27,Ujjani,553.0,15.055
2023-09-28,Ujjani,540.0,14.296
2023-09-29,Ujjani,355.0,13.537
2023-09-30,Ujjani,387.7,12.779
2023-10-01,Ujjani,410.0,12.02
2023-10-02,Ujjani,410.0,11.262
2023-10-03,Ujjani,453.2,10.503
2023-10-04,Ujjani,355.0,9.744
2023-10-05,Ujjani,387.7,8.986
2023-10-06,Ujjani,382.0,8.227
2023-10-07,Ujjani,387.7,7.469
2023-10-08,Ujjani,375.0,6.71
2023-10-09,Ujjani,286.1,6.602
2023-10-10,Ujjani,177.8,6.494
2023-10-11,Ujjani,64.85,6.386
2023-10-12,Ujjani,0.0,6.278
2023-10-13,Ujjani,0.0,6.17
2023-10-14,Ujjani,0.0,6.062
2023-10-15,Ujjani,0.0,5.955
2023-10-16,Ujjani,401.2,5.847
2023-10-17,Ujjani,369.2,5.739
2023-10-18,Ujjani,343.2,5.631
2023-10-19,Ujjani,188.5,5.523
2023-10-20,Ujjani,84.65,5.415
2023-10-21,Ujjani,0.0,5.307
2023-10-22,Ujjani,0.0,5.199
2023-10-23,Ujjani,0.0,5.091
2023-10-24,Ujjani,0.0,4.983
2023-10-25,Ujjani,0.0,4.875
2023-10-26,Ujjani,0.0,4.768
2023-10-27,Ujjani,0.0,4.66
2023-10-28,Ujjani,0.0,4.552
2023-10-29,Ujjani,0.0,4.444
2023-10-30,Ujjani,0.0,4.336
2023-10-31,Ujjani,0.0,4.228
2023-11-01,Ujjani,0.0,4.12
2023-11-02,Ujjani,0.0,4.012
2023-11-03,Ujjani,0.0,3.904
2023-11-04,Ujjani,0.0,3.796
2023-11-05,Ujjani,0.0,3.688
2023-11-06,Ujjani,0.0,3.58
2023-11-07,Ujjani,0.0,3.472
2023-11-08,Ujjani,0.0,3.365
2023-11-09,Ujjani,0.0,3.257
2023-11-10,Ujjani,0.0,3.149
2023-11-11,Ujjani,0.0,3.041
2023-11-12,Ujjani,0.0,2.933
2023-11-13,Ujjani,0.0,2.825
2023-11-14,Ujjani,0.0,5.65
2023-11-15,Ujjani,0.0,8.476
2023-11-16,Ujjani,0.0,11.301
2023-11-17,Ujjani,0.0,14.126
2023-11-18,Ujjani,0.0,16.951
2023-11-19,Ujjani,0.0,19.776
2023-11-20,Ujjani,0.0,22.601
2023-11-21,Ujjani,0.0,25.427
2023-11-22,Ujjani,0.0,28.252
2023-11-23,Ujjani,0.0,31.077
2023-11-24,Ujjani,0.0,33.902
2023-11-25,Ujjani,0.0,36.727
2023-11-26,Ujjani,0.0,39.552
2023-11-27,Ujjani,0.0,42.378
2023-11-28,Ujjani,0.0,45.203
2023-11-29,Ujjani,0.0,48.028
2023-11-30,Ujjani,0.0,50.853
2023-12-01,Ujjani,0.0,53.678
2023-12-02,Ujjani,0.0,51.324
2023-12-03,Ujjani,0.0,48.969
2023-12-04,Ujjani,0.0,46.615
2023-12-05,Ujjani,0.0,44.261
2023-12-06,Ujjani,0.0,41.906
2023-12-07,Ujjani,0.0,39.552
2023-12-08,Ujjani,0.0,37.198
2023-12-09,Ujjani,0.0,34.843
2023-12-10,Ujjani,0.0,32.489
2023-12-11,Ujjani,0.0,32.119
2023-12-12,Ujjani,0.0,31.749
2023-12-13,Ujjani,0.0,31.379
2023-12-14,Ujjani,0.0,31.008
2023-12-15,Ujjani,0.0,30.638
2023-12-16,Ujjani,0.0,30.268
2023-12-17,Ujjani,0.0,29.898
2023-12-18,Ujjani,0.0,29.528
2023-12-19,Ujjani,0.0,29.158
2023-12-20,Ujjani,0.0,28.788
2023-12-21,Ujjani,0.0,28.418
2023-12-22,Ujjani,0.0,28.047
2023-12-23,Ujjani,0.0,27.677
2023-12-24,Ujjani,0.0,27.307
2023-12-25,Ujjani,0.0,26.937
2023-12-26,Ujjani,0.0,26.567
2023-12-27,Ujjani,0.0,26.197
2023-12-28,Ujjani,0.0,25.827
2023-12-29,Ujjani,0.0,25.457
2023-12-30,Ujjani,0.0,25.086
2023-12-31,Ujjani,0.0,24.716
2024-01-01,Ujjani,0.0,24.346
2024-01-02,Ujjani,0.0,23.976
2024-01-03,Ujjani,0.0,23.606
2024-01-04,Ujjani,0.0,23.236
2024-01-05,Ujjani,0.0,22.866
2024-01-06,Ujjani,0.0,22.496
2024-01-07,Ujjani,0.0,22.125
2024-01-08,Ujjani,0.0,21.755
2024-01-09,Ujjani,0.0,21.385
2024-01-10,Ujjani,0.0,21.015
2024-01-11,Ujjani,0.0,20.645
2024-01-12,Ujjani,0.0,20.275
2024-01-13,Ujjani,0.0,19.905
2024-01-14,Ujjani,0.0,19.535
2024-01-15,Ujjani,0.0,19.164
2024-01-16,Ujjani,0.0,18.794
2024-01-17,Ujjani,0.0,18.424
2024-01-18,Ujjani,0.0,18.054
2024-01-19,Ujjani,0.0,17.684
2024-01-20,Ujjani,0.0,17.314
2024-01-21,Ujjani,0.0,16.944
2024-01-22,Ujjani,0.0,16.574
2024-01-23,Ujjani,0.0,16.203
2024-01-24,Ujjani,0.0,15.833
2024-01-25,Ujjani,0.0,15.463
2024-01-26,Ujjani,0.0,15.093
2024-01-27,Ujjani,0.0,14.723
2024-01-28,Ujjani,0.0,14.353
2024-01-29,Ujjani,0.0,13.983
2024-01-30,Ujjani,0.0,13.613
2024-01-31,Ujjani,0.0,13.242
2024-02-01,Ujjani,0.0,12.872
2024-02-02,Ujjani,0.0,12.502
2024-02-03,Ujjani,0.0,12.132
2024-02-04,Ujjani,0.0,11.762
2024-02-05,Ujjani,0.0,11.392
2024-02-06,Ujjani,0.0,11.022
2024-02-07,Ujjani,0.0,10.652
2024-02-08,Ujjani,0.0,10.281
2024-02-09,Ujjani,0.0,9.911
2024-02-10,Ujjani,0.0,9.541
2024-02-11,Ujjani,0.0,9.171
2024-02-12,Ujjani,0.0,8.801
2024-02-13,Ujjani,0.0,8.431
2024-02-14,Ujjani,0.0,8.061
2024-02-15,Ujjani,0.0,7.691
2024-02-16,Ujjani,0.0,7.32
2024-02-17,Ujjani,0.0,6.95
2024-02-18,Ujjani,0.0,6.58
2024-02-19,Ujjani,0.0,6.21
2024-02-20,Ujjani,0.0,5.84
2024-02-21,Ujjani,0.0,5.47
2024-02-22,Ujjani,0.0,5.1
2024-02-23,Ujjani,0.0,4.73
2024-02-24,Ujjani,0.0,4.359
2024-02-25,Ujjani,0.0,3.989
2024-02-26,Ujjani,0.0,3.619
2024-02-27,Ujjani,0.0,3.249
2024-02-28,Ujjani,0.0,2.879
2024-02-29,Ujjani,0.0,2.509
2024-03-01,Ujjani,0.0,2.139
2024-03-02,Ujjani,0.0,1.769
2024-03-03,Ujjani,0.0,1.398
2024-03-04,Ujjani,0.0,1.028
2024-03-05,Ujjani,0.0,0.658
2024-03-06,Ujjani,0.0,0.288
2024-03-07,Ujjani,0.0,0.575
2024-03-08,Ujjani,0.0,0.863
2024-03-09,Ujjani,0.0,1.151
2024-03-10,Ujjani,0.0,1.439
2024-03-11,Ujjani,0.0,1.726
2024-03-12,Ujjani,0.0,2.014
2024-03-13,Ujjani,0.0,2.302
2024-03-14,Ujjani,0.0,2.59
2024-03-15,Ujjani,0.0,2.877
2024-03-16,Ujjani,0.0,3.165
2024-03-17,Ujjani,0.0,3.453
2024-03-18,Ujjani,0.0,3.741
2024-03-19,Ujjani,0.0,4.028
2024-03-20,Ujjani,0.0,4.316
2024-03-21,Ujjani,0.0,4.604
2024-03-22,Ujjani,0.0,4.892
2024-03-23,Ujjani,0.0,5.179
2024-03-24,Ujjani,0.0,5.467
2024-03-25,Ujjani,0.0,5.755
2024-03-26,Ujjani,0.0,6.043
2024-03-27,Ujjani,0.0,6.33
2024-03-28,Ujjani,0.0,6.618
2024-03-29,Ujjani,0.0,6.906
2024-03-30,Ujjani,0.0,7.194
2024-03-31,Ujjani,0.0,7.481
2024-04-01,Ujjani,0.0,7.769
2024-04-02,Ujjani,0.0,7.729
2024-04-03,Ujjani,0.0,7.689
2024-04-04,Ujjani,0.0,7.649
2024-04-05,Ujjani,0.0,7.608
2024-04-06,Ujjani,0.0,7.568
2024-04-07,Ujjani,0.0,7.528
2024-04-08,Ujjani,0.0,7.488
2024-04-09,Ujjani,0.0,7.448
2024-04-10,Ujjani,0.0,7.408
2024-04-11,Ujjani,0.0,7.368
2024-04-12,Ujjani,0.0,7.327
2024-04-13,Ujjani,0.0,7.287
2024-04-14,Ujjani,0.0,7.247
2024-04-15,Ujjani,0.0,7.207
2024-04-16,Ujjani,0.0,7.167
2024-04-17,Ujjani,0.0,7.127
2024-04-18,Ujjani,0.0,7.087
2024-04-19,Ujjani,0.0,7.046
2024-04-20,Ujjani,0.0,7.006
2024-04-21,Ujjani,0.0,6.966
2024-04-22,Ujjani,0.0,6.926
2024-04-23,Ujjani,0.0,6.886
2024-04-24,Ujjani,0.0,6.846
2024-04-25,Ujjani,0.0,6.806
2024-04-26,Ujjani,0.0,6.765
2024-04-27,Ujjani,0.0,6.725
2024-04-28,Ujjani,0.0,6.685
2024-04-29,Ujjani,0.0,6.645
2024-04-30,Ujjani,0.0,6.605
2024-05-01,Ujjani,0.0,6.565
2024-05-02,Ujjani,0.0,6.525
2024-05-03,Ujjani,0.0,6.484
2024-05-04,Ujjani,0.0,6.444
2024-05-05,Ujjani,0.0,6.404
2024-05-06,Ujjani,0.0,6.364
2024-05-07,Ujjani,0.0,6.324
2024-05-08,Ujjani,0.0,6.284
2024-05-09,Ujjani,0.0,6.244
2024-05-10,Ujjani,0.0,6.203
2024-05-11,Ujjani,0.0,6.163
2024-05-12,Ujjani,0.0,6.123
2024-05-13,Ujjani,0.0,6.083
2024-05-14,Ujjani,0.0,6.043
2024-05-15,Ujjani,0.0,6.003
2024-05-16,Ujjani,0.0,5.963
2024-05-17,Ujjani,0.0,5.922
2024-05-18,Ujjani,0.0,5.882
2024-05-19,Ujjani,0.0,5.842
2024-05-20,Ujjani,0.0,5.802
2024-05-21,Ujjani,0.0,5.762
2024-05-22,Ujjani,0.0,5.722
2024-05-23,Ujjani,0.0,5.682
2024-05-24,Ujjani,0.0,5.641
2024-05-25,Ujjani,0.0,5.601
2024-05-26,Ujjani,0.0,5.561
2024-05-27,Ujjani,0.0,5.521
2024-05-28,Ujjani,0.0,5.481
2024-05-29,Ujjani,0.0,5.441
2024-05-30,Ujjani,0.0,5.401
2024-05-31,Ujjani,0.0,5.36
2024-06-01,Ujjani,0.0,5.32
2024-06-02,Ujjani,0.0,5.28
2024-06-03,Ujjani,0.0,5.24
2024-06-04,Ujjani,0.0,5.2
2024-06-05,Ujjani,0.0,5.16
2024-06-06,Ujjani,0.0,5.12
2024-06-07,Ujjani,0.0,5.079
2024-06-08,Ujjani,0.0,5.039
2024-06-09,Ujjani,0.0,4.999
2024-06-10,Ujjani,0.0,4.959
2024-06-11,Ujjani,0.0,4.919
2024-06-12,Ujjani,0.0,4.879
2024-06-13,Ujjani,249.8,4.839
2024-06-14,Ujjani,265.4,4.798
2024-06-15,Ujjani,235.3,4.758
2024-06-16,Ujjani,207.0,4.718
2024-06-17,Ujjani,200.0,4.678
2024-06-18,Ujjani,322.5,4.638
2024-06-19,Ujjani,285.4,4.598
2024-06-20,Ujjani,0.0,4.558
2024-06-21,Ujjani,0.0,4.517
2024-06-22,Ujjani,0.0,4.477
2024-06-23,Ujjani,170.0,4.437
2024-06-24,Ujjani,267.0,4.397
2024-06-25,Ujjani,152.5,4.357
2024-06-26,Ujjani,92.64,4.317
2024-06-27,Ujjani,0.0,4.277
2024-06-28,Ujjani,0.0,4.236
2024-06-29,Ujjani,0.0,4.196
2024-06-30,Ujjani,0.0,4.156
2024-07-01,Ujjani,0.0,4.116
2024-07-02,Ujjani,0.0,4.076
2024-07-03,Ujjani,288.4,4.036
2024-07-04,Ujjani,298.0,3.996
2024-07-05,Ujjani,265.4,3.955
2024-07-06,Ujjani,251.3,3.915
2024-07-07,Ujjani,160.0,3.875
2024-07-08,Ujjani,0.0,3.835
2024-07-09,Ujjani,0.0,3.795
2024-07-10,Ujjani,0.0,3.755
2024-07-11,Ujjani,422.3,3.714
2024-07-12,Ujjani,416.2,3.674
2024-07-13,Ujjani,176.0,3.634
2024-07-14,Ujjani,0.0,3.594
2024-07-15,Ujjani,0.0,3.554
2024-07-16,Ujjani,0.0,3.514
2024-07-17,Ujjani,0.0,3.474
2024-07-18,Ujjani,506.69,3.433
2024-07-19,Ujjani,382.8,3.393
2024-07-20,Ujjani,416.2,3.353
2024-07-21,Ujjani,420.0,3.313
2024-07-22,Ujjani,422.3,3.273
2024-07-23,Ujjani,437.6,3.233
2024-07-24,Ujjani,422.3,3.193
2024-07-25,Ujjani,416.2,3.152
2024-07-26,Ujjani,402.1,3.112
2024-07-27,Ujjani,416.2,3.072
2024-07-28,Ujjani,410.0,3.032
2024-07-29,Ujjani,406.1,2.992
2024-07-30,Ujjani,1309.4,2.952
2024-07-31,Ujjani,716.7,2.912
2024-08-01,Ujjani,491.2,2.871
2024-08-02,Ujjani,439.3,2.831
2024-08-03,Ujjani,731.8,2.791
2024-08-04,Ujjani,630.0,2.751
2024-08-05,Ujjani,692.2,2.711
2024-08-06,Ujjani,1116.6,2.671
2024-08-07,Ujjani,1320.9,2.631
2024-08-08,Ujjani,2545.0,2.59
2024-08-09,Ujjani,3856.4,2.55
2024-08-10,Ujjani,2614.3,2.51
2024-08-11,Ujjani,1350.0,2.47
2024-08-12,Ujjani,628.3,2.43
2024-08-13,Ujjani,447.6,2.39
2024-08-14,Ujjani,670.1,2.35
2024-08-15,Ujjani,1120.0,2.309
2024-08-16,Ujjani,486.7,2.269
2024-08-17,Ujjani,878.1,2.229
2024-08-18,Ujjani,770.0,2.189
2024-08-19,Ujjani,731.8,2.149
2024-08-20,Ujjani,527.3,2.109
2024-08-21,Ujjani,556.0,2.069
2024-08-22,Ujjani,1016.3,2.028
2024-08-23,Ujjani,785.0,1.988
2024-08-24,Ujjani,670.1,1.948
2024-08-25,Ujjani,790.0,1.908
2024-08-26,Ujjani,935.3,1.868
2024-08-27,Ujjani,1329.6,1.828
2024-08-28,Ujjani,2125.6,1.788
2024-08-29,Ujjani,3037.9,1.747
2024-08-30,Ujjani,3641.4,1.707
2024-08-31,Ujjani,3915.3,1.667
2024-09-01,Ujjani,4200.0,1.627
2024-09-02,Ujjani,5562.0,1.587
2024-09-03,Ujjani,5388.0,1.547
2024-09-04,Ujjani,2314.1,1.507
2024-09-05,Ujjani,1733.7,1.466
2024-09-06,Ujjani,1461.2,1.426
2024-09-07,Ujjani,1274.3,1.386
2024-09-08,Ujjani,990.0,1.346
2024-09-09,Ujjani,2126.5,1.306
2024-09-10,Ujjani,1733.7,1.266
2024-09-11,Ujjani,1654.9,1.226
2024-09-12,Ujjani,1548.1,1.185
2024-09-13,Ujjani,935.3,1.145
2024-09-14,Ujjani,685.2,1.105
2024-09-15,Ujjani,690.0,1.065
2024-09-16,Ujjani,630.0,1.025
2024-09-17,Ujjani,471.0,0.985
2024-09-18,Ujjani,433.8,0.945
2024-09-19,Ujjani,396.9,0.904
2024-09-20,Ujjani,460.2,0.864
2024-09-21,Ujjani,403.2,0.824
2024-09-22,Ujjani,380.0,0.784
2024-09-23,Ujjani,440.1,0.744
2024-09-24,Ujjani,663.1,0.704
2024-09-25,Ujjani,924.7,0.664
2024-09-26,Ujjani,1838.1,0.623
2024-09-27,Ujjani,1548.1,0.583
2024-09-28,Ujjani,1627.9,0.543
2024-09-29,Ujjani,1840.0,0.503
2024-09-30,Ujjani,1733.7,0.463
2024-10-01,Ujjani,1627.9,0.423
2024-10-02,Ujjani,860.0,0.383
2024-10-03,Ujjani,1119.8,0.342
2024-10-04,Ujjani,1329.6,0.302
2024-10-05,Ujjani,1442.8,0.262
2024-10-06,Ujjani,1160.0,0.222
2024-10-07,Ujjani,935.3,0.445
2024-10-08,Ujjani,883.3,0.667
2024-10-09,Ujjani,557.3,0.889
2024-10-10,Ujjani,492.6,1.112
2024-10-11,Ujjani,557.3,1.334
2024-10-12,Ujjani,560.0,1.556
2024-10-13,Ujjani,520.0,1.779
2024-10-14,Ujjani,433.8,2.001
2024-10-15,Ujjani,499.5,2.224
2024-10-16,Ujjani,514.8,2.446
2024-10-17,Ujjani,663.1,2.668
2024-10-18,Ujjani,663.1,2.891
2024-10-19,Ujjani,561.9,3.113
2024-10-20,Ujjani,590.0,3.335
2024-10-21,Ujjani,499.5,3.558
2024-10-22,Ujjani,660.4,3.78
2024-10-23,Ujjani,789.6,4.002
2024-10-24,Ujjani,765.7,4.225
2024-10-25,Ujjani,631.7,4.447
2024-10-26,Ujjani,978.6,4.669
2024-10-27,Ujjani,770.0,4.892
2024-10-28,Ujjani,660.4,5.114
2024-10-29,Ujjani,663.1,5.336
2024-10-30,Ujjani,492.6,5.559
2024-10-31,Ujjani,520.0,5.781
2024-11-01,Ujjani,557.3,6.003
2024-11-02,Ujjani,492.6,6.003
2024-11-03,Ujjani,320.0,6.003
2024-11-04,Ujjani,146.4,6.003
2024-11-05,Ujjani,396.9,6.003
2024-11-06,Ujjani,365.2,6.003
2024-11-07,Ujjani,146.4,6.003
2024-11-08,Ujjani,383.8,6.003
2024-11-09,Ujjani,380.0,6.003
2024-11-10,Ujjani,370.0,6.003
2024-11-11,Ujjani,365.2,6.003
2024-11-12,Ujjani,383.8,6.003
2024-11-13,Ujjani,201.6,6.003
2024-11-14,Ujjani,0.0,6.003
2024-11-15,Ujjani,0.0,6.003
2024-11-16,Ujjani,0.0,6.003
2024-11-17,Ujjani,0.0,6.003
2024-11-18,Ujjani,0.0,6.003
2024-11-19,Ujjani,0.0,6.003
2024-11-20,Ujjani,0.0,6.003
2024-11-21,Ujjani,0.0,6.003
2024-11-22,Ujjani,0.0,6.003
2024-11-23,Ujjani,0.0,6.003
2024-11-24,Ujjani,0.0,6.003
2024-11-25,Ujjani,0.0,6.003
2024-11-26,Ujjani,0.0,6.003
2024-11-27,Ujjani,0.0,6.003
2024-11-28,Ujjani,0.0,6.003
2024-11-29,Ujjani,0.0,6.003
2024-11-30,Ujjani,0.0,6.003
2024-12-01,Ujjani,0.0,6.003
2024-12-02,Ujjani,0.0,6.003
2024-12-03,Ujjani,0.0,6.003
2024-12-04,Ujjani,0.0,6.003
2024-12-05,Ujjani,0.0,6.003
2024-12-06,Ujjani,0.0,6.003
2024-12-07,Ujjani,0.0,6.003
2024-12-08,Ujjani,0.0,6.003
2024-12-09,Ujjani,0.0,6.003
2024-12-10,Ujjani,0.0,6.003
2024-12-11,Ujjani,0.0,6.003
2024-12-12,Ujjani,0.0,6.003
2024-12-13,Ujjani,0.0,6.003
2024-12-14,Ujjani,0.0,6.003
2024-12-15,Ujjani,0.0,6.003
2024-12-16,Ujjani,0.0,6.003
2024-12-17,Ujjani,0.0,6.003
2024-12-18,Ujjani,0.0,6.003
2024-12-19,Ujjani,0.0,6.003
2024-12-20,Ujjani,0.0,6.003
2024-12-21,Ujjani,0.0,6.003
2024-12-22,Ujjani,0.0,6.003
2024-12-23,Ujjani,0.0,6.003
2024-12-24,Ujjani,0.0,6.003
2024-12-25,Ujjani,0.0,6.003
2024-12-26,Ujjani,0.0,6.003
2024-12-27,Ujjani,0.0,6.003
2024-12-28,Ujjani,0.0,6.003
2024-12-29,Ujjani,0.0,6.003
2024-12-30,Ujjani,0.0,6.003
2024-12-31,Ujjani,0.0,6.003
