Date,Reservoir_Name,Inflow (cusecs/cumecs),Storage (TMC/MCM)
2010-01-01,Ukai,3.648,103.119
2010-01-02,Ukai,2.276,92.524
2010-01-03,Ukai,3.986,75.22
2010-01-04,Ukai,2.518,61.094
2010-01-05,Ukai,2.489,47.322
2010-01-06,Ukai,2.075,24.72
2010-01-07,Ukai,2.08,21.895
2010-01-08,Ukai,2.722,44.834
2010-01-09,Ukai,3.294,67.774
2010-01-10,Ukai,3.332,90.713
2010-01-11,Ukai,3.942,113.653
2010-01-12,Ukai,3.896,136.592
2010-01-13,Ukai,3.948,159.532
2010-01-14,Ukai,3.028,182.471
2010-01-15,Ukai,3.952,178.004
2010-01-16,Ukai,3.82,173.536
2010-01-17,Ukai,2.74,169.069
2010-01-18,Ukai,3.63,164.602
2010-01-19,Ukai,4.0,160.134
2010-01-20,Ukai,3.483,155.667
2010-01-21,Ukai,3.323,151.2
2010-01-22,Ukai,3.436,146.732
2010-01-23,Ukai,2.976,142.265
2010-01-24,Ukai,2.467,137.798
2010-01-25,Ukai,3.451,133.331
2010-01-26,Ukai,3.332,128.863
2010-01-27,Ukai,2.999,124.396
2010-01-28,Ukai,3.543,119.929
2010-01-29,Ukai,2.986,115.461
2010-01-30,Ukai,3.478,110.994
2010-01-31,Ukai,4.481,106.527
2010-02-01,Ukai,5.483,102.059
2010-02-02,Ukai,6.486,92.171
2010-02-03,Ukai,7.489,74.867
2010-02-04,Ukai,8.492,60.388
2010-02-05,Ukai,9.495,46.262
2010-02-06,Ukai,10.498,24.72
2010-02-07,Ukai,11.5,21.542
2010-02-08,Ukai,12.26,44.256
2010-02-09,Ukai,13.02,66.97
2010-02-10,Ukai,13.78,89.684
2010-02-11,Ukai,14.54,112.399
2010-02-12,Ukai,15.3,135.113
2010-02-13,Ukai,16.06,157.827
2010-02-14,Ukai,16.819,180.541
2010-02-15,Ukai,17.608,175.285
2010-02-16,Ukai,18.397,170.03
2010-02-17,Ukai,19.185,164.774
2010-02-18,Ukai,19.974,159.518
2010-02-19,Ukai,20.762,154.263
2010-02-20,Ukai,21.551,149.007
2010-02-21,Ukai,22.34,143.751
2010-02-22,Ukai,21.42,138.496
2010-02-23,Ukai,20.5,133.24
2010-02-24,Ukai,19.58,127.985
2010-02-25,Ukai,18.659,122.729
2010-02-26,Ukai,17.739,117.473
2010-02-27,Ukai,16.819,112.218
2010-02-28,Ukai,17.558,106.962
2010-03-01,Ukai,16.819,101.706
2010-03-02,Ukai,16.034,92.171
2010-03-03,Ukai,15.249,74.514
2010-03-04,Ukai,14.464,60.035
2010-03-05,Ukai,13.679,45.556
2010-03-06,Ukai,12.893,24.72
2010-03-07,Ukai,12.108,21.895
2010-03-08,Ukai,12.021,44.734
2010-03-09,Ukai,11.934,67.572
2010-03-10,Ukai,11.848,90.411
2010-03-11,Ukai,11.761,113.249
2010-03-12,Ukai,11.674,136.088
2010-03-13,Ukai,11.587,158.926
2010-03-14,Ukai,11.5,181.765
2010-03-15,Ukai,11.209,177.297
2010-03-16,Ukai,10.917,172.83
2010-03-17,Ukai,10.626,168.363
2010-03-18,Ukai,10.334,163.895
2010-03-19,Ukai,9.967,159.428
2010-03-20,Ukai,9.6,154.961
2010-03-21,Ukai,9.232,150.493
2010-03-22,Ukai,8.583,146.026
2010-03-23,Ukai,7.933,141.559
2010-03-24,Ukai,7.283,137.092
2010-03-25,Ukai,6.633,132.624
2010-03-26,Ukai,5.984,128.157
2010-03-27,Ukai,5.334,123.69
2010-03-28,Ukai,4.684,119.222
2010-03-29,Ukai,4.123,114.755
2010-03-30,Ukai,3.562,110.288
2010-03-31,Ukai,3.001,105.82
2010-04-01,Ukai,3.001,101.353
2010-04-02,Ukai,3.001,91.818
2010-04-03,Ukai,3.001,74.161
2010-04-04,Ukai,2.711,59.682
2010-04-05,Ukai,2.436,44.85
2010-04-06,Ukai,2.176,24.72
2010-04-07,Ukai,1.932,22.248
2010-04-08,Ukai,1.702,44.913
2010-04-09,Ukai,1.488,67.578
2010-04-10,Ukai,1.488,90.243
2010-04-11,Ukai,1.289,112.909
2010-04-12,Ukai,1.104,135.574
2010-04-13,Ukai,0.934,158.239
2010-04-14,Ukai,0.779,180.904
2010-04-15,Ukai,0.639,176.183
2010-04-16,Ukai,0.639,171.462
2010-04-17,Ukai,0.639,166.741
2010-04-18,Ukai,0.401,162.02
2010-04-19,Ukai,0.22,157.299
2010-04-20,Ukai,0.095,152.578
2010-04-21,Ukai,0.022,147.857
2010-04-22,Ukai,0.0,143.136
2010-04-23,Ukai,0.0,138.415
2010-04-24,Ukai,0.0,133.694
2010-04-25,Ukai,0.0,128.973
2010-04-26,Ukai,0.0,124.252
2010-04-27,Ukai,0.0,119.531
2010-04-28,Ukai,0.0,114.81
2010-04-29,Ukai,0.0,110.089
2010-04-30,Ukai,0.0,105.368
2010-05-01,Ukai,0.0,100.647
2010-05-02,Ukai,0.0,91.465
2010-05-03,Ukai,0.0,73.808
2010-05-04,Ukai,0.0,59.329
2010-05-05,Ukai,0.0,44.143
2010-05-06,Ukai,0.0,24.72
2010-05-07,Ukai,0.0,23.661
2010-05-08,Ukai,0.0,46.086
2010-05-09,Ukai,0.0,68.511
2010-05-10,Ukai,0.0,90.936
2010-05-11,Ukai,0.0,113.36
2010-05-12,Ukai,0.0,135.785
2010-05-13,Ukai,0.0,158.21
2010-05-14,Ukai,0.0,180.635
2010-05-15,Ukai,0.0,176.132
2010-05-16,Ukai,0.0,171.629
2010-05-17,Ukai,0.0,167.127
2010-05-18,Ukai,0.0,162.624
2010-05-19,Ukai,0.0,158.121
2010-05-20,Ukai,0.0,153.619
2010-05-21,Ukai,0.0,149.116
2010-05-22,Ukai,0.0,144.614
2010-05-23,Ukai,0.0,140.111
2010-05-24,Ukai,0.0,135.608
2010-05-25,Ukai,0.0,131.106
2010-05-26,Ukai,0.0,126.603
2010-05-27,Ukai,0.0,122.1
2010-05-28,Ukai,0.0,117.598
2010-05-29,Ukai,0.0,113.095
2010-05-30,Ukai,0.0,108.593
2010-05-31,Ukai,0.0,104.09
2010-06-01,Ukai,0.0,99.587
2010-06-02,Ukai,0.0,90.759
2010-06-03,Ukai,0.0,73.455
2010-06-04,Ukai,0.0,58.622
2010-06-05,Ukai,0.0,43.437
2010-06-06,Ukai,0.0,25.427
2010-06-07,Ukai,0.0,26.133
2010-06-08,Ukai,0.0,48.081
2010-06-09,Ukai,0.0,70.029
2010-06-10,Ukai,0.0,91.977
2010-06-11,Ukai,0.0,113.926
2010-06-12,Ukai,0.0,135.874
2010-06-13,Ukai,0.0,157.822
2010-06-14,Ukai,0.0,179.77
2010-06-15,Ukai,0.0,175.012
2010-06-16,Ukai,0.0,170.254
2010-06-17,Ukai,0.0,165.496
2010-06-18,Ukai,0.0,160.737
2010-06-19,Ukai,0.0,155.979
2010-06-20,Ukai,0.0,151.221
2010-06-21,Ukai,0.0,146.463
2010-06-22,Ukai,0.0,141.705
2010-06-23,Ukai,0.0,136.947
2010-06-24,Ukai,0.0,132.188
2010-06-25,Ukai,0.0,127.43
2010-06-26,Ukai,0.0,122.672
2010-06-27,Ukai,0.0,117.914
2010-06-28,Ukai,20.499,113.156
2010-06-29,Ukai,40.998,108.397
2010-06-30,Ukai,18.472,103.639
2010-07-01,Ukai,146.92,98.881
2010-07-02,Ukai,213.16,90.052
2010-07-03,Ukai,279.4,73.101
2010-07-04,Ukai,377.1,57.916
2010-07-05,Ukai,129.32,42.731
2010-07-06,Ukai,260.432,24.72
2010-07-07,Ukai,411.6,28.958
2010-07-08,Ukai,169.21,54.811
2010-07-09,Ukai,164.72,80.665
2010-07-10,Ukai,97.6,106.518
2010-07-11,Ukai,84.05,132.371
2010-07-12,Ukai,96.74,158.225
2010-07-13,Ukai,170.84,184.078
2010-07-14,Ukai,112.126,179.575
2010-07-15,Ukai,53.413,175.072
2010-07-16,Ukai,138.755,170.57
2010-07-17,Ukai,97.498,166.067
2010-07-18,Ukai,56.24,161.565
2010-07-19,Ukai,126.177,157.062
2010-07-20,Ukai,71.489,152.559
2010-07-21,Ukai,76.071,148.057
2010-07-22,Ukai,55.224,143.554
2010-07-23,Ukai,88.902,139.052
2010-07-24,Ukai,122.581,134.549
2010-07-25,Ukai,74.18,130.046
2010-07-26,Ukai,569.922,125.544
2010-07-27,Ukai,838.1,121.041
2010-07-28,Ukai,434.1,116.538
2010-07-29,Ukai,380.4,112.036
2010-07-30,Ukai,273.2,107.533
2010-07-31,Ukai,1206.1,103.031
2010-08-01,Ukai,1102.0,98.528
2010-08-02,Ukai,744.7,89.346
2010-08-03,Ukai,647.7,72.748
2010-08-04,Ukai,485.7,57.21
2010-08-05,Ukai,660.6,42.378
2010-08-06,Ukai,524.213,24.014
2010-08-07,Ukai,429.0,30.017
2010-08-08,Ukai,887.9,55.579
2010-08-09,Ukai,763.9,81.141
2010-08-10,Ukai,638.3,106.703
2010-08-11,Ukai,492.3,132.265
2010-08-12,Ukai,403.3,157.827
2010-08-13,Ukai,456.6,183.389
2010-08-14,Ukai,549.7,178.904
2010-08-15,Ukai,800.0,174.419
2010-08-16,Ukai,451.7,169.934
2010-08-17,Ukai,1049.1,165.449
2010-08-18,Ukai,667.7,160.964
2010-08-19,Ukai,728.922,156.479
2010-08-20,Ukai,440.3,151.994
2010-08-21,Ukai,775.6,147.509
2010-08-22,Ukai,644.3,143.024
2010-08-23,Ukai,482.6,138.539
2010-08-24,Ukai,429.1,134.054
2010-08-25,Ukai,386.6,129.57
2010-08-26,Ukai,283.5,125.085
2010-08-27,Ukai,476.1,120.6
2010-08-28,Ukai,728.5,116.115
2010-08-29,Ukai,576.3,111.63
2010-08-30,Ukai,626.7,107.145
2010-08-31,Ukai,780.8,102.66
2010-09-01,Ukai,686.6,98.175
2010-09-02,Ukai,459.0,88.64
2010-09-03,Ukai,396.2,72.395
2010-09-04,Ukai,321.2,56.857
2010-09-05,Ukai,325.6,41.318
2010-09-06,Ukai,1496.6,23.661
2010-09-07,Ukai,822.2,32.843
2010-09-08,Ukai,1107.7,57.777
2010-09-09,Ukai,2803.007,82.711
2010-09-10,Ukai,1326.2,107.645
2010-09-11,Ukai,1174.0,132.579
2010-09-12,Ukai,800.0,157.513
2010-09-13,Ukai,597.8,182.447
2010-09-14,Ukai,484.8,177.726
2010-09-15,Ukai,450.8,173.005
2010-09-16,Ukai,454.8,168.284
2010-09-17,Ukai,466.9,163.563
2010-09-18,Ukai,373.9,158.842
2010-09-19,Ukai,357.7,154.121
2010-09-20,Ukai,257.7,149.4
2010-09-21,Ukai,241.9,144.679
2010-09-22,Ukai,235.71,139.958
2010-09-23,Ukai,196.9,135.237
2010-09-24,Ukai,180.88,130.516
2010-09-25,Ukai,174.02,125.795
2010-09-26,Ukai,175.8,121.074
2010-09-27,Ukai,136.87,116.353
2010-09-28,Ukai,127.77,111.632
2010-09-29,Ukai,113.0,106.911
2010-09-30,Ukai,106.61,102.189
2010-10-01,Ukai,111.955,97.468
2010-10-02,Ukai,117.3,87.58
2010-10-03,Ukai,112.6,72.395
2010-10-04,Ukai,96.54,56.15
2010-10-05,Ukai,80.48,40.612
2010-10-06,Ukai,64.42,22.955
2010-10-07,Ukai,61.19,34.962
2010-10-08,Ukai,56.47,59.412
2010-10-09,Ukai,51.11,83.861
2010-10-10,Ukai,46.65,108.31
2010-10-11,Ukai,50.28,132.76
2010-10-12,Ukai,48.54,157.21
2010-10-13,Ukai,44.11,181.659
2010-10-14,Ukai,41.86,177.209
2010-10-15,Ukai,40.22,172.759
2010-10-16,Ukai,39.57,168.31
2010-10-17,Ukai,37.93,163.86
2010-10-18,Ukai,37.9,159.41
2010-10-19,Ukai,35.681,154.961
2010-10-20,Ukai,36.064,150.511
2010-10-21,Ukai,34.706,146.061
2010-10-22,Ukai,33.696,141.612
2010-10-23,Ukai,33.528,137.162
2010-10-24,Ukai,37.93,132.713
2010-10-25,Ukai,51.89,128.263
2010-10-26,Ukai,44.857,123.813
2010-10-27,Ukai,42.374,119.364
2010-10-28,Ukai,38.951,114.914
2010-10-29,Ukai,34.156,110.464
2010-10-30,Ukai,32.936,106.015
2010-10-31,Ukai,30.1,101.565
2010-11-01,Ukai,26.553,97.115
2010-11-02,Ukai,25.475,86.874
2010-11-03,Ukai,23.705,72.042
2010-11-04,Ukai,22.717,56.15
2010-11-05,Ukai,20.03,39.552
2010-11-06,Ukai,21.867,22.248
2010-11-07,Ukai,19.04,36.374
2010-11-08,Ukai,21.539,60.431
2010-11-09,Ukai,20.477,84.489
2010-11-10,Ukai,19.088,108.546
2010-11-11,Ukai,17.431,132.603
2010-11-12,Ukai,16.035,156.661
2010-11-13,Ukai,16.545,180.718
2010-11-14,Ukai,23.17,176.034
2010-11-15,Ukai,26.727,171.35
2010-11-16,Ukai,24.889,166.667
2010-11-17,Ukai,21.05,161.983
2010-11-18,Ukai,20.719,157.299
2010-11-19,Ukai,25.504,152.615
2010-11-20,Ukai,60.229,147.931
2010-11-21,Ukai,64.9,143.247
2010-11-22,Ukai,57.66,138.564
2010-11-23,Ukai,50.419,133.88
2010-11-24,Ukai,43.179,129.196
2010-11-25,Ukai,38.521,124.512
2010-11-26,Ukai,35.023,119.828
2010-11-27,Ukai,27.863,115.144
2010-11-28,Ukai,24.171,110.461
2010-11-29,Ukai,20.48,105.777
2010-11-30,Ukai,17.193,101.093
2010-12-01,Ukai,19.216,96.409
2010-12-02,Ukai,15.863,86.168
2010-12-03,Ukai,15.055,72.042
2010-12-04,Ukai,13.777,55.444
2010-12-05,Ukai,14.44,38.846
2010-12-06,Ukai,13.72,21.895
2010-12-07,Ukai,13.406,37.434
2010-12-08,Ukai,13.02,61.922
2010-12-09,Ukai,12.483,86.409
2010-12-10,Ukai,12.12,110.897
2010-12-11,Ukai,12.07,135.385
2010-12-12,Ukai,11.97,159.872
2010-12-13,Ukai,9.28,184.36
2010-12-14,Ukai,8.832,184.025
2010-12-15,Ukai,8.191,183.689
2010-12-16,Ukai,8.09,183.354
2010-12-17,Ukai,7.72,183.018
2010-12-18,Ukai,7.727,182.683
2010-12-19,Ukai,7.72,182.347
2010-12-20,Ukai,7.716,182.012
2010-12-21,Ukai,9.241,181.676
2010-12-22,Ukai,9.266,181.341
2010-12-23,Ukai,8.987,181.005
2010-12-24,Ukai,6.939,180.67
2010-12-25,Ukai,6.51,180.334
2010-12-26,Ukai,5.95,179.999
2010-12-27,Ukai,6.782,179.663
2010-12-28,Ukai,6.728,179.328
2010-12-29,Ukai,5.589,178.992
2010-12-30,Ukai,5.613,178.657
2010-12-31,Ukai,5.19,178.321
2011-01-01,Ukai,5.209,177.986
2011-01-02,Ukai,5.4,161.388
2011-01-03,Ukai,5.197,145.496
2011-01-04,Ukai,4.735,122.542
2011-01-05,Ukai,4.692,98.881
2011-01-06,Ukai,4.464,74.514
2011-01-07,Ukai,4.054,64.273
2011-01-08,Ukai,4.043,87.086
2011-01-09,Ukai,4.39,109.899
2011-01-10,Ukai,3.737,132.713
2011-01-11,Ukai,3.713,155.526
2011-01-12,Ukai,3.698,178.339
2011-01-13,Ukai,3.72,178.304
2011-01-14,Ukai,3.92,178.268
2011-01-15,Ukai,3.666,178.233
2011-01-16,Ukai,3.92,178.198
2011-01-17,Ukai,3.619,178.162
2011-01-18,Ukai,3.588,178.127
2011-01-19,Ukai,3.349,178.092
2011-01-20,Ukai,2.944,178.057
2011-01-21,Ukai,2.814,178.021
2011-01-22,Ukai,2.717,177.986
2011-01-23,Ukai,1.98,177.951
2011-01-24,Ukai,1.708,177.915
2011-01-25,Ukai,1.435,177.88
2011-01-26,Ukai,1.162,177.845
2011-01-27,Ukai,0.89,177.809
2011-01-28,Ukai,2.439,177.774
2011-01-29,Ukai,2.503,177.739
2011-01-30,Ukai,3.32,177.703
2011-01-31,Ukai,1.939,177.668
2011-02-01,Ukai,2.003,177.633
2011-02-02,Ukai,2.066,160.682
2011-02-03,Ukai,2.13,144.79
2011-02-04,Ukai,2.194,121.836
2011-02-05,Ukai,2.257,97.822
2011-02-06,Ukai,2.321,73.808
2011-02-07,Ukai,1.547,64.273
2011-02-08,Ukai,0.774,87.016
2011-02-09,Ukai,0.0,109.758
2011-02-10,Ukai,0.0,132.501
2011-02-11,Ukai,0.0,155.243
2011-02-12,Ukai,0.0,177.986
2011-02-13,Ukai,0.0,177.965
2011-02-14,Ukai,0.0,177.944
2011-02-15,Ukai,0.0,177.924
2011-02-16,Ukai,0.0,177.903
2011-02-17,Ukai,0.0,177.882
2011-02-18,Ukai,0.0,177.861
2011-02-19,Ukai,0.0,177.841
2011-02-20,Ukai,0.0,177.82
2011-02-21,Ukai,0.0,177.799
2011-02-22,Ukai,0.0,177.778
2011-02-23,Ukai,0.0,177.757
2011-02-24,Ukai,0.0,177.737
2011-02-25,Ukai,0.0,177.716
2011-02-26,Ukai,0.0,177.695
2011-02-27,Ukai,0.0,177.674
2011-02-28,Ukai,0.0,177.654
2011-03-01,Ukai,0.0,177.633
2011-03-02,Ukai,0.0,159.975
2011-03-03,Ukai,0.0,144.084
2011-03-04,Ukai,0.0,121.129
2011-03-05,Ukai,0.0,97.115
2011-03-06,Ukai,0.0,73.101
2011-03-07,Ukai,0.0,63.92
2011-03-08,Ukai,0.0,86.592
2011-03-09,Ukai,0.0,109.264
2011-03-10,Ukai,0.0,131.936
2011-03-11,Ukai,0.0,154.608
2011-03-12,Ukai,0.0,177.28
2011-03-13,Ukai,0.0,177.28
2011-03-14,Ukai,0.0,177.28
2011-03-15,Ukai,0.0,177.28
2011-03-16,Ukai,0.0,177.28
2011-03-17,Ukai,0.0,177.28
2011-03-18,Ukai,0.0,177.28
2011-03-19,Ukai,0.0,177.28
2011-03-20,Ukai,0.0,177.28
2011-03-21,Ukai,0.0,177.28
2011-03-22,Ukai,0.0,177.28
2011-03-23,Ukai,0.0,177.28
2011-03-24,Ukai,0.0,177.28
2011-03-25,Ukai,0.0,177.28
2011-03-26,Ukai,0.0,177.28
2011-03-27,Ukai,0.0,177.28
2011-03-28,Ukai,0.0,177.28
2011-03-29,Ukai,0.0,177.28
2011-03-30,Ukai,0.0,177.28
2011-03-31,Ukai,0.0,177.28
2011-04-01,Ukai,0.0,177.28
2011-04-02,Ukai,0.0,159.269
2011-04-03,Ukai,0.0,143.378
2011-04-04,Ukai,0.0,120.423
2011-04-05,Ukai,0.0,96.409
2011-04-06,Ukai,0.0,72.395
2011-04-07,Ukai,0.0,63.92
2011-04-08,Ukai,0.0,86.521
2011-04-09,Ukai,0.0,109.122
2011-04-10,Ukai,0.0,131.724
2011-04-11,Ukai,0.0,154.325
2011-04-12,Ukai,0.0,176.926
2011-04-13,Ukai,0.0,176.945
2011-04-14,Ukai,0.0,176.964
2011-04-15,Ukai,0.0,176.982
2011-04-16,Ukai,0.0,177.001
2011-04-17,Ukai,0.0,177.019
2011-04-18,Ukai,0.0,177.038
2011-04-19,Ukai,0.0,177.057
2011-04-20,Ukai,0.0,177.075
2011-04-21,Ukai,0.0,177.094
2011-04-22,Ukai,0.0,177.112
2011-04-23,Ukai,0.0,177.131
2011-04-24,Ukai,0.0,177.15
2011-04-25,Ukai,0.0,177.168
2011-04-26,Ukai,0.0,177.187
2011-04-27,Ukai,0.0,177.205
2011-04-28,Ukai,0.0,177.224
2011-04-29,Ukai,0.0,177.242
2011-04-30,Ukai,0.0,177.261
2011-05-01,Ukai,0.0,177.28
2011-05-02,Ukai,0.0,158.563
2011-05-03,Ukai,0.0,142.318
2011-05-04,Ukai,0.0,120.07
2011-05-05,Ukai,0.0,95.35
2011-05-06,Ukai,0.0,71.336
2011-05-07,Ukai,0.0,63.566
2011-05-08,Ukai,0.0,86.097
2011-05-09,Ukai,0.0,108.628
2011-05-10,Ukai,0.0,131.158
2011-05-11,Ukai,0.0,153.689
2011-05-12,Ukai,0.0,176.22
2011-05-13,Ukai,0.0,176.256
2011-05-14,Ukai,0.0,176.291
2011-05-15,Ukai,0.0,176.326
2011-05-16,Ukai,0.0,176.361
2011-05-17,Ukai,0.0,176.397
2011-05-18,Ukai,0.0,176.432
2011-05-19,Ukai,0.0,176.467
2011-05-20,Ukai,0.0,176.503
2011-05-21,Ukai,0.0,176.538
2011-05-22,Ukai,0.0,176.573
2011-05-23,Ukai,0.0,176.609
2011-05-24,Ukai,0.0,176.644
2011-05-25,Ukai,0.0,176.679
2011-05-26,Ukai,0.0,176.715
2011-05-27,Ukai,0.0,176.75
2011-05-28,Ukai,0.0,176.785
2011-05-29,Ukai,0.0,176.821
2011-05-30,Ukai,0.0,176.856
2011-05-31,Ukai,0.0,176.891
2011-06-01,Ukai,0.0,176.926
2011-06-02,Ukai,0.0,157.857
2011-06-03,Ukai,0.0,141.612
2011-06-04,Ukai,0.0,119.364
2011-06-05,Ukai,0.0,94.643
2011-06-06,Ukai,0.0,70.629
2011-06-07,Ukai,0.0,63.213
2011-06-08,Ukai,0.0,85.603
2011-06-09,Ukai,0.0,107.992
2011-06-10,Ukai,0.0,130.382
2011-06-11,Ukai,0.0,152.771
2011-06-12,Ukai,0.0,175.161
2011-06-13,Ukai,7.887,175.254
2011-06-14,Ukai,7.503,175.347
2011-06-15,Ukai,7.598,175.44
2011-06-16,Ukai,331.664,175.532
2011-06-17,Ukai,211.916,175.625
2011-06-18,Ukai,164.144,175.718
2011-06-19,Ukai,27.692,175.811
2011-06-20,Ukai,21.309,175.904
2011-06-21,Ukai,28.408,175.997
2011-06-22,Ukai,41.56,176.09
2011-06-23,Ukai,31.407,176.183
2011-06-24,Ukai,26.615,176.276
2011-06-25,Ukai,20.164,176.369
2011-06-26,Ukai,27.692,176.462
2011-06-27,Ukai,163.615,176.555
2011-06-28,Ukai,103.298,176.648
2011-06-29,Ukai,82.09,176.741
2011-06-30,Ukai,72.066,176.834
2011-07-01,Ukai,58.701,176.926
2011-07-02,Ukai,52.424,157.15
2011-07-03,Ukai,42.538,140.906
2011-07-04,Ukai,36.504,118.657
2011-07-05,Ukai,31.673,93.937
2011-07-06,Ukai,33.289,70.276
2011-07-07,Ukai,82.156,62.86
2011-07-08,Ukai,79.783,85.179
2011-07-09,Ukai,356.334,107.498
2011-07-10,Ukai,221.799,129.816
2011-07-11,Ukai,112.199,152.135
2011-07-12,Ukai,96.582,174.454
2011-07-13,Ukai,97.44,174.56
2011-07-14,Ukai,1146.372,174.666
2011-07-15,Ukai,441.58,174.772
2011-07-16,Ukai,413.842,174.878
2011-07-17,Ukai,404.94,174.984
2011-07-18,Ukai,345.771,175.09
2011-07-19,Ukai,306.251,175.196
2011-07-20,Ukai,749.598,175.302
2011-07-21,Ukai,579.534,175.408
2011-07-22,Ukai,489.778,175.514
2011-07-23,Ukai,350.857,175.62
2011-07-24,Ukai,946.138,175.726
2011-07-25,Ukai,690.484,175.832
2011-07-26,Ukai,507.432,175.938
2011-07-27,Ukai,413.83,176.044
2011-07-28,Ukai,421.838,176.15
2011-07-29,Ukai,354.31,176.256
2011-07-30,Ukai,295.62,176.361
2011-07-31,Ukai,338.885,176.467
2011-08-01,Ukai,433.9,176.573
2011-08-02,Ukai,369.3,156.444
2011-08-03,Ukai,204.86,139.846
2011-08-04,Ukai,609.9,118.304
2011-08-05,Ukai,755.8,92.878
2011-08-06,Ukai,554.2,69.57
2011-08-07,Ukai,570.922,62.507
2011-08-08,Ukai,1058.6,85.108
2011-08-09,Ukai,795.0,107.71
2011-08-10,Ukai,724.3,130.311
2011-08-11,Ukai,622.4,152.913
2011-08-12,Ukai,582.7,175.514
2011-08-13,Ukai,452.1,175.549
2011-08-14,Ukai,874.298,175.585
2011-08-15,Ukai,990.364,175.62
2011-08-16,Ukai,563.1,175.655
2011-08-17,Ukai,393.6,175.69
2011-08-18,Ukai,462.7,175.726
2011-08-19,Ukai,324.4,175.761
2011-08-20,Ukai,496.2,175.796
2011-08-21,Ukai,450.459,175.832
2011-08-22,Ukai,432.714,175.867
2011-08-23,Ukai,445.2,175.902
2011-08-24,Ukai,684.3,175.938
2011-08-25,Ukai,1034.0,175.973
2011-08-26,Ukai,1738.7,176.008
2011-08-27,Ukai,5965.14,176.044
2011-08-28,Ukai,2602.254,176.079
2011-08-29,Ukai,2396.628,176.114
2011-08-30,Ukai,1007.173,176.15
2011-08-31,Ukai,879.014,176.185
2011-09-01,Ukai,1142.7,176.22
2011-09-02,Ukai,1746.8,155.738
2011-09-03,Ukai,1682.6,139.14
2011-09-04,Ukai,1149.047,117.598
2011-09-05,Ukai,860.8,91.818
2011-09-06,Ukai,682.5,69.217
2011-09-07,Ukai,634.4,62.86
2011-09-08,Ukai,531.7,84.967
2011-09-09,Ukai,548.5,107.074
2011-09-10,Ukai,532.9,129.181
2011-09-11,Ukai,345.27,151.288
2011-09-12,Ukai,295.583,173.395
2011-09-13,Ukai,377.8,173.544
2011-09-14,Ukai,280.2,173.692
2011-09-15,Ukai,347.5,173.841
2011-09-16,Ukai,411.4,173.99
2011-09-17,Ukai,640.6,174.138
2011-09-18,Ukai,292.584,174.287
2011-09-19,Ukai,317.4,174.436
2011-09-20,Ukai,252.6,174.585
2011-09-21,Ukai,201.4,174.733
2011-09-22,Ukai,190.07,174.882
2011-09-23,Ukai,183.13,175.031
2011-09-24,Ukai,181.77,175.179
2011-09-25,Ukai,195.79,175.328
2011-09-26,Ukai,192.2,175.477
2011-09-27,Ukai,107.46,175.625
2011-09-28,Ukai,173.61,175.774
2011-09-29,Ukai,163.35,175.923
2011-09-30,Ukai,162.3,176.071
2011-10-01,Ukai,157.56,176.22
2011-10-02,Ukai,123.946,155.385
2011-10-03,Ukai,96.4,138.433
2011-10-04,Ukai,94.11,117.245
2011-10-05,Ukai,90.34,91.465
2011-10-06,Ukai,105.682,68.51
2011-10-07,Ukai,90.0,64.273
2011-10-08,Ukai,84.11,86.027
2011-10-09,Ukai,92.32,107.781
2011-10-10,Ukai,53.53,129.534
2011-10-11,Ukai,47.97,151.288
2011-10-12,Ukai,45.91,173.042
2011-10-13,Ukai,43.76,173.183
2011-10-14,Ukai,38.81,173.324
2011-10-15,Ukai,39.49,173.466
2011-10-16,Ukai,53.859,173.607
2011-10-17,Ukai,37.34,173.748
2011-10-18,Ukai,35.309,173.889
2011-10-19,Ukai,35.054,174.031
2011-10-20,Ukai,33.364,174.172
2011-10-21,Ukai,32.975,174.313
2011-10-22,Ukai,30.876,174.454
2011-10-23,Ukai,46.654,174.596
2011-10-24,Ukai,27.803,174.737
2011-10-25,Ukai,27.039,174.878
2011-10-26,Ukai,41.202,175.019
2011-10-27,Ukai,24.894,175.161
2011-10-28,Ukai,24.553,175.302
2011-10-29,Ukai,23.95,175.443
2011-10-30,Ukai,37.298,175.585
2011-10-31,Ukai,19.287,175.726
2011-11-01,Ukai,17.423,175.867
2011-11-02,Ukai,17.014,155.031
2011-11-03,Ukai,16.632,137.374
2011-11-04,Ukai,15.611,116.538
2011-11-05,Ukai,14.281,90.759
2011-11-06,Ukai,23.341,68.51
2011-11-07,Ukai,21.282,65.332
2011-11-08,Ukai,12.4,86.733
2011-11-09,Ukai,12.305,108.134
2011-11-10,Ukai,18.343,129.534
2011-11-11,Ukai,10.987,150.935
2011-11-12,Ukai,11.241,172.336
2011-11-13,Ukai,16.485,172.521
2011-11-14,Ukai,8.574,172.707
2011-11-15,Ukai,8.302,172.893
2011-11-16,Ukai,7.909,173.079
2011-11-17,Ukai,7.569,173.265
2011-11-18,Ukai,7.292,173.451
2011-11-19,Ukai,7.138,173.637
2011-11-20,Ukai,11.416,173.823
2011-11-21,Ukai,6.452,174.008
2011-11-22,Ukai,4.375,174.194
2011-11-23,Ukai,4.228,174.38
2011-11-24,Ukai,3.552,174.566
2011-11-25,Ukai,3.437,174.752
2011-11-26,Ukai,3.26,174.938
2011-11-27,Ukai,8.476,175.124
2011-11-28,Ukai,3.185,175.309
2011-11-29,Ukai,3.023,175.495
2011-11-30,Ukai,2.812,175.681
2011-12-01,Ukai,3.139,175.867
2011-12-02,Ukai,3.067,154.325
2011-12-03,Ukai,2.863,136.668
2011-12-04,Ukai,6.514,115.832
2011-12-05,Ukai,2.73,90.052
2011-12-06,Ukai,5.908,68.157
2011-12-07,Ukai,2.517,66.392
2011-12-08,Ukai,2.286,87.439
2011-12-09,Ukai,2.304,108.487
2011-12-10,Ukai,2.137,129.534
2011-12-11,Ukai,3.737,150.582
2011-12-12,Ukai,1.98,171.629
2011-12-13,Ukai,1.933,171.188
2011-12-14,Ukai,1.875,170.746
2011-12-15,Ukai,1.771,170.305
2011-12-16,Ukai,1.664,169.864
2011-12-17,Ukai,1.689,169.422
2011-12-18,Ukai,2.387,168.981
2011-12-19,Ukai,3.934,168.539
2011-12-20,Ukai,2.856,168.098
2011-12-21,Ukai,2.179,167.656
2011-12-22,Ukai,2.176,167.215
2011-12-23,Ukai,2.005,166.774
2011-12-24,Ukai,1.943,166.332
2011-12-25,Ukai,1.994,165.891
2011-12-26,Ukai,2.079,165.449
2011-12-27,Ukai,2.016,165.008
2011-12-28,Ukai,0.0,164.566
2011-12-29,Ukai,0.0,164.125
2011-12-30,Ukai,0.0,163.683
2011-12-31,Ukai,2.841,163.242
2012-01-01,Ukai,1.994,162.801
2012-01-02,Ukai,2.005,146.556
2012-01-03,Ukai,1.891,129.605
2012-01-04,Ukai,1.877,108.063
2012-01-05,Ukai,1.807,82.989
2012-01-06,Ukai,1.922,61.094
2012-01-07,Ukai,1.858,48.381
2012-01-08,Ukai,0.998,70.132
2012-01-09,Ukai,1.748,91.883
2012-01-10,Ukai,1.68,113.634
2012-01-11,Ukai,1.658,135.384
2012-01-12,Ukai,1.597,157.135
2012-01-13,Ukai,1.547,178.886
2012-01-14,Ukai,1.515,178.021
2012-01-15,Ukai,0.731,177.156
2012-01-16,Ukai,1.587,176.291
2012-01-17,Ukai,1.481,175.426
2012-01-18,Ukai,1.439,174.56
2012-01-19,Ukai,1.453,173.695
2012-01-20,Ukai,0.0,172.83
2012-01-21,Ukai,0.0,171.965
2012-01-22,Ukai,0.0,171.1
2012-01-23,Ukai,0.0,170.234
2012-01-24,Ukai,0.0,169.369
2012-01-25,Ukai,0.0,168.504
2012-01-26,Ukai,0.0,167.639
2012-01-27,Ukai,0.0,166.774
2012-01-28,Ukai,0.0,165.908
2012-01-29,Ukai,0.0,165.043
2012-01-30,Ukai,0.0,164.178
2012-01-31,Ukai,0.0,163.313
2012-02-01,Ukai,0.0,162.447
2012-02-02,Ukai,0.0,145.85
2012-02-03,Ukai,0.0,128.545
2012-02-04,Ukai,0.0,107.357
2012-02-05,Ukai,0.0,81.93
2012-02-06,Ukai,0.0,61.094
2012-02-07,Ukai,0.0,48.028
2012-02-08,Ukai,0.0,69.71
2012-02-09,Ukai,0.0,91.393
2012-02-10,Ukai,0.0,113.076
2012-02-11,Ukai,0.0,134.758
2012-02-12,Ukai,0.0,156.44
2012-02-13,Ukai,0.0,178.123
2012-02-14,Ukai,0.0,177.201
2012-02-15,Ukai,0.0,176.279
2012-02-16,Ukai,0.0,175.357
2012-02-17,Ukai,0.0,174.435
2012-02-18,Ukai,0.0,173.513
2012-02-19,Ukai,0.0,172.591
2012-02-20,Ukai,0.0,171.669
2012-02-21,Ukai,0.0,170.746
2012-02-22,Ukai,0.0,169.824
2012-02-23,Ukai,0.0,168.902
2012-02-24,Ukai,0.0,167.98
2012-02-25,Ukai,0.0,167.058
2012-02-26,Ukai,0.0,166.136
2012-02-27,Ukai,0.0,165.214
2012-02-28,Ukai,0.0,164.292
2012-02-29,Ukai,0.0,163.37
2012-03-01,Ukai,0.0,162.447
2012-03-02,Ukai,0.0,145.496
2012-03-03,Ukai,0.0,127.839
2012-03-04,Ukai,0.0,107.003
2012-03-05,Ukai,0.0,81.224
2012-03-06,Ukai,0.0,60.741
2012-03-07,Ukai,0.0,47.675
2012-03-08,Ukai,0.0,73.737
2012-03-09,Ukai,0.0,99.799
2012-03-10,Ukai,0.0,125.862
2012-03-11,Ukai,0.0,151.924
2012-03-12,Ukai,0.0,177.986
2012-03-13,Ukai,0.0,177.174
2012-03-14,Ukai,0.0,176.361
2012-03-15,Ukai,0.0,175.549
2012-03-16,Ukai,0.0,174.737
2012-03-17,Ukai,0.0,173.925
2012-03-18,Ukai,0.0,173.112
2012-03-19,Ukai,0.0,172.3
2012-03-20,Ukai,0.0,171.488
2012-03-21,Ukai,0.0,170.676
2012-03-22,Ukai,0.0,169.864
2012-03-23,Ukai,0.0,169.051
2012-03-24,Ukai,0.0,168.239
2012-03-25,Ukai,0.0,167.427
2012-03-26,Ukai,0.0,166.615
2012-03-27,Ukai,0.0,165.802
2012-03-28,Ukai,0.0,164.99
2012-03-29,Ukai,0.0,164.178
2012-03-30,Ukai,0.0,163.366
2012-03-31,Ukai,0.0,162.553
2012-04-01,Ukai,0.0,161.741
2012-04-02,Ukai,0.0,144.437
2012-04-03,Ukai,0.0,126.78
2012-04-04,Ukai,0.0,106.297
2012-04-05,Ukai,0.0,80.517
2012-04-06,Ukai,0.0,60.741
2012-04-07,Ukai,0.0,47.322
2012-04-08,Ukai,0.0,73.314
2012-04-09,Ukai,0.0,99.305
2012-04-10,Ukai,0.0,125.297
2012-04-11,Ukai,0.0,151.288
2012-04-12,Ukai,0.0,177.28
2012-04-13,Ukai,0.0,176.462
2012-04-14,Ukai,0.0,175.644
2012-04-15,Ukai,0.0,174.826
2012-04-16,Ukai,0.0,174.008
2012-04-17,Ukai,0.0,173.191
2012-04-18,Ukai,0.0,172.373
2012-04-19,Ukai,0.0,171.555
2012-04-20,Ukai,0.0,170.737
2012-04-21,Ukai,0.0,169.919
2012-04-22,Ukai,0.0,169.101
2012-04-23,Ukai,0.0,168.284
2012-04-24,Ukai,0.0,167.466
2012-04-25,Ukai,0.0,166.648
2012-04-26,Ukai,0.0,165.83
2012-04-27,Ukai,0.0,165.012
2012-04-28,Ukai,0.0,164.195
2012-04-29,Ukai,0.0,163.377
2012-04-30,Ukai,0.0,162.559
2012-05-01,Ukai,0.0,161.741
2012-05-02,Ukai,0.0,143.731
2012-05-03,Ukai,0.0,126.427
2012-05-04,Ukai,0.0,105.591
2012-05-05,Ukai,0.0,79.811
2012-05-06,Ukai,0.0,60.388
2012-05-07,Ukai,0.0,48.028
2012-05-08,Ukai,0.0,73.666
2012-05-09,Ukai,0.0,99.305
2012-05-10,Ukai,0.0,124.943
2012-05-11,Ukai,0.0,150.582
2012-05-12,Ukai,0.0,176.22
2012-05-13,Ukai,0.0,175.479
2012-05-14,Ukai,0.0,174.737
2012-05-15,Ukai,0.0,173.995
2012-05-16,Ukai,0.0,173.254
2012-05-17,Ukai,0.0,172.512
2012-05-18,Ukai,0.0,171.771
2012-05-19,Ukai,0.0,171.029
2012-05-20,Ukai,0.0,170.287
2012-05-21,Ukai,0.0,169.546
2012-05-22,Ukai,0.0,168.804
2012-05-23,Ukai,0.0,168.062
2012-05-24,Ukai,0.0,167.321
2012-05-25,Ukai,0.0,166.579
2012-05-26,Ukai,0.0,165.838
2012-05-27,Ukai,0.0,165.096
2012-05-28,Ukai,0.0,164.354
2012-05-29,Ukai,0.0,163.613
2012-05-30,Ukai,0.0,162.871
2012-05-31,Ukai,0.0,162.13
2012-06-01,Ukai,0.0,161.388
2012-06-02,Ukai,0.0,143.378
2012-06-03,Ukai,0.0,125.367
2012-06-04,Ukai,0.0,104.885
2012-06-05,Ukai,0.0,79.105
2012-06-06,Ukai,0.0,60.388
2012-06-07,Ukai,0.0,48.381
2012-06-08,Ukai,0.0,73.878
2012-06-09,Ukai,0.0,99.375
2012-06-10,Ukai,0.0,124.873
2012-06-11,Ukai,0.0,150.37
2012-06-12,Ukai,0.0,175.867
2012-06-13,Ukai,0.0,175.105
2012-06-14,Ukai,0.0,174.343
2012-06-15,Ukai,0.0,173.581
2012-06-16,Ukai,0.0,172.819
2012-06-17,Ukai,0.0,172.057
2012-06-18,Ukai,0.0,171.295
2012-06-19,Ukai,116.933,170.533
2012-06-20,Ukai,233.866,169.771
2012-06-21,Ukai,112.571,169.009
2012-06-22,Ukai,79.67,168.247
2012-06-23,Ukai,63.469,167.484
2012-06-24,Ukai,39.2,166.722
2012-06-25,Ukai,29.6,165.96
2012-06-26,Ukai,26.53,165.198
2012-06-27,Ukai,15.55,164.436
2012-06-28,Ukai,15.33,163.674
2012-06-29,Ukai,14.64,162.912
2012-06-30,Ukai,12.481,162.15
2012-07-01,Ukai,10.18,161.388
2012-07-02,Ukai,137.042,142.671
2012-07-03,Ukai,105.64,124.661
2012-07-04,Ukai,127.14,103.825
2012-07-05,Ukai,115.41,78.399
2012-07-06,Ukai,109.126,60.035
2012-07-07,Ukai,34.44,48.381
2012-07-08,Ukai,722.01,73.596
2012-07-09,Ukai,131.34,98.81
2012-07-10,Ukai,466.6,124.025
2012-07-11,Ukai,218.2,149.239
2012-07-12,Ukai,148.62,174.454
2012-07-13,Ukai,142.1,173.783
2012-07-14,Ukai,133.68,173.112
2012-07-15,Ukai,83.73,172.442
2012-07-16,Ukai,64.95,171.771
2012-07-17,Ukai,52.916,171.1
2012-07-18,Ukai,51.42,170.429
2012-07-19,Ukai,45.27,169.758
2012-07-20,Ukai,41.25,169.087
2012-07-21,Ukai,41.51,168.416
2012-07-22,Ukai,25.44,167.745
2012-07-23,Ukai,379.96,167.074
2012-07-24,Ukai,734.48,166.403
2012-07-25,Ukai,1089.0,165.732
2012-07-26,Ukai,617.2,165.061
2012-07-27,Ukai,431.2,164.39
2012-07-28,Ukai,2293.0,163.719
2012-07-29,Ukai,2737.86,163.048
2012-07-30,Ukai,1470.6,162.377
2012-07-31,Ukai,1232.6,161.706
2012-08-01,Ukai,1328.6,161.035
2012-08-02,Ukai,1445.2,141.965
2012-08-03,Ukai,833.4,123.954
2012-08-04,Ukai,617.5,102.766
2012-08-05,Ukai,502.15,77.339
2012-08-06,Ukai,392.5,59.682
2012-08-07,Ukai,683.067,48.734
2012-08-08,Ukai,973.633,73.666
2012-08-09,Ukai,1264.2,98.598
2012-08-10,Ukai,799.06,123.531
2012-08-11,Ukai,745.3,148.463
2012-08-12,Ukai,1021.4,173.395
2012-08-13,Ukai,1297.5,172.759
2012-08-14,Ukai,1041.0,172.124
2012-08-15,Ukai,779.58,171.488
2012-08-16,Ukai,618.7,170.852
2012-08-17,Ukai,480.0,170.217
2012-08-18,Ukai,450.5,169.581
2012-08-19,Ukai,425.69,168.945
2012-08-20,Ukai,406.38,168.31
2012-08-21,Ukai,895.6,167.674
2012-08-22,Ukai,848.474,167.038
2012-08-23,Ukai,962.917,166.403
2012-08-24,Ukai,586.148,165.767
2012-08-25,Ukai,517.354,165.131
2012-08-26,Ukai,448.56,164.496
2012-08-27,Ukai,522.7,163.86
2012-08-28,Ukai,1174.9,163.224
2012-08-29,Ukai,759.6,162.589
2012-08-30,Ukai,787.5,161.953
2012-08-31,Ukai,815.4,161.317
2012-09-01,Ukai,956.0,160.682
2012-09-02,Ukai,875.679,141.612
2012-09-03,Ukai,1509.3,123.248
2012-09-04,Ukai,1149.0,102.059
2012-09-05,Ukai,3011.31,76.28
2012-09-06,Ukai,8612.794,59.329
2012-09-07,Ukai,2286.0,49.794
2012-09-08,Ukai,1384.7,74.444
2012-09-09,Ukai,1073.1,99.093
2012-09-10,Ukai,967.3,123.743
2012-09-11,Ukai,1190.15,148.392
2012-09-12,Ukai,1413.0,173.042
2012-09-13,Ukai,967.4,172.373
2012-09-14,Ukai,707.9,171.704
2012-09-15,Ukai,628.619,171.035
2012-09-16,Ukai,568.07,170.365
2012-09-17,Ukai,471.043,169.696
2012-09-18,Ukai,407.7,169.027
2012-09-19,Ukai,345.8,168.358
2012-09-20,Ukai,329.4,167.689
2012-09-21,Ukai,317.1,167.02
2012-09-22,Ukai,297.4,166.351
2012-09-23,Ukai,422.46,165.682
2012-09-24,Ukai,333.4,165.012
2012-09-25,Ukai,533.7,164.343
2012-09-26,Ukai,275.23,163.674
2012-09-27,Ukai,251.1,163.005
2012-09-28,Ukai,354.8,162.336
2012-09-29,Ukai,264.8,161.667
2012-09-30,Ukai,211.47,160.998
2012-10-01,Ukai,222.1,160.329
2012-10-02,Ukai,166.42,141.259
2012-10-03,Ukai,222.8,122.189
2012-10-04,Ukai,219.4,101.0
2012-10-05,Ukai,210.9,75.22
2012-10-06,Ukai,200.456,58.975
2012-10-07,Ukai,158.11,51.206
2012-10-08,Ukai,158.24,75.432
2012-10-09,Ukai,151.0,99.658
2012-10-10,Ukai,140.4,123.884
2012-10-11,Ukai,120.205,148.11
2012-10-12,Ukai,118.43,172.336
2012-10-13,Ukai,113.74,171.718
2012-10-14,Ukai,89.62,171.1
2012-10-15,Ukai,71.528,170.482
2012-10-16,Ukai,70.727,169.864
2012-10-17,Ukai,76.303,169.246
2012-10-18,Ukai,75.045,168.628
2012-10-19,Ukai,69.367,168.01
2012-10-20,Ukai,65.415,167.392
2012-10-21,Ukai,63.98,166.774
2012-10-22,Ukai,52.73,166.156
2012-10-23,Ukai,48.893,165.538
2012-10-24,Ukai,57.42,164.919
2012-10-25,Ukai,46.565,164.301
2012-10-26,Ukai,44.015,163.683
2012-10-27,Ukai,49.96,163.065
2012-10-28,Ukai,47.1,162.447
2012-10-29,Ukai,36.35,161.829
2012-10-30,Ukai,35.114,161.211
2012-10-31,Ukai,32.91,160.593
2012-11-01,Ukai,30.553,159.975
2012-11-02,Ukai,28.298,140.906
2012-11-03,Ukai,28.74,121.482
2012-11-04,Ukai,30.73,100.294
2012-11-05,Ukai,26.5,74.514
2012-11-06,Ukai,26.115,58.622
2012-11-07,Ukai,25.173,52.619
2012-11-08,Ukai,24.066,76.35
2012-11-09,Ukai,24.062,100.082
2012-11-10,Ukai,22.222,123.813
2012-11-11,Ukai,21.924,147.545
2012-11-12,Ukai,21.94,171.276
2012-11-13,Ukai,22.53,170.644
2012-11-14,Ukai,19.889,170.012
2012-11-15,Ukai,17.275,169.38
2012-11-16,Ukai,15.36,168.748
2012-11-17,Ukai,14.961,168.116
2012-11-18,Ukai,15.69,167.484
2012-11-19,Ukai,14.222,166.853
2012-11-20,Ukai,13.708,166.221
2012-11-21,Ukai,12.949,165.589
2012-11-22,Ukai,12.473,164.957
2012-11-23,Ukai,12.055,164.325
2012-11-24,Ukai,12.501,163.693
2012-11-25,Ukai,7.39,163.061
2012-11-26,Ukai,11.819,162.429
2012-11-27,Ukai,11.493,161.797
2012-11-28,Ukai,3.91,161.165
2012-11-29,Ukai,4.25,160.533
2012-11-30,Ukai,4.59,159.901
2012-12-01,Ukai,4.93,159.269
2012-12-02,Ukai,5.27,140.199
2012-12-03,Ukai,11.23,120.423
2012-12-04,Ukai,10.72,99.234
2012-12-05,Ukai,10.587,73.808
2012-12-06,Ukai,9.818,57.916
2012-12-07,Ukai,9.242,53.325
2012-12-08,Ukai,8.848,76.774
2012-12-09,Ukai,3.021,100.223
2012-12-10,Ukai,7.014,123.672
2012-12-11,Ukai,4.871,147.121
2012-12-12,Ukai,4.606,170.57
2012-12-13,Ukai,5.34,170.111
2012-12-14,Ukai,6.234,169.652
2012-12-15,Ukai,6.141,169.193
2012-12-16,Ukai,2.71,168.733
2012-12-17,Ukai,5.762,168.274
2012-12-18,Ukai,5.594,167.815
2012-12-19,Ukai,5.278,167.356
2012-12-20,Ukai,5.231,166.897
2012-12-21,Ukai,4.992,166.438
2012-12-22,Ukai,4.829,165.979
2012-12-23,Ukai,6.64,165.52
2012-12-24,Ukai,4.665,165.061
2012-12-25,Ukai,2.14,164.602
2012-12-26,Ukai,4.587,164.143
2012-12-27,Ukai,4.43,163.683
2012-12-28,Ukai,4.354,163.224
2012-12-29,Ukai,4.245,162.765
2012-12-30,Ukai,1.882,162.306
2012-12-31,Ukai,4.151,161.847
2013-01-01,Ukai,4.102,161.388
2013-01-02,Ukai,4.076,150.794
2013-01-03,Ukai,3.654,129.252
2013-01-04,Ukai,3.45,109.829
2013-01-05,Ukai,3.321,89.699
2013-01-06,Ukai,4.06,64.979
2013-01-07,Ukai,2.946,87.934
2013-01-08,Ukai,2.839,77.678
2013-01-09,Ukai,2.551,67.421
2013-01-10,Ukai,2.543,57.165
2013-01-11,Ukai,2.465,46.908
2013-01-12,Ukai,2.434,36.652
2013-01-13,Ukai,2.71,26.395
2013-01-14,Ukai,2.746,16.139
2013-01-15,Ukai,2.693,24.208
2013-01-16,Ukai,2.644,32.278
2013-01-17,Ukai,2.605,40.347
2013-01-18,Ukai,2.541,48.416
2013-01-19,Ukai,2.551,56.486
2013-01-20,Ukai,2.41,64.555
2013-01-21,Ukai,2.494,72.625
2013-01-22,Ukai,2.42,80.694
2013-01-23,Ukai,2.389,88.763
2013-01-24,Ukai,2.35,96.833
2013-01-25,Ukai,2.14,104.902
2013-01-26,Ukai,2.14,112.972
2013-01-27,Ukai,2.14,121.041
2013-01-28,Ukai,2.318,129.11
2013-01-29,Ukai,2.217,137.18
2013-01-30,Ukai,2.214,145.249
2013-01-31,Ukai,2.155,153.319
2013-02-01,Ukai,2.125,161.388
2013-02-02,Ukai,1.901,150.087
2013-02-03,Ukai,1.882,128.545
2013-02-04,Ukai,2.185,109.475
2013-02-05,Ukai,2.254,88.993
2013-02-06,Ukai,2.224,64.273
2013-02-07,Ukai,2.068,88.993
2013-02-08,Ukai,1.977,83.315
2013-02-09,Ukai,2.135,77.637
2013-02-10,Ukai,3.35,71.959
2013-02-11,Ukai,1.967,66.281
2013-02-12,Ukai,1.962,60.603
2013-02-13,Ukai,2.898,54.925
2013-02-14,Ukai,3.833,49.247
2013-02-15,Ukai,4.769,43.569
2013-02-16,Ukai,5.704,37.891
2013-02-17,Ukai,6.64,47.363
2013-02-18,Ukai,2.601,56.836
2013-02-19,Ukai,2.575,66.308
2013-02-20,Ukai,2.575,75.781
2013-02-21,Ukai,2.451,85.254
2013-02-22,Ukai,2.445,94.726
2013-02-23,Ukai,2.358,104.199
2013-02-24,Ukai,4.85,113.672
2013-02-25,Ukai,2.299,123.144
2013-02-26,Ukai,2.296,132.617
2013-02-27,Ukai,2.343,142.09
2013-02-28,Ukai,2.204,151.562
2013-03-01,Ukai,2.336,161.035
2013-03-02,Ukai,2.127,149.028
2013-03-03,Ukai,3.35,128.192
2013-03-04,Ukai,2.165,108.769
2013-03-05,Ukai,1.983,88.64
2013-03-06,Ukai,1.978,63.92
2013-03-07,Ukai,1.948,89.699
2013-03-08,Ukai,1.861,113.996
2013-03-09,Ukai,1.806,138.292
2013-03-10,Ukai,1.64,162.589
2013-03-11,Ukai,1.292,186.885
2013-03-12,Ukai,1.24,211.182
2013-03-13,Ukai,1.162,208.657
2013-03-14,Ukai,1.117,206.132
2013-03-15,Ukai,1.106,203.607
2013-03-16,Ukai,1.067,201.082
2013-03-17,Ukai,1.02,198.557
2013-03-18,Ukai,1.155,196.032
2013-03-19,Ukai,1.086,193.507
2013-03-20,Ukai,1.183,190.982
2013-03-21,Ukai,1.097,188.457
2013-03-22,Ukai,1.106,185.932
2013-03-23,Ukai,1.077,183.407
2013-03-24,Ukai,0.55,180.882
2013-03-25,Ukai,0.23,178.357
2013-03-26,Ukai,0.23,175.832
2013-03-27,Ukai,0.0,173.307
2013-03-28,Ukai,0.0,170.782
2013-03-29,Ukai,0.0,168.257
2013-03-30,Ukai,0.0,165.732
2013-03-31,Ukai,0.0,163.207
2013-04-01,Ukai,0.0,160.682
2013-04-02,Ukai,0.0,147.968
2013-04-03,Ukai,0.0,127.839
2013-04-04,Ukai,0.0,108.416
2013-04-05,Ukai,0.0,87.58
2013-04-06,Ukai,0.0,62.86
2013-04-07,Ukai,0.0,87.58
2013-04-08,Ukai,0.0,112.301
2013-04-09,Ukai,0.0,137.021
2013-04-10,Ukai,0.0,161.741
2013-04-11,Ukai,0.0,186.462
2013-04-12,Ukai,0.0,211.182
2013-04-13,Ukai,0.0,208.524
2013-04-14,Ukai,0.0,205.866
2013-04-15,Ukai,0.0,203.208
2013-04-16,Ukai,0.0,200.55
2013-04-17,Ukai,0.0,197.892
2013-04-18,Ukai,0.0,195.234
2013-04-19,Ukai,0.0,192.576
2013-04-20,Ukai,0.0,189.919
2013-04-21,Ukai,0.0,187.261
2013-04-22,Ukai,0.0,184.603
2013-04-23,Ukai,0.0,181.945
2013-04-24,Ukai,0.0,179.287
2013-04-25,Ukai,0.0,176.629
2013-04-26,Ukai,0.0,173.971
2013-04-27,Ukai,0.0,171.313
2013-04-28,Ukai,0.0,168.655
2013-04-29,Ukai,0.0,165.998
2013-04-30,Ukai,0.0,163.34
2013-05-01,Ukai,0.0,160.682
2013-05-02,Ukai,0.0,146.909
2013-05-03,Ukai,0.0,127.486
2013-05-04,Ukai,0.0,107.71
2013-05-05,Ukai,0.0,87.227
2013-05-06,Ukai,0.0,62.154
2013-05-07,Ukai,0.0,59.145
2013-05-08,Ukai,0.0,56.136
2013-05-09,Ukai,0.0,53.128
2013-05-10,Ukai,0.0,50.119
2013-05-11,Ukai,0.0,47.11
2013-05-12,Ukai,0.0,44.101
2013-05-13,Ukai,0.0,41.092
2013-05-14,Ukai,0.0,38.084
2013-05-15,Ukai,0.0,35.075
2013-05-16,Ukai,0.0,32.066
2013-05-17,Ukai,0.0,40.082
2013-05-18,Ukai,0.0,48.099
2013-05-19,Ukai,0.0,56.115
2013-05-20,Ukai,0.0,64.131
2013-05-21,Ukai,0.0,72.148
2013-05-22,Ukai,0.0,80.164
2013-05-23,Ukai,0.0,88.181
2013-05-24,Ukai,0.0,96.197
2013-05-25,Ukai,0.0,104.214
2013-05-26,Ukai,0.0,112.23
2013-05-27,Ukai,0.0,120.246
2013-05-28,Ukai,0.0,128.263
2013-05-29,Ukai,0.0,136.279
2013-05-30,Ukai,0.0,144.296
2013-05-31,Ukai,0.0,152.312
2013-06-01,Ukai,0.0,160.329
2013-06-02,Ukai,0.0,146.203
2013-06-03,Ukai,0.0,126.78
2013-06-04,Ukai,0.0,107.357
2013-06-05,Ukai,0.0,86.521
2013-06-06,Ukai,0.0,62.154
2013-06-07,Ukai,0.0,86.992
2013-06-08,Ukai,0.0,111.83
2013-06-09,Ukai,0.0,136.668
2013-06-10,Ukai,0.0,161.506
2013-06-11,Ukai,0.0,186.344
2013-06-12,Ukai,0.0,211.182
2013-06-13,Ukai,0.0,208.505
2013-06-14,Ukai,0.0,205.829
2013-06-15,Ukai,396.352,203.152
2013-06-16,Ukai,792.705,200.476
2013-06-17,Ukai,534.53,197.799
2013-06-18,Ukai,198.45,195.123
2013-06-19,Ukai,51.53,192.446
2013-06-20,Ukai,49.59,189.77
2013-06-21,Ukai,46.08,187.093
2013-06-22,Ukai,43.96,184.417
2013-06-23,Ukai,30.719,181.74
2013-06-24,Ukai,26.36,179.064
2013-06-25,Ukai,42.7,176.387
2013-06-26,Ukai,316.055,173.711
2013-06-27,Ukai,607.3,171.035
2013-06-28,Ukai,459.5,168.358
2013-06-29,Ukai,293.274,165.682
2013-06-30,Ukai,173.498,163.005
2013-07-01,Ukai,117.876,160.329
2013-07-02,Ukai,89.296,145.143
2013-07-03,Ukai,71.693,126.427
2013-07-04,Ukai,424.215,106.65
2013-07-05,Ukai,1310.41,85.815
2013-07-06,Ukai,567.874,61.801
2013-07-07,Ukai,359.219,86.58
2013-07-08,Ukai,306.308,111.359
2013-07-09,Ukai,365.068,136.138
2013-07-10,Ukai,228.326,160.917
2013-07-11,Ukai,268.729,185.696
2013-07-12,Ukai,351.086,210.475
2013-07-13,Ukai,1206.748,207.95
2013-07-14,Ukai,1140.0,205.425
2013-07-15,Ukai,1093.621,202.9
2013-07-16,Ukai,1323.872,200.375
2013-07-17,Ukai,1107.356,197.85
2013-07-18,Ukai,1038.996,195.325
2013-07-19,Ukai,1043.757,192.8
2013-07-20,Ukai,1033.514,190.275
2013-07-21,Ukai,1609.128,187.75
2013-07-22,Ukai,960.8,185.225
2013-07-23,Ukai,918.587,182.7
2013-07-24,Ukai,2680.071,180.175
2013-07-25,Ukai,1215.005,177.65
2013-07-26,Ukai,1220.34,175.125
2013-07-27,Ukai,1395.156,172.6
2013-07-28,Ukai,978.196,170.075
2013-07-29,Ukai,987.461,167.55
2013-07-30,Ukai,759.417,165.025
2013-07-31,Ukai,578.349,162.5
2013-08-01,Ukai,8189.063,159.975
2013-08-02,Ukai,4745.048,144.437
2013-08-03,Ukai,1939.559,125.72
2013-08-04,Ukai,1361.726,105.944
2013-08-05,Ukai,950.52,85.108
2013-08-06,Ukai,747.714,61.448
2013-08-07,Ukai,619.963,86.168
2013-08-08,Ukai,537.291,110.888
2013-08-09,Ukai,523.977,135.608
2013-08-10,Ukai,910.71,160.329
2013-08-11,Ukai,653.022,185.049
2013-08-12,Ukai,572.714,209.769
2013-08-13,Ukai,968.653,207.262
2013-08-14,Ukai,988.01,204.754
2013-08-15,Ukai,711.613,202.247
2013-08-16,Ukai,562.922,199.74
2013-08-17,Ukai,482.929,197.232
2013-08-18,Ukai,455.225,194.725
2013-08-19,Ukai,532.026,192.218
2013-08-20,Ukai,443.296,189.71
2013-08-21,Ukai,1013.236,187.203
2013-08-22,Ukai,2125.846,184.696
2013-08-23,Ukai,4621.321,182.188
2013-08-24,Ukai,5984.064,179.681
2013-08-25,Ukai,2248.052,177.174
2013-08-26,Ukai,1444.367,174.666
2013-08-27,Ukai,1488.929,172.159
2013-08-28,Ukai,1032.599,169.652
2013-08-29,Ukai,867.858,167.144
2013-08-30,Ukai,701.27,164.637
2013-08-31,Ukai,612.075,162.13
2013-09-01,Ukai,485.704,159.622
2013-09-02,Ukai,429.575,143.731
2013-09-03,Ukai,391.036,125.014
2013-09-04,Ukai,379.905,105.591
2013-09-05,Ukai,343.87,84.049
2013-09-06,Ukai,352.801,61.448
2013-09-07,Ukai,273.526,86.109
2013-09-08,Ukai,229.654,110.771
2013-09-09,Ukai,214.425,135.432
2013-09-10,Ukai,221.507,160.093
2013-09-11,Ukai,228.083,184.755
2013-09-12,Ukai,214.222,209.416
2013-09-13,Ukai,206.43,206.795
2013-09-14,Ukai,190.54,204.175
2013-09-15,Ukai,182.827,201.554
2013-09-16,Ukai,441.101,198.933
2013-09-17,Ukai,415.706,196.312
2013-09-18,Ukai,233.559,193.692
2013-09-19,Ukai,204.497,191.071
2013-09-20,Ukai,193.523,188.45
2013-09-21,Ukai,312.596,185.829
2013-09-22,Ukai,3527.424,183.209
2013-09-23,Ukai,1044.136,180.588
2013-09-24,Ukai,703.267,177.967
2013-09-25,Ukai,505.058,175.347
2013-09-26,Ukai,427.476,172.726
2013-09-27,Ukai,354.152,170.105
2013-09-28,Ukai,317.746,167.484
2013-09-29,Ukai,314.549,164.864
2013-09-30,Ukai,311.389,162.243
2013-10-01,Ukai,293.919,159.622
2013-10-02,Ukai,206.963,143.024
2013-10-03,Ukai,216.453,123.954
2013-10-04,Ukai,294.986,104.885
2013-10-05,Ukai,368.757,83.343
2013-10-06,Ukai,280.476,61.448
2013-10-07,Ukai,292.398,85.992
2013-10-08,Ukai,235.16,110.535
2013-10-09,Ukai,217.643,135.079
2013-10-10,Ukai,232.71,159.623
2013-10-11,Ukai,581.012,184.166
2013-10-12,Ukai,897.553,208.71
2013-10-13,Ukai,641.537,206.238
2013-10-14,Ukai,326.238,203.766
2013-10-15,Ukai,284.094,201.294
2013-10-16,Ukai,194.751,198.822
2013-10-17,Ukai,210.473,196.35
2013-10-18,Ukai,201.077,193.878
2013-10-19,Ukai,176.116,191.405
2013-10-20,Ukai,140.213,188.933
2013-10-21,Ukai,154.649,186.461
2013-10-22,Ukai,148.842,183.989
2013-10-23,Ukai,126.433,181.517
2013-10-24,Ukai,122.838,179.045
2013-10-25,Ukai,117.721,176.573
2013-10-26,Ukai,106.776,174.101
2013-10-27,Ukai,96.492,171.629
2013-10-28,Ukai,105.795,169.157
2013-10-29,Ukai,96.833,166.685
2013-10-30,Ukai,95.923,164.213
2013-10-31,Ukai,93.223,161.741
2013-11-01,Ukai,90.673,159.269
2013-11-02,Ukai,89.193,142.318
2013-11-03,Ukai,75.366,123.248
2013-11-04,Ukai,83.763,104.178
2013-11-05,Ukai,81.392,82.636
2013-11-06,Ukai,76.328,61.448
2013-11-07,Ukai,74.26,85.874
2013-11-08,Ukai,72.987,110.3
2013-11-09,Ukai,70.414,134.725
2013-11-10,Ukai,54.815,159.151
2013-11-11,Ukai,69.122,183.577
2013-11-12,Ukai,67.378,208.003
2013-11-13,Ukai,63.082,205.438
2013-11-14,Ukai,49.006,202.873
2013-11-15,Ukai,60.863,200.309
2013-11-16,Ukai,46.901,197.744
2013-11-17,Ukai,39.454,195.179
2013-11-18,Ukai,56.127,192.614
2013-11-19,Ukai,50.878,190.049
2013-11-20,Ukai,34.436,187.484
2013-11-21,Ukai,25.593,184.919
2013-11-22,Ukai,30.1,182.354
2013-11-23,Ukai,29.94,179.789
2013-11-24,Ukai,26.672,177.224
2013-11-25,Ukai,25.005,174.659
2013-11-26,Ukai,27.611,172.094
2013-11-27,Ukai,26.241,169.529
2013-11-28,Ukai,25.001,166.964
2013-11-29,Ukai,22.385,164.399
2013-11-30,Ukai,20.835,161.834
2013-12-01,Ukai,18.273,159.269
2013-12-02,Ukai,18.787,141.259
2013-12-03,Ukai,18.074,122.895
2013-12-04,Ukai,17.109,103.825
2013-12-05,Ukai,16.362,81.577
2013-12-06,Ukai,16.121,61.448
2013-12-07,Ukai,15.652,85.815
2013-12-08,Ukai,15.904,110.182
2013-12-09,Ukai,15.86,134.549
2013-12-10,Ukai,15.294,158.916
2013-12-11,Ukai,14.514,183.283
2013-12-12,Ukai,13.969,207.65
2013-12-13,Ukai,13.53,207.297
2013-12-14,Ukai,13.21,206.944
2013-12-15,Ukai,13.663,206.591
2013-12-16,Ukai,12.48,206.238
2013-12-17,Ukai,12.327,205.885
2013-12-18,Ukai,11.503,205.531
2013-12-19,Ukai,11.32,205.178
2013-12-20,Ukai,11.086,204.825
2013-12-21,Ukai,10.828,204.472
2013-12-22,Ukai,12.383,204.119
2013-12-23,Ukai,10.461,203.766
2013-12-24,Ukai,9.739,203.412
2013-12-25,Ukai,10.751,203.059
2013-12-26,Ukai,8.879,202.706
2013-12-27,Ukai,7.437,202.353
2013-12-28,Ukai,4.924,202.0
2013-12-29,Ukai,8.839,201.647
2013-12-30,Ukai,4.527,201.294
2013-12-31,Ukai,4.425,200.94
2014-01-01,Ukai,1.305,200.587
2014-01-02,Ukai,3.85,192.465
2014-01-03,Ukai,3.779,169.864
2014-01-04,Ukai,3.699,147.262
2014-01-05,Ukai,7.074,149.204
2014-01-06,Ukai,3.696,151.147
2014-01-07,Ukai,3.477,153.089
2014-01-08,Ukai,3.457,155.032
2014-01-09,Ukai,3.414,156.974
2014-01-10,Ukai,3.31,158.916
2014-01-11,Ukai,3.293,160.859
2014-01-12,Ukai,3.403,162.801
2014-01-13,Ukai,3.189,154.661
2014-01-14,Ukai,3.325,146.521
2014-01-15,Ukai,2.974,138.381
2014-01-16,Ukai,3.017,130.24
2014-01-17,Ukai,3.21,122.1
2014-01-18,Ukai,2.922,113.96
2014-01-19,Ukai,3.249,105.82
2014-01-20,Ukai,3.88,97.68
2014-01-21,Ukai,3.905,89.54
2014-01-22,Ukai,4.339,81.4
2014-01-23,Ukai,4.056,73.26
2014-01-24,Ukai,3.735,65.12
2014-01-25,Ukai,3.489,56.98
2014-01-26,Ukai,3.564,48.84
2014-01-27,Ukai,3.306,40.7
2014-01-28,Ukai,3.169,32.56
2014-01-29,Ukai,2.971,24.42
2014-01-30,Ukai,2.819,16.28
2014-01-31,Ukai,3.991,8.14
2014-02-01,Ukai,3.612,32.405
2014-02-02,Ukai,3.101,56.669
2014-02-03,Ukai,3.633,80.934
2014-02-04,Ukai,3.573,105.199
2014-02-05,Ukai,3.514,129.464
2014-02-06,Ukai,3.46,112.371
2014-02-07,Ukai,3.258,95.279
2014-02-08,Ukai,3.179,78.187
2014-02-09,Ukai,2.75,99.164
2014-02-10,Ukai,3.284,120.14
2014-02-11,Ukai,3.214,141.117
2014-02-12,Ukai,3.213,162.094
2014-02-13,Ukai,3.336,164.67
2014-02-14,Ukai,3.214,167.246
2014-02-15,Ukai,3.167,169.822
2014-02-16,Ukai,2.519,172.398
2014-02-17,Ukai,3.059,174.974
2014-02-18,Ukai,2.914,177.55
2014-02-19,Ukai,2.884,180.126
2014-02-20,Ukai,2.896,182.701
2014-02-21,Ukai,2.783,185.277
2014-02-22,Ukai,2.676,187.853
2014-02-23,Ukai,2.336,190.429
2014-02-24,Ukai,2.639,193.005
2014-02-25,Ukai,2.644,195.581
2014-02-26,Ukai,2.69,198.157
2014-02-27,Ukai,2.637,200.733
2014-02-28,Ukai,2.624,203.309
2014-03-01,Ukai,2.596,205.885
2014-03-02,Ukai,2.227,191.405
2014-03-03,Ukai,2.608,168.804
2014-03-04,Ukai,2.552,145.85
2014-03-05,Ukai,4.078,151.198
2014-03-06,Ukai,3.791,156.545
2014-03-07,Ukai,3.44,161.893
2014-03-08,Ukai,3.505,167.24
2014-03-09,Ukai,3.249,172.588
2014-03-10,Ukai,4.401,177.935
2014-03-11,Ukai,4.202,183.283
2014-03-12,Ukai,4.134,161.388
2014-03-13,Ukai,3.999,163.313
2014-03-14,Ukai,3.921,165.237
2014-03-15,Ukai,3.946,167.162
2014-03-16,Ukai,3.564,169.087
2014-03-17,Ukai,3.564,171.011
2014-03-18,Ukai,3.528,172.936
2014-03-19,Ukai,3.287,174.861
2014-03-20,Ukai,3.216,176.785
2014-03-21,Ukai,3.158,178.71
2014-03-22,Ukai,3.134,180.635
2014-03-23,Ukai,2.694,182.559
2014-03-24,Ukai,2.979,184.484
2014-03-25,Ukai,2.913,186.408
2014-03-26,Ukai,2.927,188.333
2014-03-27,Ukai,2.648,190.258
2014-03-28,Ukai,2.554,192.182
2014-03-29,Ukai,2.442,194.107
2014-03-30,Ukai,2.489,196.032
2014-03-31,Ukai,2.227,197.956
2014-04-01,Ukai,2.294,199.881
2014-04-02,Ukai,2.235,190.699
2014-04-03,Ukai,2.184,168.451
2014-04-04,Ukai,2.154,144.79
2014-04-05,Ukai,2.121,150.112
2014-04-06,Ukai,1.927,155.435
2014-04-07,Ukai,1.863,160.758
2014-04-08,Ukai,1.765,166.08
2014-04-09,Ukai,1.723,171.402
2014-04-10,Ukai,1.675,176.725
2014-04-11,Ukai,1.633,182.048
2014-04-12,Ukai,1.617,160.329
2014-04-13,Ukai,1.749,162.392
2014-04-14,Ukai,1.706,164.455
2014-04-15,Ukai,1.529,166.518
2014-04-16,Ukai,1.492,168.581
2014-04-17,Ukai,1.485,170.644
2014-04-18,Ukai,1.509,172.707
2014-04-19,Ukai,1.407,174.77
2014-04-20,Ukai,1.366,176.834
2014-04-21,Ukai,1.343,178.897
2014-04-22,Ukai,1.28,180.96
2014-04-23,Ukai,1.241,183.023
2014-04-24,Ukai,1.117,185.086
2014-04-25,Ukai,1.073,187.149
2014-04-26,Ukai,0.0,189.212
2014-04-27,Ukai,0.0,191.275
2014-04-28,Ukai,0.0,193.339
2014-04-29,Ukai,0.0,195.402
2014-04-30,Ukai,0.0,197.465
2014-05-01,Ukai,0.0,199.528
2014-05-02,Ukai,0.0,189.993
2014-05-03,Ukai,0.0,167.745
2014-05-04,Ukai,0.0,143.731
2014-05-05,Ukai,0.0,148.725
2014-05-06,Ukai,0.0,153.72
2014-05-07,Ukai,0.0,158.714
2014-05-08,Ukai,0.0,163.709
2014-05-09,Ukai,0.0,168.703
2014-05-10,Ukai,0.0,173.698
2014-05-11,Ukai,0.0,178.692
2014-05-12,Ukai,0.0,159.269
2014-05-13,Ukai,0.0,161.282
2014-05-14,Ukai,0.0,163.295
2014-05-15,Ukai,0.0,165.308
2014-05-16,Ukai,0.0,167.321
2014-05-17,Ukai,0.0,169.334
2014-05-18,Ukai,0.0,171.347
2014-05-19,Ukai,0.0,173.36
2014-05-20,Ukai,0.0,175.373
2014-05-21,Ukai,0.0,177.386
2014-05-22,Ukai,0.0,179.399
2014-05-23,Ukai,0.0,181.411
2014-05-24,Ukai,0.0,183.424
2014-05-25,Ukai,0.0,185.437
2014-05-26,Ukai,0.0,187.45
2014-05-27,Ukai,0.0,189.463
2014-05-28,Ukai,0.0,191.476
2014-05-29,Ukai,0.0,193.489
2014-05-30,Ukai,0.0,195.502
2014-05-31,Ukai,0.0,197.515
2014-06-01,Ukai,0.0,199.528
2014-06-02,Ukai,0.0,189.64
2014-06-03,Ukai,0.0,167.392
2014-06-04,Ukai,0.0,142.671
2014-06-05,Ukai,0.0,148.019
2014-06-06,Ukai,0.0,153.366
2014-06-07,Ukai,0.0,158.714
2014-06-08,Ukai,0.0,164.062
2014-06-09,Ukai,0.0,169.41
2014-06-10,Ukai,0.0,174.757
2014-06-11,Ukai,0.0,180.105
2014-06-12,Ukai,0.0,158.21
2014-06-13,Ukai,0.0,160.366
2014-06-14,Ukai,0.0,162.522
2014-06-15,Ukai,0.0,164.678
2014-06-16,Ukai,0.0,166.834
2014-06-17,Ukai,0.0,168.99
2014-06-18,Ukai,0.0,171.146
2014-06-19,Ukai,0.0,173.302
2014-06-20,Ukai,0.0,175.458
2014-06-21,Ukai,0.0,177.614
2014-06-22,Ukai,0.0,179.77
2014-06-23,Ukai,0.0,181.926
2014-06-24,Ukai,0.0,184.082
2014-06-25,Ukai,0.0,186.238
2014-06-26,Ukai,0.0,188.394
2014-06-27,Ukai,0.0,190.551
2014-06-28,Ukai,0.0,192.707
2014-06-29,Ukai,0.0,194.863
2014-06-30,Ukai,0.0,197.019
2014-07-01,Ukai,0.0,199.175
2014-07-02,Ukai,0.0,188.227
2014-07-03,Ukai,0.0,166.685
2014-07-04,Ukai,0.0,141.612
2014-07-05,Ukai,0.0,143.554
2014-07-06,Ukai,0.0,145.496
2014-07-07,Ukai,0.0,147.439
2014-07-08,Ukai,0.0,149.381
2014-07-09,Ukai,0.0,151.323
2014-07-10,Ukai,0.0,153.266
2014-07-11,Ukai,0.0,155.208
2014-07-12,Ukai,0.0,157.15
2014-07-13,Ukai,95.95,159.251
2014-07-14,Ukai,155.824,161.353
2014-07-15,Ukai,28.843,163.454
2014-07-16,Ukai,141.889,165.555
2014-07-17,Ukai,279.254,167.656
2014-07-18,Ukai,171.536,169.758
2014-07-19,Ukai,83.836,171.859
2014-07-20,Ukai,63.86,173.96
2014-07-21,Ukai,227.183,176.061
2014-07-22,Ukai,412.984,178.162
2014-07-23,Ukai,8225.47,180.264
2014-07-24,Ukai,3965.29,182.365
2014-07-25,Ukai,1301.144,184.466
2014-07-26,Ukai,816.358,186.567
2014-07-27,Ukai,602.79,188.669
2014-07-28,Ukai,4040.98,190.77
2014-07-29,Ukai,2421.06,192.871
2014-07-30,Ukai,1244.044,194.972
2014-07-31,Ukai,895.639,197.073
2014-08-01,Ukai,817.159,199.175
2014-08-02,Ukai,660.271,187.168
2014-08-03,Ukai,491.93,166.332
2014-08-04,Ukai,535.881,140.199
2014-08-05,Ukai,557.312,142.186
2014-08-06,Ukai,449.885,144.172
2014-08-07,Ukai,412.195,146.158
2014-08-08,Ukai,376.772,148.145
2014-08-09,Ukai,367.47,150.132
2014-08-10,Ukai,314.63,152.118
2014-08-11,Ukai,234.826,154.104
2014-08-12,Ukai,203.627,156.091
2014-08-13,Ukai,202.49,158.227
2014-08-14,Ukai,196.55,160.364
2014-08-15,Ukai,164.8,162.5
2014-08-16,Ukai,172.148,164.637
2014-08-17,Ukai,148.65,166.774
2014-08-18,Ukai,140.83,168.91
2014-08-19,Ukai,130.403,171.047
2014-08-20,Ukai,105.892,173.183
2014-08-21,Ukai,94.132,175.32
2014-08-22,Ukai,179.33,177.456
2014-08-23,Ukai,191.811,179.593
2014-08-24,Ukai,226.55,181.729
2014-08-25,Ukai,193.892,183.866
2014-08-26,Ukai,306.52,186.002
2014-08-27,Ukai,342.4,188.139
2014-08-28,Ukai,217.968,190.275
2014-08-29,Ukai,937.51,192.412
2014-08-30,Ukai,664.556,194.548
2014-08-31,Ukai,871.48,196.685
2014-09-01,Ukai,1206.086,198.822
2014-09-02,Ukai,1093.806,188.227
2014-09-03,Ukai,1032.865,165.626
2014-09-04,Ukai,733.72,146.966
2014-09-05,Ukai,609.307,128.305
2014-09-06,Ukai,485.294,109.645
2014-09-07,Ukai,429.27,90.985
2014-09-08,Ukai,4507.28,72.324
2014-09-09,Ukai,1833.957,93.089
2014-09-10,Ukai,1240.251,113.855
2014-09-11,Ukai,1105.586,134.62
2014-09-12,Ukai,802.397,155.385
2014-09-13,Ukai,697.101,157.671
2014-09-14,Ukai,656.18,159.957
2014-09-15,Ukai,503.929,162.243
2014-09-16,Ukai,533.405,164.529
2014-09-17,Ukai,511.648,166.815
2014-09-18,Ukai,435.563,169.101
2014-09-19,Ukai,356.144,171.388
2014-09-20,Ukai,352.445,173.674
2014-09-21,Ukai,328.16,175.96
2014-09-22,Ukai,274.539,178.246
2014-09-23,Ukai,237.031,180.532
2014-09-24,Ukai,239.018,182.818
2014-09-25,Ukai,228.885,185.105
2014-09-26,Ukai,206.597,187.391
2014-09-27,Ukai,176.867,189.677
2014-09-28,Ukai,140.83,191.963
2014-09-29,Ukai,157.909,194.249
2014-09-30,Ukai,139.33,196.535
2014-10-01,Ukai,128.471,198.822
2014-10-02,Ukai,104.37,184.696
2014-10-03,Ukai,97.61,164.919
2014-10-04,Ukai,94.31,163.742
2014-10-05,Ukai,91.05,162.565
2014-10-06,Ukai,86.25,161.388
2014-10-07,Ukai,76.379,160.211
2014-10-08,Ukai,77.99,159.033
2014-10-09,Ukai,75.621,157.856
2014-10-10,Ukai,80.652,156.679
2014-10-11,Ukai,72.432,155.502
2014-10-12,Ukai,66.68,154.325
2014-10-13,Ukai,66.178,156.532
2014-10-14,Ukai,65.324,158.739
2014-10-15,Ukai,61.042,160.947
2014-10-16,Ukai,54.176,163.154
2014-10-17,Ukai,56.999,165.361
2014-10-18,Ukai,55.729,167.568
2014-10-19,Ukai,47.97,169.775
2014-10-20,Ukai,53.304,171.982
2014-10-21,Ukai,50.258,174.19
2014-10-22,Ukai,45.223,176.397
2014-10-23,Ukai,40.73,178.604
2014-10-24,Ukai,43.78,180.811
2014-10-25,Ukai,37.445,183.018
2014-10-26,Ukai,33.99,185.225
2014-10-27,Ukai,36.475,187.433
2014-10-28,Ukai,33.756,189.64
2014-10-29,Ukai,28.633,191.847
2014-10-30,Ukai,21.448,194.054
2014-10-31,Ukai,23.254,196.261
2014-11-01,Ukai,25.174,198.468
2014-11-02,Ukai,24.82,183.989
2014-11-03,Ukai,25.274,164.566
2014-11-04,Ukai,24.82,163.31
2014-11-05,Ukai,20.688,162.055
2014-11-06,Ukai,16.479,160.799
2014-11-07,Ukai,16.479,159.544
2014-11-08,Ukai,16.718,158.288
2014-11-09,Ukai,21.13,157.033
2014-11-10,Ukai,16.519,155.777
2014-11-11,Ukai,14.377,154.522
2014-11-12,Ukai,108.457,153.266
2014-11-13,Ukai,67.844,155.626
2014-11-14,Ukai,37.104,157.987
2014-11-15,Ukai,31.229,160.347
2014-11-16,Ukai,30.28,162.708
2014-11-17,Ukai,26.133,165.068
2014-11-18,Ukai,24.719,167.429
2014-11-19,Ukai,22.621,169.789
2014-11-20,Ukai,17.835,172.15
2014-11-21,Ukai,17.327,174.51
2014-11-22,Ukai,16.676,176.871
2014-11-23,Ukai,13.0,179.231
2014-11-24,Ukai,14.002,181.592
2014-11-25,Ukai,13.651,183.952
2014-11-26,Ukai,12.337,186.313
2014-11-27,Ukai,11.618,188.673
2014-11-28,Ukai,11.016,191.034
2014-11-29,Ukai,11.363,193.394
2014-11-30,Ukai,8.61,195.755
2014-12-01,Ukai,10.156,198.115
2014-12-02,Ukai,8.251,182.93
2014-12-03,Ukai,8.904,163.86
2014-12-04,Ukai,6.048,162.565
2014-12-05,Ukai,4.888,161.27
2014-12-06,Ukai,4.683,159.975
2014-12-07,Ukai,5.49,158.68
2014-12-08,Ukai,5.804,157.386
2014-12-09,Ukai,5.719,156.091
2014-12-10,Ukai,6.387,154.796
2014-12-11,Ukai,5.468,153.501
2014-12-12,Ukai,5.505,152.206
2014-12-13,Ukai,6.345,151.782
2014-12-14,Ukai,11.57,151.359
2014-12-15,Ukai,7.111,150.935
2014-12-16,Ukai,7.264,150.511
2014-12-17,Ukai,7.198,150.087
2014-12-18,Ukai,7.049,149.664
2014-12-19,Ukai,7.069,149.24
2014-12-20,Ukai,0.0,148.816
2014-12-21,Ukai,0.0,148.392
2014-12-22,Ukai,0.0,147.968
2014-12-23,Ukai,0.0,147.545
2014-12-24,Ukai,0.0,147.121
2014-12-25,Ukai,0.0,146.697
2014-12-26,Ukai,0.0,146.273
2014-12-27,Ukai,0.0,145.85
2014-12-28,Ukai,0.0,145.426
2014-12-29,Ukai,0.0,145.002
2014-12-30,Ukai,0.0,144.578
2014-12-31,Ukai,0.0,144.154
2015-01-01,Ukai,0.0,143.731
2015-01-02,Ukai,0.0,132.43
2015-01-03,Ukai,0.0,112.301
2015-01-04,Ukai,0.0,88.287
2015-01-05,Ukai,0.0,64.979
2015-01-06,Ukai,0.0,41.671
2015-01-07,Ukai,0.0,51.913
2015-01-08,Ukai,0.0,62.86
2015-01-09,Ukai,0.0,81.93
2015-01-10,Ukai,0.0,101.0
2015-01-11,Ukai,0.0,120.07
2015-01-12,Ukai,0.0,139.14
2015-01-13,Ukai,0.0,139.369
2015-01-14,Ukai,0.0,139.599
2015-01-15,Ukai,0.0,139.828
2015-01-16,Ukai,0.0,140.058
2015-01-17,Ukai,0.0,140.288
2015-01-18,Ukai,0.0,140.517
2015-01-19,Ukai,0.0,140.747
2015-01-20,Ukai,0.0,140.976
2015-01-21,Ukai,0.0,141.206
2015-01-22,Ukai,0.0,141.435
2015-01-23,Ukai,0.0,141.665
2015-01-24,Ukai,0.0,141.894
2015-01-25,Ukai,0.0,142.124
2015-01-26,Ukai,0.0,142.353
2015-01-27,Ukai,0.0,142.583
2015-01-28,Ukai,0.0,142.813
2015-01-29,Ukai,0.0,143.042
2015-01-30,Ukai,0.0,143.272
2015-01-31,Ukai,0.0,143.501
2015-02-01,Ukai,0.0,143.731
2015-02-02,Ukai,0.0,131.724
2015-02-03,Ukai,0.0,111.594
2015-02-04,Ukai,0.0,86.344
2015-02-05,Ukai,0.0,61.094
2015-02-06,Ukai,0.0,40.965
2015-02-07,Ukai,0.0,51.913
2015-02-08,Ukai,0.0,63.213
2015-02-09,Ukai,0.0,82.018
2015-02-10,Ukai,0.0,100.823
2015-02-11,Ukai,0.0,119.628
2015-02-12,Ukai,0.0,138.433
2015-02-13,Ukai,0.0,138.745
2015-02-14,Ukai,0.0,139.057
2015-02-15,Ukai,0.0,139.368
2015-02-16,Ukai,0.0,139.68
2015-02-17,Ukai,0.0,139.991
2015-02-18,Ukai,0.0,140.303
2015-02-19,Ukai,0.0,140.615
2015-02-20,Ukai,0.0,140.926
2015-02-21,Ukai,0.0,141.238
2015-02-22,Ukai,0.0,141.549
2015-02-23,Ukai,0.0,141.861
2015-02-24,Ukai,0.0,142.173
2015-02-25,Ukai,0.0,142.484
2015-02-26,Ukai,0.0,142.796
2015-02-27,Ukai,0.0,143.107
2015-02-28,Ukai,0.0,143.419
2015-03-01,Ukai,0.0,143.731
2015-03-02,Ukai,0.0,131.017
2015-03-03,Ukai,0.0,110.535
2015-03-04,Ukai,0.0,87.58
2015-03-05,Ukai,0.0,64.096
2015-03-06,Ukai,0.0,40.612
2015-03-07,Ukai,0.0,51.559
2015-03-08,Ukai,0.0,63.213
2015-03-09,Ukai,0.0,81.842
2015-03-10,Ukai,0.0,100.47
2015-03-11,Ukai,0.0,119.098
2015-03-12,Ukai,0.0,137.727
2015-03-13,Ukai,0.0,138.01
2015-03-14,Ukai,0.0,138.292
2015-03-15,Ukai,0.0,138.575
2015-03-16,Ukai,0.0,138.857
2015-03-17,Ukai,0.0,139.14
2015-03-18,Ukai,0.0,139.422
2015-03-19,Ukai,0.0,139.705
2015-03-20,Ukai,0.0,139.987
2015-03-21,Ukai,0.0,140.27
2015-03-22,Ukai,0.0,140.552
2015-03-23,Ukai,0.0,140.835
2015-03-24,Ukai,0.0,141.117
2015-03-25,Ukai,0.0,141.4
2015-03-26,Ukai,0.0,141.682
2015-03-27,Ukai,0.0,141.965
2015-03-28,Ukai,0.0,142.247
2015-03-29,Ukai,0.0,142.53
2015-03-30,Ukai,0.0,142.813
2015-03-31,Ukai,0.0,143.095
2015-04-01,Ukai,0.0,143.378
2015-04-02,Ukai,0.0,129.958
2015-04-03,Ukai,0.0,109.475
2015-04-04,Ukai,0.0,85.815
2015-04-05,Ukai,0.0,60.035
2015-04-06,Ukai,0.0,40.259
2015-04-07,Ukai,0.0,51.559
2015-04-08,Ukai,0.0,63.213
2015-04-09,Ukai,0.0,81.665
2015-04-10,Ukai,0.0,100.117
2015-04-11,Ukai,0.0,118.569
2015-04-12,Ukai,0.0,137.021
2015-04-13,Ukai,0.0,137.355
2015-04-14,Ukai,0.0,137.69
2015-04-15,Ukai,0.0,138.025
2015-04-16,Ukai,0.0,138.359
2015-04-17,Ukai,0.0,138.694
2015-04-18,Ukai,0.0,139.028
2015-04-19,Ukai,0.0,139.363
2015-04-20,Ukai,0.0,139.697
2015-04-21,Ukai,0.0,140.032
2015-04-22,Ukai,0.0,140.367
2015-04-23,Ukai,0.0,140.701
2015-04-24,Ukai,0.0,141.036
2015-04-25,Ukai,0.0,141.37
2015-04-26,Ukai,0.0,141.705
2015-04-27,Ukai,0.0,142.039
2015-04-28,Ukai,0.0,142.374
2015-04-29,Ukai,0.0,142.708
2015-04-30,Ukai,0.0,143.043
2015-05-01,Ukai,0.0,143.378
2015-05-02,Ukai,0.0,129.252
2015-05-03,Ukai,0.0,109.122
2015-05-04,Ukai,0.0,85.108
2015-05-05,Ukai,0.0,59.682
2015-05-06,Ukai,0.0,39.552
2015-05-07,Ukai,0.0,51.206
2015-05-08,Ukai,0.0,63.566
2015-05-09,Ukai,0.0,81.665
2015-05-10,Ukai,0.0,99.764
2015-05-11,Ukai,0.0,117.862
2015-05-12,Ukai,0.0,135.961
2015-05-13,Ukai,0.0,136.315
2015-05-14,Ukai,0.0,136.668
2015-05-15,Ukai,0.0,137.021
2015-05-16,Ukai,0.0,137.374
2015-05-17,Ukai,0.0,137.727
2015-05-18,Ukai,0.0,138.08
2015-05-19,Ukai,0.0,138.433
2015-05-20,Ukai,0.0,138.787
2015-05-21,Ukai,0.0,139.14
2015-05-22,Ukai,0.0,139.493
2015-05-23,Ukai,0.0,139.846
2015-05-24,Ukai,0.0,140.199
2015-05-25,Ukai,0.0,140.552
2015-05-26,Ukai,0.0,140.906
2015-05-27,Ukai,0.0,141.259
2015-05-28,Ukai,0.0,141.612
2015-05-29,Ukai,0.0,141.965
2015-05-30,Ukai,0.0,142.318
2015-05-31,Ukai,0.0,142.671
2015-06-01,Ukai,0.0,143.024
2015-06-02,Ukai,0.0,128.545
2015-06-03,Ukai,0.0,108.769
2015-06-04,Ukai,0.0,84.402
2015-06-05,Ukai,0.0,58.975
2015-06-06,Ukai,0.0,38.493
2015-06-07,Ukai,0.0,50.853
2015-06-08,Ukai,0.0,72.042
2015-06-09,Ukai,0.0,87.757
2015-06-10,Ukai,0.0,103.472
2015-06-11,Ukai,0.0,119.187
2015-06-12,Ukai,0.0,134.902
2015-06-13,Ukai,0.0,135.33
2015-06-14,Ukai,0.0,135.757
2015-06-15,Ukai,0.0,136.185
2015-06-16,Ukai,18.177,136.612
2015-06-17,Ukai,36.355,137.039
2015-06-18,Ukai,30.72,137.467
2015-06-19,Ukai,135.437,137.894
2015-06-20,Ukai,90.54,138.322
2015-06-21,Ukai,70.13,138.749
2015-06-22,Ukai,73.584,139.177
2015-06-23,Ukai,210.391,139.604
2015-06-24,Ukai,169.564,140.032
2015-06-25,Ukai,128.738,140.459
2015-06-26,Ukai,87.912,140.887
2015-06-27,Ukai,51.072,141.314
2015-06-28,Ukai,50.51,141.742
2015-06-29,Ukai,36.391,142.169
2015-06-30,Ukai,25.109,142.597
2015-07-01,Ukai,0.0,143.024
2015-07-02,Ukai,0.0,127.839
2015-07-03,Ukai,0.0,107.71
2015-07-04,Ukai,0.0,83.343
2015-07-05,Ukai,0.0,58.622
2015-07-06,Ukai,0.0,38.493
2015-07-07,Ukai,0.0,50.5
2015-07-08,Ukai,0.0,67.239
2015-07-09,Ukai,0.0,83.978
2015-07-10,Ukai,0.0,100.718
2015-07-11,Ukai,0.0,117.457
2015-07-12,Ukai,0.0,134.196
2015-07-13,Ukai,0.0,134.62
2015-07-14,Ukai,0.0,135.043
2015-07-15,Ukai,0.0,135.467
2015-07-16,Ukai,0.0,135.891
2015-07-17,Ukai,0.0,136.315
2015-07-18,Ukai,0.0,136.738
2015-07-19,Ukai,0.0,137.162
2015-07-20,Ukai,0.0,137.586
2015-07-21,Ukai,530.715,138.01
2015-07-22,Ukai,492.055,138.433
2015-07-23,Ukai,389.868,138.857
2015-07-24,Ukai,642.023,139.281
2015-07-25,Ukai,973.815,139.705
2015-07-26,Ukai,677.5,140.129
2015-07-27,Ukai,369.419,140.552
2015-07-28,Ukai,303.58,140.976
2015-07-29,Ukai,224.89,141.4
2015-07-30,Ukai,174.482,141.824
2015-07-31,Ukai,179.626,142.247
2015-08-01,Ukai,137.227,142.671
2015-08-02,Ukai,110.6,127.133
2015-08-03,Ukai,98.053,107.003
2015-08-04,Ukai,110.382,82.283
2015-08-05,Ukai,12938.0,58.622
2015-08-06,Ukai,5197.0,38.14
2015-08-07,Ukai,1929.559,49.794
2015-08-08,Ukai,1166.473,73.308
2015-08-09,Ukai,1125.0,96.821
2015-08-10,Ukai,1420.091,120.335
2015-08-11,Ukai,1107.771,143.848
2015-08-12,Ukai,1081.362,133.136
2015-08-13,Ukai,1290.254,133.613
2015-08-14,Ukai,978.169,134.09
2015-08-15,Ukai,1199.0,134.567
2015-08-16,Ukai,971.9,135.043
2015-08-17,Ukai,781.613,135.52
2015-08-18,Ukai,656.474,135.997
2015-08-19,Ukai,598.801,136.474
2015-08-20,Ukai,487.404,136.95
2015-08-21,Ukai,377.289,137.427
2015-08-22,Ukai,351.034,137.904
2015-08-23,Ukai,277.5,138.381
2015-08-24,Ukai,237.149,138.857
2015-08-25,Ukai,220.906,139.334
2015-08-26,Ukai,199.754,139.811
2015-08-27,Ukai,191.094,140.288
2015-08-28,Ukai,160.519,140.764
2015-08-29,Ukai,154.557,141.241
2015-08-30,Ukai,184.5,141.718
2015-08-31,Ukai,204.093,142.195
2015-09-01,Ukai,338.41,142.671
2015-09-02,Ukai,211.17,126.78
2015-09-03,Ukai,160.835,106.297
2015-09-04,Ukai,150.874,81.224
2015-09-05,Ukai,134.23,58.269
2015-09-06,Ukai,113.6,37.787
2015-09-07,Ukai,125.683,49.441
2015-09-08,Ukai,111.683,74.868
2015-09-09,Ukai,109.464,100.294
2015-09-10,Ukai,113.912,125.72
2015-09-11,Ukai,110.376,151.147
2015-09-12,Ukai,106.209,132.783
2015-09-13,Ukai,81.47,133.304
2015-09-14,Ukai,69.22,133.824
2015-09-15,Ukai,69.891,134.344
2015-09-16,Ukai,70.335,134.865
2015-09-17,Ukai,129.0,135.385
2015-09-18,Ukai,191.698,135.906
2015-09-19,Ukai,410.002,136.426
2015-09-20,Ukai,307.7,136.947
2015-09-21,Ukai,208.365,137.467
2015-09-22,Ukai,161.688,137.987
2015-09-23,Ukai,154.787,138.508
2015-09-24,Ukai,149.646,139.028
2015-09-25,Ukai,110.6,139.549
2015-09-26,Ukai,107.518,140.069
2015-09-27,Ukai,92.86,140.59
2015-09-28,Ukai,78.68,141.11
2015-09-29,Ukai,76.965,141.63
2015-09-30,Ukai,73.672,142.151
2015-10-01,Ukai,66.398,142.671
2015-10-02,Ukai,57.21,126.073
2015-10-03,Ukai,58.128,105.591
2015-10-04,Ukai,49.6,80.164
2015-10-05,Ukai,52.342,57.916
2015-10-06,Ukai,46.43,37.434
2015-10-07,Ukai,37.092,49.087
2015-10-08,Ukai,34.644,74.602
2015-10-09,Ukai,31.641,100.117
2015-10-10,Ukai,29.26,125.632
2015-10-11,Ukai,32.91,151.147
2015-10-12,Ukai,34.54,132.077
2015-10-13,Ukai,26.101,132.589
2015-10-14,Ukai,27.09,133.101
2015-10-15,Ukai,26.12,133.613
2015-10-16,Ukai,23.872,134.125
2015-10-17,Ukai,24.105,134.637
2015-10-18,Ukai,22.08,135.149
2015-10-19,Ukai,21.739,135.661
2015-10-20,Ukai,20.94,136.173
2015-10-21,Ukai,18.667,136.685
2015-10-22,Ukai,14.22,137.197
2015-10-23,Ukai,12.39,137.71
2015-10-24,Ukai,10.62,138.222
2015-10-25,Ukai,8.92,138.734
2015-10-26,Ukai,0.0,139.246
2015-10-27,Ukai,0.0,139.758
2015-10-28,Ukai,0.0,140.27
2015-10-29,Ukai,0.0,140.782
2015-10-30,Ukai,0.0,141.294
2015-10-31,Ukai,0.0,141.806
2015-11-01,Ukai,0.0,142.318
2015-11-02,Ukai,0.0,125.72
2015-11-03,Ukai,0.0,104.178
2015-11-04,Ukai,0.0,78.752
2015-11-05,Ukai,0.0,57.563
2015-11-06,Ukai,0.0,37.434
2015-11-07,Ukai,0.0,48.381
2015-11-08,Ukai,0.0,74.426
2015-11-09,Ukai,0.0,100.47
2015-11-10,Ukai,0.0,126.515
2015-11-11,Ukai,0.0,152.56
2015-11-12,Ukai,0.0,131.371
2015-11-13,Ukai,0.0,131.947
2015-11-14,Ukai,0.0,132.523
2015-11-15,Ukai,0.0,133.099
2015-11-16,Ukai,0.0,133.675
2015-11-17,Ukai,0.0,134.251
2015-11-18,Ukai,0.0,134.828
2015-11-19,Ukai,0.0,135.404
2015-11-20,Ukai,0.0,135.98
2015-11-21,Ukai,0.0,136.556
2015-11-22,Ukai,0.0,137.132
2015-11-23,Ukai,0.0,137.709
2015-11-24,Ukai,0.0,138.285
2015-11-25,Ukai,0.0,138.861
2015-11-26,Ukai,0.0,139.437
2015-11-27,Ukai,0.0,140.013
2015-11-28,Ukai,0.0,140.59
2015-11-29,Ukai,0.0,141.166
2015-11-30,Ukai,0.0,141.742
2015-12-01,Ukai,0.0,142.318
2015-12-02,Ukai,0.0,125.014
2015-12-03,Ukai,0.0,103.119
2015-12-04,Ukai,0.0,77.339
2015-12-05,Ukai,0.0,57.21
2015-12-06,Ukai,0.0,52.619
2015-12-07,Ukai,0.0,48.028
2015-12-08,Ukai,0.0,74.028
2015-12-09,Ukai,0.0,100.029
2015-12-10,Ukai,0.0,126.029
2015-12-11,Ukai,0.0,152.029
2015-12-12,Ukai,0.0,131.017
2015-12-13,Ukai,0.0,130.558
2015-12-14,Ukai,0.0,130.099
2015-12-15,Ukai,0.0,129.64
2015-12-16,Ukai,0.0,129.181
2015-12-17,Ukai,0.0,128.722
2015-12-18,Ukai,0.0,128.263
2015-12-19,Ukai,0.0,127.804
2015-12-20,Ukai,0.0,127.345
2015-12-21,Ukai,0.0,126.886
2015-12-22,Ukai,0.0,126.427
2015-12-23,Ukai,0.0,125.967
2015-12-24,Ukai,0.0,125.508
2015-12-25,Ukai,0.0,125.049
2015-12-26,Ukai,0.0,124.59
2015-12-27,Ukai,0.0,124.131
2015-12-28,Ukai,0.0,123.672
2015-12-29,Ukai,0.0,123.213
2015-12-30,Ukai,0.0,122.754
2015-12-31,Ukai,0.0,122.295
2016-01-01,Ukai,0.0,121.836
2016-01-02,Ukai,0.0,112.301
2016-01-03,Ukai,0.0,88.287
2016-01-04,Ukai,0.0,64.979
2016-01-05,Ukai,0.0,42.378
2016-01-06,Ukai,0.0,21.189
2016-01-07,Ukai,0.0,17.657
2016-01-08,Ukai,0.0,41.621
2016-01-09,Ukai,0.0,65.584
2016-01-10,Ukai,0.0,89.548
2016-01-11,Ukai,0.0,113.511
2016-01-12,Ukai,0.0,137.475
2016-01-13,Ukai,0.0,161.438
2016-01-14,Ukai,0.0,185.402
2016-01-15,Ukai,0.0,181.871
2016-01-16,Ukai,0.0,178.339
2016-01-17,Ukai,0.0,174.808
2016-01-18,Ukai,0.0,171.276
2016-01-19,Ukai,0.0,167.745
2016-01-20,Ukai,0.0,164.213
2016-01-21,Ukai,0.0,160.682
2016-01-22,Ukai,0.0,157.15
2016-01-23,Ukai,0.0,153.619
2016-01-24,Ukai,0.0,150.087
2016-01-25,Ukai,0.0,146.556
2016-01-26,Ukai,0.0,143.024
2016-01-27,Ukai,0.0,139.493
2016-01-28,Ukai,0.0,135.961
2016-01-29,Ukai,0.0,132.43
2016-01-30,Ukai,0.0,128.899
2016-01-31,Ukai,0.0,125.367
2016-02-01,Ukai,0.0,121.836
2016-02-02,Ukai,0.0,111.594
2016-02-03,Ukai,0.0,87.58
2016-02-04,Ukai,0.0,64.626
2016-02-05,Ukai,0.0,42.024
2016-02-06,Ukai,0.0,20.836
2016-02-07,Ukai,0.0,17.657
2016-02-08,Ukai,0.0,41.368
2016-02-09,Ukai,0.0,65.08
2016-02-10,Ukai,0.0,88.791
2016-02-11,Ukai,0.0,112.502
2016-02-12,Ukai,0.0,136.213
2016-02-13,Ukai,0.0,159.925
2016-02-14,Ukai,0.0,183.636
2016-02-15,Ukai,0.0,179.752
2016-02-16,Ukai,0.0,175.867
2016-02-17,Ukai,0.0,171.982
2016-02-18,Ukai,0.0,168.098
2016-02-19,Ukai,0.0,164.213
2016-02-20,Ukai,0.0,160.329
2016-02-21,Ukai,0.0,156.444
2016-02-22,Ukai,0.0,152.559
2016-02-23,Ukai,0.0,148.675
2016-02-24,Ukai,0.0,144.79
2016-02-25,Ukai,0.0,140.906
2016-02-26,Ukai,0.0,137.021
2016-02-27,Ukai,0.0,133.136
2016-02-28,Ukai,0.0,129.252
2016-02-29,Ukai,0.0,125.367
2016-03-01,Ukai,0.0,121.482
2016-03-02,Ukai,0.0,110.535
2016-03-03,Ukai,0.0,87.227
2016-03-04,Ukai,0.0,64.273
2016-03-05,Ukai,0.0,41.318
2016-03-06,Ukai,0.0,20.836
2016-03-07,Ukai,0.0,17.657
2016-03-08,Ukai,0.0,41.383
2016-03-09,Ukai,0.0,65.11
2016-03-10,Ukai,0.0,88.836
2016-03-11,Ukai,0.0,112.563
2016-03-12,Ukai,0.0,136.289
2016-03-13,Ukai,0.0,160.016
2016-03-14,Ukai,0.0,183.742
2016-03-15,Ukai,0.0,180.264
2016-03-16,Ukai,0.0,176.785
2016-03-17,Ukai,0.0,173.307
2016-03-18,Ukai,0.0,169.828
2016-03-19,Ukai,0.0,166.35
2016-03-20,Ukai,0.0,162.871
2016-03-21,Ukai,0.0,159.393
2016-03-22,Ukai,0.0,155.914
2016-03-23,Ukai,0.0,152.436
2016-03-24,Ukai,0.0,148.957
2016-03-25,Ukai,0.0,145.479
2016-03-26,Ukai,0.0,142.0
2016-03-27,Ukai,0.0,138.522
2016-03-28,Ukai,0.0,135.043
2016-03-29,Ukai,0.0,131.565
2016-03-30,Ukai,0.0,128.086
2016-03-31,Ukai,0.0,124.608
2016-04-01,Ukai,0.0,121.129
2016-04-02,Ukai,0.0,103.649
2016-04-03,Ukai,0.0,86.168
2016-04-04,Ukai,0.0,63.92
2016-04-05,Ukai,0.0,40.612
2016-04-06,Ukai,0.0,20.483
2016-04-07,Ukai,0.0,17.657
2016-04-08,Ukai,0.0,41.241
2016-04-09,Ukai,0.0,64.825
2016-04-10,Ukai,0.0,88.409
2016-04-11,Ukai,0.0,111.992
2016-04-12,Ukai,0.0,135.576
2016-04-13,Ukai,0.0,159.16
2016-04-14,Ukai,0.0,182.744
2016-04-15,Ukai,0.0,179.12
2016-04-16,Ukai,0.0,175.495
2016-04-17,Ukai,0.0,171.871
2016-04-18,Ukai,0.0,168.247
2016-04-19,Ukai,0.0,164.622
2016-04-20,Ukai,0.0,160.998
2016-04-21,Ukai,0.0,157.373
2016-04-22,Ukai,0.0,153.749
2016-04-23,Ukai,0.0,150.125
2016-04-24,Ukai,0.0,146.5
2016-04-25,Ukai,0.0,142.876
2016-04-26,Ukai,0.0,139.251
2016-04-27,Ukai,0.0,135.627
2016-04-28,Ukai,0.0,132.003
2016-04-29,Ukai,0.0,128.378
2016-04-30,Ukai,0.0,124.754
2016-05-01,Ukai,0.0,121.129
2016-05-02,Ukai,0.0,108.063
2016-05-03,Ukai,0.0,85.461
2016-05-04,Ukai,0.0,63.213
2016-05-05,Ukai,0.0,39.906
2016-05-06,Ukai,0.0,20.483
2016-05-07,Ukai,0.0,18.01
2016-05-08,Ukai,0.0,41.454
2016-05-09,Ukai,0.0,64.898
2016-05-10,Ukai,0.0,88.342
2016-05-11,Ukai,0.0,111.786
2016-05-12,Ukai,0.0,135.23
2016-05-13,Ukai,0.0,158.674
2016-05-14,Ukai,0.0,182.118
2016-05-15,Ukai,0.0,178.71
2016-05-16,Ukai,0.0,175.302
2016-05-17,Ukai,0.0,171.894
2016-05-18,Ukai,0.0,168.486
2016-05-19,Ukai,0.0,165.078
2016-05-20,Ukai,0.0,161.671
2016-05-21,Ukai,0.0,158.263
2016-05-22,Ukai,0.0,154.855
2016-05-23,Ukai,0.0,151.447
2016-05-24,Ukai,0.0,148.039
2016-05-25,Ukai,0.0,144.631
2016-05-26,Ukai,0.0,141.223
2016-05-27,Ukai,0.0,137.815
2016-05-28,Ukai,0.0,134.408
2016-05-29,Ukai,0.0,131.0
2016-05-30,Ukai,0.0,127.592
2016-05-31,Ukai,0.0,124.184
2016-06-01,Ukai,0.0,120.776
2016-06-02,Ukai,0.0,107.003
2016-06-03,Ukai,0.0,85.108
2016-06-04,Ukai,0.0,62.86
2016-06-05,Ukai,0.0,39.552
2016-06-06,Ukai,0.0,20.483
2016-06-07,Ukai,0.0,20.129
2016-06-08,Ukai,0.0,43.129
2016-06-09,Ukai,0.0,66.128
2016-06-10,Ukai,0.0,89.128
2016-06-11,Ukai,0.0,112.128
2016-06-12,Ukai,0.0,135.128
2016-06-13,Ukai,0.0,158.127
2016-06-14,Ukai,0.0,181.127
2016-06-15,Ukai,0.0,177.577
2016-06-16,Ukai,0.0,174.027
2016-06-17,Ukai,0.0,170.477
2016-06-18,Ukai,0.0,166.927
2016-06-19,Ukai,0.0,163.377
2016-06-20,Ukai,0.0,159.827
2016-06-21,Ukai,0.0,156.277
2016-06-22,Ukai,0.0,152.727
2016-06-23,Ukai,0.0,149.177
2016-06-24,Ukai,0.0,145.627
2016-06-25,Ukai,0.0,142.076
2016-06-26,Ukai,0.0,138.526
2016-06-27,Ukai,0.0,134.976
2016-06-28,Ukai,0.0,131.426
2016-06-29,Ukai,0.0,127.876
2016-06-30,Ukai,0.0,124.326
2016-07-01,Ukai,0.0,120.776
2016-07-02,Ukai,0.0,105.238
2016-07-03,Ukai,0.0,84.402
2016-07-04,Ukai,0.0,62.507
2016-07-05,Ukai,0.0,38.846
2016-07-06,Ukai,0.0,20.129
2016-07-07,Ukai,674.357,20.836
2016-07-08,Ukai,177.019,43.69
2016-07-09,Ukai,87.296,66.543
2016-07-10,Ukai,1025.63,89.397
2016-07-11,Ukai,878.052,112.25
2016-07-12,Ukai,2077.448,135.104
2016-07-13,Ukai,2126.194,157.957
2016-07-14,Ukai,706.749,180.811
2016-07-15,Ukai,591.724,177.456
2016-07-16,Ukai,416.318,174.101
2016-07-17,Ukai,331.08,170.746
2016-07-18,Ukai,314.157,167.392
2016-07-19,Ukai,437.592,164.037
2016-07-20,Ukai,396.556,160.682
2016-07-21,Ukai,300.781,157.327
2016-07-22,Ukai,221.508,153.972
2016-07-23,Ukai,223.691,150.617
2016-07-24,Ukai,472.18,147.262
2016-07-25,Ukai,475.256,143.907
2016-07-26,Ukai,681.706,140.552
2016-07-27,Ukai,722.996,137.197
2016-07-28,Ukai,754.977,133.843
2016-07-29,Ukai,786.958,130.488
2016-07-30,Ukai,649.752,127.133
2016-07-31,Ukai,510.92,123.778
2016-08-01,Ukai,537.03,120.423
2016-08-02,Ukai,1106.302,104.178
2016-08-03,Ukai,1675.573,83.343
2016-08-04,Ukai,2244.845,61.801
2016-08-05,Ukai,872.027,38.493
2016-08-06,Ukai,929.77,20.129
2016-08-07,Ukai,1746.88,21.542
2016-08-08,Ukai,1328.209,21.107
2016-08-09,Ukai,909.537,20.672
2016-08-10,Ukai,825.116,20.237
2016-08-11,Ukai,740.695,19.803
2016-08-12,Ukai,597.357,19.368
2016-08-13,Ukai,554.844,18.933
2016-08-14,Ukai,550.18,18.498
2016-08-15,Ukai,502.26,18.063
2016-08-16,Ukai,501.69,24.085
2016-08-17,Ukai,403.189,30.106
2016-08-18,Ukai,339.807,36.127
2016-08-19,Ukai,264.796,42.148
2016-08-20,Ukai,272.66,48.169
2016-08-21,Ukai,248.74,54.19
2016-08-22,Ukai,244.437,60.212
2016-08-23,Ukai,227.239,66.233
2016-08-24,Ukai,211.495,72.254
2016-08-25,Ukai,207.38,78.275
2016-08-26,Ukai,199.129,84.296
2016-08-27,Ukai,169.032,90.317
2016-08-28,Ukai,214.8,96.338
2016-08-29,Ukai,240.925,102.36
2016-08-30,Ukai,273.427,108.381
2016-08-31,Ukai,224.627,114.402
2016-09-01,Ukai,368.375,120.423
2016-09-02,Ukai,545.004,103.472
2016-09-03,Ukai,514.519,82.636
2016-09-04,Ukai,347.21,61.094
2016-09-05,Ukai,272.567,37.787
2016-09-06,Ukai,239.874,19.776
2016-09-07,Ukai,194.134,22.601
2016-09-08,Ukai,192.977,44.831
2016-09-09,Ukai,176.263,67.06
2016-09-10,Ukai,170.101,89.29
2016-09-11,Ukai,139.36,111.52
2016-09-12,Ukai,120.716,133.75
2016-09-13,Ukai,118.94,155.979
2016-09-14,Ukai,97.238,178.209
2016-09-15,Ukai,88.963,174.789
2016-09-16,Ukai,95.88,171.369
2016-09-17,Ukai,247.24,167.949
2016-09-18,Ukai,497.94,164.529
2016-09-19,Ukai,312.089,161.109
2016-09-20,Ukai,332.513,157.689
2016-09-21,Ukai,388.636,154.269
2016-09-22,Ukai,469.941,150.849
2016-09-23,Ukai,307.118,147.429
2016-09-24,Ukai,378.855,144.009
2016-09-25,Ukai,582.48,140.59
2016-09-26,Ukai,496.175,137.17
2016-09-27,Ukai,368.019,133.75
2016-09-28,Ukai,248.592,130.33
2016-09-29,Ukai,228.929,126.91
2016-09-30,Ukai,334.699,123.49
2016-10-01,Ukai,353.796,120.07
2016-10-02,Ukai,509.11,102.413
2016-10-03,Ukai,435.763,81.577
2016-10-04,Ukai,362.417,60.388
2016-10-05,Ukai,271.037,37.787
2016-10-06,Ukai,277.66,19.776
2016-10-07,Ukai,376.547,23.308
2016-10-08,Ukai,258.971,45.481
2016-10-09,Ukai,321.87,67.653
2016-10-10,Ukai,321.515,89.826
2016-10-11,Ukai,282.56,111.998
2016-10-12,Ukai,259.11,134.171
2016-10-13,Ukai,165.919,156.343
2016-10-14,Ukai,148.183,178.516
2016-10-15,Ukai,134.927,175.249
2016-10-16,Ukai,128.45,171.982
2016-10-17,Ukai,121.064,168.716
2016-10-18,Ukai,110.31,165.449
2016-10-19,Ukai,99.555,162.183
2016-10-20,Ukai,96.663,158.916
2016-10-21,Ukai,97.1,155.649
2016-10-22,Ukai,89.778,152.383
2016-10-23,Ukai,78.15,149.116
2016-10-24,Ukai,88.022,145.85
2016-10-25,Ukai,83.442,142.583
2016-10-26,Ukai,79.28,139.316
2016-10-27,Ukai,75.404,136.05
2016-10-28,Ukai,72.938,132.783
2016-10-29,Ukai,70.21,129.517
2016-10-30,Ukai,62.27,126.25
2016-10-31,Ukai,56.895,122.983
2016-11-01,Ukai,54.02,119.717
2016-11-02,Ukai,51.88,101.706
2016-11-03,Ukai,49.855,80.517
2016-11-04,Ukai,39.96,59.682
2016-11-05,Ukai,34.147,37.434
2016-11-06,Ukai,38.1,19.776
2016-11-07,Ukai,29.35,24.367
2016-11-08,Ukai,29.078,46.334
2016-11-09,Ukai,29.134,68.301
2016-11-10,Ukai,26.766,90.268
2016-11-11,Ukai,26.321,112.234
2016-11-12,Ukai,23.828,134.201
2016-11-13,Ukai,25.99,156.168
2016-11-14,Ukai,24.39,178.135
2016-11-15,Ukai,22.39,174.677
2016-11-16,Ukai,19.24,171.22
2016-11-17,Ukai,18.586,167.763
2016-11-18,Ukai,18.079,164.306
2016-11-19,Ukai,16.931,160.849
2016-11-20,Ukai,12.95,157.392
2016-11-21,Ukai,9.381,153.935
2016-11-22,Ukai,5.274,150.478
2016-11-23,Ukai,4.723,147.021
2016-11-24,Ukai,5.158,143.563
2016-11-25,Ukai,6.533,140.106
2016-11-26,Ukai,6.327,136.649
2016-11-27,Ukai,6.15,133.192
2016-11-28,Ukai,5.775,129.735
2016-11-29,Ukai,5.949,126.278
2016-11-30,Ukai,5.844,122.821
2016-12-01,Ukai,5.773,119.364
2016-12-02,Ukai,5.657,101.0
2016-12-03,Ukai,5.686,79.458
2016-12-04,Ukai,4.73,58.975
2016-12-05,Ukai,5.435,36.727
2016-12-06,Ukai,5.37,19.423
2016-12-07,Ukai,5.161,26.486
2016-12-08,Ukai,5.04,49.062
2016-12-09,Ukai,5.498,71.638
2016-12-10,Ukai,5.458,94.214
2016-12-11,Ukai,4.73,116.791
2016-12-12,Ukai,4.73,139.367
2016-12-13,Ukai,5.571,161.943
2016-12-14,Ukai,5.599,184.519
2016-12-15,Ukai,5.626,184.431
2016-12-16,Ukai,5.533,184.343
2016-12-17,Ukai,5.435,184.254
2016-12-18,Ukai,4.29,184.166
2016-12-19,Ukai,5.34,184.078
2016-12-20,Ukai,5.283,183.989
2016-12-21,Ukai,4.946,183.901
2016-12-22,Ukai,4.829,183.813
2016-12-23,Ukai,4.76,183.725
2016-12-24,Ukai,4.669,183.636
2016-12-25,Ukai,4.29,183.548
2016-12-26,Ukai,4.569,183.46
2016-12-27,Ukai,4.447,183.371
2016-12-28,Ukai,4.503,183.283
2016-12-29,Ukai,4.411,183.195
2016-12-30,Ukai,4.305,183.107
2016-12-31,Ukai,4.19,183.018
2017-01-01,Ukai,3.86,182.93
2017-01-02,Ukai,4.095,177.28
2017-01-03,Ukai,4.048,154.148
2017-01-04,Ukai,3.042,131.017
2017-01-05,Ukai,2.988,108.651
2017-01-06,Ukai,3.027,86.286
2017-01-07,Ukai,2.914,63.92
2017-01-08,Ukai,3.45,85.815
2017-01-09,Ukai,2.816,101.0
2017-01-10,Ukai,2.804,122.542
2017-01-11,Ukai,2.73,124.308
2017-01-12,Ukai,3.962,108.063
2017-01-13,Ukai,3.837,111.806
2017-01-14,Ukai,3.729,115.55
2017-01-15,Ukai,3.45,119.293
2017-01-16,Ukai,3.58,123.036
2017-01-17,Ukai,3.423,126.78
2017-01-18,Ukai,3.249,130.523
2017-01-19,Ukai,3.521,134.266
2017-01-20,Ukai,3.371,138.01
2017-01-21,Ukai,3.174,141.753
2017-01-22,Ukai,3.05,145.496
2017-01-23,Ukai,3.054,149.24
2017-01-24,Ukai,2.928,152.983
2017-01-25,Ukai,2.813,156.726
2017-01-26,Ukai,2.813,160.47
2017-01-27,Ukai,2.718,164.213
2017-01-28,Ukai,3.438,167.957
2017-01-29,Ukai,2.68,171.7
2017-01-30,Ukai,3.208,175.443
2017-01-31,Ukai,3.195,179.187
2017-02-01,Ukai,3.169,182.93
2017-02-02,Ukai,3.199,176.926
2017-02-03,Ukai,2.719,153.618
2017-02-04,Ukai,2.593,130.311
2017-02-05,Ukai,2.31,108.181
2017-02-06,Ukai,2.687,86.05
2017-02-07,Ukai,2.366,63.92
2017-02-08,Ukai,2.044,87.934
2017-02-09,Ukai,2.065,101.0
2017-02-10,Ukai,2.019,122.189
2017-02-11,Ukai,1.582,123.601
2017-02-12,Ukai,1.65,107.357
2017-02-13,Ukai,1.5,111.781
2017-02-14,Ukai,1.472,116.206
2017-02-15,Ukai,1.436,120.631
2017-02-16,Ukai,1.401,125.055
2017-02-17,Ukai,1.343,129.48
2017-02-18,Ukai,1.319,133.905
2017-02-19,Ukai,1.65,138.33
2017-02-20,Ukai,1.312,142.754
2017-02-21,Ukai,1.277,147.179
2017-02-22,Ukai,1.12,151.604
2017-02-23,Ukai,1.089,156.029
2017-02-24,Ukai,1.34,160.453
2017-02-25,Ukai,1.068,164.878
2017-02-26,Ukai,1.34,169.303
2017-02-27,Ukai,1.073,173.727
2017-02-28,Ukai,0.995,178.152
2017-03-01,Ukai,0.969,182.577
2017-03-02,Ukai,0.936,169.158
2017-03-03,Ukai,0.912,155.738
2017-03-04,Ukai,0.861,132.784
2017-03-05,Ukai,1.06,109.829
2017-03-06,Ukai,0.81,86.874
2017-03-07,Ukai,0.0,63.92
2017-03-08,Ukai,0.0,90.052
2017-03-09,Ukai,0.0,101.353
2017-03-10,Ukai,0.0,122.189
2017-03-11,Ukai,0.0,122.542
2017-03-12,Ukai,0.0,106.65
2017-03-13,Ukai,0.0,110.447
2017-03-14,Ukai,0.0,114.243
2017-03-15,Ukai,0.0,118.039
2017-03-16,Ukai,0.0,121.836
2017-03-17,Ukai,0.0,125.632
2017-03-18,Ukai,0.0,129.428
2017-03-19,Ukai,0.0,133.225
2017-03-20,Ukai,0.0,137.021
2017-03-21,Ukai,0.0,140.817
2017-03-22,Ukai,0.0,144.614
2017-03-23,Ukai,0.0,148.41
2017-03-24,Ukai,0.0,152.206
2017-03-25,Ukai,0.0,156.003
2017-03-26,Ukai,0.0,159.799
2017-03-27,Ukai,0.0,163.595
2017-03-28,Ukai,0.0,167.392
2017-03-29,Ukai,0.0,171.188
2017-03-30,Ukai,0.0,174.984
2017-03-31,Ukai,0.0,178.781
2017-04-01,Ukai,0.0,182.577
2017-04-02,Ukai,0.0,176.926
2017-04-03,Ukai,0.0,154.678
2017-04-04,Ukai,0.0,131.988
2017-04-05,Ukai,0.0,109.299
2017-04-06,Ukai,0.0,86.61
2017-04-07,Ukai,0.0,63.92
2017-04-08,Ukai,0.0,82.989
2017-04-09,Ukai,0.0,102.059
2017-04-10,Ukai,0.0,121.482
2017-04-11,Ukai,0.0,121.836
2017-04-12,Ukai,0.0,105.944
2017-04-13,Ukai,0.0,109.959
2017-04-14,Ukai,0.0,113.973
2017-04-15,Ukai,0.0,117.988
2017-04-16,Ukai,0.0,122.003
2017-04-17,Ukai,0.0,126.018
2017-04-18,Ukai,0.0,130.032
2017-04-19,Ukai,0.0,134.047
2017-04-20,Ukai,0.0,138.062
2017-04-21,Ukai,0.0,142.076
2017-04-22,Ukai,0.0,146.091
2017-04-23,Ukai,0.0,150.106
2017-04-24,Ukai,0.0,154.121
2017-04-25,Ukai,0.0,158.135
2017-04-26,Ukai,0.0,162.15
2017-04-27,Ukai,0.0,166.165
2017-04-28,Ukai,0.0,170.18
2017-04-29,Ukai,0.0,174.194
2017-04-30,Ukai,0.0,178.209
2017-05-01,Ukai,0.0,182.224
2017-05-02,Ukai,0.0,168.098
2017-05-03,Ukai,0.0,153.972
2017-05-04,Ukai,0.0,131.547
2017-05-05,Ukai,0.0,109.122
2017-05-06,Ukai,0.0,86.698
2017-05-07,Ukai,0.0,64.273
2017-05-08,Ukai,0.0,83.52
2017-05-09,Ukai,0.0,102.766
2017-05-10,Ukai,0.0,120.776
2017-05-11,Ukai,0.0,121.129
2017-05-12,Ukai,0.0,104.885
2017-05-13,Ukai,0.0,108.752
2017-05-14,Ukai,0.0,112.618
2017-05-15,Ukai,0.0,116.485
2017-05-16,Ukai,0.0,120.352
2017-05-17,Ukai,0.0,124.219
2017-05-18,Ukai,0.0,128.086
2017-05-19,Ukai,0.0,131.953
2017-05-20,Ukai,0.0,135.82
2017-05-21,Ukai,0.0,139.687
2017-05-22,Ukai,0.0,143.554
2017-05-23,Ukai,0.0,147.421
2017-05-24,Ukai,0.0,151.288
2017-05-25,Ukai,0.0,155.155
2017-05-26,Ukai,0.0,159.022
2017-05-27,Ukai,0.0,162.889
2017-05-28,Ukai,0.0,166.756
2017-05-29,Ukai,0.0,170.623
2017-05-30,Ukai,0.0,174.49
2017-05-31,Ukai,0.0,178.357
2017-06-01,Ukai,0.287,182.224
2017-06-02,Ukai,0.575,175.161
2017-06-03,Ukai,0.862,152.913
2017-06-04,Ukai,1.149,130.93
2017-06-05,Ukai,1.436,108.946
2017-06-06,Ukai,1.724,86.962
2017-06-07,Ukai,2.011,64.979
2017-06-08,Ukai,2.298,83.872
2017-06-09,Ukai,2.585,102.766
2017-06-10,Ukai,2.873,120.07
2017-06-11,Ukai,3.16,120.776
2017-06-12,Ukai,3.447,104.885
2017-06-13,Ukai,3.734,108.955
2017-06-14,Ukai,4.022,113.026
2017-06-15,Ukai,4.309,117.096
2017-06-16,Ukai,4.596,121.166
2017-06-17,Ukai,4.883,125.237
2017-06-18,Ukai,5.171,129.307
2017-06-19,Ukai,5.458,133.378
2017-06-20,Ukai,6.259,137.448
2017-06-21,Ukai,3.862,141.519
2017-06-22,Ukai,2.913,145.589
2017-06-23,Ukai,5.15,149.66
2017-06-24,Ukai,9.746,153.73
2017-06-25,Ukai,7.395,157.801
2017-06-26,Ukai,5.043,161.871
2017-06-27,Ukai,2.692,165.942
2017-06-28,Ukai,1.855,170.012
2017-06-29,Ukai,1.866,174.083
2017-06-30,Ukai,1.481,178.153
2017-07-01,Ukai,1.52,182.224
2017-07-02,Ukai,1.382,175.161
2017-07-03,Ukai,1.243,152.206
2017-07-04,Ukai,1.19,130.399
2017-07-05,Ukai,1.134,108.592
2017-07-06,Ukai,1.102,86.786
2017-07-07,Ukai,1.052,64.979
2017-07-08,Ukai,1.219,84.049
2017-07-09,Ukai,5.255,103.119
2017-07-10,Ukai,9.291,119.717
2017-07-11,Ukai,8.455,120.07
2017-07-12,Ukai,5.777,104.531
2017-07-13,Ukai,8.043,108.398
2017-07-14,Ukai,24.75,112.265
2017-07-15,Ukai,72.441,116.132
2017-07-16,Ukai,96.613,119.999
2017-07-17,Ukai,120.785,123.866
2017-07-18,Ukai,104.897,127.733
2017-07-19,Ukai,115.951,131.6
2017-07-20,Ukai,296.387,135.467
2017-07-21,Ukai,932.666,139.334
2017-07-22,Ukai,502.652,143.201
2017-07-23,Ukai,349.789,147.068
2017-07-24,Ukai,196.926,150.935
2017-07-25,Ukai,168.162,154.802
2017-07-26,Ukai,149.112,158.669
2017-07-27,Ukai,139.492,162.536
2017-07-28,Ukai,325.374,166.403
2017-07-29,Ukai,629.243,170.27
2017-07-30,Ukai,467.422,174.137
2017-07-31,Ukai,305.602,178.004
2017-08-01,Ukai,219.637,181.871
2017-08-02,Ukai,179.07,175.161
2017-08-03,Ukai,180.013,149.558
2017-08-04,Ukai,150.086,123.954
2017-08-05,Ukai,112.994,104.178
2017-08-06,Ukai,94.846,84.402
2017-08-07,Ukai,76.698,64.626
2017-08-08,Ukai,67.119,83.872
2017-08-09,Ukai,64.987,103.119
2017-08-10,Ukai,63.213,119.364
2017-08-11,Ukai,69.52,119.01
2017-08-12,Ukai,70.131,103.825
2017-08-13,Ukai,67.982,107.727
2017-08-14,Ukai,65.834,111.63
2017-08-15,Ukai,57.549,115.532
2017-08-16,Ukai,49.264,119.434
2017-08-17,Ukai,46.275,123.336
2017-08-18,Ukai,39.902,127.239
2017-08-19,Ukai,37.719,131.141
2017-08-20,Ukai,41.996,135.043
2017-08-21,Ukai,46.274,138.946
2017-08-22,Ukai,58.168,142.848
2017-08-23,Ukai,80.502,146.75
2017-08-24,Ukai,70.868,150.652
2017-08-25,Ukai,318.055,154.555
2017-08-26,Ukai,565.242,158.457
2017-08-27,Ukai,439.925,162.359
2017-08-28,Ukai,314.608,166.261
2017-08-29,Ukai,365.151,170.164
2017-08-30,Ukai,490.636,174.066
2017-08-31,Ukai,424.81,177.968
2017-09-01,Ukai,358.716,181.871
2017-09-02,Ukai,299.459,175.161
2017-09-03,Ukai,240.202,149.734
2017-09-04,Ukai,180.945,128.369
2017-09-05,Ukai,175.99,107.004
2017-09-06,Ukai,151.601,85.638
2017-09-07,Ukai,127.212,64.273
2017-09-08,Ukai,110.929,83.696
2017-09-09,Ukai,101.9,103.119
2017-09-10,Ukai,107.488,119.364
2017-09-11,Ukai,113.076,117.951
2017-09-12,Ukai,241.346,103.119
2017-09-13,Ukai,196.199,107.245
2017-09-14,Ukai,282.247,111.371
2017-09-15,Ukai,368.295,115.498
2017-09-16,Ukai,637.554,119.624
2017-09-17,Ukai,575.154,123.75
2017-09-18,Ukai,313.925,127.876
2017-09-19,Ukai,375.14,132.003
2017-09-20,Ukai,436.354,136.129
2017-09-21,Ukai,445.488,140.255
2017-09-22,Ukai,555.163,144.381
2017-09-23,Ukai,470.56,148.507
2017-09-24,Ukai,399.456,152.634
2017-09-25,Ukai,328.352,156.76
2017-09-26,Ukai,280.304,160.886
2017-09-27,Ukai,242.083,165.012
2017-09-28,Ukai,210.695,169.139
2017-09-29,Ukai,172.422,173.265
2017-09-30,Ukai,159.57,177.391
2017-10-01,Ukai,146.718,181.517
2017-10-02,Ukai,133.865,175.867
2017-10-03,Ukai,121.013,153.548
2017-10-04,Ukai,111.991,131.229
2017-10-05,Ukai,94.765,108.911
2017-10-06,Ukai,80.56,86.592
2017-10-07,Ukai,75.378,64.273
2017-10-08,Ukai,91.524,83.696
2017-10-09,Ukai,107.67,103.119
2017-10-10,Ukai,120.917,119.01
2017-10-11,Ukai,319.076,116.892
2017-10-12,Ukai,193.897,102.059
2017-10-13,Ukai,171.964,106.032
2017-10-14,Ukai,167.108,110.005
2017-10-15,Ukai,157.93,113.978
2017-10-16,Ukai,148.753,117.951
2017-10-17,Ukai,119.109,121.924
2017-10-18,Ukai,100.048,125.897
2017-10-19,Ukai,86.617,129.87
2017-10-20,Ukai,73.186,133.843
2017-10-21,Ukai,64.015,137.815
2017-10-22,Ukai,55.91,141.788
2017-10-23,Ukai,47.805,145.761
2017-10-24,Ukai,55.064,149.734
2017-10-25,Ukai,53.451,153.707
2017-10-26,Ukai,49.569,157.68
2017-10-27,Ukai,48.173,161.653
2017-10-28,Ukai,47.327,165.626
2017-10-29,Ukai,41.631,169.599
2017-10-30,Ukai,35.934,173.572
2017-10-31,Ukai,30.238,177.544
2017-11-01,Ukai,24.612,181.517
2017-11-02,Ukai,19.344,175.514
2017-11-03,Ukai,15.922,153.195
2017-11-04,Ukai,16.997,130.876
2017-11-05,Ukai,18.073,108.558
2017-11-06,Ukai,19.148,86.239
2017-11-07,Ukai,20.224,63.92
2017-11-08,Ukai,21.299,83.52
2017-11-09,Ukai,22.375,103.119
2017-11-10,Ukai,23.45,119.717
2017-11-11,Ukai,24.526,115.832
2017-11-12,Ukai,25.601,101.0
2017-11-13,Ukai,26.677,105.219
2017-11-14,Ukai,27.752,109.438
2017-11-15,Ukai,28.828,113.657
2017-11-16,Ukai,29.903,117.877
2017-11-17,Ukai,30.979,122.096
2017-11-18,Ukai,32.054,126.315
2017-11-19,Ukai,33.13,130.534
2017-11-20,Ukai,34.205,134.753
2017-11-21,Ukai,35.281,138.973
2017-11-22,Ukai,36.356,143.192
2017-11-23,Ukai,37.432,147.411
2017-11-24,Ukai,38.507,151.63
2017-11-25,Ukai,39.583,155.849
2017-11-26,Ukai,40.658,160.068
2017-11-27,Ukai,41.734,164.288
2017-11-28,Ukai,42.809,168.507
2017-11-29,Ukai,43.885,172.726
2017-11-30,Ukai,44.96,176.945
2017-12-01,Ukai,46.035,181.164
2017-12-02,Ukai,47.111,175.161
2017-12-03,Ukai,48.186,152.842
2017-12-04,Ukai,49.262,130.523
2017-12-05,Ukai,50.337,108.204
2017-12-06,Ukai,51.413,85.885
2017-12-07,Ukai,52.488,63.566
2017-12-08,Ukai,53.564,83.519
2017-12-09,Ukai,54.639,103.472
2017-12-10,Ukai,55.715,119.717
2017-12-11,Ukai,56.79,114.773
2017-12-12,Ukai,57.866,100.294
2017-12-13,Ukai,58.941,99.993
2017-12-14,Ukai,60.017,99.693
2017-12-15,Ukai,61.092,99.393
2017-12-16,Ukai,62.168,99.093
2017-12-17,Ukai,63.243,98.793
2017-12-18,Ukai,64.319,98.493
2017-12-19,Ukai,65.394,98.192
2017-12-20,Ukai,66.47,97.892
2017-12-21,Ukai,67.545,97.592
2017-12-22,Ukai,68.621,97.292
2017-12-23,Ukai,69.696,96.992
2017-12-24,Ukai,70.772,96.692
2017-12-25,Ukai,71.847,96.391
2017-12-26,Ukai,72.923,96.091
2017-12-27,Ukai,73.998,95.791
2017-12-28,Ukai,75.073,95.491
2017-12-29,Ukai,76.149,95.191
2017-12-30,Ukai,77.224,94.891
2017-12-31,Ukai,78.3,94.59
2018-01-01,Ukai,79.375,94.29
2018-01-02,Ukai,80.451,88.993
2018-01-03,Ukai,81.526,75.926
2018-01-04,Ukai,82.602,62.86
2018-01-05,Ukai,83.677,45.556
2018-01-06,Ukai,84.753,26.486
2018-01-07,Ukai,85.828,19.776
2018-01-08,Ukai,86.904,37.522
2018-01-09,Ukai,87.979,55.267
2018-01-10,Ukai,89.055,73.013
2018-01-11,Ukai,90.13,90.758
2018-01-12,Ukai,91.206,80.164
2018-01-13,Ukai,92.281,80.853
2018-01-14,Ukai,93.357,81.542
2018-01-15,Ukai,94.432,82.23
2018-01-16,Ukai,95.508,82.919
2018-01-17,Ukai,96.583,83.607
2018-01-18,Ukai,97.659,84.296
2018-01-19,Ukai,98.734,84.985
2018-01-20,Ukai,99.81,85.673
2018-01-21,Ukai,100.885,86.362
2018-01-22,Ukai,101.96,87.051
2018-01-23,Ukai,103.036,87.739
2018-01-24,Ukai,104.111,88.428
2018-01-25,Ukai,105.187,89.117
2018-01-26,Ukai,106.262,89.805
2018-01-27,Ukai,107.338,90.494
2018-01-28,Ukai,108.413,91.182
2018-01-29,Ukai,109.489,91.871
2018-01-30,Ukai,110.564,92.56
2018-01-31,Ukai,111.64,93.248
2018-02-01,Ukai,112.715,93.937
2018-02-02,Ukai,113.791,88.993
2018-02-03,Ukai,114.866,74.161
2018-02-04,Ukai,115.942,62.507
2018-02-05,Ukai,117.017,44.85
2018-02-06,Ukai,118.093,26.133
2018-02-07,Ukai,119.168,19.776
2018-02-08,Ukai,120.244,36.021
2018-02-09,Ukai,121.319,52.266
2018-02-10,Ukai,122.395,68.51
2018-02-11,Ukai,123.47,84.755
2018-02-12,Ukai,124.546,80.164
2018-02-13,Ukai,125.621,80.954
2018-02-14,Ukai,126.697,81.743
2018-02-15,Ukai,127.772,82.532
2018-02-16,Ukai,128.848,83.322
2018-02-17,Ukai,129.923,84.111
2018-02-18,Ukai,130.998,84.901
2018-02-19,Ukai,132.074,85.69
2018-02-20,Ukai,133.149,86.479
2018-02-21,Ukai,134.225,87.269
2018-02-22,Ukai,135.3,88.058
2018-02-23,Ukai,136.376,88.848
2018-02-24,Ukai,137.451,89.637
2018-02-25,Ukai,138.527,90.426
2018-02-26,Ukai,139.602,91.216
2018-02-27,Ukai,140.678,92.005
2018-02-28,Ukai,141.753,92.794
2018-03-01,Ukai,142.829,93.584
2018-03-02,Ukai,143.904,88.64
2018-03-03,Ukai,144.98,70.629
2018-03-04,Ukai,146.055,61.448
2018-03-05,Ukai,147.131,44.143
2018-03-06,Ukai,148.206,25.427
2018-03-07,Ukai,149.282,19.776
2018-03-08,Ukai,150.357,35.933
2018-03-09,Ukai,151.433,52.089
2018-03-10,Ukai,152.508,68.246
2018-03-11,Ukai,153.584,84.402
2018-03-12,Ukai,154.659,79.811
2018-03-13,Ukai,155.735,80.5
2018-03-14,Ukai,156.81,81.188
2018-03-15,Ukai,157.886,81.877
2018-03-16,Ukai,158.961,82.566
2018-03-17,Ukai,160.036,83.254
2018-03-18,Ukai,161.112,83.943
2018-03-19,Ukai,162.187,84.632
2018-03-20,Ukai,163.263,85.32
2018-03-21,Ukai,164.338,86.009
2018-03-22,Ukai,165.414,86.698
2018-03-23,Ukai,166.489,87.386
2018-03-24,Ukai,167.565,88.075
2018-03-25,Ukai,168.64,88.763
2018-03-26,Ukai,169.716,89.452
2018-03-27,Ukai,170.791,90.141
2018-03-28,Ukai,171.867,90.829
2018-03-29,Ukai,172.942,91.518
2018-03-30,Ukai,174.018,92.207
2018-03-31,Ukai,175.093,92.895
2018-04-01,Ukai,176.169,93.584
2018-04-02,Ukai,177.244,88.64
2018-04-03,Ukai,178.32,69.57
2018-04-04,Ukai,179.395,61.094
2018-04-05,Ukai,180.471,43.79
2018-04-06,Ukai,181.546,25.073
2018-04-07,Ukai,182.622,19.776
2018-04-08,Ukai,183.697,35.933
2018-04-09,Ukai,184.773,52.089
2018-04-10,Ukai,185.848,68.246
2018-04-11,Ukai,186.924,84.402
2018-04-12,Ukai,187.999,79.458
2018-04-13,Ukai,189.074,80.183
2018-04-14,Ukai,190.15,80.908
2018-04-15,Ukai,191.225,81.633
2018-04-16,Ukai,192.301,82.358
2018-04-17,Ukai,193.376,83.082
2018-04-18,Ukai,194.452,83.807
2018-04-19,Ukai,195.527,84.532
2018-04-20,Ukai,196.603,85.257
2018-04-21,Ukai,197.678,85.982
2018-04-22,Ukai,198.754,86.707
2018-04-23,Ukai,199.829,87.432
2018-04-24,Ukai,200.905,88.157
2018-04-25,Ukai,201.98,88.881
2018-04-26,Ukai,203.056,89.606
2018-04-27,Ukai,204.131,90.331
2018-04-28,Ukai,205.207,91.056
2018-04-29,Ukai,206.282,91.781
2018-04-30,Ukai,207.358,92.506
2018-05-01,Ukai,208.433,93.231
2018-05-02,Ukai,209.509,88.64
2018-05-03,Ukai,210.584,68.864
2018-05-04,Ukai,211.66,60.388
2018-05-05,Ukai,212.735,45.203
2018-05-06,Ukai,213.811,25.073
2018-05-07,Ukai,214.886,19.776
2018-05-08,Ukai,215.962,35.933
2018-05-09,Ukai,217.037,52.089
2018-05-10,Ukai,218.112,68.246
2018-05-11,Ukai,219.188,84.402
2018-05-12,Ukai,220.263,78.045
2018-05-13,Ukai,221.339,78.805
2018-05-14,Ukai,222.414,79.564
2018-05-15,Ukai,223.49,80.323
2018-05-16,Ukai,224.565,81.082
2018-05-17,Ukai,225.641,81.842
2018-05-18,Ukai,226.716,82.601
2018-05-19,Ukai,227.792,83.36
2018-05-20,Ukai,228.867,84.12
2018-05-21,Ukai,229.943,84.879
2018-05-22,Ukai,231.018,85.638
2018-05-23,Ukai,232.094,86.397
2018-05-24,Ukai,233.169,87.157
2018-05-25,Ukai,234.245,87.916
2018-05-26,Ukai,235.32,88.675
2018-05-27,Ukai,236.396,89.434
2018-05-28,Ukai,237.471,90.194
2018-05-29,Ukai,238.547,90.953
2018-05-30,Ukai,239.622,91.712
2018-05-31,Ukai,240.698,92.471
2018-06-01,Ukai,241.773,93.231
2018-06-02,Ukai,242.849,88.287
2018-06-03,Ukai,243.924,68.864
2018-06-04,Ukai,244.999,60.035
2018-06-05,Ukai,246.075,43.084
2018-06-06,Ukai,247.15,24.72
2018-06-07,Ukai,248.226,19.776
2018-06-08,Ukai,249.301,35.844
2018-06-09,Ukai,250.377,51.913
2018-06-10,Ukai,251.452,67.981
2018-06-11,Ukai,252.528,84.049
2018-06-12,Ukai,253.603,76.986
2018-06-13,Ukai,254.679,77.822
2018-06-14,Ukai,255.754,78.659
2018-06-15,Ukai,256.83,79.495
2018-06-16,Ukai,257.905,80.332
2018-06-17,Ukai,258.981,81.168
2018-06-18,Ukai,260.056,82.004
2018-06-19,Ukai,261.132,82.841
2018-06-20,Ukai,262.207,83.677
2018-06-21,Ukai,263.283,84.514
2018-06-22,Ukai,264.358,85.35
2018-06-23,Ukai,265.434,86.186
2018-06-24,Ukai,266.509,87.023
2018-06-25,Ukai,267.585,87.859
2018-06-26,Ukai,268.66,88.696
2018-06-27,Ukai,269.736,89.532
2018-06-28,Ukai,270.811,90.368
2018-06-29,Ukai,271.887,91.205
2018-06-30,Ukai,272.962,92.041
2018-07-01,Ukai,274.037,92.878
2018-07-02,Ukai,275.113,88.287
2018-07-03,Ukai,276.188,68.51
2018-07-04,Ukai,277.264,59.329
2018-07-05,Ukai,278.339,42.731
2018-07-06,Ukai,279.415,24.72
2018-07-07,Ukai,280.49,19.776
2018-07-08,Ukai,281.566,35.844
2018-07-09,Ukai,282.641,51.913
2018-07-10,Ukai,283.717,67.981
2018-07-11,Ukai,284.792,84.049
2018-07-12,Ukai,285.868,75.573
2018-07-13,Ukai,286.943,76.439
2018-07-14,Ukai,288.019,77.304
2018-07-15,Ukai,289.094,78.169
2018-07-16,Ukai,290.17,79.034
2018-07-17,Ukai,291.245,79.899
2018-07-18,Ukai,292.321,80.765
2018-07-19,Ukai,293.396,81.63
2018-07-20,Ukai,294.472,82.495
2018-07-21,Ukai,295.547,83.36
2018-07-22,Ukai,296.623,84.225
2018-07-23,Ukai,297.698,85.091
2018-07-24,Ukai,298.774,85.956
2018-07-25,Ukai,299.849,86.821
2018-07-26,Ukai,300.925,87.686
2018-07-27,Ukai,302.0,88.552
2018-07-28,Ukai,245.5,89.417
2018-07-29,Ukai,225.8,90.282
2018-07-30,Ukai,172.721,91.147
2018-07-31,Ukai,137.121,92.012
2018-08-01,Ukai,126.969,92.878
2018-08-02,Ukai,109.685,87.934
2018-08-03,Ukai,91.784,73.102
2018-08-04,Ukai,83.389,58.269
2018-08-05,Ukai,72.626,42.024
2018-08-06,Ukai,61.864,24.367
2018-08-07,Ukai,59.599,21.542
2018-08-08,Ukai,49.661,37.08
2018-08-09,Ukai,46.735,52.619
2018-08-10,Ukai,59.609,68.158
2018-08-11,Ukai,68.277,83.696
2018-08-12,Ukai,72.725,74.867
2018-08-13,Ukai,77.173,75.768
2018-08-14,Ukai,87.134,76.668
2018-08-15,Ukai,78.65,77.569
2018-08-16,Ukai,70.165,78.469
2018-08-17,Ukai,1348.712,79.37
2018-08-18,Ukai,476.307,80.27
2018-08-19,Ukai,463.911,81.171
2018-08-20,Ukai,451.515,82.071
2018-08-21,Ukai,1421.222,82.972
2018-08-22,Ukai,1227.414,83.872
2018-08-23,Ukai,1033.605,84.773
2018-08-24,Ukai,709.044,85.673
2018-08-25,Ukai,494.299,86.574
2018-08-26,Ukai,458.913,87.474
2018-08-27,Ukai,423.528,88.375
2018-08-28,Ukai,388.142,89.275
2018-08-29,Ukai,352.757,90.176
2018-08-30,Ukai,317.371,91.077
2018-08-31,Ukai,281.986,91.977
2018-09-01,Ukai,246.6,92.878
2018-09-02,Ukai,231.3,87.934
2018-09-03,Ukai,214.4,68.157
2018-09-04,Ukai,207.6,57.21
2018-09-05,Ukai,177.0,41.318
2018-09-06,Ukai,161.0,24.014
2018-09-07,Ukai,160.6,21.542
2018-09-08,Ukai,158.9,37.08
2018-09-09,Ukai,179.3,52.619
2018-09-10,Ukai,148.7,68.158
2018-09-11,Ukai,132.7,83.696
2018-09-12,Ukai,125.9,73.808
2018-09-13,Ukai,97.45,74.793
2018-09-14,Ukai,90.33,75.778
2018-09-15,Ukai,91.87,76.763
2018-09-16,Ukai,81.57,77.748
2018-09-17,Ukai,79.19,78.733
2018-09-18,Ukai,62.0,79.718
2018-09-19,Ukai,61.17,80.703
2018-09-20,Ukai,55.73,81.688
2018-09-21,Ukai,47.74,82.673
2018-09-22,Ukai,163.6,83.659
2018-09-23,Ukai,969.9,84.644
2018-09-24,Ukai,490.0,85.629
2018-09-25,Ukai,347.9,86.614
2018-09-26,Ukai,285.9,87.599
2018-09-27,Ukai,240.0,88.584
2018-09-28,Ukai,190.3,89.569
2018-09-29,Ukai,163.2,90.554
2018-09-30,Ukai,152.5,91.539
2018-10-01,Ukai,132.64,92.524
2018-10-02,Ukai,123.748,87.934
2018-10-03,Ukai,114.855,68.157
2018-10-04,Ukai,101.942,56.503
2018-10-05,Ukai,98.492,40.965
2018-10-06,Ukai,95.041,23.661
2018-10-07,Ukai,91.591,21.542
2018-10-08,Ukai,88.141,36.992
2018-10-09,Ukai,84.691,52.442
2018-10-10,Ukai,81.241,67.893
2018-10-11,Ukai,77.791,83.343
2018-10-12,Ukai,74.341,72.748
2018-10-13,Ukai,70.891,73.737
2018-10-14,Ukai,67.441,74.726
2018-10-15,Ukai,63.991,75.715
2018-10-16,Ukai,60.541,76.703
2018-10-17,Ukai,57.09,77.692
2018-10-18,Ukai,53.64,78.681
2018-10-19,Ukai,50.19,79.67
2018-10-20,Ukai,46.74,80.659
2018-10-21,Ukai,43.29,81.648
2018-10-22,Ukai,39.84,82.636
2018-10-23,Ukai,36.39,83.625
2018-10-24,Ukai,32.94,84.614
2018-10-25,Ukai,29.49,85.603
2018-10-26,Ukai,26.04,86.592
2018-10-27,Ukai,22.589,87.58
2018-10-28,Ukai,19.139,88.569
2018-10-29,Ukai,15.689,89.558
2018-10-30,Ukai,12.239,90.547
2018-10-31,Ukai,8.789,91.536
2018-11-01,Ukai,5.339,92.524
2018-11-02,Ukai,4.803,87.58
2018-11-03,Ukai,4.934,68.157
2018-11-04,Ukai,5.448,56.15
2018-11-05,Ukai,5.963,39.906
2018-11-06,Ukai,5.706,23.308
2018-11-07,Ukai,5.926,21.542
2018-11-08,Ukai,6.145,36.992
2018-11-09,Ukai,6.206,52.442
2018-11-10,Ukai,7.01,67.893
2018-11-11,Ukai,21.432,83.343
2018-11-12,Ukai,35.853,71.689
2018-11-13,Ukai,7.104,72.767
2018-11-14,Ukai,7.379,73.845
2018-11-15,Ukai,6.477,74.923
2018-11-16,Ukai,6.264,76.001
2018-11-17,Ukai,6.182,77.079
2018-11-18,Ukai,5.934,78.157
2018-11-19,Ukai,5.685,79.235
2018-11-20,Ukai,5.224,80.313
2018-11-21,Ukai,4.802,81.391
2018-11-22,Ukai,4.381,82.469
2018-11-23,Ukai,3.912,83.547
2018-11-24,Ukai,3.444,84.625
2018-11-25,Ukai,3.206,85.703
2018-11-26,Ukai,2.968,86.781
2018-11-27,Ukai,2.812,87.859
2018-11-28,Ukai,2.241,88.937
2018-11-29,Ukai,1.768,90.015
2018-11-30,Ukai,1.658,91.093
2018-12-01,Ukai,1.418,92.171
2018-12-02,Ukai,1.399,87.58
2018-12-03,Ukai,1.38,67.804
2018-12-04,Ukai,1.332,55.444
2018-12-05,Ukai,1.29,38.846
2018-12-06,Ukai,0.772,22.955
2018-12-07,Ukai,0.719,21.895
2018-12-08,Ukai,0.582,48.028
2018-12-09,Ukai,0.454,59.8
2018-12-10,Ukai,0.368,71.571
2018-12-11,Ukai,0.631,83.343
2018-12-12,Ukai,0.894,70.629
2018-12-13,Ukai,1.156,70.241
2018-12-14,Ukai,1.419,69.852
2018-12-15,Ukai,1.682,69.464
2018-12-16,Ukai,1.945,69.075
2018-12-17,Ukai,2.207,68.687
2018-12-18,Ukai,2.47,68.299
2018-12-19,Ukai,2.733,67.91
2018-12-20,Ukai,2.996,67.522
2018-12-21,Ukai,3.258,67.133
2018-12-22,Ukai,3.521,66.745
2018-12-23,Ukai,3.784,66.356
2018-12-24,Ukai,4.047,65.968
2018-12-25,Ukai,4.309,65.579
2018-12-26,Ukai,4.572,65.191
2018-12-27,Ukai,4.835,64.802
2018-12-28,Ukai,5.098,64.414
2018-12-29,Ukai,5.36,64.025
2018-12-30,Ukai,5.623,63.637
2018-12-31,Ukai,5.886,63.249
2019-01-01,Ukai,6.149,62.86
2019-01-02,Ukai,6.411,59.329
2019-01-03,Ukai,6.674,54.385
2019-01-04,Ukai,6.937,36.374
2019-01-05,Ukai,7.2,25.78
2019-01-06,Ukai,7.462,9.535
2019-01-07,Ukai,7.725,7.063
2019-01-08,Ukai,7.988,32.192
2019-01-09,Ukai,8.251,57.32
2019-01-10,Ukai,8.513,82.449
2019-01-11,Ukai,8.776,107.578
2019-01-12,Ukai,9.039,132.706
2019-01-13,Ukai,9.302,157.835
2019-01-14,Ukai,9.564,182.963
2019-01-15,Ukai,9.827,208.092
2019-01-16,Ukai,10.09,199.528
2019-01-17,Ukai,10.353,190.964
2019-01-18,Ukai,10.615,182.4
2019-01-19,Ukai,10.878,173.836
2019-01-20,Ukai,11.141,165.273
2019-01-21,Ukai,11.404,156.709
2019-01-22,Ukai,11.666,148.145
2019-01-23,Ukai,11.929,139.581
2019-01-24,Ukai,12.192,131.017
2019-01-25,Ukai,12.455,122.454
2019-01-26,Ukai,12.717,113.89
2019-01-27,Ukai,12.98,105.326
2019-01-28,Ukai,13.243,96.762
2019-01-29,Ukai,13.506,88.198
2019-01-30,Ukai,13.768,79.635
2019-01-31,Ukai,14.031,71.071
2019-02-01,Ukai,14.294,62.507
2019-02-02,Ukai,14.557,59.329
2019-02-03,Ukai,14.819,53.325
2019-02-04,Ukai,15.082,36.374
2019-02-05,Ukai,15.345,24.367
2019-02-06,Ukai,15.608,9.535
2019-02-07,Ukai,15.87,6.71
2019-02-08,Ukai,16.133,31.308
2019-02-09,Ukai,16.396,55.906
2019-02-10,Ukai,16.659,80.505
2019-02-11,Ukai,16.921,105.103
2019-02-12,Ukai,17.184,129.701
2019-02-13,Ukai,17.447,154.3
2019-02-14,Ukai,17.71,178.898
2019-02-15,Ukai,17.972,203.496
2019-02-16,Ukai,18.235,193.4
2019-02-17,Ukai,18.498,183.304
2019-02-18,Ukai,18.761,173.208
2019-02-19,Ukai,19.024,163.112
2019-02-20,Ukai,19.286,153.016
2019-02-21,Ukai,19.549,142.921
2019-02-22,Ukai,19.812,132.825
2019-02-23,Ukai,20.075,122.729
2019-02-24,Ukai,20.337,112.633
2019-02-25,Ukai,20.6,102.537
2019-02-26,Ukai,20.863,92.441
2019-02-27,Ukai,21.126,82.345
2019-02-28,Ukai,21.388,72.25
2019-03-01,Ukai,21.651,62.154
2019-03-02,Ukai,21.914,59.329
2019-03-03,Ukai,22.177,52.619
2019-03-04,Ukai,22.439,36.021
2019-03-05,Ukai,22.702,23.308
2019-03-06,Ukai,22.965,9.182
2019-03-07,Ukai,23.228,6.71
2019-03-08,Ukai,23.49,31.876
2019-03-09,Ukai,23.753,57.042
2019-03-10,Ukai,24.016,82.208
2019-03-11,Ukai,24.279,107.374
2019-03-12,Ukai,24.541,132.541
2019-03-13,Ukai,24.804,157.707
2019-03-14,Ukai,25.067,182.873
2019-03-15,Ukai,25.33,208.039
2019-03-16,Ukai,25.592,199.457
2019-03-17,Ukai,25.855,190.876
2019-03-18,Ukai,26.118,182.294
2019-03-19,Ukai,26.381,173.713
2019-03-20,Ukai,26.643,165.131
2019-03-21,Ukai,26.906,156.55
2019-03-22,Ukai,27.169,147.968
2019-03-23,Ukai,27.432,139.387
2019-03-24,Ukai,27.694,130.806
2019-03-25,Ukai,27.957,122.224
2019-03-26,Ukai,28.22,113.643
2019-03-27,Ukai,28.483,105.061
2019-03-28,Ukai,28.745,96.48
2019-03-29,Ukai,29.008,87.898
2019-03-30,Ukai,29.271,79.317
2019-03-31,Ukai,29.534,70.735
2019-04-01,Ukai,29.796,62.154
2019-04-02,Ukai,30.059,58.975
2019-04-03,Ukai,30.322,51.913
2019-04-04,Ukai,30.585,36.021
2019-04-05,Ukai,30.847,22.248
2019-04-06,Ukai,31.11,9.182
2019-04-07,Ukai,31.373,6.71
2019-04-08,Ukai,31.636,31.7
2019-04-09,Ukai,31.898,56.689
2019-04-10,Ukai,32.161,81.679
2019-04-11,Ukai,32.424,106.669
2019-04-12,Ukai,32.687,131.659
2019-04-13,Ukai,32.949,156.648
2019-04-14,Ukai,33.212,181.638
2019-04-15,Ukai,33.475,206.628
2019-04-16,Ukai,33.738,197.576
2019-04-17,Ukai,34.0,188.525
2019-04-18,Ukai,34.263,179.473
2019-04-19,Ukai,34.526,170.421
2019-04-20,Ukai,34.789,161.369
2019-04-21,Ukai,35.051,152.318
2019-04-22,Ukai,35.314,143.266
2019-04-23,Ukai,35.577,134.214
2019-04-24,Ukai,35.84,125.163
2019-04-25,Ukai,36.103,116.111
2019-04-26,Ukai,36.365,107.059
2019-04-27,Ukai,36.628,98.007
2019-04-28,Ukai,36.891,88.956
2019-04-29,Ukai,37.154,79.904
2019-04-30,Ukai,37.416,70.852
2019-05-01,Ukai,37.679,61.801
2019-05-02,Ukai,37.942,58.975
2019-05-03,Ukai,38.205,51.206
2019-05-04,Ukai,38.467,36.021
2019-05-05,Ukai,38.73,21.542
2019-05-06,Ukai,38.993,9.182
2019-05-07,Ukai,39.256,6.71
2019-05-08,Ukai,39.518,31.757
2019-05-09,Ukai,39.781,56.804
2019-05-10,Ukai,40.044,81.851
2019-05-11,Ukai,40.307,106.898
2019-05-12,Ukai,40.569,131.944
2019-05-13,Ukai,40.832,156.991
2019-05-14,Ukai,41.095,182.038
2019-05-15,Ukai,41.358,207.085
2019-05-16,Ukai,41.62,198.539
2019-05-17,Ukai,41.883,189.993
2019-05-18,Ukai,42.146,181.447
2019-05-19,Ukai,42.409,172.901
2019-05-20,Ukai,42.671,164.354
2019-05-21,Ukai,42.934,155.808
2019-05-22,Ukai,43.197,147.262
2019-05-23,Ukai,43.46,138.716
2019-05-24,Ukai,43.722,130.17
2019-05-25,Ukai,43.985,121.624
2019-05-26,Ukai,44.248,113.078
2019-05-27,Ukai,44.511,104.531
2019-05-28,Ukai,44.773,95.985
2019-05-29,Ukai,45.036,87.439
2019-05-30,Ukai,45.299,78.893
2019-05-31,Ukai,45.562,70.347
2019-06-01,Ukai,45.824,61.801
2019-06-02,Ukai,46.087,58.975
2019-06-03,Ukai,46.35,50.147
2019-06-04,Ukai,46.613,35.668
2019-06-05,Ukai,46.875,20.483
2019-06-06,Ukai,47.138,8.829
2019-06-07,Ukai,47.401,7.416
2019-06-08,Ukai,47.664,32.132
2019-06-09,Ukai,47.926,56.847
2019-06-10,Ukai,48.189,81.563
2019-06-11,Ukai,48.452,106.278
2019-06-12,Ukai,48.715,130.994
2019-06-13,Ukai,48.977,155.71
2019-06-14,Ukai,49.24,180.425
2019-06-15,Ukai,49.503,205.141
2019-06-16,Ukai,49.766,196.182
2019-06-17,Ukai,50.028,187.223
2019-06-18,Ukai,50.291,178.265
2019-06-19,Ukai,50.554,169.306
2019-06-20,Ukai,50.817,160.347
2019-06-21,Ukai,51.079,151.388
2019-06-22,Ukai,51.342,142.43
2019-06-23,Ukai,51.605,133.471
2019-06-24,Ukai,51.868,124.512
2019-06-25,Ukai,52.13,115.553
2019-06-26,Ukai,52.393,106.595
2019-06-27,Ukai,52.656,97.636
2019-06-28,Ukai,52.919,88.677
2019-06-29,Ukai,53.181,79.718
2019-06-30,Ukai,53.444,70.759
2019-07-01,Ukai,53.707,61.801
2019-07-02,Ukai,54.739,58.975
2019-07-03,Ukai,101.243,49.441
2019-07-04,Ukai,229.117,35.668
2019-07-05,Ukai,246.979,19.776
2019-07-06,Ukai,433.535,8.829
2019-07-07,Ukai,338.037,7.416
2019-07-08,Ukai,242.539,32.255
2019-07-09,Ukai,208.346,57.095
2019-07-10,Ukai,117.988,81.934
2019-07-11,Ukai,84.632,106.774
2019-07-12,Ukai,57.182,131.614
2019-07-13,Ukai,56.5,156.453
2019-07-14,Ukai,48.66,181.293
2019-07-15,Ukai,40.82,206.132
2019-07-16,Ukai,34.203,197.621
2019-07-17,Ukai,31.511,189.11
2019-07-18,Ukai,25.906,180.599
2019-07-19,Ukai,16.892,172.088
2019-07-20,Ukai,15.28,163.578
2019-07-21,Ukai,12.798,155.067
2019-07-22,Ukai,10.317,146.556
2019-07-23,Ukai,13.904,138.045
2019-07-24,Ukai,187.359,129.534
2019-07-25,Ukai,360.814,121.023
2019-07-26,Ukai,534.269,112.513
2019-07-27,Ukai,707.724,104.002
2019-07-28,Ukai,881.18,95.491
2019-07-29,Ukai,1054.635,86.98
2019-07-30,Ukai,1228.09,78.469
2019-07-31,Ukai,1401.545,69.958
2019-08-01,Ukai,1575.0,61.448
2019-08-02,Ukai,1102.0,58.622
2019-08-03,Ukai,749.9,48.028
2019-08-04,Ukai,647.4,35.668
2019-08-05,Ukai,518.3,19.07
2019-08-06,Ukai,525.8,8.829
2019-08-07,Ukai,716.1,7.416
2019-08-08,Ukai,1547.0,32.18
2019-08-09,Ukai,4714.0,56.945
2019-08-10,Ukai,2370.0,81.709
2019-08-11,Ukai,1322.0,106.474
2019-08-12,Ukai,950.0,131.238
2019-08-13,Ukai,673.63,156.002
2019-08-14,Ukai,555.3,180.767
2019-08-15,Ukai,1400.0,205.531
2019-08-16,Ukai,910.0,197.056
2019-08-17,Ukai,688.9,188.58
2019-08-18,Ukai,632.9,180.105
2019-08-19,Ukai,598.6,171.629
2019-08-20,Ukai,514.2,163.154
2019-08-21,Ukai,467.7,154.678
2019-08-22,Ukai,533.3,146.203
2019-08-23,Ukai,648.6,137.727
2019-08-24,Ukai,878.8,129.252
2019-08-25,Ukai,2284.0,120.776
2019-08-26,Ukai,2765.0,112.301
2019-08-27,Ukai,1717.0,103.825
2019-08-28,Ukai,1285.0,95.35
2019-08-29,Ukai,1050.0,86.874
2019-08-30,Ukai,1075.0,78.399
2019-08-31,Ukai,1403.0,69.923
2019-09-01,Ukai,1314.0,61.448
2019-09-02,Ukai,974.1,58.622
2019-09-03,Ukai,645.5,47.322
2019-09-04,Ukai,704.3,35.668
2019-09-05,Ukai,1578.0,18.01
2019-09-06,Ukai,1057.8,8.476
2019-09-07,Ukai,861.9,7.416
2019-09-08,Ukai,722.8,31.976
2019-09-09,Ukai,722.8,56.536
2019-09-10,Ukai,779.7,81.096
2019-09-11,Ukai,1081.3,105.656
2019-09-12,Ukai,706.7,130.216
2019-09-13,Ukai,1020.0,154.776
2019-09-14,Ukai,2048.0,179.336
2019-09-15,Ukai,1952.0,203.896
2019-09-16,Ukai,1316.0,194.993
2019-09-17,Ukai,1513.0,186.09
2019-09-18,Ukai,1298.0,177.187
2019-09-19,Ukai,1257.0,168.284
2019-09-20,Ukai,950.4,159.381
2019-09-21,Ukai,1064.0,150.478
2019-09-22,Ukai,1150.0,141.575
2019-09-23,Ukai,854.5,132.672
2019-09-24,Ukai,900.7,123.769
2019-09-25,Ukai,893.8,114.866
2019-09-26,Ukai,950.6,105.963
2019-09-27,Ukai,709.0,97.06
2019-09-28,Ukai,813.1,88.157
2019-09-29,Ukai,825.8,79.254
2019-09-30,Ukai,939.9,70.351
2019-10-01,Ukai,804.1,61.448
2019-10-02,Ukai,529.7,58.622
2019-10-03,Ukai,428.4,46.615
2019-10-04,Ukai,396.9,35.315
2019-10-05,Ukai,374.5,17.304
2019-10-06,Ukai,331.4,8.476
2019-10-07,Ukai,326.6,8.122
2019-10-08,Ukai,352.3,32.686
2019-10-09,Ukai,314.9,57.249
2019-10-10,Ukai,234.0,81.813
2019-10-11,Ukai,204.7,106.376
2019-10-12,Ukai,196.8,130.94
2019-10-13,Ukai,177.0,155.504
2019-10-14,Ukai,185.5,180.067
2019-10-15,Ukai,181.4,204.631
2019-10-16,Ukai,143.5,196.208
2019-10-17,Ukai,139.1,187.786
2019-10-18,Ukai,113.6,179.363
2019-10-19,Ukai,108.7,170.941
2019-10-20,Ukai,102.6,162.518
2019-10-21,Ukai,133.3,154.096
2019-10-22,Ukai,133.1,145.673
2019-10-23,Ukai,182.9,137.25
2019-10-24,Ukai,360.4,128.828
2019-10-25,Ukai,198.3,120.405
2019-10-26,Ukai,148.1,111.983
2019-10-27,Ukai,140.0,103.56
2019-10-28,Ukai,155.3,95.138
2019-10-29,Ukai,222.0,86.715
2019-10-30,Ukai,200.0,78.293
2019-10-31,Ukai,263.6,69.87
2019-11-01,Ukai,199.3,61.448
2019-11-02,Ukai,183.9,58.622
2019-11-03,Ukai,147.3,45.556
2019-11-04,Ukai,177.8,35.315
2019-11-05,Ukai,150.6,16.245
2019-11-06,Ukai,118.1,8.476
2019-11-07,Ukai,103.0,8.829
2019-11-08,Ukai,203.6,33.026
2019-11-09,Ukai,201.0,57.224
2019-11-10,Ukai,158.3,81.422
2019-11-11,Ukai,119.5,105.619
2019-11-12,Ukai,115.5,129.816
2019-11-13,Ukai,112.8,154.014
2019-11-14,Ukai,106.4,178.212
2019-11-15,Ukai,102.6,202.409
2019-11-16,Ukai,100.2,193.599
2019-11-17,Ukai,98.79,184.789
2019-11-18,Ukai,97.39,175.979
2019-11-19,Ukai,59.06,167.168
2019-11-20,Ukai,59.06,158.358
2019-11-21,Ukai,59.41,149.548
2019-11-22,Ukai,57.86,140.738
2019-11-23,Ukai,56.64,131.928
2019-11-24,Ukai,47.31,123.118
2019-11-25,Ukai,47.31,114.308
2019-11-26,Ukai,46.23,105.498
2019-11-27,Ukai,45.55,96.688
2019-11-28,Ukai,44.52,87.878
2019-11-29,Ukai,42.95,79.068
2019-11-30,Ukai,39.77,70.258
2019-12-01,Ukai,38.0,61.448
2019-12-02,Ukai,35.34,58.269
2019-12-03,Ukai,32.29,44.496
2019-12-04,Ukai,31.52,35.315
2019-12-05,Ukai,24.64,15.538
2019-12-06,Ukai,20.63,8.122
2019-12-07,Ukai,19.76,9.182
2019-12-08,Ukai,19.76,33.267
2019-12-09,Ukai,18.65,57.351
2019-12-10,Ukai,17.5,81.436
2019-12-11,Ukai,15.34,105.52
2019-12-12,Ukai,14.0,129.605
2019-12-13,Ukai,13.75,153.689
2019-12-14,Ukai,13.29,177.774
2019-12-15,Ukai,13.49,201.858
2019-12-16,Ukai,13.68,225.943
2019-12-17,Ukai,13.67,225.396
2019-12-18,Ukai,13.83,224.848
2019-12-19,Ukai,12.71,224.301
2019-12-20,Ukai,11.87,223.754
2019-12-21,Ukai,11.08,223.206
2019-12-22,Ukai,10.94,222.659
2019-12-23,Ukai,10.8,222.112
2019-12-24,Ukai,10.42,221.564
2019-12-25,Ukai,10.27,221.017
2019-12-26,Ukai,10.12,220.469
2019-12-27,Ukai,10.03,219.922
2019-12-28,Ukai,9.2,219.375
2019-12-29,Ukai,8.81,218.827
2019-12-30,Ukai,8.22,218.28
2019-12-31,Ukai,8.05,217.733
2020-01-01,Ukai,7.58,217.185
2020-01-02,Ukai,7.48,205.531
2020-01-03,Ukai,7.35,183.283
2020-01-04,Ukai,5.89,159.622
2020-01-05,Ukai,5.581,133.489
2020-01-06,Ukai,5.271,117.421
2020-01-07,Ukai,3.185,101.353
2020-01-08,Ukai,2.149,124.731
2020-01-09,Ukai,1.965,148.11
2020-01-10,Ukai,1.865,171.488
2020-01-11,Ukai,1.764,194.867
2020-01-12,Ukai,1.731,218.245
2020-01-13,Ukai,1.697,218.192
2020-01-14,Ukai,1.555,218.139
2020-01-15,Ukai,8.363,218.086
2020-01-16,Ukai,5.171,218.033
2020-01-17,Ukai,6.594,217.98
2020-01-18,Ukai,6.922,217.927
2020-01-19,Ukai,7.122,217.874
2020-01-20,Ukai,7.122,217.821
2020-01-21,Ukai,6.863,217.768
2020-01-22,Ukai,6.345,217.715
2020-01-23,Ukai,6.1,217.662
2020-01-24,Ukai,5.455,217.609
2020-01-25,Ukai,4.887,217.556
2020-01-26,Ukai,4.887,217.503
2020-01-27,Ukai,4.43,217.45
2020-01-28,Ukai,4.255,217.397
2020-01-29,Ukai,3.855,217.344
2020-01-30,Ukai,3.502,217.291
2020-01-31,Ukai,3.116,217.238
2020-02-01,Ukai,2.731,217.185
2020-02-02,Ukai,2.731,205.178
2020-02-03,Ukai,2.47,182.93
2020-02-04,Ukai,2.353,157.504
2020-02-05,Ukai,2.122,132.077
2020-02-06,Ukai,1.929,106.297
2020-02-07,Ukai,1.828,101.353
2020-02-08,Ukai,1.636,124.661
2020-02-09,Ukai,1.636,147.968
2020-02-10,Ukai,1.53,171.276
2020-02-11,Ukai,1.648,194.583
2020-02-12,Ukai,1.719,217.891
2020-02-13,Ukai,1.831,217.833
2020-02-14,Ukai,1.866,217.774
2020-02-15,Ukai,1.813,217.715
2020-02-16,Ukai,1.764,217.656
2020-02-17,Ukai,1.69,217.597
2020-02-18,Ukai,1.715,217.538
2020-02-19,Ukai,1.715,217.479
2020-02-20,Ukai,1.737,217.421
2020-02-21,Ukai,1.737,217.362
2020-02-22,Ukai,1.7,217.303
2020-02-23,Ukai,1.7,217.244
2020-02-24,Ukai,1.648,217.185
2020-02-25,Ukai,1.946,217.126
2020-02-26,Ukai,1.789,217.067
2020-02-27,Ukai,1.802,217.009
2020-02-28,Ukai,1.812,216.95
2020-02-29,Ukai,1.885,216.891
2020-03-01,Ukai,1.767,216.832
2020-03-02,Ukai,1.735,204.119
2020-03-03,Ukai,1.665,182.224
2020-03-04,Ukai,1.697,156.797
2020-03-05,Ukai,4.819,131.371
2020-03-06,Ukai,7.942,105.944
2020-03-07,Ukai,11.064,100.647
2020-03-08,Ukai,14.187,124.025
2020-03-09,Ukai,17.309,147.403
2020-03-10,Ukai,20.431,170.782
2020-03-11,Ukai,23.554,194.16
2020-03-12,Ukai,26.676,217.538
2020-03-13,Ukai,29.799,217.485
2020-03-14,Ukai,32.921,217.432
2020-03-15,Ukai,36.044,217.379
2020-03-16,Ukai,39.166,217.326
2020-03-17,Ukai,42.288,217.273
2020-03-18,Ukai,45.411,217.221
2020-03-19,Ukai,48.533,217.168
2020-03-20,Ukai,51.656,217.115
2020-03-21,Ukai,54.778,217.062
2020-03-22,Ukai,57.9,217.009
2020-03-23,Ukai,61.023,216.956
2020-03-24,Ukai,64.145,216.903
2020-03-25,Ukai,67.268,216.85
2020-03-26,Ukai,70.39,216.797
2020-03-27,Ukai,73.512,216.744
2020-03-28,Ukai,76.635,216.691
2020-03-29,Ukai,79.757,216.638
2020-03-30,Ukai,82.88,216.585
2020-03-31,Ukai,86.002,216.532
2020-04-01,Ukai,89.124,216.479
2020-04-02,Ukai,92.247,203.412
2020-04-03,Ukai,95.369,181.517
2020-04-04,Ukai,98.492,155.561
2020-04-05,Ukai,101.614,129.605
2020-04-06,Ukai,104.737,105.591
2020-04-07,Ukai,107.859,101.353
2020-04-08,Ukai,110.981,124.519
2020-04-09,Ukai,114.104,147.686
2020-04-10,Ukai,117.226,170.852
2020-04-11,Ukai,120.349,194.019
2020-04-12,Ukai,123.471,217.185
2020-04-13,Ukai,126.593,217.148
2020-04-14,Ukai,129.716,217.111
2020-04-15,Ukai,132.838,217.074
2020-04-16,Ukai,135.961,217.037
2020-04-17,Ukai,139.083,216.999
2020-04-18,Ukai,142.205,216.962
2020-04-19,Ukai,145.328,216.925
2020-04-20,Ukai,148.45,216.888
2020-04-21,Ukai,151.573,216.851
2020-04-22,Ukai,154.695,216.813
2020-04-23,Ukai,157.818,216.776
2020-04-24,Ukai,160.94,216.739
2020-04-25,Ukai,164.062,216.702
2020-04-26,Ukai,167.185,216.665
2020-04-27,Ukai,170.307,216.628
2020-04-28,Ukai,173.43,216.59
2020-04-29,Ukai,176.552,216.553
2020-04-30,Ukai,179.674,216.516
2020-05-01,Ukai,182.797,216.479
2020-05-02,Ukai,185.919,202.353
2020-05-03,Ukai,189.042,178.104
2020-05-04,Ukai,192.164,153.854
2020-05-05,Ukai,195.286,129.605
2020-05-06,Ukai,198.409,105.238
2020-05-07,Ukai,201.531,102.766
2020-05-08,Ukai,204.654,125.579
2020-05-09,Ukai,207.776,148.392
2020-05-10,Ukai,210.898,171.206
2020-05-11,Ukai,214.021,194.019
2020-05-12,Ukai,217.143,216.832
2020-05-13,Ukai,220.266,216.797
2020-05-14,Ukai,223.388,216.761
2020-05-15,Ukai,226.511,216.726
2020-05-16,Ukai,229.633,216.691
2020-05-17,Ukai,232.755,216.655
2020-05-18,Ukai,235.878,216.62
2020-05-19,Ukai,239.0,216.585
2020-05-20,Ukai,242.123,216.55
2020-05-21,Ukai,245.245,216.514
2020-05-22,Ukai,248.367,216.479
2020-05-23,Ukai,251.49,216.444
2020-05-24,Ukai,254.612,216.408
2020-05-25,Ukai,257.735,216.373
2020-05-26,Ukai,260.857,216.338
2020-05-27,Ukai,263.979,216.302
2020-05-28,Ukai,267.102,216.267
2020-05-29,Ukai,270.224,216.232
2020-05-30,Ukai,273.347,216.196
2020-05-31,Ukai,276.469,216.161
2020-06-01,Ukai,279.592,216.126
2020-06-02,Ukai,282.714,201.647
2020-06-03,Ukai,285.836,180.458
2020-06-04,Ukai,288.959,155.149
2020-06-05,Ukai,292.081,129.84
2020-06-06,Ukai,295.204,104.531
2020-06-07,Ukai,298.326,103.119
2020-06-08,Ukai,301.448,129.252
2020-06-09,Ukai,304.571,155.385
2020-06-10,Ukai,307.693,181.517
2020-06-11,Ukai,310.816,207.65
2020-06-12,Ukai,313.938,233.783
2020-06-13,Ukai,317.06,232.854
2020-06-14,Ukai,320.183,231.924
2020-06-15,Ukai,323.305,230.995
2020-06-16,Ukai,326.428,230.066
2020-06-17,Ukai,329.55,229.136
2020-06-18,Ukai,332.673,228.207
2020-06-19,Ukai,335.795,227.278
2020-06-20,Ukai,338.917,226.348
2020-06-21,Ukai,342.04,225.419
2020-06-22,Ukai,345.162,224.49
2020-06-23,Ukai,348.285,223.56
2020-06-24,Ukai,351.407,222.631
2020-06-25,Ukai,354.529,221.702
2020-06-26,Ukai,357.652,220.772
2020-06-27,Ukai,360.774,219.843
2020-06-28,Ukai,363.897,218.914
2020-06-29,Ukai,367.019,217.984
2020-06-30,Ukai,370.141,217.055
2020-07-01,Ukai,373.264,216.126
2020-07-02,Ukai,376.386,200.587
2020-07-03,Ukai,379.509,191.759
2020-07-04,Ukai,382.631,169.776
2020-07-05,Ukai,385.753,147.792
2020-07-06,Ukai,388.876,125.809
2020-07-07,Ukai,391.998,103.825
2020-07-08,Ukai,395.121,126.144
2020-07-09,Ukai,398.243,148.463
2020-07-10,Ukai,401.366,170.781
2020-07-11,Ukai,404.488,193.1
2020-07-12,Ukai,407.61,215.419
2020-07-13,Ukai,410.733,215.455
2020-07-14,Ukai,413.855,215.49
2020-07-15,Ukai,416.978,215.525
2020-07-16,Ukai,420.1,215.561
2020-07-17,Ukai,226.6,215.596
2020-07-18,Ukai,163.4,215.631
2020-07-19,Ukai,102.5,215.667
2020-07-20,Ukai,77.62,215.702
2020-07-21,Ukai,67.25,215.737
2020-07-22,Ukai,64.39,215.773
2020-07-23,Ukai,143.5,215.808
2020-07-24,Ukai,165.5,215.843
2020-07-25,Ukai,139.6,215.879
2020-07-26,Ukai,139.6,215.914
2020-07-27,Ukai,135.6,215.949
2020-07-28,Ukai,126.7,215.985
2020-07-29,Ukai,75.39,216.02
2020-07-30,Ukai,619.1,216.055
2020-07-31,Ukai,231.7,216.09
2020-08-01,Ukai,158.8,216.126
2020-08-02,Ukai,172.5,199.528
2020-08-03,Ukai,152.0,179.752
2020-08-04,Ukai,223.0,154.325
2020-08-05,Ukai,146.0,128.722
2020-08-06,Ukai,139.7,103.119
2020-08-07,Ukai,147.5,104.531
2020-08-08,Ukai,153.8,126.497
2020-08-09,Ukai,166.6,148.463
2020-08-10,Ukai,174.9,170.428
2020-08-11,Ukai,228.6,192.394
2020-08-12,Ukai,180.6,214.36
2020-08-13,Ukai,254.3,214.413
2020-08-14,Ukai,1584.0,214.466
2020-08-15,Ukai,1431.0,214.519
2020-08-16,Ukai,891.9,214.572
2020-08-17,Ukai,727.9,214.625
2020-08-18,Ukai,976.6,214.678
2020-08-19,Ukai,865.2,214.731
2020-08-20,Ukai,685.4,214.784
2020-08-21,Ukai,621.2,214.837
2020-08-22,Ukai,1768.0,214.89
2020-08-23,Ukai,1531.0,214.943
2020-08-24,Ukai,899.3,214.996
2020-08-25,Ukai,712.8,215.049
2020-08-26,Ukai,607.2,215.102
2020-08-27,Ukai,473.4,215.155
2020-08-28,Ukai,379.9,215.208
2020-08-29,Ukai,340.9,215.261
2020-08-30,Ukai,2913.0,215.314
2020-08-31,Ukai,1344.0,215.366
2020-09-01,Ukai,756.9,215.419
2020-09-02,Ukai,606.5,198.822
2020-09-03,Ukai,540.0,179.045
2020-09-04,Ukai,405.4,153.501
2020-09-05,Ukai,380.6,127.957
2020-09-06,Ukai,365.0,102.413
2020-09-07,Ukai,340.1,104.531
2020-09-08,Ukai,326.9,126.356
2020-09-09,Ukai,315.9,148.18
2020-09-10,Ukai,294.7,170.005
2020-09-11,Ukai,315.9,191.829
2020-09-12,Ukai,329.5,213.654
2020-09-13,Ukai,306.5,213.728
2020-09-14,Ukai,386.2,213.802
2020-09-15,Ukai,395.5,213.877
2020-09-16,Ukai,351.7,213.951
2020-09-17,Ukai,511.2,214.025
2020-09-18,Ukai,610.2,214.1
2020-09-19,Ukai,327.6,214.174
2020-09-20,Ukai,329.4,214.249
2020-09-21,Ukai,402.9,214.323
2020-09-22,Ukai,322.8,214.397
2020-09-23,Ukai,324.3,214.472
2020-09-24,Ukai,551.9,214.546
2020-09-25,Ukai,361.7,214.62
2020-09-26,Ukai,302.0,214.695
2020-09-27,Ukai,331.0,214.769
2020-09-28,Ukai,256.1,214.843
2020-09-29,Ukai,252.0,214.918
2020-09-30,Ukai,224.1,214.992
2020-10-01,Ukai,217.5,215.066
2020-10-02,Ukai,217.5,197.762
2020-10-03,Ukai,207.8,178.339
2020-10-04,Ukai,241.9,152.795
2020-10-05,Ukai,239.4,127.25
2020-10-06,Ukai,226.7,101.706
2020-10-07,Ukai,166.3,104.885
2020-10-08,Ukai,151.3,126.497
2020-10-09,Ukai,130.6,148.11
2020-10-10,Ukai,121.6,169.722
2020-10-11,Ukai,100.1,191.335
2020-10-12,Ukai,100.1,212.947
2020-10-13,Ukai,99.7,213.989
2020-10-14,Ukai,104.09,215.031
2020-10-15,Ukai,103.7,216.073
2020-10-16,Ukai,105.34,217.115
2020-10-17,Ukai,93.74,218.156
2020-10-18,Ukai,103.23,219.198
2020-10-19,Ukai,147.08,220.24
2020-10-20,Ukai,137.3,221.282
2020-10-21,Ukai,83.58,222.323
2020-10-22,Ukai,84.01,223.365
2020-10-23,Ukai,83.83,224.407
2020-10-24,Ukai,106.06,225.449
2020-10-25,Ukai,106.06,226.491
2020-10-26,Ukai,79.68,227.532
2020-10-27,Ukai,76.08,228.574
2020-10-28,Ukai,70.81,229.616
2020-10-29,Ukai,70.26,230.658
2020-10-30,Ukai,61.67,231.7
2020-10-31,Ukai,53.08,232.741
2020-11-01,Ukai,50.27,233.783
2020-11-02,Ukai,46.06,212.359
2020-11-03,Ukai,42.99,190.935
2020-11-04,Ukai,43.28,169.51
2020-11-05,Ukai,40.97,148.086
2020-11-06,Ukai,38.54,126.662
2020-11-07,Ukai,38.23,105.238
2020-11-08,Ukai,38.23,126.639
2020-11-09,Ukai,38.36,148.039
2020-11-10,Ukai,36.77,169.44
2020-11-11,Ukai,37.27,190.84
2020-11-12,Ukai,24.89,212.241
2020-11-13,Ukai,12.06,212.371
2020-11-14,Ukai,11.79,212.501
2020-11-15,Ukai,11.48,212.631
2020-11-16,Ukai,11.3,212.762
2020-11-17,Ukai,104.8,212.892
2020-11-18,Ukai,142.4,213.022
2020-11-19,Ukai,136.4,213.152
2020-11-20,Ukai,42.87,213.282
2020-11-21,Ukai,36.43,213.412
2020-11-22,Ukai,34.84,213.542
2020-11-23,Ukai,32.73,213.672
2020-11-24,Ukai,25.9,213.802
2020-11-25,Ukai,22.08,213.933
2020-11-26,Ukai,21.57,214.063
2020-11-27,Ukai,19.98,214.193
2020-11-28,Ukai,19.87,214.323
2020-11-29,Ukai,18.6,214.453
2020-11-30,Ukai,17.33,214.583
2020-12-01,Ukai,17.33,214.713
2020-12-02,Ukai,17.28,195.996
2020-12-03,Ukai,17.45,177.28
2020-12-04,Ukai,17.24,151.853
2020-12-05,Ukai,16.93,126.427
2020-12-06,Ukai,14.43,101.0
2020-12-07,Ukai,11.92,105.944
2020-12-08,Ukai,7.59,126.921
2020-12-09,Ukai,5.97,147.898
2020-12-10,Ukai,4.02,168.875
2020-12-11,Ukai,2.538,189.852
2020-12-12,Ukai,2.032,210.829
2020-12-13,Ukai,1.296,210.511
2020-12-14,Ukai,0.454,210.193
2020-12-15,Ukai,0.296,209.875
2020-12-16,Ukai,0.368,209.557
2020-12-17,Ukai,0.441,209.239
2020-12-18,Ukai,0.513,208.922
2020-12-19,Ukai,0.585,208.604
2020-12-20,Ukai,0.657,208.286
2020-12-21,Ukai,0.73,207.968
2020-12-22,Ukai,0.802,207.65
2020-12-23,Ukai,0.874,207.332
2020-12-24,Ukai,0.947,207.015
2020-12-25,Ukai,1.019,206.697
2020-12-26,Ukai,1.091,206.379
2020-12-27,Ukai,1.164,206.061
2020-12-28,Ukai,1.236,205.743
2020-12-29,Ukai,1.308,205.425
2020-12-30,Ukai,1.38,205.108
2020-12-31,Ukai,1.453,204.79
2021-01-01,Ukai,1.525,204.472
2021-01-02,Ukai,1.597,193.171
2021-01-03,Ukai,1.67,170.923
2021-01-04,Ukai,1.742,145.85
2021-01-05,Ukai,1.814,120.776
2021-01-06,Ukai,1.886,95.703
2021-01-07,Ukai,1.959,82.989
2021-01-08,Ukai,2.031,106.647
2021-01-09,Ukai,2.103,130.305
2021-01-10,Ukai,2.176,153.963
2021-01-11,Ukai,2.248,177.621
2021-01-12,Ukai,2.32,201.279
2021-01-13,Ukai,2.392,224.937
2021-01-14,Ukai,2.465,223.86
2021-01-15,Ukai,2.537,222.783
2021-01-16,Ukai,2.609,221.705
2021-01-17,Ukai,2.682,220.628
2021-01-18,Ukai,2.754,219.551
2021-01-19,Ukai,2.826,218.474
2021-01-20,Ukai,2.899,217.397
2021-01-21,Ukai,2.971,216.32
2021-01-22,Ukai,3.043,215.243
2021-01-23,Ukai,3.115,214.166
2021-01-24,Ukai,3.188,213.089
2021-01-25,Ukai,3.26,212.012
2021-01-26,Ukai,3.332,210.935
2021-01-27,Ukai,3.405,209.857
2021-01-28,Ukai,3.477,208.78
2021-01-29,Ukai,3.549,207.703
2021-01-30,Ukai,3.621,206.626
2021-01-31,Ukai,3.694,205.549
2021-02-01,Ukai,3.766,204.472
2021-02-02,Ukai,3.838,192.465
2021-02-03,Ukai,3.911,169.864
2021-02-04,Ukai,3.983,153.031
2021-02-05,Ukai,4.055,136.197
2021-02-06,Ukai,4.128,119.364
2021-02-07,Ukai,4.2,130.665
2021-02-08,Ukai,4.272,141.965
2021-02-09,Ukai,4.344,153.266
2021-02-10,Ukai,4.417,127.424
2021-02-11,Ukai,4.489,101.582
2021-02-12,Ukai,4.561,75.74
2021-02-13,Ukai,4.634,49.898
2021-02-14,Ukai,4.706,24.056
2021-02-15,Ukai,4.778,36.083
2021-02-16,Ukai,4.85,48.111
2021-02-17,Ukai,4.923,60.139
2021-02-18,Ukai,4.995,72.167
2021-02-19,Ukai,5.067,84.194
2021-02-20,Ukai,5.14,96.222
2021-02-21,Ukai,5.212,108.25
2021-02-22,Ukai,5.284,120.278
2021-02-23,Ukai,5.357,132.305
2021-02-24,Ukai,5.429,144.333
2021-02-25,Ukai,5.501,156.361
2021-02-26,Ukai,5.573,168.389
2021-02-27,Ukai,5.646,180.416
2021-02-28,Ukai,5.718,192.444
2021-03-01,Ukai,5.79,204.472
2021-03-02,Ukai,5.863,191.405
2021-03-03,Ukai,5.935,168.804
2021-03-04,Ukai,6.007,144.084
2021-03-05,Ukai,6.079,119.363
2021-03-06,Ukai,6.152,94.643
2021-03-07,Ukai,6.224,82.989
2021-03-08,Ukai,6.296,70.858
2021-03-09,Ukai,6.369,58.728
2021-03-10,Ukai,6.441,46.598
2021-03-11,Ukai,6.513,34.467
2021-03-12,Ukai,6.585,22.336
2021-03-13,Ukai,6.658,10.206
2021-03-14,Ukai,6.73,20.412
2021-03-15,Ukai,6.802,30.618
2021-03-16,Ukai,6.875,40.824
2021-03-17,Ukai,6.947,51.03
2021-03-18,Ukai,7.019,61.236
2021-03-19,Ukai,7.092,71.442
2021-03-20,Ukai,7.164,81.648
2021-03-21,Ukai,7.236,91.853
2021-03-22,Ukai,7.308,102.059
2021-03-23,Ukai,7.381,112.265
2021-03-24,Ukai,7.453,122.471
2021-03-25,Ukai,7.525,132.677
2021-03-26,Ukai,7.598,142.883
2021-03-27,Ukai,7.67,153.089
2021-03-28,Ukai,7.742,163.295
2021-03-29,Ukai,7.814,173.501
2021-03-30,Ukai,7.887,183.707
2021-03-31,Ukai,7.959,193.913
2021-04-01,Ukai,8.031,204.119
2021-04-02,Ukai,8.104,190.346
2021-04-03,Ukai,8.176,168.804
2021-04-04,Ukai,8.248,144.908
2021-04-05,Ukai,8.321,121.011
2021-04-06,Ukai,8.393,97.115
2021-04-07,Ukai,8.465,82.636
2021-04-08,Ukai,8.537,70.651
2021-04-09,Ukai,8.61,58.666
2021-04-10,Ukai,8.682,46.68
2021-04-11,Ukai,8.754,34.695
2021-04-12,Ukai,8.827,22.71
2021-04-13,Ukai,8.899,10.725
2021-04-14,Ukai,8.971,21.449
2021-04-15,Ukai,9.043,32.174
2021-04-16,Ukai,9.116,42.898
2021-04-17,Ukai,9.188,53.623
2021-04-18,Ukai,9.26,64.347
2021-04-19,Ukai,9.333,75.072
2021-04-20,Ukai,9.405,85.796
2021-04-21,Ukai,9.477,96.521
2021-04-22,Ukai,9.549,107.245
2021-04-23,Ukai,9.622,117.97
2021-04-24,Ukai,9.694,128.694
2021-04-25,Ukai,9.766,139.419
2021-04-26,Ukai,9.839,150.143
2021-04-27,Ukai,9.911,160.868
2021-04-28,Ukai,9.983,171.592
2021-04-29,Ukai,10.056,182.317
2021-04-30,Ukai,10.128,193.041
2021-05-01,Ukai,10.2,203.766
2021-05-02,Ukai,10.272,189.64
2021-05-03,Ukai,10.345,167.038
2021-05-04,Ukai,10.417,143.672
2021-05-05,Ukai,10.489,120.305
2021-05-06,Ukai,10.562,96.938
2021-05-07,Ukai,10.634,82.636
2021-05-08,Ukai,10.706,73.742
2021-05-09,Ukai,10.778,64.848
2021-05-10,Ukai,10.851,55.954
2021-05-11,Ukai,10.923,47.059
2021-05-12,Ukai,10.995,38.165
2021-05-13,Ukai,11.068,29.271
2021-05-14,Ukai,11.14,20.377
2021-05-15,Ukai,11.212,30.565
2021-05-16,Ukai,11.285,40.753
2021-05-17,Ukai,11.357,50.941
2021-05-18,Ukai,11.429,61.13
2021-05-19,Ukai,11.501,71.318
2021-05-20,Ukai,11.574,81.506
2021-05-21,Ukai,11.646,91.695
2021-05-22,Ukai,11.718,101.883
2021-05-23,Ukai,11.791,112.071
2021-05-24,Ukai,11.863,122.259
2021-05-25,Ukai,11.935,132.448
2021-05-26,Ukai,12.007,142.636
2021-05-27,Ukai,12.08,152.824
2021-05-28,Ukai,12.152,163.013
2021-05-29,Ukai,12.224,173.201
2021-05-30,Ukai,12.297,183.389
2021-05-31,Ukai,12.369,193.577
2021-06-01,Ukai,12.441,203.766
2021-06-02,Ukai,12.514,185.049
2021-06-03,Ukai,12.586,166.332
2021-06-04,Ukai,12.658,145.32
2021-06-05,Ukai,12.73,124.308
2021-06-06,Ukai,12.803,103.295
2021-06-07,Ukai,12.875,82.283
2021-06-08,Ukai,12.947,73.587
2021-06-09,Ukai,13.02,64.891
2021-06-10,Ukai,13.092,56.195
2021-06-11,Ukai,13.164,47.5
2021-06-12,Ukai,13.236,38.804
2021-06-13,Ukai,13.309,30.108
2021-06-14,Ukai,13.381,21.412
2021-06-15,Ukai,13.453,32.118
2021-06-16,Ukai,13.526,42.824
2021-06-17,Ukai,13.598,53.53
2021-06-18,Ukai,13.67,64.236
2021-06-19,Ukai,13.742,74.941
2021-06-20,Ukai,13.815,85.647
2021-06-21,Ukai,13.887,96.353
2021-06-22,Ukai,13.959,107.059
2021-06-23,Ukai,14.032,117.765
2021-06-24,Ukai,14.104,128.471
2021-06-25,Ukai,14.176,139.177
2021-06-26,Ukai,14.249,149.883
2021-06-27,Ukai,14.321,160.589
2021-06-28,Ukai,14.393,171.295
2021-06-29,Ukai,14.465,182.001
2021-06-30,Ukai,14.538,192.707
2021-07-01,Ukai,14.61,203.412
2021-07-02,Ukai,13.23,184.519
2021-07-03,Ukai,14.694,165.626
2021-07-04,Ukai,16.75,142.142
2021-07-05,Ukai,34.79,118.657
2021-07-06,Ukai,28.83,95.173
2021-07-07,Ukai,10.7,81.577
2021-07-08,Ukai,7.87,72.829
2021-07-09,Ukai,18.23,64.081
2021-07-10,Ukai,9.77,55.333
2021-07-11,Ukai,7.73,46.585
2021-07-12,Ukai,7.73,37.837
2021-07-13,Ukai,300.62,29.089
2021-07-14,Ukai,171.4,20.341
2021-07-15,Ukai,228.3,30.512
2021-07-16,Ukai,73.68,40.682
2021-07-17,Ukai,60.15,50.853
2021-07-18,Ukai,57.53,61.024
2021-07-19,Ukai,64.51,71.194
2021-07-20,Ukai,66.26,81.365
2021-07-21,Ukai,89.48,91.536
2021-07-22,Ukai,445.6,101.706
2021-07-23,Ukai,1369.0,111.877
2021-07-24,Ukai,1234.0,122.047
2021-07-25,Ukai,1515.0,132.218
2021-07-26,Ukai,1090.0,142.389
2021-07-27,Ukai,571.6,152.559
2021-07-28,Ukai,456.5,162.73
2021-07-29,Ukai,377.0,172.901
2021-07-30,Ukai,408.3,183.071
2021-07-31,Ukai,302.6,193.242
2021-08-01,Ukai,28.17,203.412
2021-08-02,Ukai,278.7,184.166
2021-08-03,Ukai,240.9,164.919
2021-08-04,Ukai,229.2,143.907
2021-08-05,Ukai,182.2,122.895
2021-08-06,Ukai,173.4,101.883
2021-08-07,Ukai,188.8,80.871
2021-08-08,Ukai,188.8,104.873
2021-08-09,Ukai,160.6,128.875
2021-08-10,Ukai,134.6,152.878
2021-08-11,Ukai,169.97,176.88
2021-08-12,Ukai,136.0,200.882
2021-08-13,Ukai,116.5,224.884
2021-08-14,Ukai,108.3,223.754
2021-08-15,Ukai,92.27,222.624
2021-08-16,Ukai,84.26,221.494
2021-08-17,Ukai,66.16,220.364
2021-08-18,Ukai,142.2,219.233
2021-08-19,Ukai,302.7,218.103
2021-08-20,Ukai,601.5,216.973
2021-08-21,Ukai,1227.0,215.843
2021-08-22,Ukai,855.6,214.713
2021-08-23,Ukai,619.9,213.583
2021-08-24,Ukai,438.0,212.453
2021-08-25,Ukai,385.2,211.323
2021-08-26,Ukai,229.9,210.193
2021-08-27,Ukai,275.5,209.063
2021-08-28,Ukai,235.3,207.933
2021-08-29,Ukai,210.0,206.803
2021-08-30,Ukai,186.6,205.673
2021-08-31,Ukai,344.9,204.543
2021-09-01,Ukai,386.5,203.412
2021-09-02,Ukai,270.3,183.636
2021-09-03,Ukai,277.4,163.86
2021-09-04,Ukai,327.5,143.024
2021-09-05,Ukai,219.9,122.188
2021-09-06,Ukai,701.1,101.353
2021-09-07,Ukai,444.2,80.517
2021-09-08,Ukai,754.9,72.068
2021-09-09,Ukai,528.0,63.619
2021-09-10,Ukai,496.7,55.17
2021-09-11,Ukai,653.9,46.722
2021-09-12,Ukai,598.7,38.273
2021-09-13,Ukai,403.2,29.824
2021-09-14,Ukai,411.1,21.375
2021-09-15,Ukai,516.6,32.062
2021-09-16,Ukai,638.3,42.749
2021-09-17,Ukai,912.7,53.437
2021-09-18,Ukai,751.1,64.124
2021-09-19,Ukai,617.3,74.811
2021-09-20,Ukai,523.6,85.499
2021-09-21,Ukai,372.7,96.186
2021-09-22,Ukai,544.1,106.873
2021-09-23,Ukai,457.7,117.561
2021-09-24,Ukai,409.0,128.248
2021-09-25,Ukai,467.5,138.935
2021-09-26,Ukai,451.6,149.623
2021-09-27,Ukai,443.6,160.31
2021-09-28,Ukai,653.0,170.997
2021-09-29,Ukai,514.9,181.685
2021-09-30,Ukai,441.7,192.372
2021-10-01,Ukai,439.0,203.059
2021-10-02,Ukai,490.9,184.696
2021-10-03,Ukai,604.7,162.447
2021-10-04,Ukai,428.1,137.609
2021-10-05,Ukai,418.4,112.772
2021-10-06,Ukai,367.3,87.934
2021-10-07,Ukai,316.4,79.811
2021-10-08,Ukai,344.0,71.31
2021-10-09,Ukai,383.3,62.81
2021-10-10,Ukai,281.4,54.309
2021-10-11,Ukai,253.1,45.808
2021-10-12,Ukai,225.8,37.307
2021-10-13,Ukai,190.2,28.807
2021-10-14,Ukai,179.6,20.306
2021-10-15,Ukai,148.5,30.459
2021-10-16,Ukai,139.1,40.612
2021-10-17,Ukai,188.2,50.765
2021-10-18,Ukai,661.5,60.918
2021-10-19,Ukai,409.0,71.071
2021-10-20,Ukai,364.5,81.224
2021-10-21,Ukai,259.1,91.377
2021-10-22,Ukai,240.2,101.53
2021-10-23,Ukai,191.5,111.683
2021-10-24,Ukai,170.1,121.836
2021-10-25,Ukai,153.0,131.989
2021-10-26,Ukai,158.5,142.142
2021-10-27,Ukai,138.2,152.295
2021-10-28,Ukai,123.5,162.447
2021-10-29,Ukai,115.6,172.6
2021-10-30,Ukai,110.4,182.753
2021-10-31,Ukai,107.0,192.906
2021-11-01,Ukai,105.3,203.059
2021-11-02,Ukai,103.9,184.696
2021-11-03,Ukai,100.9,161.035
2021-11-04,Ukai,91.25,136.432
2021-11-05,Ukai,86.42,111.83
2021-11-06,Ukai,69.3,87.227
2021-11-07,Ukai,67.39,79.105
2021-11-08,Ukai,63.57,67.702
2021-11-09,Ukai,65.73,56.299
2021-11-10,Ukai,62.99,44.896
2021-11-11,Ukai,60.55,33.493
2021-11-12,Ukai,59.55,22.09
2021-11-13,Ukai,57.3,10.687
2021-11-14,Ukai,54.13,21.375
2021-11-15,Ukai,54.13,32.062
2021-11-16,Ukai,51.4,42.749
2021-11-17,Ukai,14.73,53.437
2021-11-18,Ukai,18.63,64.124
2021-11-19,Ukai,14.86,74.811
2021-11-20,Ukai,14.28,85.499
2021-11-21,Ukai,17.29,96.186
2021-11-22,Ukai,17.5,106.873
2021-11-23,Ukai,17.13,117.561
2021-11-24,Ukai,15.32,128.248
2021-11-25,Ukai,17.06,138.935
2021-11-26,Ukai,15.14,149.623
2021-11-27,Ukai,14.81,160.31
2021-11-28,Ukai,14.81,170.997
2021-11-29,Ukai,14.98,181.685
2021-11-30,Ukai,14.03,192.372
2021-12-01,Ukai,14.04,203.059
2021-12-02,Ukai,13.67,182.93
2021-12-03,Ukai,7.8,157.68
2021-12-04,Ukai,5.7,132.43
2021-12-05,Ukai,4.782,109.299
2021-12-06,Ukai,3.406,86.168
2021-12-07,Ukai,2.743,79.105
2021-12-08,Ukai,2.246,104.494
2021-12-09,Ukai,2.026,129.883
2021-12-10,Ukai,1.842,155.272
2021-12-11,Ukai,1.748,180.661
2021-12-12,Ukai,1.748,206.05
2021-12-13,Ukai,1.853,231.439
2021-12-14,Ukai,1.875,230.268
2021-12-15,Ukai,1.81,229.096
2021-12-16,Ukai,8.215,227.924
2021-12-17,Ukai,8.543,226.752
2021-12-18,Ukai,4.551,225.58
2021-12-19,Ukai,4.257,224.408
2021-12-20,Ukai,3.864,223.237
2021-12-21,Ukai,3.34,222.065
2021-12-22,Ukai,3.733,220.893
2021-12-23,Ukai,3.424,219.721
2021-12-24,Ukai,3.36,218.549
2021-12-25,Ukai,3.36,217.378
2021-12-26,Ukai,3.36,216.206
2021-12-27,Ukai,3.187,215.034
2021-12-28,Ukai,3.021,213.862
2021-12-29,Ukai,2.826,212.69
2021-12-30,Ukai,2.573,211.518
2021-12-31,Ukai,2.666,210.347
2022-01-01,Ukai,2.539,209.175
2022-01-02,Ukai,2.031,208.003
2022-01-03,Ukai,4.015,204.472
2022-01-04,Ukai,3.546,200.94
2022-01-05,Ukai,3.474,197.409
2022-01-06,Ukai,3.867,193.877
2022-01-07,Ukai,4.05,190.346
2022-01-08,Ukai,3.993,186.814
2022-01-09,Ukai,3.424,183.283
2022-01-10,Ukai,3.139,202.353
2022-01-11,Ukai,3.327,221.423
2022-01-12,Ukai,3.264,223.542
2022-01-13,Ukai,3.187,212.365
2022-01-14,Ukai,3.97,201.188
2022-01-15,Ukai,3.97,190.011
2022-01-16,Ukai,3.542,178.833
2022-01-17,Ukai,4.684,167.656
2022-01-18,Ukai,4.887,156.479
2022-01-19,Ukai,2.929,145.302
2022-01-20,Ukai,4.76,134.125
2022-01-21,Ukai,5.333,122.948
2022-01-22,Ukai,5.176,111.771
2022-01-23,Ukai,5.176,100.594
2022-01-24,Ukai,4.216,89.417
2022-01-25,Ukai,3.922,78.24
2022-01-26,Ukai,3.636,67.063
2022-01-27,Ukai,3.35,55.885
2022-01-28,Ukai,3.493,44.708
2022-01-29,Ukai,3.033,33.531
2022-01-30,Ukai,3.012,22.354
2022-01-31,Ukai,3.086,11.177
2022-02-01,Ukai,3.235,26.442
2022-02-02,Ukai,2.923,41.707
2022-02-03,Ukai,2.635,56.972
2022-02-04,Ukai,2.66,72.236
2022-02-05,Ukai,2.986,87.501
2022-02-06,Ukai,2.986,102.766
2022-02-07,Ukai,3.069,106.015
2022-02-08,Ukai,2.876,109.264
2022-02-09,Ukai,2.655,112.513
2022-02-10,Ukai,2.048,115.762
2022-02-11,Ukai,1.897,119.011
2022-02-12,Ukai,1.633,122.26
2022-02-13,Ukai,1.272,125.508
2022-02-14,Ukai,1.092,128.757
2022-02-15,Ukai,1.338,132.006
2022-02-16,Ukai,1.581,135.255
2022-02-17,Ukai,1.796,138.504
2022-02-18,Ukai,1.553,141.753
2022-02-19,Ukai,1.207,145.002
2022-02-20,Ukai,1.207,148.251
2022-02-21,Ukai,1.245,151.5
2022-02-22,Ukai,1.22,154.749
2022-02-23,Ukai,1.306,157.998
2022-02-24,Ukai,1.1,161.247
2022-02-25,Ukai,1.145,164.495
2022-02-26,Ukai,1.024,167.744
2022-02-27,Ukai,1.024,170.993
2022-02-28,Ukai,0.538,174.242
2022-03-01,Ukai,0.271,177.491
2022-03-02,Ukai,0.283,180.74
2022-03-03,Ukai,2.74,183.989
2022-03-04,Ukai,5.347,164.071
2022-03-05,Ukai,7.953,144.153
2022-03-06,Ukai,10.56,124.235
2022-03-07,Ukai,13.166,104.317
2022-03-08,Ukai,15.773,106.575
2022-03-09,Ukai,18.38,108.833
2022-03-10,Ukai,20.986,111.091
2022-03-11,Ukai,23.593,113.349
2022-03-12,Ukai,26.2,115.607
2022-03-13,Ukai,28.806,117.865
2022-03-14,Ukai,31.413,120.123
2022-03-15,Ukai,34.019,122.381
2022-03-16,Ukai,36.626,124.639
2022-03-17,Ukai,39.233,126.897
2022-03-18,Ukai,41.839,129.155
2022-03-19,Ukai,44.446,131.413
2022-03-20,Ukai,47.052,133.671
2022-03-21,Ukai,49.659,135.929
2022-03-22,Ukai,52.266,138.187
2022-03-23,Ukai,54.872,140.445
2022-03-24,Ukai,57.479,142.703
2022-03-25,Ukai,60.085,144.961
2022-03-26,Ukai,62.692,147.219
2022-03-27,Ukai,65.299,149.477
2022-03-28,Ukai,67.905,151.735
2022-03-29,Ukai,70.512,153.993
2022-03-30,Ukai,73.118,156.251
2022-03-31,Ukai,75.725,158.509
2022-04-01,Ukai,78.332,160.767
2022-04-02,Ukai,80.938,163.025
2022-04-03,Ukai,83.545,165.283
2022-04-04,Ukai,86.152,167.541
2022-04-05,Ukai,88.758,169.799
2022-04-06,Ukai,91.365,172.057
2022-04-07,Ukai,93.971,174.315
2022-04-08,Ukai,96.578,176.573
2022-04-09,Ukai,99.185,150.855
2022-04-10,Ukai,101.791,125.138
2022-04-11,Ukai,104.398,99.42
2022-04-12,Ukai,107.004,73.702
2022-04-13,Ukai,109.611,47.985
2022-04-14,Ukai,112.218,22.267
2022-04-15,Ukai,114.824,33.4
2022-04-16,Ukai,117.431,44.534
2022-04-17,Ukai,120.037,55.667
2022-04-18,Ukai,122.644,66.8
2022-04-19,Ukai,125.251,77.934
2022-04-20,Ukai,127.857,89.067
2022-04-21,Ukai,130.464,100.201
2022-04-22,Ukai,133.071,111.334
2022-04-23,Ukai,135.677,122.468
2022-04-24,Ukai,138.284,133.601
2022-04-25,Ukai,140.89,144.734
2022-04-26,Ukai,143.497,155.868
2022-04-27,Ukai,146.104,167.001
2022-04-28,Ukai,148.71,178.135
2022-04-29,Ukai,151.317,189.268
2022-04-30,Ukai,153.923,200.401
2022-05-01,Ukai,156.53,211.535
2022-05-02,Ukai,159.137,212.37
2022-05-03,Ukai,161.743,213.204
2022-05-04,Ukai,164.35,214.039
2022-05-05,Ukai,166.956,214.874
2022-05-06,Ukai,169.563,215.709
2022-05-07,Ukai,172.17,216.543
2022-05-08,Ukai,174.776,217.378
2022-05-09,Ukai,177.383,218.213
2022-05-10,Ukai,179.99,219.048
2022-05-11,Ukai,182.596,219.882
2022-05-12,Ukai,185.203,220.717
2022-05-13,Ukai,187.809,209.681
2022-05-14,Ukai,190.416,198.645
2022-05-15,Ukai,193.023,187.609
2022-05-16,Ukai,195.629,176.573
2022-05-17,Ukai,198.236,165.538
2022-05-18,Ukai,200.842,154.502
2022-05-19,Ukai,203.449,143.466
2022-05-20,Ukai,206.056,132.43
2022-05-21,Ukai,208.662,121.394
2022-05-22,Ukai,211.269,110.358
2022-05-23,Ukai,213.876,99.323
2022-05-24,Ukai,216.482,88.287
2022-05-25,Ukai,219.089,77.251
2022-05-26,Ukai,221.695,66.215
2022-05-27,Ukai,224.302,55.179
2022-05-28,Ukai,226.909,44.143
2022-05-29,Ukai,229.515,33.108
2022-05-30,Ukai,232.122,22.072
2022-05-31,Ukai,234.728,11.036
2022-06-01,Ukai,237.335,22.223
2022-06-02,Ukai,239.942,33.41
2022-06-03,Ukai,242.548,44.597
2022-06-04,Ukai,245.155,55.785
2022-06-05,Ukai,247.761,66.972
2022-06-06,Ukai,250.368,78.159
2022-06-07,Ukai,252.975,89.346
2022-06-08,Ukai,255.581,114.649
2022-06-09,Ukai,258.188,139.952
2022-06-10,Ukai,260.794,165.255
2022-06-11,Ukai,263.401,190.558
2022-06-12,Ukai,266.008,215.861
2022-06-13,Ukai,268.614,213.08
2022-06-14,Ukai,271.221,210.299
2022-06-15,Ukai,273.828,207.518
2022-06-16,Ukai,276.434,204.737
2022-06-17,Ukai,279.041,201.956
2022-06-18,Ukai,281.647,199.175
2022-06-19,Ukai,284.254,196.394
2022-06-20,Ukai,286.861,193.613
2022-06-21,Ukai,289.467,190.832
2022-06-22,Ukai,292.074,188.05
2022-06-23,Ukai,294.68,185.269
2022-06-24,Ukai,297.287,182.488
2022-06-25,Ukai,299.894,179.707
2022-06-26,Ukai,302.5,176.926
2022-06-27,Ukai,305.107,174.145
2022-06-28,Ukai,307.713,171.364
2022-06-29,Ukai,310.32,168.583
2022-06-30,Ukai,312.927,165.802
2022-07-01,Ukai,315.533,163.021
2022-07-02,Ukai,318.14,160.24
2022-07-03,Ukai,320.747,157.459
2022-07-04,Ukai,323.353,154.678
2022-07-05,Ukai,325.96,155.796
2022-07-06,Ukai,328.566,156.915
2022-07-07,Ukai,331.173,158.033
2022-07-08,Ukai,272.026,159.151
2022-07-09,Ukai,422.992,160.27
2022-07-10,Ukai,516.412,161.388
2022-07-11,Ukai,609.832,162.506
2022-07-12,Ukai,495.426,163.624
2022-07-13,Ukai,524.948,164.743
2022-07-14,Ukai,2542.277,165.861
2022-07-15,Ukai,1822.069,166.979
2022-07-16,Ukai,1101.861,168.098
2022-07-17,Ukai,914.16,169.216
2022-07-18,Ukai,726.458,170.334
2022-07-19,Ukai,3238.432,171.453
2022-07-20,Ukai,1775.241,172.571
2022-07-21,Ukai,1068.084,173.689
2022-07-22,Ukai,865.539,174.808
2022-07-23,Ukai,662.994,175.926
2022-07-24,Ukai,0.0,177.044
2022-07-25,Ukai,950.808,178.162
2022-07-26,Ukai,1901.615,179.281
2022-07-27,Ukai,1262.323,180.399
2022-07-28,Ukai,1142.767,181.517
2022-07-29,Ukai,1023.211,182.636
2022-07-30,Ukai,728.707,183.754
2022-07-31,Ukai,668.822,184.872
2022-08-01,Ukai,608.938,185.991
2022-08-02,Ukai,438.609,187.109
2022-08-03,Ukai,397.225,188.227
2022-08-04,Ukai,351.869,189.345
2022-08-05,Ukai,323.656,190.464
2022-08-06,Ukai,397.103,191.582
2022-08-07,Ukai,674.9,192.7
2022-08-08,Ukai,520.056,193.819
2022-08-09,Ukai,1616.0,194.937
2022-08-10,Ukai,1632.272,194.287
2022-08-11,Ukai,4886.0,193.637
2022-08-12,Ukai,1754.209,192.988
2022-08-13,Ukai,1067.419,192.338
2022-08-14,Ukai,840.8,191.688
2022-08-15,Ukai,794.4,191.038
2022-08-16,Ukai,916.647,190.388
2022-08-17,Ukai,1621.003,189.739
2022-08-18,Ukai,1029.286,189.089
2022-08-19,Ukai,742.9,188.439
2022-08-20,Ukai,667.66,187.789
2022-08-21,Ukai,599.5,187.139
2022-08-22,Ukai,530.199,186.49
2022-08-23,Ukai,765.823,185.84
2022-08-24,Ukai,700.313,185.19
2022-08-25,Ukai,630.355,184.54
2022-08-26,Ukai,444.644,183.89
2022-08-27,Ukai,761.776,183.241
2022-08-28,Ukai,357.7,182.591
2022-08-29,Ukai,306.823,181.941
2022-08-30,Ukai,596.485,181.291
2022-08-31,Ukai,489.474,180.641
2022-09-01,Ukai,323.858,179.992
2022-09-02,Ukai,657.437,179.342
2022-09-03,Ukai,587.142,178.692
2022-09-04,Ukai,0.0,159.405
2022-09-05,Ukai,354.699,140.117
2022-09-06,Ukai,592.368,120.83
2022-09-07,Ukai,554.729,101.543
2022-09-08,Ukai,589.519,105.618
2022-09-09,Ukai,861.669,109.692
2022-09-10,Ukai,539.709,113.767
2022-09-11,Ukai,755.363,117.842
2022-09-12,Ukai,971.018,121.917
2022-09-13,Ukai,0.0,125.991
2022-09-14,Ukai,1335.769,130.066
2022-09-15,Ukai,1204.433,134.141
2022-09-16,Ukai,867.523,138.216
2022-09-17,Ukai,1187.962,142.29
2022-09-18,Ukai,952.734,146.365
2022-09-19,Ukai,717.506,150.44
2022-09-20,Ukai,548.193,154.515
2022-09-21,Ukai,466.128,158.59
2022-09-22,Ukai,434.172,162.664
2022-09-23,Ukai,1002.289,166.739
2022-09-24,Ukai,560.857,170.814
2022-09-25,Ukai,493.658,174.889
2022-09-26,Ukai,426.459,178.963
2022-09-27,Ukai,397.55,183.038
2022-09-28,Ukai,351.164,187.113
2022-09-29,Ukai,301.83,191.188
2022-09-30,Ukai,302.078,195.262
2022-10-01,Ukai,261.795,199.337
2022-10-02,Ukai,248.3,203.412
2022-10-03,Ukai,245.69,205.413
2022-10-04,Ukai,241.442,207.414
2022-10-05,Ukai,239.4,209.416
2022-10-06,Ukai,233.293,211.417
2022-10-07,Ukai,483.617,213.418
2022-10-08,Ukai,620.993,215.419
2022-10-09,Ukai,504.7,217.421
2022-10-10,Ukai,294.156,219.422
2022-10-11,Ukai,445.835,221.423
2022-10-12,Ukai,805.529,219.809
2022-10-13,Ukai,410.321,218.194
2022-10-14,Ukai,332.907,216.58
2022-10-15,Ukai,305.089,214.965
2022-10-16,Ukai,263.1,213.351
2022-10-17,Ukai,226.832,211.737
2022-10-18,Ukai,242.24,210.122
2022-10-19,Ukai,363.476,208.508
2022-10-20,Ukai,239.527,206.893
2022-10-21,Ukai,225.523,205.279
2022-10-22,Ukai,214.931,203.665
2022-10-23,Ukai,209.9,202.05
2022-10-24,Ukai,202.5,200.436
2022-10-25,Ukai,202.829,198.822
2022-10-26,Ukai,196.521,197.207
2022-10-27,Ukai,174.63,195.593
2022-10-28,Ukai,163.828,193.978
2022-10-29,Ukai,160.891,192.364
2022-10-30,Ukai,136.0,190.75
2022-10-31,Ukai,124.562,189.135
2022-11-01,Ukai,115.407,187.521
2022-11-02,Ukai,109.385,185.906
2022-11-03,Ukai,88.676,184.292
2022-11-04,Ukai,86.853,182.678
2022-11-05,Ukai,86.65,181.063
2022-11-06,Ukai,0.0,179.449
2022-11-07,Ukai,63.992,177.834
2022-11-08,Ukai,0.0,176.22
2022-11-09,Ukai,54.318,150.549
2022-11-10,Ukai,45.997,124.877
2022-11-11,Ukai,45.413,99.206
2022-11-12,Ukai,44.69,73.535
2022-11-13,Ukai,0.0,47.863
2022-11-14,Ukai,43.905,22.192
2022-11-15,Ukai,43.563,33.289
2022-11-16,Ukai,42.626,44.385
2022-11-17,Ukai,45.53,55.481
2022-11-18,Ukai,40.651,66.577
2022-11-19,Ukai,39.818,77.674
2022-11-20,Ukai,0.0,88.77
2022-11-21,Ukai,36.552,99.866
2022-11-22,Ukai,17.855,110.962
2022-11-23,Ukai,11.4,122.059
2022-11-24,Ukai,7.892,133.155
2022-11-25,Ukai,12.609,144.251
2022-11-26,Ukai,10.949,155.347
2022-11-27,Ukai,9.476,166.444
2022-11-28,Ukai,9.844,177.54
2022-11-29,Ukai,9.292,188.636
2022-11-30,Ukai,8.963,199.732
2022-12-01,Ukai,8.166,210.829
2022-12-02,Ukai,8.433,187.61
2022-12-03,Ukai,860.047,164.39
2022-12-04,Ukai,837.257,141.17
2022-12-05,Ukai,8.435,117.951
2022-12-06,Ukai,7.973,120.6
2022-12-07,Ukai,6.997,123.248
2022-12-08,Ukai,6.926,125.897
2022-12-09,Ukai,6.15,128.545
2022-12-10,Ukai,5.375,131.194
2022-12-11,Ukai,5.703,133.843
2022-12-12,Ukai,6.031,136.491
2022-12-13,Ukai,6.041,139.14
2022-12-14,Ukai,6.253,141.788
2022-12-15,Ukai,18.523,144.437
2022-12-16,Ukai,6.629,147.086
2022-12-17,Ukai,10.234,149.734
2022-12-18,Ukai,9.798,152.383
2022-12-19,Ukai,9.361,155.032
2022-12-20,Ukai,8.635,157.68
2022-12-21,Ukai,8.46,160.329
2022-12-22,Ukai,8.597,162.977
2022-12-23,Ukai,8.312,165.626
2022-12-24,Ukai,8.021,168.275
2022-12-25,Ukai,7.766,170.923
2022-12-26,Ukai,7.51,173.572
2022-12-27,Ukai,7.177,176.22
2022-12-28,Ukai,6.873,178.869
2022-12-29,Ukai,6.839,181.518
2022-12-30,Ukai,6.673,184.166
2022-12-31,Ukai,7.819,186.815
2023-01-01,Ukai,7.508,189.463
2023-01-02,Ukai,8.462,192.112
2023-01-03,Ukai,7.084,168.098
2023-01-04,Ukai,7.088,148.243
2023-01-05,Ukai,6.841,128.388
2023-01-06,Ukai,6.707,108.534
2023-01-07,Ukai,6.629,88.679
2023-01-08,Ukai,4.777,92.603
2023-01-09,Ukai,5.589,96.527
2023-01-10,Ukai,2.688,100.45
2023-01-11,Ukai,2.496,104.374
2023-01-12,Ukai,2.364,108.298
2023-01-13,Ukai,2.26,112.222
2023-01-14,Ukai,2.006,116.146
2023-01-15,Ukai,0.0,120.07
2023-01-16,Ukai,1.857,123.994
2023-01-17,Ukai,1.799,127.917
2023-01-18,Ukai,1.703,131.841
2023-01-19,Ukai,1.84,135.765
2023-01-20,Ukai,1.753,139.689
2023-01-21,Ukai,1.683,143.613
2023-01-22,Ukai,0.0,147.537
2023-01-23,Ukai,1.59,151.461
2023-01-24,Ukai,1.621,155.384
2023-01-25,Ukai,1.707,159.308
2023-01-26,Ukai,0.0,163.232
2023-01-27,Ukai,1.648,167.156
2023-01-28,Ukai,1.568,171.08
2023-01-29,Ukai,0.0,175.004
2023-01-30,Ukai,1.343,178.928
2023-01-31,Ukai,1.427,182.852
2023-02-01,Ukai,0.958,186.775
2023-02-02,Ukai,0.756,190.699
2023-02-03,Ukai,0.703,194.623
2023-02-04,Ukai,0.68,198.547
2023-02-05,Ukai,0.694,202.471
2023-02-06,Ukai,0.577,206.395
2023-02-07,Ukai,0.577,210.319
2023-02-08,Ukai,0.555,214.242
2023-02-09,Ukai,0.532,218.166
2023-02-10,Ukai,0.049,222.09
2023-02-11,Ukai,0.467,226.014
2023-02-12,Ukai,0.502,223.782
2023-02-13,Ukai,0.42,221.55
2023-02-14,Ukai,0.426,219.318
2023-02-15,Ukai,0.464,217.086
2023-02-16,Ukai,0.431,214.855
2023-02-17,Ukai,0.418,212.623
2023-02-18,Ukai,0.376,210.391
2023-02-19,Ukai,0.422,208.159
2023-02-20,Ukai,0.364,205.927
2023-02-21,Ukai,0.337,203.695
2023-02-22,Ukai,0.315,201.463
2023-02-23,Ukai,7.995,199.231
2023-02-24,Ukai,0.265,197.0
2023-02-25,Ukai,0.263,194.768
2023-02-26,Ukai,0.261,192.536
2023-02-27,Ukai,0.259,190.304
2023-02-28,Ukai,0.257,188.072
2023-03-01,Ukai,0.255,185.84
2023-03-02,Ukai,0.252,183.608
2023-03-03,Ukai,0.25,181.376
2023-03-04,Ukai,0.248,179.145
2023-03-05,Ukai,0.246,176.913
2023-03-06,Ukai,0.244,174.681
2023-03-07,Ukai,0.242,172.449
2023-03-08,Ukai,0.24,170.217
2023-03-09,Ukai,0.238,168.035
2023-03-10,Ukai,0.236,165.853
2023-03-11,Ukai,0.234,163.671
2023-03-12,Ukai,0.232,161.489
2023-03-13,Ukai,0.23,159.307
2023-03-14,Ukai,0.227,157.125
2023-03-15,Ukai,0.225,154.943
2023-03-16,Ukai,0.223,152.761
2023-03-17,Ukai,0.221,150.579
2023-03-18,Ukai,0.219,148.397
2023-03-19,Ukai,0.217,146.215
2023-03-20,Ukai,0.215,144.033
2023-03-21,Ukai,0.213,141.851
2023-03-22,Ukai,0.211,139.67
2023-03-23,Ukai,0.209,137.488
2023-03-24,Ukai,0.207,135.306
2023-03-25,Ukai,0.204,133.124
2023-03-26,Ukai,0.202,130.942
2023-03-27,Ukai,0.2,128.76
2023-03-28,Ukai,0.198,126.578
2023-03-29,Ukai,0.196,124.396
2023-03-30,Ukai,0.194,122.214
2023-03-31,Ukai,0.192,120.032
2023-04-01,Ukai,0.19,117.85
2023-04-02,Ukai,0.188,115.668
2023-04-03,Ukai,0.186,113.486
2023-04-04,Ukai,0.184,111.304
2023-04-05,Ukai,0.182,109.122
2023-04-06,Ukai,0.179,96.813
2023-04-07,Ukai,0.177,84.504
2023-04-08,Ukai,0.175,72.195
2023-04-09,Ukai,0.173,59.886
2023-04-10,Ukai,0.171,47.577
2023-04-11,Ukai,0.169,35.268
2023-04-12,Ukai,0.167,22.959
2023-04-13,Ukai,0.165,10.65
2023-04-14,Ukai,0.163,21.3
2023-04-15,Ukai,0.161,31.95
2023-04-16,Ukai,0.159,42.601
2023-04-17,Ukai,0.156,53.251
2023-04-18,Ukai,0.154,63.901
2023-04-19,Ukai,0.152,74.551
2023-04-20,Ukai,0.15,85.201
2023-04-21,Ukai,0.148,95.851
2023-04-22,Ukai,0.146,106.502
2023-04-23,Ukai,0.144,117.152
2023-04-24,Ukai,0.142,127.802
2023-04-25,Ukai,0.14,138.452
2023-04-26,Ukai,0.138,149.102
2023-04-27,Ukai,0.136,159.752
2023-04-28,Ukai,0.134,170.403
2023-04-29,Ukai,0.131,181.053
2023-04-30,Ukai,0.129,191.703
2023-05-01,Ukai,0.127,202.353
2023-05-02,Ukai,0.125,205.728
2023-05-03,Ukai,0.123,209.102
2023-05-04,Ukai,0.121,212.477
2023-05-05,Ukai,0.119,215.851
2023-05-06,Ukai,0.117,219.226
2023-05-07,Ukai,0.115,222.6
2023-05-08,Ukai,0.113,225.975
2023-05-09,Ukai,0.111,229.349
2023-05-10,Ukai,0.109,232.724
2023-05-11,Ukai,0.106,229.825
2023-05-12,Ukai,0.104,226.926
2023-05-13,Ukai,0.102,224.028
2023-05-14,Ukai,0.1,221.129
2023-05-15,Ukai,0.098,218.23
2023-05-16,Ukai,0.096,215.332
2023-05-17,Ukai,0.094,212.433
2023-05-18,Ukai,0.092,209.534
2023-05-19,Ukai,0.09,206.635
2023-05-20,Ukai,0.088,203.736
2023-05-21,Ukai,0.086,200.838
2023-05-22,Ukai,0.083,197.939
2023-05-23,Ukai,0.081,195.04
2023-05-24,Ukai,0.079,192.142
2023-05-25,Ukai,0.077,189.243
2023-05-26,Ukai,0.075,186.344
2023-05-27,Ukai,0.073,183.445
2023-05-28,Ukai,0.071,180.546
2023-05-29,Ukai,0.069,177.648
2023-05-30,Ukai,0.067,174.749
2023-05-31,Ukai,0.065,171.85
2023-06-01,Ukai,0.063,168.952
2023-06-02,Ukai,0.061,166.053
2023-06-03,Ukai,0.058,163.154
2023-06-04,Ukai,0.056,139.052
2023-06-05,Ukai,0.054,114.95
2023-06-06,Ukai,0.052,90.847
2023-06-07,Ukai,0.05,66.745
2023-06-08,Ukai,0.048,89.333
2023-06-09,Ukai,0.046,111.921
2023-06-10,Ukai,0.044,134.509
2023-06-11,Ukai,0.042,157.097
2023-06-12,Ukai,0.04,179.686
2023-06-13,Ukai,0.038,181.076
2023-06-14,Ukai,0.035,182.466
2023-06-15,Ukai,0.033,183.857
2023-06-16,Ukai,0.031,185.248
2023-06-17,Ukai,0.029,186.638
2023-06-18,Ukai,0.027,188.028
2023-06-19,Ukai,0.025,189.419
2023-06-20,Ukai,0.023,190.81
2023-06-21,Ukai,0.021,192.2
2023-06-22,Ukai,0.019,193.59
2023-06-23,Ukai,0.017,194.981
2023-06-24,Ukai,0.015,196.372
2023-06-25,Ukai,0.013,197.762
2023-06-26,Ukai,0.01,199.152
2023-06-27,Ukai,0.008,200.543
2023-06-28,Ukai,0.006,201.934
2023-06-29,Ukai,0.004,203.324
2023-06-30,Ukai,0.002,204.714
2023-07-01,Ukai,0.0,206.105
2023-07-02,Ukai,30.227,207.496
2023-07-03,Ukai,60.455,208.886
2023-07-04,Ukai,90.682,210.276
2023-07-05,Ukai,120.909,211.667
2023-07-06,Ukai,151.136,213.058
2023-07-07,Ukai,181.364,214.448
2023-07-08,Ukai,211.591,215.838
2023-07-09,Ukai,241.818,217.229
2023-07-10,Ukai,272.045,218.62
2023-07-11,Ukai,302.273,220.01
2023-07-12,Ukai,332.5,207.297
2023-07-13,Ukai,437.526,196.932
2023-07-14,Ukai,1028.3,186.567
2023-07-15,Ukai,542.276,176.203
2023-07-16,Ukai,0.0,165.838
2023-07-17,Ukai,309.5,155.473
2023-07-18,Ukai,240.977,145.108
2023-07-19,Ukai,431.421,134.743
2023-07-20,Ukai,732.58,124.378
2023-07-21,Ukai,570.113,114.013
2023-07-22,Ukai,1341.721,103.649
2023-07-23,Ukai,0.0,93.284
2023-07-24,Ukai,1168.202,82.919
2023-07-25,Ukai,1453.211,72.554
2023-07-26,Ukai,884.79,62.189
2023-07-27,Ukai,872.265,51.824
2023-07-28,Ukai,1125.919,41.459
2023-07-29,Ukai,0.0,31.095
2023-07-30,Ukai,0.0,20.73
2023-07-31,Ukai,680.091,10.365
2023-08-01,Ukai,582.115,20.506
2023-08-02,Ukai,454.165,30.648
2023-08-03,Ukai,402.072,40.789
2023-08-04,Ukai,444.7,50.93
2023-08-05,Ukai,577.881,61.072
2023-08-06,Ukai,0.0,71.213
2023-08-07,Ukai,556.792,81.354
2023-08-08,Ukai,433.896,85.37
2023-08-09,Ukai,387.424,89.385
2023-08-10,Ukai,308.915,93.401
2023-08-11,Ukai,305.849,97.416
2023-08-12,Ukai,229.358,101.431
2023-08-13,Ukai,219.631,105.447
2023-08-14,Ukai,209.904,109.462
2023-08-15,Ukai,0.0,113.478
2023-08-16,Ukai,171.993,117.493
2023-08-17,Ukai,150.919,121.508
2023-08-18,Ukai,147.584,125.524
2023-08-19,Ukai,146.488,129.539
2023-08-20,Ukai,367.5,133.555
2023-08-21,Ukai,681.598,137.57
2023-08-22,Ukai,673.582,141.586
2023-08-23,Ukai,519.063,145.601
2023-08-24,Ukai,405.757,149.616
2023-08-25,Ukai,381.182,153.632
2023-08-26,Ukai,332.33,157.647
2023-08-27,Ukai,0.0,161.663
2023-08-28,Ukai,225.557,165.678
2023-08-29,Ukai,217.259,169.693
2023-08-30,Ukai,176.458,173.709
2023-08-31,Ukai,154.177,177.724
2023-09-01,Ukai,152.0,181.74
2023-09-02,Ukai,141.2,185.755
2023-09-03,Ukai,126.8,183.272
2023-09-04,Ukai,112.4,180.79
2023-09-05,Ukai,104.355,178.307
2023-09-06,Ukai,96.31,175.824
2023-09-07,Ukai,204.655,173.341
2023-09-08,Ukai,313.0,170.859
2023-09-09,Ukai,1177.0,168.376
2023-09-10,Ukai,896.4,165.893
2023-09-11,Ukai,615.8,163.41
2023-09-12,Ukai,455.3,160.928
2023-09-13,Ukai,353.5,158.445
2023-09-14,Ukai,277.3,155.962
2023-09-15,Ukai,667.8,153.48
2023-09-16,Ukai,0.0,150.997
2023-09-17,Ukai,0.0,148.514
2023-09-18,Ukai,1617.0,146.031
2023-09-19,Ukai,1166.0,143.549
2023-09-20,Ukai,892.9,141.066
2023-09-21,Ukai,813.05,138.583
2023-09-22,Ukai,854.09,136.1
2023-09-23,Ukai,965.324,133.618
2023-09-24,Ukai,0.0,131.135
2023-09-25,Ukai,844.57,128.652
2023-09-26,Ukai,699.691,126.17
2023-09-27,Ukai,349.846,123.687
2023-09-28,Ukai,0.0,121.204
2023-09-29,Ukai,382.478,118.721
2023-09-30,Ukai,302.419,116.239
2023-10-01,Ukai,270.751,113.756
2023-10-02,Ukai,239.083,111.273
2023-10-03,Ukai,207.415,108.79
2023-10-04,Ukai,0.0,106.308
2023-10-05,Ukai,175.8,103.825
2023-10-06,Ukai,164.1,126.897
2023-10-07,Ukai,158.3,149.97
2023-10-08,Ukai,158.8,173.042
2023-10-09,Ukai,150.9,187.874
2023-10-10,Ukai,144.3,202.706
2023-10-11,Ukai,134.3,217.538
2023-10-12,Ukai,122.9,211.265
2023-10-13,Ukai,115.7,204.993
2023-10-14,Ukai,102.8,198.72
2023-10-15,Ukai,97.12,192.447
2023-10-16,Ukai,91.44,186.175
2023-10-17,Ukai,84.2,179.902
2023-10-18,Ukai,80.17,173.629
2023-10-19,Ukai,75.58,167.356
2023-10-20,Ukai,70.58,161.084
2023-10-21,Ukai,66.16,154.811
2023-10-22,Ukai,63.23,148.538
2023-10-23,Ukai,63.23,142.266
2023-10-24,Ukai,63.23,135.993
2023-10-25,Ukai,55.65,129.72
2023-10-26,Ukai,49.93,123.448
2023-10-27,Ukai,47.98,117.175
2023-10-28,Ukai,42.25,110.902
2023-10-29,Ukai,42.25,104.629
2023-10-30,Ukai,37.83,98.357
2023-10-31,Ukai,35.95,92.084
2023-11-01,Ukai,35.074,85.811
2023-11-02,Ukai,33.592,79.539
2023-11-03,Ukai,31.575,73.266
2023-11-04,Ukai,30.604,66.993
2023-11-05,Ukai,0.0,60.721
2023-11-06,Ukai,28.592,54.448
2023-11-07,Ukai,22.629,48.175
2023-11-08,Ukai,20.197,41.902
2023-11-09,Ukai,19.806,35.63
2023-11-10,Ukai,17.884,29.357
2023-11-11,Ukai,17.674,23.084
2023-11-12,Ukai,12.367,16.812
2023-11-13,Ukai,7.06,10.539
2023-11-14,Ukai,6.586,21.077
2023-11-15,Ukai,5.732,31.616
2023-11-16,Ukai,6.022,42.155
2023-11-17,Ukai,5.838,52.693
2023-11-18,Ukai,6.173,63.232
2023-11-19,Ukai,6.026,73.77
2023-11-20,Ukai,5.879,84.309
2023-11-21,Ukai,6.802,94.848
2023-11-22,Ukai,7.725,105.386
2023-11-23,Ukai,8.647,115.925
2023-11-24,Ukai,9.57,126.464
2023-11-25,Ukai,10.493,137.002
2023-11-26,Ukai,11.416,147.541
2023-11-27,Ukai,12.339,158.08
2023-11-28,Ukai,13.262,168.618
2023-11-29,Ukai,14.184,179.157
2023-11-30,Ukai,15.107,189.696
2023-12-01,Ukai,16.03,200.234
2023-12-02,Ukai,15.92,203.844
2023-12-03,Ukai,30.01,207.454
2023-12-04,Ukai,55.24,211.064
2023-12-05,Ukai,49.05,214.674
2023-12-06,Ukai,40.1,218.284
2023-12-07,Ukai,34.01,221.894
2023-12-08,Ukai,30.55,225.504
2023-12-09,Ukai,25.58,229.114
2023-12-10,Ukai,27.39,232.724
2023-12-11,Ukai,26.2,220.01
2023-12-12,Ukai,24.861,207.297
2023-12-13,Ukai,23.58,196.932
2023-12-14,Ukai,22.37,186.567
2023-12-15,Ukai,20.85,176.203
2023-12-16,Ukai,19.6,165.838
2023-12-17,Ukai,17.47,155.473
2023-12-18,Ukai,15.32,145.108
2023-12-19,Ukai,10.94,134.743
2023-12-20,Ukai,8.164,124.378
2023-12-21,Ukai,6.699,114.013
2023-12-22,Ukai,6.083,103.649
2023-12-23,Ukai,6.013,93.284
2023-12-24,Ukai,6.989,82.919
2023-12-25,Ukai,7.965,72.554
2023-12-26,Ukai,8.941,62.189
2023-12-27,Ukai,8.254,51.824
2023-12-28,Ukai,8.08,41.459
2023-12-29,Ukai,7.98,31.095
2023-12-30,Ukai,7.717,20.73
2023-12-31,Ukai,7.539,10.365
2024-01-01,Ukai,7.36,28.209
2024-01-02,Ukai,7.36,46.054
2024-01-03,Ukai,7.27,63.898
2024-01-04,Ukai,7.241,81.743
2024-01-05,Ukai,7.187,99.587
2024-01-06,Ukai,7.114,95.899
2024-01-07,Ukai,6.985,92.211
2024-01-08,Ukai,6.985,88.522
2024-01-09,Ukai,6.441,84.834
2024-01-10,Ukai,6.371,81.145
2024-01-11,Ukai,6.253,77.457
2024-01-12,Ukai,6.205,73.768
2024-01-13,Ukai,6.101,70.08
2024-01-14,Ukai,6.142,66.392
2024-01-15,Ukai,6.142,62.703
2024-01-16,Ukai,6.257,59.015
2024-01-17,Ukai,6.213,55.326
2024-01-18,Ukai,6.183,51.638
2024-01-19,Ukai,6.156,47.949
2024-01-20,Ukai,6.124,44.261
2024-01-21,Ukai,6.124,40.573
2024-01-22,Ukai,5.469,36.884
2024-01-23,Ukai,2.848,33.196
2024-01-24,Ukai,2.815,29.507
2024-01-25,Ukai,2.744,25.819
2024-01-26,Ukai,2.71,22.131
2024-01-27,Ukai,2.675,18.442
2024-01-28,Ukai,2.578,14.754
2024-01-29,Ukai,2.48,11.065
2024-01-30,Ukai,2.435,7.377
2024-01-31,Ukai,2.407,3.688
2024-02-01,Ukai,2.332,3.791
2024-02-02,Ukai,2.295,3.894
2024-02-03,Ukai,2.257,3.996
2024-02-04,Ukai,2.181,4.099
2024-02-05,Ukai,2.411,4.202
2024-02-06,Ukai,2.436,4.305
2024-02-07,Ukai,2.414,4.407
2024-02-08,Ukai,2.385,4.51
2024-02-09,Ukai,2.354,4.613
2024-02-10,Ukai,2.342,4.716
2024-02-11,Ukai,2.342,4.818
2024-02-12,Ukai,2.337,4.921
2024-02-13,Ukai,2.311,5.024
2024-02-14,Ukai,2.303,5.127
2024-02-15,Ukai,2.297,5.23
2024-02-16,Ukai,2.262,5.332
2024-02-17,Ukai,2.228,5.435
2024-02-18,Ukai,2.228,5.538
2024-02-19,Ukai,1.97,5.641
2024-02-20,Ukai,1.892,5.743
2024-02-21,Ukai,1.841,5.846
2024-02-22,Ukai,1.758,5.949
2024-02-23,Ukai,1.614,6.052
2024-02-24,Ukai,2.216,6.155
2024-02-25,Ukai,2.817,6.257
2024-02-26,Ukai,3.418,6.36
2024-02-27,Ukai,4.019,6.463
2024-02-28,Ukai,4.62,6.566
2024-02-29,Ukai,5.222,6.668
2024-03-01,Ukai,5.823,6.771
2024-03-02,Ukai,6.424,6.874
2024-03-03,Ukai,7.025,6.977
2024-03-04,Ukai,7.626,7.079
2024-03-05,Ukai,8.228,7.182
2024-03-06,Ukai,8.829,7.285
2024-03-07,Ukai,9.43,14.571
2024-03-08,Ukai,10.031,21.856
2024-03-09,Ukai,10.633,29.141
2024-03-10,Ukai,11.234,36.426
2024-03-11,Ukai,11.835,43.712
2024-03-12,Ukai,12.436,50.997
2024-03-13,Ukai,13.037,58.282
2024-03-14,Ukai,13.639,65.568
2024-03-15,Ukai,14.24,72.853
2024-03-16,Ukai,14.841,80.138
2024-03-17,Ukai,15.442,87.423
2024-03-18,Ukai,16.043,94.709
2024-03-19,Ukai,16.645,101.994
2024-03-20,Ukai,17.246,109.279
2024-03-21,Ukai,17.847,116.565
2024-03-22,Ukai,18.448,123.85
2024-03-23,Ukai,19.049,131.135
2024-03-24,Ukai,19.651,138.42
2024-03-25,Ukai,20.252,145.706
2024-03-26,Ukai,20.853,152.991
2024-03-27,Ukai,21.454,160.276
2024-03-28,Ukai,22.055,167.562
2024-03-29,Ukai,22.657,174.847
2024-03-30,Ukai,23.258,182.132
2024-03-31,Ukai,23.859,189.417
2024-04-01,Ukai,24.46,196.703
2024-04-02,Ukai,25.062,175.043
2024-04-03,Ukai,25.663,153.384
2024-04-04,Ukai,26.264,131.724
2024-04-05,Ukai,26.865,131.999
2024-04-06,Ukai,27.466,132.273
2024-04-07,Ukai,28.068,132.548
2024-04-08,Ukai,28.669,132.823
2024-04-09,Ukai,29.27,133.097
2024-04-10,Ukai,29.871,133.372
2024-04-11,Ukai,30.472,133.647
2024-04-12,Ukai,31.074,133.921
2024-04-13,Ukai,31.675,134.196
2024-04-14,Ukai,32.276,134.471
2024-04-15,Ukai,32.877,134.745
2024-04-16,Ukai,33.478,135.02
2024-04-17,Ukai,34.08,135.295
2024-04-18,Ukai,34.681,135.569
2024-04-19,Ukai,35.282,135.844
2024-04-20,Ukai,35.883,136.119
2024-04-21,Ukai,36.484,136.393
2024-04-22,Ukai,37.086,136.668
2024-04-23,Ukai,37.687,136.943
2024-04-24,Ukai,38.288,137.217
2024-04-25,Ukai,38.889,137.492
2024-04-26,Ukai,39.49,137.767
2024-04-27,Ukai,40.092,138.041
2024-04-28,Ukai,40.693,138.316
2024-04-29,Ukai,41.294,138.591
2024-04-30,Ukai,41.895,138.865
2024-05-01,Ukai,42.497,139.14
2024-05-02,Ukai,43.098,139.415
2024-05-03,Ukai,43.699,139.689
2024-05-04,Ukai,44.3,139.964
2024-05-05,Ukai,44.901,140.239
2024-05-06,Ukai,45.503,140.513
2024-05-07,Ukai,46.104,140.788
2024-05-08,Ukai,46.705,141.063
2024-05-09,Ukai,47.306,141.337
2024-05-10,Ukai,47.907,141.612
2024-05-11,Ukai,48.509,141.887
2024-05-12,Ukai,49.11,142.161
2024-05-13,Ukai,49.711,142.436
2024-05-14,Ukai,50.312,142.711
2024-05-15,Ukai,50.913,142.985
2024-05-16,Ukai,51.515,143.26
2024-05-17,Ukai,52.116,143.535
2024-05-18,Ukai,52.717,143.809
2024-05-19,Ukai,53.318,144.084
2024-05-20,Ukai,53.919,144.359
2024-05-21,Ukai,54.521,144.633
2024-05-22,Ukai,55.122,144.908
2024-05-23,Ukai,55.723,145.183
2024-05-24,Ukai,56.324,145.457
2024-05-25,Ukai,56.926,145.732
2024-05-26,Ukai,57.527,146.007
2024-05-27,Ukai,58.128,146.281
2024-05-28,Ukai,58.729,146.556
2024-05-29,Ukai,59.33,146.831
2024-05-30,Ukai,59.932,147.105
2024-05-31,Ukai,60.533,147.38
2024-06-01,Ukai,61.134,147.655
2024-06-02,Ukai,61.735,147.929
2024-06-03,Ukai,62.336,148.204
2024-06-04,Ukai,62.938,148.479
2024-06-05,Ukai,63.539,148.753
2024-06-06,Ukai,60.195,149.028
2024-06-07,Ukai,56.85,149.303
2024-06-08,Ukai,53.506,149.577
2024-06-09,Ukai,50.162,149.852
2024-06-10,Ukai,46.818,150.127
2024-06-11,Ukai,43.474,150.401
2024-06-12,Ukai,40.13,150.676
2024-06-13,Ukai,36.786,150.951
2024-06-14,Ukai,33.441,151.225
2024-06-15,Ukai,30.097,151.5
2024-06-16,Ukai,26.753,151.775
2024-06-17,Ukai,23.409,152.049
2024-06-18,Ukai,20.065,152.324
2024-06-19,Ukai,16.721,152.599
2024-06-20,Ukai,13.377,152.873
2024-06-21,Ukai,10.032,153.148
2024-06-22,Ukai,6.688,153.423
2024-06-23,Ukai,3.344,153.697
2024-06-24,Ukai,0.0,153.972
2024-06-25,Ukai,128.666,154.247
2024-06-26,Ukai,12.568,154.521
2024-06-27,Ukai,20.62,154.796
2024-06-28,Ukai,21.41,155.071
2024-06-29,Ukai,45.129,155.345
2024-06-30,Ukai,61.339,155.62
2024-07-01,Ukai,10.114,155.895
2024-07-02,Ukai,8.8,156.169
2024-07-03,Ukai,10.859,156.444
2024-07-04,Ukai,9.86,157.268
2024-07-05,Ukai,6.353,158.092
2024-07-06,Ukai,9.005,158.916
2024-07-07,Ukai,8.96,159.74
2024-07-08,Ukai,8.916,160.564
2024-07-09,Ukai,9.959,161.388
2024-07-10,Ukai,7.993,162.212
2024-07-11,Ukai,7.538,163.036
2024-07-12,Ukai,12.489,163.86
2024-07-13,Ukai,48.039,164.684
2024-07-14,Ukai,73.041,165.508
2024-07-15,Ukai,98.044,166.332
2024-07-16,Ukai,62.542,167.156
2024-07-17,Ukai,138.892,167.98
2024-07-18,Ukai,215.241,168.804
2024-07-19,Ukai,154.125,169.628
2024-07-20,Ukai,111.422,170.452
2024-07-21,Ukai,92.47,171.276
2024-07-22,Ukai,73.518,172.1
2024-07-23,Ukai,553.42,172.924
2024-07-24,Ukai,383.516,173.748
2024-07-25,Ukai,477.334,174.572
2024-07-26,Ukai,1028.806,175.396
2024-07-27,Ukai,584.459,176.22
2024-07-28,Ukai,0.0,177.044
2024-07-29,Ukai,2306.976,177.868
2024-07-30,Ukai,2042.996,178.692
2024-07-31,Ukai,1198.722,179.516
2024-08-01,Ukai,964.1,180.34
2024-08-02,Ukai,1361.379,181.164
2024-08-03,Ukai,1088.018,178.505
2024-08-04,Ukai,989.336,175.846
2024-08-05,Ukai,998.25,173.187
2024-08-06,Ukai,861.715,170.528
2024-08-07,Ukai,793.328,167.869
2024-08-08,Ukai,587.044,165.21
2024-08-09,Ukai,578.152,162.551
2024-08-10,Ukai,772.686,159.892
2024-08-11,Ukai,1346.885,157.233
2024-08-12,Ukai,1367.213,154.574
2024-08-13,Ukai,1075.439,151.915
2024-08-14,Ukai,975.097,149.256
2024-08-15,Ukai,882.65,146.597
2024-08-16,Ukai,607.168,143.938
2024-08-17,Ukai,479.041,141.279
2024-08-18,Ukai,532.27,138.62
2024-08-19,Ukai,409.41,135.962
2024-08-20,Ukai,407.718,133.303
2024-08-21,Ukai,616.374,130.644
2024-08-22,Ukai,542.811,127.985
2024-08-23,Ukai,557.026,125.326
2024-08-24,Ukai,519.177,122.667
2024-08-25,Ukai,1214.854,120.008
2024-08-26,Ukai,1368.523,117.349
2024-08-27,Ukai,1113.306,114.69
2024-08-28,Ukai,742.379,112.031
2024-08-29,Ukai,563.182,109.372
2024-08-30,Ukai,402.929,106.713
2024-08-31,Ukai,414.622,104.054
2024-09-01,Ukai,1640.184,101.395
2024-09-02,Ukai,2865.747,98.736
2024-09-03,Ukai,2237.332,96.077
2024-09-04,Ukai,1025.941,93.418
2024-09-05,Ukai,1096.557,90.759
2024-09-06,Ukai,964.386,94.806
2024-09-07,Ukai,841.291,98.854
2024-09-08,Ukai,748.8,102.902
2024-09-09,Ukai,656.31,106.949
2024-09-10,Ukai,1021.298,110.997
2024-09-11,Ukai,778.492,115.044
2024-09-12,Ukai,906.287,119.092
2024-09-13,Ukai,828.301,123.14
2024-09-14,Ukai,547.688,127.187
2024-09-15,Ukai,484.241,131.235
2024-09-16,Ukai,420.793,135.282
2024-09-17,Ukai,357.346,139.33
2024-09-18,Ukai,288.137,143.378
2024-09-19,Ukai,299.249,147.425
2024-09-20,Ukai,285.332,151.473
2024-09-21,Ukai,232.881,155.52
2024-09-22,Ukai,215.171,159.568
2024-09-23,Ukai,197.462,163.616
2024-09-24,Ukai,236.719,167.663
2024-09-25,Ukai,218.742,171.711
2024-09-26,Ukai,244.153,175.758
2024-09-27,Ukai,265.996,179.806
2024-09-28,Ukai,285.398,183.854
2024-09-29,Ukai,261.357,187.901
2024-09-30,Ukai,237.317,191.949
2024-10-01,Ukai,184.98,195.996
2024-10-02,Ukai,177.504,194.848
2024-10-03,Ukai,170.029,193.701
2024-10-04,Ukai,149.01,192.553
2024-10-05,Ukai,125.52,191.405
2024-10-06,Ukai,118.185,190.257
2024-10-07,Ukai,110.85,189.11
2024-10-08,Ukai,99.78,187.962
2024-10-09,Ukai,95.59,186.814
2024-10-10,Ukai,83.487,185.667
2024-10-11,Ukai,111.288,184.519
2024-10-12,Ukai,139.088,183.371
2024-10-13,Ukai,166.889,182.223
2024-10-14,Ukai,194.69,181.076
2024-10-15,Ukai,184.05,179.928
2024-10-16,Ukai,184.05,178.78
2024-10-17,Ukai,134.87,177.632
2024-10-18,Ukai,125.45,176.485
2024-10-19,Ukai,178.87,175.337
2024-10-20,Ukai,360.962,174.189
2024-10-21,Ukai,543.053,173.042
2024-10-22,Ukai,297.17,171.894
2024-10-23,Ukai,202.04,170.746
2024-10-24,Ukai,143.18,169.598
2024-10-25,Ukai,123.32,168.451
2024-10-26,Ukai,106.76,167.303
2024-10-27,Ukai,91.692,166.155
2024-10-28,Ukai,76.623,165.008
2024-10-29,Ukai,71.045,163.86
2024-10-30,Ukai,71.45,162.712
2024-10-31,Ukai,74.576,161.564
2024-11-01,Ukai,77.703,160.417
2024-11-02,Ukai,77.698,159.269
2024-11-03,Ukai,76.968,158.121
2024-11-04,Ukai,76.238,156.974
2024-11-05,Ukai,65.648,155.826
2024-11-06,Ukai,64.613,154.678
2024-11-07,Ukai,65.644,153.53
2024-11-08,Ukai,61.957,152.383
2024-11-09,Ukai,62.361,151.235
2024-11-10,Ukai,56.642,150.087
2024-11-11,Ukai,50.923,148.94
2024-11-12,Ukai,43.59,147.792
2024-11-13,Ukai,40.191,146.644
2024-11-14,Ukai,15.533,145.496
2024-11-15,Ukai,20.402,144.349
2024-11-16,Ukai,25.272,143.201
2024-11-17,Ukai,19.432,142.053
2024-11-18,Ukai,13.592,140.906
2024-11-19,Ukai,9.617,139.758
2024-11-20,Ukai,8.213,138.61
2024-11-21,Ukai,14.667,137.462
2024-11-22,Ukai,6.027,136.315
2024-11-23,Ukai,6.027,135.167
2024-11-24,Ukai,5.563,134.019
2024-11-25,Ukai,5.099,132.871
2024-11-26,Ukai,4.825,131.724
2024-11-27,Ukai,4.619,130.576
2024-11-28,Ukai,5.707,129.428
2024-11-29,Ukai,4.983,128.281
2024-11-30,Ukai,4.781,127.133
2024-12-01,Ukai,9.612,125.985
2024-12-02,Ukai,14.443,124.837
2024-12-03,Ukai,15.537,123.69
2024-12-04,Ukai,10.11,122.542
2024-12-05,Ukai,8.784,122.542
2024-12-06,Ukai,7.558,122.542
2024-12-07,Ukai,7.435,122.542
2024-12-08,Ukai,6.587,122.542
2024-12-09,Ukai,5.739,122.542
2024-12-10,Ukai,5.738,122.542
2024-12-11,Ukai,5.614,122.542
2024-12-12,Ukai,5.946,122.542
2024-12-13,Ukai,5.927,122.542
2024-12-14,Ukai,5.643,122.542
2024-12-15,Ukai,5.048,122.542
2024-12-16,Ukai,4.453,122.542
2024-12-17,Ukai,5.037,122.542
2024-12-18,Ukai,4.383,122.542
2024-12-19,Ukai,4.407,122.542
2024-12-20,Ukai,4.531,122.542
2024-12-21,Ukai,5.401,122.542
2024-12-22,Ukai,5.525,122.542
2024-12-23,Ukai,5.648,122.542
2024-12-24,Ukai,5.01,122.542
2024-12-25,Ukai,5.064,122.542
2024-12-26,Ukai,5.118,122.542
2024-12-27,Ukai,5.512,122.542
2024-12-28,Ukai,5.578,122.542
2024-12-29,Ukai,5.13,122.542
2024-12-30,Ukai,5.547,122.542
2024-12-31,Ukai,5.592,122.542
